text,labels,primary_label,lang,tag,role,model_input,template_id,source,y_confirmshaming,y_false_urgency,y_forced_action,y_obstruction,y_scarcity,y_sneaking,y_social_proof,y_benign
Low stock: only 8 units of denim jeans,scarcity,scarcity,en,div,badge,[TAG=div] [ROLE=badge] Low stock: only 8 units of denim jeans,scarcity:en:03,synthetic_v1,0,0,0,0,1,0,0,0
Only 5 rooms left in Pokhara,scarcity,scarcity,en,span,stock,[TAG=span] [ROLE=stock] Only 5 rooms left in Pokhara,scarcity:en:05,synthetic_v1,0,0,0,0,1,0,0,0
Gyapu हैदराबाद गोदाम: 8 राइस कुकर शेष,scarcity,scarcity,hi,span,stock,[TAG=span] [ROLE=stock] Gyapu हैदराबाद गोदाम: 8 राइस कुकर शेष,scarcity:hi:19,synthetic_v1,0,0,0,0,1,0,0,0
Zepto: बेंगलुरु के लिए 3 इकाई बचीं,scarcity,scarcity,hi,span,stock,[TAG=span] [ROLE=stock] Zepto: बेंगलुरु के लिए 3 इकाई बचीं,scarcity:hi:16,synthetic_v1,0,0,0,0,1,0,0,0
"1,024 people bought this today, stock running out",scarcity|social_proof,scarcity,en,span,stock,"[TAG=span] [ROLE=stock] 1,024 people bought this today, stock running out",scarcity:en:07,synthetic_v1,0,0,0,0,1,0,1,0
Pepperfry: 2 units left for Mumbai,scarcity,scarcity,en,p,promo,[TAG=p] [ROLE=promo] Pepperfry: 2 units left for Mumbai,scarcity:en:16,synthetic_v1,0,0,0,0,1,0,0,0
भारी मांग — डेनिम जींस की सीमित मात्रा,scarcity,scarcity,hi,div,badge,[TAG=div] [ROLE=badge] भारी मांग — डेनिम जींस की सीमित मात्रा,scarcity:hi:06,synthetic_v1,0,0,0,0,1,0,0,0
"जल्दी करें, दिल्ली गोदाम में 12 इलेक्ट्रिक केटल बचे",scarcity,scarcity,hi,div,badge,"[TAG=div] [ROLE=badge] जल्दी करें, दिल्ली गोदाम में 12 इलेक्ट्रिक केटल बचे",scarcity:hi:13,synthetic_v1,0,0,0,0,1,0,0,0
Only 1 phone case left at Meesho,scarcity,scarcity,en,span,stock,[TAG=span] [ROLE=stock] Only 1 phone case left at Meesho,scarcity:en:15,synthetic_v1,0,0,0,0,1,0,0,0
मुंबई में केवल 1 कमरे बचे,scarcity,scarcity,hi,p,promo,[TAG=p] [ROLE=promo] मुंबई में केवल 1 कमरे बचे,scarcity:hi:05,synthetic_v1,0,0,0,0,1,0,0,0
Myntra पर स्टडी लैंप का 40% स्टॉक बिक चुका,scarcity,scarcity,hi,div,badge,[TAG=div] [ROLE=badge] Myntra पर स्टडी लैंप का 40% स्टॉक बिक चुका,scarcity:hi:18,synthetic_v1,0,0,0,0,1,0,0,0
Only 6 rooms left in Patna,scarcity,scarcity,en,p,promo,[TAG=p] [ROLE=promo] Only 6 rooms left in Patna,scarcity:en:05,synthetic_v1,0,0,0,0,1,0,0,0
60% of denim jeans stock already sold at Amazon,scarcity,scarcity,en,span,stock,[TAG=span] [ROLE=stock] 60% of denim jeans stock already sold at Amazon,scarcity:en:18,synthetic_v1,0,0,0,0,1,0,0,0
FirstCry: सूरत के लिए 10 इकाई बचीं,scarcity,scarcity,hi,span,stock,[TAG=span] [ROLE=stock] FirstCry: सूरत के लिए 10 इकाई बचीं,scarcity:hi:16,synthetic_v1,0,0,0,0,1,0,0,0
"छिटो गर्नुहोस्, जनकपुर गोदाममा 3 एयर फ्रायर बाँकी",scarcity,scarcity,ne,span,stock,"[TAG=span] [ROLE=stock] छिटो गर्नुहोस्, जनकपुर गोदाममा 3 एयर फ्रायर बाँकी",scarcity:ne:13,synthetic_v1,0,0,0,0,1,0,0,0
Reliance Digital: भक्तपुर का लागि 8 थान बाँकी,scarcity,scarcity,ne,p,promo,[TAG=p] [ROLE=promo] Reliance Digital: भक्तपुर का लागि 8 थान बाँकी,scarcity:ne:16,synthetic_v1,0,0,0,0,1,0,0,0
Gyapu चंडीगढ़ गोदाम: 6 स्कूल बैग शेष,scarcity,scarcity,hi,div,badge,[TAG=div] [ROLE=badge] Gyapu चंडीगढ़ गोदाम: 6 स्कूल बैग शेष,scarcity:hi:19,synthetic_v1,0,0,0,0,1,0,0,0
Only 10 rooms left in Butwal,scarcity,scarcity,en,div,badge,[TAG=div] [ROLE=badge] Only 10 rooms left in Butwal,scarcity:en:05,synthetic_v1,0,0,0,0,1,0,0,0
Daraz पर स्टडी लैंप का 35% स्टॉक बिक चुका,scarcity,scarcity,hi,div,badge,[TAG=div] [ROLE=badge] Daraz पर स्टडी लैंप का 35% स्टॉक बिक चुका,scarcity:hi:18,synthetic_v1,0,0,0,0,1,0,0,0
"आज 1,340 जनाले किन्नुभयो, स्टक सकिँदै",scarcity|social_proof,scarcity,ne,p,promo,"[TAG=p] [ROLE=promo] आज 1,340 जनाले किन्नुभयो, स्टक सकिँदै",scarcity:ne:07,synthetic_v1,0,0,0,0,1,0,1,0
Only 9 left at Rs. 49,scarcity,scarcity,en,p,promo,[TAG=p] [ROLE=promo] Only 9 left at Rs. 49,scarcity:en:10,synthetic_v1,0,0,0,0,1,0,0,0
Muncha: ललितपुर का लागि 8 थान बाँकी,scarcity,scarcity,ne,p,promo,[TAG=p] [ROLE=promo] Muncha: ललितपुर का लागि 8 थान बाँकी,scarcity:ne:16,synthetic_v1,0,0,0,0,1,0,0,0
"आज 402 जनाले किन्नुभयो, स्टक सकिँदै",scarcity|social_proof,scarcity,ne,div,badge,"[TAG=div] [ROLE=badge] आज 402 जनाले किन्नुभयो, स्टक सकिँदै",scarcity:ne:07,synthetic_v1,0,0,0,0,1,0,1,0
उच्च माग — पावर ब्यांक को सीमित परिमाण,scarcity,scarcity,ne,div,badge,[TAG=div] [ROLE=badge] उच्च माग — पावर ब्यांक को सीमित परिमाण,scarcity:ne:06,synthetic_v1,0,0,0,0,1,0,0,0
Last 4 formal shirt at Rs. 799,scarcity,scarcity,en,div,badge,[TAG=div] [ROLE=badge] Last 4 formal shirt at Rs. 799,scarcity:en:17,synthetic_v1,0,0,0,0,1,0,0,0
Only 3 bluetooth speaker left at Myntra,scarcity,scarcity,en,p,promo,[TAG=p] [ROLE=promo] Only 3 bluetooth speaker left at Myntra,scarcity:en:15,synthetic_v1,0,0,0,0,1,0,0,0
Kinbech मा 4 फर्मल सर्ट मात्र बाँकी,scarcity,scarcity,ne,p,promo,[TAG=p] [ROLE=promo] Kinbech मा 4 फर्मल सर्ट मात्र बाँकी,scarcity:ne:15,synthetic_v1,0,0,0,0,1,0,0,0
अहमदाबाद में केवल 8 कमरे बचे,scarcity,scarcity,hi,p,promo,[TAG=p] [ROLE=promo] अहमदाबाद में केवल 8 कमरे बचे,scarcity:hi:05,synthetic_v1,0,0,0,0,1,0,0,0
"आज 247 जनाले किन्नुभयो, स्टक सकिँदै",scarcity|social_proof,scarcity,ne,div,badge,"[TAG=div] [ROLE=badge] आज 247 जनाले किन्नुभयो, स्टक सकिँदै",scarcity:ne:07,synthetic_v1,0,0,0,0,1,0,1,0
इस दाम पर केवल 1 सर्दी का कंबल उपलब्ध,scarcity,scarcity,hi,p,promo,[TAG=p] [ROLE=promo] इस दाम पर केवल 1 सर्दी का कंबल उपलब्ध,scarcity:hi:01,synthetic_v1,0,0,0,0,1,0,0,0
High demand — limited units of air fryer,scarcity,scarcity,en,span,stock,[TAG=span] [ROLE=stock] High demand — limited units of air fryer,scarcity:en:06,synthetic_v1,0,0,0,0,1,0,0,0
10 मात्र बाँकी — 10% छुट चाँडै सकिन्छ,scarcity|false_urgency,scarcity,ne,span,stock,[TAG=span] [ROLE=stock] 10 मात्र बाँकी — 10% छुट चाँडै सकिन्छ,scarcity:ne:12,synthetic_v1,0,1,0,0,1,0,0,0
Low stock: only 12 units of school bag,scarcity,scarcity,en,p,promo,[TAG=p] [ROLE=promo] Low stock: only 12 units of school bag,scarcity:en:03,synthetic_v1,0,0,0,0,1,0,0,0
Last 5 backpack at Rs. 349,scarcity,scarcity,en,p,promo,[TAG=p] [ROLE=promo] Last 5 backpack at Rs. 349,scarcity:en:17,synthetic_v1,0,0,0,0,1,0,0,0
"1,765 people bought this today, stock running out",scarcity|social_proof,scarcity,en,p,promo,"[TAG=p] [ROLE=promo] 1,765 people bought this today, stock running out",scarcity:en:07,synthetic_v1,0,0,0,0,1,0,1,0
"जल्दी करें, दिल्ली गोदाम में 5 लैपटॉप बैग बचे",scarcity,scarcity,hi,div,badge,"[TAG=div] [ROLE=badge] जल्दी करें, दिल्ली गोदाम में 5 लैपटॉप बैग बचे",scarcity:hi:13,synthetic_v1,0,0,0,0,1,0,0,0
8 मात्र बाँकी — 80% छुट चाँडै सकिन्छ,scarcity|false_urgency,scarcity,ne,p,promo,[TAG=p] [ROLE=promo] 8 मात्र बाँकी — 80% छुट चाँडै सकिन्छ,scarcity:ne:12,synthetic_v1,0,1,0,0,1,0,0,0
"छिटो गर्नुहोस्, वीरगन्ज गोदाममा 2 कफी मेकर बाँकी",scarcity,scarcity,ne,p,promo,"[TAG=p] [ROLE=promo] छिटो गर्नुहोस्, वीरगन्ज गोदाममा 2 कफी मेकर बाँकी",scarcity:ne:13,synthetic_v1,0,0,0,0,1,0,0,0
काठमाडौँ मा 7 कोठा मात्र बाँकी,scarcity,scarcity,ne,span,stock,[TAG=span] [ROLE=stock] काठमाडौँ मा 7 कोठा मात्र बाँकी,scarcity:ne:05,synthetic_v1,0,0,0,0,1,0,0,0
कम स्टक: योगा म्याट को 3 थान मात्र,scarcity,scarcity,ne,p,promo,[TAG=p] [ROLE=promo] कम स्टक: योगा म्याट को 3 थान मात्र,scarcity:ne:03,synthetic_v1,0,0,0,0,1,0,0,0
इस दाम पर केवल 12 डेनिम जींस उपलब्ध,scarcity,scarcity,hi,p,promo,[TAG=p] [ROLE=promo] इस दाम पर केवल 12 डेनिम जींस उपलब्ध,scarcity:hi:01,synthetic_v1,0,0,0,0,1,0,0,0
कम स्टक: एयर फ्रायर को 8 थान मात्र,scarcity,scarcity,ne,p,promo,[TAG=p] [ROLE=promo] कम स्टक: एयर फ्रायर को 8 थान मात्र,scarcity:ne:03,synthetic_v1,0,0,0,0,1,0,0,0
Low stock: only 6 units of rice cooker,scarcity,scarcity,en,div,badge,[TAG=div] [ROLE=badge] Low stock: only 6 units of rice cooker,scarcity:en:03,synthetic_v1,0,0,0,0,1,0,0,0
"आज 512 जनाले किन्नुभयो, स्टक सकिँदै",scarcity|social_proof,scarcity,ne,div,badge,"[TAG=div] [ROLE=badge] आज 512 जनाले किन्नुभयो, स्टक सकिँदै",scarcity:ne:07,synthetic_v1,0,0,0,0,1,0,1,0
Thulo मा नोइज क्यान्सलिङ हेडफोन को 5% स्टक बिक्री भइसक्यो,scarcity,scarcity,ne,p,promo,[TAG=p] [ROLE=promo] Thulo मा नोइज क्यान्सलिङ हेडफोन को 5% स्टक बिक्री भइसक्यो,scarcity:ne:18,synthetic_v1,0,0,0,0,1,0,0,0
Lenskart मा 6 कफी मेकर मात्र बाँकी,scarcity,scarcity,ne,span,stock,[TAG=span] [ROLE=stock] Lenskart मा 6 कफी मेकर मात्र बाँकी,scarcity:ne:15,synthetic_v1,0,0,0,0,1,0,0,0
रु. 399 पर आख़िरी 6 फॉर्मल शर्ट,scarcity,scarcity,hi,span,stock,[TAG=span] [ROLE=stock] रु. 399 पर आख़िरी 6 फॉर्मल शर्ट,scarcity:hi:17,synthetic_v1,0,0,0,0,1,0,0,0
यो मूल्यमा 12 योगा म्याट मात्र उपलब्ध,scarcity,scarcity,ne,div,badge,[TAG=div] [ROLE=badge] यो मूल्यमा 12 योगा म्याट मात्र उपलब्ध,scarcity:ne:01,synthetic_v1,0,0,0,0,1,0,0,0
सीमित संस्करण हेयर ड्रायर — स्टक रहेसम्म,scarcity,scarcity,ne,span,stock,[TAG=span] [ROLE=stock] सीमित संस्करण हेयर ड्रायर — स्टक रहेसम्म,scarcity:ne:09,synthetic_v1,0,0,0,0,1,0,0,0
Only 1 left — 5% off ends soon,scarcity|false_urgency,scarcity,en,div,badge,[TAG=div] [ROLE=badge] Only 1 left — 5% off ends soon,scarcity:en:12,synthetic_v1,0,1,0,0,1,0,0,0
रु. 199 मा 1 मात्र बाँकी,scarcity,scarcity,ne,div,badge,[TAG=div] [ROLE=badge] रु. 199 मा 1 मात्र बाँकी,scarcity:ne:10,synthetic_v1,0,0,0,0,1,0,0,0
"आज 112 जनाले किन्नुभयो, स्टक सकिँदै",scarcity|social_proof,scarcity,ne,p,promo,"[TAG=p] [ROLE=promo] आज 112 जनाले किन्नुभयो, स्टक सकिँदै",scarcity:ne:07,synthetic_v1,0,0,0,0,1,0,1,0
Only 8 left at Rs. 699,scarcity,scarcity,en,div,badge,[TAG=div] [ROLE=badge] Only 8 left at Rs. 699,scarcity:en:10,synthetic_v1,0,0,0,0,1,0,0,0
Only 6 left — 35% off ends soon,scarcity|false_urgency,scarcity,en,span,stock,[TAG=span] [ROLE=stock] Only 6 left — 35% off ends soon,scarcity:en:12,synthetic_v1,0,1,0,0,1,0,0,0
80% of electric kettle stock already sold at Muncha,scarcity,scarcity,en,div,badge,[TAG=div] [ROLE=badge] 80% of electric kettle stock already sold at Muncha,scarcity:en:18,synthetic_v1,0,0,0,0,1,0,0,0
अन्तिम 5 थान उपलब्ध,scarcity,scarcity,ne,div,badge,[TAG=div] [ROLE=badge] अन्तिम 5 थान उपलब्ध,scarcity:ne:04,synthetic_v1,0,0,0,0,1,0,0,0
कम स्टॉक: स्टडी लैंप की केवल 5 इकाई,scarcity,scarcity,hi,p,promo,[TAG=p] [ROLE=promo] कम स्टॉक: स्टडी लैंप की केवल 5 इकाई,scarcity:hi:03,synthetic_v1,0,0,0,0,1,0,0,0
Thulo पर पानी की बोतल का 5% स्टॉक बिक चुका,scarcity,scarcity,hi,span,stock,[TAG=span] [ROLE=stock] Thulo पर पानी की बोतल का 5% स्टॉक बिक चुका,scarcity:hi:18,synthetic_v1,0,0,0,0,1,0,0,0
आगरा में केवल 10 कमरे बचे,scarcity,scarcity,hi,span,stock,[TAG=span] [ROLE=stock] आगरा में केवल 10 कमरे बचे,scarcity:hi:05,synthetic_v1,0,0,0,0,1,0,0,0
भारी मांग — लैपटॉप बैग की सीमित मात्रा,scarcity,scarcity,hi,p,promo,[TAG=p] [ROLE=promo] भारी मांग — लैपटॉप बैग की सीमित मात्रा,scarcity:hi:06,synthetic_v1,0,0,0,0,1,0,0,0
Only 9 winter blanket left at Reliance Digital,scarcity,scarcity,en,span,stock,[TAG=span] [ROLE=stock] Only 9 winter blanket left at Reliance Digital,scarcity:en:15,synthetic_v1,0,0,0,0,1,0,0,0
कम स्टक: कफी मेकर को 3 थान मात्र,scarcity,scarcity,ne,span,stock,[TAG=span] [ROLE=stock] कम स्टक: कफी मेकर को 3 थान मात्र,scarcity:ne:03,synthetic_v1,0,0,0,0,1,0,0,0
"Only 4 left at Rs. 1,499",scarcity,scarcity,en,div,badge,"[TAG=div] [ROLE=badge] Only 4 left at Rs. 1,499",scarcity:en:10,synthetic_v1,0,0,0,0,1,0,0,0
इस दाम पर केवल 4 स्पोर्ट्स सैंडल उपलब्ध,scarcity,scarcity,hi,div,badge,[TAG=div] [ROLE=badge] इस दाम पर केवल 4 स्पोर्ट्स सैंडल उपलब्ध,scarcity:hi:01,synthetic_v1,0,0,0,0,1,0,0,0
SastoDeal पर केवल 12 फोन कवर बचे,scarcity,scarcity,hi,div,badge,[TAG=div] [ROLE=badge] SastoDeal पर केवल 12 फोन कवर बचे,scarcity:hi:15,synthetic_v1,0,0,0,0,1,0,0,0
Daraz: चंडीगढ़ के लिए 9 इकाई बचीं,scarcity,scarcity,hi,span,stock,[TAG=span] [ROLE=stock] Daraz: चंडीगढ़ के लिए 9 इकाई बचीं,scarcity:hi:16,synthetic_v1,0,0,0,0,1,0,0,0
रु. 349 मा 7 मात्र बाँकी,scarcity,scarcity,ne,div,badge,[TAG=div] [ROLE=badge] रु. 349 मा 7 मात्र बाँकी,scarcity:ne:10,synthetic_v1,0,0,0,0,1,0,0,0
"छिटो गर्नुहोस्, हेटौंडा गोदाममा 9 ल्यापटप ब्याग बाँकी",scarcity,scarcity,ne,div,badge,"[TAG=div] [ROLE=badge] छिटो गर्नुहोस्, हेटौंडा गोदाममा 9 ल्यापटप ब्याग बाँकी",scarcity:ne:13,synthetic_v1,0,0,0,0,1,0,0,0
Only 6 left in stock!,scarcity,scarcity,en,span,stock,[TAG=span] [ROLE=stock] Only 6 left in stock!,scarcity:en:00,synthetic_v1,0,0,0,0,1,0,0,0
केवल 3 बचे — 20% छूट जल्द खत्म,scarcity|false_urgency,scarcity,hi,span,stock,[TAG=span] [ROLE=stock] केवल 3 बचे — 20% छूट जल्द खत्म,scarcity:hi:12,synthetic_v1,0,1,0,0,1,0,0,0
ललितपुर मा 4 कोठा मात्र बाँकी,scarcity,scarcity,ne,div,badge,[TAG=div] [ROLE=badge] ललितपुर मा 4 कोठा मात्र बाँकी,scarcity:ne:05,synthetic_v1,0,0,0,0,1,0,0,0
"Hurry, 1 hair dryer left in Pokhara warehouse",scarcity,scarcity,en,div,badge,"[TAG=div] [ROLE=badge] Hurry, 1 hair dryer left in Pokhara warehouse",scarcity:en:13,synthetic_v1,0,0,0,0,1,0,0,0
Only 12 phone case left at Myntra,scarcity,scarcity,en,div,badge,[TAG=div] [ROLE=badge] Only 12 phone case left at Myntra,scarcity:en:15,synthetic_v1,0,0,0,0,1,0,0,0
Kinbech इंदौर गोदाम: 5 सर्दी का कंबल शेष,scarcity,scarcity,hi,div,badge,[TAG=div] [ROLE=badge] Kinbech इंदौर गोदाम: 5 सर्दी का कंबल शेष,scarcity:hi:19,synthetic_v1,0,0,0,0,1,0,0,0
12 मात्र बाँकी — 5% छुट चाँडै सकिन्छ,scarcity|false_urgency,scarcity,ne,span,stock,[TAG=span] [ROLE=stock] 12 मात्र बाँकी — 5% छुट चाँडै सकिन्छ,scarcity:ne:12,synthetic_v1,0,1,0,0,1,0,0,0
उच्च माग — ट्रेकिङ ज्याकेट को सीमित परिमाण,scarcity,scarcity,ne,span,stock,[TAG=span] [ROLE=stock] उच्च माग — ट्रेकिङ ज्याकेट को सीमित परिमाण,scarcity:ne:06,synthetic_v1,0,0,0,0,1,0,0,0
Last 6 denim jeans at Rs. 299,scarcity,scarcity,en,div,badge,[TAG=div] [ROLE=badge] Last 6 denim jeans at Rs. 299,scarcity:en:17,synthetic_v1,0,0,0,0,1,0,0,0
उच्च माग — इन्डक्सन चुल्हो को सीमित परिमाण,scarcity,scarcity,ne,p,promo,[TAG=p] [ROLE=promo] उच्च माग — इन्डक्सन चुल्हो को सीमित परिमाण,scarcity:ne:06,synthetic_v1,0,0,0,0,1,0,0,0
Only 3 rooms left in Butwal,scarcity,scarcity,en,span,stock,[TAG=span] [ROLE=stock] Only 3 rooms left in Butwal,scarcity:en:05,synthetic_v1,0,0,0,0,1,0,0,0
SastoDeal: लखनऊ के लिए 9 इकाई बचीं,scarcity,scarcity,hi,div,badge,[TAG=div] [ROLE=badge] SastoDeal: लखनऊ के लिए 9 इकाई बचीं,scarcity:hi:16,synthetic_v1,0,0,0,0,1,0,0,0
Kinbech पर प्रोटीन पाउडर का 15% स्टॉक बिक चुका,scarcity,scarcity,hi,span,stock,[TAG=span] [ROLE=stock] Kinbech पर प्रोटीन पाउडर का 15% स्टॉक बिक चुका,scarcity:hi:18,synthetic_v1,0,0,0,0,1,0,0,0
कम स्टक: फेस वास को 10 थान मात्र,scarcity,scarcity,ne,div,badge,[TAG=div] [ROLE=badge] कम स्टक: फेस वास को 10 थान मात्र,scarcity:ne:03,synthetic_v1,0,0,0,0,1,0,0,0
कम स्टॉक: इलेक्ट्रिक केटल की केवल 8 इकाई,scarcity,scarcity,hi,span,stock,[TAG=span] [ROLE=stock] कम स्टॉक: इलेक्ट्रिक केटल की केवल 8 इकाई,scarcity:hi:03,synthetic_v1,0,0,0,0,1,0,0,0
Ajio: 3 units left for Chitwan,scarcity,scarcity,en,span,stock,[TAG=span] [ROLE=stock] Ajio: 3 units left for Chitwan,scarcity:en:16,synthetic_v1,0,0,0,0,1,0,0,0
Only 12 denim jeans left at Lenskart,scarcity,scarcity,en,span,stock,[TAG=span] [ROLE=stock] Only 12 denim jeans left at Lenskart,scarcity:en:15,synthetic_v1,0,0,0,0,1,0,0,0
ललितपुर मा 2 कोठा मात्र बाँकी,scarcity,scarcity,ne,span,stock,[TAG=span] [ROLE=stock] ललितपुर मा 2 कोठा मात्र बाँकी,scarcity:ne:05,synthetic_v1,0,0,0,0,1,0,0,0
रु. 449 पर केवल 12 बचे,scarcity,scarcity,hi,div,badge,[TAG=div] [ROLE=badge] रु. 449 पर केवल 12 बचे,scarcity:hi:10,synthetic_v1,0,0,0,0,1,0,0,0
Amazon: जयपुर के लिए 4 इकाई बचीं,scarcity,scarcity,hi,p,promo,[TAG=p] [ROLE=promo] Amazon: जयपुर के लिए 4 इकाई बचीं,scarcity:hi:16,synthetic_v1,0,0,0,0,1,0,0,0
कम स्टॉक: नॉइज़ कैंसलिंग हेडफोन की केवल 12 इकाई,scarcity,scarcity,hi,p,promo,[TAG=p] [ROLE=promo] कम स्टॉक: नॉइज़ कैंसलिंग हेडफोन की केवल 12 इकाई,scarcity:hi:03,synthetic_v1,0,0,0,0,1,0,0,0
इस दाम पर केवल 10 वायरलेस ईयरबड्स उपलब्ध,scarcity,scarcity,hi,p,promo,[TAG=p] [ROLE=promo] इस दाम पर केवल 10 वायरलेस ईयरबड्स उपलब्ध,scarcity:hi:01,synthetic_v1,0,0,0,0,1,0,0,0
Only 1 left — 25% off ends soon,scarcity|false_urgency,scarcity,en,span,stock,[TAG=span] [ROLE=stock] Only 1 left — 25% off ends soon,scarcity:en:12,synthetic_v1,0,1,0,0,1,0,0,0
रु. 349 मा 10 मात्र बाँकी,scarcity,scarcity,ne,div,badge,[TAG=div] [ROLE=badge] रु. 349 मा 10 मात्र बाँकी,scarcity:ne:10,synthetic_v1,0,0,0,0,1,0,0,0
Only 12 rooms left in Pune,scarcity,scarcity,en,p,promo,[TAG=p] [ROLE=promo] Only 12 rooms left in Pune,scarcity:en:05,synthetic_v1,0,0,0,0,1,0,0,0
Only 1 gaming mouse left at JioMart,scarcity,scarcity,en,div,badge,[TAG=div] [ROLE=badge] Only 1 gaming mouse left at JioMart,scarcity:en:15,synthetic_v1,0,0,0,0,1,0,0,0
पोखरा मा 5 कोठा मात्र बाँकी,scarcity,scarcity,ne,div,badge,[TAG=div] [ROLE=badge] पोखरा मा 5 कोठा मात्र बाँकी,scarcity:ne:05,synthetic_v1,0,0,0,0,1,0,0,0
"जल्दी करें, हैदराबाद गोदाम में 3 फॉर्मल शर्ट बचे",scarcity,scarcity,hi,div,badge,"[TAG=div] [ROLE=badge] जल्दी करें, हैदराबाद गोदाम में 3 फॉर्मल शर्ट बचे",scarcity:hi:13,synthetic_v1,0,0,0,0,1,0,0,0
Croma मा ल्यापटप ब्याग को 35% स्टक बिक्री भइसक्यो,scarcity,scarcity,ne,p,promo,[TAG=p] [ROLE=promo] Croma मा ल्यापटप ब्याग को 35% स्टक बिक्री भइसक्यो,scarcity:ne:18,synthetic_v1,0,0,0,0,1,0,0,0
1 मात्र बाँकी — 40% छुट चाँडै सकिन्छ,scarcity|false_urgency,scarcity,ne,div,badge,[TAG=div] [ROLE=badge] 1 मात्र बाँकी — 40% छुट चाँडै सकिन्छ,scarcity:ne:12,synthetic_v1,0,1,0,0,1,0,0,0
Low stock: only 4 units of rice cooker,scarcity,scarcity,en,span,stock,[TAG=span] [ROLE=stock] Low stock: only 4 units of rice cooker,scarcity:en:03,synthetic_v1,0,0,0,0,1,0,0,0
केवल 7 बचे — 70% छूट जल्द खत्म,scarcity|false_urgency,scarcity,hi,span,stock,[TAG=span] [ROLE=stock] केवल 7 बचे — 70% छूट जल्द खत्म,scarcity:hi:12,synthetic_v1,0,1,0,0,1,0,0,0
SastoDeal चितवन गोदाम: 3 राइस कुकर बाँकी,scarcity,scarcity,ne,div,badge,[TAG=div] [ROLE=badge] SastoDeal चितवन गोदाम: 3 राइस कुकर बाँकी,scarcity:ne:19,synthetic_v1,0,0,0,0,1,0,0,0
Croma पटना गोदाम: 8 स्पोर्ट्स सैंडल शेष,scarcity,scarcity,hi,p,promo,[TAG=p] [ROLE=promo] Croma पटना गोदाम: 8 स्पोर्ट्स सैंडल शेष,scarcity:hi:19,synthetic_v1,0,0,0,0,1,0,0,0
सीमित संस्करण राइस कुकर — जब तक स्टॉक,scarcity,scarcity,hi,div,badge,[TAG=div] [ROLE=badge] सीमित संस्करण राइस कुकर — जब तक स्टॉक,scarcity:hi:09,synthetic_v1,0,0,0,0,1,0,0,0
"766 people bought this today, stock running out",scarcity|social_proof,scarcity,en,div,badge,"[TAG=div] [ROLE=badge] 766 people bought this today, stock running out",scarcity:en:07,synthetic_v1,0,0,0,0,1,0,1,0
"रु. 1,499 पर केवल 1 बचे",scarcity,scarcity,hi,p,promo,"[TAG=p] [ROLE=promo] रु. 1,499 पर केवल 1 बचे",scarcity:hi:10,synthetic_v1,0,0,0,0,1,0,0,0
सीमित संस्करण ब्लूटूथ स्पीकर — जब तक स्टॉक,scarcity,scarcity,hi,div,badge,[TAG=div] [ROLE=badge] सीमित संस्करण ब्लूटूथ स्पीकर — जब तक स्टॉक,scarcity:hi:09,synthetic_v1,0,0,0,0,1,0,0,0
Salesberry: रांची के लिए 12 इकाई बचीं,scarcity,scarcity,hi,div,badge,[TAG=div] [ROLE=badge] Salesberry: रांची के लिए 12 इकाई बचीं,scarcity:hi:16,synthetic_v1,0,0,0,0,1,0,0,0
Muncha वाराणसी गोदाम: 2 स्मार्टवॉच शेष,scarcity,scarcity,hi,div,badge,[TAG=div] [ROLE=badge] Muncha वाराणसी गोदाम: 2 स्मार्टवॉच शेष,scarcity:hi:19,synthetic_v1,0,0,0,0,1,0,0,0
Only 6 left — 15% off ends soon,scarcity|false_urgency,scarcity,en,p,promo,[TAG=p] [ROLE=promo] Only 6 left — 15% off ends soon,scarcity:en:12,synthetic_v1,0,1,0,0,1,0,0,0
Blinkit पर फेस वॉश का 20% स्टॉक बिक चुका,scarcity,scarcity,hi,div,badge,[TAG=div] [ROLE=badge] Blinkit पर फेस वॉश का 20% स्टॉक बिक चुका,scarcity:hi:18,synthetic_v1,0,0,0,0,1,0,0,0
इस दाम पर केवल 2 फॉर्मल शर्ट उपलब्ध,scarcity,scarcity,hi,div,badge,[TAG=div] [ROLE=badge] इस दाम पर केवल 2 फॉर्मल शर्ट उपलब्ध,scarcity:hi:01,synthetic_v1,0,0,0,0,1,0,0,0
Ajio बाँके गोदाम: 9 डेनिम जिन्स बाँकी,scarcity,scarcity,ne,p,promo,[TAG=p] [ROLE=promo] Ajio बाँके गोदाम: 9 डेनिम जिन्स बाँकी,scarcity:ne:19,synthetic_v1,0,0,0,0,1,0,0,0
Snapdeal Butwal warehouse: 3 yoga mat remaining,scarcity,scarcity,en,span,stock,[TAG=span] [ROLE=stock] Snapdeal Butwal warehouse: 3 yoga mat remaining,scarcity:en:19,synthetic_v1,0,0,0,0,1,0,0,0
Low stock: only 10 units of electric kettle,scarcity,scarcity,en,div,badge,[TAG=div] [ROLE=badge] Low stock: only 10 units of electric kettle,scarcity:en:03,synthetic_v1,0,0,0,0,1,0,0,0
Limited edition yoga mat — while supplies last,scarcity,scarcity,en,div,badge,[TAG=div] [ROLE=badge] Limited edition yoga mat — while supplies last,scarcity:en:09,synthetic_v1,0,0,0,0,1,0,0,0
कम स्टॉक: सर्दी का कंबल की केवल 1 इकाई,scarcity,scarcity,hi,span,stock,[TAG=span] [ROLE=stock] कम स्टॉक: सर्दी का कंबल की केवल 1 इकाई,scarcity:hi:03,synthetic_v1,0,0,0,0,1,0,0,0
Croma पर केवल 6 इंडक्शन चूल्हा बचे,scarcity,scarcity,hi,p,promo,[TAG=p] [ROLE=promo] Croma पर केवल 6 इंडक्शन चूल्हा बचे,scarcity:hi:15,synthetic_v1,0,0,0,0,1,0,0,0
"जल्दी करें, लखनऊ गोदाम में 1 ब्लूटूथ स्पीकर बचे",scarcity,scarcity,hi,div,badge,"[TAG=div] [ROLE=badge] जल्दी करें, लखनऊ गोदाम में 1 ब्लूटूथ स्पीकर बचे",scarcity:hi:13,synthetic_v1,0,0,0,0,1,0,0,0
Ajio पर फोन कवर का 70% स्टॉक बिक चुका,scarcity,scarcity,hi,div,badge,[TAG=div] [ROLE=badge] Ajio पर फोन कवर का 70% स्टॉक बिक चुका,scarcity:hi:18,synthetic_v1,0,0,0,0,1,0,0,0
Snapdeal मा नोइज क्यान्सलिङ हेडफोन को 70% स्टक बिक्री भइसक्यो,scarcity,scarcity,ne,div,badge,[TAG=div] [ROLE=badge] Snapdeal मा नोइज क्यान्सलिङ हेडफोन को 70% स्टक बिक्री भइसक्यो,scarcity:ne:18,synthetic_v1,0,0,0,0,1,0,0,0
कोलकाता में केवल 3 कमरे बचे,scarcity,scarcity,hi,p,promo,[TAG=p] [ROLE=promo] कोलकाता में केवल 3 कमरे बचे,scarcity:hi:05,synthetic_v1,0,0,0,0,1,0,0,0
"Only 7 left at Rs. 1,199",scarcity,scarcity,en,div,badge,"[TAG=div] [ROLE=badge] Only 7 left at Rs. 1,199",scarcity:en:10,synthetic_v1,0,0,0,0,1,0,0,0
कोलकाता में केवल 9 कमरे बचे,scarcity,scarcity,hi,div,badge,[TAG=div] [ROLE=badge] कोलकाता में केवल 9 कमरे बचे,scarcity:hi:05,synthetic_v1,0,0,0,0,1,0,0,0
"आज 4,265 जनाले किन्नुभयो, स्टक सकिँदै",scarcity|social_proof,scarcity,ne,span,stock,"[TAG=span] [ROLE=stock] आज 4,265 जनाले किन्नुभयो, स्टक सकिँदै",scarcity:ne:07,synthetic_v1,0,0,0,0,1,0,1,0
Limited edition coffee maker — while supplies last,scarcity,scarcity,en,span,stock,[TAG=span] [ROLE=stock] Limited edition coffee maker — while supplies last,scarcity:en:09,synthetic_v1,0,0,0,0,1,0,0,0
Zepto अहमदाबाद गोदाम: 3 लैपटॉप बैग शेष,scarcity,scarcity,hi,p,promo,[TAG=p] [ROLE=promo] Zepto अहमदाबाद गोदाम: 3 लैपटॉप बैग शेष,scarcity:hi:19,synthetic_v1,0,0,0,0,1,0,0,0
हेटौंडा मा 4 कोठा मात्र बाँकी,scarcity,scarcity,ne,span,stock,[TAG=span] [ROLE=stock] हेटौंडा मा 4 कोठा मात्र बाँकी,scarcity:ne:05,synthetic_v1,0,0,0,0,1,0,0,0
Only 12 face wash remaining at this price,scarcity,scarcity,en,span,stock,[TAG=span] [ROLE=stock] Only 12 face wash remaining at this price,scarcity:en:01,synthetic_v1,0,0,0,0,1,0,0,0
"जल्दी करें, लखनऊ गोदाम में 9 राइस कुकर बचे",scarcity,scarcity,hi,div,badge,"[TAG=div] [ROLE=badge] जल्दी करें, लखनऊ गोदाम में 9 राइस कुकर बचे",scarcity:hi:13,synthetic_v1,0,0,0,0,1,0,0,0
सीमित संस्करण धूप का चश्मा — जब तक स्टॉक,scarcity,scarcity,hi,span,stock,[TAG=span] [ROLE=stock] सीमित संस्करण धूप का चश्मा — जब तक स्टॉक,scarcity:hi:09,synthetic_v1,0,0,0,0,1,0,0,0
"Only 4 left at Rs. 1,999",scarcity,scarcity,en,p,promo,"[TAG=p] [ROLE=promo] Only 4 left at Rs. 1,999",scarcity:en:10,synthetic_v1,0,0,0,0,1,0,0,0
"तेजी से बिक रहा है, 1 बचे",scarcity,scarcity,hi,div,badge,"[TAG=div] [ROLE=badge] तेजी से बिक रहा है, 1 बचे",scarcity:hi:08,synthetic_v1,0,0,0,0,1,0,0,0
सीमित संस्करण फोन कभर — स्टक रहेसम्म,scarcity,scarcity,ne,p,promo,[TAG=p] [ROLE=promo] सीमित संस्करण फोन कभर — स्टक रहेसम्म,scarcity:ne:09,synthetic_v1,0,0,0,0,1,0,0,0
सीमित संस्करण पावर बैंक — जब तक स्टॉक,scarcity,scarcity,hi,p,promo,[TAG=p] [ROLE=promo] सीमित संस्करण पावर बैंक — जब तक स्टॉक,scarcity:hi:09,synthetic_v1,0,0,0,0,1,0,0,0
Zepto Nepalgunj warehouse: 1 cotton kurta remaining,scarcity,scarcity,en,p,promo,[TAG=p] [ROLE=promo] Zepto Nepalgunj warehouse: 1 cotton kurta remaining,scarcity:en:19,synthetic_v1,0,0,0,0,1,0,0,0
Limited edition rice cooker — while supplies last,scarcity,scarcity,en,p,promo,[TAG=p] [ROLE=promo] Limited edition rice cooker — while supplies last,scarcity:en:09,synthetic_v1,0,0,0,0,1,0,0,0
Croma जनकपुर गोदाम: 10 नोइज क्यान्सलिङ हेडफोन बाँकी,scarcity,scarcity,ne,div,badge,[TAG=div] [ROLE=badge] Croma जनकपुर गोदाम: 10 नोइज क्यान्सलिङ हेडफोन बाँकी,scarcity:ne:19,synthetic_v1,0,0,0,0,1,0,0,0
Meesho: 8 units left for Lalitpur,scarcity,scarcity,en,span,stock,[TAG=span] [ROLE=stock] Meesho: 8 units left for Lalitpur,scarcity:en:16,synthetic_v1,0,0,0,0,1,0,0,0
SastoDeal: बेंगलुरु के लिए 6 इकाई बचीं,scarcity,scarcity,hi,span,stock,[TAG=span] [ROLE=stock] SastoDeal: बेंगलुरु के लिए 6 इकाई बचीं,scarcity:hi:16,synthetic_v1,0,0,0,0,1,0,0,0
रु. 449 पर आख़िरी 1 धूप का चश्मा,scarcity,scarcity,hi,p,promo,[TAG=p] [ROLE=promo] रु. 449 पर आख़िरी 1 धूप का चश्मा,scarcity:hi:17,synthetic_v1,0,0,0,0,1,0,0,0
कम स्टॉक: नॉइज़ कैंसलिंग हेडफोन की केवल 10 इकाई,scarcity,scarcity,hi,p,promo,[TAG=p] [ROLE=promo] कम स्टॉक: नॉइज़ कैंसलिंग हेडफोन की केवल 10 इकाई,scarcity:hi:03,synthetic_v1,0,0,0,0,1,0,0,0
SastoDeal मा 1 हेयर ड्रायर मात्र बाँकी,scarcity,scarcity,ne,div,badge,[TAG=div] [ROLE=badge] SastoDeal मा 1 हेयर ड्रायर मात्र बाँकी,scarcity:ne:15,synthetic_v1,0,0,0,0,1,0,0,0
Lenskart Pokhara warehouse: 10 trekking jacket remaining,scarcity,scarcity,en,div,badge,[TAG=div] [ROLE=badge] Lenskart Pokhara warehouse: 10 trekking jacket remaining,scarcity:en:19,synthetic_v1,0,0,0,0,1,0,0,0
यो मूल्यमा 2 घामको चस्मा मात्र उपलब्ध,scarcity,scarcity,ne,span,stock,[TAG=span] [ROLE=stock] यो मूल्यमा 2 घामको चस्मा मात्र उपलब्ध,scarcity:ne:01,synthetic_v1,0,0,0,0,1,0,0,0
Only 3 wireless earbuds remaining at this price,scarcity,scarcity,en,div,badge,[TAG=div] [ROLE=badge] Only 3 wireless earbuds remaining at this price,scarcity:en:01,synthetic_v1,0,0,0,0,1,0,0,0
Lenskart Bhaktapur warehouse: 10 study lamp remaining,scarcity,scarcity,en,p,promo,[TAG=p] [ROLE=promo] Lenskart Bhaktapur warehouse: 10 study lamp remaining,scarcity:en:19,synthetic_v1,0,0,0,0,1,0,0,0
High demand — limited units of school bag,scarcity,scarcity,en,p,promo,[TAG=p] [ROLE=promo] High demand — limited units of school bag,scarcity:en:06,synthetic_v1,0,0,0,0,1,0,0,0
Last 3 water bottle at Rs. 699,scarcity,scarcity,en,p,promo,[TAG=p] [ROLE=promo] Last 3 water bottle at Rs. 699,scarcity:en:17,synthetic_v1,0,0,0,0,1,0,0,0
कम स्टक: एयर फ्रायर को 3 थान मात्र,scarcity,scarcity,ne,span,stock,[TAG=span] [ROLE=stock] कम स्टक: एयर फ्रायर को 3 थान मात्र,scarcity:ne:03,synthetic_v1,0,0,0,0,1,0,0,0
Lenskart: बागलुङ का लागि 1 थान बाँकी,scarcity,scarcity,ne,p,promo,[TAG=p] [ROLE=promo] Lenskart: बागलुङ का लागि 1 थान बाँकी,scarcity:ne:16,synthetic_v1,0,0,0,0,1,0,0,0
JioMart Lucknow warehouse: 2 sports sandals remaining,scarcity,scarcity,en,span,stock,[TAG=span] [ROLE=stock] JioMart Lucknow warehouse: 2 sports sandals remaining,scarcity:en:19,synthetic_v1,0,0,0,0,1,0,0,0
Zepto: सूरत के लिए 5 इकाई बचीं,scarcity,scarcity,hi,div,badge,[TAG=div] [ROLE=badge] Zepto: सूरत के लिए 5 इकाई बचीं,scarcity:hi:16,synthetic_v1,0,0,0,0,1,0,0,0
Amazon मा फेस वास को 20% स्टक बिक्री भइसक्यो,scarcity,scarcity,ne,p,promo,[TAG=p] [ROLE=promo] Amazon मा फेस वास को 20% स्टक बिक्री भइसक्यो,scarcity:ne:18,synthetic_v1,0,0,0,0,1,0,0,0
Low stock: only 7 units of sunglasses,scarcity,scarcity,en,div,badge,[TAG=div] [ROLE=badge] Low stock: only 7 units of sunglasses,scarcity:en:03,synthetic_v1,0,0,0,0,1,0,0,0
"Hurry, 9 running shoes left in Butwal warehouse",scarcity,scarcity,en,div,badge,"[TAG=div] [ROLE=badge] Hurry, 9 running shoes left in Butwal warehouse",scarcity:en:13,synthetic_v1,0,0,0,0,1,0,0,0
रु. 999 पर केवल 6 बचे,scarcity,scarcity,hi,span,stock,[TAG=span] [ROLE=stock] रु. 999 पर केवल 6 बचे,scarcity:hi:10,synthetic_v1,0,0,0,0,1,0,0,0
Ajio: वीरगन्ज का लागि 7 थान बाँकी,scarcity,scarcity,ne,span,stock,[TAG=span] [ROLE=stock] Ajio: वीरगन्ज का लागि 7 थान बाँकी,scarcity:ne:16,synthetic_v1,0,0,0,0,1,0,0,0
Stock alert: fewer than 4 remaining,scarcity,scarcity,en,p,promo,[TAG=p] [ROLE=promo] Stock alert: fewer than 4 remaining,scarcity:en:14,synthetic_v1,0,0,0,0,1,0,0,0
Only 3 left at Rs. 299,scarcity,scarcity,en,p,promo,[TAG=p] [ROLE=promo] Only 3 left at Rs. 299,scarcity:en:10,synthetic_v1,0,0,0,0,1,0,0,0
"Hurry, 2 backpack left in Hyderabad warehouse",scarcity,scarcity,en,div,badge,"[TAG=div] [ROLE=badge] Hurry, 2 backpack left in Hyderabad warehouse",scarcity:en:13,synthetic_v1,0,0,0,0,1,0,0,0
Tata Cliq: 4 units left for Lalitpur,scarcity,scarcity,en,p,promo,[TAG=p] [ROLE=promo] Tata Cliq: 4 units left for Lalitpur,scarcity:en:16,synthetic_v1,0,0,0,0,1,0,0,0
4 मात्र बाँकी — 35% छुट चाँडै सकिन्छ,scarcity|false_urgency,scarcity,ne,span,stock,[TAG=span] [ROLE=stock] 4 मात्र बाँकी — 35% छुट चाँडै सकिन्छ,scarcity:ne:12,synthetic_v1,0,1,0,0,1,0,0,0
Only 6 left at Rs. 499,scarcity,scarcity,en,div,badge,[TAG=div] [ROLE=badge] Only 6 left at Rs. 499,scarcity:en:10,synthetic_v1,0,0,0,0,1,0,0,0
इस दाम पर केवल 6 ऑफिस चेयर उपलब्ध,scarcity,scarcity,hi,p,promo,[TAG=p] [ROLE=promo] इस दाम पर केवल 6 ऑफिस चेयर उपलब्ध,scarcity:hi:01,synthetic_v1,0,0,0,0,1,0,0,0
Nykaa मा 5 स्टडी लाइट मात्र बाँकी,scarcity,scarcity,ne,div,badge,[TAG=div] [ROLE=badge] Nykaa मा 5 स्टडी लाइट मात्र बाँकी,scarcity:ne:15,synthetic_v1,0,0,0,0,1,0,0,0
"Hurry, 5 winter blanket left in Jaipur warehouse",scarcity,scarcity,en,span,stock,"[TAG=span] [ROLE=stock] Hurry, 5 winter blanket left in Jaipur warehouse",scarcity:en:13,synthetic_v1,0,0,0,0,1,0,0,0
Last 2 pieces available,scarcity,scarcity,en,span,stock,[TAG=span] [ROLE=stock] Last 2 pieces available,scarcity:en:04,synthetic_v1,0,0,0,0,1,0,0,0
"छिटो गर्नुहोस्, धरान गोदाममा 2 प्रोटिन पाउडर बाँकी",scarcity,scarcity,ne,span,stock,"[TAG=span] [ROLE=stock] छिटो गर्नुहोस्, धरान गोदाममा 2 प्रोटिन पाउडर बाँकी",scarcity:ne:13,synthetic_v1,0,0,0,0,1,0,0,0
Meesho पर ऑफिस चेयर का 50% स्टॉक बिक चुका,scarcity,scarcity,hi,p,promo,[TAG=p] [ROLE=promo] Meesho पर ऑफिस चेयर का 50% स्टॉक बिक चुका,scarcity:hi:18,synthetic_v1,0,0,0,0,1,0,0,0
"आज 812 जनाले किन्नुभयो, स्टक सकिँदै",scarcity|social_proof,scarcity,ne,p,promo,"[TAG=p] [ROLE=promo] आज 812 जनाले किन्नुभयो, स्टक सकिँदै",scarcity:ne:07,synthetic_v1,0,0,0,0,1,0,1,0
"Last 7 backpack at Rs. 1,499",scarcity,scarcity,en,p,promo,"[TAG=p] [ROLE=promo] Last 7 backpack at Rs. 1,499",scarcity:en:17,synthetic_v1,0,0,0,0,1,0,0,0
कम स्टॉक: बैकपैक की केवल 8 इकाई,scarcity,scarcity,hi,span,stock,[TAG=span] [ROLE=stock] कम स्टॉक: बैकपैक की केवल 8 इकाई,scarcity:hi:03,synthetic_v1,0,0,0,0,1,0,0,0
केवल 6 बचे — 80% छूट जल्द खत्म,scarcity|false_urgency,scarcity,hi,p,promo,[TAG=p] [ROLE=promo] केवल 6 बचे — 80% छूट जल्द खत्म,scarcity:hi:12,synthetic_v1,0,1,0,0,1,0,0,0
Meesho मा फर्मल सर्ट को 50% स्टक बिक्री भइसक्यो,scarcity,scarcity,ne,span,stock,[TAG=span] [ROLE=stock] Meesho मा फर्मल सर्ट को 50% स्टक बिक्री भइसक्यो,scarcity:ne:18,synthetic_v1,0,0,0,0,1,0,0,0
"छिटो बिक्री हुँदैछ, 12 बाँकी",scarcity,scarcity,ne,p,promo,"[TAG=p] [ROLE=promo] छिटो बिक्री हुँदैछ, 12 बाँकी",scarcity:ne:08,synthetic_v1,0,0,0,0,1,0,0,0
"आज 27 लोगों ने खरीदा, स्टॉक कम",scarcity|social_proof,scarcity,hi,div,badge,"[TAG=div] [ROLE=badge] आज 27 लोगों ने खरीदा, स्टॉक कम",scarcity:hi:07,synthetic_v1,0,0,0,0,1,0,1,0
Myntra मा 10 राइस कुकर मात्र बाँकी,scarcity,scarcity,ne,div,badge,[TAG=div] [ROLE=badge] Myntra मा 10 राइस कुकर मात्र बाँकी,scarcity:ne:15,synthetic_v1,0,0,0,0,1,0,0,0
"4,265 people bought this today, stock running out",scarcity|social_proof,scarcity,en,span,stock,"[TAG=span] [ROLE=stock] 4,265 people bought this today, stock running out",scarcity:en:07,synthetic_v1,0,0,0,0,1,0,1,0
Thulo: 8 units left for Patna,scarcity,scarcity,en,p,promo,[TAG=p] [ROLE=promo] Thulo: 8 units left for Patna,scarcity:en:16,synthetic_v1,0,0,0,0,1,0,0,0
Only 5 rooms left in Jaipur,scarcity,scarcity,en,span,stock,[TAG=span] [ROLE=stock] Only 5 rooms left in Jaipur,scarcity:en:05,synthetic_v1,0,0,0,0,1,0,0,0
"Last 5 smartwatch at Rs. 1,499",scarcity,scarcity,en,div,badge,"[TAG=div] [ROLE=badge] Last 5 smartwatch at Rs. 1,499",scarcity:en:17,synthetic_v1,0,0,0,0,1,0,0,0
Daraz: 8 units left for Bengaluru,scarcity,scarcity,en,p,promo,[TAG=p] [ROLE=promo] Daraz: 8 units left for Bengaluru,scarcity:en:16,synthetic_v1,0,0,0,0,1,0,0,0
FirstCry पर इलेक्ट्रिक केटल का 50% स्टॉक बिक चुका,scarcity,scarcity,hi,div,badge,[TAG=div] [ROLE=badge] FirstCry पर इलेक्ट्रिक केटल का 50% स्टॉक बिक चुका,scarcity:hi:18,synthetic_v1,0,0,0,0,1,0,0,0
Low stock: only 10 units of rice cooker,scarcity,scarcity,en,div,badge,[TAG=div] [ROLE=badge] Low stock: only 10 units of rice cooker,scarcity:en:03,synthetic_v1,0,0,0,0,1,0,0,0
Only 5 left in stock!,scarcity,scarcity,en,span,stock,[TAG=span] [ROLE=stock] Only 5 left in stock!,scarcity:en:00,synthetic_v1,0,0,0,0,1,0,0,0
Only 12 left — 35% off ends soon,scarcity|false_urgency,scarcity,en,div,badge,[TAG=div] [ROLE=badge] Only 12 left — 35% off ends soon,scarcity:en:12,synthetic_v1,0,1,0,0,1,0,0,0
रु. 599 पर केवल 5 बचे,scarcity,scarcity,hi,p,promo,[TAG=p] [ROLE=promo] रु. 599 पर केवल 5 बचे,scarcity:hi:10,synthetic_v1,0,0,0,0,1,0,0,0
Meesho मा फोन कभर को 70% स्टक बिक्री भइसक्यो,scarcity,scarcity,ne,span,stock,[TAG=span] [ROLE=stock] Meesho मा फोन कभर को 70% स्टक बिक्री भइसक्यो,scarcity:ne:18,synthetic_v1,0,0,0,0,1,0,0,0
Only 9 rooms left in Kolkata,scarcity,scarcity,en,span,stock,[TAG=span] [ROLE=stock] Only 9 rooms left in Kolkata,scarcity:en:05,synthetic_v1,0,0,0,0,1,0,0,0
"Hurry, 5 wireless earbuds left in Dharan warehouse",scarcity,scarcity,en,span,stock,"[TAG=span] [ROLE=stock] Hurry, 5 wireless earbuds left in Dharan warehouse",scarcity:en:13,synthetic_v1,0,0,0,0,1,0,0,0
Thulo: 10 units left for Butwal,scarcity,scarcity,en,p,promo,[TAG=p] [ROLE=promo] Thulo: 10 units left for Butwal,scarcity:en:16,synthetic_v1,0,0,0,0,1,0,0,0
कम स्टक: कफी मेकर को 9 थान मात्र,scarcity,scarcity,ne,div,badge,[TAG=div] [ROLE=badge] कम स्टक: कफी मेकर को 9 थान मात्र,scarcity:ne:03,synthetic_v1,0,0,0,0,1,0,0,0
कम स्टॉक: हेयर ड्रायर की केवल 3 इकाई,scarcity,scarcity,hi,span,stock,[TAG=span] [ROLE=stock] कम स्टॉक: हेयर ड्रायर की केवल 3 इकाई,scarcity:hi:03,synthetic_v1,0,0,0,0,1,0,0,0
इस दाम पर केवल 9 वायरलेस ईयरबड्स उपलब्ध,scarcity,scarcity,hi,p,promo,[TAG=p] [ROLE=promo] इस दाम पर केवल 9 वायरलेस ईयरबड्स उपलब्ध,scarcity:hi:01,synthetic_v1,0,0,0,0,1,0,0,0
Only 12 left — 40% off ends soon,scarcity|false_urgency,scarcity,en,div,badge,[TAG=div] [ROLE=badge] Only 12 left — 40% off ends soon,scarcity:en:12,synthetic_v1,0,1,0,0,1,0,0,0
Only 6 face wash remaining at this price,scarcity,scarcity,en,div,badge,[TAG=div] [ROLE=badge] Only 6 face wash remaining at this price,scarcity:en:01,synthetic_v1,0,0,0,0,1,0,0,0
"Hurry, 9 face wash left in Dharan warehouse",scarcity,scarcity,en,p,promo,"[TAG=p] [ROLE=promo] Hurry, 9 face wash left in Dharan warehouse",scarcity:en:13,synthetic_v1,0,0,0,0,1,0,0,0
JioMart चंडीगढ़ गोदाम: 7 फेस वॉश शेष,scarcity,scarcity,hi,div,badge,[TAG=div] [ROLE=badge] JioMart चंडीगढ़ गोदाम: 7 फेस वॉश शेष,scarcity:hi:19,synthetic_v1,0,0,0,0,1,0,0,0
Pepperfry गोरखा गोदाम: 6 ल्यापटप ब्याग बाँकी,scarcity,scarcity,ne,p,promo,[TAG=p] [ROLE=promo] Pepperfry गोरखा गोदाम: 6 ल्यापटप ब्याग बाँकी,scarcity:ne:19,synthetic_v1,0,0,0,0,1,0,0,0
उच्च माग — योगा म्याट को सीमित परिमाण,scarcity,scarcity,ne,span,stock,[TAG=span] [ROLE=stock] उच्च माग — योगा म्याट को सीमित परिमाण,scarcity:ne:06,synthetic_v1,0,0,0,0,1,0,0,0
"रु. 1,999 मा अन्तिम 6 योगा म्याट",scarcity,scarcity,ne,span,stock,"[TAG=span] [ROLE=stock] रु. 1,999 मा अन्तिम 6 योगा म्याट",scarcity:ne:17,synthetic_v1,0,0,0,0,1,0,0,0
"जल्दी करें, रांची गोदाम में 10 सर्दी का कंबल बचे",scarcity,scarcity,hi,span,stock,"[TAG=span] [ROLE=stock] जल्दी करें, रांची गोदाम में 10 सर्दी का कंबल बचे",scarcity:hi:13,synthetic_v1,0,0,0,0,1,0,0,0
प्रायः सकियो — 80% बुक भइसक्यो,scarcity,scarcity,ne,p,promo,[TAG=p] [ROLE=promo] प्रायः सकियो — 80% बुक भइसक्यो,scarcity:ne:02,synthetic_v1,0,0,0,0,1,0,0,0
स्टॉक में केवल 6 बचे!,scarcity,scarcity,hi,p,promo,[TAG=p] [ROLE=promo] स्टॉक में केवल 6 बचे!,scarcity:hi:00,synthetic_v1,0,0,0,0,1,0,0,0
Zepto हैदराबाद गोदाम: 3 बैकपैक शेष,scarcity,scarcity,hi,span,stock,[TAG=span] [ROLE=stock] Zepto हैदराबाद गोदाम: 3 बैकपैक शेष,scarcity:hi:19,synthetic_v1,0,0,0,0,1,0,0,0
कम स्टॉक: वायरलेस ईयरबड्स की केवल 8 इकाई,scarcity,scarcity,hi,span,stock,[TAG=span] [ROLE=stock] कम स्टॉक: वायरलेस ईयरबड्स की केवल 8 इकाई,scarcity:hi:03,synthetic_v1,0,0,0,0,1,0,0,0
कम स्टॉक: फोन कवर की केवल 12 इकाई,scarcity,scarcity,hi,span,stock,[TAG=span] [ROLE=stock] कम स्टॉक: फोन कवर की केवल 12 इकाई,scarcity:hi:03,synthetic_v1,0,0,0,0,1,0,0,0
"7,340 people bought this today, stock running out",scarcity|social_proof,scarcity,en,p,promo,"[TAG=p] [ROLE=promo] 7,340 people bought this today, stock running out",scarcity:en:07,synthetic_v1,0,0,0,0,1,0,1,0
SastoDeal: नासिक के लिए 2 इकाई बचीं,scarcity,scarcity,hi,span,stock,[TAG=span] [ROLE=stock] SastoDeal: नासिक के लिए 2 इकाई बचीं,scarcity:hi:16,synthetic_v1,0,0,0,0,1,0,0,0
Only 7 rooms left in Jaipur,scarcity,scarcity,en,p,promo,[TAG=p] [ROLE=promo] Only 7 rooms left in Jaipur,scarcity:en:05,synthetic_v1,0,0,0,0,1,0,0,0
यो मूल्यमा 10 ल्यापटप ब्याग मात्र उपलब्ध,scarcity,scarcity,ne,div,badge,[TAG=div] [ROLE=badge] यो मूल्यमा 10 ल्यापटप ब्याग मात्र उपलब्ध,scarcity:ne:01,synthetic_v1,0,0,0,0,1,0,0,0
Flipkart पर केवल 1 योगा मैट बचे,scarcity,scarcity,hi,div,badge,[TAG=div] [ROLE=badge] Flipkart पर केवल 1 योगा मैट बचे,scarcity:hi:15,synthetic_v1,0,0,0,0,1,0,0,0
भारी मांग — नॉइज़ कैंसलिंग हेडफोन की सीमित मात्रा,scarcity,scarcity,hi,span,stock,[TAG=span] [ROLE=stock] भारी मांग — नॉइज़ कैंसलिंग हेडफोन की सीमित मात्रा,scarcity:hi:06,synthetic_v1,0,0,0,0,1,0,0,0
Only 8 face wash left at Myntra,scarcity,scarcity,en,p,promo,[TAG=p] [ROLE=promo] Only 8 face wash left at Myntra,scarcity:en:15,synthetic_v1,0,0,0,0,1,0,0,0
लगभग बिक चुका — 30% बुक हो गया,scarcity,scarcity,hi,span,stock,[TAG=span] [ROLE=stock] लगभग बिक चुका — 30% बुक हो गया,scarcity:hi:02,synthetic_v1,0,0,0,0,1,0,0,0
बागलुङ मा 4 कोठा मात्र बाँकी,scarcity,scarcity,ne,span,stock,[TAG=span] [ROLE=stock] बागलुङ मा 4 कोठा मात्र बाँकी,scarcity:ne:05,synthetic_v1,0,0,0,0,1,0,0,0
"जल्दी करें, हैदराबाद गोदाम में 12 नॉइज़ कैंसलिंग हेडफोन बचे",scarcity,scarcity,hi,div,badge,"[TAG=div] [ROLE=badge] जल्दी करें, हैदराबाद गोदाम में 12 नॉइज़ कैंसलिंग हेडफोन बचे",scarcity:hi:13,synthetic_v1,0,0,0,0,1,0,0,0
"Last 6 power bank at Rs. 1,999",scarcity,scarcity,en,div,badge,"[TAG=div] [ROLE=badge] Last 6 power bank at Rs. 1,999",scarcity:en:17,synthetic_v1,0,0,0,0,1,0,0,0
Only 10 left — 15% off ends soon,scarcity|false_urgency,scarcity,en,span,stock,[TAG=span] [ROLE=stock] Only 10 left — 15% off ends soon,scarcity:en:12,synthetic_v1,0,1,0,0,1,0,0,0
Only 10 hair dryer left at JioMart,scarcity,scarcity,en,span,stock,[TAG=span] [ROLE=stock] Only 10 hair dryer left at JioMart,scarcity:en:15,synthetic_v1,0,0,0,0,1,0,0,0
Blinkit मा 8 इलेक्ट्रिक केतली मात्र बाँकी,scarcity,scarcity,ne,p,promo,[TAG=p] [ROLE=promo] Blinkit मा 8 इलेक्ट्रिक केतली मात्र बाँकी,scarcity:ne:15,synthetic_v1,0,0,0,0,1,0,0,0
Only 1 rice cooker left at JioMart,scarcity,scarcity,en,span,stock,[TAG=span] [ROLE=stock] Only 1 rice cooker left at JioMart,scarcity:en:15,synthetic_v1,0,0,0,0,1,0,0,0
कम स्टॉक: प्रोटीन पाउडर की केवल 9 इकाई,scarcity,scarcity,hi,p,promo,[TAG=p] [ROLE=promo] कम स्टॉक: प्रोटीन पाउडर की केवल 9 इकाई,scarcity:hi:03,synthetic_v1,0,0,0,0,1,0,0,0
Reliance Digital: बुटवल का लागि 12 थान बाँकी,scarcity,scarcity,ne,p,promo,[TAG=p] [ROLE=promo] Reliance Digital: बुटवल का लागि 12 थान बाँकी,scarcity:ne:16,synthetic_v1,0,0,0,0,1,0,0,0
Flipkart: भोपाल के लिए 4 इकाई बचीं,scarcity,scarcity,hi,span,stock,[TAG=span] [ROLE=stock] Flipkart: भोपाल के लिए 4 इकाई बचीं,scarcity:hi:16,synthetic_v1,0,0,0,0,1,0,0,0
Only 1 rooms left in Indore,scarcity,scarcity,en,span,stock,[TAG=span] [ROLE=stock] Only 1 rooms left in Indore,scarcity:en:05,synthetic_v1,0,0,0,0,1,0,0,0
Tata Cliq: 10 units left for Bhaktapur,scarcity,scarcity,en,div,badge,[TAG=div] [ROLE=badge] Tata Cliq: 10 units left for Bhaktapur,scarcity:en:16,synthetic_v1,0,0,0,0,1,0,0,0
Only 2 left — 60% off ends soon,scarcity|false_urgency,scarcity,en,span,stock,[TAG=span] [ROLE=stock] Only 2 left — 60% off ends soon,scarcity:en:12,synthetic_v1,0,1,0,0,1,0,0,0
सीमित संस्करण कटन कुर्ता — स्टक रहेसम्म,scarcity,scarcity,ne,p,promo,[TAG=p] [ROLE=promo] सीमित संस्करण कटन कुर्ता — स्टक रहेसम्म,scarcity:ne:09,synthetic_v1,0,0,0,0,1,0,0,0
Amazon: 12 units left for Patna,scarcity,scarcity,en,div,badge,[TAG=div] [ROLE=badge] Amazon: 12 units left for Patna,scarcity:en:16,synthetic_v1,0,0,0,0,1,0,0,0
Daraz Dharan warehouse: 4 air fryer remaining,scarcity,scarcity,en,div,badge,[TAG=div] [ROLE=badge] Daraz Dharan warehouse: 4 air fryer remaining,scarcity:en:19,synthetic_v1,0,0,0,0,1,0,0,0
7 मात्र बाँकी — 10% छुट चाँडै सकिन्छ,scarcity|false_urgency,scarcity,ne,span,stock,[TAG=span] [ROLE=stock] 7 मात्र बाँकी — 10% छुट चाँडै सकिन्छ,scarcity:ne:12,synthetic_v1,0,1,0,0,1,0,0,0
Only 5 left at Rs. 249,scarcity,scarcity,en,p,promo,[TAG=p] [ROLE=promo] Only 5 left at Rs. 249,scarcity:en:10,synthetic_v1,0,0,0,0,1,0,0,0
Only 12 denim jeans left at BigBasket,scarcity,scarcity,en,div,badge,[TAG=div] [ROLE=badge] Only 12 denim jeans left at BigBasket,scarcity:en:15,synthetic_v1,0,0,0,0,1,0,0,0
यो मूल्यमा 8 योगा म्याट मात्र उपलब्ध,scarcity,scarcity,ne,p,promo,[TAG=p] [ROLE=promo] यो मूल्यमा 8 योगा म्याट मात्र उपलब्ध,scarcity:ne:01,synthetic_v1,0,0,0,0,1,0,0,0
यो मूल्यमा 5 हेयर ड्रायर मात्र उपलब्ध,scarcity,scarcity,ne,p,promo,[TAG=p] [ROLE=promo] यो मूल्यमा 5 हेयर ड्रायर मात्र उपलब्ध,scarcity:ne:01,synthetic_v1,0,0,0,0,1,0,0,0
Meesho मा अफिस कुर्सी को 35% स्टक बिक्री भइसक्यो,scarcity,scarcity,ne,span,stock,[TAG=span] [ROLE=stock] Meesho मा अफिस कुर्सी को 35% स्टक बिक्री भइसक्यो,scarcity:ne:18,synthetic_v1,0,0,0,0,1,0,0,0
"889 people bought this today, stock running out",scarcity|social_proof,scarcity,en,p,promo,"[TAG=p] [ROLE=promo] 889 people bought this today, stock running out",scarcity:en:07,synthetic_v1,0,0,0,0,1,0,1,0
भक्तपुर मा 6 कोठा मात्र बाँकी,scarcity,scarcity,ne,span,stock,[TAG=span] [ROLE=stock] भक्तपुर मा 6 कोठा मात्र बाँकी,scarcity:ne:05,synthetic_v1,0,0,0,0,1,0,0,0
Low stock: only 12 units of coffee maker,scarcity,scarcity,en,span,stock,[TAG=span] [ROLE=stock] Low stock: only 12 units of coffee maker,scarcity:en:03,synthetic_v1,0,0,0,0,1,0,0,0
रु. 699 पर आख़िरी 1 राइस कुकर,scarcity,scarcity,hi,p,promo,[TAG=p] [ROLE=promo] रु. 699 पर आख़िरी 1 राइस कुकर,scarcity:hi:17,synthetic_v1,0,0,0,0,1,0,0,0
Only 10 left in stock!,scarcity,scarcity,en,div,badge,[TAG=div] [ROLE=badge] Only 10 left in stock!,scarcity:en:00,synthetic_v1,0,0,0,0,1,0,0,0
"Only 2 left at Rs. 2,999",scarcity,scarcity,en,p,promo,"[TAG=p] [ROLE=promo] Only 2 left at Rs. 2,999",scarcity:en:10,synthetic_v1,0,0,0,0,1,0,0,0
Blinkit: नेपालगन्ज का लागि 6 थान बाँकी,scarcity,scarcity,ne,div,badge,[TAG=div] [ROLE=badge] Blinkit: नेपालगन्ज का लागि 6 थान बाँकी,scarcity:ne:16,synthetic_v1,0,0,0,0,1,0,0,0
High demand — limited units of coffee maker,scarcity,scarcity,en,p,promo,[TAG=p] [ROLE=promo] High demand — limited units of coffee maker,scarcity:en:06,synthetic_v1,0,0,0,0,1,0,0,0
यो मूल्यमा 5 इन्डक्सन चुल्हो मात्र उपलब्ध,scarcity,scarcity,ne,span,stock,[TAG=span] [ROLE=stock] यो मूल्यमा 5 इन्डक्सन चुल्हो मात्र उपलब्ध,scarcity:ne:01,synthetic_v1,0,0,0,0,1,0,0,0
"634 people bought this today, stock running out",scarcity|social_proof,scarcity,en,p,promo,"[TAG=p] [ROLE=promo] 634 people bought this today, stock running out",scarcity:en:07,synthetic_v1,0,0,0,0,1,0,1,0
"Selling fast, 7 left",scarcity,scarcity,en,p,promo,"[TAG=p] [ROLE=promo] Selling fast, 7 left",scarcity:en:08,synthetic_v1,0,0,0,0,1,0,0,0
5 मात्र बाँकी — 25% छुट चाँडै सकिन्छ,scarcity|false_urgency,scarcity,ne,div,badge,[TAG=div] [ROLE=badge] 5 मात्र बाँकी — 25% छुट चाँडै सकिन्छ,scarcity:ne:12,synthetic_v1,0,1,0,0,1,0,0,0
"रु. 2,499 मा अन्तिम 12 घामको चस्मा",scarcity,scarcity,ne,div,badge,"[TAG=div] [ROLE=badge] रु. 2,499 मा अन्तिम 12 घामको चस्मा",scarcity:ne:17,synthetic_v1,0,0,0,0,1,0,0,0
25% of water bottle stock already sold at Reliance Digital,scarcity,scarcity,en,div,badge,[TAG=div] [ROLE=badge] 25% of water bottle stock already sold at Reliance Digital,scarcity:en:18,synthetic_v1,0,0,0,0,1,0,0,0
Only 8 left at Rs. 99,scarcity,scarcity,en,div,badge,[TAG=div] [ROLE=badge] Only 8 left at Rs. 99,scarcity:en:10,synthetic_v1,0,0,0,0,1,0,0,0
Limited edition electric kettle — while supplies last,scarcity,scarcity,en,div,badge,[TAG=div] [ROLE=badge] Limited edition electric kettle — while supplies last,scarcity:en:09,synthetic_v1,0,0,0,0,1,0,0,0
यो मूल्यमा 3 एयर फ्रायर मात्र उपलब्ध,scarcity,scarcity,ne,div,badge,[TAG=div] [ROLE=badge] यो मूल्यमा 3 एयर फ्रायर मात्र उपलब्ध,scarcity:ne:01,synthetic_v1,0,0,0,0,1,0,0,0
यो मूल्यमा 4 योगा म्याट मात्र उपलब्ध,scarcity,scarcity,ne,div,badge,[TAG=div] [ROLE=badge] यो मूल्यमा 4 योगा म्याट मात्र उपलब्ध,scarcity:ne:01,synthetic_v1,0,0,0,0,1,0,0,0
Only 8 yoga mat remaining at this price,scarcity,scarcity,en,p,promo,[TAG=p] [ROLE=promo] Only 8 yoga mat remaining at this price,scarcity:en:01,synthetic_v1,0,0,0,0,1,0,0,0
Lenskart Dharan warehouse: 9 water bottle remaining,scarcity,scarcity,en,p,promo,[TAG=p] [ROLE=promo] Lenskart Dharan warehouse: 9 water bottle remaining,scarcity:en:19,synthetic_v1,0,0,0,0,1,0,0,0
अभी 2 कार्ट में है,scarcity,scarcity,hi,div,badge,[TAG=div] [ROLE=badge] अभी 2 कार्ट में है,scarcity:hi:11,synthetic_v1,0,0,0,0,1,0,0,0
केवल 7 बचे — 10% छूट जल्द खत्म,scarcity|false_urgency,scarcity,hi,div,badge,[TAG=div] [ROLE=badge] केवल 7 बचे — 10% छूट जल्द खत्म,scarcity:hi:12,synthetic_v1,0,1,0,0,1,0,0,0
Only 9 rooms left in Pune,scarcity,scarcity,en,p,promo,[TAG=p] [ROLE=promo] Only 9 rooms left in Pune,scarcity:en:05,synthetic_v1,0,0,0,0,1,0,0,0
अभी 1 कार्ट में है,scarcity,scarcity,hi,p,promo,[TAG=p] [ROLE=promo] अभी 1 कार्ट में है,scarcity:hi:11,synthetic_v1,0,0,0,0,1,0,0,0
अभी 6 कार्ट में है,scarcity,scarcity,hi,div,badge,[TAG=div] [ROLE=badge] अभी 6 कार्ट में है,scarcity:hi:11,synthetic_v1,0,0,0,0,1,0,0,0
"छिटो गर्नुहोस्, ललितपुर गोदाममा 3 अफिस कुर्सी बाँकी",scarcity,scarcity,ne,span,stock,"[TAG=span] [ROLE=stock] छिटो गर्नुहोस्, ललितपुर गोदाममा 3 अफिस कुर्सी बाँकी",scarcity:ne:13,synthetic_v1,0,0,0,0,1,0,0,0
अन्तिम 2 थान उपलब्ध,scarcity,scarcity,ne,span,stock,[TAG=span] [ROLE=stock] अन्तिम 2 थान उपलब्ध,scarcity:ne:04,synthetic_v1,0,0,0,0,1,0,0,0
कम स्टॉक: स्पोर्ट्स सैंडल की केवल 5 इकाई,scarcity,scarcity,hi,span,stock,[TAG=span] [ROLE=stock] कम स्टॉक: स्पोर्ट्स सैंडल की केवल 5 इकाई,scarcity:hi:03,synthetic_v1,0,0,0,0,1,0,0,0
Snapdeal पर स्मार्टवॉच का 15% स्टॉक बिक चुका,scarcity,scarcity,hi,div,badge,[TAG=div] [ROLE=badge] Snapdeal पर स्मार्टवॉच का 15% स्टॉक बिक चुका,scarcity:hi:18,synthetic_v1,0,0,0,0,1,0,0,0
इस दाम पर केवल 9 रनिंग शूज़ उपलब्ध,scarcity,scarcity,hi,p,promo,[TAG=p] [ROLE=promo] इस दाम पर केवल 9 रनिंग शूज़ उपलब्ध,scarcity:hi:01,synthetic_v1,0,0,0,0,1,0,0,0
Only 12 left — 60% off ends soon,scarcity|false_urgency,scarcity,en,span,stock,[TAG=span] [ROLE=stock] Only 12 left — 60% off ends soon,scarcity:en:12,synthetic_v1,0,1,0,0,1,0,0,0
Low stock: only 5 units of school bag,scarcity,scarcity,en,span,stock,[TAG=span] [ROLE=stock] Low stock: only 5 units of school bag,scarcity:en:03,synthetic_v1,0,0,0,0,1,0,0,0
"रु. 2,999 पर आख़िरी 10 धूप का चश्मा",scarcity,scarcity,hi,span,stock,"[TAG=span] [ROLE=stock] रु. 2,999 पर आख़िरी 10 धूप का चश्मा",scarcity:hi:17,synthetic_v1,0,0,0,0,1,0,0,0
स्टकमा 2 मात्र बाँकी!,scarcity,scarcity,ne,p,promo,[TAG=p] [ROLE=promo] स्टकमा 2 मात्र बाँकी!,scarcity:ne:00,synthetic_v1,0,0,0,0,1,0,0,0
Croma मा फोन कभर को 80% स्टक बिक्री भइसक्यो,scarcity,scarcity,ne,p,promo,[TAG=p] [ROLE=promo] Croma मा फोन कभर को 80% स्टक बिक्री भइसक्यो,scarcity:ne:18,synthetic_v1,0,0,0,0,1,0,0,0
Only 10 formal shirt left at Pepperfry,scarcity,scarcity,en,p,promo,[TAG=p] [ROLE=promo] Only 10 formal shirt left at Pepperfry,scarcity:en:15,synthetic_v1,0,0,0,0,1,0,0,0
SastoDeal मा ब्लुटुथ स्पिकर को 35% स्टक बिक्री भइसक्यो,scarcity,scarcity,ne,span,stock,[TAG=span] [ROLE=stock] SastoDeal मा ब्लुटुथ स्पिकर को 35% स्टक बिक्री भइसक्यो,scarcity:ne:18,synthetic_v1,0,0,0,0,1,0,0,0
हेटौंडा मा 7 कोठा मात्र बाँकी,scarcity,scarcity,ne,div,badge,[TAG=div] [ROLE=badge] हेटौंडा मा 7 कोठा मात्र बाँकी,scarcity:ne:05,synthetic_v1,0,0,0,0,1,0,0,0
Daraz इटहरी गोदाम: 3 पानीको बोतल बाँकी,scarcity,scarcity,ne,p,promo,[TAG=p] [ROLE=promo] Daraz इटहरी गोदाम: 3 पानीको बोतल बाँकी,scarcity:ne:19,synthetic_v1,0,0,0,0,1,0,0,0
रु. 99 पर केवल 1 बचे,scarcity,scarcity,hi,div,badge,[TAG=div] [ROLE=badge] रु. 99 पर केवल 1 बचे,scarcity:hi:10,synthetic_v1,0,0,0,0,1,0,0,0
उच्च माग — स्पोर्ट्स चप्पल को सीमित परिमाण,scarcity,scarcity,ne,div,badge,[TAG=div] [ROLE=badge] उच्च माग — स्पोर्ट्स चप्पल को सीमित परिमाण,scarcity:ne:06,synthetic_v1,0,0,0,0,1,0,0,0
HamroBazar मा स्मार्टवाच को 70% स्टक बिक्री भइसक्यो,scarcity,scarcity,ne,p,promo,[TAG=p] [ROLE=promo] HamroBazar मा स्मार्टवाच को 70% स्टक बिक्री भइसक्यो,scarcity:ne:18,synthetic_v1,0,0,0,0,1,0,0,0
"Hurry, 3 protein powder left in Kolkata warehouse",scarcity,scarcity,en,div,badge,"[TAG=div] [ROLE=badge] Hurry, 3 protein powder left in Kolkata warehouse",scarcity:en:13,synthetic_v1,0,0,0,0,1,0,0,0
10% of trekking jacket stock already sold at OkDam,scarcity,scarcity,en,p,promo,[TAG=p] [ROLE=promo] 10% of trekking jacket stock already sold at OkDam,scarcity:en:18,synthetic_v1,0,0,0,0,1,0,0,0
15% of yoga mat stock already sold at Flipkart,scarcity,scarcity,en,span,stock,[TAG=span] [ROLE=stock] 15% of yoga mat stock already sold at Flipkart,scarcity:en:18,synthetic_v1,0,0,0,0,1,0,0,0
भारी मांग — फोन कवर की सीमित मात्रा,scarcity,scarcity,hi,div,badge,[TAG=div] [ROLE=badge] भारी मांग — फोन कवर की सीमित मात्रा,scarcity:hi:06,synthetic_v1,0,0,0,0,1,0,0,0
"छिटो गर्नुहोस्, दमक गोदाममा 8 प्रोटिन पाउडर बाँकी",scarcity,scarcity,ne,p,promo,"[TAG=p] [ROLE=promo] छिटो गर्नुहोस्, दमक गोदाममा 8 प्रोटिन पाउडर बाँकी",scarcity:ne:13,synthetic_v1,0,0,0,0,1,0,0,0
Tata Cliq Dharan warehouse: 10 sports sandals remaining,scarcity,scarcity,en,span,stock,[TAG=span] [ROLE=stock] Tata Cliq Dharan warehouse: 10 sports sandals remaining,scarcity:en:19,synthetic_v1,0,0,0,0,1,0,0,0
अन्तिम 12 थान उपलब्ध,scarcity,scarcity,ne,div,badge,[TAG=div] [ROLE=badge] अन्तिम 12 थान उपलब्ध,scarcity:ne:04,synthetic_v1,0,0,0,0,1,0,0,0
"Hurry, 8 air fryer left in Chitwan warehouse",scarcity,scarcity,en,span,stock,"[TAG=span] [ROLE=stock] Hurry, 8 air fryer left in Chitwan warehouse",scarcity:en:13,synthetic_v1,0,0,0,0,1,0,0,0
रु. 199 मा 2 मात्र बाँकी,scarcity,scarcity,ne,span,stock,[TAG=span] [ROLE=stock] रु. 199 मा 2 मात्र बाँकी,scarcity:ne:10,synthetic_v1,0,0,0,0,1,0,0,0
इस दाम पर केवल 2 इलेक्ट्रिक केटल उपलब्ध,scarcity,scarcity,hi,p,promo,[TAG=p] [ROLE=promo] इस दाम पर केवल 2 इलेक्ट्रिक केटल उपलब्ध,scarcity:hi:01,synthetic_v1,0,0,0,0,1,0,0,0
Only 1 rooms left in Kathmandu,scarcity,scarcity,en,span,stock,[TAG=span] [ROLE=stock] Only 1 rooms left in Kathmandu,scarcity:en:05,synthetic_v1,0,0,0,0,1,0,0,0
"जल्दी करें, कानपुर गोदाम में 5 स्टडी लैंप बचे",scarcity,scarcity,hi,span,stock,"[TAG=span] [ROLE=stock] जल्दी करें, कानपुर गोदाम में 5 स्टडी लैंप बचे",scarcity:hi:13,synthetic_v1,0,0,0,0,1,0,0,0
OkDam: 4 units left for Biratnagar,scarcity,scarcity,en,p,promo,[TAG=p] [ROLE=promo] OkDam: 4 units left for Biratnagar,scarcity:en:16,synthetic_v1,0,0,0,0,1,0,0,0
भक्तपुर मा 10 कोठा मात्र बाँकी,scarcity,scarcity,ne,span,stock,[TAG=span] [ROLE=stock] भक्तपुर मा 10 कोठा मात्र बाँकी,scarcity:ne:05,synthetic_v1,0,0,0,0,1,0,0,0
रु. 299 पर आख़िरी 6 स्कूल बैग,scarcity,scarcity,hi,p,promo,[TAG=p] [ROLE=promo] रु. 299 पर आख़िरी 6 स्कूल बैग,scarcity:hi:17,synthetic_v1,0,0,0,0,1,0,0,0
रु. 799 पर आख़िरी 1 लैपटॉप बैग,scarcity,scarcity,hi,span,stock,[TAG=span] [ROLE=stock] रु. 799 पर आख़िरी 1 लैपटॉप बैग,scarcity:hi:17,synthetic_v1,0,0,0,0,1,0,0,0
Only 7 left at Rs. 899,scarcity,scarcity,en,div,badge,[TAG=div] [ROLE=badge] Only 7 left at Rs. 899,scarcity:en:10,synthetic_v1,0,0,0,0,1,0,0,0
Low stock: only 8 units of water bottle,scarcity,scarcity,en,span,stock,[TAG=span] [ROLE=stock] Low stock: only 8 units of water bottle,scarcity:en:03,synthetic_v1,0,0,0,0,1,0,0,0
केवल 2 बचे — 15% छूट जल्द खत्म,scarcity|false_urgency,scarcity,hi,p,promo,[TAG=p] [ROLE=promo] केवल 2 बचे — 15% छूट जल्द खत्म,scarcity:hi:12,synthetic_v1,0,1,0,0,1,0,0,0
Gyapu: 1 units left for Kolkata,scarcity,scarcity,en,span,stock,[TAG=span] [ROLE=stock] Gyapu: 1 units left for Kolkata,scarcity:en:16,synthetic_v1,0,0,0,0,1,0,0,0
उच्च माग — अफिस कुर्सी को सीमित परिमाण,scarcity,scarcity,ne,span,stock,[TAG=span] [ROLE=stock] उच्च माग — अफिस कुर्सी को सीमित परिमाण,scarcity:ne:06,synthetic_v1,0,0,0,0,1,0,0,0
यो मूल्यमा 9 योगा म्याट मात्र उपलब्ध,scarcity,scarcity,ne,p,promo,[TAG=p] [ROLE=promo] यो मूल्यमा 9 योगा म्याट मात्र उपलब्ध,scarcity:ne:01,synthetic_v1,0,0,0,0,1,0,0,0
Only 7 rice cooker left at Lenskart,scarcity,scarcity,en,div,badge,[TAG=div] [ROLE=badge] Only 7 rice cooker left at Lenskart,scarcity:en:15,synthetic_v1,0,0,0,0,1,0,0,0
केवल 2 बचे — 35% छूट जल्द खत्म,scarcity|false_urgency,scarcity,hi,div,badge,[TAG=div] [ROLE=badge] केवल 2 बचे — 35% छूट जल्द खत्म,scarcity:hi:12,synthetic_v1,0,1,0,0,1,0,0,0
स्टकमा 12 मात्र बाँकी!,scarcity,scarcity,ne,p,promo,[TAG=p] [ROLE=promo] स्टकमा 12 मात्र बाँकी!,scarcity:ne:00,synthetic_v1,0,0,0,0,1,0,0,0
कम स्टक: फेस वास को 4 थान मात्र,scarcity,scarcity,ne,span,stock,[TAG=span] [ROLE=stock] कम स्टक: फेस वास को 4 थान मात्र,scarcity:ne:03,synthetic_v1,0,0,0,0,1,0,0,0
Only 3 left — 30% off ends soon,scarcity|false_urgency,scarcity,en,div,badge,[TAG=div] [ROLE=badge] Only 3 left — 30% off ends soon,scarcity:en:12,synthetic_v1,0,1,0,0,1,0,0,0
"रु. 1,499 पर केवल 8 बचे",scarcity,scarcity,hi,div,badge,"[TAG=div] [ROLE=badge] रु. 1,499 पर केवल 8 बचे",scarcity:hi:10,synthetic_v1,0,0,0,0,1,0,0,0
9 मात्र बाँकी — 30% छुट चाँडै सकिन्छ,scarcity|false_urgency,scarcity,ne,div,badge,[TAG=div] [ROLE=badge] 9 मात्र बाँकी — 30% छुट चाँडै सकिन्छ,scarcity:ne:12,synthetic_v1,0,1,0,0,1,0,0,0
Last 2 denim jeans at Rs. 99,scarcity,scarcity,en,p,promo,[TAG=p] [ROLE=promo] Last 2 denim jeans at Rs. 99,scarcity:en:17,synthetic_v1,0,0,0,0,1,0,0,0
Myntra चितवन गोदाम: 12 हिउँदको ब्ल्याङ्केट बाँकी,scarcity,scarcity,ne,p,promo,[TAG=p] [ROLE=promo] Myntra चितवन गोदाम: 12 हिउँदको ब्ल्याङ्केट बाँकी,scarcity:ne:19,synthetic_v1,0,0,0,0,1,0,0,0
Muncha: 3 units left for Chitwan,scarcity,scarcity,en,div,badge,[TAG=div] [ROLE=badge] Muncha: 3 units left for Chitwan,scarcity:en:16,synthetic_v1,0,0,0,0,1,0,0,0
Only 10 left at Rs. 699,scarcity,scarcity,en,div,badge,[TAG=div] [ROLE=badge] Only 10 left at Rs. 699,scarcity:en:10,synthetic_v1,0,0,0,0,1,0,0,0
रु. 799 पर केवल 3 बचे,scarcity,scarcity,hi,span,stock,[TAG=span] [ROLE=stock] रु. 799 पर केवल 3 बचे,scarcity:hi:10,synthetic_v1,0,0,0,0,1,0,0,0
Flipkart: तनहुँ का लागि 7 थान बाँकी,scarcity,scarcity,ne,div,badge,[TAG=div] [ROLE=badge] Flipkart: तनहुँ का लागि 7 थान बाँकी,scarcity:ne:16,synthetic_v1,0,0,0,0,1,0,0,0
Only 6 left — 40% off ends soon,scarcity|false_urgency,scarcity,en,span,stock,[TAG=span] [ROLE=stock] Only 6 left — 40% off ends soon,scarcity:en:12,synthetic_v1,0,1,0,0,1,0,0,0
रु. 999 मा 9 मात्र बाँकी,scarcity,scarcity,ne,div,badge,[TAG=div] [ROLE=badge] रु. 999 मा 9 मात्र बाँकी,scarcity:ne:10,synthetic_v1,0,0,0,0,1,0,0,0
"Hurry, 12 bluetooth speaker left in Lalitpur warehouse",scarcity,scarcity,en,div,badge,"[TAG=div] [ROLE=badge] Hurry, 12 bluetooth speaker left in Lalitpur warehouse",scarcity:en:13,synthetic_v1,0,0,0,0,1,0,0,0
Only 7 left — 5% off ends soon,scarcity|false_urgency,scarcity,en,span,stock,[TAG=span] [ROLE=stock] Only 7 left — 5% off ends soon,scarcity:en:12,synthetic_v1,0,1,0,0,1,0,0,0
Low stock: only 10 units of running shoes,scarcity,scarcity,en,div,badge,[TAG=div] [ROLE=badge] Low stock: only 10 units of running shoes,scarcity:en:03,synthetic_v1,0,0,0,0,1,0,0,0
"3,109 people bought this today, stock running out",scarcity|social_proof,scarcity,en,div,badge,"[TAG=div] [ROLE=badge] 3,109 people bought this today, stock running out",scarcity:en:07,synthetic_v1,0,0,0,0,1,0,1,0
लगभग बिक चुका — 35% बुक हो गया,scarcity,scarcity,hi,p,promo,[TAG=p] [ROLE=promo] लगभग बिक चुका — 35% बुक हो गया,scarcity:hi:02,synthetic_v1,0,0,0,0,1,0,0,0
Low stock: only 8 units of gaming mouse,scarcity,scarcity,en,div,badge,[TAG=div] [ROLE=badge] Low stock: only 8 units of gaming mouse,scarcity:en:03,synthetic_v1,0,0,0,0,1,0,0,0
Low stock: only 6 units of smartwatch,scarcity,scarcity,en,span,stock,[TAG=span] [ROLE=stock] Low stock: only 6 units of smartwatch,scarcity:en:03,synthetic_v1,0,0,0,0,1,0,0,0
उच्च माग — घामको चस्मा को सीमित परिमाण,scarcity,scarcity,ne,span,stock,[TAG=span] [ROLE=stock] उच्च माग — घामको चस्मा को सीमित परिमाण,scarcity:ne:06,synthetic_v1,0,0,0,0,1,0,0,0
Reliance Digital: 12 units left for Mumbai,scarcity,scarcity,en,span,stock,[TAG=span] [ROLE=stock] Reliance Digital: 12 units left for Mumbai,scarcity:en:16,synthetic_v1,0,0,0,0,1,0,0,0
3 मात्र बाँकी — 70% छुट चाँडै सकिन्छ,scarcity|false_urgency,scarcity,ne,p,promo,[TAG=p] [ROLE=promo] 3 मात्र बाँकी — 70% छुट चाँडै सकिन्छ,scarcity:ne:12,synthetic_v1,0,1,0,0,1,0,0,0
SastoDeal: 10 units left for Indore,scarcity,scarcity,en,div,badge,[TAG=div] [ROLE=badge] SastoDeal: 10 units left for Indore,scarcity:en:16,synthetic_v1,0,0,0,0,1,0,0,0
"जल्दी करें, अहमदाबाद गोदाम में 10 नॉइज़ कैंसलिंग हेडफोन बचे",scarcity,scarcity,hi,span,stock,"[TAG=span] [ROLE=stock] जल्दी करें, अहमदाबाद गोदाम में 10 नॉइज़ कैंसलिंग हेडफोन बचे",scarcity:hi:13,synthetic_v1,0,0,0,0,1,0,0,0
Only 2 rooms left in Kolkata,scarcity,scarcity,en,p,promo,[TAG=p] [ROLE=promo] Only 2 rooms left in Kolkata,scarcity:en:05,synthetic_v1,0,0,0,0,1,0,0,0
Daraz: आगरा के लिए 7 इकाई बचीं,scarcity,scarcity,hi,span,stock,[TAG=span] [ROLE=stock] Daraz: आगरा के लिए 7 इकाई बचीं,scarcity:hi:16,synthetic_v1,0,0,0,0,1,0,0,0
यो मूल्यमा 2 स्पोर्ट्स चप्पल मात्र उपलब्ध,scarcity,scarcity,ne,p,promo,[TAG=p] [ROLE=promo] यो मूल्यमा 2 स्पोर्ट्स चप्पल मात्र उपलब्ध,scarcity:ne:01,synthetic_v1,0,0,0,0,1,0,0,0
केवल 3 बचे — 5% छूट जल्द खत्म,scarcity|false_urgency,scarcity,hi,div,badge,[TAG=div] [ROLE=badge] केवल 3 बचे — 5% छूट जल्द खत्म,scarcity:hi:12,synthetic_v1,0,1,0,0,1,0,0,0
कम स्टक: घामको चस्मा को 4 थान मात्र,scarcity,scarcity,ne,div,badge,[TAG=div] [ROLE=badge] कम स्टक: घामको चस्मा को 4 थान मात्र,scarcity:ne:03,synthetic_v1,0,0,0,0,1,0,0,0
भारी मांग — स्टडी लैंप की सीमित मात्रा,scarcity,scarcity,hi,div,badge,[TAG=div] [ROLE=badge] भारी मांग — स्टडी लैंप की सीमित मात्रा,scarcity:hi:06,synthetic_v1,0,0,0,0,1,0,0,0
"तेजी से बिक रहा है, 4 बचे",scarcity,scarcity,hi,span,stock,"[TAG=span] [ROLE=stock] तेजी से बिक रहा है, 4 बचे",scarcity:hi:08,synthetic_v1,0,0,0,0,1,0,0,0
Only 9 running shoes remaining at this price,scarcity,scarcity,en,span,stock,[TAG=span] [ROLE=stock] Only 9 running shoes remaining at this price,scarcity:en:01,synthetic_v1,0,0,0,0,1,0,0,0
यो मूल्यमा 6 राइस कुकर मात्र उपलब्ध,scarcity,scarcity,ne,p,promo,[TAG=p] [ROLE=promo] यो मूल्यमा 6 राइस कुकर मात्र उपलब्ध,scarcity:ne:01,synthetic_v1,0,0,0,0,1,0,0,0
30% of study lamp stock already sold at Thulo,scarcity,scarcity,en,div,badge,[TAG=div] [ROLE=badge] 30% of study lamp stock already sold at Thulo,scarcity:en:18,synthetic_v1,0,0,0,0,1,0,0,0
JioMart: ललितपुर का लागि 3 थान बाँकी,scarcity,scarcity,ne,div,badge,[TAG=div] [ROLE=badge] JioMart: ललितपुर का लागि 3 थान बाँकी,scarcity:ne:16,synthetic_v1,0,0,0,0,1,0,0,0
Meesho मा 4 पावर ब्यांक मात्र बाँकी,scarcity,scarcity,ne,p,promo,[TAG=p] [ROLE=promo] Meesho मा 4 पावर ब्यांक मात्र बाँकी,scarcity:ne:15,synthetic_v1,0,0,0,0,1,0,0,0
दिल्ली में केवल 10 कमरे बचे,scarcity,scarcity,hi,span,stock,[TAG=span] [ROLE=stock] दिल्ली में केवल 10 कमरे बचे,scarcity:hi:05,synthetic_v1,0,0,0,0,1,0,0,0
Only 1 left at Rs. 699,scarcity,scarcity,en,div,badge,[TAG=div] [ROLE=badge] Only 1 left at Rs. 699,scarcity:en:10,synthetic_v1,0,0,0,0,1,0,0,0
Only 2 water bottle remaining at this price,scarcity,scarcity,en,p,promo,[TAG=p] [ROLE=promo] Only 2 water bottle remaining at this price,scarcity:en:01,synthetic_v1,0,0,0,0,1,0,0,0
Only 1 left — 70% off ends soon,scarcity|false_urgency,scarcity,en,div,badge,[TAG=div] [ROLE=badge] Only 1 left — 70% off ends soon,scarcity:en:12,synthetic_v1,0,1,0,0,1,0,0,0
यो मूल्यमा 7 स्मार्टवाच मात्र उपलब्ध,scarcity,scarcity,ne,span,stock,[TAG=span] [ROLE=stock] यो मूल्यमा 7 स्मार्टवाच मात्र उपलब्ध,scarcity:ne:01,synthetic_v1,0,0,0,0,1,0,0,0
"34,118 people bought this today, stock running out",scarcity|social_proof,scarcity,en,span,stock,"[TAG=span] [ROLE=stock] 34,118 people bought this today, stock running out",scarcity:en:07,synthetic_v1,0,0,0,0,1,0,1,0
"जल्दी करें, हैदराबाद गोदाम में 3 स्कूल बैग बचे",scarcity,scarcity,hi,p,promo,"[TAG=p] [ROLE=promo] जल्दी करें, हैदराबाद गोदाम में 3 स्कूल बैग बचे",scarcity:hi:13,synthetic_v1,0,0,0,0,1,0,0,0
स्टॉक में केवल 4 बचे!,scarcity,scarcity,hi,div,badge,[TAG=div] [ROLE=badge] स्टॉक में केवल 4 बचे!,scarcity:hi:00,synthetic_v1,0,0,0,0,1,0,0,0
इस दाम पर केवल 8 ऑफिस चेयर उपलब्ध,scarcity,scarcity,hi,div,badge,[TAG=div] [ROLE=badge] इस दाम पर केवल 8 ऑफिस चेयर उपलब्ध,scarcity:hi:01,synthetic_v1,0,0,0,0,1,0,0,0
Nykaa पर केवल 3 लैपटॉप बैग बचे,scarcity,scarcity,hi,span,stock,[TAG=span] [ROLE=stock] Nykaa पर केवल 3 लैपटॉप बैग बचे,scarcity:hi:15,synthetic_v1,0,0,0,0,1,0,0,0
"9,118 people bought this today, stock running out",scarcity|social_proof,scarcity,en,div,badge,"[TAG=div] [ROLE=badge] 9,118 people bought this today, stock running out",scarcity:en:07,synthetic_v1,0,0,0,0,1,0,1,0
Muncha मा गेमिङ माउस को 40% स्टक बिक्री भइसक्यो,scarcity,scarcity,ne,div,badge,[TAG=div] [ROLE=badge] Muncha मा गेमिङ माउस को 40% स्टक बिक्री भइसक्यो,scarcity:ne:18,synthetic_v1,0,0,0,0,1,0,0,0
"आज 288 जनाले किन्नुभयो, स्टक सकिँदै",scarcity|social_proof,scarcity,ne,span,stock,"[TAG=span] [ROLE=stock] आज 288 जनाले किन्नुभयो, स्टक सकिँदै",scarcity:ne:07,synthetic_v1,0,0,0,0,1,0,1,0
Only 8 left in stock!,scarcity,scarcity,en,p,promo,[TAG=p] [ROLE=promo] Only 8 left in stock!,scarcity:en:00,synthetic_v1,0,0,0,0,1,0,0,0
"छिटो गर्नुहोस्, काठमाडौँ गोदाममा 10 हेयर ड्रायर बाँकी",scarcity,scarcity,ne,p,promo,"[TAG=p] [ROLE=promo] छिटो गर्नुहोस्, काठमाडौँ गोदाममा 10 हेयर ड्रायर बाँकी",scarcity:ne:13,synthetic_v1,0,0,0,0,1,0,0,0
लगभग बिक चुका — 20% बुक हो गया,scarcity,scarcity,hi,p,promo,[TAG=p] [ROLE=promo] लगभग बिक चुका — 20% बुक हो गया,scarcity:hi:02,synthetic_v1,0,0,0,0,1,0,0,0
Only 8 hair dryer remaining at this price,scarcity,scarcity,en,div,badge,[TAG=div] [ROLE=badge] Only 8 hair dryer remaining at this price,scarcity:en:01,synthetic_v1,0,0,0,0,1,0,0,0
Only 4 cotton kurta left at HamroBazar,scarcity,scarcity,en,p,promo,[TAG=p] [ROLE=promo] Only 4 cotton kurta left at HamroBazar,scarcity:en:15,synthetic_v1,0,0,0,0,1,0,0,0
Amazon मा योगा म्याट को 80% स्टक बिक्री भइसक्यो,scarcity,scarcity,ne,p,promo,[TAG=p] [ROLE=promo] Amazon मा योगा म्याट को 80% स्टक बिक्री भइसक्यो,scarcity:ne:18,synthetic_v1,0,0,0,0,1,0,0,0
आख़िरी 3 पीस उपलब्ध,scarcity,scarcity,hi,p,promo,[TAG=p] [ROLE=promo] आख़िरी 3 पीस उपलब्ध,scarcity:hi:04,synthetic_v1,0,0,0,0,1,0,0,0
दिल्ली में केवल 5 कमरे बचे,scarcity,scarcity,hi,p,promo,[TAG=p] [ROLE=promo] दिल्ली में केवल 5 कमरे बचे,scarcity:hi:05,synthetic_v1,0,0,0,0,1,0,0,0
लगभग बिक चुका — 40% बुक हो गया,scarcity,scarcity,hi,div,badge,[TAG=div] [ROLE=badge] लगभग बिक चुका — 40% बुक हो गया,scarcity:hi:02,synthetic_v1,0,0,0,0,1,0,0,0
Only 7 rooms left in Biratnagar,scarcity,scarcity,en,div,badge,[TAG=div] [ROLE=badge] Only 7 rooms left in Biratnagar,scarcity:en:05,synthetic_v1,0,0,0,0,1,0,0,0
"जल्दी करें, इंदौर गोदाम में 4 इलेक्ट्रिक केटल बचे",scarcity,scarcity,hi,div,badge,"[TAG=div] [ROLE=badge] जल्दी करें, इंदौर गोदाम में 4 इलेक्ट्रिक केटल बचे",scarcity:hi:13,synthetic_v1,0,0,0,0,1,0,0,0
Blinkit Indore warehouse: 7 induction cooktop remaining,scarcity,scarcity,en,p,promo,[TAG=p] [ROLE=promo] Blinkit Indore warehouse: 7 induction cooktop remaining,scarcity:en:19,synthetic_v1,0,0,0,0,1,0,0,0
Myntra दिल्ली गोदाम: 6 पानी की बोतल शेष,scarcity,scarcity,hi,span,stock,[TAG=span] [ROLE=stock] Myntra दिल्ली गोदाम: 6 पानी की बोतल शेष,scarcity:hi:19,synthetic_v1,0,0,0,0,1,0,0,0
HamroBazar मा 1 स्कुल ब्याग मात्र बाँकी,scarcity,scarcity,ne,span,stock,[TAG=span] [ROLE=stock] HamroBazar मा 1 स्कुल ब्याग मात्र बाँकी,scarcity:ne:15,synthetic_v1,0,0,0,0,1,0,0,0
कम स्टक: स्टडी लाइट को 3 थान मात्र,scarcity,scarcity,ne,p,promo,[TAG=p] [ROLE=promo] कम स्टक: स्टडी लाइट को 3 थान मात्र,scarcity:ne:03,synthetic_v1,0,0,0,0,1,0,0,0
"छिटो गर्नुहोस्, धनगढी गोदाममा 5 फेस वास बाँकी",scarcity,scarcity,ne,p,promo,"[TAG=p] [ROLE=promo] छिटो गर्नुहोस्, धनगढी गोदाममा 5 फेस वास बाँकी",scarcity:ne:13,synthetic_v1,0,0,0,0,1,0,0,0
Only 2 left — 40% off ends soon,scarcity|false_urgency,scarcity,en,p,promo,[TAG=p] [ROLE=promo] Only 2 left — 40% off ends soon,scarcity:en:12,synthetic_v1,0,1,0,0,1,0,0,0
उच्च माग — राइस कुकर को सीमित परिमाण,scarcity,scarcity,ne,div,badge,[TAG=div] [ROLE=badge] उच्च माग — राइस कुकर को सीमित परिमाण,scarcity:ne:06,synthetic_v1,0,0,0,0,1,0,0,0
Only 12 power bank remaining at this price,scarcity,scarcity,en,div,badge,[TAG=div] [ROLE=badge] Only 12 power bank remaining at this price,scarcity:en:01,synthetic_v1,0,0,0,0,1,0,0,0
"आज 11,204 लोगों ने खरीदा, स्टॉक कम",scarcity|social_proof,scarcity,hi,div,badge,"[TAG=div] [ROLE=badge] आज 11,204 लोगों ने खरीदा, स्टॉक कम",scarcity:hi:07,synthetic_v1,0,0,0,0,1,0,1,0
"Hurry, 3 cotton kurta left in Patna warehouse",scarcity,scarcity,en,span,stock,"[TAG=span] [ROLE=stock] Hurry, 3 cotton kurta left in Patna warehouse",scarcity:en:13,synthetic_v1,0,0,0,0,1,0,0,0
रांची में केवल 4 कमरे बचे,scarcity,scarcity,hi,div,badge,[TAG=div] [ROLE=badge] रांची में केवल 4 कमरे बचे,scarcity:hi:05,synthetic_v1,0,0,0,0,1,0,0,0
Almost sold out — 60% already claimed,scarcity,scarcity,en,span,stock,[TAG=span] [ROLE=stock] Almost sold out — 60% already claimed,scarcity:en:02,synthetic_v1,0,0,0,0,1,0,0,0
"आज 455 लोगों ने खरीदा, स्टॉक कम",scarcity|social_proof,scarcity,hi,div,badge,"[TAG=div] [ROLE=badge] आज 455 लोगों ने खरीदा, स्टॉक कम",scarcity:hi:07,synthetic_v1,0,0,0,0,1,0,1,0
Last 5 running shoes at Rs. 99,scarcity,scarcity,en,p,promo,[TAG=p] [ROLE=promo] Last 5 running shoes at Rs. 99,scarcity:en:17,synthetic_v1,0,0,0,0,1,0,0,0
Only 12 water bottle remaining at this price,scarcity,scarcity,en,span,stock,[TAG=span] [ROLE=stock] Only 12 water bottle remaining at this price,scarcity:en:01,synthetic_v1,0,0,0,0,1,0,0,0
JioMart मा 9 फेस वास मात्र बाँकी,scarcity,scarcity,ne,span,stock,[TAG=span] [ROLE=stock] JioMart मा 9 फेस वास मात्र बाँकी,scarcity:ne:15,synthetic_v1,0,0,0,0,1,0,0,0
केवल 12 बचे — 5% छूट जल्द खत्म,scarcity|false_urgency,scarcity,hi,span,stock,[TAG=span] [ROLE=stock] केवल 12 बचे — 5% छूट जल्द खत्म,scarcity:hi:12,synthetic_v1,0,1,0,0,1,0,0,0
Only 7 left — 40% off ends soon,scarcity|false_urgency,scarcity,en,div,badge,[TAG=div] [ROLE=badge] Only 7 left — 40% off ends soon,scarcity:en:12,synthetic_v1,0,1,0,0,1,0,0,0
कम स्टॉक: स्पोर्ट्स सैंडल की केवल 1 इकाई,scarcity,scarcity,hi,span,stock,[TAG=span] [ROLE=stock] कम स्टॉक: स्पोर्ट्स सैंडल की केवल 1 इकाई,scarcity:hi:03,synthetic_v1,0,0,0,0,1,0,0,0
रु. 149 मा 7 मात्र बाँकी,scarcity,scarcity,ne,span,stock,[TAG=span] [ROLE=stock] रु. 149 मा 7 मात्र बाँकी,scarcity:ne:10,synthetic_v1,0,0,0,0,1,0,0,0
Only 3 rooms left in Lalitpur,scarcity,scarcity,en,p,promo,[TAG=p] [ROLE=promo] Only 3 rooms left in Lalitpur,scarcity:en:05,synthetic_v1,0,0,0,0,1,0,0,0
Only 1 left — 10% off ends soon,scarcity|false_urgency,scarcity,en,p,promo,[TAG=p] [ROLE=promo] Only 1 left — 10% off ends soon,scarcity:en:12,synthetic_v1,0,1,0,0,1,0,0,0
"Selling fast, 2 left",scarcity,scarcity,en,div,badge,"[TAG=div] [ROLE=badge] Selling fast, 2 left",scarcity:en:08,synthetic_v1,0,0,0,0,1,0,0,0
JioMart अहमदाबाद गोदाम: 8 लैपटॉप बैग शेष,scarcity,scarcity,hi,p,promo,[TAG=p] [ROLE=promo] JioMart अहमदाबाद गोदाम: 8 लैपटॉप बैग शेष,scarcity:hi:19,synthetic_v1,0,0,0,0,1,0,0,0
Reliance Digital पटना गोदाम: 8 स्पोर्ट्स सैंडल शेष,scarcity,scarcity,hi,div,badge,[TAG=div] [ROLE=badge] Reliance Digital पटना गोदाम: 8 स्पोर्ट्स सैंडल शेष,scarcity:hi:19,synthetic_v1,0,0,0,0,1,0,0,0
कम स्टॉक: इंडक्शन चूल्हा की केवल 12 इकाई,scarcity,scarcity,hi,p,promo,[TAG=p] [ROLE=promo] कम स्टॉक: इंडक्शन चूल्हा की केवल 12 इकाई,scarcity:hi:03,synthetic_v1,0,0,0,0,1,0,0,0
"छिटो गर्नुहोस्, काठमाडौँ गोदाममा 10 फोन कभर बाँकी",scarcity,scarcity,ne,p,promo,"[TAG=p] [ROLE=promo] छिटो गर्नुहोस्, काठमाडौँ गोदाममा 10 फोन कभर बाँकी",scarcity:ne:13,synthetic_v1,0,0,0,0,1,0,0,0
इस दाम पर केवल 1 योगा मैट उपलब्ध,scarcity,scarcity,hi,span,stock,[TAG=span] [ROLE=stock] इस दाम पर केवल 1 योगा मैट उपलब्ध,scarcity:hi:01,synthetic_v1,0,0,0,0,1,0,0,0
Salesberry पर केवल 1 फोन कवर बचे,scarcity,scarcity,hi,p,promo,[TAG=p] [ROLE=promo] Salesberry पर केवल 1 फोन कवर बचे,scarcity:hi:15,synthetic_v1,0,0,0,0,1,0,0,0
"जल्दी करें, भोपाल गोदाम में 10 इलेक्ट्रिक केटल बचे",scarcity,scarcity,hi,p,promo,"[TAG=p] [ROLE=promo] जल्दी करें, भोपाल गोदाम में 10 इलेक्ट्रिक केटल बचे",scarcity:hi:13,synthetic_v1,0,0,0,0,1,0,0,0
"छिटो गर्नुहोस्, धनगढी गोदाममा 10 कटन कुर्ता बाँकी",scarcity,scarcity,ne,span,stock,"[TAG=span] [ROLE=stock] छिटो गर्नुहोस्, धनगढी गोदाममा 10 कटन कुर्ता बाँकी",scarcity:ne:13,synthetic_v1,0,0,0,0,1,0,0,0
रु. 149 पर केवल 5 बचे,scarcity,scarcity,hi,div,badge,[TAG=div] [ROLE=badge] रु. 149 पर केवल 5 बचे,scarcity:hi:10,synthetic_v1,0,0,0,0,1,0,0,0
केवल 1 बचे — 25% छूट जल्द खत्म,scarcity|false_urgency,scarcity,hi,p,promo,[TAG=p] [ROLE=promo] केवल 1 बचे — 25% छूट जल्द खत्म,scarcity:hi:12,synthetic_v1,0,1,0,0,1,0,0,0
Only 4 rooms left in Nepalgunj,scarcity,scarcity,en,div,badge,[TAG=div] [ROLE=badge] Only 4 rooms left in Nepalgunj,scarcity:en:05,synthetic_v1,0,0,0,0,1,0,0,0
कम स्टॉक: नॉइज़ कैंसलिंग हेडफोन की केवल 3 इकाई,scarcity,scarcity,hi,div,badge,[TAG=div] [ROLE=badge] कम स्टॉक: नॉइज़ कैंसलिंग हेडफोन की केवल 3 इकाई,scarcity:hi:03,synthetic_v1,0,0,0,0,1,0,0,0
"रु. 1,499 पर आख़िरी 7 स्कूल बैग",scarcity,scarcity,hi,span,stock,"[TAG=span] [ROLE=stock] रु. 1,499 पर आख़िरी 7 स्कूल बैग",scarcity:hi:17,synthetic_v1,0,0,0,0,1,0,0,0
रु. 249 मा अन्तिम 4 वायरलेस इयरबड्स,scarcity,scarcity,ne,p,promo,[TAG=p] [ROLE=promo] रु. 249 मा अन्तिम 4 वायरलेस इयरबड्स,scarcity:ne:17,synthetic_v1,0,0,0,0,1,0,0,0
केवल 8 बचे — 25% छूट जल्द खत्म,scarcity|false_urgency,scarcity,hi,div,badge,[TAG=div] [ROLE=badge] केवल 8 बचे — 25% छूट जल्द खत्म,scarcity:hi:12,synthetic_v1,0,1,0,0,1,0,0,0
रु. 449 पर आख़िरी 12 फेस वॉश,scarcity,scarcity,hi,p,promo,[TAG=p] [ROLE=promo] रु. 449 पर आख़िरी 12 फेस वॉश,scarcity:hi:17,synthetic_v1,0,0,0,0,1,0,0,0
कम स्टक: हेयर ड्रायर को 1 थान मात्र,scarcity,scarcity,ne,p,promo,[TAG=p] [ROLE=promo] कम स्टक: हेयर ड्रायर को 1 थान मात्र,scarcity:ne:03,synthetic_v1,0,0,0,0,1,0,0,0
कम स्टॉक: स्कूल बैग की केवल 12 इकाई,scarcity,scarcity,hi,span,stock,[TAG=span] [ROLE=stock] कम स्टॉक: स्कूल बैग की केवल 12 इकाई,scarcity:hi:03,synthetic_v1,0,0,0,0,1,0,0,0
Salesberry भक्तपुर गोदाम: 8 प्रोटिन पाउडर बाँकी,scarcity,scarcity,ne,span,stock,[TAG=span] [ROLE=stock] Salesberry भक्तपुर गोदाम: 8 प्रोटिन पाउडर बाँकी,scarcity:ne:19,synthetic_v1,0,0,0,0,1,0,0,0
कम स्टॉक: गेमिंग माउस की केवल 4 इकाई,scarcity,scarcity,hi,div,badge,[TAG=div] [ROLE=badge] कम स्टॉक: गेमिंग माउस की केवल 4 इकाई,scarcity:hi:03,synthetic_v1,0,0,0,0,1,0,0,0
इस दाम पर केवल 6 सर्दी का कंबल उपलब्ध,scarcity,scarcity,hi,div,badge,[TAG=div] [ROLE=badge] इस दाम पर केवल 6 सर्दी का कंबल उपलब्ध,scarcity:hi:01,synthetic_v1,0,0,0,0,1,0,0,0
रु. 349 मा अन्तिम 5 पानीको बोतल,scarcity,scarcity,ne,p,promo,[TAG=p] [ROLE=promo] रु. 349 मा अन्तिम 5 पानीको बोतल,scarcity:ne:17,synthetic_v1,0,0,0,0,1,0,0,0
50% of yoga mat stock already sold at Muncha,scarcity,scarcity,en,p,promo,[TAG=p] [ROLE=promo] 50% of yoga mat stock already sold at Muncha,scarcity:en:18,synthetic_v1,0,0,0,0,1,0,0,0
"रु. 2,499 मा 7 मात्र बाँकी",scarcity,scarcity,ne,div,badge,"[TAG=div] [ROLE=badge] रु. 2,499 मा 7 मात्र बाँकी",scarcity:ne:10,synthetic_v1,0,0,0,0,1,0,0,0
OkDam पर केवल 8 फॉर्मल शर्ट बचे,scarcity,scarcity,hi,div,badge,[TAG=div] [ROLE=badge] OkDam पर केवल 8 फॉर्मल शर्ट बचे,scarcity:hi:15,synthetic_v1,0,0,0,0,1,0,0,0
Low stock: only 10 units of face wash,scarcity,scarcity,en,p,promo,[TAG=p] [ROLE=promo] Low stock: only 10 units of face wash,scarcity:en:03,synthetic_v1,0,0,0,0,1,0,0,0
Thulo: रांची के लिए 2 इकाई बचीं,scarcity,scarcity,hi,p,promo,[TAG=p] [ROLE=promo] Thulo: रांची के लिए 2 इकाई बचीं,scarcity:hi:16,synthetic_v1,0,0,0,0,1,0,0,0
Only 12 left at Rs. 199,scarcity,scarcity,en,span,stock,[TAG=span] [ROLE=stock] Only 12 left at Rs. 199,scarcity:en:10,synthetic_v1,0,0,0,0,1,0,0,0
आख़िरी 5 पीस उपलब्ध,scarcity,scarcity,hi,div,badge,[TAG=div] [ROLE=badge] आख़िरी 5 पीस उपलब्ध,scarcity:hi:04,synthetic_v1,0,0,0,0,1,0,0,0
कम स्टॉक: स्मार्टवॉच की केवल 2 इकाई,scarcity,scarcity,hi,span,stock,[TAG=span] [ROLE=stock] कम स्टॉक: स्मार्टवॉच की केवल 2 इकाई,scarcity:hi:03,synthetic_v1,0,0,0,0,1,0,0,0
Only 3 protein powder remaining at this price,scarcity,scarcity,en,p,promo,[TAG=p] [ROLE=promo] Only 3 protein powder remaining at this price,scarcity:en:01,synthetic_v1,0,0,0,0,1,0,0,0
यो मूल्यमा 7 नोइज क्यान्सलिङ हेडफोन मात्र उपलब्ध,scarcity,scarcity,ne,div,badge,[TAG=div] [ROLE=badge] यो मूल्यमा 7 नोइज क्यान्सलिङ हेडफोन मात्र उपलब्ध,scarcity:ne:01,synthetic_v1,0,0,0,0,1,0,0,0
OkDam मा फेस वास को 5% स्टक बिक्री भइसक्यो,scarcity,scarcity,ne,div,badge,[TAG=div] [ROLE=badge] OkDam मा फेस वास को 5% स्टक बिक्री भइसक्यो,scarcity:ne:18,synthetic_v1,0,0,0,0,1,0,0,0
स्टकमा 8 मात्र बाँकी!,scarcity,scarcity,ne,div,badge,[TAG=div] [ROLE=badge] स्टकमा 8 मात्र बाँकी!,scarcity:ne:00,synthetic_v1,0,0,0,0,1,0,0,0
स्टॉक में केवल 2 बचे!,scarcity,scarcity,hi,div,badge,[TAG=div] [ROLE=badge] स्टॉक में केवल 2 बचे!,scarcity:hi:00,synthetic_v1,0,0,0,0,1,0,0,0
Reliance Digital पर राइस कुकर का 5% स्टॉक बिक चुका,scarcity,scarcity,hi,p,promo,[TAG=p] [ROLE=promo] Reliance Digital पर राइस कुकर का 5% स्टॉक बिक चुका,scarcity:hi:18,synthetic_v1,0,0,0,0,1,0,0,0
आख़िरी 8 पीस उपलब्ध,scarcity,scarcity,hi,span,stock,[TAG=span] [ROLE=stock] आख़िरी 8 पीस उपलब्ध,scarcity:hi:04,synthetic_v1,0,0,0,0,1,0,0,0
"जल्दी करें, नासिक गोदाम में 5 स्कूल बैग बचे",scarcity,scarcity,hi,div,badge,"[TAG=div] [ROLE=badge] जल्दी करें, नासिक गोदाम में 5 स्कूल बैग बचे",scarcity:hi:13,synthetic_v1,0,0,0,0,1,0,0,0
रु. 99 मा 5 मात्र बाँकी,scarcity,scarcity,ne,div,badge,[TAG=div] [ROLE=badge] रु. 99 मा 5 मात्र बाँकी,scarcity:ne:10,synthetic_v1,0,0,0,0,1,0,0,0
Zepto हैदराबाद गोदाम: 2 डेनिम जींस शेष,scarcity,scarcity,hi,p,promo,[TAG=p] [ROLE=promo] Zepto हैदराबाद गोदाम: 2 डेनिम जींस शेष,scarcity:hi:19,synthetic_v1,0,0,0,0,1,0,0,0
Limited edition winter blanket — while supplies last,scarcity,scarcity,en,span,stock,[TAG=span] [ROLE=stock] Limited edition winter blanket — while supplies last,scarcity:en:09,synthetic_v1,0,0,0,0,1,0,0,0
कम स्टॉक: पावर बैंक की केवल 9 इकाई,scarcity,scarcity,hi,span,stock,[TAG=span] [ROLE=stock] कम स्टॉक: पावर बैंक की केवल 9 इकाई,scarcity:hi:03,synthetic_v1,0,0,0,0,1,0,0,0
60% of wireless earbuds stock already sold at Flipkart,scarcity,scarcity,en,p,promo,[TAG=p] [ROLE=promo] 60% of wireless earbuds stock already sold at Flipkart,scarcity:en:18,synthetic_v1,0,0,0,0,1,0,0,0
सीमित संस्करण इलेक्ट्रिक केतली — स्टक रहेसम्म,scarcity,scarcity,ne,span,stock,[TAG=span] [ROLE=stock] सीमित संस्करण इलेक्ट्रिक केतली — स्टक रहेसम्म,scarcity:ne:09,synthetic_v1,0,0,0,0,1,0,0,0
Last 3 gaming mouse at Rs. 799,scarcity,scarcity,en,p,promo,[TAG=p] [ROLE=promo] Last 3 gaming mouse at Rs. 799,scarcity:en:17,synthetic_v1,0,0,0,0,1,0,0,0
Low stock: only 2 units of denim jeans,scarcity,scarcity,en,div,badge,[TAG=div] [ROLE=badge] Low stock: only 2 units of denim jeans,scarcity:en:03,synthetic_v1,0,0,0,0,1,0,0,0
High demand — limited units of face wash,scarcity,scarcity,en,div,badge,[TAG=div] [ROLE=badge] High demand — limited units of face wash,scarcity:en:06,synthetic_v1,0,0,0,0,1,0,0,0
केवल 3 बचे — 25% छूट जल्द खत्म,scarcity|false_urgency,scarcity,hi,div,badge,[TAG=div] [ROLE=badge] केवल 3 बचे — 25% छूट जल्द खत्म,scarcity:hi:12,synthetic_v1,0,1,0,0,1,0,0,0
काठमाडौँ मा 8 कोठा मात्र बाँकी,scarcity,scarcity,ne,span,stock,[TAG=span] [ROLE=stock] काठमाडौँ मा 8 कोठा मात्र बाँकी,scarcity:ne:05,synthetic_v1,0,0,0,0,1,0,0,0
Low stock: only 8 units of yoga mat,scarcity,scarcity,en,span,stock,[TAG=span] [ROLE=stock] Low stock: only 8 units of yoga mat,scarcity:en:03,synthetic_v1,0,0,0,0,1,0,0,0
Zepto दिल्ली गोदाम: 3 योगा मैट शेष,scarcity,scarcity,hi,span,stock,[TAG=span] [ROLE=stock] Zepto दिल्ली गोदाम: 3 योगा मैट शेष,scarcity:hi:19,synthetic_v1,0,0,0,0,1,0,0,0
स्टॉक अलर्ट: 12 से कम बचे,scarcity,scarcity,hi,p,promo,[TAG=p] [ROLE=promo] स्टॉक अलर्ट: 12 से कम बचे,scarcity:hi:14,synthetic_v1,0,0,0,0,1,0,0,0
कम स्टॉक: कॉफी मेकर की केवल 2 इकाई,scarcity,scarcity,hi,div,badge,[TAG=div] [ROLE=badge] कम स्टॉक: कॉफी मेकर की केवल 2 इकाई,scarcity:hi:03,synthetic_v1,0,0,0,0,1,0,0,0
स्टकमा 4 मात्र बाँकी!,scarcity,scarcity,ne,span,stock,[TAG=span] [ROLE=stock] स्टकमा 4 मात्र बाँकी!,scarcity:ne:00,synthetic_v1,0,0,0,0,1,0,0,0
Almost sold out — 15% already claimed,scarcity,scarcity,en,p,promo,[TAG=p] [ROLE=promo] Almost sold out — 15% already claimed,scarcity:en:02,synthetic_v1,0,0,0,0,1,0,0,0
Lenskart पर कॉटन कुर्ता का 70% स्टॉक बिक चुका,scarcity,scarcity,hi,div,badge,[TAG=div] [ROLE=badge] Lenskart पर कॉटन कुर्ता का 70% स्टॉक बिक चुका,scarcity:hi:18,synthetic_v1,0,0,0,0,1,0,0,0
"आज 48 जनाले किन्नुभयो, स्टक सकिँदै",scarcity|social_proof,scarcity,ne,span,stock,"[TAG=span] [ROLE=stock] आज 48 जनाले किन्नुभयो, स्टक सकिँदै",scarcity:ne:07,synthetic_v1,0,0,0,0,1,0,1,0
Only 8 rice cooker remaining at this price,scarcity,scarcity,en,div,badge,[TAG=div] [ROLE=badge] Only 8 rice cooker remaining at this price,scarcity:en:01,synthetic_v1,0,0,0,0,1,0,0,0
सीमित संस्करण ब्याकप्याक — स्टक रहेसम्म,scarcity,scarcity,ne,p,promo,[TAG=p] [ROLE=promo] सीमित संस्करण ब्याकप्याक — स्टक रहेसम्म,scarcity:ne:09,synthetic_v1,0,0,0,0,1,0,0,0
"जल्दी करें, जयपुर गोदाम में 8 वायरलेस ईयरबड्स बचे",scarcity,scarcity,hi,p,promo,"[TAG=p] [ROLE=promo] जल्दी करें, जयपुर गोदाम में 8 वायरलेस ईयरबड्स बचे",scarcity:hi:13,synthetic_v1,0,0,0,0,1,0,0,0
रु. 699 मा अन्तिम 3 इन्डक्सन चुल्हो,scarcity,scarcity,ne,p,promo,[TAG=p] [ROLE=promo] रु. 699 मा अन्तिम 3 इन्डक्सन चुल्हो,scarcity:ne:17,synthetic_v1,0,0,0,0,1,0,0,0
कम स्टॉक: स्मार्टवॉच की केवल 9 इकाई,scarcity,scarcity,hi,p,promo,[TAG=p] [ROLE=promo] कम स्टॉक: स्मार्टवॉच की केवल 9 इकाई,scarcity:hi:03,synthetic_v1,0,0,0,0,1,0,0,0
रु. 99 मा अन्तिम 8 नोइज क्यान्सलिङ हेडफोन,scarcity,scarcity,ne,p,promo,[TAG=p] [ROLE=promo] रु. 99 मा अन्तिम 8 नोइज क्यान्सलिङ हेडफोन,scarcity:ne:17,synthetic_v1,0,0,0,0,1,0,0,0
Limited edition air fryer — while supplies last,scarcity,scarcity,en,span,stock,[TAG=span] [ROLE=stock] Limited edition air fryer — while supplies last,scarcity:en:09,synthetic_v1,0,0,0,0,1,0,0,0
9 मात्र बाँकी — 70% छुट चाँडै सकिन्छ,scarcity|false_urgency,scarcity,ne,div,badge,[TAG=div] [ROLE=badge] 9 मात्र बाँकी — 70% छुट चाँडै सकिन्छ,scarcity:ne:12,synthetic_v1,0,1,0,0,1,0,0,0
केवल 9 बचे — 5% छूट जल्द खत्म,scarcity|false_urgency,scarcity,hi,span,stock,[TAG=span] [ROLE=stock] केवल 9 बचे — 5% छूट जल्द खत्म,scarcity:hi:12,synthetic_v1,0,1,0,0,1,0,0,0
"छिटो गर्नुहोस्, हेटौंडा गोदाममा 4 ब्याकप्याक बाँकी",scarcity,scarcity,ne,div,badge,"[TAG=div] [ROLE=badge] छिटो गर्नुहोस्, हेटौंडा गोदाममा 4 ब्याकप्याक बाँकी",scarcity:ne:13,synthetic_v1,0,0,0,0,1,0,0,0
Snapdeal: हैदराबाद के लिए 1 इकाई बचीं,scarcity,scarcity,hi,div,badge,[TAG=div] [ROLE=badge] Snapdeal: हैदराबाद के लिए 1 इकाई बचीं,scarcity:hi:16,synthetic_v1,0,0,0,0,1,0,0,0
प्रायः सकियो — 70% बुक भइसक्यो,scarcity,scarcity,ne,span,stock,[TAG=span] [ROLE=stock] प्रायः सकियो — 70% बुक भइसक्यो,scarcity:ne:02,synthetic_v1,0,0,0,0,1,0,0,0
Only 12 yoga mat remaining at this price,scarcity,scarcity,en,p,promo,[TAG=p] [ROLE=promo] Only 12 yoga mat remaining at this price,scarcity:en:01,synthetic_v1,0,0,0,0,1,0,0,0
Ajio पर केवल 4 हेयर ड्रायर बचे,scarcity,scarcity,hi,p,promo,[TAG=p] [ROLE=promo] Ajio पर केवल 4 हेयर ड्रायर बचे,scarcity:hi:15,synthetic_v1,0,0,0,0,1,0,0,0
Amazon: हैदराबाद के लिए 4 इकाई बचीं,scarcity,scarcity,hi,span,stock,[TAG=span] [ROLE=stock] Amazon: हैदराबाद के लिए 4 इकाई बचीं,scarcity:hi:16,synthetic_v1,0,0,0,0,1,0,0,0
Myntra: 4 units left for Bhaktapur,scarcity,scarcity,en,span,stock,[TAG=span] [ROLE=stock] Myntra: 4 units left for Bhaktapur,scarcity:en:16,synthetic_v1,0,0,0,0,1,0,0,0
"रु. 2,499 पर केवल 10 बचे",scarcity,scarcity,hi,div,badge,"[TAG=div] [ROLE=badge] रु. 2,499 पर केवल 10 बचे",scarcity:hi:10,synthetic_v1,0,0,0,0,1,0,0,0
लगभग बिक चुका — 60% बुक हो गया,scarcity,scarcity,hi,div,badge,[TAG=div] [ROLE=badge] लगभग बिक चुका — 60% बुक हो गया,scarcity:hi:02,synthetic_v1,0,0,0,0,1,0,0,0
Nykaa पर फेस वॉश का 20% स्टॉक बिक चुका,scarcity,scarcity,hi,p,promo,[TAG=p] [ROLE=promo] Nykaa पर फेस वॉश का 20% स्टॉक बिक चुका,scarcity:hi:18,synthetic_v1,0,0,0,0,1,0,0,0
रु. 499 मा अन्तिम 2 स्कुल ब्याग,scarcity,scarcity,ne,p,promo,[TAG=p] [ROLE=promo] रु. 499 मा अन्तिम 2 स्कुल ब्याग,scarcity:ne:17,synthetic_v1,0,0,0,0,1,0,0,0
"रु. 2,999 पर केवल 7 बचे",scarcity,scarcity,hi,span,stock,"[TAG=span] [ROLE=stock] रु. 2,999 पर केवल 7 बचे",scarcity:hi:10,synthetic_v1,0,0,0,0,1,0,0,0
आगरा में केवल 9 कमरे बचे,scarcity,scarcity,hi,span,stock,[TAG=span] [ROLE=stock] आगरा में केवल 9 कमरे बचे,scarcity:hi:05,synthetic_v1,0,0,0,0,1,0,0,0
धनगढी मा 12 कोठा मात्र बाँकी,scarcity,scarcity,ne,div,badge,[TAG=div] [ROLE=badge] धनगढी मा 12 कोठा मात्र बाँकी,scarcity:ne:05,synthetic_v1,0,0,0,0,1,0,0,0
70% of power bank stock already sold at Thulo,scarcity,scarcity,en,p,promo,[TAG=p] [ROLE=promo] 70% of power bank stock already sold at Thulo,scarcity:en:18,synthetic_v1,0,0,0,0,1,0,0,0
Myntra पर केवल 4 फॉर्मल शर्ट बचे,scarcity,scarcity,hi,span,stock,[TAG=span] [ROLE=stock] Myntra पर केवल 4 फॉर्मल शर्ट बचे,scarcity:hi:15,synthetic_v1,0,0,0,0,1,0,0,0
Tata Cliq पर इलेक्ट्रिक केटल का 50% स्टॉक बिक चुका,scarcity,scarcity,hi,div,badge,[TAG=div] [ROLE=badge] Tata Cliq पर इलेक्ट्रिक केटल का 50% स्टॉक बिक चुका,scarcity:hi:18,synthetic_v1,0,0,0,0,1,0,0,0
Pepperfry: 2 units left for Pokhara,scarcity,scarcity,en,div,badge,[TAG=div] [ROLE=badge] Pepperfry: 2 units left for Pokhara,scarcity:en:16,synthetic_v1,0,0,0,0,1,0,0,0
यो मूल्यमा 6 गेमिङ माउस मात्र उपलब्ध,scarcity,scarcity,ne,div,badge,[TAG=div] [ROLE=badge] यो मूल्यमा 6 गेमिङ माउस मात्र उपलब्ध,scarcity:ne:01,synthetic_v1,0,0,0,0,1,0,0,0
"5,872 people bought this today, stock running out",scarcity|social_proof,scarcity,en,div,badge,"[TAG=div] [ROLE=badge] 5,872 people bought this today, stock running out",scarcity:en:07,synthetic_v1,0,0,0,0,1,0,1,0
SastoDeal मा 10 नोइज क्यान्सलिङ हेडफोन मात्र बाँकी,scarcity,scarcity,ne,div,badge,[TAG=div] [ROLE=badge] SastoDeal मा 10 नोइज क्यान्सलिङ हेडफोन मात्र बाँकी,scarcity:ne:15,synthetic_v1,0,0,0,0,1,0,0,0
Kinbech दमक गोदाम: 6 फेस वास बाँकी,scarcity,scarcity,ne,p,promo,[TAG=p] [ROLE=promo] Kinbech दमक गोदाम: 6 फेस वास बाँकी,scarcity:ne:19,synthetic_v1,0,0,0,0,1,0,0,0
Only 1 rooms left in Pokhara,scarcity,scarcity,en,span,stock,[TAG=span] [ROLE=stock] Only 1 rooms left in Pokhara,scarcity:en:05,synthetic_v1,0,0,0,0,1,0,0,0
रु. 99 पर केवल 9 बचे,scarcity,scarcity,hi,div,badge,[TAG=div] [ROLE=badge] रु. 99 पर केवल 9 बचे,scarcity:hi:10,synthetic_v1,0,0,0,0,1,0,0,0
OkDam: 1 units left for Indore,scarcity,scarcity,en,div,badge,[TAG=div] [ROLE=badge] OkDam: 1 units left for Indore,scarcity:en:16,synthetic_v1,0,0,0,0,1,0,0,0
Pepperfry पर फॉर्मल शर्ट का 15% स्टॉक बिक चुका,scarcity,scarcity,hi,span,stock,[TAG=span] [ROLE=stock] Pepperfry पर फॉर्मल शर्ट का 15% स्टॉक बिक चुका,scarcity:hi:18,synthetic_v1,0,0,0,0,1,0,0,0
स्टकमा 1 मात्र बाँकी!,scarcity,scarcity,ne,span,stock,[TAG=span] [ROLE=stock] स्टकमा 1 मात्र बाँकी!,scarcity:ne:00,synthetic_v1,0,0,0,0,1,0,0,0
Myntra चितवन गोदाम: 12 इलेक्ट्रिक केतली बाँकी,scarcity,scarcity,ne,p,promo,[TAG=p] [ROLE=promo] Myntra चितवन गोदाम: 12 इलेक्ट्रिक केतली बाँकी,scarcity:ne:19,synthetic_v1,0,0,0,0,1,0,0,0
Low stock: only 4 units of sports sandals,scarcity,scarcity,en,p,promo,[TAG=p] [ROLE=promo] Low stock: only 4 units of sports sandals,scarcity:en:03,synthetic_v1,0,0,0,0,1,0,0,0
रु. 449 पर केवल 8 बचे,scarcity,scarcity,hi,p,promo,[TAG=p] [ROLE=promo] रु. 449 पर केवल 8 बचे,scarcity:hi:10,synthetic_v1,0,0,0,0,1,0,0,0
बाँके मा 2 कोठा मात्र बाँकी,scarcity,scarcity,ne,span,stock,[TAG=span] [ROLE=stock] बाँके मा 2 कोठा मात्र बाँकी,scarcity:ne:05,synthetic_v1,0,0,0,0,1,0,0,0
यो मूल्यमा 4 डेनिम जिन्स मात्र उपलब्ध,scarcity,scarcity,ne,p,promo,[TAG=p] [ROLE=promo] यो मूल्यमा 4 डेनिम जिन्स मात्र उपलब्ध,scarcity:ne:01,synthetic_v1,0,0,0,0,1,0,0,0
नेपालगन्ज मा 9 कोठा मात्र बाँकी,scarcity,scarcity,ne,span,stock,[TAG=span] [ROLE=stock] नेपालगन्ज मा 9 कोठा मात्र बाँकी,scarcity:ne:05,synthetic_v1,0,0,0,0,1,0,0,0
Snapdeal: तनहुँ का लागि 1 थान बाँकी,scarcity,scarcity,ne,p,promo,[TAG=p] [ROLE=promo] Snapdeal: तनहुँ का लागि 1 थान बाँकी,scarcity:ne:16,synthetic_v1,0,0,0,0,1,0,0,0
Nykaa Dharan warehouse: 10 coffee maker remaining,scarcity,scarcity,en,div,badge,[TAG=div] [ROLE=badge] Nykaa Dharan warehouse: 10 coffee maker remaining,scarcity:en:19,synthetic_v1,0,0,0,0,1,0,0,0
"छिटो बिक्री हुँदैछ, 6 बाँकी",scarcity,scarcity,ne,p,promo,"[TAG=p] [ROLE=promo] छिटो बिक्री हुँदैछ, 6 बाँकी",scarcity:ne:08,synthetic_v1,0,0,0,0,1,0,0,0
अहिले 1 कार्टमा छ,scarcity,scarcity,ne,div,badge,[TAG=div] [ROLE=badge] अहिले 1 कार्टमा छ,scarcity:ne:11,synthetic_v1,0,0,0,0,1,0,0,0
Only 12 left — 10% off ends soon,scarcity|false_urgency,scarcity,en,span,stock,[TAG=span] [ROLE=stock] Only 12 left — 10% off ends soon,scarcity:en:12,synthetic_v1,0,1,0,0,1,0,0,0
Last 10 cotton kurta at Rs. 899,scarcity,scarcity,en,div,badge,[TAG=div] [ROLE=badge] Last 10 cotton kurta at Rs. 899,scarcity:en:17,synthetic_v1,0,0,0,0,1,0,0,0
Blinkit: धरान का लागि 12 थान बाँकी,scarcity,scarcity,ne,div,badge,[TAG=div] [ROLE=badge] Blinkit: धरान का लागि 12 थान बाँकी,scarcity:ne:16,synthetic_v1,0,0,0,0,1,0,0,0
"जल्दी करें, भोपाल गोदाम में 10 राइस कुकर बचे",scarcity,scarcity,hi,span,stock,"[TAG=span] [ROLE=stock] जल्दी करें, भोपाल गोदाम में 10 राइस कुकर बचे",scarcity:hi:13,synthetic_v1,0,0,0,0,1,0,0,0
"छिटो गर्नुहोस्, धरान गोदाममा 1 फेस वास बाँकी",scarcity,scarcity,ne,div,badge,"[TAG=div] [ROLE=badge] छिटो गर्नुहोस्, धरान गोदाममा 1 फेस वास बाँकी",scarcity:ne:13,synthetic_v1,0,0,0,0,1,0,0,0
रु. 249 मा अन्तिम 8 रनिङ जुत्ता,scarcity,scarcity,ne,div,badge,[TAG=div] [ROLE=badge] रु. 249 मा अन्तिम 8 रनिङ जुत्ता,scarcity:ne:17,synthetic_v1,0,0,0,0,1,0,0,0
"आज 203 जनाले किन्नुभयो, स्टक सकिँदै",scarcity|social_proof,scarcity,ne,p,promo,"[TAG=p] [ROLE=promo] आज 203 जनाले किन्नुभयो, स्टक सकिँदै",scarcity:ne:07,synthetic_v1,0,0,0,0,1,0,1,0
Only 8 face wash left at FirstCry,scarcity,scarcity,en,div,badge,[TAG=div] [ROLE=badge] Only 8 face wash left at FirstCry,scarcity:en:15,synthetic_v1,0,0,0,0,1,0,0,0
"Only 1 left at Rs. 1,499",scarcity,scarcity,en,span,stock,"[TAG=span] [ROLE=stock] Only 1 left at Rs. 1,499",scarcity:en:10,synthetic_v1,0,0,0,0,1,0,0,0
भारी मांग — ट्रेकिंग जैकेट की सीमित मात्रा,scarcity,scarcity,hi,div,badge,[TAG=div] [ROLE=badge] भारी मांग — ट्रेकिंग जैकेट की सीमित मात्रा,scarcity:hi:06,synthetic_v1,0,0,0,0,1,0,0,0
Only 3 rice cooker remaining at this price,scarcity,scarcity,en,span,stock,[TAG=span] [ROLE=stock] Only 3 rice cooker remaining at this price,scarcity:en:01,synthetic_v1,0,0,0,0,1,0,0,0
Last 6 induction cooktop at Rs. 149,scarcity,scarcity,en,span,stock,[TAG=span] [ROLE=stock] Last 6 induction cooktop at Rs. 149,scarcity:en:17,synthetic_v1,0,0,0,0,1,0,0,0
Kinbech: 8 units left for Lalitpur,scarcity,scarcity,en,span,stock,[TAG=span] [ROLE=stock] Kinbech: 8 units left for Lalitpur,scarcity:en:16,synthetic_v1,0,0,0,0,1,0,0,0
Only 8 smartwatch remaining at this price,scarcity,scarcity,en,div,badge,[TAG=div] [ROLE=badge] Only 8 smartwatch remaining at this price,scarcity:en:01,synthetic_v1,0,0,0,0,1,0,0,0
12 मात्र बाँकी — 40% छुट चाँडै सकिन्छ,scarcity|false_urgency,scarcity,ne,div,badge,[TAG=div] [ROLE=badge] 12 मात्र बाँकी — 40% छुट चाँडै सकिन्छ,scarcity:ne:12,synthetic_v1,0,1,0,0,1,0,0,0
स्टकमा 5 मात्र बाँकी!,scarcity,scarcity,ne,span,stock,[TAG=span] [ROLE=stock] स्टकमा 5 मात्र बाँकी!,scarcity:ne:00,synthetic_v1,0,0,0,0,1,0,0,0
Limited edition protein powder — while supplies last,scarcity,scarcity,en,span,stock,[TAG=span] [ROLE=stock] Limited edition protein powder — while supplies last,scarcity:en:09,synthetic_v1,0,0,0,0,1,0,0,0
Ajio Indore warehouse: 9 formal shirt remaining,scarcity,scarcity,en,div,badge,[TAG=div] [ROLE=badge] Ajio Indore warehouse: 9 formal shirt remaining,scarcity:en:19,synthetic_v1,0,0,0,0,1,0,0,0
Muncha मा प्रोटिन पाउडर को 70% स्टक बिक्री भइसक्यो,scarcity,scarcity,ne,span,stock,[TAG=span] [ROLE=stock] Muncha मा प्रोटिन पाउडर को 70% स्टक बिक्री भइसक्यो,scarcity:ne:18,synthetic_v1,0,0,0,0,1,0,0,0
40% of running shoes stock already sold at Gyapu,scarcity,scarcity,en,div,badge,[TAG=div] [ROLE=badge] 40% of running shoes stock already sold at Gyapu,scarcity:en:18,synthetic_v1,0,0,0,0,1,0,0,0
Only 3 left at Rs. 999,scarcity,scarcity,en,div,badge,[TAG=div] [ROLE=badge] Only 3 left at Rs. 999,scarcity:en:10,synthetic_v1,0,0,0,0,1,0,0,0
यो मूल्यमा 9 ट्रेकिङ ज्याकेट मात्र उपलब्ध,scarcity,scarcity,ne,span,stock,[TAG=span] [ROLE=stock] यो मूल्यमा 9 ट्रेकिङ ज्याकेट मात्र उपलब्ध,scarcity:ne:01,synthetic_v1,0,0,0,0,1,0,0,0
कम स्टक: राइस कुकर को 5 थान मात्र,scarcity,scarcity,ne,p,promo,[TAG=p] [ROLE=promo] कम स्टक: राइस कुकर को 5 थान मात्र,scarcity:ne:03,synthetic_v1,0,0,0,0,1,0,0,0
"Hurry, 4 office chair left in Nepalgunj warehouse",scarcity,scarcity,en,p,promo,"[TAG=p] [ROLE=promo] Hurry, 4 office chair left in Nepalgunj warehouse",scarcity:en:13,synthetic_v1,0,0,0,0,1,0,0,0
Only 1 sports sandals remaining at this price,scarcity,scarcity,en,p,promo,[TAG=p] [ROLE=promo] Only 1 sports sandals remaining at this price,scarcity:en:01,synthetic_v1,0,0,0,0,1,0,0,0
Flipkart: इंदौर के लिए 7 इकाई बचीं,scarcity,scarcity,hi,span,stock,[TAG=span] [ROLE=stock] Flipkart: इंदौर के लिए 7 इकाई बचीं,scarcity:hi:16,synthetic_v1,0,0,0,0,1,0,0,0
Only 4 formal shirt remaining at this price,scarcity,scarcity,en,p,promo,[TAG=p] [ROLE=promo] Only 4 formal shirt remaining at this price,scarcity:en:01,synthetic_v1,0,0,0,0,1,0,0,0
"जल्दी करें, भोपाल गोदाम में 12 पावर बैंक बचे",scarcity,scarcity,hi,div,badge,"[TAG=div] [ROLE=badge] जल्दी करें, भोपाल गोदाम में 12 पावर बैंक बचे",scarcity:hi:13,synthetic_v1,0,0,0,0,1,0,0,0
"छिटो गर्नुहोस्, चितवन गोदाममा 7 ट्रेकिङ ज्याकेट बाँकी",scarcity,scarcity,ne,span,stock,"[TAG=span] [ROLE=stock] छिटो गर्नुहोस्, चितवन गोदाममा 7 ट्रेकिङ ज्याकेट बाँकी",scarcity:ne:13,synthetic_v1,0,0,0,0,1,0,0,0
Low stock: only 6 units of sunglasses,scarcity,scarcity,en,p,promo,[TAG=p] [ROLE=promo] Low stock: only 6 units of sunglasses,scarcity:en:03,synthetic_v1,0,0,0,0,1,0,0,0
Ajio मा फेस वास को 20% स्टक बिक्री भइसक्यो,scarcity,scarcity,ne,div,badge,[TAG=div] [ROLE=badge] Ajio मा फेस वास को 20% स्टक बिक्री भइसक्यो,scarcity:ne:18,synthetic_v1,0,0,0,0,1,0,0,0
JioMart: विराटनगर का लागि 10 थान बाँकी,scarcity,scarcity,ne,span,stock,[TAG=span] [ROLE=stock] JioMart: विराटनगर का लागि 10 थान बाँकी,scarcity:ne:16,synthetic_v1,0,0,0,0,1,0,0,0
Last 4 sunglasses at Rs. 699,scarcity,scarcity,en,div,badge,[TAG=div] [ROLE=badge] Last 4 sunglasses at Rs. 699,scarcity:en:17,synthetic_v1,0,0,0,0,1,0,0,0
कम स्टॉक: धूप का चश्मा की केवल 9 इकाई,scarcity,scarcity,hi,span,stock,[TAG=span] [ROLE=stock] कम स्टॉक: धूप का चश्मा की केवल 9 इकाई,scarcity:hi:03,synthetic_v1,0,0,0,0,1,0,0,0
"रु. 1,199 मा 10 मात्र बाँकी",scarcity,scarcity,ne,p,promo,"[TAG=p] [ROLE=promo] रु. 1,199 मा 10 मात्र बाँकी",scarcity:ne:10,synthetic_v1,0,0,0,0,1,0,0,0
Only 1 winter blanket left at Gyapu,scarcity,scarcity,en,div,badge,[TAG=div] [ROLE=badge] Only 1 winter blanket left at Gyapu,scarcity:en:15,synthetic_v1,0,0,0,0,1,0,0,0
"आज 9,118 लोगों ने खरीदा, स्टॉक कम",scarcity|social_proof,scarcity,hi,p,promo,"[TAG=p] [ROLE=promo] आज 9,118 लोगों ने खरीदा, स्टॉक कम",scarcity:hi:07,synthetic_v1,0,0,0,0,1,0,1,0
यो मूल्यमा 2 पावर ब्यांक मात्र उपलब्ध,scarcity,scarcity,ne,div,badge,[TAG=div] [ROLE=badge] यो मूल्यमा 2 पावर ब्यांक मात्र उपलब्ध,scarcity:ne:01,synthetic_v1,0,0,0,0,1,0,0,0
रु. 349 मा 6 मात्र बाँकी,scarcity,scarcity,ne,span,stock,[TAG=span] [ROLE=stock] रु. 349 मा 6 मात्र बाँकी,scarcity:ne:10,synthetic_v1,0,0,0,0,1,0,0,0
कम स्टॉक: ट्रेकिंग जैकेट की केवल 9 इकाई,scarcity,scarcity,hi,span,stock,[TAG=span] [ROLE=stock] कम स्टॉक: ट्रेकिंग जैकेट की केवल 9 इकाई,scarcity:hi:03,synthetic_v1,0,0,0,0,1,0,0,0
Only 12 face wash left at JioMart,scarcity,scarcity,en,div,badge,[TAG=div] [ROLE=badge] Only 12 face wash left at JioMart,scarcity:en:15,synthetic_v1,0,0,0,0,1,0,0,0
"छिटो गर्नुहोस्, बाँके गोदाममा 7 नोइज क्यान्सलिङ हेडफोन बाँकी",scarcity,scarcity,ne,span,stock,"[TAG=span] [ROLE=stock] छिटो गर्नुहोस्, बाँके गोदाममा 7 नोइज क्यान्सलिङ हेडफोन बाँकी",scarcity:ne:13,synthetic_v1,0,0,0,0,1,0,0,0
इस दाम पर केवल 1 स्मार्टवॉच उपलब्ध,scarcity,scarcity,hi,span,stock,[TAG=span] [ROLE=stock] इस दाम पर केवल 1 स्मार्टवॉच उपलब्ध,scarcity:hi:01,synthetic_v1,0,0,0,0,1,0,0,0
रु. 199 पर केवल 6 बचे,scarcity,scarcity,hi,div,badge,[TAG=div] [ROLE=badge] रु. 199 पर केवल 6 बचे,scarcity:hi:10,synthetic_v1,0,0,0,0,1,0,0,0
Gyapu पर फॉर्मल शर्ट का 10% स्टॉक बिक चुका,scarcity,scarcity,hi,div,badge,[TAG=div] [ROLE=badge] Gyapu पर फॉर्मल शर्ट का 10% स्टॉक बिक चुका,scarcity:hi:18,synthetic_v1,0,0,0,0,1,0,0,0
JioMart भोपाल गोदाम: 10 स्मार्टवॉच शेष,scarcity,scarcity,hi,div,badge,[TAG=div] [ROLE=badge] JioMart भोपाल गोदाम: 10 स्मार्टवॉच शेष,scarcity:hi:19,synthetic_v1,0,0,0,0,1,0,0,0
Muncha मा 4 कटन कुर्ता मात्र बाँकी,scarcity,scarcity,ne,p,promo,[TAG=p] [ROLE=promo] Muncha मा 4 कटन कुर्ता मात्र बाँकी,scarcity:ne:15,synthetic_v1,0,0,0,0,1,0,0,0
Amazon मा पानीको बोतल को 60% स्टक बिक्री भइसक्यो,scarcity,scarcity,ne,div,badge,[TAG=div] [ROLE=badge] Amazon मा पानीको बोतल को 60% स्टक बिक्री भइसक्यो,scarcity:ne:18,synthetic_v1,0,0,0,0,1,0,0,0
केवल 4 बचे — 10% छूट जल्द खत्म,scarcity|false_urgency,scarcity,hi,span,stock,[TAG=span] [ROLE=stock] केवल 4 बचे — 10% छूट जल्द खत्म,scarcity:hi:12,synthetic_v1,0,1,0,0,1,0,0,0
8 मात्र बाँकी — 35% छुट चाँडै सकिन्छ,scarcity|false_urgency,scarcity,ne,div,badge,[TAG=div] [ROLE=badge] 8 मात्र बाँकी — 35% छुट चाँडै सकिन्छ,scarcity:ne:12,synthetic_v1,0,1,0,0,1,0,0,0
Pepperfry Indore warehouse: 7 yoga mat remaining,scarcity,scarcity,en,span,stock,[TAG=span] [ROLE=stock] Pepperfry Indore warehouse: 7 yoga mat remaining,scarcity:en:19,synthetic_v1,0,0,0,0,1,0,0,0
आख़िरी 6 पीस उपलब्ध,scarcity,scarcity,hi,div,badge,[TAG=div] [ROLE=badge] आख़िरी 6 पीस उपलब्ध,scarcity:hi:04,synthetic_v1,0,0,0,0,1,0,0,0
Only 5 left at Rs. 49,scarcity,scarcity,en,span,stock,[TAG=span] [ROLE=stock] Only 5 left at Rs. 49,scarcity:en:10,synthetic_v1,0,0,0,0,1,0,0,0
12 मात्र बाँकी — 30% छुट चाँडै सकिन्छ,scarcity|false_urgency,scarcity,ne,div,badge,[TAG=div] [ROLE=badge] 12 मात्र बाँकी — 30% छुट चाँडै सकिन्छ,scarcity:ne:12,synthetic_v1,0,1,0,0,1,0,0,0
Gyapu अहमदाबाद गोदाम: 1 ब्लूटूथ स्पीकर शेष,scarcity,scarcity,hi,p,promo,[TAG=p] [ROLE=promo] Gyapu अहमदाबाद गोदाम: 1 ब्लूटूथ स्पीकर शेष,scarcity:hi:19,synthetic_v1,0,0,0,0,1,0,0,0
Only 8 rooms left in Indore,scarcity,scarcity,en,div,badge,[TAG=div] [ROLE=badge] Only 8 rooms left in Indore,scarcity:en:05,synthetic_v1,0,0,0,0,1,0,0,0
HamroBazar पर कॉटन कुर्ता का 5% स्टॉक बिक चुका,scarcity,scarcity,hi,div,badge,[TAG=div] [ROLE=badge] HamroBazar पर कॉटन कुर्ता का 5% स्टॉक बिक चुका,scarcity:hi:18,synthetic_v1,0,0,0,0,1,0,0,0
Only 6 left at Rs. 149,scarcity,scarcity,en,p,promo,[TAG=p] [ROLE=promo] Only 6 left at Rs. 149,scarcity:en:10,synthetic_v1,0,0,0,0,1,0,0,0
Last 5 pieces available,scarcity,scarcity,en,p,promo,[TAG=p] [ROLE=promo] Last 5 pieces available,scarcity:en:04,synthetic_v1,0,0,0,0,1,0,0,0
यो मूल्यमा 8 हिउँदको ब्ल्याङ्केट मात्र उपलब्ध,scarcity,scarcity,ne,div,badge,[TAG=div] [ROLE=badge] यो मूल्यमा 8 हिउँदको ब्ल्याङ्केट मात्र उपलब्ध,scarcity:ne:01,synthetic_v1,0,0,0,0,1,0,0,0
कम स्टॉक: फेस वॉश की केवल 3 इकाई,scarcity,scarcity,hi,p,promo,[TAG=p] [ROLE=promo] कम स्टॉक: फेस वॉश की केवल 3 इकाई,scarcity:hi:03,synthetic_v1,0,0,0,0,1,0,0,0
सीमित संस्करण इलेक्ट्रिक केटल — जब तक स्टॉक,scarcity,scarcity,hi,div,badge,[TAG=div] [ROLE=badge] सीमित संस्करण इलेक्ट्रिक केटल — जब तक स्टॉक,scarcity:hi:09,synthetic_v1,0,0,0,0,1,0,0,0
कम स्टक: योगा म्याट को 5 थान मात्र,scarcity,scarcity,ne,p,promo,[TAG=p] [ROLE=promo] कम स्टक: योगा म्याट को 5 थान मात्र,scarcity:ne:03,synthetic_v1,0,0,0,0,1,0,0,0
सीमित संस्करण ल्यापटप ब्याग — स्टक रहेसम्म,scarcity,scarcity,ne,span,stock,[TAG=span] [ROLE=stock] सीमित संस्करण ल्यापटप ब्याग — स्टक रहेसम्म,scarcity:ne:09,synthetic_v1,0,0,0,0,1,0,0,0
रु. 699 पर आख़िरी 3 फोन कवर,scarcity,scarcity,hi,span,stock,[TAG=span] [ROLE=stock] रु. 699 पर आख़िरी 3 फोन कवर,scarcity:hi:17,synthetic_v1,0,0,0,0,1,0,0,0
केवल 8 बचे — 50% छूट जल्द खत्म,scarcity|false_urgency,scarcity,hi,div,badge,[TAG=div] [ROLE=badge] केवल 8 बचे — 50% छूट जल्द खत्म,scarcity:hi:12,synthetic_v1,0,1,0,0,1,0,0,0
Blinkit: सुर्खेत का लागि 9 थान बाँकी,scarcity,scarcity,ne,span,stock,[TAG=span] [ROLE=stock] Blinkit: सुर्खेत का लागि 9 थान बाँकी,scarcity:ne:16,synthetic_v1,0,0,0,0,1,0,0,0
BigBasket मा 6 ल्यापटप ब्याग मात्र बाँकी,scarcity,scarcity,ne,span,stock,[TAG=span] [ROLE=stock] BigBasket मा 6 ल्यापटप ब्याग मात्र बाँकी,scarcity:ne:15,synthetic_v1,0,0,0,0,1,0,0,0
7 मात्र बाँकी — 50% छुट चाँडै सकिन्छ,scarcity|false_urgency,scarcity,ne,span,stock,[TAG=span] [ROLE=stock] 7 मात्र बाँकी — 50% छुट चाँडै सकिन्छ,scarcity:ne:12,synthetic_v1,0,1,0,0,1,0,0,0
1 मात्र बाँकी — 60% छुट चाँडै सकिन्छ,scarcity|false_urgency,scarcity,ne,span,stock,[TAG=span] [ROLE=stock] 1 मात्र बाँकी — 60% छुट चाँडै सकिन्छ,scarcity:ne:12,synthetic_v1,0,1,0,0,1,0,0,0
30% of protein powder stock already sold at Kinbech,scarcity,scarcity,en,div,badge,[TAG=div] [ROLE=badge] 30% of protein powder stock already sold at Kinbech,scarcity:en:18,synthetic_v1,0,0,0,0,1,0,0,0
Snapdeal: विराटनगर का लागि 6 थान बाँकी,scarcity,scarcity,ne,p,promo,[TAG=p] [ROLE=promo] Snapdeal: विराटनगर का लागि 6 थान बाँकी,scarcity:ne:16,synthetic_v1,0,0,0,0,1,0,0,0
SastoDeal सूरत गोदाम: 1 ब्लूटूथ स्पीकर शेष,scarcity,scarcity,hi,span,stock,[TAG=span] [ROLE=stock] SastoDeal सूरत गोदाम: 1 ब्लूटूथ स्पीकर शेष,scarcity:hi:19,synthetic_v1,0,0,0,0,1,0,0,0
Only 2 left — 10% off ends soon,scarcity|false_urgency,scarcity,en,p,promo,[TAG=p] [ROLE=promo] Only 2 left — 10% off ends soon,scarcity:en:12,synthetic_v1,0,1,0,0,1,0,0,0
Only 9 sports sandals left at Lenskart,scarcity,scarcity,en,p,promo,[TAG=p] [ROLE=promo] Only 9 sports sandals left at Lenskart,scarcity:en:15,synthetic_v1,0,0,0,0,1,0,0,0
Pepperfry पर वायरलेस ईयरबड्स का 20% स्टॉक बिक चुका,scarcity,scarcity,hi,span,stock,[TAG=span] [ROLE=stock] Pepperfry पर वायरलेस ईयरबड्स का 20% स्टॉक बिक चुका,scarcity:hi:18,synthetic_v1,0,0,0,0,1,0,0,0
Zepto वीरगन्ज गोदाम: 6 हेयर ड्रायर बाँकी,scarcity,scarcity,ne,div,badge,[TAG=div] [ROLE=badge] Zepto वीरगन्ज गोदाम: 6 हेयर ड्रायर बाँकी,scarcity:ne:19,synthetic_v1,0,0,0,0,1,0,0,0
Kinbech मा 2 गेमिङ माउस मात्र बाँकी,scarcity,scarcity,ne,p,promo,[TAG=p] [ROLE=promo] Kinbech मा 2 गेमिङ माउस मात्र बाँकी,scarcity:ne:15,synthetic_v1,0,0,0,0,1,0,0,0
रु. 149 पर केवल 12 बचे,scarcity,scarcity,hi,div,badge,[TAG=div] [ROLE=badge] रु. 149 पर केवल 12 बचे,scarcity:hi:10,synthetic_v1,0,0,0,0,1,0,0,0
Kinbech मा 4 ल्यापटप ब्याग मात्र बाँकी,scarcity,scarcity,ne,span,stock,[TAG=span] [ROLE=stock] Kinbech मा 4 ल्यापटप ब्याग मात्र बाँकी,scarcity:ne:15,synthetic_v1,0,0,0,0,1,0,0,0
सीमित संस्करण फॉर्मल शर्ट — जब तक स्टॉक,scarcity,scarcity,hi,p,promo,[TAG=p] [ROLE=promo] सीमित संस्करण फॉर्मल शर्ट — जब तक स्टॉक,scarcity:hi:09,synthetic_v1,0,0,0,0,1,0,0,0
"तेजी से बिक रहा है, 7 बचे",scarcity,scarcity,hi,span,stock,"[TAG=span] [ROLE=stock] तेजी से बिक रहा है, 7 बचे",scarcity:hi:08,synthetic_v1,0,0,0,0,1,0,0,0
Zepto भक्तपुर गोदाम: 3 हेयर ड्रायर बाँकी,scarcity,scarcity,ne,span,stock,[TAG=span] [ROLE=stock] Zepto भक्तपुर गोदाम: 3 हेयर ड्रायर बाँकी,scarcity:ne:19,synthetic_v1,0,0,0,0,1,0,0,0
Only 2 gaming mouse remaining at this price,scarcity,scarcity,en,div,badge,[TAG=div] [ROLE=badge] Only 2 gaming mouse remaining at this price,scarcity:en:01,synthetic_v1,0,0,0,0,1,0,0,0
Only 12 left at Rs. 499,scarcity,scarcity,en,div,badge,[TAG=div] [ROLE=badge] Only 12 left at Rs. 499,scarcity:en:10,synthetic_v1,0,0,0,0,1,0,0,0
"जल्दी करें, दिल्ली गोदाम में 4 बैकपैक बचे",scarcity,scarcity,hi,span,stock,"[TAG=span] [ROLE=stock] जल्दी करें, दिल्ली गोदाम में 4 बैकपैक बचे",scarcity:hi:13,synthetic_v1,0,0,0,0,1,0,0,0
रु. 449 मा 5 मात्र बाँकी,scarcity,scarcity,ne,div,badge,[TAG=div] [ROLE=badge] रु. 449 मा 5 मात्र बाँकी,scarcity:ne:10,synthetic_v1,0,0,0,0,1,0,0,0
Lenskart भक्तपुर गोदाम: 3 पावर ब्यांक बाँकी,scarcity,scarcity,ne,p,promo,[TAG=p] [ROLE=promo] Lenskart भक्तपुर गोदाम: 3 पावर ब्यांक बाँकी,scarcity:ne:19,synthetic_v1,0,0,0,0,1,0,0,0
"रु. 2,999 पर आख़िरी 3 बैकपैक",scarcity,scarcity,hi,p,promo,"[TAG=p] [ROLE=promo] रु. 2,999 पर आख़िरी 3 बैकपैक",scarcity:hi:17,synthetic_v1,0,0,0,0,1,0,0,0
Only 8 left at Rs. 249,scarcity,scarcity,en,div,badge,[TAG=div] [ROLE=badge] Only 8 left at Rs. 249,scarcity:en:10,synthetic_v1,0,0,0,0,1,0,0,0
"रु. 1,199 पर आख़िरी 10 रनिंग शूज़",scarcity,scarcity,hi,span,stock,"[TAG=span] [ROLE=stock] रु. 1,199 पर आख़िरी 10 रनिंग शूज़",scarcity:hi:17,synthetic_v1,0,0,0,0,1,0,0,0
Tata Cliq: कानपुर के लिए 3 इकाई बचीं,scarcity,scarcity,hi,span,stock,[TAG=span] [ROLE=stock] Tata Cliq: कानपुर के लिए 3 इकाई बचीं,scarcity:hi:16,synthetic_v1,0,0,0,0,1,0,0,0
Amazon मा 1 स्पोर्ट्स चप्पल मात्र बाँकी,scarcity,scarcity,ne,p,promo,[TAG=p] [ROLE=promo] Amazon मा 1 स्पोर्ट्स चप्पल मात्र बाँकी,scarcity:ne:15,synthetic_v1,0,0,0,0,1,0,0,0
पोखरा मा 2 कोठा मात्र बाँकी,scarcity,scarcity,ne,div,badge,[TAG=div] [ROLE=badge] पोखरा मा 2 कोठा मात्र बाँकी,scarcity:ne:05,synthetic_v1,0,0,0,0,1,0,0,0
"Hurry, 9 study lamp left in Biratnagar warehouse",scarcity,scarcity,en,span,stock,"[TAG=span] [ROLE=stock] Hurry, 9 study lamp left in Biratnagar warehouse",scarcity:en:13,synthetic_v1,0,0,0,0,1,0,0,0
"रु. 2,499 पर केवल 5 बचे",scarcity,scarcity,hi,div,badge,"[TAG=div] [ROLE=badge] रु. 2,499 पर केवल 5 बचे",scarcity:hi:10,synthetic_v1,0,0,0,0,1,0,0,0
Reliance Digital मा ब्लुटुथ स्पिकर को 30% स्टक बिक्री भइसक्यो,scarcity,scarcity,ne,div,badge,[TAG=div] [ROLE=badge] Reliance Digital मा ब्लुटुथ स्पिकर को 30% स्टक बिक्री भइसक्यो,scarcity:ne:18,synthetic_v1,0,0,0,0,1,0,0,0
Only 7 school bag left at Myntra,scarcity,scarcity,en,div,badge,[TAG=div] [ROLE=badge] Only 7 school bag left at Myntra,scarcity:en:15,synthetic_v1,0,0,0,0,1,0,0,0
लगभग बिक चुका — 50% बुक हो गया,scarcity,scarcity,hi,p,promo,[TAG=p] [ROLE=promo] लगभग बिक चुका — 50% बुक हो गया,scarcity:hi:02,synthetic_v1,0,0,0,0,1,0,0,0
बेंगलुरु में केवल 6 कमरे बचे,scarcity,scarcity,hi,div,badge,[TAG=div] [ROLE=badge] बेंगलुरु में केवल 6 कमरे बचे,scarcity:hi:05,synthetic_v1,0,0,0,0,1,0,0,0
Croma मा 1 स्कुल ब्याग मात्र बाँकी,scarcity,scarcity,ne,p,promo,[TAG=p] [ROLE=promo] Croma मा 1 स्कुल ब्याग मात्र बाँकी,scarcity:ne:15,synthetic_v1,0,0,0,0,1,0,0,0
काठमाडौँ मा 9 कोठा मात्र बाँकी,scarcity,scarcity,ne,p,promo,[TAG=p] [ROLE=promo] काठमाडौँ मा 9 कोठा मात्र बाँकी,scarcity:ne:05,synthetic_v1,0,0,0,0,1,0,0,0
यो मूल्यमा 2 कटन कुर्ता मात्र उपलब्ध,scarcity,scarcity,ne,div,badge,[TAG=div] [ROLE=badge] यो मूल्यमा 2 कटन कुर्ता मात्र उपलब्ध,scarcity:ne:01,synthetic_v1,0,0,0,0,1,0,0,0
कम स्टक: एयर फ्रायर को 5 थान मात्र,scarcity,scarcity,ne,span,stock,[TAG=span] [ROLE=stock] कम स्टक: एयर फ्रायर को 5 थान मात्र,scarcity:ne:03,synthetic_v1,0,0,0,0,1,0,0,0
भारी मांग — पावर बैंक की सीमित मात्रा,scarcity,scarcity,hi,p,promo,[TAG=p] [ROLE=promo] भारी मांग — पावर बैंक की सीमित मात्रा,scarcity:hi:06,synthetic_v1,0,0,0,0,1,0,0,0
6 मात्र बाँकी — 15% छुट चाँडै सकिन्छ,scarcity|false_urgency,scarcity,ne,span,stock,[TAG=span] [ROLE=stock] 6 मात्र बाँकी — 15% छुट चाँडै सकिन्छ,scarcity:ne:12,synthetic_v1,0,1,0,0,1,0,0,0
"Only 2 left at Rs. 1,199",scarcity,scarcity,en,span,stock,"[TAG=span] [ROLE=stock] Only 2 left at Rs. 1,199",scarcity:en:10,synthetic_v1,0,0,0,0,1,0,0,0
Only 6 left — 25% off ends soon,scarcity|false_urgency,scarcity,en,p,promo,[TAG=p] [ROLE=promo] Only 6 left — 25% off ends soon,scarcity:en:12,synthetic_v1,0,1,0,0,1,0,0,0
7 मात्र बाँकी — 60% छुट चाँडै सकिन्छ,scarcity|false_urgency,scarcity,ne,p,promo,[TAG=p] [ROLE=promo] 7 मात्र बाँकी — 60% छुट चाँडै सकिन्छ,scarcity:ne:12,synthetic_v1,0,1,0,0,1,0,0,0
"Last 6 induction cooktop at Rs. 1,199",scarcity,scarcity,en,span,stock,"[TAG=span] [ROLE=stock] Last 6 induction cooktop at Rs. 1,199",scarcity:en:17,synthetic_v1,0,0,0,0,1,0,0,0
वीरगन्ज मा 5 कोठा मात्र बाँकी,scarcity,scarcity,ne,p,promo,[TAG=p] [ROLE=promo] वीरगन्ज मा 5 कोठा मात्र बाँकी,scarcity:ne:05,synthetic_v1,0,0,0,0,1,0,0,0
HamroBazar पर फोन कवर का 35% स्टॉक बिक चुका,scarcity,scarcity,hi,span,stock,[TAG=span] [ROLE=stock] HamroBazar पर फोन कवर का 35% स्टॉक बिक चुका,scarcity:hi:18,synthetic_v1,0,0,0,0,1,0,0,0
Only 6 study lamp remaining at this price,scarcity,scarcity,en,div,badge,[TAG=div] [ROLE=badge] Only 6 study lamp remaining at this price,scarcity:en:01,synthetic_v1,0,0,0,0,1,0,0,0
आख़िरी 12 पीस उपलब्ध,scarcity,scarcity,hi,p,promo,[TAG=p] [ROLE=promo] आख़िरी 12 पीस उपलब्ध,scarcity:hi:04,synthetic_v1,0,0,0,0,1,0,0,0
9 मात्र बाँकी — 20% छुट चाँडै सकिन्छ,scarcity|false_urgency,scarcity,ne,div,badge,[TAG=div] [ROLE=badge] 9 मात्र बाँकी — 20% छुट चाँडै सकिन्छ,scarcity:ne:12,synthetic_v1,0,1,0,0,1,0,0,0
Croma पर स्पोर्ट्स सैंडल का 10% स्टॉक बिक चुका,scarcity,scarcity,hi,span,stock,[TAG=span] [ROLE=stock] Croma पर स्पोर्ट्स सैंडल का 10% स्टॉक बिक चुका,scarcity:hi:18,synthetic_v1,0,0,0,0,1,0,0,0
"रु. 1,999 पर केवल 4 बचे",scarcity,scarcity,hi,span,stock,"[TAG=span] [ROLE=stock] रु. 1,999 पर केवल 4 बचे",scarcity:hi:10,synthetic_v1,0,0,0,0,1,0,0,0
"रु. 2,999 पर केवल 1 बचे",scarcity,scarcity,hi,p,promo,"[TAG=p] [ROLE=promo] रु. 2,999 पर केवल 1 बचे",scarcity:hi:10,synthetic_v1,0,0,0,0,1,0,0,0
"आज 512 लोगों ने खरीदा, स्टॉक कम",scarcity|social_proof,scarcity,hi,span,stock,"[TAG=span] [ROLE=stock] आज 512 लोगों ने खरीदा, स्टॉक कम",scarcity:hi:07,synthetic_v1,0,0,0,0,1,0,1,0
दिल्ली में केवल 3 कमरे बचे,scarcity,scarcity,hi,div,badge,[TAG=div] [ROLE=badge] दिल्ली में केवल 3 कमरे बचे,scarcity:hi:05,synthetic_v1,0,0,0,0,1,0,0,0
"जल्दी करें, नासिक गोदाम में 1 इलेक्ट्रिक केटल बचे",scarcity,scarcity,hi,div,badge,"[TAG=div] [ROLE=badge] जल्दी करें, नासिक गोदाम में 1 इलेक्ट्रिक केटल बचे",scarcity:hi:13,synthetic_v1,0,0,0,0,1,0,0,0
Only 12 left at Rs. 149,scarcity,scarcity,en,span,stock,[TAG=span] [ROLE=stock] Only 12 left at Rs. 149,scarcity:en:10,synthetic_v1,0,0,0,0,1,0,0,0
SastoDeal मा 10 प्रोटिन पाउडर मात्र बाँकी,scarcity,scarcity,ne,p,promo,[TAG=p] [ROLE=promo] SastoDeal मा 10 प्रोटिन पाउडर मात्र बाँकी,scarcity:ne:15,synthetic_v1,0,0,0,0,1,0,0,0
बुटवल मा 8 कोठा मात्र बाँकी,scarcity,scarcity,ne,p,promo,[TAG=p] [ROLE=promo] बुटवल मा 8 कोठा मात्र बाँकी,scarcity:ne:05,synthetic_v1,0,0,0,0,1,0,0,0
यो मूल्यमा 6 ब्याकप्याक मात्र उपलब्ध,scarcity,scarcity,ne,div,badge,[TAG=div] [ROLE=badge] यो मूल्यमा 6 ब्याकप्याक मात्र उपलब्ध,scarcity:ne:01,synthetic_v1,0,0,0,0,1,0,0,0
Ajio पर केवल 5 लैपटॉप बैग बचे,scarcity,scarcity,hi,span,stock,[TAG=span] [ROLE=stock] Ajio पर केवल 5 लैपटॉप बैग बचे,scarcity:hi:15,synthetic_v1,0,0,0,0,1,0,0,0
Blinkit पर केवल 2 वायरलेस ईयरबड्स बचे,scarcity,scarcity,hi,div,badge,[TAG=div] [ROLE=badge] Blinkit पर केवल 2 वायरलेस ईयरबड्स बचे,scarcity:hi:15,synthetic_v1,0,0,0,0,1,0,0,0
अहिले 2 कार्टमा छ,scarcity,scarcity,ne,div,badge,[TAG=div] [ROLE=badge] अहिले 2 कार्टमा छ,scarcity:ne:11,synthetic_v1,0,0,0,0,1,0,0,0
रु. 49 पर आख़िरी 12 योगा मैट,scarcity,scarcity,hi,p,promo,[TAG=p] [ROLE=promo] रु. 49 पर आख़िरी 12 योगा मैट,scarcity:hi:17,synthetic_v1,0,0,0,0,1,0,0,0
रु. 699 पर केवल 6 बचे,scarcity,scarcity,hi,div,badge,[TAG=div] [ROLE=badge] रु. 699 पर केवल 6 बचे,scarcity:hi:10,synthetic_v1,0,0,0,0,1,0,0,0
Amazon मा 7 स्पोर्ट्स चप्पल मात्र बाँकी,scarcity,scarcity,ne,div,badge,[TAG=div] [ROLE=badge] Amazon मा 7 स्पोर्ट्स चप्पल मात्र बाँकी,scarcity:ne:15,synthetic_v1,0,0,0,0,1,0,0,0
कम स्टक: डेनिम जिन्स को 8 थान मात्र,scarcity,scarcity,ne,span,stock,[TAG=span] [ROLE=stock] कम स्टक: डेनिम जिन्स को 8 थान मात्र,scarcity:ne:03,synthetic_v1,0,0,0,0,1,0,0,0
रु. 49 मा 12 मात्र बाँकी,scarcity,scarcity,ne,div,badge,[TAG=div] [ROLE=badge] रु. 49 मा 12 मात्र बाँकी,scarcity:ne:10,synthetic_v1,0,0,0,0,1,0,0,0
Low stock: only 2 units of sports sandals,scarcity,scarcity,en,span,stock,[TAG=span] [ROLE=stock] Low stock: only 2 units of sports sandals,scarcity:en:03,synthetic_v1,0,0,0,0,1,0,0,0
Salesberry: 9 units left for Lucknow,scarcity,scarcity,en,p,promo,[TAG=p] [ROLE=promo] Salesberry: 9 units left for Lucknow,scarcity:en:16,synthetic_v1,0,0,0,0,1,0,0,0
Only 6 rooms left in Bhaktapur,scarcity,scarcity,en,span,stock,[TAG=span] [ROLE=stock] Only 6 rooms left in Bhaktapur,scarcity:en:05,synthetic_v1,0,0,0,0,1,0,0,0
SastoDeal: पटना के लिए 4 इकाई बचीं,scarcity,scarcity,hi,p,promo,[TAG=p] [ROLE=promo] SastoDeal: पटना के लिए 4 इकाई बचीं,scarcity:hi:16,synthetic_v1,0,0,0,0,1,0,0,0
धनगढी मा 8 कोठा मात्र बाँकी,scarcity,scarcity,ne,p,promo,[TAG=p] [ROLE=promo] धनगढी मा 8 कोठा मात्र बाँकी,scarcity:ne:05,synthetic_v1,0,0,0,0,1,0,0,0
Only 12 coffee maker remaining at this price,scarcity,scarcity,en,span,stock,[TAG=span] [ROLE=stock] Only 12 coffee maker remaining at this price,scarcity:en:01,synthetic_v1,0,0,0,0,1,0,0,0
In 1 carts right now,scarcity,scarcity,en,p,promo,[TAG=p] [ROLE=promo] In 1 carts right now,scarcity:en:11,synthetic_v1,0,0,0,0,1,0,0,0
Only 7 left — 15% off ends soon,scarcity|false_urgency,scarcity,en,p,promo,[TAG=p] [ROLE=promo] Only 7 left — 15% off ends soon,scarcity:en:12,synthetic_v1,0,1,0,0,1,0,0,0
Last 4 denim jeans at Rs. 399,scarcity,scarcity,en,div,badge,[TAG=div] [ROLE=badge] Last 4 denim jeans at Rs. 399,scarcity:en:17,synthetic_v1,0,0,0,0,1,0,0,0
Only 8 power bank remaining at this price,scarcity,scarcity,en,div,badge,[TAG=div] [ROLE=badge] Only 8 power bank remaining at this price,scarcity:en:01,synthetic_v1,0,0,0,0,1,0,0,0
रु. 349 मा 4 मात्र बाँकी,scarcity,scarcity,ne,p,promo,[TAG=p] [ROLE=promo] रु. 349 मा 4 मात्र बाँकी,scarcity:ne:10,synthetic_v1,0,0,0,0,1,0,0,0
Kinbech: 5 units left for Pune,scarcity,scarcity,en,div,badge,[TAG=div] [ROLE=badge] Kinbech: 5 units left for Pune,scarcity:en:16,synthetic_v1,0,0,0,0,1,0,0,0
Only 2 left — 20% off ends soon,scarcity|false_urgency,scarcity,en,p,promo,[TAG=p] [ROLE=promo] Only 2 left — 20% off ends soon,scarcity:en:12,synthetic_v1,0,1,0,0,1,0,0,0
Meesho मा स्पोर्ट्स चप्पल को 15% स्टक बिक्री भइसक्यो,scarcity,scarcity,ne,div,badge,[TAG=div] [ROLE=badge] Meesho मा स्पोर्ट्स चप्पल को 15% स्टक बिक्री भइसक्यो,scarcity:ne:18,synthetic_v1,0,0,0,0,1,0,0,0
सीमित संस्करण प्रोटीन पाउडर — जब तक स्टॉक,scarcity,scarcity,hi,div,badge,[TAG=div] [ROLE=badge] सीमित संस्करण प्रोटीन पाउडर — जब तक स्टॉक,scarcity:hi:09,synthetic_v1,0,0,0,0,1,0,0,0
Myntra: भोपाल के लिए 3 इकाई बचीं,scarcity,scarcity,hi,div,badge,[TAG=div] [ROLE=badge] Myntra: भोपाल के लिए 3 इकाई बचीं,scarcity:hi:16,synthetic_v1,0,0,0,0,1,0,0,0
यो मूल्यमा 10 स्पोर्ट्स चप्पल मात्र उपलब्ध,scarcity,scarcity,ne,div,badge,[TAG=div] [ROLE=badge] यो मूल्यमा 10 स्पोर्ट्स चप्पल मात्र उपलब्ध,scarcity:ne:01,synthetic_v1,0,0,0,0,1,0,0,0
पटना में केवल 2 कमरे बचे,scarcity,scarcity,hi,span,stock,[TAG=span] [ROLE=stock] पटना में केवल 2 कमरे बचे,scarcity:hi:05,synthetic_v1,0,0,0,0,1,0,0,0
कम स्टॉक: ब्लूटूथ स्पीकर की केवल 10 इकाई,scarcity,scarcity,hi,span,stock,[TAG=span] [ROLE=stock] कम स्टॉक: ब्लूटूथ स्पीकर की केवल 10 इकाई,scarcity:hi:03,synthetic_v1,0,0,0,0,1,0,0,0
"आज 34,118 जनाले किन्नुभयो, स्टक सकिँदै",scarcity|social_proof,scarcity,ne,p,promo,"[TAG=p] [ROLE=promo] आज 34,118 जनाले किन्नुभयो, स्टक सकिँदै",scarcity:ne:07,synthetic_v1,0,0,0,0,1,0,1,0
"आज 247 लोगों ने खरीदा, स्टॉक कम",scarcity|social_proof,scarcity,hi,span,stock,"[TAG=span] [ROLE=stock] आज 247 लोगों ने खरीदा, स्टॉक कम",scarcity:hi:07,synthetic_v1,0,0,0,0,1,0,1,0
Almost sold out — 70% already claimed,scarcity,scarcity,en,p,promo,[TAG=p] [ROLE=promo] Almost sold out — 70% already claimed,scarcity:en:02,synthetic_v1,0,0,0,0,1,0,0,0
"रु. 1,999 मा 7 मात्र बाँकी",scarcity,scarcity,ne,p,promo,"[TAG=p] [ROLE=promo] रु. 1,999 मा 7 मात्र बाँकी",scarcity:ne:10,synthetic_v1,0,0,0,0,1,0,0,0
Only 5 office chair remaining at this price,scarcity,scarcity,en,div,badge,[TAG=div] [ROLE=badge] Only 5 office chair remaining at this price,scarcity:en:01,synthetic_v1,0,0,0,0,1,0,0,0
Pepperfry मा हेयर ड्रायर को 15% स्टक बिक्री भइसक्यो,scarcity,scarcity,ne,span,stock,[TAG=span] [ROLE=stock] Pepperfry मा हेयर ड्रायर को 15% स्टक बिक्री भइसक्यो,scarcity:ne:18,synthetic_v1,0,0,0,0,1,0,0,0
"14,860 people bought this today, stock running out",scarcity|social_proof,scarcity,en,div,badge,"[TAG=div] [ROLE=badge] 14,860 people bought this today, stock running out",scarcity:en:07,synthetic_v1,0,0,0,0,1,0,1,0
"Selling fast, 10 left",scarcity,scarcity,en,p,promo,"[TAG=p] [ROLE=promo] Selling fast, 10 left",scarcity:en:08,synthetic_v1,0,0,0,0,1,0,0,0
रु. 199 मा 5 मात्र बाँकी,scarcity,scarcity,ne,span,stock,[TAG=span] [ROLE=stock] रु. 199 मा 5 मात्र बाँकी,scarcity:ne:10,synthetic_v1,0,0,0,0,1,0,0,0
Only 3 left — 80% off ends soon,scarcity|false_urgency,scarcity,en,p,promo,[TAG=p] [ROLE=promo] Only 3 left — 80% off ends soon,scarcity:en:12,synthetic_v1,0,1,0,0,1,0,0,0
Almost sold out — 50% already claimed,scarcity,scarcity,en,div,badge,[TAG=div] [ROLE=badge] Almost sold out — 50% already claimed,scarcity:en:02,synthetic_v1,0,0,0,0,1,0,0,0
"रु. 2,999 मा 7 मात्र बाँकी",scarcity,scarcity,ne,div,badge,"[TAG=div] [ROLE=badge] रु. 2,999 मा 7 मात्र बाँकी",scarcity:ne:10,synthetic_v1,0,0,0,0,1,0,0,0
उच्च माग — फेस वास को सीमित परिमाण,scarcity,scarcity,ne,span,stock,[TAG=span] [ROLE=stock] उच्च माग — फेस वास को सीमित परिमाण,scarcity:ne:06,synthetic_v1,0,0,0,0,1,0,0,0
Only 7 yoga mat remaining at this price,scarcity,scarcity,en,span,stock,[TAG=span] [ROLE=stock] Only 7 yoga mat remaining at this price,scarcity:en:01,synthetic_v1,0,0,0,0,1,0,0,0
रु. 349 मा 9 मात्र बाँकी,scarcity,scarcity,ne,p,promo,[TAG=p] [ROLE=promo] रु. 349 मा 9 मात्र बाँकी,scarcity:ne:10,synthetic_v1,0,0,0,0,1,0,0,0
4 मात्र बाँकी — 30% छुट चाँडै सकिन्छ,scarcity|false_urgency,scarcity,ne,p,promo,[TAG=p] [ROLE=promo] 4 मात्र बाँकी — 30% छुट चाँडै सकिन्छ,scarcity:ne:12,synthetic_v1,0,1,0,0,1,0,0,0
रु. 599 पर आख़िरी 1 स्मार्टवॉच,scarcity,scarcity,hi,span,stock,[TAG=span] [ROLE=stock] रु. 599 पर आख़िरी 1 स्मार्टवॉच,scarcity:hi:17,synthetic_v1,0,0,0,0,1,0,0,0
Low stock: only 3 units of water bottle,scarcity,scarcity,en,p,promo,[TAG=p] [ROLE=promo] Low stock: only 3 units of water bottle,scarcity:en:03,synthetic_v1,0,0,0,0,1,0,0,0
ललितपुर मा 10 कोठा मात्र बाँकी,scarcity,scarcity,ne,span,stock,[TAG=span] [ROLE=stock] ललितपुर मा 10 कोठा मात्र बाँकी,scarcity:ne:05,synthetic_v1,0,0,0,0,1,0,0,0
"रु. 2,499 पर केवल 7 बचे",scarcity,scarcity,hi,div,badge,"[TAG=div] [ROLE=badge] रु. 2,499 पर केवल 7 बचे",scarcity:hi:10,synthetic_v1,0,0,0,0,1,0,0,0
रु. 449 पर आख़िरी 5 ब्लूटूथ स्पीकर,scarcity,scarcity,hi,p,promo,[TAG=p] [ROLE=promo] रु. 449 पर आख़िरी 5 ब्लूटूथ स्पीकर,scarcity:hi:17,synthetic_v1,0,0,0,0,1,0,0,0
बागलुङ मा 1 कोठा मात्र बाँकी,scarcity,scarcity,ne,p,promo,[TAG=p] [ROLE=promo] बागलुङ मा 1 कोठा मात्र बाँकी,scarcity:ne:05,synthetic_v1,0,0,0,0,1,0,0,0
"छिटो गर्नुहोस्, वीरगन्ज गोदाममा 1 योगा म्याट बाँकी",scarcity,scarcity,ne,span,stock,"[TAG=span] [ROLE=stock] छिटो गर्नुहोस्, वीरगन्ज गोदाममा 1 योगा म्याट बाँकी",scarcity:ne:13,synthetic_v1,0,0,0,0,1,0,0,0
Flipkart: ललितपुर का लागि 6 थान बाँकी,scarcity,scarcity,ne,p,promo,[TAG=p] [ROLE=promo] Flipkart: ललितपुर का लागि 6 थान बाँकी,scarcity:ne:16,synthetic_v1,0,0,0,0,1,0,0,0
"Selling fast, 9 left",scarcity,scarcity,en,span,stock,"[TAG=span] [ROLE=stock] Selling fast, 9 left",scarcity:en:08,synthetic_v1,0,0,0,0,1,0,0,0
"छिटो गर्नुहोस्, वीरगन्ज गोदाममा 9 स्पोर्ट्स चप्पल बाँकी",scarcity,scarcity,ne,span,stock,"[TAG=span] [ROLE=stock] छिटो गर्नुहोस्, वीरगन्ज गोदाममा 9 स्पोर्ट्स चप्पल बाँकी",scarcity:ne:13,synthetic_v1,0,0,0,0,1,0,0,0
इस दाम पर केवल 1 कॉफी मेकर उपलब्ध,scarcity,scarcity,hi,span,stock,[TAG=span] [ROLE=stock] इस दाम पर केवल 1 कॉफी मेकर उपलब्ध,scarcity:hi:01,synthetic_v1,0,0,0,0,1,0,0,0
"आज 14,860 जनाले किन्नुभयो, स्टक सकिँदै",scarcity|social_proof,scarcity,ne,span,stock,"[TAG=span] [ROLE=stock] आज 14,860 जनाले किन्नुभयो, स्टक सकिँदै",scarcity:ne:07,synthetic_v1,0,0,0,0,1,0,1,0
कम स्टक: नोइज क्यान्सलिङ हेडफोन को 3 थान मात्र,scarcity,scarcity,ne,div,badge,[TAG=div] [ROLE=badge] कम स्टक: नोइज क्यान्सलिङ हेडफोन को 3 थान मात्र,scarcity:ne:03,synthetic_v1,0,0,0,0,1,0,0,0
Low stock: only 5 units of formal shirt,scarcity,scarcity,en,div,badge,[TAG=div] [ROLE=badge] Low stock: only 5 units of formal shirt,scarcity:en:03,synthetic_v1,0,0,0,0,1,0,0,0
Snapdeal: विराटनगर का लागि 7 थान बाँकी,scarcity,scarcity,ne,div,badge,[TAG=div] [ROLE=badge] Snapdeal: विराटनगर का लागि 7 थान बाँकी,scarcity:ne:16,synthetic_v1,0,0,0,0,1,0,0,0
Kinbech: 8 units left for Chitwan,scarcity,scarcity,en,div,badge,[TAG=div] [ROLE=badge] Kinbech: 8 units left for Chitwan,scarcity:en:16,synthetic_v1,0,0,0,0,1,0,0,0
Zepto धरान गोदाम: 6 राइस कुकर बाँकी,scarcity,scarcity,ne,span,stock,[TAG=span] [ROLE=stock] Zepto धरान गोदाम: 6 राइस कुकर बाँकी,scarcity:ne:19,synthetic_v1,0,0,0,0,1,0,0,0
OkDam: 2 units left for Mumbai,scarcity,scarcity,en,div,badge,[TAG=div] [ROLE=badge] OkDam: 2 units left for Mumbai,scarcity:en:16,synthetic_v1,0,0,0,0,1,0,0,0
"Last 6 laptop bag at Rs. 1,999",scarcity,scarcity,en,div,badge,"[TAG=div] [ROLE=badge] Last 6 laptop bag at Rs. 1,999",scarcity:en:17,synthetic_v1,0,0,0,0,1,0,0,0
Kinbech Bhaktapur warehouse: 7 smartwatch remaining,scarcity,scarcity,en,p,promo,[TAG=p] [ROLE=promo] Kinbech Bhaktapur warehouse: 7 smartwatch remaining,scarcity:en:19,synthetic_v1,0,0,0,0,1,0,0,0
10 मात्र बाँकी — 40% छुट चाँडै सकिन्छ,scarcity|false_urgency,scarcity,ne,div,badge,[TAG=div] [ROLE=badge] 10 मात्र बाँकी — 40% छुट चाँडै सकिन्छ,scarcity:ne:12,synthetic_v1,0,1,0,0,1,0,0,0
40% of office chair stock already sold at BigBasket,scarcity,scarcity,en,p,promo,[TAG=p] [ROLE=promo] 40% of office chair stock already sold at BigBasket,scarcity:en:18,synthetic_v1,0,0,0,0,1,0,0,0
10 मात्र बाँकी — 80% छुट चाँडै सकिन्छ,scarcity|false_urgency,scarcity,ne,p,promo,[TAG=p] [ROLE=promo] 10 मात्र बाँकी — 80% छुट चाँडै सकिन्छ,scarcity:ne:12,synthetic_v1,0,1,0,0,1,0,0,0
Daraz अहमदाबाद गोदाम: 6 धूप का चश्मा शेष,scarcity,scarcity,hi,div,badge,[TAG=div] [ROLE=badge] Daraz अहमदाबाद गोदाम: 6 धूप का चश्मा शेष,scarcity:hi:19,synthetic_v1,0,0,0,0,1,0,0,0
रु. 299 पर आख़िरी 2 हेयर ड्रायर,scarcity,scarcity,hi,span,stock,[TAG=span] [ROLE=stock] रु. 299 पर आख़िरी 2 हेयर ड्रायर,scarcity:hi:17,synthetic_v1,0,0,0,0,1,0,0,0
Only 1 rooms left in Biratnagar,scarcity,scarcity,en,div,badge,[TAG=div] [ROLE=badge] Only 1 rooms left in Biratnagar,scarcity:en:05,synthetic_v1,0,0,0,0,1,0,0,0
"रु. 1,999 मा 3 मात्र बाँकी",scarcity,scarcity,ne,span,stock,"[TAG=span] [ROLE=stock] रु. 1,999 मा 3 मात्र बाँकी",scarcity:ne:10,synthetic_v1,0,0,0,0,1,0,0,0
Zepto पर स्मार्टवॉच का 80% स्टॉक बिक चुका,scarcity,scarcity,hi,p,promo,[TAG=p] [ROLE=promo] Zepto पर स्मार्टवॉच का 80% स्टॉक बिक चुका,scarcity:hi:18,synthetic_v1,0,0,0,0,1,0,0,0
रु. 99 मा 8 मात्र बाँकी,scarcity,scarcity,ne,p,promo,[TAG=p] [ROLE=promo] रु. 99 मा 8 मात्र बाँकी,scarcity:ne:10,synthetic_v1,0,0,0,0,1,0,0,0
Amazon मा फेस वास को 25% स्टक बिक्री भइसक्यो,scarcity,scarcity,ne,span,stock,[TAG=span] [ROLE=stock] Amazon मा फेस वास को 25% स्टक बिक्री भइसक्यो,scarcity:ne:18,synthetic_v1,0,0,0,0,1,0,0,0
"छिटो गर्नुहोस्, सुर्खेत गोदाममा 6 स्टडी लाइट बाँकी",scarcity,scarcity,ne,p,promo,"[TAG=p] [ROLE=promo] छिटो गर्नुहोस्, सुर्खेत गोदाममा 6 स्टडी लाइट बाँकी",scarcity:ne:13,synthetic_v1,0,0,0,0,1,0,0,0
Only 7 running shoes left at Amazon,scarcity,scarcity,en,div,badge,[TAG=div] [ROLE=badge] Only 7 running shoes left at Amazon,scarcity:en:15,synthetic_v1,0,0,0,0,1,0,0,0
Only 7 left at Rs. 449,scarcity,scarcity,en,span,stock,[TAG=span] [ROLE=stock] Only 7 left at Rs. 449,scarcity:en:10,synthetic_v1,0,0,0,0,1,0,0,0
प्रायः सकियो — 35% बुक भइसक्यो,scarcity,scarcity,ne,div,badge,[TAG=div] [ROLE=badge] प्रायः सकियो — 35% बुक भइसक्यो,scarcity:ne:02,synthetic_v1,0,0,0,0,1,0,0,0
रु. 199 पर केवल 12 बचे,scarcity,scarcity,hi,span,stock,[TAG=span] [ROLE=stock] रु. 199 पर केवल 12 बचे,scarcity:hi:10,synthetic_v1,0,0,0,0,1,0,0,0
सीमित संस्करण फर्मल सर्ट — स्टक रहेसम्म,scarcity,scarcity,ne,div,badge,[TAG=div] [ROLE=badge] सीमित संस्करण फर्मल सर्ट — स्टक रहेसम्म,scarcity:ne:09,synthetic_v1,0,0,0,0,1,0,0,0
इस दाम पर केवल 8 पानी की बोतल उपलब्ध,scarcity,scarcity,hi,div,badge,[TAG=div] [ROLE=badge] इस दाम पर केवल 8 पानी की बोतल उपलब्ध,scarcity:hi:01,synthetic_v1,0,0,0,0,1,0,0,0
Limited edition school bag — while supplies last,scarcity,scarcity,en,div,badge,[TAG=div] [ROLE=badge] Limited edition school bag — while supplies last,scarcity:en:09,synthetic_v1,0,0,0,0,1,0,0,0
रु. 449 मा 6 मात्र बाँकी,scarcity,scarcity,ne,span,stock,[TAG=span] [ROLE=stock] रु. 449 मा 6 मात्र बाँकी,scarcity:ne:10,synthetic_v1,0,0,0,0,1,0,0,0
Low stock: only 1 units of noise cancelling headphones,scarcity,scarcity,en,p,promo,[TAG=p] [ROLE=promo] Low stock: only 1 units of noise cancelling headphones,scarcity:en:03,synthetic_v1,0,0,0,0,1,0,0,0
कम स्टक: नोइज क्यान्सलिङ हेडफोन को 7 थान मात्र,scarcity,scarcity,ne,span,stock,[TAG=span] [ROLE=stock] कम स्टक: नोइज क्यान्सलिङ हेडफोन को 7 थान मात्र,scarcity:ne:03,synthetic_v1,0,0,0,0,1,0,0,0
Ajio: आगरा के लिए 7 इकाई बचीं,scarcity,scarcity,hi,div,badge,[TAG=div] [ROLE=badge] Ajio: आगरा के लिए 7 इकाई बचीं,scarcity:hi:16,synthetic_v1,0,0,0,0,1,0,0,0
"जल्दी करें, सूरत गोदाम में 6 फोन कवर बचे",scarcity,scarcity,hi,div,badge,"[TAG=div] [ROLE=badge] जल्दी करें, सूरत गोदाम में 6 फोन कवर बचे",scarcity:hi:13,synthetic_v1,0,0,0,0,1,0,0,0
रु. 399 मा 2 मात्र बाँकी,scarcity,scarcity,ne,span,stock,[TAG=span] [ROLE=stock] रु. 399 मा 2 मात्र बाँकी,scarcity:ne:10,synthetic_v1,0,0,0,0,1,0,0,0
Only 5 rooms left in Nepalgunj,scarcity,scarcity,en,div,badge,[TAG=div] [ROLE=badge] Only 5 rooms left in Nepalgunj,scarcity:en:05,synthetic_v1,0,0,0,0,1,0,0,0
चंडीगढ़ में केवल 1 कमरे बचे,scarcity,scarcity,hi,p,promo,[TAG=p] [ROLE=promo] चंडीगढ़ में केवल 1 कमरे बचे,scarcity:hi:05,synthetic_v1,0,0,0,0,1,0,0,0
रु. 249 मा 6 मात्र बाँकी,scarcity,scarcity,ne,span,stock,[TAG=span] [ROLE=stock] रु. 249 मा 6 मात्र बाँकी,scarcity:ne:10,synthetic_v1,0,0,0,0,1,0,0,0
OkDam जनकपुर गोदाम: 3 पावर ब्यांक बाँकी,scarcity,scarcity,ne,span,stock,[TAG=span] [ROLE=stock] OkDam जनकपुर गोदाम: 3 पावर ब्यांक बाँकी,scarcity:ne:19,synthetic_v1,0,0,0,0,1,0,0,0
"Hurry, 5 noise cancelling headphones left in Pune warehouse",scarcity,scarcity,en,span,stock,"[TAG=span] [ROLE=stock] Hurry, 5 noise cancelling headphones left in Pune warehouse",scarcity:en:13,synthetic_v1,0,0,0,0,1,0,0,0
Snapdeal मा स्पोर्ट्स चप्पल को 20% स्टक बिक्री भइसक्यो,scarcity,scarcity,ne,p,promo,[TAG=p] [ROLE=promo] Snapdeal मा स्पोर्ट्स चप्पल को 20% स्टक बिक्री भइसक्यो,scarcity:ne:18,synthetic_v1,0,0,0,0,1,0,0,0
Amazon गोरखा गोदाम: 4 योगा म्याट बाँकी,scarcity,scarcity,ne,p,promo,[TAG=p] [ROLE=promo] Amazon गोरखा गोदाम: 4 योगा म्याट बाँकी,scarcity:ne:19,synthetic_v1,0,0,0,0,1,0,0,0
SastoDeal पर धूप का चश्मा का 50% स्टॉक बिक चुका,scarcity,scarcity,hi,p,promo,[TAG=p] [ROLE=promo] SastoDeal पर धूप का चश्मा का 50% स्टॉक बिक चुका,scarcity:hi:18,synthetic_v1,0,0,0,0,1,0,0,0
"रु. 1,999 पर केवल 10 बचे",scarcity,scarcity,hi,span,stock,"[TAG=span] [ROLE=stock] रु. 1,999 पर केवल 10 बचे",scarcity:hi:10,synthetic_v1,0,0,0,0,1,0,0,0
रु. 299 पर केवल 8 बचे,scarcity,scarcity,hi,span,stock,[TAG=span] [ROLE=stock] रु. 299 पर केवल 8 बचे,scarcity:hi:10,synthetic_v1,0,0,0,0,1,0,0,0
Amazon Kathmandu warehouse: 6 wireless earbuds remaining,scarcity,scarcity,en,div,badge,[TAG=div] [ROLE=badge] Amazon Kathmandu warehouse: 6 wireless earbuds remaining,scarcity:en:19,synthetic_v1,0,0,0,0,1,0,0,0
रु. 699 पर आख़िरी 10 कॉटन कुर्ता,scarcity,scarcity,hi,span,stock,[TAG=span] [ROLE=stock] रु. 699 पर आख़िरी 10 कॉटन कुर्ता,scarcity:hi:17,synthetic_v1,0,0,0,0,1,0,0,0
In 2 carts right now,scarcity,scarcity,en,p,promo,[TAG=p] [ROLE=promo] In 2 carts right now,scarcity:en:11,synthetic_v1,0,0,0,0,1,0,0,0
"जल्दी करें, वाराणसी गोदाम में 12 प्रोटीन पाउडर बचे",scarcity,scarcity,hi,div,badge,"[TAG=div] [ROLE=badge] जल्दी करें, वाराणसी गोदाम में 12 प्रोटीन पाउडर बचे",scarcity:hi:13,synthetic_v1,0,0,0,0,1,0,0,0
"Last 8 formal shirt at Rs. 1,999",scarcity,scarcity,en,p,promo,"[TAG=p] [ROLE=promo] Last 8 formal shirt at Rs. 1,999",scarcity:en:17,synthetic_v1,0,0,0,0,1,0,0,0
Salesberry: दिल्ली के लिए 2 इकाई बचीं,scarcity,scarcity,hi,span,stock,[TAG=span] [ROLE=stock] Salesberry: दिल्ली के लिए 2 इकाई बचीं,scarcity:hi:16,synthetic_v1,0,0,0,0,1,0,0,0
Only 9 left — 10% off ends soon,scarcity|false_urgency,scarcity,en,span,stock,[TAG=span] [ROLE=stock] Only 9 left — 10% off ends soon,scarcity:en:12,synthetic_v1,0,1,0,0,1,0,0,0
80% of electric kettle stock already sold at Daraz,scarcity,scarcity,en,span,stock,[TAG=span] [ROLE=stock] 80% of electric kettle stock already sold at Daraz,scarcity:en:18,synthetic_v1,0,0,0,0,1,0,0,0
Last 3 school bag at Rs. 599,scarcity,scarcity,en,div,badge,[TAG=div] [ROLE=badge] Last 3 school bag at Rs. 599,scarcity:en:17,synthetic_v1,0,0,0,0,1,0,0,0
8 मात्र बाँकी — 20% छुट चाँडै सकिन्छ,scarcity|false_urgency,scarcity,ne,div,badge,[TAG=div] [ROLE=badge] 8 मात्र बाँकी — 20% छुट चाँडै सकिन्छ,scarcity:ne:12,synthetic_v1,0,1,0,0,1,0,0,0
Amazon: इटहरी का लागि 5 थान बाँकी,scarcity,scarcity,ne,div,badge,[TAG=div] [ROLE=badge] Amazon: इटहरी का लागि 5 थान बाँकी,scarcity:ne:16,synthetic_v1,0,0,0,0,1,0,0,0
OkDam मा स्कुल ब्याग को 25% स्टक बिक्री भइसक्यो,scarcity,scarcity,ne,span,stock,[TAG=span] [ROLE=stock] OkDam मा स्कुल ब्याग को 25% स्टक बिक्री भइसक्यो,scarcity:ne:18,synthetic_v1,0,0,0,0,1,0,0,0
गोरखा मा 1 कोठा मात्र बाँकी,scarcity,scarcity,ne,span,stock,[TAG=span] [ROLE=stock] गोरखा मा 1 कोठा मात्र बाँकी,scarcity:ne:05,synthetic_v1,0,0,0,0,1,0,0,0
Only 12 left in stock!,scarcity,scarcity,en,p,promo,[TAG=p] [ROLE=promo] Only 12 left in stock!,scarcity:en:00,synthetic_v1,0,0,0,0,1,0,0,0
केवल 12 बचे — 10% छूट जल्द खत्म,scarcity|false_urgency,scarcity,hi,span,stock,[TAG=span] [ROLE=stock] केवल 12 बचे — 10% छूट जल्द खत्म,scarcity:hi:12,synthetic_v1,0,1,0,0,1,0,0,0
Salesberry मा 1 पानीको बोतल मात्र बाँकी,scarcity,scarcity,ne,div,badge,[TAG=div] [ROLE=badge] Salesberry मा 1 पानीको बोतल मात्र बाँकी,scarcity:ne:15,synthetic_v1,0,0,0,0,1,0,0,0
केवल 7 बचे — 25% छूट जल्द खत्म,scarcity|false_urgency,scarcity,hi,span,stock,[TAG=span] [ROLE=stock] केवल 7 बचे — 25% छूट जल्द खत्म,scarcity:hi:12,synthetic_v1,0,1,0,0,1,0,0,0
Reliance Digital पर केवल 9 एयर फ्रायर बचे,scarcity,scarcity,hi,p,promo,[TAG=p] [ROLE=promo] Reliance Digital पर केवल 9 एयर फ्रायर बचे,scarcity:hi:15,synthetic_v1,0,0,0,0,1,0,0,0
"Hurry, 5 yoga mat left in Nepalgunj warehouse",scarcity,scarcity,en,div,badge,"[TAG=div] [ROLE=badge] Hurry, 5 yoga mat left in Nepalgunj warehouse",scarcity:en:13,synthetic_v1,0,0,0,0,1,0,0,0
इस दाम पर केवल 5 नॉइज़ कैंसलिंग हेडफोन उपलब्ध,scarcity,scarcity,hi,div,badge,[TAG=div] [ROLE=badge] इस दाम पर केवल 5 नॉइज़ कैंसलिंग हेडफोन उपलब्ध,scarcity:hi:01,synthetic_v1,0,0,0,0,1,0,0,0
12 मात्र बाँकी — 25% छुट चाँडै सकिन्छ,scarcity|false_urgency,scarcity,ne,p,promo,[TAG=p] [ROLE=promo] 12 मात्र बाँकी — 25% छुट चाँडै सकिन्छ,scarcity:ne:12,synthetic_v1,0,1,0,0,1,0,0,0
"आज 367 जनाले किन्नुभयो, स्टक सकिँदै",scarcity|social_proof,scarcity,ne,span,stock,"[TAG=span] [ROLE=stock] आज 367 जनाले किन्नुभयो, स्टक सकिँदै",scarcity:ne:07,synthetic_v1,0,0,0,0,1,0,1,0
Daraz पर केवल 8 कॉफी मेकर बचे,scarcity,scarcity,hi,div,badge,[TAG=div] [ROLE=badge] Daraz पर केवल 8 कॉफी मेकर बचे,scarcity:hi:15,synthetic_v1,0,0,0,0,1,0,0,0
Muncha: सूरत के लिए 5 इकाई बचीं,scarcity,scarcity,hi,span,stock,[TAG=span] [ROLE=stock] Muncha: सूरत के लिए 5 इकाई बचीं,scarcity:hi:16,synthetic_v1,0,0,0,0,1,0,0,0
Only 8 trekking jacket remaining at this price,scarcity,scarcity,en,p,promo,[TAG=p] [ROLE=promo] Only 8 trekking jacket remaining at this price,scarcity:en:01,synthetic_v1,0,0,0,0,1,0,0,0
"आज 367 लोगों ने खरीदा, स्टॉक कम",scarcity|social_proof,scarcity,hi,p,promo,"[TAG=p] [ROLE=promo] आज 367 लोगों ने खरीदा, स्टॉक कम",scarcity:hi:07,synthetic_v1,0,0,0,0,1,0,1,0
SastoDeal: आगरा के लिए 1 इकाई बचीं,scarcity,scarcity,hi,p,promo,[TAG=p] [ROLE=promo] SastoDeal: आगरा के लिए 1 इकाई बचीं,scarcity:hi:16,synthetic_v1,0,0,0,0,1,0,0,0
कम स्टॉक: प्रोटीन पाउडर की केवल 5 इकाई,scarcity,scarcity,hi,span,stock,[TAG=span] [ROLE=stock] कम स्टॉक: प्रोटीन पाउडर की केवल 5 इकाई,scarcity:hi:03,synthetic_v1,0,0,0,0,1,0,0,0
"Hurry, 10 backpack left in Nepalgunj warehouse",scarcity,scarcity,en,span,stock,"[TAG=span] [ROLE=stock] Hurry, 10 backpack left in Nepalgunj warehouse",scarcity:en:13,synthetic_v1,0,0,0,0,1,0,0,0
Limited edition water bottle — while supplies last,scarcity,scarcity,en,span,stock,[TAG=span] [ROLE=stock] Limited edition water bottle — while supplies last,scarcity:en:09,synthetic_v1,0,0,0,0,1,0,0,0
केवल 5 बचे — 20% छूट जल्द खत्म,scarcity|false_urgency,scarcity,hi,div,badge,[TAG=div] [ROLE=badge] केवल 5 बचे — 20% छूट जल्द खत्म,scarcity:hi:12,synthetic_v1,0,1,0,0,1,0,0,0
भारी मांग — राइस कुकर की सीमित मात्रा,scarcity,scarcity,hi,span,stock,[TAG=span] [ROLE=stock] भारी मांग — राइस कुकर की सीमित मात्रा,scarcity:hi:06,synthetic_v1,0,0,0,0,1,0,0,0
रु. 599 मा अन्तिम 12 प्रोटिन पाउडर,scarcity,scarcity,ne,div,badge,[TAG=div] [ROLE=badge] रु. 599 मा अन्तिम 12 प्रोटिन पाउडर,scarcity:ne:17,synthetic_v1,0,0,0,0,1,0,0,0
"रु. 1,999 मा 5 मात्र बाँकी",scarcity,scarcity,ne,span,stock,"[TAG=span] [ROLE=stock] रु. 1,999 मा 5 मात्र बाँकी",scarcity:ne:10,synthetic_v1,0,0,0,0,1,0,0,0
"जल्दी करें, इंदौर गोदाम में 1 लैपटॉप बैग बचे",scarcity,scarcity,hi,div,badge,"[TAG=div] [ROLE=badge] जल्दी करें, इंदौर गोदाम में 1 लैपटॉप बैग बचे",scarcity:hi:13,synthetic_v1,0,0,0,0,1,0,0,0
यो मूल्यमा 8 पानीको बोतल मात्र उपलब्ध,scarcity,scarcity,ne,div,badge,[TAG=div] [ROLE=badge] यो मूल्यमा 8 पानीको बोतल मात्र उपलब्ध,scarcity:ne:01,synthetic_v1,0,0,0,0,1,0,0,0
केवल 4 बचे — 60% छूट जल्द खत्म,scarcity|false_urgency,scarcity,hi,div,badge,[TAG=div] [ROLE=badge] केवल 4 बचे — 60% छूट जल्द खत्म,scarcity:hi:12,synthetic_v1,0,1,0,0,1,0,0,0
Flipkart: बुटवल का लागि 6 थान बाँकी,scarcity,scarcity,ne,div,badge,[TAG=div] [ROLE=badge] Flipkart: बुटवल का लागि 6 थान बाँकी,scarcity:ne:16,synthetic_v1,0,0,0,0,1,0,0,0
रु. 799 पर केवल 7 बचे,scarcity,scarcity,hi,div,badge,[TAG=div] [ROLE=badge] रु. 799 पर केवल 7 बचे,scarcity:hi:10,synthetic_v1,0,0,0,0,1,0,0,0
कम स्टॉक: बैकपैक की केवल 7 इकाई,scarcity,scarcity,hi,span,stock,[TAG=span] [ROLE=stock] कम स्टॉक: बैकपैक की केवल 7 इकाई,scarcity:hi:03,synthetic_v1,0,0,0,0,1,0,0,0
12 मात्र बाँकी — 80% छुट चाँडै सकिन्छ,scarcity|false_urgency,scarcity,ne,div,badge,[TAG=div] [ROLE=badge] 12 मात्र बाँकी — 80% छुट चाँडै सकिन्छ,scarcity:ne:12,synthetic_v1,0,1,0,0,1,0,0,0
Only 5 water bottle remaining at this price,scarcity,scarcity,en,div,badge,[TAG=div] [ROLE=badge] Only 5 water bottle remaining at this price,scarcity:en:01,synthetic_v1,0,0,0,0,1,0,0,0
रु. 899 पर केवल 5 बचे,scarcity,scarcity,hi,span,stock,[TAG=span] [ROLE=stock] रु. 899 पर केवल 5 बचे,scarcity:hi:10,synthetic_v1,0,0,0,0,1,0,0,0
भारी मांग — हेयर ड्रायर की सीमित मात्रा,scarcity,scarcity,hi,div,badge,[TAG=div] [ROLE=badge] भारी मांग — हेयर ड्रायर की सीमित मात्रा,scarcity:hi:06,synthetic_v1,0,0,0,0,1,0,0,0
इस दाम पर केवल 10 फेस वॉश उपलब्ध,scarcity,scarcity,hi,span,stock,[TAG=span] [ROLE=stock] इस दाम पर केवल 10 फेस वॉश उपलब्ध,scarcity:hi:01,synthetic_v1,0,0,0,0,1,0,0,0
पोखरा मा 12 कोठा मात्र बाँकी,scarcity,scarcity,ne,div,badge,[TAG=div] [ROLE=badge] पोखरा मा 12 कोठा मात्र बाँकी,scarcity:ne:05,synthetic_v1,0,0,0,0,1,0,0,0
Last 1 face wash at Rs. 599,scarcity,scarcity,en,p,promo,[TAG=p] [ROLE=promo] Last 1 face wash at Rs. 599,scarcity:en:17,synthetic_v1,0,0,0,0,1,0,0,0
Croma भोपाल गोदाम: 4 स्मार्टवॉच शेष,scarcity,scarcity,hi,p,promo,[TAG=p] [ROLE=promo] Croma भोपाल गोदाम: 4 स्मार्टवॉच शेष,scarcity:hi:19,synthetic_v1,0,0,0,0,1,0,0,0
Only 9 rooms left in Pokhara,scarcity,scarcity,en,span,stock,[TAG=span] [ROLE=stock] Only 9 rooms left in Pokhara,scarcity:en:05,synthetic_v1,0,0,0,0,1,0,0,0
यो मूल्यमा 12 वायरलेस इयरबड्स मात्र उपलब्ध,scarcity,scarcity,ne,p,promo,[TAG=p] [ROLE=promo] यो मूल्यमा 12 वायरलेस इयरबड्स मात्र उपलब्ध,scarcity:ne:01,synthetic_v1,0,0,0,0,1,0,0,0
Only 9 wireless earbuds left at Tata Cliq,scarcity,scarcity,en,div,badge,[TAG=div] [ROLE=badge] Only 9 wireless earbuds left at Tata Cliq,scarcity:en:15,synthetic_v1,0,0,0,0,1,0,0,0
सुर्खेत मा 12 कोठा मात्र बाँकी,scarcity,scarcity,ne,div,badge,[TAG=div] [ROLE=badge] सुर्खेत मा 12 कोठा मात्र बाँकी,scarcity:ne:05,synthetic_v1,0,0,0,0,1,0,0,0
Only 1 rooms left in Kolkata,scarcity,scarcity,en,div,badge,[TAG=div] [ROLE=badge] Only 1 rooms left in Kolkata,scarcity:en:05,synthetic_v1,0,0,0,0,1,0,0,0
Gyapu: 8 units left for Dharan,scarcity,scarcity,en,span,stock,[TAG=span] [ROLE=stock] Gyapu: 8 units left for Dharan,scarcity:en:16,synthetic_v1,0,0,0,0,1,0,0,0
स्टक अलर्ट: 12 भन्दा कम बाँकी,scarcity,scarcity,ne,div,badge,[TAG=div] [ROLE=badge] स्टक अलर्ट: 12 भन्दा कम बाँकी,scarcity:ne:14,synthetic_v1,0,0,0,0,1,0,0,0
केवल 6 बचे — 10% छूट जल्द खत्म,scarcity|false_urgency,scarcity,hi,p,promo,[TAG=p] [ROLE=promo] केवल 6 बचे — 10% छूट जल्द खत्म,scarcity:hi:12,synthetic_v1,0,1,0,0,1,0,0,0
Only 6 sunglasses left at Blinkit,scarcity,scarcity,en,p,promo,[TAG=p] [ROLE=promo] Only 6 sunglasses left at Blinkit,scarcity:en:15,synthetic_v1,0,0,0,0,1,0,0,0
Only 9 phone case left at Ajio,scarcity,scarcity,en,div,badge,[TAG=div] [ROLE=badge] Only 9 phone case left at Ajio,scarcity:en:15,synthetic_v1,0,0,0,0,1,0,0,0
3 मात्र बाँकी — 50% छुट चाँडै सकिन्छ,scarcity|false_urgency,scarcity,ne,div,badge,[TAG=div] [ROLE=badge] 3 मात्र बाँकी — 50% छुट चाँडै सकिन्छ,scarcity:ne:12,synthetic_v1,0,1,0,0,1,0,0,0
भारी मांग — बैकपैक की सीमित मात्रा,scarcity,scarcity,hi,div,badge,[TAG=div] [ROLE=badge] भारी मांग — बैकपैक की सीमित मात्रा,scarcity:hi:06,synthetic_v1,0,0,0,0,1,0,0,0
FirstCry: 6 units left for Indore,scarcity,scarcity,en,p,promo,[TAG=p] [ROLE=promo] FirstCry: 6 units left for Indore,scarcity:en:16,synthetic_v1,0,0,0,0,1,0,0,0
रु. 799 पर केवल 6 बचे,scarcity,scarcity,hi,p,promo,[TAG=p] [ROLE=promo] रु. 799 पर केवल 6 बचे,scarcity:hi:10,synthetic_v1,0,0,0,0,1,0,0,0
रु. 599 मा अन्तिम 10 फर्मल सर्ट,scarcity,scarcity,ne,div,badge,[TAG=div] [ROLE=badge] रु. 599 मा अन्तिम 10 फर्मल सर्ट,scarcity:ne:17,synthetic_v1,0,0,0,0,1,0,0,0
कम स्टक: पावर ब्यांक को 12 थान मात्र,scarcity,scarcity,ne,p,promo,[TAG=p] [ROLE=promo] कम स्टक: पावर ब्यांक को 12 थान मात्र,scarcity:ne:03,synthetic_v1,0,0,0,0,1,0,0,0
Only 4 left at Rs. 49,scarcity,scarcity,en,div,badge,[TAG=div] [ROLE=badge] Only 4 left at Rs. 49,scarcity:en:10,synthetic_v1,0,0,0,0,1,0,0,0
Only 9 left at Rs. 199,scarcity,scarcity,en,span,stock,[TAG=span] [ROLE=stock] Only 9 left at Rs. 199,scarcity:en:10,synthetic_v1,0,0,0,0,1,0,0,0
Only 2 trekking jacket remaining at this price,scarcity,scarcity,en,p,promo,[TAG=p] [ROLE=promo] Only 2 trekking jacket remaining at this price,scarcity:en:01,synthetic_v1,0,0,0,0,1,0,0,0
Only 5 left at Rs. 349,scarcity,scarcity,en,span,stock,[TAG=span] [ROLE=stock] Only 5 left at Rs. 349,scarcity:en:10,synthetic_v1,0,0,0,0,1,0,0,0
"आज 312 जनाले किन्नुभयो, स्टक सकिँदै",scarcity|social_proof,scarcity,ne,div,badge,"[TAG=div] [ROLE=badge] आज 312 जनाले किन्नुभयो, स्टक सकिँदै",scarcity:ne:07,synthetic_v1,0,0,0,0,1,0,1,0
यो मूल्यमा 1 हिउँदको ब्ल्याङ्केट मात्र उपलब्ध,scarcity,scarcity,ne,div,badge,[TAG=div] [ROLE=badge] यो मूल्यमा 1 हिउँदको ब्ल्याङ्केट मात्र उपलब्ध,scarcity:ne:01,synthetic_v1,0,0,0,0,1,0,0,0
"छिटो गर्नुहोस्, बागलुङ गोदाममा 2 स्कुल ब्याग बाँकी",scarcity,scarcity,ne,span,stock,"[TAG=span] [ROLE=stock] छिटो गर्नुहोस्, बागलुङ गोदाममा 2 स्कुल ब्याग बाँकी",scarcity:ne:13,synthetic_v1,0,0,0,0,1,0,0,0
Flipkart आगरा गोदाम: 10 स्कूल बैग शेष,scarcity,scarcity,hi,span,stock,[TAG=span] [ROLE=stock] Flipkart आगरा गोदाम: 10 स्कूल बैग शेष,scarcity:hi:19,synthetic_v1,0,0,0,0,1,0,0,0
इंदौर में केवल 7 कमरे बचे,scarcity,scarcity,hi,div,badge,[TAG=div] [ROLE=badge] इंदौर में केवल 7 कमरे बचे,scarcity:hi:05,synthetic_v1,0,0,0,0,1,0,0,0
"रु. 2,999 मा अन्तिम 10 अफिस कुर्सी",scarcity,scarcity,ne,p,promo,"[TAG=p] [ROLE=promo] रु. 2,999 मा अन्तिम 10 अफिस कुर्सी",scarcity:ne:17,synthetic_v1,0,0,0,0,1,0,0,0
Only 8 rooms left in Kolkata,scarcity,scarcity,en,div,badge,[TAG=div] [ROLE=badge] Only 8 rooms left in Kolkata,scarcity:en:05,synthetic_v1,0,0,0,0,1,0,0,0
इस दाम पर केवल 7 प्रोटीन पाउडर उपलब्ध,scarcity,scarcity,hi,p,promo,[TAG=p] [ROLE=promo] इस दाम पर केवल 7 प्रोटीन पाउडर उपलब्ध,scarcity:hi:01,synthetic_v1,0,0,0,0,1,0,0,0
"Hurry, 12 running shoes left in Pune warehouse",scarcity,scarcity,en,div,badge,"[TAG=div] [ROLE=badge] Hurry, 12 running shoes left in Pune warehouse",scarcity:en:13,synthetic_v1,0,0,0,0,1,0,0,0
Only 3 left in stock!,scarcity,scarcity,en,div,badge,[TAG=div] [ROLE=badge] Only 3 left in stock!,scarcity:en:00,synthetic_v1,0,0,0,0,1,0,0,0
Thulo पर केवल 10 डेनिम जींस बचे,scarcity,scarcity,hi,p,promo,[TAG=p] [ROLE=promo] Thulo पर केवल 10 डेनिम जींस बचे,scarcity:hi:15,synthetic_v1,0,0,0,0,1,0,0,0
High demand — limited units of cotton kurta,scarcity,scarcity,en,div,badge,[TAG=div] [ROLE=badge] High demand — limited units of cotton kurta,scarcity:en:06,synthetic_v1,0,0,0,0,1,0,0,0
हैदराबाद में केवल 4 कमरे बचे,scarcity,scarcity,hi,span,stock,[TAG=span] [ROLE=stock] हैदराबाद में केवल 4 कमरे बचे,scarcity:hi:05,synthetic_v1,0,0,0,0,1,0,0,0
Lenskart: 5 units left for Pune,scarcity,scarcity,en,span,stock,[TAG=span] [ROLE=stock] Lenskart: 5 units left for Pune,scarcity:en:16,synthetic_v1,0,0,0,0,1,0,0,0
रु. 99 पर आख़िरी 4 राइस कुकर,scarcity,scarcity,hi,span,stock,[TAG=span] [ROLE=stock] रु. 99 पर आख़िरी 4 राइस कुकर,scarcity:hi:17,synthetic_v1,0,0,0,0,1,0,0,0
भारी मांग — प्रोटीन पाउडर की सीमित मात्रा,scarcity,scarcity,hi,span,stock,[TAG=span] [ROLE=stock] भारी मांग — प्रोटीन पाउडर की सीमित मात्रा,scarcity:hi:06,synthetic_v1,0,0,0,0,1,0,0,0
High demand — limited units of office chair,scarcity,scarcity,en,span,stock,[TAG=span] [ROLE=stock] High demand — limited units of office chair,scarcity:en:06,synthetic_v1,0,0,0,0,1,0,0,0
रु. 699 मा 5 मात्र बाँकी,scarcity,scarcity,ne,div,badge,[TAG=div] [ROLE=badge] रु. 699 मा 5 मात्र बाँकी,scarcity:ne:10,synthetic_v1,0,0,0,0,1,0,0,0
Blinkit: 10 units left for Butwal,scarcity,scarcity,en,span,stock,[TAG=span] [ROLE=stock] Blinkit: 10 units left for Butwal,scarcity:en:16,synthetic_v1,0,0,0,0,1,0,0,0
रु. 599 मा अन्तिम 7 हिउँदको ब्ल्याङ्केट,scarcity,scarcity,ne,span,stock,[TAG=span] [ROLE=stock] रु. 599 मा अन्तिम 7 हिउँदको ब्ल्याङ्केट,scarcity:ne:17,synthetic_v1,0,0,0,0,1,0,0,0
"रु. 1,499 मा अन्तिम 3 योगा म्याट",scarcity,scarcity,ne,p,promo,"[TAG=p] [ROLE=promo] रु. 1,499 मा अन्तिम 3 योगा म्याट",scarcity:ne:17,synthetic_v1,0,0,0,0,1,0,0,0
OkDam पर केवल 3 प्रोटीन पाउडर बचे,scarcity,scarcity,hi,div,badge,[TAG=div] [ROLE=badge] OkDam पर केवल 3 प्रोटीन पाउडर बचे,scarcity:hi:15,synthetic_v1,0,0,0,0,1,0,0,0
कम स्टॉक: स्पोर्ट्स सैंडल की केवल 3 इकाई,scarcity,scarcity,hi,span,stock,[TAG=span] [ROLE=stock] कम स्टॉक: स्पोर्ट्स सैंडल की केवल 3 इकाई,scarcity:hi:03,synthetic_v1,0,0,0,0,1,0,0,0
"Hurry, 6 electric kettle left in Chitwan warehouse",scarcity,scarcity,en,div,badge,"[TAG=div] [ROLE=badge] Hurry, 6 electric kettle left in Chitwan warehouse",scarcity:en:13,synthetic_v1,0,0,0,0,1,0,0,0
Croma मा 7 ब्याकप्याक मात्र बाँकी,scarcity,scarcity,ne,div,badge,[TAG=div] [ROLE=badge] Croma मा 7 ब्याकप्याक मात्र बाँकी,scarcity:ne:15,synthetic_v1,0,0,0,0,1,0,0,0
"Hurry, 2 office chair left in Lucknow warehouse",scarcity,scarcity,en,p,promo,"[TAG=p] [ROLE=promo] Hurry, 2 office chair left in Lucknow warehouse",scarcity:en:13,synthetic_v1,0,0,0,0,1,0,0,0
Low stock: only 10 units of laptop bag,scarcity,scarcity,en,span,stock,[TAG=span] [ROLE=stock] Low stock: only 10 units of laptop bag,scarcity:en:03,synthetic_v1,0,0,0,0,1,0,0,0
"आज 1,340 लोगों ने खरीदा, स्टॉक कम",scarcity|social_proof,scarcity,hi,p,promo,"[TAG=p] [ROLE=promo] आज 1,340 लोगों ने खरीदा, स्टॉक कम",scarcity:hi:07,synthetic_v1,0,0,0,0,1,0,1,0
"Last 1 sunglasses at Rs. 2,499",scarcity,scarcity,en,p,promo,"[TAG=p] [ROLE=promo] Last 1 sunglasses at Rs. 2,499",scarcity:en:17,synthetic_v1,0,0,0,0,1,0,0,0
Muncha बेंगलुरु गोदाम: 6 हेयर ड्रायर शेष,scarcity,scarcity,hi,p,promo,[TAG=p] [ROLE=promo] Muncha बेंगलुरु गोदाम: 6 हेयर ड्रायर शेष,scarcity:hi:19,synthetic_v1,0,0,0,0,1,0,0,0
काठमाडौँ मा 1 कोठा मात्र बाँकी,scarcity,scarcity,ne,div,badge,[TAG=div] [ROLE=badge] काठमाडौँ मा 1 कोठा मात्र बाँकी,scarcity:ne:05,synthetic_v1,0,0,0,0,1,0,0,0
"छिटो गर्नुहोस्, धरान गोदाममा 3 गेमिङ माउस बाँकी",scarcity,scarcity,ne,span,stock,"[TAG=span] [ROLE=stock] छिटो गर्नुहोस्, धरान गोदाममा 3 गेमिङ माउस बाँकी",scarcity:ne:13,synthetic_v1,0,0,0,0,1,0,0,0
रु. 799 पर केवल 9 बचे,scarcity,scarcity,hi,p,promo,[TAG=p] [ROLE=promo] रु. 799 पर केवल 9 बचे,scarcity:hi:10,synthetic_v1,0,0,0,0,1,0,0,0
"Hurry, 3 coffee maker left in Lalitpur warehouse",scarcity,scarcity,en,span,stock,"[TAG=span] [ROLE=stock] Hurry, 3 coffee maker left in Lalitpur warehouse",scarcity:en:13,synthetic_v1,0,0,0,0,1,0,0,0
Flipkart पर केवल 5 एयर फ्रायर बचे,scarcity,scarcity,hi,div,badge,[TAG=div] [ROLE=badge] Flipkart पर केवल 5 एयर फ्रायर बचे,scarcity:hi:15,synthetic_v1,0,0,0,0,1,0,0,0
Almost sold out — 80% already claimed,scarcity,scarcity,en,p,promo,[TAG=p] [ROLE=promo] Almost sold out — 80% already claimed,scarcity:en:02,synthetic_v1,0,0,0,0,1,0,0,0
Low stock: only 6 units of school bag,scarcity,scarcity,en,p,promo,[TAG=p] [ROLE=promo] Low stock: only 6 units of school bag,scarcity:en:03,synthetic_v1,0,0,0,0,1,0,0,0
Only 12 left at Rs. 899,scarcity,scarcity,en,div,badge,[TAG=div] [ROLE=badge] Only 12 left at Rs. 899,scarcity:en:10,synthetic_v1,0,0,0,0,1,0,0,0
Only 10 school bag remaining at this price,scarcity,scarcity,en,div,badge,[TAG=div] [ROLE=badge] Only 10 school bag remaining at this price,scarcity:en:01,synthetic_v1,0,0,0,0,1,0,0,0
रु. 399 पर केवल 3 बचे,scarcity,scarcity,hi,div,badge,[TAG=div] [ROLE=badge] रु. 399 पर केवल 3 बचे,scarcity:hi:10,synthetic_v1,0,0,0,0,1,0,0,0
यो मूल्यमा 8 ब्याकप्याक मात्र उपलब्ध,scarcity,scarcity,ne,div,badge,[TAG=div] [ROLE=badge] यो मूल्यमा 8 ब्याकप्याक मात्र उपलब्ध,scarcity:ne:01,synthetic_v1,0,0,0,0,1,0,0,0
Limited edition induction cooktop — while supplies last,scarcity,scarcity,en,p,promo,[TAG=p] [ROLE=promo] Limited edition induction cooktop — while supplies last,scarcity:en:09,synthetic_v1,0,0,0,0,1,0,0,0
SastoDeal गोरखा गोदाम: 3 ट्रेकिङ ज्याकेट बाँकी,scarcity,scarcity,ne,p,promo,[TAG=p] [ROLE=promo] SastoDeal गोरखा गोदाम: 3 ट्रेकिङ ज्याकेट बाँकी,scarcity:ne:19,synthetic_v1,0,0,0,0,1,0,0,0
पोखरा मा 3 कोठा मात्र बाँकी,scarcity,scarcity,ne,p,promo,[TAG=p] [ROLE=promo] पोखरा मा 3 कोठा मात्र बाँकी,scarcity:ne:05,synthetic_v1,0,0,0,0,1,0,0,0
"Hurry, 9 sunglasses left in Biratnagar warehouse",scarcity,scarcity,en,p,promo,"[TAG=p] [ROLE=promo] Hurry, 9 sunglasses left in Biratnagar warehouse",scarcity:en:13,synthetic_v1,0,0,0,0,1,0,0,0
Muncha हैदराबाद गोदाम: 3 ऑफिस चेयर शेष,scarcity,scarcity,hi,div,badge,[TAG=div] [ROLE=badge] Muncha हैदराबाद गोदाम: 3 ऑफिस चेयर शेष,scarcity:hi:19,synthetic_v1,0,0,0,0,1,0,0,0
रु. 449 मा 10 मात्र बाँकी,scarcity,scarcity,ne,p,promo,[TAG=p] [ROLE=promo] रु. 449 मा 10 मात्र बाँकी,scarcity:ne:10,synthetic_v1,0,0,0,0,1,0,0,0
Only 5 left — 5% off ends soon,scarcity|false_urgency,scarcity,en,p,promo,[TAG=p] [ROLE=promo] Only 5 left — 5% off ends soon,scarcity:en:12,synthetic_v1,0,1,0,0,1,0,0,0
Zepto पर केवल 1 एयर फ्रायर बचे,scarcity,scarcity,hi,div,badge,[TAG=div] [ROLE=badge] Zepto पर केवल 1 एयर फ्रायर बचे,scarcity:hi:15,synthetic_v1,0,0,0,0,1,0,0,0
Only 4 phone case left at SastoDeal,scarcity,scarcity,en,span,stock,[TAG=span] [ROLE=stock] Only 4 phone case left at SastoDeal,scarcity:en:15,synthetic_v1,0,0,0,0,1,0,0,0
स्टॉक अलर्ट: 5 से कम बचे,scarcity,scarcity,hi,span,stock,[TAG=span] [ROLE=stock] स्टॉक अलर्ट: 5 से कम बचे,scarcity:hi:14,synthetic_v1,0,0,0,0,1,0,0,0
Only 12 left — 30% off ends soon,scarcity|false_urgency,scarcity,en,div,badge,[TAG=div] [ROLE=badge] Only 12 left — 30% off ends soon,scarcity:en:12,synthetic_v1,0,1,0,0,1,0,0,0
"छिटो गर्नुहोस्, हेटौंडा गोदाममा 6 फर्मल सर्ट बाँकी",scarcity,scarcity,ne,div,badge,"[TAG=div] [ROLE=badge] छिटो गर्नुहोस्, हेटौंडा गोदाममा 6 फर्मल सर्ट बाँकी",scarcity:ne:13,synthetic_v1,0,0,0,0,1,0,0,0
केवल 12 बचे — 60% छूट जल्द खत्म,scarcity|false_urgency,scarcity,hi,span,stock,[TAG=span] [ROLE=stock] केवल 12 बचे — 60% छूट जल्द खत्म,scarcity:hi:12,synthetic_v1,0,1,0,0,1,0,0,0
उच्च माग — एयर फ्रायर को सीमित परिमाण,scarcity,scarcity,ne,span,stock,[TAG=span] [ROLE=stock] उच्च माग — एयर फ्रायर को सीमित परिमाण,scarcity:ne:06,synthetic_v1,0,0,0,0,1,0,0,0
केवल 5 बचे — 15% छूट जल्द खत्म,scarcity|false_urgency,scarcity,hi,p,promo,[TAG=p] [ROLE=promo] केवल 5 बचे — 15% छूट जल्द खत्म,scarcity:hi:12,synthetic_v1,0,1,0,0,1,0,0,0
स्टक अलर्ट: 8 भन्दा कम बाँकी,scarcity,scarcity,ne,div,badge,[TAG=div] [ROLE=badge] स्टक अलर्ट: 8 भन्दा कम बाँकी,scarcity:ne:14,synthetic_v1,0,0,0,0,1,0,0,0
इस दाम पर केवल 6 फोन कवर उपलब्ध,scarcity,scarcity,hi,span,stock,[TAG=span] [ROLE=stock] इस दाम पर केवल 6 फोन कवर उपलब्ध,scarcity:hi:01,synthetic_v1,0,0,0,0,1,0,0,0
Nykaa: कोलकाता के लिए 3 इकाई बचीं,scarcity,scarcity,hi,div,badge,[TAG=div] [ROLE=badge] Nykaa: कोलकाता के लिए 3 इकाई बचीं,scarcity:hi:16,synthetic_v1,0,0,0,0,1,0,0,0
Only 12 yoga mat left at Reliance Digital,scarcity,scarcity,en,span,stock,[TAG=span] [ROLE=stock] Only 12 yoga mat left at Reliance Digital,scarcity:en:15,synthetic_v1,0,0,0,0,1,0,0,0
Blinkit पर केवल 6 योगा मैट बचे,scarcity,scarcity,hi,div,badge,[TAG=div] [ROLE=badge] Blinkit पर केवल 6 योगा मैट बचे,scarcity:hi:15,synthetic_v1,0,0,0,0,1,0,0,0
60% of running shoes stock already sold at Thulo,scarcity,scarcity,en,p,promo,[TAG=p] [ROLE=promo] 60% of running shoes stock already sold at Thulo,scarcity:en:18,synthetic_v1,0,0,0,0,1,0,0,0
Flipkart पर केवल 8 हेयर ड्रायर बचे,scarcity,scarcity,hi,p,promo,[TAG=p] [ROLE=promo] Flipkart पर केवल 8 हेयर ड्रायर बचे,scarcity:hi:15,synthetic_v1,0,0,0,0,1,0,0,0
10% of power bank stock already sold at Ajio,scarcity,scarcity,en,span,stock,[TAG=span] [ROLE=stock] 10% of power bank stock already sold at Ajio,scarcity:en:18,synthetic_v1,0,0,0,0,1,0,0,0
लखनऊ में केवल 4 कमरे बचे,scarcity,scarcity,hi,div,badge,[TAG=div] [ROLE=badge] लखनऊ में केवल 4 कमरे बचे,scarcity:hi:05,synthetic_v1,0,0,0,0,1,0,0,0
Low stock: only 12 units of face wash,scarcity,scarcity,en,p,promo,[TAG=p] [ROLE=promo] Low stock: only 12 units of face wash,scarcity:en:03,synthetic_v1,0,0,0,0,1,0,0,0
उच्च माग — कफी मेकर को सीमित परिमाण,scarcity,scarcity,ne,span,stock,[TAG=span] [ROLE=stock] उच्च माग — कफी मेकर को सीमित परिमाण,scarcity:ne:06,synthetic_v1,0,0,0,0,1,0,0,0
Croma: 4 units left for Chitwan,scarcity,scarcity,en,p,promo,[TAG=p] [ROLE=promo] Croma: 4 units left for Chitwan,scarcity:en:16,synthetic_v1,0,0,0,0,1,0,0,0
"तेजी से बिक रहा है, 2 बचे",scarcity,scarcity,hi,p,promo,"[TAG=p] [ROLE=promo] तेजी से बिक रहा है, 2 बचे",scarcity:hi:08,synthetic_v1,0,0,0,0,1,0,0,0
कम स्टक: ल्यापटप ब्याग को 10 थान मात्र,scarcity,scarcity,ne,p,promo,[TAG=p] [ROLE=promo] कम स्टक: ल्यापटप ब्याग को 10 थान मात्र,scarcity:ne:03,synthetic_v1,0,0,0,0,1,0,0,0
Lenskart: काठमाडौँ का लागि 7 थान बाँकी,scarcity,scarcity,ne,span,stock,[TAG=span] [ROLE=stock] Lenskart: काठमाडौँ का लागि 7 थान बाँकी,scarcity:ne:16,synthetic_v1,0,0,0,0,1,0,0,0
उच्च माग — हेयर ड्रायर को सीमित परिमाण,scarcity,scarcity,ne,div,badge,[TAG=div] [ROLE=badge] उच्च माग — हेयर ड्रायर को सीमित परिमाण,scarcity:ne:06,synthetic_v1,0,0,0,0,1,0,0,0
Reliance Digital: 9 units left for Patna,scarcity,scarcity,en,span,stock,[TAG=span] [ROLE=stock] Reliance Digital: 9 units left for Patna,scarcity:en:16,synthetic_v1,0,0,0,0,1,0,0,0
Ajio: पुणे के लिए 6 इकाई बचीं,scarcity,scarcity,hi,span,stock,[TAG=span] [ROLE=stock] Ajio: पुणे के लिए 6 इकाई बचीं,scarcity:hi:16,synthetic_v1,0,0,0,0,1,0,0,0
Thulo Surat warehouse: 5 face wash remaining,scarcity,scarcity,en,span,stock,[TAG=span] [ROLE=stock] Thulo Surat warehouse: 5 face wash remaining,scarcity:en:19,synthetic_v1,0,0,0,0,1,0,0,0
Myntra वीरगन्ज गोदाम: 3 वायरलेस इयरबड्स बाँकी,scarcity,scarcity,ne,span,stock,[TAG=span] [ROLE=stock] Myntra वीरगन्ज गोदाम: 3 वायरलेस इयरबड्स बाँकी,scarcity:ne:19,synthetic_v1,0,0,0,0,1,0,0,0
12 मात्र बाँकी — 60% छुट चाँडै सकिन्छ,scarcity|false_urgency,scarcity,ne,span,stock,[TAG=span] [ROLE=stock] 12 मात्र बाँकी — 60% छुट चाँडै सकिन्छ,scarcity:ne:12,synthetic_v1,0,1,0,0,1,0,0,0
"जल्दी करें, मुंबई गोदाम में 1 पानी की बोतल बचे",scarcity,scarcity,hi,div,badge,"[TAG=div] [ROLE=badge] जल्दी करें, मुंबई गोदाम में 1 पानी की बोतल बचे",scarcity:hi:13,synthetic_v1,0,0,0,0,1,0,0,0
"Hurry, 2 smartwatch left in Kathmandu warehouse",scarcity,scarcity,en,div,badge,"[TAG=div] [ROLE=badge] Hurry, 2 smartwatch left in Kathmandu warehouse",scarcity:en:13,synthetic_v1,0,0,0,0,1,0,0,0
Meesho: हैदराबाद के लिए 10 इकाई बचीं,scarcity,scarcity,hi,p,promo,[TAG=p] [ROLE=promo] Meesho: हैदराबाद के लिए 10 इकाई बचीं,scarcity:hi:16,synthetic_v1,0,0,0,0,1,0,0,0
Reliance Digital पर स्मार्टवॉच का 70% स्टॉक बिक चुका,scarcity,scarcity,hi,span,stock,[TAG=span] [ROLE=stock] Reliance Digital पर स्मार्टवॉच का 70% स्टॉक बिक चुका,scarcity:hi:18,synthetic_v1,0,0,0,0,1,0,0,0
इस दाम पर केवल 3 कॉटन कुर्ता उपलब्ध,scarcity,scarcity,hi,span,stock,[TAG=span] [ROLE=stock] इस दाम पर केवल 3 कॉटन कुर्ता उपलब्ध,scarcity:hi:01,synthetic_v1,0,0,0,0,1,0,0,0
Only 1 denim jeans remaining at this price,scarcity,scarcity,en,p,promo,[TAG=p] [ROLE=promo] Only 1 denim jeans remaining at this price,scarcity:en:01,synthetic_v1,0,0,0,0,1,0,0,0
रु. 999 पर केवल 9 बचे,scarcity,scarcity,hi,span,stock,[TAG=span] [ROLE=stock] रु. 999 पर केवल 9 बचे,scarcity:hi:10,synthetic_v1,0,0,0,0,1,0,0,0
Blinkit: हैदराबाद के लिए 6 इकाई बचीं,scarcity,scarcity,hi,span,stock,[TAG=span] [ROLE=stock] Blinkit: हैदराबाद के लिए 6 इकाई बचीं,scarcity:hi:16,synthetic_v1,0,0,0,0,1,0,0,0
Only 5 rooms left in Delhi,scarcity,scarcity,en,p,promo,[TAG=p] [ROLE=promo] Only 5 rooms left in Delhi,scarcity:en:05,synthetic_v1,0,0,0,0,1,0,0,0
High demand — limited units of yoga mat,scarcity,scarcity,en,span,stock,[TAG=span] [ROLE=stock] High demand — limited units of yoga mat,scarcity:en:06,synthetic_v1,0,0,0,0,1,0,0,0
केवल 8 बचे — 70% छूट जल्द खत्म,scarcity|false_urgency,scarcity,hi,p,promo,[TAG=p] [ROLE=promo] केवल 8 बचे — 70% छूट जल्द खत्म,scarcity:hi:12,synthetic_v1,0,1,0,0,1,0,0,0
कानपुर में केवल 8 कमरे बचे,scarcity,scarcity,hi,p,promo,[TAG=p] [ROLE=promo] कानपुर में केवल 8 कमरे बचे,scarcity:hi:05,synthetic_v1,0,0,0,0,1,0,0,0
Snapdeal: गोरखा का लागि 8 थान बाँकी,scarcity,scarcity,ne,p,promo,[TAG=p] [ROLE=promo] Snapdeal: गोरखा का लागि 8 थान बाँकी,scarcity:ne:16,synthetic_v1,0,0,0,0,1,0,0,0
Only 3 left — 10% off ends soon,scarcity|false_urgency,scarcity,en,div,badge,[TAG=div] [ROLE=badge] Only 3 left — 10% off ends soon,scarcity:en:12,synthetic_v1,0,1,0,0,1,0,0,0
स्टॉक अलर्ट: 7 से कम बचे,scarcity,scarcity,hi,div,badge,[TAG=div] [ROLE=badge] स्टॉक अलर्ट: 7 से कम बचे,scarcity:hi:14,synthetic_v1,0,0,0,0,1,0,0,0
Only 12 protein powder left at Zepto,scarcity,scarcity,en,p,promo,[TAG=p] [ROLE=promo] Only 12 protein powder left at Zepto,scarcity:en:15,synthetic_v1,0,0,0,0,1,0,0,0
25% of rice cooker stock already sold at Daraz,scarcity,scarcity,en,span,stock,[TAG=span] [ROLE=stock] 25% of rice cooker stock already sold at Daraz,scarcity:en:18,synthetic_v1,0,0,0,0,1,0,0,0
इस दाम पर केवल 6 धूप का चश्मा उपलब्ध,scarcity,scarcity,hi,p,promo,[TAG=p] [ROLE=promo] इस दाम पर केवल 6 धूप का चश्मा उपलब्ध,scarcity:hi:01,synthetic_v1,0,0,0,0,1,0,0,0
कम स्टक: ल्यापटप ब्याग को 2 थान मात्र,scarcity,scarcity,ne,span,stock,[TAG=span] [ROLE=stock] कम स्टक: ल्यापटप ब्याग को 2 थान मात्र,scarcity:ne:03,synthetic_v1,0,0,0,0,1,0,0,0
SastoDeal Bengaluru warehouse: 10 office chair remaining,scarcity,scarcity,en,div,badge,[TAG=div] [ROLE=badge] SastoDeal Bengaluru warehouse: 10 office chair remaining,scarcity:en:19,synthetic_v1,0,0,0,0,1,0,0,0
JioMart पर फॉर्मल शर्ट का 10% स्टॉक बिक चुका,scarcity,scarcity,hi,span,stock,[TAG=span] [ROLE=stock] JioMart पर फॉर्मल शर्ट का 10% स्टॉक बिक चुका,scarcity:hi:18,synthetic_v1,0,0,0,0,1,0,0,0
Only 5 left — 80% off ends soon,scarcity|false_urgency,scarcity,en,p,promo,[TAG=p] [ROLE=promo] Only 5 left — 80% off ends soon,scarcity:en:12,synthetic_v1,0,1,0,0,1,0,0,0
विराटनगर मा 10 कोठा मात्र बाँकी,scarcity,scarcity,ne,div,badge,[TAG=div] [ROLE=badge] विराटनगर मा 10 कोठा मात्र बाँकी,scarcity:ne:05,synthetic_v1,0,0,0,0,1,0,0,0
हैदराबाद में केवल 3 कमरे बचे,scarcity,scarcity,hi,div,badge,[TAG=div] [ROLE=badge] हैदराबाद में केवल 3 कमरे बचे,scarcity:hi:05,synthetic_v1,0,0,0,0,1,0,0,0
Reliance Digital मा 12 एयर फ्रायर मात्र बाँकी,scarcity,scarcity,ne,div,badge,[TAG=div] [ROLE=badge] Reliance Digital मा 12 एयर फ्रायर मात्र बाँकी,scarcity:ne:15,synthetic_v1,0,0,0,0,1,0,0,0
Meesho मा 1 कटन कुर्ता मात्र बाँकी,scarcity,scarcity,ne,p,promo,[TAG=p] [ROLE=promo] Meesho मा 1 कटन कुर्ता मात्र बाँकी,scarcity:ne:15,synthetic_v1,0,0,0,0,1,0,0,0
High demand — limited units of denim jeans,scarcity,scarcity,en,p,promo,[TAG=p] [ROLE=promo] High demand — limited units of denim jeans,scarcity:en:06,synthetic_v1,0,0,0,0,1,0,0,0
Salesberry: तनहुँ का लागि 3 थान बाँकी,scarcity,scarcity,ne,span,stock,[TAG=span] [ROLE=stock] Salesberry: तनहुँ का लागि 3 थान बाँकी,scarcity:ne:16,synthetic_v1,0,0,0,0,1,0,0,0
रु. 149 मा 6 मात्र बाँकी,scarcity,scarcity,ne,div,badge,[TAG=div] [ROLE=badge] रु. 149 मा 6 मात्र बाँकी,scarcity:ne:10,synthetic_v1,0,0,0,0,1,0,0,0
4 मात्र बाँकी — 10% छुट चाँडै सकिन्छ,scarcity|false_urgency,scarcity,ne,p,promo,[TAG=p] [ROLE=promo] 4 मात्र बाँकी — 10% छुट चाँडै सकिन्छ,scarcity:ne:12,synthetic_v1,0,1,0,0,1,0,0,0
गोरखा मा 2 कोठा मात्र बाँकी,scarcity,scarcity,ne,div,badge,[TAG=div] [ROLE=badge] गोरखा मा 2 कोठा मात्र बाँकी,scarcity:ne:05,synthetic_v1,0,0,0,0,1,0,0,0
SastoDeal पर केवल 2 सर्दी का कंबल बचे,scarcity,scarcity,hi,span,stock,[TAG=span] [ROLE=stock] SastoDeal पर केवल 2 सर्दी का कंबल बचे,scarcity:hi:15,synthetic_v1,0,0,0,0,1,0,0,0
उच्च माग — पानीको बोतल को सीमित परिमाण,scarcity,scarcity,ne,div,badge,[TAG=div] [ROLE=badge] उच्च माग — पानीको बोतल को सीमित परिमाण,scarcity:ne:06,synthetic_v1,0,0,0,0,1,0,0,0
"छिटो गर्नुहोस्, धनगढी गोदाममा 7 ल्यापटप ब्याग बाँकी",scarcity,scarcity,ne,div,badge,"[TAG=div] [ROLE=badge] छिटो गर्नुहोस्, धनगढी गोदाममा 7 ल्यापटप ब्याग बाँकी",scarcity:ne:13,synthetic_v1,0,0,0,0,1,0,0,0
Pepperfry मा 5 हिउँदको ब्ल्याङ्केट मात्र बाँकी,scarcity,scarcity,ne,span,stock,[TAG=span] [ROLE=stock] Pepperfry मा 5 हिउँदको ब्ल्याङ्केट मात्र बाँकी,scarcity:ne:15,synthetic_v1,0,0,0,0,1,0,0,0
Low stock: only 3 units of wireless earbuds,scarcity,scarcity,en,div,badge,[TAG=div] [ROLE=badge] Low stock: only 3 units of wireless earbuds,scarcity:en:03,synthetic_v1,0,0,0,0,1,0,0,0
Pepperfry विराटनगर गोदाम: 7 हिउँदको ब्ल्याङ्केट बाँकी,scarcity,scarcity,ne,span,stock,[TAG=span] [ROLE=stock] Pepperfry विराटनगर गोदाम: 7 हिउँदको ब्ल्याङ्केट बाँकी,scarcity:ne:19,synthetic_v1,0,0,0,0,1,0,0,0
Flipkart: हेटौंडा का लागि 4 थान बाँकी,scarcity,scarcity,ne,div,badge,[TAG=div] [ROLE=badge] Flipkart: हेटौंडा का लागि 4 थान बाँकी,scarcity:ne:16,synthetic_v1,0,0,0,0,1,0,0,0
Snapdeal Pokhara warehouse: 9 bluetooth speaker remaining,scarcity,scarcity,en,p,promo,[TAG=p] [ROLE=promo] Snapdeal Pokhara warehouse: 9 bluetooth speaker remaining,scarcity:en:19,synthetic_v1,0,0,0,0,1,0,0,0
Last 4 coffee maker at Rs. 299,scarcity,scarcity,en,span,stock,[TAG=span] [ROLE=stock] Last 4 coffee maker at Rs. 299,scarcity:en:17,synthetic_v1,0,0,0,0,1,0,0,0
Kinbech मा 4 वायरलेस इयरबड्स मात्र बाँकी,scarcity,scarcity,ne,p,promo,[TAG=p] [ROLE=promo] Kinbech मा 4 वायरलेस इयरबड्स मात्र बाँकी,scarcity:ne:15,synthetic_v1,0,0,0,0,1,0,0,0
Only 5 rooms left in Lucknow,scarcity,scarcity,en,span,stock,[TAG=span] [ROLE=stock] Only 5 rooms left in Lucknow,scarcity:en:05,synthetic_v1,0,0,0,0,1,0,0,0
Only 3 hair dryer left at Blinkit,scarcity,scarcity,en,div,badge,[TAG=div] [ROLE=badge] Only 3 hair dryer left at Blinkit,scarcity:en:15,synthetic_v1,0,0,0,0,1,0,0,0
Only 12 left — 50% off ends soon,scarcity|false_urgency,scarcity,en,p,promo,[TAG=p] [ROLE=promo] Only 12 left — 50% off ends soon,scarcity:en:12,synthetic_v1,0,1,0,0,1,0,0,0
वाराणसी में केवल 12 कमरे बचे,scarcity,scarcity,hi,p,promo,[TAG=p] [ROLE=promo] वाराणसी में केवल 12 कमरे बचे,scarcity:hi:05,synthetic_v1,0,0,0,0,1,0,0,0
Low stock: only 12 units of smartwatch,scarcity,scarcity,en,p,promo,[TAG=p] [ROLE=promo] Low stock: only 12 units of smartwatch,scarcity:en:03,synthetic_v1,0,0,0,0,1,0,0,0
15% of coffee maker stock already sold at Snapdeal,scarcity,scarcity,en,p,promo,[TAG=p] [ROLE=promo] 15% of coffee maker stock already sold at Snapdeal,scarcity:en:18,synthetic_v1,0,0,0,0,1,0,0,0
कम स्टॉक: लैपटॉप बैग की केवल 3 इकाई,scarcity,scarcity,hi,span,stock,[TAG=span] [ROLE=stock] कम स्टॉक: लैपटॉप बैग की केवल 3 इकाई,scarcity:hi:03,synthetic_v1,0,0,0,0,1,0,0,0
10% of school bag stock already sold at Nykaa,scarcity,scarcity,en,span,stock,[TAG=span] [ROLE=stock] 10% of school bag stock already sold at Nykaa,scarcity:en:18,synthetic_v1,0,0,0,0,1,0,0,0
Blinkit: चितवन का लागि 7 थान बाँकी,scarcity,scarcity,ne,div,badge,[TAG=div] [ROLE=badge] Blinkit: चितवन का लागि 7 थान बाँकी,scarcity:ne:16,synthetic_v1,0,0,0,0,1,0,0,0
Only 2 phone case remaining at this price,scarcity,scarcity,en,div,badge,[TAG=div] [ROLE=badge] Only 2 phone case remaining at this price,scarcity:en:01,synthetic_v1,0,0,0,0,1,0,0,0
बाँके मा 3 कोठा मात्र बाँकी,scarcity,scarcity,ne,p,promo,[TAG=p] [ROLE=promo] बाँके मा 3 कोठा मात्र बाँकी,scarcity:ne:05,synthetic_v1,0,0,0,0,1,0,0,0
BigBasket विराटनगर गोदाम: 3 अफिस कुर्सी बाँकी,scarcity,scarcity,ne,span,stock,[TAG=span] [ROLE=stock] BigBasket विराटनगर गोदाम: 3 अफिस कुर्सी बाँकी,scarcity:ne:19,synthetic_v1,0,0,0,0,1,0,0,0
रु. 449 पर आख़िरी 6 धूप का चश्मा,scarcity,scarcity,hi,div,badge,[TAG=div] [ROLE=badge] रु. 449 पर आख़िरी 6 धूप का चश्मा,scarcity:hi:17,synthetic_v1,0,0,0,0,1,0,0,0
सीमित संस्करण फेस वास — स्टक रहेसम्म,scarcity,scarcity,ne,span,stock,[TAG=span] [ROLE=stock] सीमित संस्करण फेस वास — स्टक रहेसम्म,scarcity:ne:09,synthetic_v1,0,0,0,0,1,0,0,0
"रु. 2,999 मा 10 मात्र बाँकी",scarcity,scarcity,ne,p,promo,"[TAG=p] [ROLE=promo] रु. 2,999 मा 10 मात्र बाँकी",scarcity:ne:10,synthetic_v1,0,0,0,0,1,0,0,0
"आज 2,038 जनाले किन्नुभयो, स्टक सकिँदै",scarcity|social_proof,scarcity,ne,span,stock,"[TAG=span] [ROLE=stock] आज 2,038 जनाले किन्नुभयो, स्टक सकिँदै",scarcity:ne:07,synthetic_v1,0,0,0,0,1,0,1,0
इस दाम पर केवल 1 प्रोटीन पाउडर उपलब्ध,scarcity,scarcity,hi,p,promo,[TAG=p] [ROLE=promo] इस दाम पर केवल 1 प्रोटीन पाउडर उपलब्ध,scarcity:hi:01,synthetic_v1,0,0,0,0,1,0,0,0
Only 9 noise cancelling headphones left at Gyapu,scarcity,scarcity,en,div,badge,[TAG=div] [ROLE=badge] Only 9 noise cancelling headphones left at Gyapu,scarcity:en:15,synthetic_v1,0,0,0,0,1,0,0,0
Blinkit: धनगढी का लागि 6 थान बाँकी,scarcity,scarcity,ne,span,stock,[TAG=span] [ROLE=stock] Blinkit: धनगढी का लागि 6 थान बाँकी,scarcity:ne:16,synthetic_v1,0,0,0,0,1,0,0,0
सीमित संस्करण स्पोर्ट्स सैंडल — जब तक स्टॉक,scarcity,scarcity,hi,div,badge,[TAG=div] [ROLE=badge] सीमित संस्करण स्पोर्ट्स सैंडल — जब तक स्टॉक,scarcity:hi:09,synthetic_v1,0,0,0,0,1,0,0,0
Myntra पर केवल 8 कॉफी मेकर बचे,scarcity,scarcity,hi,p,promo,[TAG=p] [ROLE=promo] Myntra पर केवल 8 कॉफी मेकर बचे,scarcity:hi:15,synthetic_v1,0,0,0,0,1,0,0,0
Croma पर धूप का चश्मा का 70% स्टॉक बिक चुका,scarcity,scarcity,hi,span,stock,[TAG=span] [ROLE=stock] Croma पर धूप का चश्मा का 70% स्टॉक बिक चुका,scarcity:hi:18,synthetic_v1,0,0,0,0,1,0,0,0
Salesberry पर नॉइज़ कैंसलिंग हेडफोन का 40% स्टॉक बिक चुका,scarcity,scarcity,hi,p,promo,[TAG=p] [ROLE=promo] Salesberry पर नॉइज़ कैंसलिंग हेडफोन का 40% स्टॉक बिक चुका,scarcity:hi:18,synthetic_v1,0,0,0,0,1,0,0,0
Ajio Biratnagar warehouse: 6 laptop bag remaining,scarcity,scarcity,en,span,stock,[TAG=span] [ROLE=stock] Ajio Biratnagar warehouse: 6 laptop bag remaining,scarcity:en:19,synthetic_v1,0,0,0,0,1,0,0,0
अहिले 10 कार्टमा छ,scarcity,scarcity,ne,div,badge,[TAG=div] [ROLE=badge] अहिले 10 कार्टमा छ,scarcity:ne:11,synthetic_v1,0,0,0,0,1,0,0,0
"रु. 1,499 मा अन्तिम 3 पानीको बोतल",scarcity,scarcity,ne,div,badge,"[TAG=div] [ROLE=badge] रु. 1,499 मा अन्तिम 3 पानीको बोतल",scarcity:ne:17,synthetic_v1,0,0,0,0,1,0,0,0
यो मूल्यमा 8 प्रोटिन पाउडर मात्र उपलब्ध,scarcity,scarcity,ne,p,promo,[TAG=p] [ROLE=promo] यो मूल्यमा 8 प्रोटिन पाउडर मात्र उपलब्ध,scarcity:ne:01,synthetic_v1,0,0,0,0,1,0,0,0
रांची में केवल 6 कमरे बचे,scarcity,scarcity,hi,div,badge,[TAG=div] [ROLE=badge] रांची में केवल 6 कमरे बचे,scarcity:hi:05,synthetic_v1,0,0,0,0,1,0,0,0
कम स्टॉक: पानी की बोतल की केवल 8 इकाई,scarcity,scarcity,hi,p,promo,[TAG=p] [ROLE=promo] कम स्टॉक: पानी की बोतल की केवल 8 इकाई,scarcity:hi:03,synthetic_v1,0,0,0,0,1,0,0,0
Croma: हैदराबाद के लिए 4 इकाई बचीं,scarcity,scarcity,hi,div,badge,[TAG=div] [ROLE=badge] Croma: हैदराबाद के लिए 4 इकाई बचीं,scarcity:hi:16,synthetic_v1,0,0,0,0,1,0,0,0
रु. 299 पर केवल 5 बचे,scarcity,scarcity,hi,div,badge,[TAG=div] [ROLE=badge] रु. 299 पर केवल 5 बचे,scarcity:hi:10,synthetic_v1,0,0,0,0,1,0,0,0
BigBasket Indore warehouse: 12 study lamp remaining,scarcity,scarcity,en,div,badge,[TAG=div] [ROLE=badge] BigBasket Indore warehouse: 12 study lamp remaining,scarcity:en:19,synthetic_v1,0,0,0,0,1,0,0,0
Muncha: 7 units left for Lucknow,scarcity,scarcity,en,span,stock,[TAG=span] [ROLE=stock] Muncha: 7 units left for Lucknow,scarcity:en:16,synthetic_v1,0,0,0,0,1,0,0,0
Nykaa पर रनिंग शूज़ का 10% स्टॉक बिक चुका,scarcity,scarcity,hi,span,stock,[TAG=span] [ROLE=stock] Nykaa पर रनिंग शूज़ का 10% स्टॉक बिक चुका,scarcity:hi:18,synthetic_v1,0,0,0,0,1,0,0,0
Last 5 yoga mat at Rs. 699,scarcity,scarcity,en,div,badge,[TAG=div] [ROLE=badge] Last 5 yoga mat at Rs. 699,scarcity:en:17,synthetic_v1,0,0,0,0,1,0,0,0
इस दाम पर केवल 4 ट्रेकिंग जैकेट उपलब्ध,scarcity,scarcity,hi,span,stock,[TAG=span] [ROLE=stock] इस दाम पर केवल 4 ट्रेकिंग जैकेट उपलब्ध,scarcity:hi:01,synthetic_v1,0,0,0,0,1,0,0,0
सीमित संस्करण फेस वॉश — जब तक स्टॉक,scarcity,scarcity,hi,p,promo,[TAG=p] [ROLE=promo] सीमित संस्करण फेस वॉश — जब तक स्टॉक,scarcity:hi:09,synthetic_v1,0,0,0,0,1,0,0,0
जनकपुर मा 9 कोठा मात्र बाँकी,scarcity,scarcity,ne,span,stock,[TAG=span] [ROLE=stock] जनकपुर मा 9 कोठा मात्र बाँकी,scarcity:ne:05,synthetic_v1,0,0,0,0,1,0,0,0
Only 9 face wash left at Reliance Digital,scarcity,scarcity,en,div,badge,[TAG=div] [ROLE=badge] Only 9 face wash left at Reliance Digital,scarcity:en:15,synthetic_v1,0,0,0,0,1,0,0,0
Low stock: only 2 units of winter blanket,scarcity,scarcity,en,p,promo,[TAG=p] [ROLE=promo] Low stock: only 2 units of winter blanket,scarcity:en:03,synthetic_v1,0,0,0,0,1,0,0,0
इस दाम पर केवल 7 रनिंग शूज़ उपलब्ध,scarcity,scarcity,hi,p,promo,[TAG=p] [ROLE=promo] इस दाम पर केवल 7 रनिंग शूज़ उपलब्ध,scarcity:hi:01,synthetic_v1,0,0,0,0,1,0,0,0
Croma: लखनऊ के लिए 5 इकाई बचीं,scarcity,scarcity,hi,div,badge,[TAG=div] [ROLE=badge] Croma: लखनऊ के लिए 5 इकाई बचीं,scarcity:hi:16,synthetic_v1,0,0,0,0,1,0,0,0
In 5 carts right now,scarcity,scarcity,en,p,promo,[TAG=p] [ROLE=promo] In 5 carts right now,scarcity:en:11,synthetic_v1,0,0,0,0,1,0,0,0
Only 5 left — 15% off ends soon,scarcity|false_urgency,scarcity,en,p,promo,[TAG=p] [ROLE=promo] Only 5 left — 15% off ends soon,scarcity:en:12,synthetic_v1,0,1,0,0,1,0,0,0
5% of air fryer stock already sold at Kinbech,scarcity,scarcity,en,p,promo,[TAG=p] [ROLE=promo] 5% of air fryer stock already sold at Kinbech,scarcity:en:18,synthetic_v1,0,0,0,0,1,0,0,0
Pepperfry मा हेयर ड्रायर को 5% स्टक बिक्री भइसक्यो,scarcity,scarcity,ne,div,badge,[TAG=div] [ROLE=badge] Pepperfry मा हेयर ड्रायर को 5% स्टक बिक्री भइसक्यो,scarcity:ne:18,synthetic_v1,0,0,0,0,1,0,0,0
"Hurry, 3 rice cooker left in Jaipur warehouse",scarcity,scarcity,en,span,stock,"[TAG=span] [ROLE=stock] Hurry, 3 rice cooker left in Jaipur warehouse",scarcity:en:13,synthetic_v1,0,0,0,0,1,0,0,0
"Hurry, 8 noise cancelling headphones left in Bengaluru warehouse",scarcity,scarcity,en,span,stock,"[TAG=span] [ROLE=stock] Hurry, 8 noise cancelling headphones left in Bengaluru warehouse",scarcity:en:13,synthetic_v1,0,0,0,0,1,0,0,0
Lenskart मा 12 राइस कुकर मात्र बाँकी,scarcity,scarcity,ne,p,promo,[TAG=p] [ROLE=promo] Lenskart मा 12 राइस कुकर मात्र बाँकी,scarcity:ne:15,synthetic_v1,0,0,0,0,1,0,0,0
"जल्दी करें, अहमदाबाद गोदाम में 5 ऑफिस चेयर बचे",scarcity,scarcity,hi,span,stock,"[TAG=span] [ROLE=stock] जल्दी करें, अहमदाबाद गोदाम में 5 ऑफिस चेयर बचे",scarcity:hi:13,synthetic_v1,0,0,0,0,1,0,0,0
Only 3 rooms left in Kolkata,scarcity,scarcity,en,span,stock,[TAG=span] [ROLE=stock] Only 3 rooms left in Kolkata,scarcity:en:05,synthetic_v1,0,0,0,0,1,0,0,0
Zepto: तनहुँ का लागि 10 थान बाँकी,scarcity,scarcity,ne,span,stock,[TAG=span] [ROLE=stock] Zepto: तनहुँ का लागि 10 थान बाँकी,scarcity:ne:16,synthetic_v1,0,0,0,0,1,0,0,0
Only 5 left at Rs. 149,scarcity,scarcity,en,div,badge,[TAG=div] [ROLE=badge] Only 5 left at Rs. 149,scarcity:en:10,synthetic_v1,0,0,0,0,1,0,0,0
Nykaa: नागपुर के लिए 1 इकाई बचीं,scarcity,scarcity,hi,p,promo,[TAG=p] [ROLE=promo] Nykaa: नागपुर के लिए 1 इकाई बचीं,scarcity:hi:16,synthetic_v1,0,0,0,0,1,0,0,0
इस दाम पर केवल 3 प्रोटीन पाउडर उपलब्ध,scarcity,scarcity,hi,p,promo,[TAG=p] [ROLE=promo] इस दाम पर केवल 3 प्रोटीन पाउडर उपलब्ध,scarcity:hi:01,synthetic_v1,0,0,0,0,1,0,0,0
Kinbech: अहमदाबाद के लिए 12 इकाई बचीं,scarcity,scarcity,hi,p,promo,[TAG=p] [ROLE=promo] Kinbech: अहमदाबाद के लिए 12 इकाई बचीं,scarcity:hi:16,synthetic_v1,0,0,0,0,1,0,0,0
"छिटो बिक्री हुँदैछ, 2 बाँकी",scarcity,scarcity,ne,span,stock,"[TAG=span] [ROLE=stock] छिटो बिक्री हुँदैछ, 2 बाँकी",scarcity:ne:08,synthetic_v1,0,0,0,0,1,0,0,0
50% of running shoes stock already sold at Kinbech,scarcity,scarcity,en,span,stock,[TAG=span] [ROLE=stock] 50% of running shoes stock already sold at Kinbech,scarcity:en:18,synthetic_v1,0,0,0,0,1,0,0,0
Only 1 left — 20% off ends soon,scarcity|false_urgency,scarcity,en,div,badge,[TAG=div] [ROLE=badge] Only 1 left — 20% off ends soon,scarcity:en:12,synthetic_v1,0,1,0,0,1,0,0,0
कानपुर में केवल 7 कमरे बचे,scarcity,scarcity,hi,div,badge,[TAG=div] [ROLE=badge] कानपुर में केवल 7 कमरे बचे,scarcity:hi:05,synthetic_v1,0,0,0,0,1,0,0,0
"Hurry, 12 gaming mouse left in Bengaluru warehouse",scarcity,scarcity,en,span,stock,"[TAG=span] [ROLE=stock] Hurry, 12 gaming mouse left in Bengaluru warehouse",scarcity:en:13,synthetic_v1,0,0,0,0,1,0,0,0
Myntra पर इंडक्शन चूल्हा का 10% स्टॉक बिक चुका,scarcity,scarcity,hi,p,promo,[TAG=p] [ROLE=promo] Myntra पर इंडक्शन चूल्हा का 10% स्टॉक बिक चुका,scarcity:hi:18,synthetic_v1,0,0,0,0,1,0,0,0
"रु. 1,199 मा 7 मात्र बाँकी",scarcity,scarcity,ne,p,promo,"[TAG=p] [ROLE=promo] रु. 1,199 मा 7 मात्र बाँकी",scarcity:ne:10,synthetic_v1,0,0,0,0,1,0,0,0
Pepperfry: सुर्खेत का लागि 4 थान बाँकी,scarcity,scarcity,ne,p,promo,[TAG=p] [ROLE=promo] Pepperfry: सुर्खेत का लागि 4 थान बाँकी,scarcity:ne:16,synthetic_v1,0,0,0,0,1,0,0,0
Last 6 coffee maker at Rs. 699,scarcity,scarcity,en,p,promo,[TAG=p] [ROLE=promo] Last 6 coffee maker at Rs. 699,scarcity:en:17,synthetic_v1,0,0,0,0,1,0,0,0
"आज 18,332 लोगों ने खरीदा, स्टॉक कम",scarcity|social_proof,scarcity,hi,div,badge,"[TAG=div] [ROLE=badge] आज 18,332 लोगों ने खरीदा, स्टॉक कम",scarcity:hi:07,synthetic_v1,0,0,0,0,1,0,1,0
भोपाल में केवल 2 कमरे बचे,scarcity,scarcity,hi,span,stock,[TAG=span] [ROLE=stock] भोपाल में केवल 2 कमरे बचे,scarcity:hi:05,synthetic_v1,0,0,0,0,1,0,0,0
FirstCry मा पानीको बोतल को 40% स्टक बिक्री भइसक्यो,scarcity,scarcity,ne,div,badge,[TAG=div] [ROLE=badge] FirstCry मा पानीको बोतल को 40% स्टक बिक्री भइसक्यो,scarcity:ne:18,synthetic_v1,0,0,0,0,1,0,0,0
70% of winter blanket stock already sold at Nykaa,scarcity,scarcity,en,div,badge,[TAG=div] [ROLE=badge] 70% of winter blanket stock already sold at Nykaa,scarcity:en:18,synthetic_v1,0,0,0,0,1,0,0,0
दिल्ली में केवल 12 कमरे बचे,scarcity,scarcity,hi,p,promo,[TAG=p] [ROLE=promo] दिल्ली में केवल 12 कमरे बचे,scarcity:hi:05,synthetic_v1,0,0,0,0,1,0,0,0
"Hurry, 7 denim jeans left in Biratnagar warehouse",scarcity,scarcity,en,div,badge,"[TAG=div] [ROLE=badge] Hurry, 7 denim jeans left in Biratnagar warehouse",scarcity:en:13,synthetic_v1,0,0,0,0,1,0,0,0
Only 7 cotton kurta left at Ajio,scarcity,scarcity,en,p,promo,[TAG=p] [ROLE=promo] Only 7 cotton kurta left at Ajio,scarcity:en:15,synthetic_v1,0,0,0,0,1,0,0,0
Low stock: only 1 units of rice cooker,scarcity,scarcity,en,p,promo,[TAG=p] [ROLE=promo] Low stock: only 1 units of rice cooker,scarcity:en:03,synthetic_v1,0,0,0,0,1,0,0,0
Croma: नासिक के लिए 8 इकाई बचीं,scarcity,scarcity,hi,p,promo,[TAG=p] [ROLE=promo] Croma: नासिक के लिए 8 इकाई बचीं,scarcity:hi:16,synthetic_v1,0,0,0,0,1,0,0,0
"छिटो गर्नुहोस्, नेपालगन्ज गोदाममा 4 स्पोर्ट्स चप्पल बाँकी",scarcity,scarcity,ne,div,badge,"[TAG=div] [ROLE=badge] छिटो गर्नुहोस्, नेपालगन्ज गोदाममा 4 स्पोर्ट्स चप्पल बाँकी",scarcity:ne:13,synthetic_v1,0,0,0,0,1,0,0,0
अहिले 5 कार्टमा छ,scarcity,scarcity,ne,span,stock,[TAG=span] [ROLE=stock] अहिले 5 कार्टमा छ,scarcity:ne:11,synthetic_v1,0,0,0,0,1,0,0,0
कम स्टक: स्टडी लाइट को 12 थान मात्र,scarcity,scarcity,ne,span,stock,[TAG=span] [ROLE=stock] कम स्टक: स्टडी लाइट को 12 थान मात्र,scarcity:ne:03,synthetic_v1,0,0,0,0,1,0,0,0
रु. 199 पर केवल 2 बचे,scarcity,scarcity,hi,p,promo,[TAG=p] [ROLE=promo] रु. 199 पर केवल 2 बचे,scarcity:hi:10,synthetic_v1,0,0,0,0,1,0,0,0
FirstCry: 5 units left for Surat,scarcity,scarcity,en,div,badge,[TAG=div] [ROLE=badge] FirstCry: 5 units left for Surat,scarcity:en:16,synthetic_v1,0,0,0,0,1,0,0,0
Only 1 left — 80% off ends soon,scarcity|false_urgency,scarcity,en,p,promo,[TAG=p] [ROLE=promo] Only 1 left — 80% off ends soon,scarcity:en:12,synthetic_v1,0,1,0,0,1,0,0,0
स्टॉक में केवल 7 बचे!,scarcity,scarcity,hi,span,stock,[TAG=span] [ROLE=stock] स्टॉक में केवल 7 बचे!,scarcity:hi:00,synthetic_v1,0,0,0,0,1,0,0,0
Flipkart पर राइस कुकर का 20% स्टॉक बिक चुका,scarcity,scarcity,hi,div,badge,[TAG=div] [ROLE=badge] Flipkart पर राइस कुकर का 20% स्टॉक बिक चुका,scarcity:hi:18,synthetic_v1,0,0,0,0,1,0,0,0
Only 6 yoga mat remaining at this price,scarcity,scarcity,en,span,stock,[TAG=span] [ROLE=stock] Only 6 yoga mat remaining at this price,scarcity:en:01,synthetic_v1,0,0,0,0,1,0,0,0
Only 8 phone case remaining at this price,scarcity,scarcity,en,div,badge,[TAG=div] [ROLE=badge] Only 8 phone case remaining at this price,scarcity:en:01,synthetic_v1,0,0,0,0,1,0,0,0
Only 7 left at Rs. 399,scarcity,scarcity,en,p,promo,[TAG=p] [ROLE=promo] Only 7 left at Rs. 399,scarcity:en:10,synthetic_v1,0,0,0,0,1,0,0,0
40% of winter blanket stock already sold at HamroBazar,scarcity,scarcity,en,div,badge,[TAG=div] [ROLE=badge] 40% of winter blanket stock already sold at HamroBazar,scarcity:en:18,synthetic_v1,0,0,0,0,1,0,0,0
कम स्टक: स्मार्टवाच को 2 थान मात्र,scarcity,scarcity,ne,div,badge,[TAG=div] [ROLE=badge] कम स्टक: स्मार्टवाच को 2 थान मात्र,scarcity:ne:03,synthetic_v1,0,0,0,0,1,0,0,0
अभी 8 कार्ट में है,scarcity,scarcity,hi,span,stock,[TAG=span] [ROLE=stock] अभी 8 कार्ट में है,scarcity:hi:11,synthetic_v1,0,0,0,0,1,0,0,0
रु. 99 मा अन्तिम 3 स्टडी लाइट,scarcity,scarcity,ne,div,badge,[TAG=div] [ROLE=badge] रु. 99 मा अन्तिम 3 स्टडी लाइट,scarcity:ne:17,synthetic_v1,0,0,0,0,1,0,0,0
Croma पर केवल 12 नॉइज़ कैंसलिंग हेडफोन बचे,scarcity,scarcity,hi,div,badge,[TAG=div] [ROLE=badge] Croma पर केवल 12 नॉइज़ कैंसलिंग हेडफोन बचे,scarcity:hi:15,synthetic_v1,0,0,0,0,1,0,0,0
Myntra अहमदाबाद गोदाम: 3 फोन कवर शेष,scarcity,scarcity,hi,div,badge,[TAG=div] [ROLE=badge] Myntra अहमदाबाद गोदाम: 3 फोन कवर शेष,scarcity:hi:19,synthetic_v1,0,0,0,0,1,0,0,0
"जल्दी करें, कानपुर गोदाम में 10 स्कूल बैग बचे",scarcity,scarcity,hi,span,stock,"[TAG=span] [ROLE=stock] जल्दी करें, कानपुर गोदाम में 10 स्कूल बैग बचे",scarcity:hi:13,synthetic_v1,0,0,0,0,1,0,0,0
Pepperfry: भोपाल के लिए 8 इकाई बचीं,scarcity,scarcity,hi,div,badge,[TAG=div] [ROLE=badge] Pepperfry: भोपाल के लिए 8 इकाई बचीं,scarcity:hi:16,synthetic_v1,0,0,0,0,1,0,0,0
"Hurry, 4 running shoes left in Biratnagar warehouse",scarcity,scarcity,en,div,badge,"[TAG=div] [ROLE=badge] Hurry, 4 running shoes left in Biratnagar warehouse",scarcity:en:13,synthetic_v1,0,0,0,0,1,0,0,0
केवल 1 बचे — 10% छूट जल्द खत्म,scarcity|false_urgency,scarcity,hi,div,badge,[TAG=div] [ROLE=badge] केवल 1 बचे — 10% छूट जल्द खत्म,scarcity:hi:12,synthetic_v1,0,1,0,0,1,0,0,0
केवल 2 बचे — 80% छूट जल्द खत्म,scarcity|false_urgency,scarcity,hi,div,badge,[TAG=div] [ROLE=badge] केवल 2 बचे — 80% छूट जल्द खत्म,scarcity:hi:12,synthetic_v1,0,1,0,0,1,0,0,0
Only 3 induction cooktop left at Gyapu,scarcity,scarcity,en,p,promo,[TAG=p] [ROLE=promo] Only 3 induction cooktop left at Gyapu,scarcity:en:15,synthetic_v1,0,0,0,0,1,0,0,0
सूरत में केवल 4 कमरे बचे,scarcity,scarcity,hi,p,promo,[TAG=p] [ROLE=promo] सूरत में केवल 4 कमरे बचे,scarcity:hi:05,synthetic_v1,0,0,0,0,1,0,0,0
रु. 49 मा 1 मात्र बाँकी,scarcity,scarcity,ne,div,badge,[TAG=div] [ROLE=badge] रु. 49 मा 1 मात्र बाँकी,scarcity:ne:10,synthetic_v1,0,0,0,0,1,0,0,0
Only 5 rooms left in Pune,scarcity,scarcity,en,p,promo,[TAG=p] [ROLE=promo] Only 5 rooms left in Pune,scarcity:en:05,synthetic_v1,0,0,0,0,1,0,0,0
OkDam मा 12 पावर ब्यांक मात्र बाँकी,scarcity,scarcity,ne,span,stock,[TAG=span] [ROLE=stock] OkDam मा 12 पावर ब्यांक मात्र बाँकी,scarcity:ne:15,synthetic_v1,0,0,0,0,1,0,0,0
आख़िरी 2 पीस उपलब्ध,scarcity,scarcity,hi,p,promo,[TAG=p] [ROLE=promo] आख़िरी 2 पीस उपलब्ध,scarcity:hi:04,synthetic_v1,0,0,0,0,1,0,0,0
चंडीगढ़ में केवल 7 कमरे बचे,scarcity,scarcity,hi,p,promo,[TAG=p] [ROLE=promo] चंडीगढ़ में केवल 7 कमरे बचे,scarcity:hi:05,synthetic_v1,0,0,0,0,1,0,0,0
Low stock: only 3 units of trekking jacket,scarcity,scarcity,en,span,stock,[TAG=span] [ROLE=stock] Low stock: only 3 units of trekking jacket,scarcity:en:03,synthetic_v1,0,0,0,0,1,0,0,0
"जल्दी करें, अहमदाबाद गोदाम में 9 बैकपैक बचे",scarcity,scarcity,hi,p,promo,"[TAG=p] [ROLE=promo] जल्दी करें, अहमदाबाद गोदाम में 9 बैकपैक बचे",scarcity:hi:13,synthetic_v1,0,0,0,0,1,0,0,0
Only 7 electric kettle remaining at this price,scarcity,scarcity,en,div,badge,[TAG=div] [ROLE=badge] Only 7 electric kettle remaining at this price,scarcity:en:01,synthetic_v1,0,0,0,0,1,0,0,0
सीमित संस्करण एयर फ्रायर — जब तक स्टॉक,scarcity,scarcity,hi,p,promo,[TAG=p] [ROLE=promo] सीमित संस्करण एयर फ्रायर — जब तक स्टॉक,scarcity:hi:09,synthetic_v1,0,0,0,0,1,0,0,0
Only 2 rooms left in Jaipur,scarcity,scarcity,en,div,badge,[TAG=div] [ROLE=badge] Only 2 rooms left in Jaipur,scarcity:en:05,synthetic_v1,0,0,0,0,1,0,0,0
इस दाम पर केवल 1 फॉर्मल शर्ट उपलब्ध,scarcity,scarcity,hi,p,promo,[TAG=p] [ROLE=promo] इस दाम पर केवल 1 फॉर्मल शर्ट उपलब्ध,scarcity:hi:01,synthetic_v1,0,0,0,0,1,0,0,0
Almost sold out — 30% already claimed,scarcity,scarcity,en,p,promo,[TAG=p] [ROLE=promo] Almost sold out — 30% already claimed,scarcity:en:02,synthetic_v1,0,0,0,0,1,0,0,0
कम स्टॉक: कॉटन कुर्ता की केवल 5 इकाई,scarcity,scarcity,hi,span,stock,[TAG=span] [ROLE=stock] कम स्टॉक: कॉटन कुर्ता की केवल 5 इकाई,scarcity:hi:03,synthetic_v1,0,0,0,0,1,0,0,0
सीमित संस्करण प्रोटिन पाउडर — स्टक रहेसम्म,scarcity,scarcity,ne,span,stock,[TAG=span] [ROLE=stock] सीमित संस्करण प्रोटिन पाउडर — स्टक रहेसम्म,scarcity:ne:09,synthetic_v1,0,0,0,0,1,0,0,0
Snapdeal: दमक का लागि 4 थान बाँकी,scarcity,scarcity,ne,span,stock,[TAG=span] [ROLE=stock] Snapdeal: दमक का लागि 4 थान बाँकी,scarcity:ne:16,synthetic_v1,0,0,0,0,1,0,0,0
Only 10 rooms left in Mumbai,scarcity,scarcity,en,p,promo,[TAG=p] [ROLE=promo] Only 10 rooms left in Mumbai,scarcity:en:05,synthetic_v1,0,0,0,0,1,0,0,0
अहमदाबाद में केवल 7 कमरे बचे,scarcity,scarcity,hi,p,promo,[TAG=p] [ROLE=promo] अहमदाबाद में केवल 7 कमरे बचे,scarcity:hi:05,synthetic_v1,0,0,0,0,1,0,0,0
रु. 599 पर केवल 2 बचे,scarcity,scarcity,hi,div,badge,[TAG=div] [ROLE=badge] रु. 599 पर केवल 2 बचे,scarcity:hi:10,synthetic_v1,0,0,0,0,1,0,0,0
अन्तिम 10 थान उपलब्ध,scarcity,scarcity,ne,p,promo,[TAG=p] [ROLE=promo] अन्तिम 10 थान उपलब्ध,scarcity:ne:04,synthetic_v1,0,0,0,0,1,0,0,0
7 मात्र बाँकी — 20% छुट चाँडै सकिन्छ,scarcity|false_urgency,scarcity,ne,p,promo,[TAG=p] [ROLE=promo] 7 मात्र बाँकी — 20% छुट चाँडै सकिन्छ,scarcity:ne:12,synthetic_v1,0,1,0,0,1,0,0,0
Last 6 electric kettle at Rs. 249,scarcity,scarcity,en,div,badge,[TAG=div] [ROLE=badge] Last 6 electric kettle at Rs. 249,scarcity:en:17,synthetic_v1,0,0,0,0,1,0,0,0
Only 3 left at Rs. 249,scarcity,scarcity,en,span,stock,[TAG=span] [ROLE=stock] Only 3 left at Rs. 249,scarcity:en:10,synthetic_v1,0,0,0,0,1,0,0,0
"छिटो बिक्री हुँदैछ, 1 बाँकी",scarcity,scarcity,ne,p,promo,"[TAG=p] [ROLE=promo] छिटो बिक्री हुँदैछ, 1 बाँकी",scarcity:ne:08,synthetic_v1,0,0,0,0,1,0,0,0
"312 people bought this today, stock running out",scarcity|social_proof,scarcity,en,span,stock,"[TAG=span] [ROLE=stock] 312 people bought this today, stock running out",scarcity:en:07,synthetic_v1,0,0,0,0,1,0,1,0
Only 1 rooms left in Lucknow,scarcity,scarcity,en,div,badge,[TAG=div] [ROLE=badge] Only 1 rooms left in Lucknow,scarcity:en:05,synthetic_v1,0,0,0,0,1,0,0,0
"Hurry, 4 backpack left in Bhaktapur warehouse",scarcity,scarcity,en,div,badge,"[TAG=div] [ROLE=badge] Hurry, 4 backpack left in Bhaktapur warehouse",scarcity:en:13,synthetic_v1,0,0,0,0,1,0,0,0
HamroBazar नागपुर गोदाम: 1 लैपटॉप बैग शेष,scarcity,scarcity,hi,span,stock,[TAG=span] [ROLE=stock] HamroBazar नागपुर गोदाम: 1 लैपटॉप बैग शेष,scarcity:hi:19,synthetic_v1,0,0,0,0,1,0,0,0
"186 people bought this today, stock running out",scarcity|social_proof,scarcity,en,p,promo,"[TAG=p] [ROLE=promo] 186 people bought this today, stock running out",scarcity:en:07,synthetic_v1,0,0,0,0,1,0,1,0
सुर्खेत मा 8 कोठा मात्र बाँकी,scarcity,scarcity,ne,p,promo,[TAG=p] [ROLE=promo] सुर्खेत मा 8 कोठा मात्र बाँकी,scarcity:ne:05,synthetic_v1,0,0,0,0,1,0,0,0
कम स्टक: इलेक्ट्रिक केतली को 6 थान मात्र,scarcity,scarcity,ne,span,stock,[TAG=span] [ROLE=stock] कम स्टक: इलेक्ट्रिक केतली को 6 थान मात्र,scarcity:ne:03,synthetic_v1,0,0,0,0,1,0,0,0
"आज 186 जनाले किन्नुभयो, स्टक सकिँदै",scarcity|social_proof,scarcity,ne,p,promo,"[TAG=p] [ROLE=promo] आज 186 जनाले किन्नुभयो, स्टक सकिँदै",scarcity:ne:07,synthetic_v1,0,0,0,0,1,0,1,0
Myntra पर केवल 4 एयर फ्रायर बचे,scarcity,scarcity,hi,div,badge,[TAG=div] [ROLE=badge] Myntra पर केवल 4 एयर फ्रायर बचे,scarcity:hi:15,synthetic_v1,0,0,0,0,1,0,0,0
"रु. 1,999 मा 9 मात्र बाँकी",scarcity,scarcity,ne,p,promo,"[TAG=p] [ROLE=promo] रु. 1,999 मा 9 मात्र बाँकी",scarcity:ne:10,synthetic_v1,0,0,0,0,1,0,0,0
Low stock: only 12 units of running shoes,scarcity,scarcity,en,span,stock,[TAG=span] [ROLE=stock] Low stock: only 12 units of running shoes,scarcity:en:03,synthetic_v1,0,0,0,0,1,0,0,0
इस दाम पर केवल 1 एयर फ्रायर उपलब्ध,scarcity,scarcity,hi,p,promo,[TAG=p] [ROLE=promo] इस दाम पर केवल 1 एयर फ्रायर उपलब्ध,scarcity:hi:01,synthetic_v1,0,0,0,0,1,0,0,0
Only 9 left — 35% off ends soon,scarcity|false_urgency,scarcity,en,div,badge,[TAG=div] [ROLE=badge] Only 9 left — 35% off ends soon,scarcity:en:12,synthetic_v1,0,1,0,0,1,0,0,0
Gyapu: विराटनगर का लागि 5 थान बाँकी,scarcity,scarcity,ne,p,promo,[TAG=p] [ROLE=promo] Gyapu: विराटनगर का लागि 5 थान बाँकी,scarcity:ne:16,synthetic_v1,0,0,0,0,1,0,0,0
Only 1 water bottle remaining at this price,scarcity,scarcity,en,div,badge,[TAG=div] [ROLE=badge] Only 1 water bottle remaining at this price,scarcity:en:01,synthetic_v1,0,0,0,0,1,0,0,0
रु. 399 पर आख़िरी 3 स्मार्टवॉच,scarcity,scarcity,hi,div,badge,[TAG=div] [ROLE=badge] रु. 399 पर आख़िरी 3 स्मार्टवॉच,scarcity:hi:17,synthetic_v1,0,0,0,0,1,0,0,0
Muncha: 9 units left for Bhaktapur,scarcity,scarcity,en,div,badge,[TAG=div] [ROLE=badge] Muncha: 9 units left for Bhaktapur,scarcity:en:16,synthetic_v1,0,0,0,0,1,0,0,0
Only 3 left — 5% off ends soon,scarcity|false_urgency,scarcity,en,p,promo,[TAG=p] [ROLE=promo] Only 3 left — 5% off ends soon,scarcity:en:12,synthetic_v1,0,1,0,0,1,0,0,0
इस दाम पर केवल 7 फॉर्मल शर्ट उपलब्ध,scarcity,scarcity,hi,div,badge,[TAG=div] [ROLE=badge] इस दाम पर केवल 7 फॉर्मल शर्ट उपलब्ध,scarcity:hi:01,synthetic_v1,0,0,0,0,1,0,0,0
Meesho: दमक का लागि 12 थान बाँकी,scarcity,scarcity,ne,span,stock,[TAG=span] [ROLE=stock] Meesho: दमक का लागि 12 थान बाँकी,scarcity:ne:16,synthetic_v1,0,0,0,0,1,0,0,0
Only 8 left at Rs. 49,scarcity,scarcity,en,p,promo,[TAG=p] [ROLE=promo] Only 8 left at Rs. 49,scarcity:en:10,synthetic_v1,0,0,0,0,1,0,0,0
Only 3 rooms left in Delhi,scarcity,scarcity,en,p,promo,[TAG=p] [ROLE=promo] Only 3 rooms left in Delhi,scarcity:en:05,synthetic_v1,0,0,0,0,1,0,0,0
"रु. 1,999 मा 1 मात्र बाँकी",scarcity,scarcity,ne,p,promo,"[TAG=p] [ROLE=promo] रु. 1,999 मा 1 मात्र बाँकी",scarcity:ne:10,synthetic_v1,0,0,0,0,1,0,0,0
Only 6 protein powder remaining at this price,scarcity,scarcity,en,div,badge,[TAG=div] [ROLE=badge] Only 6 protein powder remaining at this price,scarcity:en:01,synthetic_v1,0,0,0,0,1,0,0,0
कम स्टॉक: योगा मैट की केवल 10 इकाई,scarcity,scarcity,hi,span,stock,[TAG=span] [ROLE=stock] कम स्टॉक: योगा मैट की केवल 10 इकाई,scarcity:hi:03,synthetic_v1,0,0,0,0,1,0,0,0
Only 12 left at Rs. 49,scarcity,scarcity,en,div,badge,[TAG=div] [ROLE=badge] Only 12 left at Rs. 49,scarcity:en:10,synthetic_v1,0,0,0,0,1,0,0,0
"रु. 1,499 मा अन्तिम 9 हेयर ड्रायर",scarcity,scarcity,ne,span,stock,"[TAG=span] [ROLE=stock] रु. 1,499 मा अन्तिम 9 हेयर ड्रायर",scarcity:ne:17,synthetic_v1,0,0,0,0,1,0,0,0
Flipkart दिल्ली गोदाम: 10 हेयर ड्रायर शेष,scarcity,scarcity,hi,span,stock,[TAG=span] [ROLE=stock] Flipkart दिल्ली गोदाम: 10 हेयर ड्रायर शेष,scarcity:hi:19,synthetic_v1,0,0,0,0,1,0,0,0
भारी मांग — रनिंग शूज़ की सीमित मात्रा,scarcity,scarcity,hi,span,stock,[TAG=span] [ROLE=stock] भारी मांग — रनिंग शूज़ की सीमित मात्रा,scarcity:hi:06,synthetic_v1,0,0,0,0,1,0,0,0
Last 9 pieces available,scarcity,scarcity,en,div,badge,[TAG=div] [ROLE=badge] Last 9 pieces available,scarcity:en:04,synthetic_v1,0,0,0,0,1,0,0,0
यो मूल्यमा 7 योगा म्याट मात्र उपलब्ध,scarcity,scarcity,ne,p,promo,[TAG=p] [ROLE=promo] यो मूल्यमा 7 योगा म्याट मात्र उपलब्ध,scarcity:ne:01,synthetic_v1,0,0,0,0,1,0,0,0
Only 6 rooms left in Pokhara,scarcity,scarcity,en,p,promo,[TAG=p] [ROLE=promo] Only 6 rooms left in Pokhara,scarcity:en:05,synthetic_v1,0,0,0,0,1,0,0,0
केवल 7 बचे — 30% छूट जल्द खत्म,scarcity|false_urgency,scarcity,hi,div,badge,[TAG=div] [ROLE=badge] केवल 7 बचे — 30% छूट जल्द खत्म,scarcity:hi:12,synthetic_v1,0,1,0,0,1,0,0,0
"रु. 1,999 पर आख़िरी 8 इलेक्ट्रिक केटल",scarcity,scarcity,hi,p,promo,"[TAG=p] [ROLE=promo] रु. 1,999 पर आख़िरी 8 इलेक्ट्रिक केटल",scarcity:hi:17,synthetic_v1,0,0,0,0,1,0,0,0
Blinkit गोरखा गोदाम: 9 स्कुल ब्याग बाँकी,scarcity,scarcity,ne,span,stock,[TAG=span] [ROLE=stock] Blinkit गोरखा गोदाम: 9 स्कुल ब्याग बाँकी,scarcity:ne:19,synthetic_v1,0,0,0,0,1,0,0,0
Thulo मा 9 हेयर ड्रायर मात्र बाँकी,scarcity,scarcity,ne,p,promo,[TAG=p] [ROLE=promo] Thulo मा 9 हेयर ड्रायर मात्र बाँकी,scarcity:ne:15,synthetic_v1,0,0,0,0,1,0,0,0
केवल 9 बचे — 40% छूट जल्द खत्म,scarcity|false_urgency,scarcity,hi,div,badge,[TAG=div] [ROLE=badge] केवल 9 बचे — 40% छूट जल्द खत्म,scarcity:hi:12,synthetic_v1,0,1,0,0,1,0,0,0
"Hurry, 5 induction cooktop left in Chitwan warehouse",scarcity,scarcity,en,div,badge,"[TAG=div] [ROLE=badge] Hurry, 5 induction cooktop left in Chitwan warehouse",scarcity:en:13,synthetic_v1,0,0,0,0,1,0,0,0
JioMart: काठमाडौँ का लागि 2 थान बाँकी,scarcity,scarcity,ne,span,stock,[TAG=span] [ROLE=stock] JioMart: काठमाडौँ का लागि 2 थान बाँकी,scarcity:ne:16,synthetic_v1,0,0,0,0,1,0,0,0
Nykaa: जनकपुर का लागि 9 थान बाँकी,scarcity,scarcity,ne,p,promo,[TAG=p] [ROLE=promo] Nykaa: जनकपुर का लागि 9 थान बाँकी,scarcity:ne:16,synthetic_v1,0,0,0,0,1,0,0,0
Zepto पर केवल 9 प्रोटीन पाउडर बचे,scarcity,scarcity,hi,div,badge,[TAG=div] [ROLE=badge] Zepto पर केवल 9 प्रोटीन पाउडर बचे,scarcity:hi:15,synthetic_v1,0,0,0,0,1,0,0,0
Low stock: only 4 units of backpack,scarcity,scarcity,en,p,promo,[TAG=p] [ROLE=promo] Low stock: only 4 units of backpack,scarcity:en:03,synthetic_v1,0,0,0,0,1,0,0,0
Nykaa वीरगन्ज गोदाम: 4 प्रोटिन पाउडर बाँकी,scarcity,scarcity,ne,p,promo,[TAG=p] [ROLE=promo] Nykaa वीरगन्ज गोदाम: 4 प्रोटिन पाउडर बाँकी,scarcity:ne:19,synthetic_v1,0,0,0,0,1,0,0,0
Muncha मा गेमिङ माउस को 10% स्टक बिक्री भइसक्यो,scarcity,scarcity,ne,p,promo,[TAG=p] [ROLE=promo] Muncha मा गेमिङ माउस को 10% स्टक बिक्री भइसक्यो,scarcity:ne:18,synthetic_v1,0,0,0,0,1,0,0,0
हेटौंडा मा 1 कोठा मात्र बाँकी,scarcity,scarcity,ne,div,badge,[TAG=div] [ROLE=badge] हेटौंडा मा 1 कोठा मात्र बाँकी,scarcity:ne:05,synthetic_v1,0,0,0,0,1,0,0,0
कम स्टक: वायरलेस इयरबड्स को 7 थान मात्र,scarcity,scarcity,ne,span,stock,[TAG=span] [ROLE=stock] कम स्टक: वायरलेस इयरबड्स को 7 थान मात्र,scarcity:ne:03,synthetic_v1,0,0,0,0,1,0,0,0
"आज 578 लोगों ने खरीदा, स्टॉक कम",scarcity|social_proof,scarcity,hi,div,badge,"[TAG=div] [ROLE=badge] आज 578 लोगों ने खरीदा, स्टॉक कम",scarcity:hi:07,synthetic_v1,0,0,0,0,1,0,1,0
JioMart: 10 units left for Dharan,scarcity,scarcity,en,div,badge,[TAG=div] [ROLE=badge] JioMart: 10 units left for Dharan,scarcity:en:16,synthetic_v1,0,0,0,0,1,0,0,0
चंडीगढ़ में केवल 2 कमरे बचे,scarcity,scarcity,hi,p,promo,[TAG=p] [ROLE=promo] चंडीगढ़ में केवल 2 कमरे बचे,scarcity:hi:05,synthetic_v1,0,0,0,0,1,0,0,0
भारी मांग — स्मार्टवॉच की सीमित मात्रा,scarcity,scarcity,hi,span,stock,[TAG=span] [ROLE=stock] भारी मांग — स्मार्टवॉच की सीमित मात्रा,scarcity:hi:06,synthetic_v1,0,0,0,0,1,0,0,0
Only 4 rooms left in Kolkata,scarcity,scarcity,en,p,promo,[TAG=p] [ROLE=promo] Only 4 rooms left in Kolkata,scarcity:en:05,synthetic_v1,0,0,0,0,1,0,0,0
यो मूल्यमा 9 प्रोटिन पाउडर मात्र उपलब्ध,scarcity,scarcity,ne,p,promo,[TAG=p] [ROLE=promo] यो मूल्यमा 9 प्रोटिन पाउडर मात्र उपलब्ध,scarcity:ne:01,synthetic_v1,0,0,0,0,1,0,0,0
सीमित संस्करण अफिस कुर्सी — स्टक रहेसम्म,scarcity,scarcity,ne,div,badge,[TAG=div] [ROLE=badge] सीमित संस्करण अफिस कुर्सी — स्टक रहेसम्म,scarcity:ne:09,synthetic_v1,0,0,0,0,1,0,0,0
Only 3 rooms left in Jaipur,scarcity,scarcity,en,span,stock,[TAG=span] [ROLE=stock] Only 3 rooms left in Jaipur,scarcity:en:05,synthetic_v1,0,0,0,0,1,0,0,0
इस दाम पर केवल 3 कॉफी मेकर उपलब्ध,scarcity,scarcity,hi,span,stock,[TAG=span] [ROLE=stock] इस दाम पर केवल 3 कॉफी मेकर उपलब्ध,scarcity:hi:01,synthetic_v1,0,0,0,0,1,0,0,0
BigBasket पर राइस कुकर का 15% स्टॉक बिक चुका,scarcity,scarcity,hi,p,promo,[TAG=p] [ROLE=promo] BigBasket पर राइस कुकर का 15% स्टॉक बिक चुका,scarcity:hi:18,synthetic_v1,0,0,0,0,1,0,0,0
कम स्टॉक: स्मार्टवॉच की केवल 4 इकाई,scarcity,scarcity,hi,p,promo,[TAG=p] [ROLE=promo] कम स्टॉक: स्मार्टवॉच की केवल 4 इकाई,scarcity:hi:03,synthetic_v1,0,0,0,0,1,0,0,0
15% of rice cooker stock already sold at Zepto,scarcity,scarcity,en,span,stock,[TAG=span] [ROLE=stock] 15% of rice cooker stock already sold at Zepto,scarcity:en:18,synthetic_v1,0,0,0,0,1,0,0,0
Only 5 left at Rs. 399,scarcity,scarcity,en,span,stock,[TAG=span] [ROLE=stock] Only 5 left at Rs. 399,scarcity:en:10,synthetic_v1,0,0,0,0,1,0,0,0
FirstCry लखनऊ गोदाम: 1 ब्लूटूथ स्पीकर शेष,scarcity,scarcity,hi,p,promo,[TAG=p] [ROLE=promo] FirstCry लखनऊ गोदाम: 1 ब्लूटूथ स्पीकर शेष,scarcity:hi:19,synthetic_v1,0,0,0,0,1,0,0,0
Ajio Dharan warehouse: 5 trekking jacket remaining,scarcity,scarcity,en,div,badge,[TAG=div] [ROLE=badge] Ajio Dharan warehouse: 5 trekking jacket remaining,scarcity:en:19,synthetic_v1,0,0,0,0,1,0,0,0
रु. 499 पर आख़िरी 10 ट्रेकिंग जैकेट,scarcity,scarcity,hi,span,stock,[TAG=span] [ROLE=stock] रु. 499 पर आख़िरी 10 ट्रेकिंग जैकेट,scarcity:hi:17,synthetic_v1,0,0,0,0,1,0,0,0
High demand — limited units of sunglasses,scarcity,scarcity,en,div,badge,[TAG=div] [ROLE=badge] High demand — limited units of sunglasses,scarcity:en:06,synthetic_v1,0,0,0,0,1,0,0,0
कम स्टॉक: ब्लूटूथ स्पीकर की केवल 4 इकाई,scarcity,scarcity,hi,div,badge,[TAG=div] [ROLE=badge] कम स्टॉक: ब्लूटूथ स्पीकर की केवल 4 इकाई,scarcity:hi:03,synthetic_v1,0,0,0,0,1,0,0,0
"छिटो गर्नुहोस्, वीरगन्ज गोदाममा 6 फोन कभर बाँकी",scarcity,scarcity,ne,span,stock,"[TAG=span] [ROLE=stock] छिटो गर्नुहोस्, वीरगन्ज गोदाममा 6 फोन कभर बाँकी",scarcity:ne:13,synthetic_v1,0,0,0,0,1,0,0,0
कम स्टक: स्पोर्ट्स चप्पल को 3 थान मात्र,scarcity,scarcity,ne,p,promo,[TAG=p] [ROLE=promo] कम स्टक: स्पोर्ट्स चप्पल को 3 थान मात्र,scarcity:ne:03,synthetic_v1,0,0,0,0,1,0,0,0
Croma पर राइस कुकर का 50% स्टॉक बिक चुका,scarcity,scarcity,hi,div,badge,[TAG=div] [ROLE=badge] Croma पर राइस कुकर का 50% स्टॉक बिक चुका,scarcity:hi:18,synthetic_v1,0,0,0,0,1,0,0,0
यो मूल्यमा 5 ब्याकप्याक मात्र उपलब्ध,scarcity,scarcity,ne,p,promo,[TAG=p] [ROLE=promo] यो मूल्यमा 5 ब्याकप्याक मात्र उपलब्ध,scarcity:ne:01,synthetic_v1,0,0,0,0,1,0,0,0
Ajio पर केवल 6 लैपटॉप बैग बचे,scarcity,scarcity,hi,p,promo,[TAG=p] [ROLE=promo] Ajio पर केवल 6 लैपटॉप बैग बचे,scarcity:hi:15,synthetic_v1,0,0,0,0,1,0,0,0
कम स्टक: कटन कुर्ता को 10 थान मात्र,scarcity,scarcity,ne,span,stock,[TAG=span] [ROLE=stock] कम स्टक: कटन कुर्ता को 10 थान मात्र,scarcity:ne:03,synthetic_v1,0,0,0,0,1,0,0,0
इस दाम पर केवल 4 गेमिंग माउस उपलब्ध,scarcity,scarcity,hi,div,badge,[TAG=div] [ROLE=badge] इस दाम पर केवल 4 गेमिंग माउस उपलब्ध,scarcity:hi:01,synthetic_v1,0,0,0,0,1,0,0,0
रु. 149 मा अन्तिम 9 गेमिङ माउस,scarcity,scarcity,ne,p,promo,[TAG=p] [ROLE=promo] रु. 149 मा अन्तिम 9 गेमिङ माउस,scarcity:ne:17,synthetic_v1,0,0,0,0,1,0,0,0
यो मूल्यमा 1 स्पोर्ट्स चप्पल मात्र उपलब्ध,scarcity,scarcity,ne,span,stock,[TAG=span] [ROLE=stock] यो मूल्यमा 1 स्पोर्ट्स चप्पल मात्र उपलब्ध,scarcity:ne:01,synthetic_v1,0,0,0,0,1,0,0,0
SastoDeal Chitwan warehouse: 10 induction cooktop remaining,scarcity,scarcity,en,span,stock,[TAG=span] [ROLE=stock] SastoDeal Chitwan warehouse: 10 induction cooktop remaining,scarcity:en:19,synthetic_v1,0,0,0,0,1,0,0,0
Only 7 backpack left at BigBasket,scarcity,scarcity,en,span,stock,[TAG=span] [ROLE=stock] Only 7 backpack left at BigBasket,scarcity:en:15,synthetic_v1,0,0,0,0,1,0,0,0
Lenskart नागपुर गोदाम: 10 स्कूल बैग शेष,scarcity,scarcity,hi,div,badge,[TAG=div] [ROLE=badge] Lenskart नागपुर गोदाम: 10 स्कूल बैग शेष,scarcity:hi:19,synthetic_v1,0,0,0,0,1,0,0,0
Low stock: only 8 units of induction cooktop,scarcity,scarcity,en,p,promo,[TAG=p] [ROLE=promo] Low stock: only 8 units of induction cooktop,scarcity:en:03,synthetic_v1,0,0,0,0,1,0,0,0
"छिटो गर्नुहोस्, ललितपुर गोदाममा 2 कटन कुर्ता बाँकी",scarcity,scarcity,ne,span,stock,"[TAG=span] [ROLE=stock] छिटो गर्नुहोस्, ललितपुर गोदाममा 2 कटन कुर्ता बाँकी",scarcity:ne:13,synthetic_v1,0,0,0,0,1,0,0,0
कम स्टक: ब्लुटुथ स्पिकर को 8 थान मात्र,scarcity,scarcity,ne,span,stock,[TAG=span] [ROLE=stock] कम स्टक: ब्लुटुथ स्पिकर को 8 थान मात्र,scarcity:ne:03,synthetic_v1,0,0,0,0,1,0,0,0
"701 people bought this today, stock running out",scarcity|social_proof,scarcity,en,div,badge,"[TAG=div] [ROLE=badge] 701 people bought this today, stock running out",scarcity:en:07,synthetic_v1,0,0,0,0,1,0,1,0
Lenskart सूरत गोदाम: 2 डेनिम जींस शेष,scarcity,scarcity,hi,span,stock,[TAG=span] [ROLE=stock] Lenskart सूरत गोदाम: 2 डेनिम जींस शेष,scarcity:hi:19,synthetic_v1,0,0,0,0,1,0,0,0
Low stock: only 4 units of school bag,scarcity,scarcity,en,div,badge,[TAG=div] [ROLE=badge] Low stock: only 4 units of school bag,scarcity:en:03,synthetic_v1,0,0,0,0,1,0,0,0
Lenskart मा कफी मेकर को 25% स्टक बिक्री भइसक्यो,scarcity,scarcity,ne,p,promo,[TAG=p] [ROLE=promo] Lenskart मा कफी मेकर को 25% स्टक बिक्री भइसक्यो,scarcity:ne:18,synthetic_v1,0,0,0,0,1,0,0,0
Only 7 left at Rs. 349,scarcity,scarcity,en,div,badge,[TAG=div] [ROLE=badge] Only 7 left at Rs. 349,scarcity:en:10,synthetic_v1,0,0,0,0,1,0,0,0
"जल्दी करें, भोपाल गोदाम में 1 ऑफिस चेयर बचे",scarcity,scarcity,hi,div,badge,"[TAG=div] [ROLE=badge] जल्दी करें, भोपाल गोदाम में 1 ऑफिस चेयर बचे",scarcity:hi:13,synthetic_v1,0,0,0,0,1,0,0,0
रु. 249 मा 3 मात्र बाँकी,scarcity,scarcity,ne,span,stock,[TAG=span] [ROLE=stock] रु. 249 मा 3 मात्र बाँकी,scarcity:ne:10,synthetic_v1,0,0,0,0,1,0,0,0
Nykaa: चितवन का लागि 3 थान बाँकी,scarcity,scarcity,ne,div,badge,[TAG=div] [ROLE=badge] Nykaa: चितवन का लागि 3 थान बाँकी,scarcity:ne:16,synthetic_v1,0,0,0,0,1,0,0,0
"छिटो गर्नुहोस्, हेटौंडा गोदाममा 6 इन्डक्सन चुल्हो बाँकी",scarcity,scarcity,ne,div,badge,"[TAG=div] [ROLE=badge] छिटो गर्नुहोस्, हेटौंडा गोदाममा 6 इन्डक्सन चुल्हो बाँकी",scarcity:ne:13,synthetic_v1,0,0,0,0,1,0,0,0
Limited edition office chair — while supplies last,scarcity,scarcity,en,p,promo,[TAG=p] [ROLE=promo] Limited edition office chair — while supplies last,scarcity:en:09,synthetic_v1,0,0,0,0,1,0,0,0
"आज 84 जनाले किन्नुभयो, स्टक सकिँदै",scarcity|social_proof,scarcity,ne,p,promo,"[TAG=p] [ROLE=promo] आज 84 जनाले किन्नुभयो, स्टक सकिँदै",scarcity:ne:07,synthetic_v1,0,0,0,0,1,0,1,0
केवल 7 बचे — 80% छूट जल्द खत्म,scarcity|false_urgency,scarcity,hi,div,badge,[TAG=div] [ROLE=badge] केवल 7 बचे — 80% छूट जल्द खत्म,scarcity:hi:12,synthetic_v1,0,1,0,0,1,0,0,0
Only 4 rooms left in Pokhara,scarcity,scarcity,en,p,promo,[TAG=p] [ROLE=promo] Only 4 rooms left in Pokhara,scarcity:en:05,synthetic_v1,0,0,0,0,1,0,0,0
"आज 34,118 लोगों ने खरीदा, स्टॉक कम",scarcity|social_proof,scarcity,hi,p,promo,"[TAG=p] [ROLE=promo] आज 34,118 लोगों ने खरीदा, स्टॉक कम",scarcity:hi:07,synthetic_v1,0,0,0,0,1,0,1,0
यो मूल्यमा 8 ट्रेकिङ ज्याकेट मात्र उपलब्ध,scarcity,scarcity,ne,div,badge,[TAG=div] [ROLE=badge] यो मूल्यमा 8 ट्रेकिङ ज्याकेट मात्र उपलब्ध,scarcity:ne:01,synthetic_v1,0,0,0,0,1,0,0,0
10% of rice cooker stock already sold at Snapdeal,scarcity,scarcity,en,p,promo,[TAG=p] [ROLE=promo] 10% of rice cooker stock already sold at Snapdeal,scarcity:en:18,synthetic_v1,0,0,0,0,1,0,0,0
Pepperfry मा 6 पावर ब्यांक मात्र बाँकी,scarcity,scarcity,ne,span,stock,[TAG=span] [ROLE=stock] Pepperfry मा 6 पावर ब्यांक मात्र बाँकी,scarcity:ne:15,synthetic_v1,0,0,0,0,1,0,0,0
Myntra Pokhara warehouse: 8 sunglasses remaining,scarcity,scarcity,en,p,promo,[TAG=p] [ROLE=promo] Myntra Pokhara warehouse: 8 sunglasses remaining,scarcity:en:19,synthetic_v1,0,0,0,0,1,0,0,0
स्टॉक अलर्ट: 8 से कम बचे,scarcity,scarcity,hi,p,promo,[TAG=p] [ROLE=promo] स्टॉक अलर्ट: 8 से कम बचे,scarcity:hi:14,synthetic_v1,0,0,0,0,1,0,0,0
उच्च माग — स्टडी लाइट को सीमित परिमाण,scarcity,scarcity,ne,p,promo,[TAG=p] [ROLE=promo] उच्च माग — स्टडी लाइट को सीमित परिमाण,scarcity:ne:06,synthetic_v1,0,0,0,0,1,0,0,0
Gyapu: 7 units left for Lalitpur,scarcity,scarcity,en,p,promo,[TAG=p] [ROLE=promo] Gyapu: 7 units left for Lalitpur,scarcity:en:16,synthetic_v1,0,0,0,0,1,0,0,0
Only 8 left — 40% off ends soon,scarcity|false_urgency,scarcity,en,span,stock,[TAG=span] [ROLE=stock] Only 8 left — 40% off ends soon,scarcity:en:12,synthetic_v1,0,1,0,0,1,0,0,0
रु. 49 मा 5 मात्र बाँकी,scarcity,scarcity,ne,span,stock,[TAG=span] [ROLE=stock] रु. 49 मा 5 मात्र बाँकी,scarcity:ne:10,synthetic_v1,0,0,0,0,1,0,0,0
"जल्दी करें, नासिक गोदाम में 4 वायरलेस ईयरबड्स बचे",scarcity,scarcity,hi,span,stock,"[TAG=span] [ROLE=stock] जल्दी करें, नासिक गोदाम में 4 वायरलेस ईयरबड्स बचे",scarcity:hi:13,synthetic_v1,0,0,0,0,1,0,0,0
Low stock: only 2 units of power bank,scarcity,scarcity,en,div,badge,[TAG=div] [ROLE=badge] Low stock: only 2 units of power bank,scarcity:en:03,synthetic_v1,0,0,0,0,1,0,0,0
15% of running shoes stock already sold at Ajio,scarcity,scarcity,en,span,stock,[TAG=span] [ROLE=stock] 15% of running shoes stock already sold at Ajio,scarcity:en:18,synthetic_v1,0,0,0,0,1,0,0,0
8 मात्र बाँकी — 60% छुट चाँडै सकिन्छ,scarcity|false_urgency,scarcity,ne,span,stock,[TAG=span] [ROLE=stock] 8 मात्र बाँकी — 60% छुट चाँडै सकिन्छ,scarcity:ne:12,synthetic_v1,0,1,0,0,1,0,0,0
कम स्टक: इन्डक्सन चुल्हो को 7 थान मात्र,scarcity,scarcity,ne,span,stock,[TAG=span] [ROLE=stock] कम स्टक: इन्डक्सन चुल्हो को 7 थान मात्र,scarcity:ne:03,synthetic_v1,0,0,0,0,1,0,0,0
तनहुँ मा 12 कोठा मात्र बाँकी,scarcity,scarcity,ne,span,stock,[TAG=span] [ROLE=stock] तनहुँ मा 12 कोठा मात्र बाँकी,scarcity:ne:05,synthetic_v1,0,0,0,0,1,0,0,0
JioMart पर केवल 5 स्कूल बैग बचे,scarcity,scarcity,hi,div,badge,[TAG=div] [ROLE=badge] JioMart पर केवल 5 स्कूल बैग बचे,scarcity:hi:15,synthetic_v1,0,0,0,0,1,0,0,0
OkDam: 10 units left for Jaipur,scarcity,scarcity,en,div,badge,[TAG=div] [ROLE=badge] OkDam: 10 units left for Jaipur,scarcity:en:16,synthetic_v1,0,0,0,0,1,0,0,0
Flipkart मा 4 हिउँदको ब्ल्याङ्केट मात्र बाँकी,scarcity,scarcity,ne,div,badge,[TAG=div] [ROLE=badge] Flipkart मा 4 हिउँदको ब्ल्याङ्केट मात्र बाँकी,scarcity:ne:15,synthetic_v1,0,0,0,0,1,0,0,0
कम स्टॉक: हेयर ड्रायर की केवल 6 इकाई,scarcity,scarcity,hi,span,stock,[TAG=span] [ROLE=stock] कम स्टॉक: हेयर ड्रायर की केवल 6 इकाई,scarcity:hi:03,synthetic_v1,0,0,0,0,1,0,0,0
"रु. 2,499 पर केवल 3 बचे",scarcity,scarcity,hi,div,badge,"[TAG=div] [ROLE=badge] रु. 2,499 पर केवल 3 बचे",scarcity:hi:10,synthetic_v1,0,0,0,0,1,0,0,0
Pepperfry पर केवल 2 स्कूल बैग बचे,scarcity,scarcity,hi,div,badge,[TAG=div] [ROLE=badge] Pepperfry पर केवल 2 स्कूल बैग बचे,scarcity:hi:15,synthetic_v1,0,0,0,0,1,0,0,0
Only 2 coffee maker remaining at this price,scarcity,scarcity,en,p,promo,[TAG=p] [ROLE=promo] Only 2 coffee maker remaining at this price,scarcity:en:01,synthetic_v1,0,0,0,0,1,0,0,0
9 मात्र बाँकी — 80% छुट चाँडै सकिन्छ,scarcity|false_urgency,scarcity,ne,span,stock,[TAG=span] [ROLE=stock] 9 मात्र बाँकी — 80% छुट चाँडै सकिन्छ,scarcity:ne:12,synthetic_v1,0,1,0,0,1,0,0,0
Low stock: only 5 units of study lamp,scarcity,scarcity,en,div,badge,[TAG=div] [ROLE=badge] Low stock: only 5 units of study lamp,scarcity:en:03,synthetic_v1,0,0,0,0,1,0,0,0
"934 people bought this today, stock running out",scarcity|social_proof,scarcity,en,div,badge,"[TAG=div] [ROLE=badge] 934 people bought this today, stock running out",scarcity:en:07,synthetic_v1,0,0,0,0,1,0,1,0
सीमित संस्करण इन्डक्सन चुल्हो — स्टक रहेसम्म,scarcity,scarcity,ne,span,stock,[TAG=span] [ROLE=stock] सीमित संस्करण इन्डक्सन चुल्हो — स्टक रहेसम्म,scarcity:ne:09,synthetic_v1,0,0,0,0,1,0,0,0
"आज 21,507 जनाले किन्नुभयो, स्टक सकिँदै",scarcity|social_proof,scarcity,ne,p,promo,"[TAG=p] [ROLE=promo] आज 21,507 जनाले किन्नुभयो, स्टक सकिँदै",scarcity:ne:07,synthetic_v1,0,0,0,0,1,0,1,0
2 मात्र बाँकी — 40% छुट चाँडै सकिन्छ,scarcity|false_urgency,scarcity,ne,p,promo,[TAG=p] [ROLE=promo] 2 मात्र बाँकी — 40% छुट चाँडै सकिन्छ,scarcity:ne:12,synthetic_v1,0,1,0,0,1,0,0,0
स्टक अलर्ट: 3 भन्दा कम बाँकी,scarcity,scarcity,ne,span,stock,[TAG=span] [ROLE=stock] स्टक अलर्ट: 3 भन्दा कम बाँकी,scarcity:ne:14,synthetic_v1,0,0,0,0,1,0,0,0
Only 10 wireless earbuds left at HamroBazar,scarcity,scarcity,en,span,stock,[TAG=span] [ROLE=stock] Only 10 wireless earbuds left at HamroBazar,scarcity:en:15,synthetic_v1,0,0,0,0,1,0,0,0
Reliance Digital मा गेमिङ माउस को 10% स्टक बिक्री भइसक्यो,scarcity,scarcity,ne,p,promo,[TAG=p] [ROLE=promo] Reliance Digital मा गेमिङ माउस को 10% स्टक बिक्री भइसक्यो,scarcity:ne:18,synthetic_v1,0,0,0,0,1,0,0,0
"छिटो गर्नुहोस्, बागलुङ गोदाममा 8 ट्रेकिङ ज्याकेट बाँकी",scarcity,scarcity,ne,p,promo,"[TAG=p] [ROLE=promo] छिटो गर्नुहोस्, बागलुङ गोदाममा 8 ट्रेकिङ ज्याकेट बाँकी",scarcity:ne:13,synthetic_v1,0,0,0,0,1,0,0,0
"रु. 1,499 पर केवल 3 बचे",scarcity,scarcity,hi,span,stock,"[TAG=span] [ROLE=stock] रु. 1,499 पर केवल 3 बचे",scarcity:hi:10,synthetic_v1,0,0,0,0,1,0,0,0
Limited edition wireless earbuds — while supplies last,scarcity,scarcity,en,span,stock,[TAG=span] [ROLE=stock] Limited edition wireless earbuds — while supplies last,scarcity:en:09,synthetic_v1,0,0,0,0,1,0,0,0
"आज 63 जनाले किन्नुभयो, स्टक सकिँदै",scarcity|social_proof,scarcity,ne,span,stock,"[TAG=span] [ROLE=stock] आज 63 जनाले किन्नुभयो, स्टक सकिँदै",scarcity:ne:07,synthetic_v1,0,0,0,0,1,0,1,0
"जल्दी करें, अहमदाबाद गोदाम में 6 वायरलेस ईयरबड्स बचे",scarcity,scarcity,hi,span,stock,"[TAG=span] [ROLE=stock] जल्दी करें, अहमदाबाद गोदाम में 6 वायरलेस ईयरबड्स बचे",scarcity:hi:13,synthetic_v1,0,0,0,0,1,0,0,0
कम स्टक: गेमिङ माउस को 8 थान मात्र,scarcity,scarcity,ne,div,badge,[TAG=div] [ROLE=badge] कम स्टक: गेमिङ माउस को 8 थान मात्र,scarcity:ne:03,synthetic_v1,0,0,0,0,1,0,0,0
कम स्टॉक: स्कूल बैग की केवल 2 इकाई,scarcity,scarcity,hi,p,promo,[TAG=p] [ROLE=promo] कम स्टॉक: स्कूल बैग की केवल 2 इकाई,scarcity:hi:03,synthetic_v1,0,0,0,0,1,0,0,0
अभी 5 कार्ट में है,scarcity,scarcity,hi,p,promo,[TAG=p] [ROLE=promo] अभी 5 कार्ट में है,scarcity:hi:11,synthetic_v1,0,0,0,0,1,0,0,0
"Hurry, 3 study lamp left in Biratnagar warehouse",scarcity,scarcity,en,div,badge,"[TAG=div] [ROLE=badge] Hurry, 3 study lamp left in Biratnagar warehouse",scarcity:en:13,synthetic_v1,0,0,0,0,1,0,0,0
सीमित संस्करण स्कूल बैग — जब तक स्टॉक,scarcity,scarcity,hi,div,badge,[TAG=div] [ROLE=badge] सीमित संस्करण स्कूल बैग — जब तक स्टॉक,scarcity:hi:09,synthetic_v1,0,0,0,0,1,0,0,0
"आज 48 लोगों ने खरीदा, स्टॉक कम",scarcity|social_proof,scarcity,hi,div,badge,"[TAG=div] [ROLE=badge] आज 48 लोगों ने खरीदा, स्टॉक कम",scarcity:hi:07,synthetic_v1,0,0,0,0,1,0,1,0
Reliance Digital पर फॉर्मल शर्ट का 20% स्टॉक बिक चुका,scarcity,scarcity,hi,div,badge,[TAG=div] [ROLE=badge] Reliance Digital पर फॉर्मल शर्ट का 20% स्टॉक बिक चुका,scarcity:hi:18,synthetic_v1,0,0,0,0,1,0,0,0
Reliance Digital नेपालगन्ज गोदाम: 1 पावर ब्यांक बाँकी,scarcity,scarcity,ne,p,promo,[TAG=p] [ROLE=promo] Reliance Digital नेपालगन्ज गोदाम: 1 पावर ब्यांक बाँकी,scarcity:ne:19,synthetic_v1,0,0,0,0,1,0,0,0
इस दाम पर केवल 4 स्टडी लैंप उपलब्ध,scarcity,scarcity,hi,div,badge,[TAG=div] [ROLE=badge] इस दाम पर केवल 4 स्टडी लैंप उपलब्ध,scarcity:hi:01,synthetic_v1,0,0,0,0,1,0,0,0
OkDam: नासिक के लिए 1 इकाई बचीं,scarcity,scarcity,hi,span,stock,[TAG=span] [ROLE=stock] OkDam: नासिक के लिए 1 इकाई बचीं,scarcity:hi:16,synthetic_v1,0,0,0,0,1,0,0,0
Only 5 coffee maker left at Myntra,scarcity,scarcity,en,p,promo,[TAG=p] [ROLE=promo] Only 5 coffee maker left at Myntra,scarcity:en:15,synthetic_v1,0,0,0,0,1,0,0,0
Flipkart Indore warehouse: 10 office chair remaining,scarcity,scarcity,en,p,promo,[TAG=p] [ROLE=promo] Flipkart Indore warehouse: 10 office chair remaining,scarcity:en:19,synthetic_v1,0,0,0,0,1,0,0,0
Thulo मा स्पोर्ट्स चप्पल को 40% स्टक बिक्री भइसक्यो,scarcity,scarcity,ne,p,promo,[TAG=p] [ROLE=promo] Thulo मा स्पोर्ट्स चप्पल को 40% स्टक बिक्री भइसक्यो,scarcity:ne:18,synthetic_v1,0,0,0,0,1,0,0,0
Last 12 backpack at Rs. 599,scarcity,scarcity,en,div,badge,[TAG=div] [ROLE=badge] Last 12 backpack at Rs. 599,scarcity:en:17,synthetic_v1,0,0,0,0,1,0,0,0
Daraz पर केवल 1 गेमिंग माउस बचे,scarcity,scarcity,hi,div,badge,[TAG=div] [ROLE=badge] Daraz पर केवल 1 गेमिंग माउस बचे,scarcity:hi:15,synthetic_v1,0,0,0,0,1,0,0,0
"812 people bought this today, stock running out",scarcity|social_proof,scarcity,en,div,badge,"[TAG=div] [ROLE=badge] 812 people bought this today, stock running out",scarcity:en:07,synthetic_v1,0,0,0,0,1,0,1,0
इस दाम पर केवल 8 स्पोर्ट्स सैंडल उपलब्ध,scarcity,scarcity,hi,span,stock,[TAG=span] [ROLE=stock] इस दाम पर केवल 8 स्पोर्ट्स सैंडल उपलब्ध,scarcity:hi:01,synthetic_v1,0,0,0,0,1,0,0,0
Daraz पर योगा मैट का 20% स्टॉक बिक चुका,scarcity,scarcity,hi,div,badge,[TAG=div] [ROLE=badge] Daraz पर योगा मैट का 20% स्टॉक बिक चुका,scarcity:hi:18,synthetic_v1,0,0,0,0,1,0,0,0
Only 6 coffee maker remaining at this price,scarcity,scarcity,en,span,stock,[TAG=span] [ROLE=stock] Only 6 coffee maker remaining at this price,scarcity:en:01,synthetic_v1,0,0,0,0,1,0,0,0
रु. 699 पर आख़िरी 2 योगा मैट,scarcity,scarcity,hi,span,stock,[TAG=span] [ROLE=stock] रु. 699 पर आख़िरी 2 योगा मैट,scarcity:hi:17,synthetic_v1,0,0,0,0,1,0,0,0
"छिटो बिक्री हुँदैछ, 3 बाँकी",scarcity,scarcity,ne,span,stock,"[TAG=span] [ROLE=stock] छिटो बिक्री हुँदैछ, 3 बाँकी",scarcity:ne:08,synthetic_v1,0,0,0,0,1,0,0,0
केवल 4 बचे — 80% छूट जल्द खत्म,scarcity|false_urgency,scarcity,hi,div,badge,[TAG=div] [ROLE=badge] केवल 4 बचे — 80% छूट जल्द खत्म,scarcity:hi:12,synthetic_v1,0,1,0,0,1,0,0,0
केवल 10 बचे — 20% छूट जल्द खत्म,scarcity|false_urgency,scarcity,hi,div,badge,[TAG=div] [ROLE=badge] केवल 10 बचे — 20% छूट जल्द खत्म,scarcity:hi:12,synthetic_v1,0,1,0,0,1,0,0,0
"छिटो गर्नुहोस्, इटहरी गोदाममा 12 ब्लुटुथ स्पिकर बाँकी",scarcity,scarcity,ne,div,badge,"[TAG=div] [ROLE=badge] छिटो गर्नुहोस्, इटहरी गोदाममा 12 ब्लुटुथ स्पिकर बाँकी",scarcity:ne:13,synthetic_v1,0,0,0,0,1,0,0,0
FirstCry पर केवल 2 एयर फ्रायर बचे,scarcity,scarcity,hi,div,badge,[TAG=div] [ROLE=badge] FirstCry पर केवल 2 एयर फ्रायर बचे,scarcity:hi:15,synthetic_v1,0,0,0,0,1,0,0,0
वीरगन्ज मा 12 कोठा मात्र बाँकी,scarcity,scarcity,ne,div,badge,[TAG=div] [ROLE=badge] वीरगन्ज मा 12 कोठा मात्र बाँकी,scarcity:ne:05,synthetic_v1,0,0,0,0,1,0,0,0
"रु. 1,499 पर केवल 9 बचे",scarcity,scarcity,hi,p,promo,"[TAG=p] [ROLE=promo] रु. 1,499 पर केवल 9 बचे",scarcity:hi:10,synthetic_v1,0,0,0,0,1,0,0,0
भारी मांग — स्पोर्ट्स सैंडल की सीमित मात्रा,scarcity,scarcity,hi,div,badge,[TAG=div] [ROLE=badge] भारी मांग — स्पोर्ट्स सैंडल की सीमित मात्रा,scarcity:hi:06,synthetic_v1,0,0,0,0,1,0,0,0
"Hurry, 4 yoga mat left in Kolkata warehouse",scarcity,scarcity,en,div,badge,"[TAG=div] [ROLE=badge] Hurry, 4 yoga mat left in Kolkata warehouse",scarcity:en:13,synthetic_v1,0,0,0,0,1,0,0,0
Lenskart धनगढी गोदाम: 10 रनिङ जुत्ता बाँकी,scarcity,scarcity,ne,span,stock,[TAG=span] [ROLE=stock] Lenskart धनगढी गोदाम: 10 रनिङ जुत्ता बाँकी,scarcity:ne:19,synthetic_v1,0,0,0,0,1,0,0,0
Amazon Butwal warehouse: 5 study lamp remaining,scarcity,scarcity,en,div,badge,[TAG=div] [ROLE=badge] Amazon Butwal warehouse: 5 study lamp remaining,scarcity:en:19,synthetic_v1,0,0,0,0,1,0,0,0
"रु. 2,999 पर केवल 10 बचे",scarcity,scarcity,hi,p,promo,"[TAG=p] [ROLE=promo] रु. 2,999 पर केवल 10 बचे",scarcity:hi:10,synthetic_v1,0,0,0,0,1,0,0,0
6 मात्र बाँकी — 70% छुट चाँडै सकिन्छ,scarcity|false_urgency,scarcity,ne,p,promo,[TAG=p] [ROLE=promo] 6 मात्र बाँकी — 70% छुट चाँडै सकिन्छ,scarcity:ne:12,synthetic_v1,0,1,0,0,1,0,0,0
कम स्टॉक: एयर फ्रायर की केवल 8 इकाई,scarcity,scarcity,hi,p,promo,[TAG=p] [ROLE=promo] कम स्टॉक: एयर फ्रायर की केवल 8 इकाई,scarcity:hi:03,synthetic_v1,0,0,0,0,1,0,0,0
Only 7 water bottle left at SastoDeal,scarcity,scarcity,en,div,badge,[TAG=div] [ROLE=badge] Only 7 water bottle left at SastoDeal,scarcity:en:15,synthetic_v1,0,0,0,0,1,0,0,0
भारी मांग — सर्दी का कंबल की सीमित मात्रा,scarcity,scarcity,hi,span,stock,[TAG=span] [ROLE=stock] भारी मांग — सर्दी का कंबल की सीमित मात्रा,scarcity:hi:06,synthetic_v1,0,0,0,0,1,0,0,0
प्रायः सकियो — 30% बुक भइसक्यो,scarcity,scarcity,ne,div,badge,[TAG=div] [ROLE=badge] प्रायः सकियो — 30% बुक भइसक्यो,scarcity:ne:02,synthetic_v1,0,0,0,0,1,0,0,0
कम स्टॉक: ब्लूटूथ स्पीकर की केवल 3 इकाई,scarcity,scarcity,hi,div,badge,[TAG=div] [ROLE=badge] कम स्टॉक: ब्लूटूथ स्पीकर की केवल 3 इकाई,scarcity:hi:03,synthetic_v1,0,0,0,0,1,0,0,0
इस दाम पर केवल 8 इंडक्शन चूल्हा उपलब्ध,scarcity,scarcity,hi,div,badge,[TAG=div] [ROLE=badge] इस दाम पर केवल 8 इंडक्शन चूल्हा उपलब्ध,scarcity:hi:01,synthetic_v1,0,0,0,0,1,0,0,0
उच्च माग — हिउँदको ब्ल्याङ्केट को सीमित परिमाण,scarcity,scarcity,ne,p,promo,[TAG=p] [ROLE=promo] उच्च माग — हिउँदको ब्ल्याङ्केट को सीमित परिमाण,scarcity:ne:06,synthetic_v1,0,0,0,0,1,0,0,0
"Last 8 winter blanket at Rs. 1,199",scarcity,scarcity,en,p,promo,"[TAG=p] [ROLE=promo] Last 8 winter blanket at Rs. 1,199",scarcity:en:17,synthetic_v1,0,0,0,0,1,0,0,0
Flipkart पर पावर बैंक का 10% स्टॉक बिक चुका,scarcity,scarcity,hi,div,badge,[TAG=div] [ROLE=badge] Flipkart पर पावर बैंक का 10% स्टॉक बिक चुका,scarcity:hi:18,synthetic_v1,0,0,0,0,1,0,0,0
Nykaa विराटनगर गोदाम: 7 फर्मल सर्ट बाँकी,scarcity,scarcity,ne,span,stock,[TAG=span] [ROLE=stock] Nykaa विराटनगर गोदाम: 7 फर्मल सर्ट बाँकी,scarcity:ne:19,synthetic_v1,0,0,0,0,1,0,0,0
रु. 149 मा अन्तिम 4 स्मार्टवाच,scarcity,scarcity,ne,span,stock,[TAG=span] [ROLE=stock] रु. 149 मा अन्तिम 4 स्मार्टवाच,scarcity:ne:17,synthetic_v1,0,0,0,0,1,0,0,0
रु. 399 पर केवल 9 बचे,scarcity,scarcity,hi,p,promo,[TAG=p] [ROLE=promo] रु. 399 पर केवल 9 बचे,scarcity:hi:10,synthetic_v1,0,0,0,0,1,0,0,0
Only 10 rice cooker left at Pepperfry,scarcity,scarcity,en,div,badge,[TAG=div] [ROLE=badge] Only 10 rice cooker left at Pepperfry,scarcity:en:15,synthetic_v1,0,0,0,0,1,0,0,0
मुंबई में केवल 6 कमरे बचे,scarcity,scarcity,hi,span,stock,[TAG=span] [ROLE=stock] मुंबई में केवल 6 कमरे बचे,scarcity:hi:05,synthetic_v1,0,0,0,0,1,0,0,0
Snapdeal मा हेयर ड्रायर को 5% स्टक बिक्री भइसक्यो,scarcity,scarcity,ne,p,promo,[TAG=p] [ROLE=promo] Snapdeal मा हेयर ड्रायर को 5% स्टक बिक्री भइसक्यो,scarcity:ne:18,synthetic_v1,0,0,0,0,1,0,0,0
कम स्टॉक: कॉटन कुर्ता की केवल 8 इकाई,scarcity,scarcity,hi,span,stock,[TAG=span] [ROLE=stock] कम स्टॉक: कॉटन कुर्ता की केवल 8 इकाई,scarcity:hi:03,synthetic_v1,0,0,0,0,1,0,0,0
Meesho: 9 units left for Bengaluru,scarcity,scarcity,en,div,badge,[TAG=div] [ROLE=badge] Meesho: 9 units left for Bengaluru,scarcity:en:16,synthetic_v1,0,0,0,0,1,0,0,0
"रु. 2,499 मा अन्तिम 2 रनिङ जुत्ता",scarcity,scarcity,ne,div,badge,"[TAG=div] [ROLE=badge] रु. 2,499 मा अन्तिम 2 रनिङ जुत्ता",scarcity:ne:17,synthetic_v1,0,0,0,0,1,0,0,0
"छिटो गर्नुहोस्, बुटवल गोदाममा 5 योगा म्याट बाँकी",scarcity,scarcity,ne,div,badge,"[TAG=div] [ROLE=badge] छिटो गर्नुहोस्, बुटवल गोदाममा 5 योगा म्याट बाँकी",scarcity:ne:13,synthetic_v1,0,0,0,0,1,0,0,0
Low stock: only 10 units of noise cancelling headphones,scarcity,scarcity,en,div,badge,[TAG=div] [ROLE=badge] Low stock: only 10 units of noise cancelling headphones,scarcity:en:03,synthetic_v1,0,0,0,0,1,0,0,0
रु. 49 मा अन्तिम 7 पावर ब्यांक,scarcity,scarcity,ne,div,badge,[TAG=div] [ROLE=badge] रु. 49 मा अन्तिम 7 पावर ब्यांक,scarcity:ne:17,synthetic_v1,0,0,0,0,1,0,0,0
कम स्टॉक: वायरलेस ईयरबड्स की केवल 6 इकाई,scarcity,scarcity,hi,p,promo,[TAG=p] [ROLE=promo] कम स्टॉक: वायरलेस ईयरबड्स की केवल 6 इकाई,scarcity:hi:03,synthetic_v1,0,0,0,0,1,0,0,0
Only 4 sports sandals remaining at this price,scarcity,scarcity,en,div,badge,[TAG=div] [ROLE=badge] Only 4 sports sandals remaining at this price,scarcity:en:01,synthetic_v1,0,0,0,0,1,0,0,0
"तेजी से बिक रहा है, 6 बचे",scarcity,scarcity,hi,div,badge,"[TAG=div] [ROLE=badge] तेजी से बिक रहा है, 6 बचे",scarcity:hi:08,synthetic_v1,0,0,0,0,1,0,0,0
5 मात्र बाँकी — 10% छुट चाँडै सकिन्छ,scarcity|false_urgency,scarcity,ne,p,promo,[TAG=p] [ROLE=promo] 5 मात्र बाँकी — 10% छुट चाँडै सकिन्छ,scarcity:ne:12,synthetic_v1,0,1,0,0,1,0,0,0
"Hurry, 12 backpack left in Patna warehouse",scarcity,scarcity,en,div,badge,"[TAG=div] [ROLE=badge] Hurry, 12 backpack left in Patna warehouse",scarcity:en:13,synthetic_v1,0,0,0,0,1,0,0,0
Myntra मा 9 ल्यापटप ब्याग मात्र बाँकी,scarcity,scarcity,ne,span,stock,[TAG=span] [ROLE=stock] Myntra मा 9 ल्यापटप ब्याग मात्र बाँकी,scarcity:ne:15,synthetic_v1,0,0,0,0,1,0,0,0
रु. 99 मा 9 मात्र बाँकी,scarcity,scarcity,ne,div,badge,[TAG=div] [ROLE=badge] रु. 99 मा 9 मात्र बाँकी,scarcity:ne:10,synthetic_v1,0,0,0,0,1,0,0,0
यो मूल्यमा 9 हेयर ड्रायर मात्र उपलब्ध,scarcity,scarcity,ne,div,badge,[TAG=div] [ROLE=badge] यो मूल्यमा 9 हेयर ड्रायर मात्र उपलब्ध,scarcity:ne:01,synthetic_v1,0,0,0,0,1,0,0,0
Last 10 protein powder at Rs. 49,scarcity,scarcity,en,p,promo,[TAG=p] [ROLE=promo] Last 10 protein powder at Rs. 49,scarcity:en:17,synthetic_v1,0,0,0,0,1,0,0,0
केवल 10 बचे — 15% छूट जल्द खत्म,scarcity|false_urgency,scarcity,hi,span,stock,[TAG=span] [ROLE=stock] केवल 10 बचे — 15% छूट जल्द खत्म,scarcity:hi:12,synthetic_v1,0,1,0,0,1,0,0,0
Only 12 electric kettle remaining at this price,scarcity,scarcity,en,div,badge,[TAG=div] [ROLE=badge] Only 12 electric kettle remaining at this price,scarcity:en:01,synthetic_v1,0,0,0,0,1,0,0,0
Kinbech: चितवन का लागि 3 थान बाँकी,scarcity,scarcity,ne,p,promo,[TAG=p] [ROLE=promo] Kinbech: चितवन का लागि 3 थान बाँकी,scarcity:ne:16,synthetic_v1,0,0,0,0,1,0,0,0
Low stock: only 6 units of water bottle,scarcity,scarcity,en,p,promo,[TAG=p] [ROLE=promo] Low stock: only 6 units of water bottle,scarcity:en:03,synthetic_v1,0,0,0,0,1,0,0,0
6 मात्र बाँकी — 35% छुट चाँडै सकिन्छ,scarcity|false_urgency,scarcity,ne,p,promo,[TAG=p] [ROLE=promo] 6 मात्र बाँकी — 35% छुट चाँडै सकिन्छ,scarcity:ne:12,synthetic_v1,0,1,0,0,1,0,0,0
HamroBazar: जनकपुर का लागि 5 थान बाँकी,scarcity,scarcity,ne,span,stock,[TAG=span] [ROLE=stock] HamroBazar: जनकपुर का लागि 5 थान बाँकी,scarcity:ne:16,synthetic_v1,0,0,0,0,1,0,0,0
कम स्टक: स्पोर्ट्स चप्पल को 7 थान मात्र,scarcity,scarcity,ne,p,promo,[TAG=p] [ROLE=promo] कम स्टक: स्पोर्ट्स चप्पल को 7 थान मात्र,scarcity:ne:03,synthetic_v1,0,0,0,0,1,0,0,0
वाराणसी में केवल 1 कमरे बचे,scarcity,scarcity,hi,p,promo,[TAG=p] [ROLE=promo] वाराणसी में केवल 1 कमरे बचे,scarcity:hi:05,synthetic_v1,0,0,0,0,1,0,0,0
HamroBazar: 5 units left for Indore,scarcity,scarcity,en,p,promo,[TAG=p] [ROLE=promo] HamroBazar: 5 units left for Indore,scarcity:en:16,synthetic_v1,0,0,0,0,1,0,0,0
"छिटो गर्नुहोस्, धरान गोदाममा 3 प्रोटिन पाउडर बाँकी",scarcity,scarcity,ne,p,promo,"[TAG=p] [ROLE=promo] छिटो गर्नुहोस्, धरान गोदाममा 3 प्रोटिन पाउडर बाँकी",scarcity:ne:13,synthetic_v1,0,0,0,0,1,0,0,0
केवल 4 बचे — 25% छूट जल्द खत्म,scarcity|false_urgency,scarcity,hi,p,promo,[TAG=p] [ROLE=promo] केवल 4 बचे — 25% छूट जल्द खत्म,scarcity:hi:12,synthetic_v1,0,1,0,0,1,0,0,0
यो मूल्यमा 10 कटन कुर्ता मात्र उपलब्ध,scarcity,scarcity,ne,p,promo,[TAG=p] [ROLE=promo] यो मूल्यमा 10 कटन कुर्ता मात्र उपलब्ध,scarcity:ne:01,synthetic_v1,0,0,0,0,1,0,0,0
50% of protein powder stock already sold at Tata Cliq,scarcity,scarcity,en,div,badge,[TAG=div] [ROLE=badge] 50% of protein powder stock already sold at Tata Cliq,scarcity:en:18,synthetic_v1,0,0,0,0,1,0,0,0
रु. 449 पर आख़िरी 3 स्टडी लैंप,scarcity,scarcity,hi,div,badge,[TAG=div] [ROLE=badge] रु. 449 पर आख़िरी 3 स्टडी लैंप,scarcity:hi:17,synthetic_v1,0,0,0,0,1,0,0,0
"जल्दी करें, नागपुर गोदाम में 3 हेयर ड्रायर बचे",scarcity,scarcity,hi,span,stock,"[TAG=span] [ROLE=stock] जल्दी करें, नागपुर गोदाम में 3 हेयर ड्रायर बचे",scarcity:hi:13,synthetic_v1,0,0,0,0,1,0,0,0
"जल्दी करें, नागपुर गोदाम में 6 वायरलेस ईयरबड्स बचे",scarcity,scarcity,hi,div,badge,"[TAG=div] [ROLE=badge] जल्दी करें, नागपुर गोदाम में 6 वायरलेस ईयरबड्स बचे",scarcity:hi:13,synthetic_v1,0,0,0,0,1,0,0,0
केवल 4 बचे — 30% छूट जल्द खत्म,scarcity|false_urgency,scarcity,hi,p,promo,[TAG=p] [ROLE=promo] केवल 4 बचे — 30% छूट जल्द खत्म,scarcity:hi:12,synthetic_v1,0,1,0,0,1,0,0,0
7 मात्र बाँकी — 30% छुट चाँडै सकिन्छ,scarcity|false_urgency,scarcity,ne,span,stock,[TAG=span] [ROLE=stock] 7 मात्र बाँकी — 30% छुट चाँडै सकिन्छ,scarcity:ne:12,synthetic_v1,0,1,0,0,1,0,0,0
दिल्ली में केवल 4 कमरे बचे,scarcity,scarcity,hi,div,badge,[TAG=div] [ROLE=badge] दिल्ली में केवल 4 कमरे बचे,scarcity:hi:05,synthetic_v1,0,0,0,0,1,0,0,0
Last 4 pieces available,scarcity,scarcity,en,div,badge,[TAG=div] [ROLE=badge] Last 4 pieces available,scarcity:en:04,synthetic_v1,0,0,0,0,1,0,0,0
Limited edition laptop bag — while supplies last,scarcity,scarcity,en,span,stock,[TAG=span] [ROLE=stock] Limited edition laptop bag — while supplies last,scarcity:en:09,synthetic_v1,0,0,0,0,1,0,0,0
केवल 2 बचे — 40% छूट जल्द खत्म,scarcity|false_urgency,scarcity,hi,div,badge,[TAG=div] [ROLE=badge] केवल 2 बचे — 40% छूट जल्द खत्म,scarcity:hi:12,synthetic_v1,0,1,0,0,1,0,0,0
Blinkit पर लैपटॉप बैग का 70% स्टॉक बिक चुका,scarcity,scarcity,hi,p,promo,[TAG=p] [ROLE=promo] Blinkit पर लैपटॉप बैग का 70% स्टॉक बिक चुका,scarcity:hi:18,synthetic_v1,0,0,0,0,1,0,0,0
Snapdeal: 4 units left for Chitwan,scarcity,scarcity,en,span,stock,[TAG=span] [ROLE=stock] Snapdeal: 4 units left for Chitwan,scarcity:en:16,synthetic_v1,0,0,0,0,1,0,0,0
Only 4 left — 5% off ends soon,scarcity|false_urgency,scarcity,en,div,badge,[TAG=div] [ROLE=badge] Only 4 left — 5% off ends soon,scarcity:en:12,synthetic_v1,0,1,0,0,1,0,0,0
Only 9 trekking jacket remaining at this price,scarcity,scarcity,en,span,stock,[TAG=span] [ROLE=stock] Only 9 trekking jacket remaining at this price,scarcity:en:01,synthetic_v1,0,0,0,0,1,0,0,0
केवल 10 बचे — 50% छूट जल्द खत्म,scarcity|false_urgency,scarcity,hi,div,badge,[TAG=div] [ROLE=badge] केवल 10 बचे — 50% छूट जल्द खत्म,scarcity:hi:12,synthetic_v1,0,1,0,0,1,0,0,0
10% of winter blanket stock already sold at Ajio,scarcity,scarcity,en,span,stock,[TAG=span] [ROLE=stock] 10% of winter blanket stock already sold at Ajio,scarcity:en:18,synthetic_v1,0,0,0,0,1,0,0,0
रु. 49 पर आख़िरी 8 स्मार्टवॉच,scarcity,scarcity,hi,p,promo,[TAG=p] [ROLE=promo] रु. 49 पर आख़िरी 8 स्मार्टवॉच,scarcity:hi:17,synthetic_v1,0,0,0,0,1,0,0,0
Only 9 left in stock!,scarcity,scarcity,en,div,badge,[TAG=div] [ROLE=badge] Only 9 left in stock!,scarcity:en:00,synthetic_v1,0,0,0,0,1,0,0,0
Pepperfry: दिल्ली के लिए 2 इकाई बचीं,scarcity,scarcity,hi,span,stock,[TAG=span] [ROLE=stock] Pepperfry: दिल्ली के लिए 2 इकाई बचीं,scarcity:hi:16,synthetic_v1,0,0,0,0,1,0,0,0
कानपुर में केवल 1 कमरे बचे,scarcity,scarcity,hi,p,promo,[TAG=p] [ROLE=promo] कानपुर में केवल 1 कमरे बचे,scarcity:hi:05,synthetic_v1,0,0,0,0,1,0,0,0
"जल्दी करें, कानपुर गोदाम में 5 कॉफी मेकर बचे",scarcity,scarcity,hi,span,stock,"[TAG=span] [ROLE=stock] जल्दी करें, कानपुर गोदाम में 5 कॉफी मेकर बचे",scarcity:hi:13,synthetic_v1,0,0,0,0,1,0,0,0
Flipkart: 4 units left for Lalitpur,scarcity,scarcity,en,span,stock,[TAG=span] [ROLE=stock] Flipkart: 4 units left for Lalitpur,scarcity:en:16,synthetic_v1,0,0,0,0,1,0,0,0
80% of cotton kurta stock already sold at Ajio,scarcity,scarcity,en,div,badge,[TAG=div] [ROLE=badge] 80% of cotton kurta stock already sold at Ajio,scarcity:en:18,synthetic_v1,0,0,0,0,1,0,0,0
"रु. 1,499 पर आख़िरी 7 कॉटन कुर्ता",scarcity,scarcity,hi,div,badge,"[TAG=div] [ROLE=badge] रु. 1,499 पर आख़िरी 7 कॉटन कुर्ता",scarcity:hi:17,synthetic_v1,0,0,0,0,1,0,0,0
यो मूल्यमा 3 ट्रेकिङ ज्याकेट मात्र उपलब्ध,scarcity,scarcity,ne,p,promo,[TAG=p] [ROLE=promo] यो मूल्यमा 3 ट्रेकिङ ज्याकेट मात्र उपलब्ध,scarcity:ne:01,synthetic_v1,0,0,0,0,1,0,0,0
Only 3 study lamp left at Amazon,scarcity,scarcity,en,span,stock,[TAG=span] [ROLE=stock] Only 3 study lamp left at Amazon,scarcity:en:15,synthetic_v1,0,0,0,0,1,0,0,0
Nykaa: गोरखा का लागि 5 थान बाँकी,scarcity,scarcity,ne,span,stock,[TAG=span] [ROLE=stock] Nykaa: गोरखा का लागि 5 थान बाँकी,scarcity:ne:16,synthetic_v1,0,0,0,0,1,0,0,0
Only 2 left — 50% off ends soon,scarcity|false_urgency,scarcity,en,div,badge,[TAG=div] [ROLE=badge] Only 2 left — 50% off ends soon,scarcity:en:12,synthetic_v1,0,1,0,0,1,0,0,0
केवल 9 बचे — 80% छूट जल्द खत्म,scarcity|false_urgency,scarcity,hi,p,promo,[TAG=p] [ROLE=promo] केवल 9 बचे — 80% छूट जल्द खत्म,scarcity:hi:12,synthetic_v1,0,1,0,0,1,0,0,0
Salesberry Patna warehouse: 7 noise cancelling headphones remaining,scarcity,scarcity,en,div,badge,[TAG=div] [ROLE=badge] Salesberry Patna warehouse: 7 noise cancelling headphones remaining,scarcity:en:19,synthetic_v1,0,0,0,0,1,0,0,0
कम स्टॉक: लैपटॉप बैग की केवल 6 इकाई,scarcity,scarcity,hi,span,stock,[TAG=span] [ROLE=stock] कम स्टॉक: लैपटॉप बैग की केवल 6 इकाई,scarcity:hi:03,synthetic_v1,0,0,0,0,1,0,0,0
यो मूल्यमा 6 पावर ब्यांक मात्र उपलब्ध,scarcity,scarcity,ne,p,promo,[TAG=p] [ROLE=promo] यो मूल्यमा 6 पावर ब्यांक मात्र उपलब्ध,scarcity:ne:01,synthetic_v1,0,0,0,0,1,0,0,0
Tata Cliq: इटहरी का लागि 4 थान बाँकी,scarcity,scarcity,ne,span,stock,[TAG=span] [ROLE=stock] Tata Cliq: इटहरी का लागि 4 थान बाँकी,scarcity:ne:16,synthetic_v1,0,0,0,0,1,0,0,0
लगभग बिक चुका — 5% बुक हो गया,scarcity,scarcity,hi,p,promo,[TAG=p] [ROLE=promo] लगभग बिक चुका — 5% बुक हो गया,scarcity:hi:02,synthetic_v1,0,0,0,0,1,0,0,0
अहिले 7 कार्टमा छ,scarcity,scarcity,ne,span,stock,[TAG=span] [ROLE=stock] अहिले 7 कार्टमा छ,scarcity:ne:11,synthetic_v1,0,0,0,0,1,0,0,0
"छिटो गर्नुहोस्, वीरगन्ज गोदाममा 8 इन्डक्सन चुल्हो बाँकी",scarcity,scarcity,ne,span,stock,"[TAG=span] [ROLE=stock] छिटो गर्नुहोस्, वीरगन्ज गोदाममा 8 इन्डक्सन चुल्हो बाँकी",scarcity:ne:13,synthetic_v1,0,0,0,0,1,0,0,0
सीमित संस्करण एयर फ्रायर — स्टक रहेसम्म,scarcity,scarcity,ne,span,stock,[TAG=span] [ROLE=stock] सीमित संस्करण एयर फ्रायर — स्टक रहेसम्म,scarcity:ne:09,synthetic_v1,0,0,0,0,1,0,0,0
Amazon: आगरा के लिए 10 इकाई बचीं,scarcity,scarcity,hi,div,badge,[TAG=div] [ROLE=badge] Amazon: आगरा के लिए 10 इकाई बचीं,scarcity:hi:16,synthetic_v1,0,0,0,0,1,0,0,0
OkDam धरान गोदाम: 7 ब्याकप्याक बाँकी,scarcity,scarcity,ne,div,badge,[TAG=div] [ROLE=badge] OkDam धरान गोदाम: 7 ब्याकप्याक बाँकी,scarcity:ne:19,synthetic_v1,0,0,0,0,1,0,0,0
"जल्दी करें, आगरा गोदाम में 3 नॉइज़ कैंसलिंग हेडफोन बचे",scarcity,scarcity,hi,div,badge,"[TAG=div] [ROLE=badge] जल्दी करें, आगरा गोदाम में 3 नॉइज़ कैंसलिंग हेडफोन बचे",scarcity:hi:13,synthetic_v1,0,0,0,0,1,0,0,0
जनकपुर मा 1 कोठा मात्र बाँकी,scarcity,scarcity,ne,div,badge,[TAG=div] [ROLE=badge] जनकपुर मा 1 कोठा मात्र बाँकी,scarcity:ne:05,synthetic_v1,0,0,0,0,1,0,0,0
कम स्टक: इलेक्ट्रिक केतली को 5 थान मात्र,scarcity,scarcity,ne,div,badge,[TAG=div] [ROLE=badge] कम स्टक: इलेक्ट्रिक केतली को 5 थान मात्र,scarcity:ne:03,synthetic_v1,0,0,0,0,1,0,0,0
BigBasket Chitwan warehouse: 6 denim jeans remaining,scarcity,scarcity,en,div,badge,[TAG=div] [ROLE=badge] BigBasket Chitwan warehouse: 6 denim jeans remaining,scarcity:en:19,synthetic_v1,0,0,0,0,1,0,0,0
सीमित संस्करण वायरलेस ईयरबड्स — जब तक स्टॉक,scarcity,scarcity,hi,p,promo,[TAG=p] [ROLE=promo] सीमित संस्करण वायरलेस ईयरबड्स — जब तक स्टॉक,scarcity:hi:09,synthetic_v1,0,0,0,0,1,0,0,0
रु. 399 पर केवल 4 बचे,scarcity,scarcity,hi,p,promo,[TAG=p] [ROLE=promo] रु. 399 पर केवल 4 बचे,scarcity:hi:10,synthetic_v1,0,0,0,0,1,0,0,0
"Hurry, 8 office chair left in Butwal warehouse",scarcity,scarcity,en,span,stock,"[TAG=span] [ROLE=stock] Hurry, 8 office chair left in Butwal warehouse",scarcity:en:13,synthetic_v1,0,0,0,0,1,0,0,0
Pepperfry पर केवल 9 ब्लूटूथ स्पीकर बचे,scarcity,scarcity,hi,div,badge,[TAG=div] [ROLE=badge] Pepperfry पर केवल 9 ब्लूटूथ स्पीकर बचे,scarcity:hi:15,synthetic_v1,0,0,0,0,1,0,0,0
"छिटो गर्नुहोस्, चितवन गोदाममा 3 एयर फ्रायर बाँकी",scarcity,scarcity,ne,span,stock,"[TAG=span] [ROLE=stock] छिटो गर्नुहोस्, चितवन गोदाममा 3 एयर फ्रायर बाँकी",scarcity:ne:13,synthetic_v1,0,0,0,0,1,0,0,0
Amazon पर ट्रेकिंग जैकेट का 40% स्टॉक बिक चुका,scarcity,scarcity,hi,p,promo,[TAG=p] [ROLE=promo] Amazon पर ट्रेकिंग जैकेट का 40% स्टॉक बिक चुका,scarcity:hi:18,synthetic_v1,0,0,0,0,1,0,0,0
Snapdeal पर केवल 12 रनिंग शूज़ बचे,scarcity,scarcity,hi,div,badge,[TAG=div] [ROLE=badge] Snapdeal पर केवल 12 रनिंग शूज़ बचे,scarcity:hi:15,synthetic_v1,0,0,0,0,1,0,0,0
"आज 578 जनाले किन्नुभयो, स्टक सकिँदै",scarcity|social_proof,scarcity,ne,span,stock,"[TAG=span] [ROLE=stock] आज 578 जनाले किन्नुभयो, स्टक सकिँदै",scarcity:ne:07,synthetic_v1,0,0,0,0,1,0,1,0
OkDam: पुणे के लिए 5 इकाई बचीं,scarcity,scarcity,hi,p,promo,[TAG=p] [ROLE=promo] OkDam: पुणे के लिए 5 इकाई बचीं,scarcity:hi:16,synthetic_v1,0,0,0,0,1,0,0,0
"छिटो गर्नुहोस्, विराटनगर गोदाममा 5 ल्यापटप ब्याग बाँकी",scarcity,scarcity,ne,div,badge,"[TAG=div] [ROLE=badge] छिटो गर्नुहोस्, विराटनगर गोदाममा 5 ल्यापटप ब्याग बाँकी",scarcity:ne:13,synthetic_v1,0,0,0,0,1,0,0,0
"जल्दी करें, भोपाल गोदाम में 7 प्रोटीन पाउडर बचे",scarcity,scarcity,hi,span,stock,"[TAG=span] [ROLE=stock] जल्दी करें, भोपाल गोदाम में 7 प्रोटीन पाउडर बचे",scarcity:hi:13,synthetic_v1,0,0,0,0,1,0,0,0
4 मात्र बाँकी — 20% छुट चाँडै सकिन्छ,scarcity|false_urgency,scarcity,ne,p,promo,[TAG=p] [ROLE=promo] 4 मात्र बाँकी — 20% छुट चाँडै सकिन्छ,scarcity:ne:12,synthetic_v1,0,1,0,0,1,0,0,0
20% of running shoes stock already sold at Kinbech,scarcity,scarcity,en,div,badge,[TAG=div] [ROLE=badge] 20% of running shoes stock already sold at Kinbech,scarcity:en:18,synthetic_v1,0,0,0,0,1,0,0,0
Amazon: नेपालगन्ज का लागि 2 थान बाँकी,scarcity,scarcity,ne,p,promo,[TAG=p] [ROLE=promo] Amazon: नेपालगन्ज का लागि 2 थान बाँकी,scarcity:ne:16,synthetic_v1,0,0,0,0,1,0,0,0
सीमित संस्करण हेयर ड्रायर — जब तक स्टॉक,scarcity,scarcity,hi,span,stock,[TAG=span] [ROLE=stock] सीमित संस्करण हेयर ड्रायर — जब तक स्टॉक,scarcity:hi:09,synthetic_v1,0,0,0,0,1,0,0,0
Low stock: only 2 units of water bottle,scarcity,scarcity,en,div,badge,[TAG=div] [ROLE=badge] Low stock: only 2 units of water bottle,scarcity:en:03,synthetic_v1,0,0,0,0,1,0,0,0
Low stock: only 2 units of wireless earbuds,scarcity,scarcity,en,span,stock,[TAG=span] [ROLE=stock] Low stock: only 2 units of wireless earbuds,scarcity:en:03,synthetic_v1,0,0,0,0,1,0,0,0
"जल्दी करें, पुणे गोदाम में 8 इलेक्ट्रिक केटल बचे",scarcity,scarcity,hi,span,stock,"[TAG=span] [ROLE=stock] जल्दी करें, पुणे गोदाम में 8 इलेक्ट्रिक केटल बचे",scarcity:hi:13,synthetic_v1,0,0,0,0,1,0,0,0
सीमित संस्करण डेनिम जिन्स — स्टक रहेसम्म,scarcity,scarcity,ne,p,promo,[TAG=p] [ROLE=promo] सीमित संस्करण डेनिम जिन्स — स्टक रहेसम्म,scarcity:ne:09,synthetic_v1,0,0,0,0,1,0,0,0
रु. 299 मा अन्तिम 12 प्रोटिन पाउडर,scarcity,scarcity,ne,div,badge,[TAG=div] [ROLE=badge] रु. 299 मा अन्तिम 12 प्रोटिन पाउडर,scarcity:ne:17,synthetic_v1,0,0,0,0,1,0,0,0
Only 12 denim jeans remaining at this price,scarcity,scarcity,en,p,promo,[TAG=p] [ROLE=promo] Only 12 denim jeans remaining at this price,scarcity:en:01,synthetic_v1,0,0,0,0,1,0,0,0
Only 5 bluetooth speaker remaining at this price,scarcity,scarcity,en,div,badge,[TAG=div] [ROLE=badge] Only 5 bluetooth speaker remaining at this price,scarcity:en:01,synthetic_v1,0,0,0,0,1,0,0,0
Only 10 left at Rs. 399,scarcity,scarcity,en,span,stock,[TAG=span] [ROLE=stock] Only 10 left at Rs. 399,scarcity:en:10,synthetic_v1,0,0,0,0,1,0,0,0
Almost sold out — 35% already claimed,scarcity,scarcity,en,div,badge,[TAG=div] [ROLE=badge] Almost sold out — 35% already claimed,scarcity:en:02,synthetic_v1,0,0,0,0,1,0,0,0
केवल 12 बचे — 40% छूट जल्द खत्म,scarcity|false_urgency,scarcity,hi,div,badge,[TAG=div] [ROLE=badge] केवल 12 बचे — 40% छूट जल्द खत्म,scarcity:hi:12,synthetic_v1,0,1,0,0,1,0,0,0
Gyapu: भक्तपुर का लागि 3 थान बाँकी,scarcity,scarcity,ne,span,stock,[TAG=span] [ROLE=stock] Gyapu: भक्तपुर का लागि 3 थान बाँकी,scarcity:ne:16,synthetic_v1,0,0,0,0,1,0,0,0
"छिटो गर्नुहोस्, हेटौंडा गोदाममा 10 हिउँदको ब्ल्याङ्केट बाँकी",scarcity,scarcity,ne,div,badge,"[TAG=div] [ROLE=badge] छिटो गर्नुहोस्, हेटौंडा गोदाममा 10 हिउँदको ब्ल्याङ्केट बाँकी",scarcity:ne:13,synthetic_v1,0,0,0,0,1,0,0,0
High demand — limited units of gaming mouse,scarcity,scarcity,en,span,stock,[TAG=span] [ROLE=stock] High demand — limited units of gaming mouse,scarcity:en:06,synthetic_v1,0,0,0,0,1,0,0,0
Flipkart: दमक का लागि 2 थान बाँकी,scarcity,scarcity,ne,p,promo,[TAG=p] [ROLE=promo] Flipkart: दमक का लागि 2 थान बाँकी,scarcity:ne:16,synthetic_v1,0,0,0,0,1,0,0,0
Only 3 left — 50% off ends soon,scarcity|false_urgency,scarcity,en,span,stock,[TAG=span] [ROLE=stock] Only 3 left — 50% off ends soon,scarcity:en:12,synthetic_v1,0,1,0,0,1,0,0,0
कम स्टॉक: वायरलेस ईयरबड्स की केवल 9 इकाई,scarcity,scarcity,hi,div,badge,[TAG=div] [ROLE=badge] कम स्टॉक: वायरलेस ईयरबड्स की केवल 9 इकाई,scarcity:hi:03,synthetic_v1,0,0,0,0,1,0,0,0
Low stock: only 7 units of laptop bag,scarcity,scarcity,en,p,promo,[TAG=p] [ROLE=promo] Low stock: only 7 units of laptop bag,scarcity:en:03,synthetic_v1,0,0,0,0,1,0,0,0
Only 12 backpack left at Myntra,scarcity,scarcity,en,div,badge,[TAG=div] [ROLE=badge] Only 12 backpack left at Myntra,scarcity:en:15,synthetic_v1,0,0,0,0,1,0,0,0
BigBasket मा घामको चस्मा को 25% स्टक बिक्री भइसक्यो,scarcity,scarcity,ne,span,stock,[TAG=span] [ROLE=stock] BigBasket मा घामको चस्मा को 25% स्टक बिक्री भइसक्यो,scarcity:ne:18,synthetic_v1,0,0,0,0,1,0,0,0
Only 12 laptop bag left at BigBasket,scarcity,scarcity,en,span,stock,[TAG=span] [ROLE=stock] Only 12 laptop bag left at BigBasket,scarcity:en:15,synthetic_v1,0,0,0,0,1,0,0,0
"Hurry, 6 sports sandals left in Patna warehouse",scarcity,scarcity,en,span,stock,"[TAG=span] [ROLE=stock] Hurry, 6 sports sandals left in Patna warehouse",scarcity:en:13,synthetic_v1,0,0,0,0,1,0,0,0
"आज 1,024 जनाले किन्नुभयो, स्टक सकिँदै",scarcity|social_proof,scarcity,ne,span,stock,"[TAG=span] [ROLE=stock] आज 1,024 जनाले किन्नुभयो, स्टक सकिँदै",scarcity:ne:07,synthetic_v1,0,0,0,0,1,0,1,0
कम स्टॉक: सर्दी का कंबल की केवल 7 इकाई,scarcity,scarcity,hi,div,badge,[TAG=div] [ROLE=badge] कम स्टॉक: सर्दी का कंबल की केवल 7 इकाई,scarcity:hi:03,synthetic_v1,0,0,0,0,1,0,0,0
कम स्टक: राइस कुकर को 6 थान मात्र,scarcity,scarcity,ne,div,badge,[TAG=div] [ROLE=badge] कम स्टक: राइस कुकर को 6 थान मात्र,scarcity:ne:03,synthetic_v1,0,0,0,0,1,0,0,0
"जल्दी करें, वाराणसी गोदाम में 3 स्पोर्ट्स सैंडल बचे",scarcity,scarcity,hi,div,badge,"[TAG=div] [ROLE=badge] जल्दी करें, वाराणसी गोदाम में 3 स्पोर्ट्स सैंडल बचे",scarcity:hi:13,synthetic_v1,0,0,0,0,1,0,0,0
"जल्दी करें, इंदौर गोदाम में 2 प्रोटीन पाउडर बचे",scarcity,scarcity,hi,span,stock,"[TAG=span] [ROLE=stock] जल्दी करें, इंदौर गोदाम में 2 प्रोटीन पाउडर बचे",scarcity:hi:13,synthetic_v1,0,0,0,0,1,0,0,0
"छिटो गर्नुहोस्, नेपालगन्ज गोदाममा 1 इन्डक्सन चुल्हो बाँकी",scarcity,scarcity,ne,div,badge,"[TAG=div] [ROLE=badge] छिटो गर्नुहोस्, नेपालगन्ज गोदाममा 1 इन्डक्सन चुल्हो बाँकी",scarcity:ne:13,synthetic_v1,0,0,0,0,1,0,0,0
Only 8 denim jeans remaining at this price,scarcity,scarcity,en,span,stock,[TAG=span] [ROLE=stock] Only 8 denim jeans remaining at this price,scarcity:en:01,synthetic_v1,0,0,0,0,1,0,0,0
"आज 1,765 जनाले किन्नुभयो, स्टक सकिँदै",scarcity|social_proof,scarcity,ne,p,promo,"[TAG=p] [ROLE=promo] आज 1,765 जनाले किन्नुभयो, स्टक सकिँदै",scarcity:ne:07,synthetic_v1,0,0,0,0,1,0,1,0
Flipkart: लखनऊ के लिए 10 इकाई बचीं,scarcity,scarcity,hi,p,promo,[TAG=p] [ROLE=promo] Flipkart: लखनऊ के लिए 10 इकाई बचीं,scarcity:hi:16,synthetic_v1,0,0,0,0,1,0,0,0
"आज 7,340 लोगों ने खरीदा, स्टॉक कम",scarcity|social_proof,scarcity,hi,div,badge,"[TAG=div] [ROLE=badge] आज 7,340 लोगों ने खरीदा, स्टॉक कम",scarcity:hi:07,synthetic_v1,0,0,0,0,1,0,1,0
सीमित संस्करण गेमिङ माउस — स्टक रहेसम्म,scarcity,scarcity,ne,p,promo,[TAG=p] [ROLE=promo] सीमित संस्करण गेमिङ माउस — स्टक रहेसम्म,scarcity:ne:09,synthetic_v1,0,0,0,0,1,0,0,0
बुटवल मा 7 कोठा मात्र बाँकी,scarcity,scarcity,ne,div,badge,[TAG=div] [ROLE=badge] बुटवल मा 7 कोठा मात्र बाँकी,scarcity:ne:05,synthetic_v1,0,0,0,0,1,0,0,0
Meesho तनहुँ गोदाम: 2 फर्मल सर्ट बाँकी,scarcity,scarcity,ne,div,badge,[TAG=div] [ROLE=badge] Meesho तनहुँ गोदाम: 2 फर्मल सर्ट बाँकी,scarcity:ne:19,synthetic_v1,0,0,0,0,1,0,0,0
60% of air fryer stock already sold at Tata Cliq,scarcity,scarcity,en,span,stock,[TAG=span] [ROLE=stock] 60% of air fryer stock already sold at Tata Cliq,scarcity:en:18,synthetic_v1,0,0,0,0,1,0,0,0
लगभग बिक चुका — 15% बुक हो गया,scarcity,scarcity,hi,div,badge,[TAG=div] [ROLE=badge] लगभग बिक चुका — 15% बुक हो गया,scarcity:hi:02,synthetic_v1,0,0,0,0,1,0,0,0
Blinkit Lalitpur warehouse: 6 school bag remaining,scarcity,scarcity,en,p,promo,[TAG=p] [ROLE=promo] Blinkit Lalitpur warehouse: 6 school bag remaining,scarcity:en:19,synthetic_v1,0,0,0,0,1,0,0,0
"रु. 1,999 पर केवल 12 बचे",scarcity,scarcity,hi,span,stock,"[TAG=span] [ROLE=stock] रु. 1,999 पर केवल 12 बचे",scarcity:hi:10,synthetic_v1,0,0,0,0,1,0,0,0
Only 8 left — 15% off ends soon,scarcity|false_urgency,scarcity,en,p,promo,[TAG=p] [ROLE=promo] Only 8 left — 15% off ends soon,scarcity:en:12,synthetic_v1,0,1,0,0,1,0,0,0
"छिटो गर्नुहोस्, तनहुँ गोदाममा 1 हिउँदको ब्ल्याङ्केट बाँकी",scarcity,scarcity,ne,p,promo,"[TAG=p] [ROLE=promo] छिटो गर्नुहोस्, तनहुँ गोदाममा 1 हिउँदको ब्ल्याङ्केट बाँकी",scarcity:ne:13,synthetic_v1,0,0,0,0,1,0,0,0
Only 8 left at Rs. 199,scarcity,scarcity,en,div,badge,[TAG=div] [ROLE=badge] Only 8 left at Rs. 199,scarcity:en:10,synthetic_v1,0,0,0,0,1,0,0,0
Limited edition noise cancelling headphones — while supplies last,scarcity,scarcity,en,span,stock,[TAG=span] [ROLE=stock] Limited edition noise cancelling headphones — while supplies last,scarcity:en:09,synthetic_v1,0,0,0,0,1,0,0,0
कम स्टॉक: फेस वॉश की केवल 4 इकाई,scarcity,scarcity,hi,div,badge,[TAG=div] [ROLE=badge] कम स्टॉक: फेस वॉश की केवल 4 इकाई,scarcity:hi:03,synthetic_v1,0,0,0,0,1,0,0,0
Blinkit पर रनिंग शूज़ का 60% स्टॉक बिक चुका,scarcity,scarcity,hi,p,promo,[TAG=p] [ROLE=promo] Blinkit पर रनिंग शूज़ का 60% स्टॉक बिक चुका,scarcity:hi:18,synthetic_v1,0,0,0,0,1,0,0,0
2 मात्र बाँकी — 80% छुट चाँडै सकिन्छ,scarcity|false_urgency,scarcity,ne,p,promo,[TAG=p] [ROLE=promo] 2 मात्र बाँकी — 80% छुट चाँडै सकिन्छ,scarcity:ne:12,synthetic_v1,0,1,0,0,1,0,0,0
Only 7 bluetooth speaker left at Lenskart,scarcity,scarcity,en,span,stock,[TAG=span] [ROLE=stock] Only 7 bluetooth speaker left at Lenskart,scarcity:en:15,synthetic_v1,0,0,0,0,1,0,0,0
रु. 299 मा 12 मात्र बाँकी,scarcity,scarcity,ne,p,promo,[TAG=p] [ROLE=promo] रु. 299 मा 12 मात्र बाँकी,scarcity:ne:10,synthetic_v1,0,0,0,0,1,0,0,0
केवल 9 बचे — 25% छूट जल्द खत्म,scarcity|false_urgency,scarcity,hi,div,badge,[TAG=div] [ROLE=badge] केवल 9 बचे — 25% छूट जल्द खत्म,scarcity:hi:12,synthetic_v1,0,1,0,0,1,0,0,0
भारी मांग — फेस वॉश की सीमित मात्रा,scarcity,scarcity,hi,p,promo,[TAG=p] [ROLE=promo] भारी मांग — फेस वॉश की सीमित मात्रा,scarcity:hi:06,synthetic_v1,0,0,0,0,1,0,0,0
30% of hair dryer stock already sold at SastoDeal,scarcity,scarcity,en,p,promo,[TAG=p] [ROLE=promo] 30% of hair dryer stock already sold at SastoDeal,scarcity:en:18,synthetic_v1,0,0,0,0,1,0,0,0
Croma Jaipur warehouse: 8 cotton kurta remaining,scarcity,scarcity,en,p,promo,[TAG=p] [ROLE=promo] Croma Jaipur warehouse: 8 cotton kurta remaining,scarcity:en:19,synthetic_v1,0,0,0,0,1,0,0,0
"आज 312 लोगों ने खरीदा, स्टॉक कम",scarcity|social_proof,scarcity,hi,div,badge,"[TAG=div] [ROLE=badge] आज 312 लोगों ने खरीदा, स्टॉक कम",scarcity:hi:07,synthetic_v1,0,0,0,0,1,0,1,0
"जल्दी करें, वाराणसी गोदाम में 6 हेयर ड्रायर बचे",scarcity,scarcity,hi,p,promo,"[TAG=p] [ROLE=promo] जल्दी करें, वाराणसी गोदाम में 6 हेयर ड्रायर बचे",scarcity:hi:13,synthetic_v1,0,0,0,0,1,0,0,0
यो मूल्यमा 7 ट्रेकिङ ज्याकेट मात्र उपलब्ध,scarcity,scarcity,ne,p,promo,[TAG=p] [ROLE=promo] यो मूल्यमा 7 ट्रेकिङ ज्याकेट मात्र उपलब्ध,scarcity:ne:01,synthetic_v1,0,0,0,0,1,0,0,0
रु. 99 मा 3 मात्र बाँकी,scarcity,scarcity,ne,p,promo,[TAG=p] [ROLE=promo] रु. 99 मा 3 मात्र बाँकी,scarcity:ne:10,synthetic_v1,0,0,0,0,1,0,0,0
सीमित संस्करण कॉटन कुर्ता — जब तक स्टॉक,scarcity,scarcity,hi,span,stock,[TAG=span] [ROLE=stock] सीमित संस्करण कॉटन कुर्ता — जब तक स्टॉक,scarcity:hi:09,synthetic_v1,0,0,0,0,1,0,0,0
HamroBazar मा फेस वास को 60% स्टक बिक्री भइसक्यो,scarcity,scarcity,ne,div,badge,[TAG=div] [ROLE=badge] HamroBazar मा फेस वास को 60% स्टक बिक्री भइसक्यो,scarcity:ne:18,synthetic_v1,0,0,0,0,1,0,0,0
HamroBazar: सुर्खेत का लागि 4 थान बाँकी,scarcity,scarcity,ne,span,stock,[TAG=span] [ROLE=stock] HamroBazar: सुर्खेत का लागि 4 थान बाँकी,scarcity:ne:16,synthetic_v1,0,0,0,0,1,0,0,0
Only 7 smartwatch remaining at this price,scarcity,scarcity,en,span,stock,[TAG=span] [ROLE=stock] Only 7 smartwatch remaining at this price,scarcity:en:01,synthetic_v1,0,0,0,0,1,0,0,0
"जल्दी करें, आगरा गोदाम में 7 योगा मैट बचे",scarcity,scarcity,hi,p,promo,"[TAG=p] [ROLE=promo] जल्दी करें, आगरा गोदाम में 7 योगा मैट बचे",scarcity:hi:13,synthetic_v1,0,0,0,0,1,0,0,0
यो मूल्यमा 12 डेनिम जिन्स मात्र उपलब्ध,scarcity,scarcity,ne,span,stock,[TAG=span] [ROLE=stock] यो मूल्यमा 12 डेनिम जिन्स मात्र उपलब्ध,scarcity:ne:01,synthetic_v1,0,0,0,0,1,0,0,0
अभी 9 कार्ट में है,scarcity,scarcity,hi,span,stock,[TAG=span] [ROLE=stock] अभी 9 कार्ट में है,scarcity:hi:11,synthetic_v1,0,0,0,0,1,0,0,0
OkDam पर केवल 3 धूप का चश्मा बचे,scarcity,scarcity,hi,span,stock,[TAG=span] [ROLE=stock] OkDam पर केवल 3 धूप का चश्मा बचे,scarcity:hi:15,synthetic_v1,0,0,0,0,1,0,0,0
"रु. 1,199 मा 9 मात्र बाँकी",scarcity,scarcity,ne,div,badge,"[TAG=div] [ROLE=badge] रु. 1,199 मा 9 मात्र बाँकी",scarcity:ne:10,synthetic_v1,0,0,0,0,1,0,0,0
कम स्टॉक: पावर बैंक की केवल 7 इकाई,scarcity,scarcity,hi,span,stock,[TAG=span] [ROLE=stock] कम स्टॉक: पावर बैंक की केवल 7 इकाई,scarcity:hi:03,synthetic_v1,0,0,0,0,1,0,0,0
SastoDeal: 2 units left for Delhi,scarcity,scarcity,en,span,stock,[TAG=span] [ROLE=stock] SastoDeal: 2 units left for Delhi,scarcity:en:16,synthetic_v1,0,0,0,0,1,0,0,0
Zepto पर बैकपैक का 40% स्टॉक बिक चुका,scarcity,scarcity,hi,div,badge,[TAG=div] [ROLE=badge] Zepto पर बैकपैक का 40% स्टॉक बिक चुका,scarcity:hi:18,synthetic_v1,0,0,0,0,1,0,0,0
Thulo Bengaluru warehouse: 10 air fryer remaining,scarcity,scarcity,en,span,stock,[TAG=span] [ROLE=stock] Thulo Bengaluru warehouse: 10 air fryer remaining,scarcity:en:19,synthetic_v1,0,0,0,0,1,0,0,0
धरान मा 1 कोठा मात्र बाँकी,scarcity,scarcity,ne,span,stock,[TAG=span] [ROLE=stock] धरान मा 1 कोठा मात्र बाँकी,scarcity:ne:05,synthetic_v1,0,0,0,0,1,0,0,0
रु. 249 मा अन्तिम 6 ट्रेकिङ ज्याकेट,scarcity,scarcity,ne,span,stock,[TAG=span] [ROLE=stock] रु. 249 मा अन्तिम 6 ट्रेकिङ ज्याकेट,scarcity:ne:17,synthetic_v1,0,0,0,0,1,0,0,0
"आज 149 लोगों ने खरीदा, स्टॉक कम",scarcity|social_proof,scarcity,hi,div,badge,"[TAG=div] [ROLE=badge] आज 149 लोगों ने खरीदा, स्टॉक कम",scarcity:hi:07,synthetic_v1,0,0,0,0,1,0,1,0
Blinkit मा 6 नोइज क्यान्सलिङ हेडफोन मात्र बाँकी,scarcity,scarcity,ne,p,promo,[TAG=p] [ROLE=promo] Blinkit मा 6 नोइज क्यान्सलिङ हेडफोन मात्र बाँकी,scarcity:ne:15,synthetic_v1,0,0,0,0,1,0,0,0
Low stock: only 1 units of gaming mouse,scarcity,scarcity,en,p,promo,[TAG=p] [ROLE=promo] Low stock: only 1 units of gaming mouse,scarcity:en:03,synthetic_v1,0,0,0,0,1,0,0,0
"Selling fast, 5 left",scarcity,scarcity,en,span,stock,"[TAG=span] [ROLE=stock] Selling fast, 5 left",scarcity:en:08,synthetic_v1,0,0,0,0,1,0,0,0
कम स्टॉक: रनिंग शूज़ की केवल 1 इकाई,scarcity,scarcity,hi,span,stock,[TAG=span] [ROLE=stock] कम स्टॉक: रनिंग शूज़ की केवल 1 इकाई,scarcity:hi:03,synthetic_v1,0,0,0,0,1,0,0,0
हैदराबाद में केवल 8 कमरे बचे,scarcity,scarcity,hi,div,badge,[TAG=div] [ROLE=badge] हैदराबाद में केवल 8 कमरे बचे,scarcity:hi:05,synthetic_v1,0,0,0,0,1,0,0,0
केवल 4 बचे — 50% छूट जल्द खत्म,scarcity|false_urgency,scarcity,hi,span,stock,[TAG=span] [ROLE=stock] केवल 4 बचे — 50% छूट जल्द खत्म,scarcity:hi:12,synthetic_v1,0,1,0,0,1,0,0,0
Kinbech पर केवल 3 योगा मैट बचे,scarcity,scarcity,hi,span,stock,[TAG=span] [ROLE=stock] Kinbech पर केवल 3 योगा मैट बचे,scarcity:hi:15,synthetic_v1,0,0,0,0,1,0,0,0
Zepto पर ब्लूटूथ स्पीकर का 50% स्टॉक बिक चुका,scarcity,scarcity,hi,div,badge,[TAG=div] [ROLE=badge] Zepto पर ब्लूटूथ स्पीकर का 50% स्टॉक बिक चुका,scarcity:hi:18,synthetic_v1,0,0,0,0,1,0,0,0
रु. 249 मा अन्तिम 4 डेनिम जिन्स,scarcity,scarcity,ne,p,promo,[TAG=p] [ROLE=promo] रु. 249 मा अन्तिम 4 डेनिम जिन्स,scarcity:ne:17,synthetic_v1,0,0,0,0,1,0,0,0
इस दाम पर केवल 2 पानी की बोतल उपलब्ध,scarcity,scarcity,hi,span,stock,[TAG=span] [ROLE=stock] इस दाम पर केवल 2 पानी की बोतल उपलब्ध,scarcity:hi:01,synthetic_v1,0,0,0,0,1,0,0,0
Only 5 left at Rs. 899,scarcity,scarcity,en,div,badge,[TAG=div] [ROLE=badge] Only 5 left at Rs. 899,scarcity:en:10,synthetic_v1,0,0,0,0,1,0,0,0
"रु. 2,999 मा 2 मात्र बाँकी",scarcity,scarcity,ne,div,badge,"[TAG=div] [ROLE=badge] रु. 2,999 मा 2 मात्र बाँकी",scarcity:ne:10,synthetic_v1,0,0,0,0,1,0,0,0
BigBasket पर केवल 6 स्पोर्ट्स सैंडल बचे,scarcity,scarcity,hi,p,promo,[TAG=p] [ROLE=promo] BigBasket पर केवल 6 स्पोर्ट्स सैंडल बचे,scarcity:hi:15,synthetic_v1,0,0,0,0,1,0,0,0
HamroBazar मा 6 ल्यापटप ब्याग मात्र बाँकी,scarcity,scarcity,ne,span,stock,[TAG=span] [ROLE=stock] HamroBazar मा 6 ल्यापटप ब्याग मात्र बाँकी,scarcity:ne:15,synthetic_v1,0,0,0,0,1,0,0,0
Only 1 left at Rs. 199,scarcity,scarcity,en,p,promo,[TAG=p] [ROLE=promo] Only 1 left at Rs. 199,scarcity:en:10,synthetic_v1,0,0,0,0,1,0,0,0
कम स्टॉक: डेनिम जींस की केवल 7 इकाई,scarcity,scarcity,hi,span,stock,[TAG=span] [ROLE=stock] कम स्टॉक: डेनिम जींस की केवल 7 इकाई,scarcity:hi:03,synthetic_v1,0,0,0,0,1,0,0,0
यो मूल्यमा 6 ट्रेकिङ ज्याकेट मात्र उपलब्ध,scarcity,scarcity,ne,span,stock,[TAG=span] [ROLE=stock] यो मूल्यमा 6 ट्रेकिङ ज्याकेट मात्र उपलब्ध,scarcity:ne:01,synthetic_v1,0,0,0,0,1,0,0,0
Gyapu जयपुर गोदाम: 2 कॉफी मेकर शेष,scarcity,scarcity,hi,div,badge,[TAG=div] [ROLE=badge] Gyapu जयपुर गोदाम: 2 कॉफी मेकर शेष,scarcity:hi:19,synthetic_v1,0,0,0,0,1,0,0,0
Only 5 left — 50% off ends soon,scarcity|false_urgency,scarcity,en,p,promo,[TAG=p] [ROLE=promo] Only 5 left — 50% off ends soon,scarcity:en:12,synthetic_v1,0,1,0,0,1,0,0,0
Tata Cliq: 9 units left for Nepalgunj,scarcity,scarcity,en,span,stock,[TAG=span] [ROLE=stock] Tata Cliq: 9 units left for Nepalgunj,scarcity:en:16,synthetic_v1,0,0,0,0,1,0,0,0
केवल 9 बचे — 30% छूट जल्द खत्म,scarcity|false_urgency,scarcity,hi,span,stock,[TAG=span] [ROLE=stock] केवल 9 बचे — 30% छूट जल्द खत्म,scarcity:hi:12,synthetic_v1,0,1,0,0,1,0,0,0
High demand — limited units of wireless earbuds,scarcity,scarcity,en,div,badge,[TAG=div] [ROLE=badge] High demand — limited units of wireless earbuds,scarcity:en:06,synthetic_v1,0,0,0,0,1,0,0,0
Only 8 left — 5% off ends soon,scarcity|false_urgency,scarcity,en,p,promo,[TAG=p] [ROLE=promo] Only 8 left — 5% off ends soon,scarcity:en:12,synthetic_v1,0,1,0,0,1,0,0,0
सीमित संस्करण कफी मेकर — स्टक रहेसम्म,scarcity,scarcity,ne,span,stock,[TAG=span] [ROLE=stock] सीमित संस्करण कफी मेकर — स्टक रहेसम्म,scarcity:ne:09,synthetic_v1,0,0,0,0,1,0,0,0
Low stock: only 6 units of running shoes,scarcity,scarcity,en,span,stock,[TAG=span] [ROLE=stock] Low stock: only 6 units of running shoes,scarcity:en:03,synthetic_v1,0,0,0,0,1,0,0,0
OkDam पर केवल 3 फोन कवर बचे,scarcity,scarcity,hi,p,promo,[TAG=p] [ROLE=promo] OkDam पर केवल 3 फोन कवर बचे,scarcity:hi:15,synthetic_v1,0,0,0,0,1,0,0,0
Only 10 left — 5% off ends soon,scarcity|false_urgency,scarcity,en,p,promo,[TAG=p] [ROLE=promo] Only 10 left — 5% off ends soon,scarcity:en:12,synthetic_v1,0,1,0,0,1,0,0,0
"84 people bought this today, stock running out",scarcity|social_proof,scarcity,en,span,stock,"[TAG=span] [ROLE=stock] 84 people bought this today, stock running out",scarcity:en:07,synthetic_v1,0,0,0,0,1,0,1,0
"Only 1 left at Rs. 1,999",scarcity,scarcity,en,span,stock,"[TAG=span] [ROLE=stock] Only 1 left at Rs. 1,999",scarcity:en:10,synthetic_v1,0,0,0,0,1,0,0,0
रु. 49 मा अन्तिम 3 कफी मेकर,scarcity,scarcity,ne,p,promo,[TAG=p] [ROLE=promo] रु. 49 मा अन्तिम 3 कफी मेकर,scarcity:ne:17,synthetic_v1,0,0,0,0,1,0,0,0
रु. 149 मा अन्तिम 4 हिउँदको ब्ल्याङ्केट,scarcity,scarcity,ne,p,promo,[TAG=p] [ROLE=promo] रु. 149 मा अन्तिम 4 हिउँदको ब्ल्याङ्केट,scarcity:ne:17,synthetic_v1,0,0,0,0,1,0,0,0
इस दाम पर केवल 12 पानी की बोतल उपलब्ध,scarcity,scarcity,hi,span,stock,[TAG=span] [ROLE=stock] इस दाम पर केवल 12 पानी की बोतल उपलब्ध,scarcity:hi:01,synthetic_v1,0,0,0,0,1,0,0,0
10 मात्र बाँकी — 50% छुट चाँडै सकिन्छ,scarcity|false_urgency,scarcity,ne,div,badge,[TAG=div] [ROLE=badge] 10 मात्र बाँकी — 50% छुट चाँडै सकिन्छ,scarcity:ne:12,synthetic_v1,0,1,0,0,1,0,0,0
Only 3 rooms left in Nepalgunj,scarcity,scarcity,en,p,promo,[TAG=p] [ROLE=promo] Only 3 rooms left in Nepalgunj,scarcity:en:05,synthetic_v1,0,0,0,0,1,0,0,0
Only 8 hair dryer left at BigBasket,scarcity,scarcity,en,p,promo,[TAG=p] [ROLE=promo] Only 8 hair dryer left at BigBasket,scarcity:en:15,synthetic_v1,0,0,0,0,1,0,0,0
10% of electric kettle stock already sold at Pepperfry,scarcity,scarcity,en,p,promo,[TAG=p] [ROLE=promo] 10% of electric kettle stock already sold at Pepperfry,scarcity:en:18,synthetic_v1,0,0,0,0,1,0,0,0
FirstCry: इटहरी का लागि 5 थान बाँकी,scarcity,scarcity,ne,span,stock,[TAG=span] [ROLE=stock] FirstCry: इटहरी का लागि 5 थान बाँकी,scarcity:ne:16,synthetic_v1,0,0,0,0,1,0,0,0
केवल 6 बचे — 60% छूट जल्द खत्म,scarcity|false_urgency,scarcity,hi,div,badge,[TAG=div] [ROLE=badge] केवल 6 बचे — 60% छूट जल्द खत्म,scarcity:hi:12,synthetic_v1,0,1,0,0,1,0,0,0
Only 6 rooms left in Jaipur,scarcity,scarcity,en,p,promo,[TAG=p] [ROLE=promo] Only 6 rooms left in Jaipur,scarcity:en:05,synthetic_v1,0,0,0,0,1,0,0,0
Ajio पर केवल 6 ऑफिस चेयर बचे,scarcity,scarcity,hi,div,badge,[TAG=div] [ROLE=badge] Ajio पर केवल 6 ऑफिस चेयर बचे,scarcity:hi:15,synthetic_v1,0,0,0,0,1,0,0,0
Only 2 noise cancelling headphones remaining at this price,scarcity,scarcity,en,div,badge,[TAG=div] [ROLE=badge] Only 2 noise cancelling headphones remaining at this price,scarcity:en:01,synthetic_v1,0,0,0,0,1,0,0,0
HamroBazar Chitwan warehouse: 3 face wash remaining,scarcity,scarcity,en,p,promo,[TAG=p] [ROLE=promo] HamroBazar Chitwan warehouse: 3 face wash remaining,scarcity:en:19,synthetic_v1,0,0,0,0,1,0,0,0
Salesberry तनहुँ गोदाम: 4 ल्यापटप ब्याग बाँकी,scarcity,scarcity,ne,div,badge,[TAG=div] [ROLE=badge] Salesberry तनहुँ गोदाम: 4 ल्यापटप ब्याग बाँकी,scarcity:ne:19,synthetic_v1,0,0,0,0,1,0,0,0
लखनऊ में केवल 9 कमरे बचे,scarcity,scarcity,hi,div,badge,[TAG=div] [ROLE=badge] लखनऊ में केवल 9 कमरे बचे,scarcity:hi:05,synthetic_v1,0,0,0,0,1,0,0,0
कम स्टॉक: फोन कवर की केवल 10 इकाई,scarcity,scarcity,hi,span,stock,[TAG=span] [ROLE=stock] कम स्टॉक: फोन कवर की केवल 10 इकाई,scarcity:hi:03,synthetic_v1,0,0,0,0,1,0,0,0
Only 7 protein powder left at Lenskart,scarcity,scarcity,en,p,promo,[TAG=p] [ROLE=promo] Only 7 protein powder left at Lenskart,scarcity:en:15,synthetic_v1,0,0,0,0,1,0,0,0
Gyapu: 2 units left for Lalitpur,scarcity,scarcity,en,div,badge,[TAG=div] [ROLE=badge] Gyapu: 2 units left for Lalitpur,scarcity:en:16,synthetic_v1,0,0,0,0,1,0,0,0
Lenskart मा राइस कुकर को 20% स्टक बिक्री भइसक्यो,scarcity,scarcity,ne,div,badge,[TAG=div] [ROLE=badge] Lenskart मा राइस कुकर को 20% स्टक बिक्री भइसक्यो,scarcity:ne:18,synthetic_v1,0,0,0,0,1,0,0,0
"आज 14,860 लोगों ने खरीदा, स्टॉक कम",scarcity|social_proof,scarcity,hi,span,stock,"[TAG=span] [ROLE=stock] आज 14,860 लोगों ने खरीदा, स्टॉक कम",scarcity:hi:07,synthetic_v1,0,0,0,0,1,0,1,0
"छिटो गर्नुहोस्, इटहरी गोदाममा 10 डेनिम जिन्स बाँकी",scarcity,scarcity,ne,span,stock,"[TAG=span] [ROLE=stock] छिटो गर्नुहोस्, इटहरी गोदाममा 10 डेनिम जिन्स बाँकी",scarcity:ne:13,synthetic_v1,0,0,0,0,1,0,0,0
अभी 10 कार्ट में है,scarcity,scarcity,hi,span,stock,[TAG=span] [ROLE=stock] अभी 10 कार्ट में है,scarcity:hi:11,synthetic_v1,0,0,0,0,1,0,0,0
अन्तिम 7 थान उपलब्ध,scarcity,scarcity,ne,div,badge,[TAG=div] [ROLE=badge] अन्तिम 7 थान उपलब्ध,scarcity:ne:04,synthetic_v1,0,0,0,0,1,0,0,0
अहमदाबाद में केवल 10 कमरे बचे,scarcity,scarcity,hi,p,promo,[TAG=p] [ROLE=promo] अहमदाबाद में केवल 10 कमरे बचे,scarcity:hi:05,synthetic_v1,0,0,0,0,1,0,0,0
कम स्टॉक: नॉइज़ कैंसलिंग हेडफोन की केवल 9 इकाई,scarcity,scarcity,hi,div,badge,[TAG=div] [ROLE=badge] कम स्टॉक: नॉइज़ कैंसलिंग हेडफोन की केवल 9 इकाई,scarcity:hi:03,synthetic_v1,0,0,0,0,1,0,0,0
Gyapu मा 3 फेस वास मात्र बाँकी,scarcity,scarcity,ne,span,stock,[TAG=span] [ROLE=stock] Gyapu मा 3 फेस वास मात्र बाँकी,scarcity:ne:15,synthetic_v1,0,0,0,0,1,0,0,0
"आज 5,872 जनाले किन्नुभयो, स्टक सकिँदै",scarcity|social_proof,scarcity,ne,span,stock,"[TAG=span] [ROLE=stock] आज 5,872 जनाले किन्नुभयो, स्टक सकिँदै",scarcity:ne:07,synthetic_v1,0,0,0,0,1,0,1,0
Only 12 rooms left in Kathmandu,scarcity,scarcity,en,div,badge,[TAG=div] [ROLE=badge] Only 12 rooms left in Kathmandu,scarcity:en:05,synthetic_v1,0,0,0,0,1,0,0,0
Only 12 rice cooker remaining at this price,scarcity,scarcity,en,div,badge,[TAG=div] [ROLE=badge] Only 12 rice cooker remaining at this price,scarcity:en:01,synthetic_v1,0,0,0,0,1,0,0,0
Zepto भक्तपुर गोदाम: 12 हिउँदको ब्ल्याङ्केट बाँकी,scarcity,scarcity,ne,span,stock,[TAG=span] [ROLE=stock] Zepto भक्तपुर गोदाम: 12 हिउँदको ब्ल्याङ्केट बाँकी,scarcity:ne:19,synthetic_v1,0,0,0,0,1,0,0,0
लगभग बिक चुका — 25% बुक हो गया,scarcity,scarcity,hi,p,promo,[TAG=p] [ROLE=promo] लगभग बिक चुका — 25% बुक हो गया,scarcity:hi:02,synthetic_v1,0,0,0,0,1,0,0,0
Kinbech: जयपुर के लिए 1 इकाई बचीं,scarcity,scarcity,hi,p,promo,[TAG=p] [ROLE=promo] Kinbech: जयपुर के लिए 1 इकाई बचीं,scarcity:hi:16,synthetic_v1,0,0,0,0,1,0,0,0
"Last 3 electric kettle at Rs. 2,999",scarcity,scarcity,en,span,stock,"[TAG=span] [ROLE=stock] Last 3 electric kettle at Rs. 2,999",scarcity:en:17,synthetic_v1,0,0,0,0,1,0,0,0
"छिटो गर्नुहोस्, जनकपुर गोदाममा 7 ब्लुटुथ स्पिकर बाँकी",scarcity,scarcity,ne,div,badge,"[TAG=div] [ROLE=badge] छिटो गर्नुहोस्, जनकपुर गोदाममा 7 ब्लुटुथ स्पिकर बाँकी",scarcity:ne:13,synthetic_v1,0,0,0,0,1,0,0,0
स्टक अलर्ट: 10 भन्दा कम बाँकी,scarcity,scarcity,ne,p,promo,[TAG=p] [ROLE=promo] स्टक अलर्ट: 10 भन्दा कम बाँकी,scarcity:ne:14,synthetic_v1,0,0,0,0,1,0,0,0
नेपालगन्ज मा 12 कोठा मात्र बाँकी,scarcity,scarcity,ne,span,stock,[TAG=span] [ROLE=stock] नेपालगन्ज मा 12 कोठा मात्र बाँकी,scarcity:ne:05,synthetic_v1,0,0,0,0,1,0,0,0
इस दाम पर केवल 8 एयर फ्रायर उपलब्ध,scarcity,scarcity,hi,div,badge,[TAG=div] [ROLE=badge] इस दाम पर केवल 8 एयर फ्रायर उपलब्ध,scarcity:hi:01,synthetic_v1,0,0,0,0,1,0,0,0
"455 people bought this today, stock running out",scarcity|social_proof,scarcity,en,span,stock,"[TAG=span] [ROLE=stock] 455 people bought this today, stock running out",scarcity:en:07,synthetic_v1,0,0,0,0,1,0,1,0
Thulo धरान गोदाम: 4 ट्रेकिङ ज्याकेट बाँकी,scarcity,scarcity,ne,p,promo,[TAG=p] [ROLE=promo] Thulo धरान गोदाम: 4 ट्रेकिङ ज्याकेट बाँकी,scarcity:ne:19,synthetic_v1,0,0,0,0,1,0,0,0
SastoDeal मा फेस वास को 25% स्टक बिक्री भइसक्यो,scarcity,scarcity,ne,div,badge,[TAG=div] [ROLE=badge] SastoDeal मा फेस वास को 25% स्टक बिक्री भइसक्यो,scarcity:ne:18,synthetic_v1,0,0,0,0,1,0,0,0
Only 3 rooms left in Hyderabad,scarcity,scarcity,en,span,stock,[TAG=span] [ROLE=stock] Only 3 rooms left in Hyderabad,scarcity:en:05,synthetic_v1,0,0,0,0,1,0,0,0
अन्तिम 6 थान उपलब्ध,scarcity,scarcity,ne,span,stock,[TAG=span] [ROLE=stock] अन्तिम 6 थान उपलब्ध,scarcity:ne:04,synthetic_v1,0,0,0,0,1,0,0,0
कम स्टॉक: डेनिम जींस की केवल 8 इकाई,scarcity,scarcity,hi,p,promo,[TAG=p] [ROLE=promo] कम स्टॉक: डेनिम जींस की केवल 8 इकाई,scarcity:hi:03,synthetic_v1,0,0,0,0,1,0,0,0
केवल 2 बचे — 60% छूट जल्द खत्म,scarcity|false_urgency,scarcity,hi,p,promo,[TAG=p] [ROLE=promo] केवल 2 बचे — 60% छूट जल्द खत्म,scarcity:hi:12,synthetic_v1,0,1,0,0,1,0,0,0
केवल 1 बचे — 5% छूट जल्द खत्म,scarcity|false_urgency,scarcity,hi,span,stock,[TAG=span] [ROLE=stock] केवल 1 बचे — 5% छूट जल्द खत्म,scarcity:hi:12,synthetic_v1,0,1,0,0,1,0,0,0
Meesho: बेंगलुरु के लिए 1 इकाई बचीं,scarcity,scarcity,hi,p,promo,[TAG=p] [ROLE=promo] Meesho: बेंगलुरु के लिए 1 इकाई बचीं,scarcity:hi:16,synthetic_v1,0,0,0,0,1,0,0,0
"Hurry, 8 denim jeans left in Chitwan warehouse",scarcity,scarcity,en,p,promo,"[TAG=p] [ROLE=promo] Hurry, 8 denim jeans left in Chitwan warehouse",scarcity:en:13,synthetic_v1,0,0,0,0,1,0,0,0
"Hurry, 9 wireless earbuds left in Jaipur warehouse",scarcity,scarcity,en,p,promo,"[TAG=p] [ROLE=promo] Hurry, 9 wireless earbuds left in Jaipur warehouse",scarcity:en:13,synthetic_v1,0,0,0,0,1,0,0,0
20% of study lamp stock already sold at Croma,scarcity,scarcity,en,div,badge,[TAG=div] [ROLE=badge] 20% of study lamp stock already sold at Croma,scarcity:en:18,synthetic_v1,0,0,0,0,1,0,0,0
Only 4 left at Rs. 599,scarcity,scarcity,en,span,stock,[TAG=span] [ROLE=stock] Only 4 left at Rs. 599,scarcity:en:10,synthetic_v1,0,0,0,0,1,0,0,0
Gyapu ललितपुर गोदाम: 5 नोइज क्यान्सलिङ हेडफोन बाँकी,scarcity,scarcity,ne,div,badge,[TAG=div] [ROLE=badge] Gyapu ललितपुर गोदाम: 5 नोइज क्यान्सलिङ हेडफोन बाँकी,scarcity:ne:19,synthetic_v1,0,0,0,0,1,0,0,0
"जल्दी करें, नागपुर गोदाम में 4 फोन कवर बचे",scarcity,scarcity,hi,div,badge,"[TAG=div] [ROLE=badge] जल्दी करें, नागपुर गोदाम में 4 फोन कवर बचे",scarcity:hi:13,synthetic_v1,0,0,0,0,1,0,0,0
"रु. 2,499 मा 8 मात्र बाँकी",scarcity,scarcity,ne,span,stock,"[TAG=span] [ROLE=stock] रु. 2,499 मा 8 मात्र बाँकी",scarcity:ne:10,synthetic_v1,0,0,0,0,1,0,0,0
"48 people bought this today, stock running out",scarcity|social_proof,scarcity,en,p,promo,"[TAG=p] [ROLE=promo] 48 people bought this today, stock running out",scarcity:en:07,synthetic_v1,0,0,0,0,1,0,1,0
"आज 4,265 लोगों ने खरीदा, स्टॉक कम",scarcity|social_proof,scarcity,hi,span,stock,"[TAG=span] [ROLE=stock] आज 4,265 लोगों ने खरीदा, स्टॉक कम",scarcity:hi:07,synthetic_v1,0,0,0,0,1,0,1,0
Lenskart मा 9 घामको चस्मा मात्र बाँकी,scarcity,scarcity,ne,p,promo,[TAG=p] [ROLE=promo] Lenskart मा 9 घामको चस्मा मात्र बाँकी,scarcity:ne:15,synthetic_v1,0,0,0,0,1,0,0,0
स्टक अलर्ट: 7 भन्दा कम बाँकी,scarcity,scarcity,ne,p,promo,[TAG=p] [ROLE=promo] स्टक अलर्ट: 7 भन्दा कम बाँकी,scarcity:ne:14,synthetic_v1,0,0,0,0,1,0,0,0
"Hurry, 10 coffee maker left in Bhaktapur warehouse",scarcity,scarcity,en,span,stock,"[TAG=span] [ROLE=stock] Hurry, 10 coffee maker left in Bhaktapur warehouse",scarcity:en:13,synthetic_v1,0,0,0,0,1,0,0,0
25% of office chair stock already sold at Reliance Digital,scarcity,scarcity,en,p,promo,[TAG=p] [ROLE=promo] 25% of office chair stock already sold at Reliance Digital,scarcity:en:18,synthetic_v1,0,0,0,0,1,0,0,0
3 मात्र बाँकी — 5% छुट चाँडै सकिन्छ,scarcity|false_urgency,scarcity,ne,div,badge,[TAG=div] [ROLE=badge] 3 मात्र बाँकी — 5% छुट चाँडै सकिन्छ,scarcity:ne:12,synthetic_v1,0,1,0,0,1,0,0,0
Pepperfry रांची गोदाम: 2 पावर बैंक शेष,scarcity,scarcity,hi,p,promo,[TAG=p] [ROLE=promo] Pepperfry रांची गोदाम: 2 पावर बैंक शेष,scarcity:hi:19,synthetic_v1,0,0,0,0,1,0,0,0
अभी 7 कार्ट में है,scarcity,scarcity,hi,span,stock,[TAG=span] [ROLE=stock] अभी 7 कार्ट में है,scarcity:hi:11,synthetic_v1,0,0,0,0,1,0,0,0
कम स्टक: इन्डक्सन चुल्हो को 10 थान मात्र,scarcity,scarcity,ne,span,stock,[TAG=span] [ROLE=stock] कम स्टक: इन्डक्सन चुल्हो को 10 थान मात्र,scarcity:ne:03,synthetic_v1,0,0,0,0,1,0,0,0
कम स्टक: फेस वास को 5 थान मात्र,scarcity,scarcity,ne,p,promo,[TAG=p] [ROLE=promo] कम स्टक: फेस वास को 5 थान मात्र,scarcity:ne:03,synthetic_v1,0,0,0,0,1,0,0,0
वीरगन्ज मा 1 कोठा मात्र बाँकी,scarcity,scarcity,ne,div,badge,[TAG=div] [ROLE=badge] वीरगन्ज मा 1 कोठा मात्र बाँकी,scarcity:ne:05,synthetic_v1,0,0,0,0,1,0,0,0
Last 1 bluetooth speaker at Rs. 199,scarcity,scarcity,en,span,stock,[TAG=span] [ROLE=stock] Last 1 bluetooth speaker at Rs. 199,scarcity:en:17,synthetic_v1,0,0,0,0,1,0,0,0
Meesho: 10 units left for Patna,scarcity,scarcity,en,span,stock,[TAG=span] [ROLE=stock] Meesho: 10 units left for Patna,scarcity:en:16,synthetic_v1,0,0,0,0,1,0,0,0
BigBasket पर केवल 1 योगा मैट बचे,scarcity,scarcity,hi,div,badge,[TAG=div] [ROLE=badge] BigBasket पर केवल 1 योगा मैट बचे,scarcity:hi:15,synthetic_v1,0,0,0,0,1,0,0,0
Nykaa पर केवल 2 बैकपैक बचे,scarcity,scarcity,hi,p,promo,[TAG=p] [ROLE=promo] Nykaa पर केवल 2 बैकपैक बचे,scarcity:hi:15,synthetic_v1,0,0,0,0,1,0,0,0
"आज 634 जनाले किन्नुभयो, स्टक सकिँदै",scarcity|social_proof,scarcity,ne,div,badge,"[TAG=div] [ROLE=badge] आज 634 जनाले किन्नुभयो, स्टक सकिँदै",scarcity:ne:07,synthetic_v1,0,0,0,0,1,0,1,0
In 10 carts right now,scarcity,scarcity,en,span,stock,[TAG=span] [ROLE=stock] In 10 carts right now,scarcity:en:11,synthetic_v1,0,0,0,0,1,0,0,0
"रु. 2,499 पर आख़िरी 6 ऑफिस चेयर",scarcity,scarcity,hi,p,promo,"[TAG=p] [ROLE=promo] रु. 2,499 पर आख़िरी 6 ऑफिस चेयर",scarcity:hi:17,synthetic_v1,0,0,0,0,1,0,0,0
रु. 799 मा 12 मात्र बाँकी,scarcity,scarcity,ne,p,promo,[TAG=p] [ROLE=promo] रु. 799 मा 12 मात्र बाँकी,scarcity:ne:10,synthetic_v1,0,0,0,0,1,0,0,0
"जल्दी करें, वाराणसी गोदाम में 6 राइस कुकर बचे",scarcity,scarcity,hi,div,badge,"[TAG=div] [ROLE=badge] जल्दी करें, वाराणसी गोदाम में 6 राइस कुकर बचे",scarcity:hi:13,synthetic_v1,0,0,0,0,1,0,0,0
Pepperfry पर ट्रेकिंग जैकेट का 80% स्टॉक बिक चुका,scarcity,scarcity,hi,span,stock,[TAG=span] [ROLE=stock] Pepperfry पर ट्रेकिंग जैकेट का 80% स्टॉक बिक चुका,scarcity:hi:18,synthetic_v1,0,0,0,0,1,0,0,0
यो मूल्यमा 1 कटन कुर्ता मात्र उपलब्ध,scarcity,scarcity,ne,div,badge,[TAG=div] [ROLE=badge] यो मूल्यमा 1 कटन कुर्ता मात्र उपलब्ध,scarcity:ne:01,synthetic_v1,0,0,0,0,1,0,0,0
रु. 199 मा 4 मात्र बाँकी,scarcity,scarcity,ne,div,badge,[TAG=div] [ROLE=badge] रु. 199 मा 4 मात्र बाँकी,scarcity:ne:10,synthetic_v1,0,0,0,0,1,0,0,0
यो मूल्यमा 1 प्रोटिन पाउडर मात्र उपलब्ध,scarcity,scarcity,ne,div,badge,[TAG=div] [ROLE=badge] यो मूल्यमा 1 प्रोटिन पाउडर मात्र उपलब्ध,scarcity:ne:01,synthetic_v1,0,0,0,0,1,0,0,0
Low stock: only 7 units of office chair,scarcity,scarcity,en,div,badge,[TAG=div] [ROLE=badge] Low stock: only 7 units of office chair,scarcity:en:03,synthetic_v1,0,0,0,0,1,0,0,0
यो मूल्यमा 2 राइस कुकर मात्र उपलब्ध,scarcity,scarcity,ne,p,promo,[TAG=p] [ROLE=promo] यो मूल्यमा 2 राइस कुकर मात्र उपलब्ध,scarcity:ne:01,synthetic_v1,0,0,0,0,1,0,0,0
Nykaa आगरा गोदाम: 8 नॉइज़ कैंसलिंग हेडफोन शेष,scarcity,scarcity,hi,p,promo,[TAG=p] [ROLE=promo] Nykaa आगरा गोदाम: 8 नॉइज़ कैंसलिंग हेडफोन शेष,scarcity:hi:19,synthetic_v1,0,0,0,0,1,0,0,0
"21,507 people bought this today, stock running out",scarcity|social_proof,scarcity,en,p,promo,"[TAG=p] [ROLE=promo] 21,507 people bought this today, stock running out",scarcity:en:07,synthetic_v1,0,0,0,0,1,0,1,0
In 12 carts right now,scarcity,scarcity,en,span,stock,[TAG=span] [ROLE=stock] In 12 carts right now,scarcity:en:11,synthetic_v1,0,0,0,0,1,0,0,0
Last 4 sunglasses at Rs. 899,scarcity,scarcity,en,span,stock,[TAG=span] [ROLE=stock] Last 4 sunglasses at Rs. 899,scarcity:en:17,synthetic_v1,0,0,0,0,1,0,0,0
Reliance Digital Chitwan warehouse: 3 protein powder remaining,scarcity,scarcity,en,p,promo,[TAG=p] [ROLE=promo] Reliance Digital Chitwan warehouse: 3 protein powder remaining,scarcity:en:19,synthetic_v1,0,0,0,0,1,0,0,0
रु. 999 मा अन्तिम 8 पानीको बोतल,scarcity,scarcity,ne,span,stock,[TAG=span] [ROLE=stock] रु. 999 मा अन्तिम 8 पानीको बोतल,scarcity:ne:17,synthetic_v1,0,0,0,0,1,0,0,0
In 7 carts right now,scarcity,scarcity,en,span,stock,[TAG=span] [ROLE=stock] In 7 carts right now,scarcity:en:11,synthetic_v1,0,0,0,0,1,0,0,0
10 मात्र बाँकी — 15% छुट चाँडै सकिन्छ,scarcity|false_urgency,scarcity,ne,p,promo,[TAG=p] [ROLE=promo] 10 मात्र बाँकी — 15% छुट चाँडै सकिन्छ,scarcity:ne:12,synthetic_v1,0,1,0,0,1,0,0,0
Kinbech पर केवल 6 स्मार्टवॉच बचे,scarcity,scarcity,hi,p,promo,[TAG=p] [ROLE=promo] Kinbech पर केवल 6 स्मार्टवॉच बचे,scarcity:hi:15,synthetic_v1,0,0,0,0,1,0,0,0
रु. 499 मा 4 मात्र बाँकी,scarcity,scarcity,ne,p,promo,[TAG=p] [ROLE=promo] रु. 499 मा 4 मात्र बाँकी,scarcity:ne:10,synthetic_v1,0,0,0,0,1,0,0,0
Myntra मा 4 स्कुल ब्याग मात्र बाँकी,scarcity,scarcity,ne,span,stock,[TAG=span] [ROLE=stock] Myntra मा 4 स्कुल ब्याग मात्र बाँकी,scarcity:ne:15,synthetic_v1,0,0,0,0,1,0,0,0
"आज 3,109 जनाले किन्नुभयो, स्टक सकिँदै",scarcity|social_proof,scarcity,ne,div,badge,"[TAG=div] [ROLE=badge] आज 3,109 जनाले किन्नुभयो, स्टक सकिँदै",scarcity:ne:07,synthetic_v1,0,0,0,0,1,0,1,0
अभी 12 कार्ट में है,scarcity,scarcity,hi,div,badge,[TAG=div] [ROLE=badge] अभी 12 कार्ट में है,scarcity:hi:11,synthetic_v1,0,0,0,0,1,0,0,0
हेटौंडा मा 2 कोठा मात्र बाँकी,scarcity,scarcity,ne,span,stock,[TAG=span] [ROLE=stock] हेटौंडा मा 2 कोठा मात्र बाँकी,scarcity:ne:05,synthetic_v1,0,0,0,0,1,0,0,0
"Hurry, 10 school bag left in Pokhara warehouse",scarcity,scarcity,en,p,promo,"[TAG=p] [ROLE=promo] Hurry, 10 school bag left in Pokhara warehouse",scarcity:en:13,synthetic_v1,0,0,0,0,1,0,0,0
"आज 112 लोगों ने खरीदा, स्टॉक कम",scarcity|social_proof,scarcity,hi,div,badge,"[TAG=div] [ROLE=badge] आज 112 लोगों ने खरीदा, स्टॉक कम",scarcity:hi:07,synthetic_v1,0,0,0,0,1,0,1,0
"Selling fast, 3 left",scarcity,scarcity,en,span,stock,"[TAG=span] [ROLE=stock] Selling fast, 3 left",scarcity:en:08,synthetic_v1,0,0,0,0,1,0,0,0
रु. 899 पर केवल 7 बचे,scarcity,scarcity,hi,span,stock,[TAG=span] [ROLE=stock] रु. 899 पर केवल 7 बचे,scarcity:hi:10,synthetic_v1,0,0,0,0,1,0,0,0
रु. 449 पर केवल 3 बचे,scarcity,scarcity,hi,span,stock,[TAG=span] [ROLE=stock] रु. 449 पर केवल 3 बचे,scarcity:hi:10,synthetic_v1,0,0,0,0,1,0,0,0
Last 2 coffee maker at Rs. 899,scarcity,scarcity,en,span,stock,[TAG=span] [ROLE=stock] Last 2 coffee maker at Rs. 899,scarcity:en:17,synthetic_v1,0,0,0,0,1,0,0,0
Low stock: only 6 units of denim jeans,scarcity,scarcity,en,p,promo,[TAG=p] [ROLE=promo] Low stock: only 6 units of denim jeans,scarcity:en:03,synthetic_v1,0,0,0,0,1,0,0,0
सीमित संस्करण योगा म्याट — स्टक रहेसम्म,scarcity,scarcity,ne,div,badge,[TAG=div] [ROLE=badge] सीमित संस्करण योगा म्याट — स्टक रहेसम्म,scarcity:ne:09,synthetic_v1,0,0,0,0,1,0,0,0
Amazon मा 8 स्कुल ब्याग मात्र बाँकी,scarcity,scarcity,ne,span,stock,[TAG=span] [ROLE=stock] Amazon मा 8 स्कुल ब्याग मात्र बाँकी,scarcity:ne:15,synthetic_v1,0,0,0,0,1,0,0,0
रु. 399 मा 5 मात्र बाँकी,scarcity,scarcity,ne,p,promo,[TAG=p] [ROLE=promo] रु. 399 मा 5 मात्र बाँकी,scarcity:ne:10,synthetic_v1,0,0,0,0,1,0,0,0
गोरखा मा 4 कोठा मात्र बाँकी,scarcity,scarcity,ne,p,promo,[TAG=p] [ROLE=promo] गोरखा मा 4 कोठा मात्र बाँकी,scarcity:ne:05,synthetic_v1,0,0,0,0,1,0,0,0
इस दाम पर केवल 8 डेनिम जींस उपलब्ध,scarcity,scarcity,hi,p,promo,[TAG=p] [ROLE=promo] इस दाम पर केवल 8 डेनिम जींस उपलब्ध,scarcity:hi:01,synthetic_v1,0,0,0,0,1,0,0,0
"203 people bought this today, stock running out",scarcity|social_proof,scarcity,en,p,promo,"[TAG=p] [ROLE=promo] 203 people bought this today, stock running out",scarcity:en:07,synthetic_v1,0,0,0,0,1,0,1,0
High demand — limited units of noise cancelling headphones,scarcity,scarcity,en,div,badge,[TAG=div] [ROLE=badge] High demand — limited units of noise cancelling headphones,scarcity:en:06,synthetic_v1,0,0,0,0,1,0,0,0
"छिटो बिक्री हुँदैछ, 10 बाँकी",scarcity,scarcity,ne,p,promo,"[TAG=p] [ROLE=promo] छिटो बिक्री हुँदैछ, 10 बाँकी",scarcity:ne:08,synthetic_v1,0,0,0,0,1,0,0,0
स्टक अलर्ट: 5 भन्दा कम बाँकी,scarcity,scarcity,ne,p,promo,[TAG=p] [ROLE=promo] स्टक अलर्ट: 5 भन्दा कम बाँकी,scarcity:ne:14,synthetic_v1,0,0,0,0,1,0,0,0
"रु. 1,999 मा अन्तिम 9 वायरलेस इयरबड्स",scarcity,scarcity,ne,span,stock,"[TAG=span] [ROLE=stock] रु. 1,999 मा अन्तिम 9 वायरलेस इयरबड्स",scarcity:ne:17,synthetic_v1,0,0,0,0,1,0,0,0
Only 5 face wash left at HamroBazar,scarcity,scarcity,en,p,promo,[TAG=p] [ROLE=promo] Only 5 face wash left at HamroBazar,scarcity:en:15,synthetic_v1,0,0,0,0,1,0,0,0
Last 6 pieces available,scarcity,scarcity,en,p,promo,[TAG=p] [ROLE=promo] Last 6 pieces available,scarcity:en:04,synthetic_v1,0,0,0,0,1,0,0,0
"रु. 2,999 पर केवल 4 बचे",scarcity,scarcity,hi,div,badge,"[TAG=div] [ROLE=badge] रु. 2,999 पर केवल 4 बचे",scarcity:hi:10,synthetic_v1,0,0,0,0,1,0,0,0
कम स्टॉक: इंडक्शन चूल्हा की केवल 9 इकाई,scarcity,scarcity,hi,div,badge,[TAG=div] [ROLE=badge] कम स्टॉक: इंडक्शन चूल्हा की केवल 9 इकाई,scarcity:hi:03,synthetic_v1,0,0,0,0,1,0,0,0
Ajio: 10 units left for Indore,scarcity,scarcity,en,span,stock,[TAG=span] [ROLE=stock] Ajio: 10 units left for Indore,scarcity:en:16,synthetic_v1,0,0,0,0,1,0,0,0
कम स्टॉक: बैकपैक की केवल 6 इकाई,scarcity,scarcity,hi,span,stock,[TAG=span] [ROLE=stock] कम स्टॉक: बैकपैक की केवल 6 इकाई,scarcity:hi:03,synthetic_v1,0,0,0,0,1,0,0,0
"आज 186 लोगों ने खरीदा, स्टॉक कम",scarcity|social_proof,scarcity,hi,div,badge,"[TAG=div] [ROLE=badge] आज 186 लोगों ने खरीदा, स्टॉक कम",scarcity:hi:07,synthetic_v1,0,0,0,0,1,0,1,0
Tata Cliq Lucknow warehouse: 10 protein powder remaining,scarcity,scarcity,en,p,promo,[TAG=p] [ROLE=promo] Tata Cliq Lucknow warehouse: 10 protein powder remaining,scarcity:en:19,synthetic_v1,0,0,0,0,1,0,0,0
Only 7 left at Rs. 299,scarcity,scarcity,en,span,stock,[TAG=span] [ROLE=stock] Only 7 left at Rs. 299,scarcity:en:10,synthetic_v1,0,0,0,0,1,0,0,0
रु. 249 पर आख़िरी 7 डेनिम जींस,scarcity,scarcity,hi,p,promo,[TAG=p] [ROLE=promo] रु. 249 पर आख़िरी 7 डेनिम जींस,scarcity:hi:17,synthetic_v1,0,0,0,0,1,0,0,0
In 8 carts right now,scarcity,scarcity,en,p,promo,[TAG=p] [ROLE=promo] In 8 carts right now,scarcity:en:11,synthetic_v1,0,0,0,0,1,0,0,0
3 मात्र बाँकी — 25% छुट चाँडै सकिन्छ,scarcity|false_urgency,scarcity,ne,div,badge,[TAG=div] [ROLE=badge] 3 मात्र बाँकी — 25% छुट चाँडै सकिन्छ,scarcity:ne:12,synthetic_v1,0,1,0,0,1,0,0,0
वाराणसी में केवल 9 कमरे बचे,scarcity,scarcity,hi,p,promo,[TAG=p] [ROLE=promo] वाराणसी में केवल 9 कमरे बचे,scarcity:hi:05,synthetic_v1,0,0,0,0,1,0,0,0
यो मूल्यमा 10 योगा म्याट मात्र उपलब्ध,scarcity,scarcity,ne,div,badge,[TAG=div] [ROLE=badge] यो मूल्यमा 10 योगा म्याट मात्र उपलब्ध,scarcity:ne:01,synthetic_v1,0,0,0,0,1,0,0,0
यो मूल्यमा 12 एयर फ्रायर मात्र उपलब्ध,scarcity,scarcity,ne,span,stock,[TAG=span] [ROLE=stock] यो मूल्यमा 12 एयर फ्रायर मात्र उपलब्ध,scarcity:ne:01,synthetic_v1,0,0,0,0,1,0,0,0
9 मात्र बाँकी — 25% छुट चाँडै सकिन्छ,scarcity|false_urgency,scarcity,ne,span,stock,[TAG=span] [ROLE=stock] 9 मात्र बाँकी — 25% छुट चाँडै सकिन्छ,scarcity:ne:12,synthetic_v1,0,1,0,0,1,0,0,0
3 मात्र बाँकी — 15% छुट चाँडै सकिन्छ,scarcity|false_urgency,scarcity,ne,div,badge,[TAG=div] [ROLE=badge] 3 मात्र बाँकी — 15% छुट चाँडै सकिन्छ,scarcity:ne:12,synthetic_v1,0,1,0,0,1,0,0,0
"आज 84 लोगों ने खरीदा, स्टॉक कम",scarcity|social_proof,scarcity,hi,span,stock,"[TAG=span] [ROLE=stock] आज 84 लोगों ने खरीदा, स्टॉक कम",scarcity:hi:07,synthetic_v1,0,0,0,0,1,0,1,0
Daraz मा डेनिम जिन्स को 25% स्टक बिक्री भइसक्यो,scarcity,scarcity,ne,div,badge,[TAG=div] [ROLE=badge] Daraz मा डेनिम जिन्स को 25% स्टक बिक्री भइसक्यो,scarcity:ne:18,synthetic_v1,0,0,0,0,1,0,0,0
भोपाल में केवल 9 कमरे बचे,scarcity,scarcity,hi,p,promo,[TAG=p] [ROLE=promo] भोपाल में केवल 9 कमरे बचे,scarcity:hi:05,synthetic_v1,0,0,0,0,1,0,0,0
"छिटो गर्नुहोस्, सुर्खेत गोदाममा 1 फेस वास बाँकी",scarcity,scarcity,ne,span,stock,"[TAG=span] [ROLE=stock] छिटो गर्नुहोस्, सुर्खेत गोदाममा 1 फेस वास बाँकी",scarcity:ne:13,synthetic_v1,0,0,0,0,1,0,0,0
Low stock: only 6 units of yoga mat,scarcity,scarcity,en,div,badge,[TAG=div] [ROLE=badge] Low stock: only 6 units of yoga mat,scarcity:en:03,synthetic_v1,0,0,0,0,1,0,0,0
रु. 49 मा अन्तिम 10 रनिङ जुत्ता,scarcity,scarcity,ne,p,promo,[TAG=p] [ROLE=promo] रु. 49 मा अन्तिम 10 रनिङ जुत्ता,scarcity:ne:17,synthetic_v1,0,0,0,0,1,0,0,0
"1,502 people bought this today, stock running out",scarcity|social_proof,scarcity,en,p,promo,"[TAG=p] [ROLE=promo] 1,502 people bought this today, stock running out",scarcity:en:07,synthetic_v1,0,0,0,0,1,0,1,0
रु. 99 पर केवल 4 बचे,scarcity,scarcity,hi,span,stock,[TAG=span] [ROLE=stock] रु. 99 पर केवल 4 बचे,scarcity:hi:10,synthetic_v1,0,0,0,0,1,0,0,0
रु. 199 मा अन्तिम 5 प्रोटिन पाउडर,scarcity,scarcity,ne,span,stock,[TAG=span] [ROLE=stock] रु. 199 मा अन्तिम 5 प्रोटिन पाउडर,scarcity:ne:17,synthetic_v1,0,0,0,0,1,0,0,0
इस दाम पर केवल 8 रनिंग शूज़ उपलब्ध,scarcity,scarcity,hi,p,promo,[TAG=p] [ROLE=promo] इस दाम पर केवल 8 रनिंग शूज़ उपलब्ध,scarcity:hi:01,synthetic_v1,0,0,0,0,1,0,0,0
"288 people bought this today, stock running out",scarcity|social_proof,scarcity,en,div,badge,"[TAG=div] [ROLE=badge] 288 people bought this today, stock running out",scarcity:en:07,synthetic_v1,0,0,0,0,1,0,1,0
Reliance Digital: नेपालगन्ज का लागि 10 थान बाँकी,scarcity,scarcity,ne,div,badge,[TAG=div] [ROLE=badge] Reliance Digital: नेपालगन्ज का लागि 10 थान बाँकी,scarcity:ne:16,synthetic_v1,0,0,0,0,1,0,0,0
Only 10 rooms left in Dharan,scarcity,scarcity,en,p,promo,[TAG=p] [ROLE=promo] Only 10 rooms left in Dharan,scarcity:en:05,synthetic_v1,0,0,0,0,1,0,0,0
गोरखा मा 9 कोठा मात्र बाँकी,scarcity,scarcity,ne,p,promo,[TAG=p] [ROLE=promo] गोरखा मा 9 कोठा मात्र बाँकी,scarcity:ne:05,synthetic_v1,0,0,0,0,1,0,0,0
In 6 carts right now,scarcity,scarcity,en,span,stock,[TAG=span] [ROLE=stock] In 6 carts right now,scarcity:en:11,synthetic_v1,0,0,0,0,1,0,0,0
"आज 203 लोगों ने खरीदा, स्टॉक कम",scarcity|social_proof,scarcity,hi,span,stock,"[TAG=span] [ROLE=stock] आज 203 लोगों ने खरीदा, स्टॉक कम",scarcity:hi:07,synthetic_v1,0,0,0,0,1,0,1,0
कम स्टक: राइस कुकर को 9 थान मात्र,scarcity,scarcity,ne,span,stock,[TAG=span] [ROLE=stock] कम स्टक: राइस कुकर को 9 थान मात्र,scarcity:ne:03,synthetic_v1,0,0,0,0,1,0,0,0
Myntra दमक गोदाम: 12 कफी मेकर बाँकी,scarcity,scarcity,ne,span,stock,[TAG=span] [ROLE=stock] Myntra दमक गोदाम: 12 कफी मेकर बाँकी,scarcity:ne:19,synthetic_v1,0,0,0,0,1,0,0,0
रु. 899 मा 5 मात्र बाँकी,scarcity,scarcity,ne,span,stock,[TAG=span] [ROLE=stock] रु. 899 मा 5 मात्र बाँकी,scarcity:ne:10,synthetic_v1,0,0,0,0,1,0,0,0
Gyapu पर केवल 5 नॉइज़ कैंसलिंग हेडफोन बचे,scarcity,scarcity,hi,div,badge,[TAG=div] [ROLE=badge] Gyapu पर केवल 5 नॉइज़ कैंसलिंग हेडफोन बचे,scarcity:hi:15,synthetic_v1,0,0,0,0,1,0,0,0
रु. 299 मा 7 मात्र बाँकी,scarcity,scarcity,ne,p,promo,[TAG=p] [ROLE=promo] रु. 299 मा 7 मात्र बाँकी,scarcity:ne:10,synthetic_v1,0,0,0,0,1,0,0,0
Last 3 sports sandals at Rs. 199,scarcity,scarcity,en,p,promo,[TAG=p] [ROLE=promo] Last 3 sports sandals at Rs. 199,scarcity:en:17,synthetic_v1,0,0,0,0,1,0,0,0
रु. 599 पर आख़िरी 2 ऑफिस चेयर,scarcity,scarcity,hi,div,badge,[TAG=div] [ROLE=badge] रु. 599 पर आख़िरी 2 ऑफिस चेयर,scarcity:hi:17,synthetic_v1,0,0,0,0,1,0,0,0
बाँके मा 4 कोठा मात्र बाँकी,scarcity,scarcity,ne,span,stock,[TAG=span] [ROLE=stock] बाँके मा 4 कोठा मात्र बाँकी,scarcity:ne:05,synthetic_v1,0,0,0,0,1,0,0,0
धनगढी मा 1 कोठा मात्र बाँकी,scarcity,scarcity,ne,div,badge,[TAG=div] [ROLE=badge] धनगढी मा 1 कोठा मात्र बाँकी,scarcity:ne:05,synthetic_v1,0,0,0,0,1,0,0,0
HamroBazar मा 12 ट्रेकिङ ज्याकेट मात्र बाँकी,scarcity,scarcity,ne,p,promo,[TAG=p] [ROLE=promo] HamroBazar मा 12 ट्रेकिङ ज्याकेट मात्र बाँकी,scarcity:ne:15,synthetic_v1,0,0,0,0,1,0,0,0
यो मूल्यमा 10 नोइज क्यान्सलिङ हेडफोन मात्र उपलब्ध,scarcity,scarcity,ne,span,stock,[TAG=span] [ROLE=stock] यो मूल्यमा 10 नोइज क्यान्सलिङ हेडफोन मात्र उपलब्ध,scarcity:ne:01,synthetic_v1,0,0,0,0,1,0,0,0
Only 4 induction cooktop remaining at this price,scarcity,scarcity,en,p,promo,[TAG=p] [ROLE=promo] Only 4 induction cooktop remaining at this price,scarcity:en:01,synthetic_v1,0,0,0,0,1,0,0,0
Nykaa: पोखरा का लागि 4 थान बाँकी,scarcity,scarcity,ne,span,stock,[TAG=span] [ROLE=stock] Nykaa: पोखरा का लागि 4 थान बाँकी,scarcity:ne:16,synthetic_v1,0,0,0,0,1,0,0,0
Kinbech: चितवन का लागि 8 थान बाँकी,scarcity,scarcity,ne,div,badge,[TAG=div] [ROLE=badge] Kinbech: चितवन का लागि 8 थान बाँकी,scarcity:ne:16,synthetic_v1,0,0,0,0,1,0,0,0
Only 3 left — 35% off ends soon,scarcity|false_urgency,scarcity,en,span,stock,[TAG=span] [ROLE=stock] Only 3 left — 35% off ends soon,scarcity:en:12,synthetic_v1,0,1,0,0,1,0,0,0
केवल 5 बचे — 10% छूट जल्द खत्म,scarcity|false_urgency,scarcity,hi,div,badge,[TAG=div] [ROLE=badge] केवल 5 बचे — 10% छूट जल्द खत्म,scarcity:hi:12,synthetic_v1,0,1,0,0,1,0,0,0
रु. 999 मा अन्तिम 10 पानीको बोतल,scarcity,scarcity,ne,p,promo,[TAG=p] [ROLE=promo] रु. 999 मा अन्तिम 10 पानीको बोतल,scarcity:ne:17,synthetic_v1,0,0,0,0,1,0,0,0
Tata Cliq ललितपुर गोदाम: 2 स्कुल ब्याग बाँकी,scarcity,scarcity,ne,div,badge,[TAG=div] [ROLE=badge] Tata Cliq ललितपुर गोदाम: 2 स्कुल ब्याग बाँकी,scarcity:ne:19,synthetic_v1,0,0,0,0,1,0,0,0
"Hurry, 4 cotton kurta left in Hyderabad warehouse",scarcity,scarcity,en,div,badge,"[TAG=div] [ROLE=badge] Hurry, 4 cotton kurta left in Hyderabad warehouse",scarcity:en:13,synthetic_v1,0,0,0,0,1,0,0,0
Kinbech: बेंगलुरु के लिए 4 इकाई बचीं,scarcity,scarcity,hi,span,stock,[TAG=span] [ROLE=stock] Kinbech: बेंगलुरु के लिए 4 इकाई बचीं,scarcity:hi:16,synthetic_v1,0,0,0,0,1,0,0,0
कम स्टक: रनिङ जुत्ता को 12 थान मात्र,scarcity,scarcity,ne,div,badge,[TAG=div] [ROLE=badge] कम स्टक: रनिङ जुत्ता को 12 थान मात्र,scarcity:ne:03,synthetic_v1,0,0,0,0,1,0,0,0
रु. 599 मा 9 मात्र बाँकी,scarcity,scarcity,ne,span,stock,[TAG=span] [ROLE=stock] रु. 599 मा 9 मात्र बाँकी,scarcity:ne:10,synthetic_v1,0,0,0,0,1,0,0,0
"578 people bought this today, stock running out",scarcity|social_proof,scarcity,en,div,badge,"[TAG=div] [ROLE=badge] 578 people bought this today, stock running out",scarcity:en:07,synthetic_v1,0,0,0,0,1,0,1,0
Only 9 rooms left in Surat,scarcity,scarcity,en,span,stock,[TAG=span] [ROLE=stock] Only 9 rooms left in Surat,scarcity:en:05,synthetic_v1,0,0,0,0,1,0,0,0
Thulo: धरान का लागि 10 थान बाँकी,scarcity,scarcity,ne,div,badge,[TAG=div] [ROLE=badge] Thulo: धरान का लागि 10 थान बाँकी,scarcity:ne:16,synthetic_v1,0,0,0,0,1,0,0,0
Croma Kolkata warehouse: 4 coffee maker remaining,scarcity,scarcity,en,span,stock,[TAG=span] [ROLE=stock] Croma Kolkata warehouse: 4 coffee maker remaining,scarcity:en:19,synthetic_v1,0,0,0,0,1,0,0,0
भारी मांग — वायरलेस ईयरबड्स की सीमित मात्रा,scarcity,scarcity,hi,span,stock,[TAG=span] [ROLE=stock] भारी मांग — वायरलेस ईयरबड्स की सीमित मात्रा,scarcity:hi:06,synthetic_v1,0,0,0,0,1,0,0,0
Lenskart वाराणसी गोदाम: 10 स्टडी लैंप शेष,scarcity,scarcity,hi,span,stock,[TAG=span] [ROLE=stock] Lenskart वाराणसी गोदाम: 10 स्टडी लैंप शेष,scarcity:hi:19,synthetic_v1,0,0,0,0,1,0,0,0
लखनऊ में केवल 8 कमरे बचे,scarcity,scarcity,hi,div,badge,[TAG=div] [ROLE=badge] लखनऊ में केवल 8 कमरे बचे,scarcity:hi:05,synthetic_v1,0,0,0,0,1,0,0,0
Kinbech: वाराणसी के लिए 12 इकाई बचीं,scarcity,scarcity,hi,span,stock,[TAG=span] [ROLE=stock] Kinbech: वाराणसी के लिए 12 इकाई बचीं,scarcity:hi:16,synthetic_v1,0,0,0,0,1,0,0,0
4 मात्र बाँकी — 70% छुट चाँडै सकिन्छ,scarcity|false_urgency,scarcity,ne,p,promo,[TAG=p] [ROLE=promo] 4 मात्र बाँकी — 70% छुट चाँडै सकिन्छ,scarcity:ne:12,synthetic_v1,0,1,0,0,1,0,0,0
यो मूल्यमा 12 फर्मल सर्ट मात्र उपलब्ध,scarcity,scarcity,ne,div,badge,[TAG=div] [ROLE=badge] यो मूल्यमा 12 फर्मल सर्ट मात्र उपलब्ध,scarcity:ne:01,synthetic_v1,0,0,0,0,1,0,0,0
चंडीगढ़ में केवल 10 कमरे बचे,scarcity,scarcity,hi,div,badge,[TAG=div] [ROLE=badge] चंडीगढ़ में केवल 10 कमरे बचे,scarcity:hi:05,synthetic_v1,0,0,0,0,1,0,0,0
"Only 9 left at Rs. 2,499",scarcity,scarcity,en,p,promo,"[TAG=p] [ROLE=promo] Only 9 left at Rs. 2,499",scarcity:en:10,synthetic_v1,0,0,0,0,1,0,0,0
रु. 199 पर केवल 5 बचे,scarcity,scarcity,hi,p,promo,[TAG=p] [ROLE=promo] रु. 199 पर केवल 5 बचे,scarcity:hi:10,synthetic_v1,0,0,0,0,1,0,0,0
रु. 199 पर केवल 4 बचे,scarcity,scarcity,hi,span,stock,[TAG=span] [ROLE=stock] रु. 199 पर केवल 4 बचे,scarcity:hi:10,synthetic_v1,0,0,0,0,1,0,0,0
सीमित संस्करण घामको चस्मा — स्टक रहेसम्म,scarcity,scarcity,ne,p,promo,[TAG=p] [ROLE=promo] सीमित संस्करण घामको चस्मा — स्टक रहेसम्म,scarcity:ne:09,synthetic_v1,0,0,0,0,1,0,0,0
Nykaa: 1 units left for Bhaktapur,scarcity,scarcity,en,span,stock,[TAG=span] [ROLE=stock] Nykaa: 1 units left for Bhaktapur,scarcity:en:16,synthetic_v1,0,0,0,0,1,0,0,0
50% of office chair stock already sold at Zepto,scarcity,scarcity,en,div,badge,[TAG=div] [ROLE=badge] 50% of office chair stock already sold at Zepto,scarcity:en:18,synthetic_v1,0,0,0,0,1,0,0,0
25% of gaming mouse stock already sold at Snapdeal,scarcity,scarcity,en,span,stock,[TAG=span] [ROLE=stock] 25% of gaming mouse stock already sold at Snapdeal,scarcity:en:18,synthetic_v1,0,0,0,0,1,0,0,0
High demand — limited units of phone case,scarcity,scarcity,en,div,badge,[TAG=div] [ROLE=badge] High demand — limited units of phone case,scarcity:en:06,synthetic_v1,0,0,0,0,1,0,0,0
"512 people bought this today, stock running out",scarcity|social_proof,scarcity,en,div,badge,"[TAG=div] [ROLE=badge] 512 people bought this today, stock running out",scarcity:en:07,synthetic_v1,0,0,0,0,1,0,1,0
स्टकमा 6 मात्र बाँकी!,scarcity,scarcity,ne,div,badge,[TAG=div] [ROLE=badge] स्टकमा 6 मात्र बाँकी!,scarcity:ne:00,synthetic_v1,0,0,0,0,1,0,0,0
Pepperfry चितवन गोदाम: 1 कटन कुर्ता बाँकी,scarcity,scarcity,ne,div,badge,[TAG=div] [ROLE=badge] Pepperfry चितवन गोदाम: 1 कटन कुर्ता बाँकी,scarcity:ne:19,synthetic_v1,0,0,0,0,1,0,0,0
3 मात्र बाँकी — 80% छुट चाँडै सकिन्छ,scarcity|false_urgency,scarcity,ne,div,badge,[TAG=div] [ROLE=badge] 3 मात्र बाँकी — 80% छुट चाँडै सकिन्छ,scarcity:ne:12,synthetic_v1,0,1,0,0,1,0,0,0
Croma नेपालगन्ज गोदाम: 4 योगा म्याट बाँकी,scarcity,scarcity,ne,p,promo,[TAG=p] [ROLE=promo] Croma नेपालगन्ज गोदाम: 4 योगा म्याट बाँकी,scarcity:ne:19,synthetic_v1,0,0,0,0,1,0,0,0
Flipkart मा 3 घामको चस्मा मात्र बाँकी,scarcity,scarcity,ne,div,badge,[TAG=div] [ROLE=badge] Flipkart मा 3 घामको चस्मा मात्र बाँकी,scarcity:ne:15,synthetic_v1,0,0,0,0,1,0,0,0
Snapdeal पर धूप का चश्मा का 70% स्टॉक बिक चुका,scarcity,scarcity,hi,span,stock,[TAG=span] [ROLE=stock] Snapdeal पर धूप का चश्मा का 70% स्टॉक बिक चुका,scarcity:hi:18,synthetic_v1,0,0,0,0,1,0,0,0
Only 2 left — 25% off ends soon,scarcity|false_urgency,scarcity,en,p,promo,[TAG=p] [ROLE=promo] Only 2 left — 25% off ends soon,scarcity:en:12,synthetic_v1,0,1,0,0,1,0,0,0
High demand — limited units of power bank,scarcity,scarcity,en,span,stock,[TAG=span] [ROLE=stock] High demand — limited units of power bank,scarcity:en:06,synthetic_v1,0,0,0,0,1,0,0,0
भारी मांग — ब्लूटूथ स्पीकर की सीमित मात्रा,scarcity,scarcity,hi,div,badge,[TAG=div] [ROLE=badge] भारी मांग — ब्लूटूथ स्पीकर की सीमित मात्रा,scarcity:hi:06,synthetic_v1,0,0,0,0,1,0,0,0
कम स्टक: कटन कुर्ता को 5 थान मात्र,scarcity,scarcity,ne,span,stock,[TAG=span] [ROLE=stock] कम स्टक: कटन कुर्ता को 5 थान मात्र,scarcity:ne:03,synthetic_v1,0,0,0,0,1,0,0,0
Limited edition sunglasses — while supplies last,scarcity,scarcity,en,div,badge,[TAG=div] [ROLE=badge] Limited edition sunglasses — while supplies last,scarcity:en:09,synthetic_v1,0,0,0,0,1,0,0,0
Tata Cliq: 9 units left for Bhaktapur,scarcity,scarcity,en,div,badge,[TAG=div] [ROLE=badge] Tata Cliq: 9 units left for Bhaktapur,scarcity:en:16,synthetic_v1,0,0,0,0,1,0,0,0
Only 12 left — 20% off ends soon,scarcity|false_urgency,scarcity,en,div,badge,[TAG=div] [ROLE=badge] Only 12 left — 20% off ends soon,scarcity:en:12,synthetic_v1,0,1,0,0,1,0,0,0
Amazon मा 1 ब्याकप्याक मात्र बाँकी,scarcity,scarcity,ne,div,badge,[TAG=div] [ROLE=badge] Amazon मा 1 ब्याकप्याक मात्र बाँकी,scarcity:ne:15,synthetic_v1,0,0,0,0,1,0,0,0
Blinkit मा डेनिम जिन्स को 50% स्टक बिक्री भइसक्यो,scarcity,scarcity,ne,span,stock,[TAG=span] [ROLE=stock] Blinkit मा डेनिम जिन्स को 50% स्टक बिक्री भइसक्यो,scarcity:ne:18,synthetic_v1,0,0,0,0,1,0,0,0
"Hurry, 3 hair dryer left in Biratnagar warehouse",scarcity,scarcity,en,div,badge,"[TAG=div] [ROLE=badge] Hurry, 3 hair dryer left in Biratnagar warehouse",scarcity:en:13,synthetic_v1,0,0,0,0,1,0,0,0
Ajio: 6 units left for Lalitpur,scarcity,scarcity,en,span,stock,[TAG=span] [ROLE=stock] Ajio: 6 units left for Lalitpur,scarcity:en:16,synthetic_v1,0,0,0,0,1,0,0,0
Blinkit: अहमदाबाद के लिए 6 इकाई बचीं,scarcity,scarcity,hi,p,promo,[TAG=p] [ROLE=promo] Blinkit: अहमदाबाद के लिए 6 इकाई बचीं,scarcity:hi:16,synthetic_v1,0,0,0,0,1,0,0,0
Almost sold out — 25% already claimed,scarcity,scarcity,en,span,stock,[TAG=span] [ROLE=stock] Almost sold out — 25% already claimed,scarcity:en:02,synthetic_v1,0,0,0,0,1,0,0,0
70% of power bank stock already sold at Zepto,scarcity,scarcity,en,span,stock,[TAG=span] [ROLE=stock] 70% of power bank stock already sold at Zepto,scarcity:en:18,synthetic_v1,0,0,0,0,1,0,0,0
कम स्टक: इलेक्ट्रिक केतली को 9 थान मात्र,scarcity,scarcity,ne,p,promo,[TAG=p] [ROLE=promo] कम स्टक: इलेक्ट्रिक केतली को 9 थान मात्र,scarcity:ne:03,synthetic_v1,0,0,0,0,1,0,0,0
Only 12 study lamp remaining at this price,scarcity,scarcity,en,div,badge,[TAG=div] [ROLE=badge] Only 12 study lamp remaining at this price,scarcity:en:01,synthetic_v1,0,0,0,0,1,0,0,0
"Hurry, 3 power bank left in Biratnagar warehouse",scarcity,scarcity,en,p,promo,"[TAG=p] [ROLE=promo] Hurry, 3 power bank left in Biratnagar warehouse",scarcity:en:13,synthetic_v1,0,0,0,0,1,0,0,0
Blinkit अहमदाबाद गोदाम: 3 स्कूल बैग शेष,scarcity,scarcity,hi,span,stock,[TAG=span] [ROLE=stock] Blinkit अहमदाबाद गोदाम: 3 स्कूल बैग शेष,scarcity:hi:19,synthetic_v1,0,0,0,0,1,0,0,0
Low stock: only 2 units of protein powder,scarcity,scarcity,en,p,promo,[TAG=p] [ROLE=promo] Low stock: only 2 units of protein powder,scarcity:en:03,synthetic_v1,0,0,0,0,1,0,0,0
"जल्दी करें, इंदौर गोदाम में 2 बैकपैक बचे",scarcity,scarcity,hi,p,promo,"[TAG=p] [ROLE=promo] जल्दी करें, इंदौर गोदाम में 2 बैकपैक बचे",scarcity:hi:13,synthetic_v1,0,0,0,0,1,0,0,0
कम स्टक: रनिङ जुत्ता को 5 थान मात्र,scarcity,scarcity,ne,div,badge,[TAG=div] [ROLE=badge] कम स्टक: रनिङ जुत्ता को 5 थान मात्र,scarcity:ne:03,synthetic_v1,0,0,0,0,1,0,0,0
"छिटो गर्नुहोस्, गोरखा गोदाममा 12 फेस वास बाँकी",scarcity,scarcity,ne,span,stock,"[TAG=span] [ROLE=stock] छिटो गर्नुहोस्, गोरखा गोदाममा 12 फेस वास बाँकी",scarcity:ne:13,synthetic_v1,0,0,0,0,1,0,0,0
यो मूल्यमा 12 स्टडी लाइट मात्र उपलब्ध,scarcity,scarcity,ne,div,badge,[TAG=div] [ROLE=badge] यो मूल्यमा 12 स्टडी लाइट मात्र उपलब्ध,scarcity:ne:01,synthetic_v1,0,0,0,0,1,0,0,0
"Last 3 sunglasses at Rs. 1,199",scarcity,scarcity,en,div,badge,"[TAG=div] [ROLE=badge] Last 3 sunglasses at Rs. 1,199",scarcity:en:17,synthetic_v1,0,0,0,0,1,0,0,0
"Hurry, 5 noise cancelling headphones left in Kolkata warehouse",scarcity,scarcity,en,p,promo,"[TAG=p] [ROLE=promo] Hurry, 5 noise cancelling headphones left in Kolkata warehouse",scarcity:en:13,synthetic_v1,0,0,0,0,1,0,0,0
2 मात्र बाँकी — 25% छुट चाँडै सकिन्छ,scarcity|false_urgency,scarcity,ne,span,stock,[TAG=span] [ROLE=stock] 2 मात्र बाँकी — 25% छुट चाँडै सकिन्छ,scarcity:ne:12,synthetic_v1,0,1,0,0,1,0,0,0
इस दाम पर केवल 8 फेस वॉश उपलब्ध,scarcity,scarcity,hi,p,promo,[TAG=p] [ROLE=promo] इस दाम पर केवल 8 फेस वॉश उपलब्ध,scarcity:hi:01,synthetic_v1,0,0,0,0,1,0,0,0
"छिटो गर्नुहोस्, काठमाडौँ गोदाममा 7 रनिङ जुत्ता बाँकी",scarcity,scarcity,ne,span,stock,"[TAG=span] [ROLE=stock] छिटो गर्नुहोस्, काठमाडौँ गोदाममा 7 रनिङ जुत्ता बाँकी",scarcity:ne:13,synthetic_v1,0,0,0,0,1,0,0,0
HamroBazar मा 10 वायरलेस इयरबड्स मात्र बाँकी,scarcity,scarcity,ne,span,stock,[TAG=span] [ROLE=stock] HamroBazar मा 10 वायरलेस इयरबड्स मात्र बाँकी,scarcity:ne:15,synthetic_v1,0,0,0,0,1,0,0,0
Ajio मा स्पोर्ट्स चप्पल को 20% स्टक बिक्री भइसक्यो,scarcity,scarcity,ne,p,promo,[TAG=p] [ROLE=promo] Ajio मा स्पोर्ट्स चप्पल को 20% स्टक बिक्री भइसक्यो,scarcity:ne:18,synthetic_v1,0,0,0,0,1,0,0,0
इस दाम पर केवल 7 फेस वॉश उपलब्ध,scarcity,scarcity,hi,p,promo,[TAG=p] [ROLE=promo] इस दाम पर केवल 7 फेस वॉश उपलब्ध,scarcity:hi:01,synthetic_v1,0,0,0,0,1,0,0,0
रु. 249 पर आख़िरी 4 रनिंग शूज़,scarcity,scarcity,hi,div,badge,[TAG=div] [ROLE=badge] रु. 249 पर आख़िरी 4 रनिंग शूज़,scarcity:hi:17,synthetic_v1,0,0,0,0,1,0,0,0
BigBasket पर केवल 1 स्मार्टवॉच बचे,scarcity,scarcity,hi,p,promo,[TAG=p] [ROLE=promo] BigBasket पर केवल 1 स्मार्टवॉच बचे,scarcity:hi:15,synthetic_v1,0,0,0,0,1,0,0,0
"छिटो गर्नुहोस्, तनहुँ गोदाममा 4 ब्लुटुथ स्पिकर बाँकी",scarcity,scarcity,ne,p,promo,"[TAG=p] [ROLE=promo] छिटो गर्नुहोस्, तनहुँ गोदाममा 4 ब्लुटुथ स्पिकर बाँकी",scarcity:ne:13,synthetic_v1,0,0,0,0,1,0,0,0
कम स्टॉक: स्टडी लैंप की केवल 9 इकाई,scarcity,scarcity,hi,div,badge,[TAG=div] [ROLE=badge] कम स्टॉक: स्टडी लैंप की केवल 9 इकाई,scarcity:hi:03,synthetic_v1,0,0,0,0,1,0,0,0
Ajio: ललितपुर का लागि 7 थान बाँकी,scarcity,scarcity,ne,p,promo,[TAG=p] [ROLE=promo] Ajio: ललितपुर का लागि 7 थान बाँकी,scarcity:ne:16,synthetic_v1,0,0,0,0,1,0,0,0
केवल 4 बचे — 20% छूट जल्द खत्म,scarcity|false_urgency,scarcity,hi,span,stock,[TAG=span] [ROLE=stock] केवल 4 बचे — 20% छूट जल्द खत्म,scarcity:hi:12,synthetic_v1,0,1,0,0,1,0,0,0
रु. 449 पर आख़िरी 7 पानी की बोतल,scarcity,scarcity,hi,p,promo,[TAG=p] [ROLE=promo] रु. 449 पर आख़िरी 7 पानी की बोतल,scarcity:hi:17,synthetic_v1,0,0,0,0,1,0,0,0
Croma मा 5 पावर ब्यांक मात्र बाँकी,scarcity,scarcity,ne,div,badge,[TAG=div] [ROLE=badge] Croma मा 5 पावर ब्यांक मात्र बाँकी,scarcity:ne:15,synthetic_v1,0,0,0,0,1,0,0,0
6 मात्र बाँकी — 40% छुट चाँडै सकिन्छ,scarcity|false_urgency,scarcity,ne,p,promo,[TAG=p] [ROLE=promo] 6 मात्र बाँकी — 40% छुट चाँडै सकिन्छ,scarcity:ne:12,synthetic_v1,0,1,0,0,1,0,0,0
"आज 1,187 जनाले किन्नुभयो, स्टक सकिँदै",scarcity|social_proof,scarcity,ne,p,promo,"[TAG=p] [ROLE=promo] आज 1,187 जनाले किन्नुभयो, स्टक सकिँदै",scarcity:ne:07,synthetic_v1,0,0,0,0,1,0,1,0
BigBasket Hyderabad warehouse: 2 cotton kurta remaining,scarcity,scarcity,en,span,stock,[TAG=span] [ROLE=stock] BigBasket Hyderabad warehouse: 2 cotton kurta remaining,scarcity:en:19,synthetic_v1,0,0,0,0,1,0,0,0
रु. 249 मा 2 मात्र बाँकी,scarcity,scarcity,ne,div,badge,[TAG=div] [ROLE=badge] रु. 249 मा 2 मात्र बाँकी,scarcity:ne:10,synthetic_v1,0,0,0,0,1,0,0,0
Myntra: आगरा के लिए 7 इकाई बचीं,scarcity,scarcity,hi,p,promo,[TAG=p] [ROLE=promo] Myntra: आगरा के लिए 7 इकाई बचीं,scarcity:hi:16,synthetic_v1,0,0,0,0,1,0,0,0
"Only 12 left at Rs. 1,499",scarcity,scarcity,en,span,stock,"[TAG=span] [ROLE=stock] Only 12 left at Rs. 1,499",scarcity:en:10,synthetic_v1,0,0,0,0,1,0,0,0
"जल्दी करें, मुंबई गोदाम में 9 ट्रेकिंग जैकेट बचे",scarcity,scarcity,hi,p,promo,"[TAG=p] [ROLE=promo] जल्दी करें, मुंबई गोदाम में 9 ट्रेकिंग जैकेट बचे",scarcity:hi:13,synthetic_v1,0,0,0,0,1,0,0,0
Muncha Hyderabad warehouse: 4 induction cooktop remaining,scarcity,scarcity,en,div,badge,[TAG=div] [ROLE=badge] Muncha Hyderabad warehouse: 4 induction cooktop remaining,scarcity:en:19,synthetic_v1,0,0,0,0,1,0,0,0
यो मूल्यमा 4 इन्डक्सन चुल्हो मात्र उपलब्ध,scarcity,scarcity,ne,div,badge,[TAG=div] [ROLE=badge] यो मूल्यमा 4 इन्डक्सन चुल्हो मात्र उपलब्ध,scarcity:ne:01,synthetic_v1,0,0,0,0,1,0,0,0
कम स्टॉक: लैपटॉप बैग की केवल 12 इकाई,scarcity,scarcity,hi,span,stock,[TAG=span] [ROLE=stock] कम स्टॉक: लैपटॉप बैग की केवल 12 इकाई,scarcity:hi:03,synthetic_v1,0,0,0,0,1,0,0,0
Only 8 denim jeans left at Amazon,scarcity,scarcity,en,div,badge,[TAG=div] [ROLE=badge] Only 8 denim jeans left at Amazon,scarcity:en:15,synthetic_v1,0,0,0,0,1,0,0,0
रु. 199 मा 8 मात्र बाँकी,scarcity,scarcity,ne,span,stock,[TAG=span] [ROLE=stock] रु. 199 मा 8 मात्र बाँकी,scarcity:ne:10,synthetic_v1,0,0,0,0,1,0,0,0
कम स्टॉक: फोन कवर की केवल 6 इकाई,scarcity,scarcity,hi,span,stock,[TAG=span] [ROLE=stock] कम स्टॉक: फोन कवर की केवल 6 इकाई,scarcity:hi:03,synthetic_v1,0,0,0,0,1,0,0,0
"आज 2,411 जनाले किन्नुभयो, स्टक सकिँदै",scarcity|social_proof,scarcity,ne,div,badge,"[TAG=div] [ROLE=badge] आज 2,411 जनाले किन्नुभयो, स्टक सकिँदै",scarcity:ne:07,synthetic_v1,0,0,0,0,1,0,1,0
रु. 599 पर केवल 4 बचे,scarcity,scarcity,hi,span,stock,[TAG=span] [ROLE=stock] रु. 599 पर केवल 4 बचे,scarcity:hi:10,synthetic_v1,0,0,0,0,1,0,0,0
भारी मांग — पानी की बोतल की सीमित मात्रा,scarcity,scarcity,hi,div,badge,[TAG=div] [ROLE=badge] भारी मांग — पानी की बोतल की सीमित मात्रा,scarcity:hi:06,synthetic_v1,0,0,0,0,1,0,0,0
"रु. 1,199 पर आख़िरी 6 कॉफी मेकर",scarcity,scarcity,hi,p,promo,"[TAG=p] [ROLE=promo] रु. 1,199 पर आख़िरी 6 कॉफी मेकर",scarcity:hi:17,synthetic_v1,0,0,0,0,1,0,0,0
इस दाम पर केवल 12 पावर बैंक उपलब्ध,scarcity,scarcity,hi,div,badge,[TAG=div] [ROLE=badge] इस दाम पर केवल 12 पावर बैंक उपलब्ध,scarcity:hi:01,synthetic_v1,0,0,0,0,1,0,0,0
"जल्दी करें, आगरा गोदाम में 12 स्पोर्ट्स सैंडल बचे",scarcity,scarcity,hi,p,promo,"[TAG=p] [ROLE=promo] जल्दी करें, आगरा गोदाम में 12 स्पोर्ट्स सैंडल बचे",scarcity:hi:13,synthetic_v1,0,0,0,0,1,0,0,0
पोखरा मा 4 कोठा मात्र बाँकी,scarcity,scarcity,ne,span,stock,[TAG=span] [ROLE=stock] पोखरा मा 4 कोठा मात्र बाँकी,scarcity:ne:05,synthetic_v1,0,0,0,0,1,0,0,0
"Hurry, 6 air fryer left in Surat warehouse",scarcity,scarcity,en,p,promo,"[TAG=p] [ROLE=promo] Hurry, 6 air fryer left in Surat warehouse",scarcity:en:13,synthetic_v1,0,0,0,0,1,0,0,0
रु. 299 पर केवल 4 बचे,scarcity,scarcity,hi,p,promo,[TAG=p] [ROLE=promo] रु. 299 पर केवल 4 बचे,scarcity:hi:10,synthetic_v1,0,0,0,0,1,0,0,0
सीमित संस्करण लैपटॉप बैग — जब तक स्टॉक,scarcity,scarcity,hi,p,promo,[TAG=p] [ROLE=promo] सीमित संस्करण लैपटॉप बैग — जब तक स्टॉक,scarcity:hi:09,synthetic_v1,0,0,0,0,1,0,0,0
"11,204 people bought this today, stock running out",scarcity|social_proof,scarcity,en,div,badge,"[TAG=div] [ROLE=badge] 11,204 people bought this today, stock running out",scarcity:en:07,synthetic_v1,0,0,0,0,1,0,1,0
Only 9 rooms left in Lalitpur,scarcity,scarcity,en,span,stock,[TAG=span] [ROLE=stock] Only 9 rooms left in Lalitpur,scarcity:en:05,synthetic_v1,0,0,0,0,1,0,0,0
Reliance Digital: जयपुर के लिए 4 इकाई बचीं,scarcity,scarcity,hi,p,promo,[TAG=p] [ROLE=promo] Reliance Digital: जयपुर के लिए 4 इकाई बचीं,scarcity:hi:16,synthetic_v1,0,0,0,0,1,0,0,0
"रु. 1,999 मा अन्तिम 12 स्पोर्ट्स चप्पल",scarcity,scarcity,ne,div,badge,"[TAG=div] [ROLE=badge] रु. 1,999 मा अन्तिम 12 स्पोर्ट्स चप्पल",scarcity:ne:17,synthetic_v1,0,0,0,0,1,0,0,0
"आज 288 लोगों ने खरीदा, स्टॉक कम",scarcity|social_proof,scarcity,hi,span,stock,"[TAG=span] [ROLE=stock] आज 288 लोगों ने खरीदा, स्टॉक कम",scarcity:hi:07,synthetic_v1,0,0,0,0,1,0,1,0
"आज 634 लोगों ने खरीदा, स्टॉक कम",scarcity|social_proof,scarcity,hi,span,stock,"[TAG=span] [ROLE=stock] आज 634 लोगों ने खरीदा, स्टॉक कम",scarcity:hi:07,synthetic_v1,0,0,0,0,1,0,1,0
Meesho: कोलकाता के लिए 5 इकाई बचीं,scarcity,scarcity,hi,p,promo,[TAG=p] [ROLE=promo] Meesho: कोलकाता के लिए 5 इकाई बचीं,scarcity:hi:16,synthetic_v1,0,0,0,0,1,0,0,0
Pepperfry: जयपुर के लिए 2 इकाई बचीं,scarcity,scarcity,hi,span,stock,[TAG=span] [ROLE=stock] Pepperfry: जयपुर के लिए 2 इकाई बचीं,scarcity:hi:16,synthetic_v1,0,0,0,0,1,0,0,0
Snapdeal: चंडीगढ़ के लिए 3 इकाई बचीं,scarcity,scarcity,hi,div,badge,[TAG=div] [ROLE=badge] Snapdeal: चंडीगढ़ के लिए 3 इकाई बचीं,scarcity:hi:16,synthetic_v1,0,0,0,0,1,0,0,0
Blinkit मा कफी मेकर को 70% स्टक बिक्री भइसक्यो,scarcity,scarcity,ne,div,badge,[TAG=div] [ROLE=badge] Blinkit मा कफी मेकर को 70% स्टक बिक्री भइसक्यो,scarcity:ne:18,synthetic_v1,0,0,0,0,1,0,0,0
Only 9 office chair remaining at this price,scarcity,scarcity,en,div,badge,[TAG=div] [ROLE=badge] Only 9 office chair remaining at this price,scarcity:en:01,synthetic_v1,0,0,0,0,1,0,0,0
पटना में केवल 10 कमरे बचे,scarcity,scarcity,hi,span,stock,[TAG=span] [ROLE=stock] पटना में केवल 10 कमरे बचे,scarcity:hi:05,synthetic_v1,0,0,0,0,1,0,0,0
SastoDeal पर पानी की बोतल का 40% स्टॉक बिक चुका,scarcity,scarcity,hi,span,stock,[TAG=span] [ROLE=stock] SastoDeal पर पानी की बोतल का 40% स्टॉक बिक चुका,scarcity:hi:18,synthetic_v1,0,0,0,0,1,0,0,0
"जल्दी करें, लखनऊ गोदाम में 8 फॉर्मल शर्ट बचे",scarcity,scarcity,hi,p,promo,"[TAG=p] [ROLE=promo] जल्दी करें, लखनऊ गोदाम में 8 फॉर्मल शर्ट बचे",scarcity:hi:13,synthetic_v1,0,0,0,0,1,0,0,0
Only 4 rooms left in Lucknow,scarcity,scarcity,en,p,promo,[TAG=p] [ROLE=promo] Only 4 rooms left in Lucknow,scarcity:en:05,synthetic_v1,0,0,0,0,1,0,0,0
Daraz: नागपुर के लिए 8 इकाई बचीं,scarcity,scarcity,hi,span,stock,[TAG=span] [ROLE=stock] Daraz: नागपुर के लिए 8 इकाई बचीं,scarcity:hi:16,synthetic_v1,0,0,0,0,1,0,0,0
कम स्टक: घामको चस्मा को 2 थान मात्र,scarcity,scarcity,ne,p,promo,[TAG=p] [ROLE=promo] कम स्टक: घामको चस्मा को 2 थान मात्र,scarcity:ne:03,synthetic_v1,0,0,0,0,1,0,0,0
Only 10 protein powder remaining at this price,scarcity,scarcity,en,div,badge,[TAG=div] [ROLE=badge] Only 10 protein powder remaining at this price,scarcity:en:01,synthetic_v1,0,0,0,0,1,0,0,0
12 मात्र बाँकी — 10% छुट चाँडै सकिन्छ,scarcity|false_urgency,scarcity,ne,span,stock,[TAG=span] [ROLE=stock] 12 मात्र बाँकी — 10% छुट चाँडै सकिन्छ,scarcity:ne:12,synthetic_v1,0,1,0,0,1,0,0,0
Only 9 left at Rs. 399,scarcity,scarcity,en,p,promo,[TAG=p] [ROLE=promo] Only 9 left at Rs. 399,scarcity:en:10,synthetic_v1,0,0,0,0,1,0,0,0
केवल 5 बचे — 5% छूट जल्द खत्म,scarcity|false_urgency,scarcity,hi,span,stock,[TAG=span] [ROLE=stock] केवल 5 बचे — 5% छूट जल्द खत्म,scarcity:hi:12,synthetic_v1,0,1,0,0,1,0,0,0
Nykaa: सुर्खेत का लागि 2 थान बाँकी,scarcity,scarcity,ne,span,stock,[TAG=span] [ROLE=stock] Nykaa: सुर्खेत का लागि 2 थान बाँकी,scarcity:ne:16,synthetic_v1,0,0,0,0,1,0,0,0
रु. 499 मा अन्तिम 3 इलेक्ट्रिक केतली,scarcity,scarcity,ne,div,badge,[TAG=div] [ROLE=badge] रु. 499 मा अन्तिम 3 इलेक्ट्रिक केतली,scarcity:ne:17,synthetic_v1,0,0,0,0,1,0,0,0
"छिटो बिक्री हुँदैछ, 7 बाँकी",scarcity,scarcity,ne,div,badge,"[TAG=div] [ROLE=badge] छिटो बिक्री हुँदैछ, 7 बाँकी",scarcity:ne:08,synthetic_v1,0,0,0,0,1,0,0,0
Myntra: कानपुर के लिए 12 इकाई बचीं,scarcity,scarcity,hi,span,stock,[TAG=span] [ROLE=stock] Myntra: कानपुर के लिए 12 इकाई बचीं,scarcity:hi:16,synthetic_v1,0,0,0,0,1,0,0,0
जनकपुर मा 7 कोठा मात्र बाँकी,scarcity,scarcity,ne,p,promo,[TAG=p] [ROLE=promo] जनकपुर मा 7 कोठा मात्र बाँकी,scarcity:ne:05,synthetic_v1,0,0,0,0,1,0,0,0
Limited edition power bank — while supplies last,scarcity,scarcity,en,span,stock,[TAG=span] [ROLE=stock] Limited edition power bank — while supplies last,scarcity:en:09,synthetic_v1,0,0,0,0,1,0,0,0
Only 12 left — 5% off ends soon,scarcity|false_urgency,scarcity,en,p,promo,[TAG=p] [ROLE=promo] Only 12 left — 5% off ends soon,scarcity:en:12,synthetic_v1,0,1,0,0,1,0,0,0
Blinkit तनहुँ गोदाम: 8 गेमिङ माउस बाँकी,scarcity,scarcity,ne,span,stock,[TAG=span] [ROLE=stock] Blinkit तनहुँ गोदाम: 8 गेमिङ माउस बाँकी,scarcity:ne:19,synthetic_v1,0,0,0,0,1,0,0,0
FirstCry पर फेस वॉश का 80% स्टॉक बिक चुका,scarcity,scarcity,hi,p,promo,[TAG=p] [ROLE=promo] FirstCry पर फेस वॉश का 80% स्टॉक बिक चुका,scarcity:hi:18,synthetic_v1,0,0,0,0,1,0,0,0
इस दाम पर केवल 10 रनिंग शूज़ उपलब्ध,scarcity,scarcity,hi,span,stock,[TAG=span] [ROLE=stock] इस दाम पर केवल 10 रनिंग शूज़ उपलब्ध,scarcity:hi:01,synthetic_v1,0,0,0,0,1,0,0,0
केवल 7 बचे — 20% छूट जल्द खत्म,scarcity|false_urgency,scarcity,hi,div,badge,[TAG=div] [ROLE=badge] केवल 7 बचे — 20% छूट जल्द खत्म,scarcity:hi:12,synthetic_v1,0,1,0,0,1,0,0,0
Limited edition bluetooth speaker — while supplies last,scarcity,scarcity,en,span,stock,[TAG=span] [ROLE=stock] Limited edition bluetooth speaker — while supplies last,scarcity:en:09,synthetic_v1,0,0,0,0,1,0,0,0
सीमित संस्करण ट्रेकिङ ज्याकेट — स्टक रहेसम्म,scarcity,scarcity,ne,div,badge,[TAG=div] [ROLE=badge] सीमित संस्करण ट्रेकिङ ज्याकेट — स्टक रहेसम्म,scarcity:ne:09,synthetic_v1,0,0,0,0,1,0,0,0
आख़िरी 10 पीस उपलब्ध,scarcity,scarcity,hi,span,stock,[TAG=span] [ROLE=stock] आख़िरी 10 पीस उपलब्ध,scarcity:hi:04,synthetic_v1,0,0,0,0,1,0,0,0
"Hurry, 4 power bank left in Butwal warehouse",scarcity,scarcity,en,p,promo,"[TAG=p] [ROLE=promo] Hurry, 4 power bank left in Butwal warehouse",scarcity:en:13,synthetic_v1,0,0,0,0,1,0,0,0
Nykaa मा 7 नोइज क्यान्सलिङ हेडफोन मात्र बाँकी,scarcity,scarcity,ne,p,promo,[TAG=p] [ROLE=promo] Nykaa मा 7 नोइज क्यान्सलिङ हेडफोन मात्र बाँकी,scarcity:ne:15,synthetic_v1,0,0,0,0,1,0,0,0
"जल्दी करें, कानपुर गोदाम में 9 रनिंग शूज़ बचे",scarcity,scarcity,hi,span,stock,"[TAG=span] [ROLE=stock] जल्दी करें, कानपुर गोदाम में 9 रनिंग शूज़ बचे",scarcity:hi:13,synthetic_v1,0,0,0,0,1,0,0,0
इस दाम पर केवल 6 हेयर ड्रायर उपलब्ध,scarcity,scarcity,hi,div,badge,[TAG=div] [ROLE=badge] इस दाम पर केवल 6 हेयर ड्रायर उपलब्ध,scarcity:hi:01,synthetic_v1,0,0,0,0,1,0,0,0
कम स्टक: इलेक्ट्रिक केतली को 1 थान मात्र,scarcity,scarcity,ne,p,promo,[TAG=p] [ROLE=promo] कम स्टक: इलेक्ट्रिक केतली को 1 थान मात्र,scarcity:ne:03,synthetic_v1,0,0,0,0,1,0,0,0
"जल्दी करें, जयपुर गोदाम में 1 फॉर्मल शर्ट बचे",scarcity,scarcity,hi,div,badge,"[TAG=div] [ROLE=badge] जल्दी करें, जयपुर गोदाम में 1 फॉर्मल शर्ट बचे",scarcity:hi:13,synthetic_v1,0,0,0,0,1,0,0,0
रु. 299 पर केवल 1 बचे,scarcity,scarcity,hi,div,badge,[TAG=div] [ROLE=badge] रु. 299 पर केवल 1 बचे,scarcity:hi:10,synthetic_v1,0,0,0,0,1,0,0,0
Muncha Kathmandu warehouse: 7 winter blanket remaining,scarcity,scarcity,en,div,badge,[TAG=div] [ROLE=badge] Muncha Kathmandu warehouse: 7 winter blanket remaining,scarcity:en:19,synthetic_v1,0,0,0,0,1,0,0,0
"Only 4 left at Rs. 2,999",scarcity,scarcity,en,span,stock,"[TAG=span] [ROLE=stock] Only 4 left at Rs. 2,999",scarcity:en:10,synthetic_v1,0,0,0,0,1,0,0,0
पटना में केवल 8 कमरे बचे,scarcity,scarcity,hi,span,stock,[TAG=span] [ROLE=stock] पटना में केवल 8 कमरे बचे,scarcity:hi:05,synthetic_v1,0,0,0,0,1,0,0,0
कम स्टक: ल्यापटप ब्याग को 7 थान मात्र,scarcity,scarcity,ne,span,stock,[TAG=span] [ROLE=stock] कम स्टक: ल्यापटप ब्याग को 7 थान मात्र,scarcity:ne:03,synthetic_v1,0,0,0,0,1,0,0,0
रु. 149 पर केवल 10 बचे,scarcity,scarcity,hi,div,badge,[TAG=div] [ROLE=badge] रु. 149 पर केवल 10 बचे,scarcity:hi:10,synthetic_v1,0,0,0,0,1,0,0,0
कम स्टॉक: फॉर्मल शर्ट की केवल 7 इकाई,scarcity,scarcity,hi,span,stock,[TAG=span] [ROLE=stock] कम स्टॉक: फॉर्मल शर्ट की केवल 7 इकाई,scarcity:hi:03,synthetic_v1,0,0,0,0,1,0,0,0
Zepto पर केवल 12 राइस कुकर बचे,scarcity,scarcity,hi,p,promo,[TAG=p] [ROLE=promo] Zepto पर केवल 12 राइस कुकर बचे,scarcity:hi:15,synthetic_v1,0,0,0,0,1,0,0,0
सीमित संस्करण स्पोर्ट्स चप्पल — स्टक रहेसम्म,scarcity,scarcity,ne,div,badge,[TAG=div] [ROLE=badge] सीमित संस्करण स्पोर्ट्स चप्पल — स्टक रहेसम्म,scarcity:ne:09,synthetic_v1,0,0,0,0,1,0,0,0
Meesho मा 10 योगा म्याट मात्र बाँकी,scarcity,scarcity,ne,span,stock,[TAG=span] [ROLE=stock] Meesho मा 10 योगा म्याट मात्र बाँकी,scarcity:ne:15,synthetic_v1,0,0,0,0,1,0,0,0
नासिक में केवल 3 कमरे बचे,scarcity,scarcity,hi,p,promo,[TAG=p] [ROLE=promo] नासिक में केवल 3 कमरे बचे,scarcity:hi:05,synthetic_v1,0,0,0,0,1,0,0,0
रु. 249 मा अन्तिम 1 योगा म्याट,scarcity,scarcity,ne,span,stock,[TAG=span] [ROLE=stock] रु. 249 मा अन्तिम 1 योगा म्याट,scarcity:ne:17,synthetic_v1,0,0,0,0,1,0,0,0
High demand — limited units of induction cooktop,scarcity,scarcity,en,p,promo,[TAG=p] [ROLE=promo] High demand — limited units of induction cooktop,scarcity:en:06,synthetic_v1,0,0,0,0,1,0,0,0
OkDam बुटवल गोदाम: 1 स्टडी लाइट बाँकी,scarcity,scarcity,ne,p,promo,[TAG=p] [ROLE=promo] OkDam बुटवल गोदाम: 1 स्टडी लाइट बाँकी,scarcity:ne:19,synthetic_v1,0,0,0,0,1,0,0,0
"जल्दी करें, कानपुर गोदाम में 9 स्कूल बैग बचे",scarcity,scarcity,hi,span,stock,"[TAG=span] [ROLE=stock] जल्दी करें, कानपुर गोदाम में 9 स्कूल बैग बचे",scarcity:hi:13,synthetic_v1,0,0,0,0,1,0,0,0
High demand — limited units of hair dryer,scarcity,scarcity,en,div,badge,[TAG=div] [ROLE=badge] High demand — limited units of hair dryer,scarcity:en:06,synthetic_v1,0,0,0,0,1,0,0,0
Only 1 trekking jacket remaining at this price,scarcity,scarcity,en,span,stock,[TAG=span] [ROLE=stock] Only 1 trekking jacket remaining at this price,scarcity:en:01,synthetic_v1,0,0,0,0,1,0,0,0
Gyapu पर राइस कुकर का 35% स्टॉक बिक चुका,scarcity,scarcity,hi,span,stock,[TAG=span] [ROLE=stock] Gyapu पर राइस कुकर का 35% स्टॉक बिक चुका,scarcity:hi:18,synthetic_v1,0,0,0,0,1,0,0,0
Only 4 rooms left in Jaipur,scarcity,scarcity,en,span,stock,[TAG=span] [ROLE=stock] Only 4 rooms left in Jaipur,scarcity:en:05,synthetic_v1,0,0,0,0,1,0,0,0
कम स्टॉक: कॉफी मेकर की केवल 4 इकाई,scarcity,scarcity,hi,span,stock,[TAG=span] [ROLE=stock] कम स्टॉक: कॉफी मेकर की केवल 4 इकाई,scarcity:hi:03,synthetic_v1,0,0,0,0,1,0,0,0
"छिटो गर्नुहोस्, काठमाडौँ गोदाममा 12 डेनिम जिन्स बाँकी",scarcity,scarcity,ne,span,stock,"[TAG=span] [ROLE=stock] छिटो गर्नुहोस्, काठमाडौँ गोदाममा 12 डेनिम जिन्स बाँकी",scarcity:ne:13,synthetic_v1,0,0,0,0,1,0,0,0
रु. 249 मा अन्तिम 7 योगा म्याट,scarcity,scarcity,ne,span,stock,[TAG=span] [ROLE=stock] रु. 249 मा अन्तिम 7 योगा म्याट,scarcity:ne:17,synthetic_v1,0,0,0,0,1,0,0,0
केवल 1 बचे — 20% छूट जल्द खत्म,scarcity|false_urgency,scarcity,hi,span,stock,[TAG=span] [ROLE=stock] केवल 1 बचे — 20% छूट जल्द खत्म,scarcity:hi:12,synthetic_v1,0,1,0,0,1,0,0,0
JioMart पर केवल 1 सर्दी का कंबल बचे,scarcity,scarcity,hi,p,promo,[TAG=p] [ROLE=promo] JioMart पर केवल 1 सर्दी का कंबल बचे,scarcity:hi:15,synthetic_v1,0,0,0,0,1,0,0,0
यो मूल्यमा 10 घामको चस्मा मात्र उपलब्ध,scarcity,scarcity,ne,span,stock,[TAG=span] [ROLE=stock] यो मूल्यमा 10 घामको चस्मा मात्र उपलब्ध,scarcity:ne:01,synthetic_v1,0,0,0,0,1,0,0,0
इस दाम पर केवल 4 कॉटन कुर्ता उपलब्ध,scarcity,scarcity,hi,div,badge,[TAG=div] [ROLE=badge] इस दाम पर केवल 4 कॉटन कुर्ता उपलब्ध,scarcity:hi:01,synthetic_v1,0,0,0,0,1,0,0,0
9 मात्र बाँकी — 60% छुट चाँडै सकिन्छ,scarcity|false_urgency,scarcity,ne,p,promo,[TAG=p] [ROLE=promo] 9 मात्र बाँकी — 60% छुट चाँडै सकिन्छ,scarcity:ne:12,synthetic_v1,0,1,0,0,1,0,0,0
Tata Cliq: चितवन का लागि 4 थान बाँकी,scarcity,scarcity,ne,div,badge,[TAG=div] [ROLE=badge] Tata Cliq: चितवन का लागि 4 थान बाँकी,scarcity:ne:16,synthetic_v1,0,0,0,0,1,0,0,0
कम स्टॉक: पानी की बोतल की केवल 5 इकाई,scarcity,scarcity,hi,p,promo,[TAG=p] [ROLE=promo] कम स्टॉक: पानी की बोतल की केवल 5 इकाई,scarcity:hi:03,synthetic_v1,0,0,0,0,1,0,0,0
Zepto मा गेमिङ माउस को 20% स्टक बिक्री भइसक्यो,scarcity,scarcity,ne,span,stock,[TAG=span] [ROLE=stock] Zepto मा गेमिङ माउस को 20% स्टक बिक्री भइसक्यो,scarcity:ne:18,synthetic_v1,0,0,0,0,1,0,0,0
इस दाम पर केवल 5 इलेक्ट्रिक केटल उपलब्ध,scarcity,scarcity,hi,p,promo,[TAG=p] [ROLE=promo] इस दाम पर केवल 5 इलेक्ट्रिक केटल उपलब्ध,scarcity:hi:01,synthetic_v1,0,0,0,0,1,0,0,0
रु. 199 मा अन्तिम 10 स्मार्टवाच,scarcity,scarcity,ne,p,promo,[TAG=p] [ROLE=promo] रु. 199 मा अन्तिम 10 स्मार्टवाच,scarcity:ne:17,synthetic_v1,0,0,0,0,1,0,0,0
SastoDeal पर ट्रेकिंग जैकेट का 30% स्टॉक बिक चुका,scarcity,scarcity,hi,div,badge,[TAG=div] [ROLE=badge] SastoDeal पर ट्रेकिंग जैकेट का 30% स्टॉक बिक चुका,scarcity:hi:18,synthetic_v1,0,0,0,0,1,0,0,0
तनहुँ मा 7 कोठा मात्र बाँकी,scarcity,scarcity,ne,span,stock,[TAG=span] [ROLE=stock] तनहुँ मा 7 कोठा मात्र बाँकी,scarcity:ne:05,synthetic_v1,0,0,0,0,1,0,0,0
FirstCry: 10 units left for Pokhara,scarcity,scarcity,en,div,badge,[TAG=div] [ROLE=badge] FirstCry: 10 units left for Pokhara,scarcity:en:16,synthetic_v1,0,0,0,0,1,0,0,0
रु. 699 पर केवल 4 बचे,scarcity,scarcity,hi,p,promo,[TAG=p] [ROLE=promo] रु. 699 पर केवल 4 बचे,scarcity:hi:10,synthetic_v1,0,0,0,0,1,0,0,0
High demand — limited units of running shoes,scarcity,scarcity,en,p,promo,[TAG=p] [ROLE=promo] High demand — limited units of running shoes,scarcity:en:06,synthetic_v1,0,0,0,0,1,0,0,0
रु. 349 पर केवल 12 बचे,scarcity,scarcity,hi,div,badge,[TAG=div] [ROLE=badge] रु. 349 पर केवल 12 बचे,scarcity:hi:10,synthetic_v1,0,0,0,0,1,0,0,0
"जल्दी करें, नागपुर गोदाम में 1 इंडक्शन चूल्हा बचे",scarcity,scarcity,hi,div,badge,"[TAG=div] [ROLE=badge] जल्दी करें, नागपुर गोदाम में 1 इंडक्शन चूल्हा बचे",scarcity:hi:13,synthetic_v1,0,0,0,0,1,0,0,0
Nykaa मा पानीको बोतल को 60% स्टक बिक्री भइसक्यो,scarcity,scarcity,ne,div,badge,[TAG=div] [ROLE=badge] Nykaa मा पानीको बोतल को 60% स्टक बिक्री भइसक्यो,scarcity:ne:18,synthetic_v1,0,0,0,0,1,0,0,0
70% of electric kettle stock already sold at Thulo,scarcity,scarcity,en,p,promo,[TAG=p] [ROLE=promo] 70% of electric kettle stock already sold at Thulo,scarcity:en:18,synthetic_v1,0,0,0,0,1,0,0,0
Myntra: इंदौर के लिए 6 इकाई बचीं,scarcity,scarcity,hi,p,promo,[TAG=p] [ROLE=promo] Myntra: इंदौर के लिए 6 इकाई बचीं,scarcity:hi:16,synthetic_v1,0,0,0,0,1,0,0,0
Gyapu मा 7 ब्लुटुथ स्पिकर मात्र बाँकी,scarcity,scarcity,ne,div,badge,[TAG=div] [ROLE=badge] Gyapu मा 7 ब्लुटुथ स्पिकर मात्र बाँकी,scarcity:ne:15,synthetic_v1,0,0,0,0,1,0,0,0
कम स्टक: फर्मल सर्ट को 3 थान मात्र,scarcity,scarcity,ne,div,badge,[TAG=div] [ROLE=badge] कम स्टक: फर्मल सर्ट को 3 थान मात्र,scarcity:ne:03,synthetic_v1,0,0,0,0,1,0,0,0
Last 10 winter blanket at Rs. 249,scarcity,scarcity,en,div,badge,[TAG=div] [ROLE=badge] Last 10 winter blanket at Rs. 249,scarcity:en:17,synthetic_v1,0,0,0,0,1,0,0,0
6 मात्र बाँकी — 20% छुट चाँडै सकिन्छ,scarcity|false_urgency,scarcity,ne,span,stock,[TAG=span] [ROLE=stock] 6 मात्र बाँकी — 20% छुट चाँडै सकिन्छ,scarcity:ne:12,synthetic_v1,0,1,0,0,1,0,0,0
Meesho मा फेस वास को 80% स्टक बिक्री भइसक्यो,scarcity,scarcity,ne,p,promo,[TAG=p] [ROLE=promo] Meesho मा फेस वास को 80% स्टक बिक्री भइसक्यो,scarcity:ne:18,synthetic_v1,0,0,0,0,1,0,0,0
Low stock: only 12 units of yoga mat,scarcity,scarcity,en,p,promo,[TAG=p] [ROLE=promo] Low stock: only 12 units of yoga mat,scarcity:en:03,synthetic_v1,0,0,0,0,1,0,0,0
Only 2 left at Rs. 99,scarcity,scarcity,en,div,badge,[TAG=div] [ROLE=badge] Only 2 left at Rs. 99,scarcity:en:10,synthetic_v1,0,0,0,0,1,0,0,0
Only 5 left — 20% off ends soon,scarcity|false_urgency,scarcity,en,p,promo,[TAG=p] [ROLE=promo] Only 5 left — 20% off ends soon,scarcity:en:12,synthetic_v1,0,1,0,0,1,0,0,0
बेंगलुरु में केवल 10 कमरे बचे,scarcity,scarcity,hi,p,promo,[TAG=p] [ROLE=promo] बेंगलुरु में केवल 10 कमरे बचे,scarcity:hi:05,synthetic_v1,0,0,0,0,1,0,0,0
रु. 249 मा 4 मात्र बाँकी,scarcity,scarcity,ne,span,stock,[TAG=span] [ROLE=stock] रु. 249 मा 4 मात्र बाँकी,scarcity:ne:10,synthetic_v1,0,0,0,0,1,0,0,0
"तेजी से बिक रहा है, 12 बचे",scarcity,scarcity,hi,div,badge,"[TAG=div] [ROLE=badge] तेजी से बिक रहा है, 12 बचे",scarcity:hi:08,synthetic_v1,0,0,0,0,1,0,0,0
Only 3 left — 70% off ends soon,scarcity|false_urgency,scarcity,en,p,promo,[TAG=p] [ROLE=promo] Only 3 left — 70% off ends soon,scarcity:en:12,synthetic_v1,0,1,0,0,1,0,0,0
Low stock: only 9 units of face wash,scarcity,scarcity,en,p,promo,[TAG=p] [ROLE=promo] Low stock: only 9 units of face wash,scarcity:en:03,synthetic_v1,0,0,0,0,1,0,0,0
"Hurry, 6 coffee maker left in Butwal warehouse",scarcity,scarcity,en,p,promo,"[TAG=p] [ROLE=promo] Hurry, 6 coffee maker left in Butwal warehouse",scarcity:en:13,synthetic_v1,0,0,0,0,1,0,0,0
Pepperfry पर फोन कवर का 80% स्टॉक बिक चुका,scarcity,scarcity,hi,span,stock,[TAG=span] [ROLE=stock] Pepperfry पर फोन कवर का 80% स्टॉक बिक चुका,scarcity:hi:18,synthetic_v1,0,0,0,0,1,0,0,0
"छिटो गर्नुहोस्, विराटनगर गोदाममा 7 अफिस कुर्सी बाँकी",scarcity,scarcity,ne,span,stock,"[TAG=span] [ROLE=stock] छिटो गर्नुहोस्, विराटनगर गोदाममा 7 अफिस कुर्सी बाँकी",scarcity:ne:13,synthetic_v1,0,0,0,0,1,0,0,0
केवल 9 बचे — 60% छूट जल्द खत्म,scarcity|false_urgency,scarcity,hi,span,stock,[TAG=span] [ROLE=stock] केवल 9 बचे — 60% छूट जल्द खत्म,scarcity:hi:12,synthetic_v1,0,1,0,0,1,0,0,0
भारी मांग — ऑफिस चेयर की सीमित मात्रा,scarcity,scarcity,hi,span,stock,[TAG=span] [ROLE=stock] भारी मांग — ऑफिस चेयर की सीमित मात्रा,scarcity:hi:06,synthetic_v1,0,0,0,0,1,0,0,0
इस दाम पर केवल 7 राइस कुकर उपलब्ध,scarcity,scarcity,hi,span,stock,[TAG=span] [ROLE=stock] इस दाम पर केवल 7 राइस कुकर उपलब्ध,scarcity:hi:01,synthetic_v1,0,0,0,0,1,0,0,0
80% of formal shirt stock already sold at Gyapu,scarcity,scarcity,en,span,stock,[TAG=span] [ROLE=stock] 80% of formal shirt stock already sold at Gyapu,scarcity:en:18,synthetic_v1,0,0,0,0,1,0,0,0
Only 12 rooms left in Surat,scarcity,scarcity,en,span,stock,[TAG=span] [ROLE=stock] Only 12 rooms left in Surat,scarcity:en:05,synthetic_v1,0,0,0,0,1,0,0,0
Only 8 yoga mat left at Flipkart,scarcity,scarcity,en,p,promo,[TAG=p] [ROLE=promo] Only 8 yoga mat left at Flipkart,scarcity:en:15,synthetic_v1,0,0,0,0,1,0,0,0
Only 7 left at Rs. 599,scarcity,scarcity,en,div,badge,[TAG=div] [ROLE=badge] Only 7 left at Rs. 599,scarcity:en:10,synthetic_v1,0,0,0,0,1,0,0,0
Only 3 left — 25% off ends soon,scarcity|false_urgency,scarcity,en,span,stock,[TAG=span] [ROLE=stock] Only 3 left — 25% off ends soon,scarcity:en:12,synthetic_v1,0,1,0,0,1,0,0,0
रु. 399 पर आख़िरी 12 रनिंग शूज़,scarcity,scarcity,hi,p,promo,[TAG=p] [ROLE=promo] रु. 399 पर आख़िरी 12 रनिंग शूज़,scarcity:hi:17,synthetic_v1,0,0,0,0,1,0,0,0
भोपाल में केवल 10 कमरे बचे,scarcity,scarcity,hi,span,stock,[TAG=span] [ROLE=stock] भोपाल में केवल 10 कमरे बचे,scarcity:hi:05,synthetic_v1,0,0,0,0,1,0,0,0
"Hurry, 1 induction cooktop left in Butwal warehouse",scarcity,scarcity,en,div,badge,"[TAG=div] [ROLE=badge] Hurry, 1 induction cooktop left in Butwal warehouse",scarcity:en:13,synthetic_v1,0,0,0,0,1,0,0,0
Only 6 gaming mouse remaining at this price,scarcity,scarcity,en,span,stock,[TAG=span] [ROLE=stock] Only 6 gaming mouse remaining at this price,scarcity:en:01,synthetic_v1,0,0,0,0,1,0,0,0
Myntra रांची गोदाम: 1 फॉर्मल शर्ट शेष,scarcity,scarcity,hi,span,stock,[TAG=span] [ROLE=stock] Myntra रांची गोदाम: 1 फॉर्मल शर्ट शेष,scarcity:hi:19,synthetic_v1,0,0,0,0,1,0,0,0
Almost sold out — 20% already claimed,scarcity,scarcity,en,p,promo,[TAG=p] [ROLE=promo] Almost sold out — 20% already claimed,scarcity:en:02,synthetic_v1,0,0,0,0,1,0,0,0
Only 10 left — 20% off ends soon,scarcity|false_urgency,scarcity,en,p,promo,[TAG=p] [ROLE=promo] Only 10 left — 20% off ends soon,scarcity:en:12,synthetic_v1,0,1,0,0,1,0,0,0
Meesho बाँके गोदाम: 4 ब्लुटुथ स्पिकर बाँकी,scarcity,scarcity,ne,p,promo,[TAG=p] [ROLE=promo] Meesho बाँके गोदाम: 4 ब्लुटुथ स्पिकर बाँकी,scarcity:ne:19,synthetic_v1,0,0,0,0,1,0,0,0
रु. 199 पर आख़िरी 2 ट्रेकिंग जैकेट,scarcity,scarcity,hi,div,badge,[TAG=div] [ROLE=badge] रु. 199 पर आख़िरी 2 ट्रेकिंग जैकेट,scarcity:hi:17,synthetic_v1,0,0,0,0,1,0,0,0
यो मूल्यमा 4 कटन कुर्ता मात्र उपलब्ध,scarcity,scarcity,ne,div,badge,[TAG=div] [ROLE=badge] यो मूल्यमा 4 कटन कुर्ता मात्र उपलब्ध,scarcity:ne:01,synthetic_v1,0,0,0,0,1,0,0,0
रु. 899 मा अन्तिम 7 स्मार्टवाच,scarcity,scarcity,ne,p,promo,[TAG=p] [ROLE=promo] रु. 899 मा अन्तिम 7 स्मार्टवाच,scarcity:ne:17,synthetic_v1,0,0,0,0,1,0,0,0
Kinbech: नेपालगन्ज का लागि 3 थान बाँकी,scarcity,scarcity,ne,p,promo,[TAG=p] [ROLE=promo] Kinbech: नेपालगन्ज का लागि 3 थान बाँकी,scarcity:ne:16,synthetic_v1,0,0,0,0,1,0,0,0
रु. 349 पर केवल 2 बचे,scarcity,scarcity,hi,p,promo,[TAG=p] [ROLE=promo] रु. 349 पर केवल 2 बचे,scarcity:hi:10,synthetic_v1,0,0,0,0,1,0,0,0
BigBasket: काठमाडौँ का लागि 6 थान बाँकी,scarcity,scarcity,ne,span,stock,[TAG=span] [ROLE=stock] BigBasket: काठमाडौँ का लागि 6 थान बाँकी,scarcity:ne:16,synthetic_v1,0,0,0,0,1,0,0,0
"रु. 1,499 मा 4 मात्र बाँकी",scarcity,scarcity,ne,span,stock,"[TAG=span] [ROLE=stock] रु. 1,499 मा 4 मात्र बाँकी",scarcity:ne:10,synthetic_v1,0,0,0,0,1,0,0,0
Only 7 office chair left at JioMart,scarcity,scarcity,en,span,stock,[TAG=span] [ROLE=stock] Only 7 office chair left at JioMart,scarcity:en:15,synthetic_v1,0,0,0,0,1,0,0,0
30% of rice cooker stock already sold at Pepperfry,scarcity,scarcity,en,p,promo,[TAG=p] [ROLE=promo] 30% of rice cooker stock already sold at Pepperfry,scarcity:en:18,synthetic_v1,0,0,0,0,1,0,0,0
"छिटो गर्नुहोस्, पोखरा गोदाममा 4 हेयर ड्रायर बाँकी",scarcity,scarcity,ne,span,stock,"[TAG=span] [ROLE=stock] छिटो गर्नुहोस्, पोखरा गोदाममा 4 हेयर ड्रायर बाँकी",scarcity:ne:13,synthetic_v1,0,0,0,0,1,0,0,0
Only 6 trekking jacket remaining at this price,scarcity,scarcity,en,span,stock,[TAG=span] [ROLE=stock] Only 6 trekking jacket remaining at this price,scarcity:en:01,synthetic_v1,0,0,0,0,1,0,0,0
"छिटो गर्नुहोस्, ललितपुर गोदाममा 4 कफी मेकर बाँकी",scarcity,scarcity,ne,p,promo,"[TAG=p] [ROLE=promo] छिटो गर्नुहोस्, ललितपुर गोदाममा 4 कफी मेकर बाँकी",scarcity:ne:13,synthetic_v1,0,0,0,0,1,0,0,0
BigBasket Bhaktapur warehouse: 8 rice cooker remaining,scarcity,scarcity,en,p,promo,[TAG=p] [ROLE=promo] BigBasket Bhaktapur warehouse: 8 rice cooker remaining,scarcity:en:19,synthetic_v1,0,0,0,0,1,0,0,0
Ajio पर गेमिंग माउस का 50% स्टॉक बिक चुका,scarcity,scarcity,hi,div,badge,[TAG=div] [ROLE=badge] Ajio पर गेमिंग माउस का 50% स्टॉक बिक चुका,scarcity:hi:18,synthetic_v1,0,0,0,0,1,0,0,0
रु. 249 मा 9 मात्र बाँकी,scarcity,scarcity,ne,p,promo,[TAG=p] [ROLE=promo] रु. 249 मा 9 मात्र बाँकी,scarcity:ne:10,synthetic_v1,0,0,0,0,1,0,0,0
Reliance Digital मा 1 स्मार्टवाच मात्र बाँकी,scarcity,scarcity,ne,div,badge,[TAG=div] [ROLE=badge] Reliance Digital मा 1 स्मार्टवाच मात्र बाँकी,scarcity:ne:15,synthetic_v1,0,0,0,0,1,0,0,0
"Only 9 left at Rs. 1,999",scarcity,scarcity,en,span,stock,"[TAG=span] [ROLE=stock] Only 9 left at Rs. 1,999",scarcity:en:10,synthetic_v1,0,0,0,0,1,0,0,0
"रु. 1,499 पर आख़िरी 3 इलेक्ट्रिक केटल",scarcity,scarcity,hi,div,badge,"[TAG=div] [ROLE=badge] रु. 1,499 पर आख़िरी 3 इलेक्ट्रिक केटल",scarcity:hi:17,synthetic_v1,0,0,0,0,1,0,0,0
सूरत में केवल 8 कमरे बचे,scarcity,scarcity,hi,p,promo,[TAG=p] [ROLE=promo] सूरत में केवल 8 कमरे बचे,scarcity:hi:05,synthetic_v1,0,0,0,0,1,0,0,0
Only 4 left at Rs. 249,scarcity,scarcity,en,span,stock,[TAG=span] [ROLE=stock] Only 4 left at Rs. 249,scarcity:en:10,synthetic_v1,0,0,0,0,1,0,0,0
कानपुर में केवल 12 कमरे बचे,scarcity,scarcity,hi,span,stock,[TAG=span] [ROLE=stock] कानपुर में केवल 12 कमरे बचे,scarcity:hi:05,synthetic_v1,0,0,0,0,1,0,0,0
Thulo इंदौर गोदाम: 7 गेमिंग माउस शेष,scarcity,scarcity,hi,p,promo,[TAG=p] [ROLE=promo] Thulo इंदौर गोदाम: 7 गेमिंग माउस शेष,scarcity:hi:19,synthetic_v1,0,0,0,0,1,0,0,0
Only 12 wireless earbuds remaining at this price,scarcity,scarcity,en,div,badge,[TAG=div] [ROLE=badge] Only 12 wireless earbuds remaining at this price,scarcity:en:01,synthetic_v1,0,0,0,0,1,0,0,0
"छिटो गर्नुहोस्, नेपालगन्ज गोदाममा 5 घामको चस्मा बाँकी",scarcity,scarcity,ne,div,badge,"[TAG=div] [ROLE=badge] छिटो गर्नुहोस्, नेपालगन्ज गोदाममा 5 घामको चस्मा बाँकी",scarcity:ne:13,synthetic_v1,0,0,0,0,1,0,0,0
Kinbech Kolkata warehouse: 9 rice cooker remaining,scarcity,scarcity,en,span,stock,[TAG=span] [ROLE=stock] Kinbech Kolkata warehouse: 9 rice cooker remaining,scarcity:en:19,synthetic_v1,0,0,0,0,1,0,0,0
Flipkart: हैदराबाद के लिए 4 इकाई बचीं,scarcity,scarcity,hi,span,stock,[TAG=span] [ROLE=stock] Flipkart: हैदराबाद के लिए 4 इकाई बचीं,scarcity:hi:16,synthetic_v1,0,0,0,0,1,0,0,0
"जल्दी करें, सूरत गोदाम में 10 लैपटॉप बैग बचे",scarcity,scarcity,hi,div,badge,"[TAG=div] [ROLE=badge] जल्दी करें, सूरत गोदाम में 10 लैपटॉप बैग बचे",scarcity:hi:13,synthetic_v1,0,0,0,0,1,0,0,0
5% of study lamp stock already sold at BigBasket,scarcity,scarcity,en,div,badge,[TAG=div] [ROLE=badge] 5% of study lamp stock already sold at BigBasket,scarcity:en:18,synthetic_v1,0,0,0,0,1,0,0,0
Only 4 left at Rs. 199,scarcity,scarcity,en,div,badge,[TAG=div] [ROLE=badge] Only 4 left at Rs. 199,scarcity:en:10,synthetic_v1,0,0,0,0,1,0,0,0
Myntra पर प्रोटीन पाउडर का 5% स्टॉक बिक चुका,scarcity,scarcity,hi,span,stock,[TAG=span] [ROLE=stock] Myntra पर प्रोटीन पाउडर का 5% स्टॉक बिक चुका,scarcity:hi:18,synthetic_v1,0,0,0,0,1,0,0,0
Lenskart: 5 units left for Surat,scarcity,scarcity,en,span,stock,[TAG=span] [ROLE=stock] Lenskart: 5 units left for Surat,scarcity:en:16,synthetic_v1,0,0,0,0,1,0,0,0
JioMart Pune warehouse: 5 induction cooktop remaining,scarcity,scarcity,en,p,promo,[TAG=p] [ROLE=promo] JioMart Pune warehouse: 5 induction cooktop remaining,scarcity:en:19,synthetic_v1,0,0,0,0,1,0,0,0
Salesberry: कानपुर के लिए 4 इकाई बचीं,scarcity,scarcity,hi,div,badge,[TAG=div] [ROLE=badge] Salesberry: कानपुर के लिए 4 इकाई बचीं,scarcity:hi:16,synthetic_v1,0,0,0,0,1,0,0,0
Kinbech वाराणसी गोदाम: 4 हेयर ड्रायर शेष,scarcity,scarcity,hi,div,badge,[TAG=div] [ROLE=badge] Kinbech वाराणसी गोदाम: 4 हेयर ड्रायर शेष,scarcity:hi:19,synthetic_v1,0,0,0,0,1,0,0,0
Last 2 phone case at Rs. 149,scarcity,scarcity,en,div,badge,[TAG=div] [ROLE=badge] Last 2 phone case at Rs. 149,scarcity:en:17,synthetic_v1,0,0,0,0,1,0,0,0
Only 3 left at Rs. 799,scarcity,scarcity,en,p,promo,[TAG=p] [ROLE=promo] Only 3 left at Rs. 799,scarcity:en:10,synthetic_v1,0,0,0,0,1,0,0,0
Only 12 rooms left in Nepalgunj,scarcity,scarcity,en,div,badge,[TAG=div] [ROLE=badge] Only 12 rooms left in Nepalgunj,scarcity:en:05,synthetic_v1,0,0,0,0,1,0,0,0
Last 3 rice cooker at Rs. 99,scarcity,scarcity,en,span,stock,[TAG=span] [ROLE=stock] Last 3 rice cooker at Rs. 99,scarcity:en:17,synthetic_v1,0,0,0,0,1,0,0,0
"छिटो गर्नुहोस्, तनहुँ गोदाममा 8 वायरलेस इयरबड्स बाँकी",scarcity,scarcity,ne,span,stock,"[TAG=span] [ROLE=stock] छिटो गर्नुहोस्, तनहुँ गोदाममा 8 वायरलेस इयरबड्स बाँकी",scarcity:ne:13,synthetic_v1,0,0,0,0,1,0,0,0
Only 10 rooms left in Patna,scarcity,scarcity,en,span,stock,[TAG=span] [ROLE=stock] Only 10 rooms left in Patna,scarcity:en:05,synthetic_v1,0,0,0,0,1,0,0,0
"रु. 1,199 मा अन्तिम 12 फर्मल सर्ट",scarcity,scarcity,ne,p,promo,"[TAG=p] [ROLE=promo] रु. 1,199 मा अन्तिम 12 फर्मल सर्ट",scarcity:ne:17,synthetic_v1,0,0,0,0,1,0,0,0
Ajio: 7 units left for Dharan,scarcity,scarcity,en,span,stock,[TAG=span] [ROLE=stock] Ajio: 7 units left for Dharan,scarcity:en:16,synthetic_v1,0,0,0,0,1,0,0,0
"छिटो गर्नुहोस्, बुटवल गोदाममा 3 अफिस कुर्सी बाँकी",scarcity,scarcity,ne,div,badge,"[TAG=div] [ROLE=badge] छिटो गर्नुहोस्, बुटवल गोदाममा 3 अफिस कुर्सी बाँकी",scarcity:ne:13,synthetic_v1,0,0,0,0,1,0,0,0
"18,332 people bought this today, stock running out",scarcity|social_proof,scarcity,en,p,promo,"[TAG=p] [ROLE=promo] 18,332 people bought this today, stock running out",scarcity:en:07,synthetic_v1,0,0,0,0,1,0,1,0
FirstCry पर केवल 10 धूप का चश्मा बचे,scarcity,scarcity,hi,div,badge,[TAG=div] [ROLE=badge] FirstCry पर केवल 10 धूप का चश्मा बचे,scarcity:hi:15,synthetic_v1,0,0,0,0,1,0,0,0
चंडीगढ़ में केवल 9 कमरे बचे,scarcity,scarcity,hi,div,badge,[TAG=div] [ROLE=badge] चंडीगढ़ में केवल 9 कमरे बचे,scarcity:hi:05,synthetic_v1,0,0,0,0,1,0,0,0
केवल 6 बचे — 15% छूट जल्द खत्म,scarcity|false_urgency,scarcity,hi,div,badge,[TAG=div] [ROLE=badge] केवल 6 बचे — 15% छूट जल्द खत्म,scarcity:hi:12,synthetic_v1,0,1,0,0,1,0,0,0
Only 7 rooms left in Pune,scarcity,scarcity,en,div,badge,[TAG=div] [ROLE=badge] Only 7 rooms left in Pune,scarcity:en:05,synthetic_v1,0,0,0,0,1,0,0,0
उच्च माग — स्मार्टवाच को सीमित परिमाण,scarcity,scarcity,ne,span,stock,[TAG=span] [ROLE=stock] उच्च माग — स्मार्टवाच को सीमित परिमाण,scarcity:ne:06,synthetic_v1,0,0,0,0,1,0,0,0
5 मात्र बाँकी — 30% छुट चाँडै सकिन्छ,scarcity|false_urgency,scarcity,ne,div,badge,[TAG=div] [ROLE=badge] 5 मात्र बाँकी — 30% छुट चाँडै सकिन्छ,scarcity:ne:12,synthetic_v1,0,1,0,0,1,0,0,0
Only 7 left — 20% off ends soon,scarcity|false_urgency,scarcity,en,div,badge,[TAG=div] [ROLE=badge] Only 7 left — 20% off ends soon,scarcity:en:12,synthetic_v1,0,1,0,0,1,0,0,0
Low stock: only 8 units of hair dryer,scarcity,scarcity,en,p,promo,[TAG=p] [ROLE=promo] Low stock: only 8 units of hair dryer,scarcity:en:03,synthetic_v1,0,0,0,0,1,0,0,0
काठमाडौँ मा 3 कोठा मात्र बाँकी,scarcity,scarcity,ne,span,stock,[TAG=span] [ROLE=stock] काठमाडौँ मा 3 कोठा मात्र बाँकी,scarcity:ne:05,synthetic_v1,0,0,0,0,1,0,0,0
धनगढी मा 5 कोठा मात्र बाँकी,scarcity,scarcity,ne,p,promo,[TAG=p] [ROLE=promo] धनगढी मा 5 कोठा मात्र बाँकी,scarcity:ne:05,synthetic_v1,0,0,0,0,1,0,0,0
इस दाम पर केवल 6 ट्रेकिंग जैकेट उपलब्ध,scarcity,scarcity,hi,span,stock,[TAG=span] [ROLE=stock] इस दाम पर केवल 6 ट्रेकिंग जैकेट उपलब्ध,scarcity:hi:01,synthetic_v1,0,0,0,0,1,0,0,0
Ajio: 7 units left for Nepalgunj,scarcity,scarcity,en,span,stock,[TAG=span] [ROLE=stock] Ajio: 7 units left for Nepalgunj,scarcity:en:16,synthetic_v1,0,0,0,0,1,0,0,0
वाराणसी में केवल 3 कमरे बचे,scarcity,scarcity,hi,span,stock,[TAG=span] [ROLE=stock] वाराणसी में केवल 3 कमरे बचे,scarcity:hi:05,synthetic_v1,0,0,0,0,1,0,0,0
Last 8 hair dryer at Rs. 149,scarcity,scarcity,en,p,promo,[TAG=p] [ROLE=promo] Last 8 hair dryer at Rs. 149,scarcity:en:17,synthetic_v1,0,0,0,0,1,0,0,0
रु. 449 मा अन्तिम 2 स्मार्टवाच,scarcity,scarcity,ne,span,stock,[TAG=span] [ROLE=stock] रु. 449 मा अन्तिम 2 स्मार्टवाच,scarcity:ne:17,synthetic_v1,0,0,0,0,1,0,0,0
नागपुर में केवल 4 कमरे बचे,scarcity,scarcity,hi,span,stock,[TAG=span] [ROLE=stock] नागपुर में केवल 4 कमरे बचे,scarcity:hi:05,synthetic_v1,0,0,0,0,1,0,0,0
HamroBazar: सूरत के लिए 9 इकाई बचीं,scarcity,scarcity,hi,span,stock,[TAG=span] [ROLE=stock] HamroBazar: सूरत के लिए 9 इकाई बचीं,scarcity:hi:16,synthetic_v1,0,0,0,0,1,0,0,0
"रु. 1,999 मा अन्तिम 8 हिउँदको ब्ल्याङ्केट",scarcity,scarcity,ne,span,stock,"[TAG=span] [ROLE=stock] रु. 1,999 मा अन्तिम 8 हिउँदको ब्ल्याङ्केट",scarcity:ne:17,synthetic_v1,0,0,0,0,1,0,0,0
उच्च माग — डेनिम जिन्स को सीमित परिमाण,scarcity,scarcity,ne,p,promo,[TAG=p] [ROLE=promo] उच्च माग — डेनिम जिन्स को सीमित परिमाण,scarcity:ne:06,synthetic_v1,0,0,0,0,1,0,0,0
कम स्टॉक: एयर फ्रायर की केवल 4 इकाई,scarcity,scarcity,hi,p,promo,[TAG=p] [ROLE=promo] कम स्टॉक: एयर फ्रायर की केवल 4 इकाई,scarcity:hi:03,synthetic_v1,0,0,0,0,1,0,0,0
Only 2 school bag left at Blinkit,scarcity,scarcity,en,p,promo,[TAG=p] [ROLE=promo] Only 2 school bag left at Blinkit,scarcity:en:15,synthetic_v1,0,0,0,0,1,0,0,0
Lenskart धरान गोदाम: 10 गेमिङ माउस बाँकी,scarcity,scarcity,ne,div,badge,[TAG=div] [ROLE=badge] Lenskart धरान गोदाम: 10 गेमिङ माउस बाँकी,scarcity:ne:19,synthetic_v1,0,0,0,0,1,0,0,0
Amazon पर केवल 12 कॉटन कुर्ता बचे,scarcity,scarcity,hi,div,badge,[TAG=div] [ROLE=badge] Amazon पर केवल 12 कॉटन कुर्ता बचे,scarcity:hi:15,synthetic_v1,0,0,0,0,1,0,0,0
इस दाम पर केवल 8 पावर बैंक उपलब्ध,scarcity,scarcity,hi,div,badge,[TAG=div] [ROLE=badge] इस दाम पर केवल 8 पावर बैंक उपलब्ध,scarcity:hi:01,synthetic_v1,0,0,0,0,1,0,0,0
7 मात्र बाँकी — 5% छुट चाँडै सकिन्छ,scarcity|false_urgency,scarcity,ne,span,stock,[TAG=span] [ROLE=stock] 7 मात्र बाँकी — 5% छुट चाँडै सकिन्छ,scarcity:ne:12,synthetic_v1,0,1,0,0,1,0,0,0
सीमित संस्करण पानी की बोतल — जब तक स्टॉक,scarcity,scarcity,hi,p,promo,[TAG=p] [ROLE=promo] सीमित संस्करण पानी की बोतल — जब तक स्टॉक,scarcity:hi:09,synthetic_v1,0,0,0,0,1,0,0,0
यो मूल्यमा 9 ल्यापटप ब्याग मात्र उपलब्ध,scarcity,scarcity,ne,span,stock,[TAG=span] [ROLE=stock] यो मूल्यमा 9 ल्यापटप ब्याग मात्र उपलब्ध,scarcity:ne:01,synthetic_v1,0,0,0,0,1,0,0,0
Zepto: नासिक के लिए 9 इकाई बचीं,scarcity,scarcity,hi,div,badge,[TAG=div] [ROLE=badge] Zepto: नासिक के लिए 9 इकाई बचीं,scarcity:hi:16,synthetic_v1,0,0,0,0,1,0,0,0
Only 12 rooms left in Lalitpur,scarcity,scarcity,en,p,promo,[TAG=p] [ROLE=promo] Only 12 rooms left in Lalitpur,scarcity:en:05,synthetic_v1,0,0,0,0,1,0,0,0
"छिटो गर्नुहोस्, विराटनगर गोदाममा 5 ब्याकप्याक बाँकी",scarcity,scarcity,ne,p,promo,"[TAG=p] [ROLE=promo] छिटो गर्नुहोस्, विराटनगर गोदाममा 5 ब्याकप्याक बाँकी",scarcity:ne:13,synthetic_v1,0,0,0,0,1,0,0,0
Only 4 rooms left in Delhi,scarcity,scarcity,en,p,promo,[TAG=p] [ROLE=promo] Only 4 rooms left in Delhi,scarcity:en:05,synthetic_v1,0,0,0,0,1,0,0,0
Meesho पर केवल 3 नॉइज़ कैंसलिंग हेडफोन बचे,scarcity,scarcity,hi,div,badge,[TAG=div] [ROLE=badge] Meesho पर केवल 3 नॉइज़ कैंसलिंग हेडफोन बचे,scarcity:hi:15,synthetic_v1,0,0,0,0,1,0,0,0
"जल्दी करें, चंडीगढ़ गोदाम में 1 कॉटन कुर्ता बचे",scarcity,scarcity,hi,div,badge,"[TAG=div] [ROLE=badge] जल्दी करें, चंडीगढ़ गोदाम में 1 कॉटन कुर्ता बचे",scarcity:hi:13,synthetic_v1,0,0,0,0,1,0,0,0
रु. 49 पर केवल 1 बचे,scarcity,scarcity,hi,div,badge,[TAG=div] [ROLE=badge] रु. 49 पर केवल 1 बचे,scarcity:hi:10,synthetic_v1,0,0,0,0,1,0,0,0
रु. 199 मा 12 मात्र बाँकी,scarcity,scarcity,ne,p,promo,[TAG=p] [ROLE=promo] रु. 199 मा 12 मात्र बाँकी,scarcity:ne:10,synthetic_v1,0,0,0,0,1,0,0,0
Only 2 power bank remaining at this price,scarcity,scarcity,en,span,stock,[TAG=span] [ROLE=stock] Only 2 power bank remaining at this price,scarcity:en:01,synthetic_v1,0,0,0,0,1,0,0,0
Daraz पर केवल 10 योगा मैट बचे,scarcity,scarcity,hi,div,badge,[TAG=div] [ROLE=badge] Daraz पर केवल 10 योगा मैट बचे,scarcity:hi:15,synthetic_v1,0,0,0,0,1,0,0,0
Only 5 left — 30% off ends soon,scarcity|false_urgency,scarcity,en,div,badge,[TAG=div] [ROLE=badge] Only 5 left — 30% off ends soon,scarcity:en:12,synthetic_v1,0,1,0,0,1,0,0,0
High demand — limited units of rice cooker,scarcity,scarcity,en,div,badge,[TAG=div] [ROLE=badge] High demand — limited units of rice cooker,scarcity:en:06,synthetic_v1,0,0,0,0,1,0,0,0
4 मात्र बाँकी — 5% छुट चाँडै सकिन्छ,scarcity|false_urgency,scarcity,ne,div,badge,[TAG=div] [ROLE=badge] 4 मात्र बाँकी — 5% छुट चाँडै सकिन्छ,scarcity:ne:12,synthetic_v1,0,1,0,0,1,0,0,0
इटहरी मा 4 कोठा मात्र बाँकी,scarcity,scarcity,ne,span,stock,[TAG=span] [ROLE=stock] इटहरी मा 4 कोठा मात्र बाँकी,scarcity:ne:05,synthetic_v1,0,0,0,0,1,0,0,0
Kinbech कोलकाता गोदाम: 3 धूप का चश्मा शेष,scarcity,scarcity,hi,div,badge,[TAG=div] [ROLE=badge] Kinbech कोलकाता गोदाम: 3 धूप का चश्मा शेष,scarcity:hi:19,synthetic_v1,0,0,0,0,1,0,0,0
Daraz Butwal warehouse: 6 bluetooth speaker remaining,scarcity,scarcity,en,div,badge,[TAG=div] [ROLE=badge] Daraz Butwal warehouse: 6 bluetooth speaker remaining,scarcity:en:19,synthetic_v1,0,0,0,0,1,0,0,0
कम स्टक: फोन कभर को 1 थान मात्र,scarcity,scarcity,ne,span,stock,[TAG=span] [ROLE=stock] कम स्टक: फोन कभर को 1 थान मात्र,scarcity:ne:03,synthetic_v1,0,0,0,0,1,0,0,0
Only 3 school bag left at Snapdeal,scarcity,scarcity,en,span,stock,[TAG=span] [ROLE=stock] Only 3 school bag left at Snapdeal,scarcity:en:15,synthetic_v1,0,0,0,0,1,0,0,0
Muncha पर पानी की बोतल का 5% स्टॉक बिक चुका,scarcity,scarcity,hi,div,badge,[TAG=div] [ROLE=badge] Muncha पर पानी की बोतल का 5% स्टॉक बिक चुका,scarcity:hi:18,synthetic_v1,0,0,0,0,1,0,0,0
Stock alert: fewer than 12 remaining,scarcity,scarcity,en,div,badge,[TAG=div] [ROLE=badge] Stock alert: fewer than 12 remaining,scarcity:en:14,synthetic_v1,0,0,0,0,1,0,0,0
Zepto इटहरी गोदाम: 10 स्पोर्ट्स चप्पल बाँकी,scarcity,scarcity,ne,div,badge,[TAG=div] [ROLE=badge] Zepto इटहरी गोदाम: 10 स्पोर्ट्स चप्पल बाँकी,scarcity:ne:19,synthetic_v1,0,0,0,0,1,0,0,0
Blinkit मा 5 इलेक्ट्रिक केतली मात्र बाँकी,scarcity,scarcity,ne,span,stock,[TAG=span] [ROLE=stock] Blinkit मा 5 इलेक्ट्रिक केतली मात्र बाँकी,scarcity:ne:15,synthetic_v1,0,0,0,0,1,0,0,0
Zepto अहमदाबाद गोदाम: 6 योगा मैट शेष,scarcity,scarcity,hi,div,badge,[TAG=div] [ROLE=badge] Zepto अहमदाबाद गोदाम: 6 योगा मैट शेष,scarcity:hi:19,synthetic_v1,0,0,0,0,1,0,0,0
लखनऊ में केवल 12 कमरे बचे,scarcity,scarcity,hi,span,stock,[TAG=span] [ROLE=stock] लखनऊ में केवल 12 कमरे बचे,scarcity:hi:05,synthetic_v1,0,0,0,0,1,0,0,0
अहिले 3 कार्टमा छ,scarcity,scarcity,ne,p,promo,[TAG=p] [ROLE=promo] अहिले 3 कार्टमा छ,scarcity:ne:11,synthetic_v1,0,0,0,0,1,0,0,0
"तेजी से बिक रहा है, 8 बचे",scarcity,scarcity,hi,span,stock,"[TAG=span] [ROLE=stock] तेजी से बिक रहा है, 8 बचे",scarcity:hi:08,synthetic_v1,0,0,0,0,1,0,0,0
आख़िरी 4 पीस उपलब्ध,scarcity,scarcity,hi,p,promo,[TAG=p] [ROLE=promo] आख़िरी 4 पीस उपलब्ध,scarcity:hi:04,synthetic_v1,0,0,0,0,1,0,0,0
Only 6 sunglasses left at Salesberry,scarcity,scarcity,en,div,badge,[TAG=div] [ROLE=badge] Only 6 sunglasses left at Salesberry,scarcity:en:15,synthetic_v1,0,0,0,0,1,0,0,0
Tata Cliq दिल्ली गोदाम: 8 स्पोर्ट्स सैंडल शेष,scarcity,scarcity,hi,span,stock,[TAG=span] [ROLE=stock] Tata Cliq दिल्ली गोदाम: 8 स्पोर्ट्स सैंडल शेष,scarcity:hi:19,synthetic_v1,0,0,0,0,1,0,0,0
इस दाम पर केवल 10 ब्लूटूथ स्पीकर उपलब्ध,scarcity,scarcity,hi,p,promo,[TAG=p] [ROLE=promo] इस दाम पर केवल 10 ब्लूटूथ स्पीकर उपलब्ध,scarcity:hi:01,synthetic_v1,0,0,0,0,1,0,0,0
इस दाम पर केवल 7 इलेक्ट्रिक केटल उपलब्ध,scarcity,scarcity,hi,span,stock,[TAG=span] [ROLE=stock] इस दाम पर केवल 7 इलेक्ट्रिक केटल उपलब्ध,scarcity:hi:01,synthetic_v1,0,0,0,0,1,0,0,0
रु. 599 मा 3 मात्र बाँकी,scarcity,scarcity,ne,span,stock,[TAG=span] [ROLE=stock] रु. 599 मा 3 मात्र बाँकी,scarcity:ne:10,synthetic_v1,0,0,0,0,1,0,0,0
Flipkart पर केवल 3 फेस वॉश बचे,scarcity,scarcity,hi,span,stock,[TAG=span] [ROLE=stock] Flipkart पर केवल 3 फेस वॉश बचे,scarcity:hi:15,synthetic_v1,0,0,0,0,1,0,0,0
"रु. 2,499 मा अन्तिम 3 घामको चस्मा",scarcity,scarcity,ne,div,badge,"[TAG=div] [ROLE=badge] रु. 2,499 मा अन्तिम 3 घामको चस्मा",scarcity:ne:17,synthetic_v1,0,0,0,0,1,0,0,0
"Hurry, 4 protein powder left in Surat warehouse",scarcity,scarcity,en,span,stock,"[TAG=span] [ROLE=stock] Hurry, 4 protein powder left in Surat warehouse",scarcity:en:13,synthetic_v1,0,0,0,0,1,0,0,0
रु. 249 पर केवल 2 बचे,scarcity,scarcity,hi,p,promo,[TAG=p] [ROLE=promo] रु. 249 पर केवल 2 बचे,scarcity:hi:10,synthetic_v1,0,0,0,0,1,0,0,0
Croma पर प्रोटीन पाउडर का 10% स्टॉक बिक चुका,scarcity,scarcity,hi,div,badge,[TAG=div] [ROLE=badge] Croma पर प्रोटीन पाउडर का 10% स्टॉक बिक चुका,scarcity:hi:18,synthetic_v1,0,0,0,0,1,0,0,0
"Hurry, 5 face wash left in Kolkata warehouse",scarcity,scarcity,en,span,stock,"[TAG=span] [ROLE=stock] Hurry, 5 face wash left in Kolkata warehouse",scarcity:en:13,synthetic_v1,0,0,0,0,1,0,0,0
रु. 149 मा अन्तिम 4 हेयर ड्रायर,scarcity,scarcity,ne,span,stock,[TAG=span] [ROLE=stock] रु. 149 मा अन्तिम 4 हेयर ड्रायर,scarcity:ne:17,synthetic_v1,0,0,0,0,1,0,0,0
केवल 3 बचे — 30% छूट जल्द खत्म,scarcity|false_urgency,scarcity,hi,span,stock,[TAG=span] [ROLE=stock] केवल 3 बचे — 30% छूट जल्द खत्म,scarcity:hi:12,synthetic_v1,0,1,0,0,1,0,0,0
रु. 599 पर केवल 9 बचे,scarcity,scarcity,hi,p,promo,[TAG=p] [ROLE=promo] रु. 599 पर केवल 9 बचे,scarcity:hi:10,synthetic_v1,0,0,0,0,1,0,0,0
रु. 599 मा अन्तिम 1 स्टडी लाइट,scarcity,scarcity,ne,p,promo,[TAG=p] [ROLE=promo] रु. 599 मा अन्तिम 1 स्टडी लाइट,scarcity:ne:17,synthetic_v1,0,0,0,0,1,0,0,0
इस दाम पर केवल 7 स्कूल बैग उपलब्ध,scarcity,scarcity,hi,p,promo,[TAG=p] [ROLE=promo] इस दाम पर केवल 7 स्कूल बैग उपलब्ध,scarcity:hi:01,synthetic_v1,0,0,0,0,1,0,0,0
Low stock: only 12 units of office chair,scarcity,scarcity,en,div,badge,[TAG=div] [ROLE=badge] Low stock: only 12 units of office chair,scarcity:en:03,synthetic_v1,0,0,0,0,1,0,0,0
"Hurry, 12 phone case left in Jaipur warehouse",scarcity,scarcity,en,span,stock,"[TAG=span] [ROLE=stock] Hurry, 12 phone case left in Jaipur warehouse",scarcity:en:13,synthetic_v1,0,0,0,0,1,0,0,0
Low stock: only 9 units of laptop bag,scarcity,scarcity,en,p,promo,[TAG=p] [ROLE=promo] Low stock: only 9 units of laptop bag,scarcity:en:03,synthetic_v1,0,0,0,0,1,0,0,0
अहिले 9 कार्टमा छ,scarcity,scarcity,ne,span,stock,[TAG=span] [ROLE=stock] अहिले 9 कार्टमा छ,scarcity:ne:11,synthetic_v1,0,0,0,0,1,0,0,0
30% of power bank stock already sold at Ajio,scarcity,scarcity,en,p,promo,[TAG=p] [ROLE=promo] 30% of power bank stock already sold at Ajio,scarcity:en:18,synthetic_v1,0,0,0,0,1,0,0,0
Gyapu मा घामको चस्मा को 15% स्टक बिक्री भइसक्यो,scarcity,scarcity,ne,p,promo,[TAG=p] [ROLE=promo] Gyapu मा घामको चस्मा को 15% स्टक बिक्री भइसक्यो,scarcity:ne:18,synthetic_v1,0,0,0,0,1,0,0,0
Low stock: only 9 units of running shoes,scarcity,scarcity,en,div,badge,[TAG=div] [ROLE=badge] Low stock: only 9 units of running shoes,scarcity:en:03,synthetic_v1,0,0,0,0,1,0,0,0
Only 12 left at Rs. 249,scarcity,scarcity,en,div,badge,[TAG=div] [ROLE=badge] Only 12 left at Rs. 249,scarcity:en:10,synthetic_v1,0,0,0,0,1,0,0,0
"26,940 people bought this today, stock running out",scarcity|social_proof,scarcity,en,div,badge,"[TAG=div] [ROLE=badge] 26,940 people bought this today, stock running out",scarcity:en:07,synthetic_v1,0,0,0,0,1,0,1,0
"जल्दी करें, चंडीगढ़ गोदाम में 6 कॉफी मेकर बचे",scarcity,scarcity,hi,div,badge,"[TAG=div] [ROLE=badge] जल्दी करें, चंडीगढ़ गोदाम में 6 कॉफी मेकर बचे",scarcity:hi:13,synthetic_v1,0,0,0,0,1,0,0,0
"जल्दी करें, बेंगलुरु गोदाम में 10 हेयर ड्रायर बचे",scarcity,scarcity,hi,span,stock,"[TAG=span] [ROLE=stock] जल्दी करें, बेंगलुरु गोदाम में 10 हेयर ड्रायर बचे",scarcity:hi:13,synthetic_v1,0,0,0,0,1,0,0,0
Flipkart मा 5 गेमिङ माउस मात्र बाँकी,scarcity,scarcity,ne,p,promo,[TAG=p] [ROLE=promo] Flipkart मा 5 गेमिङ माउस मात्र बाँकी,scarcity:ne:15,synthetic_v1,0,0,0,0,1,0,0,0
"छिटो गर्नुहोस्, हेटौंडा गोदाममा 7 कफी मेकर बाँकी",scarcity,scarcity,ne,p,promo,"[TAG=p] [ROLE=promo] छिटो गर्नुहोस्, हेटौंडा गोदाममा 7 कफी मेकर बाँकी",scarcity:ne:13,synthetic_v1,0,0,0,0,1,0,0,0
Amazon मा पानीको बोतल को 50% स्टक बिक्री भइसक्यो,scarcity,scarcity,ne,div,badge,[TAG=div] [ROLE=badge] Amazon मा पानीको बोतल को 50% स्टक बिक्री भइसक्यो,scarcity:ne:18,synthetic_v1,0,0,0,0,1,0,0,0
कम स्टक: स्कुल ब्याग को 1 थान मात्र,scarcity,scarcity,ne,div,badge,[TAG=div] [ROLE=badge] कम स्टक: स्कुल ब्याग को 1 थान मात्र,scarcity:ne:03,synthetic_v1,0,0,0,0,1,0,0,0
"आज 812 लोगों ने खरीदा, स्टॉक कम",scarcity|social_proof,scarcity,hi,div,badge,"[TAG=div] [ROLE=badge] आज 812 लोगों ने खरीदा, स्टॉक कम",scarcity:hi:07,synthetic_v1,0,0,0,0,1,0,1,0
चितवन मा 3 कोठा मात्र बाँकी,scarcity,scarcity,ne,span,stock,[TAG=span] [ROLE=stock] चितवन मा 3 कोठा मात्र बाँकी,scarcity:ne:05,synthetic_v1,0,0,0,0,1,0,0,0
25% of face wash stock already sold at Thulo,scarcity,scarcity,en,p,promo,[TAG=p] [ROLE=promo] 25% of face wash stock already sold at Thulo,scarcity:en:18,synthetic_v1,0,0,0,0,1,0,0,0
"27 people bought this today, stock running out",scarcity|social_proof,scarcity,en,div,badge,"[TAG=div] [ROLE=badge] 27 people bought this today, stock running out",scarcity:en:07,synthetic_v1,0,0,0,0,1,0,1,0
Last 4 laptop bag at Rs. 249,scarcity,scarcity,en,p,promo,[TAG=p] [ROLE=promo] Last 4 laptop bag at Rs. 249,scarcity:en:17,synthetic_v1,0,0,0,0,1,0,0,0
"छिटो गर्नुहोस्, धरान गोदाममा 2 घामको चस्मा बाँकी",scarcity,scarcity,ne,div,badge,"[TAG=div] [ROLE=badge] छिटो गर्नुहोस्, धरान गोदाममा 2 घामको चस्मा बाँकी",scarcity:ne:13,synthetic_v1,0,0,0,0,1,0,0,0
High demand — limited units of electric kettle,scarcity,scarcity,en,p,promo,[TAG=p] [ROLE=promo] High demand — limited units of electric kettle,scarcity:en:06,synthetic_v1,0,0,0,0,1,0,0,0
इस दाम पर केवल 10 ट्रेकिंग जैकेट उपलब्ध,scarcity,scarcity,hi,div,badge,[TAG=div] [ROLE=badge] इस दाम पर केवल 10 ट्रेकिंग जैकेट उपलब्ध,scarcity:hi:01,synthetic_v1,0,0,0,0,1,0,0,0
"Only 10 left at Rs. 2,999",scarcity,scarcity,en,span,stock,"[TAG=span] [ROLE=stock] Only 10 left at Rs. 2,999",scarcity:en:10,synthetic_v1,0,0,0,0,1,0,0,0
सीमित संस्करण योगा मैट — जब तक स्टॉक,scarcity,scarcity,hi,div,badge,[TAG=div] [ROLE=badge] सीमित संस्करण योगा मैट — जब तक स्टॉक,scarcity:hi:09,synthetic_v1,0,0,0,0,1,0,0,0
Croma: सूरत के लिए 3 इकाई बचीं,scarcity,scarcity,hi,div,badge,[TAG=div] [ROLE=badge] Croma: सूरत के लिए 3 इकाई बचीं,scarcity:hi:16,synthetic_v1,0,0,0,0,1,0,0,0
High demand — limited units of water bottle,scarcity,scarcity,en,span,stock,[TAG=span] [ROLE=stock] High demand — limited units of water bottle,scarcity:en:06,synthetic_v1,0,0,0,0,1,0,0,0
Salesberry पर केवल 12 ऑफिस चेयर बचे,scarcity,scarcity,hi,div,badge,[TAG=div] [ROLE=badge] Salesberry पर केवल 12 ऑफिस चेयर बचे,scarcity:hi:15,synthetic_v1,0,0,0,0,1,0,0,0
15% of yoga mat stock already sold at Lenskart,scarcity,scarcity,en,p,promo,[TAG=p] [ROLE=promo] 15% of yoga mat stock already sold at Lenskart,scarcity:en:18,synthetic_v1,0,0,0,0,1,0,0,0
Blinkit पर केवल 8 धूप का चश्मा बचे,scarcity,scarcity,hi,p,promo,[TAG=p] [ROLE=promo] Blinkit पर केवल 8 धूप का चश्मा बचे,scarcity:hi:15,synthetic_v1,0,0,0,0,1,0,0,0
Only 8 study lamp left at Gyapu,scarcity,scarcity,en,span,stock,[TAG=span] [ROLE=stock] Only 8 study lamp left at Gyapu,scarcity:en:15,synthetic_v1,0,0,0,0,1,0,0,0
Low stock: only 8 units of noise cancelling headphones,scarcity,scarcity,en,p,promo,[TAG=p] [ROLE=promo] Low stock: only 8 units of noise cancelling headphones,scarcity:en:03,synthetic_v1,0,0,0,0,1,0,0,0
OkDam: मुंबई के लिए 5 इकाई बचीं,scarcity,scarcity,hi,span,stock,[TAG=span] [ROLE=stock] OkDam: मुंबई के लिए 5 इकाई बचीं,scarcity:hi:16,synthetic_v1,0,0,0,0,1,0,0,0
HamroBazar पर केवल 8 इलेक्ट्रिक केटल बचे,scarcity,scarcity,hi,span,stock,[TAG=span] [ROLE=stock] HamroBazar पर केवल 8 इलेक्ट्रिक केटल बचे,scarcity:hi:15,synthetic_v1,0,0,0,0,1,0,0,0
3 मात्र बाँकी — 20% छुट चाँडै सकिन्छ,scarcity|false_urgency,scarcity,ne,span,stock,[TAG=span] [ROLE=stock] 3 मात्र बाँकी — 20% छुट चाँडै सकिन्छ,scarcity:ne:12,synthetic_v1,0,1,0,0,1,0,0,0
Only 5 rooms left in Biratnagar,scarcity,scarcity,en,div,badge,[TAG=div] [ROLE=badge] Only 5 rooms left in Biratnagar,scarcity:en:05,synthetic_v1,0,0,0,0,1,0,0,0
Only 10 backpack left at JioMart,scarcity,scarcity,en,span,stock,[TAG=span] [ROLE=stock] Only 10 backpack left at JioMart,scarcity:en:15,synthetic_v1,0,0,0,0,1,0,0,0
Gyapu Jaipur warehouse: 7 backpack remaining,scarcity,scarcity,en,span,stock,[TAG=span] [ROLE=stock] Gyapu Jaipur warehouse: 7 backpack remaining,scarcity:en:19,synthetic_v1,0,0,0,0,1,0,0,0
Last 9 sunglasses at Rs. 799,scarcity,scarcity,en,span,stock,[TAG=span] [ROLE=stock] Last 9 sunglasses at Rs. 799,scarcity:en:17,synthetic_v1,0,0,0,0,1,0,0,0
"रु. 1,499 पर आख़िरी 4 इंडक्शन चूल्हा",scarcity,scarcity,hi,span,stock,"[TAG=span] [ROLE=stock] रु. 1,499 पर आख़िरी 4 इंडक्शन चूल्हा",scarcity:hi:17,synthetic_v1,0,0,0,0,1,0,0,0
"छिटो गर्नुहोस्, धनगढी गोदाममा 6 पावर ब्यांक बाँकी",scarcity,scarcity,ne,div,badge,"[TAG=div] [ROLE=badge] छिटो गर्नुहोस्, धनगढी गोदाममा 6 पावर ब्यांक बाँकी",scarcity:ne:13,synthetic_v1,0,0,0,0,1,0,0,0
Thulo पर केवल 4 राइस कुकर बचे,scarcity,scarcity,hi,div,badge,[TAG=div] [ROLE=badge] Thulo पर केवल 4 राइस कुकर बचे,scarcity:hi:15,synthetic_v1,0,0,0,0,1,0,0,0
Only 10 sunglasses left at Myntra,scarcity,scarcity,en,div,badge,[TAG=div] [ROLE=badge] Only 10 sunglasses left at Myntra,scarcity:en:15,synthetic_v1,0,0,0,0,1,0,0,0
Gyapu मा 7 घामको चस्मा मात्र बाँकी,scarcity,scarcity,ne,span,stock,[TAG=span] [ROLE=stock] Gyapu मा 7 घामको चस्मा मात्र बाँकी,scarcity:ne:15,synthetic_v1,0,0,0,0,1,0,0,0
स्टॉक में केवल 1 बचे!,scarcity,scarcity,hi,span,stock,[TAG=span] [ROLE=stock] स्टॉक में केवल 1 बचे!,scarcity:hi:00,synthetic_v1,0,0,0,0,1,0,0,0
5 मात्र बाँकी — 50% छुट चाँडै सकिन्छ,scarcity|false_urgency,scarcity,ne,p,promo,[TAG=p] [ROLE=promo] 5 मात्र बाँकी — 50% छुट चाँडै सकिन्छ,scarcity:ne:12,synthetic_v1,0,1,0,0,1,0,0,0
In 3 carts right now,scarcity,scarcity,en,div,badge,[TAG=div] [ROLE=badge] In 3 carts right now,scarcity:en:11,synthetic_v1,0,0,0,0,1,0,0,0
केवल 1 बचे — 40% छूट जल्द खत्म,scarcity|false_urgency,scarcity,hi,div,badge,[TAG=div] [ROLE=badge] केवल 1 बचे — 40% छूट जल्द खत्म,scarcity:hi:12,synthetic_v1,0,1,0,0,1,0,0,0
Lenskart: नेपालगन्ज का लागि 12 थान बाँकी,scarcity,scarcity,ne,span,stock,[TAG=span] [ROLE=stock] Lenskart: नेपालगन्ज का लागि 12 थान बाँकी,scarcity:ne:16,synthetic_v1,0,0,0,0,1,0,0,0
Muncha: दिल्ली के लिए 10 इकाई बचीं,scarcity,scarcity,hi,p,promo,[TAG=p] [ROLE=promo] Muncha: दिल्ली के लिए 10 इकाई बचीं,scarcity:hi:16,synthetic_v1,0,0,0,0,1,0,0,0
Croma पर कॉफी मेकर का 5% स्टॉक बिक चुका,scarcity,scarcity,hi,div,badge,[TAG=div] [ROLE=badge] Croma पर कॉफी मेकर का 5% स्टॉक बिक चुका,scarcity:hi:18,synthetic_v1,0,0,0,0,1,0,0,0
"जल्दी करें, जयपुर गोदाम में 6 धूप का चश्मा बचे",scarcity,scarcity,hi,p,promo,"[TAG=p] [ROLE=promo] जल्दी करें, जयपुर गोदाम में 6 धूप का चश्मा बचे",scarcity:hi:13,synthetic_v1,0,0,0,0,1,0,0,0
स्टक अलर्ट: 2 भन्दा कम बाँकी,scarcity,scarcity,ne,span,stock,[TAG=span] [ROLE=stock] स्टक अलर्ट: 2 भन्दा कम बाँकी,scarcity:ne:14,synthetic_v1,0,0,0,0,1,0,0,0
रु. 999 मा अन्तिम 9 नोइज क्यान्सलिङ हेडफोन,scarcity,scarcity,ne,div,badge,[TAG=div] [ROLE=badge] रु. 999 मा अन्तिम 9 नोइज क्यान्सलिङ हेडफोन,scarcity:ne:17,synthetic_v1,0,0,0,0,1,0,0,0
High demand — limited units of formal shirt,scarcity,scarcity,en,span,stock,[TAG=span] [ROLE=stock] High demand — limited units of formal shirt,scarcity:en:06,synthetic_v1,0,0,0,0,1,0,0,0
यो मूल्यमा 8 स्मार्टवाच मात्र उपलब्ध,scarcity,scarcity,ne,p,promo,[TAG=p] [ROLE=promo] यो मूल्यमा 8 स्मार्टवाच मात्र उपलब्ध,scarcity:ne:01,synthetic_v1,0,0,0,0,1,0,0,0
Lenskart: 2 units left for Pokhara,scarcity,scarcity,en,span,stock,[TAG=span] [ROLE=stock] Lenskart: 2 units left for Pokhara,scarcity:en:16,synthetic_v1,0,0,0,0,1,0,0,0
Nykaa मा वायरलेस इयरबड्स को 15% स्टक बिक्री भइसक्यो,scarcity,scarcity,ne,div,badge,[TAG=div] [ROLE=badge] Nykaa मा वायरलेस इयरबड्स को 15% स्टक बिक्री भइसक्यो,scarcity:ne:18,synthetic_v1,0,0,0,0,1,0,0,0
रु. 799 पर आख़िरी 7 बैकपैक,scarcity,scarcity,hi,p,promo,[TAG=p] [ROLE=promo] रु. 799 पर आख़िरी 7 बैकपैक,scarcity:hi:17,synthetic_v1,0,0,0,0,1,0,0,0
Only 4 left at Rs. 349,scarcity,scarcity,en,p,promo,[TAG=p] [ROLE=promo] Only 4 left at Rs. 349,scarcity:en:10,synthetic_v1,0,0,0,0,1,0,0,0
यो मूल्यमा 1 स्टडी लाइट मात्र उपलब्ध,scarcity,scarcity,ne,div,badge,[TAG=div] [ROLE=badge] यो मूल्यमा 1 स्टडी लाइट मात्र उपलब्ध,scarcity:ne:01,synthetic_v1,0,0,0,0,1,0,0,0
Only 9 left at Rs. 149,scarcity,scarcity,en,div,badge,[TAG=div] [ROLE=badge] Only 9 left at Rs. 149,scarcity:en:10,synthetic_v1,0,0,0,0,1,0,0,0
Last 6 formal shirt at Rs. 299,scarcity,scarcity,en,p,promo,[TAG=p] [ROLE=promo] Last 6 formal shirt at Rs. 299,scarcity:en:17,synthetic_v1,0,0,0,0,1,0,0,0
15% of denim jeans stock already sold at Zepto,scarcity,scarcity,en,span,stock,[TAG=span] [ROLE=stock] 15% of denim jeans stock already sold at Zepto,scarcity:en:18,synthetic_v1,0,0,0,0,1,0,0,0
यो मूल्यमा 2 ल्यापटप ब्याग मात्र उपलब्ध,scarcity,scarcity,ne,div,badge,[TAG=div] [ROLE=badge] यो मूल्यमा 2 ल्यापटप ब्याग मात्र उपलब्ध,scarcity:ne:01,synthetic_v1,0,0,0,0,1,0,0,0
Thulo मा 2 हेयर ड्रायर मात्र बाँकी,scarcity,scarcity,ne,span,stock,[TAG=span] [ROLE=stock] Thulo मा 2 हेयर ड्रायर मात्र बाँकी,scarcity:ne:15,synthetic_v1,0,0,0,0,1,0,0,0
Almost sold out — 10% already claimed,scarcity,scarcity,en,span,stock,[TAG=span] [ROLE=stock] Almost sold out — 10% already claimed,scarcity:en:02,synthetic_v1,0,0,0,0,1,0,0,0
Last 4 backpack at Rs. 799,scarcity,scarcity,en,span,stock,[TAG=span] [ROLE=stock] Last 4 backpack at Rs. 799,scarcity:en:17,synthetic_v1,0,0,0,0,1,0,0,0
Limited edition backpack — while supplies last,scarcity,scarcity,en,p,promo,[TAG=p] [ROLE=promo] Limited edition backpack — while supplies last,scarcity:en:09,synthetic_v1,0,0,0,0,1,0,0,0
"आज 1,502 जनाले किन्नुभयो, स्टक सकिँदै",scarcity|social_proof,scarcity,ne,div,badge,"[TAG=div] [ROLE=badge] आज 1,502 जनाले किन्नुभयो, स्टक सकिँदै",scarcity:ne:07,synthetic_v1,0,0,0,0,1,0,1,0
"आज 3,109 लोगों ने खरीदा, स्टॉक कम",scarcity|social_proof,scarcity,hi,span,stock,"[TAG=span] [ROLE=stock] आज 3,109 लोगों ने खरीदा, स्टॉक कम",scarcity:hi:07,synthetic_v1,0,0,0,0,1,0,1,0
Amazon मा वायरलेस इयरबड्स को 80% स्टक बिक्री भइसक्यो,scarcity,scarcity,ne,p,promo,[TAG=p] [ROLE=promo] Amazon मा वायरलेस इयरबड्स को 80% स्टक बिक्री भइसक्यो,scarcity:ne:18,synthetic_v1,0,0,0,0,1,0,0,0
In 4 carts right now,scarcity,scarcity,en,span,stock,[TAG=span] [ROLE=stock] In 4 carts right now,scarcity:en:11,synthetic_v1,0,0,0,0,1,0,0,0
यो मूल्यमा 1 पावर ब्यांक मात्र उपलब्ध,scarcity,scarcity,ne,span,stock,[TAG=span] [ROLE=stock] यो मूल्यमा 1 पावर ब्यांक मात्र उपलब्ध,scarcity:ne:01,synthetic_v1,0,0,0,0,1,0,0,0
"छिटो गर्नुहोस्, गोरखा गोदाममा 7 नोइज क्यान्सलिङ हेडफोन बाँकी",scarcity,scarcity,ne,div,badge,"[TAG=div] [ROLE=badge] छिटो गर्नुहोस्, गोरखा गोदाममा 7 नोइज क्यान्सलिङ हेडफोन बाँकी",scarcity:ne:13,synthetic_v1,0,0,0,0,1,0,0,0
यो मूल्यमा 12 इलेक्ट्रिक केतली मात्र उपलब्ध,scarcity,scarcity,ne,span,stock,[TAG=span] [ROLE=stock] यो मूल्यमा 12 इलेक्ट्रिक केतली मात्र उपलब्ध,scarcity:ne:01,synthetic_v1,0,0,0,0,1,0,0,0
केवल 12 बचे — 70% छूट जल्द खत्म,scarcity|false_urgency,scarcity,hi,p,promo,[TAG=p] [ROLE=promo] केवल 12 बचे — 70% छूट जल्द खत्म,scarcity:hi:12,synthetic_v1,0,1,0,0,1,0,0,0
"247 people bought this today, stock running out",scarcity|social_proof,scarcity,en,div,badge,"[TAG=div] [ROLE=badge] 247 people bought this today, stock running out",scarcity:en:07,synthetic_v1,0,0,0,0,1,0,1,0
अहिले 4 कार्टमा छ,scarcity,scarcity,ne,div,badge,[TAG=div] [ROLE=badge] अहिले 4 कार्टमा छ,scarcity:ne:11,synthetic_v1,0,0,0,0,1,0,0,0
Only 4 power bank remaining at this price,scarcity,scarcity,en,p,promo,[TAG=p] [ROLE=promo] Only 4 power bank remaining at this price,scarcity:en:01,synthetic_v1,0,0,0,0,1,0,0,0
इस दाम पर केवल 5 हेयर ड्रायर उपलब्ध,scarcity,scarcity,hi,div,badge,[TAG=div] [ROLE=badge] इस दाम पर केवल 5 हेयर ड्रायर उपलब्ध,scarcity:hi:01,synthetic_v1,0,0,0,0,1,0,0,0
Amazon: 1 units left for Dharan,scarcity,scarcity,en,div,badge,[TAG=div] [ROLE=badge] Amazon: 1 units left for Dharan,scarcity:en:16,synthetic_v1,0,0,0,0,1,0,0,0
Muncha: बाँके का लागि 12 थान बाँकी,scarcity,scarcity,ne,div,badge,[TAG=div] [ROLE=badge] Muncha: बाँके का लागि 12 थान बाँकी,scarcity:ne:16,synthetic_v1,0,0,0,0,1,0,0,0
FirstCry बागलुङ गोदाम: 5 कटन कुर्ता बाँकी,scarcity,scarcity,ne,span,stock,[TAG=span] [ROLE=stock] FirstCry बागलुङ गोदाम: 5 कटन कुर्ता बाँकी,scarcity:ne:19,synthetic_v1,0,0,0,0,1,0,0,0
Only 6 cotton kurta left at Myntra,scarcity,scarcity,en,p,promo,[TAG=p] [ROLE=promo] Only 6 cotton kurta left at Myntra,scarcity:en:15,synthetic_v1,0,0,0,0,1,0,0,0
"जल्दी करें, हैदराबाद गोदाम में 4 डेनिम जींस बचे",scarcity,scarcity,hi,span,stock,"[TAG=span] [ROLE=stock] जल्दी करें, हैदराबाद गोदाम में 4 डेनिम जींस बचे",scarcity:hi:13,synthetic_v1,0,0,0,0,1,0,0,0
कम स्टॉक: कॉटन कुर्ता की केवल 2 इकाई,scarcity,scarcity,hi,p,promo,[TAG=p] [ROLE=promo] कम स्टॉक: कॉटन कुर्ता की केवल 2 इकाई,scarcity:hi:03,synthetic_v1,0,0,0,0,1,0,0,0
"जल्दी करें, नागपुर गोदाम में 5 फॉर्मल शर्ट बचे",scarcity,scarcity,hi,div,badge,"[TAG=div] [ROLE=badge] जल्दी करें, नागपुर गोदाम में 5 फॉर्मल शर्ट बचे",scarcity:hi:13,synthetic_v1,0,0,0,0,1,0,0,0
Limited edition phone case — while supplies last,scarcity,scarcity,en,p,promo,[TAG=p] [ROLE=promo] Limited edition phone case — while supplies last,scarcity:en:09,synthetic_v1,0,0,0,0,1,0,0,0
"Hurry, 8 formal shirt left in Chitwan warehouse",scarcity,scarcity,en,p,promo,"[TAG=p] [ROLE=promo] Hurry, 8 formal shirt left in Chitwan warehouse",scarcity:en:13,synthetic_v1,0,0,0,0,1,0,0,0
Nykaa: आगरा के लिए 7 इकाई बचीं,scarcity,scarcity,hi,div,badge,[TAG=div] [ROLE=badge] Nykaa: आगरा के लिए 7 इकाई बचीं,scarcity:hi:16,synthetic_v1,0,0,0,0,1,0,0,0
"Hurry, 6 wireless earbuds left in Nepalgunj warehouse",scarcity,scarcity,en,span,stock,"[TAG=span] [ROLE=stock] Hurry, 6 wireless earbuds left in Nepalgunj warehouse",scarcity:en:13,synthetic_v1,0,0,0,0,1,0,0,0
JioMart दमक गोदाम: 8 स्पोर्ट्स चप्पल बाँकी,scarcity,scarcity,ne,p,promo,[TAG=p] [ROLE=promo] JioMart दमक गोदाम: 8 स्पोर्ट्स चप्पल बाँकी,scarcity:ne:19,synthetic_v1,0,0,0,0,1,0,0,0
Stock alert: fewer than 3 remaining,scarcity,scarcity,en,p,promo,[TAG=p] [ROLE=promo] Stock alert: fewer than 3 remaining,scarcity:en:14,synthetic_v1,0,0,0,0,1,0,0,0
रु. 399 पर केवल 5 बचे,scarcity,scarcity,hi,p,promo,[TAG=p] [ROLE=promo] रु. 399 पर केवल 5 बचे,scarcity:hi:10,synthetic_v1,0,0,0,0,1,0,0,0
Reliance Digital सुर्खेत गोदाम: 4 इन्डक्सन चुल्हो बाँकी,scarcity,scarcity,ne,div,badge,[TAG=div] [ROLE=badge] Reliance Digital सुर्खेत गोदाम: 4 इन्डक्सन चुल्हो बाँकी,scarcity:ne:19,synthetic_v1,0,0,0,0,1,0,0,0
BigBasket दमक गोदाम: 9 प्रोटिन पाउडर बाँकी,scarcity,scarcity,ne,p,promo,[TAG=p] [ROLE=promo] BigBasket दमक गोदाम: 9 प्रोटिन पाउडर बाँकी,scarcity:ne:19,synthetic_v1,0,0,0,0,1,0,0,0
1 मात्र बाँकी — 50% छुट चाँडै सकिन्छ,scarcity|false_urgency,scarcity,ne,span,stock,[TAG=span] [ROLE=stock] 1 मात्र बाँकी — 50% छुट चाँडै सकिन्छ,scarcity:ne:12,synthetic_v1,0,1,0,0,1,0,0,0
कम स्टॉक: योगा मैट की केवल 4 इकाई,scarcity,scarcity,hi,div,badge,[TAG=div] [ROLE=badge] कम स्टॉक: योगा मैट की केवल 4 इकाई,scarcity:hi:03,synthetic_v1,0,0,0,0,1,0,0,0
FirstCry मा ब्याकप्याक को 5% स्टक बिक्री भइसक्यो,scarcity,scarcity,ne,p,promo,[TAG=p] [ROLE=promo] FirstCry मा ब्याकप्याक को 5% स्टक बिक्री भइसक्यो,scarcity:ne:18,synthetic_v1,0,0,0,0,1,0,0,0
5 मात्र बाँकी — 40% छुट चाँडै सकिन्छ,scarcity|false_urgency,scarcity,ne,span,stock,[TAG=span] [ROLE=stock] 5 मात्र बाँकी — 40% छुट चाँडै सकिन्छ,scarcity:ne:12,synthetic_v1,0,1,0,0,1,0,0,0
Gyapu: नेपालगन्ज का लागि 6 थान बाँकी,scarcity,scarcity,ne,div,badge,[TAG=div] [ROLE=badge] Gyapu: नेपालगन्ज का लागि 6 थान बाँकी,scarcity:ne:16,synthetic_v1,0,0,0,0,1,0,0,0
स्टकमा 9 मात्र बाँकी!,scarcity,scarcity,ne,span,stock,[TAG=span] [ROLE=stock] स्टकमा 9 मात्र बाँकी!,scarcity:ne:00,synthetic_v1,0,0,0,0,1,0,0,0
Only 3 trekking jacket remaining at this price,scarcity,scarcity,en,div,badge,[TAG=div] [ROLE=badge] Only 3 trekking jacket remaining at this price,scarcity:en:01,synthetic_v1,0,0,0,0,1,0,0,0
कम स्टक: पावर ब्यांक को 5 थान मात्र,scarcity,scarcity,ne,span,stock,[TAG=span] [ROLE=stock] कम स्टक: पावर ब्यांक को 5 थान मात्र,scarcity:ne:03,synthetic_v1,0,0,0,0,1,0,0,0
इस दाम पर केवल 9 डेनिम जींस उपलब्ध,scarcity,scarcity,hi,span,stock,[TAG=span] [ROLE=stock] इस दाम पर केवल 9 डेनिम जींस उपलब्ध,scarcity:hi:01,synthetic_v1,0,0,0,0,1,0,0,0
Only 6 rooms left in Pune,scarcity,scarcity,en,span,stock,[TAG=span] [ROLE=stock] Only 6 rooms left in Pune,scarcity:en:05,synthetic_v1,0,0,0,0,1,0,0,0
कम स्टक: रनिङ जुत्ता को 9 थान मात्र,scarcity,scarcity,ne,p,promo,[TAG=p] [ROLE=promo] कम स्टक: रनिङ जुत्ता को 9 थान मात्र,scarcity:ne:03,synthetic_v1,0,0,0,0,1,0,0,0
Lenskart: पुणे के लिए 3 इकाई बचीं,scarcity,scarcity,hi,p,promo,[TAG=p] [ROLE=promo] Lenskart: पुणे के लिए 3 इकाई बचीं,scarcity:hi:16,synthetic_v1,0,0,0,0,1,0,0,0
रु. 699 मा अन्तिम 12 ल्यापटप ब्याग,scarcity,scarcity,ne,span,stock,[TAG=span] [ROLE=stock] रु. 699 मा अन्तिम 12 ल्यापटप ब्याग,scarcity:ne:17,synthetic_v1,0,0,0,0,1,0,0,0
"छिटो गर्नुहोस्, इटहरी गोदाममा 3 फेस वास बाँकी",scarcity,scarcity,ne,span,stock,"[TAG=span] [ROLE=stock] छिटो गर्नुहोस्, इटहरी गोदाममा 3 फेस वास बाँकी",scarcity:ne:13,synthetic_v1,0,0,0,0,1,0,0,0
Only 9 left — 30% off ends soon,scarcity|false_urgency,scarcity,en,span,stock,[TAG=span] [ROLE=stock] Only 9 left — 30% off ends soon,scarcity:en:12,synthetic_v1,0,1,0,0,1,0,0,0
20% of wireless earbuds stock already sold at Reliance Digital,scarcity,scarcity,en,p,promo,[TAG=p] [ROLE=promo] 20% of wireless earbuds stock already sold at Reliance Digital,scarcity:en:18,synthetic_v1,0,0,0,0,1,0,0,0
कम स्टक: पानीको बोतल को 10 थान मात्र,scarcity,scarcity,ne,p,promo,[TAG=p] [ROLE=promo] कम स्टक: पानीको बोतल को 10 थान मात्र,scarcity:ne:03,synthetic_v1,0,0,0,0,1,0,0,0
Gyapu चंडीगढ़ गोदाम: 8 गेमिंग माउस शेष,scarcity,scarcity,hi,div,badge,[TAG=div] [ROLE=badge] Gyapu चंडीगढ़ गोदाम: 8 गेमिंग माउस शेष,scarcity:hi:19,synthetic_v1,0,0,0,0,1,0,0,0
कम स्टक: फोन कभर को 7 थान मात्र,scarcity,scarcity,ne,span,stock,[TAG=span] [ROLE=stock] कम स्टक: फोन कभर को 7 थान मात्र,scarcity:ne:03,synthetic_v1,0,0,0,0,1,0,0,0
केवल 7 बचे — 35% छूट जल्द खत्म,scarcity|false_urgency,scarcity,hi,p,promo,[TAG=p] [ROLE=promo] केवल 7 बचे — 35% छूट जल्द खत्म,scarcity:hi:12,synthetic_v1,0,1,0,0,1,0,0,0
Ajio: गोरखा का लागि 4 थान बाँकी,scarcity,scarcity,ne,p,promo,[TAG=p] [ROLE=promo] Ajio: गोरखा का लागि 4 थान बाँकी,scarcity:ne:16,synthetic_v1,0,0,0,0,1,0,0,0
कम स्टक: इन्डक्सन चुल्हो को 4 थान मात्र,scarcity,scarcity,ne,p,promo,[TAG=p] [ROLE=promo] कम स्टक: इन्डक्सन चुल्हो को 4 थान मात्र,scarcity:ne:03,synthetic_v1,0,0,0,0,1,0,0,0
भारी मांग — फॉर्मल शर्ट की सीमित मात्रा,scarcity,scarcity,hi,div,badge,[TAG=div] [ROLE=badge] भारी मांग — फॉर्मल शर्ट की सीमित मात्रा,scarcity:hi:06,synthetic_v1,0,0,0,0,1,0,0,0
केवल 1 बचे — 35% छूट जल्द खत्म,scarcity|false_urgency,scarcity,hi,div,badge,[TAG=div] [ROLE=badge] केवल 1 बचे — 35% छूट जल्द खत्म,scarcity:hi:12,synthetic_v1,0,1,0,0,1,0,0,0
उच्च माग — वायरलेस इयरबड्स को सीमित परिमाण,scarcity,scarcity,ne,span,stock,[TAG=span] [ROLE=stock] उच्च माग — वायरलेस इयरबड्स को सीमित परिमाण,scarcity:ne:06,synthetic_v1,0,0,0,0,1,0,0,0
Only 1 rooms left in Bengaluru,scarcity,scarcity,en,div,badge,[TAG=div] [ROLE=badge] Only 1 rooms left in Bengaluru,scarcity:en:05,synthetic_v1,0,0,0,0,1,0,0,0
SastoDeal पर केवल 5 डेनिम जींस बचे,scarcity,scarcity,hi,div,badge,[TAG=div] [ROLE=badge] SastoDeal पर केवल 5 डेनिम जींस बचे,scarcity:hi:15,synthetic_v1,0,0,0,0,1,0,0,0
Lenskart Pokhara warehouse: 4 wireless earbuds remaining,scarcity,scarcity,en,span,stock,[TAG=span] [ROLE=stock] Lenskart Pokhara warehouse: 4 wireless earbuds remaining,scarcity:en:19,synthetic_v1,0,0,0,0,1,0,0,0
"जल्दी करें, दिल्ली गोदाम में 8 योगा मैट बचे",scarcity,scarcity,hi,p,promo,"[TAG=p] [ROLE=promo] जल्दी करें, दिल्ली गोदाम में 8 योगा मैट बचे",scarcity:hi:13,synthetic_v1,0,0,0,0,1,0,0,0
Low stock: only 4 units of laptop bag,scarcity,scarcity,en,p,promo,[TAG=p] [ROLE=promo] Low stock: only 4 units of laptop bag,scarcity:en:03,synthetic_v1,0,0,0,0,1,0,0,0
रु. 999 पर आख़िरी 6 एयर फ्रायर,scarcity,scarcity,hi,span,stock,[TAG=span] [ROLE=stock] रु. 999 पर आख़िरी 6 एयर फ्रायर,scarcity:hi:17,synthetic_v1,0,0,0,0,1,0,0,0
कम स्टॉक: बैकपैक की केवल 9 इकाई,scarcity,scarcity,hi,p,promo,[TAG=p] [ROLE=promo] कम स्टॉक: बैकपैक की केवल 9 इकाई,scarcity:hi:03,synthetic_v1,0,0,0,0,1,0,0,0
"Hurry, 8 formal shirt left in Delhi warehouse",scarcity,scarcity,en,div,badge,"[TAG=div] [ROLE=badge] Hurry, 8 formal shirt left in Delhi warehouse",scarcity:en:13,synthetic_v1,0,0,0,0,1,0,0,0
सीमित संस्करण स्मार्टवॉच — जब तक स्टॉक,scarcity,scarcity,hi,div,badge,[TAG=div] [ROLE=badge] सीमित संस्करण स्मार्टवॉच — जब तक स्टॉक,scarcity:hi:09,synthetic_v1,0,0,0,0,1,0,0,0
यो मूल्यमा 3 रनिङ जुत्ता मात्र उपलब्ध,scarcity,scarcity,ne,div,badge,[TAG=div] [ROLE=badge] यो मूल्यमा 3 रनिङ जुत्ता मात्र उपलब्ध,scarcity:ne:01,synthetic_v1,0,0,0,0,1,0,0,0
रु. 699 पर आख़िरी 1 पावर बैंक,scarcity,scarcity,hi,span,stock,[TAG=span] [ROLE=stock] रु. 699 पर आख़िरी 1 पावर बैंक,scarcity:hi:17,synthetic_v1,0,0,0,0,1,0,0,0
Only 7 gaming mouse left at Myntra,scarcity,scarcity,en,div,badge,[TAG=div] [ROLE=badge] Only 7 gaming mouse left at Myntra,scarcity:en:15,synthetic_v1,0,0,0,0,1,0,0,0
Kinbech: कानपुर के लिए 1 इकाई बचीं,scarcity,scarcity,hi,div,badge,[TAG=div] [ROLE=badge] Kinbech: कानपुर के लिए 1 इकाई बचीं,scarcity:hi:16,synthetic_v1,0,0,0,0,1,0,0,0
हेटौंडा मा 6 कोठा मात्र बाँकी,scarcity,scarcity,ne,p,promo,[TAG=p] [ROLE=promo] हेटौंडा मा 6 कोठा मात्र बाँकी,scarcity:ne:05,synthetic_v1,0,0,0,0,1,0,0,0
रु. 349 मा अन्तिम 8 कफी मेकर,scarcity,scarcity,ne,span,stock,[TAG=span] [ROLE=stock] रु. 349 मा अन्तिम 8 कफी मेकर,scarcity:ne:17,synthetic_v1,0,0,0,0,1,0,0,0
Pepperfry: वाराणसी के लिए 2 इकाई बचीं,scarcity,scarcity,hi,div,badge,[TAG=div] [ROLE=badge] Pepperfry: वाराणसी के लिए 2 इकाई बचीं,scarcity:hi:16,synthetic_v1,0,0,0,0,1,0,0,0
Kinbech: सूरत के लिए 5 इकाई बचीं,scarcity,scarcity,hi,div,badge,[TAG=div] [ROLE=badge] Kinbech: सूरत के लिए 5 इकाई बचीं,scarcity:hi:16,synthetic_v1,0,0,0,0,1,0,0,0
बेंगलुरु में केवल 2 कमरे बचे,scarcity,scarcity,hi,p,promo,[TAG=p] [ROLE=promo] बेंगलुरु में केवल 2 कमरे बचे,scarcity:hi:05,synthetic_v1,0,0,0,0,1,0,0,0
उच्च माग — रनिङ जुत्ता को सीमित परिमाण,scarcity,scarcity,ne,span,stock,[TAG=span] [ROLE=stock] उच्च माग — रनिङ जुत्ता को सीमित परिमाण,scarcity:ne:06,synthetic_v1,0,0,0,0,1,0,0,0
Only 5 power bank remaining at this price,scarcity,scarcity,en,span,stock,[TAG=span] [ROLE=stock] Only 5 power bank remaining at this price,scarcity:en:01,synthetic_v1,0,0,0,0,1,0,0,0
"जल्दी करें, नागपुर गोदाम में 12 योगा मैट बचे",scarcity,scarcity,hi,span,stock,"[TAG=span] [ROLE=stock] जल्दी करें, नागपुर गोदाम में 12 योगा मैट बचे",scarcity:hi:13,synthetic_v1,0,0,0,0,1,0,0,0
HamroBazar मा 12 ल्यापटप ब्याग मात्र बाँकी,scarcity,scarcity,ne,p,promo,[TAG=p] [ROLE=promo] HamroBazar मा 12 ल्यापटप ब्याग मात्र बाँकी,scarcity:ne:15,synthetic_v1,0,0,0,0,1,0,0,0
"Selling fast, 8 left",scarcity,scarcity,en,span,stock,"[TAG=span] [ROLE=stock] Selling fast, 8 left",scarcity:en:08,synthetic_v1,0,0,0,0,1,0,0,0
Only 9 office chair left at Snapdeal,scarcity,scarcity,en,div,badge,[TAG=div] [ROLE=badge] Only 9 office chair left at Snapdeal,scarcity:en:15,synthetic_v1,0,0,0,0,1,0,0,0
Only 4 left at Rs. 799,scarcity,scarcity,en,p,promo,[TAG=p] [ROLE=promo] Only 4 left at Rs. 799,scarcity:en:10,synthetic_v1,0,0,0,0,1,0,0,0
पटना में केवल 4 कमरे बचे,scarcity,scarcity,hi,span,stock,[TAG=span] [ROLE=stock] पटना में केवल 4 कमरे बचे,scarcity:hi:05,synthetic_v1,0,0,0,0,1,0,0,0
Last 2 yoga mat at Rs. 99,scarcity,scarcity,en,div,badge,[TAG=div] [ROLE=badge] Last 2 yoga mat at Rs. 99,scarcity:en:17,synthetic_v1,0,0,0,0,1,0,0,0
"छिटो गर्नुहोस्, चितवन गोदाममा 4 पानीको बोतल बाँकी",scarcity,scarcity,ne,span,stock,"[TAG=span] [ROLE=stock] छिटो गर्नुहोस्, चितवन गोदाममा 4 पानीको बोतल बाँकी",scarcity:ne:13,synthetic_v1,0,0,0,0,1,0,0,0
Only 8 left — 10% off ends soon,scarcity|false_urgency,scarcity,en,p,promo,[TAG=p] [ROLE=promo] Only 8 left — 10% off ends soon,scarcity:en:12,synthetic_v1,0,1,0,0,1,0,0,0
Only 1 left — 30% off ends soon,scarcity|false_urgency,scarcity,en,span,stock,[TAG=span] [ROLE=stock] Only 1 left — 30% off ends soon,scarcity:en:12,synthetic_v1,0,1,0,0,1,0,0,0
अन्तिम 1 थान उपलब्ध,scarcity,scarcity,ne,div,badge,[TAG=div] [ROLE=badge] अन्तिम 1 थान उपलब्ध,scarcity:ne:04,synthetic_v1,0,0,0,0,1,0,0,0
स्टकमा 3 मात्र बाँकी!,scarcity,scarcity,ne,p,promo,[TAG=p] [ROLE=promo] स्टकमा 3 मात्र बाँकी!,scarcity:ne:00,synthetic_v1,0,0,0,0,1,0,0,0
Nykaa: कोलकाता के लिए 9 इकाई बचीं,scarcity,scarcity,hi,span,stock,[TAG=span] [ROLE=stock] Nykaa: कोलकाता के लिए 9 इकाई बचीं,scarcity:hi:16,synthetic_v1,0,0,0,0,1,0,0,0
उच्च माग — नोइज क्यान्सलिङ हेडफोन को सीमित परिमाण,scarcity,scarcity,ne,div,badge,[TAG=div] [ROLE=badge] उच्च माग — नोइज क्यान्सलिङ हेडफोन को सीमित परिमाण,scarcity:ne:06,synthetic_v1,0,0,0,0,1,0,0,0
"रु. 2,999 मा 12 मात्र बाँकी",scarcity,scarcity,ne,div,badge,"[TAG=div] [ROLE=badge] रु. 2,999 मा 12 मात्र बाँकी",scarcity:ne:10,synthetic_v1,0,0,0,0,1,0,0,0
OkDam मा 10 हिउँदको ब्ल्याङ्केट मात्र बाँकी,scarcity,scarcity,ne,div,badge,[TAG=div] [ROLE=badge] OkDam मा 10 हिउँदको ब्ल्याङ्केट मात्र बाँकी,scarcity:ne:15,synthetic_v1,0,0,0,0,1,0,0,0
"2,038 people bought this today, stock running out",scarcity|social_proof,scarcity,en,p,promo,"[TAG=p] [ROLE=promo] 2,038 people bought this today, stock running out",scarcity:en:07,synthetic_v1,0,0,0,0,1,0,1,0
Low stock: only 9 units of study lamp,scarcity,scarcity,en,div,badge,[TAG=div] [ROLE=badge] Low stock: only 9 units of study lamp,scarcity:en:03,synthetic_v1,0,0,0,0,1,0,0,0
केवल 4 बचे — 70% छूट जल्द खत्म,scarcity|false_urgency,scarcity,hi,p,promo,[TAG=p] [ROLE=promo] केवल 4 बचे — 70% छूट जल्द खत्म,scarcity:hi:12,synthetic_v1,0,1,0,0,1,0,0,0
"छिटो गर्नुहोस्, भक्तपुर गोदाममा 5 हिउँदको ब्ल्याङ्केट बाँकी",scarcity,scarcity,ne,span,stock,"[TAG=span] [ROLE=stock] छिटो गर्नुहोस्, भक्तपुर गोदाममा 5 हिउँदको ब्ल्याङ्केट बाँकी",scarcity:ne:13,synthetic_v1,0,0,0,0,1,0,0,0
Daraz: कोलकाता के लिए 4 इकाई बचीं,scarcity,scarcity,hi,div,badge,[TAG=div] [ROLE=badge] Daraz: कोलकाता के लिए 4 इकाई बचीं,scarcity:hi:16,synthetic_v1,0,0,0,0,1,0,0,0
9 मात्र बाँकी — 5% छुट चाँडै सकिन्छ,scarcity|false_urgency,scarcity,ne,span,stock,[TAG=span] [ROLE=stock] 9 मात्र बाँकी — 5% छुट चाँडै सकिन्छ,scarcity:ne:12,synthetic_v1,0,1,0,0,1,0,0,0
Only 8 noise cancelling headphones remaining at this price,scarcity,scarcity,en,div,badge,[TAG=div] [ROLE=badge] Only 8 noise cancelling headphones remaining at this price,scarcity:en:01,synthetic_v1,0,0,0,0,1,0,0,0
HamroBazar पुणे गोदाम: 3 नॉइज़ कैंसलिंग हेडफोन शेष,scarcity,scarcity,hi,div,badge,[TAG=div] [ROLE=badge] HamroBazar पुणे गोदाम: 3 नॉइज़ कैंसलिंग हेडफोन शेष,scarcity:hi:19,synthetic_v1,0,0,0,0,1,0,0,0
कम स्टक: नोइज क्यान्सलिङ हेडफोन को 12 थान मात्र,scarcity,scarcity,ne,div,badge,[TAG=div] [ROLE=badge] कम स्टक: नोइज क्यान्सलिङ हेडफोन को 12 थान मात्र,scarcity:ne:03,synthetic_v1,0,0,0,0,1,0,0,0
रु. 449 पर आख़िरी 12 राइस कुकर,scarcity,scarcity,hi,p,promo,[TAG=p] [ROLE=promo] रु. 449 पर आख़िरी 12 राइस कुकर,scarcity:hi:17,synthetic_v1,0,0,0,0,1,0,0,0
Gyapu: तनहुँ का लागि 6 थान बाँकी,scarcity,scarcity,ne,p,promo,[TAG=p] [ROLE=promo] Gyapu: तनहुँ का लागि 6 थान बाँकी,scarcity:ne:16,synthetic_v1,0,0,0,0,1,0,0,0
Gyapu पुणे गोदाम: 7 राइस कुकर शेष,scarcity,scarcity,hi,div,badge,[TAG=div] [ROLE=badge] Gyapu पुणे गोदाम: 7 राइस कुकर शेष,scarcity:hi:19,synthetic_v1,0,0,0,0,1,0,0,0
कम स्टॉक: ऑफिस चेयर की केवल 4 इकाई,scarcity,scarcity,hi,p,promo,[TAG=p] [ROLE=promo] कम स्टॉक: ऑफिस चेयर की केवल 4 इकाई,scarcity:hi:03,synthetic_v1,0,0,0,0,1,0,0,0
9 मात्र बाँकी — 10% छुट चाँडै सकिन्छ,scarcity|false_urgency,scarcity,ne,p,promo,[TAG=p] [ROLE=promo] 9 मात्र बाँकी — 10% छुट चाँडै सकिन्छ,scarcity:ne:12,synthetic_v1,0,1,0,0,1,0,0,0
Only 6 gaming mouse left at Ajio,scarcity,scarcity,en,div,badge,[TAG=div] [ROLE=badge] Only 6 gaming mouse left at Ajio,scarcity:en:15,synthetic_v1,0,0,0,0,1,0,0,0
Only 8 rooms left in Dharan,scarcity,scarcity,en,p,promo,[TAG=p] [ROLE=promo] Only 8 rooms left in Dharan,scarcity:en:05,synthetic_v1,0,0,0,0,1,0,0,0
Amazon पर केवल 8 स्मार्टवॉच बचे,scarcity,scarcity,hi,span,stock,[TAG=span] [ROLE=stock] Amazon पर केवल 8 स्मार्टवॉच बचे,scarcity:hi:15,synthetic_v1,0,0,0,0,1,0,0,0
रु. 699 मा अन्तिम 7 पावर ब्यांक,scarcity,scarcity,ne,span,stock,[TAG=span] [ROLE=stock] रु. 699 मा अन्तिम 7 पावर ब्यांक,scarcity:ne:17,synthetic_v1,0,0,0,0,1,0,0,0
Meesho मा गेमिङ माउस को 70% स्टक बिक्री भइसक्यो,scarcity,scarcity,ne,span,stock,[TAG=span] [ROLE=stock] Meesho मा गेमिङ माउस को 70% स्टक बिक्री भइसक्यो,scarcity:ne:18,synthetic_v1,0,0,0,0,1,0,0,0
Limited edition denim jeans — while supplies last,scarcity,scarcity,en,span,stock,[TAG=span] [ROLE=stock] Limited edition denim jeans — while supplies last,scarcity:en:09,synthetic_v1,0,0,0,0,1,0,0,0
Daraz पर केवल 3 एयर फ्रायर बचे,scarcity,scarcity,hi,p,promo,[TAG=p] [ROLE=promo] Daraz पर केवल 3 एयर फ्रायर बचे,scarcity:hi:15,synthetic_v1,0,0,0,0,1,0,0,0
Salesberry मा 3 कफी मेकर मात्र बाँकी,scarcity,scarcity,ne,span,stock,[TAG=span] [ROLE=stock] Salesberry मा 3 कफी मेकर मात्र बाँकी,scarcity:ne:15,synthetic_v1,0,0,0,0,1,0,0,0
Daraz Butwal warehouse: 6 electric kettle remaining,scarcity,scarcity,en,p,promo,[TAG=p] [ROLE=promo] Daraz Butwal warehouse: 6 electric kettle remaining,scarcity:en:19,synthetic_v1,0,0,0,0,1,0,0,0
नासिक में केवल 7 कमरे बचे,scarcity,scarcity,hi,span,stock,[TAG=span] [ROLE=stock] नासिक में केवल 7 कमरे बचे,scarcity:hi:05,synthetic_v1,0,0,0,0,1,0,0,0
"Last 5 school bag at Rs. 1,499",scarcity,scarcity,en,span,stock,"[TAG=span] [ROLE=stock] Last 5 school bag at Rs. 1,499",scarcity:en:17,synthetic_v1,0,0,0,0,1,0,0,0
Amazon धरान गोदाम: 7 राइस कुकर बाँकी,scarcity,scarcity,ne,span,stock,[TAG=span] [ROLE=stock] Amazon धरान गोदाम: 7 राइस कुकर बाँकी,scarcity:ne:19,synthetic_v1,0,0,0,0,1,0,0,0
सीमित संस्करण नॉइज़ कैंसलिंग हेडफोन — जब तक स्टॉक,scarcity,scarcity,hi,p,promo,[TAG=p] [ROLE=promo] सीमित संस्करण नॉइज़ कैंसलिंग हेडफोन — जब तक स्टॉक,scarcity:hi:09,synthetic_v1,0,0,0,0,1,0,0,0
"112 people bought this today, stock running out",scarcity|social_proof,scarcity,en,span,stock,"[TAG=span] [ROLE=stock] 112 people bought this today, stock running out",scarcity:en:07,synthetic_v1,0,0,0,0,1,0,1,0
High demand — limited units of laptop bag,scarcity,scarcity,en,p,promo,[TAG=p] [ROLE=promo] High demand — limited units of laptop bag,scarcity:en:06,synthetic_v1,0,0,0,0,1,0,0,0
4 मात्र बाँकी — 25% छुट चाँडै सकिन्छ,scarcity|false_urgency,scarcity,ne,div,badge,[TAG=div] [ROLE=badge] 4 मात्र बाँकी — 25% छुट चाँडै सकिन्छ,scarcity:ne:12,synthetic_v1,0,1,0,0,1,0,0,0
यो मूल्यमा 7 कफी मेकर मात्र उपलब्ध,scarcity,scarcity,ne,p,promo,[TAG=p] [ROLE=promo] यो मूल्यमा 7 कफी मेकर मात्र उपलब्ध,scarcity:ne:01,synthetic_v1,0,0,0,0,1,0,0,0
स्टॉक अलर्ट: 10 से कम बचे,scarcity,scarcity,hi,span,stock,[TAG=span] [ROLE=stock] स्टॉक अलर्ट: 10 से कम बचे,scarcity:hi:14,synthetic_v1,0,0,0,0,1,0,0,0
FirstCry: 1 units left for Chitwan,scarcity,scarcity,en,p,promo,[TAG=p] [ROLE=promo] FirstCry: 1 units left for Chitwan,scarcity:en:16,synthetic_v1,0,0,0,0,1,0,0,0
FirstCry कोलकाता गोदाम: 12 फेस वॉश शेष,scarcity,scarcity,hi,span,stock,[TAG=span] [ROLE=stock] FirstCry कोलकाता गोदाम: 12 फेस वॉश शेष,scarcity:hi:19,synthetic_v1,0,0,0,0,1,0,0,0
"Hurry, 12 smartwatch left in Delhi warehouse",scarcity,scarcity,en,div,badge,"[TAG=div] [ROLE=badge] Hurry, 12 smartwatch left in Delhi warehouse",scarcity:en:13,synthetic_v1,0,0,0,0,1,0,0,0
स्टकमा 7 मात्र बाँकी!,scarcity,scarcity,ne,span,stock,[TAG=span] [ROLE=stock] स्टकमा 7 मात्र बाँकी!,scarcity:ne:00,synthetic_v1,0,0,0,0,1,0,0,0
Only 6 left at Rs. 49,scarcity,scarcity,en,div,badge,[TAG=div] [ROLE=badge] Only 6 left at Rs. 49,scarcity:en:10,synthetic_v1,0,0,0,0,1,0,0,0
FirstCry पर केवल 12 पानी की बोतल बचे,scarcity,scarcity,hi,p,promo,[TAG=p] [ROLE=promo] FirstCry पर केवल 12 पानी की बोतल बचे,scarcity:hi:15,synthetic_v1,0,0,0,0,1,0,0,0
High demand — limited units of protein powder,scarcity,scarcity,en,span,stock,[TAG=span] [ROLE=stock] High demand — limited units of protein powder,scarcity:en:06,synthetic_v1,0,0,0,0,1,0,0,0
SastoDeal मुंबई गोदाम: 12 कॉफी मेकर शेष,scarcity,scarcity,hi,div,badge,[TAG=div] [ROLE=badge] SastoDeal मुंबई गोदाम: 12 कॉफी मेकर शेष,scarcity:hi:19,synthetic_v1,0,0,0,0,1,0,0,0
Amazon पर केवल 12 ऑफिस चेयर बचे,scarcity,scarcity,hi,p,promo,[TAG=p] [ROLE=promo] Amazon पर केवल 12 ऑफिस चेयर बचे,scarcity:hi:15,synthetic_v1,0,0,0,0,1,0,0,0
रु. 99 पर आख़िरी 12 धूप का चश्मा,scarcity,scarcity,hi,span,stock,[TAG=span] [ROLE=stock] रु. 99 पर आख़िरी 12 धूप का चश्मा,scarcity:hi:17,synthetic_v1,0,0,0,0,1,0,0,0
Daraz मा 9 कफी मेकर मात्र बाँकी,scarcity,scarcity,ne,p,promo,[TAG=p] [ROLE=promo] Daraz मा 9 कफी मेकर मात्र बाँकी,scarcity:ne:15,synthetic_v1,0,0,0,0,1,0,0,0
"तेजी से बिक रहा है, 3 बचे",scarcity,scarcity,hi,span,stock,"[TAG=span] [ROLE=stock] तेजी से बिक रहा है, 3 बचे",scarcity:hi:08,synthetic_v1,0,0,0,0,1,0,0,0
स्टॉक में केवल 3 बचे!,scarcity,scarcity,hi,div,badge,[TAG=div] [ROLE=badge] स्टॉक में केवल 3 बचे!,scarcity:hi:00,synthetic_v1,0,0,0,0,1,0,0,0
"आज 26,940 जनाले किन्नुभयो, स्टक सकिँदै",scarcity|social_proof,scarcity,ne,p,promo,"[TAG=p] [ROLE=promo] आज 26,940 जनाले किन्नुभयो, स्टक सकिँदै",scarcity:ne:07,synthetic_v1,0,0,0,0,1,0,1,0
Only 1 wireless earbuds left at Nykaa,scarcity,scarcity,en,p,promo,[TAG=p] [ROLE=promo] Only 1 wireless earbuds left at Nykaa,scarcity:en:15,synthetic_v1,0,0,0,0,1,0,0,0
प्रायः सकियो — 10% बुक भइसक्यो,scarcity,scarcity,ne,p,promo,[TAG=p] [ROLE=promo] प्रायः सकियो — 10% बुक भइसक्यो,scarcity:ne:02,synthetic_v1,0,0,0,0,1,0,0,0
Kinbech जयपुर गोदाम: 2 रनिंग शूज़ शेष,scarcity,scarcity,hi,span,stock,[TAG=span] [ROLE=stock] Kinbech जयपुर गोदाम: 2 रनिंग शूज़ शेष,scarcity:hi:19,synthetic_v1,0,0,0,0,1,0,0,0
Only 9 left — 70% off ends soon,scarcity|false_urgency,scarcity,en,div,badge,[TAG=div] [ROLE=badge] Only 9 left — 70% off ends soon,scarcity:en:12,synthetic_v1,0,1,0,0,1,0,0,0
रु. 249 मा अन्तिम 5 ब्याकप्याक,scarcity,scarcity,ne,div,badge,[TAG=div] [ROLE=badge] रु. 249 मा अन्तिम 5 ब्याकप्याक,scarcity:ne:17,synthetic_v1,0,0,0,0,1,0,0,0
10% of electric kettle stock already sold at Nykaa,scarcity,scarcity,en,p,promo,[TAG=p] [ROLE=promo] 10% of electric kettle stock already sold at Nykaa,scarcity:en:18,synthetic_v1,0,0,0,0,1,0,0,0
"आज 455 जनाले किन्नुभयो, स्टक सकिँदै",scarcity|social_proof,scarcity,ne,div,badge,"[TAG=div] [ROLE=badge] आज 455 जनाले किन्नुभयो, स्टक सकिँदै",scarcity:ne:07,synthetic_v1,0,0,0,0,1,0,1,0
इस दाम पर केवल 12 फेस वॉश उपलब्ध,scarcity,scarcity,hi,p,promo,[TAG=p] [ROLE=promo] इस दाम पर केवल 12 फेस वॉश उपलब्ध,scarcity:hi:01,synthetic_v1,0,0,0,0,1,0,0,0
Snapdeal: पुणे के लिए 8 इकाई बचीं,scarcity,scarcity,hi,div,badge,[TAG=div] [ROLE=badge] Snapdeal: पुणे के लिए 8 इकाई बचीं,scarcity:hi:16,synthetic_v1,0,0,0,0,1,0,0,0
Croma जनकपुर गोदाम: 5 घामको चस्मा बाँकी,scarcity,scarcity,ne,div,badge,[TAG=div] [ROLE=badge] Croma जनकपुर गोदाम: 5 घामको चस्मा बाँकी,scarcity:ne:19,synthetic_v1,0,0,0,0,1,0,0,0
केवल 7 बचे — 15% छूट जल्द खत्म,scarcity|false_urgency,scarcity,hi,div,badge,[TAG=div] [ROLE=badge] केवल 7 बचे — 15% छूट जल्द खत्म,scarcity:hi:12,synthetic_v1,0,1,0,0,1,0,0,0
"Hurry, 3 trekking jacket left in Kathmandu warehouse",scarcity,scarcity,en,span,stock,"[TAG=span] [ROLE=stock] Hurry, 3 trekking jacket left in Kathmandu warehouse",scarcity:en:13,synthetic_v1,0,0,0,0,1,0,0,0
इस दाम पर केवल 1 ब्लूटूथ स्पीकर उपलब्ध,scarcity,scarcity,hi,p,promo,[TAG=p] [ROLE=promo] इस दाम पर केवल 1 ब्लूटूथ स्पीकर उपलब्ध,scarcity:hi:01,synthetic_v1,0,0,0,0,1,0,0,0
Low stock: only 12 units of trekking jacket,scarcity,scarcity,en,p,promo,[TAG=p] [ROLE=promo] Low stock: only 12 units of trekking jacket,scarcity:en:03,synthetic_v1,0,0,0,0,1,0,0,0
Flipkart पर पावर बैंक का 35% स्टॉक बिक चुका,scarcity,scarcity,hi,span,stock,[TAG=span] [ROLE=stock] Flipkart पर पावर बैंक का 35% स्टॉक बिक चुका,scarcity:hi:18,synthetic_v1,0,0,0,0,1,0,0,0
स्टॉक में केवल 8 बचे!,scarcity,scarcity,hi,span,stock,[TAG=span] [ROLE=stock] स्टॉक में केवल 8 बचे!,scarcity:hi:00,synthetic_v1,0,0,0,0,1,0,0,0
"छिटो बिक्री हुँदैछ, 5 बाँकी",scarcity,scarcity,ne,p,promo,"[TAG=p] [ROLE=promo] छिटो बिक्री हुँदैछ, 5 बाँकी",scarcity:ne:08,synthetic_v1,0,0,0,0,1,0,0,0
रु. 399 पर आख़िरी 10 बैकपैक,scarcity,scarcity,hi,p,promo,[TAG=p] [ROLE=promo] रु. 399 पर आख़िरी 10 बैकपैक,scarcity:hi:17,synthetic_v1,0,0,0,0,1,0,0,0
Muncha बाँके गोदाम: 4 फेस वास बाँकी,scarcity,scarcity,ne,span,stock,[TAG=span] [ROLE=stock] Muncha बाँके गोदाम: 4 फेस वास बाँकी,scarcity:ne:19,synthetic_v1,0,0,0,0,1,0,0,0
Amazon पर केवल 8 स्टडी लैंप बचे,scarcity,scarcity,hi,p,promo,[TAG=p] [ROLE=promo] Amazon पर केवल 8 स्टडी लैंप बचे,scarcity:hi:15,synthetic_v1,0,0,0,0,1,0,0,0
रु. 699 मा 8 मात्र बाँकी,scarcity,scarcity,ne,span,stock,[TAG=span] [ROLE=stock] रु. 699 मा 8 मात्र बाँकी,scarcity:ne:10,synthetic_v1,0,0,0,0,1,0,0,0
स्टक अलर्ट: 1 भन्दा कम बाँकी,scarcity,scarcity,ne,span,stock,[TAG=span] [ROLE=stock] स्टक अलर्ट: 1 भन्दा कम बाँकी,scarcity:ne:14,synthetic_v1,0,0,0,0,1,0,0,0
Snapdeal: चंडीगढ़ के लिए 6 इकाई बचीं,scarcity,scarcity,hi,p,promo,[TAG=p] [ROLE=promo] Snapdeal: चंडीगढ़ के लिए 6 इकाई बचीं,scarcity:hi:16,synthetic_v1,0,0,0,0,1,0,0,0
Low stock: only 3 units of sunglasses,scarcity,scarcity,en,p,promo,[TAG=p] [ROLE=promo] Low stock: only 3 units of sunglasses,scarcity:en:03,synthetic_v1,0,0,0,0,1,0,0,0
Only 6 yoga mat left at Myntra,scarcity,scarcity,en,div,badge,[TAG=div] [ROLE=badge] Only 6 yoga mat left at Myntra,scarcity:en:15,synthetic_v1,0,0,0,0,1,0,0,0
"रु. 1,499 मा 1 मात्र बाँकी",scarcity,scarcity,ne,div,badge,"[TAG=div] [ROLE=badge] रु. 1,499 मा 1 मात्र बाँकी",scarcity:ne:10,synthetic_v1,0,0,0,0,1,0,0,0
Only 2 left in stock!,scarcity,scarcity,en,span,stock,[TAG=span] [ROLE=stock] Only 2 left in stock!,scarcity:en:00,synthetic_v1,0,0,0,0,1,0,0,0
इंदौर में केवल 2 कमरे बचे,scarcity,scarcity,hi,span,stock,[TAG=span] [ROLE=stock] इंदौर में केवल 2 कमरे बचे,scarcity:hi:05,synthetic_v1,0,0,0,0,1,0,0,0
बागलुङ मा 9 कोठा मात्र बाँकी,scarcity,scarcity,ne,div,badge,[TAG=div] [ROLE=badge] बागलुङ मा 9 कोठा मात्र बाँकी,scarcity:ne:05,synthetic_v1,0,0,0,0,1,0,0,0
केवल 10 बचे — 30% छूट जल्द खत्म,scarcity|false_urgency,scarcity,hi,div,badge,[TAG=div] [ROLE=badge] केवल 10 बचे — 30% छूट जल्द खत्म,scarcity:hi:12,synthetic_v1,0,1,0,0,1,0,0,0
लखनऊ में केवल 6 कमरे बचे,scarcity,scarcity,hi,p,promo,[TAG=p] [ROLE=promo] लखनऊ में केवल 6 कमरे बचे,scarcity:hi:05,synthetic_v1,0,0,0,0,1,0,0,0
सीमित संस्करण वायरलेस इयरबड्स — स्टक रहेसम्म,scarcity,scarcity,ne,div,badge,[TAG=div] [ROLE=badge] सीमित संस्करण वायरलेस इयरबड्स — स्टक रहेसम्म,scarcity:ne:09,synthetic_v1,0,0,0,0,1,0,0,0
"Last 10 school bag at Rs. 1,499",scarcity,scarcity,en,p,promo,"[TAG=p] [ROLE=promo] Last 10 school bag at Rs. 1,499",scarcity:en:17,synthetic_v1,0,0,0,0,1,0,0,0
"रु. 1,999 मा 2 मात्र बाँकी",scarcity,scarcity,ne,span,stock,"[TAG=span] [ROLE=stock] रु. 1,999 मा 2 मात्र बाँकी",scarcity:ne:10,synthetic_v1,0,0,0,0,1,0,0,0
SastoDeal: हैदराबाद के लिए 4 इकाई बचीं,scarcity,scarcity,hi,div,badge,[TAG=div] [ROLE=badge] SastoDeal: हैदराबाद के लिए 4 इकाई बचीं,scarcity:hi:16,synthetic_v1,0,0,0,0,1,0,0,0
Flipkart: बाँके का लागि 12 थान बाँकी,scarcity,scarcity,ne,span,stock,[TAG=span] [ROLE=stock] Flipkart: बाँके का लागि 12 थान बाँकी,scarcity:ne:16,synthetic_v1,0,0,0,0,1,0,0,0
Only 5 running shoes remaining at this price,scarcity,scarcity,en,span,stock,[TAG=span] [ROLE=stock] Only 5 running shoes remaining at this price,scarcity:en:01,synthetic_v1,0,0,0,0,1,0,0,0
काठमाडौँ मा 10 कोठा मात्र बाँकी,scarcity,scarcity,ne,span,stock,[TAG=span] [ROLE=stock] काठमाडौँ मा 10 कोठा मात्र बाँकी,scarcity:ne:05,synthetic_v1,0,0,0,0,1,0,0,0
Daraz: 5 units left for Surat,scarcity,scarcity,en,div,badge,[TAG=div] [ROLE=badge] Daraz: 5 units left for Surat,scarcity:en:16,synthetic_v1,0,0,0,0,1,0,0,0
Last 1 trekking jacket at Rs. 799,scarcity,scarcity,en,div,badge,[TAG=div] [ROLE=badge] Last 1 trekking jacket at Rs. 799,scarcity:en:17,synthetic_v1,0,0,0,0,1,0,0,0
Blinkit: 9 units left for Bengaluru,scarcity,scarcity,en,p,promo,[TAG=p] [ROLE=promo] Blinkit: 9 units left for Bengaluru,scarcity:en:16,synthetic_v1,0,0,0,0,1,0,0,0
यो मूल्यमा 6 फोन कभर मात्र उपलब्ध,scarcity,scarcity,ne,p,promo,[TAG=p] [ROLE=promo] यो मूल्यमा 6 फोन कभर मात्र उपलब्ध,scarcity:ne:01,synthetic_v1,0,0,0,0,1,0,0,0
"Only 10 left at Rs. 1,199",scarcity,scarcity,en,span,stock,"[TAG=span] [ROLE=stock] Only 10 left at Rs. 1,199",scarcity:en:10,synthetic_v1,0,0,0,0,1,0,0,0
"Last 4 office chair at Rs. 1,499",scarcity,scarcity,en,span,stock,"[TAG=span] [ROLE=stock] Last 4 office chair at Rs. 1,499",scarcity:en:17,synthetic_v1,0,0,0,0,1,0,0,0
रु. 499 मा 2 मात्र बाँकी,scarcity,scarcity,ne,span,stock,[TAG=span] [ROLE=stock] रु. 499 मा 2 मात्र बाँकी,scarcity:ne:10,synthetic_v1,0,0,0,0,1,0,0,0
रु. 349 पर आख़िरी 4 इलेक्ट्रिक केटल,scarcity,scarcity,hi,div,badge,[TAG=div] [ROLE=badge] रु. 349 पर आख़िरी 4 इलेक्ट्रिक केटल,scarcity:hi:17,synthetic_v1,0,0,0,0,1,0,0,0
"Only 8 left at Rs. 1,199",scarcity,scarcity,en,p,promo,"[TAG=p] [ROLE=promo] Only 8 left at Rs. 1,199",scarcity:en:10,synthetic_v1,0,0,0,0,1,0,0,0
Only 2 left at Rs. 249,scarcity,scarcity,en,p,promo,[TAG=p] [ROLE=promo] Only 2 left at Rs. 249,scarcity:en:10,synthetic_v1,0,0,0,0,1,0,0,0
Only 7 left — 60% off ends soon,scarcity|false_urgency,scarcity,en,div,badge,[TAG=div] [ROLE=badge] Only 7 left — 60% off ends soon,scarcity:en:12,synthetic_v1,0,1,0,0,1,0,0,0
प्रायः सकियो — 50% बुक भइसक्यो,scarcity,scarcity,ne,div,badge,[TAG=div] [ROLE=badge] प्रायः सकियो — 50% बुक भइसक्यो,scarcity:ne:02,synthetic_v1,0,0,0,0,1,0,0,0
"आज 9,118 जनाले किन्नुभयो, स्टक सकिँदै",scarcity|social_proof,scarcity,ne,p,promo,"[TAG=p] [ROLE=promo] आज 9,118 जनाले किन्नुभयो, स्टक सकिँदै",scarcity:ne:07,synthetic_v1,0,0,0,0,1,0,1,0
Limited edition study lamp — while supplies last,scarcity,scarcity,en,p,promo,[TAG=p] [ROLE=promo] Limited edition study lamp — while supplies last,scarcity:en:09,synthetic_v1,0,0,0,0,1,0,0,0
"छिटो गर्नुहोस्, बाँके गोदाममा 12 प्रोटिन पाउडर बाँकी",scarcity,scarcity,ne,span,stock,"[TAG=span] [ROLE=stock] छिटो गर्नुहोस्, बाँके गोदाममा 12 प्रोटिन पाउडर बाँकी",scarcity:ne:13,synthetic_v1,0,0,0,0,1,0,0,0
Zepto: ललितपुर का लागि 12 थान बाँकी,scarcity,scarcity,ne,div,badge,[TAG=div] [ROLE=badge] Zepto: ललितपुर का लागि 12 थान बाँकी,scarcity:ne:16,synthetic_v1,0,0,0,0,1,0,0,0
स्टॉक अलर्ट: 3 से कम बचे,scarcity,scarcity,hi,p,promo,[TAG=p] [ROLE=promo] स्टॉक अलर्ट: 3 से कम बचे,scarcity:hi:14,synthetic_v1,0,0,0,0,1,0,0,0
नागपुर में केवल 7 कमरे बचे,scarcity,scarcity,hi,p,promo,[TAG=p] [ROLE=promo] नागपुर में केवल 7 कमरे बचे,scarcity:hi:05,synthetic_v1,0,0,0,0,1,0,0,0
सीमित संस्करण पावर ब्यांक — स्टक रहेसम्म,scarcity,scarcity,ne,div,badge,[TAG=div] [ROLE=badge] सीमित संस्करण पावर ब्यांक — स्टक रहेसम्म,scarcity:ne:09,synthetic_v1,0,0,0,0,1,0,0,0
Only 5 face wash left at Nykaa,scarcity,scarcity,en,span,stock,[TAG=span] [ROLE=stock] Only 5 face wash left at Nykaa,scarcity:en:15,synthetic_v1,0,0,0,0,1,0,0,0
Only 4 sports sandals left at Reliance Digital,scarcity,scarcity,en,span,stock,[TAG=span] [ROLE=stock] Only 4 sports sandals left at Reliance Digital,scarcity:en:15,synthetic_v1,0,0,0,0,1,0,0,0
Zepto मा 7 पावर ब्यांक मात्र बाँकी,scarcity,scarcity,ne,span,stock,[TAG=span] [ROLE=stock] Zepto मा 7 पावर ब्यांक मात्र बाँकी,scarcity:ne:15,synthetic_v1,0,0,0,0,1,0,0,0
रु. 699 पर आख़िरी 2 कॉटन कुर्ता,scarcity,scarcity,hi,p,promo,[TAG=p] [ROLE=promo] रु. 699 पर आख़िरी 2 कॉटन कुर्ता,scarcity:hi:17,synthetic_v1,0,0,0,0,1,0,0,0
Only 2 rooms left in Kathmandu,scarcity,scarcity,en,div,badge,[TAG=div] [ROLE=badge] Only 2 rooms left in Kathmandu,scarcity:en:05,synthetic_v1,0,0,0,0,1,0,0,0
जयपुर में केवल 8 कमरे बचे,scarcity,scarcity,hi,p,promo,[TAG=p] [ROLE=promo] जयपुर में केवल 8 कमरे बचे,scarcity:hi:05,synthetic_v1,0,0,0,0,1,0,0,0
"Hurry, 8 yoga mat left in Delhi warehouse",scarcity,scarcity,en,p,promo,"[TAG=p] [ROLE=promo] Hurry, 8 yoga mat left in Delhi warehouse",scarcity:en:13,synthetic_v1,0,0,0,0,1,0,0,0
Only 6 left — 10% off ends soon,scarcity|false_urgency,scarcity,en,div,badge,[TAG=div] [ROLE=badge] Only 6 left — 10% off ends soon,scarcity:en:12,synthetic_v1,0,1,0,0,1,0,0,0
रु. 249 पर केवल 8 बचे,scarcity,scarcity,hi,p,promo,[TAG=p] [ROLE=promo] रु. 249 पर केवल 8 बचे,scarcity:hi:10,synthetic_v1,0,0,0,0,1,0,0,0
Zepto मा 5 पानीको बोतल मात्र बाँकी,scarcity,scarcity,ne,p,promo,[TAG=p] [ROLE=promo] Zepto मा 5 पानीको बोतल मात्र बाँकी,scarcity:ne:15,synthetic_v1,0,0,0,0,1,0,0,0
Only 3 water bottle remaining at this price,scarcity,scarcity,en,span,stock,[TAG=span] [ROLE=stock] Only 3 water bottle remaining at this price,scarcity:en:01,synthetic_v1,0,0,0,0,1,0,0,0
Zepto पटना गोदाम: 7 कॉटन कुर्ता शेष,scarcity,scarcity,hi,div,badge,[TAG=div] [ROLE=badge] Zepto पटना गोदाम: 7 कॉटन कुर्ता शेष,scarcity:hi:19,synthetic_v1,0,0,0,0,1,0,0,0
अन्तिम 3 थान उपलब्ध,scarcity,scarcity,ne,span,stock,[TAG=span] [ROLE=stock] अन्तिम 3 थान उपलब्ध,scarcity:ne:04,synthetic_v1,0,0,0,0,1,0,0,0
कम स्टक: गेमिङ माउस को 3 थान मात्र,scarcity,scarcity,ne,div,badge,[TAG=div] [ROLE=badge] कम स्टक: गेमिङ माउस को 3 थान मात्र,scarcity:ne:03,synthetic_v1,0,0,0,0,1,0,0,0
Meesho हेटौंडा गोदाम: 7 राइस कुकर बाँकी,scarcity,scarcity,ne,span,stock,[TAG=span] [ROLE=stock] Meesho हेटौंडा गोदाम: 7 राइस कुकर बाँकी,scarcity:ne:19,synthetic_v1,0,0,0,0,1,0,0,0
स्टक अलर्ट: 6 भन्दा कम बाँकी,scarcity,scarcity,ne,p,promo,[TAG=p] [ROLE=promo] स्टक अलर्ट: 6 भन्दा कम बाँकी,scarcity:ne:14,synthetic_v1,0,0,0,0,1,0,0,0
Nykaa: 7 units left for Mumbai,scarcity,scarcity,en,p,promo,[TAG=p] [ROLE=promo] Nykaa: 7 units left for Mumbai,scarcity:en:16,synthetic_v1,0,0,0,0,1,0,0,0
Only 12 rooms left in Jaipur,scarcity,scarcity,en,p,promo,[TAG=p] [ROLE=promo] Only 12 rooms left in Jaipur,scarcity:en:05,synthetic_v1,0,0,0,0,1,0,0,0
सीमित संस्करण स्कुल ब्याग — स्टक रहेसम्म,scarcity,scarcity,ne,span,stock,[TAG=span] [ROLE=stock] सीमित संस्करण स्कुल ब्याग — स्टक रहेसम्म,scarcity:ne:09,synthetic_v1,0,0,0,0,1,0,0,0
कम स्टक: पानीको बोतल को 9 थान मात्र,scarcity,scarcity,ne,div,badge,[TAG=div] [ROLE=badge] कम स्टक: पानीको बोतल को 9 थान मात्र,scarcity:ne:03,synthetic_v1,0,0,0,0,1,0,0,0
रु. 699 पर आख़िरी 12 पावर बैंक,scarcity,scarcity,hi,span,stock,[TAG=span] [ROLE=stock] रु. 699 पर आख़िरी 12 पावर बैंक,scarcity:hi:17,synthetic_v1,0,0,0,0,1,0,0,0
कम स्टॉक: गेमिंग माउस की केवल 12 इकाई,scarcity,scarcity,hi,span,stock,[TAG=span] [ROLE=stock] कम स्टॉक: गेमिंग माउस की केवल 12 इकाई,scarcity:hi:03,synthetic_v1,0,0,0,0,1,0,0,0
Meesho मा 1 फोन कभर मात्र बाँकी,scarcity,scarcity,ne,div,badge,[TAG=div] [ROLE=badge] Meesho मा 1 फोन कभर मात्र बाँकी,scarcity:ne:15,synthetic_v1,0,0,0,0,1,0,0,0
SastoDeal: 8 units left for Hyderabad,scarcity,scarcity,en,div,badge,[TAG=div] [ROLE=badge] SastoDeal: 8 units left for Hyderabad,scarcity:en:16,synthetic_v1,0,0,0,0,1,0,0,0
Salesberry काठमाडौँ गोदाम: 9 फेस वास बाँकी,scarcity,scarcity,ne,div,badge,[TAG=div] [ROLE=badge] Salesberry काठमाडौँ गोदाम: 9 फेस वास बाँकी,scarcity:ne:19,synthetic_v1,0,0,0,0,1,0,0,0
Pepperfry Chitwan warehouse: 7 trekking jacket remaining,scarcity,scarcity,en,p,promo,[TAG=p] [ROLE=promo] Pepperfry Chitwan warehouse: 7 trekking jacket remaining,scarcity:en:19,synthetic_v1,0,0,0,0,1,0,0,0
Almost sold out — 40% already claimed,scarcity,scarcity,en,p,promo,[TAG=p] [ROLE=promo] Almost sold out — 40% already claimed,scarcity:en:02,synthetic_v1,0,0,0,0,1,0,0,0
Only 10 left — 10% off ends soon,scarcity|false_urgency,scarcity,en,span,stock,[TAG=span] [ROLE=stock] Only 10 left — 10% off ends soon,scarcity:en:12,synthetic_v1,0,1,0,0,1,0,0,0
Thulo: बाँके का लागि 1 थान बाँकी,scarcity,scarcity,ne,div,badge,[TAG=div] [ROLE=badge] Thulo: बाँके का लागि 1 थान बाँकी,scarcity:ne:16,synthetic_v1,0,0,0,0,1,0,0,0
Last 12 trekking jacket at Rs. 149,scarcity,scarcity,en,p,promo,[TAG=p] [ROLE=promo] Last 12 trekking jacket at Rs. 149,scarcity:en:17,synthetic_v1,0,0,0,0,1,0,0,0
30% of wireless earbuds stock already sold at Blinkit,scarcity,scarcity,en,p,promo,[TAG=p] [ROLE=promo] 30% of wireless earbuds stock already sold at Blinkit,scarcity:en:18,synthetic_v1,0,0,0,0,1,0,0,0
1 मात्र बाँकी — 15% छुट चाँडै सकिन्छ,scarcity|false_urgency,scarcity,ne,span,stock,[TAG=span] [ROLE=stock] 1 मात्र बाँकी — 15% छुट चाँडै सकिन्छ,scarcity:ne:12,synthetic_v1,0,1,0,0,1,0,0,0
"जल्दी करें, हैदराबाद गोदाम में 4 लैपटॉप बैग बचे",scarcity,scarcity,hi,span,stock,"[TAG=span] [ROLE=stock] जल्दी करें, हैदराबाद गोदाम में 4 लैपटॉप बैग बचे",scarcity:hi:13,synthetic_v1,0,0,0,0,1,0,0,0
"Hurry, 1 air fryer left in Mumbai warehouse",scarcity,scarcity,en,p,promo,"[TAG=p] [ROLE=promo] Hurry, 1 air fryer left in Mumbai warehouse",scarcity:en:13,synthetic_v1,0,0,0,0,1,0,0,0
"रु. 1,199 मा 2 मात्र बाँकी",scarcity,scarcity,ne,span,stock,"[TAG=span] [ROLE=stock] रु. 1,199 मा 2 मात्र बाँकी",scarcity:ne:10,synthetic_v1,0,0,0,0,1,0,0,0
Only 12 rooms left in Pokhara,scarcity,scarcity,en,span,stock,[TAG=span] [ROLE=stock] Only 12 rooms left in Pokhara,scarcity:en:05,synthetic_v1,0,0,0,0,1,0,0,0
Only 12 rooms left in Bhaktapur,scarcity,scarcity,en,span,stock,[TAG=span] [ROLE=stock] Only 12 rooms left in Bhaktapur,scarcity:en:05,synthetic_v1,0,0,0,0,1,0,0,0
धरान मा 7 कोठा मात्र बाँकी,scarcity,scarcity,ne,span,stock,[TAG=span] [ROLE=stock] धरान मा 7 कोठा मात्र बाँकी,scarcity:ne:05,synthetic_v1,0,0,0,0,1,0,0,0
Low stock: only 10 units of office chair,scarcity,scarcity,en,p,promo,[TAG=p] [ROLE=promo] Low stock: only 10 units of office chair,scarcity:en:03,synthetic_v1,0,0,0,0,1,0,0,0
"367 people bought this today, stock running out",scarcity|social_proof,scarcity,en,p,promo,"[TAG=p] [ROLE=promo] 367 people bought this today, stock running out",scarcity:en:07,synthetic_v1,0,0,0,0,1,0,1,0
Low stock: only 12 units of backpack,scarcity,scarcity,en,p,promo,[TAG=p] [ROLE=promo] Low stock: only 12 units of backpack,scarcity:en:03,synthetic_v1,0,0,0,0,1,0,0,0
भारी मांग — कॉफी मेकर की सीमित मात्रा,scarcity,scarcity,hi,div,badge,[TAG=div] [ROLE=badge] भारी मांग — कॉफी मेकर की सीमित मात्रा,scarcity:hi:06,synthetic_v1,0,0,0,0,1,0,0,0
Flipkart पुणे गोदाम: 2 एयर फ्रायर शेष,scarcity,scarcity,hi,div,badge,[TAG=div] [ROLE=badge] Flipkart पुणे गोदाम: 2 एयर फ्रायर शेष,scarcity:hi:19,synthetic_v1,0,0,0,0,1,0,0,0
Only 4 left in stock!,scarcity,scarcity,en,span,stock,[TAG=span] [ROLE=stock] Only 4 left in stock!,scarcity:en:00,synthetic_v1,0,0,0,0,1,0,0,0
High demand — limited units of backpack,scarcity,scarcity,en,span,stock,[TAG=span] [ROLE=stock] High demand — limited units of backpack,scarcity:en:06,synthetic_v1,0,0,0,0,1,0,0,0
BigBasket Patna warehouse: 3 rice cooker remaining,scarcity,scarcity,en,p,promo,[TAG=p] [ROLE=promo] BigBasket Patna warehouse: 3 rice cooker remaining,scarcity:en:19,synthetic_v1,0,0,0,0,1,0,0,0
Low stock: only 6 units of wireless earbuds,scarcity,scarcity,en,div,badge,[TAG=div] [ROLE=badge] Low stock: only 6 units of wireless earbuds,scarcity:en:03,synthetic_v1,0,0,0,0,1,0,0,0
Meesho मा फोन कभर को 25% स्टक बिक्री भइसक्यो,scarcity,scarcity,ne,span,stock,[TAG=span] [ROLE=stock] Meesho मा फोन कभर को 25% स्टक बिक्री भइसक्यो,scarcity:ne:18,synthetic_v1,0,0,0,0,1,0,0,0
Only 12 rooms left in Hyderabad,scarcity,scarcity,en,div,badge,[TAG=div] [ROLE=badge] Only 12 rooms left in Hyderabad,scarcity:en:05,synthetic_v1,0,0,0,0,1,0,0,0
9 मात्र बाँकी — 40% छुट चाँडै सकिन्छ,scarcity|false_urgency,scarcity,ne,span,stock,[TAG=span] [ROLE=stock] 9 मात्र बाँकी — 40% छुट चाँडै सकिन्छ,scarcity:ne:12,synthetic_v1,0,1,0,0,1,0,0,0
Amazon मा हिउँदको ब्ल्याङ्केट को 20% स्टक बिक्री भइसक्यो,scarcity,scarcity,ne,span,stock,[TAG=span] [ROLE=stock] Amazon मा हिउँदको ब्ल्याङ्केट को 20% स्टक बिक्री भइसक्यो,scarcity:ne:18,synthetic_v1,0,0,0,0,1,0,0,0
Flipkart: पोखरा का लागि 10 थान बाँकी,scarcity,scarcity,ne,div,badge,[TAG=div] [ROLE=badge] Flipkart: पोखरा का लागि 10 थान बाँकी,scarcity:ne:16,synthetic_v1,0,0,0,0,1,0,0,0
"Last 8 induction cooktop at Rs. 1,999",scarcity,scarcity,en,div,badge,"[TAG=div] [ROLE=badge] Last 8 induction cooktop at Rs. 1,999",scarcity:en:17,synthetic_v1,0,0,0,0,1,0,0,0
कम स्टक: कफी मेकर को 4 थान मात्र,scarcity,scarcity,ne,p,promo,[TAG=p] [ROLE=promo] कम स्टक: कफी मेकर को 4 थान मात्र,scarcity:ne:03,synthetic_v1,0,0,0,0,1,0,0,0
"जल्दी करें, पुणे गोदाम में 3 गेमिंग माउस बचे",scarcity,scarcity,hi,p,promo,"[TAG=p] [ROLE=promo] जल्दी करें, पुणे गोदाम में 3 गेमिंग माउस बचे",scarcity:hi:13,synthetic_v1,0,0,0,0,1,0,0,0
"Hurry, 2 water bottle left in Pune warehouse",scarcity,scarcity,en,span,stock,"[TAG=span] [ROLE=stock] Hurry, 2 water bottle left in Pune warehouse",scarcity:en:13,synthetic_v1,0,0,0,0,1,0,0,0
Meesho मा स्टडी लाइट को 15% स्टक बिक्री भइसक्यो,scarcity,scarcity,ne,div,badge,[TAG=div] [ROLE=badge] Meesho मा स्टडी लाइट को 15% स्टक बिक्री भइसक्यो,scarcity:ne:18,synthetic_v1,0,0,0,0,1,0,0,0
Only 7 rooms left in Butwal,scarcity,scarcity,en,p,promo,[TAG=p] [ROLE=promo] Only 7 rooms left in Butwal,scarcity:en:05,synthetic_v1,0,0,0,0,1,0,0,0
"Only 6 left at Rs. 1,199",scarcity,scarcity,en,p,promo,"[TAG=p] [ROLE=promo] Only 6 left at Rs. 1,199",scarcity:en:10,synthetic_v1,0,0,0,0,1,0,0,0
2 मात्र बाँकी — 15% छुट चाँडै सकिन्छ,scarcity|false_urgency,scarcity,ne,span,stock,[TAG=span] [ROLE=stock] 2 मात्र बाँकी — 15% छुट चाँडै सकिन्छ,scarcity:ne:12,synthetic_v1,0,1,0,0,1,0,0,0
"छिटो गर्नुहोस्, बागलुङ गोदाममा 12 वायरलेस इयरबड्स बाँकी",scarcity,scarcity,ne,span,stock,"[TAG=span] [ROLE=stock] छिटो गर्नुहोस्, बागलुङ गोदाममा 12 वायरलेस इयरबड्स बाँकी",scarcity:ne:13,synthetic_v1,0,0,0,0,1,0,0,0
रु. 499 मा 10 मात्र बाँकी,scarcity,scarcity,ne,span,stock,[TAG=span] [ROLE=stock] रु. 499 मा 10 मात्र बाँकी,scarcity:ne:10,synthetic_v1,0,0,0,0,1,0,0,0
Only 4 yoga mat left at Zepto,scarcity,scarcity,en,span,stock,[TAG=span] [ROLE=stock] Only 4 yoga mat left at Zepto,scarcity:en:15,synthetic_v1,0,0,0,0,1,0,0,0
High demand — limited units of study lamp,scarcity,scarcity,en,div,badge,[TAG=div] [ROLE=badge] High demand — limited units of study lamp,scarcity:en:06,synthetic_v1,0,0,0,0,1,0,0,0
15% of denim jeans stock already sold at SastoDeal,scarcity,scarcity,en,p,promo,[TAG=p] [ROLE=promo] 15% of denim jeans stock already sold at SastoDeal,scarcity:en:18,synthetic_v1,0,0,0,0,1,0,0,0
Gyapu Lucknow warehouse: 3 denim jeans remaining,scarcity,scarcity,en,div,badge,[TAG=div] [ROLE=badge] Gyapu Lucknow warehouse: 3 denim jeans remaining,scarcity:en:19,synthetic_v1,0,0,0,0,1,0,0,0
20% of study lamp stock already sold at Myntra,scarcity,scarcity,en,p,promo,[TAG=p] [ROLE=promo] 20% of study lamp stock already sold at Myntra,scarcity:en:18,synthetic_v1,0,0,0,0,1,0,0,0
Thulo: 5 units left for Mumbai,scarcity,scarcity,en,p,promo,[TAG=p] [ROLE=promo] Thulo: 5 units left for Mumbai,scarcity:en:16,synthetic_v1,0,0,0,0,1,0,0,0
इस दाम पर केवल 5 ट्रेकिंग जैकेट उपलब्ध,scarcity,scarcity,hi,div,badge,[TAG=div] [ROLE=badge] इस दाम पर केवल 5 ट्रेकिंग जैकेट उपलब्ध,scarcity:hi:01,synthetic_v1,0,0,0,0,1,0,0,0
Only 1 rooms left in Surat,scarcity,scarcity,en,p,promo,[TAG=p] [ROLE=promo] Only 1 rooms left in Surat,scarcity:en:05,synthetic_v1,0,0,0,0,1,0,0,0
40% of backpack stock already sold at HamroBazar,scarcity,scarcity,en,span,stock,[TAG=span] [ROLE=stock] 40% of backpack stock already sold at HamroBazar,scarcity:en:18,synthetic_v1,0,0,0,0,1,0,0,0
चितवन मा 4 कोठा मात्र बाँकी,scarcity,scarcity,ne,p,promo,[TAG=p] [ROLE=promo] चितवन मा 4 कोठा मात्र बाँकी,scarcity:ne:05,synthetic_v1,0,0,0,0,1,0,0,0
केवल 9 बचे — 35% छूट जल्द खत्म,scarcity|false_urgency,scarcity,hi,p,promo,[TAG=p] [ROLE=promo] केवल 9 बचे — 35% छूट जल्द खत्म,scarcity:hi:12,synthetic_v1,0,1,0,0,1,0,0,0
आगरा में केवल 12 कमरे बचे,scarcity,scarcity,hi,p,promo,[TAG=p] [ROLE=promo] आगरा में केवल 12 कमरे बचे,scarcity:hi:05,synthetic_v1,0,0,0,0,1,0,0,0
Thulo पर ऑफिस चेयर का 70% स्टॉक बिक चुका,scarcity,scarcity,hi,div,badge,[TAG=div] [ROLE=badge] Thulo पर ऑफिस चेयर का 70% स्टॉक बिक चुका,scarcity:hi:18,synthetic_v1,0,0,0,0,1,0,0,0
कम स्टक: स्मार्टवाच को 8 थान मात्र,scarcity,scarcity,ne,span,stock,[TAG=span] [ROLE=stock] कम स्टक: स्मार्टवाच को 8 थान मात्र,scarcity:ne:03,synthetic_v1,0,0,0,0,1,0,0,0
रु. 449 पर आख़िरी 5 योगा मैट,scarcity,scarcity,hi,div,badge,[TAG=div] [ROLE=badge] रु. 449 पर आख़िरी 5 योगा मैट,scarcity:hi:17,synthetic_v1,0,0,0,0,1,0,0,0
"Hurry, 6 sports sandals left in Hyderabad warehouse",scarcity,scarcity,en,div,badge,"[TAG=div] [ROLE=badge] Hurry, 6 sports sandals left in Hyderabad warehouse",scarcity:en:13,synthetic_v1,0,0,0,0,1,0,0,0
Flipkart मा प्रोटिन पाउडर को 30% स्टक बिक्री भइसक्यो,scarcity,scarcity,ne,span,stock,[TAG=span] [ROLE=stock] Flipkart मा प्रोटिन पाउडर को 30% स्टक बिक्री भइसक्यो,scarcity:ne:18,synthetic_v1,0,0,0,0,1,0,0,0
रु. 349 मा अन्तिम 7 पानीको बोतल,scarcity,scarcity,ne,div,badge,[TAG=div] [ROLE=badge] रु. 349 मा अन्तिम 7 पानीको बोतल,scarcity:ne:17,synthetic_v1,0,0,0,0,1,0,0,0
Stock alert: fewer than 10 remaining,scarcity,scarcity,en,div,badge,[TAG=div] [ROLE=badge] Stock alert: fewer than 10 remaining,scarcity:en:14,synthetic_v1,0,0,0,0,1,0,0,0
"रु. 2,499 पर आख़िरी 9 राइस कुकर",scarcity,scarcity,hi,p,promo,"[TAG=p] [ROLE=promo] रु. 2,499 पर आख़िरी 9 राइस कुकर",scarcity:hi:17,synthetic_v1,0,0,0,0,1,0,0,0
रु. 299 मा 5 मात्र बाँकी,scarcity,scarcity,ne,div,badge,[TAG=div] [ROLE=badge] रु. 299 मा 5 मात्र बाँकी,scarcity:ne:10,synthetic_v1,0,0,0,0,1,0,0,0
"आज 5,872 लोगों ने खरीदा, स्टॉक कम",scarcity|social_proof,scarcity,hi,span,stock,"[TAG=span] [ROLE=stock] आज 5,872 लोगों ने खरीदा, स्टॉक कम",scarcity:hi:07,synthetic_v1,0,0,0,0,1,0,1,0
अन्तिम 8 थान उपलब्ध,scarcity,scarcity,ne,p,promo,[TAG=p] [ROLE=promo] अन्तिम 8 थान उपलब्ध,scarcity:ne:04,synthetic_v1,0,0,0,0,1,0,0,0
JioMart मा 4 इन्डक्सन चुल्हो मात्र बाँकी,scarcity,scarcity,ne,span,stock,[TAG=span] [ROLE=stock] JioMart मा 4 इन्डक्सन चुल्हो मात्र बाँकी,scarcity:ne:15,synthetic_v1,0,0,0,0,1,0,0,0
लगभग बिक चुका — 80% बुक हो गया,scarcity,scarcity,hi,p,promo,[TAG=p] [ROLE=promo] लगभग बिक चुका — 80% बुक हो गया,scarcity:hi:02,synthetic_v1,0,0,0,0,1,0,0,0
"जल्दी करें, बेंगलुरु गोदाम में 6 सर्दी का कंबल बचे",scarcity,scarcity,hi,p,promo,"[TAG=p] [ROLE=promo] जल्दी करें, बेंगलुरु गोदाम में 6 सर्दी का कंबल बचे",scarcity:hi:13,synthetic_v1,0,0,0,0,1,0,0,0
गोरखा मा 5 कोठा मात्र बाँकी,scarcity,scarcity,ne,div,badge,[TAG=div] [ROLE=badge] गोरखा मा 5 कोठा मात्र बाँकी,scarcity:ne:05,synthetic_v1,0,0,0,0,1,0,0,0
"आज 402 लोगों ने खरीदा, स्टॉक कम",scarcity|social_proof,scarcity,hi,div,badge,"[TAG=div] [ROLE=badge] आज 402 लोगों ने खरीदा, स्टॉक कम",scarcity:hi:07,synthetic_v1,0,0,0,0,1,0,1,0
अन्तिम 9 थान उपलब्ध,scarcity,scarcity,ne,p,promo,[TAG=p] [ROLE=promo] अन्तिम 9 थान उपलब्ध,scarcity:ne:04,synthetic_v1,0,0,0,0,1,0,0,0
Meesho: इंदौर के लिए 3 इकाई बचीं,scarcity,scarcity,hi,p,promo,[TAG=p] [ROLE=promo] Meesho: इंदौर के लिए 3 इकाई बचीं,scarcity:hi:16,synthetic_v1,0,0,0,0,1,0,0,0
"छिटो गर्नुहोस्, नेपालगन्ज गोदाममा 1 स्टडी लाइट बाँकी",scarcity,scarcity,ne,div,badge,"[TAG=div] [ROLE=badge] छिटो गर्नुहोस्, नेपालगन्ज गोदाममा 1 स्टडी लाइट बाँकी",scarcity:ne:13,synthetic_v1,0,0,0,0,1,0,0,0
Thulo पर केवल 10 स्कूल बैग बचे,scarcity,scarcity,hi,div,badge,[TAG=div] [ROLE=badge] Thulo पर केवल 10 स्कूल बैग बचे,scarcity:hi:15,synthetic_v1,0,0,0,0,1,0,0,0
कम स्टक: इन्डक्सन चुल्हो को 1 थान मात्र,scarcity,scarcity,ne,p,promo,[TAG=p] [ROLE=promo] कम स्टक: इन्डक्सन चुल्हो को 1 थान मात्र,scarcity:ne:03,synthetic_v1,0,0,0,0,1,0,0,0
Limited edition cotton kurta — while supplies last,scarcity,scarcity,en,span,stock,[TAG=span] [ROLE=stock] Limited edition cotton kurta — while supplies last,scarcity:en:09,synthetic_v1,0,0,0,0,1,0,0,0
पुणे में केवल 12 कमरे बचे,scarcity,scarcity,hi,p,promo,[TAG=p] [ROLE=promo] पुणे में केवल 12 कमरे बचे,scarcity:hi:05,synthetic_v1,0,0,0,0,1,0,0,0
केवल 8 बचे — 20% छूट जल्द खत्म,scarcity|false_urgency,scarcity,hi,div,badge,[TAG=div] [ROLE=badge] केवल 8 बचे — 20% छूट जल्द खत्म,scarcity:hi:12,synthetic_v1,0,1,0,0,1,0,0,0
दिल्ली में केवल 8 कमरे बचे,scarcity,scarcity,hi,p,promo,[TAG=p] [ROLE=promo] दिल्ली में केवल 8 कमरे बचे,scarcity:hi:05,synthetic_v1,0,0,0,0,1,0,0,0
रु. 299 पर केवल 2 बचे,scarcity,scarcity,hi,p,promo,[TAG=p] [ROLE=promo] रु. 299 पर केवल 2 बचे,scarcity:hi:10,synthetic_v1,0,0,0,0,1,0,0,0
आख़िरी 1 पीस उपलब्ध,scarcity,scarcity,hi,div,badge,[TAG=div] [ROLE=badge] आख़िरी 1 पीस उपलब्ध,scarcity:hi:04,synthetic_v1,0,0,0,0,1,0,0,0
"Selling fast, 1 left",scarcity,scarcity,en,p,promo,"[TAG=p] [ROLE=promo] Selling fast, 1 left",scarcity:en:08,synthetic_v1,0,0,0,0,1,0,0,0
Croma: इटहरी का लागि 9 थान बाँकी,scarcity,scarcity,ne,div,badge,[TAG=div] [ROLE=badge] Croma: इटहरी का लागि 9 थान बाँकी,scarcity:ne:16,synthetic_v1,0,0,0,0,1,0,0,0
कम स्टॉक: कॉफी मेकर की केवल 7 इकाई,scarcity,scarcity,hi,p,promo,[TAG=p] [ROLE=promo] कम स्टॉक: कॉफी मेकर की केवल 7 इकाई,scarcity:hi:03,synthetic_v1,0,0,0,0,1,0,0,0
रु. 399 पर आख़िरी 6 इलेक्ट्रिक केटल,scarcity,scarcity,hi,div,badge,[TAG=div] [ROLE=badge] रु. 399 पर आख़िरी 6 इलेक्ट्रिक केटल,scarcity:hi:17,synthetic_v1,0,0,0,0,1,0,0,0
"छिटो गर्नुहोस्, इटहरी गोदाममा 1 स्कुल ब्याग बाँकी",scarcity,scarcity,ne,p,promo,"[TAG=p] [ROLE=promo] छिटो गर्नुहोस्, इटहरी गोदाममा 1 स्कुल ब्याग बाँकी",scarcity:ne:13,synthetic_v1,0,0,0,0,1,0,0,0
"जल्दी करें, लखनऊ गोदाम में 12 राइस कुकर बचे",scarcity,scarcity,hi,div,badge,"[TAG=div] [ROLE=badge] जल्दी करें, लखनऊ गोदाम में 12 राइस कुकर बचे",scarcity:hi:13,synthetic_v1,0,0,0,0,1,0,0,0
Only 12 trekking jacket remaining at this price,scarcity,scarcity,en,span,stock,[TAG=span] [ROLE=stock] Only 12 trekking jacket remaining at this price,scarcity:en:01,synthetic_v1,0,0,0,0,1,0,0,0
12 मात्र बाँकी — 35% छुट चाँडै सकिन्छ,scarcity|false_urgency,scarcity,ne,span,stock,[TAG=span] [ROLE=stock] 12 मात्र बाँकी — 35% छुट चाँडै सकिन्छ,scarcity:ne:12,synthetic_v1,0,1,0,0,1,0,0,0
Zepto Biratnagar warehouse: 6 cotton kurta remaining,scarcity,scarcity,en,span,stock,[TAG=span] [ROLE=stock] Zepto Biratnagar warehouse: 6 cotton kurta remaining,scarcity:en:19,synthetic_v1,0,0,0,0,1,0,0,0
Amazon पर फोन कवर का 20% स्टॉक बिक चुका,scarcity,scarcity,hi,div,badge,[TAG=div] [ROLE=badge] Amazon पर फोन कवर का 20% स्टॉक बिक चुका,scarcity:hi:18,synthetic_v1,0,0,0,0,1,0,0,0
"रु. 2,499 मा अन्तिम 10 स्टडी लाइट",scarcity,scarcity,ne,div,badge,"[TAG=div] [ROLE=badge] रु. 2,499 मा अन्तिम 10 स्टडी लाइट",scarcity:ne:17,synthetic_v1,0,0,0,0,1,0,0,0
इस दाम पर केवल 6 कॉटन कुर्ता उपलब्ध,scarcity,scarcity,hi,span,stock,[TAG=span] [ROLE=stock] इस दाम पर केवल 6 कॉटन कुर्ता उपलब्ध,scarcity:hi:01,synthetic_v1,0,0,0,0,1,0,0,0
Meesho मा 9 फर्मल सर्ट मात्र बाँकी,scarcity,scarcity,ne,div,badge,[TAG=div] [ROLE=badge] Meesho मा 9 फर्मल सर्ट मात्र बाँकी,scarcity:ne:15,synthetic_v1,0,0,0,0,1,0,0,0
Only 8 gaming mouse remaining at this price,scarcity,scarcity,en,span,stock,[TAG=span] [ROLE=stock] Only 8 gaming mouse remaining at this price,scarcity:en:01,synthetic_v1,0,0,0,0,1,0,0,0
रु. 349 पर केवल 6 बचे,scarcity,scarcity,hi,div,badge,[TAG=div] [ROLE=badge] रु. 349 पर केवल 6 बचे,scarcity:hi:10,synthetic_v1,0,0,0,0,1,0,0,0
Low stock: only 4 units of sunglasses,scarcity,scarcity,en,span,stock,[TAG=span] [ROLE=stock] Low stock: only 4 units of sunglasses,scarcity:en:03,synthetic_v1,0,0,0,0,1,0,0,0
Only 10 left — 40% off ends soon,scarcity|false_urgency,scarcity,en,div,badge,[TAG=div] [ROLE=badge] Only 10 left — 40% off ends soon,scarcity:en:12,synthetic_v1,0,1,0,0,1,0,0,0
Limited edition face wash — while supplies last,scarcity,scarcity,en,div,badge,[TAG=div] [ROLE=badge] Limited edition face wash — while supplies last,scarcity:en:09,synthetic_v1,0,0,0,0,1,0,0,0
केवल 3 बचे — 40% छूट जल्द खत्म,scarcity|false_urgency,scarcity,hi,p,promo,[TAG=p] [ROLE=promo] केवल 3 बचे — 40% छूट जल्द खत्म,scarcity:hi:12,synthetic_v1,0,1,0,0,1,0,0,0
Only 6 left — 60% off ends soon,scarcity|false_urgency,scarcity,en,p,promo,[TAG=p] [ROLE=promo] Only 6 left — 60% off ends soon,scarcity:en:12,synthetic_v1,0,1,0,0,1,0,0,0
Kinbech: 12 units left for Hyderabad,scarcity,scarcity,en,span,stock,[TAG=span] [ROLE=stock] Kinbech: 12 units left for Hyderabad,scarcity:en:16,synthetic_v1,0,0,0,0,1,0,0,0
"1,187 people bought this today, stock running out",scarcity|social_proof,scarcity,en,span,stock,"[TAG=span] [ROLE=stock] 1,187 people bought this today, stock running out",scarcity:en:07,synthetic_v1,0,0,0,0,1,0,1,0
Only 4 rooms left in Patna,scarcity,scarcity,en,p,promo,[TAG=p] [ROLE=promo] Only 4 rooms left in Patna,scarcity:en:05,synthetic_v1,0,0,0,0,1,0,0,0
"छिटो गर्नुहोस्, काठमाडौँ गोदाममा 6 स्मार्टवाच बाँकी",scarcity,scarcity,ne,div,badge,"[TAG=div] [ROLE=badge] छिटो गर्नुहोस्, काठमाडौँ गोदाममा 6 स्मार्टवाच बाँकी",scarcity:ne:13,synthetic_v1,0,0,0,0,1,0,0,0
"Last 9 power bank at Rs. 1,999",scarcity,scarcity,en,span,stock,"[TAG=span] [ROLE=stock] Last 9 power bank at Rs. 1,999",scarcity:en:17,synthetic_v1,0,0,0,0,1,0,0,0
कम स्टक: ब्याकप्याक को 3 थान मात्र,scarcity,scarcity,ne,span,stock,[TAG=span] [ROLE=stock] कम स्टक: ब्याकप्याक को 3 थान मात्र,scarcity:ne:03,synthetic_v1,0,0,0,0,1,0,0,0
रु. 999 पर आख़िरी 2 फेस वॉश,scarcity,scarcity,hi,span,stock,[TAG=span] [ROLE=stock] रु. 999 पर आख़िरी 2 फेस वॉश,scarcity:hi:17,synthetic_v1,0,0,0,0,1,0,0,0
Kinbech पर फेस वॉश का 15% स्टॉक बिक चुका,scarcity,scarcity,hi,p,promo,[TAG=p] [ROLE=promo] Kinbech पर फेस वॉश का 15% स्टॉक बिक चुका,scarcity:hi:18,synthetic_v1,0,0,0,0,1,0,0,0
भारी मांग — इंडक्शन चूल्हा की सीमित मात्रा,scarcity,scarcity,hi,span,stock,[TAG=span] [ROLE=stock] भारी मांग — इंडक्शन चूल्हा की सीमित मात्रा,scarcity:hi:06,synthetic_v1,0,0,0,0,1,0,0,0
Daraz सूरत गोदाम: 9 नॉइज़ कैंसलिंग हेडफोन शेष,scarcity,scarcity,hi,span,stock,[TAG=span] [ROLE=stock] Daraz सूरत गोदाम: 9 नॉइज़ कैंसलिंग हेडफोन शेष,scarcity:hi:19,synthetic_v1,0,0,0,0,1,0,0,0
"छिटो गर्नुहोस्, गोरखा गोदाममा 6 डेनिम जिन्स बाँकी",scarcity,scarcity,ne,p,promo,"[TAG=p] [ROLE=promo] छिटो गर्नुहोस्, गोरखा गोदाममा 6 डेनिम जिन्स बाँकी",scarcity:ne:13,synthetic_v1,0,0,0,0,1,0,0,0
केवल 1 बचे — 15% छूट जल्द खत्म,scarcity|false_urgency,scarcity,hi,div,badge,[TAG=div] [ROLE=badge] केवल 1 बचे — 15% छूट जल्द खत्म,scarcity:hi:12,synthetic_v1,0,1,0,0,1,0,0,0
Blinkit: भोपाल के लिए 9 इकाई बचीं,scarcity,scarcity,hi,p,promo,[TAG=p] [ROLE=promo] Blinkit: भोपाल के लिए 9 इकाई बचीं,scarcity:hi:16,synthetic_v1,0,0,0,0,1,0,0,0
सीमित संस्करण गेमिंग माउस — जब तक स्टॉक,scarcity,scarcity,hi,p,promo,[TAG=p] [ROLE=promo] सीमित संस्करण गेमिंग माउस — जब तक स्टॉक,scarcity:hi:09,synthetic_v1,0,0,0,0,1,0,0,0
Only 4 rooms left in Bhaktapur,scarcity,scarcity,en,span,stock,[TAG=span] [ROLE=stock] Only 4 rooms left in Bhaktapur,scarcity:en:05,synthetic_v1,0,0,0,0,1,0,0,0
3 मात्र बाँकी — 10% छुट चाँडै सकिन्छ,scarcity|false_urgency,scarcity,ne,div,badge,[TAG=div] [ROLE=badge] 3 मात्र बाँकी — 10% छुट चाँडै सकिन्छ,scarcity:ne:12,synthetic_v1,0,1,0,0,1,0,0,0
Only 3 bluetooth speaker remaining at this price,scarcity,scarcity,en,p,promo,[TAG=p] [ROLE=promo] Only 3 bluetooth speaker remaining at this price,scarcity:en:01,synthetic_v1,0,0,0,0,1,0,0,0
चितवन मा 10 कोठा मात्र बाँकी,scarcity,scarcity,ne,p,promo,[TAG=p] [ROLE=promo] चितवन मा 10 कोठा मात्र बाँकी,scarcity:ne:05,synthetic_v1,0,0,0,0,1,0,0,0
Only 12 rooms left in Indore,scarcity,scarcity,en,p,promo,[TAG=p] [ROLE=promo] Only 12 rooms left in Indore,scarcity:en:05,synthetic_v1,0,0,0,0,1,0,0,0
रु. 99 मा 4 मात्र बाँकी,scarcity,scarcity,ne,span,stock,[TAG=span] [ROLE=stock] रु. 99 मा 4 मात्र बाँकी,scarcity:ne:10,synthetic_v1,0,0,0,0,1,0,0,0
OkDam ललितपुर गोदाम: 8 गेमिङ माउस बाँकी,scarcity,scarcity,ne,div,badge,[TAG=div] [ROLE=badge] OkDam ललितपुर गोदाम: 8 गेमिङ माउस बाँकी,scarcity:ne:19,synthetic_v1,0,0,0,0,1,0,0,0
यो मूल्यमा 12 ब्याकप्याक मात्र उपलब्ध,scarcity,scarcity,ne,span,stock,[TAG=span] [ROLE=stock] यो मूल्यमा 12 ब्याकप्याक मात्र उपलब्ध,scarcity:ne:01,synthetic_v1,0,0,0,0,1,0,0,0
Nykaa धनगढी गोदाम: 4 इन्डक्सन चुल्हो बाँकी,scarcity,scarcity,ne,div,badge,[TAG=div] [ROLE=badge] Nykaa धनगढी गोदाम: 4 इन्डक्सन चुल्हो बाँकी,scarcity:ne:19,synthetic_v1,0,0,0,0,1,0,0,0
Only 1 left at Rs. 299,scarcity,scarcity,en,p,promo,[TAG=p] [ROLE=promo] Only 1 left at Rs. 299,scarcity:en:10,synthetic_v1,0,0,0,0,1,0,0,0
"जल्दी करें, बेंगलुरु गोदाम में 7 कॉफी मेकर बचे",scarcity,scarcity,hi,p,promo,"[TAG=p] [ROLE=promo] जल्दी करें, बेंगलुरु गोदाम में 7 कॉफी मेकर बचे",scarcity:hi:13,synthetic_v1,0,0,0,0,1,0,0,0
JioMart पर बैकपैक का 40% स्टॉक बिक चुका,scarcity,scarcity,hi,p,promo,[TAG=p] [ROLE=promo] JioMart पर बैकपैक का 40% स्टॉक बिक चुका,scarcity:hi:18,synthetic_v1,0,0,0,0,1,0,0,0
Muncha पर हेयर ड्रायर का 35% स्टॉक बिक चुका,scarcity,scarcity,hi,p,promo,[TAG=p] [ROLE=promo] Muncha पर हेयर ड्रायर का 35% स्टॉक बिक चुका,scarcity:hi:18,synthetic_v1,0,0,0,0,1,0,0,0
Limited edition running shoes — while supplies last,scarcity,scarcity,en,p,promo,[TAG=p] [ROLE=promo] Limited edition running shoes — while supplies last,scarcity:en:09,synthetic_v1,0,0,0,0,1,0,0,0
Only 5 wireless earbuds left at SastoDeal,scarcity,scarcity,en,div,badge,[TAG=div] [ROLE=badge] Only 5 wireless earbuds left at SastoDeal,scarcity:en:15,synthetic_v1,0,0,0,0,1,0,0,0
Daraz Bengaluru warehouse: 9 study lamp remaining,scarcity,scarcity,en,span,stock,[TAG=span] [ROLE=stock] Daraz Bengaluru warehouse: 9 study lamp remaining,scarcity:en:19,synthetic_v1,0,0,0,0,1,0,0,0
"Selling fast, 6 left",scarcity,scarcity,en,p,promo,"[TAG=p] [ROLE=promo] Selling fast, 6 left",scarcity:en:08,synthetic_v1,0,0,0,0,1,0,0,0
BigBasket नासिक गोदाम: 2 फेस वॉश शेष,scarcity,scarcity,hi,div,badge,[TAG=div] [ROLE=badge] BigBasket नासिक गोदाम: 2 फेस वॉश शेष,scarcity:hi:19,synthetic_v1,0,0,0,0,1,0,0,0
Flipkart पर केवल 6 रनिंग शूज़ बचे,scarcity,scarcity,hi,p,promo,[TAG=p] [ROLE=promo] Flipkart पर केवल 6 रनिंग शूज़ बचे,scarcity:hi:15,synthetic_v1,0,0,0,0,1,0,0,0
सीमित संस्करण इंडक्शन चूल्हा — जब तक स्टॉक,scarcity,scarcity,hi,p,promo,[TAG=p] [ROLE=promo] सीमित संस्करण इंडक्शन चूल्हा — जब तक स्टॉक,scarcity:hi:09,synthetic_v1,0,0,0,0,1,0,0,0
Kinbech Lucknow warehouse: 12 sports sandals remaining,scarcity,scarcity,en,span,stock,[TAG=span] [ROLE=stock] Kinbech Lucknow warehouse: 12 sports sandals remaining,scarcity:en:19,synthetic_v1,0,0,0,0,1,0,0,0
"Only 12 left at Rs. 2,499",scarcity,scarcity,en,p,promo,"[TAG=p] [ROLE=promo] Only 12 left at Rs. 2,499",scarcity:en:10,synthetic_v1,0,0,0,0,1,0,0,0
"छिटो गर्नुहोस्, भक्तपुर गोदाममा 1 गेमिङ माउस बाँकी",scarcity,scarcity,ne,p,promo,"[TAG=p] [ROLE=promo] छिटो गर्नुहोस्, भक्तपुर गोदाममा 1 गेमिङ माउस बाँकी",scarcity:ne:13,synthetic_v1,0,0,0,0,1,0,0,0
"आज 701 लोगों ने खरीदा, स्टॉक कम",scarcity|social_proof,scarcity,hi,div,badge,"[TAG=div] [ROLE=badge] आज 701 लोगों ने खरीदा, स्टॉक कम",scarcity:hi:07,synthetic_v1,0,0,0,0,1,0,1,0
नासिक में केवल 8 कमरे बचे,scarcity,scarcity,hi,p,promo,[TAG=p] [ROLE=promo] नासिक में केवल 8 कमरे बचे,scarcity:hi:05,synthetic_v1,0,0,0,0,1,0,0,0
इस दाम पर केवल 2 हेयर ड्रायर उपलब्ध,scarcity,scarcity,hi,span,stock,[TAG=span] [ROLE=stock] इस दाम पर केवल 2 हेयर ड्रायर उपलब्ध,scarcity:hi:01,synthetic_v1,0,0,0,0,1,0,0,0
Blinkit पर केवल 8 बैकपैक बचे,scarcity,scarcity,hi,span,stock,[TAG=span] [ROLE=stock] Blinkit पर केवल 8 बैकपैक बचे,scarcity:hi:15,synthetic_v1,0,0,0,0,1,0,0,0
रु. 149 मा अन्तिम 12 वायरलेस इयरबड्स,scarcity,scarcity,ne,div,badge,[TAG=div] [ROLE=badge] रु. 149 मा अन्तिम 12 वायरलेस इयरबड्स,scarcity:ne:17,synthetic_v1,0,0,0,0,1,0,0,0
Thulo: 3 units left for Chitwan,scarcity,scarcity,en,div,badge,[TAG=div] [ROLE=badge] Thulo: 3 units left for Chitwan,scarcity:en:16,synthetic_v1,0,0,0,0,1,0,0,0
यो मूल्यमा 4 स्मार्टवाच मात्र उपलब्ध,scarcity,scarcity,ne,p,promo,[TAG=p] [ROLE=promo] यो मूल्यमा 4 स्मार्टवाच मात्र उपलब्ध,scarcity:ne:01,synthetic_v1,0,0,0,0,1,0,0,0
रु. 899 मा अन्तिम 12 ट्रेकिङ ज्याकेट,scarcity,scarcity,ne,div,badge,[TAG=div] [ROLE=badge] रु. 899 मा अन्तिम 12 ट्रेकिङ ज्याकेट,scarcity:ne:17,synthetic_v1,0,0,0,0,1,0,0,0
Pepperfry मा 12 अफिस कुर्सी मात्र बाँकी,scarcity,scarcity,ne,div,badge,[TAG=div] [ROLE=badge] Pepperfry मा 12 अफिस कुर्सी मात्र बाँकी,scarcity:ne:15,synthetic_v1,0,0,0,0,1,0,0,0
कम स्टॉक: स्टडी लैंप की केवल 2 इकाई,scarcity,scarcity,hi,div,badge,[TAG=div] [ROLE=badge] कम स्टॉक: स्टडी लैंप की केवल 2 इकाई,scarcity:hi:03,synthetic_v1,0,0,0,0,1,0,0,0
"Last 1 backpack at Rs. 2,499",scarcity,scarcity,en,div,badge,"[TAG=div] [ROLE=badge] Last 1 backpack at Rs. 2,499",scarcity:en:17,synthetic_v1,0,0,0,0,1,0,0,0
OkDam मा फर्मल सर्ट को 35% स्टक बिक्री भइसक्यो,scarcity,scarcity,ne,span,stock,[TAG=span] [ROLE=stock] OkDam मा फर्मल सर्ट को 35% स्टक बिक्री भइसक्यो,scarcity:ne:18,synthetic_v1,0,0,0,0,1,0,0,0
Muncha: 1 units left for Mumbai,scarcity,scarcity,en,p,promo,[TAG=p] [ROLE=promo] Muncha: 1 units left for Mumbai,scarcity:en:16,synthetic_v1,0,0,0,0,1,0,0,0
स्टॉक में केवल 9 बचे!,scarcity,scarcity,hi,p,promo,[TAG=p] [ROLE=promo] स्टॉक में केवल 9 बचे!,scarcity:hi:00,synthetic_v1,0,0,0,0,1,0,0,0
"आज 27 जनाले किन्नुभयो, स्टक सकिँदै",scarcity|social_proof,scarcity,ne,div,badge,"[TAG=div] [ROLE=badge] आज 27 जनाले किन्नुभयो, स्टक सकिँदै",scarcity:ne:07,synthetic_v1,0,0,0,0,1,0,1,0
Only 9 air fryer remaining at this price,scarcity,scarcity,en,div,badge,[TAG=div] [ROLE=badge] Only 9 air fryer remaining at this price,scarcity:en:01,synthetic_v1,0,0,0,0,1,0,0,0
रु. 49 पर आख़िरी 4 प्रोटीन पाउडर,scarcity,scarcity,hi,span,stock,[TAG=span] [ROLE=stock] रु. 49 पर आख़िरी 4 प्रोटीन पाउडर,scarcity:hi:17,synthetic_v1,0,0,0,0,1,0,0,0
Muncha: 12 units left for Indore,scarcity,scarcity,en,span,stock,[TAG=span] [ROLE=stock] Muncha: 12 units left for Indore,scarcity:en:16,synthetic_v1,0,0,0,0,1,0,0,0
कम स्टक: कटन कुर्ता को 8 थान मात्र,scarcity,scarcity,ne,div,badge,[TAG=div] [ROLE=badge] कम स्टक: कटन कुर्ता को 8 थान मात्र,scarcity:ne:03,synthetic_v1,0,0,0,0,1,0,0,0
"जल्दी करें, मुंबई गोदाम में 4 पानी की बोतल बचे",scarcity,scarcity,hi,span,stock,"[TAG=span] [ROLE=stock] जल्दी करें, मुंबई गोदाम में 4 पानी की बोतल बचे",scarcity:hi:13,synthetic_v1,0,0,0,0,1,0,0,0
दमक मा 12 कोठा मात्र बाँकी,scarcity,scarcity,ne,p,promo,[TAG=p] [ROLE=promo] दमक मा 12 कोठा मात्र बाँकी,scarcity:ne:05,synthetic_v1,0,0,0,0,1,0,0,0
केवल 6 बचे — 50% छूट जल्द खत्म,scarcity|false_urgency,scarcity,hi,p,promo,[TAG=p] [ROLE=promo] केवल 6 बचे — 50% छूट जल्द खत्म,scarcity:hi:12,synthetic_v1,0,1,0,0,1,0,0,0
कम स्टक: पानीको बोतल को 1 थान मात्र,scarcity,scarcity,ne,div,badge,[TAG=div] [ROLE=badge] कम स्टक: पानीको बोतल को 1 थान मात्र,scarcity:ne:03,synthetic_v1,0,0,0,0,1,0,0,0
Only 7 left at Rs. 199,scarcity,scarcity,en,span,stock,[TAG=span] [ROLE=stock] Only 7 left at Rs. 199,scarcity:en:10,synthetic_v1,0,0,0,0,1,0,0,0
Thulo: धरान का लागि 6 थान बाँकी,scarcity,scarcity,ne,p,promo,[TAG=p] [ROLE=promo] Thulo: धरान का लागि 6 थान बाँकी,scarcity:ne:16,synthetic_v1,0,0,0,0,1,0,0,0
इस दाम पर केवल 1 वायरलेस ईयरबड्स उपलब्ध,scarcity,scarcity,hi,span,stock,[TAG=span] [ROLE=stock] इस दाम पर केवल 1 वायरलेस ईयरबड्स उपलब्ध,scarcity:hi:01,synthetic_v1,0,0,0,0,1,0,0,0
"Hurry, 2 air fryer left in Delhi warehouse",scarcity,scarcity,en,p,promo,"[TAG=p] [ROLE=promo] Hurry, 2 air fryer left in Delhi warehouse",scarcity:en:13,synthetic_v1,0,0,0,0,1,0,0,0
कम स्टक: ट्रेकिङ ज्याकेट को 10 थान मात्र,scarcity,scarcity,ne,p,promo,[TAG=p] [ROLE=promo] कम स्टक: ट्रेकिङ ज्याकेट को 10 थान मात्र,scarcity:ne:03,synthetic_v1,0,0,0,0,1,0,0,0
Stock alert: fewer than 1 remaining,scarcity,scarcity,en,div,badge,[TAG=div] [ROLE=badge] Stock alert: fewer than 1 remaining,scarcity:en:14,synthetic_v1,0,0,0,0,1,0,0,0
1 मात्र बाँकी — 25% छुट चाँडै सकिन्छ,scarcity|false_urgency,scarcity,ne,div,badge,[TAG=div] [ROLE=badge] 1 मात्र बाँकी — 25% छुट चाँडै सकिन्छ,scarcity:ne:12,synthetic_v1,0,1,0,0,1,0,0,0
यो मूल्यमा 4 गेमिङ माउस मात्र उपलब्ध,scarcity,scarcity,ne,div,badge,[TAG=div] [ROLE=badge] यो मूल्यमा 4 गेमिङ माउस मात्र उपलब्ध,scarcity:ne:01,synthetic_v1,0,0,0,0,1,0,0,0
हेटौंडा मा 10 कोठा मात्र बाँकी,scarcity,scarcity,ne,p,promo,[TAG=p] [ROLE=promo] हेटौंडा मा 10 कोठा मात्र बाँकी,scarcity:ne:05,synthetic_v1,0,0,0,0,1,0,0,0
बाँके मा 5 कोठा मात्र बाँकी,scarcity,scarcity,ne,div,badge,[TAG=div] [ROLE=badge] बाँके मा 5 कोठा मात्र बाँकी,scarcity:ne:05,synthetic_v1,0,0,0,0,1,0,0,0
रु. 699 पर आख़िरी 10 स्मार्टवॉच,scarcity,scarcity,hi,div,badge,[TAG=div] [ROLE=badge] रु. 699 पर आख़िरी 10 स्मार्टवॉच,scarcity:hi:17,synthetic_v1,0,0,0,0,1,0,0,0
Flipkart: 2 units left for Bhaktapur,scarcity,scarcity,en,p,promo,[TAG=p] [ROLE=promo] Flipkart: 2 units left for Bhaktapur,scarcity:en:16,synthetic_v1,0,0,0,0,1,0,0,0
सीमित संस्करण फोन कवर — जब तक स्टॉक,scarcity,scarcity,hi,p,promo,[TAG=p] [ROLE=promo] सीमित संस्करण फोन कवर — जब तक स्टॉक,scarcity:hi:09,synthetic_v1,0,0,0,0,1,0,0,0
Stock alert: fewer than 2 remaining,scarcity,scarcity,en,span,stock,[TAG=span] [ROLE=stock] Stock alert: fewer than 2 remaining,scarcity:en:14,synthetic_v1,0,0,0,0,1,0,0,0
"छिटो गर्नुहोस्, बागलुङ गोदाममा 10 पावर ब्यांक बाँकी",scarcity,scarcity,ne,span,stock,"[TAG=span] [ROLE=stock] छिटो गर्नुहोस्, बागलुङ गोदाममा 10 पावर ब्यांक बाँकी",scarcity:ne:13,synthetic_v1,0,0,0,0,1,0,0,0
"Hurry, 8 school bag left in Lucknow warehouse",scarcity,scarcity,en,span,stock,"[TAG=span] [ROLE=stock] Hurry, 8 school bag left in Lucknow warehouse",scarcity:en:13,synthetic_v1,0,0,0,0,1,0,0,0
Only 8 rooms left in Bhaktapur,scarcity,scarcity,en,div,badge,[TAG=div] [ROLE=badge] Only 8 rooms left in Bhaktapur,scarcity:en:05,synthetic_v1,0,0,0,0,1,0,0,0
Only 2 rooms left in Pune,scarcity,scarcity,en,div,badge,[TAG=div] [ROLE=badge] Only 2 rooms left in Pune,scarcity:en:05,synthetic_v1,0,0,0,0,1,0,0,0
Zepto मा 12 पावर ब्यांक मात्र बाँकी,scarcity,scarcity,ne,p,promo,[TAG=p] [ROLE=promo] Zepto मा 12 पावर ब्यांक मात्र बाँकी,scarcity:ne:15,synthetic_v1,0,0,0,0,1,0,0,0
Flipkart पर केवल 5 फोन कवर बचे,scarcity,scarcity,hi,span,stock,[TAG=span] [ROLE=stock] Flipkart पर केवल 5 फोन कवर बचे,scarcity:hi:15,synthetic_v1,0,0,0,0,1,0,0,0
Only 8 face wash remaining at this price,scarcity,scarcity,en,span,stock,[TAG=span] [ROLE=stock] Only 8 face wash remaining at this price,scarcity:en:01,synthetic_v1,0,0,0,0,1,0,0,0
"छिटो गर्नुहोस्, धरान गोदाममा 3 ट्रेकिङ ज्याकेट बाँकी",scarcity,scarcity,ne,p,promo,"[TAG=p] [ROLE=promo] छिटो गर्नुहोस्, धरान गोदाममा 3 ट्रेकिङ ज्याकेट बाँकी",scarcity:ne:13,synthetic_v1,0,0,0,0,1,0,0,0
कम स्टॉक: पानी की बोतल की केवल 12 इकाई,scarcity,scarcity,hi,p,promo,[TAG=p] [ROLE=promo] कम स्टॉक: पानी की बोतल की केवल 12 इकाई,scarcity:hi:03,synthetic_v1,0,0,0,0,1,0,0,0
4 मात्र बाँकी — 15% छुट चाँडै सकिन्छ,scarcity|false_urgency,scarcity,ne,p,promo,[TAG=p] [ROLE=promo] 4 मात्र बाँकी — 15% छुट चाँडै सकिन्छ,scarcity:ne:12,synthetic_v1,0,1,0,0,1,0,0,0
रु. 599 मा 1 मात्र बाँकी,scarcity,scarcity,ne,p,promo,[TAG=p] [ROLE=promo] रु. 599 मा 1 मात्र बाँकी,scarcity:ne:10,synthetic_v1,0,0,0,0,1,0,0,0
"तेजी से बिक रहा है, 5 बचे",scarcity,scarcity,hi,div,badge,"[TAG=div] [ROLE=badge] तेजी से बिक रहा है, 5 बचे",scarcity:hi:08,synthetic_v1,0,0,0,0,1,0,0,0
विराटनगर मा 9 कोठा मात्र बाँकी,scarcity,scarcity,ne,span,stock,[TAG=span] [ROLE=stock] विराटनगर मा 9 कोठा मात्र बाँकी,scarcity:ne:05,synthetic_v1,0,0,0,0,1,0,0,0
"Last 12 gaming mouse at Rs. 2,999",scarcity,scarcity,en,p,promo,"[TAG=p] [ROLE=promo] Last 12 gaming mouse at Rs. 2,999",scarcity:en:17,synthetic_v1,0,0,0,0,1,0,0,0
"आज 7,340 जनाले किन्नुभयो, स्टक सकिँदै",scarcity|social_proof,scarcity,ne,p,promo,"[TAG=p] [ROLE=promo] आज 7,340 जनाले किन्नुभयो, स्टक सकिँदै",scarcity:ne:07,synthetic_v1,0,0,0,0,1,0,1,0
कम स्टक: ब्याकप्याक को 7 थान मात्र,scarcity,scarcity,ne,p,promo,[TAG=p] [ROLE=promo] कम स्टक: ब्याकप्याक को 7 थान मात्र,scarcity:ne:03,synthetic_v1,0,0,0,0,1,0,0,0
स्टॉक में केवल 5 बचे!,scarcity,scarcity,hi,p,promo,[TAG=p] [ROLE=promo] स्टॉक में केवल 5 बचे!,scarcity:hi:00,synthetic_v1,0,0,0,0,1,0,0,0
रु. 399 मा 9 मात्र बाँकी,scarcity,scarcity,ne,div,badge,[TAG=div] [ROLE=badge] रु. 399 मा 9 मात्र बाँकी,scarcity:ne:10,synthetic_v1,0,0,0,0,1,0,0,0
OkDam Biratnagar warehouse: 5 running shoes remaining,scarcity,scarcity,en,span,stock,[TAG=span] [ROLE=stock] OkDam Biratnagar warehouse: 5 running shoes remaining,scarcity:en:19,synthetic_v1,0,0,0,0,1,0,0,0
Low stock: only 12 units of water bottle,scarcity,scarcity,en,span,stock,[TAG=span] [ROLE=stock] Low stock: only 12 units of water bottle,scarcity:en:03,synthetic_v1,0,0,0,0,1,0,0,0
Zepto मा 7 रनिङ जुत्ता मात्र बाँकी,scarcity,scarcity,ne,span,stock,[TAG=span] [ROLE=stock] Zepto मा 7 रनिङ जुत्ता मात्र बाँकी,scarcity:ne:15,synthetic_v1,0,0,0,0,1,0,0,0
30% of yoga mat stock already sold at Lenskart,scarcity,scarcity,en,p,promo,[TAG=p] [ROLE=promo] 30% of yoga mat stock already sold at Lenskart,scarcity:en:18,synthetic_v1,0,0,0,0,1,0,0,0
Only 2 left at Rs. 299,scarcity,scarcity,en,p,promo,[TAG=p] [ROLE=promo] Only 2 left at Rs. 299,scarcity:en:10,synthetic_v1,0,0,0,0,1,0,0,0
सीमित संस्करण बैकपैक — जब तक स्टॉक,scarcity,scarcity,hi,p,promo,[TAG=p] [ROLE=promo] सीमित संस्करण बैकपैक — जब तक स्टॉक,scarcity:hi:09,synthetic_v1,0,0,0,0,1,0,0,0
Muncha पर इलेक्ट्रिक केटल का 15% स्टॉक बिक चुका,scarcity,scarcity,hi,div,badge,[TAG=div] [ROLE=badge] Muncha पर इलेक्ट्रिक केटल का 15% स्टॉक बिक चुका,scarcity:hi:18,synthetic_v1,0,0,0,0,1,0,0,0
सीमित संस्करण ट्रेकिंग जैकेट — जब तक स्टॉक,scarcity,scarcity,hi,div,badge,[TAG=div] [ROLE=badge] सीमित संस्करण ट्रेकिंग जैकेट — जब तक स्टॉक,scarcity:hi:09,synthetic_v1,0,0,0,0,1,0,0,0
2 मात्र बाँकी — 20% छुट चाँडै सकिन्छ,scarcity|false_urgency,scarcity,ne,span,stock,[TAG=span] [ROLE=stock] 2 मात्र बाँकी — 20% छुट चाँडै सकिन्छ,scarcity:ne:12,synthetic_v1,0,1,0,0,1,0,0,0
आख़िरी 7 पीस उपलब्ध,scarcity,scarcity,hi,div,badge,[TAG=div] [ROLE=badge] आख़िरी 7 पीस उपलब्ध,scarcity:hi:04,synthetic_v1,0,0,0,0,1,0,0,0
"तेजी से बिक रहा है, 9 बचे",scarcity,scarcity,hi,div,badge,"[TAG=div] [ROLE=badge] तेजी से बिक रहा है, 9 बचे",scarcity:hi:08,synthetic_v1,0,0,0,0,1,0,0,0
Only 5 rooms left in Mumbai,scarcity,scarcity,en,div,badge,[TAG=div] [ROLE=badge] Only 5 rooms left in Mumbai,scarcity:en:05,synthetic_v1,0,0,0,0,1,0,0,0
सीमित संस्करण कॉफी मेकर — जब तक स्टॉक,scarcity,scarcity,hi,span,stock,[TAG=span] [ROLE=stock] सीमित संस्करण कॉफी मेकर — जब तक स्टॉक,scarcity:hi:09,synthetic_v1,0,0,0,0,1,0,0,0
Meesho मा डेनिम जिन्स को 35% स्टक बिक्री भइसक्यो,scarcity,scarcity,ne,span,stock,[TAG=span] [ROLE=stock] Meesho मा डेनिम जिन्स को 35% स्टक बिक्री भइसक्यो,scarcity:ne:18,synthetic_v1,0,0,0,0,1,0,0,0
भारी मांग — स्कूल बैग की सीमित मात्रा,scarcity,scarcity,hi,span,stock,[TAG=span] [ROLE=stock] भारी मांग — स्कूल बैग की सीमित मात्रा,scarcity:hi:06,synthetic_v1,0,0,0,0,1,0,0,0
सीमित संस्करण ऑफिस चेयर — जब तक स्टॉक,scarcity,scarcity,hi,p,promo,[TAG=p] [ROLE=promo] सीमित संस्करण ऑफिस चेयर — जब तक स्टॉक,scarcity:hi:09,synthetic_v1,0,0,0,0,1,0,0,0
10 मात्र बाँकी — 70% छुट चाँडै सकिन्छ,scarcity|false_urgency,scarcity,ne,span,stock,[TAG=span] [ROLE=stock] 10 मात्र बाँकी — 70% छुट चाँडै सकिन्छ,scarcity:ne:12,synthetic_v1,0,1,0,0,1,0,0,0
Low stock: only 1 units of hair dryer,scarcity,scarcity,en,p,promo,[TAG=p] [ROLE=promo] Low stock: only 1 units of hair dryer,scarcity:en:03,synthetic_v1,0,0,0,0,1,0,0,0
इस दाम पर केवल 1 हेयर ड्रायर उपलब्ध,scarcity,scarcity,hi,p,promo,[TAG=p] [ROLE=promo] इस दाम पर केवल 1 हेयर ड्रायर उपलब्ध,scarcity:hi:01,synthetic_v1,0,0,0,0,1,0,0,0
Muncha मा 9 ल्यापटप ब्याग मात्र बाँकी,scarcity,scarcity,ne,div,badge,[TAG=div] [ROLE=badge] Muncha मा 9 ल्यापटप ब्याग मात्र बाँकी,scarcity:ne:15,synthetic_v1,0,0,0,0,1,0,0,0
रु. 249 मा अन्तिम 10 ट्रेकिङ ज्याकेट,scarcity,scarcity,ne,p,promo,[TAG=p] [ROLE=promo] रु. 249 मा अन्तिम 10 ट्रेकिङ ज्याकेट,scarcity:ne:17,synthetic_v1,0,0,0,0,1,0,0,0
केवल 2 बचे — 20% छूट जल्द खत्म,scarcity|false_urgency,scarcity,hi,p,promo,[TAG=p] [ROLE=promo] केवल 2 बचे — 20% छूट जल्द खत्म,scarcity:hi:12,synthetic_v1,0,1,0,0,1,0,0,0
Flipkart पर केवल 10 फोन कवर बचे,scarcity,scarcity,hi,span,stock,[TAG=span] [ROLE=stock] Flipkart पर केवल 10 फोन कवर बचे,scarcity:hi:15,synthetic_v1,0,0,0,0,1,0,0,0
अन्तिम 4 थान उपलब्ध,scarcity,scarcity,ne,div,badge,[TAG=div] [ROLE=badge] अन्तिम 4 थान उपलब्ध,scarcity:ne:04,synthetic_v1,0,0,0,0,1,0,0,0
Only 5 backpack remaining at this price,scarcity,scarcity,en,p,promo,[TAG=p] [ROLE=promo] Only 5 backpack remaining at this price,scarcity:en:01,synthetic_v1,0,0,0,0,1,0,0,0
Myntra Delhi warehouse: 7 trekking jacket remaining,scarcity,scarcity,en,div,badge,[TAG=div] [ROLE=badge] Myntra Delhi warehouse: 7 trekking jacket remaining,scarcity:en:19,synthetic_v1,0,0,0,0,1,0,0,0
OkDam Pune warehouse: 2 backpack remaining,scarcity,scarcity,en,div,badge,[TAG=div] [ROLE=badge] OkDam Pune warehouse: 2 backpack remaining,scarcity:en:19,synthetic_v1,0,0,0,0,1,0,0,0
Lenskart Hyderabad warehouse: 1 sunglasses remaining,scarcity,scarcity,en,p,promo,[TAG=p] [ROLE=promo] Lenskart Hyderabad warehouse: 1 sunglasses remaining,scarcity:en:19,synthetic_v1,0,0,0,0,1,0,0,0
"Hurry, 2 denim jeans left in Hyderabad warehouse",scarcity,scarcity,en,p,promo,"[TAG=p] [ROLE=promo] Hurry, 2 denim jeans left in Hyderabad warehouse",scarcity:en:13,synthetic_v1,0,0,0,0,1,0,0,0
Only 7 left — 50% off ends soon,scarcity|false_urgency,scarcity,en,div,badge,[TAG=div] [ROLE=badge] Only 7 left — 50% off ends soon,scarcity:en:12,synthetic_v1,0,1,0,0,1,0,0,0
Ajio Dharan warehouse: 8 gaming mouse remaining,scarcity,scarcity,en,p,promo,[TAG=p] [ROLE=promo] Ajio Dharan warehouse: 8 gaming mouse remaining,scarcity:en:19,synthetic_v1,0,0,0,0,1,0,0,0
"छिटो गर्नुहोस्, पोखरा गोदाममा 5 इलेक्ट्रिक केतली बाँकी",scarcity,scarcity,ne,p,promo,"[TAG=p] [ROLE=promo] छिटो गर्नुहोस्, पोखरा गोदाममा 5 इलेक्ट्रिक केतली बाँकी",scarcity:ne:13,synthetic_v1,0,0,0,0,1,0,0,0
Last 3 cotton kurta at Rs. 149,scarcity,scarcity,en,div,badge,[TAG=div] [ROLE=badge] Last 3 cotton kurta at Rs. 149,scarcity:en:17,synthetic_v1,0,0,0,0,1,0,0,0
Only 3 left at Rs. 599,scarcity,scarcity,en,div,badge,[TAG=div] [ROLE=badge] Only 3 left at Rs. 599,scarcity:en:10,synthetic_v1,0,0,0,0,1,0,0,0
"Selling fast, 4 left",scarcity,scarcity,en,p,promo,"[TAG=p] [ROLE=promo] Selling fast, 4 left",scarcity:en:08,synthetic_v1,0,0,0,0,1,0,0,0
SastoDeal ललितपुर गोदाम: 6 स्मार्टवाच बाँकी,scarcity,scarcity,ne,div,badge,[TAG=div] [ROLE=badge] SastoDeal ललितपुर गोदाम: 6 स्मार्टवाच बाँकी,scarcity:ne:19,synthetic_v1,0,0,0,0,1,0,0,0
दमक मा 3 कोठा मात्र बाँकी,scarcity,scarcity,ne,p,promo,[TAG=p] [ROLE=promo] दमक मा 3 कोठा मात्र बाँकी,scarcity:ne:05,synthetic_v1,0,0,0,0,1,0,0,0
भोपाल में केवल 7 कमरे बचे,scarcity,scarcity,hi,span,stock,[TAG=span] [ROLE=stock] भोपाल में केवल 7 कमरे बचे,scarcity:hi:05,synthetic_v1,0,0,0,0,1,0,0,0
Lenskart Bengaluru warehouse: 12 trekking jacket remaining,scarcity,scarcity,en,span,stock,[TAG=span] [ROLE=stock] Lenskart Bengaluru warehouse: 12 trekking jacket remaining,scarcity:en:19,synthetic_v1,0,0,0,0,1,0,0,0
स्टॉक में केवल 10 बचे!,scarcity,scarcity,hi,span,stock,[TAG=span] [ROLE=stock] स्टॉक में केवल 10 बचे!,scarcity:hi:00,synthetic_v1,0,0,0,0,1,0,0,0
Croma: 9 units left for Lucknow,scarcity,scarcity,en,div,badge,[TAG=div] [ROLE=badge] Croma: 9 units left for Lucknow,scarcity:en:16,synthetic_v1,0,0,0,0,1,0,0,0
कानपुर में केवल 5 कमरे बचे,scarcity,scarcity,hi,span,stock,[TAG=span] [ROLE=stock] कानपुर में केवल 5 कमरे बचे,scarcity:hi:05,synthetic_v1,0,0,0,0,1,0,0,0
6 मात्र बाँकी — 60% छुट चाँडै सकिन्छ,scarcity|false_urgency,scarcity,ne,div,badge,[TAG=div] [ROLE=badge] 6 मात्र बाँकी — 60% छुट चाँडै सकिन्छ,scarcity:ne:12,synthetic_v1,0,1,0,0,1,0,0,0
Salesberry Chitwan warehouse: 7 electric kettle remaining,scarcity,scarcity,en,div,badge,[TAG=div] [ROLE=badge] Salesberry Chitwan warehouse: 7 electric kettle remaining,scarcity:en:19,synthetic_v1,0,0,0,0,1,0,0,0
"रु. 2,999 मा अन्तिम 1 स्कुल ब्याग",scarcity,scarcity,ne,div,badge,"[TAG=div] [ROLE=badge] रु. 2,999 मा अन्तिम 1 स्कुल ब्याग",scarcity:ne:17,synthetic_v1,0,0,0,0,1,0,0,0
"जल्दी करें, हैदराबाद गोदाम में 5 फेस वॉश बचे",scarcity,scarcity,hi,span,stock,"[TAG=span] [ROLE=stock] जल्दी करें, हैदराबाद गोदाम में 5 फेस वॉश बचे",scarcity:hi:13,synthetic_v1,0,0,0,0,1,0,0,0
इस दाम पर केवल 1 रनिंग शूज़ उपलब्ध,scarcity,scarcity,hi,div,badge,[TAG=div] [ROLE=badge] इस दाम पर केवल 1 रनिंग शूज़ उपलब्ध,scarcity:hi:01,synthetic_v1,0,0,0,0,1,0,0,0
SastoDeal पर केवल 6 ट्रेकिंग जैकेट बचे,scarcity,scarcity,hi,span,stock,[TAG=span] [ROLE=stock] SastoDeal पर केवल 6 ट्रेकिंग जैकेट बचे,scarcity:hi:15,synthetic_v1,0,0,0,0,1,0,0,0
कम स्टक: स्पोर्ट्स चप्पल को 8 थान मात्र,scarcity,scarcity,ne,div,badge,[TAG=div] [ROLE=badge] कम स्टक: स्पोर्ट्स चप्पल को 8 थान मात्र,scarcity:ne:03,synthetic_v1,0,0,0,0,1,0,0,0
Salesberry मा 2 घामको चस्मा मात्र बाँकी,scarcity,scarcity,ne,span,stock,[TAG=span] [ROLE=stock] Salesberry मा 2 घामको चस्मा मात्र बाँकी,scarcity:ne:15,synthetic_v1,0,0,0,0,1,0,0,0
Stock alert: fewer than 8 remaining,scarcity,scarcity,en,div,badge,[TAG=div] [ROLE=badge] Stock alert: fewer than 8 remaining,scarcity:en:14,synthetic_v1,0,0,0,0,1,0,0,0
6 मात्र बाँकी — 25% छुट चाँडै सकिन्छ,scarcity|false_urgency,scarcity,ne,p,promo,[TAG=p] [ROLE=promo] 6 मात्र बाँकी — 25% छुट चाँडै सकिन्छ,scarcity:ne:12,synthetic_v1,0,1,0,0,1,0,0,0
Daraz: बागलुङ का लागि 7 थान बाँकी,scarcity,scarcity,ne,p,promo,[TAG=p] [ROLE=promo] Daraz: बागलुङ का लागि 7 थान बाँकी,scarcity:ne:16,synthetic_v1,0,0,0,0,1,0,0,0
SastoDeal: 1 units left for Mumbai,scarcity,scarcity,en,span,stock,[TAG=span] [ROLE=stock] SastoDeal: 1 units left for Mumbai,scarcity:en:16,synthetic_v1,0,0,0,0,1,0,0,0
"Hurry, 4 laptop bag left in Bhaktapur warehouse",scarcity,scarcity,en,span,stock,"[TAG=span] [ROLE=stock] Hurry, 4 laptop bag left in Bhaktapur warehouse",scarcity:en:13,synthetic_v1,0,0,0,0,1,0,0,0
केवल 7 बचे — 40% छूट जल्द खत्म,scarcity|false_urgency,scarcity,hi,div,badge,[TAG=div] [ROLE=badge] केवल 7 बचे — 40% छूट जल्द खत्म,scarcity:hi:12,synthetic_v1,0,1,0,0,1,0,0,0
स्टकमा 10 मात्र बाँकी!,scarcity,scarcity,ne,span,stock,[TAG=span] [ROLE=stock] स्टकमा 10 मात्र बाँकी!,scarcity:ne:00,synthetic_v1,0,0,0,0,1,0,0,0
Only 3 left at Rs. 899,scarcity,scarcity,en,p,promo,[TAG=p] [ROLE=promo] Only 3 left at Rs. 899,scarcity:en:10,synthetic_v1,0,0,0,0,1,0,0,0
Only 12 left — 80% off ends soon,scarcity|false_urgency,scarcity,en,span,stock,[TAG=span] [ROLE=stock] Only 12 left — 80% off ends soon,scarcity:en:12,synthetic_v1,0,1,0,0,1,0,0,0
नासिक में केवल 12 कमरे बचे,scarcity,scarcity,hi,p,promo,[TAG=p] [ROLE=promo] नासिक में केवल 12 कमरे बचे,scarcity:hi:05,synthetic_v1,0,0,0,0,1,0,0,0
35% of denim jeans stock already sold at Amazon,scarcity,scarcity,en,div,badge,[TAG=div] [ROLE=badge] 35% of denim jeans stock already sold at Amazon,scarcity:en:18,synthetic_v1,0,0,0,0,1,0,0,0
Gyapu: 5 units left for Pune,scarcity,scarcity,en,div,badge,[TAG=div] [ROLE=badge] Gyapu: 5 units left for Pune,scarcity:en:16,synthetic_v1,0,0,0,0,1,0,0,0
रु. 399 पर आख़िरी 6 गेमिंग माउस,scarcity,scarcity,hi,p,promo,[TAG=p] [ROLE=promo] रु. 399 पर आख़िरी 6 गेमिंग माउस,scarcity:hi:17,synthetic_v1,0,0,0,0,1,0,0,0
20% of office chair stock already sold at Kinbech,scarcity,scarcity,en,p,promo,[TAG=p] [ROLE=promo] 20% of office chair stock already sold at Kinbech,scarcity:en:18,synthetic_v1,0,0,0,0,1,0,0,0
Only 3 study lamp left at Meesho,scarcity,scarcity,en,p,promo,[TAG=p] [ROLE=promo] Only 3 study lamp left at Meesho,scarcity:en:15,synthetic_v1,0,0,0,0,1,0,0,0
Stock alert: fewer than 7 remaining,scarcity,scarcity,en,span,stock,[TAG=span] [ROLE=stock] Stock alert: fewer than 7 remaining,scarcity:en:14,synthetic_v1,0,0,0,0,1,0,0,0
सीमित संस्करण स्मार्टवाच — स्टक रहेसम्म,scarcity,scarcity,ne,p,promo,[TAG=p] [ROLE=promo] सीमित संस्करण स्मार्टवाच — स्टक रहेसम्म,scarcity:ne:09,synthetic_v1,0,0,0,0,1,0,0,0
यो मूल्यमा 6 फर्मल सर्ट मात्र उपलब्ध,scarcity,scarcity,ne,p,promo,[TAG=p] [ROLE=promo] यो मूल्यमा 6 फर्मल सर्ट मात्र उपलब्ध,scarcity:ne:01,synthetic_v1,0,0,0,0,1,0,0,0
केवल 1 बचे — 70% छूट जल्द खत्म,scarcity|false_urgency,scarcity,hi,span,stock,[TAG=span] [ROLE=stock] केवल 1 बचे — 70% छूट जल्द खत्म,scarcity:hi:12,synthetic_v1,0,1,0,0,1,0,0,0
धरान मा 6 कोठा मात्र बाँकी,scarcity,scarcity,ne,span,stock,[TAG=span] [ROLE=stock] धरान मा 6 कोठा मात्र बाँकी,scarcity:ne:05,synthetic_v1,0,0,0,0,1,0,0,0
उच्च माग — फोन कभर को सीमित परिमाण,scarcity,scarcity,ne,p,promo,[TAG=p] [ROLE=promo] उच्च माग — फोन कभर को सीमित परिमाण,scarcity:ne:06,synthetic_v1,0,0,0,0,1,0,0,0
रु. 149 पर केवल 3 बचे,scarcity,scarcity,hi,div,badge,[TAG=div] [ROLE=badge] रु. 149 पर केवल 3 बचे,scarcity:hi:10,synthetic_v1,0,0,0,0,1,0,0,0
"Hurry, 5 gaming mouse left in Chitwan warehouse",scarcity,scarcity,en,span,stock,"[TAG=span] [ROLE=stock] Hurry, 5 gaming mouse left in Chitwan warehouse",scarcity:en:13,synthetic_v1,0,0,0,0,1,0,0,0
Only 4 left at Rs. 999,scarcity,scarcity,en,p,promo,[TAG=p] [ROLE=promo] Only 4 left at Rs. 999,scarcity:en:10,synthetic_v1,0,0,0,0,1,0,0,0
Only 7 air fryer left at Amazon,scarcity,scarcity,en,div,badge,[TAG=div] [ROLE=badge] Only 7 air fryer left at Amazon,scarcity:en:15,synthetic_v1,0,0,0,0,1,0,0,0
कम स्टक: अफिस कुर्सी को 9 थान मात्र,scarcity,scarcity,ne,p,promo,[TAG=p] [ROLE=promo] कम स्टक: अफिस कुर्सी को 9 थान मात्र,scarcity:ne:03,synthetic_v1,0,0,0,0,1,0,0,0
Only 6 rooms left in Kolkata,scarcity,scarcity,en,span,stock,[TAG=span] [ROLE=stock] Only 6 rooms left in Kolkata,scarcity:en:05,synthetic_v1,0,0,0,0,1,0,0,0
रु. 149 पर केवल 9 बचे,scarcity,scarcity,hi,p,promo,[TAG=p] [ROLE=promo] रु. 149 पर केवल 9 बचे,scarcity:hi:10,synthetic_v1,0,0,0,0,1,0,0,0
"Last 7 trekking jacket at Rs. 1,199",scarcity,scarcity,en,div,badge,"[TAG=div] [ROLE=badge] Last 7 trekking jacket at Rs. 1,199",scarcity:en:17,synthetic_v1,0,0,0,0,1,0,0,0
"Selling fast, 12 left",scarcity,scarcity,en,span,stock,"[TAG=span] [ROLE=stock] Selling fast, 12 left",scarcity:en:08,synthetic_v1,0,0,0,0,1,0,0,0
रु. 149 मा 10 मात्र बाँकी,scarcity,scarcity,ne,span,stock,[TAG=span] [ROLE=stock] रु. 149 मा 10 मात्र बाँकी,scarcity:ne:10,synthetic_v1,0,0,0,0,1,0,0,0
केवल 3 बचे — 80% छूट जल्द खत्म,scarcity|false_urgency,scarcity,hi,span,stock,[TAG=span] [ROLE=stock] केवल 3 बचे — 80% छूट जल्द खत्म,scarcity:hi:12,synthetic_v1,0,1,0,0,1,0,0,0
Nykaa पर केवल 12 पानी की बोतल बचे,scarcity,scarcity,hi,p,promo,[TAG=p] [ROLE=promo] Nykaa पर केवल 12 पानी की बोतल बचे,scarcity:hi:15,synthetic_v1,0,0,0,0,1,0,0,0
Gyapu: भक्तपुर का लागि 8 थान बाँकी,scarcity,scarcity,ne,p,promo,[TAG=p] [ROLE=promo] Gyapu: भक्तपुर का लागि 8 थान बाँकी,scarcity:ne:16,synthetic_v1,0,0,0,0,1,0,0,0
कम स्टक: हिउँदको ब्ल्याङ्केट को 1 थान मात्र,scarcity,scarcity,ne,span,stock,[TAG=span] [ROLE=stock] कम स्टक: हिउँदको ब्ल्याङ्केट को 1 थान मात्र,scarcity:ne:03,synthetic_v1,0,0,0,0,1,0,0,0
"जल्दी करें, इंदौर गोदाम में 3 ब्लूटूथ स्पीकर बचे",scarcity,scarcity,hi,div,badge,"[TAG=div] [ROLE=badge] जल्दी करें, इंदौर गोदाम में 3 ब्लूटूथ स्पीकर बचे",scarcity:hi:13,synthetic_v1,0,0,0,0,1,0,0,0
4 मात्र बाँकी — 80% छुट चाँडै सकिन्छ,scarcity|false_urgency,scarcity,ne,p,promo,[TAG=p] [ROLE=promo] 4 मात्र बाँकी — 80% छुट चाँडै सकिन्छ,scarcity:ne:12,synthetic_v1,0,1,0,0,1,0,0,0
Salesberry: नासिक के लिए 12 इकाई बचीं,scarcity,scarcity,hi,div,badge,[TAG=div] [ROLE=badge] Salesberry: नासिक के लिए 12 इकाई बचीं,scarcity:hi:16,synthetic_v1,0,0,0,0,1,0,0,0
"रु. 2,499 पर केवल 8 बचे",scarcity,scarcity,hi,p,promo,"[TAG=p] [ROLE=promo] रु. 2,499 पर केवल 8 बचे",scarcity:hi:10,synthetic_v1,0,0,0,0,1,0,0,0
उच्च माग — ल्यापटप ब्याग को सीमित परिमाण,scarcity,scarcity,ne,div,badge,[TAG=div] [ROLE=badge] उच्च माग — ल्यापटप ब्याग को सीमित परिमाण,scarcity:ne:06,synthetic_v1,0,0,0,0,1,0,0,0
Only 2 gaming mouse left at Thulo,scarcity,scarcity,en,div,badge,[TAG=div] [ROLE=badge] Only 2 gaming mouse left at Thulo,scarcity:en:15,synthetic_v1,0,0,0,0,1,0,0,0
इस दाम पर केवल 6 फेस वॉश उपलब्ध,scarcity,scarcity,hi,p,promo,[TAG=p] [ROLE=promo] इस दाम पर केवल 6 फेस वॉश उपलब्ध,scarcity:hi:01,synthetic_v1,0,0,0,0,1,0,0,0
Last 8 pieces available,scarcity,scarcity,en,div,badge,[TAG=div] [ROLE=badge] Last 8 pieces available,scarcity:en:04,synthetic_v1,0,0,0,0,1,0,0,0
इंदौर में केवल 3 कमरे बचे,scarcity,scarcity,hi,span,stock,[TAG=span] [ROLE=stock] इंदौर में केवल 3 कमरे बचे,scarcity:hi:05,synthetic_v1,0,0,0,0,1,0,0,0
Only 12 running shoes remaining at this price,scarcity,scarcity,en,div,badge,[TAG=div] [ROLE=badge] Only 12 running shoes remaining at this price,scarcity:en:01,synthetic_v1,0,0,0,0,1,0,0,0
HamroBazar पर केवल 3 स्मार्टवॉच बचे,scarcity,scarcity,hi,div,badge,[TAG=div] [ROLE=badge] HamroBazar पर केवल 3 स्मार्टवॉच बचे,scarcity:hi:15,synthetic_v1,0,0,0,0,1,0,0,0
रु. 499 पर आख़िरी 6 लैपटॉप बैग,scarcity,scarcity,hi,span,stock,[TAG=span] [ROLE=stock] रु. 499 पर आख़िरी 6 लैपटॉप बैग,scarcity:hi:17,synthetic_v1,0,0,0,0,1,0,0,0
Kinbech: काठमाडौँ का लागि 7 थान बाँकी,scarcity,scarcity,ne,p,promo,[TAG=p] [ROLE=promo] Kinbech: काठमाडौँ का लागि 7 थान बाँकी,scarcity:ne:16,synthetic_v1,0,0,0,0,1,0,0,0
Only 12 rooms left in Delhi,scarcity,scarcity,en,span,stock,[TAG=span] [ROLE=stock] Only 12 rooms left in Delhi,scarcity:en:05,synthetic_v1,0,0,0,0,1,0,0,0
रु. 699 पर केवल 9 बचे,scarcity,scarcity,hi,div,badge,[TAG=div] [ROLE=badge] रु. 699 पर केवल 9 बचे,scarcity:hi:10,synthetic_v1,0,0,0,0,1,0,0,0
Blinkit सूरत गोदाम: 1 बैकपैक शेष,scarcity,scarcity,hi,span,stock,[TAG=span] [ROLE=stock] Blinkit सूरत गोदाम: 1 बैकपैक शेष,scarcity:hi:19,synthetic_v1,0,0,0,0,1,0,0,0
"Hurry, 6 face wash left in Lalitpur warehouse",scarcity,scarcity,en,span,stock,"[TAG=span] [ROLE=stock] Hurry, 6 face wash left in Lalitpur warehouse",scarcity:en:13,synthetic_v1,0,0,0,0,1,0,0,0
HamroBazar पर बैकपैक का 60% स्टॉक बिक चुका,scarcity,scarcity,hi,div,badge,[TAG=div] [ROLE=badge] HamroBazar पर बैकपैक का 60% स्टॉक बिक चुका,scarcity:hi:18,synthetic_v1,0,0,0,0,1,0,0,0
आख़िरी 9 पीस उपलब्ध,scarcity,scarcity,hi,div,badge,[TAG=div] [ROLE=badge] आख़िरी 9 पीस उपलब्ध,scarcity:hi:04,synthetic_v1,0,0,0,0,1,0,0,0
रु. 199 पर केवल 8 बचे,scarcity,scarcity,hi,div,badge,[TAG=div] [ROLE=badge] रु. 199 पर केवल 8 बचे,scarcity:hi:10,synthetic_v1,0,0,0,0,1,0,0,0
"आज 889 जनाले किन्नुभयो, स्टक सकिँदै",scarcity|social_proof,scarcity,ne,div,badge,"[TAG=div] [ROLE=badge] आज 889 जनाले किन्नुभयो, स्टक सकिँदै",scarcity:ne:07,synthetic_v1,0,0,0,0,1,0,1,0
High demand — limited units of sports sandals,scarcity,scarcity,en,span,stock,[TAG=span] [ROLE=stock] High demand — limited units of sports sandals,scarcity:en:06,synthetic_v1,0,0,0,0,1,0,0,0
Zepto कानपुर गोदाम: 2 गेमिंग माउस शेष,scarcity,scarcity,hi,span,stock,[TAG=span] [ROLE=stock] Zepto कानपुर गोदाम: 2 गेमिंग माउस शेष,scarcity:hi:19,synthetic_v1,0,0,0,0,1,0,0,0
Gyapu: पोखरा का लागि 6 थान बाँकी,scarcity,scarcity,ne,p,promo,[TAG=p] [ROLE=promo] Gyapu: पोखरा का लागि 6 थान बाँकी,scarcity:ne:16,synthetic_v1,0,0,0,0,1,0,0,0
"Hurry, 5 office chair left in Pokhara warehouse",scarcity,scarcity,en,span,stock,"[TAG=span] [ROLE=stock] Hurry, 5 office chair left in Pokhara warehouse",scarcity:en:13,synthetic_v1,0,0,0,0,1,0,0,0
Only 4 rooms left in Kathmandu,scarcity,scarcity,en,span,stock,[TAG=span] [ROLE=stock] Only 4 rooms left in Kathmandu,scarcity:en:05,synthetic_v1,0,0,0,0,1,0,0,0
Amazon: चितवन का लागि 4 थान बाँकी,scarcity,scarcity,ne,span,stock,[TAG=span] [ROLE=stock] Amazon: चितवन का लागि 4 थान बाँकी,scarcity:ne:16,synthetic_v1,0,0,0,0,1,0,0,0
Limited edition smartwatch — while supplies last,scarcity,scarcity,en,div,badge,[TAG=div] [ROLE=badge] Limited edition smartwatch — while supplies last,scarcity:en:09,synthetic_v1,0,0,0,0,1,0,0,0
Only 2 left — 15% off ends soon,scarcity|false_urgency,scarcity,en,span,stock,[TAG=span] [ROLE=stock] Only 2 left — 15% off ends soon,scarcity:en:12,synthetic_v1,0,1,0,0,1,0,0,0
Low stock: only 2 units of yoga mat,scarcity,scarcity,en,div,badge,[TAG=div] [ROLE=badge] Low stock: only 2 units of yoga mat,scarcity:en:03,synthetic_v1,0,0,0,0,1,0,0,0
Amazon पटना गोदाम: 12 फॉर्मल शर्ट शेष,scarcity,scarcity,hi,p,promo,[TAG=p] [ROLE=promo] Amazon पटना गोदाम: 12 फॉर्मल शर्ट शेष,scarcity:hi:19,synthetic_v1,0,0,0,0,1,0,0,0
Last 8 running shoes at Rs. 449,scarcity,scarcity,en,div,badge,[TAG=div] [ROLE=badge] Last 8 running shoes at Rs. 449,scarcity:en:17,synthetic_v1,0,0,0,0,1,0,0,0
"छिटो गर्नुहोस्, धरान गोदाममा 6 पानीको बोतल बाँकी",scarcity,scarcity,ne,div,badge,"[TAG=div] [ROLE=badge] छिटो गर्नुहोस्, धरान गोदाममा 6 पानीको बोतल बाँकी",scarcity:ne:13,synthetic_v1,0,0,0,0,1,0,0,0
नासिक में केवल 2 कमरे बचे,scarcity,scarcity,hi,span,stock,[TAG=span] [ROLE=stock] नासिक में केवल 2 कमरे बचे,scarcity:hi:05,synthetic_v1,0,0,0,0,1,0,0,0
"जल्दी करें, मुंबई गोदाम में 6 धूप का चश्मा बचे",scarcity,scarcity,hi,span,stock,"[TAG=span] [ROLE=stock] जल्दी करें, मुंबई गोदाम में 6 धूप का चश्मा बचे",scarcity:hi:13,synthetic_v1,0,0,0,0,1,0,0,0
कम स्टॉक: फॉर्मल शर्ट की केवल 5 इकाई,scarcity,scarcity,hi,span,stock,[TAG=span] [ROLE=stock] कम स्टॉक: फॉर्मल शर्ट की केवल 5 इकाई,scarcity:hi:03,synthetic_v1,0,0,0,0,1,0,0,0
"रु. 1,999 मा 10 मात्र बाँकी",scarcity,scarcity,ne,p,promo,"[TAG=p] [ROLE=promo] रु. 1,999 मा 10 मात्र बाँकी",scarcity:ne:10,synthetic_v1,0,0,0,0,1,0,0,0
Lenskart आगरा गोदाम: 12 रनिंग शूज़ शेष,scarcity,scarcity,hi,p,promo,[TAG=p] [ROLE=promo] Lenskart आगरा गोदाम: 12 रनिंग शूज़ शेष,scarcity:hi:19,synthetic_v1,0,0,0,0,1,0,0,0
Blinkit मा 8 ट्रेकिङ ज्याकेट मात्र बाँकी,scarcity,scarcity,ne,p,promo,[TAG=p] [ROLE=promo] Blinkit मा 8 ट्रेकिङ ज्याकेट मात्र बाँकी,scarcity:ne:15,synthetic_v1,0,0,0,0,1,0,0,0
Flipkart: हेटौंडा का लागि 3 थान बाँकी,scarcity,scarcity,ne,p,promo,[TAG=p] [ROLE=promo] Flipkart: हेटौंडा का लागि 3 थान बाँकी,scarcity:ne:16,synthetic_v1,0,0,0,0,1,0,0,0
Snapdeal: बाँके का लागि 1 थान बाँकी,scarcity,scarcity,ne,div,badge,[TAG=div] [ROLE=badge] Snapdeal: बाँके का लागि 1 थान बाँकी,scarcity:ne:16,synthetic_v1,0,0,0,0,1,0,0,0
Salesberry: बेंगलुरु के लिए 4 इकाई बचीं,scarcity,scarcity,hi,span,stock,[TAG=span] [ROLE=stock] Salesberry: बेंगलुरु के लिए 4 इकाई बचीं,scarcity:hi:16,synthetic_v1,0,0,0,0,1,0,0,0
"Hurry, 9 noise cancelling headphones left in Kathmandu warehouse",scarcity,scarcity,en,p,promo,"[TAG=p] [ROLE=promo] Hurry, 9 noise cancelling headphones left in Kathmandu warehouse",scarcity:en:13,synthetic_v1,0,0,0,0,1,0,0,0
Salesberry: नासिक के लिए 5 इकाई बचीं,scarcity,scarcity,hi,div,badge,[TAG=div] [ROLE=badge] Salesberry: नासिक के लिए 5 इकाई बचीं,scarcity:hi:16,synthetic_v1,0,0,0,0,1,0,0,0
"रु. 1,999 पर केवल 3 बचे",scarcity,scarcity,hi,div,badge,"[TAG=div] [ROLE=badge] रु. 1,999 पर केवल 3 बचे",scarcity:hi:10,synthetic_v1,0,0,0,0,1,0,0,0
"Only 5 left at Rs. 1,999",scarcity,scarcity,en,div,badge,"[TAG=div] [ROLE=badge] Only 5 left at Rs. 1,999",scarcity:en:10,synthetic_v1,0,0,0,0,1,0,0,0
यो मूल्यमा 4 फेस वास मात्र उपलब्ध,scarcity,scarcity,ne,span,stock,[TAG=span] [ROLE=stock] यो मूल्यमा 4 फेस वास मात्र उपलब्ध,scarcity:ne:01,synthetic_v1,0,0,0,0,1,0,0,0
रु. 449 मा 4 मात्र बाँकी,scarcity,scarcity,ne,div,badge,[TAG=div] [ROLE=badge] रु. 449 मा 4 मात्र बाँकी,scarcity:ne:10,synthetic_v1,0,0,0,0,1,0,0,0
कम स्टॉक: कॉफी मेकर की केवल 9 इकाई,scarcity,scarcity,hi,div,badge,[TAG=div] [ROLE=badge] कम स्टॉक: कॉफी मेकर की केवल 9 इकाई,scarcity:hi:03,synthetic_v1,0,0,0,0,1,0,0,0
रु. 149 पर आख़िरी 1 राइस कुकर,scarcity,scarcity,hi,p,promo,[TAG=p] [ROLE=promo] रु. 149 पर आख़िरी 1 राइस कुकर,scarcity:hi:17,synthetic_v1,0,0,0,0,1,0,0,0
कम स्टॉक: वायरलेस ईयरबड्स की केवल 4 इकाई,scarcity,scarcity,hi,span,stock,[TAG=span] [ROLE=stock] कम स्टॉक: वायरलेस ईयरबड्स की केवल 4 इकाई,scarcity:hi:03,synthetic_v1,0,0,0,0,1,0,0,0
Almost sold out — 5% already claimed,scarcity,scarcity,en,span,stock,[TAG=span] [ROLE=stock] Almost sold out — 5% already claimed,scarcity:en:02,synthetic_v1,0,0,0,0,1,0,0,0
Only 5 left — 70% off ends soon,scarcity|false_urgency,scarcity,en,p,promo,[TAG=p] [ROLE=promo] Only 5 left — 70% off ends soon,scarcity:en:12,synthetic_v1,0,1,0,0,1,0,0,0
Meesho: 10 units left for Pune,scarcity,scarcity,en,span,stock,[TAG=span] [ROLE=stock] Meesho: 10 units left for Pune,scarcity:en:16,synthetic_v1,0,0,0,0,1,0,0,0
BigBasket: नागपुर के लिए 1 इकाई बचीं,scarcity,scarcity,hi,span,stock,[TAG=span] [ROLE=stock] BigBasket: नागपुर के लिए 1 इकाई बचीं,scarcity:hi:16,synthetic_v1,0,0,0,0,1,0,0,0
Kinbech मा स्पोर्ट्स चप्पल को 35% स्टक बिक्री भइसक्यो,scarcity,scarcity,ne,span,stock,[TAG=span] [ROLE=stock] Kinbech मा स्पोर्ट्स चप्पल को 35% स्टक बिक्री भइसक्यो,scarcity:ne:18,synthetic_v1,0,0,0,0,1,0,0,0
जयपुर में केवल 2 कमरे बचे,scarcity,scarcity,hi,div,badge,[TAG=div] [ROLE=badge] जयपुर में केवल 2 कमरे बचे,scarcity:hi:05,synthetic_v1,0,0,0,0,1,0,0,0
कम स्टॉक: फॉर्मल शर्ट की केवल 3 इकाई,scarcity,scarcity,hi,div,badge,[TAG=div] [ROLE=badge] कम स्टॉक: फॉर्मल शर्ट की केवल 3 इकाई,scarcity:hi:03,synthetic_v1,0,0,0,0,1,0,0,0
नागपुर में केवल 1 कमरे बचे,scarcity,scarcity,hi,p,promo,[TAG=p] [ROLE=promo] नागपुर में केवल 1 कमरे बचे,scarcity:hi:05,synthetic_v1,0,0,0,0,1,0,0,0
HamroBazar पर केवल 6 डेनिम जींस बचे,scarcity,scarcity,hi,div,badge,[TAG=div] [ROLE=badge] HamroBazar पर केवल 6 डेनिम जींस बचे,scarcity:hi:15,synthetic_v1,0,0,0,0,1,0,0,0
उच्च माग — फर्मल सर्ट को सीमित परिमाण,scarcity,scarcity,ne,span,stock,[TAG=span] [ROLE=stock] उच्च माग — फर्मल सर्ट को सीमित परिमाण,scarcity:ne:06,synthetic_v1,0,0,0,0,1,0,0,0
Last 12 pieces available,scarcity,scarcity,en,div,badge,[TAG=div] [ROLE=badge] Last 12 pieces available,scarcity:en:04,synthetic_v1,0,0,0,0,1,0,0,0
बाँके मा 9 कोठा मात्र बाँकी,scarcity,scarcity,ne,div,badge,[TAG=div] [ROLE=badge] बाँके मा 9 कोठा मात्र बाँकी,scarcity:ne:05,synthetic_v1,0,0,0,0,1,0,0,0
रु. 599 पर आख़िरी 2 एयर फ्रायर,scarcity,scarcity,hi,p,promo,[TAG=p] [ROLE=promo] रु. 599 पर आख़िरी 2 एयर फ्रायर,scarcity:hi:17,synthetic_v1,0,0,0,0,1,0,0,0
Ajio मा अफिस कुर्सी को 15% स्टक बिक्री भइसक्यो,scarcity,scarcity,ne,span,stock,[TAG=span] [ROLE=stock] Ajio मा अफिस कुर्सी को 15% स्टक बिक्री भइसक्यो,scarcity:ne:18,synthetic_v1,0,0,0,0,1,0,0,0
SastoDeal: कोलकाता के लिए 1 इकाई बचीं,scarcity,scarcity,hi,span,stock,[TAG=span] [ROLE=stock] SastoDeal: कोलकाता के लिए 1 इकाई बचीं,scarcity:hi:16,synthetic_v1,0,0,0,0,1,0,0,0
धरान मा 10 कोठा मात्र बाँकी,scarcity,scarcity,ne,div,badge,[TAG=div] [ROLE=badge] धरान मा 10 कोठा मात्र बाँकी,scarcity:ne:05,synthetic_v1,0,0,0,0,1,0,0,0
Last 12 yoga mat at Rs. 299,scarcity,scarcity,en,span,stock,[TAG=span] [ROLE=stock] Last 12 yoga mat at Rs. 299,scarcity:en:17,synthetic_v1,0,0,0,0,1,0,0,0
70% of smartwatch stock already sold at Snapdeal,scarcity,scarcity,en,span,stock,[TAG=span] [ROLE=stock] 70% of smartwatch stock already sold at Snapdeal,scarcity:en:18,synthetic_v1,0,0,0,0,1,0,0,0
Gyapu इंदौर गोदाम: 9 पानी की बोतल शेष,scarcity,scarcity,hi,p,promo,[TAG=p] [ROLE=promo] Gyapu इंदौर गोदाम: 9 पानी की बोतल शेष,scarcity:hi:19,synthetic_v1,0,0,0,0,1,0,0,0
Nykaa पर केवल 3 इंडक्शन चूल्हा बचे,scarcity,scarcity,hi,span,stock,[TAG=span] [ROLE=stock] Nykaa पर केवल 3 इंडक्शन चूल्हा बचे,scarcity:hi:15,synthetic_v1,0,0,0,0,1,0,0,0
Limited edition formal shirt — while supplies last,scarcity,scarcity,en,p,promo,[TAG=p] [ROLE=promo] Limited edition formal shirt — while supplies last,scarcity:en:09,synthetic_v1,0,0,0,0,1,0,0,0
"2,411 people bought this today, stock running out",scarcity|social_proof,scarcity,en,div,badge,"[TAG=div] [ROLE=badge] 2,411 people bought this today, stock running out",scarcity:en:07,synthetic_v1,0,0,0,0,1,0,1,0
कम स्टॉक: रनिंग शूज़ की केवल 2 इकाई,scarcity,scarcity,hi,p,promo,[TAG=p] [ROLE=promo] कम स्टॉक: रनिंग शूज़ की केवल 2 इकाई,scarcity:hi:03,synthetic_v1,0,0,0,0,1,0,0,0
कम स्टॉक: फेस वॉश की केवल 9 इकाई,scarcity,scarcity,hi,span,stock,[TAG=span] [ROLE=stock] कम स्टॉक: फेस वॉश की केवल 9 इकाई,scarcity:hi:03,synthetic_v1,0,0,0,0,1,0,0,0
इस दाम पर केवल 12 फॉर्मल शर्ट उपलब्ध,scarcity,scarcity,hi,span,stock,[TAG=span] [ROLE=stock] इस दाम पर केवल 12 फॉर्मल शर्ट उपलब्ध,scarcity:hi:01,synthetic_v1,0,0,0,0,1,0,0,0
अहमदाबाद में केवल 4 कमरे बचे,scarcity,scarcity,hi,p,promo,[TAG=p] [ROLE=promo] अहमदाबाद में केवल 4 कमरे बचे,scarcity:hi:05,synthetic_v1,0,0,0,0,1,0,0,0
Low stock: only 1 units of yoga mat,scarcity,scarcity,en,span,stock,[TAG=span] [ROLE=stock] Low stock: only 1 units of yoga mat,scarcity:en:03,synthetic_v1,0,0,0,0,1,0,0,0
इस दाम पर केवल 12 एयर फ्रायर उपलब्ध,scarcity,scarcity,hi,span,stock,[TAG=span] [ROLE=stock] इस दाम पर केवल 12 एयर फ्रायर उपलब्ध,scarcity:hi:01,synthetic_v1,0,0,0,0,1,0,0,0
10 मात्र बाँकी — 5% छुट चाँडै सकिन्छ,scarcity|false_urgency,scarcity,ne,div,badge,[TAG=div] [ROLE=badge] 10 मात्र बाँकी — 5% छुट चाँडै सकिन्छ,scarcity:ne:12,synthetic_v1,0,1,0,0,1,0,0,0
"जल्दी करें, दिल्ली गोदाम में 12 स्कूल बैग बचे",scarcity,scarcity,hi,span,stock,"[TAG=span] [ROLE=stock] जल्दी करें, दिल्ली गोदाम में 12 स्कूल बैग बचे",scarcity:hi:13,synthetic_v1,0,0,0,0,1,0,0,0
7 मात्र बाँकी — 40% छुट चाँडै सकिन्छ,scarcity|false_urgency,scarcity,ne,div,badge,[TAG=div] [ROLE=badge] 7 मात्र बाँकी — 40% छुट चाँडै सकिन्छ,scarcity:ne:12,synthetic_v1,0,1,0,0,1,0,0,0
Thulo Chitwan warehouse: 2 yoga mat remaining,scarcity,scarcity,en,p,promo,[TAG=p] [ROLE=promo] Thulo Chitwan warehouse: 2 yoga mat remaining,scarcity:en:19,synthetic_v1,0,0,0,0,1,0,0,0
Only 3 rooms left in Pune,scarcity,scarcity,en,div,badge,[TAG=div] [ROLE=badge] Only 3 rooms left in Pune,scarcity:en:05,synthetic_v1,0,0,0,0,1,0,0,0
Only 4 left — 15% off ends soon,scarcity|false_urgency,scarcity,en,span,stock,[TAG=span] [ROLE=stock] Only 4 left — 15% off ends soon,scarcity:en:12,synthetic_v1,0,1,0,0,1,0,0,0
उच्च माग — प्रोटिन पाउडर को सीमित परिमाण,scarcity,scarcity,ne,div,badge,[TAG=div] [ROLE=badge] उच्च माग — प्रोटिन पाउडर को सीमित परिमाण,scarcity:ne:06,synthetic_v1,0,0,0,0,1,0,0,0
भारी मांग — योगा मैट की सीमित मात्रा,scarcity,scarcity,hi,p,promo,[TAG=p] [ROLE=promo] भारी मांग — योगा मैट की सीमित मात्रा,scarcity:hi:06,synthetic_v1,0,0,0,0,1,0,0,0
इस दाम पर केवल 8 फॉर्मल शर्ट उपलब्ध,scarcity,scarcity,hi,span,stock,[TAG=span] [ROLE=stock] इस दाम पर केवल 8 फॉर्मल शर्ट उपलब्ध,scarcity:hi:01,synthetic_v1,0,0,0,0,1,0,0,0
Salesberry कानपुर गोदाम: 3 पावर बैंक शेष,scarcity,scarcity,hi,p,promo,[TAG=p] [ROLE=promo] Salesberry कानपुर गोदाम: 3 पावर बैंक शेष,scarcity:hi:19,synthetic_v1,0,0,0,0,1,0,0,0
रु. 199 पर आख़िरी 5 एयर फ्रायर,scarcity,scarcity,hi,p,promo,[TAG=p] [ROLE=promo] रु. 199 पर आख़िरी 5 एयर फ्रायर,scarcity:hi:17,synthetic_v1,0,0,0,0,1,0,0,0
कम स्टक: घामको चस्मा को 5 थान मात्र,scarcity,scarcity,ne,p,promo,[TAG=p] [ROLE=promo] कम स्टक: घामको चस्मा को 5 थान मात्र,scarcity:ne:03,synthetic_v1,0,0,0,0,1,0,0,0
Ajio Bengaluru warehouse: 10 protein powder remaining,scarcity,scarcity,en,span,stock,[TAG=span] [ROLE=stock] Ajio Bengaluru warehouse: 10 protein powder remaining,scarcity:en:19,synthetic_v1,0,0,0,0,1,0,0,0
कम स्टक: रनिङ जुत्ता को 3 थान मात्र,scarcity,scarcity,ne,span,stock,[TAG=span] [ROLE=stock] कम स्टक: रनिङ जुत्ता को 3 थान मात्र,scarcity:ne:03,synthetic_v1,0,0,0,0,1,0,0,0
यो मूल्यमा 6 वायरलेस इयरबड्स मात्र उपलब्ध,scarcity,scarcity,ne,span,stock,[TAG=span] [ROLE=stock] यो मूल्यमा 6 वायरलेस इयरबड्स मात्र उपलब्ध,scarcity:ne:01,synthetic_v1,0,0,0,0,1,0,0,0
इस दाम पर केवल 12 प्रोटीन पाउडर उपलब्ध,scarcity,scarcity,hi,p,promo,[TAG=p] [ROLE=promo] इस दाम पर केवल 12 प्रोटीन पाउडर उपलब्ध,scarcity:hi:01,synthetic_v1,0,0,0,0,1,0,0,0
"आज 1,024 लोगों ने खरीदा, स्टॉक कम",scarcity|social_proof,scarcity,hi,span,stock,"[TAG=span] [ROLE=stock] आज 1,024 लोगों ने खरीदा, स्टॉक कम",scarcity:hi:07,synthetic_v1,0,0,0,0,1,0,1,0
Pepperfry मा फेस वास को 40% स्टक बिक्री भइसक्यो,scarcity,scarcity,ne,span,stock,[TAG=span] [ROLE=stock] Pepperfry मा फेस वास को 40% स्टक बिक्री भइसक्यो,scarcity:ne:18,synthetic_v1,0,0,0,0,1,0,0,0
"Hurry, 5 phone case left in Chitwan warehouse",scarcity,scarcity,en,span,stock,"[TAG=span] [ROLE=stock] Hurry, 5 phone case left in Chitwan warehouse",scarcity:en:13,synthetic_v1,0,0,0,0,1,0,0,0
कम स्टॉक: गेमिंग माउस की केवल 10 इकाई,scarcity,scarcity,hi,span,stock,[TAG=span] [ROLE=stock] कम स्टॉक: गेमिंग माउस की केवल 10 इकाई,scarcity:hi:03,synthetic_v1,0,0,0,0,1,0,0,0
"Hurry, 1 induction cooktop left in Nepalgunj warehouse",scarcity,scarcity,en,p,promo,"[TAG=p] [ROLE=promo] Hurry, 1 induction cooktop left in Nepalgunj warehouse",scarcity:en:13,synthetic_v1,0,0,0,0,1,0,0,0
Pepperfry: सुर्खेत का लागि 3 थान बाँकी,scarcity,scarcity,ne,p,promo,[TAG=p] [ROLE=promo] Pepperfry: सुर्खेत का लागि 3 थान बाँकी,scarcity:ne:16,synthetic_v1,0,0,0,0,1,0,0,0
Only 8 office chair left at FirstCry,scarcity,scarcity,en,div,badge,[TAG=div] [ROLE=badge] Only 8 office chair left at FirstCry,scarcity:en:15,synthetic_v1,0,0,0,0,1,0,0,0
रु. 599 मा अन्तिम 1 ब्याकप्याक,scarcity,scarcity,ne,span,stock,[TAG=span] [ROLE=stock] रु. 599 मा अन्तिम 1 ब्याकप्याक,scarcity:ne:17,synthetic_v1,0,0,0,0,1,0,0,0
प्रायः सकियो — 60% बुक भइसक्यो,scarcity,scarcity,ne,span,stock,[TAG=span] [ROLE=stock] प्रायः सकियो — 60% बुक भइसक्यो,scarcity:ne:02,synthetic_v1,0,0,0,0,1,0,0,0
"आज 889 लोगों ने खरीदा, स्टॉक कम",scarcity|social_proof,scarcity,hi,span,stock,"[TAG=span] [ROLE=stock] आज 889 लोगों ने खरीदा, स्टॉक कम",scarcity:hi:07,synthetic_v1,0,0,0,0,1,0,1,0
Tata Cliq मा 5 वायरलेस इयरबड्स मात्र बाँकी,scarcity,scarcity,ne,div,badge,[TAG=div] [ROLE=badge] Tata Cliq मा 5 वायरलेस इयरबड्स मात्र बाँकी,scarcity:ne:15,synthetic_v1,0,0,0,0,1,0,0,0
रु. 799 पर केवल 10 बचे,scarcity,scarcity,hi,div,badge,[TAG=div] [ROLE=badge] रु. 799 पर केवल 10 बचे,scarcity:hi:10,synthetic_v1,0,0,0,0,1,0,0,0
Ajio: 12 units left for Patna,scarcity,scarcity,en,p,promo,[TAG=p] [ROLE=promo] Ajio: 12 units left for Patna,scarcity:en:16,synthetic_v1,0,0,0,0,1,0,0,0
Daraz दिल्ली गोदाम: 10 लैपटॉप बैग शेष,scarcity,scarcity,hi,span,stock,[TAG=span] [ROLE=stock] Daraz दिल्ली गोदाम: 10 लैपटॉप बैग शेष,scarcity:hi:19,synthetic_v1,0,0,0,0,1,0,0,0
Only 5 left — 10% off ends soon,scarcity|false_urgency,scarcity,en,span,stock,[TAG=span] [ROLE=stock] Only 5 left — 10% off ends soon,scarcity:en:12,synthetic_v1,0,1,0,0,1,0,0,0
पटना में केवल 1 कमरे बचे,scarcity,scarcity,hi,div,badge,[TAG=div] [ROLE=badge] पटना में केवल 1 कमरे बचे,scarcity:hi:05,synthetic_v1,0,0,0,0,1,0,0,0
12 मात्र बाँकी — 50% छुट चाँडै सकिन्छ,scarcity|false_urgency,scarcity,ne,div,badge,[TAG=div] [ROLE=badge] 12 मात्र बाँकी — 50% छुट चाँडै सकिन्छ,scarcity:ne:12,synthetic_v1,0,1,0,0,1,0,0,0
Low stock: only 5 units of yoga mat,scarcity,scarcity,en,div,badge,[TAG=div] [ROLE=badge] Low stock: only 5 units of yoga mat,scarcity:en:03,synthetic_v1,0,0,0,0,1,0,0,0
वीरगन्ज मा 3 कोठा मात्र बाँकी,scarcity,scarcity,ne,div,badge,[TAG=div] [ROLE=badge] वीरगन्ज मा 3 कोठा मात्र बाँकी,scarcity:ne:05,synthetic_v1,0,0,0,0,1,0,0,0
Only 8 electric kettle left at Tata Cliq,scarcity,scarcity,en,div,badge,[TAG=div] [ROLE=badge] Only 8 electric kettle left at Tata Cliq,scarcity:en:15,synthetic_v1,0,0,0,0,1,0,0,0
Only 7 rooms left in Indore,scarcity,scarcity,en,div,badge,[TAG=div] [ROLE=badge] Only 7 rooms left in Indore,scarcity:en:05,synthetic_v1,0,0,0,0,1,0,0,0
Amazon पर केवल 9 धूप का चश्मा बचे,scarcity,scarcity,hi,span,stock,[TAG=span] [ROLE=stock] Amazon पर केवल 9 धूप का चश्मा बचे,scarcity:hi:15,synthetic_v1,0,0,0,0,1,0,0,0
केवल 3 बचे — 60% छूट जल्द खत्म,scarcity|false_urgency,scarcity,hi,span,stock,[TAG=span] [ROLE=stock] केवल 3 बचे — 60% छूट जल्द खत्म,scarcity:hi:12,synthetic_v1,0,1,0,0,1,0,0,0
JioMart मा 10 कटन कुर्ता मात्र बाँकी,scarcity,scarcity,ne,p,promo,[TAG=p] [ROLE=promo] JioMart मा 10 कटन कुर्ता मात्र बाँकी,scarcity:ne:15,synthetic_v1,0,0,0,0,1,0,0,0
चितवन मा 2 कोठा मात्र बाँकी,scarcity,scarcity,ne,p,promo,[TAG=p] [ROLE=promo] चितवन मा 2 कोठा मात्र बाँकी,scarcity:ne:05,synthetic_v1,0,0,0,0,1,0,0,0
10 मात्र बाँकी — 60% छुट चाँडै सकिन्छ,scarcity|false_urgency,scarcity,ne,p,promo,[TAG=p] [ROLE=promo] 10 मात्र बाँकी — 60% छुट चाँडै सकिन्छ,scarcity:ne:12,synthetic_v1,0,1,0,0,1,0,0,0
"63 people bought this today, stock running out",scarcity|social_proof,scarcity,en,span,stock,"[TAG=span] [ROLE=stock] 63 people bought this today, stock running out",scarcity:en:07,synthetic_v1,0,0,0,0,1,0,1,0
Nykaa पर केवल 2 ब्लूटूथ स्पीकर बचे,scarcity,scarcity,hi,span,stock,[TAG=span] [ROLE=stock] Nykaa पर केवल 2 ब्लूटूथ स्पीकर बचे,scarcity:hi:15,synthetic_v1,0,0,0,0,1,0,0,0
"जल्दी करें, सूरत गोदाम में 6 पावर बैंक बचे",scarcity,scarcity,hi,p,promo,"[TAG=p] [ROLE=promo] जल्दी करें, सूरत गोदाम में 6 पावर बैंक बचे",scarcity:hi:13,synthetic_v1,0,0,0,0,1,0,0,0
कम स्टक: गेमिङ माउस को 5 थान मात्र,scarcity,scarcity,ne,div,badge,[TAG=div] [ROLE=badge] कम स्टक: गेमिङ माउस को 5 थान मात्र,scarcity:ne:03,synthetic_v1,0,0,0,0,1,0,0,0
Stock alert: fewer than 5 remaining,scarcity,scarcity,en,div,badge,[TAG=div] [ROLE=badge] Stock alert: fewer than 5 remaining,scarcity:en:14,synthetic_v1,0,0,0,0,1,0,0,0
सीमित संस्करण नोइज क्यान्सलिङ हेडफोन — स्टक रहेसम्म,scarcity,scarcity,ne,span,stock,[TAG=span] [ROLE=stock] सीमित संस्करण नोइज क्यान्सलिङ हेडफोन — स्टक रहेसम्म,scarcity:ne:09,synthetic_v1,0,0,0,0,1,0,0,0
Flipkart गोरखा गोदाम: 1 एयर फ्रायर बाँकी,scarcity,scarcity,ne,div,badge,[TAG=div] [ROLE=badge] Flipkart गोरखा गोदाम: 1 एयर फ्रायर बाँकी,scarcity:ne:19,synthetic_v1,0,0,0,0,1,0,0,0
उच्च माग — गेमिङ माउस को सीमित परिमाण,scarcity,scarcity,ne,p,promo,[TAG=p] [ROLE=promo] उच्च माग — गेमिङ माउस को सीमित परिमाण,scarcity:ne:06,synthetic_v1,0,0,0,0,1,0,0,0
Meesho मा पावर ब्यांक को 80% स्टक बिक्री भइसक्यो,scarcity,scarcity,ne,span,stock,[TAG=span] [ROLE=stock] Meesho मा पावर ब्यांक को 80% स्टक बिक्री भइसक्यो,scarcity:ne:18,synthetic_v1,0,0,0,0,1,0,0,0
इटहरी मा 3 कोठा मात्र बाँकी,scarcity,scarcity,ne,span,stock,[TAG=span] [ROLE=stock] इटहरी मा 3 कोठा मात्र बाँकी,scarcity:ne:05,synthetic_v1,0,0,0,0,1,0,0,0
रु. 799 मा 5 मात्र बाँकी,scarcity,scarcity,ne,span,stock,[TAG=span] [ROLE=stock] रु. 799 मा 5 मात्र बाँकी,scarcity:ne:10,synthetic_v1,0,0,0,0,1,0,0,0
Thulo: अहमदाबाद के लिए 9 इकाई बचीं,scarcity,scarcity,hi,div,badge,[TAG=div] [ROLE=badge] Thulo: अहमदाबाद के लिए 9 इकाई बचीं,scarcity:hi:16,synthetic_v1,0,0,0,0,1,0,0,0
विराटनगर मा 6 कोठा मात्र बाँकी,scarcity,scarcity,ne,p,promo,[TAG=p] [ROLE=promo] विराटनगर मा 6 कोठा मात्र बाँकी,scarcity:ne:05,synthetic_v1,0,0,0,0,1,0,0,0
Flipkart मा 7 ल्यापटप ब्याग मात्र बाँकी,scarcity,scarcity,ne,div,badge,[TAG=div] [ROLE=badge] Flipkart मा 7 ल्यापटप ब्याग मात्र बाँकी,scarcity:ne:15,synthetic_v1,0,0,0,0,1,0,0,0
इस दाम पर केवल 5 कॉफी मेकर उपलब्ध,scarcity,scarcity,hi,span,stock,[TAG=span] [ROLE=stock] इस दाम पर केवल 5 कॉफी मेकर उपलब्ध,scarcity:hi:01,synthetic_v1,0,0,0,0,1,0,0,0
प्रायः सकियो — 25% बुक भइसक्यो,scarcity,scarcity,ne,span,stock,[TAG=span] [ROLE=stock] प्रायः सकियो — 25% बुक भइसक्यो,scarcity:ne:02,synthetic_v1,0,0,0,0,1,0,0,0
Only 1 left — 60% off ends soon,scarcity|false_urgency,scarcity,en,div,badge,[TAG=div] [ROLE=badge] Only 1 left — 60% off ends soon,scarcity:en:12,synthetic_v1,0,1,0,0,1,0,0,0
केवल 12 बचे — 30% छूट जल्द खत्म,scarcity|false_urgency,scarcity,hi,span,stock,[TAG=span] [ROLE=stock] केवल 12 बचे — 30% छूट जल्द खत्म,scarcity:hi:12,synthetic_v1,0,1,0,0,1,0,0,0
Low stock: only 2 units of school bag,scarcity,scarcity,en,p,promo,[TAG=p] [ROLE=promo] Low stock: only 2 units of school bag,scarcity:en:03,synthetic_v1,0,0,0,0,1,0,0,0
"रु. 2,999 मा अन्तिम 12 स्पोर्ट्स चप्पल",scarcity,scarcity,ne,p,promo,"[TAG=p] [ROLE=promo] रु. 2,999 मा अन्तिम 12 स्पोर्ट्स चप्पल",scarcity:ne:17,synthetic_v1,0,0,0,0,1,0,0,0
अभी 4 कार्ट में है,scarcity,scarcity,hi,span,stock,[TAG=span] [ROLE=stock] अभी 4 कार्ट में है,scarcity:hi:11,synthetic_v1,0,0,0,0,1,0,0,0
स्टक अलर्ट: 4 भन्दा कम बाँकी,scarcity,scarcity,ne,span,stock,[TAG=span] [ROLE=stock] स्टक अलर्ट: 4 भन्दा कम बाँकी,scarcity:ne:14,synthetic_v1,0,0,0,0,1,0,0,0
Last 10 rice cooker at Rs. 799,scarcity,scarcity,en,span,stock,[TAG=span] [ROLE=stock] Last 10 rice cooker at Rs. 799,scarcity:en:17,synthetic_v1,0,0,0,0,1,0,0,0
यो मूल्यमा 5 नोइज क्यान्सलिङ हेडफोन मात्र उपलब्ध,scarcity,scarcity,ne,p,promo,[TAG=p] [ROLE=promo] यो मूल्यमा 5 नोइज क्यान्सलिङ हेडफोन मात्र उपलब्ध,scarcity:ne:01,synthetic_v1,0,0,0,0,1,0,0,0
Only 10 rooms left in Surat,scarcity,scarcity,en,span,stock,[TAG=span] [ROLE=stock] Only 10 rooms left in Surat,scarcity:en:05,synthetic_v1,0,0,0,0,1,0,0,0
रु. 999 मा 12 मात्र बाँकी,scarcity,scarcity,ne,div,badge,[TAG=div] [ROLE=badge] रु. 999 मा 12 मात्र बाँकी,scarcity:ne:10,synthetic_v1,0,0,0,0,1,0,0,0
रु. 599 मा 6 मात्र बाँकी,scarcity,scarcity,ne,div,badge,[TAG=div] [ROLE=badge] रु. 599 मा 6 मात्र बाँकी,scarcity:ne:10,synthetic_v1,0,0,0,0,1,0,0,0
दिल्ली में केवल 9 कमरे बचे,scarcity,scarcity,hi,div,badge,[TAG=div] [ROLE=badge] दिल्ली में केवल 9 कमरे बचे,scarcity:hi:05,synthetic_v1,0,0,0,0,1,0,0,0
Only 12 phone case left at Reliance Digital,scarcity,scarcity,en,div,badge,[TAG=div] [ROLE=badge] Only 12 phone case left at Reliance Digital,scarcity:en:15,synthetic_v1,0,0,0,0,1,0,0,0
JioMart पर केवल 8 ट्रेकिंग जैकेट बचे,scarcity,scarcity,hi,p,promo,[TAG=p] [ROLE=promo] JioMart पर केवल 8 ट्रेकिंग जैकेट बचे,scarcity:hi:15,synthetic_v1,0,0,0,0,1,0,0,0
"Hurry, 7 laptop bag left in Delhi warehouse",scarcity,scarcity,en,p,promo,"[TAG=p] [ROLE=promo] Hurry, 7 laptop bag left in Delhi warehouse",scarcity:en:13,synthetic_v1,0,0,0,0,1,0,0,0
Nykaa मा इलेक्ट्रिक केतली को 35% स्टक बिक्री भइसक्यो,scarcity,scarcity,ne,p,promo,[TAG=p] [ROLE=promo] Nykaa मा इलेक्ट्रिक केतली को 35% स्टक बिक्री भइसक्यो,scarcity:ne:18,synthetic_v1,0,0,0,0,1,0,0,0
Low stock: only 1 units of cotton kurta,scarcity,scarcity,en,div,badge,[TAG=div] [ROLE=badge] Low stock: only 1 units of cotton kurta,scarcity:en:03,synthetic_v1,0,0,0,0,1,0,0,0
Only 10 left — 60% off ends soon,scarcity|false_urgency,scarcity,en,span,stock,[TAG=span] [ROLE=stock] Only 10 left — 60% off ends soon,scarcity:en:12,synthetic_v1,0,1,0,0,1,0,0,0
कम स्टक: अफिस कुर्सी को 6 थान मात्र,scarcity,scarcity,ne,span,stock,[TAG=span] [ROLE=stock] कम स्टक: अफिस कुर्सी को 6 थान मात्र,scarcity:ne:03,synthetic_v1,0,0,0,0,1,0,0,0
Only 7 trekking jacket remaining at this price,scarcity,scarcity,en,div,badge,[TAG=div] [ROLE=badge] Only 7 trekking jacket remaining at this price,scarcity:en:01,synthetic_v1,0,0,0,0,1,0,0,0
Gyapu: कोलकाता के लिए 3 इकाई बचीं,scarcity,scarcity,hi,p,promo,[TAG=p] [ROLE=promo] Gyapu: कोलकाता के लिए 3 इकाई बचीं,scarcity:hi:16,synthetic_v1,0,0,0,0,1,0,0,0
बेंगलुरु में केवल 9 कमरे बचे,scarcity,scarcity,hi,span,stock,[TAG=span] [ROLE=stock] बेंगलुरु में केवल 9 कमरे बचे,scarcity:hi:05,synthetic_v1,0,0,0,0,1,0,0,0
50% of sunglasses stock already sold at Pepperfry,scarcity,scarcity,en,p,promo,[TAG=p] [ROLE=promo] 50% of sunglasses stock already sold at Pepperfry,scarcity:en:18,synthetic_v1,0,0,0,0,1,0,0,0
"1,340 people bought this today, stock running out",scarcity|social_proof,scarcity,en,p,promo,"[TAG=p] [ROLE=promo] 1,340 people bought this today, stock running out",scarcity:en:07,synthetic_v1,0,0,0,0,1,0,1,0
"रु. 1,199 मा 5 मात्र बाँकी",scarcity,scarcity,ne,p,promo,"[TAG=p] [ROLE=promo] रु. 1,199 मा 5 मात्र बाँकी",scarcity:ne:10,synthetic_v1,0,0,0,0,1,0,0,0
Flipkart: नेपालगन्ज का लागि 3 थान बाँकी,scarcity,scarcity,ne,div,badge,[TAG=div] [ROLE=badge] Flipkart: नेपालगन्ज का लागि 3 थान बाँकी,scarcity:ne:16,synthetic_v1,0,0,0,0,1,0,0,0
Only 12 cotton kurta remaining at this price,scarcity,scarcity,en,p,promo,[TAG=p] [ROLE=promo] Only 12 cotton kurta remaining at this price,scarcity:en:01,synthetic_v1,0,0,0,0,1,0,0,0
"आज 18,332 जनाले किन्नुभयो, स्टक सकिँदै",scarcity|social_proof,scarcity,ne,div,badge,"[TAG=div] [ROLE=badge] आज 18,332 जनाले किन्नुभयो, स्टक सकिँदै",scarcity:ne:07,synthetic_v1,0,0,0,0,1,0,1,0
इस दाम पर केवल 6 योगा मैट उपलब्ध,scarcity,scarcity,hi,p,promo,[TAG=p] [ROLE=promo] इस दाम पर केवल 6 योगा मैट उपलब्ध,scarcity:hi:01,synthetic_v1,0,0,0,0,1,0,0,0
Only 9 left at Rs. 899,scarcity,scarcity,en,p,promo,[TAG=p] [ROLE=promo] Only 9 left at Rs. 899,scarcity:en:10,synthetic_v1,0,0,0,0,1,0,0,0
Low stock: only 6 units of cotton kurta,scarcity,scarcity,en,div,badge,[TAG=div] [ROLE=badge] Low stock: only 6 units of cotton kurta,scarcity:en:03,synthetic_v1,0,0,0,0,1,0,0,0
Kinbech पोखरा गोदाम: 2 एयर फ्रायर बाँकी,scarcity,scarcity,ne,span,stock,[TAG=span] [ROLE=stock] Kinbech पोखरा गोदाम: 2 एयर फ्रायर बाँकी,scarcity:ne:19,synthetic_v1,0,0,0,0,1,0,0,0
रु. 149 मा अन्तिम 1 स्पोर्ट्स चप्पल,scarcity,scarcity,ne,p,promo,[TAG=p] [ROLE=promo] रु. 149 मा अन्तिम 1 स्पोर्ट्स चप्पल,scarcity:ne:17,synthetic_v1,0,0,0,0,1,0,0,0
Limited edition sports sandals — while supplies last,scarcity,scarcity,en,div,badge,[TAG=div] [ROLE=badge] Limited edition sports sandals — while supplies last,scarcity:en:09,synthetic_v1,0,0,0,0,1,0,0,0
Low stock: only 10 units of formal shirt,scarcity,scarcity,en,p,promo,[TAG=p] [ROLE=promo] Low stock: only 10 units of formal shirt,scarcity:en:03,synthetic_v1,0,0,0,0,1,0,0,0
रु. 599 मा अन्तिम 9 ट्रेकिङ ज्याकेट,scarcity,scarcity,ne,p,promo,[TAG=p] [ROLE=promo] रु. 599 मा अन्तिम 9 ट्रेकिङ ज्याकेट,scarcity:ne:17,synthetic_v1,0,0,0,0,1,0,0,0
Nykaa धनगढी गोदाम: 12 वायरलेस इयरबड्स बाँकी,scarcity,scarcity,ne,p,promo,[TAG=p] [ROLE=promo] Nykaa धनगढी गोदाम: 12 वायरलेस इयरबड्स बाँकी,scarcity:ne:19,synthetic_v1,0,0,0,0,1,0,0,0
केवल 4 बचे — 5% छूट जल्द खत्म,scarcity|false_urgency,scarcity,hi,div,badge,[TAG=div] [ROLE=badge] केवल 4 बचे — 5% छूट जल्द खत्म,scarcity:hi:12,synthetic_v1,0,1,0,0,1,0,0,0
Blinkit: 10 units left for Dharan,scarcity,scarcity,en,span,stock,[TAG=span] [ROLE=stock] Blinkit: 10 units left for Dharan,scarcity:en:16,synthetic_v1,0,0,0,0,1,0,0,0
Pepperfry वाराणसी गोदाम: 1 गेमिंग माउस शेष,scarcity,scarcity,hi,div,badge,[TAG=div] [ROLE=badge] Pepperfry वाराणसी गोदाम: 1 गेमिंग माउस शेष,scarcity:hi:19,synthetic_v1,0,0,0,0,1,0,0,0
Only 3 protein powder left at Kinbech,scarcity,scarcity,en,span,stock,[TAG=span] [ROLE=stock] Only 3 protein powder left at Kinbech,scarcity:en:15,synthetic_v1,0,0,0,0,1,0,0,0
High demand — limited units of trekking jacket,scarcity,scarcity,en,span,stock,[TAG=span] [ROLE=stock] High demand — limited units of trekking jacket,scarcity:en:06,synthetic_v1,0,0,0,0,1,0,0,0
"छिटो गर्नुहोस्, गोरखा गोदाममा 10 स्कुल ब्याग बाँकी",scarcity,scarcity,ne,p,promo,"[TAG=p] [ROLE=promo] छिटो गर्नुहोस्, गोरखा गोदाममा 10 स्कुल ब्याग बाँकी",scarcity:ne:13,synthetic_v1,0,0,0,0,1,0,0,0
Nykaa मा 6 पावर ब्यांक मात्र बाँकी,scarcity,scarcity,ne,p,promo,[TAG=p] [ROLE=promo] Nykaa मा 6 पावर ब्यांक मात्र बाँकी,scarcity:ne:15,synthetic_v1,0,0,0,0,1,0,0,0
कम स्टॉक: पावर बैंक की केवल 6 इकाई,scarcity,scarcity,hi,p,promo,[TAG=p] [ROLE=promo] कम स्टॉक: पावर बैंक की केवल 6 इकाई,scarcity:hi:03,synthetic_v1,0,0,0,0,1,0,0,0
रु. 599 पर केवल 8 बचे,scarcity,scarcity,hi,span,stock,[TAG=span] [ROLE=stock] रु. 599 पर केवल 8 बचे,scarcity:hi:10,synthetic_v1,0,0,0,0,1,0,0,0
रु. 249 पर आख़िरी 7 फॉर्मल शर्ट,scarcity,scarcity,hi,span,stock,[TAG=span] [ROLE=stock] रु. 249 पर आख़िरी 7 फॉर्मल शर्ट,scarcity:hi:17,synthetic_v1,0,0,0,0,1,0,0,0
Only 8 study lamp left at SastoDeal,scarcity,scarcity,en,span,stock,[TAG=span] [ROLE=stock] Only 8 study lamp left at SastoDeal,scarcity:en:15,synthetic_v1,0,0,0,0,1,0,0,0
रांची में केवल 5 कमरे बचे,scarcity,scarcity,hi,span,stock,[TAG=span] [ROLE=stock] रांची में केवल 5 कमरे बचे,scarcity:hi:05,synthetic_v1,0,0,0,0,1,0,0,0
"आज 934 लोगों ने खरीदा, स्टॉक कम",scarcity|social_proof,scarcity,hi,div,badge,"[TAG=div] [ROLE=badge] आज 934 लोगों ने खरीदा, स्टॉक कम",scarcity:hi:07,synthetic_v1,0,0,0,0,1,0,1,0
HamroBazar धरान गोदाम: 10 घामको चस्मा बाँकी,scarcity,scarcity,ne,p,promo,[TAG=p] [ROLE=promo] HamroBazar धरान गोदाम: 10 घामको चस्मा बाँकी,scarcity:ne:19,synthetic_v1,0,0,0,0,1,0,0,0
अहिले 12 कार्टमा छ,scarcity,scarcity,ne,p,promo,[TAG=p] [ROLE=promo] अहिले 12 कार्टमा छ,scarcity:ne:11,synthetic_v1,0,0,0,0,1,0,0,0
OkDam: जयपुर के लिए 7 इकाई बचीं,scarcity,scarcity,hi,div,badge,[TAG=div] [ROLE=badge] OkDam: जयपुर के लिए 7 इकाई बचीं,scarcity:hi:16,synthetic_v1,0,0,0,0,1,0,0,0
Muncha मा 1 स्टडी लाइट मात्र बाँकी,scarcity,scarcity,ne,span,stock,[TAG=span] [ROLE=stock] Muncha मा 1 स्टडी लाइट मात्र बाँकी,scarcity:ne:15,synthetic_v1,0,0,0,0,1,0,0,0
स्टॉक अलर्ट: 2 से कम बचे,scarcity,scarcity,hi,p,promo,[TAG=p] [ROLE=promo] स्टॉक अलर्ट: 2 से कम बचे,scarcity:hi:14,synthetic_v1,0,0,0,0,1,0,0,0
कम स्टॉक: गेमिंग माउस की केवल 5 इकाई,scarcity,scarcity,hi,span,stock,[TAG=span] [ROLE=stock] कम स्टॉक: गेमिंग माउस की केवल 5 इकाई,scarcity:hi:03,synthetic_v1,0,0,0,0,1,0,0,0
Only 7 smartwatch left at Zepto,scarcity,scarcity,en,div,badge,[TAG=div] [ROLE=badge] Only 7 smartwatch left at Zepto,scarcity:en:15,synthetic_v1,0,0,0,0,1,0,0,0
प्रायः सकियो — 20% बुक भइसक्यो,scarcity,scarcity,ne,span,stock,[TAG=span] [ROLE=stock] प्रायः सकियो — 20% बुक भइसक्यो,scarcity:ne:02,synthetic_v1,0,0,0,0,1,0,0,0
Meesho पुणे गोदाम: 3 फेस वॉश शेष,scarcity,scarcity,hi,div,badge,[TAG=div] [ROLE=badge] Meesho पुणे गोदाम: 3 फेस वॉश शेष,scarcity:hi:19,synthetic_v1,0,0,0,0,1,0,0,0
Tata Cliq मा 12 पानीको बोतल मात्र बाँकी,scarcity,scarcity,ne,span,stock,[TAG=span] [ROLE=stock] Tata Cliq मा 12 पानीको बोतल मात्र बाँकी,scarcity:ne:15,synthetic_v1,0,0,0,0,1,0,0,0
70% of air fryer stock already sold at Lenskart,scarcity,scarcity,en,p,promo,[TAG=p] [ROLE=promo] 70% of air fryer stock already sold at Lenskart,scarcity:en:18,synthetic_v1,0,0,0,0,1,0,0,0
Low stock: only 5 units of smartwatch,scarcity,scarcity,en,div,badge,[TAG=div] [ROLE=badge] Low stock: only 5 units of smartwatch,scarcity:en:03,synthetic_v1,0,0,0,0,1,0,0,0
प्रायः सकियो — 5% बुक भइसक्यो,scarcity,scarcity,ne,p,promo,[TAG=p] [ROLE=promo] प्रायः सकियो — 5% बुक भइसक्यो,scarcity:ne:02,synthetic_v1,0,0,0,0,1,0,0,0
कम स्टक: रनिङ जुत्ता को 4 थान मात्र,scarcity,scarcity,ne,span,stock,[TAG=span] [ROLE=stock] कम स्टक: रनिङ जुत्ता को 4 थान मात्र,scarcity:ne:03,synthetic_v1,0,0,0,0,1,0,0,0
Flipkart: 9 units left for Surat,scarcity,scarcity,en,span,stock,[TAG=span] [ROLE=stock] Flipkart: 9 units left for Surat,scarcity:en:16,synthetic_v1,0,0,0,0,1,0,0,0
"Hurry, 4 sports sandals left in Bengaluru warehouse",scarcity,scarcity,en,span,stock,"[TAG=span] [ROLE=stock] Hurry, 4 sports sandals left in Bengaluru warehouse",scarcity:en:13,synthetic_v1,0,0,0,0,1,0,0,0
50% of smartwatch stock already sold at JioMart,scarcity,scarcity,en,div,badge,[TAG=div] [ROLE=badge] 50% of smartwatch stock already sold at JioMart,scarcity:en:18,synthetic_v1,0,0,0,0,1,0,0,0
"छिटो गर्नुहोस्, चितवन गोदाममा 5 वायरलेस इयरबड्स बाँकी",scarcity,scarcity,ne,span,stock,"[TAG=span] [ROLE=stock] छिटो गर्नुहोस्, चितवन गोदाममा 5 वायरलेस इयरबड्स बाँकी",scarcity:ne:13,synthetic_v1,0,0,0,0,1,0,0,0
Flipkart: सूरत के लिए 3 इकाई बचीं,scarcity,scarcity,hi,p,promo,[TAG=p] [ROLE=promo] Flipkart: सूरत के लिए 3 इकाई बचीं,scarcity:hi:16,synthetic_v1,0,0,0,0,1,0,0,0
Only 10 rooms left in Pune,scarcity,scarcity,en,span,stock,[TAG=span] [ROLE=stock] Only 10 rooms left in Pune,scarcity:en:05,synthetic_v1,0,0,0,0,1,0,0,0
सीमित संस्करण स्टडी लाइट — स्टक रहेसम्म,scarcity,scarcity,ne,span,stock,[TAG=span] [ROLE=stock] सीमित संस्करण स्टडी लाइट — स्टक रहेसम्म,scarcity:ne:09,synthetic_v1,0,0,0,0,1,0,0,0
Meesho: ललितपुर का लागि 8 थान बाँकी,scarcity,scarcity,ne,span,stock,[TAG=span] [ROLE=stock] Meesho: ललितपुर का लागि 8 थान बाँकी,scarcity:ne:16,synthetic_v1,0,0,0,0,1,0,0,0
Only 2 protein powder remaining at this price,scarcity,scarcity,en,span,stock,[TAG=span] [ROLE=stock] Only 2 protein powder remaining at this price,scarcity:en:01,synthetic_v1,0,0,0,0,1,0,0,0
अहिले 8 कार्टमा छ,scarcity,scarcity,ne,p,promo,[TAG=p] [ROLE=promo] अहिले 8 कार्टमा छ,scarcity:ne:11,synthetic_v1,0,0,0,0,1,0,0,0
सीमित संस्करण राइस कुकर — स्टक रहेसम्म,scarcity,scarcity,ne,div,badge,[TAG=div] [ROLE=badge] सीमित संस्करण राइस कुकर — स्टक रहेसम्म,scarcity:ne:09,synthetic_v1,0,0,0,0,1,0,0,0
80% of study lamp stock already sold at Meesho,scarcity,scarcity,en,div,badge,[TAG=div] [ROLE=badge] 80% of study lamp stock already sold at Meesho,scarcity:en:18,synthetic_v1,0,0,0,0,1,0,0,0
Tata Cliq पर केवल 5 इलेक्ट्रिक केटल बचे,scarcity,scarcity,hi,span,stock,[TAG=span] [ROLE=stock] Tata Cliq पर केवल 5 इलेक्ट्रिक केटल बचे,scarcity:hi:15,synthetic_v1,0,0,0,0,1,0,0,0
"छिटो गर्नुहोस्, जनकपुर गोदाममा 4 अफिस कुर्सी बाँकी",scarcity,scarcity,ne,div,badge,"[TAG=div] [ROLE=badge] छिटो गर्नुहोस्, जनकपुर गोदाममा 4 अफिस कुर्सी बाँकी",scarcity:ne:13,synthetic_v1,0,0,0,0,1,0,0,0
भारी मांग — धूप का चश्मा की सीमित मात्रा,scarcity,scarcity,hi,p,promo,[TAG=p] [ROLE=promo] भारी मांग — धूप का चश्मा की सीमित मात्रा,scarcity:hi:06,synthetic_v1,0,0,0,0,1,0,0,0
"छिटो गर्नुहोस्, बाँके गोदाममा 8 रनिङ जुत्ता बाँकी",scarcity,scarcity,ne,span,stock,"[TAG=span] [ROLE=stock] छिटो गर्नुहोस्, बाँके गोदाममा 8 रनिङ जुत्ता बाँकी",scarcity:ne:13,synthetic_v1,0,0,0,0,1,0,0,0
"Last 6 face wash at Rs. 2,499",scarcity,scarcity,en,span,stock,"[TAG=span] [ROLE=stock] Last 6 face wash at Rs. 2,499",scarcity:en:17,synthetic_v1,0,0,0,0,1,0,0,0
FirstCry: 5 units left for Chitwan,scarcity,scarcity,en,p,promo,[TAG=p] [ROLE=promo] FirstCry: 5 units left for Chitwan,scarcity:en:16,synthetic_v1,0,0,0,0,1,0,0,0
रु. 499 मा 8 मात्र बाँकी,scarcity,scarcity,ne,p,promo,[TAG=p] [ROLE=promo] रु. 499 मा 8 मात्र बाँकी,scarcity:ne:10,synthetic_v1,0,0,0,0,1,0,0,0
"Hurry, 8 coffee maker left in Bengaluru warehouse",scarcity,scarcity,en,p,promo,"[TAG=p] [ROLE=promo] Hurry, 8 coffee maker left in Bengaluru warehouse",scarcity:en:13,synthetic_v1,0,0,0,0,1,0,0,0
BigBasket भोपाल गोदाम: 6 इंडक्शन चूल्हा शेष,scarcity,scarcity,hi,p,promo,[TAG=p] [ROLE=promo] BigBasket भोपाल गोदाम: 6 इंडक्शन चूल्हा शेष,scarcity:hi:19,synthetic_v1,0,0,0,0,1,0,0,0
सीमित संस्करण हिउँदको ब्ल्याङ्केट — स्टक रहेसम्म,scarcity,scarcity,ne,p,promo,[TAG=p] [ROLE=promo] सीमित संस्करण हिउँदको ब्ल्याङ्केट — स्टक रहेसम्म,scarcity:ne:09,synthetic_v1,0,0,0,0,1,0,0,0
"आज 701 जनाले किन्नुभयो, स्टक सकिँदै",scarcity|social_proof,scarcity,ne,div,badge,"[TAG=div] [ROLE=badge] आज 701 जनाले किन्नुभयो, स्टक सकिँदै",scarcity:ne:07,synthetic_v1,0,0,0,0,1,0,1,0
Zepto वाराणसी गोदाम: 9 ब्लूटूथ स्पीकर शेष,scarcity,scarcity,hi,span,stock,[TAG=span] [ROLE=stock] Zepto वाराणसी गोदाम: 9 ब्लूटूथ स्पीकर शेष,scarcity:hi:19,synthetic_v1,0,0,0,0,1,0,0,0
5 मात्र बाँकी — 20% छुट चाँडै सकिन्छ,scarcity|false_urgency,scarcity,ne,div,badge,[TAG=div] [ROLE=badge] 5 मात्र बाँकी — 20% छुट चाँडै सकिन्छ,scarcity:ne:12,synthetic_v1,0,1,0,0,1,0,0,0
Only 7 left in stock!,scarcity,scarcity,en,div,badge,[TAG=div] [ROLE=badge] Only 7 left in stock!,scarcity:en:00,synthetic_v1,0,0,0,0,1,0,0,0
"Only 5 left at Rs. 1,199",scarcity,scarcity,en,p,promo,"[TAG=p] [ROLE=promo] Only 5 left at Rs. 1,199",scarcity:en:10,synthetic_v1,0,0,0,0,1,0,0,0
Nykaa मा रनिङ जुत्ता को 35% स्टक बिक्री भइसक्यो,scarcity,scarcity,ne,div,badge,[TAG=div] [ROLE=badge] Nykaa मा रनिङ जुत्ता को 35% स्टक बिक्री भइसक्यो,scarcity:ne:18,synthetic_v1,0,0,0,0,1,0,0,0
"आज 63 लोगों ने खरीदा, स्टॉक कम",scarcity|social_proof,scarcity,hi,div,badge,"[TAG=div] [ROLE=badge] आज 63 लोगों ने खरीदा, स्टॉक कम",scarcity:hi:07,synthetic_v1,0,0,0,0,1,0,1,0
कम स्टॉक: फेस वॉश की केवल 1 इकाई,scarcity,scarcity,hi,span,stock,[TAG=span] [ROLE=stock] कम स्टॉक: फेस वॉश की केवल 1 इकाई,scarcity:hi:03,synthetic_v1,0,0,0,0,1,0,0,0
Tata Cliq मा 4 प्रोटिन पाउडर मात्र बाँकी,scarcity,scarcity,ne,div,badge,[TAG=div] [ROLE=badge] Tata Cliq मा 4 प्रोटिन पाउडर मात्र बाँकी,scarcity:ne:15,synthetic_v1,0,0,0,0,1,0,0,0
Only 4 electric kettle left at Snapdeal,scarcity,scarcity,en,p,promo,[TAG=p] [ROLE=promo] Only 4 electric kettle left at Snapdeal,scarcity:en:15,synthetic_v1,0,0,0,0,1,0,0,0
Only 1 power bank remaining at this price,scarcity,scarcity,en,p,promo,[TAG=p] [ROLE=promo] Only 1 power bank remaining at this price,scarcity:en:01,synthetic_v1,0,0,0,0,1,0,0,0
यो मूल्यमा 6 कटन कुर्ता मात्र उपलब्ध,scarcity,scarcity,ne,div,badge,[TAG=div] [ROLE=badge] यो मूल्यमा 6 कटन कुर्ता मात्र उपलब्ध,scarcity:ne:01,synthetic_v1,0,0,0,0,1,0,0,0
OkDam मा स्पोर्ट्स चप्पल को 60% स्टक बिक्री भइसक्यो,scarcity,scarcity,ne,div,badge,[TAG=div] [ROLE=badge] OkDam मा स्पोर्ट्स चप्पल को 60% स्टक बिक्री भइसक्यो,scarcity:ne:18,synthetic_v1,0,0,0,0,1,0,0,0
"छिटो गर्नुहोस्, धनगढी गोदाममा 7 घामको चस्मा बाँकी",scarcity,scarcity,ne,div,badge,"[TAG=div] [ROLE=badge] छिटो गर्नुहोस्, धनगढी गोदाममा 7 घामको चस्मा बाँकी",scarcity:ne:13,synthetic_v1,0,0,0,0,1,0,0,0
धरान मा 5 कोठा मात्र बाँकी,scarcity,scarcity,ne,div,badge,[TAG=div] [ROLE=badge] धरान मा 5 कोठा मात्र बाँकी,scarcity:ne:05,synthetic_v1,0,0,0,0,1,0,0,0
रु. 699 मा 7 मात्र बाँकी,scarcity,scarcity,ne,span,stock,[TAG=span] [ROLE=stock] रु. 699 मा 7 मात्र बाँकी,scarcity:ne:10,synthetic_v1,0,0,0,0,1,0,0,0
यो मूल्यमा 5 वायरलेस इयरबड्स मात्र उपलब्ध,scarcity,scarcity,ne,p,promo,[TAG=p] [ROLE=promo] यो मूल्यमा 5 वायरलेस इयरबड्स मात्र उपलब्ध,scarcity:ne:01,synthetic_v1,0,0,0,0,1,0,0,0
Only 8 rooms left in Kathmandu,scarcity,scarcity,en,div,badge,[TAG=div] [ROLE=badge] Only 8 rooms left in Kathmandu,scarcity:en:05,synthetic_v1,0,0,0,0,1,0,0,0
पटना में केवल 12 कमरे बचे,scarcity,scarcity,hi,span,stock,[TAG=span] [ROLE=stock] पटना में केवल 12 कमरे बचे,scarcity:hi:05,synthetic_v1,0,0,0,0,1,0,0,0
इस दाम पर केवल 2 योगा मैट उपलब्ध,scarcity,scarcity,hi,p,promo,[TAG=p] [ROLE=promo] इस दाम पर केवल 2 योगा मैट उपलब्ध,scarcity:hi:01,synthetic_v1,0,0,0,0,1,0,0,0
60% of winter blanket stock already sold at Kinbech,scarcity,scarcity,en,div,badge,[TAG=div] [ROLE=badge] 60% of winter blanket stock already sold at Kinbech,scarcity:en:18,synthetic_v1,0,0,0,0,1,0,0,0
Lenskart पर केवल 9 प्रोटीन पाउडर बचे,scarcity,scarcity,hi,p,promo,[TAG=p] [ROLE=promo] Lenskart पर केवल 9 प्रोटीन पाउडर बचे,scarcity:hi:15,synthetic_v1,0,0,0,0,1,0,0,0
"आज 149 जनाले किन्नुभयो, स्टक सकिँदै",scarcity|social_proof,scarcity,ne,p,promo,"[TAG=p] [ROLE=promo] आज 149 जनाले किन्नुभयो, स्टक सकिँदै",scarcity:ne:07,synthetic_v1,0,0,0,0,1,0,1,0
Only 9 left — 15% off ends soon,scarcity|false_urgency,scarcity,en,p,promo,[TAG=p] [ROLE=promo] Only 9 left — 15% off ends soon,scarcity:en:12,synthetic_v1,0,1,0,0,1,0,0,0
"छिटो बिक्री हुँदैछ, 4 बाँकी",scarcity,scarcity,ne,div,badge,"[TAG=div] [ROLE=badge] छिटो बिक्री हुँदैछ, 4 बाँकी",scarcity:ne:08,synthetic_v1,0,0,0,0,1,0,0,0
"रु. 1,999 मा अन्तिम 8 इलेक्ट्रिक केतली",scarcity,scarcity,ne,span,stock,"[TAG=span] [ROLE=stock] रु. 1,999 मा अन्तिम 8 इलेक्ट्रिक केतली",scarcity:ne:17,synthetic_v1,0,0,0,0,1,0,0,0
Gyapu कोलकाता गोदाम: 9 लैपटॉप बैग शेष,scarcity,scarcity,hi,span,stock,[TAG=span] [ROLE=stock] Gyapu कोलकाता गोदाम: 9 लैपटॉप बैग शेष,scarcity:hi:19,synthetic_v1,0,0,0,0,1,0,0,0
"रु. 1,999 मा अन्तिम 9 प्रोटिन पाउडर",scarcity,scarcity,ne,div,badge,"[TAG=div] [ROLE=badge] रु. 1,999 मा अन्तिम 9 प्रोटिन पाउडर",scarcity:ne:17,synthetic_v1,0,0,0,0,1,0,0,0
Nykaa: बागलुङ का लागि 8 थान बाँकी,scarcity,scarcity,ne,div,badge,[TAG=div] [ROLE=badge] Nykaa: बागलुङ का लागि 8 थान बाँकी,scarcity:ne:16,synthetic_v1,0,0,0,0,1,0,0,0
Ajio नेपालगन्ज गोदाम: 2 रनिङ जुत्ता बाँकी,scarcity,scarcity,ne,span,stock,[TAG=span] [ROLE=stock] Ajio नेपालगन्ज गोदाम: 2 रनिङ जुत्ता बाँकी,scarcity:ne:19,synthetic_v1,0,0,0,0,1,0,0,0
"रु. 2,999 मा 1 मात्र बाँकी",scarcity,scarcity,ne,span,stock,"[TAG=span] [ROLE=stock] रु. 2,999 मा 1 मात्र बाँकी",scarcity:ne:10,synthetic_v1,0,0,0,0,1,0,0,0
केवल 8 बचे — 15% छूट जल्द खत्म,scarcity|false_urgency,scarcity,hi,div,badge,[TAG=div] [ROLE=badge] केवल 8 बचे — 15% छूट जल्द खत्म,scarcity:hi:12,synthetic_v1,0,1,0,0,1,0,0,0
कम स्टॉक: लैपटॉप बैग की केवल 10 इकाई,scarcity,scarcity,hi,p,promo,[TAG=p] [ROLE=promo] कम स्टॉक: लैपटॉप बैग की केवल 10 इकाई,scarcity:hi:03,synthetic_v1,0,0,0,0,1,0,0,0
रु. 999 पर आख़िरी 10 पानी की बोतल,scarcity,scarcity,hi,p,promo,[TAG=p] [ROLE=promo] रु. 999 पर आख़िरी 10 पानी की बोतल,scarcity:hi:17,synthetic_v1,0,0,0,0,1,0,0,0
Ajio पर केवल 2 कॉटन कुर्ता बचे,scarcity,scarcity,hi,span,stock,[TAG=span] [ROLE=stock] Ajio पर केवल 2 कॉटन कुर्ता बचे,scarcity:hi:15,synthetic_v1,0,0,0,0,1,0,0,0
"रु. 1,199 पर केवल 9 बचे",scarcity,scarcity,hi,div,badge,"[TAG=div] [ROLE=badge] रु. 1,199 पर केवल 9 बचे",scarcity:hi:10,synthetic_v1,0,0,0,0,1,0,0,0
Only 3 laptop bag left at Daraz,scarcity,scarcity,en,div,badge,[TAG=div] [ROLE=badge] Only 3 laptop bag left at Daraz,scarcity:en:15,synthetic_v1,0,0,0,0,1,0,0,0
"रु. 1,499 पर आख़िरी 5 इलेक्ट्रिक केटल",scarcity,scarcity,hi,p,promo,"[TAG=p] [ROLE=promo] रु. 1,499 पर आख़िरी 5 इलेक्ट्रिक केटल",scarcity:hi:17,synthetic_v1,0,0,0,0,1,0,0,0
Lenskart: 5 units left for Kathmandu,scarcity,scarcity,en,span,stock,[TAG=span] [ROLE=stock] Lenskart: 5 units left for Kathmandu,scarcity:en:16,synthetic_v1,0,0,0,0,1,0,0,0
रु. 349 पर केवल 7 बचे,scarcity,scarcity,hi,p,promo,[TAG=p] [ROLE=promo] रु. 349 पर केवल 7 बचे,scarcity:hi:10,synthetic_v1,0,0,0,0,1,0,0,0
OkDam जनकपुर गोदाम: 7 रनिङ जुत्ता बाँकी,scarcity,scarcity,ne,span,stock,[TAG=span] [ROLE=stock] OkDam जनकपुर गोदाम: 7 रनिङ जुत्ता बाँकी,scarcity:ne:19,synthetic_v1,0,0,0,0,1,0,0,0
Last 5 air fryer at Rs. 449,scarcity,scarcity,en,p,promo,[TAG=p] [ROLE=promo] Last 5 air fryer at Rs. 449,scarcity:en:17,synthetic_v1,0,0,0,0,1,0,0,0
सीमित संस्करण पानीको बोतल — स्टक रहेसम्म,scarcity,scarcity,ne,p,promo,[TAG=p] [ROLE=promo] सीमित संस्करण पानीको बोतल — स्टक रहेसम्म,scarcity:ne:09,synthetic_v1,0,0,0,0,1,0,0,0
प्रायः सकियो — 40% बुक भइसक्यो,scarcity,scarcity,ne,p,promo,[TAG=p] [ROLE=promo] प्रायः सकियो — 40% बुक भइसक्यो,scarcity:ne:02,synthetic_v1,0,0,0,0,1,0,0,0
Last 12 sports sandals at Rs. 199,scarcity,scarcity,en,p,promo,[TAG=p] [ROLE=promo] Last 12 sports sandals at Rs. 199,scarcity:en:17,synthetic_v1,0,0,0,0,1,0,0,0
HamroBazar मा 1 स्टडी लाइट मात्र बाँकी,scarcity,scarcity,ne,p,promo,[TAG=p] [ROLE=promo] HamroBazar मा 1 स्टडी लाइट मात्र बाँकी,scarcity:ne:15,synthetic_v1,0,0,0,0,1,0,0,0
"आज 1,502 लोगों ने खरीदा, स्टॉक कम",scarcity|social_proof,scarcity,hi,p,promo,"[TAG=p] [ROLE=promo] आज 1,502 लोगों ने खरीदा, स्टॉक कम",scarcity:hi:07,synthetic_v1,0,0,0,0,1,0,1,0
धरान मा 3 कोठा मात्र बाँकी,scarcity,scarcity,ne,p,promo,[TAG=p] [ROLE=promo] धरान मा 3 कोठा मात्र बाँकी,scarcity:ne:05,synthetic_v1,0,0,0,0,1,0,0,0
"Only 5 left at Rs. 1,499",scarcity,scarcity,en,span,stock,"[TAG=span] [ROLE=stock] Only 5 left at Rs. 1,499",scarcity:en:10,synthetic_v1,0,0,0,0,1,0,0,0
JioMart Nepalgunj warehouse: 2 rice cooker remaining,scarcity,scarcity,en,div,badge,[TAG=div] [ROLE=badge] JioMart Nepalgunj warehouse: 2 rice cooker remaining,scarcity:en:19,synthetic_v1,0,0,0,0,1,0,0,0
यो मूल्यमा 10 गेमिङ माउस मात्र उपलब्ध,scarcity,scarcity,ne,div,badge,[TAG=div] [ROLE=badge] यो मूल्यमा 10 गेमिङ माउस मात्र उपलब्ध,scarcity:ne:01,synthetic_v1,0,0,0,0,1,0,0,0
रु. 499 मा अन्तिम 8 फेस वास,scarcity,scarcity,ne,div,badge,[TAG=div] [ROLE=badge] रु. 499 मा अन्तिम 8 फेस वास,scarcity:ne:17,synthetic_v1,0,0,0,0,1,0,0,0
"रु. 2,499 पर केवल 4 बचे",scarcity,scarcity,hi,div,badge,"[TAG=div] [ROLE=badge] रु. 2,499 पर केवल 4 बचे",scarcity:hi:10,synthetic_v1,0,0,0,0,1,0,0,0
"छिटो गर्नुहोस्, नेपालगन्ज गोदाममा 4 स्मार्टवाच बाँकी",scarcity,scarcity,ne,div,badge,"[TAG=div] [ROLE=badge] छिटो गर्नुहोस्, नेपालगन्ज गोदाममा 4 स्मार्टवाच बाँकी",scarcity:ne:13,synthetic_v1,0,0,0,0,1,0,0,0
चितवन मा 1 कोठा मात्र बाँकी,scarcity,scarcity,ne,p,promo,[TAG=p] [ROLE=promo] चितवन मा 1 कोठा मात्र बाँकी,scarcity:ne:05,synthetic_v1,0,0,0,0,1,0,0,0
यो मूल्यमा 5 पावर ब्यांक मात्र उपलब्ध,scarcity,scarcity,ne,div,badge,[TAG=div] [ROLE=badge] यो मूल्यमा 5 पावर ब्यांक मात्र उपलब्ध,scarcity:ne:01,synthetic_v1,0,0,0,0,1,0,0,0
Only 9 left — 60% off ends soon,scarcity|false_urgency,scarcity,en,span,stock,[TAG=span] [ROLE=stock] Only 9 left — 60% off ends soon,scarcity:en:12,synthetic_v1,0,1,0,0,1,0,0,0
सीमित संस्करण ब्लुटुथ स्पिकर — स्टक रहेसम्म,scarcity,scarcity,ne,span,stock,[TAG=span] [ROLE=stock] सीमित संस्करण ब्लुटुथ स्पिकर — स्टक रहेसम्म,scarcity:ne:09,synthetic_v1,0,0,0,0,1,0,0,0
Low stock: only 3 units of denim jeans,scarcity,scarcity,en,p,promo,[TAG=p] [ROLE=promo] Low stock: only 3 units of denim jeans,scarcity:en:03,synthetic_v1,0,0,0,0,1,0,0,0
कोलकाता में केवल 2 कमरे बचे,scarcity,scarcity,hi,div,badge,[TAG=div] [ROLE=badge] कोलकाता में केवल 2 कमरे बचे,scarcity:hi:05,synthetic_v1,0,0,0,0,1,0,0,0
केवल 2 बचे — 70% छूट जल्द खत्म,scarcity|false_urgency,scarcity,hi,div,badge,[TAG=div] [ROLE=badge] केवल 2 बचे — 70% छूट जल्द खत्म,scarcity:hi:12,synthetic_v1,0,1,0,0,1,0,0,0
उच्च माग — स्कुल ब्याग को सीमित परिमाण,scarcity,scarcity,ne,p,promo,[TAG=p] [ROLE=promo] उच्च माग — स्कुल ब्याग को सीमित परिमाण,scarcity:ne:06,synthetic_v1,0,0,0,0,1,0,0,0
Only 6 power bank remaining at this price,scarcity,scarcity,en,p,promo,[TAG=p] [ROLE=promo] Only 6 power bank remaining at this price,scarcity:en:01,synthetic_v1,0,0,0,0,1,0,0,0
रु. 99 पर केवल 8 बचे,scarcity,scarcity,hi,div,badge,[TAG=div] [ROLE=badge] रु. 99 पर केवल 8 बचे,scarcity:hi:10,synthetic_v1,0,0,0,0,1,0,0,0
Only 3 sports sandals left at HamroBazar,scarcity,scarcity,en,div,badge,[TAG=div] [ROLE=badge] Only 3 sports sandals left at HamroBazar,scarcity:en:15,synthetic_v1,0,0,0,0,1,0,0,0
"आज 934 जनाले किन्नुभयो, स्टक सकिँदै",scarcity|social_proof,scarcity,ne,p,promo,"[TAG=p] [ROLE=promo] आज 934 जनाले किन्नुभयो, स्टक सकिँदै",scarcity:ne:07,synthetic_v1,0,0,0,0,1,0,1,0
Last 1 pieces available,scarcity,scarcity,en,span,stock,[TAG=span] [ROLE=stock] Last 1 pieces available,scarcity:en:04,synthetic_v1,0,0,0,0,1,0,0,0
पुणे में केवल 10 कमरे बचे,scarcity,scarcity,hi,div,badge,[TAG=div] [ROLE=badge] पुणे में केवल 10 कमरे बचे,scarcity:hi:05,synthetic_v1,0,0,0,0,1,0,0,0
कम स्टक: हिउँदको ब्ल्याङ्केट को 2 थान मात्र,scarcity,scarcity,ne,span,stock,[TAG=span] [ROLE=stock] कम स्टक: हिउँदको ब्ल्याङ्केट को 2 थान मात्र,scarcity:ne:03,synthetic_v1,0,0,0,0,1,0,0,0
Only 3 left — 60% off ends soon,scarcity|false_urgency,scarcity,en,div,badge,[TAG=div] [ROLE=badge] Only 3 left — 60% off ends soon,scarcity:en:12,synthetic_v1,0,1,0,0,1,0,0,0
इस दाम पर केवल 5 स्पोर्ट्स सैंडल उपलब्ध,scarcity,scarcity,hi,div,badge,[TAG=div] [ROLE=badge] इस दाम पर केवल 5 स्पोर्ट्स सैंडल उपलब्ध,scarcity:hi:01,synthetic_v1,0,0,0,0,1,0,0,0
Amazon: 5 units left for Butwal,scarcity,scarcity,en,span,stock,[TAG=span] [ROLE=stock] Amazon: 5 units left for Butwal,scarcity:en:16,synthetic_v1,0,0,0,0,1,0,0,0
"Hurry, 7 face wash left in Pune warehouse",scarcity,scarcity,en,div,badge,"[TAG=div] [ROLE=badge] Hurry, 7 face wash left in Pune warehouse",scarcity:en:13,synthetic_v1,0,0,0,0,1,0,0,0
"छिटो बिक्री हुँदैछ, 9 बाँकी",scarcity,scarcity,ne,div,badge,"[TAG=div] [ROLE=badge] छिटो बिक्री हुँदैछ, 9 बाँकी",scarcity:ne:08,synthetic_v1,0,0,0,0,1,0,0,0
Low stock: only 7 units of face wash,scarcity,scarcity,en,span,stock,[TAG=span] [ROLE=stock] Low stock: only 7 units of face wash,scarcity:en:03,synthetic_v1,0,0,0,0,1,0,0,0
कम स्टक: ट्रेकिङ ज्याकेट को 6 थान मात्र,scarcity,scarcity,ne,p,promo,[TAG=p] [ROLE=promo] कम स्टक: ट्रेकिङ ज्याकेट को 6 थान मात्र,scarcity:ne:03,synthetic_v1,0,0,0,0,1,0,0,0
Low stock: only 10 units of phone case,scarcity,scarcity,en,span,stock,[TAG=span] [ROLE=stock] Low stock: only 10 units of phone case,scarcity:en:03,synthetic_v1,0,0,0,0,1,0,0,0
कम स्टक: ब्लुटुथ स्पिकर को 9 थान मात्र,scarcity,scarcity,ne,p,promo,[TAG=p] [ROLE=promo] कम स्टक: ब्लुटुथ स्पिकर को 9 थान मात्र,scarcity:ne:03,synthetic_v1,0,0,0,0,1,0,0,0
Only 6 left — 80% off ends soon,scarcity|false_urgency,scarcity,en,div,badge,[TAG=div] [ROLE=badge] Only 6 left — 80% off ends soon,scarcity:en:12,synthetic_v1,0,1,0,0,1,0,0,0
यो मूल्यमा 1 डेनिम जिन्स मात्र उपलब्ध,scarcity,scarcity,ne,span,stock,[TAG=span] [ROLE=stock] यो मूल्यमा 1 डेनिम जिन्स मात्र उपलब्ध,scarcity:ne:01,synthetic_v1,0,0,0,0,1,0,0,0
इस दाम पर केवल 8 ब्लूटूथ स्पीकर उपलब्ध,scarcity,scarcity,hi,div,badge,[TAG=div] [ROLE=badge] इस दाम पर केवल 8 ब्लूटूथ स्पीकर उपलब्ध,scarcity:hi:01,synthetic_v1,0,0,0,0,1,0,0,0
Only 8 left — 80% off ends soon,scarcity|false_urgency,scarcity,en,span,stock,[TAG=span] [ROLE=stock] Only 8 left — 80% off ends soon,scarcity:en:12,synthetic_v1,0,1,0,0,1,0,0,0
रु. 499 पर आख़िरी 6 स्टडी लैंप,scarcity,scarcity,hi,span,stock,[TAG=span] [ROLE=stock] रु. 499 पर आख़िरी 6 स्टडी लैंप,scarcity:hi:17,synthetic_v1,0,0,0,0,1,0,0,0
"छिटो गर्नुहोस्, तनहुँ गोदाममा 1 स्मार्टवाच बाँकी",scarcity,scarcity,ne,span,stock,"[TAG=span] [ROLE=stock] छिटो गर्नुहोस्, तनहुँ गोदाममा 1 स्मार्टवाच बाँकी",scarcity:ne:13,synthetic_v1,0,0,0,0,1,0,0,0
"छिटो गर्नुहोस्, तनहुँ गोदाममा 7 फेस वास बाँकी",scarcity,scarcity,ne,span,stock,"[TAG=span] [ROLE=stock] छिटो गर्नुहोस्, तनहुँ गोदाममा 7 फेस वास बाँकी",scarcity:ne:13,synthetic_v1,0,0,0,0,1,0,0,0
"Hurry, 2 trekking jacket left in Chitwan warehouse",scarcity,scarcity,en,div,badge,"[TAG=div] [ROLE=badge] Hurry, 2 trekking jacket left in Chitwan warehouse",scarcity:en:13,synthetic_v1,0,0,0,0,1,0,0,0
Nykaa पर केवल 3 स्मार्टवॉच बचे,scarcity,scarcity,hi,span,stock,[TAG=span] [ROLE=stock] Nykaa पर केवल 3 स्मार्टवॉच बचे,scarcity:hi:15,synthetic_v1,0,0,0,0,1,0,0,0
Last 7 pieces available,scarcity,scarcity,en,span,stock,[TAG=span] [ROLE=stock] Last 7 pieces available,scarcity:en:04,synthetic_v1,0,0,0,0,1,0,0,0
अभी 3 कार्ट में है,scarcity,scarcity,hi,div,badge,[TAG=div] [ROLE=badge] अभी 3 कार्ट में है,scarcity:hi:11,synthetic_v1,0,0,0,0,1,0,0,0
नेपालगन्ज मा 2 कोठा मात्र बाँकी,scarcity,scarcity,ne,span,stock,[TAG=span] [ROLE=stock] नेपालगन्ज मा 2 कोठा मात्र बाँकी,scarcity:ne:05,synthetic_v1,0,0,0,0,1,0,0,0
Only 12 protein powder remaining at this price,scarcity,scarcity,en,span,stock,[TAG=span] [ROLE=stock] Only 12 protein powder remaining at this price,scarcity:en:01,synthetic_v1,0,0,0,0,1,0,0,0
इस दाम पर केवल 1 पानी की बोतल उपलब्ध,scarcity,scarcity,hi,p,promo,[TAG=p] [ROLE=promo] इस दाम पर केवल 1 पानी की बोतल उपलब्ध,scarcity:hi:01,synthetic_v1,0,0,0,0,1,0,0,0
पुणे में केवल 9 कमरे बचे,scarcity,scarcity,hi,div,badge,[TAG=div] [ROLE=badge] पुणे में केवल 9 कमरे बचे,scarcity:hi:05,synthetic_v1,0,0,0,0,1,0,0,0
Tata Cliq: दमक का लागि 2 थान बाँकी,scarcity,scarcity,ne,p,promo,[TAG=p] [ROLE=promo] Tata Cliq: दमक का लागि 2 थान बाँकी,scarcity:ne:16,synthetic_v1,0,0,0,0,1,0,0,0
"Hurry, 2 air fryer left in Surat warehouse",scarcity,scarcity,en,div,badge,"[TAG=div] [ROLE=badge] Hurry, 2 air fryer left in Surat warehouse",scarcity:en:13,synthetic_v1,0,0,0,0,1,0,0,0
"जल्दी करें, हैदराबाद गोदाम में 7 रनिंग शूज़ बचे",scarcity,scarcity,hi,div,badge,"[TAG=div] [ROLE=badge] जल्दी करें, हैदराबाद गोदाम में 7 रनिंग शूज़ बचे",scarcity:hi:13,synthetic_v1,0,0,0,0,1,0,0,0
वीरगन्ज मा 4 कोठा मात्र बाँकी,scarcity,scarcity,ne,div,badge,[TAG=div] [ROLE=badge] वीरगन्ज मा 4 कोठा मात्र बाँकी,scarcity:ne:05,synthetic_v1,0,0,0,0,1,0,0,0
इस दाम पर केवल 8 स्टडी लैंप उपलब्ध,scarcity,scarcity,hi,div,badge,[TAG=div] [ROLE=badge] इस दाम पर केवल 8 स्टडी लैंप उपलब्ध,scarcity:hi:01,synthetic_v1,0,0,0,0,1,0,0,0
"Hurry, 6 air fryer left in Chitwan warehouse",scarcity,scarcity,en,span,stock,"[TAG=span] [ROLE=stock] Hurry, 6 air fryer left in Chitwan warehouse",scarcity:en:13,synthetic_v1,0,0,0,0,1,0,0,0
"रु. 1,199 पर केवल 7 बचे",scarcity,scarcity,hi,span,stock,"[TAG=span] [ROLE=stock] रु. 1,199 पर केवल 7 बचे",scarcity:hi:10,synthetic_v1,0,0,0,0,1,0,0,0
कम स्टॉक: बैकपैक की केवल 2 इकाई,scarcity,scarcity,hi,div,badge,[TAG=div] [ROLE=badge] कम स्टॉक: बैकपैक की केवल 2 इकाई,scarcity:hi:03,synthetic_v1,0,0,0,0,1,0,0,0
"जल्दी करें, नासिक गोदाम में 7 फोन कवर बचे",scarcity,scarcity,hi,div,badge,"[TAG=div] [ROLE=badge] जल्दी करें, नासिक गोदाम में 7 फोन कवर बचे",scarcity:hi:13,synthetic_v1,0,0,0,0,1,0,0,0
भारी मांग — एयर फ्रायर की सीमित मात्रा,scarcity,scarcity,hi,p,promo,[TAG=p] [ROLE=promo] भारी मांग — एयर फ्रायर की सीमित मात्रा,scarcity:hi:06,synthetic_v1,0,0,0,0,1,0,0,0
लगभग बिक चुका — 10% बुक हो गया,scarcity,scarcity,hi,div,badge,[TAG=div] [ROLE=badge] लगभग बिक चुका — 10% बुक हो गया,scarcity:hi:02,synthetic_v1,0,0,0,0,1,0,0,0
यो मूल्यमा 7 पानीको बोतल मात्र उपलब्ध,scarcity,scarcity,ne,div,badge,[TAG=div] [ROLE=badge] यो मूल्यमा 7 पानीको बोतल मात्र उपलब्ध,scarcity:ne:01,synthetic_v1,0,0,0,0,1,0,0,0
स्टॉक अलर्ट: 6 से कम बचे,scarcity,scarcity,hi,p,promo,[TAG=p] [ROLE=promo] स्टॉक अलर्ट: 6 से कम बचे,scarcity:hi:14,synthetic_v1,0,0,0,0,1,0,0,0
Last 9 cotton kurta at Rs. 599,scarcity,scarcity,en,div,badge,[TAG=div] [ROLE=badge] Last 9 cotton kurta at Rs. 599,scarcity:en:17,synthetic_v1,0,0,0,0,1,0,0,0
रु. 49 पर आख़िरी 9 प्रोटीन पाउडर,scarcity,scarcity,hi,span,stock,[TAG=span] [ROLE=stock] रु. 49 पर आख़िरी 9 प्रोटीन पाउडर,scarcity:hi:17,synthetic_v1,0,0,0,0,1,0,0,0
"आज 2,411 लोगों ने खरीदा, स्टॉक कम",scarcity|social_proof,scarcity,hi,div,badge,"[TAG=div] [ROLE=badge] आज 2,411 लोगों ने खरीदा, स्टॉक कम",scarcity:hi:07,synthetic_v1,0,0,0,0,1,0,1,0
"402 people bought this today, stock running out",scarcity|social_proof,scarcity,en,span,stock,"[TAG=span] [ROLE=stock] 402 people bought this today, stock running out",scarcity:en:07,synthetic_v1,0,0,0,0,1,0,1,0
10 मात्र बाँकी — 35% छुट चाँडै सकिन्छ,scarcity|false_urgency,scarcity,ne,p,promo,[TAG=p] [ROLE=promo] 10 मात्र बाँकी — 35% छुट चाँडै सकिन्छ,scarcity:ne:12,synthetic_v1,0,1,0,0,1,0,0,0
सीमित संस्करण स्टडी लैंप — जब तक स्टॉक,scarcity,scarcity,hi,p,promo,[TAG=p] [ROLE=promo] सीमित संस्करण स्टडी लैंप — जब तक स्टॉक,scarcity:hi:09,synthetic_v1,0,0,0,0,1,0,0,0
नागपुर में केवल 5 कमरे बचे,scarcity,scarcity,hi,span,stock,[TAG=span] [ROLE=stock] नागपुर में केवल 5 कमरे बचे,scarcity:hi:05,synthetic_v1,0,0,0,0,1,0,0,0
Zepto अहमदाबाद गोदाम: 5 ब्लूटूथ स्पीकर शेष,scarcity,scarcity,hi,div,badge,[TAG=div] [ROLE=badge] Zepto अहमदाबाद गोदाम: 5 ब्लूटूथ स्पीकर शेष,scarcity:hi:19,synthetic_v1,0,0,0,0,1,0,0,0
यो मूल्यमा 8 इन्डक्सन चुल्हो मात्र उपलब्ध,scarcity,scarcity,ne,p,promo,[TAG=p] [ROLE=promo] यो मूल्यमा 8 इन्डक्सन चुल्हो मात्र उपलब्ध,scarcity:ne:01,synthetic_v1,0,0,0,0,1,0,0,0
Zepto: मुंबई के लिए 12 इकाई बचीं,scarcity,scarcity,hi,span,stock,[TAG=span] [ROLE=stock] Zepto: मुंबई के लिए 12 इकाई बचीं,scarcity:hi:16,synthetic_v1,0,0,0,0,1,0,0,0
Last 5 yoga mat at Rs. 499,scarcity,scarcity,en,div,badge,[TAG=div] [ROLE=badge] Last 5 yoga mat at Rs. 499,scarcity:en:17,synthetic_v1,0,0,0,0,1,0,0,0
Salesberry: गोरखा का लागि 6 थान बाँकी,scarcity,scarcity,ne,span,stock,[TAG=span] [ROLE=stock] Salesberry: गोरखा का लागि 6 थान बाँकी,scarcity:ne:16,synthetic_v1,0,0,0,0,1,0,0,0
Zepto: 12 units left for Indore,scarcity,scarcity,en,div,badge,[TAG=div] [ROLE=badge] Zepto: 12 units left for Indore,scarcity:en:16,synthetic_v1,0,0,0,0,1,0,0,0
कम स्टक: स्टडी लाइट को 6 थान मात्र,scarcity,scarcity,ne,p,promo,[TAG=p] [ROLE=promo] कम स्टक: स्टडी लाइट को 6 थान मात्र,scarcity:ne:03,synthetic_v1,0,0,0,0,1,0,0,0
Low stock: only 10 units of study lamp,scarcity,scarcity,en,p,promo,[TAG=p] [ROLE=promo] Low stock: only 10 units of study lamp,scarcity:en:03,synthetic_v1,0,0,0,0,1,0,0,0
"Only 6 left at Rs. 2,999",scarcity,scarcity,en,div,badge,"[TAG=div] [ROLE=badge] Only 6 left at Rs. 2,999",scarcity:en:10,synthetic_v1,0,0,0,0,1,0,0,0
यो मूल्यमा 10 स्कुल ब्याग मात्र उपलब्ध,scarcity,scarcity,ne,span,stock,[TAG=span] [ROLE=stock] यो मूल्यमा 10 स्कुल ब्याग मात्र उपलब्ध,scarcity:ne:01,synthetic_v1,0,0,0,0,1,0,0,0
Snapdeal दमक गोदाम: 6 अफिस कुर्सी बाँकी,scarcity,scarcity,ne,span,stock,[TAG=span] [ROLE=stock] Snapdeal दमक गोदाम: 6 अफिस कुर्सी बाँकी,scarcity:ne:19,synthetic_v1,0,0,0,0,1,0,0,0
स्टक अलर्ट: 9 भन्दा कम बाँकी,scarcity,scarcity,ne,span,stock,[TAG=span] [ROLE=stock] स्टक अलर्ट: 9 भन्दा कम बाँकी,scarcity:ne:14,synthetic_v1,0,0,0,0,1,0,0,0
Amazon मा स्कुल ब्याग को 50% स्टक बिक्री भइसक्यो,scarcity,scarcity,ne,div,badge,[TAG=div] [ROLE=badge] Amazon मा स्कुल ब्याग को 50% स्टक बिक्री भइसक्यो,scarcity:ne:18,synthetic_v1,0,0,0,0,1,0,0,0
Last 5 sunglasses at Rs. 899,scarcity,scarcity,en,span,stock,[TAG=span] [ROLE=stock] Last 5 sunglasses at Rs. 899,scarcity:en:17,synthetic_v1,0,0,0,0,1,0,0,0
Limited edition gaming mouse — while supplies last,scarcity,scarcity,en,div,badge,[TAG=div] [ROLE=badge] Limited edition gaming mouse — while supplies last,scarcity:en:09,synthetic_v1,0,0,0,0,1,0,0,0
यो मूल्यमा 3 पावर ब्यांक मात्र उपलब्ध,scarcity,scarcity,ne,p,promo,[TAG=p] [ROLE=promo] यो मूल्यमा 3 पावर ब्यांक मात्र उपलब्ध,scarcity:ne:01,synthetic_v1,0,0,0,0,1,0,0,0
FirstCry: बागलुङ का लागि 7 थान बाँकी,scarcity,scarcity,ne,span,stock,[TAG=span] [ROLE=stock] FirstCry: बागलुङ का लागि 7 थान बाँकी,scarcity:ne:16,synthetic_v1,0,0,0,0,1,0,0,0
Tata Cliq इटहरी गोदाम: 5 योगा म्याट बाँकी,scarcity,scarcity,ne,p,promo,[TAG=p] [ROLE=promo] Tata Cliq इटहरी गोदाम: 5 योगा म्याट बाँकी,scarcity:ne:19,synthetic_v1,0,0,0,0,1,0,0,0
"जल्दी करें, इंदौर गोदाम में 2 लैपटॉप बैग बचे",scarcity,scarcity,hi,span,stock,"[TAG=span] [ROLE=stock] जल्दी करें, इंदौर गोदाम में 2 लैपटॉप बैग बचे",scarcity:hi:13,synthetic_v1,0,0,0,0,1,0,0,0
Low stock: only 8 units of sunglasses,scarcity,scarcity,en,div,badge,[TAG=div] [ROLE=badge] Low stock: only 8 units of sunglasses,scarcity:en:03,synthetic_v1,0,0,0,0,1,0,0,0
रु. 899 मा अन्तिम 8 डेनिम जिन्स,scarcity,scarcity,ne,span,stock,[TAG=span] [ROLE=stock] रु. 899 मा अन्तिम 8 डेनिम जिन्स,scarcity:ne:17,synthetic_v1,0,0,0,0,1,0,0,0
रु. 999 पर आख़िरी 2 पावर बैंक,scarcity,scarcity,hi,span,stock,[TAG=span] [ROLE=stock] रु. 999 पर आख़िरी 2 पावर बैंक,scarcity:hi:17,synthetic_v1,0,0,0,0,1,0,0,0
उच्च माग — कटन कुर्ता को सीमित परिमाण,scarcity,scarcity,ne,p,promo,[TAG=p] [ROLE=promo] उच्च माग — कटन कुर्ता को सीमित परिमाण,scarcity:ne:06,synthetic_v1,0,0,0,0,1,0,0,0
Only 9 denim jeans remaining at this price,scarcity,scarcity,en,span,stock,[TAG=span] [ROLE=stock] Only 9 denim jeans remaining at this price,scarcity:en:01,synthetic_v1,0,0,0,0,1,0,0,0
Salesberry: 6 units left for Kathmandu,scarcity,scarcity,en,p,promo,[TAG=p] [ROLE=promo] Salesberry: 6 units left for Kathmandu,scarcity:en:16,synthetic_v1,0,0,0,0,1,0,0,0
BigBasket: हेटौंडा का लागि 6 थान बाँकी,scarcity,scarcity,ne,div,badge,[TAG=div] [ROLE=badge] BigBasket: हेटौंडा का लागि 6 थान बाँकी,scarcity:ne:16,synthetic_v1,0,0,0,0,1,0,0,0
यो मूल्यमा 9 घामको चस्मा मात्र उपलब्ध,scarcity,scarcity,ne,span,stock,[TAG=span] [ROLE=stock] यो मूल्यमा 9 घामको चस्मा मात्र उपलब्ध,scarcity:ne:01,synthetic_v1,0,0,0,0,1,0,0,0
"रु. 2,999 मा 4 मात्र बाँकी",scarcity,scarcity,ne,div,badge,"[TAG=div] [ROLE=badge] रु. 2,999 मा 4 मात्र बाँकी",scarcity:ne:10,synthetic_v1,0,0,0,0,1,0,0,0
"रु. 1,999 पर केवल 9 बचे",scarcity,scarcity,hi,p,promo,"[TAG=p] [ROLE=promo] रु. 1,999 पर केवल 9 बचे",scarcity:hi:10,synthetic_v1,0,0,0,0,1,0,0,0
रु. 199 मा 6 मात्र बाँकी,scarcity,scarcity,ne,p,promo,[TAG=p] [ROLE=promo] रु. 199 मा 6 मात्र बाँकी,scarcity:ne:10,synthetic_v1,0,0,0,0,1,0,0,0
रु. 699 पर केवल 5 बचे,scarcity,scarcity,hi,div,badge,[TAG=div] [ROLE=badge] रु. 699 पर केवल 5 बचे,scarcity:hi:10,synthetic_v1,0,0,0,0,1,0,0,0
"Only 12 left at Rs. 2,999",scarcity,scarcity,en,div,badge,"[TAG=div] [ROLE=badge] Only 12 left at Rs. 2,999",scarcity:en:10,synthetic_v1,0,0,0,0,1,0,0,0
"आज 766 जनाले किन्नुभयो, स्टक सकिँदै",scarcity|social_proof,scarcity,ne,span,stock,"[TAG=span] [ROLE=stock] आज 766 जनाले किन्नुभयो, स्टक सकिँदै",scarcity:ne:07,synthetic_v1,0,0,0,0,1,0,1,0
Gyapu: 2 units left for Kathmandu,scarcity,scarcity,en,span,stock,[TAG=span] [ROLE=stock] Gyapu: 2 units left for Kathmandu,scarcity:en:16,synthetic_v1,0,0,0,0,1,0,0,0
"रु. 1,499 पर केवल 5 बचे",scarcity,scarcity,hi,span,stock,"[TAG=span] [ROLE=stock] रु. 1,499 पर केवल 5 बचे",scarcity:hi:10,synthetic_v1,0,0,0,0,1,0,0,0
इस दाम पर केवल 8 राइस कुकर उपलब्ध,scarcity,scarcity,hi,div,badge,[TAG=div] [ROLE=badge] इस दाम पर केवल 8 राइस कुकर उपलब्ध,scarcity:hi:01,synthetic_v1,0,0,0,0,1,0,0,0
Only 10 left — 50% off ends soon,scarcity|false_urgency,scarcity,en,p,promo,[TAG=p] [ROLE=promo] Only 10 left — 50% off ends soon,scarcity:en:12,synthetic_v1,0,1,0,0,1,0,0,0
Only 6 water bottle remaining at this price,scarcity,scarcity,en,p,promo,[TAG=p] [ROLE=promo] Only 6 water bottle remaining at this price,scarcity:en:01,synthetic_v1,0,0,0,0,1,0,0,0
कम स्टक: घामको चस्मा को 1 थान मात्र,scarcity,scarcity,ne,span,stock,[TAG=span] [ROLE=stock] कम स्टक: घामको चस्मा को 1 थान मात्र,scarcity:ne:03,synthetic_v1,0,0,0,0,1,0,0,0
लगभग बिक चुका — 70% बुक हो गया,scarcity,scarcity,hi,p,promo,[TAG=p] [ROLE=promo] लगभग बिक चुका — 70% बुक हो गया,scarcity:hi:02,synthetic_v1,0,0,0,0,1,0,0,0
Lenskart: 7 units left for Dharan,scarcity,scarcity,en,div,badge,[TAG=div] [ROLE=badge] Lenskart: 7 units left for Dharan,scarcity:en:16,synthetic_v1,0,0,0,0,1,0,0,0
"रु. 1,199 पर आख़िरी 8 फोन कवर",scarcity,scarcity,hi,span,stock,"[TAG=span] [ROLE=stock] रु. 1,199 पर आख़िरी 8 फोन कवर",scarcity:hi:17,synthetic_v1,0,0,0,0,1,0,0,0
Only 10 rooms left in Hyderabad,scarcity,scarcity,en,span,stock,[TAG=span] [ROLE=stock] Only 10 rooms left in Hyderabad,scarcity:en:05,synthetic_v1,0,0,0,0,1,0,0,0
स्टॉक अलर्ट: 1 से कम बचे,scarcity,scarcity,hi,p,promo,[TAG=p] [ROLE=promo] स्टॉक अलर्ट: 1 से कम बचे,scarcity:hi:14,synthetic_v1,0,0,0,0,1,0,0,0
"Only 9 left at Rs. 2,999",scarcity,scarcity,en,div,badge,"[TAG=div] [ROLE=badge] Only 9 left at Rs. 2,999",scarcity:en:10,synthetic_v1,0,0,0,0,1,0,0,0
इस दाम पर केवल 12 इंडक्शन चूल्हा उपलब्ध,scarcity,scarcity,hi,span,stock,[TAG=span] [ROLE=stock] इस दाम पर केवल 12 इंडक्शन चूल्हा उपलब्ध,scarcity:hi:01,synthetic_v1,0,0,0,0,1,0,0,0
भारी मांग — कॉटन कुर्ता की सीमित मात्रा,scarcity,scarcity,hi,span,stock,[TAG=span] [ROLE=stock] भारी मांग — कॉटन कुर्ता की सीमित मात्रा,scarcity:hi:06,synthetic_v1,0,0,0,0,1,0,0,0
स्टॉक में केवल 12 बचे!,scarcity,scarcity,hi,div,badge,[TAG=div] [ROLE=badge] स्टॉक में केवल 12 बचे!,scarcity:hi:00,synthetic_v1,0,0,0,0,1,0,0,0
"रु. 2,499 मा 5 मात्र बाँकी",scarcity,scarcity,ne,span,stock,"[TAG=span] [ROLE=stock] रु. 2,499 मा 5 मात्र बाँकी",scarcity:ne:10,synthetic_v1,0,0,0,0,1,0,0,0
Only 10 left — 35% off ends soon,scarcity|false_urgency,scarcity,en,div,badge,[TAG=div] [ROLE=badge] Only 10 left — 35% off ends soon,scarcity:en:12,synthetic_v1,0,1,0,0,1,0,0,0
Only 6 winter blanket remaining at this price,scarcity,scarcity,en,span,stock,[TAG=span] [ROLE=stock] Only 6 winter blanket remaining at this price,scarcity:en:01,synthetic_v1,0,0,0,0,1,0,0,0
"रु. 2,999 मा 3 मात्र बाँकी",scarcity,scarcity,ne,p,promo,"[TAG=p] [ROLE=promo] रु. 2,999 मा 3 मात्र बाँकी",scarcity:ne:10,synthetic_v1,0,0,0,0,1,0,0,0
"जल्दी करें, मुंबई गोदाम में 2 योगा मैट बचे",scarcity,scarcity,hi,span,stock,"[TAG=span] [ROLE=stock] जल्दी करें, मुंबई गोदाम में 2 योगा मैट बचे",scarcity:hi:13,synthetic_v1,0,0,0,0,1,0,0,0
रु. 899 पर केवल 9 बचे,scarcity,scarcity,hi,span,stock,[TAG=span] [ROLE=stock] रु. 899 पर केवल 9 बचे,scarcity:hi:10,synthetic_v1,0,0,0,0,1,0,0,0
Last 5 protein powder at Rs. 99,scarcity,scarcity,en,div,badge,[TAG=div] [ROLE=badge] Last 5 protein powder at Rs. 99,scarcity:en:17,synthetic_v1,0,0,0,0,1,0,0,0
"आज 1,765 लोगों ने खरीदा, स्टॉक कम",scarcity|social_proof,scarcity,hi,span,stock,"[TAG=span] [ROLE=stock] आज 1,765 लोगों ने खरीदा, स्टॉक कम",scarcity:hi:07,synthetic_v1,0,0,0,0,1,0,1,0
केवल 4 बचे — 15% छूट जल्द खत्म,scarcity|false_urgency,scarcity,hi,span,stock,[TAG=span] [ROLE=stock] केवल 4 बचे — 15% छूट जल्द खत्म,scarcity:hi:12,synthetic_v1,0,1,0,0,1,0,0,0
यो मूल्यमा 1 स्कुल ब्याग मात्र उपलब्ध,scarcity,scarcity,ne,span,stock,[TAG=span] [ROLE=stock] यो मूल्यमा 1 स्कुल ब्याग मात्र उपलब्ध,scarcity:ne:01,synthetic_v1,0,0,0,0,1,0,0,0
7 मात्र बाँकी — 70% छुट चाँडै सकिन्छ,scarcity|false_urgency,scarcity,ne,div,badge,[TAG=div] [ROLE=badge] 7 मात्र बाँकी — 70% छुट चाँडै सकिन्छ,scarcity:ne:12,synthetic_v1,0,1,0,0,1,0,0,0
"जल्दी करें, आगरा गोदाम में 9 हेयर ड्रायर बचे",scarcity,scarcity,hi,span,stock,"[TAG=span] [ROLE=stock] जल्दी करें, आगरा गोदाम में 9 हेयर ड्रायर बचे",scarcity:hi:13,synthetic_v1,0,0,0,0,1,0,0,0
केवल 7 बचे — 60% छूट जल्द खत्म,scarcity|false_urgency,scarcity,hi,div,badge,[TAG=div] [ROLE=badge] केवल 7 बचे — 60% छूट जल्द खत्म,scarcity:hi:12,synthetic_v1,0,1,0,0,1,0,0,0
Only 12 cotton kurta left at Nykaa,scarcity,scarcity,en,div,badge,[TAG=div] [ROLE=badge] Only 12 cotton kurta left at Nykaa,scarcity:en:15,synthetic_v1,0,0,0,0,1,0,0,0
रु. 49 पर आख़िरी 6 ऑफिस चेयर,scarcity,scarcity,hi,div,badge,[TAG=div] [ROLE=badge] रु. 49 पर आख़िरी 6 ऑफिस चेयर,scarcity:hi:17,synthetic_v1,0,0,0,0,1,0,0,0
Only 10 left — 30% off ends soon,scarcity|false_urgency,scarcity,en,p,promo,[TAG=p] [ROLE=promo] Only 10 left — 30% off ends soon,scarcity:en:12,synthetic_v1,0,1,0,0,1,0,0,0
Only 4 face wash left at Blinkit,scarcity,scarcity,en,div,badge,[TAG=div] [ROLE=badge] Only 4 face wash left at Blinkit,scarcity:en:15,synthetic_v1,0,0,0,0,1,0,0,0
Croma पर फोन कवर का 25% स्टॉक बिक चुका,scarcity,scarcity,hi,div,badge,[TAG=div] [ROLE=badge] Croma पर फोन कवर का 25% स्टॉक बिक चुका,scarcity:hi:18,synthetic_v1,0,0,0,0,1,0,0,0
रु. 449 मा अन्तिम 8 कटन कुर्ता,scarcity,scarcity,ne,p,promo,[TAG=p] [ROLE=promo] रु. 449 मा अन्तिम 8 कटन कुर्ता,scarcity:ne:17,synthetic_v1,0,0,0,0,1,0,0,0
JioMart Lalitpur warehouse: 2 trekking jacket remaining,scarcity,scarcity,en,span,stock,[TAG=span] [ROLE=stock] JioMart Lalitpur warehouse: 2 trekking jacket remaining,scarcity:en:19,synthetic_v1,0,0,0,0,1,0,0,0
"रु. 1,199 पर आख़िरी 6 स्मार्टवॉच",scarcity,scarcity,hi,div,badge,"[TAG=div] [ROLE=badge] रु. 1,199 पर आख़िरी 6 स्मार्टवॉच",scarcity:hi:17,synthetic_v1,0,0,0,0,1,0,0,0
BigBasket मा कफी मेकर को 35% स्टक बिक्री भइसक्यो,scarcity,scarcity,ne,span,stock,[TAG=span] [ROLE=stock] BigBasket मा कफी मेकर को 35% स्टक बिक्री भइसक्यो,scarcity:ne:18,synthetic_v1,0,0,0,0,1,0,0,0
High demand — limited units of smartwatch,scarcity,scarcity,en,div,badge,[TAG=div] [ROLE=badge] High demand — limited units of smartwatch,scarcity:en:06,synthetic_v1,0,0,0,0,1,0,0,0
"रु. 1,199 पर केवल 6 बचे",scarcity,scarcity,hi,p,promo,"[TAG=p] [ROLE=promo] रु. 1,199 पर केवल 6 बचे",scarcity:hi:10,synthetic_v1,0,0,0,0,1,0,0,0
बुटवल मा 12 कोठा मात्र बाँकी,scarcity,scarcity,ne,p,promo,[TAG=p] [ROLE=promo] बुटवल मा 12 कोठा मात्र बाँकी,scarcity:ne:05,synthetic_v1,0,0,0,0,1,0,0,0
Only 10 cotton kurta remaining at this price,scarcity,scarcity,en,span,stock,[TAG=span] [ROLE=stock] Only 10 cotton kurta remaining at this price,scarcity:en:01,synthetic_v1,0,0,0,0,1,0,0,0
Flipkart Pune warehouse: 7 coffee maker remaining,scarcity,scarcity,en,div,badge,[TAG=div] [ROLE=badge] Flipkart Pune warehouse: 7 coffee maker remaining,scarcity:en:19,synthetic_v1,0,0,0,0,1,0,0,0
"छिटो गर्नुहोस्, भक्तपुर गोदाममा 9 नोइज क्यान्सलिङ हेडफोन बाँकी",scarcity,scarcity,ne,div,badge,"[TAG=div] [ROLE=badge] छिटो गर्नुहोस्, भक्तपुर गोदाममा 9 नोइज क्यान्सलिङ हेडफोन बाँकी",scarcity:ne:13,synthetic_v1,0,0,0,0,1,0,0,0
Myntra: 3 units left for Delhi,scarcity,scarcity,en,div,badge,[TAG=div] [ROLE=badge] Myntra: 3 units left for Delhi,scarcity:en:16,synthetic_v1,0,0,0,0,1,0,0,0
"Only 3 left at Rs. 2,499",scarcity,scarcity,en,div,badge,"[TAG=div] [ROLE=badge] Only 3 left at Rs. 2,499",scarcity:en:10,synthetic_v1,0,0,0,0,1,0,0,0
Gyapu Butwal warehouse: 2 coffee maker remaining,scarcity,scarcity,en,p,promo,[TAG=p] [ROLE=promo] Gyapu Butwal warehouse: 2 coffee maker remaining,scarcity:en:19,synthetic_v1,0,0,0,0,1,0,0,0
इस दाम पर केवल 6 राइस कुकर उपलब्ध,scarcity,scarcity,hi,span,stock,[TAG=span] [ROLE=stock] इस दाम पर केवल 6 राइस कुकर उपलब्ध,scarcity:hi:01,synthetic_v1,0,0,0,0,1,0,0,0
रु. 299 मा 4 मात्र बाँकी,scarcity,scarcity,ne,div,badge,[TAG=div] [ROLE=badge] रु. 299 मा 4 मात्र बाँकी,scarcity:ne:10,synthetic_v1,0,0,0,0,1,0,0,0
HamroBazar मा हेयर ड्रायर को 80% स्टक बिक्री भइसक्यो,scarcity,scarcity,ne,p,promo,[TAG=p] [ROLE=promo] HamroBazar मा हेयर ड्रायर को 80% स्टक बिक्री भइसक्यो,scarcity:ne:18,synthetic_v1,0,0,0,0,1,0,0,0
"छिटो बिक्री हुँदैछ, 8 बाँकी",scarcity,scarcity,ne,p,promo,"[TAG=p] [ROLE=promo] छिटो बिक्री हुँदैछ, 8 बाँकी",scarcity:ne:08,synthetic_v1,0,0,0,0,1,0,0,0
Zepto पर केवल 12 रनिंग शूज़ बचे,scarcity,scarcity,hi,p,promo,[TAG=p] [ROLE=promo] Zepto पर केवल 12 रनिंग शूज़ बचे,scarcity:hi:15,synthetic_v1,0,0,0,0,1,0,0,0
Blinkit: 12 units left for Lucknow,scarcity,scarcity,en,span,stock,[TAG=span] [ROLE=stock] Blinkit: 12 units left for Lucknow,scarcity:en:16,synthetic_v1,0,0,0,0,1,0,0,0
यो मूल्यमा 1 ट्रेकिङ ज्याकेट मात्र उपलब्ध,scarcity,scarcity,ne,span,stock,[TAG=span] [ROLE=stock] यो मूल्यमा 1 ट्रेकिङ ज्याकेट मात्र उपलब्ध,scarcity:ne:01,synthetic_v1,0,0,0,0,1,0,0,0
कम स्टॉक: रनिंग शूज़ की केवल 9 इकाई,scarcity,scarcity,hi,span,stock,[TAG=span] [ROLE=stock] कम स्टॉक: रनिंग शूज़ की केवल 9 इकाई,scarcity:hi:03,synthetic_v1,0,0,0,0,1,0,0,0
कम स्टक: ब्लुटुथ स्पिकर को 1 थान मात्र,scarcity,scarcity,ne,span,stock,[TAG=span] [ROLE=stock] कम स्टक: ब्लुटुथ स्पिकर को 1 थान मात्र,scarcity:ne:03,synthetic_v1,0,0,0,0,1,0,0,0
रु. 799 पर आख़िरी 12 स्कूल बैग,scarcity,scarcity,hi,div,badge,[TAG=div] [ROLE=badge] रु. 799 पर आख़िरी 12 स्कूल बैग,scarcity:hi:17,synthetic_v1,0,0,0,0,1,0,0,0
High demand — limited units of bluetooth speaker,scarcity,scarcity,en,p,promo,[TAG=p] [ROLE=promo] High demand — limited units of bluetooth speaker,scarcity:en:06,synthetic_v1,0,0,0,0,1,0,0,0
उच्च माग — ब्लुटुथ स्पिकर को सीमित परिमाण,scarcity,scarcity,ne,span,stock,[TAG=span] [ROLE=stock] उच्च माग — ब्लुटुथ स्पिकर को सीमित परिमाण,scarcity:ne:06,synthetic_v1,0,0,0,0,1,0,0,0
सीमित संस्करण सर्दी का कंबल — जब तक स्टॉक,scarcity,scarcity,hi,div,badge,[TAG=div] [ROLE=badge] सीमित संस्करण सर्दी का कंबल — जब तक स्टॉक,scarcity:hi:09,synthetic_v1,0,0,0,0,1,0,0,0
Only 4 office chair remaining at this price,scarcity,scarcity,en,span,stock,[TAG=span] [ROLE=stock] Only 4 office chair remaining at this price,scarcity:en:01,synthetic_v1,0,0,0,0,1,0,0,0
धनगढी मा 6 कोठा मात्र बाँकी,scarcity,scarcity,ne,span,stock,[TAG=span] [ROLE=stock] धनगढी मा 6 कोठा मात्र बाँकी,scarcity:ne:05,synthetic_v1,0,0,0,0,1,0,0,0
Nykaa पर पावर बैंक का 30% स्टॉक बिक चुका,scarcity,scarcity,hi,p,promo,[TAG=p] [ROLE=promo] Nykaa पर पावर बैंक का 30% स्टॉक बिक चुका,scarcity:hi:18,synthetic_v1,0,0,0,0,1,0,0,0
"छिटो गर्नुहोस्, नेपालगन्ज गोदाममा 7 रनिङ जुत्ता बाँकी",scarcity,scarcity,ne,div,badge,"[TAG=div] [ROLE=badge] छिटो गर्नुहोस्, नेपालगन्ज गोदाममा 7 रनिङ जुत्ता बाँकी",scarcity:ne:13,synthetic_v1,0,0,0,0,1,0,0,0
Only 9 left at Rs. 349,scarcity,scarcity,en,span,stock,[TAG=span] [ROLE=stock] Only 9 left at Rs. 349,scarcity:en:10,synthetic_v1,0,0,0,0,1,0,0,0
Only 4 left — 80% off ends soon,scarcity|false_urgency,scarcity,en,p,promo,[TAG=p] [ROLE=promo] Only 4 left — 80% off ends soon,scarcity:en:12,synthetic_v1,0,1,0,0,1,0,0,0
Last 3 pieces available,scarcity,scarcity,en,p,promo,[TAG=p] [ROLE=promo] Last 3 pieces available,scarcity:en:04,synthetic_v1,0,0,0,0,1,0,0,0
स्टॉक अलर्ट: 4 से कम बचे,scarcity,scarcity,hi,p,promo,[TAG=p] [ROLE=promo] स्टॉक अलर्ट: 4 से कम बचे,scarcity:hi:14,synthetic_v1,0,0,0,0,1,0,0,0
सीमित संस्करण रनिंग शूज़ — जब तक स्टॉक,scarcity,scarcity,hi,span,stock,[TAG=span] [ROLE=stock] सीमित संस्करण रनिंग शूज़ — जब तक स्टॉक,scarcity:hi:09,synthetic_v1,0,0,0,0,1,0,0,0
Ajio पर कॉफी मेकर का 35% स्टॉक बिक चुका,scarcity,scarcity,hi,p,promo,[TAG=p] [ROLE=promo] Ajio पर कॉफी मेकर का 35% स्टॉक बिक चुका,scarcity:hi:18,synthetic_v1,0,0,0,0,1,0,0,0
"आज 766 लोगों ने खरीदा, स्टॉक कम",scarcity|social_proof,scarcity,hi,p,promo,"[TAG=p] [ROLE=promo] आज 766 लोगों ने खरीदा, स्टॉक कम",scarcity:hi:07,synthetic_v1,0,0,0,0,1,0,1,0
Limited edition trekking jacket — while supplies last,scarcity,scarcity,en,p,promo,[TAG=p] [ROLE=promo] Limited edition trekking jacket — while supplies last,scarcity:en:09,synthetic_v1,0,0,0,0,1,0,0,0
Only 4 left — 40% off ends soon,scarcity|false_urgency,scarcity,en,span,stock,[TAG=span] [ROLE=stock] Only 4 left — 40% off ends soon,scarcity:en:12,synthetic_v1,0,1,0,0,1,0,0,0
HamroBazar: बुटवल का लागि 2 थान बाँकी,scarcity,scarcity,ne,div,badge,[TAG=div] [ROLE=badge] HamroBazar: बुटवल का लागि 2 थान बाँकी,scarcity:ne:16,synthetic_v1,0,0,0,0,1,0,0,0
Only 10 rooms left in Chitwan,scarcity,scarcity,en,p,promo,[TAG=p] [ROLE=promo] Only 10 rooms left in Chitwan,scarcity:en:05,synthetic_v1,0,0,0,0,1,0,0,0
SastoDeal मा पानीको बोतल को 50% स्टक बिक्री भइसक्यो,scarcity,scarcity,ne,p,promo,[TAG=p] [ROLE=promo] SastoDeal मा पानीको बोतल को 50% स्टक बिक्री भइसक्यो,scarcity:ne:18,synthetic_v1,0,0,0,0,1,0,0,0
Gyapu पर केवल 8 डेनिम जींस बचे,scarcity,scarcity,hi,p,promo,[TAG=p] [ROLE=promo] Gyapu पर केवल 8 डेनिम जींस बचे,scarcity:hi:15,synthetic_v1,0,0,0,0,1,0,0,0
"Hurry, 10 wireless earbuds left in Mumbai warehouse",scarcity,scarcity,en,div,badge,"[TAG=div] [ROLE=badge] Hurry, 10 wireless earbuds left in Mumbai warehouse",scarcity:en:13,synthetic_v1,0,0,0,0,1,0,0,0
Only 1 formal shirt left at Amazon,scarcity,scarcity,en,div,badge,[TAG=div] [ROLE=badge] Only 1 formal shirt left at Amazon,scarcity:en:15,synthetic_v1,0,0,0,0,1,0,0,0
Kinbech पर केवल 7 इंडक्शन चूल्हा बचे,scarcity,scarcity,hi,p,promo,[TAG=p] [ROLE=promo] Kinbech पर केवल 7 इंडक्शन चूल्हा बचे,scarcity:hi:15,synthetic_v1,0,0,0,0,1,0,0,0
Stock alert: fewer than 6 remaining,scarcity,scarcity,en,span,stock,[TAG=span] [ROLE=stock] Stock alert: fewer than 6 remaining,scarcity:en:14,synthetic_v1,0,0,0,0,1,0,0,0
Snapdeal धरान गोदाम: 3 इन्डक्सन चुल्हो बाँकी,scarcity,scarcity,ne,span,stock,[TAG=span] [ROLE=stock] Snapdeal धरान गोदाम: 3 इन्डक्सन चुल्हो बाँकी,scarcity:ne:19,synthetic_v1,0,0,0,0,1,0,0,0
"जल्दी करें, कोलकाता गोदाम में 7 इलेक्ट्रिक केटल बचे",scarcity,scarcity,hi,p,promo,"[TAG=p] [ROLE=promo] जल्दी करें, कोलकाता गोदाम में 7 इलेक्ट्रिक केटल बचे",scarcity:hi:13,synthetic_v1,0,0,0,0,1,0,0,0
35% of protein powder stock already sold at Flipkart,scarcity,scarcity,en,span,stock,[TAG=span] [ROLE=stock] 35% of protein powder stock already sold at Flipkart,scarcity:en:18,synthetic_v1,0,0,0,0,1,0,0,0
Muncha पर फॉर्मल शर्ट का 70% स्टॉक बिक चुका,scarcity,scarcity,hi,p,promo,[TAG=p] [ROLE=promo] Muncha पर फॉर्मल शर्ट का 70% स्टॉक बिक चुका,scarcity:hi:18,synthetic_v1,0,0,0,0,1,0,0,0
BigBasket मा 10 इन्डक्सन चुल्हो मात्र बाँकी,scarcity,scarcity,ne,span,stock,[TAG=span] [ROLE=stock] BigBasket मा 10 इन्डक्सन चुल्हो मात्र बाँकी,scarcity:ne:15,synthetic_v1,0,0,0,0,1,0,0,0
Only 1 left in stock!,scarcity,scarcity,en,span,stock,[TAG=span] [ROLE=stock] Only 1 left in stock!,scarcity:en:00,synthetic_v1,0,0,0,0,1,0,0,0
Myntra पर केवल 1 सर्दी का कंबल बचे,scarcity,scarcity,hi,div,badge,[TAG=div] [ROLE=badge] Myntra पर केवल 1 सर्दी का कंबल बचे,scarcity:hi:15,synthetic_v1,0,0,0,0,1,0,0,0
रु. 299 मा अन्तिम 4 स्कुल ब्याग,scarcity,scarcity,ne,div,badge,[TAG=div] [ROLE=badge] रु. 299 मा अन्तिम 4 स्कुल ब्याग,scarcity:ne:17,synthetic_v1,0,0,0,0,1,0,0,0
Only 10 rooms left in Pokhara,scarcity,scarcity,en,p,promo,[TAG=p] [ROLE=promo] Only 10 rooms left in Pokhara,scarcity:en:05,synthetic_v1,0,0,0,0,1,0,0,0
Only 1 formal shirt left at OkDam,scarcity,scarcity,en,p,promo,[TAG=p] [ROLE=promo] Only 1 formal shirt left at OkDam,scarcity:en:15,synthetic_v1,0,0,0,0,1,0,0,0
SastoDeal Jaipur warehouse: 12 running shoes remaining,scarcity,scarcity,en,div,badge,[TAG=div] [ROLE=badge] SastoDeal Jaipur warehouse: 12 running shoes remaining,scarcity:en:19,synthetic_v1,0,0,0,0,1,0,0,0
JioMart मा 2 स्पोर्ट्स चप्पल मात्र बाँकी,scarcity,scarcity,ne,div,badge,[TAG=div] [ROLE=badge] JioMart मा 2 स्पोर्ट्स चप्पल मात्र बाँकी,scarcity:ne:15,synthetic_v1,0,0,0,0,1,0,0,0
"149 people bought this today, stock running out",scarcity|social_proof,scarcity,en,div,badge,"[TAG=div] [ROLE=badge] 149 people bought this today, stock running out",scarcity:en:07,synthetic_v1,0,0,0,0,1,0,1,0
इस दाम पर केवल 4 इलेक्ट्रिक केटल उपलब्ध,scarcity,scarcity,hi,span,stock,[TAG=span] [ROLE=stock] इस दाम पर केवल 4 इलेक्ट्रिक केटल उपलब्ध,scarcity:hi:01,synthetic_v1,0,0,0,0,1,0,0,0
FirstCry मा 3 ल्यापटप ब्याग मात्र बाँकी,scarcity,scarcity,ne,div,badge,[TAG=div] [ROLE=badge] FirstCry मा 3 ल्यापटप ब्याग मात्र बाँकी,scarcity:ne:15,synthetic_v1,0,0,0,0,1,0,0,0
Gyapu जनकपुर गोदाम: 10 घामको चस्मा बाँकी,scarcity,scarcity,ne,div,badge,[TAG=div] [ROLE=badge] Gyapu जनकपुर गोदाम: 10 घामको चस्मा बाँकी,scarcity:ne:19,synthetic_v1,0,0,0,0,1,0,0,0
Only 9 electric kettle left at Gyapu,scarcity,scarcity,en,span,stock,[TAG=span] [ROLE=stock] Only 9 electric kettle left at Gyapu,scarcity:en:15,synthetic_v1,0,0,0,0,1,0,0,0
Salesberry पर केवल 2 हेयर ड्रायर बचे,scarcity,scarcity,hi,div,badge,[TAG=div] [ROLE=badge] Salesberry पर केवल 2 हेयर ड्रायर बचे,scarcity:hi:15,synthetic_v1,0,0,0,0,1,0,0,0
केवल 10 बचे — 40% छूट जल्द खत्म,scarcity|false_urgency,scarcity,hi,div,badge,[TAG=div] [ROLE=badge] केवल 10 बचे — 40% छूट जल्द खत्म,scarcity:hi:12,synthetic_v1,0,1,0,0,1,0,0,0
सीमित संस्करण रनिङ जुत्ता — स्टक रहेसम्म,scarcity,scarcity,ne,span,stock,[TAG=span] [ROLE=stock] सीमित संस्करण रनिङ जुत्ता — स्टक रहेसम्म,scarcity:ne:09,synthetic_v1,0,0,0,0,1,0,0,0
अहमदाबाद में केवल 5 कमरे बचे,scarcity,scarcity,hi,p,promo,[TAG=p] [ROLE=promo] अहमदाबाद में केवल 5 कमरे बचे,scarcity:hi:05,synthetic_v1,0,0,0,0,1,0,0,0
"जल्दी करें, आगरा गोदाम में 8 कॉटन कुर्ता बचे",scarcity,scarcity,hi,div,badge,"[TAG=div] [ROLE=badge] जल्दी करें, आगरा गोदाम में 8 कॉटन कुर्ता बचे",scarcity:hi:13,synthetic_v1,0,0,0,0,1,0,0,0
SastoDeal पर योगा मैट का 20% स्टॉक बिक चुका,scarcity,scarcity,hi,div,badge,[TAG=div] [ROLE=badge] SastoDeal पर योगा मैट का 20% स्टॉक बिक चुका,scarcity:hi:18,synthetic_v1,0,0,0,0,1,0,0,0
केवल 2 बचे — 30% छूट जल्द खत्म,scarcity|false_urgency,scarcity,hi,p,promo,[TAG=p] [ROLE=promo] केवल 2 बचे — 30% छूट जल्द खत्म,scarcity:hi:12,synthetic_v1,0,1,0,0,1,0,0,0
30% of bluetooth speaker stock already sold at Tata Cliq,scarcity,scarcity,en,div,badge,[TAG=div] [ROLE=badge] 30% of bluetooth speaker stock already sold at Tata Cliq,scarcity:en:18,synthetic_v1,0,0,0,0,1,0,0,0
सीमित संस्करण डेनिम जींस — जब तक स्टॉक,scarcity,scarcity,hi,p,promo,[TAG=p] [ROLE=promo] सीमित संस्करण डेनिम जींस — जब तक स्टॉक,scarcity:hi:09,synthetic_v1,0,0,0,0,1,0,0,0
Only 10 study lamp remaining at this price,scarcity,scarcity,en,p,promo,[TAG=p] [ROLE=promo] Only 10 study lamp remaining at this price,scarcity:en:01,synthetic_v1,0,0,0,0,1,0,0,0
Gyapu सुर्खेत गोदाम: 3 रनिङ जुत्ता बाँकी,scarcity,scarcity,ne,p,promo,[TAG=p] [ROLE=promo] Gyapu सुर्खेत गोदाम: 3 रनिङ जुत्ता बाँकी,scarcity:ne:19,synthetic_v1,0,0,0,0,1,0,0,0
केवल 3 बचे — 50% छूट जल्द खत्म,scarcity|false_urgency,scarcity,hi,div,badge,[TAG=div] [ROLE=badge] केवल 3 बचे — 50% छूट जल्द खत्म,scarcity:hi:12,synthetic_v1,0,1,0,0,1,0,0,0
कम स्टक: ट्रेकिङ ज्याकेट को 9 थान मात्र,scarcity,scarcity,ne,span,stock,[TAG=span] [ROLE=stock] कम स्टक: ट्रेकिङ ज्याकेट को 9 थान मात्र,scarcity:ne:03,synthetic_v1,0,0,0,0,1,0,0,0
"छिटो गर्नुहोस्, बाँके गोदाममा 10 फोन कभर बाँकी",scarcity,scarcity,ne,span,stock,"[TAG=span] [ROLE=stock] छिटो गर्नुहोस्, बाँके गोदाममा 10 फोन कभर बाँकी",scarcity:ne:13,synthetic_v1,0,0,0,0,1,0,0,0
भारी मांग — इलेक्ट्रिक केटल की सीमित मात्रा,scarcity,scarcity,hi,div,badge,[TAG=div] [ROLE=badge] भारी मांग — इलेक्ट्रिक केटल की सीमित मात्रा,scarcity:hi:06,synthetic_v1,0,0,0,0,1,0,0,0
10% of backpack stock already sold at Salesberry,scarcity,scarcity,en,span,stock,[TAG=span] [ROLE=stock] 10% of backpack stock already sold at Salesberry,scarcity:en:18,synthetic_v1,0,0,0,0,1,0,0,0
5% of wireless earbuds stock already sold at HamroBazar,scarcity,scarcity,en,div,badge,[TAG=div] [ROLE=badge] 5% of wireless earbuds stock already sold at HamroBazar,scarcity:en:18,synthetic_v1,0,0,0,0,1,0,0,0
9 मात्र बाँकी — 15% छुट चाँडै सकिन्छ,scarcity|false_urgency,scarcity,ne,div,badge,[TAG=div] [ROLE=badge] 9 मात्र बाँकी — 15% छुट चाँडै सकिन्छ,scarcity:ne:12,synthetic_v1,0,1,0,0,1,0,0,0
JioMart जयपुर गोदाम: 9 नॉइज़ कैंसलिंग हेडफोन शेष,scarcity,scarcity,hi,span,stock,[TAG=span] [ROLE=stock] JioMart जयपुर गोदाम: 9 नॉइज़ कैंसलिंग हेडफोन शेष,scarcity:hi:19,synthetic_v1,0,0,0,0,1,0,0,0
केवल 2 बचे — 5% छूट जल्द खत्म,scarcity|false_urgency,scarcity,hi,span,stock,[TAG=span] [ROLE=stock] केवल 2 बचे — 5% छूट जल्द खत्म,scarcity:hi:12,synthetic_v1,0,1,0,0,1,0,0,0
Limited edition hair dryer — while supplies last,scarcity,scarcity,en,p,promo,[TAG=p] [ROLE=promo] Limited edition hair dryer — while supplies last,scarcity:en:09,synthetic_v1,0,0,0,0,1,0,0,0
"आज 21,507 लोगों ने खरीदा, स्टॉक कम",scarcity|social_proof,scarcity,hi,p,promo,"[TAG=p] [ROLE=promo] आज 21,507 लोगों ने खरीदा, स्टॉक कम",scarcity:hi:07,synthetic_v1,0,0,0,0,1,0,1,0
OkDam नासिक गोदाम: 6 ट्रेकिंग जैकेट शेष,scarcity,scarcity,hi,span,stock,[TAG=span] [ROLE=stock] OkDam नासिक गोदाम: 6 ट्रेकिंग जैकेट शेष,scarcity:hi:19,synthetic_v1,0,0,0,0,1,0,0,0
प्रायः सकियो — 15% बुक भइसक्यो,scarcity,scarcity,ne,span,stock,[TAG=span] [ROLE=stock] प्रायः सकियो — 15% बुक भइसक्यो,scarcity:ne:02,synthetic_v1,0,0,0,0,1,0,0,0
Stock alert: fewer than 9 remaining,scarcity,scarcity,en,div,badge,[TAG=div] [ROLE=badge] Stock alert: fewer than 9 remaining,scarcity:en:14,synthetic_v1,0,0,0,0,1,0,0,0
दिल्ली में केवल 6 कमरे बचे,scarcity,scarcity,hi,span,stock,[TAG=span] [ROLE=stock] दिल्ली में केवल 6 कमरे बचे,scarcity:hi:05,synthetic_v1,0,0,0,0,1,0,0,0
कम स्टक: ल्यापटप ब्याग को 3 थान मात्र,scarcity,scarcity,ne,div,badge,[TAG=div] [ROLE=badge] कम स्टक: ल्यापटप ब्याग को 3 थान मात्र,scarcity:ne:03,synthetic_v1,0,0,0,0,1,0,0,0
यो मूल्यमा 12 फोन कभर मात्र उपलब्ध,scarcity,scarcity,ne,div,badge,[TAG=div] [ROLE=badge] यो मूल्यमा 12 फोन कभर मात्र उपलब्ध,scarcity:ne:01,synthetic_v1,0,0,0,0,1,0,0,0
उच्च माग — ब्याकप्याक को सीमित परिमाण,scarcity,scarcity,ne,div,badge,[TAG=div] [ROLE=badge] उच्च माग — ब्याकप्याक को सीमित परिमाण,scarcity:ne:06,synthetic_v1,0,0,0,0,1,0,0,0
रु. 399 मा अन्तिम 1 इन्डक्सन चुल्हो,scarcity,scarcity,ne,span,stock,[TAG=span] [ROLE=stock] रु. 399 मा अन्तिम 1 इन्डक्सन चुल्हो,scarcity:ne:17,synthetic_v1,0,0,0,0,1,0,0,0
केवल 9 बचे — 20% छूट जल्द खत्म,scarcity|false_urgency,scarcity,hi,div,badge,[TAG=div] [ROLE=badge] केवल 9 बचे — 20% छूट जल्द खत्म,scarcity:hi:12,synthetic_v1,0,1,0,0,1,0,0,0
रु. 349 पर केवल 9 बचे,scarcity,scarcity,hi,span,stock,[TAG=span] [ROLE=stock] रु. 349 पर केवल 9 बचे,scarcity:hi:10,synthetic_v1,0,0,0,0,1,0,0,0
Last 1 water bottle at Rs. 449,scarcity,scarcity,en,div,badge,[TAG=div] [ROLE=badge] Last 1 water bottle at Rs. 449,scarcity:en:17,synthetic_v1,0,0,0,0,1,0,0,0
Blinkit: हैदराबाद के लिए 8 इकाई बचीं,scarcity,scarcity,hi,div,badge,[TAG=div] [ROLE=badge] Blinkit: हैदराबाद के लिए 8 इकाई बचीं,scarcity:hi:16,synthetic_v1,0,0,0,0,1,0,0,0
Thulo मा 12 योगा म्याट मात्र बाँकी,scarcity,scarcity,ne,div,badge,[TAG=div] [ROLE=badge] Thulo मा 12 योगा म्याट मात्र बाँकी,scarcity:ne:15,synthetic_v1,0,0,0,0,1,0,0,0
"तेजी से बिक रहा है, 10 बचे",scarcity,scarcity,hi,div,badge,"[TAG=div] [ROLE=badge] तेजी से बिक रहा है, 10 बचे",scarcity:hi:08,synthetic_v1,0,0,0,0,1,0,0,0
इस दाम पर केवल 8 वायरलेस ईयरबड्स उपलब्ध,scarcity,scarcity,hi,div,badge,[TAG=div] [ROLE=badge] इस दाम पर केवल 8 वायरलेस ईयरबड्स उपलब्ध,scarcity:hi:01,synthetic_v1,0,0,0,0,1,0,0,0
उच्च माग — इलेक्ट्रिक केतली को सीमित परिमाण,scarcity,scarcity,ne,p,promo,[TAG=p] [ROLE=promo] उच्च माग — इलेक्ट्रिक केतली को सीमित परिमाण,scarcity:ne:06,synthetic_v1,0,0,0,0,1,0,0,0
High demand — limited units of winter blanket,scarcity,scarcity,en,div,badge,[TAG=div] [ROLE=badge] High demand — limited units of winter blanket,scarcity:en:06,synthetic_v1,0,0,0,0,1,0,0,0
Only 8 left — 60% off ends soon,scarcity|false_urgency,scarcity,en,p,promo,[TAG=p] [ROLE=promo] Only 8 left — 60% off ends soon,scarcity:en:12,synthetic_v1,0,1,0,0,1,0,0,0
Salesberry मा पानीको बोतल को 60% स्टक बिक्री भइसक्यो,scarcity,scarcity,ne,p,promo,[TAG=p] [ROLE=promo] Salesberry मा पानीको बोतल को 60% स्टक बिक्री भइसक्यो,scarcity:ne:18,synthetic_v1,0,0,0,0,1,0,0,0
तनहुँ मा 2 कोठा मात्र बाँकी,scarcity,scarcity,ne,div,badge,[TAG=div] [ROLE=badge] तनहुँ मा 2 कोठा मात्र बाँकी,scarcity:ne:05,synthetic_v1,0,0,0,0,1,0,0,0
यो मूल्यमा 10 फोन कभर मात्र उपलब्ध,scarcity,scarcity,ne,div,badge,[TAG=div] [ROLE=badge] यो मूल्यमा 10 फोन कभर मात्र उपलब्ध,scarcity:ne:01,synthetic_v1,0,0,0,0,1,0,0,0
"आज 2,038 लोगों ने खरीदा, स्टॉक कम",scarcity|social_proof,scarcity,hi,p,promo,"[TAG=p] [ROLE=promo] आज 2,038 लोगों ने खरीदा, स्टॉक कम",scarcity:hi:07,synthetic_v1,0,0,0,0,1,0,1,0
"Hurry, 2 air fryer left in Kathmandu warehouse",scarcity,scarcity,en,p,promo,"[TAG=p] [ROLE=promo] Hurry, 2 air fryer left in Kathmandu warehouse",scarcity:en:13,synthetic_v1,0,0,0,0,1,0,0,0
Only 2 left at Rs. 349,scarcity,scarcity,en,div,badge,[TAG=div] [ROLE=badge] Only 2 left at Rs. 349,scarcity:en:10,synthetic_v1,0,0,0,0,1,0,0,0
"जल्दी करें, भोपाल गोदाम में 5 रनिंग शूज़ बचे",scarcity,scarcity,hi,p,promo,"[TAG=p] [ROLE=promo] जल्दी करें, भोपाल गोदाम में 5 रनिंग शूज़ बचे",scarcity:hi:13,synthetic_v1,0,0,0,0,1,0,0,0
Gyapu: बाँके का लागि 3 थान बाँकी,scarcity,scarcity,ne,p,promo,[TAG=p] [ROLE=promo] Gyapu: बाँके का लागि 3 थान बाँकी,scarcity:ne:16,synthetic_v1,0,0,0,0,1,0,0,0
"आज 1,187 लोगों ने खरीदा, स्टॉक कम",scarcity|social_proof,scarcity,hi,p,promo,"[TAG=p] [ROLE=promo] आज 1,187 लोगों ने खरीदा, स्टॉक कम",scarcity:hi:07,synthetic_v1,0,0,0,0,1,0,1,0
Only 4 induction cooktop left at Blinkit,scarcity,scarcity,en,span,stock,[TAG=span] [ROLE=stock] Only 4 induction cooktop left at Blinkit,scarcity:en:15,synthetic_v1,0,0,0,0,1,0,0,0
रांची में केवल 2 कमरे बचे,scarcity,scarcity,hi,span,stock,[TAG=span] [ROLE=stock] रांची में केवल 2 कमरे बचे,scarcity:hi:05,synthetic_v1,0,0,0,0,1,0,0,0
Only 6 rooms left in Bengaluru,scarcity,scarcity,en,span,stock,[TAG=span] [ROLE=stock] Only 6 rooms left in Bengaluru,scarcity:en:05,synthetic_v1,0,0,0,0,1,0,0,0
"Last 12 water bottle at Rs. 2,999",scarcity,scarcity,en,span,stock,"[TAG=span] [ROLE=stock] Last 12 water bottle at Rs. 2,999",scarcity:en:17,synthetic_v1,0,0,0,0,1,0,0,0
JioMart मा 4 घामको चस्मा मात्र बाँकी,scarcity,scarcity,ne,p,promo,[TAG=p] [ROLE=promo] JioMart मा 4 घामको चस्मा मात्र बाँकी,scarcity:ne:15,synthetic_v1,0,0,0,0,1,0,0,0
Low stock: only 2 units of study lamp,scarcity,scarcity,en,span,stock,[TAG=span] [ROLE=stock] Low stock: only 2 units of study lamp,scarcity:en:03,synthetic_v1,0,0,0,0,1,0,0,0
Meesho: बुटवल का लागि 1 थान बाँकी,scarcity,scarcity,ne,span,stock,[TAG=span] [ROLE=stock] Meesho: बुटवल का लागि 1 थान बाँकी,scarcity:ne:16,synthetic_v1,0,0,0,0,1,0,0,0
इस दाम पर केवल 4 डेनिम जींस उपलब्ध,scarcity,scarcity,hi,span,stock,[TAG=span] [ROLE=stock] इस दाम पर केवल 4 डेनिम जींस उपलब्ध,scarcity:hi:01,synthetic_v1,0,0,0,0,1,0,0,0
Amazon: हेटौंडा का लागि 4 थान बाँकी,scarcity,scarcity,ne,span,stock,[TAG=span] [ROLE=stock] Amazon: हेटौंडा का लागि 4 थान बाँकी,scarcity:ne:16,synthetic_v1,0,0,0,0,1,0,0,0
कम स्टक: एयर फ्रायर को 2 थान मात्र,scarcity,scarcity,ne,div,badge,[TAG=div] [ROLE=badge] कम स्टक: एयर फ्रायर को 2 थान मात्र,scarcity:ne:03,synthetic_v1,0,0,0,0,1,0,0,0
बागलुङ मा 3 कोठा मात्र बाँकी,scarcity,scarcity,ne,p,promo,[TAG=p] [ROLE=promo] बागलुङ मा 3 कोठा मात्र बाँकी,scarcity:ne:05,synthetic_v1,0,0,0,0,1,0,0,0
Zepto मा 4 वायरलेस इयरबड्स मात्र बाँकी,scarcity,scarcity,ne,span,stock,[TAG=span] [ROLE=stock] Zepto मा 4 वायरलेस इयरबड्स मात्र बाँकी,scarcity:ne:15,synthetic_v1,0,0,0,0,1,0,0,0
"जल्दी करें, चंडीगढ़ गोदाम में 3 स्कूल बैग बचे",scarcity,scarcity,hi,span,stock,"[TAG=span] [ROLE=stock] जल्दी करें, चंडीगढ़ गोदाम में 3 स्कूल बैग बचे",scarcity:hi:13,synthetic_v1,0,0,0,0,1,0,0,0
"रु. 1,199 पर केवल 4 बचे",scarcity,scarcity,hi,span,stock,"[TAG=span] [ROLE=stock] रु. 1,199 पर केवल 4 बचे",scarcity:hi:10,synthetic_v1,0,0,0,0,1,0,0,0
"जल्दी करें, रांची गोदाम में 4 स्कूल बैग बचे",scarcity,scarcity,hi,span,stock,"[TAG=span] [ROLE=stock] जल्दी करें, रांची गोदाम में 4 स्कूल बैग बचे",scarcity:hi:13,synthetic_v1,0,0,0,0,1,0,0,0
Low stock: only 1 units of sunglasses,scarcity,scarcity,en,span,stock,[TAG=span] [ROLE=stock] Low stock: only 1 units of sunglasses,scarcity:en:03,synthetic_v1,0,0,0,0,1,0,0,0
"Hurry, 10 bluetooth speaker left in Bhaktapur warehouse",scarcity,scarcity,en,p,promo,"[TAG=p] [ROLE=promo] Hurry, 10 bluetooth speaker left in Bhaktapur warehouse",scarcity:en:13,synthetic_v1,0,0,0,0,1,0,0,0
Flipkart पुणे गोदाम: 8 ब्लूटूथ स्पीकर शेष,scarcity,scarcity,hi,span,stock,[TAG=span] [ROLE=stock] Flipkart पुणे गोदाम: 8 ब्लूटूथ स्पीकर शेष,scarcity:hi:19,synthetic_v1,0,0,0,0,1,0,0,0
जनकपुर मा 6 कोठा मात्र बाँकी,scarcity,scarcity,ne,p,promo,[TAG=p] [ROLE=promo] जनकपुर मा 6 कोठा मात्र बाँकी,scarcity:ne:05,synthetic_v1,0,0,0,0,1,0,0,0
OkDam पर केवल 1 योगा मैट बचे,scarcity,scarcity,hi,p,promo,[TAG=p] [ROLE=promo] OkDam पर केवल 1 योगा मैट बचे,scarcity:hi:15,synthetic_v1,0,0,0,0,1,0,0,0
यो मूल्यमा 4 कफी मेकर मात्र उपलब्ध,scarcity,scarcity,ne,span,stock,[TAG=span] [ROLE=stock] यो मूल्यमा 4 कफी मेकर मात्र उपलब्ध,scarcity:ne:01,synthetic_v1,0,0,0,0,1,0,0,0
"जल्दी करें, नासिक गोदाम में 10 प्रोटीन पाउडर बचे",scarcity,scarcity,hi,span,stock,"[TAG=span] [ROLE=stock] जल्दी करें, नासिक गोदाम में 10 प्रोटीन पाउडर बचे",scarcity:hi:13,synthetic_v1,0,0,0,0,1,0,0,0
विराटनगर मा 2 कोठा मात्र बाँकी,scarcity,scarcity,ne,div,badge,[TAG=div] [ROLE=badge] विराटनगर मा 2 कोठा मात्र बाँकी,scarcity:ne:05,synthetic_v1,0,0,0,0,1,0,0,0
Ajio Lalitpur warehouse: 7 protein powder remaining,scarcity,scarcity,en,span,stock,[TAG=span] [ROLE=stock] Ajio Lalitpur warehouse: 7 protein powder remaining,scarcity:en:19,synthetic_v1,0,0,0,0,1,0,0,0
Only 4 smartwatch remaining at this price,scarcity,scarcity,en,p,promo,[TAG=p] [ROLE=promo] Only 4 smartwatch remaining at this price,scarcity:en:01,synthetic_v1,0,0,0,0,1,0,0,0
Last 10 pieces available,scarcity,scarcity,en,p,promo,[TAG=p] [ROLE=promo] Last 10 pieces available,scarcity:en:04,synthetic_v1,0,0,0,0,1,0,0,0
In 9 carts right now,scarcity,scarcity,en,span,stock,[TAG=span] [ROLE=stock] In 9 carts right now,scarcity:en:11,synthetic_v1,0,0,0,0,1,0,0,0
Meesho: तनहुँ का लागि 6 थान बाँकी,scarcity,scarcity,ne,span,stock,[TAG=span] [ROLE=stock] Meesho: तनहुँ का लागि 6 थान बाँकी,scarcity:ne:16,synthetic_v1,0,0,0,0,1,0,0,0
Only 1 left at Rs. 349,scarcity,scarcity,en,span,stock,[TAG=span] [ROLE=stock] Only 1 left at Rs. 349,scarcity:en:10,synthetic_v1,0,0,0,0,1,0,0,0
"Hurry, 2 formal shirt left in Bengaluru warehouse",scarcity,scarcity,en,div,badge,"[TAG=div] [ROLE=badge] Hurry, 2 formal shirt left in Bengaluru warehouse",scarcity:en:13,synthetic_v1,0,0,0,0,1,0,0,0
Flipkart मा 10 रनिङ जुत्ता मात्र बाँकी,scarcity,scarcity,ne,span,stock,[TAG=span] [ROLE=stock] Flipkart मा 10 रनिङ जुत्ता मात्र बाँकी,scarcity:ne:15,synthetic_v1,0,0,0,0,1,0,0,0
"Hurry, 10 backpack left in Lucknow warehouse",scarcity,scarcity,en,div,badge,"[TAG=div] [ROLE=badge] Hurry, 10 backpack left in Lucknow warehouse",scarcity:en:13,synthetic_v1,0,0,0,0,1,0,0,0
रु. 199 पर केवल 9 बचे,scarcity,scarcity,hi,span,stock,[TAG=span] [ROLE=stock] रु. 199 पर केवल 9 बचे,scarcity:hi:10,synthetic_v1,0,0,0,0,1,0,0,0
"आज 11,204 जनाले किन्नुभयो, स्टक सकिँदै",scarcity|social_proof,scarcity,ne,div,badge,"[TAG=div] [ROLE=badge] आज 11,204 जनाले किन्नुभयो, स्टक सकिँदै",scarcity:ne:07,synthetic_v1,0,0,0,0,1,0,1,0
Lenskart मा 1 फोन कभर मात्र बाँकी,scarcity,scarcity,ne,p,promo,[TAG=p] [ROLE=promo] Lenskart मा 1 फोन कभर मात्र बाँकी,scarcity:ne:15,synthetic_v1,0,0,0,0,1,0,0,0
Only 8 water bottle remaining at this price,scarcity,scarcity,en,div,badge,[TAG=div] [ROLE=badge] Only 8 water bottle remaining at this price,scarcity:en:01,synthetic_v1,0,0,0,0,1,0,0,0
Only 10 rooms left in Lalitpur,scarcity,scarcity,en,span,stock,[TAG=span] [ROLE=stock] Only 10 rooms left in Lalitpur,scarcity:en:05,synthetic_v1,0,0,0,0,1,0,0,0
"छिटो गर्नुहोस्, धरान गोदाममा 4 डेनिम जिन्स बाँकी",scarcity,scarcity,ne,div,badge,"[TAG=div] [ROLE=badge] छिटो गर्नुहोस्, धरान गोदाममा 4 डेनिम जिन्स बाँकी",scarcity:ne:13,synthetic_v1,0,0,0,0,1,0,0,0
Low stock: only 4 units of gaming mouse,scarcity,scarcity,en,span,stock,[TAG=span] [ROLE=stock] Low stock: only 4 units of gaming mouse,scarcity:en:03,synthetic_v1,0,0,0,0,1,0,0,0
HamroBazar: 4 units left for Patna,scarcity,scarcity,en,p,promo,[TAG=p] [ROLE=promo] HamroBazar: 4 units left for Patna,scarcity:en:16,synthetic_v1,0,0,0,0,1,0,0,0
Only 10 phone case left at Ajio,scarcity,scarcity,en,div,badge,[TAG=div] [ROLE=badge] Only 10 phone case left at Ajio,scarcity:en:15,synthetic_v1,0,0,0,0,1,0,0,0
स्टॉक अलर्ट: 9 से कम बचे,scarcity,scarcity,hi,p,promo,[TAG=p] [ROLE=promo] स्टॉक अलर्ट: 9 से कम बचे,scarcity:hi:14,synthetic_v1,0,0,0,0,1,0,0,0
"जल्दी करें, नागपुर गोदाम में 5 पावर बैंक बचे",scarcity,scarcity,hi,div,badge,"[TAG=div] [ROLE=badge] जल्दी करें, नागपुर गोदाम में 5 पावर बैंक बचे",scarcity:hi:13,synthetic_v1,0,0,0,0,1,0,0,0
"Hurry, 4 air fryer left in Jaipur warehouse",scarcity,scarcity,en,p,promo,"[TAG=p] [ROLE=promo] Hurry, 4 air fryer left in Jaipur warehouse",scarcity:en:13,synthetic_v1,0,0,0,0,1,0,0,0
Snapdeal पर प्रोटीन पाउडर का 10% स्टॉक बिक चुका,scarcity,scarcity,hi,p,promo,[TAG=p] [ROLE=promo] Snapdeal पर प्रोटीन पाउडर का 10% स्टॉक बिक चुका,scarcity:hi:18,synthetic_v1,0,0,0,0,1,0,0,0
"छिटो गर्नुहोस्, ललितपुर गोदाममा 2 घामको चस्मा बाँकी",scarcity,scarcity,ne,span,stock,"[TAG=span] [ROLE=stock] छिटो गर्नुहोस्, ललितपुर गोदाममा 2 घामको चस्मा बाँकी",scarcity:ne:13,synthetic_v1,0,0,0,0,1,0,0,0
Only 6 left at Rs. 249,scarcity,scarcity,en,div,badge,[TAG=div] [ROLE=badge] Only 6 left at Rs. 249,scarcity:en:10,synthetic_v1,0,0,0,0,1,0,0,0
केवल 1 बचे — 80% छूट जल्द खत्म,scarcity|false_urgency,scarcity,hi,span,stock,[TAG=span] [ROLE=stock] केवल 1 बचे — 80% छूट जल्द खत्म,scarcity:hi:12,synthetic_v1,0,1,0,0,1,0,0,0
कम स्टक: प्रोटिन पाउडर को 2 थान मात्र,scarcity,scarcity,ne,span,stock,[TAG=span] [ROLE=stock] कम स्टक: प्रोटिन पाउडर को 2 थान मात्र,scarcity:ne:03,synthetic_v1,0,0,0,0,1,0,0,0
Reliance Digital सुर्खेत गोदाम: 4 स्मार्टवाच बाँकी,scarcity,scarcity,ne,p,promo,[TAG=p] [ROLE=promo] Reliance Digital सुर्खेत गोदाम: 4 स्मार्टवाच बाँकी,scarcity:ne:19,synthetic_v1,0,0,0,0,1,0,0,0
रु. 349 मा अन्तिम 6 प्रोटिन पाउडर,scarcity,scarcity,ne,div,badge,[TAG=div] [ROLE=badge] रु. 349 मा अन्तिम 6 प्रोटिन पाउडर,scarcity:ne:17,synthetic_v1,0,0,0,0,1,0,0,0
केवल 8 बचे — 40% छूट जल्द खत्म,scarcity|false_urgency,scarcity,hi,span,stock,[TAG=span] [ROLE=stock] केवल 8 बचे — 40% छूट जल्द खत्म,scarcity:hi:12,synthetic_v1,0,1,0,0,1,0,0,0
कम स्टक: गेमिङ माउस को 12 थान मात्र,scarcity,scarcity,ne,span,stock,[TAG=span] [ROLE=stock] कम स्टक: गेमिङ माउस को 12 थान मात्र,scarcity:ne:03,synthetic_v1,0,0,0,0,1,0,0,0
"आज 26,940 लोगों ने खरीदा, स्टॉक कम",scarcity|social_proof,scarcity,hi,span,stock,"[TAG=span] [ROLE=stock] आज 26,940 लोगों ने खरीदा, स्टॉक कम",scarcity:hi:07,synthetic_v1,0,0,0,0,1,0,1,0
रु. 899 पर केवल 3 बचे,scarcity,scarcity,hi,p,promo,[TAG=p] [ROLE=promo] रु. 899 पर केवल 3 बचे,scarcity:hi:10,synthetic_v1,0,0,0,0,1,0,0,0
कम स्टॉक: कॉटन कुर्ता की केवल 7 इकाई,scarcity,scarcity,hi,span,stock,[TAG=span] [ROLE=stock] कम स्टॉक: कॉटन कुर्ता की केवल 7 इकाई,scarcity:hi:03,synthetic_v1,0,0,0,0,1,0,0,0
भारी मांग — गेमिंग माउस की सीमित मात्रा,scarcity,scarcity,hi,div,badge,[TAG=div] [ROLE=badge] भारी मांग — गेमिंग माउस की सीमित मात्रा,scarcity:hi:06,synthetic_v1,0,0,0,0,1,0,0,0
अहिले 6 कार्टमा छ,scarcity,scarcity,ne,p,promo,[TAG=p] [ROLE=promo] अहिले 6 कार्टमा छ,scarcity:ne:11,synthetic_v1,0,0,0,0,1,0,0,0
Pepperfry धरान गोदाम: 9 ब्लुटुथ स्पिकर बाँकी,scarcity,scarcity,ne,span,stock,[TAG=span] [ROLE=stock] Pepperfry धरान गोदाम: 9 ब्लुटुथ स्पिकर बाँकी,scarcity:ne:19,synthetic_v1,0,0,0,0,1,0,0,0
कम स्टक: पावर ब्यांक को 8 थान मात्र,scarcity,scarcity,ne,p,promo,[TAG=p] [ROLE=promo] कम स्टक: पावर ब्यांक को 8 थान मात्र,scarcity:ne:03,synthetic_v1,0,0,0,0,1,0,0,0
रु. 799 मा 10 मात्र बाँकी,scarcity,scarcity,ne,span,stock,[TAG=span] [ROLE=stock] रु. 799 मा 10 मात्र बाँकी,scarcity:ne:10,synthetic_v1,0,0,0,0,1,0,0,0
Only 12 left — 15% off ends soon,scarcity|false_urgency,scarcity,en,div,badge,[TAG=div] [ROLE=badge] Only 12 left — 15% off ends soon,scarcity:en:12,synthetic_v1,0,1,0,0,1,0,0,0
