text,labels,primary_label,lang,tag,role,model_input,template_id,source,y_confirmshaming,y_false_urgency,y_forced_action,y_obstruction,y_scarcity,y_sneaking,y_social_proof,y_benign
तपाईंको कार्ट 1 घण्टा मा खाली हुनेछ,false_urgency,false_urgency,ne,div,banner,[TAG=div] [ROLE=banner] तपाईंको कार्ट 1 घण्टा मा खाली हुनेछ,false_urgency:ne:03,synthetic_v1,0,1,0,0,0,0,0,0
Deal of the day ends in 1 hour,false_urgency,false_urgency,en,p,promo,[TAG=p] [ROLE=promo] Deal of the day ends in 1 hour,false_urgency:en:02,synthetic_v1,0,1,0,0,0,0,0,0
सिर्फ़ आज! धूप का चश्मा पर 20% छूट,false_urgency,false_urgency,hi,div,banner,[TAG=div] [ROLE=banner] सिर्फ़ आज! धूप का चश्मा पर 20% छूट,false_urgency:hi:10,synthetic_v1,0,1,0,0,0,0,0,0
सिर्फ़ आज! योगा मैट पर 25% छूट,false_urgency,false_urgency,hi,span,timer,[TAG=span] [ROLE=timer] सिर्फ़ आज! योगा मैट पर 25% छूट,false_urgency:hi:10,synthetic_v1,0,1,0,0,0,0,0,0
यो मूल्य तपाईंका लागि 3 घण्टा सम्म सुरक्षित,false_urgency,false_urgency,ne,p,promo,[TAG=p] [ROLE=promo] यो मूल्य तपाईंका लागि 3 घण्टा सम्म सुरक्षित,false_urgency:ne:12,synthetic_v1,0,1,0,0,0,0,0,0
Order noise cancelling headphones within 15 minutes for delivery to Kolkata,false_urgency,false_urgency,en,span,timer,[TAG=span] [ROLE=timer] Order noise cancelling headphones within 15 minutes for delivery to Kolkata,false_urgency:en:18,synthetic_v1,0,1,0,0,0,0,0,0
सिर्फ़ आज! योगा मैट पर 15% छूट,false_urgency,false_urgency,hi,p,promo,[TAG=p] [ROLE=promo] सिर्फ़ आज! योगा मैट पर 15% छूट,false_urgency:hi:10,synthetic_v1,0,1,0,0,0,0,0,0
Kinbech पर स्कूल बैग की सेल 14:59 में खत्म,false_urgency,false_urgency,hi,span,timer,[TAG=span] [ROLE=timer] Kinbech पर स्कूल बैग की सेल 14:59 में खत्म,false_urgency:hi:17,synthetic_v1,0,1,0,0,0,0,0,0
FirstCry पर ट्रेकिंग जैकेट की सेल 24 घंटे में खत्म,false_urgency,false_urgency,hi,p,promo,[TAG=p] [ROLE=promo] FirstCry पर ट्रेकिंग जैकेट की सेल 24 घंटे में खत्म,false_urgency:hi:17,synthetic_v1,0,1,0,0,0,0,0,0
Today only! 20% off formal shirt,false_urgency,false_urgency,en,p,promo,[TAG=p] [ROLE=promo] Today only! 20% off formal shirt,false_urgency:en:10,synthetic_v1,0,1,0,0,0,0,0,0
OkDam पर डेनिम जींस पर 80% छूट — 30 मिनट बाकी,false_urgency,false_urgency,hi,div,banner,[TAG=div] [ROLE=banner] OkDam पर डेनिम जींस पर 80% छूट — 30 मिनट बाकी,false_urgency:hi:19,synthetic_v1,0,1,0,0,0,0,0,0
Order induction cooktop within 30 minutes for delivery to Lalitpur,false_urgency,false_urgency,en,p,promo,[TAG=p] [ROLE=promo] Order induction cooktop within 30 minutes for delivery to Lalitpur,false_urgency:en:18,synthetic_v1,0,1,0,0,0,0,0,0
Deal of the day ends in 04:30,false_urgency,false_urgency,en,p,promo,[TAG=p] [ROLE=promo] Deal of the day ends in 04:30,false_urgency:en:02,synthetic_v1,0,1,0,0,0,0,0,0
अफर 00:59 मा सकिन्छ — 6 मात्र बाँकी!,false_urgency|scarcity,false_urgency,ne,p,promo,[TAG=p] [ROLE=promo] अफर 00:59 मा सकिन्छ — 6 मात्र बाँकी!,false_urgency:ne:14,synthetic_v1,0,1,0,0,1,0,0,0
छिटो गर्नुहोस्! प्रोटिन पाउडर को अफर 45 मिनेट मा सकिँदै,false_urgency,false_urgency,ne,span,timer,[TAG=span] [ROLE=timer] छिटो गर्नुहोस्! प्रोटिन पाउडर को अफर 45 मिनेट मा सकिँदै,false_urgency:ne:01,synthetic_v1,0,1,0,0,0,0,0,0
"6 घण्टा भित्र अर्डर गर्नुहोस्, 3 दिनमा डेलिभरी",false_urgency,false_urgency,ne,p,promo,"[TAG=p] [ROLE=promo] 6 घण्टा भित्र अर्डर गर्नुहोस्, 3 दिनमा डेलिभरी",false_urgency:ne:16,synthetic_v1,0,1,0,0,0,0,0,0
Countdown: 48 hours until the price rises,false_urgency,false_urgency,en,div,banner,[TAG=div] [ROLE=banner] Countdown: 48 hours until the price rises,false_urgency:en:08,synthetic_v1,0,1,0,0,0,0,0,0
अन्तिम मौका — ब्याकप्याक मा 18 घण्टा बाँकी,false_urgency,false_urgency,ne,p,promo,[TAG=p] [ROLE=promo] अन्तिम मौका — ब्याकप्याक मा 18 घण्टा बाँकी,false_urgency:ne:05,synthetic_v1,0,1,0,0,0,0,0,0
FirstCry मा योगा म्याट मा 5% छुट — 10 मिनेट बाँकी,false_urgency,false_urgency,ne,p,promo,[TAG=p] [ROLE=promo] FirstCry मा योगा म्याट मा 5% छुट — 10 मिनेट बाँकी,false_urgency:ne:19,synthetic_v1,0,1,0,0,0,0,0,0
Offer ends in 10 minutes — only 6 left!,false_urgency|scarcity,false_urgency,en,div,banner,[TAG=div] [ROLE=banner] Offer ends in 10 minutes — only 6 left!,false_urgency:en:14,synthetic_v1,0,1,0,0,1,0,0,0
अर्को 4 मिनेटसम्म मात्र मान्य,false_urgency,false_urgency,ne,div,banner,[TAG=div] [ROLE=banner] अर्को 4 मिनेटसम्म मात्र मान्य,false_urgency:ne:07,synthetic_v1,0,1,0,0,0,0,0,0
Myntra पर योगा मैट पर 70% छूट — 12:00 बाकी,false_urgency,false_urgency,hi,p,promo,[TAG=p] [ROLE=promo] Myntra पर योगा मैट पर 70% छूट — 12:00 बाकी,false_urgency:hi:19,synthetic_v1,0,1,0,0,0,0,0,0
"5 मिनट में ऑर्डर करें, 7 दिन में डिलीवरी",false_urgency,false_urgency,hi,div,banner,"[TAG=div] [ROLE=banner] 5 मिनट में ऑर्डर करें, 7 दिन में डिलीवरी",false_urgency:hi:16,synthetic_v1,0,1,0,0,0,0,0,0
"Flash sale ending in 04:30, don't miss out",false_urgency,false_urgency,en,p,promo,"[TAG=p] [ROLE=promo] Flash sale ending in 04:30, don't miss out",false_urgency:en:06,synthetic_v1,0,1,0,0,0,0,0,0
स्टडी लैंप वाला आपका Lenskart कार्ट 48 घंटे में खत्म,false_urgency,false_urgency,hi,p,promo,[TAG=p] [ROLE=promo] स्टडी लैंप वाला आपका Lenskart कार्ट 48 घंटे में खत्म,false_urgency:hi:20,synthetic_v1,0,1,0,0,0,0,0,0
आज मात्र! फोन कभर मा 40% छुट,false_urgency,false_urgency,ne,div,banner,[TAG=div] [ROLE=banner] आज मात्र! फोन कभर मा 40% छुट,false_urgency:ne:10,synthetic_v1,0,1,0,0,0,0,0,0
Order in 10 minutes to get delivery in 7 days,false_urgency,false_urgency,en,span,timer,[TAG=span] [ROLE=timer] Order in 10 minutes to get delivery in 7 days,false_urgency:en:16,synthetic_v1,0,1,0,0,0,0,0,0
Flipkart sale on smartwatch ends in 14:59,false_urgency,false_urgency,en,p,promo,[TAG=p] [ROLE=promo] Flipkart sale on smartwatch ends in 14:59,false_urgency:en:17,synthetic_v1,0,1,0,0,0,0,0,0
जल्दी करें! स्टडी लैंप पर ऑफ़र 2 घंटे में समाप्त,false_urgency,false_urgency,hi,p,promo,[TAG=p] [ROLE=promo] जल्दी करें! स्टडी लैंप पर ऑफ़र 2 घंटे में समाप्त,false_urgency:hi:01,synthetic_v1,0,1,0,0,0,0,0,0
Offer ends in 3 hours — only 7 left!,false_urgency|scarcity,false_urgency,en,p,promo,[TAG=p] [ROLE=promo] Offer ends in 3 hours — only 7 left!,false_urgency:en:14,synthetic_v1,0,1,0,0,1,0,0,0
अफर 18 घण्टा मा सकिन्छ — 7 मात्र बाँकी!,false_urgency|scarcity,false_urgency,ne,span,timer,[TAG=span] [ROLE=timer] अफर 18 घण्टा मा सकिन्छ — 7 मात्र बाँकी!,false_urgency:ne:14,synthetic_v1,0,1,0,0,1,0,0,0
काउंटडाउन: 45 मिनट में कीमत बढ़ेगी,false_urgency,false_urgency,hi,div,banner,[TAG=div] [ROLE=banner] काउंटडाउन: 45 मिनट में कीमत बढ़ेगी,false_urgency:hi:08,synthetic_v1,0,1,0,0,0,0,0,0
Order in 00:59 to get delivery in 4 days,false_urgency,false_urgency,en,span,timer,[TAG=span] [ROLE=timer] Order in 00:59 to get delivery in 4 days,false_urgency:en:16,synthetic_v1,0,1,0,0,0,0,0,0
Rs. 249 price on office chair valid for 18 hours only,false_urgency,false_urgency,en,span,timer,[TAG=span] [ROLE=timer] Rs. 249 price on office chair valid for 18 hours only,false_urgency:en:21,synthetic_v1,0,1,0,0,0,0,0,0
Order in 15 minutes to get delivery in 5 days,false_urgency,false_urgency,en,span,timer,[TAG=span] [ROLE=timer] Order in 15 minutes to get delivery in 5 days,false_urgency:en:16,synthetic_v1,0,1,0,0,0,0,0,0
"कफी मेकर मा रु. 1,999 को मूल्य 10 मिनेट सम्म मात्र",false_urgency,false_urgency,ne,p,promo,"[TAG=p] [ROLE=promo] कफी मेकर मा रु. 1,999 को मूल्य 10 मिनेट सम्म मात्र",false_urgency:ne:21,synthetic_v1,0,1,0,0,0,0,0,0
Hurry! Offer on trekking jacket expires in 23:11,false_urgency,false_urgency,en,p,promo,[TAG=p] [ROLE=promo] Hurry! Offer on trekking jacket expires in 23:11,false_urgency:en:01,synthetic_v1,0,1,0,0,0,0,0,0
Hurry! Offer on air fryer expires in 12:00,false_urgency,false_urgency,en,span,timer,[TAG=span] [ROLE=timer] Hurry! Offer on air fryer expires in 12:00,false_urgency:en:01,synthetic_v1,0,1,0,0,0,0,0,0
ऑफ़र 24 घंटे में खत्म — केवल 10 बचे!,false_urgency|scarcity,false_urgency,hi,p,promo,[TAG=p] [ROLE=promo] ऑफ़र 24 घंटे में खत्म — केवल 10 बचे!,false_urgency:hi:14,synthetic_v1,0,1,0,0,1,0,0,0
40% off expires in 48 hours,false_urgency,false_urgency,en,p,promo,[TAG=p] [ROLE=promo] 40% off expires in 48 hours,false_urgency:en:15,synthetic_v1,0,1,0,0,0,0,0,0
काउंटडाउन: 12:00 में कीमत बढ़ेगी,false_urgency,false_urgency,hi,div,banner,[TAG=div] [ROLE=banner] काउंटडाउन: 12:00 में कीमत बढ़ेगी,false_urgency:hi:08,synthetic_v1,0,1,0,0,0,0,0,0
Deal of the day ends in 5 minutes,false_urgency,false_urgency,en,span,timer,[TAG=span] [ROLE=timer] Deal of the day ends in 5 minutes,false_urgency:en:02,synthetic_v1,0,1,0,0,0,0,0,0
Deal of the day ends in 10 minutes,false_urgency,false_urgency,en,div,banner,[TAG=div] [ROLE=banner] Deal of the day ends in 10 minutes,false_urgency:en:02,synthetic_v1,0,1,0,0,0,0,0,0
Last chance — 45 minutes left on protein powder,false_urgency,false_urgency,en,p,promo,[TAG=p] [ROLE=promo] Last chance — 45 minutes left on protein powder,false_urgency:en:05,synthetic_v1,0,1,0,0,0,0,0,0
यो मूल्य तपाईंका लागि 5 मिनेट सम्म सुरक्षित,false_urgency,false_urgency,ne,p,promo,[TAG=p] [ROLE=promo] यो मूल्य तपाईंका लागि 5 मिनेट सम्म सुरक्षित,false_urgency:ne:12,synthetic_v1,0,1,0,0,0,0,0,0
यह दर पाने के लिए 45 मिनट में बुक करें,false_urgency,false_urgency,hi,p,promo,[TAG=p] [ROLE=promo] यह दर पाने के लिए 45 मिनट में बुक करें,false_urgency:hi:09,synthetic_v1,0,1,0,0,0,0,0,0
15% off sports sandals at Reliance Digital — 10 minutes left,false_urgency,false_urgency,en,span,timer,[TAG=span] [ROLE=timer] 15% off sports sandals at Reliance Digital — 10 minutes left,false_urgency:en:19,synthetic_v1,0,1,0,0,0,0,0,0
ट्रेकिङ ज्याकेट रहेको तपाईंको Tata Cliq कार्ट 18 घण्टा मा सकिन्छ,false_urgency,false_urgency,ne,span,timer,[TAG=span] [ROLE=timer] ट्रेकिङ ज्याकेट रहेको तपाईंको Tata Cliq कार्ट 18 घण्टा मा सकिन्छ,false_urgency:ne:20,synthetic_v1,0,1,0,0,0,0,0,0
Order in 24 hours to get delivery in 2 days,false_urgency,false_urgency,en,span,timer,[TAG=span] [ROLE=timer] Order in 24 hours to get delivery in 2 days,false_urgency:en:16,synthetic_v1,0,1,0,0,0,0,0,0
Snapdeal पर स्मार्टवॉच की सेल 15 मिनट में खत्म,false_urgency,false_urgency,hi,p,promo,[TAG=p] [ROLE=promo] Snapdeal पर स्मार्टवॉच की सेल 15 मिनट में खत्म,false_urgency:hi:17,synthetic_v1,0,1,0,0,0,0,0,0
10% off smartwatch at Lenskart — 7 minutes left,false_urgency,false_urgency,en,div,banner,[TAG=div] [ROLE=banner] 10% off smartwatch at Lenskart — 7 minutes left,false_urgency:en:19,synthetic_v1,0,1,0,0,0,0,0,0
ऑफ़र 3 घंटे में खत्म — केवल 10 बचे!,false_urgency|scarcity,false_urgency,hi,div,banner,[TAG=div] [ROLE=banner] ऑफ़र 3 घंटे में खत्म — केवल 10 बचे!,false_urgency:hi:14,synthetic_v1,0,1,0,0,1,0,0,0
स्पोर्ट्स सैंडल वाला आपका FirstCry कार्ट 23:11 में खत्म,false_urgency,false_urgency,hi,span,timer,[TAG=span] [ROLE=timer] स्पोर्ट्स सैंडल वाला आपका FirstCry कार्ट 23:11 में खत्म,false_urgency:hi:20,synthetic_v1,0,1,0,0,0,0,0,0
Offer ends in 14:59 — only 8 left!,false_urgency|scarcity,false_urgency,en,div,banner,[TAG=div] [ROLE=banner] Offer ends in 14:59 — only 8 left!,false_urgency:en:14,synthetic_v1,0,1,0,0,1,0,0,0
सेल 19:20 मा सकिन्छ!,false_urgency,false_urgency,ne,div,banner,[TAG=div] [ROLE=banner] सेल 19:20 मा सकिन्छ!,false_urgency:ne:00,synthetic_v1,0,1,0,0,0,0,0,0
आज मात्र! ब्याकप्याक मा 50% छुट,false_urgency,false_urgency,ne,span,timer,[TAG=span] [ROLE=timer] आज मात्र! ब्याकप्याक मा 50% छुट,false_urgency:ne:10,synthetic_v1,0,1,0,0,0,0,0,0
25% छूट 24 घंटे में समाप्त,false_urgency,false_urgency,hi,div,banner,[TAG=div] [ROLE=banner] 25% छूट 24 घंटे में समाप्त,false_urgency:hi:15,synthetic_v1,0,1,0,0,0,0,0,0
अफिस कुर्सी रहेको तपाईंको Amazon कार्ट 12 घण्टा मा सकिन्छ,false_urgency,false_urgency,ne,div,banner,[TAG=div] [ROLE=banner] अफिस कुर्सी रहेको तपाईंको Amazon कार्ट 12 घण्टा मा सकिन्छ,false_urgency:ne:20,synthetic_v1,0,1,0,0,0,0,0,0
अफर 18 घण्टा मा सकिन्छ — 2 मात्र बाँकी!,false_urgency|scarcity,false_urgency,ne,p,promo,[TAG=p] [ROLE=promo] अफर 18 घण्टा मा सकिन्छ — 2 मात्र बाँकी!,false_urgency:ne:14,synthetic_v1,0,1,0,0,1,0,0,0
अफर 12:00 मा सकिन्छ — 8 मात्र बाँकी!,false_urgency|scarcity,false_urgency,ne,span,timer,[TAG=span] [ROLE=timer] अफर 12:00 मा सकिन्छ — 8 मात्र बाँकी!,false_urgency:ne:14,synthetic_v1,0,1,0,0,1,0,0,0
Hurry! Offer on bluetooth speaker expires in 12 hours,false_urgency,false_urgency,en,p,promo,[TAG=p] [ROLE=promo] Hurry! Offer on bluetooth speaker expires in 12 hours,false_urgency:en:01,synthetic_v1,0,1,0,0,0,0,0,0
50% off expires in 04:30,false_urgency,false_urgency,en,span,timer,[TAG=span] [ROLE=timer] 50% off expires in 04:30,false_urgency:en:15,synthetic_v1,0,1,0,0,0,0,0,0
आज मात्र! फेस वास मा 30% छुट,false_urgency,false_urgency,ne,p,promo,[TAG=p] [ROLE=promo] आज मात्र! फेस वास मा 30% छुट,false_urgency:ne:10,synthetic_v1,0,1,0,0,0,0,0,0
ल्यापटप ब्याग रहेको तपाईंको Lenskart कार्ट 7 मिनेट मा सकिन्छ,false_urgency,false_urgency,ne,p,promo,[TAG=p] [ROLE=promo] ल्यापटप ब्याग रहेको तपाईंको Lenskart कार्ट 7 मिनेट मा सकिन्छ,false_urgency:ne:20,synthetic_v1,0,1,0,0,0,0,0,0
काउन्टडाउन: 30 मिनेट मा मूल्य बढ्नेछ,false_urgency,false_urgency,ne,p,promo,[TAG=p] [ROLE=promo] काउन्टडाउन: 30 मिनेट मा मूल्य बढ्नेछ,false_urgency:ne:08,synthetic_v1,0,1,0,0,0,0,0,0
मूल्य 12:00 मा बढ्नेछ,false_urgency,false_urgency,ne,div,banner,[TAG=div] [ROLE=banner] मूल्य 12:00 मा बढ्नेछ,false_urgency:ne:04,synthetic_v1,0,1,0,0,0,0,0,0
OkDam मा ब्लुटुथ स्पिकर मा 50% छुट — 7 मिनेट बाँकी,false_urgency,false_urgency,ne,p,promo,[TAG=p] [ROLE=promo] OkDam मा ब्लुटुथ स्पिकर मा 50% छुट — 7 मिनेट बाँकी,false_urgency:ne:19,synthetic_v1,0,1,0,0,0,0,0,0
70% छुट 3 मिनेट मा सकिन्छ,false_urgency,false_urgency,ne,div,banner,[TAG=div] [ROLE=banner] 70% छुट 3 मिनेट मा सकिन्छ,false_urgency:ne:15,synthetic_v1,0,1,0,0,0,0,0,0
BigBasket sale on phone case ends in 12 hours,false_urgency,false_urgency,en,span,timer,[TAG=span] [ROLE=timer] BigBasket sale on phone case ends in 12 hours,false_urgency:en:17,synthetic_v1,0,1,0,0,0,0,0,0
Only 6 hours remaining on this deal,false_urgency,false_urgency,en,span,timer,[TAG=span] [ROLE=timer] Only 6 hours remaining on this deal,false_urgency:en:11,synthetic_v1,0,1,0,0,0,0,0,0
आख़िरी मौका — ट्रेकिंग जैकेट पर 1 मिनट बाकी,false_urgency,false_urgency,hi,div,banner,[TAG=div] [ROLE=banner] आख़िरी मौका — ट्रेकिंग जैकेट पर 1 मिनट बाकी,false_urgency:hi:05,synthetic_v1,0,1,0,0,0,0,0,0
FirstCry मा पावर ब्यांक मा 70% छुट — 30 मिनेट बाँकी,false_urgency,false_urgency,ne,div,banner,[TAG=div] [ROLE=banner] FirstCry मा पावर ब्यांक मा 70% छुट — 30 मिनेट बाँकी,false_urgency:ne:19,synthetic_v1,0,1,0,0,0,0,0,0
Tata Cliq मा इन्डक्सन चुल्हो को सेल 04:30 मा सकिन्छ,false_urgency,false_urgency,ne,p,promo,[TAG=p] [ROLE=promo] Tata Cliq मा इन्डक्सन चुल्हो को सेल 04:30 मा सकिन्छ,false_urgency:ne:17,synthetic_v1,0,1,0,0,0,0,0,0
Deal of the day ends in 24 hours,false_urgency,false_urgency,en,span,timer,[TAG=span] [ROLE=timer] Deal of the day ends in 24 hours,false_urgency:en:02,synthetic_v1,0,1,0,0,0,0,0,0
Meesho पर नॉइज़ कैंसलिंग हेडफोन की सेल 24 घंटे में खत्म,false_urgency,false_urgency,hi,p,promo,[TAG=p] [ROLE=promo] Meesho पर नॉइज़ कैंसलिंग हेडफोन की सेल 24 घंटे में खत्म,false_urgency:hi:17,synthetic_v1,0,1,0,0,0,0,0,0
"फ्ल्यास सेल 15 मिनेट मा सकिँदै, नगुमाउनुहोस्",false_urgency,false_urgency,ne,div,banner,"[TAG=div] [ROLE=banner] फ्ल्यास सेल 15 मिनेट मा सकिँदै, नगुमाउनुहोस्",false_urgency:ne:06,synthetic_v1,0,1,0,0,0,0,0,0
जल्दी करें! वायरलेस ईयरबड्स पर ऑफ़र 2 घंटे में समाप्त,false_urgency,false_urgency,hi,div,banner,[TAG=div] [ROLE=banner] जल्दी करें! वायरलेस ईयरबड्स पर ऑफ़र 2 घंटे में समाप्त,false_urgency:hi:01,synthetic_v1,0,1,0,0,0,0,0,0
Order in 5 minutes to get delivery in 3 days,false_urgency,false_urgency,en,span,timer,[TAG=span] [ROLE=timer] Order in 5 minutes to get delivery in 3 days,false_urgency:en:16,synthetic_v1,0,1,0,0,0,0,0,0
यो मूल्य तपाईंका लागि 04:30 सम्म सुरक्षित,false_urgency,false_urgency,ne,p,promo,[TAG=p] [ROLE=promo] यो मूल्य तपाईंका लागि 04:30 सम्म सुरक्षित,false_urgency:ne:12,synthetic_v1,0,1,0,0,0,0,0,0
छिटो गर्नुहोस्! स्पोर्ट्स चप्पल को अफर 3 घण्टा मा सकिँदै,false_urgency,false_urgency,ne,div,banner,[TAG=div] [ROLE=banner] छिटो गर्नुहोस्! स्पोर्ट्स चप्पल को अफर 3 घण्टा मा सकिँदै,false_urgency:ne:01,synthetic_v1,0,1,0,0,0,0,0,0
FirstCry sale on coffee maker ends in 02:14,false_urgency,false_urgency,en,span,timer,[TAG=span] [ROLE=timer] FirstCry sale on coffee maker ends in 02:14,false_urgency:en:17,synthetic_v1,0,1,0,0,0,0,0,0
आज मात्र! राइस कुकर मा 20% छुट,false_urgency,false_urgency,ne,p,promo,[TAG=p] [ROLE=promo] आज मात्र! राइस कुकर मा 20% छुट,false_urgency:ne:10,synthetic_v1,0,1,0,0,0,0,0,0
"फ्ल्यास सेल 00:59 मा सकिँदै, नगुमाउनुहोस्",false_urgency,false_urgency,ne,span,timer,"[TAG=span] [ROLE=timer] फ्ल्यास सेल 00:59 मा सकिँदै, नगुमाउनुहोस्",false_urgency:ne:06,synthetic_v1,0,1,0,0,0,0,0,0
Your BigBasket cart with backpack expires in 30 minutes,false_urgency,false_urgency,en,div,banner,[TAG=div] [ROLE=banner] Your BigBasket cart with backpack expires in 30 minutes,false_urgency:en:20,synthetic_v1,0,1,0,0,0,0,0,0
यह दर पाने के लिए 04:30 में बुक करें,false_urgency,false_urgency,hi,span,timer,[TAG=span] [ROLE=timer] यह दर पाने के लिए 04:30 में बुक करें,false_urgency:hi:09,synthetic_v1,0,1,0,0,0,0,0,0
Hurry! Offer on face wash expires in 5 minutes,false_urgency,false_urgency,en,p,promo,[TAG=p] [ROLE=promo] Hurry! Offer on face wash expires in 5 minutes,false_urgency:en:01,synthetic_v1,0,1,0,0,0,0,0,0
गेमिंग माउस पर रु. 199 की कीमत 1 घंटे तक ही,false_urgency,false_urgency,hi,span,timer,[TAG=span] [ROLE=timer] गेमिंग माउस पर रु. 199 की कीमत 1 घंटे तक ही,false_urgency:hi:21,synthetic_v1,0,1,0,0,0,0,0,0
30% छूट 10 मिनट में समाप्त,false_urgency,false_urgency,hi,p,promo,[TAG=p] [ROLE=promo] 30% छूट 10 मिनट में समाप्त,false_urgency:hi:15,synthetic_v1,0,1,0,0,0,0,0,0
Kinbech पर वायरलेस ईयरबड्स पर 20% छूट — 3 घंटे बाकी,false_urgency,false_urgency,hi,p,promo,[TAG=p] [ROLE=promo] Kinbech पर वायरलेस ईयरबड्स पर 20% छूट — 3 घंटे बाकी,false_urgency:hi:19,synthetic_v1,0,1,0,0,0,0,0,0
HamroBazar sale on electric kettle ends in 09:45,false_urgency,false_urgency,en,span,timer,[TAG=span] [ROLE=timer] HamroBazar sale on electric kettle ends in 09:45,false_urgency:en:17,synthetic_v1,0,1,0,0,0,0,0,0
Last chance — 23:11 left on yoga mat,false_urgency,false_urgency,en,div,banner,[TAG=div] [ROLE=banner] Last chance — 23:11 left on yoga mat,false_urgency:en:05,synthetic_v1,0,1,0,0,0,0,0,0
Deal of the day ends in 02:14,false_urgency,false_urgency,en,div,banner,[TAG=div] [ROLE=banner] Deal of the day ends in 02:14,false_urgency:en:02,synthetic_v1,0,1,0,0,0,0,0,0
दमक डेलिभरीका लागि 24 घण्टा भित्र राइस कुकर अर्डर गर्नुहोस्,false_urgency,false_urgency,ne,div,banner,[TAG=div] [ROLE=banner] दमक डेलिभरीका लागि 24 घण्टा भित्र राइस कुकर अर्डर गर्नुहोस्,false_urgency:ne:18,synthetic_v1,0,1,0,0,0,0,0,0
नोइज क्यान्सलिङ हेडफोन रहेको तपाईंको BigBasket कार्ट 09:45 मा सकिन्छ,false_urgency,false_urgency,ne,p,promo,[TAG=p] [ROLE=promo] नोइज क्यान्सलिङ हेडफोन रहेको तपाईंको BigBasket कार्ट 09:45 मा सकिन्छ,false_urgency:ne:20,synthetic_v1,0,1,0,0,0,0,0,0
आज मात्र! ट्रेकिङ ज्याकेट मा 60% छुट,false_urgency,false_urgency,ne,div,banner,[TAG=div] [ROLE=banner] आज मात्र! ट्रेकिङ ज्याकेट मा 60% छुट,false_urgency:ne:10,synthetic_v1,0,1,0,0,0,0,0,0
Daraz मा अफिस कुर्सी मा 35% छुट — 2 घण्टा बाँकी,false_urgency,false_urgency,ne,span,timer,[TAG=span] [ROLE=timer] Daraz मा अफिस कुर्सी मा 35% छुट — 2 घण्टा बाँकी,false_urgency:ne:19,synthetic_v1,0,1,0,0,0,0,0,0
Order in 02:14 to get delivery in 10 days,false_urgency,false_urgency,en,span,timer,[TAG=span] [ROLE=timer] Order in 02:14 to get delivery in 10 days,false_urgency:en:16,synthetic_v1,0,1,0,0,0,0,0,0
Your Croma cart with power bank expires in 12 hours,false_urgency,false_urgency,en,p,promo,[TAG=p] [ROLE=promo] Your Croma cart with power bank expires in 12 hours,false_urgency:en:20,synthetic_v1,0,1,0,0,0,0,0,0
Ajio पर राइस कुकर पर 25% छूट — 02:14 बाकी,false_urgency,false_urgency,hi,div,banner,[TAG=div] [ROLE=banner] Ajio पर राइस कुकर पर 25% छूट — 02:14 बाकी,false_urgency:hi:19,synthetic_v1,0,1,0,0,0,0,0,0
आख़िरी मौका — इंडक्शन चूल्हा पर 12:00 बाकी,false_urgency,false_urgency,hi,p,promo,[TAG=p] [ROLE=promo] आख़िरी मौका — इंडक्शन चूल्हा पर 12:00 बाकी,false_urgency:hi:05,synthetic_v1,0,1,0,0,0,0,0,0
दाम 02:14 में बढ़ जाएंगे,false_urgency,false_urgency,hi,p,promo,[TAG=p] [ROLE=promo] दाम 02:14 में बढ़ जाएंगे,false_urgency:hi:04,synthetic_v1,0,1,0,0,0,0,0,0
जल्दी करें! फोन कवर पर ऑफ़र 48 घंटे में समाप्त,false_urgency,false_urgency,hi,span,timer,[TAG=span] [ROLE=timer] जल्दी करें! फोन कवर पर ऑफ़र 48 घंटे में समाप्त,false_urgency:hi:01,synthetic_v1,0,1,0,0,0,0,0,0
आज मात्र! पावर ब्यांक मा 50% छुट,false_urgency,false_urgency,ne,div,banner,[TAG=div] [ROLE=banner] आज मात्र! पावर ब्यांक मा 50% छुट,false_urgency:ne:10,synthetic_v1,0,1,0,0,0,0,0,0
Kinbech पर योगा मैट पर 50% छूट — 6 घंटे बाकी,false_urgency,false_urgency,hi,div,banner,[TAG=div] [ROLE=banner] Kinbech पर योगा मैट पर 50% छूट — 6 घंटे बाकी,false_urgency:hi:19,synthetic_v1,0,1,0,0,0,0,0,0
Flipkart पर सर्दी का कंबल की सेल 15 मिनट में खत्म,false_urgency,false_urgency,hi,p,promo,[TAG=p] [ROLE=promo] Flipkart पर सर्दी का कंबल की सेल 15 मिनट में खत्म,false_urgency:hi:17,synthetic_v1,0,1,0,0,0,0,0,0
Only 12 hours remaining on this deal,false_urgency,false_urgency,en,div,banner,[TAG=div] [ROLE=banner] Only 12 hours remaining on this deal,false_urgency:en:11,synthetic_v1,0,1,0,0,0,0,0,0
जल्दी करें! रनिंग शूज़ पर ऑफ़र 14:59 में समाप्त,false_urgency,false_urgency,hi,p,promo,[TAG=p] [ROLE=promo] जल्दी करें! रनिंग शूज़ पर ऑफ़र 14:59 में समाप्त,false_urgency:hi:01,synthetic_v1,0,1,0,0,0,0,0,0
Offer ends in 00:59 — only 5 left!,false_urgency|scarcity,false_urgency,en,p,promo,[TAG=p] [ROLE=promo] Offer ends in 00:59 — only 5 left!,false_urgency:en:14,synthetic_v1,0,1,0,0,1,0,0,0
सेल 09:45 मा सकिन्छ!,false_urgency,false_urgency,ne,p,promo,[TAG=p] [ROLE=promo] सेल 09:45 मा सकिन्छ!,false_urgency:ne:00,synthetic_v1,0,1,0,0,0,0,0,0
सिर्फ़ आज! रनिंग शूज़ पर 80% छूट,false_urgency,false_urgency,hi,p,promo,[TAG=p] [ROLE=promo] सिर्फ़ आज! रनिंग शूज़ पर 80% छूट,false_urgency:hi:10,synthetic_v1,0,1,0,0,0,0,0,0
Daraz मा पानीको बोतल को सेल 3 मिनेट मा सकिन्छ,false_urgency,false_urgency,ne,span,timer,[TAG=span] [ROLE=timer] Daraz मा पानीको बोतल को सेल 3 मिनेट मा सकिन्छ,false_urgency:ne:17,synthetic_v1,0,1,0,0,0,0,0,0
Last chance — 6 hours left on bluetooth speaker,false_urgency,false_urgency,en,p,promo,[TAG=p] [ROLE=promo] Last chance — 6 hours left on bluetooth speaker,false_urgency:en:05,synthetic_v1,0,1,0,0,0,0,0,0
जल्दी करें! राइस कुकर पर ऑफ़र 00:59 में समाप्त,false_urgency,false_urgency,hi,p,promo,[TAG=p] [ROLE=promo] जल्दी करें! राइस कुकर पर ऑफ़र 00:59 में समाप्त,false_urgency:hi:01,synthetic_v1,0,1,0,0,0,0,0,0
अहमदाबाद डिलीवरी के लिए 14:59 में हेयर ड्रायर ऑर्डर करें,false_urgency,false_urgency,hi,p,promo,[TAG=p] [ROLE=promo] अहमदाबाद डिलीवरी के लिए 14:59 में हेयर ड्रायर ऑर्डर करें,false_urgency:hi:18,synthetic_v1,0,1,0,0,0,0,0,0
ऑफ़र 04:30 में खत्म — केवल 6 बचे!,false_urgency|scarcity,false_urgency,hi,div,banner,[TAG=div] [ROLE=banner] ऑफ़र 04:30 में खत्म — केवल 6 बचे!,false_urgency:hi:14,synthetic_v1,0,1,0,0,1,0,0,0
"00:59 में ऑर्डर करें, 5 दिन में डिलीवरी",false_urgency,false_urgency,hi,p,promo,"[TAG=p] [ROLE=promo] 00:59 में ऑर्डर करें, 5 दिन में डिलीवरी",false_urgency:hi:16,synthetic_v1,0,1,0,0,0,0,0,0
सेल 04:30 में खत्म!,false_urgency,false_urgency,hi,div,banner,[TAG=div] [ROLE=banner] सेल 04:30 में खत्म!,false_urgency:hi:00,synthetic_v1,0,1,0,0,0,0,0,0
15% छुट 1 मिनेट मा सकिन्छ,false_urgency,false_urgency,ne,p,promo,[TAG=p] [ROLE=promo] 15% छुट 1 मिनेट मा सकिन्छ,false_urgency:ne:15,synthetic_v1,0,1,0,0,0,0,0,0
Ajio पर पानी की बोतल की सेल 18 घंटे में खत्म,false_urgency,false_urgency,hi,p,promo,[TAG=p] [ROLE=promo] Ajio पर पानी की बोतल की सेल 18 घंटे में खत्म,false_urgency:hi:17,synthetic_v1,0,1,0,0,0,0,0,0
छिटो गर्नुहोस्! हेयर ड्रायर को अफर 3 मिनेट मा सकिँदै,false_urgency,false_urgency,ne,p,promo,[TAG=p] [ROLE=promo] छिटो गर्नुहोस्! हेयर ड्रायर को अफर 3 मिनेट मा सकिँदै,false_urgency:ne:01,synthetic_v1,0,1,0,0,0,0,0,0
5% छुट 3 घण्टा मा सकिन्छ,false_urgency,false_urgency,ne,span,timer,[TAG=span] [ROLE=timer] 5% छुट 3 घण्टा मा सकिन्छ,false_urgency:ne:15,synthetic_v1,0,1,0,0,0,0,0,0
Hurry! Offer on electric kettle expires in 3 minutes,false_urgency,false_urgency,en,div,banner,[TAG=div] [ROLE=banner] Hurry! Offer on electric kettle expires in 3 minutes,false_urgency:en:01,synthetic_v1,0,1,0,0,0,0,0,0
"6 घण्टा भित्र अर्डर गर्नुहोस्, 10 दिनमा डेलिभरी",false_urgency,false_urgency,ne,span,timer,"[TAG=span] [ROLE=timer] 6 घण्टा भित्र अर्डर गर्नुहोस्, 10 दिनमा डेलिभरी",false_urgency:ne:16,synthetic_v1,0,1,0,0,0,0,0,0
सिर्फ़ आज! राइस कुकर पर 5% छूट,false_urgency,false_urgency,hi,span,timer,[TAG=span] [ROLE=timer] सिर्फ़ आज! राइस कुकर पर 5% छूट,false_urgency:hi:10,synthetic_v1,0,1,0,0,0,0,0,0
15% छूट 5 मिनट में समाप्त,false_urgency,false_urgency,hi,span,timer,[TAG=span] [ROLE=timer] 15% छूट 5 मिनट में समाप्त,false_urgency:hi:15,synthetic_v1,0,1,0,0,0,0,0,0
Last chance — 3 minutes left on backpack,false_urgency,false_urgency,en,span,timer,[TAG=span] [ROLE=timer] Last chance — 3 minutes left on backpack,false_urgency:en:05,synthetic_v1,0,1,0,0,0,0,0,0
Zepto पर डेनिम जींस पर 60% छूट — 02:14 बाकी,false_urgency,false_urgency,hi,p,promo,[TAG=p] [ROLE=promo] Zepto पर डेनिम जींस पर 60% छूट — 02:14 बाकी,false_urgency:hi:19,synthetic_v1,0,1,0,0,0,0,0,0
नेपालगन्ज डेलिभरीका लागि 23:11 भित्र योगा म्याट अर्डर गर्नुहोस्,false_urgency,false_urgency,ne,span,timer,[TAG=span] [ROLE=timer] नेपालगन्ज डेलिभरीका लागि 23:11 भित्र योगा म्याट अर्डर गर्नुहोस्,false_urgency:ne:18,synthetic_v1,0,1,0,0,0,0,0,0
Nykaa पर ब्लूटूथ स्पीकर पर 10% छूट — 5 मिनट बाकी,false_urgency,false_urgency,hi,div,banner,[TAG=div] [ROLE=banner] Nykaa पर ब्लूटूथ स्पीकर पर 10% छूट — 5 मिनट बाकी,false_urgency:hi:19,synthetic_v1,0,1,0,0,0,0,0,0
मांग के कारण 48 घंटे बढ़ाया गया,false_urgency,false_urgency,hi,div,banner,[TAG=div] [ROLE=banner] मांग के कारण 48 घंटे बढ़ाया गया,false_urgency:hi:13,synthetic_v1,0,1,0,0,0,0,0,0
Last chance — 6 hours left on rice cooker,false_urgency,false_urgency,en,div,banner,[TAG=div] [ROLE=banner] Last chance — 6 hours left on rice cooker,false_urgency:en:05,synthetic_v1,0,1,0,0,0,0,0,0
तपाईंको कार्ट 20 मिनेट मा खाली हुनेछ,false_urgency,false_urgency,ne,div,banner,[TAG=div] [ROLE=banner] तपाईंको कार्ट 20 मिनेट मा खाली हुनेछ,false_urgency:ne:03,synthetic_v1,0,1,0,0,0,0,0,0
Daraz मा फर्मल सर्ट को सेल 02:14 मा सकिन्छ,false_urgency,false_urgency,ne,div,banner,[TAG=div] [ROLE=banner] Daraz मा फर्मल सर्ट को सेल 02:14 मा सकिन्छ,false_urgency:ne:17,synthetic_v1,0,1,0,0,0,0,0,0
सेल 02:14 मा सकिन्छ!,false_urgency,false_urgency,ne,p,promo,[TAG=p] [ROLE=promo] सेल 02:14 मा सकिन्छ!,false_urgency:ne:00,synthetic_v1,0,1,0,0,0,0,0,0
सिर्फ़ आज! राइस कुकर पर 10% छूट,false_urgency,false_urgency,hi,span,timer,[TAG=span] [ROLE=timer] सिर्फ़ आज! राइस कुकर पर 10% छूट,false_urgency:hi:10,synthetic_v1,0,1,0,0,0,0,0,0
Flipkart पर ट्रेकिंग जैकेट पर 25% छूट — 30 मिनट बाकी,false_urgency,false_urgency,hi,p,promo,[TAG=p] [ROLE=promo] Flipkart पर ट्रेकिंग जैकेट पर 25% छूट — 30 मिनट बाकी,false_urgency:hi:19,synthetic_v1,0,1,0,0,0,0,0,0
फेस वॉश पर रु. 149 की कीमत 19:20 तक ही,false_urgency,false_urgency,hi,p,promo,[TAG=p] [ROLE=promo] फेस वॉश पर रु. 149 की कीमत 19:20 तक ही,false_urgency:hi:21,synthetic_v1,0,1,0,0,0,0,0,0
Prices go up in 45 minutes,false_urgency,false_urgency,en,span,timer,[TAG=span] [ROLE=timer] Prices go up in 45 minutes,false_urgency:en:04,synthetic_v1,0,1,0,0,0,0,0,0
तपाईंको कार्ट 3 घण्टा मा खाली हुनेछ,false_urgency,false_urgency,ne,div,banner,[TAG=div] [ROLE=banner] तपाईंको कार्ट 3 घण्टा मा खाली हुनेछ,false_urgency:ne:03,synthetic_v1,0,1,0,0,0,0,0,0
"फ्लैश सेल 3 घंटे में खत्म, चूकें नहीं",false_urgency,false_urgency,hi,span,timer,"[TAG=span] [ROLE=timer] फ्लैश सेल 3 घंटे में खत्म, चूकें नहीं",false_urgency:hi:06,synthetic_v1,0,1,0,0,0,0,0,0
सिर्फ़ आज! इंडक्शन चूल्हा पर 25% छूट,false_urgency,false_urgency,hi,span,timer,[TAG=span] [ROLE=timer] सिर्फ़ आज! इंडक्शन चूल्हा पर 25% छूट,false_urgency:hi:10,synthetic_v1,0,1,0,0,0,0,0,0
छिटो गर्नुहोस्! गेमिङ माउस को अफर 3 मिनेट मा सकिँदै,false_urgency,false_urgency,ne,p,promo,[TAG=p] [ROLE=promo] छिटो गर्नुहोस्! गेमिङ माउस को अफर 3 मिनेट मा सकिँदै,false_urgency:ne:01,synthetic_v1,0,1,0,0,0,0,0,0
यो डिलमा 02:14 मात्र बाँकी,false_urgency,false_urgency,ne,span,timer,[TAG=span] [ROLE=timer] यो डिलमा 02:14 मात्र बाँकी,false_urgency:ne:11,synthetic_v1,0,1,0,0,0,0,0,0
Rs. 499 price on formal shirt valid for 1 hour only,false_urgency,false_urgency,en,p,promo,[TAG=p] [ROLE=promo] Rs. 499 price on formal shirt valid for 1 hour only,false_urgency:en:21,synthetic_v1,0,1,0,0,0,0,0,0
35% छुट 00:59 मा सकिन्छ,false_urgency,false_urgency,ne,span,timer,[TAG=span] [ROLE=timer] 35% छुट 00:59 मा सकिन्छ,false_urgency:ne:15,synthetic_v1,0,1,0,0,0,0,0,0
अफर 04:30 मा सकिन्छ — 9 मात्र बाँकी!,false_urgency|scarcity,false_urgency,ne,div,banner,[TAG=div] [ROLE=banner] अफर 04:30 मा सकिन्छ — 9 मात्र बाँकी!,false_urgency:ne:14,synthetic_v1,0,1,0,0,1,0,0,0
जल्दी करें! इलेक्ट्रिक केटल पर ऑफ़र 15 मिनट में समाप्त,false_urgency,false_urgency,hi,p,promo,[TAG=p] [ROLE=promo] जल्दी करें! इलेक्ट्रिक केटल पर ऑफ़र 15 मिनट में समाप्त,false_urgency:hi:01,synthetic_v1,0,1,0,0,0,0,0,0
Today only! 40% off wireless earbuds,false_urgency,false_urgency,en,p,promo,[TAG=p] [ROLE=promo] Today only! 40% off wireless earbuds,false_urgency:en:10,synthetic_v1,0,1,0,0,0,0,0,0
"19:20 में ऑर्डर करें, 10 दिन में डिलीवरी",false_urgency,false_urgency,hi,span,timer,"[TAG=span] [ROLE=timer] 19:20 में ऑर्डर करें, 10 दिन में डिलीवरी",false_urgency:hi:16,synthetic_v1,0,1,0,0,0,0,0,0
अन्तिम मौका — प्रोटिन पाउडर मा 6 घण्टा बाँकी,false_urgency,false_urgency,ne,div,banner,[TAG=div] [ROLE=banner] अन्तिम मौका — प्रोटिन पाउडर मा 6 घण्टा बाँकी,false_urgency:ne:05,synthetic_v1,0,1,0,0,0,0,0,0
"Rs. 2,999 price on phone case valid for 3 minutes only",false_urgency,false_urgency,en,span,timer,"[TAG=span] [ROLE=timer] Rs. 2,999 price on phone case valid for 3 minutes only",false_urgency:en:21,synthetic_v1,0,1,0,0,0,0,0,0
सिर्फ़ आज! स्कूल बैग पर 35% छूट,false_urgency,false_urgency,hi,span,timer,[TAG=span] [ROLE=timer] सिर्फ़ आज! स्कूल बैग पर 35% छूट,false_urgency:hi:10,synthetic_v1,0,1,0,0,0,0,0,0
सिर्फ़ आज! ऑफिस चेयर पर 25% छूट,false_urgency,false_urgency,hi,p,promo,[TAG=p] [ROLE=promo] सिर्फ़ आज! ऑफिस चेयर पर 25% छूट,false_urgency:hi:10,synthetic_v1,0,1,0,0,0,0,0,0
"स्टडी लैंप पर रु. 1,999 की कीमत 14:59 तक ही",false_urgency,false_urgency,hi,div,banner,"[TAG=div] [ROLE=banner] स्टडी लैंप पर रु. 1,999 की कीमत 14:59 तक ही",false_urgency:hi:21,synthetic_v1,0,1,0,0,0,0,0,0
आज मात्र! घामको चस्मा मा 60% छुट,false_urgency,false_urgency,ne,div,banner,[TAG=div] [ROLE=banner] आज मात्र! घामको चस्मा मा 60% छुट,false_urgency:ne:10,synthetic_v1,0,1,0,0,0,0,0,0
Order in 7 minutes to get delivery in 7 days,false_urgency,false_urgency,en,div,banner,[TAG=div] [ROLE=banner] Order in 7 minutes to get delivery in 7 days,false_urgency:en:16,synthetic_v1,0,1,0,0,0,0,0,0
Croma मा ब्लुटुथ स्पिकर मा 60% छुट — 1 मिनेट बाँकी,false_urgency,false_urgency,ne,span,timer,[TAG=span] [ROLE=timer] Croma मा ब्लुटुथ स्पिकर मा 60% छुट — 1 मिनेट बाँकी,false_urgency:ne:19,synthetic_v1,0,1,0,0,0,0,0,0
काउंटडाउन: 20 मिनट में कीमत बढ़ेगी,false_urgency,false_urgency,hi,p,promo,[TAG=p] [ROLE=promo] काउंटडाउन: 20 मिनट में कीमत बढ़ेगी,false_urgency:hi:08,synthetic_v1,0,1,0,0,0,0,0,0
OkDam मा रनिङ जुत्ता मा 30% छुट — 12 घण्टा बाँकी,false_urgency,false_urgency,ne,span,timer,[TAG=span] [ROLE=timer] OkDam मा रनिङ जुत्ता मा 30% छुट — 12 घण्टा बाँकी,false_urgency:ne:19,synthetic_v1,0,1,0,0,0,0,0,0
छिटो गर्नुहोस्! पावर ब्यांक को अफर 14:59 मा सकिँदै,false_urgency,false_urgency,ne,span,timer,[TAG=span] [ROLE=timer] छिटो गर्नुहोस्! पावर ब्यांक को अफर 14:59 मा सकिँदै,false_urgency:ne:01,synthetic_v1,0,1,0,0,0,0,0,0
BigBasket पर प्रोटीन पाउडर की सेल 02:14 में खत्म,false_urgency,false_urgency,hi,span,timer,[TAG=span] [ROLE=timer] BigBasket पर प्रोटीन पाउडर की सेल 02:14 में खत्म,false_urgency:hi:17,synthetic_v1,0,1,0,0,0,0,0,0
Extended by popular demand — final 48 hours,false_urgency,false_urgency,en,div,banner,[TAG=div] [ROLE=banner] Extended by popular demand — final 48 hours,false_urgency:en:13,synthetic_v1,0,1,0,0,0,0,0,0
ब्लुटुथ स्पिकर रहेको तपाईंको Amazon कार्ट 12 घण्टा मा सकिन्छ,false_urgency,false_urgency,ne,div,banner,[TAG=div] [ROLE=banner] ब्लुटुथ स्पिकर रहेको तपाईंको Amazon कार्ट 12 घण्टा मा सकिन्छ,false_urgency:ne:20,synthetic_v1,0,1,0,0,0,0,0,0
आज मात्र! स्पोर्ट्स चप्पल मा 10% छुट,false_urgency,false_urgency,ne,span,timer,[TAG=span] [ROLE=timer] आज मात्र! स्पोर्ट्स चप्पल मा 10% छुट,false_urgency:ne:10,synthetic_v1,0,1,0,0,0,0,0,0
Daraz मा ट्रेकिङ ज्याकेट मा 35% छुट — 20 मिनेट बाँकी,false_urgency,false_urgency,ne,div,banner,[TAG=div] [ROLE=banner] Daraz मा ट्रेकिङ ज्याकेट मा 35% छुट — 20 मिनेट बाँकी,false_urgency:ne:19,synthetic_v1,0,1,0,0,0,0,0,0
अन्तिम मौका — ट्रेकिङ ज्याकेट मा 30 मिनेट बाँकी,false_urgency,false_urgency,ne,div,banner,[TAG=div] [ROLE=banner] अन्तिम मौका — ट्रेकिङ ज्याकेट मा 30 मिनेट बाँकी,false_urgency:ne:05,synthetic_v1,0,1,0,0,0,0,0,0
Salesberry मा गेमिङ माउस को सेल 30 मिनेट मा सकिन्छ,false_urgency,false_urgency,ne,div,banner,[TAG=div] [ROLE=banner] Salesberry मा गेमिङ माउस को सेल 30 मिनेट मा सकिन्छ,false_urgency:ne:17,synthetic_v1,0,1,0,0,0,0,0,0
छिटो गर्नुहोस्! कफी मेकर को अफर 10 मिनेट मा सकिँदै,false_urgency,false_urgency,ne,div,banner,[TAG=div] [ROLE=banner] छिटो गर्नुहोस्! कफी मेकर को अफर 10 मिनेट मा सकिँदै,false_urgency:ne:01,synthetic_v1,0,1,0,0,0,0,0,0
Only 3 minutes remaining on this deal,false_urgency,false_urgency,en,div,banner,[TAG=div] [ROLE=banner] Only 3 minutes remaining on this deal,false_urgency:en:11,synthetic_v1,0,1,0,0,0,0,0,0
धूप का चश्मा पर रु. 399 की कीमत 24 घंटे तक ही,false_urgency,false_urgency,hi,span,timer,[TAG=span] [ROLE=timer] धूप का चश्मा पर रु. 399 की कीमत 24 घंटे तक ही,false_urgency:hi:21,synthetic_v1,0,1,0,0,0,0,0,0
सेल 6 घण्टा मा सकिन्छ!,false_urgency,false_urgency,ne,div,banner,[TAG=div] [ROLE=banner] सेल 6 घण्टा मा सकिन्छ!,false_urgency:ne:00,synthetic_v1,0,1,0,0,0,0,0,0
30% off denim jeans at JioMart — 00:59 left,false_urgency,false_urgency,en,div,banner,[TAG=div] [ROLE=banner] 30% off denim jeans at JioMart — 00:59 left,false_urgency:en:19,synthetic_v1,0,1,0,0,0,0,0,0
काउन्टडाउन: 45 मिनेट मा मूल्य बढ्नेछ,false_urgency,false_urgency,ne,p,promo,[TAG=p] [ROLE=promo] काउन्टडाउन: 45 मिनेट मा मूल्य बढ्नेछ,false_urgency:ne:08,synthetic_v1,0,1,0,0,0,0,0,0
Order sunglasses within 14:59 for delivery to Delhi,false_urgency,false_urgency,en,p,promo,[TAG=p] [ROLE=promo] Order sunglasses within 14:59 for delivery to Delhi,false_urgency:en:18,synthetic_v1,0,1,0,0,0,0,0,0
10% off electric kettle at Nykaa — 14:59 left,false_urgency,false_urgency,en,div,banner,[TAG=div] [ROLE=banner] 10% off electric kettle at Nykaa — 14:59 left,false_urgency:en:19,synthetic_v1,0,1,0,0,0,0,0,0
यो दर पाउन 48 घण्टा भित्र बुक गर्नुहोस्,false_urgency,false_urgency,ne,div,banner,[TAG=div] [ROLE=banner] यो दर पाउन 48 घण्टा भित्र बुक गर्नुहोस्,false_urgency:ne:09,synthetic_v1,0,1,0,0,0,0,0,0
यह कीमत आपके लिए 23:11 तक सुरक्षित,false_urgency,false_urgency,hi,span,timer,[TAG=span] [ROLE=timer] यह कीमत आपके लिए 23:11 तक सुरक्षित,false_urgency:hi:12,synthetic_v1,0,1,0,0,0,0,0,0
Croma पर ट्रेकिंग जैकेट की सेल 45 मिनट में खत्म,false_urgency,false_urgency,hi,div,banner,[TAG=div] [ROLE=banner] Croma पर ट्रेकिंग जैकेट की सेल 45 मिनट में खत्म,false_urgency:hi:17,synthetic_v1,0,1,0,0,0,0,0,0
80% off expires in 09:45,false_urgency,false_urgency,en,p,promo,[TAG=p] [ROLE=promo] 80% off expires in 09:45,false_urgency:en:15,synthetic_v1,0,1,0,0,0,0,0,0
छिटो गर्नुहोस्! स्कुल ब्याग को अफर 7 मिनेट मा सकिँदै,false_urgency,false_urgency,ne,span,timer,[TAG=span] [ROLE=timer] छिटो गर्नुहोस्! स्कुल ब्याग को अफर 7 मिनेट मा सकिँदै,false_urgency:ne:01,synthetic_v1,0,1,0,0,0,0,0,0
यह कीमत आपके लिए 18 घंटे तक सुरक्षित,false_urgency,false_urgency,hi,span,timer,[TAG=span] [ROLE=timer] यह कीमत आपके लिए 18 घंटे तक सुरक्षित,false_urgency:hi:12,synthetic_v1,0,1,0,0,0,0,0,0
Sale ends in 3 minutes!,false_urgency,false_urgency,en,span,timer,[TAG=span] [ROLE=timer] Sale ends in 3 minutes!,false_urgency:en:00,synthetic_v1,0,1,0,0,0,0,0,0
यो डिलमा 10 मिनेट मात्र बाँकी,false_urgency,false_urgency,ne,p,promo,[TAG=p] [ROLE=promo] यो डिलमा 10 मिनेट मात्र बाँकी,false_urgency:ne:11,synthetic_v1,0,1,0,0,0,0,0,0
Book within 12:00 to lock this rate,false_urgency,false_urgency,en,span,timer,[TAG=span] [ROLE=timer] Book within 12:00 to lock this rate,false_urgency:en:09,synthetic_v1,0,1,0,0,0,0,0,0
ल्यापटप ब्याग रहेको तपाईंको BigBasket कार्ट 1 मिनेट मा सकिन्छ,false_urgency,false_urgency,ne,p,promo,[TAG=p] [ROLE=promo] ल्यापटप ब्याग रहेको तपाईंको BigBasket कार्ट 1 मिनेट मा सकिन्छ,false_urgency:ne:20,synthetic_v1,0,1,0,0,0,0,0,0
25% छूट 6 घंटे में समाप्त,false_urgency,false_urgency,hi,span,timer,[TAG=span] [ROLE=timer] 25% छूट 6 घंटे में समाप्त,false_urgency:hi:15,synthetic_v1,0,1,0,0,0,0,0,0
ऑफ़र 02:14 में खत्म — केवल 12 बचे!,false_urgency|scarcity,false_urgency,hi,div,banner,[TAG=div] [ROLE=banner] ऑफ़र 02:14 में खत्म — केवल 12 बचे!,false_urgency:hi:14,synthetic_v1,0,1,0,0,1,0,0,0
"30 मिनेट भित्र अर्डर गर्नुहोस्, 3 दिनमा डेलिभरी",false_urgency,false_urgency,ne,span,timer,"[TAG=span] [ROLE=timer] 30 मिनेट भित्र अर्डर गर्नुहोस्, 3 दिनमा डेलिभरी",false_urgency:ne:16,synthetic_v1,0,1,0,0,0,0,0,0
Tata Cliq sale on formal shirt ends in 1 hour,false_urgency,false_urgency,en,div,banner,[TAG=div] [ROLE=banner] Tata Cliq sale on formal shirt ends in 1 hour,false_urgency:en:17,synthetic_v1,0,1,0,0,0,0,0,0
Lenskart मा रनिङ जुत्ता मा 40% छुट — 12 घण्टा बाँकी,false_urgency,false_urgency,ne,p,promo,[TAG=p] [ROLE=promo] Lenskart मा रनिङ जुत्ता मा 40% छुट — 12 घण्टा बाँकी,false_urgency:ne:19,synthetic_v1,0,1,0,0,0,0,0,0
अफर 30 मिनेट मा सकिन्छ — 10 मात्र बाँकी!,false_urgency|scarcity,false_urgency,ne,span,timer,[TAG=span] [ROLE=timer] अफर 30 मिनेट मा सकिन्छ — 10 मात्र बाँकी!,false_urgency:ne:14,synthetic_v1,0,1,0,0,1,0,0,0
काउंटडाउन: 00:59 में कीमत बढ़ेगी,false_urgency,false_urgency,hi,p,promo,[TAG=p] [ROLE=promo] काउंटडाउन: 00:59 में कीमत बढ़ेगी,false_urgency:hi:08,synthetic_v1,0,1,0,0,0,0,0,0
ऑफ़र 45 मिनट में खत्म — केवल 8 बचे!,false_urgency|scarcity,false_urgency,hi,span,timer,[TAG=span] [ROLE=timer] ऑफ़र 45 मिनट में खत्म — केवल 8 बचे!,false_urgency:hi:14,synthetic_v1,0,1,0,0,1,0,0,0
Order in 2 hours to get delivery in 14 days,false_urgency,false_urgency,en,span,timer,[TAG=span] [ROLE=timer] Order in 2 hours to get delivery in 14 days,false_urgency:en:16,synthetic_v1,0,1,0,0,0,0,0,0
Order induction cooktop within 5 minutes for delivery to Dharan,false_urgency,false_urgency,en,span,timer,[TAG=span] [ROLE=timer] Order induction cooktop within 5 minutes for delivery to Dharan,false_urgency:en:18,synthetic_v1,0,1,0,0,0,0,0,0
सेल 02:14 में खत्म!,false_urgency,false_urgency,hi,p,promo,[TAG=p] [ROLE=promo] सेल 02:14 में खत्म!,false_urgency:hi:00,synthetic_v1,0,1,0,0,0,0,0,0
अन्तिम मौका — पावर ब्यांक मा 30 मिनेट बाँकी,false_urgency,false_urgency,ne,div,banner,[TAG=div] [ROLE=banner] अन्तिम मौका — पावर ब्यांक मा 30 मिनेट बाँकी,false_urgency:ne:05,synthetic_v1,0,1,0,0,0,0,0,0
स्मार्टवॉच वाला आपका Ajio कार्ट 45 मिनट में खत्म,false_urgency,false_urgency,hi,p,promo,[TAG=p] [ROLE=promo] स्मार्टवॉच वाला आपका Ajio कार्ट 45 मिनट में खत्म,false_urgency:hi:20,synthetic_v1,0,1,0,0,0,0,0,0
Order electric kettle within 23:11 for delivery to Lucknow,false_urgency,false_urgency,en,p,promo,[TAG=p] [ROLE=promo] Order electric kettle within 23:11 for delivery to Lucknow,false_urgency:en:18,synthetic_v1,0,1,0,0,0,0,0,0
Today only! 40% off school bag,false_urgency,false_urgency,en,div,banner,[TAG=div] [ROLE=banner] Today only! 40% off school bag,false_urgency:en:10,synthetic_v1,0,1,0,0,0,0,0,0
60% छूट 00:59 में समाप्त,false_urgency,false_urgency,hi,p,promo,[TAG=p] [ROLE=promo] 60% छूट 00:59 में समाप्त,false_urgency:hi:15,synthetic_v1,0,1,0,0,0,0,0,0
अफर 04:30 मा सकिन्छ — 12 मात्र बाँकी!,false_urgency|scarcity,false_urgency,ne,div,banner,[TAG=div] [ROLE=banner] अफर 04:30 मा सकिन्छ — 12 मात्र बाँकी!,false_urgency:ne:14,synthetic_v1,0,1,0,0,1,0,0,0
जल्दी करें! पानी की बोतल पर ऑफ़र 04:30 में समाप्त,false_urgency,false_urgency,hi,div,banner,[TAG=div] [ROLE=banner] जल्दी करें! पानी की बोतल पर ऑफ़र 04:30 में समाप्त,false_urgency:hi:01,synthetic_v1,0,1,0,0,0,0,0,0
हेटौंडा डेलिभरीका लागि 6 घण्टा भित्र ट्रेकिङ ज्याकेट अर्डर गर्नुहोस्,false_urgency,false_urgency,ne,div,banner,[TAG=div] [ROLE=banner] हेटौंडा डेलिभरीका लागि 6 घण्टा भित्र ट्रेकिङ ज्याकेट अर्डर गर्नुहोस्,false_urgency:ne:18,synthetic_v1,0,1,0,0,0,0,0,0
Salesberry मा प्रोटिन पाउडर को सेल 04:30 मा सकिन्छ,false_urgency,false_urgency,ne,p,promo,[TAG=p] [ROLE=promo] Salesberry मा प्रोटिन पाउडर को सेल 04:30 मा सकिन्छ,false_urgency:ne:17,synthetic_v1,0,1,0,0,0,0,0,0
यो दर पाउन 3 मिनेट भित्र बुक गर्नुहोस्,false_urgency,false_urgency,ne,div,banner,[TAG=div] [ROLE=banner] यो दर पाउन 3 मिनेट भित्र बुक गर्नुहोस्,false_urgency:ne:09,synthetic_v1,0,1,0,0,0,0,0,0
20% off rice cooker at Flipkart — 04:30 left,false_urgency,false_urgency,en,p,promo,[TAG=p] [ROLE=promo] 20% off rice cooker at Flipkart — 04:30 left,false_urgency:en:19,synthetic_v1,0,1,0,0,0,0,0,0
Offer ends in 02:14 — only 7 left!,false_urgency|scarcity,false_urgency,en,p,promo,[TAG=p] [ROLE=promo] Offer ends in 02:14 — only 7 left!,false_urgency:en:14,synthetic_v1,0,1,0,0,1,0,0,0
"3 घण्टा भित्र अर्डर गर्नुहोस्, 4 दिनमा डेलिभरी",false_urgency,false_urgency,ne,div,banner,"[TAG=div] [ROLE=banner] 3 घण्टा भित्र अर्डर गर्नुहोस्, 4 दिनमा डेलिभरी",false_urgency:ne:16,synthetic_v1,0,1,0,0,0,0,0,0
Hurry! Offer on hair dryer expires in 3 hours,false_urgency,false_urgency,en,span,timer,[TAG=span] [ROLE=timer] Hurry! Offer on hair dryer expires in 3 hours,false_urgency:en:01,synthetic_v1,0,1,0,0,0,0,0,0
Last chance — 04:30 left on sunglasses,false_urgency,false_urgency,en,span,timer,[TAG=span] [ROLE=timer] Last chance — 04:30 left on sunglasses,false_urgency:en:05,synthetic_v1,0,1,0,0,0,0,0,0
Lenskart मा ल्यापटप ब्याग मा 30% छुट — 12:00 बाँकी,false_urgency,false_urgency,ne,p,promo,[TAG=p] [ROLE=promo] Lenskart मा ल्यापटप ब्याग मा 30% छुट — 12:00 बाँकी,false_urgency:ne:19,synthetic_v1,0,1,0,0,0,0,0,0
सूरत डिलीवरी के लिए 1 मिनट में डेनिम जींस ऑर्डर करें,false_urgency,false_urgency,hi,span,timer,[TAG=span] [ROLE=timer] सूरत डिलीवरी के लिए 1 मिनट में डेनिम जींस ऑर्डर करें,false_urgency:hi:18,synthetic_v1,0,1,0,0,0,0,0,0
जल्दी करें! कॉटन कुर्ता पर ऑफ़र 2 घंटे में समाप्त,false_urgency,false_urgency,hi,div,banner,[TAG=div] [ROLE=banner] जल्दी करें! कॉटन कुर्ता पर ऑफ़र 2 घंटे में समाप्त,false_urgency:hi:01,synthetic_v1,0,1,0,0,0,0,0,0
Your SastoDeal cart with yoga mat expires in 2 hours,false_urgency,false_urgency,en,div,banner,[TAG=div] [ROLE=banner] Your SastoDeal cart with yoga mat expires in 2 hours,false_urgency:en:20,synthetic_v1,0,1,0,0,0,0,0,0
FirstCry sale on gaming mouse ends in 12:00,false_urgency,false_urgency,en,div,banner,[TAG=div] [ROLE=banner] FirstCry sale on gaming mouse ends in 12:00,false_urgency:en:17,synthetic_v1,0,1,0,0,0,0,0,0
Order in 1 hour to get delivery in 2 days,false_urgency,false_urgency,en,p,promo,[TAG=p] [ROLE=promo] Order in 1 hour to get delivery in 2 days,false_urgency:en:16,synthetic_v1,0,1,0,0,0,0,0,0
Order in 7 minutes to get delivery in 10 days,false_urgency,false_urgency,en,p,promo,[TAG=p] [ROLE=promo] Order in 7 minutes to get delivery in 10 days,false_urgency:en:16,synthetic_v1,0,1,0,0,0,0,0,0
छिटो गर्नुहोस्! इलेक्ट्रिक केतली को अफर 3 घण्टा मा सकिँदै,false_urgency,false_urgency,ne,span,timer,[TAG=span] [ROLE=timer] छिटो गर्नुहोस्! इलेक्ट्रिक केतली को अफर 3 घण्टा मा सकिँदै,false_urgency:ne:01,synthetic_v1,0,1,0,0,0,0,0,0
यो डिलमा 24 घण्टा मात्र बाँकी,false_urgency,false_urgency,ne,div,banner,[TAG=div] [ROLE=banner] यो डिलमा 24 घण्टा मात्र बाँकी,false_urgency:ne:11,synthetic_v1,0,1,0,0,0,0,0,0
आपका कार्ट 15 मिनट में खाली हो जाएगा,false_urgency,false_urgency,hi,span,timer,[TAG=span] [ROLE=timer] आपका कार्ट 15 मिनट में खाली हो जाएगा,false_urgency:hi:03,synthetic_v1,0,1,0,0,0,0,0,0
सिर्फ़ आज! धूप का चश्मा पर 70% छूट,false_urgency,false_urgency,hi,span,timer,[TAG=span] [ROLE=timer] सिर्फ़ आज! धूप का चश्मा पर 70% छूट,false_urgency:hi:10,synthetic_v1,0,1,0,0,0,0,0,0
"48 घंटे में ऑर्डर करें, 2 दिन में डिलीवरी",false_urgency,false_urgency,hi,span,timer,"[TAG=span] [ROLE=timer] 48 घंटे में ऑर्डर करें, 2 दिन में डिलीवरी",false_urgency:hi:16,synthetic_v1,0,1,0,0,0,0,0,0
मूल्य 3 मिनेट मा बढ्नेछ,false_urgency,false_urgency,ne,p,promo,[TAG=p] [ROLE=promo] मूल्य 3 मिनेट मा बढ्नेछ,false_urgency:ne:04,synthetic_v1,0,1,0,0,0,0,0,0
Reserved for you for 20 minutes,false_urgency,false_urgency,en,p,promo,[TAG=p] [ROLE=promo] Reserved for you for 20 minutes,false_urgency:en:12,synthetic_v1,0,1,0,0,0,0,0,0
आपका कार्ट 5 मिनट में खाली हो जाएगा,false_urgency,false_urgency,hi,div,banner,[TAG=div] [ROLE=banner] आपका कार्ट 5 मिनट में खाली हो जाएगा,false_urgency:hi:03,synthetic_v1,0,1,0,0,0,0,0,0
छिटो गर्नुहोस्! फेस वास को अफर 00:59 मा सकिँदै,false_urgency,false_urgency,ne,div,banner,[TAG=div] [ROLE=banner] छिटो गर्नुहोस्! फेस वास को अफर 00:59 मा सकिँदै,false_urgency:ne:01,synthetic_v1,0,1,0,0,0,0,0,0
अगले 12 मिनट तक ही मान्य,false_urgency,false_urgency,hi,p,promo,[TAG=p] [ROLE=promo] अगले 12 मिनट तक ही मान्य,false_urgency:hi:07,synthetic_v1,0,1,0,0,0,0,0,0
अन्तिम मौका — घामको चस्मा मा 12 घण्टा बाँकी,false_urgency,false_urgency,ne,div,banner,[TAG=div] [ROLE=banner] अन्तिम मौका — घामको चस्मा मा 12 घण्टा बाँकी,false_urgency:ne:05,synthetic_v1,0,1,0,0,0,0,0,0
"इलेक्ट्रिक केतली मा रु. 2,499 को मूल्य 1 घण्टा सम्म मात्र",false_urgency,false_urgency,ne,p,promo,"[TAG=p] [ROLE=promo] इलेक्ट्रिक केतली मा रु. 2,499 को मूल्य 1 घण्टा सम्म मात्र",false_urgency:ne:21,synthetic_v1,0,1,0,0,0,0,0,0
जल्दी करें! ऑफिस चेयर पर ऑफ़र 12:00 में समाप्त,false_urgency,false_urgency,hi,p,promo,[TAG=p] [ROLE=promo] जल्दी करें! ऑफिस चेयर पर ऑफ़र 12:00 में समाप्त,false_urgency:hi:01,synthetic_v1,0,1,0,0,0,0,0,0
35% off running shoes at BigBasket — 12 hours left,false_urgency,false_urgency,en,span,timer,[TAG=span] [ROLE=timer] 35% off running shoes at BigBasket — 12 hours left,false_urgency:en:19,synthetic_v1,0,1,0,0,0,0,0,0
यो डिलमा 18 घण्टा मात्र बाँकी,false_urgency,false_urgency,ne,span,timer,[TAG=span] [ROLE=timer] यो डिलमा 18 घण्टा मात्र बाँकी,false_urgency:ne:11,synthetic_v1,0,1,0,0,0,0,0,0
"फ्लैश सेल 30 मिनट में खत्म, चूकें नहीं",false_urgency,false_urgency,hi,div,banner,"[TAG=div] [ROLE=banner] फ्लैश सेल 30 मिनट में खत्म, चूकें नहीं",false_urgency:hi:06,synthetic_v1,0,1,0,0,0,0,0,0
Hurry! Offer on face wash expires in 23:11,false_urgency,false_urgency,en,p,promo,[TAG=p] [ROLE=promo] Hurry! Offer on face wash expires in 23:11,false_urgency:en:01,synthetic_v1,0,1,0,0,0,0,0,0
आख़िरी मौका — फोन कवर पर 48 घंटे बाकी,false_urgency,false_urgency,hi,span,timer,[TAG=span] [ROLE=timer] आख़िरी मौका — फोन कवर पर 48 घंटे बाकी,false_urgency:hi:05,synthetic_v1,0,1,0,0,0,0,0,0
Order in 02:14 to get delivery in 5 days,false_urgency,false_urgency,en,p,promo,[TAG=p] [ROLE=promo] Order in 02:14 to get delivery in 5 days,false_urgency:en:16,synthetic_v1,0,1,0,0,0,0,0,0
Zepto पर स्पोर्ट्स सैंडल पर 60% छूट — 5 मिनट बाकी,false_urgency,false_urgency,hi,div,banner,[TAG=div] [ROLE=banner] Zepto पर स्पोर्ट्स सैंडल पर 60% छूट — 5 मिनट बाकी,false_urgency:hi:19,synthetic_v1,0,1,0,0,0,0,0,0
HamroBazar sale on water bottle ends in 1 hour,false_urgency,false_urgency,en,p,promo,[TAG=p] [ROLE=promo] HamroBazar sale on water bottle ends in 1 hour,false_urgency:en:17,synthetic_v1,0,1,0,0,0,0,0,0
15% छूट 1 घंटे में समाप्त,false_urgency,false_urgency,hi,span,timer,[TAG=span] [ROLE=timer] 15% छूट 1 घंटे में समाप्त,false_urgency:hi:15,synthetic_v1,0,1,0,0,0,0,0,0
Zepto मा ल्यापटप ब्याग को सेल 3 मिनेट मा सकिन्छ,false_urgency,false_urgency,ne,p,promo,[TAG=p] [ROLE=promo] Zepto मा ल्यापटप ब्याग को सेल 3 मिनेट मा सकिन्छ,false_urgency:ne:17,synthetic_v1,0,1,0,0,0,0,0,0
लखनऊ डिलीवरी के लिए 10 मिनट में प्रोटीन पाउडर ऑर्डर करें,false_urgency,false_urgency,hi,div,banner,[TAG=div] [ROLE=banner] लखनऊ डिलीवरी के लिए 10 मिनट में प्रोटीन पाउडर ऑर्डर करें,false_urgency:hi:18,synthetic_v1,0,1,0,0,0,0,0,0
जल्दी करें! स्मार्टवॉच पर ऑफ़र 45 मिनट में समाप्त,false_urgency,false_urgency,hi,div,banner,[TAG=div] [ROLE=banner] जल्दी करें! स्मार्टवॉच पर ऑफ़र 45 मिनट में समाप्त,false_urgency:hi:01,synthetic_v1,0,1,0,0,0,0,0,0
"20 मिनेट भित्र अर्डर गर्नुहोस्, 14 दिनमा डेलिभरी",false_urgency,false_urgency,ne,div,banner,"[TAG=div] [ROLE=banner] 20 मिनेट भित्र अर्डर गर्नुहोस्, 14 दिनमा डेलिभरी",false_urgency:ne:16,synthetic_v1,0,1,0,0,0,0,0,0
Today only! 5% off rice cooker,false_urgency,false_urgency,en,span,timer,[TAG=span] [ROLE=timer] Today only! 5% off rice cooker,false_urgency:en:10,synthetic_v1,0,1,0,0,0,0,0,0
Meesho पर राइस कुकर की सेल 7 मिनट में खत्म,false_urgency,false_urgency,hi,div,banner,[TAG=div] [ROLE=banner] Meesho पर राइस कुकर की सेल 7 मिनट में खत्म,false_urgency:hi:17,synthetic_v1,0,1,0,0,0,0,0,0
40% off trekking jacket at BigBasket — 1 minute left,false_urgency,false_urgency,en,div,banner,[TAG=div] [ROLE=banner] 40% off trekking jacket at BigBasket — 1 minute left,false_urgency:en:19,synthetic_v1,0,1,0,0,0,0,0,0
सेल 1 घण्टा मा सकिन्छ!,false_urgency,false_urgency,ne,div,banner,[TAG=div] [ROLE=banner] सेल 1 घण्टा मा सकिन्छ!,false_urgency:ne:00,synthetic_v1,0,1,0,0,0,0,0,0
ऑफ़र 5 मिनट में खत्म — केवल 8 बचे!,false_urgency|scarcity,false_urgency,hi,div,banner,[TAG=div] [ROLE=banner] ऑफ़र 5 मिनट में खत्म — केवल 8 बचे!,false_urgency:hi:14,synthetic_v1,0,1,0,0,1,0,0,0
Last chance — 2 hours left on rice cooker,false_urgency,false_urgency,en,span,timer,[TAG=span] [ROLE=timer] Last chance — 2 hours left on rice cooker,false_urgency:en:05,synthetic_v1,0,1,0,0,0,0,0,0
Order in 7 minutes to get delivery in 14 days,false_urgency,false_urgency,en,p,promo,[TAG=p] [ROLE=promo] Order in 7 minutes to get delivery in 14 days,false_urgency:en:16,synthetic_v1,0,1,0,0,0,0,0,0
Today only! 30% off running shoes,false_urgency,false_urgency,en,p,promo,[TAG=p] [ROLE=promo] Today only! 30% off running shoes,false_urgency:en:10,synthetic_v1,0,1,0,0,0,0,0,0
छिटो गर्नुहोस्! स्कुल ब्याग को अफर 3 मिनेट मा सकिँदै,false_urgency,false_urgency,ne,div,banner,[TAG=div] [ROLE=banner] छिटो गर्नुहोस्! स्कुल ब्याग को अफर 3 मिनेट मा सकिँदै,false_urgency:ne:01,synthetic_v1,0,1,0,0,0,0,0,0
40% off expires in 3 hours,false_urgency,false_urgency,en,span,timer,[TAG=span] [ROLE=timer] 40% off expires in 3 hours,false_urgency:en:15,synthetic_v1,0,1,0,0,0,0,0,0
Hurry! Offer on induction cooktop expires in 19:20,false_urgency,false_urgency,en,div,banner,[TAG=div] [ROLE=banner] Hurry! Offer on induction cooktop expires in 19:20,false_urgency:en:01,synthetic_v1,0,1,0,0,0,0,0,0
कटन कुर्ता रहेको तपाईंको Tata Cliq कार्ट 19:20 मा सकिन्छ,false_urgency,false_urgency,ne,div,banner,[TAG=div] [ROLE=banner] कटन कुर्ता रहेको तपाईंको Tata Cliq कार्ट 19:20 मा सकिन्छ,false_urgency:ne:20,synthetic_v1,0,1,0,0,0,0,0,0
आख़िरी मौका — सर्दी का कंबल पर 20 मिनट बाकी,false_urgency,false_urgency,hi,div,banner,[TAG=div] [ROLE=banner] आख़िरी मौका — सर्दी का कंबल पर 20 मिनट बाकी,false_urgency:hi:05,synthetic_v1,0,1,0,0,0,0,0,0
50% off study lamp at Tata Cliq — 45 minutes left,false_urgency,false_urgency,en,p,promo,[TAG=p] [ROLE=promo] 50% off study lamp at Tata Cliq — 45 minutes left,false_urgency:en:19,synthetic_v1,0,1,0,0,0,0,0,0
ऑफ़र 6 घंटे में खत्म — केवल 5 बचे!,false_urgency|scarcity,false_urgency,hi,div,banner,[TAG=div] [ROLE=banner] ऑफ़र 6 घंटे में खत्म — केवल 5 बचे!,false_urgency:hi:14,synthetic_v1,0,1,0,0,1,0,0,0
15% off laptop bag at Snapdeal — 19:20 left,false_urgency,false_urgency,en,div,banner,[TAG=div] [ROLE=banner] 15% off laptop bag at Snapdeal — 19:20 left,false_urgency:en:19,synthetic_v1,0,1,0,0,0,0,0,0
Order water bottle within 7 minutes for delivery to Patna,false_urgency,false_urgency,en,div,banner,[TAG=div] [ROLE=banner] Order water bottle within 7 minutes for delivery to Patna,false_urgency:en:18,synthetic_v1,0,1,0,0,0,0,0,0
"3 मिनट में ऑर्डर करें, 5 दिन में डिलीवरी",false_urgency,false_urgency,hi,div,banner,"[TAG=div] [ROLE=banner] 3 मिनट में ऑर्डर करें, 5 दिन में डिलीवरी",false_urgency:hi:16,synthetic_v1,0,1,0,0,0,0,0,0
पुणे डिलीवरी के लिए 09:45 में प्रोटीन पाउडर ऑर्डर करें,false_urgency,false_urgency,hi,p,promo,[TAG=p] [ROLE=promo] पुणे डिलीवरी के लिए 09:45 में प्रोटीन पाउडर ऑर्डर करें,false_urgency:hi:18,synthetic_v1,0,1,0,0,0,0,0,0
दाम 20 मिनट में बढ़ जाएंगे,false_urgency,false_urgency,hi,span,timer,[TAG=span] [ROLE=timer] दाम 20 मिनट में बढ़ जाएंगे,false_urgency:hi:04,synthetic_v1,0,1,0,0,0,0,0,0
छिटो गर्नुहोस्! फर्मल सर्ट को अफर 48 घण्टा मा सकिँदै,false_urgency,false_urgency,ne,span,timer,[TAG=span] [ROLE=timer] छिटो गर्नुहोस्! फर्मल सर्ट को अफर 48 घण्टा मा सकिँदै,false_urgency:ne:01,synthetic_v1,0,1,0,0,0,0,0,0
5% off expires in 12:00,false_urgency,false_urgency,en,span,timer,[TAG=span] [ROLE=timer] 5% off expires in 12:00,false_urgency:en:15,synthetic_v1,0,1,0,0,0,0,0,0
आख़िरी मौका — ऑफिस चेयर पर 5 मिनट बाकी,false_urgency,false_urgency,hi,p,promo,[TAG=p] [ROLE=promo] आख़िरी मौका — ऑफिस चेयर पर 5 मिनट बाकी,false_urgency:hi:05,synthetic_v1,0,1,0,0,0,0,0,0
Muncha पर इंडक्शन चूल्हा की सेल 3 घंटे में खत्म,false_urgency,false_urgency,hi,p,promo,[TAG=p] [ROLE=promo] Muncha पर इंडक्शन चूल्हा की सेल 3 घंटे में खत्म,false_urgency:hi:17,synthetic_v1,0,1,0,0,0,0,0,0
Rs. 299 price on electric kettle valid for 1 hour only,false_urgency,false_urgency,en,span,timer,[TAG=span] [ROLE=timer] Rs. 299 price on electric kettle valid for 1 hour only,false_urgency:en:21,synthetic_v1,0,1,0,0,0,0,0,0
कॉफी मेकर वाला आपका Croma कार्ट 09:45 में खत्म,false_urgency,false_urgency,hi,p,promo,[TAG=p] [ROLE=promo] कॉफी मेकर वाला आपका Croma कार्ट 09:45 में खत्म,false_urgency:hi:20,synthetic_v1,0,1,0,0,0,0,0,0
मागका कारण 2 घण्टा थपियो,false_urgency,false_urgency,ne,span,timer,[TAG=span] [ROLE=timer] मागका कारण 2 घण्टा थपियो,false_urgency:ne:13,synthetic_v1,0,1,0,0,0,0,0,0
छिटो गर्नुहोस्! फोन कभर को अफर 24 घण्टा मा सकिँदै,false_urgency,false_urgency,ne,div,banner,[TAG=div] [ROLE=banner] छिटो गर्नुहोस्! फोन कभर को अफर 24 घण्टा मा सकिँदै,false_urgency:ne:01,synthetic_v1,0,1,0,0,0,0,0,0
मागका कारण 48 घण्टा थपियो,false_urgency,false_urgency,ne,p,promo,[TAG=p] [ROLE=promo] मागका कारण 48 घण्टा थपियो,false_urgency:ne:13,synthetic_v1,0,1,0,0,0,0,0,0
यह दर पाने के लिए 02:14 में बुक करें,false_urgency,false_urgency,hi,div,banner,[TAG=div] [ROLE=banner] यह दर पाने के लिए 02:14 में बुक करें,false_urgency:hi:09,synthetic_v1,0,1,0,0,0,0,0,0
धरान डेलिभरीका लागि 15 मिनेट भित्र इलेक्ट्रिक केतली अर्डर गर्नुहोस्,false_urgency,false_urgency,ne,p,promo,[TAG=p] [ROLE=promo] धरान डेलिभरीका लागि 15 मिनेट भित्र इलेक्ट्रिक केतली अर्डर गर्नुहोस्,false_urgency:ne:18,synthetic_v1,0,1,0,0,0,0,0,0
Hurry! Offer on smartwatch expires in 24 hours,false_urgency,false_urgency,en,p,promo,[TAG=p] [ROLE=promo] Hurry! Offer on smartwatch expires in 24 hours,false_urgency:en:01,synthetic_v1,0,1,0,0,0,0,0,0
इस डील पर केवल 10 मिनट शेष,false_urgency,false_urgency,hi,span,timer,[TAG=span] [ROLE=timer] इस डील पर केवल 10 मिनट शेष,false_urgency:hi:11,synthetic_v1,0,1,0,0,0,0,0,0
छिटो गर्नुहोस्! स्मार्टवाच को अफर 00:59 मा सकिँदै,false_urgency,false_urgency,ne,span,timer,[TAG=span] [ROLE=timer] छिटो गर्नुहोस्! स्मार्टवाच को अफर 00:59 मा सकिँदै,false_urgency:ne:01,synthetic_v1,0,1,0,0,0,0,0,0
आख़िरी मौका — रनिंग शूज़ पर 20 मिनट बाकी,false_urgency,false_urgency,hi,div,banner,[TAG=div] [ROLE=banner] आख़िरी मौका — रनिंग शूज़ पर 20 मिनट बाकी,false_urgency:hi:05,synthetic_v1,0,1,0,0,0,0,0,0
धरान डेलिभरीका लागि 23:11 भित्र राइस कुकर अर्डर गर्नुहोस्,false_urgency,false_urgency,ne,span,timer,[TAG=span] [ROLE=timer] धरान डेलिभरीका लागि 23:11 भित्र राइस कुकर अर्डर गर्नुहोस्,false_urgency:ne:18,synthetic_v1,0,1,0,0,0,0,0,0
Rs. 99 price on water bottle valid for 19:20 only,false_urgency,false_urgency,en,div,banner,[TAG=div] [ROLE=banner] Rs. 99 price on water bottle valid for 19:20 only,false_urgency:en:21,synthetic_v1,0,1,0,0,0,0,0,0
"Rs. 2,999 price on hair dryer valid for 04:30 only",false_urgency,false_urgency,en,span,timer,"[TAG=span] [ROLE=timer] Rs. 2,999 price on hair dryer valid for 04:30 only",false_urgency:en:21,synthetic_v1,0,1,0,0,0,0,0,0
80% off smartwatch at Gyapu — 12:00 left,false_urgency,false_urgency,en,span,timer,[TAG=span] [ROLE=timer] 80% off smartwatch at Gyapu — 12:00 left,false_urgency:en:19,synthetic_v1,0,1,0,0,0,0,0,0
Amazon पर स्टडी लैंप की सेल 14:59 में खत्म,false_urgency,false_urgency,hi,div,banner,[TAG=div] [ROLE=banner] Amazon पर स्टडी लैंप की सेल 14:59 में खत्म,false_urgency:hi:17,synthetic_v1,0,1,0,0,0,0,0,0
यह दर पाने के लिए 23:11 में बुक करें,false_urgency,false_urgency,hi,div,banner,[TAG=div] [ROLE=banner] यह दर पाने के लिए 23:11 में बुक करें,false_urgency:hi:09,synthetic_v1,0,1,0,0,0,0,0,0
यह कीमत आपके लिए 19:20 तक सुरक्षित,false_urgency,false_urgency,hi,span,timer,[TAG=span] [ROLE=timer] यह कीमत आपके लिए 19:20 तक सुरक्षित,false_urgency:hi:12,synthetic_v1,0,1,0,0,0,0,0,0
Sale ends in 14:59!,false_urgency,false_urgency,en,span,timer,[TAG=span] [ROLE=timer] Sale ends in 14:59!,false_urgency:en:00,synthetic_v1,0,1,0,0,0,0,0,0
धनगढी डेलिभरीका लागि 3 मिनेट भित्र स्कुल ब्याग अर्डर गर्नुहोस्,false_urgency,false_urgency,ne,div,banner,[TAG=div] [ROLE=banner] धनगढी डेलिभरीका लागि 3 मिनेट भित्र स्कुल ब्याग अर्डर गर्नुहोस्,false_urgency:ne:18,synthetic_v1,0,1,0,0,0,0,0,0
आज मात्र! ब्लुटुथ स्पिकर मा 40% छुट,false_urgency,false_urgency,ne,p,promo,[TAG=p] [ROLE=promo] आज मात्र! ब्लुटुथ स्पिकर मा 40% छुट,false_urgency:ne:10,synthetic_v1,0,1,0,0,0,0,0,0
30% छूट 48 घंटे में समाप्त,false_urgency,false_urgency,hi,div,banner,[TAG=div] [ROLE=banner] 30% छूट 48 घंटे में समाप्त,false_urgency:hi:15,synthetic_v1,0,1,0,0,0,0,0,0
Last chance — 14:59 left on sports sandals,false_urgency,false_urgency,en,p,promo,[TAG=p] [ROLE=promo] Last chance — 14:59 left on sports sandals,false_urgency:en:05,synthetic_v1,0,1,0,0,0,0,0,0
Thulo मा डेनिम जिन्स को सेल 12 घण्टा मा सकिन्छ,false_urgency,false_urgency,ne,div,banner,[TAG=div] [ROLE=banner] Thulo मा डेनिम जिन्स को सेल 12 घण्टा मा सकिन्छ,false_urgency:ne:17,synthetic_v1,0,1,0,0,0,0,0,0
"04:30 भित्र अर्डर गर्नुहोस्, 10 दिनमा डेलिभरी",false_urgency,false_urgency,ne,div,banner,"[TAG=div] [ROLE=banner] 04:30 भित्र अर्डर गर्नुहोस्, 10 दिनमा डेलिभरी",false_urgency:ne:16,synthetic_v1,0,1,0,0,0,0,0,0
Meesho मा हिउँदको ब्ल्याङ्केट मा 35% छुट — 48 घण्टा बाँकी,false_urgency,false_urgency,ne,p,promo,[TAG=p] [ROLE=promo] Meesho मा हिउँदको ब्ल्याङ्केट मा 35% छुट — 48 घण्टा बाँकी,false_urgency:ne:19,synthetic_v1,0,1,0,0,0,0,0,0
JioMart पर धूप का चश्मा की सेल 14:59 में खत्म,false_urgency,false_urgency,hi,span,timer,[TAG=span] [ROLE=timer] JioMart पर धूप का चश्मा की सेल 14:59 में खत्म,false_urgency:hi:17,synthetic_v1,0,1,0,0,0,0,0,0
Order in 1 hour to get delivery in 7 days,false_urgency,false_urgency,en,p,promo,[TAG=p] [ROLE=promo] Order in 1 hour to get delivery in 7 days,false_urgency:en:16,synthetic_v1,0,1,0,0,0,0,0,0
एयर फ्रायर रहेको तपाईंको Reliance Digital कार्ट 3 मिनेट मा सकिन्छ,false_urgency,false_urgency,ne,div,banner,[TAG=div] [ROLE=banner] एयर फ्रायर रहेको तपाईंको Reliance Digital कार्ट 3 मिनेट मा सकिन्छ,false_urgency:ne:20,synthetic_v1,0,1,0,0,0,0,0,0
इस डील पर केवल 7 मिनट शेष,false_urgency,false_urgency,hi,div,banner,[TAG=div] [ROLE=banner] इस डील पर केवल 7 मिनट शेष,false_urgency:hi:11,synthetic_v1,0,1,0,0,0,0,0,0
"30 मिनट में ऑर्डर करें, 3 दिन में डिलीवरी",false_urgency,false_urgency,hi,div,banner,"[TAG=div] [ROLE=banner] 30 मिनट में ऑर्डर करें, 3 दिन में डिलीवरी",false_urgency:hi:16,synthetic_v1,0,1,0,0,0,0,0,0
"फ्ल्यास सेल 23:11 मा सकिँदै, नगुमाउनुहोस्",false_urgency,false_urgency,ne,div,banner,"[TAG=div] [ROLE=banner] फ्ल्यास सेल 23:11 मा सकिँदै, नगुमाउनुहोस्",false_urgency:ne:06,synthetic_v1,0,1,0,0,0,0,0,0
"04:30 में ऑर्डर करें, 14 दिन में डिलीवरी",false_urgency,false_urgency,hi,p,promo,"[TAG=p] [ROLE=promo] 04:30 में ऑर्डर करें, 14 दिन में डिलीवरी",false_urgency:hi:16,synthetic_v1,0,1,0,0,0,0,0,0
60% छुट 3 घण्टा मा सकिन्छ,false_urgency,false_urgency,ne,div,banner,[TAG=div] [ROLE=banner] 60% छुट 3 घण्टा मा सकिन्छ,false_urgency:ne:15,synthetic_v1,0,1,0,0,0,0,0,0
काउंटडाउन: 1 मिनट में कीमत बढ़ेगी,false_urgency,false_urgency,hi,p,promo,[TAG=p] [ROLE=promo] काउंटडाउन: 1 मिनट में कीमत बढ़ेगी,false_urgency:hi:08,synthetic_v1,0,1,0,0,0,0,0,0
आजको डिल 45 मिनेट मा सकिन्छ,false_urgency,false_urgency,ne,span,timer,[TAG=span] [ROLE=timer] आजको डिल 45 मिनेट मा सकिन्छ,false_urgency:ne:02,synthetic_v1,0,1,0,0,0,0,0,0
प्रोटीन पाउडर वाला आपका Muncha कार्ट 30 मिनट में खत्म,false_urgency,false_urgency,hi,div,banner,[TAG=div] [ROLE=banner] प्रोटीन पाउडर वाला आपका Muncha कार्ट 30 मिनट में खत्म,false_urgency:hi:20,synthetic_v1,0,1,0,0,0,0,0,0
Salesberry पर रनिंग शूज़ पर 5% छूट — 5 मिनट बाकी,false_urgency,false_urgency,hi,p,promo,[TAG=p] [ROLE=promo] Salesberry पर रनिंग शूज़ पर 5% छूट — 5 मिनट बाकी,false_urgency:hi:19,synthetic_v1,0,1,0,0,0,0,0,0
Last chance — 48 hours left on bluetooth speaker,false_urgency,false_urgency,en,div,banner,[TAG=div] [ROLE=banner] Last chance — 48 hours left on bluetooth speaker,false_urgency:en:05,synthetic_v1,0,1,0,0,0,0,0,0
ऑफ़र 5 मिनट में खत्म — केवल 4 बचे!,false_urgency|scarcity,false_urgency,hi,p,promo,[TAG=p] [ROLE=promo] ऑफ़र 5 मिनट में खत्म — केवल 4 बचे!,false_urgency:hi:14,synthetic_v1,0,1,0,0,1,0,0,0
डेनिम जिन्स मा रु. 999 को मूल्य 14:59 सम्म मात्र,false_urgency,false_urgency,ne,p,promo,[TAG=p] [ROLE=promo] डेनिम जिन्स मा रु. 999 को मूल्य 14:59 सम्म मात्र,false_urgency:ne:21,synthetic_v1,0,1,0,0,0,0,0,0
10% off smartwatch at FirstCry — 14:59 left,false_urgency,false_urgency,en,div,banner,[TAG=div] [ROLE=banner] 10% off smartwatch at FirstCry — 14:59 left,false_urgency:en:19,synthetic_v1,0,1,0,0,0,0,0,0
Sale ends in 12:00!,false_urgency,false_urgency,en,p,promo,[TAG=p] [ROLE=promo] Sale ends in 12:00!,false_urgency:en:00,synthetic_v1,0,1,0,0,0,0,0,0
Countdown: 02:14 until the price rises,false_urgency,false_urgency,en,p,promo,[TAG=p] [ROLE=promo] Countdown: 02:14 until the price rises,false_urgency:en:08,synthetic_v1,0,1,0,0,0,0,0,0
Sale ends in 20 minutes!,false_urgency,false_urgency,en,p,promo,[TAG=p] [ROLE=promo] Sale ends in 20 minutes!,false_urgency:en:00,synthetic_v1,0,1,0,0,0,0,0,0
Order noise cancelling headphones within 18 hours for delivery to Pokhara,false_urgency,false_urgency,en,p,promo,[TAG=p] [ROLE=promo] Order noise cancelling headphones within 18 hours for delivery to Pokhara,false_urgency:en:18,synthetic_v1,0,1,0,0,0,0,0,0
Last chance — 09:45 left on laptop bag,false_urgency,false_urgency,en,span,timer,[TAG=span] [ROLE=timer] Last chance — 09:45 left on laptop bag,false_urgency:en:05,synthetic_v1,0,1,0,0,0,0,0,0
अर्को 2 मिनेटसम्म मात्र मान्य,false_urgency,false_urgency,ne,div,banner,[TAG=div] [ROLE=banner] अर्को 2 मिनेटसम्म मात्र मान्य,false_urgency:ne:07,synthetic_v1,0,1,0,0,0,0,0,0
ऑफ़र 3 मिनट में खत्म — केवल 4 बचे!,false_urgency|scarcity,false_urgency,hi,div,banner,[TAG=div] [ROLE=banner] ऑफ़र 3 मिनट में खत्म — केवल 4 बचे!,false_urgency:hi:14,synthetic_v1,0,1,0,0,1,0,0,0
Deal of the day ends in 12 hours,false_urgency,false_urgency,en,span,timer,[TAG=span] [ROLE=timer] Deal of the day ends in 12 hours,false_urgency:en:02,synthetic_v1,0,1,0,0,0,0,0,0
आजको डिल 19:20 मा सकिन्छ,false_urgency,false_urgency,ne,p,promo,[TAG=p] [ROLE=promo] आजको डिल 19:20 मा सकिन्छ,false_urgency:ne:02,synthetic_v1,0,1,0,0,0,0,0,0
यह कीमत आपके लिए 2 घंटे तक सुरक्षित,false_urgency,false_urgency,hi,span,timer,[TAG=span] [ROLE=timer] यह कीमत आपके लिए 2 घंटे तक सुरक्षित,false_urgency:hi:12,synthetic_v1,0,1,0,0,0,0,0,0
Countdown: 14:59 until the price rises,false_urgency,false_urgency,en,span,timer,[TAG=span] [ROLE=timer] Countdown: 14:59 until the price rises,false_urgency:en:08,synthetic_v1,0,1,0,0,0,0,0,0
फेस वॉश वाला आपका Myntra कार्ट 48 घंटे में खत्म,false_urgency,false_urgency,hi,span,timer,[TAG=span] [ROLE=timer] फेस वॉश वाला आपका Myntra कार्ट 48 घंटे में खत्म,false_urgency:hi:20,synthetic_v1,0,1,0,0,0,0,0,0
Croma sale on trekking jacket ends in 04:30,false_urgency,false_urgency,en,p,promo,[TAG=p] [ROLE=promo] Croma sale on trekking jacket ends in 04:30,false_urgency:en:17,synthetic_v1,0,1,0,0,0,0,0,0
आज मात्र! घामको चस्मा मा 70% छुट,false_urgency,false_urgency,ne,div,banner,[TAG=div] [ROLE=banner] आज मात्र! घामको चस्मा मा 70% छुट,false_urgency:ne:10,synthetic_v1,0,1,0,0,0,0,0,0
"Rs. 1,999 price on phone case valid for 48 hours only",false_urgency,false_urgency,en,p,promo,"[TAG=p] [ROLE=promo] Rs. 1,999 price on phone case valid for 48 hours only",false_urgency:en:21,synthetic_v1,0,1,0,0,0,0,0,0
40% छुट 23:11 मा सकिन्छ,false_urgency,false_urgency,ne,div,banner,[TAG=div] [ROLE=banner] 40% छुट 23:11 मा सकिन्छ,false_urgency:ne:15,synthetic_v1,0,1,0,0,0,0,0,0
आज मात्र! इलेक्ट्रिक केतली मा 5% छुट,false_urgency,false_urgency,ne,p,promo,[TAG=p] [ROLE=promo] आज मात्र! इलेक्ट्रिक केतली मा 5% छुट,false_urgency:ne:10,synthetic_v1,0,1,0,0,0,0,0,0
पानीको बोतल रहेको तपाईंको Pepperfry कार्ट 7 मिनेट मा सकिन्छ,false_urgency,false_urgency,ne,span,timer,[TAG=span] [ROLE=timer] पानीको बोतल रहेको तपाईंको Pepperfry कार्ट 7 मिनेट मा सकिन्छ,false_urgency:ne:20,synthetic_v1,0,1,0,0,0,0,0,0
Your Muncha cart with cotton kurta expires in 30 minutes,false_urgency,false_urgency,en,div,banner,[TAG=div] [ROLE=banner] Your Muncha cart with cotton kurta expires in 30 minutes,false_urgency:en:20,synthetic_v1,0,1,0,0,0,0,0,0
छिटो गर्नुहोस्! इन्डक्सन चुल्हो को अफर 48 घण्टा मा सकिँदै,false_urgency,false_urgency,ne,div,banner,[TAG=div] [ROLE=banner] छिटो गर्नुहोस्! इन्डक्सन चुल्हो को अफर 48 घण्टा मा सकिँदै,false_urgency:ne:01,synthetic_v1,0,1,0,0,0,0,0,0
योगा म्याट मा रु. 399 को मूल्य 12 घण्टा सम्म मात्र,false_urgency,false_urgency,ne,div,banner,[TAG=div] [ROLE=banner] योगा म्याट मा रु. 399 को मूल्य 12 घण्टा सम्म मात्र,false_urgency:ne:21,synthetic_v1,0,1,0,0,0,0,0,0
Prices go up in 3 minutes,false_urgency,false_urgency,en,span,timer,[TAG=span] [ROLE=timer] Prices go up in 3 minutes,false_urgency:en:04,synthetic_v1,0,1,0,0,0,0,0,0
Croma पर स्पोर्ट्स सैंडल पर 30% छूट — 1 मिनट बाकी,false_urgency,false_urgency,hi,span,timer,[TAG=span] [ROLE=timer] Croma पर स्पोर्ट्स सैंडल पर 30% छूट — 1 मिनट बाकी,false_urgency:hi:19,synthetic_v1,0,1,0,0,0,0,0,0
"3 मिनेट भित्र अर्डर गर्नुहोस्, 4 दिनमा डेलिभरी",false_urgency,false_urgency,ne,div,banner,"[TAG=div] [ROLE=banner] 3 मिनेट भित्र अर्डर गर्नुहोस्, 4 दिनमा डेलिभरी",false_urgency:ne:16,synthetic_v1,0,1,0,0,0,0,0,0
इटहरी डेलिभरीका लागि 24 घण्टा भित्र इन्डक्सन चुल्हो अर्डर गर्नुहोस्,false_urgency,false_urgency,ne,div,banner,[TAG=div] [ROLE=banner] इटहरी डेलिभरीका लागि 24 घण्टा भित्र इन्डक्सन चुल्हो अर्डर गर्नुहोस्,false_urgency:ne:18,synthetic_v1,0,1,0,0,0,0,0,0
HamroBazar पर एयर फ्रायर पर 35% छूट — 6 घंटे बाकी,false_urgency,false_urgency,hi,span,timer,[TAG=span] [ROLE=timer] HamroBazar पर एयर फ्रायर पर 35% छूट — 6 घंटे बाकी,false_urgency:hi:19,synthetic_v1,0,1,0,0,0,0,0,0
पानीको बोतल मा रु. 299 को मूल्य 30 मिनेट सम्म मात्र,false_urgency,false_urgency,ne,span,timer,[TAG=span] [ROLE=timer] पानीको बोतल मा रु. 299 को मूल्य 30 मिनेट सम्म मात्र,false_urgency:ne:21,synthetic_v1,0,1,0,0,0,0,0,0
Hurry! Offer on yoga mat expires in 15 minutes,false_urgency,false_urgency,en,p,promo,[TAG=p] [ROLE=promo] Hurry! Offer on yoga mat expires in 15 minutes,false_urgency:en:01,synthetic_v1,0,1,0,0,0,0,0,0
तपाईंको कार्ट 19:20 मा खाली हुनेछ,false_urgency,false_urgency,ne,p,promo,[TAG=p] [ROLE=promo] तपाईंको कार्ट 19:20 मा खाली हुनेछ,false_urgency:ne:03,synthetic_v1,0,1,0,0,0,0,0,0
Order formal shirt within 09:45 for delivery to Jaipur,false_urgency,false_urgency,en,span,timer,[TAG=span] [ROLE=timer] Order formal shirt within 09:45 for delivery to Jaipur,false_urgency:en:18,synthetic_v1,0,1,0,0,0,0,0,0
सेल 18 घण्टा मा सकिन्छ!,false_urgency,false_urgency,ne,p,promo,[TAG=p] [ROLE=promo] सेल 18 घण्टा मा सकिन्छ!,false_urgency:ne:00,synthetic_v1,0,1,0,0,0,0,0,0
सेल 7 मिनट में खत्म!,false_urgency,false_urgency,hi,p,promo,[TAG=p] [ROLE=promo] सेल 7 मिनट में खत्म!,false_urgency:hi:00,synthetic_v1,0,1,0,0,0,0,0,0
सूरत डिलीवरी के लिए 19:20 में स्पोर्ट्स सैंडल ऑर्डर करें,false_urgency,false_urgency,hi,p,promo,[TAG=p] [ROLE=promo] सूरत डिलीवरी के लिए 19:20 में स्पोर्ट्स सैंडल ऑर्डर करें,false_urgency:hi:18,synthetic_v1,0,1,0,0,0,0,0,0
Myntra पर डेनिम जींस की सेल 2 घंटे में खत्म,false_urgency,false_urgency,hi,p,promo,[TAG=p] [ROLE=promo] Myntra पर डेनिम जींस की सेल 2 घंटे में खत्म,false_urgency:hi:17,synthetic_v1,0,1,0,0,0,0,0,0
Today only! 80% off smartwatch,false_urgency,false_urgency,en,span,timer,[TAG=span] [ROLE=timer] Today only! 80% off smartwatch,false_urgency:en:10,synthetic_v1,0,1,0,0,0,0,0,0
काउन्टडाउन: 14:59 मा मूल्य बढ्नेछ,false_urgency,false_urgency,ne,p,promo,[TAG=p] [ROLE=promo] काउन्टडाउन: 14:59 मा मूल्य बढ्नेछ,false_urgency:ne:08,synthetic_v1,0,1,0,0,0,0,0,0
आपका कार्ट 45 मिनट में खाली हो जाएगा,false_urgency,false_urgency,hi,div,banner,[TAG=div] [ROLE=banner] आपका कार्ट 45 मिनट में खाली हो जाएगा,false_urgency:hi:03,synthetic_v1,0,1,0,0,0,0,0,0
"20 मिनेट भित्र अर्डर गर्नुहोस्, 10 दिनमा डेलिभरी",false_urgency,false_urgency,ne,p,promo,"[TAG=p] [ROLE=promo] 20 मिनेट भित्र अर्डर गर्नुहोस्, 10 दिनमा डेलिभरी",false_urgency:ne:16,synthetic_v1,0,1,0,0,0,0,0,0
आख़िरी मौका — फॉर्मल शर्ट पर 12 घंटे बाकी,false_urgency,false_urgency,hi,p,promo,[TAG=p] [ROLE=promo] आख़िरी मौका — फॉर्मल शर्ट पर 12 घंटे बाकी,false_urgency:hi:05,synthetic_v1,0,1,0,0,0,0,0,0
Only 45 minutes remaining on this deal,false_urgency,false_urgency,en,span,timer,[TAG=span] [ROLE=timer] Only 45 minutes remaining on this deal,false_urgency:en:11,synthetic_v1,0,1,0,0,0,0,0,0
अर्को 3 मिनेटसम्म मात्र मान्य,false_urgency,false_urgency,ne,span,timer,[TAG=span] [ROLE=timer] अर्को 3 मिनेटसम्म मात्र मान्य,false_urgency:ne:07,synthetic_v1,0,1,0,0,0,0,0,0
यो मूल्य तपाईंका लागि 2 घण्टा सम्म सुरक्षित,false_urgency,false_urgency,ne,span,timer,[TAG=span] [ROLE=timer] यो मूल्य तपाईंका लागि 2 घण्टा सम्म सुरक्षित,false_urgency:ne:12,synthetic_v1,0,1,0,0,0,0,0,0
सिर्फ़ आज! रनिंग शूज़ पर 25% छूट,false_urgency,false_urgency,hi,span,timer,[TAG=span] [ROLE=timer] सिर्फ़ आज! रनिंग शूज़ पर 25% छूट,false_urgency:hi:10,synthetic_v1,0,1,0,0,0,0,0,0
25% छुट 18 घण्टा मा सकिन्छ,false_urgency,false_urgency,ne,span,timer,[TAG=span] [ROLE=timer] 25% छुट 18 घण्टा मा सकिन्छ,false_urgency:ne:15,synthetic_v1,0,1,0,0,0,0,0,0
Rs. 49 price on denim jeans valid for 00:59 only,false_urgency,false_urgency,en,p,promo,[TAG=p] [ROLE=promo] Rs. 49 price on denim jeans valid for 00:59 only,false_urgency:en:21,synthetic_v1,0,1,0,0,0,0,0,0
"Rs. 1,499 price on running shoes valid for 20 minutes only",false_urgency,false_urgency,en,p,promo,"[TAG=p] [ROLE=promo] Rs. 1,499 price on running shoes valid for 20 minutes only",false_urgency:en:21,synthetic_v1,0,1,0,0,0,0,0,0
Today only! 30% off winter blanket,false_urgency,false_urgency,en,div,banner,[TAG=div] [ROLE=banner] Today only! 30% off winter blanket,false_urgency:en:10,synthetic_v1,0,1,0,0,0,0,0,0
Reserved for you for 15 minutes,false_urgency,false_urgency,en,span,timer,[TAG=span] [ROLE=timer] Reserved for you for 15 minutes,false_urgency:en:12,synthetic_v1,0,1,0,0,0,0,0,0
तपाईंको कार्ट 10 मिनेट मा खाली हुनेछ,false_urgency,false_urgency,ne,span,timer,[TAG=span] [ROLE=timer] तपाईंको कार्ट 10 मिनेट मा खाली हुनेछ,false_urgency:ne:03,synthetic_v1,0,1,0,0,0,0,0,0
अन्तिम मौका — नोइज क्यान्सलिङ हेडफोन मा 7 मिनेट बाँकी,false_urgency,false_urgency,ne,span,timer,[TAG=span] [ROLE=timer] अन्तिम मौका — नोइज क्यान्सलिङ हेडफोन मा 7 मिनेट बाँकी,false_urgency:ne:05,synthetic_v1,0,1,0,0,0,0,0,0
आज का सौदा 1 मिनट में खत्म,false_urgency,false_urgency,hi,div,banner,[TAG=div] [ROLE=banner] आज का सौदा 1 मिनट में खत्म,false_urgency:hi:02,synthetic_v1,0,1,0,0,0,0,0,0
Offer ends in 15 minutes — only 9 left!,false_urgency|scarcity,false_urgency,en,span,timer,[TAG=span] [ROLE=timer] Offer ends in 15 minutes — only 9 left!,false_urgency:en:14,synthetic_v1,0,1,0,0,1,0,0,0
आज मात्र! गेमिङ माउस मा 50% छुट,false_urgency,false_urgency,ne,div,banner,[TAG=div] [ROLE=banner] आज मात्र! गेमिङ माउस मा 50% छुट,false_urgency:ne:10,synthetic_v1,0,1,0,0,0,0,0,0
यह दर पाने के लिए 20 मिनट में बुक करें,false_urgency,false_urgency,hi,p,promo,[TAG=p] [ROLE=promo] यह दर पाने के लिए 20 मिनट में बुक करें,false_urgency:hi:09,synthetic_v1,0,1,0,0,0,0,0,0
Book within 23:11 to lock this rate,false_urgency,false_urgency,en,div,banner,[TAG=div] [ROLE=banner] Book within 23:11 to lock this rate,false_urgency:en:09,synthetic_v1,0,1,0,0,0,0,0,0
Offer ends in 23:11 — only 8 left!,false_urgency|scarcity,false_urgency,en,div,banner,[TAG=div] [ROLE=banner] Offer ends in 23:11 — only 8 left!,false_urgency:en:14,synthetic_v1,0,1,0,0,1,0,0,0
छिटो गर्नुहोस्! नोइज क्यान्सलिङ हेडफोन को अफर 2 घण्टा मा सकिँदै,false_urgency,false_urgency,ne,span,timer,[TAG=span] [ROLE=timer] छिटो गर्नुहोस्! नोइज क्यान्सलिङ हेडफोन को अफर 2 घण्टा मा सकिँदै,false_urgency:ne:01,synthetic_v1,0,1,0,0,0,0,0,0
Last chance — 30 minutes left on noise cancelling headphones,false_urgency,false_urgency,en,div,banner,[TAG=div] [ROLE=banner] Last chance — 30 minutes left on noise cancelling headphones,false_urgency:en:05,synthetic_v1,0,1,0,0,0,0,0,0
40% छुट 12 घण्टा मा सकिन्छ,false_urgency,false_urgency,ne,span,timer,[TAG=span] [ROLE=timer] 40% छुट 12 घण्टा मा सकिन्छ,false_urgency:ne:15,synthetic_v1,0,1,0,0,0,0,0,0
काउन्टडाउन: 48 घण्टा मा मूल्य बढ्नेछ,false_urgency,false_urgency,ne,p,promo,[TAG=p] [ROLE=promo] काउन्टडाउन: 48 घण्टा मा मूल्य बढ्नेछ,false_urgency:ne:08,synthetic_v1,0,1,0,0,0,0,0,0
"फ्ल्यास सेल 1 मिनेट मा सकिँदै, नगुमाउनुहोस्",false_urgency,false_urgency,ne,div,banner,"[TAG=div] [ROLE=banner] फ्ल्यास सेल 1 मिनेट मा सकिँदै, नगुमाउनुहोस्",false_urgency:ne:06,synthetic_v1,0,1,0,0,0,0,0,0
स्कूल बैग वाला आपका JioMart कार्ट 3 घंटे में खत्म,false_urgency,false_urgency,hi,span,timer,[TAG=span] [ROLE=timer] स्कूल बैग वाला आपका JioMart कार्ट 3 घंटे में खत्म,false_urgency:hi:20,synthetic_v1,0,1,0,0,0,0,0,0
आजको डिल 12 घण्टा मा सकिन्छ,false_urgency,false_urgency,ne,span,timer,[TAG=span] [ROLE=timer] आजको डिल 12 घण्टा मा सकिन्छ,false_urgency:ne:02,synthetic_v1,0,1,0,0,0,0,0,0
इस डील पर केवल 15 मिनट शेष,false_urgency,false_urgency,hi,p,promo,[TAG=p] [ROLE=promo] इस डील पर केवल 15 मिनट शेष,false_urgency:hi:11,synthetic_v1,0,1,0,0,0,0,0,0
अफर 2 घण्टा मा सकिन्छ — 7 मात्र बाँकी!,false_urgency|scarcity,false_urgency,ne,p,promo,[TAG=p] [ROLE=promo] अफर 2 घण्टा मा सकिन्छ — 7 मात्र बाँकी!,false_urgency:ne:14,synthetic_v1,0,1,0,0,1,0,0,0
"00:59 में ऑर्डर करें, 7 दिन में डिलीवरी",false_urgency,false_urgency,hi,div,banner,"[TAG=div] [ROLE=banner] 00:59 में ऑर्डर करें, 7 दिन में डिलीवरी",false_urgency:hi:16,synthetic_v1,0,1,0,0,0,0,0,0
काउन्टडाउन: 12:00 मा मूल्य बढ्नेछ,false_urgency,false_urgency,ne,span,timer,[TAG=span] [ROLE=timer] काउन्टडाउन: 12:00 मा मूल्य बढ्नेछ,false_urgency:ne:08,synthetic_v1,0,1,0,0,0,0,0,0
ऑफ़र 18 घंटे में खत्म — केवल 12 बचे!,false_urgency|scarcity,false_urgency,hi,div,banner,[TAG=div] [ROLE=banner] ऑफ़र 18 घंटे में खत्म — केवल 12 बचे!,false_urgency:hi:14,synthetic_v1,0,1,0,0,1,0,0,0
Last chance — 5 minutes left on backpack,false_urgency,false_urgency,en,div,banner,[TAG=div] [ROLE=banner] Last chance — 5 minutes left on backpack,false_urgency:en:05,synthetic_v1,0,1,0,0,0,0,0,0
मूल्य 6 घण्टा मा बढ्नेछ,false_urgency,false_urgency,ne,div,banner,[TAG=div] [ROLE=banner] मूल्य 6 घण्टा मा बढ्नेछ,false_urgency:ne:04,synthetic_v1,0,1,0,0,0,0,0,0
BigBasket मा अफिस कुर्सी को सेल 5 मिनेट मा सकिन्छ,false_urgency,false_urgency,ne,p,promo,[TAG=p] [ROLE=promo] BigBasket मा अफिस कुर्सी को सेल 5 मिनेट मा सकिन्छ,false_urgency:ne:17,synthetic_v1,0,1,0,0,0,0,0,0
Amazon sale on trekking jacket ends in 1 hour,false_urgency,false_urgency,en,div,banner,[TAG=div] [ROLE=banner] Amazon sale on trekking jacket ends in 1 hour,false_urgency:en:17,synthetic_v1,0,1,0,0,0,0,0,0
"20 मिनट में ऑर्डर करें, 5 दिन में डिलीवरी",false_urgency,false_urgency,hi,span,timer,"[TAG=span] [ROLE=timer] 20 मिनट में ऑर्डर करें, 5 दिन में डिलीवरी",false_urgency:hi:16,synthetic_v1,0,1,0,0,0,0,0,0
Countdown: 3 minutes until the price rises,false_urgency,false_urgency,en,div,banner,[TAG=div] [ROLE=banner] Countdown: 3 minutes until the price rises,false_urgency:en:08,synthetic_v1,0,1,0,0,0,0,0,0
ऑफ़र 6 घंटे में खत्म — केवल 3 बचे!,false_urgency|scarcity,false_urgency,hi,div,banner,[TAG=div] [ROLE=banner] ऑफ़र 6 घंटे में खत्म — केवल 3 बचे!,false_urgency:hi:14,synthetic_v1,0,1,0,0,1,0,0,0
Order in 1 minute to get delivery in 14 days,false_urgency,false_urgency,en,p,promo,[TAG=p] [ROLE=promo] Order in 1 minute to get delivery in 14 days,false_urgency:en:16,synthetic_v1,0,1,0,0,0,0,0,0
मूल्य 15 मिनेट मा बढ्नेछ,false_urgency,false_urgency,ne,p,promo,[TAG=p] [ROLE=promo] मूल्य 15 मिनेट मा बढ्नेछ,false_urgency:ne:04,synthetic_v1,0,1,0,0,0,0,0,0
छिटो गर्नुहोस्! फर्मल सर्ट को अफर 5 मिनेट मा सकिँदै,false_urgency,false_urgency,ne,p,promo,[TAG=p] [ROLE=promo] छिटो गर्नुहोस्! फर्मल सर्ट को अफर 5 मिनेट मा सकिँदै,false_urgency:ne:01,synthetic_v1,0,1,0,0,0,0,0,0
जल्दी करें! फोन कवर पर ऑफ़र 00:59 में समाप्त,false_urgency,false_urgency,hi,span,timer,[TAG=span] [ROLE=timer] जल्दी करें! फोन कवर पर ऑफ़र 00:59 में समाप्त,false_urgency:hi:01,synthetic_v1,0,1,0,0,0,0,0,0
अर्को 6 मिनेटसम्म मात्र मान्य,false_urgency,false_urgency,ne,div,banner,[TAG=div] [ROLE=banner] अर्को 6 मिनेटसम्म मात्र मान्य,false_urgency:ne:07,synthetic_v1,0,1,0,0,0,0,0,0
Last chance — 04:30 left on denim jeans,false_urgency,false_urgency,en,div,banner,[TAG=div] [ROLE=banner] Last chance — 04:30 left on denim jeans,false_urgency:en:05,synthetic_v1,0,1,0,0,0,0,0,0
यो दर पाउन 23:11 भित्र बुक गर्नुहोस्,false_urgency,false_urgency,ne,div,banner,[TAG=div] [ROLE=banner] यो दर पाउन 23:11 भित्र बुक गर्नुहोस्,false_urgency:ne:09,synthetic_v1,0,1,0,0,0,0,0,0
35% छूट 20 मिनट में समाप्त,false_urgency,false_urgency,hi,div,banner,[TAG=div] [ROLE=banner] 35% छूट 20 मिनट में समाप्त,false_urgency:hi:15,synthetic_v1,0,1,0,0,0,0,0,0
ऑफ़र 19:20 में खत्म — केवल 7 बचे!,false_urgency|scarcity,false_urgency,hi,span,timer,[TAG=span] [ROLE=timer] ऑफ़र 19:20 में खत्म — केवल 7 बचे!,false_urgency:hi:14,synthetic_v1,0,1,0,0,1,0,0,0
Countdown: 18 hours until the price rises,false_urgency,false_urgency,en,div,banner,[TAG=div] [ROLE=banner] Countdown: 18 hours until the price rises,false_urgency:en:08,synthetic_v1,0,1,0,0,0,0,0,0
"20 मिनेट भित्र अर्डर गर्नुहोस्, 4 दिनमा डेलिभरी",false_urgency,false_urgency,ne,span,timer,"[TAG=span] [ROLE=timer] 20 मिनेट भित्र अर्डर गर्नुहोस्, 4 दिनमा डेलिभरी",false_urgency:ne:16,synthetic_v1,0,1,0,0,0,0,0,0
Last chance — 24 hours left on power bank,false_urgency,false_urgency,en,div,banner,[TAG=div] [ROLE=banner] Last chance — 24 hours left on power bank,false_urgency:en:05,synthetic_v1,0,1,0,0,0,0,0,0
60% छूट 1 घंटे में समाप्त,false_urgency,false_urgency,hi,span,timer,[TAG=span] [ROLE=timer] 60% छूट 1 घंटे में समाप्त,false_urgency:hi:15,synthetic_v1,0,1,0,0,0,0,0,0
35% छुट 20 मिनेट मा सकिन्छ,false_urgency,false_urgency,ne,div,banner,[TAG=div] [ROLE=banner] 35% छुट 20 मिनेट मा सकिन्छ,false_urgency:ne:15,synthetic_v1,0,1,0,0,0,0,0,0
30% छूट 14:59 में समाप्त,false_urgency,false_urgency,hi,div,banner,[TAG=div] [ROLE=banner] 30% छूट 14:59 में समाप्त,false_urgency:hi:15,synthetic_v1,0,1,0,0,0,0,0,0
Order in 18 hours to get delivery in 2 days,false_urgency,false_urgency,en,div,banner,[TAG=div] [ROLE=banner] Order in 18 hours to get delivery in 2 days,false_urgency:en:16,synthetic_v1,0,1,0,0,0,0,0,0
आख़िरी मौका — ट्रेकिंग जैकेट पर 3 घंटे बाकी,false_urgency,false_urgency,hi,p,promo,[TAG=p] [ROLE=promo] आख़िरी मौका — ट्रेकिंग जैकेट पर 3 घंटे बाकी,false_urgency:hi:05,synthetic_v1,0,1,0,0,0,0,0,0
Offer ends in 00:59 — only 12 left!,false_urgency|scarcity,false_urgency,en,p,promo,[TAG=p] [ROLE=promo] Offer ends in 00:59 — only 12 left!,false_urgency:en:14,synthetic_v1,0,1,0,0,1,0,0,0
आपका कार्ट 7 मिनट में खाली हो जाएगा,false_urgency,false_urgency,hi,span,timer,[TAG=span] [ROLE=timer] आपका कार्ट 7 मिनट में खाली हो जाएगा,false_urgency:hi:03,synthetic_v1,0,1,0,0,0,0,0,0
आख़िरी मौका — पानी की बोतल पर 3 घंटे बाकी,false_urgency,false_urgency,hi,span,timer,[TAG=span] [ROLE=timer] आख़िरी मौका — पानी की बोतल पर 3 घंटे बाकी,false_urgency:hi:05,synthetic_v1,0,1,0,0,0,0,0,0
जल्दी करें! राइस कुकर पर ऑफ़र 6 घंटे में समाप्त,false_urgency,false_urgency,hi,span,timer,[TAG=span] [ROLE=timer] जल्दी करें! राइस कुकर पर ऑफ़र 6 घंटे में समाप्त,false_urgency:hi:01,synthetic_v1,0,1,0,0,0,0,0,0
Rs. 699 price on denim jeans valid for 02:14 only,false_urgency,false_urgency,en,span,timer,[TAG=span] [ROLE=timer] Rs. 699 price on denim jeans valid for 02:14 only,false_urgency:en:21,synthetic_v1,0,1,0,0,0,0,0,0
पावर बैंक वाला आपका Tata Cliq कार्ट 15 मिनट में खत्म,false_urgency,false_urgency,hi,span,timer,[TAG=span] [ROLE=timer] पावर बैंक वाला आपका Tata Cliq कार्ट 15 मिनट में खत्म,false_urgency:hi:20,synthetic_v1,0,1,0,0,0,0,0,0
"5 मिनेट भित्र अर्डर गर्नुहोस्, 14 दिनमा डेलिभरी",false_urgency,false_urgency,ne,div,banner,"[TAG=div] [ROLE=banner] 5 मिनेट भित्र अर्डर गर्नुहोस्, 14 दिनमा डेलिभरी",false_urgency:ne:16,synthetic_v1,0,1,0,0,0,0,0,0
मूल्य 20 मिनेट मा बढ्नेछ,false_urgency,false_urgency,ne,p,promo,[TAG=p] [ROLE=promo] मूल्य 20 मिनेट मा बढ्नेछ,false_urgency:ne:04,synthetic_v1,0,1,0,0,0,0,0,0
इस डील पर केवल 2 घंटे शेष,false_urgency,false_urgency,hi,p,promo,[TAG=p] [ROLE=promo] इस डील पर केवल 2 घंटे शेष,false_urgency:hi:11,synthetic_v1,0,1,0,0,0,0,0,0
पावर ब्यांक रहेको तपाईंको Thulo कार्ट 2 घण्टा मा सकिन्छ,false_urgency,false_urgency,ne,div,banner,[TAG=div] [ROLE=banner] पावर ब्यांक रहेको तपाईंको Thulo कार्ट 2 घण्टा मा सकिन्छ,false_urgency:ne:20,synthetic_v1,0,1,0,0,0,0,0,0
जल्दी करें! कॉफी मेकर पर ऑफ़र 10 मिनट में समाप्त,false_urgency,false_urgency,hi,div,banner,[TAG=div] [ROLE=banner] जल्दी करें! कॉफी मेकर पर ऑफ़र 10 मिनट में समाप्त,false_urgency:hi:01,synthetic_v1,0,1,0,0,0,0,0,0
ऑफ़र 3 मिनट में खत्म — केवल 2 बचे!,false_urgency|scarcity,false_urgency,hi,div,banner,[TAG=div] [ROLE=banner] ऑफ़र 3 मिनट में खत्म — केवल 2 बचे!,false_urgency:hi:14,synthetic_v1,0,1,0,0,1,0,0,0
Your Croma cart with electric kettle expires in 30 minutes,false_urgency,false_urgency,en,div,banner,[TAG=div] [ROLE=banner] Your Croma cart with electric kettle expires in 30 minutes,false_urgency:en:20,synthetic_v1,0,1,0,0,0,0,0,0
Offer ends in 20 minutes — only 12 left!,false_urgency|scarcity,false_urgency,en,span,timer,[TAG=span] [ROLE=timer] Offer ends in 20 minutes — only 12 left!,false_urgency:en:14,synthetic_v1,0,1,0,0,1,0,0,0
काउन्टडाउन: 1 घण्टा मा मूल्य बढ्नेछ,false_urgency,false_urgency,ne,p,promo,[TAG=p] [ROLE=promo] काउन्टडाउन: 1 घण्टा मा मूल्य बढ्नेछ,false_urgency:ne:08,synthetic_v1,0,1,0,0,0,0,0,0
Deal of the day ends in 20 minutes,false_urgency,false_urgency,en,span,timer,[TAG=span] [ROLE=timer] Deal of the day ends in 20 minutes,false_urgency:en:02,synthetic_v1,0,1,0,0,0,0,0,0
30% off expires in 04:30,false_urgency,false_urgency,en,div,banner,[TAG=div] [ROLE=banner] 30% off expires in 04:30,false_urgency:en:15,synthetic_v1,0,1,0,0,0,0,0,0
"Flash sale ending in 45 minutes, don't miss out",false_urgency,false_urgency,en,span,timer,"[TAG=span] [ROLE=timer] Flash sale ending in 45 minutes, don't miss out",false_urgency:en:06,synthetic_v1,0,1,0,0,0,0,0,0
जल्दी करें! सर्दी का कंबल पर ऑफ़र 02:14 में समाप्त,false_urgency,false_urgency,hi,span,timer,[TAG=span] [ROLE=timer] जल्दी करें! सर्दी का कंबल पर ऑफ़र 02:14 में समाप्त,false_urgency:hi:01,synthetic_v1,0,1,0,0,0,0,0,0
सिर्फ़ आज! डेनिम जींस पर 20% छूट,false_urgency,false_urgency,hi,div,banner,[TAG=div] [ROLE=banner] सिर्फ़ आज! डेनिम जींस पर 20% छूट,false_urgency:hi:10,synthetic_v1,0,1,0,0,0,0,0,0
आख़िरी मौका — गेमिंग माउस पर 48 घंटे बाकी,false_urgency,false_urgency,hi,p,promo,[TAG=p] [ROLE=promo] आख़िरी मौका — गेमिंग माउस पर 48 घंटे बाकी,false_urgency:hi:05,synthetic_v1,0,1,0,0,0,0,0,0
Sale ends in 15 minutes!,false_urgency,false_urgency,en,div,banner,[TAG=div] [ROLE=banner] Sale ends in 15 minutes!,false_urgency:en:00,synthetic_v1,0,1,0,0,0,0,0,0
सेल 3 घण्टा मा सकिन्छ!,false_urgency,false_urgency,ne,div,banner,[TAG=div] [ROLE=banner] सेल 3 घण्टा मा सकिन्छ!,false_urgency:ne:00,synthetic_v1,0,1,0,0,0,0,0,0
"स्मार्टवॉच पर रु. 2,999 की कीमत 14:59 तक ही",false_urgency,false_urgency,hi,span,timer,"[TAG=span] [ROLE=timer] स्मार्टवॉच पर रु. 2,999 की कीमत 14:59 तक ही",false_urgency:hi:21,synthetic_v1,0,1,0,0,0,0,0,0
पावर बैंक पर रु. 449 की कीमत 09:45 तक ही,false_urgency,false_urgency,hi,span,timer,[TAG=span] [ROLE=timer] पावर बैंक पर रु. 449 की कीमत 09:45 तक ही,false_urgency:hi:21,synthetic_v1,0,1,0,0,0,0,0,0
Last chance — 00:59 left on wireless earbuds,false_urgency,false_urgency,en,div,banner,[TAG=div] [ROLE=banner] Last chance — 00:59 left on wireless earbuds,false_urgency:en:05,synthetic_v1,0,1,0,0,0,0,0,0
Countdown: 1 minute until the price rises,false_urgency,false_urgency,en,p,promo,[TAG=p] [ROLE=promo] Countdown: 1 minute until the price rises,false_urgency:en:08,synthetic_v1,0,1,0,0,0,0,0,0
"फ्ल्यास सेल 24 घण्टा मा सकिँदै, नगुमाउनुहोस्",false_urgency,false_urgency,ne,p,promo,"[TAG=p] [ROLE=promo] फ्ल्यास सेल 24 घण्टा मा सकिँदै, नगुमाउनुहोस्",false_urgency:ne:06,synthetic_v1,0,1,0,0,0,0,0,0
आज का सौदा 6 घंटे में खत्म,false_urgency,false_urgency,hi,p,promo,[TAG=p] [ROLE=promo] आज का सौदा 6 घंटे में खत्म,false_urgency:hi:02,synthetic_v1,0,1,0,0,0,0,0,0
इस डील पर केवल 3 घंटे शेष,false_urgency,false_urgency,hi,p,promo,[TAG=p] [ROLE=promo] इस डील पर केवल 3 घंटे शेष,false_urgency:hi:11,synthetic_v1,0,1,0,0,0,0,0,0
इस डील पर केवल 19:20 शेष,false_urgency,false_urgency,hi,span,timer,[TAG=span] [ROLE=timer] इस डील पर केवल 19:20 शेष,false_urgency:hi:11,synthetic_v1,0,1,0,0,0,0,0,0
इंडक्शन चूल्हा पर रु. 799 की कीमत 2 घंटे तक ही,false_urgency,false_urgency,hi,span,timer,[TAG=span] [ROLE=timer] इंडक्शन चूल्हा पर रु. 799 की कीमत 2 घंटे तक ही,false_urgency:hi:21,synthetic_v1,0,1,0,0,0,0,0,0
मूल्य 7 मिनेट मा बढ्नेछ,false_urgency,false_urgency,ne,span,timer,[TAG=span] [ROLE=timer] मूल्य 7 मिनेट मा बढ्नेछ,false_urgency:ne:04,synthetic_v1,0,1,0,0,0,0,0,0
अन्तिम मौका — योगा म्याट मा 7 मिनेट बाँकी,false_urgency,false_urgency,ne,span,timer,[TAG=span] [ROLE=timer] अन्तिम मौका — योगा म्याट मा 7 मिनेट बाँकी,false_urgency:ne:05,synthetic_v1,0,1,0,0,0,0,0,0
यह दर पाने के लिए 7 मिनट में बुक करें,false_urgency,false_urgency,hi,p,promo,[TAG=p] [ROLE=promo] यह दर पाने के लिए 7 मिनट में बुक करें,false_urgency:hi:09,synthetic_v1,0,1,0,0,0,0,0,0
Order in 3 minutes to get delivery in 4 days,false_urgency,false_urgency,en,div,banner,[TAG=div] [ROLE=banner] Order in 3 minutes to get delivery in 4 days,false_urgency:en:16,synthetic_v1,0,1,0,0,0,0,0,0
Your Thulo cart with backpack expires in 1 hour,false_urgency,false_urgency,en,p,promo,[TAG=p] [ROLE=promo] Your Thulo cart with backpack expires in 1 hour,false_urgency:en:20,synthetic_v1,0,1,0,0,0,0,0,0
Last chance — 48 hours left on cotton kurta,false_urgency,false_urgency,en,span,timer,[TAG=span] [ROLE=timer] Last chance — 48 hours left on cotton kurta,false_urgency:en:05,synthetic_v1,0,1,0,0,0,0,0,0
अफर 23:11 मा सकिन्छ — 12 मात्र बाँकी!,false_urgency|scarcity,false_urgency,ne,p,promo,[TAG=p] [ROLE=promo] अफर 23:11 मा सकिन्छ — 12 मात्र बाँकी!,false_urgency:ne:14,synthetic_v1,0,1,0,0,1,0,0,0
सिर्फ़ आज! स्टडी लैंप पर 5% छूट,false_urgency,false_urgency,hi,p,promo,[TAG=p] [ROLE=promo] सिर्फ़ आज! स्टडी लैंप पर 5% छूट,false_urgency:hi:10,synthetic_v1,0,1,0,0,0,0,0,0
यो मूल्य तपाईंका लागि 12 घण्टा सम्म सुरक्षित,false_urgency,false_urgency,ne,div,banner,[TAG=div] [ROLE=banner] यो मूल्य तपाईंका लागि 12 घण्टा सम्म सुरक्षित,false_urgency:ne:12,synthetic_v1,0,1,0,0,0,0,0,0
हेयर ड्रायर पर रु. 999 की कीमत 10 मिनट तक ही,false_urgency,false_urgency,hi,div,banner,[TAG=div] [ROLE=banner] हेयर ड्रायर पर रु. 999 की कीमत 10 मिनट तक ही,false_urgency:hi:21,synthetic_v1,0,1,0,0,0,0,0,0
सेल 30 मिनट में खत्म!,false_urgency,false_urgency,hi,div,banner,[TAG=div] [ROLE=banner] सेल 30 मिनट में खत्म!,false_urgency:hi:00,synthetic_v1,0,1,0,0,0,0,0,0
Ajio sale on running shoes ends in 3 minutes,false_urgency,false_urgency,en,p,promo,[TAG=p] [ROLE=promo] Ajio sale on running shoes ends in 3 minutes,false_urgency:en:17,synthetic_v1,0,1,0,0,0,0,0,0
ऑफ़र 24 घंटे में खत्म — केवल 4 बचे!,false_urgency|scarcity,false_urgency,hi,div,banner,[TAG=div] [ROLE=banner] ऑफ़र 24 घंटे में खत्म — केवल 4 बचे!,false_urgency:hi:14,synthetic_v1,0,1,0,0,1,0,0,0
ऑफ़र 00:59 में खत्म — केवल 12 बचे!,false_urgency|scarcity,false_urgency,hi,span,timer,[TAG=span] [ROLE=timer] ऑफ़र 00:59 में खत्म — केवल 12 बचे!,false_urgency:hi:14,synthetic_v1,0,1,0,0,1,0,0,0
"Rs. 1,199 price on air fryer valid for 14:59 only",false_urgency,false_urgency,en,div,banner,"[TAG=div] [ROLE=banner] Rs. 1,199 price on air fryer valid for 14:59 only",false_urgency:en:21,synthetic_v1,0,1,0,0,0,0,0,0
योगा म्याट रहेको तपाईंको Flipkart कार्ट 30 मिनेट मा सकिन्छ,false_urgency,false_urgency,ne,p,promo,[TAG=p] [ROLE=promo] योगा म्याट रहेको तपाईंको Flipkart कार्ट 30 मिनेट मा सकिन्छ,false_urgency:ne:20,synthetic_v1,0,1,0,0,0,0,0,0
Rs. 799 price on electric kettle valid for 5 minutes only,false_urgency,false_urgency,en,p,promo,[TAG=p] [ROLE=promo] Rs. 799 price on electric kettle valid for 5 minutes only,false_urgency:en:21,synthetic_v1,0,1,0,0,0,0,0,0
आख़िरी मौका — पानी की बोतल पर 09:45 बाकी,false_urgency,false_urgency,hi,div,banner,[TAG=div] [ROLE=banner] आख़िरी मौका — पानी की बोतल पर 09:45 बाकी,false_urgency:hi:05,synthetic_v1,0,1,0,0,0,0,0,0
Myntra पर लैपटॉप बैग की सेल 48 घंटे में खत्म,false_urgency,false_urgency,hi,div,banner,[TAG=div] [ROLE=banner] Myntra पर लैपटॉप बैग की सेल 48 घंटे में खत्म,false_urgency:hi:17,synthetic_v1,0,1,0,0,0,0,0,0
कफी मेकर रहेको तपाईंको Gyapu कार्ट 12:00 मा सकिन्छ,false_urgency,false_urgency,ne,div,banner,[TAG=div] [ROLE=banner] कफी मेकर रहेको तपाईंको Gyapu कार्ट 12:00 मा सकिन्छ,false_urgency:ne:20,synthetic_v1,0,1,0,0,0,0,0,0
"Flash sale ending in 7 minutes, don't miss out",false_urgency,false_urgency,en,p,promo,"[TAG=p] [ROLE=promo] Flash sale ending in 7 minutes, don't miss out",false_urgency:en:06,synthetic_v1,0,1,0,0,0,0,0,0
Offer ends in 7 minutes — only 1 left!,false_urgency|scarcity,false_urgency,en,span,timer,[TAG=span] [ROLE=timer] Offer ends in 7 minutes — only 1 left!,false_urgency:en:14,synthetic_v1,0,1,0,0,1,0,0,0
सेल 1 मिनेट मा सकिन्छ!,false_urgency,false_urgency,ne,div,banner,[TAG=div] [ROLE=banner] सेल 1 मिनेट मा सकिन्छ!,false_urgency:ne:00,synthetic_v1,0,1,0,0,0,0,0,0
80% off school bag at Daraz — 10 minutes left,false_urgency,false_urgency,en,div,banner,[TAG=div] [ROLE=banner] 80% off school bag at Daraz — 10 minutes left,false_urgency:en:19,synthetic_v1,0,1,0,0,0,0,0,0
"वायरलेस इयरबड्स मा रु. 2,499 को मूल्य 12 घण्टा सम्म मात्र",false_urgency,false_urgency,ne,p,promo,"[TAG=p] [ROLE=promo] वायरलेस इयरबड्स मा रु. 2,499 को मूल्य 12 घण्टा सम्म मात्र",false_urgency:ne:21,synthetic_v1,0,1,0,0,0,0,0,0
Order running shoes within 19:20 for delivery to Pokhara,false_urgency,false_urgency,en,p,promo,[TAG=p] [ROLE=promo] Order running shoes within 19:20 for delivery to Pokhara,false_urgency:en:18,synthetic_v1,0,1,0,0,0,0,0,0
Reserved for you for 10 minutes,false_urgency,false_urgency,en,p,promo,[TAG=p] [ROLE=promo] Reserved for you for 10 minutes,false_urgency:en:12,synthetic_v1,0,1,0,0,0,0,0,0
Flipkart मा घामको चस्मा मा 30% छुट — 23:11 बाँकी,false_urgency,false_urgency,ne,p,promo,[TAG=p] [ROLE=promo] Flipkart मा घामको चस्मा मा 30% छुट — 23:11 बाँकी,false_urgency:ne:19,synthetic_v1,0,1,0,0,0,0,0,0
यो दर पाउन 2 घण्टा भित्र बुक गर्नुहोस्,false_urgency,false_urgency,ne,span,timer,[TAG=span] [ROLE=timer] यो दर पाउन 2 घण्टा भित्र बुक गर्नुहोस्,false_urgency:ne:09,synthetic_v1,0,1,0,0,0,0,0,0
Hurry! Offer on trekking jacket expires in 04:30,false_urgency,false_urgency,en,span,timer,[TAG=span] [ROLE=timer] Hurry! Offer on trekking jacket expires in 04:30,false_urgency:en:01,synthetic_v1,0,1,0,0,0,0,0,0
Offer ends in 02:14 — only 6 left!,false_urgency|scarcity,false_urgency,en,span,timer,[TAG=span] [ROLE=timer] Offer ends in 02:14 — only 6 left!,false_urgency:en:14,synthetic_v1,0,1,0,0,1,0,0,0
अफर 3 घण्टा मा सकिन्छ — 2 मात्र बाँकी!,false_urgency|scarcity,false_urgency,ne,span,timer,[TAG=span] [ROLE=timer] अफर 3 घण्टा मा सकिन्छ — 2 मात्र बाँकी!,false_urgency:ne:14,synthetic_v1,0,1,0,0,1,0,0,0
Your JioMart cart with trekking jacket expires in 6 hours,false_urgency,false_urgency,en,span,timer,[TAG=span] [ROLE=timer] Your JioMart cart with trekking jacket expires in 6 hours,false_urgency:en:20,synthetic_v1,0,1,0,0,0,0,0,0
अफर 10 मिनेट मा सकिन्छ — 2 मात्र बाँकी!,false_urgency|scarcity,false_urgency,ne,div,banner,[TAG=div] [ROLE=banner] अफर 10 मिनेट मा सकिन्छ — 2 मात्र बाँकी!,false_urgency:ne:14,synthetic_v1,0,1,0,0,1,0,0,0
आज मात्र! ब्याकप्याक मा 70% छुट,false_urgency,false_urgency,ne,p,promo,[TAG=p] [ROLE=promo] आज मात्र! ब्याकप्याक मा 70% छुट,false_urgency:ne:10,synthetic_v1,0,1,0,0,0,0,0,0
SastoDeal पर फोन कवर की सेल 10 मिनट में खत्म,false_urgency,false_urgency,hi,p,promo,[TAG=p] [ROLE=promo] SastoDeal पर फोन कवर की सेल 10 मिनट में खत्म,false_urgency:hi:17,synthetic_v1,0,1,0,0,0,0,0,0
अफर 19:20 मा सकिन्छ — 6 मात्र बाँकी!,false_urgency|scarcity,false_urgency,ne,span,timer,[TAG=span] [ROLE=timer] अफर 19:20 मा सकिन्छ — 6 मात्र बाँकी!,false_urgency:ne:14,synthetic_v1,0,1,0,0,1,0,0,0
5% off winter blanket at Flipkart — 2 hours left,false_urgency,false_urgency,en,span,timer,[TAG=span] [ROLE=timer] 5% off winter blanket at Flipkart — 2 hours left,false_urgency:en:19,synthetic_v1,0,1,0,0,0,0,0,0
ल्यापटप ब्याग मा रु. 149 को मूल्य 1 मिनेट सम्म मात्र,false_urgency,false_urgency,ne,div,banner,[TAG=div] [ROLE=banner] ल्यापटप ब्याग मा रु. 149 को मूल्य 1 मिनेट सम्म मात्र,false_urgency:ne:21,synthetic_v1,0,1,0,0,0,0,0,0
Prices go up in 6 hours,false_urgency,false_urgency,en,span,timer,[TAG=span] [ROLE=timer] Prices go up in 6 hours,false_urgency:en:04,synthetic_v1,0,1,0,0,0,0,0,0
Order office chair within 04:30 for delivery to Hyderabad,false_urgency,false_urgency,en,p,promo,[TAG=p] [ROLE=promo] Order office chair within 04:30 for delivery to Hyderabad,false_urgency:en:18,synthetic_v1,0,1,0,0,0,0,0,0
आजको डिल 02:14 मा सकिन्छ,false_urgency,false_urgency,ne,p,promo,[TAG=p] [ROLE=promo] आजको डिल 02:14 मा सकिन्छ,false_urgency:ne:02,synthetic_v1,0,1,0,0,0,0,0,0
"04:30 में ऑर्डर करें, 2 दिन में डिलीवरी",false_urgency,false_urgency,hi,div,banner,"[TAG=div] [ROLE=banner] 04:30 में ऑर्डर करें, 2 दिन में डिलीवरी",false_urgency:hi:16,synthetic_v1,0,1,0,0,0,0,0,0
Order yoga mat within 09:45 for delivery to Pokhara,false_urgency,false_urgency,en,span,timer,[TAG=span] [ROLE=timer] Order yoga mat within 09:45 for delivery to Pokhara,false_urgency:en:18,synthetic_v1,0,1,0,0,0,0,0,0
60% off electric kettle at FirstCry — 12:00 left,false_urgency,false_urgency,en,div,banner,[TAG=div] [ROLE=banner] 60% off electric kettle at FirstCry — 12:00 left,false_urgency:en:19,synthetic_v1,0,1,0,0,0,0,0,0
Order trekking jacket within 23:11 for delivery to Chitwan,false_urgency,false_urgency,en,p,promo,[TAG=p] [ROLE=promo] Order trekking jacket within 23:11 for delivery to Chitwan,false_urgency:en:18,synthetic_v1,0,1,0,0,0,0,0,0
80% off gaming mouse at SastoDeal — 12:00 left,false_urgency,false_urgency,en,span,timer,[TAG=span] [ROLE=timer] 80% off gaming mouse at SastoDeal — 12:00 left,false_urgency:en:19,synthetic_v1,0,1,0,0,0,0,0,0
FirstCry पर राइस कुकर की सेल 20 मिनट में खत्म,false_urgency,false_urgency,hi,span,timer,[TAG=span] [ROLE=timer] FirstCry पर राइस कुकर की सेल 20 मिनट में खत्म,false_urgency:hi:17,synthetic_v1,0,1,0,0,0,0,0,0
"फ्ल्यास सेल 12 घण्टा मा सकिँदै, नगुमाउनुहोस्",false_urgency,false_urgency,ne,span,timer,"[TAG=span] [ROLE=timer] फ्ल्यास सेल 12 घण्टा मा सकिँदै, नगुमाउनुहोस्",false_urgency:ne:06,synthetic_v1,0,1,0,0,0,0,0,0
इस डील पर केवल 18 घंटे शेष,false_urgency,false_urgency,hi,p,promo,[TAG=p] [ROLE=promo] इस डील पर केवल 18 घंटे शेष,false_urgency:hi:11,synthetic_v1,0,1,0,0,0,0,0,0
Rs. 499 price on bluetooth speaker valid for 15 minutes only,false_urgency,false_urgency,en,span,timer,[TAG=span] [ROLE=timer] Rs. 499 price on bluetooth speaker valid for 15 minutes only,false_urgency:en:21,synthetic_v1,0,1,0,0,0,0,0,0
Kinbech पर रनिंग शूज़ पर 30% छूट — 04:30 बाकी,false_urgency,false_urgency,hi,p,promo,[TAG=p] [ROLE=promo] Kinbech पर रनिंग शूज़ पर 30% छूट — 04:30 बाकी,false_urgency:hi:19,synthetic_v1,0,1,0,0,0,0,0,0
अन्तिम मौका — ल्यापटप ब्याग मा 10 मिनेट बाँकी,false_urgency,false_urgency,ne,div,banner,[TAG=div] [ROLE=banner] अन्तिम मौका — ल्यापटप ब्याग मा 10 मिनेट बाँकी,false_urgency:ne:05,synthetic_v1,0,1,0,0,0,0,0,0
Zepto मा घामको चस्मा मा 80% छुट — 3 घण्टा बाँकी,false_urgency,false_urgency,ne,div,banner,[TAG=div] [ROLE=banner] Zepto मा घामको चस्मा मा 80% छुट — 3 घण्टा बाँकी,false_urgency:ne:19,synthetic_v1,0,1,0,0,0,0,0,0
आख़िरी मौका — फेस वॉश पर 7 मिनट बाकी,false_urgency,false_urgency,hi,div,banner,[TAG=div] [ROLE=banner] आख़िरी मौका — फेस वॉश पर 7 मिनट बाकी,false_urgency:hi:05,synthetic_v1,0,1,0,0,0,0,0,0
कफी मेकर रहेको तपाईंको Salesberry कार्ट 30 मिनेट मा सकिन्छ,false_urgency,false_urgency,ne,span,timer,[TAG=span] [ROLE=timer] कफी मेकर रहेको तपाईंको Salesberry कार्ट 30 मिनेट मा सकिन्छ,false_urgency:ne:20,synthetic_v1,0,1,0,0,0,0,0,0
Countdown: 24 hours until the price rises,false_urgency,false_urgency,en,p,promo,[TAG=p] [ROLE=promo] Countdown: 24 hours until the price rises,false_urgency:en:08,synthetic_v1,0,1,0,0,0,0,0,0
5% off expires in 20 minutes,false_urgency,false_urgency,en,span,timer,[TAG=span] [ROLE=timer] 5% off expires in 20 minutes,false_urgency:en:15,synthetic_v1,0,1,0,0,0,0,0,0
Offer ends in 00:59 — only 6 left!,false_urgency|scarcity,false_urgency,en,span,timer,[TAG=span] [ROLE=timer] Offer ends in 00:59 — only 6 left!,false_urgency:en:14,synthetic_v1,0,1,0,0,1,0,0,0
स्मार्टवॉच वाला आपका Salesberry कार्ट 23:11 में खत्म,false_urgency,false_urgency,hi,div,banner,[TAG=div] [ROLE=banner] स्मार्टवॉच वाला आपका Salesberry कार्ट 23:11 में खत्म,false_urgency:hi:20,synthetic_v1,0,1,0,0,0,0,0,0
Tata Cliq पर लैपटॉप बैग पर 20% छूट — 10 मिनट बाकी,false_urgency,false_urgency,hi,span,timer,[TAG=span] [ROLE=timer] Tata Cliq पर लैपटॉप बैग पर 20% छूट — 10 मिनट बाकी,false_urgency:hi:19,synthetic_v1,0,1,0,0,0,0,0,0
"19:20 में ऑर्डर करें, 4 दिन में डिलीवरी",false_urgency,false_urgency,hi,span,timer,"[TAG=span] [ROLE=timer] 19:20 में ऑर्डर करें, 4 दिन में डिलीवरी",false_urgency:hi:16,synthetic_v1,0,1,0,0,0,0,0,0
आज का सौदा 20 मिनट में खत्म,false_urgency,false_urgency,hi,p,promo,[TAG=p] [ROLE=promo] आज का सौदा 20 मिनट में खत्म,false_urgency:hi:02,synthetic_v1,0,1,0,0,0,0,0,0
अफर 00:59 मा सकिन्छ — 4 मात्र बाँकी!,false_urgency|scarcity,false_urgency,ne,p,promo,[TAG=p] [ROLE=promo] अफर 00:59 मा सकिन्छ — 4 मात्र बाँकी!,false_urgency:ne:14,synthetic_v1,0,1,0,0,1,0,0,0
Order in 19:20 to get delivery in 4 days,false_urgency,false_urgency,en,p,promo,[TAG=p] [ROLE=promo] Order in 19:20 to get delivery in 4 days,false_urgency:en:16,synthetic_v1,0,1,0,0,0,0,0,0
Blinkit मा वायरलेस इयरबड्स को सेल 1 घण्टा मा सकिन्छ,false_urgency,false_urgency,ne,div,banner,[TAG=div] [ROLE=banner] Blinkit मा वायरलेस इयरबड्स को सेल 1 घण्टा मा सकिन्छ,false_urgency:ne:17,synthetic_v1,0,1,0,0,0,0,0,0
10% छूट 19:20 में समाप्त,false_urgency,false_urgency,hi,p,promo,[TAG=p] [ROLE=promo] 10% छूट 19:20 में समाप्त,false_urgency:hi:15,synthetic_v1,0,1,0,0,0,0,0,0
अगले 4 मिनट तक ही मान्य,false_urgency,false_urgency,hi,span,timer,[TAG=span] [ROLE=timer] अगले 4 मिनट तक ही मान्य,false_urgency:hi:07,synthetic_v1,0,1,0,0,0,0,0,0
Kinbech मा इलेक्ट्रिक केतली मा 10% छुट — 02:14 बाँकी,false_urgency,false_urgency,ne,span,timer,[TAG=span] [ROLE=timer] Kinbech मा इलेक्ट्रिक केतली मा 10% छुट — 02:14 बाँकी,false_urgency:ne:19,synthetic_v1,0,1,0,0,0,0,0,0
फोन कभर रहेको तपाईंको SastoDeal कार्ट 09:45 मा सकिन्छ,false_urgency,false_urgency,ne,span,timer,[TAG=span] [ROLE=timer] फोन कभर रहेको तपाईंको SastoDeal कार्ट 09:45 मा सकिन्छ,false_urgency:ne:20,synthetic_v1,0,1,0,0,0,0,0,0
मांग के कारण 3 घंटे बढ़ाया गया,false_urgency,false_urgency,hi,span,timer,[TAG=span] [ROLE=timer] मांग के कारण 3 घंटे बढ़ाया गया,false_urgency:hi:13,synthetic_v1,0,1,0,0,0,0,0,0
"Flash sale ending in 3 hours, don't miss out",false_urgency,false_urgency,en,span,timer,"[TAG=span] [ROLE=timer] Flash sale ending in 3 hours, don't miss out",false_urgency:en:06,synthetic_v1,0,1,0,0,0,0,0,0
Kinbech मा डेनिम जिन्स को सेल 2 घण्टा मा सकिन्छ,false_urgency,false_urgency,ne,div,banner,[TAG=div] [ROLE=banner] Kinbech मा डेनिम जिन्स को सेल 2 घण्टा मा सकिन्छ,false_urgency:ne:17,synthetic_v1,0,1,0,0,0,0,0,0
Hurry! Offer on phone case expires in 48 hours,false_urgency,false_urgency,en,p,promo,[TAG=p] [ROLE=promo] Hurry! Offer on phone case expires in 48 hours,false_urgency:en:01,synthetic_v1,0,1,0,0,0,0,0,0
आख़िरी मौका — ट्रेकिंग जैकेट पर 15 मिनट बाकी,false_urgency,false_urgency,hi,p,promo,[TAG=p] [ROLE=promo] आख़िरी मौका — ट्रेकिंग जैकेट पर 15 मिनट बाकी,false_urgency:hi:05,synthetic_v1,0,1,0,0,0,0,0,0
मूल्य 18 घण्टा मा बढ्नेछ,false_urgency,false_urgency,ne,span,timer,[TAG=span] [ROLE=timer] मूल्य 18 घण्टा मा बढ्नेछ,false_urgency:ne:04,synthetic_v1,0,1,0,0,0,0,0,0
BigBasket मा ब्लुटुथ स्पिकर मा 35% छुट — 30 मिनेट बाँकी,false_urgency,false_urgency,ne,p,promo,[TAG=p] [ROLE=promo] BigBasket मा ब्लुटुथ स्पिकर मा 35% छुट — 30 मिनेट बाँकी,false_urgency:ne:19,synthetic_v1,0,1,0,0,0,0,0,0
35% छुट 09:45 मा सकिन्छ,false_urgency,false_urgency,ne,span,timer,[TAG=span] [ROLE=timer] 35% छुट 09:45 मा सकिन्छ,false_urgency:ne:15,synthetic_v1,0,1,0,0,0,0,0,0
Your Ajio cart with gaming mouse expires in 1 hour,false_urgency,false_urgency,en,p,promo,[TAG=p] [ROLE=promo] Your Ajio cart with gaming mouse expires in 1 hour,false_urgency:en:20,synthetic_v1,0,1,0,0,0,0,0,0
70% छूट 1 घंटे में समाप्त,false_urgency,false_urgency,hi,p,promo,[TAG=p] [ROLE=promo] 70% छूट 1 घंटे में समाप्त,false_urgency:hi:15,synthetic_v1,0,1,0,0,0,0,0,0
Offer ends in 12 hours — only 6 left!,false_urgency|scarcity,false_urgency,en,div,banner,[TAG=div] [ROLE=banner] Offer ends in 12 hours — only 6 left!,false_urgency:en:14,synthetic_v1,0,1,0,0,1,0,0,0
Flipkart मा फोन कभर मा 5% छुट — 18 घण्टा बाँकी,false_urgency,false_urgency,ne,span,timer,[TAG=span] [ROLE=timer] Flipkart मा फोन कभर मा 5% छुट — 18 घण्टा बाँकी,false_urgency:ne:19,synthetic_v1,0,1,0,0,0,0,0,0
Hurry! Offer on electric kettle expires in 2 hours,false_urgency,false_urgency,en,p,promo,[TAG=p] [ROLE=promo] Hurry! Offer on electric kettle expires in 2 hours,false_urgency:en:01,synthetic_v1,0,1,0,0,0,0,0,0
Hurry! Offer on office chair expires in 12:00,false_urgency,false_urgency,en,p,promo,[TAG=p] [ROLE=promo] Hurry! Offer on office chair expires in 12:00,false_urgency:en:01,synthetic_v1,0,1,0,0,0,0,0,0
Last chance — 04:30 left on yoga mat,false_urgency,false_urgency,en,p,promo,[TAG=p] [ROLE=promo] Last chance — 04:30 left on yoga mat,false_urgency:en:05,synthetic_v1,0,1,0,0,0,0,0,0
स्पोर्ट्स सैंडल वाला आपका JioMart कार्ट 12 घंटे में खत्म,false_urgency,false_urgency,hi,span,timer,[TAG=span] [ROLE=timer] स्पोर्ट्स सैंडल वाला आपका JioMart कार्ट 12 घंटे में खत्म,false_urgency:hi:20,synthetic_v1,0,1,0,0,0,0,0,0
35% छुट 12:00 मा सकिन्छ,false_urgency,false_urgency,ne,p,promo,[TAG=p] [ROLE=promo] 35% छुट 12:00 मा सकिन्छ,false_urgency:ne:15,synthetic_v1,0,1,0,0,0,0,0,0
सेल 24 घंटे में खत्म!,false_urgency,false_urgency,hi,div,banner,[TAG=div] [ROLE=banner] सेल 24 घंटे में खत्म!,false_urgency:hi:00,synthetic_v1,0,1,0,0,0,0,0,0
सेल 3 मिनट में खत्म!,false_urgency,false_urgency,hi,p,promo,[TAG=p] [ROLE=promo] सेल 3 मिनट में खत्म!,false_urgency:hi:00,synthetic_v1,0,1,0,0,0,0,0,0
यो डिलमा 04:30 मात्र बाँकी,false_urgency,false_urgency,ne,span,timer,[TAG=span] [ROLE=timer] यो डिलमा 04:30 मात्र बाँकी,false_urgency:ne:11,synthetic_v1,0,1,0,0,0,0,0,0
Today only! 80% off trekking jacket,false_urgency,false_urgency,en,div,banner,[TAG=div] [ROLE=banner] Today only! 80% off trekking jacket,false_urgency:en:10,synthetic_v1,0,1,0,0,0,0,0,0
यो दर पाउन 6 घण्टा भित्र बुक गर्नुहोस्,false_urgency,false_urgency,ne,span,timer,[TAG=span] [ROLE=timer] यो दर पाउन 6 घण्टा भित्र बुक गर्नुहोस्,false_urgency:ne:09,synthetic_v1,0,1,0,0,0,0,0,0
यो डिलमा 14:59 मात्र बाँकी,false_urgency,false_urgency,ne,p,promo,[TAG=p] [ROLE=promo] यो डिलमा 14:59 मात्र बाँकी,false_urgency:ne:11,synthetic_v1,0,1,0,0,0,0,0,0
ऑफ़र 09:45 में खत्म — केवल 9 बचे!,false_urgency|scarcity,false_urgency,hi,div,banner,[TAG=div] [ROLE=banner] ऑफ़र 09:45 में खत्म — केवल 9 बचे!,false_urgency:hi:14,synthetic_v1,0,1,0,0,1,0,0,0
Offer ends in 6 hours — only 12 left!,false_urgency|scarcity,false_urgency,en,span,timer,[TAG=span] [ROLE=timer] Offer ends in 6 hours — only 12 left!,false_urgency:en:14,synthetic_v1,0,1,0,0,1,0,0,0
छिटो गर्नुहोस्! स्मार्टवाच को अफर 10 मिनेट मा सकिँदै,false_urgency,false_urgency,ne,div,banner,[TAG=div] [ROLE=banner] छिटो गर्नुहोस्! स्मार्टवाच को अफर 10 मिनेट मा सकिँदै,false_urgency:ne:01,synthetic_v1,0,1,0,0,0,0,0,0
Meesho sale on hair dryer ends in 24 hours,false_urgency,false_urgency,en,p,promo,[TAG=p] [ROLE=promo] Meesho sale on hair dryer ends in 24 hours,false_urgency:en:17,synthetic_v1,0,1,0,0,0,0,0,0
"1 घण्टा भित्र अर्डर गर्नुहोस्, 14 दिनमा डेलिभरी",false_urgency,false_urgency,ne,div,banner,"[TAG=div] [ROLE=banner] 1 घण्टा भित्र अर्डर गर्नुहोस्, 14 दिनमा डेलिभरी",false_urgency:ne:16,synthetic_v1,0,1,0,0,0,0,0,0
ल्यापटप ब्याग मा रु. 899 को मूल्य 19:20 सम्म मात्र,false_urgency,false_urgency,ne,span,timer,[TAG=span] [ROLE=timer] ल्यापटप ब्याग मा रु. 899 को मूल्य 19:20 सम्म मात्र,false_urgency:ne:21,synthetic_v1,0,1,0,0,0,0,0,0
Blinkit sale on rice cooker ends in 15 minutes,false_urgency,false_urgency,en,span,timer,[TAG=span] [ROLE=timer] Blinkit sale on rice cooker ends in 15 minutes,false_urgency:en:17,synthetic_v1,0,1,0,0,0,0,0,0
कटन कुर्ता मा रु. 349 को मूल्य 19:20 सम्म मात्र,false_urgency,false_urgency,ne,div,banner,[TAG=div] [ROLE=banner] कटन कुर्ता मा रु. 349 को मूल्य 19:20 सम्म मात्र,false_urgency:ne:21,synthetic_v1,0,1,0,0,0,0,0,0
ऑफ़र 12 घंटे में खत्म — केवल 7 बचे!,false_urgency|scarcity,false_urgency,hi,div,banner,[TAG=div] [ROLE=banner] ऑफ़र 12 घंटे में खत्म — केवल 7 बचे!,false_urgency:hi:14,synthetic_v1,0,1,0,0,1,0,0,0
आज का सौदा 24 घंटे में खत्म,false_urgency,false_urgency,hi,span,timer,[TAG=span] [ROLE=timer] आज का सौदा 24 घंटे में खत्म,false_urgency:hi:02,synthetic_v1,0,1,0,0,0,0,0,0
Muncha sale on yoga mat ends in 00:59,false_urgency,false_urgency,en,div,banner,[TAG=div] [ROLE=banner] Muncha sale on yoga mat ends in 00:59,false_urgency:en:17,synthetic_v1,0,1,0,0,0,0,0,0
Your cart will expire in 7 minutes,false_urgency,false_urgency,en,p,promo,[TAG=p] [ROLE=promo] Your cart will expire in 7 minutes,false_urgency:en:03,synthetic_v1,0,1,0,0,0,0,0,0
Today only! 40% off yoga mat,false_urgency,false_urgency,en,p,promo,[TAG=p] [ROLE=promo] Today only! 40% off yoga mat,false_urgency:en:10,synthetic_v1,0,1,0,0,0,0,0,0
ऑफ़र 1 मिनट में खत्म — केवल 4 बचे!,false_urgency|scarcity,false_urgency,hi,p,promo,[TAG=p] [ROLE=promo] ऑफ़र 1 मिनट में खत्म — केवल 4 बचे!,false_urgency:hi:14,synthetic_v1,0,1,0,0,1,0,0,0
BigBasket मा फोन कभर को सेल 3 मिनेट मा सकिन्छ,false_urgency,false_urgency,ne,div,banner,[TAG=div] [ROLE=banner] BigBasket मा फोन कभर को सेल 3 मिनेट मा सकिन्छ,false_urgency:ne:17,synthetic_v1,0,1,0,0,0,0,0,0
आजको डिल 23:11 मा सकिन्छ,false_urgency,false_urgency,ne,p,promo,[TAG=p] [ROLE=promo] आजको डिल 23:11 मा सकिन्छ,false_urgency:ne:02,synthetic_v1,0,1,0,0,0,0,0,0
आज का सौदा 3 घंटे में खत्म,false_urgency,false_urgency,hi,p,promo,[TAG=p] [ROLE=promo] आज का सौदा 3 घंटे में खत्म,false_urgency:hi:02,synthetic_v1,0,1,0,0,0,0,0,0
Countdown: 20 minutes until the price rises,false_urgency,false_urgency,en,div,banner,[TAG=div] [ROLE=banner] Countdown: 20 minutes until the price rises,false_urgency:en:08,synthetic_v1,0,1,0,0,0,0,0,0
रनिङ जुत्ता मा रु. 199 को मूल्य 3 मिनेट सम्म मात्र,false_urgency,false_urgency,ne,p,promo,[TAG=p] [ROLE=promo] रनिङ जुत्ता मा रु. 199 को मूल्य 3 मिनेट सम्म मात्र,false_urgency:ne:21,synthetic_v1,0,1,0,0,0,0,0,0
इन्डक्सन चुल्हो मा रु. 99 को मूल्य 15 मिनेट सम्म मात्र,false_urgency,false_urgency,ne,div,banner,[TAG=div] [ROLE=banner] इन्डक्सन चुल्हो मा रु. 99 को मूल्य 15 मिनेट सम्म मात्र,false_urgency:ne:21,synthetic_v1,0,1,0,0,0,0,0,0
यो डिलमा 23:11 मात्र बाँकी,false_urgency,false_urgency,ne,span,timer,[TAG=span] [ROLE=timer] यो डिलमा 23:11 मात्र बाँकी,false_urgency:ne:11,synthetic_v1,0,1,0,0,0,0,0,0
35% off expires in 23:11,false_urgency,false_urgency,en,p,promo,[TAG=p] [ROLE=promo] 35% off expires in 23:11,false_urgency:en:15,synthetic_v1,0,1,0,0,0,0,0,0
आज मात्र! नोइज क्यान्सलिङ हेडफोन मा 35% छुट,false_urgency,false_urgency,ne,span,timer,[TAG=span] [ROLE=timer] आज मात्र! नोइज क्यान्सलिङ हेडफोन मा 35% छुट,false_urgency:ne:10,synthetic_v1,0,1,0,0,0,0,0,0
जल्दी करें! फॉर्मल शर्ट पर ऑफ़र 30 मिनट में समाप्त,false_urgency,false_urgency,hi,div,banner,[TAG=div] [ROLE=banner] जल्दी करें! फॉर्मल शर्ट पर ऑफ़र 30 मिनट में समाप्त,false_urgency:hi:01,synthetic_v1,0,1,0,0,0,0,0,0
अगले 5 मिनट तक ही मान्य,false_urgency,false_urgency,hi,div,banner,[TAG=div] [ROLE=banner] अगले 5 मिनट तक ही मान्य,false_urgency:hi:07,synthetic_v1,0,1,0,0,0,0,0,0
आख़िरी मौका — गेमिंग माउस पर 1 मिनट बाकी,false_urgency,false_urgency,hi,span,timer,[TAG=span] [ROLE=timer] आख़िरी मौका — गेमिंग माउस पर 1 मिनट बाकी,false_urgency:hi:05,synthetic_v1,0,1,0,0,0,0,0,0
50% off water bottle at Salesberry — 23:11 left,false_urgency,false_urgency,en,span,timer,[TAG=span] [ROLE=timer] 50% off water bottle at Salesberry — 23:11 left,false_urgency:en:19,synthetic_v1,0,1,0,0,0,0,0,0
रांची डिलीवरी के लिए 09:45 में योगा मैट ऑर्डर करें,false_urgency,false_urgency,hi,span,timer,[TAG=span] [ROLE=timer] रांची डिलीवरी के लिए 09:45 में योगा मैट ऑर्डर करें,false_urgency:hi:18,synthetic_v1,0,1,0,0,0,0,0,0
"12:00 में ऑर्डर करें, 10 दिन में डिलीवरी",false_urgency,false_urgency,hi,span,timer,"[TAG=span] [ROLE=timer] 12:00 में ऑर्डर करें, 10 दिन में डिलीवरी",false_urgency:hi:16,synthetic_v1,0,1,0,0,0,0,0,0
Deal of the day ends in 45 minutes,false_urgency,false_urgency,en,p,promo,[TAG=p] [ROLE=promo] Deal of the day ends in 45 minutes,false_urgency:en:02,synthetic_v1,0,1,0,0,0,0,0,0
अफर 18 घण्टा मा सकिन्छ — 3 मात्र बाँकी!,false_urgency|scarcity,false_urgency,ne,div,banner,[TAG=div] [ROLE=banner] अफर 18 घण्टा मा सकिन्छ — 3 मात्र बाँकी!,false_urgency:ne:14,synthetic_v1,0,1,0,0,1,0,0,0
"6 घंटे में ऑर्डर करें, 2 दिन में डिलीवरी",false_urgency,false_urgency,hi,p,promo,"[TAG=p] [ROLE=promo] 6 घंटे में ऑर्डर करें, 2 दिन में डिलीवरी",false_urgency:hi:16,synthetic_v1,0,1,0,0,0,0,0,0
अन्तिम मौका — स्कुल ब्याग मा 12:00 बाँकी,false_urgency,false_urgency,ne,div,banner,[TAG=div] [ROLE=banner] अन्तिम मौका — स्कुल ब्याग मा 12:00 बाँकी,false_urgency:ne:05,synthetic_v1,0,1,0,0,0,0,0,0
Prices go up in 30 minutes,false_urgency,false_urgency,en,p,promo,[TAG=p] [ROLE=promo] Prices go up in 30 minutes,false_urgency:en:04,synthetic_v1,0,1,0,0,0,0,0,0
"30 मिनेट भित्र अर्डर गर्नुहोस्, 2 दिनमा डेलिभरी",false_urgency,false_urgency,ne,div,banner,"[TAG=div] [ROLE=banner] 30 मिनेट भित्र अर्डर गर्नुहोस्, 2 दिनमा डेलिभरी",false_urgency:ne:16,synthetic_v1,0,1,0,0,0,0,0,0
70% छूट 3 मिनट में समाप्त,false_urgency,false_urgency,hi,p,promo,[TAG=p] [ROLE=promo] 70% छूट 3 मिनट में समाप्त,false_urgency:hi:15,synthetic_v1,0,1,0,0,0,0,0,0
50% छुट 48 घण्टा मा सकिन्छ,false_urgency,false_urgency,ne,p,promo,[TAG=p] [ROLE=promo] 50% छुट 48 घण्टा मा सकिन्छ,false_urgency:ne:15,synthetic_v1,0,1,0,0,0,0,0,0
यो दर पाउन 00:59 भित्र बुक गर्नुहोस्,false_urgency,false_urgency,ne,p,promo,[TAG=p] [ROLE=promo] यो दर पाउन 00:59 भित्र बुक गर्नुहोस्,false_urgency:ne:09,synthetic_v1,0,1,0,0,0,0,0,0
Hurry! Offer on study lamp expires in 6 hours,false_urgency,false_urgency,en,p,promo,[TAG=p] [ROLE=promo] Hurry! Offer on study lamp expires in 6 hours,false_urgency:en:01,synthetic_v1,0,1,0,0,0,0,0,0
25% off expires in 19:20,false_urgency,false_urgency,en,p,promo,[TAG=p] [ROLE=promo] 25% off expires in 19:20,false_urgency:en:15,synthetic_v1,0,1,0,0,0,0,0,0
जल्दी करें! धूप का चश्मा पर ऑफ़र 18 घंटे में समाप्त,false_urgency,false_urgency,hi,p,promo,[TAG=p] [ROLE=promo] जल्दी करें! धूप का चश्मा पर ऑफ़र 18 घंटे में समाप्त,false_urgency:hi:01,synthetic_v1,0,1,0,0,0,0,0,0
Kinbech पर पावर बैंक पर 30% छूट — 18 घंटे बाकी,false_urgency,false_urgency,hi,span,timer,[TAG=span] [ROLE=timer] Kinbech पर पावर बैंक पर 30% छूट — 18 घंटे बाकी,false_urgency:hi:19,synthetic_v1,0,1,0,0,0,0,0,0
FirstCry मा पानीको बोतल को सेल 45 मिनेट मा सकिन्छ,false_urgency,false_urgency,ne,p,promo,[TAG=p] [ROLE=promo] FirstCry मा पानीको बोतल को सेल 45 मिनेट मा सकिन्छ,false_urgency:ne:17,synthetic_v1,0,1,0,0,0,0,0,0
Daraz मा योगा म्याट मा 10% छुट — 15 मिनेट बाँकी,false_urgency,false_urgency,ne,div,banner,[TAG=div] [ROLE=banner] Daraz मा योगा म्याट मा 10% छुट — 15 मिनेट बाँकी,false_urgency:ne:19,synthetic_v1,0,1,0,0,0,0,0,0
Daraz पर ट्रेकिंग जैकेट की सेल 14:59 में खत्म,false_urgency,false_urgency,hi,div,banner,[TAG=div] [ROLE=banner] Daraz पर ट्रेकिंग जैकेट की सेल 14:59 में खत्म,false_urgency:hi:17,synthetic_v1,0,1,0,0,0,0,0,0
40% छूट 1 घंटे में समाप्त,false_urgency,false_urgency,hi,div,banner,[TAG=div] [ROLE=banner] 40% छूट 1 घंटे में समाप्त,false_urgency:hi:15,synthetic_v1,0,1,0,0,0,0,0,0
आगरा डिलीवरी के लिए 3 मिनट में ब्लूटूथ स्पीकर ऑर्डर करें,false_urgency,false_urgency,hi,span,timer,[TAG=span] [ROLE=timer] आगरा डिलीवरी के लिए 3 मिनट में ब्लूटूथ स्पीकर ऑर्डर करें,false_urgency:hi:18,synthetic_v1,0,1,0,0,0,0,0,0
Offer ends in 19:20 — only 9 left!,false_urgency|scarcity,false_urgency,en,div,banner,[TAG=div] [ROLE=banner] Offer ends in 19:20 — only 9 left!,false_urgency:en:14,synthetic_v1,0,1,0,0,1,0,0,0
Today only! 60% off winter blanket,false_urgency,false_urgency,en,p,promo,[TAG=p] [ROLE=promo] Today only! 60% off winter blanket,false_urgency:en:10,synthetic_v1,0,1,0,0,0,0,0,0
Your cart will expire in 24 hours,false_urgency,false_urgency,en,span,timer,[TAG=span] [ROLE=timer] Your cart will expire in 24 hours,false_urgency:en:03,synthetic_v1,0,1,0,0,0,0,0,0
आख़िरी मौका — फॉर्मल शर्ट पर 3 घंटे बाकी,false_urgency,false_urgency,hi,span,timer,[TAG=span] [ROLE=timer] आख़िरी मौका — फॉर्मल शर्ट पर 3 घंटे बाकी,false_urgency:hi:05,synthetic_v1,0,1,0,0,0,0,0,0
"09:45 भित्र अर्डर गर्नुहोस्, 7 दिनमा डेलिभरी",false_urgency,false_urgency,ne,span,timer,"[TAG=span] [ROLE=timer] 09:45 भित्र अर्डर गर्नुहोस्, 7 दिनमा डेलिभरी",false_urgency:ne:16,synthetic_v1,0,1,0,0,0,0,0,0
"Flash sale ending in 12 hours, don't miss out",false_urgency,false_urgency,en,span,timer,"[TAG=span] [ROLE=timer] Flash sale ending in 12 hours, don't miss out",false_urgency:en:06,synthetic_v1,0,1,0,0,0,0,0,0
5% off hair dryer at Amazon — 00:59 left,false_urgency,false_urgency,en,div,banner,[TAG=div] [ROLE=banner] 5% off hair dryer at Amazon — 00:59 left,false_urgency:en:19,synthetic_v1,0,1,0,0,0,0,0,0
एयर फ्रायर मा रु. 449 को मूल्य 12:00 सम्म मात्र,false_urgency,false_urgency,ne,span,timer,[TAG=span] [ROLE=timer] एयर फ्रायर मा रु. 449 को मूल्य 12:00 सम्म मात्र,false_urgency:ne:21,synthetic_v1,0,1,0,0,0,0,0,0
यह दर पाने के लिए 10 मिनट में बुक करें,false_urgency,false_urgency,hi,span,timer,[TAG=span] [ROLE=timer] यह दर पाने के लिए 10 मिनट में बुक करें,false_urgency:hi:09,synthetic_v1,0,1,0,0,0,0,0,0
जल्दी करें! प्रोटीन पाउडर पर ऑफ़र 12 घंटे में समाप्त,false_urgency,false_urgency,hi,div,banner,[TAG=div] [ROLE=banner] जल्दी करें! प्रोटीन पाउडर पर ऑफ़र 12 घंटे में समाप्त,false_urgency:hi:01,synthetic_v1,0,1,0,0,0,0,0,0
"1 घंटे में ऑर्डर करें, 10 दिन में डिलीवरी",false_urgency,false_urgency,hi,p,promo,"[TAG=p] [ROLE=promo] 1 घंटे में ऑर्डर करें, 10 दिन में डिलीवरी",false_urgency:hi:16,synthetic_v1,0,1,0,0,0,0,0,0
यो दर पाउन 3 घण्टा भित्र बुक गर्नुहोस्,false_urgency,false_urgency,ne,div,banner,[TAG=div] [ROLE=banner] यो दर पाउन 3 घण्टा भित्र बुक गर्नुहोस्,false_urgency:ne:09,synthetic_v1,0,1,0,0,0,0,0,0
Today only! 25% off denim jeans,false_urgency,false_urgency,en,p,promo,[TAG=p] [ROLE=promo] Today only! 25% off denim jeans,false_urgency:en:10,synthetic_v1,0,1,0,0,0,0,0,0
Order hair dryer within 10 minutes for delivery to Hyderabad,false_urgency,false_urgency,en,p,promo,[TAG=p] [ROLE=promo] Order hair dryer within 10 minutes for delivery to Hyderabad,false_urgency:en:18,synthetic_v1,0,1,0,0,0,0,0,0
यह कीमत आपके लिए 12 घंटे तक सुरक्षित,false_urgency,false_urgency,hi,div,banner,[TAG=div] [ROLE=banner] यह कीमत आपके लिए 12 घंटे तक सुरक्षित,false_urgency:hi:12,synthetic_v1,0,1,0,0,0,0,0,0
Hurry! Offer on smartwatch expires in 23:11,false_urgency,false_urgency,en,p,promo,[TAG=p] [ROLE=promo] Hurry! Offer on smartwatch expires in 23:11,false_urgency:en:01,synthetic_v1,0,1,0,0,0,0,0,0
Today only! 30% off air fryer,false_urgency,false_urgency,en,p,promo,[TAG=p] [ROLE=promo] Today only! 30% off air fryer,false_urgency:en:10,synthetic_v1,0,1,0,0,0,0,0,0
पानीको बोतल रहेको तपाईंको Reliance Digital कार्ट 5 मिनेट मा सकिन्छ,false_urgency,false_urgency,ne,span,timer,[TAG=span] [ROLE=timer] पानीको बोतल रहेको तपाईंको Reliance Digital कार्ट 5 मिनेट मा सकिन्छ,false_urgency:ne:20,synthetic_v1,0,1,0,0,0,0,0,0
छिटो गर्नुहोस्! राइस कुकर को अफर 10 मिनेट मा सकिँदै,false_urgency,false_urgency,ne,span,timer,[TAG=span] [ROLE=timer] छिटो गर्नुहोस्! राइस कुकर को अफर 10 मिनेट मा सकिँदै,false_urgency:ne:01,synthetic_v1,0,1,0,0,0,0,0,0
60% छूट 45 मिनट में समाप्त,false_urgency,false_urgency,hi,div,banner,[TAG=div] [ROLE=banner] 60% छूट 45 मिनट में समाप्त,false_urgency:hi:15,synthetic_v1,0,1,0,0,0,0,0,0
ब्याकप्याक रहेको तपाईंको FirstCry कार्ट 6 घण्टा मा सकिन्छ,false_urgency,false_urgency,ne,div,banner,[TAG=div] [ROLE=banner] ब्याकप्याक रहेको तपाईंको FirstCry कार्ट 6 घण्टा मा सकिन्छ,false_urgency:ne:20,synthetic_v1,0,1,0,0,0,0,0,0
Deal of the day ends in 1 minute,false_urgency,false_urgency,en,div,banner,[TAG=div] [ROLE=banner] Deal of the day ends in 1 minute,false_urgency:en:02,synthetic_v1,0,1,0,0,0,0,0,0
"04:30 में ऑर्डर करें, 10 दिन में डिलीवरी",false_urgency,false_urgency,hi,p,promo,"[TAG=p] [ROLE=promo] 04:30 में ऑर्डर करें, 10 दिन में डिलीवरी",false_urgency:hi:16,synthetic_v1,0,1,0,0,0,0,0,0
"फ्लैश सेल 1 मिनट में खत्म, चूकें नहीं",false_urgency,false_urgency,hi,p,promo,"[TAG=p] [ROLE=promo] फ्लैश सेल 1 मिनट में खत्म, चूकें नहीं",false_urgency:hi:06,synthetic_v1,0,1,0,0,0,0,0,0
20% छुट 10 मिनेट मा सकिन्छ,false_urgency,false_urgency,ne,span,timer,[TAG=span] [ROLE=timer] 20% छुट 10 मिनेट मा सकिन्छ,false_urgency:ne:15,synthetic_v1,0,1,0,0,0,0,0,0
ब्लूटूथ स्पीकर वाला आपका Lenskart कार्ट 7 मिनट में खत्म,false_urgency,false_urgency,hi,div,banner,[TAG=div] [ROLE=banner] ब्लूटूथ स्पीकर वाला आपका Lenskart कार्ट 7 मिनट में खत्म,false_urgency:hi:20,synthetic_v1,0,1,0,0,0,0,0,0
Today only! 80% off sports sandals,false_urgency,false_urgency,en,span,timer,[TAG=span] [ROLE=timer] Today only! 80% off sports sandals,false_urgency:en:10,synthetic_v1,0,1,0,0,0,0,0,0
40% off denim jeans at Muncha — 04:30 left,false_urgency,false_urgency,en,span,timer,[TAG=span] [ROLE=timer] 40% off denim jeans at Muncha — 04:30 left,false_urgency:en:19,synthetic_v1,0,1,0,0,0,0,0,0
Today only! 15% off running shoes,false_urgency,false_urgency,en,span,timer,[TAG=span] [ROLE=timer] Today only! 15% off running shoes,false_urgency:en:10,synthetic_v1,0,1,0,0,0,0,0,0
आज का सौदा 14:59 में खत्म,false_urgency,false_urgency,hi,span,timer,[TAG=span] [ROLE=timer] आज का सौदा 14:59 में खत्म,false_urgency:hi:02,synthetic_v1,0,1,0,0,0,0,0,0
Salesberry मा ब्लुटुथ स्पिकर मा 20% छुट — 30 मिनेट बाँकी,false_urgency,false_urgency,ne,p,promo,[TAG=p] [ROLE=promo] Salesberry मा ब्लुटुथ स्पिकर मा 20% छुट — 30 मिनेट बाँकी,false_urgency:ne:19,synthetic_v1,0,1,0,0,0,0,0,0
Your cart will expire in 2 hours,false_urgency,false_urgency,en,div,banner,[TAG=div] [ROLE=banner] Your cart will expire in 2 hours,false_urgency:en:03,synthetic_v1,0,1,0,0,0,0,0,0
Order in 6 hours to get delivery in 3 days,false_urgency,false_urgency,en,span,timer,[TAG=span] [ROLE=timer] Order in 6 hours to get delivery in 3 days,false_urgency:en:16,synthetic_v1,0,1,0,0,0,0,0,0
अन्तिम मौका — हिउँदको ब्ल्याङ्केट मा 2 घण्टा बाँकी,false_urgency,false_urgency,ne,div,banner,[TAG=div] [ROLE=banner] अन्तिम मौका — हिउँदको ब्ल्याङ्केट मा 2 घण्टा बाँकी,false_urgency:ne:05,synthetic_v1,0,1,0,0,0,0,0,0
आजको डिल 30 मिनेट मा सकिन्छ,false_urgency,false_urgency,ne,p,promo,[TAG=p] [ROLE=promo] आजको डिल 30 मिनेट मा सकिन्छ,false_urgency:ne:02,synthetic_v1,0,1,0,0,0,0,0,0
Muncha मा प्रोटिन पाउडर मा 20% छुट — 19:20 बाँकी,false_urgency,false_urgency,ne,div,banner,[TAG=div] [ROLE=banner] Muncha मा प्रोटिन पाउडर मा 20% छुट — 19:20 बाँकी,false_urgency:ne:19,synthetic_v1,0,1,0,0,0,0,0,0
60% छूट 18 घंटे में समाप्त,false_urgency,false_urgency,hi,p,promo,[TAG=p] [ROLE=promo] 60% छूट 18 घंटे में समाप्त,false_urgency:hi:15,synthetic_v1,0,1,0,0,0,0,0,0
ललितपुर डेलिभरीका लागि 2 घण्टा भित्र राइस कुकर अर्डर गर्नुहोस्,false_urgency,false_urgency,ne,p,promo,[TAG=p] [ROLE=promo] ललितपुर डेलिभरीका लागि 2 घण्टा भित्र राइस कुकर अर्डर गर्नुहोस्,false_urgency:ne:18,synthetic_v1,0,1,0,0,0,0,0,0
Order in 20 minutes to get delivery in 2 days,false_urgency,false_urgency,en,div,banner,[TAG=div] [ROLE=banner] Order in 20 minutes to get delivery in 2 days,false_urgency:en:16,synthetic_v1,0,1,0,0,0,0,0,0
Order in 3 hours to get delivery in 7 days,false_urgency,false_urgency,en,span,timer,[TAG=span] [ROLE=timer] Order in 3 hours to get delivery in 7 days,false_urgency:en:16,synthetic_v1,0,1,0,0,0,0,0,0
यो डिलमा 5 मिनेट मात्र बाँकी,false_urgency,false_urgency,ne,p,promo,[TAG=p] [ROLE=promo] यो डिलमा 5 मिनेट मात्र बाँकी,false_urgency:ne:11,synthetic_v1,0,1,0,0,0,0,0,0
यो डिलमा 12:00 मात्र बाँकी,false_urgency,false_urgency,ne,div,banner,[TAG=div] [ROLE=banner] यो डिलमा 12:00 मात्र बाँकी,false_urgency:ne:11,synthetic_v1,0,1,0,0,0,0,0,0
छिटो गर्नुहोस्! फर्मल सर्ट को अफर 24 घण्टा मा सकिँदै,false_urgency,false_urgency,ne,span,timer,[TAG=span] [ROLE=timer] छिटो गर्नुहोस्! फर्मल सर्ट को अफर 24 घण्टा मा सकिँदै,false_urgency:ne:01,synthetic_v1,0,1,0,0,0,0,0,0
Deal of the day ends in 12:00,false_urgency,false_urgency,en,p,promo,[TAG=p] [ROLE=promo] Deal of the day ends in 12:00,false_urgency:en:02,synthetic_v1,0,1,0,0,0,0,0,0
25% off expires in 12:00,false_urgency,false_urgency,en,p,promo,[TAG=p] [ROLE=promo] 25% off expires in 12:00,false_urgency:en:15,synthetic_v1,0,1,0,0,0,0,0,0
Last chance — 12:00 left on bluetooth speaker,false_urgency,false_urgency,en,span,timer,[TAG=span] [ROLE=timer] Last chance — 12:00 left on bluetooth speaker,false_urgency:en:05,synthetic_v1,0,1,0,0,0,0,0,0
Last chance — 1 minute left on school bag,false_urgency,false_urgency,en,span,timer,[TAG=span] [ROLE=timer] Last chance — 1 minute left on school bag,false_urgency:en:05,synthetic_v1,0,1,0,0,0,0,0,0
मूल्य 19:20 मा बढ्नेछ,false_urgency,false_urgency,ne,p,promo,[TAG=p] [ROLE=promo] मूल्य 19:20 मा बढ्नेछ,false_urgency:ne:04,synthetic_v1,0,1,0,0,0,0,0,0
"2 घंटे में ऑर्डर करें, 10 दिन में डिलीवरी",false_urgency,false_urgency,hi,span,timer,"[TAG=span] [ROLE=timer] 2 घंटे में ऑर्डर करें, 10 दिन में डिलीवरी",false_urgency:hi:16,synthetic_v1,0,1,0,0,0,0,0,0
यो दर पाउन 04:30 भित्र बुक गर्नुहोस्,false_urgency,false_urgency,ne,p,promo,[TAG=p] [ROLE=promo] यो दर पाउन 04:30 भित्र बुक गर्नुहोस्,false_urgency:ne:09,synthetic_v1,0,1,0,0,0,0,0,0
आज मात्र! स्कुल ब्याग मा 50% छुट,false_urgency,false_urgency,ne,p,promo,[TAG=p] [ROLE=promo] आज मात्र! स्कुल ब्याग मा 50% छुट,false_urgency:ne:10,synthetic_v1,0,1,0,0,0,0,0,0
Myntra पर प्रोटीन पाउडर की सेल 7 मिनट में खत्म,false_urgency,false_urgency,hi,p,promo,[TAG=p] [ROLE=promo] Myntra पर प्रोटीन पाउडर की सेल 7 मिनट में खत्म,false_urgency:hi:17,synthetic_v1,0,1,0,0,0,0,0,0
Meesho sale on power bank ends in 14:59,false_urgency,false_urgency,en,div,banner,[TAG=div] [ROLE=banner] Meesho sale on power bank ends in 14:59,false_urgency:en:17,synthetic_v1,0,1,0,0,0,0,0,0
सिर्फ़ आज! डेनिम जींस पर 35% छूट,false_urgency,false_urgency,hi,p,promo,[TAG=p] [ROLE=promo] सिर्फ़ आज! डेनिम जींस पर 35% छूट,false_urgency:hi:10,synthetic_v1,0,1,0,0,0,0,0,0
"कॉफी मेकर पर रु. 1,999 की कीमत 02:14 तक ही",false_urgency,false_urgency,hi,span,timer,"[TAG=span] [ROLE=timer] कॉफी मेकर पर रु. 1,999 की कीमत 02:14 तक ही",false_urgency:hi:21,synthetic_v1,0,1,0,0,0,0,0,0
अफर 00:59 मा सकिन्छ — 2 मात्र बाँकी!,false_urgency|scarcity,false_urgency,ne,div,banner,[TAG=div] [ROLE=banner] अफर 00:59 मा सकिन्छ — 2 मात्र बाँकी!,false_urgency:ne:14,synthetic_v1,0,1,0,0,1,0,0,0
अन्तिम मौका — हिउँदको ब्ल्याङ्केट मा 20 मिनेट बाँकी,false_urgency,false_urgency,ne,p,promo,[TAG=p] [ROLE=promo] अन्तिम मौका — हिउँदको ब्ल्याङ्केट मा 20 मिनेट बाँकी,false_urgency:ne:05,synthetic_v1,0,1,0,0,0,0,0,0
हेयर ड्रायर पर रु. 199 की कीमत 1 घंटे तक ही,false_urgency,false_urgency,hi,div,banner,[TAG=div] [ROLE=banner] हेयर ड्रायर पर रु. 199 की कीमत 1 घंटे तक ही,false_urgency:hi:21,synthetic_v1,0,1,0,0,0,0,0,0
Daraz पर हेयर ड्रायर पर 25% छूट — 12:00 बाकी,false_urgency,false_urgency,hi,div,banner,[TAG=div] [ROLE=banner] Daraz पर हेयर ड्रायर पर 25% छूट — 12:00 बाकी,false_urgency:hi:19,synthetic_v1,0,1,0,0,0,0,0,0
Offer ends in 1 minute — only 12 left!,false_urgency|scarcity,false_urgency,en,div,banner,[TAG=div] [ROLE=banner] Offer ends in 1 minute — only 12 left!,false_urgency:en:14,synthetic_v1,0,1,0,0,1,0,0,0
Offer ends in 23:11 — only 6 left!,false_urgency|scarcity,false_urgency,en,p,promo,[TAG=p] [ROLE=promo] Offer ends in 23:11 — only 6 left!,false_urgency:en:14,synthetic_v1,0,1,0,0,1,0,0,0
सेल 2 घंटे में खत्म!,false_urgency,false_urgency,hi,span,timer,[TAG=span] [ROLE=timer] सेल 2 घंटे में खत्म!,false_urgency:hi:00,synthetic_v1,0,1,0,0,0,0,0,0
Hurry! Offer on smartwatch expires in 3 hours,false_urgency,false_urgency,en,p,promo,[TAG=p] [ROLE=promo] Hurry! Offer on smartwatch expires in 3 hours,false_urgency:en:01,synthetic_v1,0,1,0,0,0,0,0,0
Only 7 minutes remaining on this deal,false_urgency,false_urgency,en,span,timer,[TAG=span] [ROLE=timer] Only 7 minutes remaining on this deal,false_urgency:en:11,synthetic_v1,0,1,0,0,0,0,0,0
Last chance — 23:11 left on formal shirt,false_urgency,false_urgency,en,div,banner,[TAG=div] [ROLE=banner] Last chance — 23:11 left on formal shirt,false_urgency:en:05,synthetic_v1,0,1,0,0,0,0,0,0
Myntra पर डेनिम जींस की सेल 3 मिनट में खत्म,false_urgency,false_urgency,hi,p,promo,[TAG=p] [ROLE=promo] Myntra पर डेनिम जींस की सेल 3 मिनट में खत्म,false_urgency:hi:17,synthetic_v1,0,1,0,0,0,0,0,0
"Flash sale ending in 12:00, don't miss out",false_urgency,false_urgency,en,span,timer,"[TAG=span] [ROLE=timer] Flash sale ending in 12:00, don't miss out",false_urgency:en:06,synthetic_v1,0,1,0,0,0,0,0,0
ऑफिस चेयर पर रु. 249 की कीमत 7 मिनट तक ही,false_urgency,false_urgency,hi,div,banner,[TAG=div] [ROLE=banner] ऑफिस चेयर पर रु. 249 की कीमत 7 मिनट तक ही,false_urgency:hi:21,synthetic_v1,0,1,0,0,0,0,0,0
यो मूल्य तपाईंका लागि 1 मिनेट सम्म सुरक्षित,false_urgency,false_urgency,ne,div,banner,[TAG=div] [ROLE=banner] यो मूल्य तपाईंका लागि 1 मिनेट सम्म सुरक्षित,false_urgency:ne:12,synthetic_v1,0,1,0,0,0,0,0,0
BigBasket मा प्रोटिन पाउडर मा 10% छुट — 20 मिनेट बाँकी,false_urgency,false_urgency,ne,p,promo,[TAG=p] [ROLE=promo] BigBasket मा प्रोटिन पाउडर मा 10% छुट — 20 मिनेट बाँकी,false_urgency:ne:19,synthetic_v1,0,1,0,0,0,0,0,0
अहमदाबाद डिलीवरी के लिए 02:14 में कॉटन कुर्ता ऑर्डर करें,false_urgency,false_urgency,hi,p,promo,[TAG=p] [ROLE=promo] अहमदाबाद डिलीवरी के लिए 02:14 में कॉटन कुर्ता ऑर्डर करें,false_urgency:hi:18,synthetic_v1,0,1,0,0,0,0,0,0
Amazon sale on rice cooker ends in 3 hours,false_urgency,false_urgency,en,div,banner,[TAG=div] [ROLE=banner] Amazon sale on rice cooker ends in 3 hours,false_urgency:en:17,synthetic_v1,0,1,0,0,0,0,0,0
अफर 48 घण्टा मा सकिन्छ — 9 मात्र बाँकी!,false_urgency|scarcity,false_urgency,ne,div,banner,[TAG=div] [ROLE=banner] अफर 48 घण्टा मा सकिन्छ — 9 मात्र बाँकी!,false_urgency:ne:14,synthetic_v1,0,1,0,0,1,0,0,0
ऑफ़र 20 मिनट में खत्म — केवल 2 बचे!,false_urgency|scarcity,false_urgency,hi,p,promo,[TAG=p] [ROLE=promo] ऑफ़र 20 मिनट में खत्म — केवल 2 बचे!,false_urgency:hi:14,synthetic_v1,0,1,0,0,1,0,0,0
"19:20 भित्र अर्डर गर्नुहोस्, 2 दिनमा डेलिभरी",false_urgency,false_urgency,ne,span,timer,"[TAG=span] [ROLE=timer] 19:20 भित्र अर्डर गर्नुहोस्, 2 दिनमा डेलिभरी",false_urgency:ne:16,synthetic_v1,0,1,0,0,0,0,0,0
यो डिलमा 1 मिनेट मात्र बाँकी,false_urgency,false_urgency,ne,span,timer,[TAG=span] [ROLE=timer] यो डिलमा 1 मिनेट मात्र बाँकी,false_urgency:ne:11,synthetic_v1,0,1,0,0,0,0,0,0
आख़िरी मौका — स्कूल बैग पर 24 घंटे बाकी,false_urgency,false_urgency,hi,span,timer,[TAG=span] [ROLE=timer] आख़िरी मौका — स्कूल बैग पर 24 घंटे बाकी,false_urgency:hi:05,synthetic_v1,0,1,0,0,0,0,0,0
आख़िरी मौका — गेमिंग माउस पर 18 घंटे बाकी,false_urgency,false_urgency,hi,span,timer,[TAG=span] [ROLE=timer] आख़िरी मौका — गेमिंग माउस पर 18 घंटे बाकी,false_urgency:hi:05,synthetic_v1,0,1,0,0,0,0,0,0
बैकपैक वाला आपका Kinbech कार्ट 10 मिनट में खत्म,false_urgency,false_urgency,hi,p,promo,[TAG=p] [ROLE=promo] बैकपैक वाला आपका Kinbech कार्ट 10 मिनट में खत्म,false_urgency:hi:20,synthetic_v1,0,1,0,0,0,0,0,0
बेंगलुरु डिलीवरी के लिए 23:11 में स्टडी लैंप ऑर्डर करें,false_urgency,false_urgency,hi,p,promo,[TAG=p] [ROLE=promo] बेंगलुरु डिलीवरी के लिए 23:11 में स्टडी लैंप ऑर्डर करें,false_urgency:hi:18,synthetic_v1,0,1,0,0,0,0,0,0
अन्तिम मौका — स्पोर्ट्स चप्पल मा 6 घण्टा बाँकी,false_urgency,false_urgency,ne,p,promo,[TAG=p] [ROLE=promo] अन्तिम मौका — स्पोर्ट्स चप्पल मा 6 घण्टा बाँकी,false_urgency:ne:05,synthetic_v1,0,1,0,0,0,0,0,0
इस डील पर केवल 30 मिनट शेष,false_urgency,false_urgency,hi,div,banner,[TAG=div] [ROLE=banner] इस डील पर केवल 30 मिनट शेष,false_urgency:hi:11,synthetic_v1,0,1,0,0,0,0,0,0
Lenskart मा अफिस कुर्सी को सेल 12 घण्टा मा सकिन्छ,false_urgency,false_urgency,ne,p,promo,[TAG=p] [ROLE=promo] Lenskart मा अफिस कुर्सी को सेल 12 घण्टा मा सकिन्छ,false_urgency:ne:17,synthetic_v1,0,1,0,0,0,0,0,0
दाम 1 घंटे में बढ़ जाएंगे,false_urgency,false_urgency,hi,span,timer,[TAG=span] [ROLE=timer] दाम 1 घंटे में बढ़ जाएंगे,false_urgency:hi:04,synthetic_v1,0,1,0,0,0,0,0,0
5% छूट 12 घंटे में समाप्त,false_urgency,false_urgency,hi,div,banner,[TAG=div] [ROLE=banner] 5% छूट 12 घंटे में समाप्त,false_urgency:hi:15,synthetic_v1,0,1,0,0,0,0,0,0
स्पोर्ट्स सैंडल वाला आपका HamroBazar कार्ट 1 मिनट में खत्म,false_urgency,false_urgency,hi,span,timer,[TAG=span] [ROLE=timer] स्पोर्ट्स सैंडल वाला आपका HamroBazar कार्ट 1 मिनट में खत्म,false_urgency:hi:20,synthetic_v1,0,1,0,0,0,0,0,0
20% छूट 1 घंटे में समाप्त,false_urgency,false_urgency,hi,span,timer,[TAG=span] [ROLE=timer] 20% छूट 1 घंटे में समाप्त,false_urgency:hi:15,synthetic_v1,0,1,0,0,0,0,0,0
सेल 19:20 में खत्म!,false_urgency,false_urgency,hi,div,banner,[TAG=div] [ROLE=banner] सेल 19:20 में खत्म!,false_urgency:hi:00,synthetic_v1,0,1,0,0,0,0,0,0
काउन्टडाउन: 10 मिनेट मा मूल्य बढ्नेछ,false_urgency,false_urgency,ne,span,timer,[TAG=span] [ROLE=timer] काउन्टडाउन: 10 मिनेट मा मूल्य बढ्नेछ,false_urgency:ne:08,synthetic_v1,0,1,0,0,0,0,0,0
जल्दी करें! ब्लूटूथ स्पीकर पर ऑफ़र 02:14 में समाप्त,false_urgency,false_urgency,hi,span,timer,[TAG=span] [ROLE=timer] जल्दी करें! ब्लूटूथ स्पीकर पर ऑफ़र 02:14 में समाप्त,false_urgency:hi:01,synthetic_v1,0,1,0,0,0,0,0,0
मूल्य 2 घण्टा मा बढ्नेछ,false_urgency,false_urgency,ne,div,banner,[TAG=div] [ROLE=banner] मूल्य 2 घण्टा मा बढ्नेछ,false_urgency:ne:04,synthetic_v1,0,1,0,0,0,0,0,0
आज मात्र! कटन कुर्ता मा 80% छुट,false_urgency,false_urgency,ne,div,banner,[TAG=div] [ROLE=banner] आज मात्र! कटन कुर्ता मा 80% छुट,false_urgency:ne:10,synthetic_v1,0,1,0,0,0,0,0,0
Hurry! Offer on trekking jacket expires in 3 minutes,false_urgency,false_urgency,en,div,banner,[TAG=div] [ROLE=banner] Hurry! Offer on trekking jacket expires in 3 minutes,false_urgency:en:01,synthetic_v1,0,1,0,0,0,0,0,0
अन्तिम मौका — फोन कभर मा 2 घण्टा बाँकी,false_urgency,false_urgency,ne,span,timer,[TAG=span] [ROLE=timer] अन्तिम मौका — फोन कभर मा 2 घण्टा बाँकी,false_urgency:ne:05,synthetic_v1,0,1,0,0,0,0,0,0
Reserved for you for 5 minutes,false_urgency,false_urgency,en,span,timer,[TAG=span] [ROLE=timer] Reserved for you for 5 minutes,false_urgency:en:12,synthetic_v1,0,1,0,0,0,0,0,0
अर्को 10 मिनेटसम्म मात्र मान्य,false_urgency,false_urgency,ne,span,timer,[TAG=span] [ROLE=timer] अर्को 10 मिनेटसम्म मात्र मान्य,false_urgency:ne:07,synthetic_v1,0,1,0,0,0,0,0,0
Order coffee maker within 02:14 for delivery to Biratnagar,false_urgency,false_urgency,en,p,promo,[TAG=p] [ROLE=promo] Order coffee maker within 02:14 for delivery to Biratnagar,false_urgency:en:18,synthetic_v1,0,1,0,0,0,0,0,0
Offer ends in 12 hours — only 2 left!,false_urgency|scarcity,false_urgency,en,p,promo,[TAG=p] [ROLE=promo] Offer ends in 12 hours — only 2 left!,false_urgency:en:14,synthetic_v1,0,1,0,0,1,0,0,0
अन्तिम मौका — वायरलेस इयरबड्स मा 1 घण्टा बाँकी,false_urgency,false_urgency,ne,div,banner,[TAG=div] [ROLE=banner] अन्तिम मौका — वायरलेस इयरबड्स मा 1 घण्टा बाँकी,false_urgency:ne:05,synthetic_v1,0,1,0,0,0,0,0,0
Thulo मा स्मार्टवाच को सेल 6 घण्टा मा सकिन्छ,false_urgency,false_urgency,ne,span,timer,[TAG=span] [ROLE=timer] Thulo मा स्मार्टवाच को सेल 6 घण्टा मा सकिन्छ,false_urgency:ne:17,synthetic_v1,0,1,0,0,0,0,0,0
सेल 5 मिनट में खत्म!,false_urgency,false_urgency,hi,span,timer,[TAG=span] [ROLE=timer] सेल 5 मिनट में खत्म!,false_urgency:hi:00,synthetic_v1,0,1,0,0,0,0,0,0
यो डिलमा 20 मिनेट मात्र बाँकी,false_urgency,false_urgency,ne,div,banner,[TAG=div] [ROLE=banner] यो डिलमा 20 मिनेट मात्र बाँकी,false_urgency:ne:11,synthetic_v1,0,1,0,0,0,0,0,0
15% छुट 15 मिनेट मा सकिन्छ,false_urgency,false_urgency,ne,span,timer,[TAG=span] [ROLE=timer] 15% छुट 15 मिनेट मा सकिन्छ,false_urgency:ne:15,synthetic_v1,0,1,0,0,0,0,0,0
Your cart will expire in 6 hours,false_urgency,false_urgency,en,p,promo,[TAG=p] [ROLE=promo] Your cart will expire in 6 hours,false_urgency:en:03,synthetic_v1,0,1,0,0,0,0,0,0
छिटो गर्नुहोस्! नोइज क्यान्सलिङ हेडफोन को अफर 24 घण्टा मा सकिँदै,false_urgency,false_urgency,ne,span,timer,[TAG=span] [ROLE=timer] छिटो गर्नुहोस्! नोइज क्यान्सलिङ हेडफोन को अफर 24 घण्टा मा सकिँदै,false_urgency:ne:01,synthetic_v1,0,1,0,0,0,0,0,0
स्पोर्ट्स सैंडल पर रु. 349 की कीमत 48 घंटे तक ही,false_urgency,false_urgency,hi,p,promo,[TAG=p] [ROLE=promo] स्पोर्ट्स सैंडल पर रु. 349 की कीमत 48 घंटे तक ही,false_urgency:hi:21,synthetic_v1,0,1,0,0,0,0,0,0
Myntra मा फर्मल सर्ट को सेल 6 घण्टा मा सकिन्छ,false_urgency,false_urgency,ne,span,timer,[TAG=span] [ROLE=timer] Myntra मा फर्मल सर्ट को सेल 6 घण्टा मा सकिन्छ,false_urgency:ne:17,synthetic_v1,0,1,0,0,0,0,0,0
अन्तिम मौका — इलेक्ट्रिक केतली मा 24 घण्टा बाँकी,false_urgency,false_urgency,ne,div,banner,[TAG=div] [ROLE=banner] अन्तिम मौका — इलेक्ट्रिक केतली मा 24 घण्टा बाँकी,false_urgency:ne:05,synthetic_v1,0,1,0,0,0,0,0,0
Today only! 5% off phone case,false_urgency,false_urgency,en,span,timer,[TAG=span] [ROLE=timer] Today only! 5% off phone case,false_urgency:en:10,synthetic_v1,0,1,0,0,0,0,0,0
यह कीमत आपके लिए 15 मिनट तक सुरक्षित,false_urgency,false_urgency,hi,div,banner,[TAG=div] [ROLE=banner] यह कीमत आपके लिए 15 मिनट तक सुरक्षित,false_urgency:hi:12,synthetic_v1,0,1,0,0,0,0,0,0
आगरा डिलीवरी के लिए 09:45 में फॉर्मल शर्ट ऑर्डर करें,false_urgency,false_urgency,hi,div,banner,[TAG=div] [ROLE=banner] आगरा डिलीवरी के लिए 09:45 में फॉर्मल शर्ट ऑर्डर करें,false_urgency:hi:18,synthetic_v1,0,1,0,0,0,0,0,0
चितवन डेलिभरीका लागि 5 मिनेट भित्र कफी मेकर अर्डर गर्नुहोस्,false_urgency,false_urgency,ne,p,promo,[TAG=p] [ROLE=promo] चितवन डेलिभरीका लागि 5 मिनेट भित्र कफी मेकर अर्डर गर्नुहोस्,false_urgency:ne:18,synthetic_v1,0,1,0,0,0,0,0,0
Your cart will expire in 1 hour,false_urgency,false_urgency,en,span,timer,[TAG=span] [ROLE=timer] Your cart will expire in 1 hour,false_urgency:en:03,synthetic_v1,0,1,0,0,0,0,0,0
Zepto sale on office chair ends in 2 hours,false_urgency,false_urgency,en,p,promo,[TAG=p] [ROLE=promo] Zepto sale on office chair ends in 2 hours,false_urgency:en:17,synthetic_v1,0,1,0,0,0,0,0,0
Today only! 15% off school bag,false_urgency,false_urgency,en,p,promo,[TAG=p] [ROLE=promo] Today only! 15% off school bag,false_urgency:en:10,synthetic_v1,0,1,0,0,0,0,0,0
Muncha sale on power bank ends in 23:11,false_urgency,false_urgency,en,span,timer,[TAG=span] [ROLE=timer] Muncha sale on power bank ends in 23:11,false_urgency:en:17,synthetic_v1,0,1,0,0,0,0,0,0
20% off sunglasses at Daraz — 19:20 left,false_urgency,false_urgency,en,span,timer,[TAG=span] [ROLE=timer] 20% off sunglasses at Daraz — 19:20 left,false_urgency:en:19,synthetic_v1,0,1,0,0,0,0,0,0
30% off expires in 10 minutes,false_urgency,false_urgency,en,div,banner,[TAG=div] [ROLE=banner] 30% off expires in 10 minutes,false_urgency:en:15,synthetic_v1,0,1,0,0,0,0,0,0
Gyapu मा फेस वास मा 60% छुट — 02:14 बाँकी,false_urgency,false_urgency,ne,span,timer,[TAG=span] [ROLE=timer] Gyapu मा फेस वास मा 60% छुट — 02:14 बाँकी,false_urgency:ne:19,synthetic_v1,0,1,0,0,0,0,0,0
"1 मिनेट भित्र अर्डर गर्नुहोस्, 5 दिनमा डेलिभरी",false_urgency,false_urgency,ne,div,banner,"[TAG=div] [ROLE=banner] 1 मिनेट भित्र अर्डर गर्नुहोस्, 5 दिनमा डेलिभरी",false_urgency:ne:16,synthetic_v1,0,1,0,0,0,0,0,0
15% छुट 19:20 मा सकिन्छ,false_urgency,false_urgency,ne,span,timer,[TAG=span] [ROLE=timer] 15% छुट 19:20 मा सकिन्छ,false_urgency:ne:15,synthetic_v1,0,1,0,0,0,0,0,0
Last chance — 20 minutes left on trekking jacket,false_urgency,false_urgency,en,span,timer,[TAG=span] [ROLE=timer] Last chance — 20 minutes left on trekking jacket,false_urgency:en:05,synthetic_v1,0,1,0,0,0,0,0,0
मांग के कारण 6 घंटे बढ़ाया गया,false_urgency,false_urgency,hi,span,timer,[TAG=span] [ROLE=timer] मांग के कारण 6 घंटे बढ़ाया गया,false_urgency:hi:13,synthetic_v1,0,1,0,0,0,0,0,0
आज मात्र! ब्याकप्याक मा 80% छुट,false_urgency,false_urgency,ne,p,promo,[TAG=p] [ROLE=promo] आज मात्र! ब्याकप्याक मा 80% छुट,false_urgency:ne:10,synthetic_v1,0,1,0,0,0,0,0,0
अन्तिम मौका — फेस वास मा 09:45 बाँकी,false_urgency,false_urgency,ne,p,promo,[TAG=p] [ROLE=promo] अन्तिम मौका — फेस वास मा 09:45 बाँकी,false_urgency:ne:05,synthetic_v1,0,1,0,0,0,0,0,0
पानीको बोतल मा रु. 449 को मूल्य 1 मिनेट सम्म मात्र,false_urgency,false_urgency,ne,div,banner,[TAG=div] [ROLE=banner] पानीको बोतल मा रु. 449 को मूल्य 1 मिनेट सम्म मात्र,false_urgency:ne:21,synthetic_v1,0,1,0,0,0,0,0,0
राइस कुकर रहेको तपाईंको OkDam कार्ट 20 मिनेट मा सकिन्छ,false_urgency,false_urgency,ne,span,timer,[TAG=span] [ROLE=timer] राइस कुकर रहेको तपाईंको OkDam कार्ट 20 मिनेट मा सकिन्छ,false_urgency:ne:20,synthetic_v1,0,1,0,0,0,0,0,0
लैपटॉप बैग वाला आपका Nykaa कार्ट 18 घंटे में खत्म,false_urgency,false_urgency,hi,span,timer,[TAG=span] [ROLE=timer] लैपटॉप बैग वाला आपका Nykaa कार्ट 18 घंटे में खत्म,false_urgency:hi:20,synthetic_v1,0,1,0,0,0,0,0,0
दाम 3 मिनट में बढ़ जाएंगे,false_urgency,false_urgency,hi,p,promo,[TAG=p] [ROLE=promo] दाम 3 मिनट में बढ़ जाएंगे,false_urgency:hi:04,synthetic_v1,0,1,0,0,0,0,0,0
रनिङ जुत्ता रहेको तपाईंको Thulo कार्ट 19:20 मा सकिन्छ,false_urgency,false_urgency,ne,div,banner,[TAG=div] [ROLE=banner] रनिङ जुत्ता रहेको तपाईंको Thulo कार्ट 19:20 मा सकिन्छ,false_urgency:ne:20,synthetic_v1,0,1,0,0,0,0,0,0
5% off air fryer at Nykaa — 23:11 left,false_urgency,false_urgency,en,span,timer,[TAG=span] [ROLE=timer] 5% off air fryer at Nykaa — 23:11 left,false_urgency:en:19,synthetic_v1,0,1,0,0,0,0,0,0
70% छूट 19:20 में समाप्त,false_urgency,false_urgency,hi,p,promo,[TAG=p] [ROLE=promo] 70% छूट 19:20 में समाप्त,false_urgency:hi:15,synthetic_v1,0,1,0,0,0,0,0,0
Countdown: 3 hours until the price rises,false_urgency,false_urgency,en,div,banner,[TAG=div] [ROLE=banner] Countdown: 3 hours until the price rises,false_urgency:en:08,synthetic_v1,0,1,0,0,0,0,0,0
फेस वास मा रु. 199 को मूल्य 12 घण्टा सम्म मात्र,false_urgency,false_urgency,ne,p,promo,[TAG=p] [ROLE=promo] फेस वास मा रु. 199 को मूल्य 12 घण्टा सम्म मात्र,false_urgency:ne:21,synthetic_v1,0,1,0,0,0,0,0,0
आज मात्र! अफिस कुर्सी मा 25% छुट,false_urgency,false_urgency,ne,p,promo,[TAG=p] [ROLE=promo] आज मात्र! अफिस कुर्सी मा 25% छुट,false_urgency:ne:10,synthetic_v1,0,1,0,0,0,0,0,0
Last chance — 2 hours left on school bag,false_urgency,false_urgency,en,div,banner,[TAG=div] [ROLE=banner] Last chance — 2 hours left on school bag,false_urgency:en:05,synthetic_v1,0,1,0,0,0,0,0,0
Gyapu मा पावर ब्यांक को सेल 14:59 मा सकिन्छ,false_urgency,false_urgency,ne,div,banner,[TAG=div] [ROLE=banner] Gyapu मा पावर ब्यांक को सेल 14:59 मा सकिन्छ,false_urgency:ne:17,synthetic_v1,0,1,0,0,0,0,0,0
सेल 3 मिनेट मा सकिन्छ!,false_urgency,false_urgency,ne,span,timer,[TAG=span] [ROLE=timer] सेल 3 मिनेट मा सकिन्छ!,false_urgency:ne:00,synthetic_v1,0,1,0,0,0,0,0,0
अन्तिम मौका — इन्डक्सन चुल्हो मा 2 घण्टा बाँकी,false_urgency,false_urgency,ne,div,banner,[TAG=div] [ROLE=banner] अन्तिम मौका — इन्डक्सन चुल्हो मा 2 घण्टा बाँकी,false_urgency:ne:05,synthetic_v1,0,1,0,0,0,0,0,0
70% off denim jeans at FirstCry — 5 minutes left,false_urgency,false_urgency,en,p,promo,[TAG=p] [ROLE=promo] 70% off denim jeans at FirstCry — 5 minutes left,false_urgency:en:19,synthetic_v1,0,1,0,0,0,0,0,0
Croma मा डेनिम जिन्स को सेल 3 घण्टा मा सकिन्छ,false_urgency,false_urgency,ne,div,banner,[TAG=div] [ROLE=banner] Croma मा डेनिम जिन्स को सेल 3 घण्टा मा सकिन्छ,false_urgency:ne:17,synthetic_v1,0,1,0,0,0,0,0,0
सेल 5 मिनेट मा सकिन्छ!,false_urgency,false_urgency,ne,span,timer,[TAG=span] [ROLE=timer] सेल 5 मिनेट मा सकिन्छ!,false_urgency:ne:00,synthetic_v1,0,1,0,0,0,0,0,0
80% छुट 12 घण्टा मा सकिन्छ,false_urgency,false_urgency,ne,p,promo,[TAG=p] [ROLE=promo] 80% छुट 12 घण्टा मा सकिन्छ,false_urgency:ne:15,synthetic_v1,0,1,0,0,0,0,0,0
आज मात्र! प्रोटिन पाउडर मा 40% छुट,false_urgency,false_urgency,ne,div,banner,[TAG=div] [ROLE=banner] आज मात्र! प्रोटिन पाउडर मा 40% छुट,false_urgency:ne:10,synthetic_v1,0,1,0,0,0,0,0,0
Offer ends in 04:30 — only 10 left!,false_urgency|scarcity,false_urgency,en,div,banner,[TAG=div] [ROLE=banner] Offer ends in 04:30 — only 10 left!,false_urgency:en:14,synthetic_v1,0,1,0,0,1,0,0,0
Last chance — 14:59 left on smartwatch,false_urgency,false_urgency,en,div,banner,[TAG=div] [ROLE=banner] Last chance — 14:59 left on smartwatch,false_urgency:en:05,synthetic_v1,0,1,0,0,0,0,0,0
Order in 02:14 to get delivery in 4 days,false_urgency,false_urgency,en,div,banner,[TAG=div] [ROLE=banner] Order in 02:14 to get delivery in 4 days,false_urgency:en:16,synthetic_v1,0,1,0,0,0,0,0,0
अन्तिम मौका — ल्यापटप ब्याग मा 18 घण्टा बाँकी,false_urgency,false_urgency,ne,span,timer,[TAG=span] [ROLE=timer] अन्तिम मौका — ल्यापटप ब्याग मा 18 घण्टा बाँकी,false_urgency:ne:05,synthetic_v1,0,1,0,0,0,0,0,0
जल्दी करें! कॉफी मेकर पर ऑफ़र 1 मिनट में समाप्त,false_urgency,false_urgency,hi,div,banner,[TAG=div] [ROLE=banner] जल्दी करें! कॉफी मेकर पर ऑफ़र 1 मिनट में समाप्त,false_urgency:hi:01,synthetic_v1,0,1,0,0,0,0,0,0
अन्तिम मौका — अफिस कुर्सी मा 5 मिनेट बाँकी,false_urgency,false_urgency,ne,p,promo,[TAG=p] [ROLE=promo] अन्तिम मौका — अफिस कुर्सी मा 5 मिनेट बाँकी,false_urgency:ne:05,synthetic_v1,0,1,0,0,0,0,0,0
Hurry! Offer on hair dryer expires in 09:45,false_urgency,false_urgency,en,div,banner,[TAG=div] [ROLE=banner] Hurry! Offer on hair dryer expires in 09:45,false_urgency:en:01,synthetic_v1,0,1,0,0,0,0,0,0
BigBasket sale on office chair ends in 12:00,false_urgency,false_urgency,en,span,timer,[TAG=span] [ROLE=timer] BigBasket sale on office chair ends in 12:00,false_urgency:en:17,synthetic_v1,0,1,0,0,0,0,0,0
ब्लुटुथ स्पिकर मा रु. 449 को मूल्य 12:00 सम्म मात्र,false_urgency,false_urgency,ne,span,timer,[TAG=span] [ROLE=timer] ब्लुटुथ स्पिकर मा रु. 449 को मूल्य 12:00 सम्म मात्र,false_urgency:ne:21,synthetic_v1,0,1,0,0,0,0,0,0
10% off expires in 24 hours,false_urgency,false_urgency,en,p,promo,[TAG=p] [ROLE=promo] 10% off expires in 24 hours,false_urgency:en:15,synthetic_v1,0,1,0,0,0,0,0,0
इटहरी डेलिभरीका लागि 7 मिनेट भित्र कटन कुर्ता अर्डर गर्नुहोस्,false_urgency,false_urgency,ne,p,promo,[TAG=p] [ROLE=promo] इटहरी डेलिभरीका लागि 7 मिनेट भित्र कटन कुर्ता अर्डर गर्नुहोस्,false_urgency:ne:18,synthetic_v1,0,1,0,0,0,0,0,0
इस डील पर केवल 3 मिनट शेष,false_urgency,false_urgency,hi,span,timer,[TAG=span] [ROLE=timer] इस डील पर केवल 3 मिनट शेष,false_urgency:hi:11,synthetic_v1,0,1,0,0,0,0,0,0
अगले 2 मिनट तक ही मान्य,false_urgency,false_urgency,hi,div,banner,[TAG=div] [ROLE=banner] अगले 2 मिनट तक ही मान्य,false_urgency:hi:07,synthetic_v1,0,1,0,0,0,0,0,0
80% off expires in 20 minutes,false_urgency,false_urgency,en,p,promo,[TAG=p] [ROLE=promo] 80% off expires in 20 minutes,false_urgency:en:15,synthetic_v1,0,1,0,0,0,0,0,0
बाँके डेलिभरीका लागि 7 मिनेट भित्र पानीको बोतल अर्डर गर्नुहोस्,false_urgency,false_urgency,ne,p,promo,[TAG=p] [ROLE=promo] बाँके डेलिभरीका लागि 7 मिनेट भित्र पानीको बोतल अर्डर गर्नुहोस्,false_urgency:ne:18,synthetic_v1,0,1,0,0,0,0,0,0
सिर्फ़ आज! ट्रेकिंग जैकेट पर 80% छूट,false_urgency,false_urgency,hi,div,banner,[TAG=div] [ROLE=banner] सिर्फ़ आज! ट्रेकिंग जैकेट पर 80% छूट,false_urgency:hi:10,synthetic_v1,0,1,0,0,0,0,0,0
अन्तिम मौका — योगा म्याट मा 23:11 बाँकी,false_urgency,false_urgency,ne,p,promo,[TAG=p] [ROLE=promo] अन्तिम मौका — योगा म्याट मा 23:11 बाँकी,false_urgency:ne:05,synthetic_v1,0,1,0,0,0,0,0,0
सिर्फ़ आज! पानी की बोतल पर 35% छूट,false_urgency,false_urgency,hi,p,promo,[TAG=p] [ROLE=promo] सिर्फ़ आज! पानी की बोतल पर 35% छूट,false_urgency:hi:10,synthetic_v1,0,1,0,0,0,0,0,0
Rs. 249 price on face wash valid for 19:20 only,false_urgency,false_urgency,en,p,promo,[TAG=p] [ROLE=promo] Rs. 249 price on face wash valid for 19:20 only,false_urgency:en:21,synthetic_v1,0,1,0,0,0,0,0,0
आख़िरी मौका — ब्लूटूथ स्पीकर पर 15 मिनट बाकी,false_urgency,false_urgency,hi,span,timer,[TAG=span] [ROLE=timer] आख़िरी मौका — ब्लूटूथ स्पीकर पर 15 मिनट बाकी,false_urgency:hi:05,synthetic_v1,0,1,0,0,0,0,0,0
यह दर पाने के लिए 2 घंटे में बुक करें,false_urgency,false_urgency,hi,span,timer,[TAG=span] [ROLE=timer] यह दर पाने के लिए 2 घंटे में बुक करें,false_urgency:hi:09,synthetic_v1,0,1,0,0,0,0,0,0
आज मात्र! ब्लुटुथ स्पिकर मा 35% छुट,false_urgency,false_urgency,ne,p,promo,[TAG=p] [ROLE=promo] आज मात्र! ब्लुटुथ स्पिकर मा 35% छुट,false_urgency:ne:10,synthetic_v1,0,1,0,0,0,0,0,0
Zepto sale on induction cooktop ends in 12:00,false_urgency,false_urgency,en,div,banner,[TAG=div] [ROLE=banner] Zepto sale on induction cooktop ends in 12:00,false_urgency:en:17,synthetic_v1,0,1,0,0,0,0,0,0
Order formal shirt within 12:00 for delivery to Bengaluru,false_urgency,false_urgency,en,p,promo,[TAG=p] [ROLE=promo] Order formal shirt within 12:00 for delivery to Bengaluru,false_urgency:en:18,synthetic_v1,0,1,0,0,0,0,0,0
Hurry! Offer on phone case expires in 7 minutes,false_urgency,false_urgency,en,div,banner,[TAG=div] [ROLE=banner] Hurry! Offer on phone case expires in 7 minutes,false_urgency:en:01,synthetic_v1,0,1,0,0,0,0,0,0
आज मात्र! कफी मेकर मा 60% छुट,false_urgency,false_urgency,ne,div,banner,[TAG=div] [ROLE=banner] आज मात्र! कफी मेकर मा 60% छुट,false_urgency:ne:10,synthetic_v1,0,1,0,0,0,0,0,0
Order smartwatch within 7 minutes for delivery to Bhaktapur,false_urgency,false_urgency,en,div,banner,[TAG=div] [ROLE=banner] Order smartwatch within 7 minutes for delivery to Bhaktapur,false_urgency:en:18,synthetic_v1,0,1,0,0,0,0,0,0
"फ्लैश सेल 14:59 में खत्म, चूकें नहीं",false_urgency,false_urgency,hi,p,promo,"[TAG=p] [ROLE=promo] फ्लैश सेल 14:59 में खत्म, चूकें नहीं",false_urgency:hi:06,synthetic_v1,0,1,0,0,0,0,0,0
आज मात्र! पानीको बोतल मा 15% छुट,false_urgency,false_urgency,ne,div,banner,[TAG=div] [ROLE=banner] आज मात्र! पानीको बोतल मा 15% छुट,false_urgency:ne:10,synthetic_v1,0,1,0,0,0,0,0,0
पावर ब्यांक मा रु. 699 को मूल्य 09:45 सम्म मात्र,false_urgency,false_urgency,ne,p,promo,[TAG=p] [ROLE=promo] पावर ब्यांक मा रु. 699 को मूल्य 09:45 सम्म मात्र,false_urgency:ne:21,synthetic_v1,0,1,0,0,0,0,0,0
राइस कुकर वाला आपका Amazon कार्ट 04:30 में खत्म,false_urgency,false_urgency,hi,div,banner,[TAG=div] [ROLE=banner] राइस कुकर वाला आपका Amazon कार्ट 04:30 में खत्म,false_urgency:hi:20,synthetic_v1,0,1,0,0,0,0,0,0
30% off air fryer at BigBasket — 1 minute left,false_urgency,false_urgency,en,p,promo,[TAG=p] [ROLE=promo] 30% off air fryer at BigBasket — 1 minute left,false_urgency:en:19,synthetic_v1,0,1,0,0,0,0,0,0
"24 घण्टा भित्र अर्डर गर्नुहोस्, 7 दिनमा डेलिभरी",false_urgency,false_urgency,ne,span,timer,"[TAG=span] [ROLE=timer] 24 घण्टा भित्र अर्डर गर्नुहोस्, 7 दिनमा डेलिभरी",false_urgency:ne:16,synthetic_v1,0,1,0,0,0,0,0,0
अन्तिम मौका — फर्मल सर्ट मा 18 घण्टा बाँकी,false_urgency,false_urgency,ne,p,promo,[TAG=p] [ROLE=promo] अन्तिम मौका — फर्मल सर्ट मा 18 घण्टा बाँकी,false_urgency:ne:05,synthetic_v1,0,1,0,0,0,0,0,0
Prices go up in 00:59,false_urgency,false_urgency,en,span,timer,[TAG=span] [ROLE=timer] Prices go up in 00:59,false_urgency:en:04,synthetic_v1,0,1,0,0,0,0,0,0
जल्दी करें! राइस कुकर पर ऑफ़र 15 मिनट में समाप्त,false_urgency,false_urgency,hi,span,timer,[TAG=span] [ROLE=timer] जल्दी करें! राइस कुकर पर ऑफ़र 15 मिनट में समाप्त,false_urgency:hi:01,synthetic_v1,0,1,0,0,0,0,0,0
Your Reliance Digital cart with noise cancelling headphones expires in 00:59,false_urgency,false_urgency,en,span,timer,[TAG=span] [ROLE=timer] Your Reliance Digital cart with noise cancelling headphones expires in 00:59,false_urgency:en:20,synthetic_v1,0,1,0,0,0,0,0,0
स्पोर्ट्स चप्पल रहेको तपाईंको BigBasket कार्ट 14:59 मा सकिन्छ,false_urgency,false_urgency,ne,span,timer,[TAG=span] [ROLE=timer] स्पोर्ट्स चप्पल रहेको तपाईंको BigBasket कार्ट 14:59 मा सकिन्छ,false_urgency:ne:20,synthetic_v1,0,1,0,0,0,0,0,0
Order in 3 minutes to get delivery in 3 days,false_urgency,false_urgency,en,p,promo,[TAG=p] [ROLE=promo] Order in 3 minutes to get delivery in 3 days,false_urgency:en:16,synthetic_v1,0,1,0,0,0,0,0,0
जल्दी करें! स्कूल बैग पर ऑफ़र 12 घंटे में समाप्त,false_urgency,false_urgency,hi,span,timer,[TAG=span] [ROLE=timer] जल्दी करें! स्कूल बैग पर ऑफ़र 12 घंटे में समाप्त,false_urgency:hi:01,synthetic_v1,0,1,0,0,0,0,0,0
"फ्ल्यास सेल 10 मिनेट मा सकिँदै, नगुमाउनुहोस्",false_urgency,false_urgency,ne,span,timer,"[TAG=span] [ROLE=timer] फ्ल्यास सेल 10 मिनेट मा सकिँदै, नगुमाउनुहोस्",false_urgency:ne:06,synthetic_v1,0,1,0,0,0,0,0,0
Hurry! Offer on rice cooker expires in 10 minutes,false_urgency,false_urgency,en,p,promo,[TAG=p] [ROLE=promo] Hurry! Offer on rice cooker expires in 10 minutes,false_urgency:en:01,synthetic_v1,0,1,0,0,0,0,0,0
Your cart will expire in 18 hours,false_urgency,false_urgency,en,div,banner,[TAG=div] [ROLE=banner] Your cart will expire in 18 hours,false_urgency:en:03,synthetic_v1,0,1,0,0,0,0,0,0
ब्याकप्याक रहेको तपाईंको Blinkit कार्ट 00:59 मा सकिन्छ,false_urgency,false_urgency,ne,div,banner,[TAG=div] [ROLE=banner] ब्याकप्याक रहेको तपाईंको Blinkit कार्ट 00:59 मा सकिन्छ,false_urgency:ne:20,synthetic_v1,0,1,0,0,0,0,0,0
Pepperfry sale on wireless earbuds ends in 00:59,false_urgency,false_urgency,en,p,promo,[TAG=p] [ROLE=promo] Pepperfry sale on wireless earbuds ends in 00:59,false_urgency:en:17,synthetic_v1,0,1,0,0,0,0,0,0
छिटो गर्नुहोस्! ब्लुटुथ स्पिकर को अफर 7 मिनेट मा सकिँदै,false_urgency,false_urgency,ne,div,banner,[TAG=div] [ROLE=banner] छिटो गर्नुहोस्! ब्लुटुथ स्पिकर को अफर 7 मिनेट मा सकिँदै,false_urgency:ne:01,synthetic_v1,0,1,0,0,0,0,0,0
इस डील पर केवल 14:59 शेष,false_urgency,false_urgency,hi,p,promo,[TAG=p] [ROLE=promo] इस डील पर केवल 14:59 शेष,false_urgency:hi:11,synthetic_v1,0,1,0,0,0,0,0,0
Last chance — 10 minutes left on hair dryer,false_urgency,false_urgency,en,div,banner,[TAG=div] [ROLE=banner] Last chance — 10 minutes left on hair dryer,false_urgency:en:05,synthetic_v1,0,1,0,0,0,0,0,0
अन्तिम मौका — कटन कुर्ता मा 10 मिनेट बाँकी,false_urgency,false_urgency,ne,span,timer,[TAG=span] [ROLE=timer] अन्तिम मौका — कटन कुर्ता मा 10 मिनेट बाँकी,false_urgency:ne:05,synthetic_v1,0,1,0,0,0,0,0,0
Order electric kettle within 04:30 for delivery to Chitwan,false_urgency,false_urgency,en,div,banner,[TAG=div] [ROLE=banner] Order electric kettle within 04:30 for delivery to Chitwan,false_urgency:en:18,synthetic_v1,0,1,0,0,0,0,0,0
Myntra पर फोन कवर की सेल 12 घंटे में खत्म,false_urgency,false_urgency,hi,p,promo,[TAG=p] [ROLE=promo] Myntra पर फोन कवर की सेल 12 घंटे में खत्म,false_urgency:hi:17,synthetic_v1,0,1,0,0,0,0,0,0
Offer ends in 1 hour — only 2 left!,false_urgency|scarcity,false_urgency,en,p,promo,[TAG=p] [ROLE=promo] Offer ends in 1 hour — only 2 left!,false_urgency:en:14,synthetic_v1,0,1,0,0,1,0,0,0
Offer ends in 6 hours — only 10 left!,false_urgency|scarcity,false_urgency,en,p,promo,[TAG=p] [ROLE=promo] Offer ends in 6 hours — only 10 left!,false_urgency:en:14,synthetic_v1,0,1,0,0,1,0,0,0
Offer ends in 20 minutes — only 2 left!,false_urgency|scarcity,false_urgency,en,span,timer,[TAG=span] [ROLE=timer] Offer ends in 20 minutes — only 2 left!,false_urgency:en:14,synthetic_v1,0,1,0,0,1,0,0,0
Rs. 149 price on air fryer valid for 2 hours only,false_urgency,false_urgency,en,p,promo,[TAG=p] [ROLE=promo] Rs. 149 price on air fryer valid for 2 hours only,false_urgency:en:21,synthetic_v1,0,1,0,0,0,0,0,0
BigBasket मा वायरलेस इयरबड्स को सेल 45 मिनेट मा सकिन्छ,false_urgency,false_urgency,ne,div,banner,[TAG=div] [ROLE=banner] BigBasket मा वायरलेस इयरबड्स को सेल 45 मिनेट मा सकिन्छ,false_urgency:ne:17,synthetic_v1,0,1,0,0,0,0,0,0
30% छुट 02:14 मा सकिन्छ,false_urgency,false_urgency,ne,div,banner,[TAG=div] [ROLE=banner] 30% छुट 02:14 मा सकिन्छ,false_urgency:ne:15,synthetic_v1,0,1,0,0,0,0,0,0
Offer ends in 12:00 — only 5 left!,false_urgency|scarcity,false_urgency,en,p,promo,[TAG=p] [ROLE=promo] Offer ends in 12:00 — only 5 left!,false_urgency:en:14,synthetic_v1,0,1,0,0,1,0,0,0
50% off expires in 7 minutes,false_urgency,false_urgency,en,p,promo,[TAG=p] [ROLE=promo] 50% off expires in 7 minutes,false_urgency:en:15,synthetic_v1,0,1,0,0,0,0,0,0
Today only! 70% off rice cooker,false_urgency,false_urgency,en,span,timer,[TAG=span] [ROLE=timer] Today only! 70% off rice cooker,false_urgency:en:10,synthetic_v1,0,1,0,0,0,0,0,0
Lenskart पर फोन कवर पर 25% छूट — 14:59 बाकी,false_urgency,false_urgency,hi,div,banner,[TAG=div] [ROLE=banner] Lenskart पर फोन कवर पर 25% छूट — 14:59 बाकी,false_urgency:hi:19,synthetic_v1,0,1,0,0,0,0,0,0
जल्दी करें! नॉइज़ कैंसलिंग हेडफोन पर ऑफ़र 02:14 में समाप्त,false_urgency,false_urgency,hi,span,timer,[TAG=span] [ROLE=timer] जल्दी करें! नॉइज़ कैंसलिंग हेडफोन पर ऑफ़र 02:14 में समाप्त,false_urgency:hi:01,synthetic_v1,0,1,0,0,0,0,0,0
"2 घंटे में ऑर्डर करें, 3 दिन में डिलीवरी",false_urgency,false_urgency,hi,span,timer,"[TAG=span] [ROLE=timer] 2 घंटे में ऑर्डर करें, 3 दिन में डिलीवरी",false_urgency:hi:16,synthetic_v1,0,1,0,0,0,0,0,0
इस डील पर केवल 00:59 शेष,false_urgency,false_urgency,hi,p,promo,[TAG=p] [ROLE=promo] इस डील पर केवल 00:59 शेष,false_urgency:hi:11,synthetic_v1,0,1,0,0,0,0,0,0
5% छुट 1 मिनेट मा सकिन्छ,false_urgency,false_urgency,ne,div,banner,[TAG=div] [ROLE=banner] 5% छुट 1 मिनेट मा सकिन्छ,false_urgency:ne:15,synthetic_v1,0,1,0,0,0,0,0,0
Reliance Digital पर स्मार्टवॉच की सेल 6 घंटे में खत्म,false_urgency,false_urgency,hi,div,banner,[TAG=div] [ROLE=banner] Reliance Digital पर स्मार्टवॉच की सेल 6 घंटे में खत्म,false_urgency:hi:17,synthetic_v1,0,1,0,0,0,0,0,0
Only 04:30 remaining on this deal,false_urgency,false_urgency,en,div,banner,[TAG=div] [ROLE=banner] Only 04:30 remaining on this deal,false_urgency:en:11,synthetic_v1,0,1,0,0,0,0,0,0
यह कीमत आपके लिए 6 घंटे तक सुरक्षित,false_urgency,false_urgency,hi,span,timer,[TAG=span] [ROLE=timer] यह कीमत आपके लिए 6 घंटे तक सुरक्षित,false_urgency:hi:12,synthetic_v1,0,1,0,0,0,0,0,0
Today only! 70% off office chair,false_urgency,false_urgency,en,p,promo,[TAG=p] [ROLE=promo] Today only! 70% off office chair,false_urgency:en:10,synthetic_v1,0,1,0,0,0,0,0,0
मूल्य 5 मिनेट मा बढ्नेछ,false_urgency,false_urgency,ne,span,timer,[TAG=span] [ROLE=timer] मूल्य 5 मिनेट मा बढ्नेछ,false_urgency:ne:04,synthetic_v1,0,1,0,0,0,0,0,0
प्रोटीन पाउडर वाला आपका Flipkart कार्ट 23:11 में खत्म,false_urgency,false_urgency,hi,p,promo,[TAG=p] [ROLE=promo] प्रोटीन पाउडर वाला आपका Flipkart कार्ट 23:11 में खत्म,false_urgency:hi:20,synthetic_v1,0,1,0,0,0,0,0,0
Last chance — 09:45 left on water bottle,false_urgency,false_urgency,en,span,timer,[TAG=span] [ROLE=timer] Last chance — 09:45 left on water bottle,false_urgency:en:05,synthetic_v1,0,1,0,0,0,0,0,0
70% off expires in 02:14,false_urgency,false_urgency,en,span,timer,[TAG=span] [ROLE=timer] 70% off expires in 02:14,false_urgency:en:15,synthetic_v1,0,1,0,0,0,0,0,0
Hurry! Offer on air fryer expires in 2 hours,false_urgency,false_urgency,en,div,banner,[TAG=div] [ROLE=banner] Hurry! Offer on air fryer expires in 2 hours,false_urgency:en:01,synthetic_v1,0,1,0,0,0,0,0,0
Ajio पर कॉफी मेकर की सेल 5 मिनट में खत्म,false_urgency,false_urgency,hi,p,promo,[TAG=p] [ROLE=promo] Ajio पर कॉफी मेकर की सेल 5 मिनट में खत्म,false_urgency:hi:17,synthetic_v1,0,1,0,0,0,0,0,0
40% off expires in 2 hours,false_urgency,false_urgency,en,p,promo,[TAG=p] [ROLE=promo] 40% off expires in 2 hours,false_urgency:en:15,synthetic_v1,0,1,0,0,0,0,0,0
हैदराबाद डिलीवरी के लिए 2 घंटे में स्कूल बैग ऑर्डर करें,false_urgency,false_urgency,hi,span,timer,[TAG=span] [ROLE=timer] हैदराबाद डिलीवरी के लिए 2 घंटे में स्कूल बैग ऑर्डर करें,false_urgency:hi:18,synthetic_v1,0,1,0,0,0,0,0,0
Daraz पर नॉइज़ कैंसलिंग हेडफोन की सेल 24 घंटे में खत्म,false_urgency,false_urgency,hi,div,banner,[TAG=div] [ROLE=banner] Daraz पर नॉइज़ कैंसलिंग हेडफोन की सेल 24 घंटे में खत्म,false_urgency:hi:17,synthetic_v1,0,1,0,0,0,0,0,0
दाम 24 घंटे में बढ़ जाएंगे,false_urgency,false_urgency,hi,p,promo,[TAG=p] [ROLE=promo] दाम 24 घंटे में बढ़ जाएंगे,false_urgency:hi:04,synthetic_v1,0,1,0,0,0,0,0,0
Today only! 5% off cotton kurta,false_urgency,false_urgency,en,span,timer,[TAG=span] [ROLE=timer] Today only! 5% off cotton kurta,false_urgency:en:10,synthetic_v1,0,1,0,0,0,0,0,0
हेटौंडा डेलिभरीका लागि 3 घण्टा भित्र इन्डक्सन चुल्हो अर्डर गर्नुहोस्,false_urgency,false_urgency,ne,p,promo,[TAG=p] [ROLE=promo] हेटौंडा डेलिभरीका लागि 3 घण्टा भित्र इन्डक्सन चुल्हो अर्डर गर्नुहोस्,false_urgency:ne:18,synthetic_v1,0,1,0,0,0,0,0,0
"6 घंटे में ऑर्डर करें, 5 दिन में डिलीवरी",false_urgency,false_urgency,hi,div,banner,"[TAG=div] [ROLE=banner] 6 घंटे में ऑर्डर करें, 5 दिन में डिलीवरी",false_urgency:hi:16,synthetic_v1,0,1,0,0,0,0,0,0
छिटो गर्नुहोस्! ट्रेकिङ ज्याकेट को अफर 12:00 मा सकिँदै,false_urgency,false_urgency,ne,div,banner,[TAG=div] [ROLE=banner] छिटो गर्नुहोस्! ट्रेकिङ ज्याकेट को अफर 12:00 मा सकिँदै,false_urgency:ne:01,synthetic_v1,0,1,0,0,0,0,0,0
Today only! 35% off smartwatch,false_urgency,false_urgency,en,span,timer,[TAG=span] [ROLE=timer] Today only! 35% off smartwatch,false_urgency:en:10,synthetic_v1,0,1,0,0,0,0,0,0
तपाईंको कार्ट 30 मिनेट मा खाली हुनेछ,false_urgency,false_urgency,ne,div,banner,[TAG=div] [ROLE=banner] तपाईंको कार्ट 30 मिनेट मा खाली हुनेछ,false_urgency:ne:03,synthetic_v1,0,1,0,0,0,0,0,0
जल्दी करें! पावर बैंक पर ऑफ़र 3 मिनट में समाप्त,false_urgency,false_urgency,hi,p,promo,[TAG=p] [ROLE=promo] जल्दी करें! पावर बैंक पर ऑफ़र 3 मिनट में समाप्त,false_urgency:hi:01,synthetic_v1,0,1,0,0,0,0,0,0
Hurry! Offer on coffee maker expires in 15 minutes,false_urgency,false_urgency,en,div,banner,[TAG=div] [ROLE=banner] Hurry! Offer on coffee maker expires in 15 minutes,false_urgency:en:01,synthetic_v1,0,1,0,0,0,0,0,0
सिर्फ़ आज! लैपटॉप बैग पर 10% छूट,false_urgency,false_urgency,hi,span,timer,[TAG=span] [ROLE=timer] सिर्फ़ आज! लैपटॉप बैग पर 10% छूट,false_urgency:hi:10,synthetic_v1,0,1,0,0,0,0,0,0
जल्दी करें! इंडक्शन चूल्हा पर ऑफ़र 14:59 में समाप्त,false_urgency,false_urgency,hi,span,timer,[TAG=span] [ROLE=timer] जल्दी करें! इंडक्शन चूल्हा पर ऑफ़र 14:59 में समाप्त,false_urgency:hi:01,synthetic_v1,0,1,0,0,0,0,0,0
ब्लुटुथ स्पिकर रहेको तपाईंको Nykaa कार्ट 15 मिनेट मा सकिन्छ,false_urgency,false_urgency,ne,div,banner,[TAG=div] [ROLE=banner] ब्लुटुथ स्पिकर रहेको तपाईंको Nykaa कार्ट 15 मिनेट मा सकिन्छ,false_urgency:ne:20,synthetic_v1,0,1,0,0,0,0,0,0
आख़िरी मौका — पानी की बोतल पर 15 मिनट बाकी,false_urgency,false_urgency,hi,span,timer,[TAG=span] [ROLE=timer] आख़िरी मौका — पानी की बोतल पर 15 मिनट बाकी,false_urgency:hi:05,synthetic_v1,0,1,0,0,0,0,0,0
Blinkit मा अफिस कुर्सी मा 5% छुट — 14:59 बाँकी,false_urgency,false_urgency,ne,span,timer,[TAG=span] [ROLE=timer] Blinkit मा अफिस कुर्सी मा 5% छुट — 14:59 बाँकी,false_urgency:ne:19,synthetic_v1,0,1,0,0,0,0,0,0
अफर 48 घण्टा मा सकिन्छ — 1 मात्र बाँकी!,false_urgency|scarcity,false_urgency,ne,div,banner,[TAG=div] [ROLE=banner] अफर 48 घण्टा मा सकिन्छ — 1 मात्र बाँकी!,false_urgency:ne:14,synthetic_v1,0,1,0,0,1,0,0,0
"फ्ल्यास सेल 48 घण्टा मा सकिँदै, नगुमाउनुहोस्",false_urgency,false_urgency,ne,p,promo,"[TAG=p] [ROLE=promo] फ्ल्यास सेल 48 घण्टा मा सकिँदै, नगुमाउनुहोस्",false_urgency:ne:06,synthetic_v1,0,1,0,0,0,0,0,0
Sale ends in 7 minutes!,false_urgency,false_urgency,en,p,promo,[TAG=p] [ROLE=promo] Sale ends in 7 minutes!,false_urgency:en:00,synthetic_v1,0,1,0,0,0,0,0,0
सिर्फ़ आज! स्टडी लैंप पर 20% छूट,false_urgency,false_urgency,hi,p,promo,[TAG=p] [ROLE=promo] सिर्फ़ आज! स्टडी लैंप पर 20% छूट,false_urgency:hi:10,synthetic_v1,0,1,0,0,0,0,0,0
HamroBazar मा इलेक्ट्रिक केतली मा 20% छुट — 24 घण्टा बाँकी,false_urgency,false_urgency,ne,p,promo,[TAG=p] [ROLE=promo] HamroBazar मा इलेक्ट्रिक केतली मा 20% छुट — 24 घण्टा बाँकी,false_urgency:ne:19,synthetic_v1,0,1,0,0,0,0,0,0
आख़िरी मौका — गेमिंग माउस पर 5 मिनट बाकी,false_urgency,false_urgency,hi,div,banner,[TAG=div] [ROLE=banner] आख़िरी मौका — गेमिंग माउस पर 5 मिनट बाकी,false_urgency:hi:05,synthetic_v1,0,1,0,0,0,0,0,0
ऑफ़र 14:59 में खत्म — केवल 7 बचे!,false_urgency|scarcity,false_urgency,hi,span,timer,[TAG=span] [ROLE=timer] ऑफ़र 14:59 में खत्म — केवल 7 बचे!,false_urgency:hi:14,synthetic_v1,0,1,0,0,1,0,0,0
Last chance — 18 hours left on air fryer,false_urgency,false_urgency,en,div,banner,[TAG=div] [ROLE=banner] Last chance — 18 hours left on air fryer,false_urgency:en:05,synthetic_v1,0,1,0,0,0,0,0,0
70% off expires in 15 minutes,false_urgency,false_urgency,en,span,timer,[TAG=span] [ROLE=timer] 70% off expires in 15 minutes,false_urgency:en:15,synthetic_v1,0,1,0,0,0,0,0,0
Gyapu पर ऑफिस चेयर पर 35% छूट — 04:30 बाकी,false_urgency,false_urgency,hi,div,banner,[TAG=div] [ROLE=banner] Gyapu पर ऑफिस चेयर पर 35% छूट — 04:30 बाकी,false_urgency:hi:19,synthetic_v1,0,1,0,0,0,0,0,0
अफर 14:59 मा सकिन्छ — 9 मात्र बाँकी!,false_urgency|scarcity,false_urgency,ne,p,promo,[TAG=p] [ROLE=promo] अफर 14:59 मा सकिन्छ — 9 मात्र बाँकी!,false_urgency:ne:14,synthetic_v1,0,1,0,0,1,0,0,0
35% off face wash at JioMart — 7 minutes left,false_urgency,false_urgency,en,span,timer,[TAG=span] [ROLE=timer] 35% off face wash at JioMart — 7 minutes left,false_urgency:en:19,synthetic_v1,0,1,0,0,0,0,0,0
Sale ends in 02:14!,false_urgency,false_urgency,en,div,banner,[TAG=div] [ROLE=banner] Sale ends in 02:14!,false_urgency:en:00,synthetic_v1,0,1,0,0,0,0,0,0
"19:20 में ऑर्डर करें, 5 दिन में डिलीवरी",false_urgency,false_urgency,hi,span,timer,"[TAG=span] [ROLE=timer] 19:20 में ऑर्डर करें, 5 दिन में डिलीवरी",false_urgency:hi:16,synthetic_v1,0,1,0,0,0,0,0,0
Order in 6 hours to get delivery in 7 days,false_urgency,false_urgency,en,p,promo,[TAG=p] [ROLE=promo] Order in 6 hours to get delivery in 7 days,false_urgency:en:16,synthetic_v1,0,1,0,0,0,0,0,0
15% छुट 5 मिनेट मा सकिन्छ,false_urgency,false_urgency,ne,span,timer,[TAG=span] [ROLE=timer] 15% छुट 5 मिनेट मा सकिन्छ,false_urgency:ne:15,synthetic_v1,0,1,0,0,0,0,0,0
Offer ends in 5 minutes — only 3 left!,false_urgency|scarcity,false_urgency,en,span,timer,[TAG=span] [ROLE=timer] Offer ends in 5 minutes — only 3 left!,false_urgency:en:14,synthetic_v1,0,1,0,0,1,0,0,0
इलेक्ट्रिक केटल वाला आपका BigBasket कार्ट 24 घंटे में खत्म,false_urgency,false_urgency,hi,span,timer,[TAG=span] [ROLE=timer] इलेक्ट्रिक केटल वाला आपका BigBasket कार्ट 24 घंटे में खत्म,false_urgency:hi:20,synthetic_v1,0,1,0,0,0,0,0,0
"फ्लैश सेल 3 मिनट में खत्म, चूकें नहीं",false_urgency,false_urgency,hi,span,timer,"[TAG=span] [ROLE=timer] फ्लैश सेल 3 मिनट में खत्म, चूकें नहीं",false_urgency:hi:06,synthetic_v1,0,1,0,0,0,0,0,0
Order in 19:20 to get delivery in 5 days,false_urgency,false_urgency,en,p,promo,[TAG=p] [ROLE=promo] Order in 19:20 to get delivery in 5 days,false_urgency:en:16,synthetic_v1,0,1,0,0,0,0,0,0
मुंबई डिलीवरी के लिए 10 मिनट में पावर बैंक ऑर्डर करें,false_urgency,false_urgency,hi,p,promo,[TAG=p] [ROLE=promo] मुंबई डिलीवरी के लिए 10 मिनट में पावर बैंक ऑर्डर करें,false_urgency:hi:18,synthetic_v1,0,1,0,0,0,0,0,0
Rs. 99 price on coffee maker valid for 5 minutes only,false_urgency,false_urgency,en,span,timer,[TAG=span] [ROLE=timer] Rs. 99 price on coffee maker valid for 5 minutes only,false_urgency:en:21,synthetic_v1,0,1,0,0,0,0,0,0
हेयर ड्रायर वाला आपका Blinkit कार्ट 1 मिनट में खत्म,false_urgency,false_urgency,hi,div,banner,[TAG=div] [ROLE=banner] हेयर ड्रायर वाला आपका Blinkit कार्ट 1 मिनट में खत्म,false_urgency:hi:20,synthetic_v1,0,1,0,0,0,0,0,0
अर्को 7 मिनेटसम्म मात्र मान्य,false_urgency,false_urgency,ne,span,timer,[TAG=span] [ROLE=timer] अर्को 7 मिनेटसम्म मात्र मान्य,false_urgency:ne:07,synthetic_v1,0,1,0,0,0,0,0,0
आजको डिल 12:00 मा सकिन्छ,false_urgency,false_urgency,ne,span,timer,[TAG=span] [ROLE=timer] आजको डिल 12:00 मा सकिन्छ,false_urgency:ne:02,synthetic_v1,0,1,0,0,0,0,0,0
Countdown: 23:11 until the price rises,false_urgency,false_urgency,en,p,promo,[TAG=p] [ROLE=promo] Countdown: 23:11 until the price rises,false_urgency:en:08,synthetic_v1,0,1,0,0,0,0,0,0
आख़िरी मौका — सर्दी का कंबल पर 18 घंटे बाकी,false_urgency,false_urgency,hi,p,promo,[TAG=p] [ROLE=promo] आख़िरी मौका — सर्दी का कंबल पर 18 घंटे बाकी,false_urgency:hi:05,synthetic_v1,0,1,0,0,0,0,0,0
Daraz पर स्पोर्ट्स सैंडल पर 5% छूट — 2 घंटे बाकी,false_urgency,false_urgency,hi,span,timer,[TAG=span] [ROLE=timer] Daraz पर स्पोर्ट्स सैंडल पर 5% छूट — 2 घंटे बाकी,false_urgency:hi:19,synthetic_v1,0,1,0,0,0,0,0,0
Last chance — 14:59 left on laptop bag,false_urgency,false_urgency,en,p,promo,[TAG=p] [ROLE=promo] Last chance — 14:59 left on laptop bag,false_urgency:en:05,synthetic_v1,0,1,0,0,0,0,0,0
अर्को 9 मिनेटसम्म मात्र मान्य,false_urgency,false_urgency,ne,div,banner,[TAG=div] [ROLE=banner] अर्को 9 मिनेटसम्म मात्र मान्य,false_urgency:ne:07,synthetic_v1,0,1,0,0,0,0,0,0
अन्तिम मौका — ब्लुटुथ स्पिकर मा 10 मिनेट बाँकी,false_urgency,false_urgency,ne,p,promo,[TAG=p] [ROLE=promo] अन्तिम मौका — ब्लुटुथ स्पिकर मा 10 मिनेट बाँकी,false_urgency:ne:05,synthetic_v1,0,1,0,0,0,0,0,0
सिर्फ़ आज! स्मार्टवॉच पर 30% छूट,false_urgency,false_urgency,hi,div,banner,[TAG=div] [ROLE=banner] सिर्फ़ आज! स्मार्टवॉच पर 30% छूट,false_urgency:hi:10,synthetic_v1,0,1,0,0,0,0,0,0
Your Amazon cart with rice cooker expires in 48 hours,false_urgency,false_urgency,en,p,promo,[TAG=p] [ROLE=promo] Your Amazon cart with rice cooker expires in 48 hours,false_urgency:en:20,synthetic_v1,0,1,0,0,0,0,0,0
स्मार्टवॉच वाला आपका Blinkit कार्ट 19:20 में खत्म,false_urgency,false_urgency,hi,span,timer,[TAG=span] [ROLE=timer] स्मार्टवॉच वाला आपका Blinkit कार्ट 19:20 में खत्म,false_urgency:hi:20,synthetic_v1,0,1,0,0,0,0,0,0
Meesho sale on smartwatch ends in 12:00,false_urgency,false_urgency,en,p,promo,[TAG=p] [ROLE=promo] Meesho sale on smartwatch ends in 12:00,false_urgency:en:17,synthetic_v1,0,1,0,0,0,0,0,0
छिटो गर्नुहोस्! फोन कभर को अफर 00:59 मा सकिँदै,false_urgency,false_urgency,ne,div,banner,[TAG=div] [ROLE=banner] छिटो गर्नुहोस्! फोन कभर को अफर 00:59 मा सकिँदै,false_urgency:ne:01,synthetic_v1,0,1,0,0,0,0,0,0
सिर्फ़ आज! वायरलेस ईयरबड्स पर 40% छूट,false_urgency,false_urgency,hi,p,promo,[TAG=p] [ROLE=promo] सिर्फ़ आज! वायरलेस ईयरबड्स पर 40% छूट,false_urgency:hi:10,synthetic_v1,0,1,0,0,0,0,0,0
आपका कार्ट 2 घंटे में खाली हो जाएगा,false_urgency,false_urgency,hi,div,banner,[TAG=div] [ROLE=banner] आपका कार्ट 2 घंटे में खाली हो जाएगा,false_urgency:hi:03,synthetic_v1,0,1,0,0,0,0,0,0
Order power bank within 1 minute for delivery to Delhi,false_urgency,false_urgency,en,p,promo,[TAG=p] [ROLE=promo] Order power bank within 1 minute for delivery to Delhi,false_urgency:en:18,synthetic_v1,0,1,0,0,0,0,0,0
"Rs. 2,499 price on backpack valid for 19:20 only",false_urgency,false_urgency,en,div,banner,"[TAG=div] [ROLE=banner] Rs. 2,499 price on backpack valid for 19:20 only",false_urgency:en:21,synthetic_v1,0,1,0,0,0,0,0,0
हैदराबाद डिलीवरी के लिए 04:30 में लैपटॉप बैग ऑर्डर करें,false_urgency,false_urgency,hi,span,timer,[TAG=span] [ROLE=timer] हैदराबाद डिलीवरी के लिए 04:30 में लैपटॉप बैग ऑर्डर करें,false_urgency:hi:18,synthetic_v1,0,1,0,0,0,0,0,0
15% छूट 2 घंटे में समाप्त,false_urgency,false_urgency,hi,p,promo,[TAG=p] [ROLE=promo] 15% छूट 2 घंटे में समाप्त,false_urgency:hi:15,synthetic_v1,0,1,0,0,0,0,0,0
"पानीको बोतल मा रु. 1,999 को मूल्य 1 घण्टा सम्म मात्र",false_urgency,false_urgency,ne,div,banner,"[TAG=div] [ROLE=banner] पानीको बोतल मा रु. 1,999 को मूल्य 1 घण्टा सम्म मात्र",false_urgency:ne:21,synthetic_v1,0,1,0,0,0,0,0,0
मूल्य 23:11 मा बढ्नेछ,false_urgency,false_urgency,ne,div,banner,[TAG=div] [ROLE=banner] मूल्य 23:11 मा बढ्नेछ,false_urgency:ne:04,synthetic_v1,0,1,0,0,0,0,0,0
Pepperfry मा पानीको बोतल को सेल 3 घण्टा मा सकिन्छ,false_urgency,false_urgency,ne,div,banner,[TAG=div] [ROLE=banner] Pepperfry मा पानीको बोतल को सेल 3 घण्टा मा सकिन्छ,false_urgency:ne:17,synthetic_v1,0,1,0,0,0,0,0,0
"19:20 में ऑर्डर करें, 14 दिन में डिलीवरी",false_urgency,false_urgency,hi,p,promo,"[TAG=p] [ROLE=promo] 19:20 में ऑर्डर करें, 14 दिन में डिलीवरी",false_urgency:hi:16,synthetic_v1,0,1,0,0,0,0,0,0
"23:11 भित्र अर्डर गर्नुहोस्, 4 दिनमा डेलिभरी",false_urgency,false_urgency,ne,div,banner,"[TAG=div] [ROLE=banner] 23:11 भित्र अर्डर गर्नुहोस्, 4 दिनमा डेलिभरी",false_urgency:ne:16,synthetic_v1,0,1,0,0,0,0,0,0
Thulo मा फर्मल सर्ट को सेल 1 घण्टा मा सकिन्छ,false_urgency,false_urgency,ne,div,banner,[TAG=div] [ROLE=banner] Thulo मा फर्मल सर्ट को सेल 1 घण्टा मा सकिन्छ,false_urgency:ne:17,synthetic_v1,0,1,0,0,0,0,0,0
"1 मिनेट भित्र अर्डर गर्नुहोस्, 10 दिनमा डेलिभरी",false_urgency,false_urgency,ne,p,promo,"[TAG=p] [ROLE=promo] 1 मिनेट भित्र अर्डर गर्नुहोस्, 10 दिनमा डेलिभरी",false_urgency:ne:16,synthetic_v1,0,1,0,0,0,0,0,0
आख़िरी मौका — पावर बैंक पर 45 मिनट बाकी,false_urgency,false_urgency,hi,p,promo,[TAG=p] [ROLE=promo] आख़िरी मौका — पावर बैंक पर 45 मिनट बाकी,false_urgency:hi:05,synthetic_v1,0,1,0,0,0,0,0,0
आज का सौदा 23:11 में खत्म,false_urgency,false_urgency,hi,div,banner,[TAG=div] [ROLE=banner] आज का सौदा 23:11 में खत्म,false_urgency:hi:02,synthetic_v1,0,1,0,0,0,0,0,0
Order school bag within 48 hours for delivery to Kolkata,false_urgency,false_urgency,en,p,promo,[TAG=p] [ROLE=promo] Order school bag within 48 hours for delivery to Kolkata,false_urgency:en:18,synthetic_v1,0,1,0,0,0,0,0,0
इस डील पर केवल 1 घंटे शेष,false_urgency,false_urgency,hi,span,timer,[TAG=span] [ROLE=timer] इस डील पर केवल 1 घंटे शेष,false_urgency:hi:11,synthetic_v1,0,1,0,0,0,0,0,0
छिटो गर्नुहोस्! डेनिम जिन्स को अफर 12 घण्टा मा सकिँदै,false_urgency,false_urgency,ne,div,banner,[TAG=div] [ROLE=banner] छिटो गर्नुहोस्! डेनिम जिन्स को अफर 12 घण्टा मा सकिँदै,false_urgency:ne:01,synthetic_v1,0,1,0,0,0,0,0,0
5% off phone case at Muncha — 19:20 left,false_urgency,false_urgency,en,span,timer,[TAG=span] [ROLE=timer] 5% off phone case at Muncha — 19:20 left,false_urgency:en:19,synthetic_v1,0,1,0,0,0,0,0,0
आख़िरी मौका — सर्दी का कंबल पर 23:11 बाकी,false_urgency,false_urgency,hi,span,timer,[TAG=span] [ROLE=timer] आख़िरी मौका — सर्दी का कंबल पर 23:11 बाकी,false_urgency:hi:05,synthetic_v1,0,1,0,0,0,0,0,0
काउन्टडाउन: 15 मिनेट मा मूल्य बढ्नेछ,false_urgency,false_urgency,ne,p,promo,[TAG=p] [ROLE=promo] काउन्टडाउन: 15 मिनेट मा मूल्य बढ्नेछ,false_urgency:ne:08,synthetic_v1,0,1,0,0,0,0,0,0
फेस वॉश वाला आपका Daraz कार्ट 12:00 में खत्म,false_urgency,false_urgency,hi,p,promo,[TAG=p] [ROLE=promo] फेस वॉश वाला आपका Daraz कार्ट 12:00 में खत्म,false_urgency:hi:20,synthetic_v1,0,1,0,0,0,0,0,0
सिर्फ़ आज! प्रोटीन पाउडर पर 60% छूट,false_urgency,false_urgency,hi,p,promo,[TAG=p] [ROLE=promo] सिर्फ़ आज! प्रोटीन पाउडर पर 60% छूट,false_urgency:hi:10,synthetic_v1,0,1,0,0,0,0,0,0
15% छुट 3 घण्टा मा सकिन्छ,false_urgency,false_urgency,ne,span,timer,[TAG=span] [ROLE=timer] 15% छुट 3 घण्टा मा सकिन्छ,false_urgency:ne:15,synthetic_v1,0,1,0,0,0,0,0,0
अन्तिम मौका — ल्यापटप ब्याग मा 24 घण्टा बाँकी,false_urgency,false_urgency,ne,p,promo,[TAG=p] [ROLE=promo] अन्तिम मौका — ल्यापटप ब्याग मा 24 घण्टा बाँकी,false_urgency:ne:05,synthetic_v1,0,1,0,0,0,0,0,0
10% off coffee maker at Nykaa — 19:20 left,false_urgency,false_urgency,en,div,banner,[TAG=div] [ROLE=banner] 10% off coffee maker at Nykaa — 19:20 left,false_urgency:en:19,synthetic_v1,0,1,0,0,0,0,0,0
Meesho मा वायरलेस इयरबड्स को सेल 19:20 मा सकिन्छ,false_urgency,false_urgency,ne,p,promo,[TAG=p] [ROLE=promo] Meesho मा वायरलेस इयरबड्स को सेल 19:20 मा सकिन्छ,false_urgency:ne:17,synthetic_v1,0,1,0,0,0,0,0,0
"फेस वॉश पर रु. 1,999 की कीमत 45 मिनट तक ही",false_urgency,false_urgency,hi,div,banner,"[TAG=div] [ROLE=banner] फेस वॉश पर रु. 1,999 की कीमत 45 मिनट तक ही",false_urgency:hi:21,synthetic_v1,0,1,0,0,0,0,0,0
Rs. 999 price on electric kettle valid for 45 minutes only,false_urgency,false_urgency,en,span,timer,[TAG=span] [ROLE=timer] Rs. 999 price on electric kettle valid for 45 minutes only,false_urgency:en:21,synthetic_v1,0,1,0,0,0,0,0,0
अफर 5 मिनेट मा सकिन्छ — 1 मात्र बाँकी!,false_urgency|scarcity,false_urgency,ne,div,banner,[TAG=div] [ROLE=banner] अफर 5 मिनेट मा सकिन्छ — 1 मात्र बाँकी!,false_urgency:ne:14,synthetic_v1,0,1,0,0,1,0,0,0
बाँके डेलिभरीका लागि 04:30 भित्र घामको चस्मा अर्डर गर्नुहोस्,false_urgency,false_urgency,ne,div,banner,[TAG=div] [ROLE=banner] बाँके डेलिभरीका लागि 04:30 भित्र घामको चस्मा अर्डर गर्नुहोस्,false_urgency:ne:18,synthetic_v1,0,1,0,0,0,0,0,0
Your cart will expire in 10 minutes,false_urgency,false_urgency,en,div,banner,[TAG=div] [ROLE=banner] Your cart will expire in 10 minutes,false_urgency:en:03,synthetic_v1,0,1,0,0,0,0,0,0
Rs. 699 price on winter blanket valid for 19:20 only,false_urgency,false_urgency,en,span,timer,[TAG=span] [ROLE=timer] Rs. 699 price on winter blanket valid for 19:20 only,false_urgency:en:21,synthetic_v1,0,1,0,0,0,0,0,0
Offer ends in 45 minutes — only 10 left!,false_urgency|scarcity,false_urgency,en,p,promo,[TAG=p] [ROLE=promo] Offer ends in 45 minutes — only 10 left!,false_urgency:en:14,synthetic_v1,0,1,0,0,1,0,0,0
Nykaa मा स्मार्टवाच मा 15% छुट — 30 मिनेट बाँकी,false_urgency,false_urgency,ne,div,banner,[TAG=div] [ROLE=banner] Nykaa मा स्मार्टवाच मा 15% छुट — 30 मिनेट बाँकी,false_urgency:ne:19,synthetic_v1,0,1,0,0,0,0,0,0
BigBasket मा इलेक्ट्रिक केतली मा 30% छुट — 00:59 बाँकी,false_urgency,false_urgency,ne,p,promo,[TAG=p] [ROLE=promo] BigBasket मा इलेक्ट्रिक केतली मा 30% छुट — 00:59 बाँकी,false_urgency:ne:19,synthetic_v1,0,1,0,0,0,0,0,0
दाम 6 घंटे में बढ़ जाएंगे,false_urgency,false_urgency,hi,div,banner,[TAG=div] [ROLE=banner] दाम 6 घंटे में बढ़ जाएंगे,false_urgency:hi:04,synthetic_v1,0,1,0,0,0,0,0,0
बेंगलुरु डिलीवरी के लिए 09:45 में प्रोटीन पाउडर ऑर्डर करें,false_urgency,false_urgency,hi,span,timer,[TAG=span] [ROLE=timer] बेंगलुरु डिलीवरी के लिए 09:45 में प्रोटीन पाउडर ऑर्डर करें,false_urgency:hi:18,synthetic_v1,0,1,0,0,0,0,0,0
"5 मिनट में ऑर्डर करें, 5 दिन में डिलीवरी",false_urgency,false_urgency,hi,div,banner,"[TAG=div] [ROLE=banner] 5 मिनट में ऑर्डर करें, 5 दिन में डिलीवरी",false_urgency:hi:16,synthetic_v1,0,1,0,0,0,0,0,0
Today only! 5% off smartwatch,false_urgency,false_urgency,en,span,timer,[TAG=span] [ROLE=timer] Today only! 5% off smartwatch,false_urgency:en:10,synthetic_v1,0,1,0,0,0,0,0,0
आख़िरी मौका — गेमिंग माउस पर 3 घंटे बाकी,false_urgency,false_urgency,hi,p,promo,[TAG=p] [ROLE=promo] आख़िरी मौका — गेमिंग माउस पर 3 घंटे बाकी,false_urgency:hi:05,synthetic_v1,0,1,0,0,0,0,0,0
विराटनगर डेलिभरीका लागि 1 मिनेट भित्र स्टडी लाइट अर्डर गर्नुहोस्,false_urgency,false_urgency,ne,span,timer,[TAG=span] [ROLE=timer] विराटनगर डेलिभरीका लागि 1 मिनेट भित्र स्टडी लाइट अर्डर गर्नुहोस्,false_urgency:ne:18,synthetic_v1,0,1,0,0,0,0,0,0
आख़िरी मौका — पानी की बोतल पर 18 घंटे बाकी,false_urgency,false_urgency,hi,p,promo,[TAG=p] [ROLE=promo] आख़िरी मौका — पानी की बोतल पर 18 घंटे बाकी,false_urgency:hi:05,synthetic_v1,0,1,0,0,0,0,0,0
"2 घण्टा भित्र अर्डर गर्नुहोस्, 14 दिनमा डेलिभरी",false_urgency,false_urgency,ne,div,banner,"[TAG=div] [ROLE=banner] 2 घण्टा भित्र अर्डर गर्नुहोस्, 14 दिनमा डेलिभरी",false_urgency:ne:16,synthetic_v1,0,1,0,0,0,0,0,0
Your Daraz cart with office chair expires in 5 minutes,false_urgency,false_urgency,en,div,banner,[TAG=div] [ROLE=banner] Your Daraz cart with office chair expires in 5 minutes,false_urgency:en:20,synthetic_v1,0,1,0,0,0,0,0,0
"30 मिनेट भित्र अर्डर गर्नुहोस्, 5 दिनमा डेलिभरी",false_urgency,false_urgency,ne,div,banner,"[TAG=div] [ROLE=banner] 30 मिनेट भित्र अर्डर गर्नुहोस्, 5 दिनमा डेलिभरी",false_urgency:ne:16,synthetic_v1,0,1,0,0,0,0,0,0
Ajio मा गेमिङ माउस को सेल 00:59 मा सकिन्छ,false_urgency,false_urgency,ne,div,banner,[TAG=div] [ROLE=banner] Ajio मा गेमिङ माउस को सेल 00:59 मा सकिन्छ,false_urgency:ne:17,synthetic_v1,0,1,0,0,0,0,0,0
आख़िरी मौका — वायरलेस ईयरबड्स पर 19:20 बाकी,false_urgency,false_urgency,hi,p,promo,[TAG=p] [ROLE=promo] आख़िरी मौका — वायरलेस ईयरबड्स पर 19:20 बाकी,false_urgency:hi:05,synthetic_v1,0,1,0,0,0,0,0,0
"1 मिनट में ऑर्डर करें, 4 दिन में डिलीवरी",false_urgency,false_urgency,hi,div,banner,"[TAG=div] [ROLE=banner] 1 मिनट में ऑर्डर करें, 4 दिन में डिलीवरी",false_urgency:hi:16,synthetic_v1,0,1,0,0,0,0,0,0
Offer valid for the next 6 minutes only,false_urgency,false_urgency,en,div,banner,[TAG=div] [ROLE=banner] Offer valid for the next 6 minutes only,false_urgency:en:07,synthetic_v1,0,1,0,0,0,0,0,0
अफर 3 घण्टा मा सकिन्छ — 10 मात्र बाँकी!,false_urgency|scarcity,false_urgency,ne,div,banner,[TAG=div] [ROLE=banner] अफर 3 घण्टा मा सकिन्छ — 10 मात्र बाँकी!,false_urgency:ne:14,synthetic_v1,0,1,0,0,1,0,0,0
Your HamroBazar cart with electric kettle expires in 19:20,false_urgency,false_urgency,en,p,promo,[TAG=p] [ROLE=promo] Your HamroBazar cart with electric kettle expires in 19:20,false_urgency:en:20,synthetic_v1,0,1,0,0,0,0,0,0
अन्तिम मौका — वायरलेस इयरबड्स मा 12:00 बाँकी,false_urgency,false_urgency,ne,span,timer,[TAG=span] [ROLE=timer] अन्तिम मौका — वायरलेस इयरबड्स मा 12:00 बाँकी,false_urgency:ne:05,synthetic_v1,0,1,0,0,0,0,0,0
Amazon मा पानीको बोतल को सेल 45 मिनेट मा सकिन्छ,false_urgency,false_urgency,ne,span,timer,[TAG=span] [ROLE=timer] Amazon मा पानीको बोतल को सेल 45 मिनेट मा सकिन्छ,false_urgency:ne:17,synthetic_v1,0,1,0,0,0,0,0,0
Today only! 35% off office chair,false_urgency,false_urgency,en,span,timer,[TAG=span] [ROLE=timer] Today only! 35% off office chair,false_urgency:en:10,synthetic_v1,0,1,0,0,0,0,0,0
"3 घण्टा भित्र अर्डर गर्नुहोस्, 3 दिनमा डेलिभरी",false_urgency,false_urgency,ne,p,promo,"[TAG=p] [ROLE=promo] 3 घण्टा भित्र अर्डर गर्नुहोस्, 3 दिनमा डेलिभरी",false_urgency:ne:16,synthetic_v1,0,1,0,0,0,0,0,0
Today only! 60% off laptop bag,false_urgency,false_urgency,en,div,banner,[TAG=div] [ROLE=banner] Today only! 60% off laptop bag,false_urgency:en:10,synthetic_v1,0,1,0,0,0,0,0,0
अफर 19:20 मा सकिन्छ — 4 मात्र बाँकी!,false_urgency|scarcity,false_urgency,ne,span,timer,[TAG=span] [ROLE=timer] अफर 19:20 मा सकिन्छ — 4 मात्र बाँकी!,false_urgency:ne:14,synthetic_v1,0,1,0,0,1,0,0,0
सेल 12 घंटे में खत्म!,false_urgency,false_urgency,hi,div,banner,[TAG=div] [ROLE=banner] सेल 12 घंटे में खत्म!,false_urgency:hi:00,synthetic_v1,0,1,0,0,0,0,0,0
सिर्फ़ आज! पावर बैंक पर 5% छूट,false_urgency,false_urgency,hi,p,promo,[TAG=p] [ROLE=promo] सिर्फ़ आज! पावर बैंक पर 5% छूट,false_urgency:hi:10,synthetic_v1,0,1,0,0,0,0,0,0
Hurry! Offer on denim jeans expires in 19:20,false_urgency,false_urgency,en,p,promo,[TAG=p] [ROLE=promo] Hurry! Offer on denim jeans expires in 19:20,false_urgency:en:01,synthetic_v1,0,1,0,0,0,0,0,0
Thulo पर वायरलेस ईयरबड्स की सेल 45 मिनट में खत्म,false_urgency,false_urgency,hi,div,banner,[TAG=div] [ROLE=banner] Thulo पर वायरलेस ईयरबड्स की सेल 45 मिनट में खत्म,false_urgency:hi:17,synthetic_v1,0,1,0,0,0,0,0,0
काउन्टडाउन: 20 मिनेट मा मूल्य बढ्नेछ,false_urgency,false_urgency,ne,span,timer,[TAG=span] [ROLE=timer] काउन्टडाउन: 20 मिनेट मा मूल्य बढ्नेछ,false_urgency:ne:08,synthetic_v1,0,1,0,0,0,0,0,0
अन्तिम मौका — गेमिङ माउस मा 48 घण्टा बाँकी,false_urgency,false_urgency,ne,p,promo,[TAG=p] [ROLE=promo] अन्तिम मौका — गेमिङ माउस मा 48 घण्टा बाँकी,false_urgency:ne:05,synthetic_v1,0,1,0,0,0,0,0,0
नेपालगन्ज डेलिभरीका लागि 00:59 भित्र योगा म्याट अर्डर गर्नुहोस्,false_urgency,false_urgency,ne,span,timer,[TAG=span] [ROLE=timer] नेपालगन्ज डेलिभरीका लागि 00:59 भित्र योगा म्याट अर्डर गर्नुहोस्,false_urgency:ne:18,synthetic_v1,0,1,0,0,0,0,0,0
Last chance — 12 hours left on smartwatch,false_urgency,false_urgency,en,span,timer,[TAG=span] [ROLE=timer] Last chance — 12 hours left on smartwatch,false_urgency:en:05,synthetic_v1,0,1,0,0,0,0,0,0
Sale ends in 48 hours!,false_urgency,false_urgency,en,span,timer,[TAG=span] [ROLE=timer] Sale ends in 48 hours!,false_urgency:en:00,synthetic_v1,0,1,0,0,0,0,0,0
Book within 3 hours to lock this rate,false_urgency,false_urgency,en,div,banner,[TAG=div] [ROLE=banner] Book within 3 hours to lock this rate,false_urgency:en:09,synthetic_v1,0,1,0,0,0,0,0,0
35% छूट 12:00 में समाप्त,false_urgency,false_urgency,hi,p,promo,[TAG=p] [ROLE=promo] 35% छूट 12:00 में समाप्त,false_urgency:hi:15,synthetic_v1,0,1,0,0,0,0,0,0
पावर बैंक पर रु. 249 की कीमत 09:45 तक ही,false_urgency,false_urgency,hi,div,banner,[TAG=div] [ROLE=banner] पावर बैंक पर रु. 249 की कीमत 09:45 तक ही,false_urgency:hi:21,synthetic_v1,0,1,0,0,0,0,0,0
यह दर पाने के लिए 12 घंटे में बुक करें,false_urgency,false_urgency,hi,span,timer,[TAG=span] [ROLE=timer] यह दर पाने के लिए 12 घंटे में बुक करें,false_urgency:hi:09,synthetic_v1,0,1,0,0,0,0,0,0
अफर 20 मिनेट मा सकिन्छ — 2 मात्र बाँकी!,false_urgency|scarcity,false_urgency,ne,span,timer,[TAG=span] [ROLE=timer] अफर 20 मिनेट मा सकिन्छ — 2 मात्र बाँकी!,false_urgency:ne:14,synthetic_v1,0,1,0,0,1,0,0,0
Offer ends in 23:11 — only 5 left!,false_urgency|scarcity,false_urgency,en,span,timer,[TAG=span] [ROLE=timer] Offer ends in 23:11 — only 5 left!,false_urgency:en:14,synthetic_v1,0,1,0,0,1,0,0,0
मागका कारण 6 घण्टा थपियो,false_urgency,false_urgency,ne,div,banner,[TAG=div] [ROLE=banner] मागका कारण 6 घण्टा थपियो,false_urgency:ne:13,synthetic_v1,0,1,0,0,0,0,0,0
आख़िरी मौका — सर्दी का कंबल पर 3 मिनट बाकी,false_urgency,false_urgency,hi,p,promo,[TAG=p] [ROLE=promo] आख़िरी मौका — सर्दी का कंबल पर 3 मिनट बाकी,false_urgency:hi:05,synthetic_v1,0,1,0,0,0,0,0,0
फेस वास रहेको तपाईंको Lenskart कार्ट 20 मिनेट मा सकिन्छ,false_urgency,false_urgency,ne,p,promo,[TAG=p] [ROLE=promo] फेस वास रहेको तपाईंको Lenskart कार्ट 20 मिनेट मा सकिन्छ,false_urgency:ne:20,synthetic_v1,0,1,0,0,0,0,0,0
Myntra पर नॉइज़ कैंसलिंग हेडफोन पर 40% छूट — 3 मिनट बाकी,false_urgency,false_urgency,hi,p,promo,[TAG=p] [ROLE=promo] Myntra पर नॉइज़ कैंसलिंग हेडफोन पर 40% छूट — 3 मिनट बाकी,false_urgency:hi:19,synthetic_v1,0,1,0,0,0,0,0,0
"45 मिनट में ऑर्डर करें, 3 दिन में डिलीवरी",false_urgency,false_urgency,hi,p,promo,"[TAG=p] [ROLE=promo] 45 मिनट में ऑर्डर करें, 3 दिन में डिलीवरी",false_urgency:hi:16,synthetic_v1,0,1,0,0,0,0,0,0
छिटो गर्नुहोस्! प्रोटिन पाउडर को अफर 5 मिनेट मा सकिँदै,false_urgency,false_urgency,ne,span,timer,[TAG=span] [ROLE=timer] छिटो गर्नुहोस्! प्रोटिन पाउडर को अफर 5 मिनेट मा सकिँदै,false_urgency:ne:01,synthetic_v1,0,1,0,0,0,0,0,0
मांग के कारण 8 घंटे बढ़ाया गया,false_urgency,false_urgency,hi,div,banner,[TAG=div] [ROLE=banner] मांग के कारण 8 घंटे बढ़ाया गया,false_urgency:hi:13,synthetic_v1,0,1,0,0,0,0,0,0
स्कुल ब्याग रहेको तपाईंको Ajio कार्ट 12 घण्टा मा सकिन्छ,false_urgency,false_urgency,ne,div,banner,[TAG=div] [ROLE=banner] स्कुल ब्याग रहेको तपाईंको Ajio कार्ट 12 घण्टा मा सकिन्छ,false_urgency:ne:20,synthetic_v1,0,1,0,0,0,0,0,0
ऑफ़र 12 घंटे में खत्म — केवल 12 बचे!,false_urgency|scarcity,false_urgency,hi,p,promo,[TAG=p] [ROLE=promo] ऑफ़र 12 घंटे में खत्म — केवल 12 बचे!,false_urgency:hi:14,synthetic_v1,0,1,0,0,1,0,0,0
अन्तिम मौका — पावर ब्यांक मा 09:45 बाँकी,false_urgency,false_urgency,ne,span,timer,[TAG=span] [ROLE=timer] अन्तिम मौका — पावर ब्यांक मा 09:45 बाँकी,false_urgency:ne:05,synthetic_v1,0,1,0,0,0,0,0,0
70% छूट 24 घंटे में समाप्त,false_urgency,false_urgency,hi,span,timer,[TAG=span] [ROLE=timer] 70% छूट 24 घंटे में समाप्त,false_urgency:hi:15,synthetic_v1,0,1,0,0,0,0,0,0
Order bluetooth speaker within 20 minutes for delivery to Dharan,false_urgency,false_urgency,en,div,banner,[TAG=div] [ROLE=banner] Order bluetooth speaker within 20 minutes for delivery to Dharan,false_urgency:en:18,synthetic_v1,0,1,0,0,0,0,0,0
Hurry! Offer on winter blanket expires in 10 minutes,false_urgency,false_urgency,en,div,banner,[TAG=div] [ROLE=banner] Hurry! Offer on winter blanket expires in 10 minutes,false_urgency:en:01,synthetic_v1,0,1,0,0,0,0,0,0
Kinbech पर सर्दी का कंबल की सेल 24 घंटे में खत्म,false_urgency,false_urgency,hi,div,banner,[TAG=div] [ROLE=banner] Kinbech पर सर्दी का कंबल की सेल 24 घंटे में खत्म,false_urgency:hi:17,synthetic_v1,0,1,0,0,0,0,0,0
आज का सौदा 5 मिनट में खत्म,false_urgency,false_urgency,hi,span,timer,[TAG=span] [ROLE=timer] आज का सौदा 5 मिनट में खत्म,false_urgency:hi:02,synthetic_v1,0,1,0,0,0,0,0,0
Today only! 60% off study lamp,false_urgency,false_urgency,en,div,banner,[TAG=div] [ROLE=banner] Today only! 60% off study lamp,false_urgency:en:10,synthetic_v1,0,1,0,0,0,0,0,0
Blinkit पर रनिंग शूज़ की सेल 09:45 में खत्म,false_urgency,false_urgency,hi,div,banner,[TAG=div] [ROLE=banner] Blinkit पर रनिंग शूज़ की सेल 09:45 में खत्म,false_urgency:hi:17,synthetic_v1,0,1,0,0,0,0,0,0
आख़िरी मौका — पावर बैंक पर 15 मिनट बाकी,false_urgency,false_urgency,hi,p,promo,[TAG=p] [ROLE=promo] आख़िरी मौका — पावर बैंक पर 15 मिनट बाकी,false_urgency:hi:05,synthetic_v1,0,1,0,0,0,0,0,0
आख़िरी मौका — हेयर ड्रायर पर 45 मिनट बाकी,false_urgency,false_urgency,hi,p,promo,[TAG=p] [ROLE=promo] आख़िरी मौका — हेयर ड्रायर पर 45 मिनट बाकी,false_urgency:hi:05,synthetic_v1,0,1,0,0,0,0,0,0
Your cart will expire in 23:11,false_urgency,false_urgency,en,span,timer,[TAG=span] [ROLE=timer] Your cart will expire in 23:11,false_urgency:en:03,synthetic_v1,0,1,0,0,0,0,0,0
Tata Cliq sale on power bank ends in 15 minutes,false_urgency,false_urgency,en,div,banner,[TAG=div] [ROLE=banner] Tata Cliq sale on power bank ends in 15 minutes,false_urgency:en:17,synthetic_v1,0,1,0,0,0,0,0,0
25% off expires in 3 hours,false_urgency,false_urgency,en,p,promo,[TAG=p] [ROLE=promo] 25% off expires in 3 hours,false_urgency:en:15,synthetic_v1,0,1,0,0,0,0,0,0
Countdown: 6 hours until the price rises,false_urgency,false_urgency,en,div,banner,[TAG=div] [ROLE=banner] Countdown: 6 hours until the price rises,false_urgency:en:08,synthetic_v1,0,1,0,0,0,0,0,0
35% छुट 24 घण्टा मा सकिन्छ,false_urgency,false_urgency,ne,div,banner,[TAG=div] [ROLE=banner] 35% छुट 24 घण्टा मा सकिन्छ,false_urgency:ne:15,synthetic_v1,0,1,0,0,0,0,0,0
स्मार्टवाच रहेको तपाईंको SastoDeal कार्ट 04:30 मा सकिन्छ,false_urgency,false_urgency,ne,p,promo,[TAG=p] [ROLE=promo] स्मार्टवाच रहेको तपाईंको SastoDeal कार्ट 04:30 मा सकिन्छ,false_urgency:ne:20,synthetic_v1,0,1,0,0,0,0,0,0
Hurry! Offer on induction cooktop expires in 1 minute,false_urgency,false_urgency,en,span,timer,[TAG=span] [ROLE=timer] Hurry! Offer on induction cooktop expires in 1 minute,false_urgency:en:01,synthetic_v1,0,1,0,0,0,0,0,0
HamroBazar पर पावर बैंक पर 50% छूट — 00:59 बाकी,false_urgency,false_urgency,hi,div,banner,[TAG=div] [ROLE=banner] HamroBazar पर पावर बैंक पर 50% छूट — 00:59 बाकी,false_urgency:hi:19,synthetic_v1,0,1,0,0,0,0,0,0
"स्कुल ब्याग मा रु. 1,199 को मूल्य 02:14 सम्म मात्र",false_urgency,false_urgency,ne,div,banner,"[TAG=div] [ROLE=banner] स्कुल ब्याग मा रु. 1,199 को मूल्य 02:14 सम्म मात्र",false_urgency:ne:21,synthetic_v1,0,1,0,0,0,0,0,0
25% छूट 12 घंटे में समाप्त,false_urgency,false_urgency,hi,p,promo,[TAG=p] [ROLE=promo] 25% छूट 12 घंटे में समाप्त,false_urgency:hi:15,synthetic_v1,0,1,0,0,0,0,0,0
Your Tata Cliq cart with smartwatch expires in 12:00,false_urgency,false_urgency,en,div,banner,[TAG=div] [ROLE=banner] Your Tata Cliq cart with smartwatch expires in 12:00,false_urgency:en:20,synthetic_v1,0,1,0,0,0,0,0,0
Reliance Digital मा हेयर ड्रायर मा 25% छुट — 3 मिनेट बाँकी,false_urgency,false_urgency,ne,p,promo,[TAG=p] [ROLE=promo] Reliance Digital मा हेयर ड्रायर मा 25% छुट — 3 मिनेट बाँकी,false_urgency:ne:19,synthetic_v1,0,1,0,0,0,0,0,0
JioMart sale on sports sandals ends in 09:45,false_urgency,false_urgency,en,p,promo,[TAG=p] [ROLE=promo] JioMart sale on sports sandals ends in 09:45,false_urgency:en:17,synthetic_v1,0,1,0,0,0,0,0,0
"12:00 भित्र अर्डर गर्नुहोस्, 7 दिनमा डेलिभरी",false_urgency,false_urgency,ne,p,promo,"[TAG=p] [ROLE=promo] 12:00 भित्र अर्डर गर्नुहोस्, 7 दिनमा डेलिभरी",false_urgency:ne:16,synthetic_v1,0,1,0,0,0,0,0,0
"Flash sale ending in 48 hours, don't miss out",false_urgency,false_urgency,en,span,timer,"[TAG=span] [ROLE=timer] Flash sale ending in 48 hours, don't miss out",false_urgency:en:06,synthetic_v1,0,1,0,0,0,0,0,0
पुणे डिलीवरी के लिए 30 मिनट में ट्रेकिंग जैकेट ऑर्डर करें,false_urgency,false_urgency,hi,p,promo,[TAG=p] [ROLE=promo] पुणे डिलीवरी के लिए 30 मिनट में ट्रेकिंग जैकेट ऑर्डर करें,false_urgency:hi:18,synthetic_v1,0,1,0,0,0,0,0,0
आज मात्र! राइस कुकर मा 80% छुट,false_urgency,false_urgency,ne,p,promo,[TAG=p] [ROLE=promo] आज मात्र! राइस कुकर मा 80% छुट,false_urgency:ne:10,synthetic_v1,0,1,0,0,0,0,0,0
आज मात्र! घामको चस्मा मा 80% छुट,false_urgency,false_urgency,ne,p,promo,[TAG=p] [ROLE=promo] आज मात्र! घामको चस्मा मा 80% छुट,false_urgency:ne:10,synthetic_v1,0,1,0,0,0,0,0,0
Book within 19:20 to lock this rate,false_urgency,false_urgency,en,span,timer,[TAG=span] [ROLE=timer] Book within 19:20 to lock this rate,false_urgency:en:09,synthetic_v1,0,1,0,0,0,0,0,0
यो डिलमा 09:45 मात्र बाँकी,false_urgency,false_urgency,ne,div,banner,[TAG=div] [ROLE=banner] यो डिलमा 09:45 मात्र बाँकी,false_urgency:ne:11,synthetic_v1,0,1,0,0,0,0,0,0
काउन्टडाउन: 1 मिनेट मा मूल्य बढ्नेछ,false_urgency,false_urgency,ne,p,promo,[TAG=p] [ROLE=promo] काउन्टडाउन: 1 मिनेट मा मूल्य बढ्नेछ,false_urgency:ne:08,synthetic_v1,0,1,0,0,0,0,0,0
कानपुर डिलीवरी के लिए 30 मिनट में हेयर ड्रायर ऑर्डर करें,false_urgency,false_urgency,hi,span,timer,[TAG=span] [ROLE=timer] कानपुर डिलीवरी के लिए 30 मिनट में हेयर ड्रायर ऑर्डर करें,false_urgency:hi:18,synthetic_v1,0,1,0,0,0,0,0,0
Offer ends in 00:59 — only 7 left!,false_urgency|scarcity,false_urgency,en,p,promo,[TAG=p] [ROLE=promo] Offer ends in 00:59 — only 7 left!,false_urgency:en:14,synthetic_v1,0,1,0,0,1,0,0,0
स्पोर्ट्स चप्पल रहेको तपाईंको Muncha कार्ट 48 घण्टा मा सकिन्छ,false_urgency,false_urgency,ne,div,banner,[TAG=div] [ROLE=banner] स्पोर्ट्स चप्पल रहेको तपाईंको Muncha कार्ट 48 घण्टा मा सकिन्छ,false_urgency:ne:20,synthetic_v1,0,1,0,0,0,0,0,0
Today only! 60% off trekking jacket,false_urgency,false_urgency,en,p,promo,[TAG=p] [ROLE=promo] Today only! 60% off trekking jacket,false_urgency:en:10,synthetic_v1,0,1,0,0,0,0,0,0
25% छुट 3 घण्टा मा सकिन्छ,false_urgency,false_urgency,ne,span,timer,[TAG=span] [ROLE=timer] 25% छुट 3 घण्टा मा सकिन्छ,false_urgency:ne:15,synthetic_v1,0,1,0,0,0,0,0,0
Order in 23:11 to get delivery in 2 days,false_urgency,false_urgency,en,p,promo,[TAG=p] [ROLE=promo] Order in 23:11 to get delivery in 2 days,false_urgency:en:16,synthetic_v1,0,1,0,0,0,0,0,0
HamroBazar मा पानीको बोतल मा 30% छुट — 09:45 बाँकी,false_urgency,false_urgency,ne,p,promo,[TAG=p] [ROLE=promo] HamroBazar मा पानीको बोतल मा 30% छुट — 09:45 बाँकी,false_urgency:ne:19,synthetic_v1,0,1,0,0,0,0,0,0
Today only! 70% off study lamp,false_urgency,false_urgency,en,div,banner,[TAG=div] [ROLE=banner] Today only! 70% off study lamp,false_urgency:en:10,synthetic_v1,0,1,0,0,0,0,0,0
Offer ends in 45 minutes — only 2 left!,false_urgency|scarcity,false_urgency,en,div,banner,[TAG=div] [ROLE=banner] Offer ends in 45 minutes — only 2 left!,false_urgency:en:14,synthetic_v1,0,1,0,0,1,0,0,0
Sale ends in 10 minutes!,false_urgency,false_urgency,en,span,timer,[TAG=span] [ROLE=timer] Sale ends in 10 minutes!,false_urgency:en:00,synthetic_v1,0,1,0,0,0,0,0,0
70% off expires in 18 hours,false_urgency,false_urgency,en,div,banner,[TAG=div] [ROLE=banner] 70% off expires in 18 hours,false_urgency:en:15,synthetic_v1,0,1,0,0,0,0,0,0
लखनऊ डिलीवरी के लिए 3 घंटे में हेयर ड्रायर ऑर्डर करें,false_urgency,false_urgency,hi,p,promo,[TAG=p] [ROLE=promo] लखनऊ डिलीवरी के लिए 3 घंटे में हेयर ड्रायर ऑर्डर करें,false_urgency:hi:18,synthetic_v1,0,1,0,0,0,0,0,0
"फ्ल्यास सेल 2 घण्टा मा सकिँदै, नगुमाउनुहोस्",false_urgency,false_urgency,ne,span,timer,"[TAG=span] [ROLE=timer] फ्ल्यास सेल 2 घण्टा मा सकिँदै, नगुमाउनुहोस्",false_urgency:ne:06,synthetic_v1,0,1,0,0,0,0,0,0
Rs. 249 price on office chair valid for 12:00 only,false_urgency,false_urgency,en,span,timer,[TAG=span] [ROLE=timer] Rs. 249 price on office chair valid for 12:00 only,false_urgency:en:21,synthetic_v1,0,1,0,0,0,0,0,0
स्मार्टवॉच पर रु. 299 की कीमत 7 मिनट तक ही,false_urgency,false_urgency,hi,p,promo,[TAG=p] [ROLE=promo] स्मार्टवॉच पर रु. 299 की कीमत 7 मिनट तक ही,false_urgency:hi:21,synthetic_v1,0,1,0,0,0,0,0,0
अन्तिम मौका — नोइज क्यान्सलिङ हेडफोन मा 5 मिनेट बाँकी,false_urgency,false_urgency,ne,span,timer,[TAG=span] [ROLE=timer] अन्तिम मौका — नोइज क्यान्सलिङ हेडफोन मा 5 मिनेट बाँकी,false_urgency:ne:05,synthetic_v1,0,1,0,0,0,0,0,0
Meesho पर गेमिंग माउस की सेल 04:30 में खत्म,false_urgency,false_urgency,hi,p,promo,[TAG=p] [ROLE=promo] Meesho पर गेमिंग माउस की सेल 04:30 में खत्म,false_urgency:hi:17,synthetic_v1,0,1,0,0,0,0,0,0
अन्तिम मौका — कटन कुर्ता मा 30 मिनेट बाँकी,false_urgency,false_urgency,ne,p,promo,[TAG=p] [ROLE=promo] अन्तिम मौका — कटन कुर्ता मा 30 मिनेट बाँकी,false_urgency:ne:05,synthetic_v1,0,1,0,0,0,0,0,0
आजको डिल 7 मिनेट मा सकिन्छ,false_urgency,false_urgency,ne,p,promo,[TAG=p] [ROLE=promo] आजको डिल 7 मिनेट मा सकिन्छ,false_urgency:ne:02,synthetic_v1,0,1,0,0,0,0,0,0
दाम 45 मिनट में बढ़ जाएंगे,false_urgency,false_urgency,hi,p,promo,[TAG=p] [ROLE=promo] दाम 45 मिनट में बढ़ जाएंगे,false_urgency:hi:04,synthetic_v1,0,1,0,0,0,0,0,0
Order yoga mat within 10 minutes for delivery to Jaipur,false_urgency,false_urgency,en,div,banner,[TAG=div] [ROLE=banner] Order yoga mat within 10 minutes for delivery to Jaipur,false_urgency:en:18,synthetic_v1,0,1,0,0,0,0,0,0
इलेक्ट्रिक केतली मा रु. 449 को मूल्य 3 घण्टा सम्म मात्र,false_urgency,false_urgency,ne,p,promo,[TAG=p] [ROLE=promo] इलेक्ट्रिक केतली मा रु. 449 को मूल्य 3 घण्टा सम्म मात्र,false_urgency:ne:21,synthetic_v1,0,1,0,0,0,0,0,0
Only 10 minutes remaining on this deal,false_urgency,false_urgency,en,span,timer,[TAG=span] [ROLE=timer] Only 10 minutes remaining on this deal,false_urgency:en:11,synthetic_v1,0,1,0,0,0,0,0,0
अगले 1 मिनट तक ही मान्य,false_urgency,false_urgency,hi,div,banner,[TAG=div] [ROLE=banner] अगले 1 मिनट तक ही मान्य,false_urgency:hi:07,synthetic_v1,0,1,0,0,0,0,0,0
Hurry! Offer on sunglasses expires in 04:30,false_urgency,false_urgency,en,p,promo,[TAG=p] [ROLE=promo] Hurry! Offer on sunglasses expires in 04:30,false_urgency:en:01,synthetic_v1,0,1,0,0,0,0,0,0
Order in 09:45 to get delivery in 7 days,false_urgency,false_urgency,en,p,promo,[TAG=p] [ROLE=promo] Order in 09:45 to get delivery in 7 days,false_urgency:en:16,synthetic_v1,0,1,0,0,0,0,0,0
50% off expires in 45 minutes,false_urgency,false_urgency,en,span,timer,[TAG=span] [ROLE=timer] 50% off expires in 45 minutes,false_urgency:en:15,synthetic_v1,0,1,0,0,0,0,0,0
Your cart will expire in 04:30,false_urgency,false_urgency,en,span,timer,[TAG=span] [ROLE=timer] Your cart will expire in 04:30,false_urgency:en:03,synthetic_v1,0,1,0,0,0,0,0,0
Sale ends in 04:30!,false_urgency,false_urgency,en,p,promo,[TAG=p] [ROLE=promo] Sale ends in 04:30!,false_urgency:en:00,synthetic_v1,0,1,0,0,0,0,0,0
जल्दी करें! स्मार्टवॉच पर ऑफ़र 00:59 में समाप्त,false_urgency,false_urgency,hi,span,timer,[TAG=span] [ROLE=timer] जल्दी करें! स्मार्टवॉच पर ऑफ़र 00:59 में समाप्त,false_urgency:hi:01,synthetic_v1,0,1,0,0,0,0,0,0
FirstCry मा राइस कुकर को सेल 23:11 मा सकिन्छ,false_urgency,false_urgency,ne,div,banner,[TAG=div] [ROLE=banner] FirstCry मा राइस कुकर को सेल 23:11 मा सकिन्छ,false_urgency:ne:17,synthetic_v1,0,1,0,0,0,0,0,0
सिर्फ़ आज! गेमिंग माउस पर 10% छूट,false_urgency,false_urgency,hi,span,timer,[TAG=span] [ROLE=timer] सिर्फ़ आज! गेमिंग माउस पर 10% छूट,false_urgency:hi:10,synthetic_v1,0,1,0,0,0,0,0,0
कटन कुर्ता रहेको तपाईंको Zepto कार्ट 18 घण्टा मा सकिन्छ,false_urgency,false_urgency,ne,span,timer,[TAG=span] [ROLE=timer] कटन कुर्ता रहेको तपाईंको Zepto कार्ट 18 घण्टा मा सकिन्छ,false_urgency:ne:20,synthetic_v1,0,1,0,0,0,0,0,0
इस डील पर केवल 5 मिनट शेष,false_urgency,false_urgency,hi,span,timer,[TAG=span] [ROLE=timer] इस डील पर केवल 5 मिनट शेष,false_urgency:hi:11,synthetic_v1,0,1,0,0,0,0,0,0
Kinbech पर पावर बैंक की सेल 09:45 में खत्म,false_urgency,false_urgency,hi,span,timer,[TAG=span] [ROLE=timer] Kinbech पर पावर बैंक की सेल 09:45 में खत्म,false_urgency:hi:17,synthetic_v1,0,1,0,0,0,0,0,0
अन्तिम मौका — स्मार्टवाच मा 7 मिनेट बाँकी,false_urgency,false_urgency,ne,div,banner,[TAG=div] [ROLE=banner] अन्तिम मौका — स्मार्टवाच मा 7 मिनेट बाँकी,false_urgency:ne:05,synthetic_v1,0,1,0,0,0,0,0,0
Flipkart पर स्कूल बैग की सेल 1 घंटे में खत्म,false_urgency,false_urgency,hi,p,promo,[TAG=p] [ROLE=promo] Flipkart पर स्कूल बैग की सेल 1 घंटे में खत्म,false_urgency:hi:17,synthetic_v1,0,1,0,0,0,0,0,0
Gyapu पर रनिंग शूज़ पर 20% छूट — 30 मिनट बाकी,false_urgency,false_urgency,hi,div,banner,[TAG=div] [ROLE=banner] Gyapu पर रनिंग शूज़ पर 20% छूट — 30 मिनट बाकी,false_urgency:hi:19,synthetic_v1,0,1,0,0,0,0,0,0
ट्रेकिङ ज्याकेट रहेको तपाईंको Nykaa कार्ट 2 घण्टा मा सकिन्छ,false_urgency,false_urgency,ne,div,banner,[TAG=div] [ROLE=banner] ट्रेकिङ ज्याकेट रहेको तपाईंको Nykaa कार्ट 2 घण्टा मा सकिन्छ,false_urgency:ne:20,synthetic_v1,0,1,0,0,0,0,0,0
यह दर पाने के लिए 09:45 में बुक करें,false_urgency,false_urgency,hi,p,promo,[TAG=p] [ROLE=promo] यह दर पाने के लिए 09:45 में बुक करें,false_urgency:hi:09,synthetic_v1,0,1,0,0,0,0,0,0
Pepperfry पर इंडक्शन चूल्हा पर 40% छूट — 2 घंटे बाकी,false_urgency,false_urgency,hi,p,promo,[TAG=p] [ROLE=promo] Pepperfry पर इंडक्शन चूल्हा पर 40% छूट — 2 घंटे बाकी,false_urgency:hi:19,synthetic_v1,0,1,0,0,0,0,0,0
अन्तिम मौका — ब्लुटुथ स्पिकर मा 19:20 बाँकी,false_urgency,false_urgency,ne,span,timer,[TAG=span] [ROLE=timer] अन्तिम मौका — ब्लुटुथ स्पिकर मा 19:20 बाँकी,false_urgency:ne:05,synthetic_v1,0,1,0,0,0,0,0,0
Book within 14:59 to lock this rate,false_urgency,false_urgency,en,div,banner,[TAG=div] [ROLE=banner] Book within 14:59 to lock this rate,false_urgency:en:09,synthetic_v1,0,1,0,0,0,0,0,0
70% off expires in 2 hours,false_urgency,false_urgency,en,div,banner,[TAG=div] [ROLE=banner] 70% off expires in 2 hours,false_urgency:en:15,synthetic_v1,0,1,0,0,0,0,0,0
Today only! 35% off winter blanket,false_urgency,false_urgency,en,p,promo,[TAG=p] [ROLE=promo] Today only! 35% off winter blanket,false_urgency:en:10,synthetic_v1,0,1,0,0,0,0,0,0
अर्को 8 मिनेटसम्म मात्र मान्य,false_urgency,false_urgency,ne,span,timer,[TAG=span] [ROLE=timer] अर्को 8 मिनेटसम्म मात्र मान्य,false_urgency:ne:07,synthetic_v1,0,1,0,0,0,0,0,0
80% off expires in 18 hours,false_urgency,false_urgency,en,span,timer,[TAG=span] [ROLE=timer] 80% off expires in 18 hours,false_urgency:en:15,synthetic_v1,0,1,0,0,0,0,0,0
Order in 30 minutes to get delivery in 5 days,false_urgency,false_urgency,en,span,timer,[TAG=span] [ROLE=timer] Order in 30 minutes to get delivery in 5 days,false_urgency:en:16,synthetic_v1,0,1,0,0,0,0,0,0
Only 12:00 remaining on this deal,false_urgency,false_urgency,en,p,promo,[TAG=p] [ROLE=promo] Only 12:00 remaining on this deal,false_urgency:en:11,synthetic_v1,0,1,0,0,0,0,0,0
"18 घण्टा भित्र अर्डर गर्नुहोस्, 3 दिनमा डेलिभरी",false_urgency,false_urgency,ne,span,timer,"[TAG=span] [ROLE=timer] 18 घण्टा भित्र अर्डर गर्नुहोस्, 3 दिनमा डेलिभरी",false_urgency:ne:16,synthetic_v1,0,1,0,0,0,0,0,0
आख़िरी मौका — स्कूल बैग पर 3 घंटे बाकी,false_urgency,false_urgency,hi,p,promo,[TAG=p] [ROLE=promo] आख़िरी मौका — स्कूल बैग पर 3 घंटे बाकी,false_urgency:hi:05,synthetic_v1,0,1,0,0,0,0,0,0
छिटो गर्नुहोस्! ल्यापटप ब्याग को अफर 45 मिनेट मा सकिँदै,false_urgency,false_urgency,ne,p,promo,[TAG=p] [ROLE=promo] छिटो गर्नुहोस्! ल्यापटप ब्याग को अफर 45 मिनेट मा सकिँदै,false_urgency:ne:01,synthetic_v1,0,1,0,0,0,0,0,0
20% off expires in 2 hours,false_urgency,false_urgency,en,span,timer,[TAG=span] [ROLE=timer] 20% off expires in 2 hours,false_urgency:en:15,synthetic_v1,0,1,0,0,0,0,0,0
जल्दी करें! ऑफिस चेयर पर ऑफ़र 12 घंटे में समाप्त,false_urgency,false_urgency,hi,span,timer,[TAG=span] [ROLE=timer] जल्दी करें! ऑफिस चेयर पर ऑफ़र 12 घंटे में समाप्त,false_urgency:hi:01,synthetic_v1,0,1,0,0,0,0,0,0
Thulo मा ब्लुटुथ स्पिकर को सेल 12:00 मा सकिन्छ,false_urgency,false_urgency,ne,div,banner,[TAG=div] [ROLE=banner] Thulo मा ब्लुटुथ स्पिकर को सेल 12:00 मा सकिन्छ,false_urgency:ne:17,synthetic_v1,0,1,0,0,0,0,0,0
"गेमिंग माउस पर रु. 2,499 की कीमत 09:45 तक ही",false_urgency,false_urgency,hi,p,promo,"[TAG=p] [ROLE=promo] गेमिंग माउस पर रु. 2,499 की कीमत 09:45 तक ही",false_urgency:hi:21,synthetic_v1,0,1,0,0,0,0,0,0
जल्दी करें! लैपटॉप बैग पर ऑफ़र 12 घंटे में समाप्त,false_urgency,false_urgency,hi,div,banner,[TAG=div] [ROLE=banner] जल्दी करें! लैपटॉप बैग पर ऑफ़र 12 घंटे में समाप्त,false_urgency:hi:01,synthetic_v1,0,1,0,0,0,0,0,0
Your Nykaa cart with sunglasses expires in 15 minutes,false_urgency,false_urgency,en,span,timer,[TAG=span] [ROLE=timer] Your Nykaa cart with sunglasses expires in 15 minutes,false_urgency:en:20,synthetic_v1,0,1,0,0,0,0,0,0
5% छुट 04:30 मा सकिन्छ,false_urgency,false_urgency,ne,div,banner,[TAG=div] [ROLE=banner] 5% छुट 04:30 मा सकिन्छ,false_urgency:ne:15,synthetic_v1,0,1,0,0,0,0,0,0
Order winter blanket within 2 hours for delivery to Pokhara,false_urgency,false_urgency,en,span,timer,[TAG=span] [ROLE=timer] Order winter blanket within 2 hours for delivery to Pokhara,false_urgency:en:18,synthetic_v1,0,1,0,0,0,0,0,0
Rs. 699 price on winter blanket valid for 7 minutes only,false_urgency,false_urgency,en,p,promo,[TAG=p] [ROLE=promo] Rs. 699 price on winter blanket valid for 7 minutes only,false_urgency:en:21,synthetic_v1,0,1,0,0,0,0,0,0
"12 घण्टा भित्र अर्डर गर्नुहोस्, 3 दिनमा डेलिभरी",false_urgency,false_urgency,ne,span,timer,"[TAG=span] [ROLE=timer] 12 घण्टा भित्र अर्डर गर्नुहोस्, 3 दिनमा डेलिभरी",false_urgency:ne:16,synthetic_v1,0,1,0,0,0,0,0,0
30% छूट 45 मिनट में समाप्त,false_urgency,false_urgency,hi,p,promo,[TAG=p] [ROLE=promo] 30% छूट 45 मिनट में समाप्त,false_urgency:hi:15,synthetic_v1,0,1,0,0,0,0,0,0
Hurry! Offer on cotton kurta expires in 14:59,false_urgency,false_urgency,en,p,promo,[TAG=p] [ROLE=promo] Hurry! Offer on cotton kurta expires in 14:59,false_urgency:en:01,synthetic_v1,0,1,0,0,0,0,0,0
यह दर पाने के लिए 15 मिनट में बुक करें,false_urgency,false_urgency,hi,div,banner,[TAG=div] [ROLE=banner] यह दर पाने के लिए 15 मिनट में बुक करें,false_urgency:hi:09,synthetic_v1,0,1,0,0,0,0,0,0
सिर्फ़ आज! लैपटॉप बैग पर 60% छूट,false_urgency,false_urgency,hi,div,banner,[TAG=div] [ROLE=banner] सिर्फ़ आज! लैपटॉप बैग पर 60% छूट,false_urgency:hi:10,synthetic_v1,0,1,0,0,0,0,0,0
Countdown: 19:20 until the price rises,false_urgency,false_urgency,en,span,timer,[TAG=span] [ROLE=timer] Countdown: 19:20 until the price rises,false_urgency:en:08,synthetic_v1,0,1,0,0,0,0,0,0
Order office chair within 10 minutes for delivery to Butwal,false_urgency,false_urgency,en,span,timer,[TAG=span] [ROLE=timer] Order office chair within 10 minutes for delivery to Butwal,false_urgency:en:18,synthetic_v1,0,1,0,0,0,0,0,0
आपका कार्ट 24 घंटे में खाली हो जाएगा,false_urgency,false_urgency,hi,span,timer,[TAG=span] [ROLE=timer] आपका कार्ट 24 घंटे में खाली हो जाएगा,false_urgency:hi:03,synthetic_v1,0,1,0,0,0,0,0,0
HamroBazar मा कफी मेकर को सेल 23:11 मा सकिन्छ,false_urgency,false_urgency,ne,p,promo,[TAG=p] [ROLE=promo] HamroBazar मा कफी मेकर को सेल 23:11 मा सकिन्छ,false_urgency:ne:17,synthetic_v1,0,1,0,0,0,0,0,0
Today only! 35% off school bag,false_urgency,false_urgency,en,p,promo,[TAG=p] [ROLE=promo] Today only! 35% off school bag,false_urgency:en:10,synthetic_v1,0,1,0,0,0,0,0,0
आज मात्र! योगा म्याट मा 35% छुट,false_urgency,false_urgency,ne,p,promo,[TAG=p] [ROLE=promo] आज मात्र! योगा म्याट मा 35% छुट,false_urgency:ne:10,synthetic_v1,0,1,0,0,0,0,0,0
Only 20 minutes remaining on this deal,false_urgency,false_urgency,en,span,timer,[TAG=span] [ROLE=timer] Only 20 minutes remaining on this deal,false_urgency:en:11,synthetic_v1,0,1,0,0,0,0,0,0
काउंटडाउन: 7 मिनट में कीमत बढ़ेगी,false_urgency,false_urgency,hi,span,timer,[TAG=span] [ROLE=timer] काउंटडाउन: 7 मिनट में कीमत बढ़ेगी,false_urgency:hi:08,synthetic_v1,0,1,0,0,0,0,0,0
जल्दी करें! पानी की बोतल पर ऑफ़र 1 घंटे में समाप्त,false_urgency,false_urgency,hi,span,timer,[TAG=span] [ROLE=timer] जल्दी करें! पानी की बोतल पर ऑफ़र 1 घंटे में समाप्त,false_urgency:hi:01,synthetic_v1,0,1,0,0,0,0,0,0
Meesho पर स्टडी लैंप की सेल 5 मिनट में खत्म,false_urgency,false_urgency,hi,span,timer,[TAG=span] [ROLE=timer] Meesho पर स्टडी लैंप की सेल 5 मिनट में खत्म,false_urgency:hi:17,synthetic_v1,0,1,0,0,0,0,0,0
"Flash sale ending in 14:59, don't miss out",false_urgency,false_urgency,en,span,timer,"[TAG=span] [ROLE=timer] Flash sale ending in 14:59, don't miss out",false_urgency:en:06,synthetic_v1,0,1,0,0,0,0,0,0
Your Flipkart cart with laptop bag expires in 48 hours,false_urgency,false_urgency,en,span,timer,[TAG=span] [ROLE=timer] Your Flipkart cart with laptop bag expires in 48 hours,false_urgency:en:20,synthetic_v1,0,1,0,0,0,0,0,0
ऑफ़र 2 घंटे में खत्म — केवल 9 बचे!,false_urgency|scarcity,false_urgency,hi,span,timer,[TAG=span] [ROLE=timer] ऑफ़र 2 घंटे में खत्म — केवल 9 बचे!,false_urgency:hi:14,synthetic_v1,0,1,0,0,1,0,0,0
Zepto पर इलेक्ट्रिक केटल पर 10% छूट — 02:14 बाकी,false_urgency,false_urgency,hi,p,promo,[TAG=p] [ROLE=promo] Zepto पर इलेक्ट्रिक केटल पर 10% छूट — 02:14 बाकी,false_urgency:hi:19,synthetic_v1,0,1,0,0,0,0,0,0
Hurry! Offer on coffee maker expires in 18 hours,false_urgency,false_urgency,en,div,banner,[TAG=div] [ROLE=banner] Hurry! Offer on coffee maker expires in 18 hours,false_urgency:en:01,synthetic_v1,0,1,0,0,0,0,0,0
छिटो गर्नुहोस्! ब्लुटुथ स्पिकर को अफर 04:30 मा सकिँदै,false_urgency,false_urgency,ne,div,banner,[TAG=div] [ROLE=banner] छिटो गर्नुहोस्! ब्लुटुथ स्पिकर को अफर 04:30 मा सकिँदै,false_urgency:ne:01,synthetic_v1,0,1,0,0,0,0,0,0
Today only! 60% off gaming mouse,false_urgency,false_urgency,en,div,banner,[TAG=div] [ROLE=banner] Today only! 60% off gaming mouse,false_urgency:en:10,synthetic_v1,0,1,0,0,0,0,0,0
सेल 48 घंटे में खत्म!,false_urgency,false_urgency,hi,p,promo,[TAG=p] [ROLE=promo] सेल 48 घंटे में खत्म!,false_urgency:hi:00,synthetic_v1,0,1,0,0,0,0,0,0
Hurry! Offer on wireless earbuds expires in 20 minutes,false_urgency,false_urgency,en,p,promo,[TAG=p] [ROLE=promo] Hurry! Offer on wireless earbuds expires in 20 minutes,false_urgency:en:01,synthetic_v1,0,1,0,0,0,0,0,0
Kinbech मा हिउँदको ब्ल्याङ्केट मा 30% छुट — 30 मिनेट बाँकी,false_urgency,false_urgency,ne,span,timer,[TAG=span] [ROLE=timer] Kinbech मा हिउँदको ब्ल्याङ्केट मा 30% छुट — 30 मिनेट बाँकी,false_urgency:ne:19,synthetic_v1,0,1,0,0,0,0,0,0
Order in 1 hour to get delivery in 10 days,false_urgency,false_urgency,en,div,banner,[TAG=div] [ROLE=banner] Order in 1 hour to get delivery in 10 days,false_urgency:en:16,synthetic_v1,0,1,0,0,0,0,0,0
10% off expires in 10 minutes,false_urgency,false_urgency,en,div,banner,[TAG=div] [ROLE=banner] 10% off expires in 10 minutes,false_urgency:en:15,synthetic_v1,0,1,0,0,0,0,0,0
आख़िरी मौका — एयर फ्रायर पर 04:30 बाकी,false_urgency,false_urgency,hi,div,banner,[TAG=div] [ROLE=banner] आख़िरी मौका — एयर फ्रायर पर 04:30 बाकी,false_urgency:hi:05,synthetic_v1,0,1,0,0,0,0,0,0
फर्मल सर्ट मा रु. 449 को मूल्य 7 मिनेट सम्म मात्र,false_urgency,false_urgency,ne,div,banner,[TAG=div] [ROLE=banner] फर्मल सर्ट मा रु. 449 को मूल्य 7 मिनेट सम्म मात्र,false_urgency:ne:21,synthetic_v1,0,1,0,0,0,0,0,0
आख़िरी मौका — कॉफी मेकर पर 15 मिनट बाकी,false_urgency,false_urgency,hi,p,promo,[TAG=p] [ROLE=promo] आख़िरी मौका — कॉफी मेकर पर 15 मिनट बाकी,false_urgency:hi:05,synthetic_v1,0,1,0,0,0,0,0,0
स्कुल ब्याग रहेको तपाईंको OkDam कार्ट 10 मिनेट मा सकिन्छ,false_urgency,false_urgency,ne,p,promo,[TAG=p] [ROLE=promo] स्कुल ब्याग रहेको तपाईंको OkDam कार्ट 10 मिनेट मा सकिन्छ,false_urgency:ne:20,synthetic_v1,0,1,0,0,0,0,0,0
5% छुट 19:20 मा सकिन्छ,false_urgency,false_urgency,ne,span,timer,[TAG=span] [ROLE=timer] 5% छुट 19:20 मा सकिन्छ,false_urgency:ne:15,synthetic_v1,0,1,0,0,0,0,0,0
"14:59 भित्र अर्डर गर्नुहोस्, 3 दिनमा डेलिभरी",false_urgency,false_urgency,ne,p,promo,"[TAG=p] [ROLE=promo] 14:59 भित्र अर्डर गर्नुहोस्, 3 दिनमा डेलिभरी",false_urgency:ne:16,synthetic_v1,0,1,0,0,0,0,0,0
Salesberry पर इंडक्शन चूल्हा पर 40% छूट — 7 मिनट बाकी,false_urgency,false_urgency,hi,div,banner,[TAG=div] [ROLE=banner] Salesberry पर इंडक्शन चूल्हा पर 40% छूट — 7 मिनट बाकी,false_urgency:hi:19,synthetic_v1,0,1,0,0,0,0,0,0
दमक डेलिभरीका लागि 5 मिनेट भित्र नोइज क्यान्सलिङ हेडफोन अर्डर गर्नुहोस्,false_urgency,false_urgency,ne,div,banner,[TAG=div] [ROLE=banner] दमक डेलिभरीका लागि 5 मिनेट भित्र नोइज क्यान्सलिङ हेडफोन अर्डर गर्नुहोस्,false_urgency:ne:18,synthetic_v1,0,1,0,0,0,0,0,0
Last chance — 12:00 left on power bank,false_urgency,false_urgency,en,p,promo,[TAG=p] [ROLE=promo] Last chance — 12:00 left on power bank,false_urgency:en:05,synthetic_v1,0,1,0,0,0,0,0,0
80% छुट 00:59 मा सकिन्छ,false_urgency,false_urgency,ne,span,timer,[TAG=span] [ROLE=timer] 80% छुट 00:59 मा सकिन्छ,false_urgency:ne:15,synthetic_v1,0,1,0,0,0,0,0,0
फोन कभर मा रु. 899 को मूल्य 2 घण्टा सम्म मात्र,false_urgency,false_urgency,ne,span,timer,[TAG=span] [ROLE=timer] फोन कभर मा रु. 899 को मूल्य 2 घण्टा सम्म मात्र,false_urgency:ne:21,synthetic_v1,0,1,0,0,0,0,0,0
ऑफ़र 20 मिनट में खत्म — केवल 8 बचे!,false_urgency|scarcity,false_urgency,hi,p,promo,[TAG=p] [ROLE=promo] ऑफ़र 20 मिनट में खत्म — केवल 8 बचे!,false_urgency:hi:14,synthetic_v1,0,1,0,0,1,0,0,0
नागपुर डिलीवरी के लिए 10 मिनट में स्टडी लैंप ऑर्डर करें,false_urgency,false_urgency,hi,div,banner,[TAG=div] [ROLE=banner] नागपुर डिलीवरी के लिए 10 मिनट में स्टडी लैंप ऑर्डर करें,false_urgency:hi:18,synthetic_v1,0,1,0,0,0,0,0,0
"Rs. 2,999 price on backpack valid for 00:59 only",false_urgency,false_urgency,en,p,promo,"[TAG=p] [ROLE=promo] Rs. 2,999 price on backpack valid for 00:59 only",false_urgency:en:21,synthetic_v1,0,1,0,0,0,0,0,0
वायरलेस ईयरबड्स वाला आपका Lenskart कार्ट 09:45 में खत्म,false_urgency,false_urgency,hi,p,promo,[TAG=p] [ROLE=promo] वायरलेस ईयरबड्स वाला आपका Lenskart कार्ट 09:45 में खत्म,false_urgency:hi:20,synthetic_v1,0,1,0,0,0,0,0,0
अन्तिम मौका — पावर ब्यांक मा 15 मिनेट बाँकी,false_urgency,false_urgency,ne,div,banner,[TAG=div] [ROLE=banner] अन्तिम मौका — पावर ब्यांक मा 15 मिनेट बाँकी,false_urgency:ne:05,synthetic_v1,0,1,0,0,0,0,0,0
स्पोर्ट्स चप्पल रहेको तपाईंको Amazon कार्ट 20 मिनेट मा सकिन्छ,false_urgency,false_urgency,ne,span,timer,[TAG=span] [ROLE=timer] स्पोर्ट्स चप्पल रहेको तपाईंको Amazon कार्ट 20 मिनेट मा सकिन्छ,false_urgency:ne:20,synthetic_v1,0,1,0,0,0,0,0,0
Rs. 249 price on electric kettle valid for 14:59 only,false_urgency,false_urgency,en,div,banner,[TAG=div] [ROLE=banner] Rs. 249 price on electric kettle valid for 14:59 only,false_urgency:en:21,synthetic_v1,0,1,0,0,0,0,0,0
आज का सौदा 09:45 में खत्म,false_urgency,false_urgency,hi,span,timer,[TAG=span] [ROLE=timer] आज का सौदा 09:45 में खत्म,false_urgency:hi:02,synthetic_v1,0,1,0,0,0,0,0,0
सेल 3 घंटे में खत्म!,false_urgency,false_urgency,hi,div,banner,[TAG=div] [ROLE=banner] सेल 3 घंटे में खत्म!,false_urgency:hi:00,synthetic_v1,0,1,0,0,0,0,0,0
"प्रोटिन पाउडर मा रु. 1,499 को मूल्य 2 घण्टा सम्म मात्र",false_urgency,false_urgency,ne,p,promo,"[TAG=p] [ROLE=promo] प्रोटिन पाउडर मा रु. 1,499 को मूल्य 2 घण्टा सम्म मात्र",false_urgency:ne:21,synthetic_v1,0,1,0,0,0,0,0,0
पानीको बोतल रहेको तपाईंको Pepperfry कार्ट 23:11 मा सकिन्छ,false_urgency,false_urgency,ne,p,promo,[TAG=p] [ROLE=promo] पानीको बोतल रहेको तपाईंको Pepperfry कार्ट 23:11 मा सकिन्छ,false_urgency:ne:20,synthetic_v1,0,1,0,0,0,0,0,0
Offer ends in 5 minutes — only 5 left!,false_urgency|scarcity,false_urgency,en,div,banner,[TAG=div] [ROLE=banner] Offer ends in 5 minutes — only 5 left!,false_urgency:en:14,synthetic_v1,0,1,0,0,1,0,0,0
5% off expires in 1 hour,false_urgency,false_urgency,en,div,banner,[TAG=div] [ROLE=banner] 5% off expires in 1 hour,false_urgency:en:15,synthetic_v1,0,1,0,0,0,0,0,0
पावर ब्यांक रहेको तपाईंको Daraz कार्ट 1 मिनेट मा सकिन्छ,false_urgency,false_urgency,ne,div,banner,[TAG=div] [ROLE=banner] पावर ब्यांक रहेको तपाईंको Daraz कार्ट 1 मिनेट मा सकिन्छ,false_urgency:ne:20,synthetic_v1,0,1,0,0,0,0,0,0
"फ्ल्यास सेल 1 घण्टा मा सकिँदै, नगुमाउनुहोस्",false_urgency,false_urgency,ne,div,banner,"[TAG=div] [ROLE=banner] फ्ल्यास सेल 1 घण्टा मा सकिँदै, नगुमाउनुहोस्",false_urgency:ne:06,synthetic_v1,0,1,0,0,0,0,0,0
Your Reliance Digital cart with coffee maker expires in 3 minutes,false_urgency,false_urgency,en,span,timer,[TAG=span] [ROLE=timer] Your Reliance Digital cart with coffee maker expires in 3 minutes,false_urgency:en:20,synthetic_v1,0,1,0,0,0,0,0,0
फर्मल सर्ट रहेको तपाईंको Muncha कार्ट 10 मिनेट मा सकिन्छ,false_urgency,false_urgency,ne,span,timer,[TAG=span] [ROLE=timer] फर्मल सर्ट रहेको तपाईंको Muncha कार्ट 10 मिनेट मा सकिन्छ,false_urgency:ne:20,synthetic_v1,0,1,0,0,0,0,0,0
FirstCry sale on coffee maker ends in 12:00,false_urgency,false_urgency,en,div,banner,[TAG=div] [ROLE=banner] FirstCry sale on coffee maker ends in 12:00,false_urgency:en:17,synthetic_v1,0,1,0,0,0,0,0,0
Order protein powder within 02:14 for delivery to Indore,false_urgency,false_urgency,en,span,timer,[TAG=span] [ROLE=timer] Order protein powder within 02:14 for delivery to Indore,false_urgency:en:18,synthetic_v1,0,1,0,0,0,0,0,0
Snapdeal पर नॉइज़ कैंसलिंग हेडफोन की सेल 45 मिनट में खत्म,false_urgency,false_urgency,hi,span,timer,[TAG=span] [ROLE=timer] Snapdeal पर नॉइज़ कैंसलिंग हेडफोन की सेल 45 मिनट में खत्म,false_urgency:hi:17,synthetic_v1,0,1,0,0,0,0,0,0
बैकपैक वाला आपका Lenskart कार्ट 12:00 में खत्म,false_urgency,false_urgency,hi,p,promo,[TAG=p] [ROLE=promo] बैकपैक वाला आपका Lenskart कार्ट 12:00 में खत्म,false_urgency:hi:20,synthetic_v1,0,1,0,0,0,0,0,0
आख़िरी मौका — राइस कुकर पर 15 मिनट बाकी,false_urgency,false_urgency,hi,p,promo,[TAG=p] [ROLE=promo] आख़िरी मौका — राइस कुकर पर 15 मिनट बाकी,false_urgency:hi:05,synthetic_v1,0,1,0,0,0,0,0,0
फर्मल सर्ट मा रु. 799 को मूल्य 6 घण्टा सम्म मात्र,false_urgency,false_urgency,ne,div,banner,[TAG=div] [ROLE=banner] फर्मल सर्ट मा रु. 799 को मूल्य 6 घण्टा सम्म मात्र,false_urgency:ne:21,synthetic_v1,0,1,0,0,0,0,0,0
Book within 1 minute to lock this rate,false_urgency,false_urgency,en,p,promo,[TAG=p] [ROLE=promo] Book within 1 minute to lock this rate,false_urgency:en:09,synthetic_v1,0,1,0,0,0,0,0,0
Prices go up in 23:11,false_urgency,false_urgency,en,span,timer,[TAG=span] [ROLE=timer] Prices go up in 23:11,false_urgency:en:04,synthetic_v1,0,1,0,0,0,0,0,0
सिर्फ़ आज! फॉर्मल शर्ट पर 40% छूट,false_urgency,false_urgency,hi,div,banner,[TAG=div] [ROLE=banner] सिर्फ़ आज! फॉर्मल शर्ट पर 40% छूट,false_urgency:hi:10,synthetic_v1,0,1,0,0,0,0,0,0
आपका कार्ट 04:30 में खाली हो जाएगा,false_urgency,false_urgency,hi,div,banner,[TAG=div] [ROLE=banner] आपका कार्ट 04:30 में खाली हो जाएगा,false_urgency:hi:03,synthetic_v1,0,1,0,0,0,0,0,0
Hurry! Offer on winter blanket expires in 23:11,false_urgency,false_urgency,en,p,promo,[TAG=p] [ROLE=promo] Hurry! Offer on winter blanket expires in 23:11,false_urgency:en:01,synthetic_v1,0,1,0,0,0,0,0,0
"09:45 में ऑर्डर करें, 14 दिन में डिलीवरी",false_urgency,false_urgency,hi,p,promo,"[TAG=p] [ROLE=promo] 09:45 में ऑर्डर करें, 14 दिन में डिलीवरी",false_urgency:hi:16,synthetic_v1,0,1,0,0,0,0,0,0
ऑफ़र 20 मिनट में खत्म — केवल 1 बचे!,false_urgency|scarcity,false_urgency,hi,span,timer,[TAG=span] [ROLE=timer] ऑफ़र 20 मिनट में खत्म — केवल 1 बचे!,false_urgency:hi:14,synthetic_v1,0,1,0,0,1,0,0,0
आजको डिल 09:45 मा सकिन्छ,false_urgency,false_urgency,ne,span,timer,[TAG=span] [ROLE=timer] आजको डिल 09:45 मा सकिन्छ,false_urgency:ne:02,synthetic_v1,0,1,0,0,0,0,0,0
Your cart will expire in 45 minutes,false_urgency,false_urgency,en,p,promo,[TAG=p] [ROLE=promo] Your cart will expire in 45 minutes,false_urgency:en:03,synthetic_v1,0,1,0,0,0,0,0,0
Today only! 35% off electric kettle,false_urgency,false_urgency,en,span,timer,[TAG=span] [ROLE=timer] Today only! 35% off electric kettle,false_urgency:en:10,synthetic_v1,0,1,0,0,0,0,0,0
छिटो गर्नुहोस्! हिउँदको ब्ल्याङ्केट को अफर 10 मिनेट मा सकिँदै,false_urgency,false_urgency,ne,span,timer,[TAG=span] [ROLE=timer] छिटो गर्नुहोस्! हिउँदको ब्ल्याङ्केट को अफर 10 मिनेट मा सकिँदै,false_urgency:ne:01,synthetic_v1,0,1,0,0,0,0,0,0
गोरखा डेलिभरीका लागि 18 घण्टा भित्र इन्डक्सन चुल्हो अर्डर गर्नुहोस्,false_urgency,false_urgency,ne,span,timer,[TAG=span] [ROLE=timer] गोरखा डेलिभरीका लागि 18 घण्टा भित्र इन्डक्सन चुल्हो अर्डर गर्नुहोस्,false_urgency:ne:18,synthetic_v1,0,1,0,0,0,0,0,0
सूरत डिलीवरी के लिए 45 मिनट में कॉफी मेकर ऑर्डर करें,false_urgency,false_urgency,hi,p,promo,[TAG=p] [ROLE=promo] सूरत डिलीवरी के लिए 45 मिनट में कॉफी मेकर ऑर्डर करें,false_urgency:hi:18,synthetic_v1,0,1,0,0,0,0,0,0
Offer ends in 02:14 — only 8 left!,false_urgency|scarcity,false_urgency,en,div,banner,[TAG=div] [ROLE=banner] Offer ends in 02:14 — only 8 left!,false_urgency:en:14,synthetic_v1,0,1,0,0,1,0,0,0
Blinkit पर स्टडी लैंप की सेल 18 घंटे में खत्म,false_urgency,false_urgency,hi,span,timer,[TAG=span] [ROLE=timer] Blinkit पर स्टडी लैंप की सेल 18 घंटे में खत्म,false_urgency:hi:17,synthetic_v1,0,1,0,0,0,0,0,0
Order in 2 hours to get delivery in 2 days,false_urgency,false_urgency,en,span,timer,[TAG=span] [ROLE=timer] Order in 2 hours to get delivery in 2 days,false_urgency:en:16,synthetic_v1,0,1,0,0,0,0,0,0
Your Myntra cart with cotton kurta expires in 48 hours,false_urgency,false_urgency,en,div,banner,[TAG=div] [ROLE=banner] Your Myntra cart with cotton kurta expires in 48 hours,false_urgency:en:20,synthetic_v1,0,1,0,0,0,0,0,0
यह दर पाने के लिए 3 घंटे में बुक करें,false_urgency,false_urgency,hi,div,banner,[TAG=div] [ROLE=banner] यह दर पाने के लिए 3 घंटे में बुक करें,false_urgency:hi:09,synthetic_v1,0,1,0,0,0,0,0,0
25% छुट 24 घण्टा मा सकिन्छ,false_urgency,false_urgency,ne,span,timer,[TAG=span] [ROLE=timer] 25% छुट 24 घण्टा मा सकिन्छ,false_urgency:ne:15,synthetic_v1,0,1,0,0,0,0,0,0
Rs. 149 price on rice cooker valid for 7 minutes only,false_urgency,false_urgency,en,span,timer,[TAG=span] [ROLE=timer] Rs. 149 price on rice cooker valid for 7 minutes only,false_urgency:en:21,synthetic_v1,0,1,0,0,0,0,0,0
Hurry! Offer on winter blanket expires in 09:45,false_urgency,false_urgency,en,p,promo,[TAG=p] [ROLE=promo] Hurry! Offer on winter blanket expires in 09:45,false_urgency:en:01,synthetic_v1,0,1,0,0,0,0,0,0
Extended by popular demand — final 3 hours,false_urgency,false_urgency,en,p,promo,[TAG=p] [ROLE=promo] Extended by popular demand — final 3 hours,false_urgency:en:13,synthetic_v1,0,1,0,0,0,0,0,0
50% off expires in 12 hours,false_urgency,false_urgency,en,span,timer,[TAG=span] [ROLE=timer] 50% off expires in 12 hours,false_urgency:en:15,synthetic_v1,0,1,0,0,0,0,0,0
ऑफिस चेयर वाला आपका Gyapu कार्ट 10 मिनट में खत्म,false_urgency,false_urgency,hi,div,banner,[TAG=div] [ROLE=banner] ऑफिस चेयर वाला आपका Gyapu कार्ट 10 मिनट में खत्म,false_urgency:hi:20,synthetic_v1,0,1,0,0,0,0,0,0
आज मात्र! फोन कभर मा 35% छुट,false_urgency,false_urgency,ne,span,timer,[TAG=span] [ROLE=timer] आज मात्र! फोन कभर मा 35% छुट,false_urgency:ne:10,synthetic_v1,0,1,0,0,0,0,0,0
"वायरलेस इयरबड्स मा रु. 1,499 को मूल्य 00:59 सम्म मात्र",false_urgency,false_urgency,ne,p,promo,"[TAG=p] [ROLE=promo] वायरलेस इयरबड्स मा रु. 1,499 को मूल्य 00:59 सम्म मात्र",false_urgency:ne:21,synthetic_v1,0,1,0,0,0,0,0,0
प्रोटिन पाउडर रहेको तपाईंको FirstCry कार्ट 30 मिनेट मा सकिन्छ,false_urgency,false_urgency,ne,span,timer,[TAG=span] [ROLE=timer] प्रोटिन पाउडर रहेको तपाईंको FirstCry कार्ट 30 मिनेट मा सकिन्छ,false_urgency:ne:20,synthetic_v1,0,1,0,0,0,0,0,0
50% off expires in 48 hours,false_urgency,false_urgency,en,span,timer,[TAG=span] [ROLE=timer] 50% off expires in 48 hours,false_urgency:en:15,synthetic_v1,0,1,0,0,0,0,0,0
तपाईंको कार्ट 14:59 मा खाली हुनेछ,false_urgency,false_urgency,ne,p,promo,[TAG=p] [ROLE=promo] तपाईंको कार्ट 14:59 मा खाली हुनेछ,false_urgency:ne:03,synthetic_v1,0,1,0,0,0,0,0,0
सेल 00:59 में खत्म!,false_urgency,false_urgency,hi,span,timer,[TAG=span] [ROLE=timer] सेल 00:59 में खत्म!,false_urgency:hi:00,synthetic_v1,0,1,0,0,0,0,0,0
Order in 10 minutes to get delivery in 2 days,false_urgency,false_urgency,en,p,promo,[TAG=p] [ROLE=promo] Order in 10 minutes to get delivery in 2 days,false_urgency:en:16,synthetic_v1,0,1,0,0,0,0,0,0
आज मात्र! फोन कभर मा 5% छुट,false_urgency,false_urgency,ne,span,timer,[TAG=span] [ROLE=timer] आज मात्र! फोन कभर मा 5% छुट,false_urgency:ne:10,synthetic_v1,0,1,0,0,0,0,0,0
Order winter blanket within 00:59 for delivery to Bengaluru,false_urgency,false_urgency,en,div,banner,[TAG=div] [ROLE=banner] Order winter blanket within 00:59 for delivery to Bengaluru,false_urgency:en:18,synthetic_v1,0,1,0,0,0,0,0,0
Offer ends in 12 hours — only 12 left!,false_urgency|scarcity,false_urgency,en,div,banner,[TAG=div] [ROLE=banner] Offer ends in 12 hours — only 12 left!,false_urgency:en:14,synthetic_v1,0,1,0,0,1,0,0,0
दाम 30 मिनट में बढ़ जाएंगे,false_urgency,false_urgency,hi,span,timer,[TAG=span] [ROLE=timer] दाम 30 मिनट में बढ़ जाएंगे,false_urgency:hi:04,synthetic_v1,0,1,0,0,0,0,0,0
80% off backpack at Daraz — 3 hours left,false_urgency,false_urgency,en,div,banner,[TAG=div] [ROLE=banner] 80% off backpack at Daraz — 3 hours left,false_urgency:en:19,synthetic_v1,0,1,0,0,0,0,0,0
Offer ends in 20 minutes — only 8 left!,false_urgency|scarcity,false_urgency,en,div,banner,[TAG=div] [ROLE=banner] Offer ends in 20 minutes — only 8 left!,false_urgency:en:14,synthetic_v1,0,1,0,0,1,0,0,0
अन्तिम मौका — ल्यापटप ब्याग मा 15 मिनेट बाँकी,false_urgency,false_urgency,ne,p,promo,[TAG=p] [ROLE=promo] अन्तिम मौका — ल्यापटप ब्याग मा 15 मिनेट बाँकी,false_urgency:ne:05,synthetic_v1,0,1,0,0,0,0,0,0
तनहुँ डेलिभरीका लागि 02:14 भित्र हेयर ड्रायर अर्डर गर्नुहोस्,false_urgency,false_urgency,ne,p,promo,[TAG=p] [ROLE=promo] तनहुँ डेलिभरीका लागि 02:14 भित्र हेयर ड्रायर अर्डर गर्नुहोस्,false_urgency:ne:18,synthetic_v1,0,1,0,0,0,0,0,0
लैपटॉप बैग वाला आपका Kinbech कार्ट 5 मिनट में खत्म,false_urgency,false_urgency,hi,span,timer,[TAG=span] [ROLE=timer] लैपटॉप बैग वाला आपका Kinbech कार्ट 5 मिनट में खत्म,false_urgency:hi:20,synthetic_v1,0,1,0,0,0,0,0,0
दाम 04:30 में बढ़ जाएंगे,false_urgency,false_urgency,hi,div,banner,[TAG=div] [ROLE=banner] दाम 04:30 में बढ़ जाएंगे,false_urgency:hi:04,synthetic_v1,0,1,0,0,0,0,0,0
5% off noise cancelling headphones at BigBasket — 6 hours left,false_urgency,false_urgency,en,p,promo,[TAG=p] [ROLE=promo] 5% off noise cancelling headphones at BigBasket — 6 hours left,false_urgency:en:19,synthetic_v1,0,1,0,0,0,0,0,0
आपका कार्ट 23:11 में खाली हो जाएगा,false_urgency,false_urgency,hi,div,banner,[TAG=div] [ROLE=banner] आपका कार्ट 23:11 में खाली हो जाएगा,false_urgency:hi:03,synthetic_v1,0,1,0,0,0,0,0,0
यो दर पाउन 12 घण्टा भित्र बुक गर्नुहोस्,false_urgency,false_urgency,ne,span,timer,[TAG=span] [ROLE=timer] यो दर पाउन 12 घण्टा भित्र बुक गर्नुहोस्,false_urgency:ne:09,synthetic_v1,0,1,0,0,0,0,0,0
ब्लूटूथ स्पीकर पर रु. 399 की कीमत 24 घंटे तक ही,false_urgency,false_urgency,hi,p,promo,[TAG=p] [ROLE=promo] ब्लूटूथ स्पीकर पर रु. 399 की कीमत 24 घंटे तक ही,false_urgency:hi:21,synthetic_v1,0,1,0,0,0,0,0,0
Lenskart पर पावर बैंक पर 50% छूट — 00:59 बाकी,false_urgency,false_urgency,hi,div,banner,[TAG=div] [ROLE=banner] Lenskart पर पावर बैंक पर 50% छूट — 00:59 बाकी,false_urgency:hi:19,synthetic_v1,0,1,0,0,0,0,0,0
Your JioMart cart with yoga mat expires in 45 minutes,false_urgency,false_urgency,en,p,promo,[TAG=p] [ROLE=promo] Your JioMart cart with yoga mat expires in 45 minutes,false_urgency:en:20,synthetic_v1,0,1,0,0,0,0,0,0
Last chance — 1 minute left on air fryer,false_urgency,false_urgency,en,div,banner,[TAG=div] [ROLE=banner] Last chance — 1 minute left on air fryer,false_urgency:en:05,synthetic_v1,0,1,0,0,0,0,0,0
Last chance — 3 minutes left on noise cancelling headphones,false_urgency,false_urgency,en,p,promo,[TAG=p] [ROLE=promo] Last chance — 3 minutes left on noise cancelling headphones,false_urgency:en:05,synthetic_v1,0,1,0,0,0,0,0,0
Last chance — 1 minute left on gaming mouse,false_urgency,false_urgency,en,div,banner,[TAG=div] [ROLE=banner] Last chance — 1 minute left on gaming mouse,false_urgency:en:05,synthetic_v1,0,1,0,0,0,0,0,0
ऑफ़र 00:59 में खत्म — केवल 9 बचे!,false_urgency|scarcity,false_urgency,hi,div,banner,[TAG=div] [ROLE=banner] ऑफ़र 00:59 में खत्म — केवल 9 बचे!,false_urgency:hi:14,synthetic_v1,0,1,0,0,1,0,0,0
सेल 30 मिनेट मा सकिन्छ!,false_urgency,false_urgency,ne,div,banner,[TAG=div] [ROLE=banner] सेल 30 मिनेट मा सकिन्छ!,false_urgency:ne:00,synthetic_v1,0,1,0,0,0,0,0,0
तपाईंको कार्ट 6 घण्टा मा खाली हुनेछ,false_urgency,false_urgency,ne,div,banner,[TAG=div] [ROLE=banner] तपाईंको कार्ट 6 घण्टा मा खाली हुनेछ,false_urgency:ne:03,synthetic_v1,0,1,0,0,0,0,0,0
Your cart will expire in 02:14,false_urgency,false_urgency,en,span,timer,[TAG=span] [ROLE=timer] Your cart will expire in 02:14,false_urgency:en:03,synthetic_v1,0,1,0,0,0,0,0,0
यह दर पाने के लिए 14:59 में बुक करें,false_urgency,false_urgency,hi,p,promo,[TAG=p] [ROLE=promo] यह दर पाने के लिए 14:59 में बुक करें,false_urgency:hi:09,synthetic_v1,0,1,0,0,0,0,0,0
"24 घण्टा भित्र अर्डर गर्नुहोस्, 10 दिनमा डेलिभरी",false_urgency,false_urgency,ne,span,timer,"[TAG=span] [ROLE=timer] 24 घण्टा भित्र अर्डर गर्नुहोस्, 10 दिनमा डेलिभरी",false_urgency:ne:16,synthetic_v1,0,1,0,0,0,0,0,0
आज मात्र! स्टडी लाइट मा 10% छुट,false_urgency,false_urgency,ne,p,promo,[TAG=p] [ROLE=promo] आज मात्र! स्टडी लाइट मा 10% छुट,false_urgency:ne:10,synthetic_v1,0,1,0,0,0,0,0,0
Order protein powder within 6 hours for delivery to Mumbai,false_urgency,false_urgency,en,div,banner,[TAG=div] [ROLE=banner] Order protein powder within 6 hours for delivery to Mumbai,false_urgency:en:18,synthetic_v1,0,1,0,0,0,0,0,0
बागलुङ डेलिभरीका लागि 7 मिनेट भित्र हिउँदको ब्ल्याङ्केट अर्डर गर्नुहोस्,false_urgency,false_urgency,ne,div,banner,[TAG=div] [ROLE=banner] बागलुङ डेलिभरीका लागि 7 मिनेट भित्र हिउँदको ब्ल्याङ्केट अर्डर गर्नुहोस्,false_urgency:ne:18,synthetic_v1,0,1,0,0,0,0,0,0
Hurry! Offer on sunglasses expires in 09:45,false_urgency,false_urgency,en,div,banner,[TAG=div] [ROLE=banner] Hurry! Offer on sunglasses expires in 09:45,false_urgency:en:01,synthetic_v1,0,1,0,0,0,0,0,0
आजको डिल 20 मिनेट मा सकिन्छ,false_urgency,false_urgency,ne,span,timer,[TAG=span] [ROLE=timer] आजको डिल 20 मिनेट मा सकिन्छ,false_urgency:ne:02,synthetic_v1,0,1,0,0,0,0,0,0
Order running shoes within 7 minutes for delivery to Dharan,false_urgency,false_urgency,en,span,timer,[TAG=span] [ROLE=timer] Order running shoes within 7 minutes for delivery to Dharan,false_urgency:en:18,synthetic_v1,0,1,0,0,0,0,0,0
आज मात्र! कफी मेकर मा 20% छुट,false_urgency,false_urgency,ne,p,promo,[TAG=p] [ROLE=promo] आज मात्र! कफी मेकर मा 20% छुट,false_urgency:ne:10,synthetic_v1,0,1,0,0,0,0,0,0
60% छूट 10 मिनट में समाप्त,false_urgency,false_urgency,hi,span,timer,[TAG=span] [ROLE=timer] 60% छूट 10 मिनट में समाप्त,false_urgency:hi:15,synthetic_v1,0,1,0,0,0,0,0,0
Order in 45 minutes to get delivery in 14 days,false_urgency,false_urgency,en,p,promo,[TAG=p] [ROLE=promo] Order in 45 minutes to get delivery in 14 days,false_urgency:en:16,synthetic_v1,0,1,0,0,0,0,0,0
Last chance — 09:45 left on formal shirt,false_urgency,false_urgency,en,span,timer,[TAG=span] [ROLE=timer] Last chance — 09:45 left on formal shirt,false_urgency:en:05,synthetic_v1,0,1,0,0,0,0,0,0
Offer ends in 48 hours — only 8 left!,false_urgency|scarcity,false_urgency,en,p,promo,[TAG=p] [ROLE=promo] Offer ends in 48 hours — only 8 left!,false_urgency:en:14,synthetic_v1,0,1,0,0,1,0,0,0
आपका कार्ट 48 घंटे में खाली हो जाएगा,false_urgency,false_urgency,hi,span,timer,[TAG=span] [ROLE=timer] आपका कार्ट 48 घंटे में खाली हो जाएगा,false_urgency:hi:03,synthetic_v1,0,1,0,0,0,0,0,0
Pepperfry पर हेयर ड्रायर की सेल 1 घंटे में खत्म,false_urgency,false_urgency,hi,span,timer,[TAG=span] [ROLE=timer] Pepperfry पर हेयर ड्रायर की सेल 1 घंटे में खत्म,false_urgency:hi:17,synthetic_v1,0,1,0,0,0,0,0,0
70% छुट 5 मिनेट मा सकिन्छ,false_urgency,false_urgency,ne,span,timer,[TAG=span] [ROLE=timer] 70% छुट 5 मिनेट मा सकिन्छ,false_urgency:ne:15,synthetic_v1,0,1,0,0,0,0,0,0
यो मूल्य तपाईंका लागि 10 मिनेट सम्म सुरक्षित,false_urgency,false_urgency,ne,div,banner,[TAG=div] [ROLE=banner] यो मूल्य तपाईंका लागि 10 मिनेट सम्म सुरक्षित,false_urgency:ne:12,synthetic_v1,0,1,0,0,0,0,0,0
जल्दी करें! कॉटन कुर्ता पर ऑफ़र 3 घंटे में समाप्त,false_urgency,false_urgency,hi,div,banner,[TAG=div] [ROLE=banner] जल्दी करें! कॉटन कुर्ता पर ऑफ़र 3 घंटे में समाप्त,false_urgency:hi:01,synthetic_v1,0,1,0,0,0,0,0,0
यह कीमत आपके लिए 00:59 तक सुरक्षित,false_urgency,false_urgency,hi,span,timer,[TAG=span] [ROLE=timer] यह कीमत आपके लिए 00:59 तक सुरक्षित,false_urgency:hi:12,synthetic_v1,0,1,0,0,0,0,0,0
Order hair dryer within 23:11 for delivery to Nepalgunj,false_urgency,false_urgency,en,div,banner,[TAG=div] [ROLE=banner] Order hair dryer within 23:11 for delivery to Nepalgunj,false_urgency:en:18,synthetic_v1,0,1,0,0,0,0,0,0
आगरा डिलीवरी के लिए 14:59 में धूप का चश्मा ऑर्डर करें,false_urgency,false_urgency,hi,div,banner,[TAG=div] [ROLE=banner] आगरा डिलीवरी के लिए 14:59 में धूप का चश्मा ऑर्डर करें,false_urgency:hi:18,synthetic_v1,0,1,0,0,0,0,0,0
"Flash sale ending in 24 hours, don't miss out",false_urgency,false_urgency,en,p,promo,"[TAG=p] [ROLE=promo] Flash sale ending in 24 hours, don't miss out",false_urgency:en:06,synthetic_v1,0,1,0,0,0,0,0,0
ऑफ़र 10 मिनट में खत्म — केवल 4 बचे!,false_urgency|scarcity,false_urgency,hi,div,banner,[TAG=div] [ROLE=banner] ऑफ़र 10 मिनट में खत्म — केवल 4 बचे!,false_urgency:hi:14,synthetic_v1,0,1,0,0,1,0,0,0
पावर ब्यांक रहेको तपाईंको HamroBazar कार्ट 12 घण्टा मा सकिन्छ,false_urgency,false_urgency,ne,div,banner,[TAG=div] [ROLE=banner] पावर ब्यांक रहेको तपाईंको HamroBazar कार्ट 12 घण्टा मा सकिन्छ,false_urgency:ne:20,synthetic_v1,0,1,0,0,0,0,0,0
Your cart will expire in 30 minutes,false_urgency,false_urgency,en,p,promo,[TAG=p] [ROLE=promo] Your cart will expire in 30 minutes,false_urgency:en:03,synthetic_v1,0,1,0,0,0,0,0,0
Salesberry मा ब्लुटुथ स्पिकर को सेल 48 घण्टा मा सकिन्छ,false_urgency,false_urgency,ne,p,promo,[TAG=p] [ROLE=promo] Salesberry मा ब्लुटुथ स्पिकर को सेल 48 घण्टा मा सकिन्छ,false_urgency:ne:17,synthetic_v1,0,1,0,0,0,0,0,0
Order in 12 hours to get delivery in 3 days,false_urgency,false_urgency,en,div,banner,[TAG=div] [ROLE=banner] Order in 12 hours to get delivery in 3 days,false_urgency:en:16,synthetic_v1,0,1,0,0,0,0,0,0
सिर्फ़ आज! प्रोटीन पाउडर पर 70% छूट,false_urgency,false_urgency,hi,span,timer,[TAG=span] [ROLE=timer] सिर्फ़ आज! प्रोटीन पाउडर पर 70% छूट,false_urgency:hi:10,synthetic_v1,0,1,0,0,0,0,0,0
Tata Cliq sale on office chair ends in 24 hours,false_urgency,false_urgency,en,div,banner,[TAG=div] [ROLE=banner] Tata Cliq sale on office chair ends in 24 hours,false_urgency:en:17,synthetic_v1,0,1,0,0,0,0,0,0
Hurry! Offer on study lamp expires in 09:45,false_urgency,false_urgency,en,span,timer,[TAG=span] [ROLE=timer] Hurry! Offer on study lamp expires in 09:45,false_urgency:en:01,synthetic_v1,0,1,0,0,0,0,0,0
आख़िरी मौका — एयर फ्रायर पर 1 मिनट बाकी,false_urgency,false_urgency,hi,div,banner,[TAG=div] [ROLE=banner] आख़िरी मौका — एयर फ्रायर पर 1 मिनट बाकी,false_urgency:hi:05,synthetic_v1,0,1,0,0,0,0,0,0
छिटो गर्नुहोस्! रनिङ जुत्ता को अफर 3 घण्टा मा सकिँदै,false_urgency,false_urgency,ne,p,promo,[TAG=p] [ROLE=promo] छिटो गर्नुहोस्! रनिङ जुत्ता को अफर 3 घण्टा मा सकिँदै,false_urgency:ne:01,synthetic_v1,0,1,0,0,0,0,0,0
Offer ends in 15 minutes — only 7 left!,false_urgency|scarcity,false_urgency,en,p,promo,[TAG=p] [ROLE=promo] Offer ends in 15 minutes — only 7 left!,false_urgency:en:14,synthetic_v1,0,1,0,0,1,0,0,0
सिर्फ़ आज! फेस वॉश पर 80% छूट,false_urgency,false_urgency,hi,span,timer,[TAG=span] [ROLE=timer] सिर्फ़ आज! फेस वॉश पर 80% छूट,false_urgency:hi:10,synthetic_v1,0,1,0,0,0,0,0,0
"3 घण्टा भित्र अर्डर गर्नुहोस्, 7 दिनमा डेलिभरी",false_urgency,false_urgency,ne,span,timer,"[TAG=span] [ROLE=timer] 3 घण्टा भित्र अर्डर गर्नुहोस्, 7 दिनमा डेलिभरी",false_urgency:ne:16,synthetic_v1,0,1,0,0,0,0,0,0
"Flash sale ending in 6 hours, don't miss out",false_urgency,false_urgency,en,div,banner,"[TAG=div] [ROLE=banner] Flash sale ending in 6 hours, don't miss out",false_urgency:en:06,synthetic_v1,0,1,0,0,0,0,0,0
यो दर पाउन 1 घण्टा भित्र बुक गर्नुहोस्,false_urgency,false_urgency,ne,p,promo,[TAG=p] [ROLE=promo] यो दर पाउन 1 घण्टा भित्र बुक गर्नुहोस्,false_urgency:ne:09,synthetic_v1,0,1,0,0,0,0,0,0
सूरत डिलीवरी के लिए 23:11 में गेमिंग माउस ऑर्डर करें,false_urgency,false_urgency,hi,p,promo,[TAG=p] [ROLE=promo] सूरत डिलीवरी के लिए 23:11 में गेमिंग माउस ऑर्डर करें,false_urgency:hi:18,synthetic_v1,0,1,0,0,0,0,0,0
Salesberry पर पानी की बोतल पर 50% छूट — 7 मिनट बाकी,false_urgency,false_urgency,hi,span,timer,[TAG=span] [ROLE=timer] Salesberry पर पानी की बोतल पर 50% छूट — 7 मिनट बाकी,false_urgency:hi:19,synthetic_v1,0,1,0,0,0,0,0,0
"फ्ल्यास सेल 14:59 मा सकिँदै, नगुमाउनुहोस्",false_urgency,false_urgency,ne,div,banner,"[TAG=div] [ROLE=banner] फ्ल्यास सेल 14:59 मा सकिँदै, नगुमाउनुहोस्",false_urgency:ne:06,synthetic_v1,0,1,0,0,0,0,0,0
फोन कवर वाला आपका Pepperfry कार्ट 02:14 में खत्म,false_urgency,false_urgency,hi,div,banner,[TAG=div] [ROLE=banner] फोन कवर वाला आपका Pepperfry कार्ट 02:14 में खत्म,false_urgency:hi:20,synthetic_v1,0,1,0,0,0,0,0,0
"1 मिनट में ऑर्डर करें, 10 दिन में डिलीवरी",false_urgency,false_urgency,hi,p,promo,"[TAG=p] [ROLE=promo] 1 मिनट में ऑर्डर करें, 10 दिन में डिलीवरी",false_urgency:hi:16,synthetic_v1,0,1,0,0,0,0,0,0
"18 घंटे में ऑर्डर करें, 4 दिन में डिलीवरी",false_urgency,false_urgency,hi,div,banner,"[TAG=div] [ROLE=banner] 18 घंटे में ऑर्डर करें, 4 दिन में डिलीवरी",false_urgency:hi:16,synthetic_v1,0,1,0,0,0,0,0,0
Only 14:59 remaining on this deal,false_urgency,false_urgency,en,p,promo,[TAG=p] [ROLE=promo] Only 14:59 remaining on this deal,false_urgency:en:11,synthetic_v1,0,1,0,0,0,0,0,0
जल्दी करें! वायरलेस ईयरबड्स पर ऑफ़र 45 मिनट में समाप्त,false_urgency,false_urgency,hi,div,banner,[TAG=div] [ROLE=banner] जल्दी करें! वायरलेस ईयरबड्स पर ऑफ़र 45 मिनट में समाप्त,false_urgency:hi:01,synthetic_v1,0,1,0,0,0,0,0,0
जल्दी करें! ब्लूटूथ स्पीकर पर ऑफ़र 45 मिनट में समाप्त,false_urgency,false_urgency,hi,div,banner,[TAG=div] [ROLE=banner] जल्दी करें! ब्लूटूथ स्पीकर पर ऑफ़र 45 मिनट में समाप्त,false_urgency:hi:01,synthetic_v1,0,1,0,0,0,0,0,0
50% छुट 24 घण्टा मा सकिन्छ,false_urgency,false_urgency,ne,div,banner,[TAG=div] [ROLE=banner] 50% छुट 24 घण्टा मा सकिन्छ,false_urgency:ne:15,synthetic_v1,0,1,0,0,0,0,0,0
FirstCry मा इलेक्ट्रिक केतली को सेल 3 घण्टा मा सकिन्छ,false_urgency,false_urgency,ne,p,promo,[TAG=p] [ROLE=promo] FirstCry मा इलेक्ट्रिक केतली को सेल 3 घण्टा मा सकिन्छ,false_urgency:ne:17,synthetic_v1,0,1,0,0,0,0,0,0
"2 घंटे में ऑर्डर करें, 5 दिन में डिलीवरी",false_urgency,false_urgency,hi,p,promo,"[TAG=p] [ROLE=promo] 2 घंटे में ऑर्डर करें, 5 दिन में डिलीवरी",false_urgency:hi:16,synthetic_v1,0,1,0,0,0,0,0,0
राइस कुकर पर रु. 49 की कीमत 3 घंटे तक ही,false_urgency,false_urgency,hi,div,banner,[TAG=div] [ROLE=banner] राइस कुकर पर रु. 49 की कीमत 3 घंटे तक ही,false_urgency:hi:21,synthetic_v1,0,1,0,0,0,0,0,0
मूल्य 10 मिनेट मा बढ्नेछ,false_urgency,false_urgency,ne,div,banner,[TAG=div] [ROLE=banner] मूल्य 10 मिनेट मा बढ्नेछ,false_urgency:ne:04,synthetic_v1,0,1,0,0,0,0,0,0
अन्तिम मौका — वायरलेस इयरबड्स मा 5 मिनेट बाँकी,false_urgency,false_urgency,ne,div,banner,[TAG=div] [ROLE=banner] अन्तिम मौका — वायरलेस इयरबड्स मा 5 मिनेट बाँकी,false_urgency:ne:05,synthetic_v1,0,1,0,0,0,0,0,0
मूल्य 45 मिनेट मा बढ्नेछ,false_urgency,false_urgency,ne,p,promo,[TAG=p] [ROLE=promo] मूल्य 45 मिनेट मा बढ्नेछ,false_urgency:ne:04,synthetic_v1,0,1,0,0,0,0,0,0
Offer valid for the next 9 minutes only,false_urgency,false_urgency,en,div,banner,[TAG=div] [ROLE=banner] Offer valid for the next 9 minutes only,false_urgency:en:07,synthetic_v1,0,1,0,0,0,0,0,0
तपाईंको कार्ट 04:30 मा खाली हुनेछ,false_urgency,false_urgency,ne,p,promo,[TAG=p] [ROLE=promo] तपाईंको कार्ट 04:30 मा खाली हुनेछ,false_urgency:ne:03,synthetic_v1,0,1,0,0,0,0,0,0
अफर 2 घण्टा मा सकिन्छ — 10 मात्र बाँकी!,false_urgency|scarcity,false_urgency,ne,div,banner,[TAG=div] [ROLE=banner] अफर 2 घण्टा मा सकिन्छ — 10 मात्र बाँकी!,false_urgency:ne:14,synthetic_v1,0,1,0,0,1,0,0,0
छिटो गर्नुहोस्! गेमिङ माउस को अफर 2 घण्टा मा सकिँदै,false_urgency,false_urgency,ne,p,promo,[TAG=p] [ROLE=promo] छिटो गर्नुहोस्! गेमिङ माउस को अफर 2 घण्टा मा सकिँदै,false_urgency:ne:01,synthetic_v1,0,1,0,0,0,0,0,0
Sale ends in 00:59!,false_urgency,false_urgency,en,p,promo,[TAG=p] [ROLE=promo] Sale ends in 00:59!,false_urgency:en:00,synthetic_v1,0,1,0,0,0,0,0,0
आपका कार्ट 14:59 में खाली हो जाएगा,false_urgency,false_urgency,hi,span,timer,[TAG=span] [ROLE=timer] आपका कार्ट 14:59 में खाली हो जाएगा,false_urgency:hi:03,synthetic_v1,0,1,0,0,0,0,0,0
10% छुट 30 मिनेट मा सकिन्छ,false_urgency,false_urgency,ne,span,timer,[TAG=span] [ROLE=timer] 10% छुट 30 मिनेट मा सकिन्छ,false_urgency:ne:15,synthetic_v1,0,1,0,0,0,0,0,0
Rs. 699 price on face wash valid for 1 hour only,false_urgency,false_urgency,en,span,timer,[TAG=span] [ROLE=timer] Rs. 699 price on face wash valid for 1 hour only,false_urgency:en:21,synthetic_v1,0,1,0,0,0,0,0,0
ऑफ़र 48 घंटे में खत्म — केवल 12 बचे!,false_urgency|scarcity,false_urgency,hi,div,banner,[TAG=div] [ROLE=banner] ऑफ़र 48 घंटे में खत्म — केवल 12 बचे!,false_urgency:hi:14,synthetic_v1,0,1,0,0,1,0,0,0
Only 15 minutes remaining on this deal,false_urgency,false_urgency,en,span,timer,[TAG=span] [ROLE=timer] Only 15 minutes remaining on this deal,false_urgency:en:11,synthetic_v1,0,1,0,0,0,0,0,0
छिटो गर्नुहोस्! पानीको बोतल को अफर 24 घण्टा मा सकिँदै,false_urgency,false_urgency,ne,div,banner,[TAG=div] [ROLE=banner] छिटो गर्नुहोस्! पानीको बोतल को अफर 24 घण्टा मा सकिँदै,false_urgency:ne:01,synthetic_v1,0,1,0,0,0,0,0,0
इस डील पर केवल 1 मिनट शेष,false_urgency,false_urgency,hi,span,timer,[TAG=span] [ROLE=timer] इस डील पर केवल 1 मिनट शेष,false_urgency:hi:11,synthetic_v1,0,1,0,0,0,0,0,0
इस डील पर केवल 24 घंटे शेष,false_urgency,false_urgency,hi,span,timer,[TAG=span] [ROLE=timer] इस डील पर केवल 24 घंटे शेष,false_urgency:hi:11,synthetic_v1,0,1,0,0,0,0,0,0
60% off face wash at OkDam — 12:00 left,false_urgency,false_urgency,en,div,banner,[TAG=div] [ROLE=banner] 60% off face wash at OkDam — 12:00 left,false_urgency:en:19,synthetic_v1,0,1,0,0,0,0,0,0
Deal of the day ends in 09:45,false_urgency,false_urgency,en,p,promo,[TAG=p] [ROLE=promo] Deal of the day ends in 09:45,false_urgency:en:02,synthetic_v1,0,1,0,0,0,0,0,0
छिटो गर्नुहोस्! एयर फ्रायर को अफर 12:00 मा सकिँदै,false_urgency,false_urgency,ne,p,promo,[TAG=p] [ROLE=promo] छिटो गर्नुहोस्! एयर फ्रायर को अफर 12:00 मा सकिँदै,false_urgency:ne:01,synthetic_v1,0,1,0,0,0,0,0,0
SastoDeal पर पानी की बोतल पर 25% छूट — 2 घंटे बाकी,false_urgency,false_urgency,hi,div,banner,[TAG=div] [ROLE=banner] SastoDeal पर पानी की बोतल पर 25% छूट — 2 घंटे बाकी,false_urgency:hi:19,synthetic_v1,0,1,0,0,0,0,0,0
Offer ends in 10 minutes — only 10 left!,false_urgency|scarcity,false_urgency,en,span,timer,[TAG=span] [ROLE=timer] Offer ends in 10 minutes — only 10 left!,false_urgency:en:14,synthetic_v1,0,1,0,0,1,0,0,0
काउन्टडाउन: 24 घण्टा मा मूल्य बढ्नेछ,false_urgency,false_urgency,ne,span,timer,[TAG=span] [ROLE=timer] काउन्टडाउन: 24 घण्टा मा मूल्य बढ्नेछ,false_urgency:ne:08,synthetic_v1,0,1,0,0,0,0,0,0
10% छुट 7 मिनेट मा सकिन्छ,false_urgency,false_urgency,ne,span,timer,[TAG=span] [ROLE=timer] 10% छुट 7 मिनेट मा सकिन्छ,false_urgency:ne:15,synthetic_v1,0,1,0,0,0,0,0,0
अफर 12:00 मा सकिन्छ — 9 मात्र बाँकी!,false_urgency|scarcity,false_urgency,ne,div,banner,[TAG=div] [ROLE=banner] अफर 12:00 मा सकिन्छ — 9 मात्र बाँकी!,false_urgency:ne:14,synthetic_v1,0,1,0,0,1,0,0,0
Hurry! Offer on sports sandals expires in 20 minutes,false_urgency,false_urgency,en,p,promo,[TAG=p] [ROLE=promo] Hurry! Offer on sports sandals expires in 20 minutes,false_urgency:en:01,synthetic_v1,0,1,0,0,0,0,0,0
एयर फ्रायर पर रु. 399 की कीमत 3 मिनट तक ही,false_urgency,false_urgency,hi,p,promo,[TAG=p] [ROLE=promo] एयर फ्रायर पर रु. 399 की कीमत 3 मिनट तक ही,false_urgency:hi:21,synthetic_v1,0,1,0,0,0,0,0,0
15% off expires in 45 minutes,false_urgency,false_urgency,en,span,timer,[TAG=span] [ROLE=timer] 15% off expires in 45 minutes,false_urgency:en:15,synthetic_v1,0,1,0,0,0,0,0,0
स्मार्टवाच रहेको तपाईंको JioMart कार्ट 30 मिनेट मा सकिन्छ,false_urgency,false_urgency,ne,span,timer,[TAG=span] [ROLE=timer] स्मार्टवाच रहेको तपाईंको JioMart कार्ट 30 मिनेट मा सकिन्छ,false_urgency:ne:20,synthetic_v1,0,1,0,0,0,0,0,0
"48 घण्टा भित्र अर्डर गर्नुहोस्, 7 दिनमा डेलिभरी",false_urgency,false_urgency,ne,div,banner,"[TAG=div] [ROLE=banner] 48 घण्टा भित्र अर्डर गर्नुहोस्, 7 दिनमा डेलिभरी",false_urgency:ne:16,synthetic_v1,0,1,0,0,0,0,0,0
Order in 18 hours to get delivery in 10 days,false_urgency,false_urgency,en,span,timer,[TAG=span] [ROLE=timer] Order in 18 hours to get delivery in 10 days,false_urgency:en:16,synthetic_v1,0,1,0,0,0,0,0,0
Your Kinbech cart with cotton kurta expires in 5 minutes,false_urgency,false_urgency,en,p,promo,[TAG=p] [ROLE=promo] Your Kinbech cart with cotton kurta expires in 5 minutes,false_urgency:en:20,synthetic_v1,0,1,0,0,0,0,0,0
Thulo पर बैकपैक की सेल 23:11 में खत्म,false_urgency,false_urgency,hi,div,banner,[TAG=div] [ROLE=banner] Thulo पर बैकपैक की सेल 23:11 में खत्म,false_urgency:hi:17,synthetic_v1,0,1,0,0,0,0,0,0
Today only! 5% off bluetooth speaker,false_urgency,false_urgency,en,div,banner,[TAG=div] [ROLE=banner] Today only! 5% off bluetooth speaker,false_urgency:en:10,synthetic_v1,0,1,0,0,0,0,0,0
Order phone case within 23:11 for delivery to Kathmandu,false_urgency,false_urgency,en,span,timer,[TAG=span] [ROLE=timer] Order phone case within 23:11 for delivery to Kathmandu,false_urgency:en:18,synthetic_v1,0,1,0,0,0,0,0,0
Reliance Digital sale on sunglasses ends in 3 hours,false_urgency,false_urgency,en,div,banner,[TAG=div] [ROLE=banner] Reliance Digital sale on sunglasses ends in 3 hours,false_urgency:en:17,synthetic_v1,0,1,0,0,0,0,0,0
30% छुट 04:30 मा सकिन्छ,false_urgency,false_urgency,ne,div,banner,[TAG=div] [ROLE=banner] 30% छुट 04:30 मा सकिन्छ,false_urgency:ne:15,synthetic_v1,0,1,0,0,0,0,0,0
Order in 20 minutes to get delivery in 10 days,false_urgency,false_urgency,en,div,banner,[TAG=div] [ROLE=banner] Order in 20 minutes to get delivery in 10 days,false_urgency:en:16,synthetic_v1,0,1,0,0,0,0,0,0
इस डील पर केवल 09:45 शेष,false_urgency,false_urgency,hi,div,banner,[TAG=div] [ROLE=banner] इस डील पर केवल 09:45 शेष,false_urgency:hi:11,synthetic_v1,0,1,0,0,0,0,0,0
इलेक्ट्रिक केतली मा रु. 149 को मूल्य 12:00 सम्म मात्र,false_urgency,false_urgency,ne,p,promo,[TAG=p] [ROLE=promo] इलेक्ट्रिक केतली मा रु. 149 को मूल्य 12:00 सम्म मात्र,false_urgency:ne:21,synthetic_v1,0,1,0,0,0,0,0,0
50% off expires in 3 hours,false_urgency,false_urgency,en,p,promo,[TAG=p] [ROLE=promo] 50% off expires in 3 hours,false_urgency:en:15,synthetic_v1,0,1,0,0,0,0,0,0
आज मात्र! घामको चस्मा मा 30% छुट,false_urgency,false_urgency,ne,div,banner,[TAG=div] [ROLE=banner] आज मात्र! घामको चस्मा मा 30% छुट,false_urgency:ne:10,synthetic_v1,0,1,0,0,0,0,0,0
जल्दी करें! स्टडी लैंप पर ऑफ़र 20 मिनट में समाप्त,false_urgency,false_urgency,hi,p,promo,[TAG=p] [ROLE=promo] जल्दी करें! स्टडी लैंप पर ऑफ़र 20 मिनट में समाप्त,false_urgency:hi:01,synthetic_v1,0,1,0,0,0,0,0,0
गोरखा डेलिभरीका लागि 10 मिनेट भित्र राइस कुकर अर्डर गर्नुहोस्,false_urgency,false_urgency,ne,div,banner,[TAG=div] [ROLE=banner] गोरखा डेलिभरीका लागि 10 मिनेट भित्र राइस कुकर अर्डर गर्नुहोस्,false_urgency:ne:18,synthetic_v1,0,1,0,0,0,0,0,0
Muncha sale on winter blanket ends in 1 hour,false_urgency,false_urgency,en,p,promo,[TAG=p] [ROLE=promo] Muncha sale on winter blanket ends in 1 hour,false_urgency:en:17,synthetic_v1,0,1,0,0,0,0,0,0
"1 मिनट में ऑर्डर करें, 2 दिन में डिलीवरी",false_urgency,false_urgency,hi,p,promo,"[TAG=p] [ROLE=promo] 1 मिनट में ऑर्डर करें, 2 दिन में डिलीवरी",false_urgency:hi:16,synthetic_v1,0,1,0,0,0,0,0,0
इस डील पर केवल 12 घंटे शेष,false_urgency,false_urgency,hi,span,timer,[TAG=span] [ROLE=timer] इस डील पर केवल 12 घंटे शेष,false_urgency:hi:11,synthetic_v1,0,1,0,0,0,0,0,0
Order in 6 hours to get delivery in 2 days,false_urgency,false_urgency,en,p,promo,[TAG=p] [ROLE=promo] Order in 6 hours to get delivery in 2 days,false_urgency:en:16,synthetic_v1,0,1,0,0,0,0,0,0
5% off expires in 02:14,false_urgency,false_urgency,en,div,banner,[TAG=div] [ROLE=banner] 5% off expires in 02:14,false_urgency:en:15,synthetic_v1,0,1,0,0,0,0,0,0
आज मात्र! योगा म्याट मा 5% छुट,false_urgency,false_urgency,ne,div,banner,[TAG=div] [ROLE=banner] आज मात्र! योगा म्याट मा 5% छुट,false_urgency:ne:10,synthetic_v1,0,1,0,0,0,0,0,0
Prices go up in 12 hours,false_urgency,false_urgency,en,p,promo,[TAG=p] [ROLE=promo] Prices go up in 12 hours,false_urgency:en:04,synthetic_v1,0,1,0,0,0,0,0,0
60% off expires in 14:59,false_urgency,false_urgency,en,div,banner,[TAG=div] [ROLE=banner] 60% off expires in 14:59,false_urgency:en:15,synthetic_v1,0,1,0,0,0,0,0,0
BigBasket मा इलेक्ट्रिक केतली को सेल 15 मिनेट मा सकिन्छ,false_urgency,false_urgency,ne,div,banner,[TAG=div] [ROLE=banner] BigBasket मा इलेक्ट्रिक केतली को सेल 15 मिनेट मा सकिन्छ,false_urgency:ne:17,synthetic_v1,0,1,0,0,0,0,0,0
आज का सौदा 2 घंटे में खत्म,false_urgency,false_urgency,hi,p,promo,[TAG=p] [ROLE=promo] आज का सौदा 2 घंटे में खत्म,false_urgency:hi:02,synthetic_v1,0,1,0,0,0,0,0,0
ऑफ़र 3 मिनट में खत्म — केवल 6 बचे!,false_urgency|scarcity,false_urgency,hi,p,promo,[TAG=p] [ROLE=promo] ऑफ़र 3 मिनट में खत्म — केवल 6 बचे!,false_urgency:hi:14,synthetic_v1,0,1,0,0,1,0,0,0
आज मात्र! फर्मल सर्ट मा 25% छुट,false_urgency,false_urgency,ne,span,timer,[TAG=span] [ROLE=timer] आज मात्र! फर्मल सर्ट मा 25% छुट,false_urgency:ne:10,synthetic_v1,0,1,0,0,0,0,0,0
Today only! 30% off smartwatch,false_urgency,false_urgency,en,div,banner,[TAG=div] [ROLE=banner] Today only! 30% off smartwatch,false_urgency:en:10,synthetic_v1,0,1,0,0,0,0,0,0
70% छूट 3 घंटे में समाप्त,false_urgency,false_urgency,hi,p,promo,[TAG=p] [ROLE=promo] 70% छूट 3 घंटे में समाप्त,false_urgency:hi:15,synthetic_v1,0,1,0,0,0,0,0,0
सिर्फ़ आज! योगा मैट पर 70% छूट,false_urgency,false_urgency,hi,span,timer,[TAG=span] [ROLE=timer] सिर्फ़ आज! योगा मैट पर 70% छूट,false_urgency:hi:10,synthetic_v1,0,1,0,0,0,0,0,0
"नोइज क्यान्सलिङ हेडफोन मा रु. 2,499 को मूल्य 14:59 सम्म मात्र",false_urgency,false_urgency,ne,p,promo,"[TAG=p] [ROLE=promo] नोइज क्यान्सलिङ हेडफोन मा रु. 2,499 को मूल्य 14:59 सम्म मात्र",false_urgency:ne:21,synthetic_v1,0,1,0,0,0,0,0,0
Last chance — 09:45 left on phone case,false_urgency,false_urgency,en,p,promo,[TAG=p] [ROLE=promo] Last chance — 09:45 left on phone case,false_urgency:en:05,synthetic_v1,0,1,0,0,0,0,0,0
"09:45 भित्र अर्डर गर्नुहोस्, 4 दिनमा डेलिभरी",false_urgency,false_urgency,ne,div,banner,"[TAG=div] [ROLE=banner] 09:45 भित्र अर्डर गर्नुहोस्, 4 दिनमा डेलिभरी",false_urgency:ne:16,synthetic_v1,0,1,0,0,0,0,0,0
विराटनगर डेलिभरीका लागि 19:20 भित्र वायरलेस इयरबड्स अर्डर गर्नुहोस्,false_urgency,false_urgency,ne,span,timer,[TAG=span] [ROLE=timer] विराटनगर डेलिभरीका लागि 19:20 भित्र वायरलेस इयरबड्स अर्डर गर्नुहोस्,false_urgency:ne:18,synthetic_v1,0,1,0,0,0,0,0,0
आज मात्र! गेमिङ माउस मा 60% छुट,false_urgency,false_urgency,ne,p,promo,[TAG=p] [ROLE=promo] आज मात्र! गेमिङ माउस मा 60% छुट,false_urgency:ne:10,synthetic_v1,0,1,0,0,0,0,0,0
इस डील पर केवल 12:00 शेष,false_urgency,false_urgency,hi,p,promo,[TAG=p] [ROLE=promo] इस डील पर केवल 12:00 शेष,false_urgency:hi:11,synthetic_v1,0,1,0,0,0,0,0,0
पोखरा डेलिभरीका लागि 48 घण्टा भित्र कटन कुर्ता अर्डर गर्नुहोस्,false_urgency,false_urgency,ne,span,timer,[TAG=span] [ROLE=timer] पोखरा डेलिभरीका लागि 48 घण्टा भित्र कटन कुर्ता अर्डर गर्नुहोस्,false_urgency:ne:18,synthetic_v1,0,1,0,0,0,0,0,0
ऑफ़र 00:59 में खत्म — केवल 2 बचे!,false_urgency|scarcity,false_urgency,hi,div,banner,[TAG=div] [ROLE=banner] ऑफ़र 00:59 में खत्म — केवल 2 बचे!,false_urgency:hi:14,synthetic_v1,0,1,0,0,1,0,0,0
आज मात्र! घामको चस्मा मा 20% छुट,false_urgency,false_urgency,ne,div,banner,[TAG=div] [ROLE=banner] आज मात्र! घामको चस्मा मा 20% छुट,false_urgency:ne:10,synthetic_v1,0,1,0,0,0,0,0,0
प्रोटीन पाउडर वाला आपका Flipkart कार्ट 12:00 में खत्म,false_urgency,false_urgency,hi,span,timer,[TAG=span] [ROLE=timer] प्रोटीन पाउडर वाला आपका Flipkart कार्ट 12:00 में खत्म,false_urgency:hi:20,synthetic_v1,0,1,0,0,0,0,0,0
जल्दी करें! ऑफिस चेयर पर ऑफ़र 10 मिनट में समाप्त,false_urgency,false_urgency,hi,div,banner,[TAG=div] [ROLE=banner] जल्दी करें! ऑफिस चेयर पर ऑफ़र 10 मिनट में समाप्त,false_urgency:hi:01,synthetic_v1,0,1,0,0,0,0,0,0
Order hair dryer within 2 hours for delivery to Bengaluru,false_urgency,false_urgency,en,span,timer,[TAG=span] [ROLE=timer] Order hair dryer within 2 hours for delivery to Bengaluru,false_urgency:en:18,synthetic_v1,0,1,0,0,0,0,0,0
FirstCry मा प्रोटिन पाउडर मा 25% छुट — 3 मिनेट बाँकी,false_urgency,false_urgency,ne,p,promo,[TAG=p] [ROLE=promo] FirstCry मा प्रोटिन पाउडर मा 25% छुट — 3 मिनेट बाँकी,false_urgency:ne:19,synthetic_v1,0,1,0,0,0,0,0,0
"फेस वॉश पर रु. 1,199 की कीमत 23:11 तक ही",false_urgency,false_urgency,hi,span,timer,"[TAG=span] [ROLE=timer] फेस वॉश पर रु. 1,199 की कीमत 23:11 तक ही",false_urgency:hi:21,synthetic_v1,0,1,0,0,0,0,0,0
मागका कारण 3 घण्टा थपियो,false_urgency,false_urgency,ne,p,promo,[TAG=p] [ROLE=promo] मागका कारण 3 घण्टा थपियो,false_urgency:ne:13,synthetic_v1,0,1,0,0,0,0,0,0
यो डिलमा 6 घण्टा मात्र बाँकी,false_urgency,false_urgency,ne,div,banner,[TAG=div] [ROLE=banner] यो डिलमा 6 घण्टा मात्र बाँकी,false_urgency:ne:11,synthetic_v1,0,1,0,0,0,0,0,0
पावर बैंक पर रु. 799 की कीमत 1 मिनट तक ही,false_urgency,false_urgency,hi,p,promo,[TAG=p] [ROLE=promo] पावर बैंक पर रु. 799 की कीमत 1 मिनट तक ही,false_urgency:hi:21,synthetic_v1,0,1,0,0,0,0,0,0
ब्लुटुथ स्पिकर मा रु. 449 को मूल्य 04:30 सम्म मात्र,false_urgency,false_urgency,ne,div,banner,[TAG=div] [ROLE=banner] ब्लुटुथ स्पिकर मा रु. 449 को मूल्य 04:30 सम्म मात्र,false_urgency:ne:21,synthetic_v1,0,1,0,0,0,0,0,0
छिटो गर्नुहोस्! ट्रेकिङ ज्याकेट को अफर 1 मिनेट मा सकिँदै,false_urgency,false_urgency,ne,span,timer,[TAG=span] [ROLE=timer] छिटो गर्नुहोस्! ट्रेकिङ ज्याकेट को अफर 1 मिनेट मा सकिँदै,false_urgency:ne:01,synthetic_v1,0,1,0,0,0,0,0,0
5% छुट 23:11 मा सकिन्छ,false_urgency,false_urgency,ne,div,banner,[TAG=div] [ROLE=banner] 5% छुट 23:11 मा सकिन्छ,false_urgency:ne:15,synthetic_v1,0,1,0,0,0,0,0,0
Order smartwatch within 02:14 for delivery to Kolkata,false_urgency,false_urgency,en,div,banner,[TAG=div] [ROLE=banner] Order smartwatch within 02:14 for delivery to Kolkata,false_urgency:en:18,synthetic_v1,0,1,0,0,0,0,0,0
80% छूट 1 घंटे में समाप्त,false_urgency,false_urgency,hi,span,timer,[TAG=span] [ROLE=timer] 80% छूट 1 घंटे में समाप्त,false_urgency:hi:15,synthetic_v1,0,1,0,0,0,0,0,0
आख़िरी मौका — हेयर ड्रायर पर 20 मिनट बाकी,false_urgency,false_urgency,hi,p,promo,[TAG=p] [ROLE=promo] आख़िरी मौका — हेयर ड्रायर पर 20 मिनट बाकी,false_urgency:hi:05,synthetic_v1,0,1,0,0,0,0,0,0
Snapdeal पर प्रोटीन पाउडर पर 60% छूट — 48 घंटे बाकी,false_urgency,false_urgency,hi,span,timer,[TAG=span] [ROLE=timer] Snapdeal पर प्रोटीन पाउडर पर 60% छूट — 48 घंटे बाकी,false_urgency:hi:19,synthetic_v1,0,1,0,0,0,0,0,0
Daraz sale on cotton kurta ends in 45 minutes,false_urgency,false_urgency,en,p,promo,[TAG=p] [ROLE=promo] Daraz sale on cotton kurta ends in 45 minutes,false_urgency:en:17,synthetic_v1,0,1,0,0,0,0,0,0
सिर्फ़ आज! प्रोटीन पाउडर पर 20% छूट,false_urgency,false_urgency,hi,div,banner,[TAG=div] [ROLE=banner] सिर्फ़ आज! प्रोटीन पाउडर पर 20% छूट,false_urgency:hi:10,synthetic_v1,0,1,0,0,0,0,0,0
Deal of the day ends in 00:59,false_urgency,false_urgency,en,p,promo,[TAG=p] [ROLE=promo] Deal of the day ends in 00:59,false_urgency:en:02,synthetic_v1,0,1,0,0,0,0,0,0
Prices go up in 48 hours,false_urgency,false_urgency,en,div,banner,[TAG=div] [ROLE=banner] Prices go up in 48 hours,false_urgency:en:04,synthetic_v1,0,1,0,0,0,0,0,0
50% छुट 1 मिनेट मा सकिन्छ,false_urgency,false_urgency,ne,span,timer,[TAG=span] [ROLE=timer] 50% छुट 1 मिनेट मा सकिन्छ,false_urgency:ne:15,synthetic_v1,0,1,0,0,0,0,0,0
अफर 45 मिनेट मा सकिन्छ — 8 मात्र बाँकी!,false_urgency|scarcity,false_urgency,ne,div,banner,[TAG=div] [ROLE=banner] अफर 45 मिनेट मा सकिन्छ — 8 मात्र बाँकी!,false_urgency:ne:14,synthetic_v1,0,1,0,0,1,0,0,0
जल्दी करें! फॉर्मल शर्ट पर ऑफ़र 04:30 में समाप्त,false_urgency,false_urgency,hi,div,banner,[TAG=div] [ROLE=banner] जल्दी करें! फॉर्मल शर्ट पर ऑफ़र 04:30 में समाप्त,false_urgency:hi:01,synthetic_v1,0,1,0,0,0,0,0,0
SastoDeal मा हिउँदको ब्ल्याङ्केट को सेल 45 मिनेट मा सकिन्छ,false_urgency,false_urgency,ne,div,banner,[TAG=div] [ROLE=banner] SastoDeal मा हिउँदको ब्ल्याङ्केट को सेल 45 मिनेट मा सकिन्छ,false_urgency:ne:17,synthetic_v1,0,1,0,0,0,0,0,0
5% छुट 12:00 मा सकिन्छ,false_urgency,false_urgency,ne,p,promo,[TAG=p] [ROLE=promo] 5% छुट 12:00 मा सकिन्छ,false_urgency:ne:15,synthetic_v1,0,1,0,0,0,0,0,0
Kinbech मा फोन कभर को सेल 15 मिनेट मा सकिन्छ,false_urgency,false_urgency,ne,p,promo,[TAG=p] [ROLE=promo] Kinbech मा फोन कभर को सेल 15 मिनेट मा सकिन्छ,false_urgency:ne:17,synthetic_v1,0,1,0,0,0,0,0,0
Rs. 449 price on study lamp valid for 48 hours only,false_urgency,false_urgency,en,span,timer,[TAG=span] [ROLE=timer] Rs. 449 price on study lamp valid for 48 hours only,false_urgency:en:21,synthetic_v1,0,1,0,0,0,0,0,0
अन्तिम मौका — फर्मल सर्ट मा 10 मिनेट बाँकी,false_urgency,false_urgency,ne,span,timer,[TAG=span] [ROLE=timer] अन्तिम मौका — फर्मल सर्ट मा 10 मिनेट बाँकी,false_urgency:ne:05,synthetic_v1,0,1,0,0,0,0,0,0
दाम 5 मिनट में बढ़ जाएंगे,false_urgency,false_urgency,hi,p,promo,[TAG=p] [ROLE=promo] दाम 5 मिनट में बढ़ जाएंगे,false_urgency:hi:04,synthetic_v1,0,1,0,0,0,0,0,0
"स्पोर्ट्स सैंडल पर रु. 1,999 की कीमत 14:59 तक ही",false_urgency,false_urgency,hi,p,promo,"[TAG=p] [ROLE=promo] स्पोर्ट्स सैंडल पर रु. 1,999 की कीमत 14:59 तक ही",false_urgency:hi:21,synthetic_v1,0,1,0,0,0,0,0,0
पुणे डिलीवरी के लिए 48 घंटे में स्मार्टवॉच ऑर्डर करें,false_urgency,false_urgency,hi,div,banner,[TAG=div] [ROLE=banner] पुणे डिलीवरी के लिए 48 घंटे में स्मार्टवॉच ऑर्डर करें,false_urgency:hi:18,synthetic_v1,0,1,0,0,0,0,0,0
Hurry! Offer on water bottle expires in 18 hours,false_urgency,false_urgency,en,div,banner,[TAG=div] [ROLE=banner] Hurry! Offer on water bottle expires in 18 hours,false_urgency:en:01,synthetic_v1,0,1,0,0,0,0,0,0
"ब्लुटुथ स्पिकर मा रु. 1,499 को मूल्य 2 घण्टा सम्म मात्र",false_urgency,false_urgency,ne,p,promo,"[TAG=p] [ROLE=promo] ब्लुटुथ स्पिकर मा रु. 1,499 को मूल्य 2 घण्टा सम्म मात्र",false_urgency:ne:21,synthetic_v1,0,1,0,0,0,0,0,0
अफर 00:59 मा सकिन्छ — 5 मात्र बाँकी!,false_urgency|scarcity,false_urgency,ne,div,banner,[TAG=div] [ROLE=banner] अफर 00:59 मा सकिन्छ — 5 मात्र बाँकी!,false_urgency:ne:14,synthetic_v1,0,1,0,0,1,0,0,0
छिटो गर्नुहोस्! योगा म्याट को अफर 00:59 मा सकिँदै,false_urgency,false_urgency,ne,p,promo,[TAG=p] [ROLE=promo] छिटो गर्नुहोस्! योगा म्याट को अफर 00:59 मा सकिँदै,false_urgency:ne:01,synthetic_v1,0,1,0,0,0,0,0,0
Tata Cliq मा इलेक्ट्रिक केतली मा 40% छुट — 1 मिनेट बाँकी,false_urgency,false_urgency,ne,span,timer,[TAG=span] [ROLE=timer] Tata Cliq मा इलेक्ट्रिक केतली मा 40% छुट — 1 मिनेट बाँकी,false_urgency:ne:19,synthetic_v1,0,1,0,0,0,0,0,0
Reliance Digital पर धूप का चश्मा पर 25% छूट — 18 घंटे बाकी,false_urgency,false_urgency,hi,p,promo,[TAG=p] [ROLE=promo] Reliance Digital पर धूप का चश्मा पर 25% छूट — 18 घंटे बाकी,false_urgency:hi:19,synthetic_v1,0,1,0,0,0,0,0,0
Your FirstCry cart with induction cooktop expires in 24 hours,false_urgency,false_urgency,en,span,timer,[TAG=span] [ROLE=timer] Your FirstCry cart with induction cooktop expires in 24 hours,false_urgency:en:20,synthetic_v1,0,1,0,0,0,0,0,0
50% off expires in 14:59,false_urgency,false_urgency,en,p,promo,[TAG=p] [ROLE=promo] 50% off expires in 14:59,false_urgency:en:15,synthetic_v1,0,1,0,0,0,0,0,0
आज मात्र! पानीको बोतल मा 5% छुट,false_urgency,false_urgency,ne,p,promo,[TAG=p] [ROLE=promo] आज मात्र! पानीको बोतल मा 5% छुट,false_urgency:ne:10,synthetic_v1,0,1,0,0,0,0,0,0
"फ्ल्यास सेल 04:30 मा सकिँदै, नगुमाउनुहोस्",false_urgency,false_urgency,ne,p,promo,"[TAG=p] [ROLE=promo] फ्ल्यास सेल 04:30 मा सकिँदै, नगुमाउनुहोस्",false_urgency:ne:06,synthetic_v1,0,1,0,0,0,0,0,0
"12 घण्टा भित्र अर्डर गर्नुहोस्, 4 दिनमा डेलिभरी",false_urgency,false_urgency,ne,span,timer,"[TAG=span] [ROLE=timer] 12 घण्टा भित्र अर्डर गर्नुहोस्, 4 दिनमा डेलिभरी",false_urgency:ne:16,synthetic_v1,0,1,0,0,0,0,0,0
Blinkit पर ट्रेकिंग जैकेट की सेल 48 घंटे में खत्म,false_urgency,false_urgency,hi,span,timer,[TAG=span] [ROLE=timer] Blinkit पर ट्रेकिंग जैकेट की सेल 48 घंटे में खत्म,false_urgency:hi:17,synthetic_v1,0,1,0,0,0,0,0,0
70% off face wash at Snapdeal — 2 hours left,false_urgency,false_urgency,en,span,timer,[TAG=span] [ROLE=timer] 70% off face wash at Snapdeal — 2 hours left,false_urgency:en:19,synthetic_v1,0,1,0,0,0,0,0,0
फोन कभर मा रु. 49 को मूल्य 5 मिनेट सम्म मात्र,false_urgency,false_urgency,ne,p,promo,[TAG=p] [ROLE=promo] फोन कभर मा रु. 49 को मूल्य 5 मिनेट सम्म मात्र,false_urgency:ne:21,synthetic_v1,0,1,0,0,0,0,0,0
Order wireless earbuds within 1 minute for delivery to Delhi,false_urgency,false_urgency,en,p,promo,[TAG=p] [ROLE=promo] Order wireless earbuds within 1 minute for delivery to Delhi,false_urgency:en:18,synthetic_v1,0,1,0,0,0,0,0,0
Lenskart पर कॉफी मेकर पर 10% छूट — 2 घंटे बाकी,false_urgency,false_urgency,hi,span,timer,[TAG=span] [ROLE=timer] Lenskart पर कॉफी मेकर पर 10% छूट — 2 घंटे बाकी,false_urgency:hi:19,synthetic_v1,0,1,0,0,0,0,0,0
अफर 30 मिनेट मा सकिन्छ — 8 मात्र बाँकी!,false_urgency|scarcity,false_urgency,ne,p,promo,[TAG=p] [ROLE=promo] अफर 30 मिनेट मा सकिन्छ — 8 मात्र बाँकी!,false_urgency:ne:14,synthetic_v1,0,1,0,0,1,0,0,0
हैदराबाद डिलीवरी के लिए 20 मिनट में स्कूल बैग ऑर्डर करें,false_urgency,false_urgency,hi,div,banner,[TAG=div] [ROLE=banner] हैदराबाद डिलीवरी के लिए 20 मिनट में स्कूल बैग ऑर्डर करें,false_urgency:hi:18,synthetic_v1,0,1,0,0,0,0,0,0
60% off running shoes at Pepperfry — 1 hour left,false_urgency,false_urgency,en,span,timer,[TAG=span] [ROLE=timer] 60% off running shoes at Pepperfry — 1 hour left,false_urgency:en:19,synthetic_v1,0,1,0,0,0,0,0,0
Deal of the day ends in 19:20,false_urgency,false_urgency,en,span,timer,[TAG=span] [ROLE=timer] Deal of the day ends in 19:20,false_urgency:en:02,synthetic_v1,0,1,0,0,0,0,0,0
Book within 48 hours to lock this rate,false_urgency,false_urgency,en,p,promo,[TAG=p] [ROLE=promo] Book within 48 hours to lock this rate,false_urgency:en:09,synthetic_v1,0,1,0,0,0,0,0,0
ऑफ़र 45 मिनट में खत्म — केवल 4 बचे!,false_urgency|scarcity,false_urgency,hi,p,promo,[TAG=p] [ROLE=promo] ऑफ़र 45 मिनट में खत्म — केवल 4 बचे!,false_urgency:hi:14,synthetic_v1,0,1,0,0,1,0,0,0
Countdown: 12 hours until the price rises,false_urgency,false_urgency,en,div,banner,[TAG=div] [ROLE=banner] Countdown: 12 hours until the price rises,false_urgency:en:08,synthetic_v1,0,1,0,0,0,0,0,0
पोखरा डेलिभरीका लागि 20 मिनेट भित्र गेमिङ माउस अर्डर गर्नुहोस्,false_urgency,false_urgency,ne,p,promo,[TAG=p] [ROLE=promo] पोखरा डेलिभरीका लागि 20 मिनेट भित्र गेमिङ माउस अर्डर गर्नुहोस्,false_urgency:ne:18,synthetic_v1,0,1,0,0,0,0,0,0
Sale ends in 5 minutes!,false_urgency,false_urgency,en,span,timer,[TAG=span] [ROLE=timer] Sale ends in 5 minutes!,false_urgency:en:00,synthetic_v1,0,1,0,0,0,0,0,0
Your Myntra cart with winter blanket expires in 12 hours,false_urgency,false_urgency,en,span,timer,[TAG=span] [ROLE=timer] Your Myntra cart with winter blanket expires in 12 hours,false_urgency:en:20,synthetic_v1,0,1,0,0,0,0,0,0
Your Nykaa cart with backpack expires in 23:11,false_urgency,false_urgency,en,span,timer,[TAG=span] [ROLE=timer] Your Nykaa cart with backpack expires in 23:11,false_urgency:en:20,synthetic_v1,0,1,0,0,0,0,0,0
25% off expires in 2 hours,false_urgency,false_urgency,en,span,timer,[TAG=span] [ROLE=timer] 25% off expires in 2 hours,false_urgency:en:15,synthetic_v1,0,1,0,0,0,0,0,0
50% छूट 1 घंटे में समाप्त,false_urgency,false_urgency,hi,p,promo,[TAG=p] [ROLE=promo] 50% छूट 1 घंटे में समाप्त,false_urgency:hi:15,synthetic_v1,0,1,0,0,0,0,0,0
छिटो गर्नुहोस्! गेमिङ माउस को अफर 12 घण्टा मा सकिँदै,false_urgency,false_urgency,ne,div,banner,[TAG=div] [ROLE=banner] छिटो गर्नुहोस्! गेमिङ माउस को अफर 12 घण्टा मा सकिँदै,false_urgency:ne:01,synthetic_v1,0,1,0,0,0,0,0,0
अन्तिम मौका — स्टडी लाइट मा 5 मिनेट बाँकी,false_urgency,false_urgency,ne,p,promo,[TAG=p] [ROLE=promo] अन्तिम मौका — स्टडी लाइट मा 5 मिनेट बाँकी,false_urgency:ne:05,synthetic_v1,0,1,0,0,0,0,0,0
सेल 18 घंटे में खत्म!,false_urgency,false_urgency,hi,p,promo,[TAG=p] [ROLE=promo] सेल 18 घंटे में खत्म!,false_urgency:hi:00,synthetic_v1,0,1,0,0,0,0,0,0
यो दर पाउन 14:59 भित्र बुक गर्नुहोस्,false_urgency,false_urgency,ne,p,promo,[TAG=p] [ROLE=promo] यो दर पाउन 14:59 भित्र बुक गर्नुहोस्,false_urgency:ne:09,synthetic_v1,0,1,0,0,0,0,0,0
Reserved for you for 6 hours,false_urgency,false_urgency,en,div,banner,[TAG=div] [ROLE=banner] Reserved for you for 6 hours,false_urgency:en:12,synthetic_v1,0,1,0,0,0,0,0,0
Order in 00:59 to get delivery in 2 days,false_urgency,false_urgency,en,span,timer,[TAG=span] [ROLE=timer] Order in 00:59 to get delivery in 2 days,false_urgency:en:16,synthetic_v1,0,1,0,0,0,0,0,0
आख़िरी मौका — प्रोटीन पाउडर पर 18 घंटे बाकी,false_urgency,false_urgency,hi,div,banner,[TAG=div] [ROLE=banner] आख़िरी मौका — प्रोटीन पाउडर पर 18 घंटे बाकी,false_urgency:hi:05,synthetic_v1,0,1,0,0,0,0,0,0
एयर फ्रायर मा रु. 999 को मूल्य 23:11 सम्म मात्र,false_urgency,false_urgency,ne,p,promo,[TAG=p] [ROLE=promo] एयर फ्रायर मा रु. 999 को मूल्य 23:11 सम्म मात्र,false_urgency:ne:21,synthetic_v1,0,1,0,0,0,0,0,0
सिर्फ़ आज! ब्लूटूथ स्पीकर पर 25% छूट,false_urgency,false_urgency,hi,span,timer,[TAG=span] [ROLE=timer] सिर्फ़ आज! ब्लूटूथ स्पीकर पर 25% छूट,false_urgency:hi:10,synthetic_v1,0,1,0,0,0,0,0,0
"फ्ल्यास सेल 6 घण्टा मा सकिँदै, नगुमाउनुहोस्",false_urgency,false_urgency,ne,span,timer,"[TAG=span] [ROLE=timer] फ्ल्यास सेल 6 घण्टा मा सकिँदै, नगुमाउनुहोस्",false_urgency:ne:06,synthetic_v1,0,1,0,0,0,0,0,0
सेल 12 घण्टा मा सकिन्छ!,false_urgency,false_urgency,ne,span,timer,[TAG=span] [ROLE=timer] सेल 12 घण्टा मा सकिन्छ!,false_urgency:ne:00,synthetic_v1,0,1,0,0,0,0,0,0
Last chance — 10 minutes left on study lamp,false_urgency,false_urgency,en,p,promo,[TAG=p] [ROLE=promo] Last chance — 10 minutes left on study lamp,false_urgency:en:05,synthetic_v1,0,1,0,0,0,0,0,0
अन्तिम मौका — ब्याकप्याक मा 09:45 बाँकी,false_urgency,false_urgency,ne,p,promo,[TAG=p] [ROLE=promo] अन्तिम मौका — ब्याकप्याक मा 09:45 बाँकी,false_urgency:ne:05,synthetic_v1,0,1,0,0,0,0,0,0
आख़िरी मौका — रनिंग शूज़ पर 18 घंटे बाकी,false_urgency,false_urgency,hi,p,promo,[TAG=p] [ROLE=promo] आख़िरी मौका — रनिंग शूज़ पर 18 घंटे बाकी,false_urgency:hi:05,synthetic_v1,0,1,0,0,0,0,0,0
70% off induction cooktop at Kinbech — 10 minutes left,false_urgency,false_urgency,en,div,banner,[TAG=div] [ROLE=banner] 70% off induction cooktop at Kinbech — 10 minutes left,false_urgency:en:19,synthetic_v1,0,1,0,0,0,0,0,0
"23:11 भित्र अर्डर गर्नुहोस्, 7 दिनमा डेलिभरी",false_urgency,false_urgency,ne,p,promo,"[TAG=p] [ROLE=promo] 23:11 भित्र अर्डर गर्नुहोस्, 7 दिनमा डेलिभरी",false_urgency:ne:16,synthetic_v1,0,1,0,0,0,0,0,0
Extended by popular demand — final 24 hours,false_urgency,false_urgency,en,div,banner,[TAG=div] [ROLE=banner] Extended by popular demand — final 24 hours,false_urgency:en:13,synthetic_v1,0,1,0,0,0,0,0,0
Hurry! Offer on wireless earbuds expires in 45 minutes,false_urgency,false_urgency,en,div,banner,[TAG=div] [ROLE=banner] Hurry! Offer on wireless earbuds expires in 45 minutes,false_urgency:en:01,synthetic_v1,0,1,0,0,0,0,0,0
Only 48 hours remaining on this deal,false_urgency,false_urgency,en,p,promo,[TAG=p] [ROLE=promo] Only 48 hours remaining on this deal,false_urgency:en:11,synthetic_v1,0,1,0,0,0,0,0,0
अन्तिम मौका — गेमिङ माउस मा 24 घण्टा बाँकी,false_urgency,false_urgency,ne,div,banner,[TAG=div] [ROLE=banner] अन्तिम मौका — गेमिङ माउस मा 24 घण्टा बाँकी,false_urgency:ne:05,synthetic_v1,0,1,0,0,0,0,0,0
अन्तिम मौका — स्कुल ब्याग मा 3 मिनेट बाँकी,false_urgency,false_urgency,ne,p,promo,[TAG=p] [ROLE=promo] अन्तिम मौका — स्कुल ब्याग मा 3 मिनेट बाँकी,false_urgency:ne:05,synthetic_v1,0,1,0,0,0,0,0,0
Order in 30 minutes to get delivery in 10 days,false_urgency,false_urgency,en,span,timer,[TAG=span] [ROLE=timer] Order in 30 minutes to get delivery in 10 days,false_urgency:en:16,synthetic_v1,0,1,0,0,0,0,0,0
Reserved for you for 09:45,false_urgency,false_urgency,en,span,timer,[TAG=span] [ROLE=timer] Reserved for you for 09:45,false_urgency:en:12,synthetic_v1,0,1,0,0,0,0,0,0
"फ्ल्यास सेल 09:45 मा सकिँदै, नगुमाउनुहोस्",false_urgency,false_urgency,ne,p,promo,"[TAG=p] [ROLE=promo] फ्ल्यास सेल 09:45 मा सकिँदै, नगुमाउनुहोस्",false_urgency:ne:06,synthetic_v1,0,1,0,0,0,0,0,0
अफर 18 घण्टा मा सकिन्छ — 5 मात्र बाँकी!,false_urgency|scarcity,false_urgency,ne,span,timer,[TAG=span] [ROLE=timer] अफर 18 घण्टा मा सकिन्छ — 5 मात्र बाँकी!,false_urgency:ne:14,synthetic_v1,0,1,0,0,1,0,0,0
15% छूट 7 मिनट में समाप्त,false_urgency,false_urgency,hi,div,banner,[TAG=div] [ROLE=banner] 15% छूट 7 मिनट में समाप्त,false_urgency:hi:15,synthetic_v1,0,1,0,0,0,0,0,0
सिर्फ़ आज! वायरलेस ईयरबड्स पर 50% छूट,false_urgency,false_urgency,hi,p,promo,[TAG=p] [ROLE=promo] सिर्फ़ आज! वायरलेस ईयरबड्स पर 50% छूट,false_urgency:hi:10,synthetic_v1,0,1,0,0,0,0,0,0
"14:59 भित्र अर्डर गर्नुहोस्, 4 दिनमा डेलिभरी",false_urgency,false_urgency,ne,div,banner,"[TAG=div] [ROLE=banner] 14:59 भित्र अर्डर गर्नुहोस्, 4 दिनमा डेलिभरी",false_urgency:ne:16,synthetic_v1,0,1,0,0,0,0,0,0
Offer ends in 14:59 — only 12 left!,false_urgency|scarcity,false_urgency,en,div,banner,[TAG=div] [ROLE=banner] Offer ends in 14:59 — only 12 left!,false_urgency:en:14,synthetic_v1,0,1,0,0,1,0,0,0
स्मार्टवॉच पर रु. 299 की कीमत 12 घंटे तक ही,false_urgency,false_urgency,hi,p,promo,[TAG=p] [ROLE=promo] स्मार्टवॉच पर रु. 299 की कीमत 12 घंटे तक ही,false_urgency:hi:21,synthetic_v1,0,1,0,0,0,0,0,0
60% off office chair at Thulo — 24 hours left,false_urgency,false_urgency,en,div,banner,[TAG=div] [ROLE=banner] 60% off office chair at Thulo — 24 hours left,false_urgency:en:19,synthetic_v1,0,1,0,0,0,0,0,0
Countdown: 09:45 until the price rises,false_urgency,false_urgency,en,span,timer,[TAG=span] [ROLE=timer] Countdown: 09:45 until the price rises,false_urgency:en:08,synthetic_v1,0,1,0,0,0,0,0,0
अगले 10 मिनट तक ही मान्य,false_urgency,false_urgency,hi,p,promo,[TAG=p] [ROLE=promo] अगले 10 मिनट तक ही मान्य,false_urgency:hi:07,synthetic_v1,0,1,0,0,0,0,0,0
Reserved for you for 19:20,false_urgency,false_urgency,en,span,timer,[TAG=span] [ROLE=timer] Reserved for you for 19:20,false_urgency:en:12,synthetic_v1,0,1,0,0,0,0,0,0
30% छूट 00:59 में समाप्त,false_urgency,false_urgency,hi,span,timer,[TAG=span] [ROLE=timer] 30% छूट 00:59 में समाप्त,false_urgency:hi:15,synthetic_v1,0,1,0,0,0,0,0,0
यह कीमत आपके लिए 45 मिनट तक सुरक्षित,false_urgency,false_urgency,hi,div,banner,[TAG=div] [ROLE=banner] यह कीमत आपके लिए 45 मिनट तक सुरक्षित,false_urgency:hi:12,synthetic_v1,0,1,0,0,0,0,0,0
अन्तिम मौका — स्पोर्ट्स चप्पल मा 48 घण्टा बाँकी,false_urgency,false_urgency,ne,span,timer,[TAG=span] [ROLE=timer] अन्तिम मौका — स्पोर्ट्स चप्पल मा 48 घण्टा बाँकी,false_urgency:ne:05,synthetic_v1,0,1,0,0,0,0,0,0
Blinkit मा राइस कुकर मा 5% छुट — 3 घण्टा बाँकी,false_urgency,false_urgency,ne,p,promo,[TAG=p] [ROLE=promo] Blinkit मा राइस कुकर मा 5% छुट — 3 घण्टा बाँकी,false_urgency:ne:19,synthetic_v1,0,1,0,0,0,0,0,0
राइस कुकर मा रु. 449 को मूल्य 23:11 सम्म मात्र,false_urgency,false_urgency,ne,div,banner,[TAG=div] [ROLE=banner] राइस कुकर मा रु. 449 को मूल्य 23:11 सम्म मात्र,false_urgency:ne:21,synthetic_v1,0,1,0,0,0,0,0,0
Pepperfry sale on denim jeans ends in 14:59,false_urgency,false_urgency,en,div,banner,[TAG=div] [ROLE=banner] Pepperfry sale on denim jeans ends in 14:59,false_urgency:en:17,synthetic_v1,0,1,0,0,0,0,0,0
दाम 3 घंटे में बढ़ जाएंगे,false_urgency,false_urgency,hi,div,banner,[TAG=div] [ROLE=banner] दाम 3 घंटे में बढ़ जाएंगे,false_urgency:hi:04,synthetic_v1,0,1,0,0,0,0,0,0
Sale ends in 6 hours!,false_urgency,false_urgency,en,div,banner,[TAG=div] [ROLE=banner] Sale ends in 6 hours!,false_urgency:en:00,synthetic_v1,0,1,0,0,0,0,0,0
दाम 18 घंटे में बढ़ जाएंगे,false_urgency,false_urgency,hi,span,timer,[TAG=span] [ROLE=timer] दाम 18 घंटे में बढ़ जाएंगे,false_urgency:hi:04,synthetic_v1,0,1,0,0,0,0,0,0
तपाईंको कार्ट 7 मिनेट मा खाली हुनेछ,false_urgency,false_urgency,ne,p,promo,[TAG=p] [ROLE=promo] तपाईंको कार्ट 7 मिनेट मा खाली हुनेछ,false_urgency:ne:03,synthetic_v1,0,1,0,0,0,0,0,0
यो मूल्य तपाईंका लागि 30 मिनेट सम्म सुरक्षित,false_urgency,false_urgency,ne,span,timer,[TAG=span] [ROLE=timer] यो मूल्य तपाईंका लागि 30 मिनेट सम्म सुरक्षित,false_urgency:ne:12,synthetic_v1,0,1,0,0,0,0,0,0
15% छूट 04:30 में समाप्त,false_urgency,false_urgency,hi,div,banner,[TAG=div] [ROLE=banner] 15% छूट 04:30 में समाप्त,false_urgency:hi:15,synthetic_v1,0,1,0,0,0,0,0,0
जल्दी करें! नॉइज़ कैंसलिंग हेडफोन पर ऑफ़र 23:11 में समाप्त,false_urgency,false_urgency,hi,p,promo,[TAG=p] [ROLE=promo] जल्दी करें! नॉइज़ कैंसलिंग हेडफोन पर ऑफ़र 23:11 में समाप्त,false_urgency:hi:01,synthetic_v1,0,1,0,0,0,0,0,0
आगरा डिलीवरी के लिए 12:00 में पानी की बोतल ऑर्डर करें,false_urgency,false_urgency,hi,p,promo,[TAG=p] [ROLE=promo] आगरा डिलीवरी के लिए 12:00 में पानी की बोतल ऑर्डर करें,false_urgency:hi:18,synthetic_v1,0,1,0,0,0,0,0,0
अन्तिम मौका — वायरलेस इयरबड्स मा 30 मिनेट बाँकी,false_urgency,false_urgency,ne,p,promo,[TAG=p] [ROLE=promo] अन्तिम मौका — वायरलेस इयरबड्स मा 30 मिनेट बाँकी,false_urgency:ne:05,synthetic_v1,0,1,0,0,0,0,0,0
अफर 3 घण्टा मा सकिन्छ — 8 मात्र बाँकी!,false_urgency|scarcity,false_urgency,ne,p,promo,[TAG=p] [ROLE=promo] अफर 3 घण्टा मा सकिन्छ — 8 मात्र बाँकी!,false_urgency:ne:14,synthetic_v1,0,1,0,0,1,0,0,0
40% off expires in 14:59,false_urgency,false_urgency,en,span,timer,[TAG=span] [ROLE=timer] 40% off expires in 14:59,false_urgency:en:15,synthetic_v1,0,1,0,0,0,0,0,0
आज का सौदा 30 मिनट में खत्म,false_urgency,false_urgency,hi,div,banner,[TAG=div] [ROLE=banner] आज का सौदा 30 मिनट में खत्म,false_urgency:hi:02,synthetic_v1,0,1,0,0,0,0,0,0
80% off expires in 10 minutes,false_urgency,false_urgency,en,div,banner,[TAG=div] [ROLE=banner] 80% off expires in 10 minutes,false_urgency:en:15,synthetic_v1,0,1,0,0,0,0,0,0
Rs. 399 price on protein powder valid for 45 minutes only,false_urgency,false_urgency,en,span,timer,[TAG=span] [ROLE=timer] Rs. 399 price on protein powder valid for 45 minutes only,false_urgency:en:21,synthetic_v1,0,1,0,0,0,0,0,0
जल्दी करें! बैकपैक पर ऑफ़र 10 मिनट में समाप्त,false_urgency,false_urgency,hi,div,banner,[TAG=div] [ROLE=banner] जल्दी करें! बैकपैक पर ऑफ़र 10 मिनट में समाप्त,false_urgency:hi:01,synthetic_v1,0,1,0,0,0,0,0,0
जल्दी करें! योगा मैट पर ऑफ़र 12:00 में समाप्त,false_urgency,false_urgency,hi,span,timer,[TAG=span] [ROLE=timer] जल्दी करें! योगा मैट पर ऑफ़र 12:00 में समाप्त,false_urgency:hi:01,synthetic_v1,0,1,0,0,0,0,0,0
"00:59 भित्र अर्डर गर्नुहोस्, 14 दिनमा डेलिभरी",false_urgency,false_urgency,ne,span,timer,"[TAG=span] [ROLE=timer] 00:59 भित्र अर्डर गर्नुहोस्, 14 दिनमा डेलिभरी",false_urgency:ne:16,synthetic_v1,0,1,0,0,0,0,0,0
राइस कुकर रहेको तपाईंको Croma कार्ट 10 मिनेट मा सकिन्छ,false_urgency,false_urgency,ne,span,timer,[TAG=span] [ROLE=timer] राइस कुकर रहेको तपाईंको Croma कार्ट 10 मिनेट मा सकिन्छ,false_urgency:ne:20,synthetic_v1,0,1,0,0,0,0,0,0
Rs. 49 price on wireless earbuds valid for 2 hours only,false_urgency,false_urgency,en,div,banner,[TAG=div] [ROLE=banner] Rs. 49 price on wireless earbuds valid for 2 hours only,false_urgency:en:21,synthetic_v1,0,1,0,0,0,0,0,0
अफर 12 घण्टा मा सकिन्छ — 1 मात्र बाँकी!,false_urgency|scarcity,false_urgency,ne,div,banner,[TAG=div] [ROLE=banner] अफर 12 घण्टा मा सकिन्छ — 1 मात्र बाँकी!,false_urgency:ne:14,synthetic_v1,0,1,0,0,1,0,0,0
जल्दी करें! स्कूल बैग पर ऑफ़र 48 घंटे में समाप्त,false_urgency,false_urgency,hi,span,timer,[TAG=span] [ROLE=timer] जल्दी करें! स्कूल बैग पर ऑफ़र 48 घंटे में समाप्त,false_urgency:hi:01,synthetic_v1,0,1,0,0,0,0,0,0
रनिंग शूज़ वाला आपका Daraz कार्ट 15 मिनट में खत्म,false_urgency,false_urgency,hi,p,promo,[TAG=p] [ROLE=promo] रनिंग शूज़ वाला आपका Daraz कार्ट 15 मिनट में खत्म,false_urgency:hi:20,synthetic_v1,0,1,0,0,0,0,0,0
सेल 6 घंटे में खत्म!,false_urgency,false_urgency,hi,p,promo,[TAG=p] [ROLE=promo] सेल 6 घंटे में खत्म!,false_urgency:hi:00,synthetic_v1,0,1,0,0,0,0,0,0
"फ्लैश सेल 10 मिनट में खत्म, चूकें नहीं",false_urgency,false_urgency,hi,div,banner,"[TAG=div] [ROLE=banner] फ्लैश सेल 10 मिनट में खत्म, चूकें नहीं",false_urgency:hi:06,synthetic_v1,0,1,0,0,0,0,0,0
छिटो गर्नुहोस्! फोन कभर को अफर 18 घण्टा मा सकिँदै,false_urgency,false_urgency,ne,span,timer,[TAG=span] [ROLE=timer] छिटो गर्नुहोस्! फोन कभर को अफर 18 घण्टा मा सकिँदै,false_urgency:ne:01,synthetic_v1,0,1,0,0,0,0,0,0
"फ्लैश सेल 23:11 में खत्म, चूकें नहीं",false_urgency,false_urgency,hi,span,timer,"[TAG=span] [ROLE=timer] फ्लैश सेल 23:11 में खत्म, चूकें नहीं",false_urgency:hi:06,synthetic_v1,0,1,0,0,0,0,0,0
ब्याकप्याक मा रु. 799 को मूल्य 5 मिनेट सम्म मात्र,false_urgency,false_urgency,ne,span,timer,[TAG=span] [ROLE=timer] ब्याकप्याक मा रु. 799 को मूल्य 5 मिनेट सम्म मात्र,false_urgency:ne:21,synthetic_v1,0,1,0,0,0,0,0,0
सेल 12:00 मा सकिन्छ!,false_urgency,false_urgency,ne,span,timer,[TAG=span] [ROLE=timer] सेल 12:00 मा सकिन्छ!,false_urgency:ne:00,synthetic_v1,0,1,0,0,0,0,0,0
दाम 00:59 में बढ़ जाएंगे,false_urgency,false_urgency,hi,div,banner,[TAG=div] [ROLE=banner] दाम 00:59 में बढ़ जाएंगे,false_urgency:hi:04,synthetic_v1,0,1,0,0,0,0,0,0
ऑफ़र 04:30 में खत्म — केवल 10 बचे!,false_urgency|scarcity,false_urgency,hi,p,promo,[TAG=p] [ROLE=promo] ऑफ़र 04:30 में खत्म — केवल 10 बचे!,false_urgency:hi:14,synthetic_v1,0,1,0,0,1,0,0,0
स्टडी लैंप वाला आपका Blinkit कार्ट 15 मिनट में खत्म,false_urgency,false_urgency,hi,div,banner,[TAG=div] [ROLE=banner] स्टडी लैंप वाला आपका Blinkit कार्ट 15 मिनट में खत्म,false_urgency:hi:20,synthetic_v1,0,1,0,0,0,0,0,0
"Flash sale ending in 1 minute, don't miss out",false_urgency,false_urgency,en,p,promo,"[TAG=p] [ROLE=promo] Flash sale ending in 1 minute, don't miss out",false_urgency:en:06,synthetic_v1,0,1,0,0,0,0,0,0
Lenskart पर इलेक्ट्रिक केटल की सेल 45 मिनट में खत्म,false_urgency,false_urgency,hi,span,timer,[TAG=span] [ROLE=timer] Lenskart पर इलेक्ट्रिक केटल की सेल 45 मिनट में खत्म,false_urgency:hi:17,synthetic_v1,0,1,0,0,0,0,0,0
आज मात्र! स्मार्टवाच मा 35% छुट,false_urgency,false_urgency,ne,div,banner,[TAG=div] [ROLE=banner] आज मात्र! स्मार्टवाच मा 35% छुट,false_urgency:ne:10,synthetic_v1,0,1,0,0,0,0,0,0
Countdown: 7 minutes until the price rises,false_urgency,false_urgency,en,span,timer,[TAG=span] [ROLE=timer] Countdown: 7 minutes until the price rises,false_urgency:en:08,synthetic_v1,0,1,0,0,0,0,0,0
FirstCry मा डेनिम जिन्स को सेल 12:00 मा सकिन्छ,false_urgency,false_urgency,ne,p,promo,[TAG=p] [ROLE=promo] FirstCry मा डेनिम जिन्स को सेल 12:00 मा सकिन्छ,false_urgency:ne:17,synthetic_v1,0,1,0,0,0,0,0,0
40% off expires in 10 minutes,false_urgency,false_urgency,en,span,timer,[TAG=span] [ROLE=timer] 40% off expires in 10 minutes,false_urgency:en:15,synthetic_v1,0,1,0,0,0,0,0,0
आपका कार्ट 30 मिनट में खाली हो जाएगा,false_urgency,false_urgency,hi,p,promo,[TAG=p] [ROLE=promo] आपका कार्ट 30 मिनट में खाली हो जाएगा,false_urgency:hi:03,synthetic_v1,0,1,0,0,0,0,0,0
सिर्फ़ आज! फॉर्मल शर्ट पर 80% छूट,false_urgency,false_urgency,hi,span,timer,[TAG=span] [ROLE=timer] सिर्फ़ आज! फॉर्मल शर्ट पर 80% छूट,false_urgency:hi:10,synthetic_v1,0,1,0,0,0,0,0,0
Offer ends in 24 hours — only 12 left!,false_urgency|scarcity,false_urgency,en,p,promo,[TAG=p] [ROLE=promo] Offer ends in 24 hours — only 12 left!,false_urgency:en:14,synthetic_v1,0,1,0,0,1,0,0,0
Offer ends in 6 hours — only 1 left!,false_urgency|scarcity,false_urgency,en,div,banner,[TAG=div] [ROLE=banner] Offer ends in 6 hours — only 1 left!,false_urgency:en:14,synthetic_v1,0,1,0,0,1,0,0,0
ऑफ़र 45 मिनट में खत्म — केवल 12 बचे!,false_urgency|scarcity,false_urgency,hi,p,promo,[TAG=p] [ROLE=promo] ऑफ़र 45 मिनट में खत्म — केवल 12 बचे!,false_urgency:hi:14,synthetic_v1,0,1,0,0,1,0,0,0
35% छुट 23:11 मा सकिन्छ,false_urgency,false_urgency,ne,p,promo,[TAG=p] [ROLE=promo] 35% छुट 23:11 मा सकिन्छ,false_urgency:ne:15,synthetic_v1,0,1,0,0,0,0,0,0
बागलुङ डेलिभरीका लागि 1 मिनेट भित्र स्मार्टवाच अर्डर गर्नुहोस्,false_urgency,false_urgency,ne,p,promo,[TAG=p] [ROLE=promo] बागलुङ डेलिभरीका लागि 1 मिनेट भित्र स्मार्टवाच अर्डर गर्नुहोस्,false_urgency:ne:18,synthetic_v1,0,1,0,0,0,0,0,0
Your Thulo cart with winter blanket expires in 12:00,false_urgency,false_urgency,en,span,timer,[TAG=span] [ROLE=timer] Your Thulo cart with winter blanket expires in 12:00,false_urgency:en:20,synthetic_v1,0,1,0,0,0,0,0,0
20% off laptop bag at Flipkart — 3 hours left,false_urgency,false_urgency,en,span,timer,[TAG=span] [ROLE=timer] 20% off laptop bag at Flipkart — 3 hours left,false_urgency:en:19,synthetic_v1,0,1,0,0,0,0,0,0
Order in 45 minutes to get delivery in 4 days,false_urgency,false_urgency,en,div,banner,[TAG=div] [ROLE=banner] Order in 45 minutes to get delivery in 4 days,false_urgency:en:16,synthetic_v1,0,1,0,0,0,0,0,0
"24 घण्टा भित्र अर्डर गर्नुहोस्, 4 दिनमा डेलिभरी",false_urgency,false_urgency,ne,div,banner,"[TAG=div] [ROLE=banner] 24 घण्टा भित्र अर्डर गर्नुहोस्, 4 दिनमा डेलिभरी",false_urgency:ne:16,synthetic_v1,0,1,0,0,0,0,0,0
35% छूट 5 मिनट में समाप्त,false_urgency,false_urgency,hi,p,promo,[TAG=p] [ROLE=promo] 35% छूट 5 मिनट में समाप्त,false_urgency:hi:15,synthetic_v1,0,1,0,0,0,0,0,0
काउंटडाउन: 30 मिनट में कीमत बढ़ेगी,false_urgency,false_urgency,hi,div,banner,[TAG=div] [ROLE=banner] काउंटडाउन: 30 मिनट में कीमत बढ़ेगी,false_urgency:hi:08,synthetic_v1,0,1,0,0,0,0,0,0
Offer ends in 24 hours — only 6 left!,false_urgency|scarcity,false_urgency,en,p,promo,[TAG=p] [ROLE=promo] Offer ends in 24 hours — only 6 left!,false_urgency:en:14,synthetic_v1,0,1,0,0,1,0,0,0
आपका कार्ट 20 मिनट में खाली हो जाएगा,false_urgency,false_urgency,hi,span,timer,[TAG=span] [ROLE=timer] आपका कार्ट 20 मिनट में खाली हो जाएगा,false_urgency:hi:03,synthetic_v1,0,1,0,0,0,0,0,0
Extended by popular demand — final 12 hours,false_urgency,false_urgency,en,div,banner,[TAG=div] [ROLE=banner] Extended by popular demand — final 12 hours,false_urgency:en:13,synthetic_v1,0,1,0,0,0,0,0,0
Last chance — 00:59 left on induction cooktop,false_urgency,false_urgency,en,p,promo,[TAG=p] [ROLE=promo] Last chance — 00:59 left on induction cooktop,false_urgency:en:05,synthetic_v1,0,1,0,0,0,0,0,0
फॉर्मल शर्ट वाला आपका Meesho कार्ट 15 मिनट में खत्म,false_urgency,false_urgency,hi,span,timer,[TAG=span] [ROLE=timer] फॉर्मल शर्ट वाला आपका Meesho कार्ट 15 मिनट में खत्म,false_urgency:hi:20,synthetic_v1,0,1,0,0,0,0,0,0
Lenskart मा पानीको बोतल को सेल 45 मिनेट मा सकिन्छ,false_urgency,false_urgency,ne,div,banner,[TAG=div] [ROLE=banner] Lenskart मा पानीको बोतल को सेल 45 मिनेट मा सकिन्छ,false_urgency:ne:17,synthetic_v1,0,1,0,0,0,0,0,0
Hurry! Offer on cotton kurta expires in 1 hour,false_urgency,false_urgency,en,p,promo,[TAG=p] [ROLE=promo] Hurry! Offer on cotton kurta expires in 1 hour,false_urgency:en:01,synthetic_v1,0,1,0,0,0,0,0,0
Last chance — 12 hours left on cotton kurta,false_urgency,false_urgency,en,span,timer,[TAG=span] [ROLE=timer] Last chance — 12 hours left on cotton kurta,false_urgency:en:05,synthetic_v1,0,1,0,0,0,0,0,0
Offer ends in 18 hours — only 5 left!,false_urgency|scarcity,false_urgency,en,div,banner,[TAG=div] [ROLE=banner] Offer ends in 18 hours — only 5 left!,false_urgency:en:14,synthetic_v1,0,1,0,0,1,0,0,0
"12 घंटे में ऑर्डर करें, 3 दिन में डिलीवरी",false_urgency,false_urgency,hi,p,promo,"[TAG=p] [ROLE=promo] 12 घंटे में ऑर्डर करें, 3 दिन में डिलीवरी",false_urgency:hi:16,synthetic_v1,0,1,0,0,0,0,0,0
Order protein powder within 12 hours for delivery to Delhi,false_urgency,false_urgency,en,span,timer,[TAG=span] [ROLE=timer] Order protein powder within 12 hours for delivery to Delhi,false_urgency:en:18,synthetic_v1,0,1,0,0,0,0,0,0
ऑफ़र 04:30 में खत्म — केवल 1 बचे!,false_urgency|scarcity,false_urgency,hi,p,promo,[TAG=p] [ROLE=promo] ऑफ़र 04:30 में खत्म — केवल 1 बचे!,false_urgency:hi:14,synthetic_v1,0,1,0,0,1,0,0,0
काउंटडाउन: 5 मिनट में कीमत बढ़ेगी,false_urgency,false_urgency,hi,div,banner,[TAG=div] [ROLE=banner] काउंटडाउन: 5 मिनट में कीमत बढ़ेगी,false_urgency:hi:08,synthetic_v1,0,1,0,0,0,0,0,0
ल्यापटप ब्याग रहेको तपाईंको Blinkit कार्ट 15 मिनेट मा सकिन्छ,false_urgency,false_urgency,ne,p,promo,[TAG=p] [ROLE=promo] ल्यापटप ब्याग रहेको तपाईंको Blinkit कार्ट 15 मिनेट मा सकिन्छ,false_urgency:ne:20,synthetic_v1,0,1,0,0,0,0,0,0
"Flash sale ending in 18 hours, don't miss out",false_urgency,false_urgency,en,div,banner,"[TAG=div] [ROLE=banner] Flash sale ending in 18 hours, don't miss out",false_urgency:en:06,synthetic_v1,0,1,0,0,0,0,0,0
35% छुट 1 घण्टा मा सकिन्छ,false_urgency,false_urgency,ne,p,promo,[TAG=p] [ROLE=promo] 35% छुट 1 घण्टा मा सकिन्छ,false_urgency:ne:15,synthetic_v1,0,1,0,0,0,0,0,0
आपका कार्ट 1 मिनट में खाली हो जाएगा,false_urgency,false_urgency,hi,span,timer,[TAG=span] [ROLE=timer] आपका कार्ट 1 मिनट में खाली हो जाएगा,false_urgency:hi:03,synthetic_v1,0,1,0,0,0,0,0,0
आज मात्र! प्रोटिन पाउडर मा 20% छुट,false_urgency,false_urgency,ne,p,promo,[TAG=p] [ROLE=promo] आज मात्र! प्रोटिन पाउडर मा 20% छुट,false_urgency:ne:10,synthetic_v1,0,1,0,0,0,0,0,0
कॉफी मेकर पर रु. 199 की कीमत 19:20 तक ही,false_urgency,false_urgency,hi,span,timer,[TAG=span] [ROLE=timer] कॉफी मेकर पर रु. 199 की कीमत 19:20 तक ही,false_urgency:hi:21,synthetic_v1,0,1,0,0,0,0,0,0
Flipkart मा प्रोटिन पाउडर मा 15% छुट — 04:30 बाँकी,false_urgency,false_urgency,ne,div,banner,[TAG=div] [ROLE=banner] Flipkart मा प्रोटिन पाउडर मा 15% छुट — 04:30 बाँकी,false_urgency:ne:19,synthetic_v1,0,1,0,0,0,0,0,0
"45 मिनट में ऑर्डर करें, 10 दिन में डिलीवरी",false_urgency,false_urgency,hi,p,promo,"[TAG=p] [ROLE=promo] 45 मिनट में ऑर्डर करें, 10 दिन में डिलीवरी",false_urgency:hi:16,synthetic_v1,0,1,0,0,0,0,0,0
Today only! 5% off face wash,false_urgency,false_urgency,en,p,promo,[TAG=p] [ROLE=promo] Today only! 5% off face wash,false_urgency:en:10,synthetic_v1,0,1,0,0,0,0,0,0
"Flash sale ending in 02:14, don't miss out",false_urgency,false_urgency,en,div,banner,"[TAG=div] [ROLE=banner] Flash sale ending in 02:14, don't miss out",false_urgency:en:06,synthetic_v1,0,1,0,0,0,0,0,0
Salesberry मा हिउँदको ब्ल्याङ्केट को सेल 45 मिनेट मा सकिन्छ,false_urgency,false_urgency,ne,p,promo,[TAG=p] [ROLE=promo] Salesberry मा हिउँदको ब्ल्याङ्केट को सेल 45 मिनेट मा सकिन्छ,false_urgency:ne:17,synthetic_v1,0,1,0,0,0,0,0,0
आजको डिल 24 घण्टा मा सकिन्छ,false_urgency,false_urgency,ne,span,timer,[TAG=span] [ROLE=timer] आजको डिल 24 घण्टा मा सकिन्छ,false_urgency:ne:02,synthetic_v1,0,1,0,0,0,0,0,0
धूप का चश्मा वाला आपका Tata Cliq कार्ट 3 घंटे में खत्म,false_urgency,false_urgency,hi,div,banner,[TAG=div] [ROLE=banner] धूप का चश्मा वाला आपका Tata Cliq कार्ट 3 घंटे में खत्म,false_urgency:hi:20,synthetic_v1,0,1,0,0,0,0,0,0
छिटो गर्नुहोस्! गेमिङ माउस को अफर 24 घण्टा मा सकिँदै,false_urgency,false_urgency,ne,div,banner,[TAG=div] [ROLE=banner] छिटो गर्नुहोस्! गेमिङ माउस को अफर 24 घण्टा मा सकिँदै,false_urgency:ne:01,synthetic_v1,0,1,0,0,0,0,0,0
20% छूट 00:59 में समाप्त,false_urgency,false_urgency,hi,div,banner,[TAG=div] [ROLE=banner] 20% छूट 00:59 में समाप्त,false_urgency:hi:15,synthetic_v1,0,1,0,0,0,0,0,0
25% छूट 20 मिनट में समाप्त,false_urgency,false_urgency,hi,div,banner,[TAG=div] [ROLE=banner] 25% छूट 20 मिनट में समाप्त,false_urgency:hi:15,synthetic_v1,0,1,0,0,0,0,0,0
40% छुट 04:30 मा सकिन्छ,false_urgency,false_urgency,ne,p,promo,[TAG=p] [ROLE=promo] 40% छुट 04:30 मा सकिन्छ,false_urgency:ne:15,synthetic_v1,0,1,0,0,0,0,0,0
जल्दी करें! वायरलेस ईयरबड्स पर ऑफ़र 20 मिनट में समाप्त,false_urgency,false_urgency,hi,div,banner,[TAG=div] [ROLE=banner] जल्दी करें! वायरलेस ईयरबड्स पर ऑफ़र 20 मिनट में समाप्त,false_urgency:hi:01,synthetic_v1,0,1,0,0,0,0,0,0
40% छुट 30 मिनेट मा सकिन्छ,false_urgency,false_urgency,ne,span,timer,[TAG=span] [ROLE=timer] 40% छुट 30 मिनेट मा सकिन्छ,false_urgency:ne:15,synthetic_v1,0,1,0,0,0,0,0,0
जल्दी करें! योगा मैट पर ऑफ़र 14:59 में समाप्त,false_urgency,false_urgency,hi,span,timer,[TAG=span] [ROLE=timer] जल्दी करें! योगा मैट पर ऑफ़र 14:59 में समाप्त,false_urgency:hi:01,synthetic_v1,0,1,0,0,0,0,0,0
Hurry! Offer on gaming mouse expires in 45 minutes,false_urgency,false_urgency,en,p,promo,[TAG=p] [ROLE=promo] Hurry! Offer on gaming mouse expires in 45 minutes,false_urgency:en:01,synthetic_v1,0,1,0,0,0,0,0,0
मागका कारण 8 घण्टा थपियो,false_urgency,false_urgency,ne,div,banner,[TAG=div] [ROLE=banner] मागका कारण 8 घण्टा थपियो,false_urgency:ne:13,synthetic_v1,0,1,0,0,0,0,0,0
HamroBazar मा फेस वास को सेल 23:11 मा सकिन्छ,false_urgency,false_urgency,ne,span,timer,[TAG=span] [ROLE=timer] HamroBazar मा फेस वास को सेल 23:11 मा सकिन्छ,false_urgency:ne:17,synthetic_v1,0,1,0,0,0,0,0,0
ललितपुर डेलिभरीका लागि 23:11 भित्र एयर फ्रायर अर्डर गर्नुहोस्,false_urgency,false_urgency,ne,p,promo,[TAG=p] [ROLE=promo] ललितपुर डेलिभरीका लागि 23:11 भित्र एयर फ्रायर अर्डर गर्नुहोस्,false_urgency:ne:18,synthetic_v1,0,1,0,0,0,0,0,0
Your Ajio cart with backpack expires in 04:30,false_urgency,false_urgency,en,p,promo,[TAG=p] [ROLE=promo] Your Ajio cart with backpack expires in 04:30,false_urgency:en:20,synthetic_v1,0,1,0,0,0,0,0,0
हैदराबाद डिलीवरी के लिए 10 मिनट में कॉटन कुर्ता ऑर्डर करें,false_urgency,false_urgency,hi,p,promo,[TAG=p] [ROLE=promo] हैदराबाद डिलीवरी के लिए 10 मिनट में कॉटन कुर्ता ऑर्डर करें,false_urgency:hi:18,synthetic_v1,0,1,0,0,0,0,0,0
फोन कवर पर रु. 599 की कीमत 5 मिनट तक ही,false_urgency,false_urgency,hi,span,timer,[TAG=span] [ROLE=timer] फोन कवर पर रु. 599 की कीमत 5 मिनट तक ही,false_urgency:hi:21,synthetic_v1,0,1,0,0,0,0,0,0
Today only! 10% off bluetooth speaker,false_urgency,false_urgency,en,div,banner,[TAG=div] [ROLE=banner] Today only! 10% off bluetooth speaker,false_urgency:en:10,synthetic_v1,0,1,0,0,0,0,0,0
60% छूट 30 मिनट में समाप्त,false_urgency,false_urgency,hi,span,timer,[TAG=span] [ROLE=timer] 60% छूट 30 मिनट में समाप्त,false_urgency:hi:15,synthetic_v1,0,1,0,0,0,0,0,0
छिटो गर्नुहोस्! इलेक्ट्रिक केतली को अफर 3 मिनेट मा सकिँदै,false_urgency,false_urgency,ne,div,banner,[TAG=div] [ROLE=banner] छिटो गर्नुहोस्! इलेक्ट्रिक केतली को अफर 3 मिनेट मा सकिँदै,false_urgency:ne:01,synthetic_v1,0,1,0,0,0,0,0,0
Order in 2 hours to get delivery in 10 days,false_urgency,false_urgency,en,span,timer,[TAG=span] [ROLE=timer] Order in 2 hours to get delivery in 10 days,false_urgency:en:16,synthetic_v1,0,1,0,0,0,0,0,0
आपका कार्ट 18 घंटे में खाली हो जाएगा,false_urgency,false_urgency,hi,p,promo,[TAG=p] [ROLE=promo] आपका कार्ट 18 घंटे में खाली हो जाएगा,false_urgency:hi:03,synthetic_v1,0,1,0,0,0,0,0,0
Last chance — 15 minutes left on backpack,false_urgency,false_urgency,en,span,timer,[TAG=span] [ROLE=timer] Last chance — 15 minutes left on backpack,false_urgency:en:05,synthetic_v1,0,1,0,0,0,0,0,0
HamroBazar sale on cotton kurta ends in 1 minute,false_urgency,false_urgency,en,span,timer,[TAG=span] [ROLE=timer] HamroBazar sale on cotton kurta ends in 1 minute,false_urgency:en:17,synthetic_v1,0,1,0,0,0,0,0,0
गेमिंग माउस वाला आपका Zepto कार्ट 48 घंटे में खत्म,false_urgency,false_urgency,hi,p,promo,[TAG=p] [ROLE=promo] गेमिंग माउस वाला आपका Zepto कार्ट 48 घंटे में खत्म,false_urgency:hi:20,synthetic_v1,0,1,0,0,0,0,0,0
HamroBazar मा हेयर ड्रायर को सेल 12:00 मा सकिन्छ,false_urgency,false_urgency,ne,p,promo,[TAG=p] [ROLE=promo] HamroBazar मा हेयर ड्रायर को सेल 12:00 मा सकिन्छ,false_urgency:ne:17,synthetic_v1,0,1,0,0,0,0,0,0
Offer ends in 10 minutes — only 4 left!,false_urgency|scarcity,false_urgency,en,div,banner,[TAG=div] [ROLE=banner] Offer ends in 10 minutes — only 4 left!,false_urgency:en:14,synthetic_v1,0,1,0,0,1,0,0,0
अफर 24 घण्टा मा सकिन्छ — 10 मात्र बाँकी!,false_urgency|scarcity,false_urgency,ne,div,banner,[TAG=div] [ROLE=banner] अफर 24 घण्टा मा सकिन्छ — 10 मात्र बाँकी!,false_urgency:ne:14,synthetic_v1,0,1,0,0,1,0,0,0
Order study lamp within 45 minutes for delivery to Jaipur,false_urgency,false_urgency,en,div,banner,[TAG=div] [ROLE=banner] Order study lamp within 45 minutes for delivery to Jaipur,false_urgency:en:18,synthetic_v1,0,1,0,0,0,0,0,0
Order in 12:00 to get delivery in 14 days,false_urgency,false_urgency,en,span,timer,[TAG=span] [ROLE=timer] Order in 12:00 to get delivery in 14 days,false_urgency:en:16,synthetic_v1,0,1,0,0,0,0,0,0
Amazon sale on rice cooker ends in 10 minutes,false_urgency,false_urgency,en,p,promo,[TAG=p] [ROLE=promo] Amazon sale on rice cooker ends in 10 minutes,false_urgency:en:17,synthetic_v1,0,1,0,0,0,0,0,0
काउन्टडाउन: 09:45 मा मूल्य बढ्नेछ,false_urgency,false_urgency,ne,p,promo,[TAG=p] [ROLE=promo] काउन्टडाउन: 09:45 मा मूल्य बढ्नेछ,false_urgency:ne:08,synthetic_v1,0,1,0,0,0,0,0,0
70% off expires in 3 hours,false_urgency,false_urgency,en,p,promo,[TAG=p] [ROLE=promo] 70% off expires in 3 hours,false_urgency:en:15,synthetic_v1,0,1,0,0,0,0,0,0
इस डील पर केवल 04:30 शेष,false_urgency,false_urgency,hi,div,banner,[TAG=div] [ROLE=banner] इस डील पर केवल 04:30 शेष,false_urgency:hi:11,synthetic_v1,0,1,0,0,0,0,0,0
वायरलेस ईयरबड्स वाला आपका Muncha कार्ट 3 मिनट में खत्म,false_urgency,false_urgency,hi,div,banner,[TAG=div] [ROLE=banner] वायरलेस ईयरबड्स वाला आपका Muncha कार्ट 3 मिनट में खत्म,false_urgency:hi:20,synthetic_v1,0,1,0,0,0,0,0,0
Your Kinbech cart with coffee maker expires in 3 minutes,false_urgency,false_urgency,en,span,timer,[TAG=span] [ROLE=timer] Your Kinbech cart with coffee maker expires in 3 minutes,false_urgency:en:20,synthetic_v1,0,1,0,0,0,0,0,0
BigBasket sale on school bag ends in 45 minutes,false_urgency,false_urgency,en,p,promo,[TAG=p] [ROLE=promo] BigBasket sale on school bag ends in 45 minutes,false_urgency:en:17,synthetic_v1,0,1,0,0,0,0,0,0
यो मूल्य तपाईंका लागि 1 घण्टा सम्म सुरक्षित,false_urgency,false_urgency,ne,span,timer,[TAG=span] [ROLE=timer] यो मूल्य तपाईंका लागि 1 घण्टा सम्म सुरक्षित,false_urgency:ne:12,synthetic_v1,0,1,0,0,0,0,0,0
Reserved for you for 3 minutes,false_urgency,false_urgency,en,span,timer,[TAG=span] [ROLE=timer] Reserved for you for 3 minutes,false_urgency:en:12,synthetic_v1,0,1,0,0,0,0,0,0
20% off expires in 12 hours,false_urgency,false_urgency,en,span,timer,[TAG=span] [ROLE=timer] 20% off expires in 12 hours,false_urgency:en:15,synthetic_v1,0,1,0,0,0,0,0,0
"7 मिनेट भित्र अर्डर गर्नुहोस्, 3 दिनमा डेलिभरी",false_urgency,false_urgency,ne,div,banner,"[TAG=div] [ROLE=banner] 7 मिनेट भित्र अर्डर गर्नुहोस्, 3 दिनमा डेलिभरी",false_urgency:ne:16,synthetic_v1,0,1,0,0,0,0,0,0
बैकपैक वाला आपका JioMart कार्ट 12 घंटे में खत्म,false_urgency,false_urgency,hi,p,promo,[TAG=p] [ROLE=promo] बैकपैक वाला आपका JioMart कार्ट 12 घंटे में खत्म,false_urgency:hi:20,synthetic_v1,0,1,0,0,0,0,0,0
80% off expires in 02:14,false_urgency,false_urgency,en,p,promo,[TAG=p] [ROLE=promo] 80% off expires in 02:14,false_urgency:en:15,synthetic_v1,0,1,0,0,0,0,0,0
सेल 1 घंटे में खत्म!,false_urgency,false_urgency,hi,p,promo,[TAG=p] [ROLE=promo] सेल 1 घंटे में खत्म!,false_urgency:hi:00,synthetic_v1,0,1,0,0,0,0,0,0
"48 घण्टा भित्र अर्डर गर्नुहोस्, 3 दिनमा डेलिभरी",false_urgency,false_urgency,ne,span,timer,"[TAG=span] [ROLE=timer] 48 घण्टा भित्र अर्डर गर्नुहोस्, 3 दिनमा डेलिभरी",false_urgency:ne:16,synthetic_v1,0,1,0,0,0,0,0,0
FirstCry पर पानी की बोतल की सेल 14:59 में खत्म,false_urgency,false_urgency,hi,p,promo,[TAG=p] [ROLE=promo] FirstCry पर पानी की बोतल की सेल 14:59 में खत्म,false_urgency:hi:17,synthetic_v1,0,1,0,0,0,0,0,0
Hurry! Offer on yoga mat expires in 02:14,false_urgency,false_urgency,en,span,timer,[TAG=span] [ROLE=timer] Hurry! Offer on yoga mat expires in 02:14,false_urgency:en:01,synthetic_v1,0,1,0,0,0,0,0,0
Offer ends in 1 minute — only 5 left!,false_urgency|scarcity,false_urgency,en,div,banner,[TAG=div] [ROLE=banner] Offer ends in 1 minute — only 5 left!,false_urgency:en:14,synthetic_v1,0,1,0,0,1,0,0,0
अन्तिम मौका — ट्रेकिङ ज्याकेट मा 23:11 बाँकी,false_urgency,false_urgency,ne,p,promo,[TAG=p] [ROLE=promo] अन्तिम मौका — ट्रेकिङ ज्याकेट मा 23:11 बाँकी,false_urgency:ne:05,synthetic_v1,0,1,0,0,0,0,0,0
पानी की बोतल वाला आपका Amazon कार्ट 24 घंटे में खत्म,false_urgency,false_urgency,hi,span,timer,[TAG=span] [ROLE=timer] पानी की बोतल वाला आपका Amazon कार्ट 24 घंटे में खत्म,false_urgency:hi:20,synthetic_v1,0,1,0,0,0,0,0,0
लैपटॉप बैग पर रु. 249 की कीमत 1 मिनट तक ही,false_urgency,false_urgency,hi,p,promo,[TAG=p] [ROLE=promo] लैपटॉप बैग पर रु. 249 की कीमत 1 मिनट तक ही,false_urgency:hi:21,synthetic_v1,0,1,0,0,0,0,0,0
Last chance — 10 minutes left on formal shirt,false_urgency,false_urgency,en,div,banner,[TAG=div] [ROLE=banner] Last chance — 10 minutes left on formal shirt,false_urgency:en:05,synthetic_v1,0,1,0,0,0,0,0,0
पोखरा डेलिभरीका लागि 30 मिनेट भित्र योगा म्याट अर्डर गर्नुहोस्,false_urgency,false_urgency,ne,span,timer,[TAG=span] [ROLE=timer] पोखरा डेलिभरीका लागि 30 मिनेट भित्र योगा म्याट अर्डर गर्नुहोस्,false_urgency:ne:18,synthetic_v1,0,1,0,0,0,0,0,0
"1 घंटे में ऑर्डर करें, 14 दिन में डिलीवरी",false_urgency,false_urgency,hi,span,timer,"[TAG=span] [ROLE=timer] 1 घंटे में ऑर्डर करें, 14 दिन में डिलीवरी",false_urgency:hi:16,synthetic_v1,0,1,0,0,0,0,0,0
"फ्लैश सेल 02:14 में खत्म, चूकें नहीं",false_urgency,false_urgency,hi,p,promo,"[TAG=p] [ROLE=promo] फ्लैश सेल 02:14 में खत्म, चूकें नहीं",false_urgency:hi:06,synthetic_v1,0,1,0,0,0,0,0,0
Last chance — 10 minutes left on sunglasses,false_urgency,false_urgency,en,span,timer,[TAG=span] [ROLE=timer] Last chance — 10 minutes left on sunglasses,false_urgency:en:05,synthetic_v1,0,1,0,0,0,0,0,0
सिर्फ़ आज! वायरलेस ईयरबड्स पर 30% छूट,false_urgency,false_urgency,hi,p,promo,[TAG=p] [ROLE=promo] सिर्फ़ आज! वायरलेस ईयरबड्स पर 30% छूट,false_urgency:hi:10,synthetic_v1,0,1,0,0,0,0,0,0
ऑफिस चेयर पर रु. 399 की कीमत 04:30 तक ही,false_urgency,false_urgency,hi,div,banner,[TAG=div] [ROLE=banner] ऑफिस चेयर पर रु. 399 की कीमत 04:30 तक ही,false_urgency:hi:21,synthetic_v1,0,1,0,0,0,0,0,0
Offer ends in 7 minutes — only 10 left!,false_urgency|scarcity,false_urgency,en,div,banner,[TAG=div] [ROLE=banner] Offer ends in 7 minutes — only 10 left!,false_urgency:en:14,synthetic_v1,0,1,0,0,1,0,0,0
कफी मेकर रहेको तपाईंको HamroBazar कार्ट 45 मिनेट मा सकिन्छ,false_urgency,false_urgency,ne,p,promo,[TAG=p] [ROLE=promo] कफी मेकर रहेको तपाईंको HamroBazar कार्ट 45 मिनेट मा सकिन्छ,false_urgency:ne:20,synthetic_v1,0,1,0,0,0,0,0,0
डेनिम जींस पर रु. 899 की कीमत 2 घंटे तक ही,false_urgency,false_urgency,hi,span,timer,[TAG=span] [ROLE=timer] डेनिम जींस पर रु. 899 की कीमत 2 घंटे तक ही,false_urgency:hi:21,synthetic_v1,0,1,0,0,0,0,0,0
आख़िरी मौका — लैपटॉप बैग पर 10 मिनट बाकी,false_urgency,false_urgency,hi,span,timer,[TAG=span] [ROLE=timer] आख़िरी मौका — लैपटॉप बैग पर 10 मिनट बाकी,false_urgency:hi:05,synthetic_v1,0,1,0,0,0,0,0,0
"ट्रेकिङ ज्याकेट मा रु. 1,199 को मूल्य 23:11 सम्म मात्र",false_urgency,false_urgency,ne,div,banner,"[TAG=div] [ROLE=banner] ट्रेकिङ ज्याकेट मा रु. 1,199 को मूल्य 23:11 सम्म मात्र",false_urgency:ne:21,synthetic_v1,0,1,0,0,0,0,0,0
10% छुट 48 घण्टा मा सकिन्छ,false_urgency,false_urgency,ne,span,timer,[TAG=span] [ROLE=timer] 10% छुट 48 घण्टा मा सकिन्छ,false_urgency:ne:15,synthetic_v1,0,1,0,0,0,0,0,0
यह दर पाने के लिए 19:20 में बुक करें,false_urgency,false_urgency,hi,div,banner,[TAG=div] [ROLE=banner] यह दर पाने के लिए 19:20 में बुक करें,false_urgency:hi:09,synthetic_v1,0,1,0,0,0,0,0,0
अफर 19:20 मा सकिन्छ — 1 मात्र बाँकी!,false_urgency|scarcity,false_urgency,ne,div,banner,[TAG=div] [ROLE=banner] अफर 19:20 मा सकिन्छ — 1 मात्र बाँकी!,false_urgency:ne:14,synthetic_v1,0,1,0,0,1,0,0,0
Last chance — 3 minutes left on protein powder,false_urgency,false_urgency,en,span,timer,[TAG=span] [ROLE=timer] Last chance — 3 minutes left on protein powder,false_urgency:en:05,synthetic_v1,0,1,0,0,0,0,0,0
इंदौर डिलीवरी के लिए 14:59 में कॉफी मेकर ऑर्डर करें,false_urgency,false_urgency,hi,div,banner,[TAG=div] [ROLE=banner] इंदौर डिलीवरी के लिए 14:59 में कॉफी मेकर ऑर्डर करें,false_urgency:hi:18,synthetic_v1,0,1,0,0,0,0,0,0
पावर ब्यांक रहेको तपाईंको Salesberry कार्ट 1 घण्टा मा सकिन्छ,false_urgency,false_urgency,ne,p,promo,[TAG=p] [ROLE=promo] पावर ब्यांक रहेको तपाईंको Salesberry कार्ट 1 घण्टा मा सकिन्छ,false_urgency:ne:20,synthetic_v1,0,1,0,0,0,0,0,0
Meesho मा राइस कुकर मा 20% छुट — 15 मिनेट बाँकी,false_urgency,false_urgency,ne,p,promo,[TAG=p] [ROLE=promo] Meesho मा राइस कुकर मा 20% छुट — 15 मिनेट बाँकी,false_urgency:ne:19,synthetic_v1,0,1,0,0,0,0,0,0
Your FirstCry cart with coffee maker expires in 04:30,false_urgency,false_urgency,en,div,banner,[TAG=div] [ROLE=banner] Your FirstCry cart with coffee maker expires in 04:30,false_urgency:en:20,synthetic_v1,0,1,0,0,0,0,0,0
"फ्लैश सेल 12:00 में खत्म, चूकें नहीं",false_urgency,false_urgency,hi,span,timer,"[TAG=span] [ROLE=timer] फ्लैश सेल 12:00 में खत्म, चूकें नहीं",false_urgency:hi:06,synthetic_v1,0,1,0,0,0,0,0,0
50% छूट 12:00 में समाप्त,false_urgency,false_urgency,hi,p,promo,[TAG=p] [ROLE=promo] 50% छूट 12:00 में समाप्त,false_urgency:hi:15,synthetic_v1,0,1,0,0,0,0,0,0
"Flash sale ending in 20 minutes, don't miss out",false_urgency,false_urgency,en,span,timer,"[TAG=span] [ROLE=timer] Flash sale ending in 20 minutes, don't miss out",false_urgency:en:06,synthetic_v1,0,1,0,0,0,0,0,0
इटहरी डेलिभरीका लागि 7 मिनेट भित्र ब्याकप्याक अर्डर गर्नुहोस्,false_urgency,false_urgency,ne,p,promo,[TAG=p] [ROLE=promo] इटहरी डेलिभरीका लागि 7 मिनेट भित्र ब्याकप्याक अर्डर गर्नुहोस्,false_urgency:ne:18,synthetic_v1,0,1,0,0,0,0,0,0
योगा म्याट मा रु. 499 को मूल्य 3 घण्टा सम्म मात्र,false_urgency,false_urgency,ne,p,promo,[TAG=p] [ROLE=promo] योगा म्याट मा रु. 499 को मूल्य 3 घण्टा सम्म मात्र,false_urgency:ne:21,synthetic_v1,0,1,0,0,0,0,0,0
30% छूट 02:14 में समाप्त,false_urgency,false_urgency,hi,p,promo,[TAG=p] [ROLE=promo] 30% छूट 02:14 में समाप्त,false_urgency:hi:15,synthetic_v1,0,1,0,0,0,0,0,0
छिटो गर्नुहोस्! पानीको बोतल को अफर 45 मिनेट मा सकिँदै,false_urgency,false_urgency,ne,div,banner,[TAG=div] [ROLE=banner] छिटो गर्नुहोस्! पानीको बोतल को अफर 45 मिनेट मा सकिँदै,false_urgency:ne:01,synthetic_v1,0,1,0,0,0,0,0,0
Hurry! Offer on water bottle expires in 09:45,false_urgency,false_urgency,en,span,timer,[TAG=span] [ROLE=timer] Hurry! Offer on water bottle expires in 09:45,false_urgency:en:01,synthetic_v1,0,1,0,0,0,0,0,0
50% छूट 3 घंटे में समाप्त,false_urgency,false_urgency,hi,span,timer,[TAG=span] [ROLE=timer] 50% छूट 3 घंटे में समाप्त,false_urgency:hi:15,synthetic_v1,0,1,0,0,0,0,0,0
आपका कार्ट 3 मिनट में खाली हो जाएगा,false_urgency,false_urgency,hi,div,banner,[TAG=div] [ROLE=banner] आपका कार्ट 3 मिनट में खाली हो जाएगा,false_urgency:hi:03,synthetic_v1,0,1,0,0,0,0,0,0
आपका कार्ट 12:00 में खाली हो जाएगा,false_urgency,false_urgency,hi,div,banner,[TAG=div] [ROLE=banner] आपका कार्ट 12:00 में खाली हो जाएगा,false_urgency:hi:03,synthetic_v1,0,1,0,0,0,0,0,0
Gyapu मा स्पोर्ट्स चप्पल को सेल 24 घण्टा मा सकिन्छ,false_urgency,false_urgency,ne,p,promo,[TAG=p] [ROLE=promo] Gyapu मा स्पोर्ट्स चप्पल को सेल 24 घण्टा मा सकिन्छ,false_urgency:ne:17,synthetic_v1,0,1,0,0,0,0,0,0
रनिंग शूज़ वाला आपका Flipkart कार्ट 10 मिनट में खत्म,false_urgency,false_urgency,hi,div,banner,[TAG=div] [ROLE=banner] रनिंग शूज़ वाला आपका Flipkart कार्ट 10 मिनट में खत्म,false_urgency:hi:20,synthetic_v1,0,1,0,0,0,0,0,0
छिटो गर्नुहोस्! गेमिङ माउस को अफर 5 मिनेट मा सकिँदै,false_urgency,false_urgency,ne,span,timer,[TAG=span] [ROLE=timer] छिटो गर्नुहोस्! गेमिङ माउस को अफर 5 मिनेट मा सकिँदै,false_urgency:ne:01,synthetic_v1,0,1,0,0,0,0,0,0
Today only! 20% off water bottle,false_urgency,false_urgency,en,p,promo,[TAG=p] [ROLE=promo] Today only! 20% off water bottle,false_urgency:en:10,synthetic_v1,0,1,0,0,0,0,0,0
Order in 6 hours to get delivery in 5 days,false_urgency,false_urgency,en,p,promo,[TAG=p] [ROLE=promo] Order in 6 hours to get delivery in 5 days,false_urgency:en:16,synthetic_v1,0,1,0,0,0,0,0,0
तपाईंको कार्ट 23:11 मा खाली हुनेछ,false_urgency,false_urgency,ne,div,banner,[TAG=div] [ROLE=banner] तपाईंको कार्ट 23:11 मा खाली हुनेछ,false_urgency:ne:03,synthetic_v1,0,1,0,0,0,0,0,0
"1 मिनेट भित्र अर्डर गर्नुहोस्, 2 दिनमा डेलिभरी",false_urgency,false_urgency,ne,span,timer,"[TAG=span] [ROLE=timer] 1 मिनेट भित्र अर्डर गर्नुहोस्, 2 दिनमा डेलिभरी",false_urgency:ne:16,synthetic_v1,0,1,0,0,0,0,0,0
छिटो गर्नुहोस्! स्कुल ब्याग को अफर 18 घण्टा मा सकिँदै,false_urgency,false_urgency,ne,span,timer,[TAG=span] [ROLE=timer] छिटो गर्नुहोस्! स्कुल ब्याग को अफर 18 घण्टा मा सकिँदै,false_urgency:ne:01,synthetic_v1,0,1,0,0,0,0,0,0
Order in 09:45 to get delivery in 4 days,false_urgency,false_urgency,en,div,banner,[TAG=div] [ROLE=banner] Order in 09:45 to get delivery in 4 days,false_urgency:en:16,synthetic_v1,0,1,0,0,0,0,0,0
वायरलेस ईयरबड्स पर रु. 999 की कीमत 20 मिनट तक ही,false_urgency,false_urgency,hi,p,promo,[TAG=p] [ROLE=promo] वायरलेस ईयरबड्स पर रु. 999 की कीमत 20 मिनट तक ही,false_urgency:hi:21,synthetic_v1,0,1,0,0,0,0,0,0
ब्याकप्याक रहेको तपाईंको Meesho कार्ट 02:14 मा सकिन्छ,false_urgency,false_urgency,ne,div,banner,[TAG=div] [ROLE=banner] ब्याकप्याक रहेको तपाईंको Meesho कार्ट 02:14 मा सकिन्छ,false_urgency:ne:20,synthetic_v1,0,1,0,0,0,0,0,0
सेल 15 मिनेट मा सकिन्छ!,false_urgency,false_urgency,ne,p,promo,[TAG=p] [ROLE=promo] सेल 15 मिनेट मा सकिन्छ!,false_urgency:ne:00,synthetic_v1,0,1,0,0,0,0,0,0
छिटो गर्नुहोस्! पावर ब्यांक को अफर 19:20 मा सकिँदै,false_urgency,false_urgency,ne,div,banner,[TAG=div] [ROLE=banner] छिटो गर्नुहोस्! पावर ब्यांक को अफर 19:20 मा सकिँदै,false_urgency:ne:01,synthetic_v1,0,1,0,0,0,0,0,0
Order in 10 minutes to get delivery in 5 days,false_urgency,false_urgency,en,span,timer,[TAG=span] [ROLE=timer] Order in 10 minutes to get delivery in 5 days,false_urgency:en:16,synthetic_v1,0,1,0,0,0,0,0,0
Order in 45 minutes to get delivery in 5 days,false_urgency,false_urgency,en,p,promo,[TAG=p] [ROLE=promo] Order in 45 minutes to get delivery in 5 days,false_urgency:en:16,synthetic_v1,0,1,0,0,0,0,0,0
Your Gyapu cart with school bag expires in 3 hours,false_urgency,false_urgency,en,div,banner,[TAG=div] [ROLE=banner] Your Gyapu cart with school bag expires in 3 hours,false_urgency:en:20,synthetic_v1,0,1,0,0,0,0,0,0
मूल्य 1 घण्टा मा बढ्नेछ,false_urgency,false_urgency,ne,p,promo,[TAG=p] [ROLE=promo] मूल्य 1 घण्टा मा बढ्नेछ,false_urgency:ne:04,synthetic_v1,0,1,0,0,0,0,0,0
छिटो गर्नुहोस्! ल्यापटप ब्याग को अफर 6 घण्टा मा सकिँदै,false_urgency,false_urgency,ne,div,banner,[TAG=div] [ROLE=banner] छिटो गर्नुहोस्! ल्यापटप ब्याग को अफर 6 घण्टा मा सकिँदै,false_urgency:ne:01,synthetic_v1,0,1,0,0,0,0,0,0
"02:14 में ऑर्डर करें, 7 दिन में डिलीवरी",false_urgency,false_urgency,hi,div,banner,"[TAG=div] [ROLE=banner] 02:14 में ऑर्डर करें, 7 दिन में डिलीवरी",false_urgency:hi:16,synthetic_v1,0,1,0,0,0,0,0,0
25% off expires in 6 hours,false_urgency,false_urgency,en,span,timer,[TAG=span] [ROLE=timer] 25% off expires in 6 hours,false_urgency:en:15,synthetic_v1,0,1,0,0,0,0,0,0
सुर्खेत डेलिभरीका लागि 09:45 भित्र घामको चस्मा अर्डर गर्नुहोस्,false_urgency,false_urgency,ne,div,banner,[TAG=div] [ROLE=banner] सुर्खेत डेलिभरीका लागि 09:45 भित्र घामको चस्मा अर्डर गर्नुहोस्,false_urgency:ne:18,synthetic_v1,0,1,0,0,0,0,0,0
Snapdeal पर पावर बैंक की सेल 2 घंटे में खत्म,false_urgency,false_urgency,hi,p,promo,[TAG=p] [ROLE=promo] Snapdeal पर पावर बैंक की सेल 2 घंटे में खत्म,false_urgency:hi:17,synthetic_v1,0,1,0,0,0,0,0,0
HamroBazar मा फेस वास को सेल 24 घण्टा मा सकिन्छ,false_urgency,false_urgency,ne,p,promo,[TAG=p] [ROLE=promo] HamroBazar मा फेस वास को सेल 24 घण्टा मा सकिन्छ,false_urgency:ne:17,synthetic_v1,0,1,0,0,0,0,0,0
Last chance — 3 hours left on gaming mouse,false_urgency,false_urgency,en,p,promo,[TAG=p] [ROLE=promo] Last chance — 3 hours left on gaming mouse,false_urgency:en:05,synthetic_v1,0,1,0,0,0,0,0,0
Reserved for you for 23:11,false_urgency,false_urgency,en,span,timer,[TAG=span] [ROLE=timer] Reserved for you for 23:11,false_urgency:en:12,synthetic_v1,0,1,0,0,0,0,0,0
Today only! 30% off electric kettle,false_urgency,false_urgency,en,p,promo,[TAG=p] [ROLE=promo] Today only! 30% off electric kettle,false_urgency:en:10,synthetic_v1,0,1,0,0,0,0,0,0
Salesberry मा कटन कुर्ता को सेल 45 मिनेट मा सकिन्छ,false_urgency,false_urgency,ne,p,promo,[TAG=p] [ROLE=promo] Salesberry मा कटन कुर्ता को सेल 45 मिनेट मा सकिन्छ,false_urgency:ne:17,synthetic_v1,0,1,0,0,0,0,0,0
"02:14 में ऑर्डर करें, 2 दिन में डिलीवरी",false_urgency,false_urgency,hi,p,promo,"[TAG=p] [ROLE=promo] 02:14 में ऑर्डर करें, 2 दिन में डिलीवरी",false_urgency:hi:16,synthetic_v1,0,1,0,0,0,0,0,0
बुटवल डेलिभरीका लागि 19:20 भित्र कटन कुर्ता अर्डर गर्नुहोस्,false_urgency,false_urgency,ne,span,timer,[TAG=span] [ROLE=timer] बुटवल डेलिभरीका लागि 19:20 भित्र कटन कुर्ता अर्डर गर्नुहोस्,false_urgency:ne:18,synthetic_v1,0,1,0,0,0,0,0,0
काउन्टडाउन: 23:11 मा मूल्य बढ्नेछ,false_urgency,false_urgency,ne,div,banner,[TAG=div] [ROLE=banner] काउन्टडाउन: 23:11 मा मूल्य बढ्नेछ,false_urgency:ne:08,synthetic_v1,0,1,0,0,0,0,0,0
Prices go up in 20 minutes,false_urgency,false_urgency,en,p,promo,[TAG=p] [ROLE=promo] Prices go up in 20 minutes,false_urgency:en:04,synthetic_v1,0,1,0,0,0,0,0,0
कफी मेकर रहेको तपाईंको Amazon कार्ट 20 मिनेट मा सकिन्छ,false_urgency,false_urgency,ne,div,banner,[TAG=div] [ROLE=banner] कफी मेकर रहेको तपाईंको Amazon कार्ट 20 मिनेट मा सकिन्छ,false_urgency:ne:20,synthetic_v1,0,1,0,0,0,0,0,0
OkDam मा ब्याकप्याक को सेल 6 घण्टा मा सकिन्छ,false_urgency,false_urgency,ne,div,banner,[TAG=div] [ROLE=banner] OkDam मा ब्याकप्याक को सेल 6 घण्टा मा सकिन्छ,false_urgency:ne:17,synthetic_v1,0,1,0,0,0,0,0,0
Order in 48 hours to get delivery in 7 days,false_urgency,false_urgency,en,div,banner,[TAG=div] [ROLE=banner] Order in 48 hours to get delivery in 7 days,false_urgency:en:16,synthetic_v1,0,1,0,0,0,0,0,0
आज का सौदा 19:20 में खत्म,false_urgency,false_urgency,hi,p,promo,[TAG=p] [ROLE=promo] आज का सौदा 19:20 में खत्म,false_urgency:hi:02,synthetic_v1,0,1,0,0,0,0,0,0
ऑफ़र 48 घंटे में खत्म — केवल 7 बचे!,false_urgency|scarcity,false_urgency,hi,span,timer,[TAG=span] [ROLE=timer] ऑफ़र 48 घंटे में खत्म — केवल 7 बचे!,false_urgency:hi:14,synthetic_v1,0,1,0,0,1,0,0,0
बागलुङ डेलिभरीका लागि 5 मिनेट भित्र रनिङ जुत्ता अर्डर गर्नुहोस्,false_urgency,false_urgency,ne,span,timer,[TAG=span] [ROLE=timer] बागलुङ डेलिभरीका लागि 5 मिनेट भित्र रनिङ जुत्ता अर्डर गर्नुहोस्,false_urgency:ne:18,synthetic_v1,0,1,0,0,0,0,0,0
दाम 23:11 में बढ़ जाएंगे,false_urgency,false_urgency,hi,span,timer,[TAG=span] [ROLE=timer] दाम 23:11 में बढ़ जाएंगे,false_urgency:hi:04,synthetic_v1,0,1,0,0,0,0,0,0
अफर 1 घण्टा मा सकिन्छ — 5 मात्र बाँकी!,false_urgency|scarcity,false_urgency,ne,div,banner,[TAG=div] [ROLE=banner] अफर 1 घण्टा मा सकिन्छ — 5 मात्र बाँकी!,false_urgency:ne:14,synthetic_v1,0,1,0,0,1,0,0,0
आख़िरी मौका — इलेक्ट्रिक केटल पर 00:59 बाकी,false_urgency,false_urgency,hi,p,promo,[TAG=p] [ROLE=promo] आख़िरी मौका — इलेक्ट्रिक केटल पर 00:59 बाकी,false_urgency:hi:05,synthetic_v1,0,1,0,0,0,0,0,0
Today only! 10% off running shoes,false_urgency,false_urgency,en,span,timer,[TAG=span] [ROLE=timer] Today only! 10% off running shoes,false_urgency:en:10,synthetic_v1,0,1,0,0,0,0,0,0
Nykaa पर पानी की बोतल की सेल 1 मिनट में खत्म,false_urgency,false_urgency,hi,span,timer,[TAG=span] [ROLE=timer] Nykaa पर पानी की बोतल की सेल 1 मिनट में खत्म,false_urgency:hi:17,synthetic_v1,0,1,0,0,0,0,0,0
"15 मिनट में ऑर्डर करें, 4 दिन में डिलीवरी",false_urgency,false_urgency,hi,span,timer,"[TAG=span] [ROLE=timer] 15 मिनट में ऑर्डर करें, 4 दिन में डिलीवरी",false_urgency:hi:16,synthetic_v1,0,1,0,0,0,0,0,0
Only 24 hours remaining on this deal,false_urgency,false_urgency,en,span,timer,[TAG=span] [ROLE=timer] Only 24 hours remaining on this deal,false_urgency:en:11,synthetic_v1,0,1,0,0,0,0,0,0
आख़िरी मौका — स्कूल बैग पर 45 मिनट बाकी,false_urgency,false_urgency,hi,div,banner,[TAG=div] [ROLE=banner] आख़िरी मौका — स्कूल बैग पर 45 मिनट बाकी,false_urgency:hi:05,synthetic_v1,0,1,0,0,0,0,0,0
Order in 48 hours to get delivery in 3 days,false_urgency,false_urgency,en,p,promo,[TAG=p] [ROLE=promo] Order in 48 hours to get delivery in 3 days,false_urgency:en:16,synthetic_v1,0,1,0,0,0,0,0,0
ऑफ़र 48 घंटे में खत्म — केवल 6 बचे!,false_urgency|scarcity,false_urgency,hi,div,banner,[TAG=div] [ROLE=banner] ऑफ़र 48 घंटे में खत्म — केवल 6 बचे!,false_urgency:hi:14,synthetic_v1,0,1,0,0,1,0,0,0
Croma मा हेयर ड्रायर मा 40% छुट — 30 मिनेट बाँकी,false_urgency,false_urgency,ne,p,promo,[TAG=p] [ROLE=promo] Croma मा हेयर ड्रायर मा 40% छुट — 30 मिनेट बाँकी,false_urgency:ne:19,synthetic_v1,0,1,0,0,0,0,0,0
BigBasket मा ब्याकप्याक मा 60% छुट — 45 मिनेट बाँकी,false_urgency,false_urgency,ne,span,timer,[TAG=span] [ROLE=timer] BigBasket मा ब्याकप्याक मा 60% छुट — 45 मिनेट बाँकी,false_urgency:ne:19,synthetic_v1,0,1,0,0,0,0,0,0
सेल 15 मिनट में खत्म!,false_urgency,false_urgency,hi,div,banner,[TAG=div] [ROLE=banner] सेल 15 मिनट में खत्म!,false_urgency:hi:00,synthetic_v1,0,1,0,0,0,0,0,0
Offer ends in 24 hours — only 9 left!,false_urgency|scarcity,false_urgency,en,span,timer,[TAG=span] [ROLE=timer] Offer ends in 24 hours — only 9 left!,false_urgency:en:14,synthetic_v1,0,1,0,0,1,0,0,0
HamroBazar पर प्रोटीन पाउडर पर 80% छूट — 09:45 बाकी,false_urgency,false_urgency,hi,p,promo,[TAG=p] [ROLE=promo] HamroBazar पर प्रोटीन पाउडर पर 80% छूट — 09:45 बाकी,false_urgency:hi:19,synthetic_v1,0,1,0,0,0,0,0,0
JioMart पर स्कूल बैग पर 70% छूट — 12 घंटे बाकी,false_urgency,false_urgency,hi,p,promo,[TAG=p] [ROLE=promo] JioMart पर स्कूल बैग पर 70% छूट — 12 घंटे बाकी,false_urgency:hi:19,synthetic_v1,0,1,0,0,0,0,0,0
"फेस वॉश पर रु. 2,999 की कीमत 12:00 तक ही",false_urgency,false_urgency,hi,span,timer,"[TAG=span] [ROLE=timer] फेस वॉश पर रु. 2,999 की कीमत 12:00 तक ही",false_urgency:hi:21,synthetic_v1,0,1,0,0,0,0,0,0
Rs. 599 price on air fryer valid for 15 minutes only,false_urgency,false_urgency,en,div,banner,[TAG=div] [ROLE=banner] Rs. 599 price on air fryer valid for 15 minutes only,false_urgency:en:21,synthetic_v1,0,1,0,0,0,0,0,0
यो मूल्य तपाईंका लागि 14:59 सम्म सुरक्षित,false_urgency,false_urgency,ne,div,banner,[TAG=div] [ROLE=banner] यो मूल्य तपाईंका लागि 14:59 सम्म सुरक्षित,false_urgency:ne:12,synthetic_v1,0,1,0,0,0,0,0,0
Amazon पर पावर बैंक पर 80% छूट — 04:30 बाकी,false_urgency,false_urgency,hi,span,timer,[TAG=span] [ROLE=timer] Amazon पर पावर बैंक पर 80% छूट — 04:30 बाकी,false_urgency:hi:19,synthetic_v1,0,1,0,0,0,0,0,0
Meesho पर लैपटॉप बैग पर 70% छूट — 7 मिनट बाकी,false_urgency,false_urgency,hi,span,timer,[TAG=span] [ROLE=timer] Meesho पर लैपटॉप बैग पर 70% छूट — 7 मिनट बाकी,false_urgency:hi:19,synthetic_v1,0,1,0,0,0,0,0,0
"15 मिनेट भित्र अर्डर गर्नुहोस्, 5 दिनमा डेलिभरी",false_urgency,false_urgency,ne,div,banner,"[TAG=div] [ROLE=banner] 15 मिनेट भित्र अर्डर गर्नुहोस्, 5 दिनमा डेलिभरी",false_urgency:ne:16,synthetic_v1,0,1,0,0,0,0,0,0
70% छूट 1 मिनट में समाप्त,false_urgency,false_urgency,hi,p,promo,[TAG=p] [ROLE=promo] 70% छूट 1 मिनट में समाप्त,false_urgency:hi:15,synthetic_v1,0,1,0,0,0,0,0,0
आज का सौदा 12:00 में खत्म,false_urgency,false_urgency,hi,p,promo,[TAG=p] [ROLE=promo] आज का सौदा 12:00 में खत्म,false_urgency:hi:02,synthetic_v1,0,1,0,0,0,0,0,0
Offer ends in 1 hour — only 6 left!,false_urgency|scarcity,false_urgency,en,span,timer,[TAG=span] [ROLE=timer] Offer ends in 1 hour — only 6 left!,false_urgency:en:14,synthetic_v1,0,1,0,0,1,0,0,0
60% छुट 5 मिनेट मा सकिन्छ,false_urgency,false_urgency,ne,div,banner,[TAG=div] [ROLE=banner] 60% छुट 5 मिनेट मा सकिन्छ,false_urgency:ne:15,synthetic_v1,0,1,0,0,0,0,0,0
आज मात्र! पावर ब्यांक मा 35% छुट,false_urgency,false_urgency,ne,div,banner,[TAG=div] [ROLE=banner] आज मात्र! पावर ब्यांक मा 35% छुट,false_urgency:ne:10,synthetic_v1,0,1,0,0,0,0,0,0
सिर्फ़ आज! स्पोर्ट्स सैंडल पर 15% छूट,false_urgency,false_urgency,hi,div,banner,[TAG=div] [ROLE=banner] सिर्फ़ आज! स्पोर्ट्स सैंडल पर 15% छूट,false_urgency:hi:10,synthetic_v1,0,1,0,0,0,0,0,0
ऑफ़र 3 घंटे में खत्म — केवल 6 बचे!,false_urgency|scarcity,false_urgency,hi,p,promo,[TAG=p] [ROLE=promo] ऑफ़र 3 घंटे में खत्म — केवल 6 बचे!,false_urgency:hi:14,synthetic_v1,0,1,0,0,1,0,0,0
35% छुट 02:14 मा सकिन्छ,false_urgency,false_urgency,ne,span,timer,[TAG=span] [ROLE=timer] 35% छुट 02:14 मा सकिन्छ,false_urgency:ne:15,synthetic_v1,0,1,0,0,0,0,0,0
Thulo पर कॉफी मेकर पर 50% छूट — 1 मिनट बाकी,false_urgency,false_urgency,hi,p,promo,[TAG=p] [ROLE=promo] Thulo पर कॉफी मेकर पर 50% छूट — 1 मिनट बाकी,false_urgency:hi:19,synthetic_v1,0,1,0,0,0,0,0,0
50% छूट 6 घंटे में समाप्त,false_urgency,false_urgency,hi,span,timer,[TAG=span] [ROLE=timer] 50% छूट 6 घंटे में समाप्त,false_urgency:hi:15,synthetic_v1,0,1,0,0,0,0,0,0
Order yoga mat within 15 minutes for delivery to Bhaktapur,false_urgency,false_urgency,en,span,timer,[TAG=span] [ROLE=timer] Order yoga mat within 15 minutes for delivery to Bhaktapur,false_urgency:en:18,synthetic_v1,0,1,0,0,0,0,0,0
आज का सौदा 18 घंटे में खत्म,false_urgency,false_urgency,hi,p,promo,[TAG=p] [ROLE=promo] आज का सौदा 18 घंटे में खत्म,false_urgency:hi:02,synthetic_v1,0,1,0,0,0,0,0,0
Today only! 5% off formal shirt,false_urgency,false_urgency,en,p,promo,[TAG=p] [ROLE=promo] Today only! 5% off formal shirt,false_urgency:en:10,synthetic_v1,0,1,0,0,0,0,0,0
Hurry! Offer on yoga mat expires in 18 hours,false_urgency,false_urgency,en,p,promo,[TAG=p] [ROLE=promo] Hurry! Offer on yoga mat expires in 18 hours,false_urgency:en:01,synthetic_v1,0,1,0,0,0,0,0,0
"Rs. 1,999 price on noise cancelling headphones valid for 24 hours only",false_urgency,false_urgency,en,p,promo,"[TAG=p] [ROLE=promo] Rs. 1,999 price on noise cancelling headphones valid for 24 hours only",false_urgency:en:21,synthetic_v1,0,1,0,0,0,0,0,0
"फ्ल्यास सेल 18 घण्टा मा सकिँदै, नगुमाउनुहोस्",false_urgency,false_urgency,ne,div,banner,"[TAG=div] [ROLE=banner] फ्ल्यास सेल 18 घण्टा मा सकिँदै, नगुमाउनुहोस्",false_urgency:ne:06,synthetic_v1,0,1,0,0,0,0,0,0
आख़िरी मौका — सर्दी का कंबल पर 3 घंटे बाकी,false_urgency,false_urgency,hi,div,banner,[TAG=div] [ROLE=banner] आख़िरी मौका — सर्दी का कंबल पर 3 घंटे बाकी,false_urgency:hi:05,synthetic_v1,0,1,0,0,0,0,0,0
60% छूट 04:30 में समाप्त,false_urgency,false_urgency,hi,div,banner,[TAG=div] [ROLE=banner] 60% छूट 04:30 में समाप्त,false_urgency:hi:15,synthetic_v1,0,1,0,0,0,0,0,0
Prices go up in 7 minutes,false_urgency,false_urgency,en,p,promo,[TAG=p] [ROLE=promo] Prices go up in 7 minutes,false_urgency:en:04,synthetic_v1,0,1,0,0,0,0,0,0
यो दर पाउन 09:45 भित्र बुक गर्नुहोस्,false_urgency,false_urgency,ne,p,promo,[TAG=p] [ROLE=promo] यो दर पाउन 09:45 भित्र बुक गर्नुहोस्,false_urgency:ne:09,synthetic_v1,0,1,0,0,0,0,0,0
ऑफ़र 12:00 में खत्म — केवल 8 बचे!,false_urgency|scarcity,false_urgency,hi,p,promo,[TAG=p] [ROLE=promo] ऑफ़र 12:00 में खत्म — केवल 8 बचे!,false_urgency:hi:14,synthetic_v1,0,1,0,0,1,0,0,0
भोपाल डिलीवरी के लिए 1 घंटे में पानी की बोतल ऑर्डर करें,false_urgency,false_urgency,hi,div,banner,[TAG=div] [ROLE=banner] भोपाल डिलीवरी के लिए 1 घंटे में पानी की बोतल ऑर्डर करें,false_urgency:hi:18,synthetic_v1,0,1,0,0,0,0,0,0
Today only! 35% off running shoes,false_urgency,false_urgency,en,p,promo,[TAG=p] [ROLE=promo] Today only! 35% off running shoes,false_urgency:en:10,synthetic_v1,0,1,0,0,0,0,0,0
सिर्फ़ आज! बैकपैक पर 20% छूट,false_urgency,false_urgency,hi,span,timer,[TAG=span] [ROLE=timer] सिर्फ़ आज! बैकपैक पर 20% छूट,false_urgency:hi:10,synthetic_v1,0,1,0,0,0,0,0,0
"15 मिनट में ऑर्डर करें, 10 दिन में डिलीवरी",false_urgency,false_urgency,hi,div,banner,"[TAG=div] [ROLE=banner] 15 मिनट में ऑर्डर करें, 10 दिन में डिलीवरी",false_urgency:hi:16,synthetic_v1,0,1,0,0,0,0,0,0
अफर 6 घण्टा मा सकिन्छ — 3 मात्र बाँकी!,false_urgency|scarcity,false_urgency,ne,p,promo,[TAG=p] [ROLE=promo] अफर 6 घण्टा मा सकिन्छ — 3 मात्र बाँकी!,false_urgency:ne:14,synthetic_v1,0,1,0,0,1,0,0,0
यो दर पाउन 02:14 भित्र बुक गर्नुहोस्,false_urgency,false_urgency,ne,span,timer,[TAG=span] [ROLE=timer] यो दर पाउन 02:14 भित्र बुक गर्नुहोस्,false_urgency:ne:09,synthetic_v1,0,1,0,0,0,0,0,0
चितवन डेलिभरीका लागि 09:45 भित्र स्टडी लाइट अर्डर गर्नुहोस्,false_urgency,false_urgency,ne,span,timer,[TAG=span] [ROLE=timer] चितवन डेलिभरीका लागि 09:45 भित्र स्टडी लाइट अर्डर गर्नुहोस्,false_urgency:ne:18,synthetic_v1,0,1,0,0,0,0,0,0
आज मात्र! स्मार्टवाच मा 70% छुट,false_urgency,false_urgency,ne,span,timer,[TAG=span] [ROLE=timer] आज मात्र! स्मार्टवाच मा 70% छुट,false_urgency:ne:10,synthetic_v1,0,1,0,0,0,0,0,0
Ajio sale on backpack ends in 12 hours,false_urgency,false_urgency,en,div,banner,[TAG=div] [ROLE=banner] Ajio sale on backpack ends in 12 hours,false_urgency:en:17,synthetic_v1,0,1,0,0,0,0,0,0
जल्दी करें! डेनिम जींस पर ऑफ़र 30 मिनट में समाप्त,false_urgency,false_urgency,hi,span,timer,[TAG=span] [ROLE=timer] जल्दी करें! डेनिम जींस पर ऑफ़र 30 मिनट में समाप्त,false_urgency:hi:01,synthetic_v1,0,1,0,0,0,0,0,0
ऑफ़र 12:00 में खत्म — केवल 9 बचे!,false_urgency|scarcity,false_urgency,hi,div,banner,[TAG=div] [ROLE=banner] ऑफ़र 12:00 में खत्म — केवल 9 बचे!,false_urgency:hi:14,synthetic_v1,0,1,0,0,1,0,0,0
Sale ends in 12 hours!,false_urgency,false_urgency,en,span,timer,[TAG=span] [ROLE=timer] Sale ends in 12 hours!,false_urgency:en:00,synthetic_v1,0,1,0,0,0,0,0,0
ऑफ़र 7 मिनट में खत्म — केवल 7 बचे!,false_urgency|scarcity,false_urgency,hi,p,promo,[TAG=p] [ROLE=promo] ऑफ़र 7 मिनट में खत्म — केवल 7 बचे!,false_urgency:hi:14,synthetic_v1,0,1,0,0,1,0,0,0
ब्याकप्याक रहेको तपाईंको Pepperfry कार्ट 2 घण्टा मा सकिन्छ,false_urgency,false_urgency,ne,span,timer,[TAG=span] [ROLE=timer] ब्याकप्याक रहेको तपाईंको Pepperfry कार्ट 2 घण्टा मा सकिन्छ,false_urgency:ne:20,synthetic_v1,0,1,0,0,0,0,0,0
फॉर्मल शर्ट वाला आपका Kinbech कार्ट 3 मिनट में खत्म,false_urgency,false_urgency,hi,span,timer,[TAG=span] [ROLE=timer] फॉर्मल शर्ट वाला आपका Kinbech कार्ट 3 मिनट में खत्म,false_urgency:hi:20,synthetic_v1,0,1,0,0,0,0,0,0
यह कीमत आपके लिए 24 घंटे तक सुरक्षित,false_urgency,false_urgency,hi,div,banner,[TAG=div] [ROLE=banner] यह कीमत आपके लिए 24 घंटे तक सुरक्षित,false_urgency:hi:12,synthetic_v1,0,1,0,0,0,0,0,0
Order in 02:14 to get delivery in 7 days,false_urgency,false_urgency,en,span,timer,[TAG=span] [ROLE=timer] Order in 02:14 to get delivery in 7 days,false_urgency:en:16,synthetic_v1,0,1,0,0,0,0,0,0
Daraz मा वायरलेस इयरबड्स मा 80% छुट — 2 घण्टा बाँकी,false_urgency,false_urgency,ne,p,promo,[TAG=p] [ROLE=promo] Daraz मा वायरलेस इयरबड्स मा 80% छुट — 2 घण्टा बाँकी,false_urgency:ne:19,synthetic_v1,0,1,0,0,0,0,0,0
Rs. 149 price on laptop bag valid for 1 hour only,false_urgency,false_urgency,en,div,banner,[TAG=div] [ROLE=banner] Rs. 149 price on laptop bag valid for 1 hour only,false_urgency:en:21,synthetic_v1,0,1,0,0,0,0,0,0
सेल 14:59 मा सकिन्छ!,false_urgency,false_urgency,ne,p,promo,[TAG=p] [ROLE=promo] सेल 14:59 मा सकिन्छ!,false_urgency:ne:00,synthetic_v1,0,1,0,0,0,0,0,0
रनिंग शूज़ पर रु. 599 की कीमत 02:14 तक ही,false_urgency,false_urgency,hi,div,banner,[TAG=div] [ROLE=banner] रनिंग शूज़ पर रु. 599 की कीमत 02:14 तक ही,false_urgency:hi:21,synthetic_v1,0,1,0,0,0,0,0,0
Hurry! Offer on trekking jacket expires in 1 minute,false_urgency,false_urgency,en,p,promo,[TAG=p] [ROLE=promo] Hurry! Offer on trekking jacket expires in 1 minute,false_urgency:en:01,synthetic_v1,0,1,0,0,0,0,0,0
25% off expires in 23:11,false_urgency,false_urgency,en,span,timer,[TAG=span] [ROLE=timer] 25% off expires in 23:11,false_urgency:en:15,synthetic_v1,0,1,0,0,0,0,0,0
सिर्फ़ आज! लैपटॉप बैग पर 5% छूट,false_urgency,false_urgency,hi,span,timer,[TAG=span] [ROLE=timer] सिर्फ़ आज! लैपटॉप बैग पर 5% छूट,false_urgency:hi:10,synthetic_v1,0,1,0,0,0,0,0,0
आज मात्र! गेमिङ माउस मा 40% छुट,false_urgency,false_urgency,ne,span,timer,[TAG=span] [ROLE=timer] आज मात्र! गेमिङ माउस मा 40% छुट,false_urgency:ne:10,synthetic_v1,0,1,0,0,0,0,0,0
हेयर ड्रायर मा रु. 899 को मूल्य 18 घण्टा सम्म मात्र,false_urgency,false_urgency,ne,span,timer,[TAG=span] [ROLE=timer] हेयर ड्रायर मा रु. 899 को मूल्य 18 घण्टा सम्म मात्र,false_urgency:ne:21,synthetic_v1,0,1,0,0,0,0,0,0
Book within 1 hour to lock this rate,false_urgency,false_urgency,en,p,promo,[TAG=p] [ROLE=promo] Book within 1 hour to lock this rate,false_urgency:en:09,synthetic_v1,0,1,0,0,0,0,0,0
Offer valid for the next 3 minutes only,false_urgency,false_urgency,en,div,banner,[TAG=div] [ROLE=banner] Offer valid for the next 3 minutes only,false_urgency:en:07,synthetic_v1,0,1,0,0,0,0,0,0
इंडक्शन चूल्हा पर रु. 499 की कीमत 1 मिनट तक ही,false_urgency,false_urgency,hi,span,timer,[TAG=span] [ROLE=timer] इंडक्शन चूल्हा पर रु. 499 की कीमत 1 मिनट तक ही,false_urgency:hi:21,synthetic_v1,0,1,0,0,0,0,0,0
काउन्टडाउन: 19:20 मा मूल्य बढ्नेछ,false_urgency,false_urgency,ne,span,timer,[TAG=span] [ROLE=timer] काउन्टडाउन: 19:20 मा मूल्य बढ्नेछ,false_urgency:ne:08,synthetic_v1,0,1,0,0,0,0,0,0
30% off electric kettle at SastoDeal — 04:30 left,false_urgency,false_urgency,en,div,banner,[TAG=div] [ROLE=banner] 30% off electric kettle at SastoDeal — 04:30 left,false_urgency:en:19,synthetic_v1,0,1,0,0,0,0,0,0
सिर्फ़ आज! हेयर ड्रायर पर 60% छूट,false_urgency,false_urgency,hi,div,banner,[TAG=div] [ROLE=banner] सिर्फ़ आज! हेयर ड्रायर पर 60% छूट,false_urgency:hi:10,synthetic_v1,0,1,0,0,0,0,0,0
Deal of the day ends in 23:11,false_urgency,false_urgency,en,span,timer,[TAG=span] [ROLE=timer] Deal of the day ends in 23:11,false_urgency:en:02,synthetic_v1,0,1,0,0,0,0,0,0
Deal of the day ends in 6 hours,false_urgency,false_urgency,en,p,promo,[TAG=p] [ROLE=promo] Deal of the day ends in 6 hours,false_urgency:en:02,synthetic_v1,0,1,0,0,0,0,0,0
काउन्टडाउन: 3 घण्टा मा मूल्य बढ्नेछ,false_urgency,false_urgency,ne,p,promo,[TAG=p] [ROLE=promo] काउन्टडाउन: 3 घण्टा मा मूल्य बढ्नेछ,false_urgency:ne:08,synthetic_v1,0,1,0,0,0,0,0,0
अन्तिम मौका — अफिस कुर्सी मा 00:59 बाँकी,false_urgency,false_urgency,ne,span,timer,[TAG=span] [ROLE=timer] अन्तिम मौका — अफिस कुर्सी मा 00:59 बाँकी,false_urgency:ne:05,synthetic_v1,0,1,0,0,0,0,0,0
"7 मिनट में ऑर्डर करें, 5 दिन में डिलीवरी",false_urgency,false_urgency,hi,span,timer,"[TAG=span] [ROLE=timer] 7 मिनट में ऑर्डर करें, 5 दिन में डिलीवरी",false_urgency:hi:16,synthetic_v1,0,1,0,0,0,0,0,0
Zepto sale on induction cooktop ends in 04:30,false_urgency,false_urgency,en,span,timer,[TAG=span] [ROLE=timer] Zepto sale on induction cooktop ends in 04:30,false_urgency:en:17,synthetic_v1,0,1,0,0,0,0,0,0
SastoDeal पर गेमिंग माउस पर 15% छूट — 02:14 बाकी,false_urgency,false_urgency,hi,span,timer,[TAG=span] [ROLE=timer] SastoDeal पर गेमिंग माउस पर 15% छूट — 02:14 बाकी,false_urgency:hi:19,synthetic_v1,0,1,0,0,0,0,0,0
Last chance — 1 minute left on sports sandals,false_urgency,false_urgency,en,div,banner,[TAG=div] [ROLE=banner] Last chance — 1 minute left on sports sandals,false_urgency:en:05,synthetic_v1,0,1,0,0,0,0,0,0
30% छुट 7 मिनेट मा सकिन्छ,false_urgency,false_urgency,ne,div,banner,[TAG=div] [ROLE=banner] 30% छुट 7 मिनेट मा सकिन्छ,false_urgency:ne:15,synthetic_v1,0,1,0,0,0,0,0,0
Offer valid for the next 2 minutes only,false_urgency,false_urgency,en,span,timer,[TAG=span] [ROLE=timer] Offer valid for the next 2 minutes only,false_urgency:en:07,synthetic_v1,0,1,0,0,0,0,0,0
स्पोर्ट्स सैंडल पर रु. 449 की कीमत 2 घंटे तक ही,false_urgency,false_urgency,hi,div,banner,[TAG=div] [ROLE=banner] स्पोर्ट्स सैंडल पर रु. 449 की कीमत 2 घंटे तक ही,false_urgency:hi:21,synthetic_v1,0,1,0,0,0,0,0,0
वायरलेस ईयरबड्स पर रु. 599 की कीमत 19:20 तक ही,false_urgency,false_urgency,hi,span,timer,[TAG=span] [ROLE=timer] वायरलेस ईयरबड्स पर रु. 599 की कीमत 19:20 तक ही,false_urgency:hi:21,synthetic_v1,0,1,0,0,0,0,0,0
Hurry! Offer on coffee maker expires in 23:11,false_urgency,false_urgency,en,div,banner,[TAG=div] [ROLE=banner] Hurry! Offer on coffee maker expires in 23:11,false_urgency:en:01,synthetic_v1,0,1,0,0,0,0,0,0
काउंटडाउन: 02:14 में कीमत बढ़ेगी,false_urgency,false_urgency,hi,div,banner,[TAG=div] [ROLE=banner] काउंटडाउन: 02:14 में कीमत बढ़ेगी,false_urgency:hi:08,synthetic_v1,0,1,0,0,0,0,0,0
"10 मिनेट भित्र अर्डर गर्नुहोस्, 14 दिनमा डेलिभरी",false_urgency,false_urgency,ne,span,timer,"[TAG=span] [ROLE=timer] 10 मिनेट भित्र अर्डर गर्नुहोस्, 14 दिनमा डेलिभरी",false_urgency:ne:16,synthetic_v1,0,1,0,0,0,0,0,0
Last chance — 45 minutes left on office chair,false_urgency,false_urgency,en,span,timer,[TAG=span] [ROLE=timer] Last chance — 45 minutes left on office chair,false_urgency:en:05,synthetic_v1,0,1,0,0,0,0,0,0
Order wireless earbuds within 1 hour for delivery to Lucknow,false_urgency,false_urgency,en,span,timer,[TAG=span] [ROLE=timer] Order wireless earbuds within 1 hour for delivery to Lucknow,false_urgency:en:18,synthetic_v1,0,1,0,0,0,0,0,0
Order trekking jacket within 45 minutes for delivery to Bengaluru,false_urgency,false_urgency,en,div,banner,[TAG=div] [ROLE=banner] Order trekking jacket within 45 minutes for delivery to Bengaluru,false_urgency:en:18,synthetic_v1,0,1,0,0,0,0,0,0
अगले 3 मिनट तक ही मान्य,false_urgency,false_urgency,hi,p,promo,[TAG=p] [ROLE=promo] अगले 3 मिनट तक ही मान्य,false_urgency:hi:07,synthetic_v1,0,1,0,0,0,0,0,0
Flipkart मा कटन कुर्ता को सेल 09:45 मा सकिन्छ,false_urgency,false_urgency,ne,div,banner,[TAG=div] [ROLE=banner] Flipkart मा कटन कुर्ता को सेल 09:45 मा सकिन्छ,false_urgency:ne:17,synthetic_v1,0,1,0,0,0,0,0,0
Reserved for you for 12 hours,false_urgency,false_urgency,en,div,banner,[TAG=div] [ROLE=banner] Reserved for you for 12 hours,false_urgency:en:12,synthetic_v1,0,1,0,0,0,0,0,0
Hurry! Offer on wireless earbuds expires in 18 hours,false_urgency,false_urgency,en,span,timer,[TAG=span] [ROLE=timer] Hurry! Offer on wireless earbuds expires in 18 hours,false_urgency:en:01,synthetic_v1,0,1,0,0,0,0,0,0
Offer valid for the next 1 minutes only,false_urgency,false_urgency,en,p,promo,[TAG=p] [ROLE=promo] Offer valid for the next 1 minutes only,false_urgency:en:07,synthetic_v1,0,1,0,0,0,0,0,0
ऑफ़र 20 मिनट में खत्म — केवल 10 बचे!,false_urgency|scarcity,false_urgency,hi,div,banner,[TAG=div] [ROLE=banner] ऑफ़र 20 मिनट में खत्म — केवल 10 बचे!,false_urgency:hi:14,synthetic_v1,0,1,0,0,1,0,0,0
ब्लुटुथ स्पिकर मा रु. 49 को मूल्य 15 मिनेट सम्म मात्र,false_urgency,false_urgency,ne,p,promo,[TAG=p] [ROLE=promo] ब्लुटुथ स्पिकर मा रु. 49 को मूल्य 15 मिनेट सम्म मात्र,false_urgency:ne:21,synthetic_v1,0,1,0,0,0,0,0,0
"2 घण्टा भित्र अर्डर गर्नुहोस्, 5 दिनमा डेलिभरी",false_urgency,false_urgency,ne,span,timer,"[TAG=span] [ROLE=timer] 2 घण्टा भित्र अर्डर गर्नुहोस्, 5 दिनमा डेलिभरी",false_urgency:ne:16,synthetic_v1,0,1,0,0,0,0,0,0
आज मात्र! इन्डक्सन चुल्हो मा 35% छुट,false_urgency,false_urgency,ne,div,banner,[TAG=div] [ROLE=banner] आज मात्र! इन्डक्सन चुल्हो मा 35% छुट,false_urgency:ne:10,synthetic_v1,0,1,0,0,0,0,0,0
आख़िरी मौका — वायरलेस ईयरबड्स पर 2 घंटे बाकी,false_urgency,false_urgency,hi,span,timer,[TAG=span] [ROLE=timer] आख़िरी मौका — वायरलेस ईयरबड्स पर 2 घंटे बाकी,false_urgency:hi:05,synthetic_v1,0,1,0,0,0,0,0,0
Sale ends in 23:11!,false_urgency,false_urgency,en,div,banner,[TAG=div] [ROLE=banner] Sale ends in 23:11!,false_urgency:en:00,synthetic_v1,0,1,0,0,0,0,0,0
मूल्य 24 घण्टा मा बढ्नेछ,false_urgency,false_urgency,ne,p,promo,[TAG=p] [ROLE=promo] मूल्य 24 घण्टा मा बढ्नेछ,false_urgency:ne:04,synthetic_v1,0,1,0,0,0,0,0,0
फर्मल सर्ट रहेको तपाईंको Nykaa कार्ट 20 मिनेट मा सकिन्छ,false_urgency,false_urgency,ne,span,timer,[TAG=span] [ROLE=timer] फर्मल सर्ट रहेको तपाईंको Nykaa कार्ट 20 मिनेट मा सकिन्छ,false_urgency:ne:20,synthetic_v1,0,1,0,0,0,0,0,0
Hurry! Offer on winter blanket expires in 18 hours,false_urgency,false_urgency,en,div,banner,[TAG=div] [ROLE=banner] Hurry! Offer on winter blanket expires in 18 hours,false_urgency:en:01,synthetic_v1,0,1,0,0,0,0,0,0
तपाईंको कार्ट 1 मिनेट मा खाली हुनेछ,false_urgency,false_urgency,ne,span,timer,[TAG=span] [ROLE=timer] तपाईंको कार्ट 1 मिनेट मा खाली हुनेछ,false_urgency:ne:03,synthetic_v1,0,1,0,0,0,0,0,0
"18 घण्टा भित्र अर्डर गर्नुहोस्, 14 दिनमा डेलिभरी",false_urgency,false_urgency,ne,p,promo,"[TAG=p] [ROLE=promo] 18 घण्टा भित्र अर्डर गर्नुहोस्, 14 दिनमा डेलिभरी",false_urgency:ne:16,synthetic_v1,0,1,0,0,0,0,0,0
आपका कार्ट 3 घंटे में खाली हो जाएगा,false_urgency,false_urgency,hi,span,timer,[TAG=span] [ROLE=timer] आपका कार्ट 3 घंटे में खाली हो जाएगा,false_urgency:hi:03,synthetic_v1,0,1,0,0,0,0,0,0
FirstCry पर योगा मैट की सेल 00:59 में खत्म,false_urgency,false_urgency,hi,p,promo,[TAG=p] [ROLE=promo] FirstCry पर योगा मैट की सेल 00:59 में खत्म,false_urgency:hi:17,synthetic_v1,0,1,0,0,0,0,0,0
Offer ends in 14:59 — only 3 left!,false_urgency|scarcity,false_urgency,en,p,promo,[TAG=p] [ROLE=promo] Offer ends in 14:59 — only 3 left!,false_urgency:en:14,synthetic_v1,0,1,0,0,1,0,0,0
Rs. 399 price on bluetooth speaker valid for 24 hours only,false_urgency,false_urgency,en,span,timer,[TAG=span] [ROLE=timer] Rs. 399 price on bluetooth speaker valid for 24 hours only,false_urgency:en:21,synthetic_v1,0,1,0,0,0,0,0,0
ट्रेकिङ ज्याकेट रहेको तपाईंको Amazon कार्ट 14:59 मा सकिन्छ,false_urgency,false_urgency,ne,p,promo,[TAG=p] [ROLE=promo] ट्रेकिङ ज्याकेट रहेको तपाईंको Amazon कार्ट 14:59 मा सकिन्छ,false_urgency:ne:20,synthetic_v1,0,1,0,0,0,0,0,0
कॉफी मेकर पर रु. 699 की कीमत 24 घंटे तक ही,false_urgency,false_urgency,hi,div,banner,[TAG=div] [ROLE=banner] कॉफी मेकर पर रु. 699 की कीमत 24 घंटे तक ही,false_urgency:hi:21,synthetic_v1,0,1,0,0,0,0,0,0
यो मूल्य तपाईंका लागि 12:00 सम्म सुरक्षित,false_urgency,false_urgency,ne,p,promo,[TAG=p] [ROLE=promo] यो मूल्य तपाईंका लागि 12:00 सम्म सुरक्षित,false_urgency:ne:12,synthetic_v1,0,1,0,0,0,0,0,0
अफर 2 घण्टा मा सकिन्छ — 8 मात्र बाँकी!,false_urgency|scarcity,false_urgency,ne,p,promo,[TAG=p] [ROLE=promo] अफर 2 घण्टा मा सकिन्छ — 8 मात्र बाँकी!,false_urgency:ne:14,synthetic_v1,0,1,0,0,1,0,0,0
जल्दी करें! इलेक्ट्रिक केटल पर ऑफ़र 14:59 में समाप्त,false_urgency,false_urgency,hi,p,promo,[TAG=p] [ROLE=promo] जल्दी करें! इलेक्ट्रिक केटल पर ऑफ़र 14:59 में समाप्त,false_urgency:hi:01,synthetic_v1,0,1,0,0,0,0,0,0
मूल्य 1 मिनेट मा बढ्नेछ,false_urgency,false_urgency,ne,span,timer,[TAG=span] [ROLE=timer] मूल्य 1 मिनेट मा बढ्नेछ,false_urgency:ne:04,synthetic_v1,0,1,0,0,0,0,0,0
अफर 12:00 मा सकिन्छ — 12 मात्र बाँकी!,false_urgency|scarcity,false_urgency,ne,div,banner,[TAG=div] [ROLE=banner] अफर 12:00 मा सकिन्छ — 12 मात्र बाँकी!,false_urgency:ne:14,synthetic_v1,0,1,0,0,1,0,0,0
10% off expires in 2 hours,false_urgency,false_urgency,en,span,timer,[TAG=span] [ROLE=timer] 10% off expires in 2 hours,false_urgency:en:15,synthetic_v1,0,1,0,0,0,0,0,0
Rs. 999 price on sports sandals valid for 23:11 only,false_urgency,false_urgency,en,div,banner,[TAG=div] [ROLE=banner] Rs. 999 price on sports sandals valid for 23:11 only,false_urgency:en:21,synthetic_v1,0,1,0,0,0,0,0,0
आज मात्र! इलेक्ट्रिक केतली मा 40% छुट,false_urgency,false_urgency,ne,span,timer,[TAG=span] [ROLE=timer] आज मात्र! इलेक्ट्रिक केतली मा 40% छुट,false_urgency:ne:10,synthetic_v1,0,1,0,0,0,0,0,0
Your JioMart cart with laptop bag expires in 45 minutes,false_urgency,false_urgency,en,span,timer,[TAG=span] [ROLE=timer] Your JioMart cart with laptop bag expires in 45 minutes,false_urgency:en:20,synthetic_v1,0,1,0,0,0,0,0,0
25% off expires in 1 hour,false_urgency,false_urgency,en,span,timer,[TAG=span] [ROLE=timer] 25% off expires in 1 hour,false_urgency:en:15,synthetic_v1,0,1,0,0,0,0,0,0
आख़िरी मौका — लैपटॉप बैग पर 14:59 बाकी,false_urgency,false_urgency,hi,span,timer,[TAG=span] [ROLE=timer] आख़िरी मौका — लैपटॉप बैग पर 14:59 बाकी,false_urgency:hi:05,synthetic_v1,0,1,0,0,0,0,0,0
जनकपुर डेलिभरीका लागि 23:11 भित्र पावर ब्यांक अर्डर गर्नुहोस्,false_urgency,false_urgency,ne,div,banner,[TAG=div] [ROLE=banner] जनकपुर डेलिभरीका लागि 23:11 भित्र पावर ब्यांक अर्डर गर्नुहोस्,false_urgency:ne:18,synthetic_v1,0,1,0,0,0,0,0,0
आपका कार्ट 09:45 में खाली हो जाएगा,false_urgency,false_urgency,hi,p,promo,[TAG=p] [ROLE=promo] आपका कार्ट 09:45 में खाली हो जाएगा,false_urgency:hi:03,synthetic_v1,0,1,0,0,0,0,0,0
काठमाडौँ डेलिभरीका लागि 18 घण्टा भित्र ब्याकप्याक अर्डर गर्नुहोस्,false_urgency,false_urgency,ne,span,timer,[TAG=span] [ROLE=timer] काठमाडौँ डेलिभरीका लागि 18 घण्टा भित्र ब्याकप्याक अर्डर गर्नुहोस्,false_urgency:ne:18,synthetic_v1,0,1,0,0,0,0,0,0
आख़िरी मौका — लैपटॉप बैग पर 5 मिनट बाकी,false_urgency,false_urgency,hi,div,banner,[TAG=div] [ROLE=banner] आख़िरी मौका — लैपटॉप बैग पर 5 मिनट बाकी,false_urgency:hi:05,synthetic_v1,0,1,0,0,0,0,0,0
Order noise cancelling headphones within 23:11 for delivery to Mumbai,false_urgency,false_urgency,en,p,promo,[TAG=p] [ROLE=promo] Order noise cancelling headphones within 23:11 for delivery to Mumbai,false_urgency:en:18,synthetic_v1,0,1,0,0,0,0,0,0
Nykaa मा घामको चस्मा मा 20% छुट — 1 मिनेट बाँकी,false_urgency,false_urgency,ne,div,banner,[TAG=div] [ROLE=banner] Nykaa मा घामको चस्मा मा 20% छुट — 1 मिनेट बाँकी,false_urgency:ne:19,synthetic_v1,0,1,0,0,0,0,0,0
आख़िरी मौका — ट्रेकिंग जैकेट पर 18 घंटे बाकी,false_urgency,false_urgency,hi,p,promo,[TAG=p] [ROLE=promo] आख़िरी मौका — ट्रेकिंग जैकेट पर 18 घंटे बाकी,false_urgency:hi:05,synthetic_v1,0,1,0,0,0,0,0,0
अफर 7 मिनेट मा सकिन्छ — 7 मात्र बाँकी!,false_urgency|scarcity,false_urgency,ne,span,timer,[TAG=span] [ROLE=timer] अफर 7 मिनेट मा सकिन्छ — 7 मात्र बाँकी!,false_urgency:ne:14,synthetic_v1,0,1,0,0,1,0,0,0
Last chance — 20 minutes left on rice cooker,false_urgency,false_urgency,en,span,timer,[TAG=span] [ROLE=timer] Last chance — 20 minutes left on rice cooker,false_urgency:en:05,synthetic_v1,0,1,0,0,0,0,0,0
Today only! 20% off electric kettle,false_urgency,false_urgency,en,p,promo,[TAG=p] [ROLE=promo] Today only! 20% off electric kettle,false_urgency:en:10,synthetic_v1,0,1,0,0,0,0,0,0
Amazon sale on study lamp ends in 15 minutes,false_urgency,false_urgency,en,p,promo,[TAG=p] [ROLE=promo] Amazon sale on study lamp ends in 15 minutes,false_urgency:en:17,synthetic_v1,0,1,0,0,0,0,0,0
छिटो गर्नुहोस्! घामको चस्मा को अफर 48 घण्टा मा सकिँदै,false_urgency,false_urgency,ne,p,promo,[TAG=p] [ROLE=promo] छिटो गर्नुहोस्! घामको चस्मा को अफर 48 घण्टा मा सकिँदै,false_urgency:ne:01,synthetic_v1,0,1,0,0,0,0,0,0
कानपुर डिलीवरी के लिए 15 मिनट में फेस वॉश ऑर्डर करें,false_urgency,false_urgency,hi,p,promo,[TAG=p] [ROLE=promo] कानपुर डिलीवरी के लिए 15 मिनट में फेस वॉश ऑर्डर करें,false_urgency:hi:18,synthetic_v1,0,1,0,0,0,0,0,0
Last chance — 23:11 left on trekking jacket,false_urgency,false_urgency,en,p,promo,[TAG=p] [ROLE=promo] Last chance — 23:11 left on trekking jacket,false_urgency:en:05,synthetic_v1,0,1,0,0,0,0,0,0
Today only! 70% off protein powder,false_urgency,false_urgency,en,div,banner,[TAG=div] [ROLE=banner] Today only! 70% off protein powder,false_urgency:en:10,synthetic_v1,0,1,0,0,0,0,0,0
60% छुट 1 मिनेट मा सकिन्छ,false_urgency,false_urgency,ne,p,promo,[TAG=p] [ROLE=promo] 60% छुट 1 मिनेट मा सकिन्छ,false_urgency:ne:15,synthetic_v1,0,1,0,0,0,0,0,0
Your cart will expire in 12 hours,false_urgency,false_urgency,en,p,promo,[TAG=p] [ROLE=promo] Your cart will expire in 12 hours,false_urgency:en:03,synthetic_v1,0,1,0,0,0,0,0,0
सिर्फ़ आज! गेमिंग माउस पर 40% छूट,false_urgency,false_urgency,hi,p,promo,[TAG=p] [ROLE=promo] सिर्फ़ आज! गेमिंग माउस पर 40% छूट,false_urgency:hi:10,synthetic_v1,0,1,0,0,0,0,0,0
Meesho sale on air fryer ends in 02:14,false_urgency,false_urgency,en,span,timer,[TAG=span] [ROLE=timer] Meesho sale on air fryer ends in 02:14,false_urgency:en:17,synthetic_v1,0,1,0,0,0,0,0,0
Prices go up in 14:59,false_urgency,false_urgency,en,div,banner,[TAG=div] [ROLE=banner] Prices go up in 14:59,false_urgency:en:04,synthetic_v1,0,1,0,0,0,0,0,0
Ajio पर कॉटन कुर्ता की सेल 2 घंटे में खत्म,false_urgency,false_urgency,hi,div,banner,[TAG=div] [ROLE=banner] Ajio पर कॉटन कुर्ता की सेल 2 घंटे में खत्म,false_urgency:hi:17,synthetic_v1,0,1,0,0,0,0,0,0
आख़िरी मौका — लैपटॉप बैग पर 2 घंटे बाकी,false_urgency,false_urgency,hi,p,promo,[TAG=p] [ROLE=promo] आख़िरी मौका — लैपटॉप बैग पर 2 घंटे बाकी,false_urgency:hi:05,synthetic_v1,0,1,0,0,0,0,0,0
ब्याकप्याक मा रु. 899 को मूल्य 1 घण्टा सम्म मात्र,false_urgency,false_urgency,ne,p,promo,[TAG=p] [ROLE=promo] ब्याकप्याक मा रु. 899 को मूल्य 1 घण्टा सम्म मात्र,false_urgency:ne:21,synthetic_v1,0,1,0,0,0,0,0,0
Hurry! Offer on air fryer expires in 04:30,false_urgency,false_urgency,en,p,promo,[TAG=p] [ROLE=promo] Hurry! Offer on air fryer expires in 04:30,false_urgency:en:01,synthetic_v1,0,1,0,0,0,0,0,0
Your Pepperfry cart with office chair expires in 10 minutes,false_urgency,false_urgency,en,p,promo,[TAG=p] [ROLE=promo] Your Pepperfry cart with office chair expires in 10 minutes,false_urgency:en:20,synthetic_v1,0,1,0,0,0,0,0,0
Order in 30 minutes to get delivery in 2 days,false_urgency,false_urgency,en,div,banner,[TAG=div] [ROLE=banner] Order in 30 minutes to get delivery in 2 days,false_urgency:en:16,synthetic_v1,0,1,0,0,0,0,0,0
Only 19:20 remaining on this deal,false_urgency,false_urgency,en,span,timer,[TAG=span] [ROLE=timer] Only 19:20 remaining on this deal,false_urgency:en:11,synthetic_v1,0,1,0,0,0,0,0,0
Hurry! Offer on formal shirt expires in 04:30,false_urgency,false_urgency,en,p,promo,[TAG=p] [ROLE=promo] Hurry! Offer on formal shirt expires in 04:30,false_urgency:en:01,synthetic_v1,0,1,0,0,0,0,0,0
अगले 7 मिनट तक ही मान्य,false_urgency,false_urgency,hi,span,timer,[TAG=span] [ROLE=timer] अगले 7 मिनट तक ही मान्य,false_urgency:hi:07,synthetic_v1,0,1,0,0,0,0,0,0
Order in 14:59 to get delivery in 14 days,false_urgency,false_urgency,en,div,banner,[TAG=div] [ROLE=banner] Order in 14:59 to get delivery in 14 days,false_urgency:en:16,synthetic_v1,0,1,0,0,0,0,0,0
सेल 09:45 में खत्म!,false_urgency,false_urgency,hi,p,promo,[TAG=p] [ROLE=promo] सेल 09:45 में खत्म!,false_urgency:hi:00,synthetic_v1,0,1,0,0,0,0,0,0
अन्तिम मौका — स्कुल ब्याग मा 20 मिनेट बाँकी,false_urgency,false_urgency,ne,p,promo,[TAG=p] [ROLE=promo] अन्तिम मौका — स्कुल ब्याग मा 20 मिनेट बाँकी,false_urgency:ne:05,synthetic_v1,0,1,0,0,0,0,0,0
हिउँदको ब्ल्याङ्केट मा रु. 99 को मूल्य 1 घण्टा सम्म मात्र,false_urgency,false_urgency,ne,div,banner,[TAG=div] [ROLE=banner] हिउँदको ब्ल्याङ्केट मा रु. 99 को मूल्य 1 घण्टा सम्म मात्र,false_urgency:ne:21,synthetic_v1,0,1,0,0,0,0,0,0
60% off expires in 3 minutes,false_urgency,false_urgency,en,p,promo,[TAG=p] [ROLE=promo] 60% off expires in 3 minutes,false_urgency:en:15,synthetic_v1,0,1,0,0,0,0,0,0
छिटो गर्नुहोस्! ट्रेकिङ ज्याकेट को अफर 09:45 मा सकिँदै,false_urgency,false_urgency,ne,span,timer,[TAG=span] [ROLE=timer] छिटो गर्नुहोस्! ट्रेकिङ ज्याकेट को अफर 09:45 मा सकिँदै,false_urgency:ne:01,synthetic_v1,0,1,0,0,0,0,0,0
Order air fryer within 12 hours for delivery to Lucknow,false_urgency,false_urgency,en,p,promo,[TAG=p] [ROLE=promo] Order air fryer within 12 hours for delivery to Lucknow,false_urgency:en:18,synthetic_v1,0,1,0,0,0,0,0,0
काउन्टडाउन: 2 घण्टा मा मूल्य बढ्नेछ,false_urgency,false_urgency,ne,p,promo,[TAG=p] [ROLE=promo] काउन्टडाउन: 2 घण्टा मा मूल्य बढ्नेछ,false_urgency:ne:08,synthetic_v1,0,1,0,0,0,0,0,0
नॉइज़ कैंसलिंग हेडफोन पर रु. 349 की कीमत 48 घंटे तक ही,false_urgency,false_urgency,hi,div,banner,[TAG=div] [ROLE=banner] नॉइज़ कैंसलिंग हेडफोन पर रु. 349 की कीमत 48 घंटे तक ही,false_urgency:hi:21,synthetic_v1,0,1,0,0,0,0,0,0
Order in 6 hours to get delivery in 14 days,false_urgency,false_urgency,en,span,timer,[TAG=span] [ROLE=timer] Order in 6 hours to get delivery in 14 days,false_urgency:en:16,synthetic_v1,0,1,0,0,0,0,0,0
Rs. 99 price on winter blanket valid for 04:30 only,false_urgency,false_urgency,en,p,promo,[TAG=p] [ROLE=promo] Rs. 99 price on winter blanket valid for 04:30 only,false_urgency:en:21,synthetic_v1,0,1,0,0,0,0,0,0
फर्मल सर्ट रहेको तपाईंको Ajio कार्ट 24 घण्टा मा सकिन्छ,false_urgency,false_urgency,ne,p,promo,[TAG=p] [ROLE=promo] फर्मल सर्ट रहेको तपाईंको Ajio कार्ट 24 घण्टा मा सकिन्छ,false_urgency:ne:20,synthetic_v1,0,1,0,0,0,0,0,0
"फ्ल्यास सेल 3 मिनेट मा सकिँदै, नगुमाउनुहोस्",false_urgency,false_urgency,ne,p,promo,"[TAG=p] [ROLE=promo] फ्ल्यास सेल 3 मिनेट मा सकिँदै, नगुमाउनुहोस्",false_urgency:ne:06,synthetic_v1,0,1,0,0,0,0,0,0
Last chance — 5 minutes left on formal shirt,false_urgency,false_urgency,en,p,promo,[TAG=p] [ROLE=promo] Last chance — 5 minutes left on formal shirt,false_urgency:en:05,synthetic_v1,0,1,0,0,0,0,0,0
आजको डिल 5 मिनेट मा सकिन्छ,false_urgency,false_urgency,ne,div,banner,[TAG=div] [ROLE=banner] आजको डिल 5 मिनेट मा सकिन्छ,false_urgency:ne:02,synthetic_v1,0,1,0,0,0,0,0,0
Croma पर कॉटन कुर्ता पर 60% छूट — 48 घंटे बाकी,false_urgency,false_urgency,hi,span,timer,[TAG=span] [ROLE=timer] Croma पर कॉटन कुर्ता पर 60% छूट — 48 घंटे बाकी,false_urgency:hi:19,synthetic_v1,0,1,0,0,0,0,0,0
Today only! 5% off noise cancelling headphones,false_urgency,false_urgency,en,span,timer,[TAG=span] [ROLE=timer] Today only! 5% off noise cancelling headphones,false_urgency:en:10,synthetic_v1,0,1,0,0,0,0,0,0
अफर 45 मिनेट मा सकिन्छ — 10 मात्र बाँकी!,false_urgency|scarcity,false_urgency,ne,span,timer,[TAG=span] [ROLE=timer] अफर 45 मिनेट मा सकिन्छ — 10 मात्र बाँकी!,false_urgency:ne:14,synthetic_v1,0,1,0,0,1,0,0,0
आज का सौदा 45 मिनट में खत्म,false_urgency,false_urgency,hi,p,promo,[TAG=p] [ROLE=promo] आज का सौदा 45 मिनट में खत्म,false_urgency:hi:02,synthetic_v1,0,1,0,0,0,0,0,0
जल्दी करें! स्टडी लैंप पर ऑफ़र 24 घंटे में समाप्त,false_urgency,false_urgency,hi,span,timer,[TAG=span] [ROLE=timer] जल्दी करें! स्टडी लैंप पर ऑफ़र 24 घंटे में समाप्त,false_urgency:hi:01,synthetic_v1,0,1,0,0,0,0,0,0
मांग के कारण 24 घंटे बढ़ाया गया,false_urgency,false_urgency,hi,span,timer,[TAG=span] [ROLE=timer] मांग के कारण 24 घंटे बढ़ाया गया,false_urgency:hi:13,synthetic_v1,0,1,0,0,0,0,0,0
योगा म्याट रहेको तपाईंको Blinkit कार्ट 7 मिनेट मा सकिन्छ,false_urgency,false_urgency,ne,span,timer,[TAG=span] [ROLE=timer] योगा म्याट रहेको तपाईंको Blinkit कार्ट 7 मिनेट मा सकिन्छ,false_urgency:ne:20,synthetic_v1,0,1,0,0,0,0,0,0
बागलुङ डेलिभरीका लागि 12 घण्टा भित्र ब्याकप्याक अर्डर गर्नुहोस्,false_urgency,false_urgency,ne,div,banner,[TAG=div] [ROLE=banner] बागलुङ डेलिभरीका लागि 12 घण्टा भित्र ब्याकप्याक अर्डर गर्नुहोस्,false_urgency:ne:18,synthetic_v1,0,1,0,0,0,0,0,0
Prices go up in 15 minutes,false_urgency,false_urgency,en,span,timer,[TAG=span] [ROLE=timer] Prices go up in 15 minutes,false_urgency:en:04,synthetic_v1,0,1,0,0,0,0,0,0
HamroBazar पर स्कूल बैग पर 25% छूट — 18 घंटे बाकी,false_urgency,false_urgency,hi,p,promo,[TAG=p] [ROLE=promo] HamroBazar पर स्कूल बैग पर 25% छूट — 18 घंटे बाकी,false_urgency:hi:19,synthetic_v1,0,1,0,0,0,0,0,0
5% off expires in 45 minutes,false_urgency,false_urgency,en,span,timer,[TAG=span] [ROLE=timer] 5% off expires in 45 minutes,false_urgency:en:15,synthetic_v1,0,1,0,0,0,0,0,0
Reserved for you for 04:30,false_urgency,false_urgency,en,span,timer,[TAG=span] [ROLE=timer] Reserved for you for 04:30,false_urgency:en:12,synthetic_v1,0,1,0,0,0,0,0,0
Your Daraz cart with yoga mat expires in 24 hours,false_urgency,false_urgency,en,p,promo,[TAG=p] [ROLE=promo] Your Daraz cart with yoga mat expires in 24 hours,false_urgency:en:20,synthetic_v1,0,1,0,0,0,0,0,0
60% off expires in 6 hours,false_urgency,false_urgency,en,p,promo,[TAG=p] [ROLE=promo] 60% off expires in 6 hours,false_urgency:en:15,synthetic_v1,0,1,0,0,0,0,0,0
SastoDeal sale on formal shirt ends in 3 minutes,false_urgency,false_urgency,en,span,timer,[TAG=span] [ROLE=timer] SastoDeal sale on formal shirt ends in 3 minutes,false_urgency:en:17,synthetic_v1,0,1,0,0,0,0,0,0
Prices go up in 5 minutes,false_urgency,false_urgency,en,p,promo,[TAG=p] [ROLE=promo] Prices go up in 5 minutes,false_urgency:en:04,synthetic_v1,0,1,0,0,0,0,0,0
अफर 23:11 मा सकिन्छ — 9 मात्र बाँकी!,false_urgency|scarcity,false_urgency,ne,p,promo,[TAG=p] [ROLE=promo] अफर 23:11 मा सकिन्छ — 9 मात्र बाँकी!,false_urgency:ne:14,synthetic_v1,0,1,0,0,1,0,0,0
जल्दी करें! राइस कुकर पर ऑफ़र 5 मिनट में समाप्त,false_urgency,false_urgency,hi,div,banner,[TAG=div] [ROLE=banner] जल्दी करें! राइस कुकर पर ऑफ़र 5 मिनट में समाप्त,false_urgency:hi:01,synthetic_v1,0,1,0,0,0,0,0,0
Hurry! Offer on gaming mouse expires in 1 minute,false_urgency,false_urgency,en,div,banner,[TAG=div] [ROLE=banner] Hurry! Offer on gaming mouse expires in 1 minute,false_urgency:en:01,synthetic_v1,0,1,0,0,0,0,0,0
यह कीमत आपके लिए 1 मिनट तक सुरक्षित,false_urgency,false_urgency,hi,p,promo,[TAG=p] [ROLE=promo] यह कीमत आपके लिए 1 मिनट तक सुरक्षित,false_urgency:hi:12,synthetic_v1,0,1,0,0,0,0,0,0
Sale ends in 30 minutes!,false_urgency,false_urgency,en,span,timer,[TAG=span] [ROLE=timer] Sale ends in 30 minutes!,false_urgency:en:00,synthetic_v1,0,1,0,0,0,0,0,0
50% छूट 04:30 में समाप्त,false_urgency,false_urgency,hi,p,promo,[TAG=p] [ROLE=promo] 50% छूट 04:30 में समाप्त,false_urgency:hi:15,synthetic_v1,0,1,0,0,0,0,0,0
"48 घण्टा भित्र अर्डर गर्नुहोस्, 10 दिनमा डेलिभरी",false_urgency,false_urgency,ne,span,timer,"[TAG=span] [ROLE=timer] 48 घण्टा भित्र अर्डर गर्नुहोस्, 10 दिनमा डेलिभरी",false_urgency:ne:16,synthetic_v1,0,1,0,0,0,0,0,0
आजको डिल 48 घण्टा मा सकिन्छ,false_urgency,false_urgency,ne,p,promo,[TAG=p] [ROLE=promo] आजको डिल 48 घण्टा मा सकिन्छ,false_urgency:ne:02,synthetic_v1,0,1,0,0,0,0,0,0
स्मार्टवाच मा रु. 149 को मूल्य 02:14 सम्म मात्र,false_urgency,false_urgency,ne,div,banner,[TAG=div] [ROLE=banner] स्मार्टवाच मा रु. 149 को मूल्य 02:14 सम्म मात्र,false_urgency:ne:21,synthetic_v1,0,1,0,0,0,0,0,0
मूल्य 02:14 मा बढ्नेछ,false_urgency,false_urgency,ne,div,banner,[TAG=div] [ROLE=banner] मूल्य 02:14 मा बढ्नेछ,false_urgency:ne:04,synthetic_v1,0,1,0,0,0,0,0,0
आज मात्र! पावर ब्यांक मा 25% छुट,false_urgency,false_urgency,ne,span,timer,[TAG=span] [ROLE=timer] आज मात्र! पावर ब्यांक मा 25% छुट,false_urgency:ne:10,synthetic_v1,0,1,0,0,0,0,0,0
छिटो गर्नुहोस्! ल्यापटप ब्याग को अफर 18 घण्टा मा सकिँदै,false_urgency,false_urgency,ne,p,promo,[TAG=p] [ROLE=promo] छिटो गर्नुहोस्! ल्यापटप ब्याग को अफर 18 घण्टा मा सकिँदै,false_urgency:ne:01,synthetic_v1,0,1,0,0,0,0,0,0
काउन्टडाउन: 02:14 मा मूल्य बढ्नेछ,false_urgency,false_urgency,ne,span,timer,[TAG=span] [ROLE=timer] काउन्टडाउन: 02:14 मा मूल्य बढ्नेछ,false_urgency:ne:08,synthetic_v1,0,1,0,0,0,0,0,0
जल्दी करें! गेमिंग माउस पर ऑफ़र 1 मिनट में समाप्त,false_urgency,false_urgency,hi,p,promo,[TAG=p] [ROLE=promo] जल्दी करें! गेमिंग माउस पर ऑफ़र 1 मिनट में समाप्त,false_urgency:hi:01,synthetic_v1,0,1,0,0,0,0,0,0
पोखरा डेलिभरीका लागि 00:59 भित्र गेमिङ माउस अर्डर गर्नुहोस्,false_urgency,false_urgency,ne,div,banner,[TAG=div] [ROLE=banner] पोखरा डेलिभरीका लागि 00:59 भित्र गेमिङ माउस अर्डर गर्नुहोस्,false_urgency:ne:18,synthetic_v1,0,1,0,0,0,0,0,0
आजको डिल 00:59 मा सकिन्छ,false_urgency,false_urgency,ne,p,promo,[TAG=p] [ROLE=promo] आजको डिल 00:59 मा सकिन्छ,false_urgency:ne:02,synthetic_v1,0,1,0,0,0,0,0,0
यो दर पाउन 7 मिनेट भित्र बुक गर्नुहोस्,false_urgency,false_urgency,ne,span,timer,[TAG=span] [ROLE=timer] यो दर पाउन 7 मिनेट भित्र बुक गर्नुहोस्,false_urgency:ne:09,synthetic_v1,0,1,0,0,0,0,0,0
Your cart will expire in 1 minute,false_urgency,false_urgency,en,p,promo,[TAG=p] [ROLE=promo] Your cart will expire in 1 minute,false_urgency:en:03,synthetic_v1,0,1,0,0,0,0,0,0
चंडीगढ़ डिलीवरी के लिए 48 घंटे में पावर बैंक ऑर्डर करें,false_urgency,false_urgency,hi,span,timer,[TAG=span] [ROLE=timer] चंडीगढ़ डिलीवरी के लिए 48 घंटे में पावर बैंक ऑर्डर करें,false_urgency:hi:18,synthetic_v1,0,1,0,0,0,0,0,0
Last chance — 5 minutes left on yoga mat,false_urgency,false_urgency,en,div,banner,[TAG=div] [ROLE=banner] Last chance — 5 minutes left on yoga mat,false_urgency:en:05,synthetic_v1,0,1,0,0,0,0,0,0
अन्तिम मौका — गेमिङ माउस मा 23:11 बाँकी,false_urgency,false_urgency,ne,p,promo,[TAG=p] [ROLE=promo] अन्तिम मौका — गेमिङ माउस मा 23:11 बाँकी,false_urgency:ne:05,synthetic_v1,0,1,0,0,0,0,0,0
Countdown: 10 minutes until the price rises,false_urgency,false_urgency,en,div,banner,[TAG=div] [ROLE=banner] Countdown: 10 minutes until the price rises,false_urgency:en:08,synthetic_v1,0,1,0,0,0,0,0,0
"1 मिनेट भित्र अर्डर गर्नुहोस्, 3 दिनमा डेलिभरी",false_urgency,false_urgency,ne,div,banner,"[TAG=div] [ROLE=banner] 1 मिनेट भित्र अर्डर गर्नुहोस्, 3 दिनमा डेलिभरी",false_urgency:ne:16,synthetic_v1,0,1,0,0,0,0,0,0
Your JioMart cart with sunglasses expires in 45 minutes,false_urgency,false_urgency,en,span,timer,[TAG=span] [ROLE=timer] Your JioMart cart with sunglasses expires in 45 minutes,false_urgency:en:20,synthetic_v1,0,1,0,0,0,0,0,0
Order in 12 hours to get delivery in 2 days,false_urgency,false_urgency,en,div,banner,[TAG=div] [ROLE=banner] Order in 12 hours to get delivery in 2 days,false_urgency:en:16,synthetic_v1,0,1,0,0,0,0,0,0
अफर 09:45 मा सकिन्छ — 6 मात्र बाँकी!,false_urgency|scarcity,false_urgency,ne,p,promo,[TAG=p] [ROLE=promo] अफर 09:45 मा सकिन्छ — 6 मात्र बाँकी!,false_urgency:ne:14,synthetic_v1,0,1,0,0,1,0,0,0
हेटौंडा डेलिभरीका लागि 30 मिनेट भित्र फर्मल सर्ट अर्डर गर्नुहोस्,false_urgency,false_urgency,ne,span,timer,[TAG=span] [ROLE=timer] हेटौंडा डेलिभरीका लागि 30 मिनेट भित्र फर्मल सर्ट अर्डर गर्नुहोस्,false_urgency:ne:18,synthetic_v1,0,1,0,0,0,0,0,0
Today only! 30% off office chair,false_urgency,false_urgency,en,p,promo,[TAG=p] [ROLE=promo] Today only! 30% off office chair,false_urgency:en:10,synthetic_v1,0,1,0,0,0,0,0,0
अफर 3 मिनेट मा सकिन्छ — 1 मात्र बाँकी!,false_urgency|scarcity,false_urgency,ne,div,banner,[TAG=div] [ROLE=banner] अफर 3 मिनेट मा सकिन्छ — 1 मात्र बाँकी!,false_urgency:ne:14,synthetic_v1,0,1,0,0,1,0,0,0
यह कीमत आपके लिए 48 घंटे तक सुरक्षित,false_urgency,false_urgency,hi,div,banner,[TAG=div] [ROLE=banner] यह कीमत आपके लिए 48 घंटे तक सुरक्षित,false_urgency:hi:12,synthetic_v1,0,1,0,0,0,0,0,0
Pepperfry sale on noise cancelling headphones ends in 3 minutes,false_urgency,false_urgency,en,p,promo,[TAG=p] [ROLE=promo] Pepperfry sale on noise cancelling headphones ends in 3 minutes,false_urgency:en:17,synthetic_v1,0,1,0,0,0,0,0,0
"Rs. 1,999 price on face wash valid for 3 hours only",false_urgency,false_urgency,en,span,timer,"[TAG=span] [ROLE=timer] Rs. 1,999 price on face wash valid for 3 hours only",false_urgency:en:21,synthetic_v1,0,1,0,0,0,0,0,0
जल्दी करें! रनिंग शूज़ पर ऑफ़र 04:30 में समाप्त,false_urgency,false_urgency,hi,span,timer,[TAG=span] [ROLE=timer] जल्दी करें! रनिंग शूज़ पर ऑफ़र 04:30 में समाप्त,false_urgency:hi:01,synthetic_v1,0,1,0,0,0,0,0,0
Your Gyapu cart with bluetooth speaker expires in 24 hours,false_urgency,false_urgency,en,p,promo,[TAG=p] [ROLE=promo] Your Gyapu cart with bluetooth speaker expires in 24 hours,false_urgency:en:20,synthetic_v1,0,1,0,0,0,0,0,0
Hurry! Offer on electric kettle expires in 14:59,false_urgency,false_urgency,en,p,promo,[TAG=p] [ROLE=promo] Hurry! Offer on electric kettle expires in 14:59,false_urgency:en:01,synthetic_v1,0,1,0,0,0,0,0,0
Blinkit sale on school bag ends in 7 minutes,false_urgency,false_urgency,en,span,timer,[TAG=span] [ROLE=timer] Blinkit sale on school bag ends in 7 minutes,false_urgency:en:17,synthetic_v1,0,1,0,0,0,0,0,0
Offer ends in 02:14 — only 3 left!,false_urgency|scarcity,false_urgency,en,div,banner,[TAG=div] [ROLE=banner] Offer ends in 02:14 — only 3 left!,false_urgency:en:14,synthetic_v1,0,1,0,0,1,0,0,0
अन्तिम मौका — ब्याकप्याक मा 10 मिनेट बाँकी,false_urgency,false_urgency,ne,p,promo,[TAG=p] [ROLE=promo] अन्तिम मौका — ब्याकप्याक मा 10 मिनेट बाँकी,false_urgency:ne:05,synthetic_v1,0,1,0,0,0,0,0,0
सिर्फ़ आज! ट्रेकिंग जैकेट पर 25% छूट,false_urgency,false_urgency,hi,span,timer,[TAG=span] [ROLE=timer] सिर्फ़ आज! ट्रेकिंग जैकेट पर 25% छूट,false_urgency:hi:10,synthetic_v1,0,1,0,0,0,0,0,0
"04:30 भित्र अर्डर गर्नुहोस्, 2 दिनमा डेलिभरी",false_urgency,false_urgency,ne,p,promo,"[TAG=p] [ROLE=promo] 04:30 भित्र अर्डर गर्नुहोस्, 2 दिनमा डेलिभरी",false_urgency:ne:16,synthetic_v1,0,1,0,0,0,0,0,0
ऑफ़र 1 मिनट में खत्म — केवल 8 बचे!,false_urgency|scarcity,false_urgency,hi,p,promo,[TAG=p] [ROLE=promo] ऑफ़र 1 मिनट में खत्म — केवल 8 बचे!,false_urgency:hi:14,synthetic_v1,0,1,0,0,1,0,0,0
15% off hair dryer at Zepto — 14:59 left,false_urgency,false_urgency,en,p,promo,[TAG=p] [ROLE=promo] 15% off hair dryer at Zepto — 14:59 left,false_urgency:en:19,synthetic_v1,0,1,0,0,0,0,0,0
ऑफ़र 30 मिनट में खत्म — केवल 8 बचे!,false_urgency|scarcity,false_urgency,hi,p,promo,[TAG=p] [ROLE=promo] ऑफ़र 30 मिनट में खत्म — केवल 8 बचे!,false_urgency:hi:14,synthetic_v1,0,1,0,0,1,0,0,0
आगरा डिलीवरी के लिए 6 घंटे में एयर फ्रायर ऑर्डर करें,false_urgency,false_urgency,hi,span,timer,[TAG=span] [ROLE=timer] आगरा डिलीवरी के लिए 6 घंटे में एयर फ्रायर ऑर्डर करें,false_urgency:hi:18,synthetic_v1,0,1,0,0,0,0,0,0
JioMart sale on winter blanket ends in 23:11,false_urgency,false_urgency,en,span,timer,[TAG=span] [ROLE=timer] JioMart sale on winter blanket ends in 23:11,false_urgency:en:17,synthetic_v1,0,1,0,0,0,0,0,0
"09:45 भित्र अर्डर गर्नुहोस्, 3 दिनमा डेलिभरी",false_urgency,false_urgency,ne,p,promo,"[TAG=p] [ROLE=promo] 09:45 भित्र अर्डर गर्नुहोस्, 3 दिनमा डेलिभरी",false_urgency:ne:16,synthetic_v1,0,1,0,0,0,0,0,0
अफर 15 मिनेट मा सकिन्छ — 12 मात्र बाँकी!,false_urgency|scarcity,false_urgency,ne,div,banner,[TAG=div] [ROLE=banner] अफर 15 मिनेट मा सकिन्छ — 12 मात्र बाँकी!,false_urgency:ne:14,synthetic_v1,0,1,0,0,1,0,0,0
यो डिलमा 3 घण्टा मात्र बाँकी,false_urgency,false_urgency,ne,p,promo,[TAG=p] [ROLE=promo] यो डिलमा 3 घण्टा मात्र बाँकी,false_urgency:ne:11,synthetic_v1,0,1,0,0,0,0,0,0
5% off expires in 12 hours,false_urgency,false_urgency,en,p,promo,[TAG=p] [ROLE=promo] 5% off expires in 12 hours,false_urgency:en:15,synthetic_v1,0,1,0,0,0,0,0,0
अन्तिम मौका — वायरलेस इयरबड्स मा 23:11 बाँकी,false_urgency,false_urgency,ne,span,timer,[TAG=span] [ROLE=timer] अन्तिम मौका — वायरलेस इयरबड्स मा 23:11 बाँकी,false_urgency:ne:05,synthetic_v1,0,1,0,0,0,0,0,0
दाम 12:00 में बढ़ जाएंगे,false_urgency,false_urgency,hi,p,promo,[TAG=p] [ROLE=promo] दाम 12:00 में बढ़ जाएंगे,false_urgency:hi:04,synthetic_v1,0,1,0,0,0,0,0,0
यो मूल्य तपाईंका लागि 19:20 सम्म सुरक्षित,false_urgency,false_urgency,ne,p,promo,[TAG=p] [ROLE=promo] यो मूल्य तपाईंका लागि 19:20 सम्म सुरक्षित,false_urgency:ne:12,synthetic_v1,0,1,0,0,0,0,0,0
Today only! 15% off backpack,false_urgency,false_urgency,en,span,timer,[TAG=span] [ROLE=timer] Today only! 15% off backpack,false_urgency:en:10,synthetic_v1,0,1,0,0,0,0,0,0
Rs. 399 price on air fryer valid for 02:14 only,false_urgency,false_urgency,en,div,banner,[TAG=div] [ROLE=banner] Rs. 399 price on air fryer valid for 02:14 only,false_urgency:en:21,synthetic_v1,0,1,0,0,0,0,0,0
सिर्फ़ आज! डेनिम जींस पर 50% छूट,false_urgency,false_urgency,hi,p,promo,[TAG=p] [ROLE=promo] सिर्फ़ आज! डेनिम जींस पर 50% छूट,false_urgency:hi:10,synthetic_v1,0,1,0,0,0,0,0,0
Only 00:59 remaining on this deal,false_urgency,false_urgency,en,span,timer,[TAG=span] [ROLE=timer] Only 00:59 remaining on this deal,false_urgency:en:11,synthetic_v1,0,1,0,0,0,0,0,0
Today only! 10% off study lamp,false_urgency,false_urgency,en,p,promo,[TAG=p] [ROLE=promo] Today only! 10% off study lamp,false_urgency:en:10,synthetic_v1,0,1,0,0,0,0,0,0
पटना डिलीवरी के लिए 2 घंटे में स्पोर्ट्स सैंडल ऑर्डर करें,false_urgency,false_urgency,hi,p,promo,[TAG=p] [ROLE=promo] पटना डिलीवरी के लिए 2 घंटे में स्पोर्ट्स सैंडल ऑर्डर करें,false_urgency:hi:18,synthetic_v1,0,1,0,0,0,0,0,0
"1 घण्टा भित्र अर्डर गर्नुहोस्, 5 दिनमा डेलिभरी",false_urgency,false_urgency,ne,p,promo,"[TAG=p] [ROLE=promo] 1 घण्टा भित्र अर्डर गर्नुहोस्, 5 दिनमा डेलिभरी",false_urgency:ne:16,synthetic_v1,0,1,0,0,0,0,0,0
अन्तिम मौका — रनिङ जुत्ता मा 48 घण्टा बाँकी,false_urgency,false_urgency,ne,span,timer,[TAG=span] [ROLE=timer] अन्तिम मौका — रनिङ जुत्ता मा 48 घण्टा बाँकी,false_urgency:ne:05,synthetic_v1,0,1,0,0,0,0,0,0
Last chance — 1 minute left on laptop bag,false_urgency,false_urgency,en,span,timer,[TAG=span] [ROLE=timer] Last chance — 1 minute left on laptop bag,false_urgency:en:05,synthetic_v1,0,1,0,0,0,0,0,0
Rs. 399 price on phone case valid for 15 minutes only,false_urgency,false_urgency,en,p,promo,[TAG=p] [ROLE=promo] Rs. 399 price on phone case valid for 15 minutes only,false_urgency:en:21,synthetic_v1,0,1,0,0,0,0,0,0
"फ्लैश सेल 45 मिनट में खत्म, चूकें नहीं",false_urgency,false_urgency,hi,p,promo,"[TAG=p] [ROLE=promo] फ्लैश सेल 45 मिनट में खत्म, चूकें नहीं",false_urgency:hi:06,synthetic_v1,0,1,0,0,0,0,0,0
Daraz पर इलेक्ट्रिक केटल की सेल 48 घंटे में खत्म,false_urgency,false_urgency,hi,div,banner,[TAG=div] [ROLE=banner] Daraz पर इलेक्ट्रिक केटल की सेल 48 घंटे में खत्म,false_urgency:hi:17,synthetic_v1,0,1,0,0,0,0,0,0
"15 मिनेट भित्र अर्डर गर्नुहोस्, 14 दिनमा डेलिभरी",false_urgency,false_urgency,ne,div,banner,"[TAG=div] [ROLE=banner] 15 मिनेट भित्र अर्डर गर्नुहोस्, 14 दिनमा डेलिभरी",false_urgency:ne:16,synthetic_v1,0,1,0,0,0,0,0,0
Order in 3 hours to get delivery in 3 days,false_urgency,false_urgency,en,p,promo,[TAG=p] [ROLE=promo] Order in 3 hours to get delivery in 3 days,false_urgency:en:16,synthetic_v1,0,1,0,0,0,0,0,0
Offer valid for the next 7 minutes only,false_urgency,false_urgency,en,span,timer,[TAG=span] [ROLE=timer] Offer valid for the next 7 minutes only,false_urgency:en:07,synthetic_v1,0,1,0,0,0,0,0,0
"3 घंटे में ऑर्डर करें, 3 दिन में डिलीवरी",false_urgency,false_urgency,hi,p,promo,"[TAG=p] [ROLE=promo] 3 घंटे में ऑर्डर करें, 3 दिन में डिलीवरी",false_urgency:hi:16,synthetic_v1,0,1,0,0,0,0,0,0
Pepperfry पर कॉफी मेकर की सेल 30 मिनट में खत्म,false_urgency,false_urgency,hi,span,timer,[TAG=span] [ROLE=timer] Pepperfry पर कॉफी मेकर की सेल 30 मिनट में खत्म,false_urgency:hi:17,synthetic_v1,0,1,0,0,0,0,0,0
Today only! 20% off laptop bag,false_urgency,false_urgency,en,span,timer,[TAG=span] [ROLE=timer] Today only! 20% off laptop bag,false_urgency:en:10,synthetic_v1,0,1,0,0,0,0,0,0
FirstCry पर ऑफिस चेयर की सेल 3 मिनट में खत्म,false_urgency,false_urgency,hi,div,banner,[TAG=div] [ROLE=banner] FirstCry पर ऑफिस चेयर की सेल 3 मिनट में खत्म,false_urgency:hi:17,synthetic_v1,0,1,0,0,0,0,0,0
20% छूट 3 मिनट में समाप्त,false_urgency,false_urgency,hi,span,timer,[TAG=span] [ROLE=timer] 20% छूट 3 मिनट में समाप्त,false_urgency:hi:15,synthetic_v1,0,1,0,0,0,0,0,0
"Flash sale ending in 1 hour, don't miss out",false_urgency,false_urgency,en,span,timer,"[TAG=span] [ROLE=timer] Flash sale ending in 1 hour, don't miss out",false_urgency:en:06,synthetic_v1,0,1,0,0,0,0,0,0
छिटो गर्नुहोस्! कटन कुर्ता को अफर 30 मिनेट मा सकिँदै,false_urgency,false_urgency,ne,div,banner,[TAG=div] [ROLE=banner] छिटो गर्नुहोस्! कटन कुर्ता को अफर 30 मिनेट मा सकिँदै,false_urgency:ne:01,synthetic_v1,0,1,0,0,0,0,0,0
Rs. 199 price on induction cooktop valid for 2 hours only,false_urgency,false_urgency,en,span,timer,[TAG=span] [ROLE=timer] Rs. 199 price on induction cooktop valid for 2 hours only,false_urgency:en:21,synthetic_v1,0,1,0,0,0,0,0,0
ट्रेकिंग जैकेट वाला आपका HamroBazar कार्ट 12:00 में खत्म,false_urgency,false_urgency,hi,span,timer,[TAG=span] [ROLE=timer] ट्रेकिंग जैकेट वाला आपका HamroBazar कार्ट 12:00 में खत्म,false_urgency:hi:20,synthetic_v1,0,1,0,0,0,0,0,0
Order laptop bag within 3 minutes for delivery to Indore,false_urgency,false_urgency,en,span,timer,[TAG=span] [ROLE=timer] Order laptop bag within 3 minutes for delivery to Indore,false_urgency:en:18,synthetic_v1,0,1,0,0,0,0,0,0
Rs. 199 price on winter blanket valid for 00:59 only,false_urgency,false_urgency,en,span,timer,[TAG=span] [ROLE=timer] Rs. 199 price on winter blanket valid for 00:59 only,false_urgency:en:21,synthetic_v1,0,1,0,0,0,0,0,0
20% छुट 3 घण्टा मा सकिन्छ,false_urgency,false_urgency,ne,p,promo,[TAG=p] [ROLE=promo] 20% छुट 3 घण्टा मा सकिन्छ,false_urgency:ne:15,synthetic_v1,0,1,0,0,0,0,0,0
अन्तिम मौका — ट्रेकिङ ज्याकेट मा 6 घण्टा बाँकी,false_urgency,false_urgency,ne,div,banner,[TAG=div] [ROLE=banner] अन्तिम मौका — ट्रेकिङ ज्याकेट मा 6 घण्टा बाँकी,false_urgency:ne:05,synthetic_v1,0,1,0,0,0,0,0,0
आख़िरी मौका — इंडक्शन चूल्हा पर 7 मिनट बाकी,false_urgency,false_urgency,hi,span,timer,[TAG=span] [ROLE=timer] आख़िरी मौका — इंडक्शन चूल्हा पर 7 मिनट बाकी,false_urgency:hi:05,synthetic_v1,0,1,0,0,0,0,0,0
यह कीमत आपके लिए 14:59 तक सुरक्षित,false_urgency,false_urgency,hi,p,promo,[TAG=p] [ROLE=promo] यह कीमत आपके लिए 14:59 तक सुरक्षित,false_urgency:hi:12,synthetic_v1,0,1,0,0,0,0,0,0
Last chance — 12 hours left on sunglasses,false_urgency,false_urgency,en,p,promo,[TAG=p] [ROLE=promo] Last chance — 12 hours left on sunglasses,false_urgency:en:05,synthetic_v1,0,1,0,0,0,0,0,0
डेनिम जिन्स रहेको तपाईंको Flipkart कार्ट 2 घण्टा मा सकिन्छ,false_urgency,false_urgency,ne,div,banner,[TAG=div] [ROLE=banner] डेनिम जिन्स रहेको तपाईंको Flipkart कार्ट 2 घण्टा मा सकिन्छ,false_urgency:ne:20,synthetic_v1,0,1,0,0,0,0,0,0
ब्लुटुथ स्पिकर रहेको तपाईंको Gyapu कार्ट 02:14 मा सकिन्छ,false_urgency,false_urgency,ne,p,promo,[TAG=p] [ROLE=promo] ब्लुटुथ स्पिकर रहेको तपाईंको Gyapu कार्ट 02:14 मा सकिन्छ,false_urgency:ne:20,synthetic_v1,0,1,0,0,0,0,0,0
सिर्फ़ आज! गेमिंग माउस पर 60% छूट,false_urgency,false_urgency,hi,p,promo,[TAG=p] [ROLE=promo] सिर्फ़ आज! गेमिंग माउस पर 60% छूट,false_urgency:hi:10,synthetic_v1,0,1,0,0,0,0,0,0
छिटो गर्नुहोस्! रनिङ जुत्ता को अफर 7 मिनेट मा सकिँदै,false_urgency,false_urgency,ne,p,promo,[TAG=p] [ROLE=promo] छिटो गर्नुहोस्! रनिङ जुत्ता को अफर 7 मिनेट मा सकिँदै,false_urgency:ne:01,synthetic_v1,0,1,0,0,0,0,0,0
दाम 09:45 में बढ़ जाएंगे,false_urgency,false_urgency,hi,div,banner,[TAG=div] [ROLE=banner] दाम 09:45 में बढ़ जाएंगे,false_urgency:hi:04,synthetic_v1,0,1,0,0,0,0,0,0
Your OkDam cart with cotton kurta expires in 45 minutes,false_urgency,false_urgency,en,div,banner,[TAG=div] [ROLE=banner] Your OkDam cart with cotton kurta expires in 45 minutes,false_urgency:en:20,synthetic_v1,0,1,0,0,0,0,0,0
Your cart will expire in 19:20,false_urgency,false_urgency,en,div,banner,[TAG=div] [ROLE=banner] Your cart will expire in 19:20,false_urgency:en:03,synthetic_v1,0,1,0,0,0,0,0,0
मांग के कारण 4 घंटे बढ़ाया गया,false_urgency,false_urgency,hi,div,banner,[TAG=div] [ROLE=banner] मांग के कारण 4 घंटे बढ़ाया गया,false_urgency:hi:13,synthetic_v1,0,1,0,0,0,0,0,0
यह दर पाने के लिए 1 घंटे में बुक करें,false_urgency,false_urgency,hi,div,banner,[TAG=div] [ROLE=banner] यह दर पाने के लिए 1 घंटे में बुक करें,false_urgency:hi:09,synthetic_v1,0,1,0,0,0,0,0,0
अन्तिम मौका — अफिस कुर्सी मा 02:14 बाँकी,false_urgency,false_urgency,ne,span,timer,[TAG=span] [ROLE=timer] अन्तिम मौका — अफिस कुर्सी मा 02:14 बाँकी,false_urgency:ne:05,synthetic_v1,0,1,0,0,0,0,0,0
Book within 04:30 to lock this rate,false_urgency,false_urgency,en,p,promo,[TAG=p] [ROLE=promo] Book within 04:30 to lock this rate,false_urgency:en:09,synthetic_v1,0,1,0,0,0,0,0,0
काउन्टडाउन: 6 घण्टा मा मूल्य बढ्नेछ,false_urgency,false_urgency,ne,p,promo,[TAG=p] [ROLE=promo] काउन्टडाउन: 6 घण्टा मा मूल्य बढ्नेछ,false_urgency:ne:08,synthetic_v1,0,1,0,0,0,0,0,0
10% छूट 10 मिनट में समाप्त,false_urgency,false_urgency,hi,span,timer,[TAG=span] [ROLE=timer] 10% छूट 10 मिनट में समाप्त,false_urgency:hi:15,synthetic_v1,0,1,0,0,0,0,0,0
15% off expires in 02:14,false_urgency,false_urgency,en,p,promo,[TAG=p] [ROLE=promo] 15% off expires in 02:14,false_urgency:en:15,synthetic_v1,0,1,0,0,0,0,0,0
Last chance — 14:59 left on denim jeans,false_urgency,false_urgency,en,span,timer,[TAG=span] [ROLE=timer] Last chance — 14:59 left on denim jeans,false_urgency:en:05,synthetic_v1,0,1,0,0,0,0,0,0
Sale ends in 3 hours!,false_urgency,false_urgency,en,span,timer,[TAG=span] [ROLE=timer] Sale ends in 3 hours!,false_urgency:en:00,synthetic_v1,0,1,0,0,0,0,0,0
"30 मिनट में ऑर्डर करें, 4 दिन में डिलीवरी",false_urgency,false_urgency,hi,span,timer,"[TAG=span] [ROLE=timer] 30 मिनट में ऑर्डर करें, 4 दिन में डिलीवरी",false_urgency:hi:16,synthetic_v1,0,1,0,0,0,0,0,0
Your BigBasket cart with rice cooker expires in 45 minutes,false_urgency,false_urgency,en,span,timer,[TAG=span] [ROLE=timer] Your BigBasket cart with rice cooker expires in 45 minutes,false_urgency:en:20,synthetic_v1,0,1,0,0,0,0,0,0
अफर 15 मिनेट मा सकिन्छ — 3 मात्र बाँकी!,false_urgency|scarcity,false_urgency,ne,p,promo,[TAG=p] [ROLE=promo] अफर 15 मिनेट मा सकिन्छ — 3 मात्र बाँकी!,false_urgency:ne:14,synthetic_v1,0,1,0,0,1,0,0,0
Last chance — 6 hours left on power bank,false_urgency,false_urgency,en,p,promo,[TAG=p] [ROLE=promo] Last chance — 6 hours left on power bank,false_urgency:en:05,synthetic_v1,0,1,0,0,0,0,0,0
नासिक डिलीवरी के लिए 09:45 में स्पोर्ट्स सैंडल ऑर्डर करें,false_urgency,false_urgency,hi,p,promo,[TAG=p] [ROLE=promo] नासिक डिलीवरी के लिए 09:45 में स्पोर्ट्स सैंडल ऑर्डर करें,false_urgency:hi:18,synthetic_v1,0,1,0,0,0,0,0,0
Hurry! Offer on sunglasses expires in 5 minutes,false_urgency,false_urgency,en,div,banner,[TAG=div] [ROLE=banner] Hurry! Offer on sunglasses expires in 5 minutes,false_urgency:en:01,synthetic_v1,0,1,0,0,0,0,0,0
Book within 00:59 to lock this rate,false_urgency,false_urgency,en,span,timer,[TAG=span] [ROLE=timer] Book within 00:59 to lock this rate,false_urgency:en:09,synthetic_v1,0,1,0,0,0,0,0,0
जल्दी करें! ब्लूटूथ स्पीकर पर ऑफ़र 04:30 में समाप्त,false_urgency,false_urgency,hi,p,promo,[TAG=p] [ROLE=promo] जल्दी करें! ब्लूटूथ स्पीकर पर ऑफ़र 04:30 में समाप्त,false_urgency:hi:01,synthetic_v1,0,1,0,0,0,0,0,0
आज का सौदा 48 घंटे में खत्म,false_urgency,false_urgency,hi,div,banner,[TAG=div] [ROLE=banner] आज का सौदा 48 घंटे में खत्म,false_urgency:hi:02,synthetic_v1,0,1,0,0,0,0,0,0
काउंटडाउन: 2 घंटे में कीमत बढ़ेगी,false_urgency,false_urgency,hi,div,banner,[TAG=div] [ROLE=banner] काउंटडाउन: 2 घंटे में कीमत बढ़ेगी,false_urgency:hi:08,synthetic_v1,0,1,0,0,0,0,0,0
"00:59 में ऑर्डर करें, 4 दिन में डिलीवरी",false_urgency,false_urgency,hi,p,promo,"[TAG=p] [ROLE=promo] 00:59 में ऑर्डर करें, 4 दिन में डिलीवरी",false_urgency:hi:16,synthetic_v1,0,1,0,0,0,0,0,0
आजको डिल 1 घण्टा मा सकिन्छ,false_urgency,false_urgency,ne,span,timer,[TAG=span] [ROLE=timer] आजको डिल 1 घण्टा मा सकिन्छ,false_urgency:ne:02,synthetic_v1,0,1,0,0,0,0,0,0
Order in 7 minutes to get delivery in 4 days,false_urgency,false_urgency,en,span,timer,[TAG=span] [ROLE=timer] Order in 7 minutes to get delivery in 4 days,false_urgency:en:16,synthetic_v1,0,1,0,0,0,0,0,0
"09:45 में ऑर्डर करें, 10 दिन में डिलीवरी",false_urgency,false_urgency,hi,div,banner,"[TAG=div] [ROLE=banner] 09:45 में ऑर्डर करें, 10 दिन में डिलीवरी",false_urgency:hi:16,synthetic_v1,0,1,0,0,0,0,0,0
काउंटडाउन: 15 मिनट में कीमत बढ़ेगी,false_urgency,false_urgency,hi,p,promo,[TAG=p] [ROLE=promo] काउंटडाउन: 15 मिनट में कीमत बढ़ेगी,false_urgency:hi:08,synthetic_v1,0,1,0,0,0,0,0,0
ब्लूटूथ स्पीकर वाला आपका Muncha कार्ट 2 घंटे में खत्म,false_urgency,false_urgency,hi,span,timer,[TAG=span] [ROLE=timer] ब्लूटूथ स्पीकर वाला आपका Muncha कार्ट 2 घंटे में खत्म,false_urgency:hi:20,synthetic_v1,0,1,0,0,0,0,0,0
आज मात्र! स्मार्टवाच मा 10% छुट,false_urgency,false_urgency,ne,div,banner,[TAG=div] [ROLE=banner] आज मात्र! स्मार्टवाच मा 10% छुट,false_urgency:ne:10,synthetic_v1,0,1,0,0,0,0,0,0
आज मात्र! ट्रेकिङ ज्याकेट मा 35% छुट,false_urgency,false_urgency,ne,span,timer,[TAG=span] [ROLE=timer] आज मात्र! ट्रेकिङ ज्याकेट मा 35% छुट,false_urgency:ne:10,synthetic_v1,0,1,0,0,0,0,0,0
सिर्फ़ आज! गेमिंग माउस पर 5% छूट,false_urgency,false_urgency,hi,div,banner,[TAG=div] [ROLE=banner] सिर्फ़ आज! गेमिंग माउस पर 5% छूट,false_urgency:hi:10,synthetic_v1,0,1,0,0,0,0,0,0
यो मूल्य तपाईंका लागि 24 घण्टा सम्म सुरक्षित,false_urgency,false_urgency,ne,span,timer,[TAG=span] [ROLE=timer] यो मूल्य तपाईंका लागि 24 घण्टा सम्म सुरक्षित,false_urgency:ne:12,synthetic_v1,0,1,0,0,0,0,0,0
काउंटडाउन: 14:59 में कीमत बढ़ेगी,false_urgency,false_urgency,hi,p,promo,[TAG=p] [ROLE=promo] काउंटडाउन: 14:59 में कीमत बढ़ेगी,false_urgency:hi:08,synthetic_v1,0,1,0,0,0,0,0,0
Amazon पर पावर बैंक की सेल 24 घंटे में खत्म,false_urgency,false_urgency,hi,span,timer,[TAG=span] [ROLE=timer] Amazon पर पावर बैंक की सेल 24 घंटे में खत्म,false_urgency:hi:17,synthetic_v1,0,1,0,0,0,0,0,0
Muncha पर इंडक्शन चूल्हा की सेल 19:20 में खत्म,false_urgency,false_urgency,hi,span,timer,[TAG=span] [ROLE=timer] Muncha पर इंडक्शन चूल्हा की सेल 19:20 में खत्म,false_urgency:hi:17,synthetic_v1,0,1,0,0,0,0,0,0
अन्तिम मौका — नोइज क्यान्सलिङ हेडफोन मा 04:30 बाँकी,false_urgency,false_urgency,ne,span,timer,[TAG=span] [ROLE=timer] अन्तिम मौका — नोइज क्यान्सलिङ हेडफोन मा 04:30 बाँकी,false_urgency:ne:05,synthetic_v1,0,1,0,0,0,0,0,0
10% छुट 3 घण्टा मा सकिन्छ,false_urgency,false_urgency,ne,div,banner,[TAG=div] [ROLE=banner] 10% छुट 3 घण्टा मा सकिन्छ,false_urgency:ne:15,synthetic_v1,0,1,0,0,0,0,0,0
यह कीमत आपके लिए 12:00 तक सुरक्षित,false_urgency,false_urgency,hi,p,promo,[TAG=p] [ROLE=promo] यह कीमत आपके लिए 12:00 तक सुरक्षित,false_urgency:hi:12,synthetic_v1,0,1,0,0,0,0,0,0
दाम 48 घंटे में बढ़ जाएंगे,false_urgency,false_urgency,hi,p,promo,[TAG=p] [ROLE=promo] दाम 48 घंटे में बढ़ जाएंगे,false_urgency:hi:04,synthetic_v1,0,1,0,0,0,0,0,0
Countdown: 1 hour until the price rises,false_urgency,false_urgency,en,span,timer,[TAG=span] [ROLE=timer] Countdown: 1 hour until the price rises,false_urgency:en:08,synthetic_v1,0,1,0,0,0,0,0,0
अफर 5 मिनेट मा सकिन्छ — 5 मात्र बाँकी!,false_urgency|scarcity,false_urgency,ne,div,banner,[TAG=div] [ROLE=banner] अफर 5 मिनेट मा सकिन्छ — 5 मात्र बाँकी!,false_urgency:ne:14,synthetic_v1,0,1,0,0,1,0,0,0
Zepto पर नॉइज़ कैंसलिंग हेडफोन पर 20% छूट — 24 घंटे बाकी,false_urgency,false_urgency,hi,p,promo,[TAG=p] [ROLE=promo] Zepto पर नॉइज़ कैंसलिंग हेडफोन पर 20% छूट — 24 घंटे बाकी,false_urgency:hi:19,synthetic_v1,0,1,0,0,0,0,0,0
70% off coffee maker at Reliance Digital — 02:14 left,false_urgency,false_urgency,en,div,banner,[TAG=div] [ROLE=banner] 70% off coffee maker at Reliance Digital — 02:14 left,false_urgency:en:19,synthetic_v1,0,1,0,0,0,0,0,0
OkDam पर योगा मैट पर 30% छूट — 48 घंटे बाकी,false_urgency,false_urgency,hi,span,timer,[TAG=span] [ROLE=timer] OkDam पर योगा मैट पर 30% छूट — 48 घंटे बाकी,false_urgency:hi:19,synthetic_v1,0,1,0,0,0,0,0,0
धरान डेलिभरीका लागि 09:45 भित्र फेस वास अर्डर गर्नुहोस्,false_urgency,false_urgency,ne,div,banner,[TAG=div] [ROLE=banner] धरान डेलिभरीका लागि 09:45 भित्र फेस वास अर्डर गर्नुहोस्,false_urgency:ne:18,synthetic_v1,0,1,0,0,0,0,0,0
70% off winter blanket at Nykaa — 12:00 left,false_urgency,false_urgency,en,div,banner,[TAG=div] [ROLE=banner] 70% off winter blanket at Nykaa — 12:00 left,false_urgency:en:19,synthetic_v1,0,1,0,0,0,0,0,0
मूल्य 48 घण्टा मा बढ्नेछ,false_urgency,false_urgency,ne,div,banner,[TAG=div] [ROLE=banner] मूल्य 48 घण्टा मा बढ्नेछ,false_urgency:ne:04,synthetic_v1,0,1,0,0,0,0,0,0
"फ्लैश सेल 2 घंटे में खत्म, चूकें नहीं",false_urgency,false_urgency,hi,span,timer,"[TAG=span] [ROLE=timer] फ्लैश सेल 2 घंटे में खत्म, चूकें नहीं",false_urgency:hi:06,synthetic_v1,0,1,0,0,0,0,0,0
Offer ends in 09:45 — only 7 left!,false_urgency|scarcity,false_urgency,en,div,banner,[TAG=div] [ROLE=banner] Offer ends in 09:45 — only 7 left!,false_urgency:en:14,synthetic_v1,0,1,0,0,1,0,0,0
Prices go up in 1 hour,false_urgency,false_urgency,en,span,timer,[TAG=span] [ROLE=timer] Prices go up in 1 hour,false_urgency:en:04,synthetic_v1,0,1,0,0,0,0,0,0
Offer ends in 1 hour — only 1 left!,false_urgency|scarcity,false_urgency,en,div,banner,[TAG=div] [ROLE=banner] Offer ends in 1 hour — only 1 left!,false_urgency:en:14,synthetic_v1,0,1,0,0,1,0,0,0
"Flash sale ending in 15 minutes, don't miss out",false_urgency,false_urgency,en,span,timer,"[TAG=span] [ROLE=timer] Flash sale ending in 15 minutes, don't miss out",false_urgency:en:06,synthetic_v1,0,1,0,0,0,0,0,0
Hurry! Offer on bluetooth speaker expires in 5 minutes,false_urgency,false_urgency,en,p,promo,[TAG=p] [ROLE=promo] Hurry! Offer on bluetooth speaker expires in 5 minutes,false_urgency:en:01,synthetic_v1,0,1,0,0,0,0,0,0
"10 मिनेट भित्र अर्डर गर्नुहोस्, 3 दिनमा डेलिभरी",false_urgency,false_urgency,ne,p,promo,"[TAG=p] [ROLE=promo] 10 मिनेट भित्र अर्डर गर्नुहोस्, 3 दिनमा डेलिभरी",false_urgency:ne:16,synthetic_v1,0,1,0,0,0,0,0,0
Your cart will expire in 00:59,false_urgency,false_urgency,en,div,banner,[TAG=div] [ROLE=banner] Your cart will expire in 00:59,false_urgency:en:03,synthetic_v1,0,1,0,0,0,0,0,0
60% off school bag at Blinkit — 24 hours left,false_urgency,false_urgency,en,p,promo,[TAG=p] [ROLE=promo] 60% off school bag at Blinkit — 24 hours left,false_urgency:en:19,synthetic_v1,0,1,0,0,0,0,0,0
प्रोटीन पाउडर वाला आपका Salesberry कार्ट 12 घंटे में खत्म,false_urgency,false_urgency,hi,p,promo,[TAG=p] [ROLE=promo] प्रोटीन पाउडर वाला आपका Salesberry कार्ट 12 घंटे में खत्म,false_urgency:hi:20,synthetic_v1,0,1,0,0,0,0,0,0
Order in 48 hours to get delivery in 4 days,false_urgency,false_urgency,en,div,banner,[TAG=div] [ROLE=banner] Order in 48 hours to get delivery in 4 days,false_urgency:en:16,synthetic_v1,0,1,0,0,0,0,0,0
अफर 1 मिनेट मा सकिन्छ — 1 मात्र बाँकी!,false_urgency|scarcity,false_urgency,ne,p,promo,[TAG=p] [ROLE=promo] अफर 1 मिनेट मा सकिन्छ — 1 मात्र बाँकी!,false_urgency:ne:14,synthetic_v1,0,1,0,0,1,0,0,0
"फोन कभर मा रु. 1,199 को मूल्य 1 घण्टा सम्म मात्र",false_urgency,false_urgency,ne,span,timer,"[TAG=span] [ROLE=timer] फोन कभर मा रु. 1,199 को मूल्य 1 घण्टा सम्म मात्र",false_urgency:ne:21,synthetic_v1,0,1,0,0,0,0,0,0
छिटो गर्नुहोस्! डेनिम जिन्स को अफर 09:45 मा सकिँदै,false_urgency,false_urgency,ne,p,promo,[TAG=p] [ROLE=promo] छिटो गर्नुहोस्! डेनिम जिन्स को अफर 09:45 मा सकिँदै,false_urgency:ne:01,synthetic_v1,0,1,0,0,0,0,0,0
"पावर ब्यांक मा रु. 2,999 को मूल्य 12 घण्टा सम्म मात्र",false_urgency,false_urgency,ne,span,timer,"[TAG=span] [ROLE=timer] पावर ब्यांक मा रु. 2,999 को मूल्य 12 घण्टा सम्म मात्र",false_urgency:ne:21,synthetic_v1,0,1,0,0,0,0,0,0
यो दर पाउन 10 मिनेट भित्र बुक गर्नुहोस्,false_urgency,false_urgency,ne,p,promo,[TAG=p] [ROLE=promo] यो दर पाउन 10 मिनेट भित्र बुक गर्नुहोस्,false_urgency:ne:09,synthetic_v1,0,1,0,0,0,0,0,0
Sale ends in 1 hour!,false_urgency,false_urgency,en,p,promo,[TAG=p] [ROLE=promo] Sale ends in 1 hour!,false_urgency:en:00,synthetic_v1,0,1,0,0,0,0,0,0
"3 मिनट में ऑर्डर करें, 4 दिन में डिलीवरी",false_urgency,false_urgency,hi,p,promo,"[TAG=p] [ROLE=promo] 3 मिनट में ऑर्डर करें, 4 दिन में डिलीवरी",false_urgency:hi:16,synthetic_v1,0,1,0,0,0,0,0,0
अफर 04:30 मा सकिन्छ — 6 मात्र बाँकी!,false_urgency|scarcity,false_urgency,ne,span,timer,[TAG=span] [ROLE=timer] अफर 04:30 मा सकिन्छ — 6 मात्र बाँकी!,false_urgency:ne:14,synthetic_v1,0,1,0,0,1,0,0,0
Offer ends in 6 hours — only 5 left!,false_urgency|scarcity,false_urgency,en,p,promo,[TAG=p] [ROLE=promo] Offer ends in 6 hours — only 5 left!,false_urgency:en:14,synthetic_v1,0,1,0,0,1,0,0,0
80% छूट 02:14 में समाप्त,false_urgency,false_urgency,hi,span,timer,[TAG=span] [ROLE=timer] 80% छूट 02:14 में समाप्त,false_urgency:hi:15,synthetic_v1,0,1,0,0,0,0,0,0
"00:59 में ऑर्डर करें, 2 दिन में डिलीवरी",false_urgency,false_urgency,hi,div,banner,"[TAG=div] [ROLE=banner] 00:59 में ऑर्डर करें, 2 दिन में डिलीवरी",false_urgency:hi:16,synthetic_v1,0,1,0,0,0,0,0,0
35% off study lamp at OkDam — 1 hour left,false_urgency,false_urgency,en,div,banner,[TAG=div] [ROLE=banner] 35% off study lamp at OkDam — 1 hour left,false_urgency:en:19,synthetic_v1,0,1,0,0,0,0,0,0
सेल 10 मिनेट मा सकिन्छ!,false_urgency,false_urgency,ne,span,timer,[TAG=span] [ROLE=timer] सेल 10 मिनेट मा सकिन्छ!,false_urgency:ne:00,synthetic_v1,0,1,0,0,0,0,0,0
आज मात्र! घामको चस्मा मा 25% छुट,false_urgency,false_urgency,ne,p,promo,[TAG=p] [ROLE=promo] आज मात्र! घामको चस्मा मा 25% छुट,false_urgency:ne:10,synthetic_v1,0,1,0,0,0,0,0,0
Last chance — 6 hours left on sunglasses,false_urgency,false_urgency,en,p,promo,[TAG=p] [ROLE=promo] Last chance — 6 hours left on sunglasses,false_urgency:en:05,synthetic_v1,0,1,0,0,0,0,0,0
Offer ends in 45 minutes — only 12 left!,false_urgency|scarcity,false_urgency,en,div,banner,[TAG=div] [ROLE=banner] Offer ends in 45 minutes — only 12 left!,false_urgency:en:14,synthetic_v1,0,1,0,0,1,0,0,0
यह दर पाने के लिए 5 मिनट में बुक करें,false_urgency,false_urgency,hi,span,timer,[TAG=span] [ROLE=timer] यह दर पाने के लिए 5 मिनट में बुक करें,false_urgency:hi:09,synthetic_v1,0,1,0,0,0,0,0,0
20% छुट 24 घण्टा मा सकिन्छ,false_urgency,false_urgency,ne,p,promo,[TAG=p] [ROLE=promo] 20% छुट 24 घण्टा मा सकिन्छ,false_urgency:ne:15,synthetic_v1,0,1,0,0,0,0,0,0
स्पोर्ट्स सैंडल वाला आपका Muncha कार्ट 23:11 में खत्म,false_urgency,false_urgency,hi,div,banner,[TAG=div] [ROLE=banner] स्पोर्ट्स सैंडल वाला आपका Muncha कार्ट 23:11 में खत्म,false_urgency:hi:20,synthetic_v1,0,1,0,0,0,0,0,0
अगले 8 मिनट तक ही मान्य,false_urgency,false_urgency,hi,div,banner,[TAG=div] [ROLE=banner] अगले 8 मिनट तक ही मान्य,false_urgency:hi:07,synthetic_v1,0,1,0,0,0,0,0,0
स्मार्टवाच मा रु. 999 को मूल्य 7 मिनेट सम्म मात्र,false_urgency,false_urgency,ne,div,banner,[TAG=div] [ROLE=banner] स्मार्टवाच मा रु. 999 को मूल्य 7 मिनेट सम्म मात्र,false_urgency:ne:21,synthetic_v1,0,1,0,0,0,0,0,0
आज मात्र! प्रोटिन पाउडर मा 25% छुट,false_urgency,false_urgency,ne,div,banner,[TAG=div] [ROLE=banner] आज मात्र! प्रोटिन पाउडर मा 25% छुट,false_urgency:ne:10,synthetic_v1,0,1,0,0,0,0,0,0
आपका कार्ट 02:14 में खाली हो जाएगा,false_urgency,false_urgency,hi,span,timer,[TAG=span] [ROLE=timer] आपका कार्ट 02:14 में खाली हो जाएगा,false_urgency:hi:03,synthetic_v1,0,1,0,0,0,0,0,0
Rs. 499 price on winter blanket valid for 12:00 only,false_urgency,false_urgency,en,span,timer,[TAG=span] [ROLE=timer] Rs. 499 price on winter blanket valid for 12:00 only,false_urgency:en:21,synthetic_v1,0,1,0,0,0,0,0,0
एयर फ्रायर वाला आपका Gyapu कार्ट 12:00 में खत्म,false_urgency,false_urgency,hi,span,timer,[TAG=span] [ROLE=timer] एयर फ्रायर वाला आपका Gyapu कार्ट 12:00 में खत्म,false_urgency:hi:20,synthetic_v1,0,1,0,0,0,0,0,0
तपाईंको कार्ट 12:00 मा खाली हुनेछ,false_urgency,false_urgency,ne,p,promo,[TAG=p] [ROLE=promo] तपाईंको कार्ट 12:00 मा खाली हुनेछ,false_urgency:ne:03,synthetic_v1,0,1,0,0,0,0,0,0
मूल्य 3 घण्टा मा बढ्नेछ,false_urgency,false_urgency,ne,p,promo,[TAG=p] [ROLE=promo] मूल्य 3 घण्टा मा बढ्नेछ,false_urgency:ne:04,synthetic_v1,0,1,0,0,0,0,0,0
सिर्फ़ आज! स्कूल बैग पर 40% छूट,false_urgency,false_urgency,hi,span,timer,[TAG=span] [ROLE=timer] सिर्फ़ आज! स्कूल बैग पर 40% छूट,false_urgency:hi:10,synthetic_v1,0,1,0,0,0,0,0,0
आजको डिल 2 घण्टा मा सकिन्छ,false_urgency,false_urgency,ne,p,promo,[TAG=p] [ROLE=promo] आजको डिल 2 घण्टा मा सकिन्छ,false_urgency:ne:02,synthetic_v1,0,1,0,0,0,0,0,0
आख़िरी मौका — स्टडी लैंप पर 14:59 बाकी,false_urgency,false_urgency,hi,span,timer,[TAG=span] [ROLE=timer] आख़िरी मौका — स्टडी लैंप पर 14:59 बाकी,false_urgency:hi:05,synthetic_v1,0,1,0,0,0,0,0,0
अफर 5 मिनेट मा सकिन्छ — 12 मात्र बाँकी!,false_urgency|scarcity,false_urgency,ne,p,promo,[TAG=p] [ROLE=promo] अफर 5 मिनेट मा सकिन्छ — 12 मात्र बाँकी!,false_urgency:ne:14,synthetic_v1,0,1,0,0,1,0,0,0
Today only! 40% off laptop bag,false_urgency,false_urgency,en,p,promo,[TAG=p] [ROLE=promo] Today only! 40% off laptop bag,false_urgency:en:10,synthetic_v1,0,1,0,0,0,0,0,0
Order denim jeans within 30 minutes for delivery to Kathmandu,false_urgency,false_urgency,en,div,banner,[TAG=div] [ROLE=banner] Order denim jeans within 30 minutes for delivery to Kathmandu,false_urgency:en:18,synthetic_v1,0,1,0,0,0,0,0,0
Hurry! Offer on formal shirt expires in 23:11,false_urgency,false_urgency,en,div,banner,[TAG=div] [ROLE=banner] Hurry! Offer on formal shirt expires in 23:11,false_urgency:en:01,synthetic_v1,0,1,0,0,0,0,0,0
Today only! 70% off backpack,false_urgency,false_urgency,en,span,timer,[TAG=span] [ROLE=timer] Today only! 70% off backpack,false_urgency:en:10,synthetic_v1,0,1,0,0,0,0,0,0
40% छुट 1 घण्टा मा सकिन्छ,false_urgency,false_urgency,ne,div,banner,[TAG=div] [ROLE=banner] 40% छुट 1 घण्टा मा सकिन्छ,false_urgency:ne:15,synthetic_v1,0,1,0,0,0,0,0,0
आज मात्र! पावर ब्यांक मा 40% छुट,false_urgency,false_urgency,ne,div,banner,[TAG=div] [ROLE=banner] आज मात्र! पावर ब्यांक मा 40% छुट,false_urgency:ne:10,synthetic_v1,0,1,0,0,0,0,0,0
आज मात्र! पावर ब्यांक मा 30% छुट,false_urgency,false_urgency,ne,div,banner,[TAG=div] [ROLE=banner] आज मात्र! पावर ब्यांक मा 30% छुट,false_urgency:ne:10,synthetic_v1,0,1,0,0,0,0,0,0
काउंटडाउन: 6 घंटे में कीमत बढ़ेगी,false_urgency,false_urgency,hi,p,promo,[TAG=p] [ROLE=promo] काउंटडाउन: 6 घंटे में कीमत बढ़ेगी,false_urgency:hi:08,synthetic_v1,0,1,0,0,0,0,0,0
"फ्लैश सेल 15 मिनट में खत्म, चूकें नहीं",false_urgency,false_urgency,hi,div,banner,"[TAG=div] [ROLE=banner] फ्लैश सेल 15 मिनट में खत्म, चूकें नहीं",false_urgency:hi:06,synthetic_v1,0,1,0,0,0,0,0,0
Your FirstCry cart with phone case expires in 24 hours,false_urgency,false_urgency,en,div,banner,[TAG=div] [ROLE=banner] Your FirstCry cart with phone case expires in 24 hours,false_urgency:en:20,synthetic_v1,0,1,0,0,0,0,0,0
Order in 2 hours to get delivery in 5 days,false_urgency,false_urgency,en,span,timer,[TAG=span] [ROLE=timer] Order in 2 hours to get delivery in 5 days,false_urgency:en:16,synthetic_v1,0,1,0,0,0,0,0,0
ऑफ़र 14:59 में खत्म — केवल 6 बचे!,false_urgency|scarcity,false_urgency,hi,span,timer,[TAG=span] [ROLE=timer] ऑफ़र 14:59 में खत्म — केवल 6 बचे!,false_urgency:hi:14,synthetic_v1,0,1,0,0,1,0,0,0
आज मात्र! गेमिङ माउस मा 25% छुट,false_urgency,false_urgency,ne,div,banner,[TAG=div] [ROLE=banner] आज मात्र! गेमिङ माउस मा 25% छुट,false_urgency:ne:10,synthetic_v1,0,1,0,0,0,0,0,0
आजको डिल 6 घण्टा मा सकिन्छ,false_urgency,false_urgency,ne,div,banner,[TAG=div] [ROLE=banner] आजको डिल 6 घण्टा मा सकिन्छ,false_urgency:ne:02,synthetic_v1,0,1,0,0,0,0,0,0
"12:00 भित्र अर्डर गर्नुहोस्, 14 दिनमा डेलिभरी",false_urgency,false_urgency,ne,p,promo,"[TAG=p] [ROLE=promo] 12:00 भित्र अर्डर गर्नुहोस्, 14 दिनमा डेलिभरी",false_urgency:ne:16,synthetic_v1,0,1,0,0,0,0,0,0
सिर्फ़ आज! स्टडी लैंप पर 30% छूट,false_urgency,false_urgency,hi,span,timer,[TAG=span] [ROLE=timer] सिर्फ़ आज! स्टडी लैंप पर 30% छूट,false_urgency:hi:10,synthetic_v1,0,1,0,0,0,0,0,0
जल्दी करें! ब्लूटूथ स्पीकर पर ऑफ़र 12 घंटे में समाप्त,false_urgency,false_urgency,hi,p,promo,[TAG=p] [ROLE=promo] जल्दी करें! ब्लूटूथ स्पीकर पर ऑफ़र 12 घंटे में समाप्त,false_urgency:hi:01,synthetic_v1,0,1,0,0,0,0,0,0
कानपुर डिलीवरी के लिए 12 घंटे में नॉइज़ कैंसलिंग हेडफोन ऑर्डर करें,false_urgency,false_urgency,hi,p,promo,[TAG=p] [ROLE=promo] कानपुर डिलीवरी के लिए 12 घंटे में नॉइज़ कैंसलिंग हेडफोन ऑर्डर करें,false_urgency:hi:18,synthetic_v1,0,1,0,0,0,0,0,0
Last chance — 02:14 left on noise cancelling headphones,false_urgency,false_urgency,en,span,timer,[TAG=span] [ROLE=timer] Last chance — 02:14 left on noise cancelling headphones,false_urgency:en:05,synthetic_v1,0,1,0,0,0,0,0,0
सेल 14:59 में खत्म!,false_urgency,false_urgency,hi,div,banner,[TAG=div] [ROLE=banner] सेल 14:59 में खत्म!,false_urgency:hi:00,synthetic_v1,0,1,0,0,0,0,0,0
सिर्फ़ आज! कॉफी मेकर पर 5% छूट,false_urgency,false_urgency,hi,div,banner,[TAG=div] [ROLE=banner] सिर्फ़ आज! कॉफी मेकर पर 5% छूट,false_urgency:hi:10,synthetic_v1,0,1,0,0,0,0,0,0
आख़िरी मौका — स्मार्टवॉच पर 12:00 बाकी,false_urgency,false_urgency,hi,p,promo,[TAG=p] [ROLE=promo] आख़िरी मौका — स्मार्टवॉच पर 12:00 बाकी,false_urgency:hi:05,synthetic_v1,0,1,0,0,0,0,0,0
अन्तिम मौका — नोइज क्यान्सलिङ हेडफोन मा 1 मिनेट बाँकी,false_urgency,false_urgency,ne,div,banner,[TAG=div] [ROLE=banner] अन्तिम मौका — नोइज क्यान्सलिङ हेडफोन मा 1 मिनेट बाँकी,false_urgency:ne:05,synthetic_v1,0,1,0,0,0,0,0,0
Order in 3 minutes to get delivery in 5 days,false_urgency,false_urgency,en,span,timer,[TAG=span] [ROLE=timer] Order in 3 minutes to get delivery in 5 days,false_urgency:en:16,synthetic_v1,0,1,0,0,0,0,0,0
Offer ends in 7 minutes — only 6 left!,false_urgency|scarcity,false_urgency,en,p,promo,[TAG=p] [ROLE=promo] Offer ends in 7 minutes — only 6 left!,false_urgency:en:14,synthetic_v1,0,1,0,0,1,0,0,0
Offer ends in 18 hours — only 2 left!,false_urgency|scarcity,false_urgency,en,span,timer,[TAG=span] [ROLE=timer] Offer ends in 18 hours — only 2 left!,false_urgency:en:14,synthetic_v1,0,1,0,0,1,0,0,0
ऑफ़र 12 घंटे में खत्म — केवल 10 बचे!,false_urgency|scarcity,false_urgency,hi,span,timer,[TAG=span] [ROLE=timer] ऑफ़र 12 घंटे में खत्म — केवल 10 बचे!,false_urgency:hi:14,synthetic_v1,0,1,0,0,1,0,0,0
अन्तिम मौका — वायरलेस इयरबड्स मा 2 घण्टा बाँकी,false_urgency,false_urgency,ne,p,promo,[TAG=p] [ROLE=promo] अन्तिम मौका — वायरलेस इयरबड्स मा 2 घण्टा बाँकी,false_urgency:ne:05,synthetic_v1,0,1,0,0,0,0,0,0
5% off laptop bag at Lenskart — 12 hours left,false_urgency,false_urgency,en,p,promo,[TAG=p] [ROLE=promo] 5% off laptop bag at Lenskart — 12 hours left,false_urgency:en:19,synthetic_v1,0,1,0,0,0,0,0,0
भोपाल डिलीवरी के लिए 7 मिनट में रनिंग शूज़ ऑर्डर करें,false_urgency,false_urgency,hi,p,promo,[TAG=p] [ROLE=promo] भोपाल डिलीवरी के लिए 7 मिनट में रनिंग शूज़ ऑर्डर करें,false_urgency:hi:18,synthetic_v1,0,1,0,0,0,0,0,0
मूल्य 04:30 मा बढ्नेछ,false_urgency,false_urgency,ne,span,timer,[TAG=span] [ROLE=timer] मूल्य 04:30 मा बढ्नेछ,false_urgency:ne:04,synthetic_v1,0,1,0,0,0,0,0,0
"पावर ब्यांक मा रु. 1,499 को मूल्य 48 घण्टा सम्म मात्र",false_urgency,false_urgency,ne,span,timer,"[TAG=span] [ROLE=timer] पावर ब्यांक मा रु. 1,499 को मूल्य 48 घण्टा सम्म मात्र",false_urgency:ne:21,synthetic_v1,0,1,0,0,0,0,0,0
40% छूट 10 मिनट में समाप्त,false_urgency,false_urgency,hi,p,promo,[TAG=p] [ROLE=promo] 40% छूट 10 मिनट में समाप्त,false_urgency:hi:15,synthetic_v1,0,1,0,0,0,0,0,0
अफर 45 मिनेट मा सकिन्छ — 12 मात्र बाँकी!,false_urgency|scarcity,false_urgency,ne,div,banner,[TAG=div] [ROLE=banner] अफर 45 मिनेट मा सकिन्छ — 12 मात्र बाँकी!,false_urgency:ne:14,synthetic_v1,0,1,0,0,1,0,0,0
HamroBazar sale on sports sandals ends in 12:00,false_urgency,false_urgency,en,p,promo,[TAG=p] [ROLE=promo] HamroBazar sale on sports sandals ends in 12:00,false_urgency:en:17,synthetic_v1,0,1,0,0,0,0,0,0
Order in 7 minutes to get delivery in 5 days,false_urgency,false_urgency,en,div,banner,[TAG=div] [ROLE=banner] Order in 7 minutes to get delivery in 5 days,false_urgency:en:16,synthetic_v1,0,1,0,0,0,0,0,0
आज मात्र! वायरलेस इयरबड्स मा 60% छुट,false_urgency,false_urgency,ne,p,promo,[TAG=p] [ROLE=promo] आज मात्र! वायरलेस इयरबड्स मा 60% छुट,false_urgency:ne:10,synthetic_v1,0,1,0,0,0,0,0,0
20% छुट 12:00 मा सकिन्छ,false_urgency,false_urgency,ne,p,promo,[TAG=p] [ROLE=promo] 20% छुट 12:00 मा सकिन्छ,false_urgency:ne:15,synthetic_v1,0,1,0,0,0,0,0,0
आज मात्र! हेयर ड्रायर मा 35% छुट,false_urgency,false_urgency,ne,div,banner,[TAG=div] [ROLE=banner] आज मात्र! हेयर ड्रायर मा 35% छुट,false_urgency:ne:10,synthetic_v1,0,1,0,0,0,0,0,0
काउन्टडाउन: 12 घण्टा मा मूल्य बढ्नेछ,false_urgency,false_urgency,ne,p,promo,[TAG=p] [ROLE=promo] काउन्टडाउन: 12 घण्टा मा मूल्य बढ्नेछ,false_urgency:ne:08,synthetic_v1,0,1,0,0,0,0,0,0
आज का सौदा 04:30 में खत्म,false_urgency,false_urgency,hi,span,timer,[TAG=span] [ROLE=timer] आज का सौदा 04:30 में खत्म,false_urgency:hi:02,synthetic_v1,0,1,0,0,0,0,0,0
Prices go up in 02:14,false_urgency,false_urgency,en,span,timer,[TAG=span] [ROLE=timer] Prices go up in 02:14,false_urgency:en:04,synthetic_v1,0,1,0,0,0,0,0,0
छिटो गर्नुहोस्! कफी मेकर को अफर 15 मिनेट मा सकिँदै,false_urgency,false_urgency,ne,p,promo,[TAG=p] [ROLE=promo] छिटो गर्नुहोस्! कफी मेकर को अफर 15 मिनेट मा सकिँदै,false_urgency:ne:01,synthetic_v1,0,1,0,0,0,0,0,0
जल्दी करें! पावर बैंक पर ऑफ़र 48 घंटे में समाप्त,false_urgency,false_urgency,hi,span,timer,[TAG=span] [ROLE=timer] जल्दी करें! पावर बैंक पर ऑफ़र 48 घंटे में समाप्त,false_urgency:hi:01,synthetic_v1,0,1,0,0,0,0,0,0
Only 09:45 remaining on this deal,false_urgency,false_urgency,en,p,promo,[TAG=p] [ROLE=promo] Only 09:45 remaining on this deal,false_urgency:en:11,synthetic_v1,0,1,0,0,0,0,0,0
50% छुट 30 मिनेट मा सकिन्छ,false_urgency,false_urgency,ne,div,banner,[TAG=div] [ROLE=banner] 50% छुट 30 मिनेट मा सकिन्छ,false_urgency:ne:15,synthetic_v1,0,1,0,0,0,0,0,0
सिर्फ़ आज! इंडक्शन चूल्हा पर 70% छूट,false_urgency,false_urgency,hi,p,promo,[TAG=p] [ROLE=promo] सिर्फ़ आज! इंडक्शन चूल्हा पर 70% छूट,false_urgency:hi:10,synthetic_v1,0,1,0,0,0,0,0,0
Deal of the day ends in 15 minutes,false_urgency,false_urgency,en,span,timer,[TAG=span] [ROLE=timer] Deal of the day ends in 15 minutes,false_urgency:en:02,synthetic_v1,0,1,0,0,0,0,0,0
Order trekking jacket within 3 hours for delivery to Delhi,false_urgency,false_urgency,en,div,banner,[TAG=div] [ROLE=banner] Order trekking jacket within 3 hours for delivery to Delhi,false_urgency:en:18,synthetic_v1,0,1,0,0,0,0,0,0
ऑफ़र 2 घंटे में खत्म — केवल 4 बचे!,false_urgency|scarcity,false_urgency,hi,p,promo,[TAG=p] [ROLE=promo] ऑफ़र 2 घंटे में खत्म — केवल 4 बचे!,false_urgency:hi:14,synthetic_v1,0,1,0,0,1,0,0,0
Sale ends in 45 minutes!,false_urgency,false_urgency,en,span,timer,[TAG=span] [ROLE=timer] Sale ends in 45 minutes!,false_urgency:en:00,synthetic_v1,0,1,0,0,0,0,0,0
Book within 02:14 to lock this rate,false_urgency,false_urgency,en,div,banner,[TAG=div] [ROLE=banner] Book within 02:14 to lock this rate,false_urgency:en:09,synthetic_v1,0,1,0,0,0,0,0,0
60% off expires in 23:11,false_urgency,false_urgency,en,span,timer,[TAG=span] [ROLE=timer] 60% off expires in 23:11,false_urgency:en:15,synthetic_v1,0,1,0,0,0,0,0,0
"फ्ल्यास सेल 5 मिनेट मा सकिँदै, नगुमाउनुहोस्",false_urgency,false_urgency,ne,span,timer,"[TAG=span] [ROLE=timer] फ्ल्यास सेल 5 मिनेट मा सकिँदै, नगुमाउनुहोस्",false_urgency:ne:06,synthetic_v1,0,1,0,0,0,0,0,0
तपाईंको कार्ट 45 मिनेट मा खाली हुनेछ,false_urgency,false_urgency,ne,span,timer,[TAG=span] [ROLE=timer] तपाईंको कार्ट 45 मिनेट मा खाली हुनेछ,false_urgency:ne:03,synthetic_v1,0,1,0,0,0,0,0,0
बेंगलुरु डिलीवरी के लिए 1 मिनट में नॉइज़ कैंसलिंग हेडफोन ऑर्डर करें,false_urgency,false_urgency,hi,div,banner,[TAG=div] [ROLE=banner] बेंगलुरु डिलीवरी के लिए 1 मिनट में नॉइज़ कैंसलिंग हेडफोन ऑर्डर करें,false_urgency:hi:18,synthetic_v1,0,1,0,0,0,0,0,0
70% छुट 09:45 मा सकिन्छ,false_urgency,false_urgency,ne,p,promo,[TAG=p] [ROLE=promo] 70% छुट 09:45 मा सकिन्छ,false_urgency:ne:15,synthetic_v1,0,1,0,0,0,0,0,0
ऑफ़र 15 मिनट में खत्म — केवल 7 बचे!,false_urgency|scarcity,false_urgency,hi,p,promo,[TAG=p] [ROLE=promo] ऑफ़र 15 मिनट में खत्म — केवल 7 बचे!,false_urgency:hi:14,synthetic_v1,0,1,0,0,1,0,0,0
अन्तिम मौका — पानीको बोतल मा 12 घण्टा बाँकी,false_urgency,false_urgency,ne,span,timer,[TAG=span] [ROLE=timer] अन्तिम मौका — पानीको बोतल मा 12 घण्टा बाँकी,false_urgency:ne:05,synthetic_v1,0,1,0,0,0,0,0,0
Offer ends in 3 hours — only 9 left!,false_urgency|scarcity,false_urgency,en,p,promo,[TAG=p] [ROLE=promo] Offer ends in 3 hours — only 9 left!,false_urgency:en:14,synthetic_v1,0,1,0,0,1,0,0,0
"24 घण्टा भित्र अर्डर गर्नुहोस्, 5 दिनमा डेलिभरी",false_urgency,false_urgency,ne,div,banner,"[TAG=div] [ROLE=banner] 24 घण्टा भित्र अर्डर गर्नुहोस्, 5 दिनमा डेलिभरी",false_urgency:ne:16,synthetic_v1,0,1,0,0,0,0,0,0
छिटो गर्नुहोस्! राइस कुकर को अफर 00:59 मा सकिँदै,false_urgency,false_urgency,ne,div,banner,[TAG=div] [ROLE=banner] छिटो गर्नुहोस्! राइस कुकर को अफर 00:59 मा सकिँदै,false_urgency:ne:01,synthetic_v1,0,1,0,0,0,0,0,0
आज मात्र! नोइज क्यान्सलिङ हेडफोन मा 5% छुट,false_urgency,false_urgency,ne,span,timer,[TAG=span] [ROLE=timer] आज मात्र! नोइज क्यान्सलिङ हेडफोन मा 5% छुट,false_urgency:ne:10,synthetic_v1,0,1,0,0,0,0,0,0
आज का सौदा 10 मिनट में खत्म,false_urgency,false_urgency,hi,span,timer,[TAG=span] [ROLE=timer] आज का सौदा 10 मिनट में खत्म,false_urgency:hi:02,synthetic_v1,0,1,0,0,0,0,0,0
Your Amazon cart with rice cooker expires in 10 minutes,false_urgency,false_urgency,en,span,timer,[TAG=span] [ROLE=timer] Your Amazon cart with rice cooker expires in 10 minutes,false_urgency:en:20,synthetic_v1,0,1,0,0,0,0,0,0
Book within 24 hours to lock this rate,false_urgency,false_urgency,en,span,timer,[TAG=span] [ROLE=timer] Book within 24 hours to lock this rate,false_urgency:en:09,synthetic_v1,0,1,0,0,0,0,0,0
Reserved for you for 1 hour,false_urgency,false_urgency,en,span,timer,[TAG=span] [ROLE=timer] Reserved for you for 1 hour,false_urgency:en:12,synthetic_v1,0,1,0,0,0,0,0,0
फोन कभर रहेको तपाईंको Thulo कार्ट 23:11 मा सकिन्छ,false_urgency,false_urgency,ne,p,promo,[TAG=p] [ROLE=promo] फोन कभर रहेको तपाईंको Thulo कार्ट 23:11 मा सकिन्छ,false_urgency:ne:20,synthetic_v1,0,1,0,0,0,0,0,0
Order in 04:30 to get delivery in 10 days,false_urgency,false_urgency,en,div,banner,[TAG=div] [ROLE=banner] Order in 04:30 to get delivery in 10 days,false_urgency:en:16,synthetic_v1,0,1,0,0,0,0,0,0
Today only! 30% off yoga mat,false_urgency,false_urgency,en,span,timer,[TAG=span] [ROLE=timer] Today only! 30% off yoga mat,false_urgency:en:10,synthetic_v1,0,1,0,0,0,0,0,0
Your Ajio cart with face wash expires in 1 minute,false_urgency,false_urgency,en,p,promo,[TAG=p] [ROLE=promo] Your Ajio cart with face wash expires in 1 minute,false_urgency:en:20,synthetic_v1,0,1,0,0,0,0,0,0
Your BigBasket cart with gaming mouse expires in 20 minutes,false_urgency,false_urgency,en,p,promo,[TAG=p] [ROLE=promo] Your BigBasket cart with gaming mouse expires in 20 minutes,false_urgency:en:20,synthetic_v1,0,1,0,0,0,0,0,0
यो दर पाउन 24 घण्टा भित्र बुक गर्नुहोस्,false_urgency,false_urgency,ne,p,promo,[TAG=p] [ROLE=promo] यो दर पाउन 24 घण्टा भित्र बुक गर्नुहोस्,false_urgency:ne:09,synthetic_v1,0,1,0,0,0,0,0,0
40% छूट 23:11 में समाप्त,false_urgency,false_urgency,hi,p,promo,[TAG=p] [ROLE=promo] 40% छूट 23:11 में समाप्त,false_urgency:hi:15,synthetic_v1,0,1,0,0,0,0,0,0
"12:00 भित्र अर्डर गर्नुहोस्, 2 दिनमा डेलिभरी",false_urgency,false_urgency,ne,span,timer,"[TAG=span] [ROLE=timer] 12:00 भित्र अर्डर गर्नुहोस्, 2 दिनमा डेलिभरी",false_urgency:ne:16,synthetic_v1,0,1,0,0,0,0,0,0
आपका कार्ट 10 मिनट में खाली हो जाएगा,false_urgency,false_urgency,hi,p,promo,[TAG=p] [ROLE=promo] आपका कार्ट 10 मिनट में खाली हो जाएगा,false_urgency:hi:03,synthetic_v1,0,1,0,0,0,0,0,0
अर्को 5 मिनेटसम्म मात्र मान्य,false_urgency,false_urgency,ne,p,promo,[TAG=p] [ROLE=promo] अर्को 5 मिनेटसम्म मात्र मान्य,false_urgency:ne:07,synthetic_v1,0,1,0,0,0,0,0,0
Offer ends in 00:59 — only 1 left!,false_urgency|scarcity,false_urgency,en,div,banner,[TAG=div] [ROLE=banner] Offer ends in 00:59 — only 1 left!,false_urgency:en:14,synthetic_v1,0,1,0,0,1,0,0,0
5% छूट 02:14 में समाप्त,false_urgency,false_urgency,hi,p,promo,[TAG=p] [ROLE=promo] 5% छूट 02:14 में समाप्त,false_urgency:hi:15,synthetic_v1,0,1,0,0,0,0,0,0
इन्डक्सन चुल्हो रहेको तपाईंको Myntra कार्ट 15 मिनेट मा सकिन्छ,false_urgency,false_urgency,ne,span,timer,[TAG=span] [ROLE=timer] इन्डक्सन चुल्हो रहेको तपाईंको Myntra कार्ट 15 मिनेट मा सकिन्छ,false_urgency:ne:20,synthetic_v1,0,1,0,0,0,0,0,0
Extended by popular demand — final 8 hours,false_urgency,false_urgency,en,p,promo,[TAG=p] [ROLE=promo] Extended by popular demand — final 8 hours,false_urgency:en:13,synthetic_v1,0,1,0,0,0,0,0,0
80% off wireless earbuds at BigBasket — 10 minutes left,false_urgency,false_urgency,en,p,promo,[TAG=p] [ROLE=promo] 80% off wireless earbuds at BigBasket — 10 minutes left,false_urgency:en:19,synthetic_v1,0,1,0,0,0,0,0,0
Ajio मा स्मार्टवाच को सेल 48 घण्टा मा सकिन्छ,false_urgency,false_urgency,ne,p,promo,[TAG=p] [ROLE=promo] Ajio मा स्मार्टवाच को सेल 48 घण्टा मा सकिन्छ,false_urgency:ne:17,synthetic_v1,0,1,0,0,0,0,0,0
Sale ends in 09:45!,false_urgency,false_urgency,en,div,banner,[TAG=div] [ROLE=banner] Sale ends in 09:45!,false_urgency:en:00,synthetic_v1,0,1,0,0,0,0,0,0
Last chance — 5 minutes left on wireless earbuds,false_urgency,false_urgency,en,div,banner,[TAG=div] [ROLE=banner] Last chance — 5 minutes left on wireless earbuds,false_urgency:en:05,synthetic_v1,0,1,0,0,0,0,0,0
Snapdeal पर गेमिंग माउस की सेल 14:59 में खत्म,false_urgency,false_urgency,hi,div,banner,[TAG=div] [ROLE=banner] Snapdeal पर गेमिंग माउस की सेल 14:59 में खत्म,false_urgency:hi:17,synthetic_v1,0,1,0,0,0,0,0,0
Book within 30 minutes to lock this rate,false_urgency,false_urgency,en,div,banner,[TAG=div] [ROLE=banner] Book within 30 minutes to lock this rate,false_urgency:en:09,synthetic_v1,0,1,0,0,0,0,0,0
पोखरा डेलिभरीका लागि 48 घण्टा भित्र फर्मल सर्ट अर्डर गर्नुहोस्,false_urgency,false_urgency,ne,span,timer,[TAG=span] [ROLE=timer] पोखरा डेलिभरीका लागि 48 घण्टा भित्र फर्मल सर्ट अर्डर गर्नुहोस्,false_urgency:ne:18,synthetic_v1,0,1,0,0,0,0,0,0
Flipkart मा पानीको बोतल को सेल 30 मिनेट मा सकिन्छ,false_urgency,false_urgency,ne,p,promo,[TAG=p] [ROLE=promo] Flipkart मा पानीको बोतल को सेल 30 मिनेट मा सकिन्छ,false_urgency:ne:17,synthetic_v1,0,1,0,0,0,0,0,0
10% छूट 30 मिनट में समाप्त,false_urgency,false_urgency,hi,span,timer,[TAG=span] [ROLE=timer] 10% छूट 30 मिनट में समाप्त,false_urgency:hi:15,synthetic_v1,0,1,0,0,0,0,0,0
50% छूट 19:20 में समाप्त,false_urgency,false_urgency,hi,p,promo,[TAG=p] [ROLE=promo] 50% छूट 19:20 में समाप्त,false_urgency:hi:15,synthetic_v1,0,1,0,0,0,0,0,0
इंडक्शन चूल्हा वाला आपका Daraz कार्ट 20 मिनट में खत्म,false_urgency,false_urgency,hi,span,timer,[TAG=span] [ROLE=timer] इंडक्शन चूल्हा वाला आपका Daraz कार्ट 20 मिनट में खत्म,false_urgency:hi:20,synthetic_v1,0,1,0,0,0,0,0,0
5% off trekking jacket at Salesberry — 5 minutes left,false_urgency,false_urgency,en,p,promo,[TAG=p] [ROLE=promo] 5% off trekking jacket at Salesberry — 5 minutes left,false_urgency:en:19,synthetic_v1,0,1,0,0,0,0,0,0
10% off phone case at Snapdeal — 12 hours left,false_urgency,false_urgency,en,p,promo,[TAG=p] [ROLE=promo] 10% off phone case at Snapdeal — 12 hours left,false_urgency:en:19,synthetic_v1,0,1,0,0,0,0,0,0
जल्दी करें! ब्लूटूथ स्पीकर पर ऑफ़र 19:20 में समाप्त,false_urgency,false_urgency,hi,div,banner,[TAG=div] [ROLE=banner] जल्दी करें! ब्लूटूथ स्पीकर पर ऑफ़र 19:20 में समाप्त,false_urgency:hi:01,synthetic_v1,0,1,0,0,0,0,0,0
"1 मिनेट भित्र अर्डर गर्नुहोस्, 14 दिनमा डेलिभरी",false_urgency,false_urgency,ne,p,promo,"[TAG=p] [ROLE=promo] 1 मिनेट भित्र अर्डर गर्नुहोस्, 14 दिनमा डेलिभरी",false_urgency:ne:16,synthetic_v1,0,1,0,0,0,0,0,0
"23:11 में ऑर्डर करें, 7 दिन में डिलीवरी",false_urgency,false_urgency,hi,span,timer,"[TAG=span] [ROLE=timer] 23:11 में ऑर्डर करें, 7 दिन में डिलीवरी",false_urgency:hi:16,synthetic_v1,0,1,0,0,0,0,0,0
अन्तिम मौका — स्मार्टवाच मा 1 मिनेट बाँकी,false_urgency,false_urgency,ne,span,timer,[TAG=span] [ROLE=timer] अन्तिम मौका — स्मार्टवाच मा 1 मिनेट बाँकी,false_urgency:ne:05,synthetic_v1,0,1,0,0,0,0,0,0
छिटो गर्नुहोस्! फेस वास को अफर 1 मिनेट मा सकिँदै,false_urgency,false_urgency,ne,p,promo,[TAG=p] [ROLE=promo] छिटो गर्नुहोस्! फेस वास को अफर 1 मिनेट मा सकिँदै,false_urgency:ne:01,synthetic_v1,0,1,0,0,0,0,0,0
अफर 20 मिनेट मा सकिन्छ — 6 मात्र बाँकी!,false_urgency|scarcity,false_urgency,ne,div,banner,[TAG=div] [ROLE=banner] अफर 20 मिनेट मा सकिन्छ — 6 मात्र बाँकी!,false_urgency:ne:14,synthetic_v1,0,1,0,0,1,0,0,0
बुटवल डेलिभरीका लागि 48 घण्टा भित्र ब्लुटुथ स्पिकर अर्डर गर्नुहोस्,false_urgency,false_urgency,ne,div,banner,[TAG=div] [ROLE=banner] बुटवल डेलिभरीका लागि 48 घण्टा भित्र ब्लुटुथ स्पिकर अर्डर गर्नुहोस्,false_urgency:ne:18,synthetic_v1,0,1,0,0,0,0,0,0
जल्दी करें! फेस वॉश पर ऑफ़र 1 घंटे में समाप्त,false_urgency,false_urgency,hi,p,promo,[TAG=p] [ROLE=promo] जल्दी करें! फेस वॉश पर ऑफ़र 1 घंटे में समाप्त,false_urgency:hi:01,synthetic_v1,0,1,0,0,0,0,0,0
धूप का चश्मा पर रु. 149 की कीमत 14:59 तक ही,false_urgency,false_urgency,hi,p,promo,[TAG=p] [ROLE=promo] धूप का चश्मा पर रु. 149 की कीमत 14:59 तक ही,false_urgency:hi:21,synthetic_v1,0,1,0,0,0,0,0,0
यो मूल्य तपाईंका लागि 7 मिनेट सम्म सुरक्षित,false_urgency,false_urgency,ne,span,timer,[TAG=span] [ROLE=timer] यो मूल्य तपाईंका लागि 7 मिनेट सम्म सुरक्षित,false_urgency:ne:12,synthetic_v1,0,1,0,0,0,0,0,0
Today only! 25% off induction cooktop,false_urgency,false_urgency,en,span,timer,[TAG=span] [ROLE=timer] Today only! 25% off induction cooktop,false_urgency:en:10,synthetic_v1,0,1,0,0,0,0,0,0
पोखरा डेलिभरीका लागि 09:45 भित्र स्टडी लाइट अर्डर गर्नुहोस्,false_urgency,false_urgency,ne,span,timer,[TAG=span] [ROLE=timer] पोखरा डेलिभरीका लागि 09:45 भित्र स्टडी लाइट अर्डर गर्नुहोस्,false_urgency:ne:18,synthetic_v1,0,1,0,0,0,0,0,0
Reserved for you for 14:59,false_urgency,false_urgency,en,p,promo,[TAG=p] [ROLE=promo] Reserved for you for 14:59,false_urgency:en:12,synthetic_v1,0,1,0,0,0,0,0,0
25% छूट 23:11 में समाप्त,false_urgency,false_urgency,hi,div,banner,[TAG=div] [ROLE=banner] 25% छूट 23:11 में समाप्त,false_urgency:hi:15,synthetic_v1,0,1,0,0,0,0,0,0
अन्तिम मौका — फेस वास मा 12:00 बाँकी,false_urgency,false_urgency,ne,p,promo,[TAG=p] [ROLE=promo] अन्तिम मौका — फेस वास मा 12:00 बाँकी,false_urgency:ne:05,synthetic_v1,0,1,0,0,0,0,0,0
Your cart will expire in 3 minutes,false_urgency,false_urgency,en,div,banner,[TAG=div] [ROLE=banner] Your cart will expire in 3 minutes,false_urgency:en:03,synthetic_v1,0,1,0,0,0,0,0,0
आज मात्र! ल्यापटप ब्याग मा 20% छुट,false_urgency,false_urgency,ne,span,timer,[TAG=span] [ROLE=timer] आज मात्र! ल्यापटप ब्याग मा 20% छुट,false_urgency:ne:10,synthetic_v1,0,1,0,0,0,0,0,0
पावर ब्यांक रहेको तपाईंको Reliance Digital कार्ट 04:30 मा सकिन्छ,false_urgency,false_urgency,ne,div,banner,[TAG=div] [ROLE=banner] पावर ब्यांक रहेको तपाईंको Reliance Digital कार्ट 04:30 मा सकिन्छ,false_urgency:ne:20,synthetic_v1,0,1,0,0,0,0,0,0
35% off backpack at Pepperfry — 24 hours left,false_urgency,false_urgency,en,p,promo,[TAG=p] [ROLE=promo] 35% off backpack at Pepperfry — 24 hours left,false_urgency:en:19,synthetic_v1,0,1,0,0,0,0,0,0
इस डील पर केवल 45 मिनट शेष,false_urgency,false_urgency,hi,div,banner,[TAG=div] [ROLE=banner] इस डील पर केवल 45 मिनट शेष,false_urgency:hi:11,synthetic_v1,0,1,0,0,0,0,0,0
सिर्फ़ आज! धूप का चश्मा पर 60% छूट,false_urgency,false_urgency,hi,p,promo,[TAG=p] [ROLE=promo] सिर्फ़ आज! धूप का चश्मा पर 60% छूट,false_urgency:hi:10,synthetic_v1,0,1,0,0,0,0,0,0
Order in 48 hours to get delivery in 2 days,false_urgency,false_urgency,en,span,timer,[TAG=span] [ROLE=timer] Order in 48 hours to get delivery in 2 days,false_urgency:en:16,synthetic_v1,0,1,0,0,0,0,0,0
Today only! 60% off electric kettle,false_urgency,false_urgency,en,p,promo,[TAG=p] [ROLE=promo] Today only! 60% off electric kettle,false_urgency:en:10,synthetic_v1,0,1,0,0,0,0,0,0
काउन्टडाउन: 18 घण्टा मा मूल्य बढ्नेछ,false_urgency,false_urgency,ne,span,timer,[TAG=span] [ROLE=timer] काउन्टडाउन: 18 घण्टा मा मूल्य बढ्नेछ,false_urgency:ne:08,synthetic_v1,0,1,0,0,0,0,0,0
आज मात्र! डेनिम जिन्स मा 60% छुट,false_urgency,false_urgency,ne,p,promo,[TAG=p] [ROLE=promo] आज मात्र! डेनिम जिन्स मा 60% छुट,false_urgency:ne:10,synthetic_v1,0,1,0,0,0,0,0,0
Flipkart मा घामको चस्मा को सेल 10 मिनेट मा सकिन्छ,false_urgency,false_urgency,ne,span,timer,[TAG=span] [ROLE=timer] Flipkart मा घामको चस्मा को सेल 10 मिनेट मा सकिन्छ,false_urgency:ne:17,synthetic_v1,0,1,0,0,0,0,0,0
कफी मेकर रहेको तपाईंको Amazon कार्ट 14:59 मा सकिन्छ,false_urgency,false_urgency,ne,div,banner,[TAG=div] [ROLE=banner] कफी मेकर रहेको तपाईंको Amazon कार्ट 14:59 मा सकिन्छ,false_urgency:ne:20,synthetic_v1,0,1,0,0,0,0,0,0
मागका कारण 4 घण्टा थपियो,false_urgency,false_urgency,ne,span,timer,[TAG=span] [ROLE=timer] मागका कारण 4 घण्टा थपियो,false_urgency:ne:13,synthetic_v1,0,1,0,0,0,0,0,0
अन्तिम मौका — नोइज क्यान्सलिङ हेडफोन मा 14:59 बाँकी,false_urgency,false_urgency,ne,span,timer,[TAG=span] [ROLE=timer] अन्तिम मौका — नोइज क्यान्सलिङ हेडफोन मा 14:59 बाँकी,false_urgency:ne:05,synthetic_v1,0,1,0,0,0,0,0,0
आख़िरी मौका — इंडक्शन चूल्हा पर 18 घंटे बाकी,false_urgency,false_urgency,hi,div,banner,[TAG=div] [ROLE=banner] आख़िरी मौका — इंडक्शन चूल्हा पर 18 घंटे बाकी,false_urgency:hi:05,synthetic_v1,0,1,0,0,0,0,0,0
Blinkit sale on school bag ends in 24 hours,false_urgency,false_urgency,en,p,promo,[TAG=p] [ROLE=promo] Blinkit sale on school bag ends in 24 hours,false_urgency:en:17,synthetic_v1,0,1,0,0,0,0,0,0
विराटनगर डेलिभरीका लागि 1 घण्टा भित्र योगा म्याट अर्डर गर्नुहोस्,false_urgency,false_urgency,ne,p,promo,[TAG=p] [ROLE=promo] विराटनगर डेलिभरीका लागि 1 घण्टा भित्र योगा म्याट अर्डर गर्नुहोस्,false_urgency:ne:18,synthetic_v1,0,1,0,0,0,0,0,0
आख़िरी मौका — बैकपैक पर 30 मिनट बाकी,false_urgency,false_urgency,hi,div,banner,[TAG=div] [ROLE=banner] आख़िरी मौका — बैकपैक पर 30 मिनट बाकी,false_urgency:hi:05,synthetic_v1,0,1,0,0,0,0,0,0
"24 घंटे में ऑर्डर करें, 3 दिन में डिलीवरी",false_urgency,false_urgency,hi,span,timer,"[TAG=span] [ROLE=timer] 24 घंटे में ऑर्डर करें, 3 दिन में डिलीवरी",false_urgency:hi:16,synthetic_v1,0,1,0,0,0,0,0,0
Sale ends in 1 minute!,false_urgency,false_urgency,en,span,timer,[TAG=span] [ROLE=timer] Sale ends in 1 minute!,false_urgency:en:00,synthetic_v1,0,1,0,0,0,0,0,0
यह कीमत आपके लिए 10 मिनट तक सुरक्षित,false_urgency,false_urgency,hi,p,promo,[TAG=p] [ROLE=promo] यह कीमत आपके लिए 10 मिनट तक सुरक्षित,false_urgency:hi:12,synthetic_v1,0,1,0,0,0,0,0,0
15% छूट 24 घंटे में समाप्त,false_urgency,false_urgency,hi,div,banner,[TAG=div] [ROLE=banner] 15% छूट 24 घंटे में समाप्त,false_urgency:hi:15,synthetic_v1,0,1,0,0,0,0,0,0
Pepperfry मा योगा म्याट मा 35% छुट — 45 मिनेट बाँकी,false_urgency,false_urgency,ne,p,promo,[TAG=p] [ROLE=promo] Pepperfry मा योगा म्याट मा 35% छुट — 45 मिनेट बाँकी,false_urgency:ne:19,synthetic_v1,0,1,0,0,0,0,0,0
Reserved for you for 30 minutes,false_urgency,false_urgency,en,div,banner,[TAG=div] [ROLE=banner] Reserved for you for 30 minutes,false_urgency:en:12,synthetic_v1,0,1,0,0,0,0,0,0
यह कीमत आपके लिए 3 मिनट तक सुरक्षित,false_urgency,false_urgency,hi,div,banner,[TAG=div] [ROLE=banner] यह कीमत आपके लिए 3 मिनट तक सुरक्षित,false_urgency:hi:12,synthetic_v1,0,1,0,0,0,0,0,0
छिटो गर्नुहोस्! अफिस कुर्सी को अफर 1 घण्टा मा सकिँदै,false_urgency,false_urgency,ne,span,timer,[TAG=span] [ROLE=timer] छिटो गर्नुहोस्! अफिस कुर्सी को अफर 1 घण्टा मा सकिँदै,false_urgency:ne:01,synthetic_v1,0,1,0,0,0,0,0,0
Hurry! Offer on school bag expires in 24 hours,false_urgency,false_urgency,en,span,timer,[TAG=span] [ROLE=timer] Hurry! Offer on school bag expires in 24 hours,false_urgency:en:01,synthetic_v1,0,1,0,0,0,0,0,0
राइस कुकर वाला आपका Croma कार्ट 2 घंटे में खत्म,false_urgency,false_urgency,hi,div,banner,[TAG=div] [ROLE=banner] राइस कुकर वाला आपका Croma कार्ट 2 घंटे में खत्म,false_urgency:hi:20,synthetic_v1,0,1,0,0,0,0,0,0
"14:59 में ऑर्डर करें, 3 दिन में डिलीवरी",false_urgency,false_urgency,hi,span,timer,"[TAG=span] [ROLE=timer] 14:59 में ऑर्डर करें, 3 दिन में डिलीवरी",false_urgency:hi:16,synthetic_v1,0,1,0,0,0,0,0,0
आज मात्र! स्पोर्ट्स चप्पल मा 30% छुट,false_urgency,false_urgency,ne,p,promo,[TAG=p] [ROLE=promo] आज मात्र! स्पोर्ट्स चप्पल मा 30% छुट,false_urgency:ne:10,synthetic_v1,0,1,0,0,0,0,0,0
50% छुट 5 मिनेट मा सकिन्छ,false_urgency,false_urgency,ne,p,promo,[TAG=p] [ROLE=promo] 50% छुट 5 मिनेट मा सकिन्छ,false_urgency:ne:15,synthetic_v1,0,1,0,0,0,0,0,0
आज मात्र! कफी मेकर मा 5% छुट,false_urgency,false_urgency,ne,span,timer,[TAG=span] [ROLE=timer] आज मात्र! कफी मेकर मा 5% छुट,false_urgency:ne:10,synthetic_v1,0,1,0,0,0,0,0,0
Croma sale on sports sandals ends in 09:45,false_urgency,false_urgency,en,span,timer,[TAG=span] [ROLE=timer] Croma sale on sports sandals ends in 09:45,false_urgency:en:17,synthetic_v1,0,1,0,0,0,0,0,0
आख़िरी मौका — ऑफिस चेयर पर 15 मिनट बाकी,false_urgency,false_urgency,hi,span,timer,[TAG=span] [ROLE=timer] आख़िरी मौका — ऑफिस चेयर पर 15 मिनट बाकी,false_urgency:hi:05,synthetic_v1,0,1,0,0,0,0,0,0
Last chance — 23:11 left on office chair,false_urgency,false_urgency,en,p,promo,[TAG=p] [ROLE=promo] Last chance — 23:11 left on office chair,false_urgency:en:05,synthetic_v1,0,1,0,0,0,0,0,0
"Flash sale ending in 5 minutes, don't miss out",false_urgency,false_urgency,en,span,timer,"[TAG=span] [ROLE=timer] Flash sale ending in 5 minutes, don't miss out",false_urgency:en:06,synthetic_v1,0,1,0,0,0,0,0,0
सेल 23:11 में खत्म!,false_urgency,false_urgency,hi,span,timer,[TAG=span] [ROLE=timer] सेल 23:11 में खत्म!,false_urgency:hi:00,synthetic_v1,0,1,0,0,0,0,0,0
50% off wireless earbuds at Snapdeal — 1 minute left,false_urgency,false_urgency,en,div,banner,[TAG=div] [ROLE=banner] 50% off wireless earbuds at Snapdeal — 1 minute left,false_urgency:en:19,synthetic_v1,0,1,0,0,0,0,0,0
Today only! 60% off sports sandals,false_urgency,false_urgency,en,div,banner,[TAG=div] [ROLE=banner] Today only! 60% off sports sandals,false_urgency:en:10,synthetic_v1,0,1,0,0,0,0,0,0
Deal of the day ends in 30 minutes,false_urgency,false_urgency,en,div,banner,[TAG=div] [ROLE=banner] Deal of the day ends in 30 minutes,false_urgency:en:02,synthetic_v1,0,1,0,0,0,0,0,0
Order cotton kurta within 6 hours for delivery to Bengaluru,false_urgency,false_urgency,en,span,timer,[TAG=span] [ROLE=timer] Order cotton kurta within 6 hours for delivery to Bengaluru,false_urgency:en:18,synthetic_v1,0,1,0,0,0,0,0,0
Ajio मा ट्रेकिङ ज्याकेट को सेल 2 घण्टा मा सकिन्छ,false_urgency,false_urgency,ne,p,promo,[TAG=p] [ROLE=promo] Ajio मा ट्रेकिङ ज्याकेट को सेल 2 घण्टा मा सकिन्छ,false_urgency:ne:17,synthetic_v1,0,1,0,0,0,0,0,0
Your Blinkit cart with electric kettle expires in 12:00,false_urgency,false_urgency,en,span,timer,[TAG=span] [ROLE=timer] Your Blinkit cart with electric kettle expires in 12:00,false_urgency:en:20,synthetic_v1,0,1,0,0,0,0,0,0
यह कीमत आपके लिए 20 मिनट तक सुरक्षित,false_urgency,false_urgency,hi,p,promo,[TAG=p] [ROLE=promo] यह कीमत आपके लिए 20 मिनट तक सुरक्षित,false_urgency:hi:12,synthetic_v1,0,1,0,0,0,0,0,0
यो मूल्य तपाईंका लागि 3 मिनेट सम्म सुरक्षित,false_urgency,false_urgency,ne,span,timer,[TAG=span] [ROLE=timer] यो मूल्य तपाईंका लागि 3 मिनेट सम्म सुरक्षित,false_urgency:ne:12,synthetic_v1,0,1,0,0,0,0,0,0
15% छुट 20 मिनेट मा सकिन्छ,false_urgency,false_urgency,ne,div,banner,[TAG=div] [ROLE=banner] 15% छुट 20 मिनेट मा सकिन्छ,false_urgency:ne:15,synthetic_v1,0,1,0,0,0,0,0,0
आजको डिल 1 मिनेट मा सकिन्छ,false_urgency,false_urgency,ne,p,promo,[TAG=p] [ROLE=promo] आजको डिल 1 मिनेट मा सकिन्छ,false_urgency:ne:02,synthetic_v1,0,1,0,0,0,0,0,0
यह दर पाने के लिए 18 घंटे में बुक करें,false_urgency,false_urgency,hi,p,promo,[TAG=p] [ROLE=promo] यह दर पाने के लिए 18 घंटे में बुक करें,false_urgency:hi:09,synthetic_v1,0,1,0,0,0,0,0,0
Zepto पर नॉइज़ कैंसलिंग हेडफोन पर 70% छूट — 6 घंटे बाकी,false_urgency,false_urgency,hi,div,banner,[TAG=div] [ROLE=banner] Zepto पर नॉइज़ कैंसलिंग हेडफोन पर 70% छूट — 6 घंटे बाकी,false_urgency:hi:19,synthetic_v1,0,1,0,0,0,0,0,0
20% off expires in 23:11,false_urgency,false_urgency,en,p,promo,[TAG=p] [ROLE=promo] 20% off expires in 23:11,false_urgency:en:15,synthetic_v1,0,1,0,0,0,0,0,0
70% छुट 1 घण्टा मा सकिन्छ,false_urgency,false_urgency,ne,div,banner,[TAG=div] [ROLE=banner] 70% छुट 1 घण्टा मा सकिन्छ,false_urgency:ne:15,synthetic_v1,0,1,0,0,0,0,0,0
Last chance — 19:20 left on bluetooth speaker,false_urgency,false_urgency,en,p,promo,[TAG=p] [ROLE=promo] Last chance — 19:20 left on bluetooth speaker,false_urgency:en:05,synthetic_v1,0,1,0,0,0,0,0,0
फॉर्मल शर्ट पर रु. 99 की कीमत 15 मिनट तक ही,false_urgency,false_urgency,hi,p,promo,[TAG=p] [ROLE=promo] फॉर्मल शर्ट पर रु. 99 की कीमत 15 मिनट तक ही,false_urgency:hi:21,synthetic_v1,0,1,0,0,0,0,0,0
आज मात्र! रनिङ जुत्ता मा 70% छुट,false_urgency,false_urgency,ne,p,promo,[TAG=p] [ROLE=promo] आज मात्र! रनिङ जुत्ता मा 70% छुट,false_urgency:ne:10,synthetic_v1,0,1,0,0,0,0,0,0
अन्तिम मौका — ब्याकप्याक मा 19:20 बाँकी,false_urgency,false_urgency,ne,span,timer,[TAG=span] [ROLE=timer] अन्तिम मौका — ब्याकप्याक मा 19:20 बाँकी,false_urgency:ne:05,synthetic_v1,0,1,0,0,0,0,0,0
Sale ends in 18 hours!,false_urgency,false_urgency,en,p,promo,[TAG=p] [ROLE=promo] Sale ends in 18 hours!,false_urgency:en:00,synthetic_v1,0,1,0,0,0,0,0,0
FirstCry पर स्टडी लैंप की सेल 20 मिनट में खत्म,false_urgency,false_urgency,hi,p,promo,[TAG=p] [ROLE=promo] FirstCry पर स्टडी लैंप की सेल 20 मिनट में खत्म,false_urgency:hi:17,synthetic_v1,0,1,0,0,0,0,0,0
Countdown: 45 minutes until the price rises,false_urgency,false_urgency,en,p,promo,[TAG=p] [ROLE=promo] Countdown: 45 minutes until the price rises,false_urgency:en:08,synthetic_v1,0,1,0,0,0,0,0,0
तपाईंको कार्ट 24 घण्टा मा खाली हुनेछ,false_urgency,false_urgency,ne,p,promo,[TAG=p] [ROLE=promo] तपाईंको कार्ट 24 घण्टा मा खाली हुनेछ,false_urgency:ne:03,synthetic_v1,0,1,0,0,0,0,0,0
Hurry! Offer on laptop bag expires in 5 minutes,false_urgency,false_urgency,en,span,timer,[TAG=span] [ROLE=timer] Hurry! Offer on laptop bag expires in 5 minutes,false_urgency:en:01,synthetic_v1,0,1,0,0,0,0,0,0
HamroBazar मा पावर ब्यांक को सेल 18 घण्टा मा सकिन्छ,false_urgency,false_urgency,ne,div,banner,[TAG=div] [ROLE=banner] HamroBazar मा पावर ब्यांक को सेल 18 घण्टा मा सकिन्छ,false_urgency:ne:17,synthetic_v1,0,1,0,0,0,0,0,0
अन्तिम मौका — घामको चस्मा मा 14:59 बाँकी,false_urgency,false_urgency,ne,div,banner,[TAG=div] [ROLE=banner] अन्तिम मौका — घामको चस्मा मा 14:59 बाँकी,false_urgency:ne:05,synthetic_v1,0,1,0,0,0,0,0,0
5% off running shoes at FirstCry — 09:45 left,false_urgency,false_urgency,en,p,promo,[TAG=p] [ROLE=promo] 5% off running shoes at FirstCry — 09:45 left,false_urgency:en:19,synthetic_v1,0,1,0,0,0,0,0,0
Rs. 199 price on wireless earbuds valid for 23:11 only,false_urgency,false_urgency,en,span,timer,[TAG=span] [ROLE=timer] Rs. 199 price on wireless earbuds valid for 23:11 only,false_urgency:en:21,synthetic_v1,0,1,0,0,0,0,0,0
यह कीमत आपके लिए 5 मिनट तक सुरक्षित,false_urgency,false_urgency,hi,p,promo,[TAG=p] [ROLE=promo] यह कीमत आपके लिए 5 मिनट तक सुरक्षित,false_urgency:hi:12,synthetic_v1,0,1,0,0,0,0,0,0
जल्दी करें! स्कूल बैग पर ऑफ़र 00:59 में समाप्त,false_urgency,false_urgency,hi,div,banner,[TAG=div] [ROLE=banner] जल्दी करें! स्कूल बैग पर ऑफ़र 00:59 में समाप्त,false_urgency:hi:01,synthetic_v1,0,1,0,0,0,0,0,0
Meesho sale on denim jeans ends in 14:59,false_urgency,false_urgency,en,div,banner,[TAG=div] [ROLE=banner] Meesho sale on denim jeans ends in 14:59,false_urgency:en:17,synthetic_v1,0,1,0,0,0,0,0,0
ऑफ़र 3 मिनट में खत्म — केवल 5 बचे!,false_urgency|scarcity,false_urgency,hi,div,banner,[TAG=div] [ROLE=banner] ऑफ़र 3 मिनट में खत्म — केवल 5 बचे!,false_urgency:hi:14,synthetic_v1,0,1,0,0,1,0,0,0
Kinbech मा ब्याकप्याक को सेल 48 घण्टा मा सकिन्छ,false_urgency,false_urgency,ne,p,promo,[TAG=p] [ROLE=promo] Kinbech मा ब्याकप्याक को सेल 48 घण्टा मा सकिन्छ,false_urgency:ne:17,synthetic_v1,0,1,0,0,0,0,0,0
ऑफिस चेयर वाला आपका Myntra कार्ट 09:45 में खत्म,false_urgency,false_urgency,hi,p,promo,[TAG=p] [ROLE=promo] ऑफिस चेयर वाला आपका Myntra कार्ट 09:45 में खत्म,false_urgency:hi:20,synthetic_v1,0,1,0,0,0,0,0,0
"12 घंटे में ऑर्डर करें, 2 दिन में डिलीवरी",false_urgency,false_urgency,hi,p,promo,"[TAG=p] [ROLE=promo] 12 घंटे में ऑर्डर करें, 2 दिन में डिलीवरी",false_urgency:hi:16,synthetic_v1,0,1,0,0,0,0,0,0
"Flash sale ending in 30 minutes, don't miss out",false_urgency,false_urgency,en,span,timer,"[TAG=span] [ROLE=timer] Flash sale ending in 30 minutes, don't miss out",false_urgency:en:06,synthetic_v1,0,1,0,0,0,0,0,0
यह दर पाने के लिए 1 मिनट में बुक करें,false_urgency,false_urgency,hi,p,promo,[TAG=p] [ROLE=promo] यह दर पाने के लिए 1 मिनट में बुक करें,false_urgency:hi:09,synthetic_v1,0,1,0,0,0,0,0,0
काउंटडाउन: 09:45 में कीमत बढ़ेगी,false_urgency,false_urgency,hi,p,promo,[TAG=p] [ROLE=promo] काउंटडाउन: 09:45 में कीमत बढ़ेगी,false_urgency:hi:08,synthetic_v1,0,1,0,0,0,0,0,0
Last chance — 1 minute left on noise cancelling headphones,false_urgency,false_urgency,en,div,banner,[TAG=div] [ROLE=banner] Last chance — 1 minute left on noise cancelling headphones,false_urgency:en:05,synthetic_v1,0,1,0,0,0,0,0,0
आख़िरी मौका — प्रोटीन पाउडर पर 24 घंटे बाकी,false_urgency,false_urgency,hi,p,promo,[TAG=p] [ROLE=promo] आख़िरी मौका — प्रोटीन पाउडर पर 24 घंटे बाकी,false_urgency:hi:05,synthetic_v1,0,1,0,0,0,0,0,0
80% off rice cooker at Kinbech — 3 minutes left,false_urgency,false_urgency,en,span,timer,[TAG=span] [ROLE=timer] 80% off rice cooker at Kinbech — 3 minutes left,false_urgency:en:19,synthetic_v1,0,1,0,0,0,0,0,0
"45 मिनेट भित्र अर्डर गर्नुहोस्, 2 दिनमा डेलिभरी",false_urgency,false_urgency,ne,p,promo,"[TAG=p] [ROLE=promo] 45 मिनेट भित्र अर्डर गर्नुहोस्, 2 दिनमा डेलिभरी",false_urgency:ne:16,synthetic_v1,0,1,0,0,0,0,0,0
मूल्य 14:59 मा बढ्नेछ,false_urgency,false_urgency,ne,p,promo,[TAG=p] [ROLE=promo] मूल्य 14:59 मा बढ्नेछ,false_urgency:ne:04,synthetic_v1,0,1,0,0,0,0,0,0
Your OkDam cart with protein powder expires in 02:14,false_urgency,false_urgency,en,span,timer,[TAG=span] [ROLE=timer] Your OkDam cart with protein powder expires in 02:14,false_urgency:en:20,synthetic_v1,0,1,0,0,0,0,0,0
Order sunglasses within 20 minutes for delivery to Bhaktapur,false_urgency,false_urgency,en,div,banner,[TAG=div] [ROLE=banner] Order sunglasses within 20 minutes for delivery to Bhaktapur,false_urgency:en:18,synthetic_v1,0,1,0,0,0,0,0,0
सेल 7 मिनेट मा सकिन्छ!,false_urgency,false_urgency,ne,p,promo,[TAG=p] [ROLE=promo] सेल 7 मिनेट मा सकिन्छ!,false_urgency:ne:00,synthetic_v1,0,1,0,0,0,0,0,0
अफर 48 घण्टा मा सकिन्छ — 2 मात्र बाँकी!,false_urgency|scarcity,false_urgency,ne,span,timer,[TAG=span] [ROLE=timer] अफर 48 घण्टा मा सकिन्छ — 2 मात्र बाँकी!,false_urgency:ne:14,synthetic_v1,0,1,0,0,1,0,0,0
अन्तिम मौका — ब्लुटुथ स्पिकर मा 3 मिनेट बाँकी,false_urgency,false_urgency,ne,p,promo,[TAG=p] [ROLE=promo] अन्तिम मौका — ब्लुटुथ स्पिकर मा 3 मिनेट बाँकी,false_urgency:ne:05,synthetic_v1,0,1,0,0,0,0,0,0
जल्दी करें! सर्दी का कंबल पर ऑफ़र 5 मिनट में समाप्त,false_urgency,false_urgency,hi,div,banner,[TAG=div] [ROLE=banner] जल्दी करें! सर्दी का कंबल पर ऑफ़र 5 मिनट में समाप्त,false_urgency:hi:01,synthetic_v1,0,1,0,0,0,0,0,0
आजको डिल 3 मिनेट मा सकिन्छ,false_urgency,false_urgency,ne,span,timer,[TAG=span] [ROLE=timer] आजको डिल 3 मिनेट मा सकिन्छ,false_urgency:ne:02,synthetic_v1,0,1,0,0,0,0,0,0
अफर 20 मिनेट मा सकिन्छ — 7 मात्र बाँकी!,false_urgency|scarcity,false_urgency,ne,span,timer,[TAG=span] [ROLE=timer] अफर 20 मिनेट मा सकिन्छ — 7 मात्र बाँकी!,false_urgency:ne:14,synthetic_v1,0,1,0,0,1,0,0,0
नासिक डिलीवरी के लिए 02:14 में डेनिम जींस ऑर्डर करें,false_urgency,false_urgency,hi,span,timer,[TAG=span] [ROLE=timer] नासिक डिलीवरी के लिए 02:14 में डेनिम जींस ऑर्डर करें,false_urgency:hi:18,synthetic_v1,0,1,0,0,0,0,0,0
सिर्फ़ आज! फेस वॉश पर 10% छूट,false_urgency,false_urgency,hi,p,promo,[TAG=p] [ROLE=promo] सिर्फ़ आज! फेस वॉश पर 10% छूट,false_urgency:hi:10,synthetic_v1,0,1,0,0,0,0,0,0
Offer ends in 14:59 — only 9 left!,false_urgency|scarcity,false_urgency,en,p,promo,[TAG=p] [ROLE=promo] Offer ends in 14:59 — only 9 left!,false_urgency:en:14,synthetic_v1,0,1,0,0,1,0,0,0
दाम 15 मिनट में बढ़ जाएंगे,false_urgency,false_urgency,hi,p,promo,[TAG=p] [ROLE=promo] दाम 15 मिनट में बढ़ जाएंगे,false_urgency:hi:04,synthetic_v1,0,1,0,0,0,0,0,0
प्रोटीन पाउडर पर रु. 799 की कीमत 18 घंटे तक ही,false_urgency,false_urgency,hi,p,promo,[TAG=p] [ROLE=promo] प्रोटीन पाउडर पर रु. 799 की कीमत 18 घंटे तक ही,false_urgency:hi:21,synthetic_v1,0,1,0,0,0,0,0,0
धनगढी डेलिभरीका लागि 30 मिनेट भित्र पावर ब्यांक अर्डर गर्नुहोस्,false_urgency,false_urgency,ne,div,banner,[TAG=div] [ROLE=banner] धनगढी डेलिभरीका लागि 30 मिनेट भित्र पावर ब्यांक अर्डर गर्नुहोस्,false_urgency:ne:18,synthetic_v1,0,1,0,0,0,0,0,0
यो मूल्य तपाईंका लागि 23:11 सम्म सुरक्षित,false_urgency,false_urgency,ne,span,timer,[TAG=span] [ROLE=timer] यो मूल्य तपाईंका लागि 23:11 सम्म सुरक्षित,false_urgency:ne:12,synthetic_v1,0,1,0,0,0,0,0,0
Hurry! Offer on hair dryer expires in 20 minutes,false_urgency,false_urgency,en,span,timer,[TAG=span] [ROLE=timer] Hurry! Offer on hair dryer expires in 20 minutes,false_urgency:en:01,synthetic_v1,0,1,0,0,0,0,0,0
चितवन डेलिभरीका लागि 10 मिनेट भित्र गेमिङ माउस अर्डर गर्नुहोस्,false_urgency,false_urgency,ne,span,timer,[TAG=span] [ROLE=timer] चितवन डेलिभरीका लागि 10 मिनेट भित्र गेमिङ माउस अर्डर गर्नुहोस्,false_urgency:ne:18,synthetic_v1,0,1,0,0,0,0,0,0
अन्तिम मौका — पावर ब्यांक मा 14:59 बाँकी,false_urgency,false_urgency,ne,p,promo,[TAG=p] [ROLE=promo] अन्तिम मौका — पावर ब्यांक मा 14:59 बाँकी,false_urgency:ne:05,synthetic_v1,0,1,0,0,0,0,0,0
अफर 7 मिनेट मा सकिन्छ — 2 मात्र बाँकी!,false_urgency|scarcity,false_urgency,ne,p,promo,[TAG=p] [ROLE=promo] अफर 7 मिनेट मा सकिन्छ — 2 मात्र बाँकी!,false_urgency:ne:14,synthetic_v1,0,1,0,0,1,0,0,0
"फ्लैश सेल 20 मिनट में खत्म, चूकें नहीं",false_urgency,false_urgency,hi,p,promo,"[TAG=p] [ROLE=promo] फ्लैश सेल 20 मिनट में खत्म, चूकें नहीं",false_urgency:hi:06,synthetic_v1,0,1,0,0,0,0,0,0
"18 घण्टा भित्र अर्डर गर्नुहोस्, 5 दिनमा डेलिभरी",false_urgency,false_urgency,ne,p,promo,"[TAG=p] [ROLE=promo] 18 घण्टा भित्र अर्डर गर्नुहोस्, 5 दिनमा डेलिभरी",false_urgency:ne:16,synthetic_v1,0,1,0,0,0,0,0,0
"20 मिनट में ऑर्डर करें, 2 दिन में डिलीवरी",false_urgency,false_urgency,hi,div,banner,"[TAG=div] [ROLE=banner] 20 मिनट में ऑर्डर करें, 2 दिन में डिलीवरी",false_urgency:hi:16,synthetic_v1,0,1,0,0,0,0,0,0
Gyapu पर ट्रेकिंग जैकेट की सेल 48 घंटे में खत्म,false_urgency,false_urgency,hi,span,timer,[TAG=span] [ROLE=timer] Gyapu पर ट्रेकिंग जैकेट की सेल 48 घंटे में खत्म,false_urgency:hi:17,synthetic_v1,0,1,0,0,0,0,0,0
जल्दी करें! वायरलेस ईयरबड्स पर ऑफ़र 48 घंटे में समाप्त,false_urgency,false_urgency,hi,div,banner,[TAG=div] [ROLE=banner] जल्दी करें! वायरलेस ईयरबड्स पर ऑफ़र 48 घंटे में समाप्त,false_urgency:hi:01,synthetic_v1,0,1,0,0,0,0,0,0
"फ्ल्यास सेल 7 मिनेट मा सकिँदै, नगुमाउनुहोस्",false_urgency,false_urgency,ne,div,banner,"[TAG=div] [ROLE=banner] फ्ल्यास सेल 7 मिनेट मा सकिँदै, नगुमाउनुहोस्",false_urgency:ne:06,synthetic_v1,0,1,0,0,0,0,0,0
Ajio पर वायरलेस ईयरबड्स पर 25% छूट — 48 घंटे बाकी,false_urgency,false_urgency,hi,div,banner,[TAG=div] [ROLE=banner] Ajio पर वायरलेस ईयरबड्स पर 25% छूट — 48 घंटे बाकी,false_urgency:hi:19,synthetic_v1,0,1,0,0,0,0,0,0
वाराणसी डिलीवरी के लिए 23:11 में इंडक्शन चूल्हा ऑर्डर करें,false_urgency,false_urgency,hi,div,banner,[TAG=div] [ROLE=banner] वाराणसी डिलीवरी के लिए 23:11 में इंडक्शन चूल्हा ऑर्डर करें,false_urgency:hi:18,synthetic_v1,0,1,0,0,0,0,0,0
सेल 45 मिनट में खत्म!,false_urgency,false_urgency,hi,div,banner,[TAG=div] [ROLE=banner] सेल 45 मिनट में खत्म!,false_urgency:hi:00,synthetic_v1,0,1,0,0,0,0,0,0
SastoDeal पर स्कूल बैग पर 40% छूट — 1 घंटे बाकी,false_urgency,false_urgency,hi,p,promo,[TAG=p] [ROLE=promo] SastoDeal पर स्कूल बैग पर 40% छूट — 1 घंटे बाकी,false_urgency:hi:19,synthetic_v1,0,1,0,0,0,0,0,0
पावर बैंक पर रु. 699 की कीमत 10 मिनट तक ही,false_urgency,false_urgency,hi,p,promo,[TAG=p] [ROLE=promo] पावर बैंक पर रु. 699 की कीमत 10 मिनट तक ही,false_urgency:hi:21,synthetic_v1,0,1,0,0,0,0,0,0
"हेयर ड्रायर पर रु. 2,499 की कीमत 14:59 तक ही",false_urgency,false_urgency,hi,p,promo,"[TAG=p] [ROLE=promo] हेयर ड्रायर पर रु. 2,499 की कीमत 14:59 तक ही",false_urgency:hi:21,synthetic_v1,0,1,0,0,0,0,0,0
छिटो गर्नुहोस्! इन्डक्सन चुल्हो को अफर 20 मिनेट मा सकिँदै,false_urgency,false_urgency,ne,div,banner,[TAG=div] [ROLE=banner] छिटो गर्नुहोस्! इन्डक्सन चुल्हो को अफर 20 मिनेट मा सकिँदै,false_urgency:ne:01,synthetic_v1,0,1,0,0,0,0,0,0
70% छुट 04:30 मा सकिन्छ,false_urgency,false_urgency,ne,span,timer,[TAG=span] [ROLE=timer] 70% छुट 04:30 मा सकिन्छ,false_urgency:ne:15,synthetic_v1,0,1,0,0,0,0,0,0
आज का सौदा 02:14 में खत्म,false_urgency,false_urgency,hi,p,promo,[TAG=p] [ROLE=promo] आज का सौदा 02:14 में खत्म,false_urgency:hi:02,synthetic_v1,0,1,0,0,0,0,0,0
Nykaa मा स्मार्टवाच मा 25% छुट — 10 मिनेट बाँकी,false_urgency,false_urgency,ne,p,promo,[TAG=p] [ROLE=promo] Nykaa मा स्मार्टवाच मा 25% छुट — 10 मिनेट बाँकी,false_urgency:ne:19,synthetic_v1,0,1,0,0,0,0,0,0
Your Salesberry cart with sports sandals expires in 1 minute,false_urgency,false_urgency,en,div,banner,[TAG=div] [ROLE=banner] Your Salesberry cart with sports sandals expires in 1 minute,false_urgency:en:20,synthetic_v1,0,1,0,0,0,0,0,0
सिर्फ़ आज! गेमिंग माउस पर 80% छूट,false_urgency,false_urgency,hi,div,banner,[TAG=div] [ROLE=banner] सिर्फ़ आज! गेमिंग माउस पर 80% छूट,false_urgency:hi:10,synthetic_v1,0,1,0,0,0,0,0,0
"24 घंटे में ऑर्डर करें, 10 दिन में डिलीवरी",false_urgency,false_urgency,hi,p,promo,"[TAG=p] [ROLE=promo] 24 घंटे में ऑर्डर करें, 10 दिन में डिलीवरी",false_urgency:hi:16,synthetic_v1,0,1,0,0,0,0,0,0
70% छुट 2 घण्टा मा सकिन्छ,false_urgency,false_urgency,ne,span,timer,[TAG=span] [ROLE=timer] 70% छुट 2 घण्टा मा सकिन्छ,false_urgency:ne:15,synthetic_v1,0,1,0,0,0,0,0,0
राइस कुकर रहेको तपाईंको FirstCry कार्ट 6 घण्टा मा सकिन्छ,false_urgency,false_urgency,ne,p,promo,[TAG=p] [ROLE=promo] राइस कुकर रहेको तपाईंको FirstCry कार्ट 6 घण्टा मा सकिन्छ,false_urgency:ne:20,synthetic_v1,0,1,0,0,0,0,0,0
Rs. 399 price on office chair valid for 1 hour only,false_urgency,false_urgency,en,span,timer,[TAG=span] [ROLE=timer] Rs. 399 price on office chair valid for 1 hour only,false_urgency:en:21,synthetic_v1,0,1,0,0,0,0,0,0
70% off expires in 24 hours,false_urgency,false_urgency,en,p,promo,[TAG=p] [ROLE=promo] 70% off expires in 24 hours,false_urgency:en:15,synthetic_v1,0,1,0,0,0,0,0,0
70% छूट 18 घंटे में समाप्त,false_urgency,false_urgency,hi,div,banner,[TAG=div] [ROLE=banner] 70% छूट 18 घंटे में समाप्त,false_urgency:hi:15,synthetic_v1,0,1,0,0,0,0,0,0
Order school bag within 48 hours for delivery to Chitwan,false_urgency,false_urgency,en,div,banner,[TAG=div] [ROLE=banner] Order school bag within 48 hours for delivery to Chitwan,false_urgency:en:18,synthetic_v1,0,1,0,0,0,0,0,0
नागपुर डिलीवरी के लिए 10 मिनट में धूप का चश्मा ऑर्डर करें,false_urgency,false_urgency,hi,span,timer,[TAG=span] [ROLE=timer] नागपुर डिलीवरी के लिए 10 मिनट में धूप का चश्मा ऑर्डर करें,false_urgency:hi:18,synthetic_v1,0,1,0,0,0,0,0,0
सिर्फ़ आज! स्टडी लैंप पर 40% छूट,false_urgency,false_urgency,hi,div,banner,[TAG=div] [ROLE=banner] सिर्फ़ आज! स्टडी लैंप पर 40% छूट,false_urgency:hi:10,synthetic_v1,0,1,0,0,0,0,0,0
इलेक्ट्रिक केटल पर रु. 49 की कीमत 30 मिनट तक ही,false_urgency,false_urgency,hi,p,promo,[TAG=p] [ROLE=promo] इलेक्ट्रिक केटल पर रु. 49 की कीमत 30 मिनट तक ही,false_urgency:hi:21,synthetic_v1,0,1,0,0,0,0,0,0
Blinkit मा घामको चस्मा मा 20% छुट — 09:45 बाँकी,false_urgency,false_urgency,ne,p,promo,[TAG=p] [ROLE=promo] Blinkit मा घामको चस्मा मा 20% छुट — 09:45 बाँकी,false_urgency:ne:19,synthetic_v1,0,1,0,0,0,0,0,0
30% छुट 30 मिनेट मा सकिन्छ,false_urgency,false_urgency,ne,span,timer,[TAG=span] [ROLE=timer] 30% छुट 30 मिनेट मा सकिन्छ,false_urgency:ne:15,synthetic_v1,0,1,0,0,0,0,0,0
दाम 19:20 में बढ़ जाएंगे,false_urgency,false_urgency,hi,span,timer,[TAG=span] [ROLE=timer] दाम 19:20 में बढ़ जाएंगे,false_urgency:hi:04,synthetic_v1,0,1,0,0,0,0,0,0
Only 2 hours remaining on this deal,false_urgency,false_urgency,en,div,banner,[TAG=div] [ROLE=banner] Only 2 hours remaining on this deal,false_urgency:en:11,synthetic_v1,0,1,0,0,0,0,0,0
"फ्लैश सेल 00:59 में खत्म, चूकें नहीं",false_urgency,false_urgency,hi,span,timer,"[TAG=span] [ROLE=timer] फ्लैश सेल 00:59 में खत्म, चूकें नहीं",false_urgency:hi:06,synthetic_v1,0,1,0,0,0,0,0,0
Myntra मा हिउँदको ब्ल्याङ्केट मा 10% छुट — 3 घण्टा बाँकी,false_urgency,false_urgency,ne,p,promo,[TAG=p] [ROLE=promo] Myntra मा हिउँदको ब्ल्याङ्केट मा 10% छुट — 3 घण्टा बाँकी,false_urgency:ne:19,synthetic_v1,0,1,0,0,0,0,0,0
70% छुट 6 घण्टा मा सकिन्छ,false_urgency,false_urgency,ne,p,promo,[TAG=p] [ROLE=promo] 70% छुट 6 घण्टा मा सकिन्छ,false_urgency:ne:15,synthetic_v1,0,1,0,0,0,0,0,0
यो दर पाउन 18 घण्टा भित्र बुक गर्नुहोस्,false_urgency,false_urgency,ne,div,banner,[TAG=div] [ROLE=banner] यो दर पाउन 18 घण्टा भित्र बुक गर्नुहोस्,false_urgency:ne:09,synthetic_v1,0,1,0,0,0,0,0,0
Today only! 70% off yoga mat,false_urgency,false_urgency,en,div,banner,[TAG=div] [ROLE=banner] Today only! 70% off yoga mat,false_urgency:en:10,synthetic_v1,0,1,0,0,0,0,0,0
छिटो गर्नुहोस्! स्पोर्ट्स चप्पल को अफर 02:14 मा सकिँदै,false_urgency,false_urgency,ne,span,timer,[TAG=span] [ROLE=timer] छिटो गर्नुहोस्! स्पोर्ट्स चप्पल को अफर 02:14 मा सकिँदै,false_urgency:ne:01,synthetic_v1,0,1,0,0,0,0,0,0
30% off expires in 6 hours,false_urgency,false_urgency,en,p,promo,[TAG=p] [ROLE=promo] 30% off expires in 6 hours,false_urgency:en:15,synthetic_v1,0,1,0,0,0,0,0,0
काउंटडाउन: 24 घंटे में कीमत बढ़ेगी,false_urgency,false_urgency,hi,span,timer,[TAG=span] [ROLE=timer] काउंटडाउन: 24 घंटे में कीमत बढ़ेगी,false_urgency:hi:08,synthetic_v1,0,1,0,0,0,0,0,0
ऑफ़र 48 घंटे में खत्म — केवल 4 बचे!,false_urgency|scarcity,false_urgency,hi,div,banner,[TAG=div] [ROLE=banner] ऑफ़र 48 घंटे में खत्म — केवल 4 बचे!,false_urgency:hi:14,synthetic_v1,0,1,0,0,1,0,0,0
सिर्फ़ आज! नॉइज़ कैंसलिंग हेडफोन पर 40% छूट,false_urgency,false_urgency,hi,div,banner,[TAG=div] [ROLE=banner] सिर्फ़ आज! नॉइज़ कैंसलिंग हेडफोन पर 40% छूट,false_urgency:hi:10,synthetic_v1,0,1,0,0,0,0,0,0
आख़िरी मौका — वायरलेस ईयरबड्स पर 48 घंटे बाकी,false_urgency,false_urgency,hi,div,banner,[TAG=div] [ROLE=banner] आख़िरी मौका — वायरलेस ईयरबड्स पर 48 घंटे बाकी,false_urgency:hi:05,synthetic_v1,0,1,0,0,0,0,0,0
"09:45 में ऑर्डर करें, 7 दिन में डिलीवरी",false_urgency,false_urgency,hi,span,timer,"[TAG=span] [ROLE=timer] 09:45 में ऑर्डर करें, 7 दिन में डिलीवरी",false_urgency:hi:16,synthetic_v1,0,1,0,0,0,0,0,0
सेल 10 मिनट में खत्म!,false_urgency,false_urgency,hi,p,promo,[TAG=p] [ROLE=promo] सेल 10 मिनट में खत्म!,false_urgency:hi:00,synthetic_v1,0,1,0,0,0,0,0,0
गोरखा डेलिभरीका लागि 12 घण्टा भित्र पावर ब्यांक अर्डर गर्नुहोस्,false_urgency,false_urgency,ne,div,banner,[TAG=div] [ROLE=banner] गोरखा डेलिभरीका लागि 12 घण्टा भित्र पावर ब्यांक अर्डर गर्नुहोस्,false_urgency:ne:18,synthetic_v1,0,1,0,0,0,0,0,0
Offer ends in 10 minutes — only 1 left!,false_urgency|scarcity,false_urgency,en,span,timer,[TAG=span] [ROLE=timer] Offer ends in 10 minutes — only 1 left!,false_urgency:en:14,synthetic_v1,0,1,0,0,1,0,0,0
30% off expires in 5 minutes,false_urgency,false_urgency,en,span,timer,[TAG=span] [ROLE=timer] 30% off expires in 5 minutes,false_urgency:en:15,synthetic_v1,0,1,0,0,0,0,0,0
Only 02:14 remaining on this deal,false_urgency,false_urgency,en,p,promo,[TAG=p] [ROLE=promo] Only 02:14 remaining on this deal,false_urgency:en:11,synthetic_v1,0,1,0,0,0,0,0,0
Your Snapdeal cart with smartwatch expires in 10 minutes,false_urgency,false_urgency,en,div,banner,[TAG=div] [ROLE=banner] Your Snapdeal cart with smartwatch expires in 10 minutes,false_urgency:en:20,synthetic_v1,0,1,0,0,0,0,0,0
Countdown: 15 minutes until the price rises,false_urgency,false_urgency,en,span,timer,[TAG=span] [ROLE=timer] Countdown: 15 minutes until the price rises,false_urgency:en:08,synthetic_v1,0,1,0,0,0,0,0,0
"02:14 में ऑर्डर करें, 3 दिन में डिलीवरी",false_urgency,false_urgency,hi,div,banner,"[TAG=div] [ROLE=banner] 02:14 में ऑर्डर करें, 3 दिन में डिलीवरी",false_urgency:hi:16,synthetic_v1,0,1,0,0,0,0,0,0
इंडक्शन चूल्हा पर रु. 149 की कीमत 48 घंटे तक ही,false_urgency,false_urgency,hi,span,timer,[TAG=span] [ROLE=timer] इंडक्शन चूल्हा पर रु. 149 की कीमत 48 घंटे तक ही,false_urgency:hi:21,synthetic_v1,0,1,0,0,0,0,0,0
ऑफ़र 19:20 में खत्म — केवल 6 बचे!,false_urgency|scarcity,false_urgency,hi,p,promo,[TAG=p] [ROLE=promo] ऑफ़र 19:20 में खत्म — केवल 6 बचे!,false_urgency:hi:14,synthetic_v1,0,1,0,0,1,0,0,0
"23:11 भित्र अर्डर गर्नुहोस्, 10 दिनमा डेलिभरी",false_urgency,false_urgency,ne,span,timer,"[TAG=span] [ROLE=timer] 23:11 भित्र अर्डर गर्नुहोस्, 10 दिनमा डेलिभरी",false_urgency:ne:16,synthetic_v1,0,1,0,0,0,0,0,0
सेल 45 मिनेट मा सकिन्छ!,false_urgency,false_urgency,ne,p,promo,[TAG=p] [ROLE=promo] सेल 45 मिनेट मा सकिन्छ!,false_urgency:ne:00,synthetic_v1,0,1,0,0,0,0,0,0
Rs. 149 price on winter blanket valid for 7 minutes only,false_urgency,false_urgency,en,span,timer,[TAG=span] [ROLE=timer] Rs. 149 price on winter blanket valid for 7 minutes only,false_urgency:en:21,synthetic_v1,0,1,0,0,0,0,0,0
Deal of the day ends in 3 minutes,false_urgency,false_urgency,en,div,banner,[TAG=div] [ROLE=banner] Deal of the day ends in 3 minutes,false_urgency:en:02,synthetic_v1,0,1,0,0,0,0,0,0
"10 मिनट में ऑर्डर करें, 5 दिन में डिलीवरी",false_urgency,false_urgency,hi,p,promo,"[TAG=p] [ROLE=promo] 10 मिनट में ऑर्डर करें, 5 दिन में डिलीवरी",false_urgency:hi:16,synthetic_v1,0,1,0,0,0,0,0,0
"Rs. 2,999 price on electric kettle valid for 04:30 only",false_urgency,false_urgency,en,div,banner,"[TAG=div] [ROLE=banner] Rs. 2,999 price on electric kettle valid for 04:30 only",false_urgency:en:21,synthetic_v1,0,1,0,0,0,0,0,0
ललितपुर डेलिभरीका लागि 3 घण्टा भित्र डेनिम जिन्स अर्डर गर्नुहोस्,false_urgency,false_urgency,ne,div,banner,[TAG=div] [ROLE=banner] ललितपुर डेलिभरीका लागि 3 घण्टा भित्र डेनिम जिन्स अर्डर गर्नुहोस्,false_urgency:ne:18,synthetic_v1,0,1,0,0,0,0,0,0
Order protein powder within 10 minutes for delivery to Bhaktapur,false_urgency,false_urgency,en,span,timer,[TAG=span] [ROLE=timer] Order protein powder within 10 minutes for delivery to Bhaktapur,false_urgency:en:18,synthetic_v1,0,1,0,0,0,0,0,0
Order in 09:45 to get delivery in 3 days,false_urgency,false_urgency,en,div,banner,[TAG=div] [ROLE=banner] Order in 09:45 to get delivery in 3 days,false_urgency:en:16,synthetic_v1,0,1,0,0,0,0,0,0
काउन्टडाउन: 00:59 मा मूल्य बढ्नेछ,false_urgency,false_urgency,ne,span,timer,[TAG=span] [ROLE=timer] काउन्टडाउन: 00:59 मा मूल्य बढ्नेछ,false_urgency:ne:08,synthetic_v1,0,1,0,0,0,0,0,0
काउंटडाउन: 04:30 में कीमत बढ़ेगी,false_urgency,false_urgency,hi,span,timer,[TAG=span] [ROLE=timer] काउंटडाउन: 04:30 में कीमत बढ़ेगी,false_urgency:hi:08,synthetic_v1,0,1,0,0,0,0,0,0
"फ्ल्यास सेल 3 घण्टा मा सकिँदै, नगुमाउनुहोस्",false_urgency,false_urgency,ne,div,banner,"[TAG=div] [ROLE=banner] फ्ल्यास सेल 3 घण्टा मा सकिँदै, नगुमाउनुहोस्",false_urgency:ne:06,synthetic_v1,0,1,0,0,0,0,0,0
Gyapu पर पावर बैंक पर 60% छूट — 12 घंटे बाकी,false_urgency,false_urgency,hi,p,promo,[TAG=p] [ROLE=promo] Gyapu पर पावर बैंक पर 60% छूट — 12 घंटे बाकी,false_urgency:hi:19,synthetic_v1,0,1,0,0,0,0,0,0
Order sports sandals within 45 minutes for delivery to Bhaktapur,false_urgency,false_urgency,en,p,promo,[TAG=p] [ROLE=promo] Order sports sandals within 45 minutes for delivery to Bhaktapur,false_urgency:en:18,synthetic_v1,0,1,0,0,0,0,0,0
FirstCry मा नोइज क्यान्सलिङ हेडफोन मा 60% छुट — 7 मिनेट बाँकी,false_urgency,false_urgency,ne,p,promo,[TAG=p] [ROLE=promo] FirstCry मा नोइज क्यान्सलिङ हेडफोन मा 60% छुट — 7 मिनेट बाँकी,false_urgency:ne:19,synthetic_v1,0,1,0,0,0,0,0,0
Last chance — 09:45 left on bluetooth speaker,false_urgency,false_urgency,en,div,banner,[TAG=div] [ROLE=banner] Last chance — 09:45 left on bluetooth speaker,false_urgency:en:05,synthetic_v1,0,1,0,0,0,0,0,0
Snapdeal मा हेयर ड्रायर मा 50% छुट — 12 घण्टा बाँकी,false_urgency,false_urgency,ne,div,banner,[TAG=div] [ROLE=banner] Snapdeal मा हेयर ड्रायर मा 50% छुट — 12 घण्टा बाँकी,false_urgency:ne:19,synthetic_v1,0,1,0,0,0,0,0,0
सुर्खेत डेलिभरीका लागि 10 मिनेट भित्र पानीको बोतल अर्डर गर्नुहोस्,false_urgency,false_urgency,ne,p,promo,[TAG=p] [ROLE=promo] सुर्खेत डेलिभरीका लागि 10 मिनेट भित्र पानीको बोतल अर्डर गर्नुहोस्,false_urgency:ne:18,synthetic_v1,0,1,0,0,0,0,0,0
"3 मिनेट भित्र अर्डर गर्नुहोस्, 5 दिनमा डेलिभरी",false_urgency,false_urgency,ne,div,banner,"[TAG=div] [ROLE=banner] 3 मिनेट भित्र अर्डर गर्नुहोस्, 5 दिनमा डेलिभरी",false_urgency:ne:16,synthetic_v1,0,1,0,0,0,0,0,0
सिर्फ़ आज! बैकपैक पर 50% छूट,false_urgency,false_urgency,hi,div,banner,[TAG=div] [ROLE=banner] सिर्फ़ आज! बैकपैक पर 50% छूट,false_urgency:hi:10,synthetic_v1,0,1,0,0,0,0,0,0
Salesberry पर स्टडी लैंप की सेल 23:11 में खत्म,false_urgency,false_urgency,hi,p,promo,[TAG=p] [ROLE=promo] Salesberry पर स्टडी लैंप की सेल 23:11 में खत्म,false_urgency:hi:17,synthetic_v1,0,1,0,0,0,0,0,0
छिटो गर्नुहोस्! ल्यापटप ब्याग को अफर 10 मिनेट मा सकिँदै,false_urgency,false_urgency,ne,span,timer,[TAG=span] [ROLE=timer] छिटो गर्नुहोस्! ल्यापटप ब्याग को अफर 10 मिनेट मा सकिँदै,false_urgency:ne:01,synthetic_v1,0,1,0,0,0,0,0,0
Hurry! Offer on hair dryer expires in 04:30,false_urgency,false_urgency,en,div,banner,[TAG=div] [ROLE=banner] Hurry! Offer on hair dryer expires in 04:30,false_urgency:en:01,synthetic_v1,0,1,0,0,0,0,0,0
आज मात्र! स्मार्टवाच मा 5% छुट,false_urgency,false_urgency,ne,p,promo,[TAG=p] [ROLE=promo] आज मात्र! स्मार्टवाच मा 5% छुट,false_urgency:ne:10,synthetic_v1,0,1,0,0,0,0,0,0
Order in 15 minutes to get delivery in 4 days,false_urgency,false_urgency,en,span,timer,[TAG=span] [ROLE=timer] Order in 15 minutes to get delivery in 4 days,false_urgency:en:16,synthetic_v1,0,1,0,0,0,0,0,0
जल्दी करें! गेमिंग माउस पर ऑफ़र 12:00 में समाप्त,false_urgency,false_urgency,hi,p,promo,[TAG=p] [ROLE=promo] जल्दी करें! गेमिंग माउस पर ऑफ़र 12:00 में समाप्त,false_urgency:hi:01,synthetic_v1,0,1,0,0,0,0,0,0
Your cart will expire in 5 minutes,false_urgency,false_urgency,en,span,timer,[TAG=span] [ROLE=timer] Your cart will expire in 5 minutes,false_urgency:en:03,synthetic_v1,0,1,0,0,0,0,0,0
40% छुट 2 घण्टा मा सकिन्छ,false_urgency,false_urgency,ne,span,timer,[TAG=span] [ROLE=timer] 40% छुट 2 घण्टा मा सकिन्छ,false_urgency:ne:15,synthetic_v1,0,1,0,0,0,0,0,0
Deal of the day ends in 2 hours,false_urgency,false_urgency,en,span,timer,[TAG=span] [ROLE=timer] Deal of the day ends in 2 hours,false_urgency:en:02,synthetic_v1,0,1,0,0,0,0,0,0
योगा मैट वाला आपका SastoDeal कार्ट 23:11 में खत्म,false_urgency,false_urgency,hi,p,promo,[TAG=p] [ROLE=promo] योगा मैट वाला आपका SastoDeal कार्ट 23:11 में खत्म,false_urgency:hi:20,synthetic_v1,0,1,0,0,0,0,0,0
Flipkart मा ल्यापटप ब्याग मा 30% छुट — 3 घण्टा बाँकी,false_urgency,false_urgency,ne,span,timer,[TAG=span] [ROLE=timer] Flipkart मा ल्यापटप ब्याग मा 30% छुट — 3 घण्टा बाँकी,false_urgency:ne:19,synthetic_v1,0,1,0,0,0,0,0,0
ब्याकप्याक मा रु. 999 को मूल्य 14:59 सम्म मात्र,false_urgency,false_urgency,ne,p,promo,[TAG=p] [ROLE=promo] ब्याकप्याक मा रु. 999 को मूल्य 14:59 सम्म मात्र,false_urgency:ne:21,synthetic_v1,0,1,0,0,0,0,0,0
सेल 23:11 मा सकिन्छ!,false_urgency,false_urgency,ne,span,timer,[TAG=span] [ROLE=timer] सेल 23:11 मा सकिन्छ!,false_urgency:ne:00,synthetic_v1,0,1,0,0,0,0,0,0
Reliance Digital sale on protein powder ends in 12 hours,false_urgency,false_urgency,en,div,banner,[TAG=div] [ROLE=banner] Reliance Digital sale on protein powder ends in 12 hours,false_urgency:en:17,synthetic_v1,0,1,0,0,0,0,0,0
जल्दी करें! ट्रेकिंग जैकेट पर ऑफ़र 30 मिनट में समाप्त,false_urgency,false_urgency,hi,p,promo,[TAG=p] [ROLE=promo] जल्दी करें! ट्रेकिंग जैकेट पर ऑफ़र 30 मिनट में समाप्त,false_urgency:hi:01,synthetic_v1,0,1,0,0,0,0,0,0
"फ्लैश सेल 6 घंटे में खत्म, चूकें नहीं",false_urgency,false_urgency,hi,p,promo,"[TAG=p] [ROLE=promo] फ्लैश सेल 6 घंटे में खत्म, चूकें नहीं",false_urgency:hi:06,synthetic_v1,0,1,0,0,0,0,0,0
15% off expires in 1 hour,false_urgency,false_urgency,en,p,promo,[TAG=p] [ROLE=promo] 15% off expires in 1 hour,false_urgency:en:15,synthetic_v1,0,1,0,0,0,0,0,0
"स्कूल बैग पर रु. 1,199 की कीमत 14:59 तक ही",false_urgency,false_urgency,hi,span,timer,"[TAG=span] [ROLE=timer] स्कूल बैग पर रु. 1,199 की कीमत 14:59 तक ही",false_urgency:hi:21,synthetic_v1,0,1,0,0,0,0,0,0
स्पोर्ट्स सैंडल वाला आपका Muncha कार्ट 14:59 में खत्म,false_urgency,false_urgency,hi,span,timer,[TAG=span] [ROLE=timer] स्पोर्ट्स सैंडल वाला आपका Muncha कार्ट 14:59 में खत्म,false_urgency:hi:20,synthetic_v1,0,1,0,0,0,0,0,0
Hurry! Offer on backpack expires in 00:59,false_urgency,false_urgency,en,span,timer,[TAG=span] [ROLE=timer] Hurry! Offer on backpack expires in 00:59,false_urgency:en:01,synthetic_v1,0,1,0,0,0,0,0,0
यह कीमत आपके लिए 3 घंटे तक सुरक्षित,false_urgency,false_urgency,hi,div,banner,[TAG=div] [ROLE=banner] यह कीमत आपके लिए 3 घंटे तक सुरक्षित,false_urgency:hi:12,synthetic_v1,0,1,0,0,0,0,0,0
Croma मा राइस कुकर को सेल 09:45 मा सकिन्छ,false_urgency,false_urgency,ne,span,timer,[TAG=span] [ROLE=timer] Croma मा राइस कुकर को सेल 09:45 मा सकिन्छ,false_urgency:ne:17,synthetic_v1,0,1,0,0,0,0,0,0
Order bluetooth speaker within 1 hour for delivery to Nepalgunj,false_urgency,false_urgency,en,span,timer,[TAG=span] [ROLE=timer] Order bluetooth speaker within 1 hour for delivery to Nepalgunj,false_urgency:en:18,synthetic_v1,0,1,0,0,0,0,0,0
तपाईंको कार्ट 02:14 मा खाली हुनेछ,false_urgency,false_urgency,ne,p,promo,[TAG=p] [ROLE=promo] तपाईंको कार्ट 02:14 मा खाली हुनेछ,false_urgency:ne:03,synthetic_v1,0,1,0,0,0,0,0,0
Countdown: 5 minutes until the price rises,false_urgency,false_urgency,en,div,banner,[TAG=div] [ROLE=banner] Countdown: 5 minutes until the price rises,false_urgency:en:08,synthetic_v1,0,1,0,0,0,0,0,0
यो मूल्य तपाईंका लागि 09:45 सम्म सुरक्षित,false_urgency,false_urgency,ne,span,timer,[TAG=span] [ROLE=timer] यो मूल्य तपाईंका लागि 09:45 सम्म सुरक्षित,false_urgency:ne:12,synthetic_v1,0,1,0,0,0,0,0,0
Meesho मा कफी मेकर मा 70% छुट — 04:30 बाँकी,false_urgency,false_urgency,ne,span,timer,[TAG=span] [ROLE=timer] Meesho मा कफी मेकर मा 70% छुट — 04:30 बाँकी,false_urgency:ne:19,synthetic_v1,0,1,0,0,0,0,0,0
अफर 1 घण्टा मा सकिन्छ — 9 मात्र बाँकी!,false_urgency|scarcity,false_urgency,ne,p,promo,[TAG=p] [ROLE=promo] अफर 1 घण्टा मा सकिन्छ — 9 मात्र बाँकी!,false_urgency:ne:14,synthetic_v1,0,1,0,0,1,0,0,0
स्टडी लैंप वाला आपका Blinkit कार्ट 45 मिनट में खत्म,false_urgency,false_urgency,hi,div,banner,[TAG=div] [ROLE=banner] स्टडी लैंप वाला आपका Blinkit कार्ट 45 मिनट में खत्म,false_urgency:hi:20,synthetic_v1,0,1,0,0,0,0,0,0
Thulo पर स्मार्टवॉच की सेल 24 घंटे में खत्म,false_urgency,false_urgency,hi,span,timer,[TAG=span] [ROLE=timer] Thulo पर स्मार्टवॉच की सेल 24 घंटे में खत्म,false_urgency:hi:17,synthetic_v1,0,1,0,0,0,0,0,0
Gyapu पर स्कूल बैग पर 80% छूट — 3 घंटे बाकी,false_urgency,false_urgency,hi,div,banner,[TAG=div] [ROLE=banner] Gyapu पर स्कूल बैग पर 80% छूट — 3 घंटे बाकी,false_urgency:hi:19,synthetic_v1,0,1,0,0,0,0,0,0
आज का सौदा 15 मिनट में खत्म,false_urgency,false_urgency,hi,p,promo,[TAG=p] [ROLE=promo] आज का सौदा 15 मिनट में खत्म,false_urgency:hi:02,synthetic_v1,0,1,0,0,0,0,0,0
"स्पोर्ट्स सैंडल पर रु. 1,499 की कीमत 1 मिनट तक ही",false_urgency,false_urgency,hi,span,timer,"[TAG=span] [ROLE=timer] स्पोर्ट्स सैंडल पर रु. 1,499 की कीमत 1 मिनट तक ही",false_urgency:hi:21,synthetic_v1,0,1,0,0,0,0,0,0
Rs. 49 price on power bank valid for 30 minutes only,false_urgency,false_urgency,en,p,promo,[TAG=p] [ROLE=promo] Rs. 49 price on power bank valid for 30 minutes only,false_urgency:en:21,synthetic_v1,0,1,0,0,0,0,0,0
अन्तिम मौका — कफी मेकर मा 6 घण्टा बाँकी,false_urgency,false_urgency,ne,span,timer,[TAG=span] [ROLE=timer] अन्तिम मौका — कफी मेकर मा 6 घण्टा बाँकी,false_urgency:ne:05,synthetic_v1,0,1,0,0,0,0,0,0
"18 घण्टा भित्र अर्डर गर्नुहोस्, 2 दिनमा डेलिभरी",false_urgency,false_urgency,ne,span,timer,"[TAG=span] [ROLE=timer] 18 घण्टा भित्र अर्डर गर्नुहोस्, 2 दिनमा डेलिभरी",false_urgency:ne:16,synthetic_v1,0,1,0,0,0,0,0,0
Countdown: 2 hours until the price rises,false_urgency,false_urgency,en,div,banner,[TAG=div] [ROLE=banner] Countdown: 2 hours until the price rises,false_urgency:en:08,synthetic_v1,0,1,0,0,0,0,0,0
मागका कारण 12 घण्टा थपियो,false_urgency,false_urgency,ne,div,banner,[TAG=div] [ROLE=banner] मागका कारण 12 घण्टा थपियो,false_urgency:ne:13,synthetic_v1,0,1,0,0,0,0,0,0
20% off bluetooth speaker at Snapdeal — 23:11 left,false_urgency,false_urgency,en,span,timer,[TAG=span] [ROLE=timer] 20% off bluetooth speaker at Snapdeal — 23:11 left,false_urgency:en:19,synthetic_v1,0,1,0,0,0,0,0,0
तपाईंको कार्ट 2 घण्टा मा खाली हुनेछ,false_urgency,false_urgency,ne,p,promo,[TAG=p] [ROLE=promo] तपाईंको कार्ट 2 घण्टा मा खाली हुनेछ,false_urgency:ne:03,synthetic_v1,0,1,0,0,0,0,0,0
10% छूट 20 मिनट में समाप्त,false_urgency,false_urgency,hi,span,timer,[TAG=span] [ROLE=timer] 10% छूट 20 मिनट में समाप्त,false_urgency:hi:15,synthetic_v1,0,1,0,0,0,0,0,0
Your Kinbech cart with bluetooth speaker expires in 19:20,false_urgency,false_urgency,en,div,banner,[TAG=div] [ROLE=banner] Your Kinbech cart with bluetooth speaker expires in 19:20,false_urgency:en:20,synthetic_v1,0,1,0,0,0,0,0,0
योगा मैट पर रु. 449 की कीमत 3 घंटे तक ही,false_urgency,false_urgency,hi,span,timer,[TAG=span] [ROLE=timer] योगा मैट पर रु. 449 की कीमत 3 घंटे तक ही,false_urgency:hi:21,synthetic_v1,0,1,0,0,0,0,0,0
आपका कार्ट 1 घंटे में खाली हो जाएगा,false_urgency,false_urgency,hi,p,promo,[TAG=p] [ROLE=promo] आपका कार्ट 1 घंटे में खाली हो जाएगा,false_urgency:hi:03,synthetic_v1,0,1,0,0,0,0,0,0
15% off gaming mouse at Nykaa — 02:14 left,false_urgency,false_urgency,en,span,timer,[TAG=span] [ROLE=timer] 15% off gaming mouse at Nykaa — 02:14 left,false_urgency:en:19,synthetic_v1,0,1,0,0,0,0,0,0
अफर 6 घण्टा मा सकिन्छ — 7 मात्र बाँकी!,false_urgency|scarcity,false_urgency,ne,span,timer,[TAG=span] [ROLE=timer] अफर 6 घण्टा मा सकिन्छ — 7 मात्र बाँकी!,false_urgency:ne:14,synthetic_v1,0,1,0,0,1,0,0,0
70% छुट 45 मिनेट मा सकिन्छ,false_urgency,false_urgency,ne,p,promo,[TAG=p] [ROLE=promo] 70% छुट 45 मिनेट मा सकिन्छ,false_urgency:ne:15,synthetic_v1,0,1,0,0,0,0,0,0
"12 घंटे में ऑर्डर करें, 7 दिन में डिलीवरी",false_urgency,false_urgency,hi,p,promo,"[TAG=p] [ROLE=promo] 12 घंटे में ऑर्डर करें, 7 दिन में डिलीवरी",false_urgency:hi:16,synthetic_v1,0,1,0,0,0,0,0,0
"फ्लैश सेल 48 घंटे में खत्म, चूकें नहीं",false_urgency,false_urgency,hi,p,promo,"[TAG=p] [ROLE=promo] फ्लैश सेल 48 घंटे में खत्म, चूकें नहीं",false_urgency:hi:06,synthetic_v1,0,1,0,0,0,0,0,0
फॉर्मल शर्ट वाला आपका Pepperfry कार्ट 5 मिनट में खत्म,false_urgency,false_urgency,hi,span,timer,[TAG=span] [ROLE=timer] फॉर्मल शर्ट वाला आपका Pepperfry कार्ट 5 मिनट में खत्म,false_urgency:hi:20,synthetic_v1,0,1,0,0,0,0,0,0
ऑफ़र 20 मिनट में खत्म — केवल 9 बचे!,false_urgency|scarcity,false_urgency,hi,div,banner,[TAG=div] [ROLE=banner] ऑफ़र 20 मिनट में खत्म — केवल 9 बचे!,false_urgency:hi:14,synthetic_v1,0,1,0,0,1,0,0,0
यो डिलमा 1 घण्टा मात्र बाँकी,false_urgency,false_urgency,ne,span,timer,[TAG=span] [ROLE=timer] यो डिलमा 1 घण्टा मात्र बाँकी,false_urgency:ne:11,synthetic_v1,0,1,0,0,0,0,0,0
छिटो गर्नुहोस्! एयर फ्रायर को अफर 7 मिनेट मा सकिँदै,false_urgency,false_urgency,ne,p,promo,[TAG=p] [ROLE=promo] छिटो गर्नुहोस्! एयर फ्रायर को अफर 7 मिनेट मा सकिँदै,false_urgency:ne:01,synthetic_v1,0,1,0,0,0,0,0,0
Rs. 499 price on coffee maker valid for 24 hours only,false_urgency,false_urgency,en,p,promo,[TAG=p] [ROLE=promo] Rs. 499 price on coffee maker valid for 24 hours only,false_urgency:en:21,synthetic_v1,0,1,0,0,0,0,0,0
यो मूल्य तपाईंका लागि 02:14 सम्म सुरक्षित,false_urgency,false_urgency,ne,div,banner,[TAG=div] [ROLE=banner] यो मूल्य तपाईंका लागि 02:14 सम्म सुरक्षित,false_urgency:ne:12,synthetic_v1,0,1,0,0,0,0,0,0
"1 घण्टा भित्र अर्डर गर्नुहोस्, 4 दिनमा डेलिभरी",false_urgency,false_urgency,ne,div,banner,"[TAG=div] [ROLE=banner] 1 घण्टा भित्र अर्डर गर्नुहोस्, 4 दिनमा डेलिभरी",false_urgency:ne:16,synthetic_v1,0,1,0,0,0,0,0,0
Pepperfry पर धूप का चश्मा की सेल 15 मिनट में खत्म,false_urgency,false_urgency,hi,div,banner,[TAG=div] [ROLE=banner] Pepperfry पर धूप का चश्मा की सेल 15 मिनट में खत्म,false_urgency:hi:17,synthetic_v1,0,1,0,0,0,0,0,0
ऑफ़र 5 मिनट में खत्म — केवल 10 बचे!,false_urgency|scarcity,false_urgency,hi,p,promo,[TAG=p] [ROLE=promo] ऑफ़र 5 मिनट में खत्म — केवल 10 बचे!,false_urgency:hi:14,synthetic_v1,0,1,0,0,1,0,0,0
Last chance — 7 minutes left on gaming mouse,false_urgency,false_urgency,en,p,promo,[TAG=p] [ROLE=promo] Last chance — 7 minutes left on gaming mouse,false_urgency:en:05,synthetic_v1,0,1,0,0,0,0,0,0
"6 घंटे में ऑर्डर करें, 10 दिन में डिलीवरी",false_urgency,false_urgency,hi,span,timer,"[TAG=span] [ROLE=timer] 6 घंटे में ऑर्डर करें, 10 दिन में डिलीवरी",false_urgency:hi:16,synthetic_v1,0,1,0,0,0,0,0,0
आख़िरी मौका — पावर बैंक पर 2 घंटे बाकी,false_urgency,false_urgency,hi,p,promo,[TAG=p] [ROLE=promo] आख़िरी मौका — पावर बैंक पर 2 घंटे बाकी,false_urgency:hi:05,synthetic_v1,0,1,0,0,0,0,0,0
Countdown: 00:59 until the price rises,false_urgency,false_urgency,en,div,banner,[TAG=div] [ROLE=banner] Countdown: 00:59 until the price rises,false_urgency:en:08,synthetic_v1,0,1,0,0,0,0,0,0
"Flash sale ending in 2 hours, don't miss out",false_urgency,false_urgency,en,p,promo,"[TAG=p] [ROLE=promo] Flash sale ending in 2 hours, don't miss out",false_urgency:en:06,synthetic_v1,0,1,0,0,0,0,0,0
Today only! 70% off electric kettle,false_urgency,false_urgency,en,div,banner,[TAG=div] [ROLE=banner] Today only! 70% off electric kettle,false_urgency:en:10,synthetic_v1,0,1,0,0,0,0,0,0
Kinbech पर राइस कुकर पर 15% छूट — 6 घंटे बाकी,false_urgency,false_urgency,hi,p,promo,[TAG=p] [ROLE=promo] Kinbech पर राइस कुकर पर 15% छूट — 6 घंटे बाकी,false_urgency:hi:19,synthetic_v1,0,1,0,0,0,0,0,0
काठमाडौँ डेलिभरीका लागि 10 मिनेट भित्र हिउँदको ब्ल्याङ्केट अर्डर गर्नुहोस्,false_urgency,false_urgency,ne,span,timer,[TAG=span] [ROLE=timer] काठमाडौँ डेलिभरीका लागि 10 मिनेट भित्र हिउँदको ब्ल्याङ्केट अर्डर गर्नुहोस्,false_urgency:ne:18,synthetic_v1,0,1,0,0,0,0,0,0
Order in 1 hour to get delivery in 4 days,false_urgency,false_urgency,en,p,promo,[TAG=p] [ROLE=promo] Order in 1 hour to get delivery in 4 days,false_urgency:en:16,synthetic_v1,0,1,0,0,0,0,0,0
Blinkit पर स्पोर्ट्स सैंडल पर 80% छूट — 12:00 बाकी,false_urgency,false_urgency,hi,p,promo,[TAG=p] [ROLE=promo] Blinkit पर स्पोर्ट्स सैंडल पर 80% छूट — 12:00 बाकी,false_urgency:hi:19,synthetic_v1,0,1,0,0,0,0,0,0
ऑफ़र 30 मिनट में खत्म — केवल 3 बचे!,false_urgency|scarcity,false_urgency,hi,p,promo,[TAG=p] [ROLE=promo] ऑफ़र 30 मिनट में खत्म — केवल 3 बचे!,false_urgency:hi:14,synthetic_v1,0,1,0,0,1,0,0,0
Order in 23:11 to get delivery in 7 days,false_urgency,false_urgency,en,span,timer,[TAG=span] [ROLE=timer] Order in 23:11 to get delivery in 7 days,false_urgency:en:16,synthetic_v1,0,1,0,0,0,0,0,0
आख़िरी मौका — राइस कुकर पर 04:30 बाकी,false_urgency,false_urgency,hi,div,banner,[TAG=div] [ROLE=banner] आख़िरी मौका — राइस कुकर पर 04:30 बाकी,false_urgency:hi:05,synthetic_v1,0,1,0,0,0,0,0,0
Book within 5 minutes to lock this rate,false_urgency,false_urgency,en,p,promo,[TAG=p] [ROLE=promo] Book within 5 minutes to lock this rate,false_urgency:en:09,synthetic_v1,0,1,0,0,0,0,0,0
Last chance — 7 minutes left on coffee maker,false_urgency,false_urgency,en,p,promo,[TAG=p] [ROLE=promo] Last chance — 7 minutes left on coffee maker,false_urgency:en:05,synthetic_v1,0,1,0,0,0,0,0,0
मूल्य 30 मिनेट मा बढ्नेछ,false_urgency,false_urgency,ne,div,banner,[TAG=div] [ROLE=banner] मूल्य 30 मिनेट मा बढ्नेछ,false_urgency:ne:04,synthetic_v1,0,1,0,0,0,0,0,0
"02:14 में ऑर्डर करें, 14 दिन में डिलीवरी",false_urgency,false_urgency,hi,div,banner,"[TAG=div] [ROLE=banner] 02:14 में ऑर्डर करें, 14 दिन में डिलीवरी",false_urgency:hi:16,synthetic_v1,0,1,0,0,0,0,0,0
अन्तिम मौका — स्टडी लाइट मा 45 मिनेट बाँकी,false_urgency,false_urgency,ne,div,banner,[TAG=div] [ROLE=banner] अन्तिम मौका — स्टडी लाइट मा 45 मिनेट बाँकी,false_urgency:ne:05,synthetic_v1,0,1,0,0,0,0,0,0
"Rs. 1,999 price on running shoes valid for 3 minutes only",false_urgency,false_urgency,en,div,banner,"[TAG=div] [ROLE=banner] Rs. 1,999 price on running shoes valid for 3 minutes only",false_urgency:en:21,synthetic_v1,0,1,0,0,0,0,0,0
Offer valid for the next 10 minutes only,false_urgency,false_urgency,en,span,timer,[TAG=span] [ROLE=timer] Offer valid for the next 10 minutes only,false_urgency:en:07,synthetic_v1,0,1,0,0,0,0,0,0
40% off sports sandals at Myntra — 30 minutes left,false_urgency,false_urgency,en,span,timer,[TAG=span] [ROLE=timer] 40% off sports sandals at Myntra — 30 minutes left,false_urgency:en:19,synthetic_v1,0,1,0,0,0,0,0,0
आजको डिल 14:59 मा सकिन्छ,false_urgency,false_urgency,ne,p,promo,[TAG=p] [ROLE=promo] आजको डिल 14:59 मा सकिन्छ,false_urgency:ne:02,synthetic_v1,0,1,0,0,0,0,0,0
अफर 23:11 मा सकिन्छ — 6 मात्र बाँकी!,false_urgency|scarcity,false_urgency,ne,div,banner,[TAG=div] [ROLE=banner] अफर 23:11 मा सकिन्छ — 6 मात्र बाँकी!,false_urgency:ne:14,synthetic_v1,0,1,0,0,1,0,0,0
Offer ends in 02:14 — only 4 left!,false_urgency|scarcity,false_urgency,en,p,promo,[TAG=p] [ROLE=promo] Offer ends in 02:14 — only 4 left!,false_urgency:en:14,synthetic_v1,0,1,0,0,1,0,0,0
30% off face wash at Ajio — 12:00 left,false_urgency,false_urgency,en,div,banner,[TAG=div] [ROLE=banner] 30% off face wash at Ajio — 12:00 left,false_urgency:en:19,synthetic_v1,0,1,0,0,0,0,0,0
Hurry! Offer on yoga mat expires in 2 hours,false_urgency,false_urgency,en,span,timer,[TAG=span] [ROLE=timer] Hurry! Offer on yoga mat expires in 2 hours,false_urgency:en:01,synthetic_v1,0,1,0,0,0,0,0,0
सिर्फ़ आज! फॉर्मल शर्ट पर 5% छूट,false_urgency,false_urgency,hi,div,banner,[TAG=div] [ROLE=banner] सिर्फ़ आज! फॉर्मल शर्ट पर 5% छूट,false_urgency:hi:10,synthetic_v1,0,1,0,0,0,0,0,0
10% off expires in 20 minutes,false_urgency,false_urgency,en,p,promo,[TAG=p] [ROLE=promo] 10% off expires in 20 minutes,false_urgency:en:15,synthetic_v1,0,1,0,0,0,0,0,0
35% off expires in 48 hours,false_urgency,false_urgency,en,div,banner,[TAG=div] [ROLE=banner] 35% off expires in 48 hours,false_urgency:en:15,synthetic_v1,0,1,0,0,0,0,0,0
40% छूट 2 घंटे में समाप्त,false_urgency,false_urgency,hi,span,timer,[TAG=span] [ROLE=timer] 40% छूट 2 घंटे में समाप्त,false_urgency:hi:15,synthetic_v1,0,1,0,0,0,0,0,0
वायरलेस इयरबड्स मा रु. 699 को मूल्य 12 घण्टा सम्म मात्र,false_urgency,false_urgency,ne,div,banner,[TAG=div] [ROLE=banner] वायरलेस इयरबड्स मा रु. 699 को मूल्य 12 घण्टा सम्म मात्र,false_urgency:ne:21,synthetic_v1,0,1,0,0,0,0,0,0
अफर 1 घण्टा मा सकिन्छ — 12 मात्र बाँकी!,false_urgency|scarcity,false_urgency,ne,p,promo,[TAG=p] [ROLE=promo] अफर 1 घण्टा मा सकिन्छ — 12 मात्र बाँकी!,false_urgency:ne:14,synthetic_v1,0,1,0,0,1,0,0,0
सेल 24 घण्टा मा सकिन्छ!,false_urgency,false_urgency,ne,div,banner,[TAG=div] [ROLE=banner] सेल 24 घण्टा मा सकिन्छ!,false_urgency:ne:00,synthetic_v1,0,1,0,0,0,0,0,0
आख़िरी मौका — गेमिंग माउस पर 23:11 बाकी,false_urgency,false_urgency,hi,div,banner,[TAG=div] [ROLE=banner] आख़िरी मौका — गेमिंग माउस पर 23:11 बाकी,false_urgency:hi:05,synthetic_v1,0,1,0,0,0,0,0,0
"2 घण्टा भित्र अर्डर गर्नुहोस्, 4 दिनमा डेलिभरी",false_urgency,false_urgency,ne,p,promo,"[TAG=p] [ROLE=promo] 2 घण्टा भित्र अर्डर गर्नुहोस्, 4 दिनमा डेलिभरी",false_urgency:ne:16,synthetic_v1,0,1,0,0,0,0,0,0
Kinbech मा हेयर ड्रायर मा 50% छुट — 20 मिनेट बाँकी,false_urgency,false_urgency,ne,div,banner,[TAG=div] [ROLE=banner] Kinbech मा हेयर ड्रायर मा 50% छुट — 20 मिनेट बाँकी,false_urgency:ne:19,synthetic_v1,0,1,0,0,0,0,0,0
आज का सौदा 00:59 में खत्म,false_urgency,false_urgency,hi,div,banner,[TAG=div] [ROLE=banner] आज का सौदा 00:59 में खत्म,false_urgency:hi:02,synthetic_v1,0,1,0,0,0,0,0,0
Hurry! Offer on winter blanket expires in 19:20,false_urgency,false_urgency,en,span,timer,[TAG=span] [ROLE=timer] Hurry! Offer on winter blanket expires in 19:20,false_urgency:en:01,synthetic_v1,0,1,0,0,0,0,0,0
जल्दी करें! सर्दी का कंबल पर ऑफ़र 23:11 में समाप्त,false_urgency,false_urgency,hi,span,timer,[TAG=span] [ROLE=timer] जल्दी करें! सर्दी का कंबल पर ऑफ़र 23:11 में समाप्त,false_urgency:hi:01,synthetic_v1,0,1,0,0,0,0,0,0
अफर 14:59 मा सकिन्छ — 4 मात्र बाँकी!,false_urgency|scarcity,false_urgency,ne,p,promo,[TAG=p] [ROLE=promo] अफर 14:59 मा सकिन्छ — 4 मात्र बाँकी!,false_urgency:ne:14,synthetic_v1,0,1,0,0,1,0,0,0
Snapdeal sale on trekking jacket ends in 02:14,false_urgency,false_urgency,en,div,banner,[TAG=div] [ROLE=banner] Snapdeal sale on trekking jacket ends in 02:14,false_urgency:en:17,synthetic_v1,0,1,0,0,0,0,0,0
छिटो गर्नुहोस्! स्टडी लाइट को अफर 3 मिनेट मा सकिँदै,false_urgency,false_urgency,ne,p,promo,[TAG=p] [ROLE=promo] छिटो गर्नुहोस्! स्टडी लाइट को अफर 3 मिनेट मा सकिँदै,false_urgency:ne:01,synthetic_v1,0,1,0,0,0,0,0,0
30% off water bottle at Amazon — 09:45 left,false_urgency,false_urgency,en,span,timer,[TAG=span] [ROLE=timer] 30% off water bottle at Amazon — 09:45 left,false_urgency:en:19,synthetic_v1,0,1,0,0,0,0,0,0
यो मूल्य तपाईंका लागि 15 मिनेट सम्म सुरक्षित,false_urgency,false_urgency,ne,p,promo,[TAG=p] [ROLE=promo] यो मूल्य तपाईंका लागि 15 मिनेट सम्म सुरक्षित,false_urgency:ne:12,synthetic_v1,0,1,0,0,0,0,0,0
JioMart पर पानी की बोतल की सेल 2 घंटे में खत्म,false_urgency,false_urgency,hi,p,promo,[TAG=p] [ROLE=promo] JioMart पर पानी की बोतल की सेल 2 घंटे में खत्म,false_urgency:hi:17,synthetic_v1,0,1,0,0,0,0,0,0
Today only! 40% off power bank,false_urgency,false_urgency,en,p,promo,[TAG=p] [ROLE=promo] Today only! 40% off power bank,false_urgency:en:10,synthetic_v1,0,1,0,0,0,0,0,0
80% छुट 48 घण्टा मा सकिन्छ,false_urgency,false_urgency,ne,span,timer,[TAG=span] [ROLE=timer] 80% छुट 48 घण्टा मा सकिन्छ,false_urgency:ne:15,synthetic_v1,0,1,0,0,0,0,0,0
काउंटडाउन: 1 घंटे में कीमत बढ़ेगी,false_urgency,false_urgency,hi,span,timer,[TAG=span] [ROLE=timer] काउंटडाउन: 1 घंटे में कीमत बढ़ेगी,false_urgency:hi:08,synthetic_v1,0,1,0,0,0,0,0,0
अफर 04:30 मा सकिन्छ — 4 मात्र बाँकी!,false_urgency|scarcity,false_urgency,ne,span,timer,[TAG=span] [ROLE=timer] अफर 04:30 मा सकिन्छ — 4 मात्र बाँकी!,false_urgency:ne:14,synthetic_v1,0,1,0,0,1,0,0,0
Croma पर नॉइज़ कैंसलिंग हेडफोन पर 80% छूट — 24 घंटे बाकी,false_urgency,false_urgency,hi,div,banner,[TAG=div] [ROLE=banner] Croma पर नॉइज़ कैंसलिंग हेडफोन पर 80% छूट — 24 घंटे बाकी,false_urgency:hi:19,synthetic_v1,0,1,0,0,0,0,0,0
तपाईंको कार्ट 18 घण्टा मा खाली हुनेछ,false_urgency,false_urgency,ne,div,banner,[TAG=div] [ROLE=banner] तपाईंको कार्ट 18 घण्टा मा खाली हुनेछ,false_urgency:ne:03,synthetic_v1,0,1,0,0,0,0,0,0
आज मात्र! योगा म्याट मा 30% छुट,false_urgency,false_urgency,ne,span,timer,[TAG=span] [ROLE=timer] आज मात्र! योगा म्याट मा 30% छुट,false_urgency:ne:10,synthetic_v1,0,1,0,0,0,0,0,0
स्मार्टवाच मा रु. 299 को मूल्य 1 मिनेट सम्म मात्र,false_urgency,false_urgency,ne,p,promo,[TAG=p] [ROLE=promo] स्मार्टवाच मा रु. 299 को मूल्य 1 मिनेट सम्म मात्र,false_urgency:ne:21,synthetic_v1,0,1,0,0,0,0,0,0
पुणे डिलीवरी के लिए 2 घंटे में कॉफी मेकर ऑर्डर करें,false_urgency,false_urgency,hi,div,banner,[TAG=div] [ROLE=banner] पुणे डिलीवरी के लिए 2 घंटे में कॉफी मेकर ऑर्डर करें,false_urgency:hi:18,synthetic_v1,0,1,0,0,0,0,0,0
"12:00 में ऑर्डर करें, 7 दिन में डिलीवरी",false_urgency,false_urgency,hi,div,banner,"[TAG=div] [ROLE=banner] 12:00 में ऑर्डर करें, 7 दिन में डिलीवरी",false_urgency:hi:16,synthetic_v1,0,1,0,0,0,0,0,0
Your cart will expire in 14:59,false_urgency,false_urgency,en,span,timer,[TAG=span] [ROLE=timer] Your cart will expire in 14:59,false_urgency:en:03,synthetic_v1,0,1,0,0,0,0,0,0
SastoDeal पर नॉइज़ कैंसलिंग हेडफोन की सेल 1 मिनट में खत्म,false_urgency,false_urgency,hi,div,banner,[TAG=div] [ROLE=banner] SastoDeal पर नॉइज़ कैंसलिंग हेडफोन की सेल 1 मिनट में खत्म,false_urgency:hi:17,synthetic_v1,0,1,0,0,0,0,0,0
Thulo मा हिउँदको ब्ल्याङ्केट मा 80% छुट — 19:20 बाँकी,false_urgency,false_urgency,ne,span,timer,[TAG=span] [ROLE=timer] Thulo मा हिउँदको ब्ल्याङ्केट मा 80% छुट — 19:20 बाँकी,false_urgency:ne:19,synthetic_v1,0,1,0,0,0,0,0,0
सेल 20 मिनट में खत्म!,false_urgency,false_urgency,hi,div,banner,[TAG=div] [ROLE=banner] सेल 20 मिनट में खत्म!,false_urgency:hi:00,synthetic_v1,0,1,0,0,0,0,0,0
Today only! 70% off phone case,false_urgency,false_urgency,en,span,timer,[TAG=span] [ROLE=timer] Today only! 70% off phone case,false_urgency:en:10,synthetic_v1,0,1,0,0,0,0,0,0
चंडीगढ़ डिलीवरी के लिए 1 मिनट में फेस वॉश ऑर्डर करें,false_urgency,false_urgency,hi,p,promo,[TAG=p] [ROLE=promo] चंडीगढ़ डिलीवरी के लिए 1 मिनट में फेस वॉश ऑर्डर करें,false_urgency:hi:18,synthetic_v1,0,1,0,0,0,0,0,0
यो डिलमा 2 घण्टा मात्र बाँकी,false_urgency,false_urgency,ne,p,promo,[TAG=p] [ROLE=promo] यो डिलमा 2 घण्टा मात्र बाँकी,false_urgency:ne:11,synthetic_v1,0,1,0,0,0,0,0,0
सुर्खेत डेलिभरीका लागि 19:20 भित्र गेमिङ माउस अर्डर गर्नुहोस्,false_urgency,false_urgency,ne,span,timer,[TAG=span] [ROLE=timer] सुर्खेत डेलिभरीका लागि 19:20 भित्र गेमिङ माउस अर्डर गर्नुहोस्,false_urgency:ne:18,synthetic_v1,0,1,0,0,0,0,0,0
Thulo sale on wireless earbuds ends in 6 hours,false_urgency,false_urgency,en,p,promo,[TAG=p] [ROLE=promo] Thulo sale on wireless earbuds ends in 6 hours,false_urgency:en:17,synthetic_v1,0,1,0,0,0,0,0,0
Prices go up in 24 hours,false_urgency,false_urgency,en,p,promo,[TAG=p] [ROLE=promo] Prices go up in 24 hours,false_urgency:en:04,synthetic_v1,0,1,0,0,0,0,0,0
आख़िरी मौका — फोन कवर पर 18 घंटे बाकी,false_urgency,false_urgency,hi,p,promo,[TAG=p] [ROLE=promo] आख़िरी मौका — फोन कवर पर 18 घंटे बाकी,false_urgency:hi:05,synthetic_v1,0,1,0,0,0,0,0,0
Only 30 minutes remaining on this deal,false_urgency,false_urgency,en,span,timer,[TAG=span] [ROLE=timer] Only 30 minutes remaining on this deal,false_urgency:en:11,synthetic_v1,0,1,0,0,0,0,0,0
यह दर पाने के लिए 00:59 में बुक करें,false_urgency,false_urgency,hi,div,banner,[TAG=div] [ROLE=banner] यह दर पाने के लिए 00:59 में बुक करें,false_urgency:hi:09,synthetic_v1,0,1,0,0,0,0,0,0
आपका कार्ट 00:59 में खाली हो जाएगा,false_urgency,false_urgency,hi,p,promo,[TAG=p] [ROLE=promo] आपका कार्ट 00:59 में खाली हो जाएगा,false_urgency:hi:03,synthetic_v1,0,1,0,0,0,0,0,0
Reserved for you for 2 hours,false_urgency,false_urgency,en,p,promo,[TAG=p] [ROLE=promo] Reserved for you for 2 hours,false_urgency:en:12,synthetic_v1,0,1,0,0,0,0,0,0
Last chance — 1 minute left on formal shirt,false_urgency,false_urgency,en,p,promo,[TAG=p] [ROLE=promo] Last chance — 1 minute left on formal shirt,false_urgency:en:05,synthetic_v1,0,1,0,0,0,0,0,0
Hurry! Offer on cotton kurta expires in 2 hours,false_urgency,false_urgency,en,p,promo,[TAG=p] [ROLE=promo] Hurry! Offer on cotton kurta expires in 2 hours,false_urgency:en:01,synthetic_v1,0,1,0,0,0,0,0,0
छिटो गर्नुहोस्! इन्डक्सन चुल्हो को अफर 45 मिनेट मा सकिँदै,false_urgency,false_urgency,ne,div,banner,[TAG=div] [ROLE=banner] छिटो गर्नुहोस्! इन्डक्सन चुल्हो को अफर 45 मिनेट मा सकिँदै,false_urgency:ne:01,synthetic_v1,0,1,0,0,0,0,0,0
एयर फ्रायर मा रु. 349 को मूल्य 23:11 सम्म मात्र,false_urgency,false_urgency,ne,div,banner,[TAG=div] [ROLE=banner] एयर फ्रायर मा रु. 349 को मूल्य 23:11 सम्म मात्र,false_urgency:ne:21,synthetic_v1,0,1,0,0,0,0,0,0
Today only! 40% off office chair,false_urgency,false_urgency,en,div,banner,[TAG=div] [ROLE=banner] Today only! 40% off office chair,false_urgency:en:10,synthetic_v1,0,1,0,0,0,0,0,0
पटना डिलीवरी के लिए 23:11 में इंडक्शन चूल्हा ऑर्डर करें,false_urgency,false_urgency,hi,div,banner,[TAG=div] [ROLE=banner] पटना डिलीवरी के लिए 23:11 में इंडक्शन चूल्हा ऑर्डर करें,false_urgency:hi:18,synthetic_v1,0,1,0,0,0,0,0,0
ऑफ़र 14:59 में खत्म — केवल 4 बचे!,false_urgency|scarcity,false_urgency,hi,span,timer,[TAG=span] [ROLE=timer] ऑफ़र 14:59 में खत्म — केवल 4 बचे!,false_urgency:hi:14,synthetic_v1,0,1,0,0,1,0,0,0
अन्तिम मौका — घामको चस्मा मा 18 घण्टा बाँकी,false_urgency,false_urgency,ne,span,timer,[TAG=span] [ROLE=timer] अन्तिम मौका — घामको चस्मा मा 18 घण्टा बाँकी,false_urgency:ne:05,synthetic_v1,0,1,0,0,0,0,0,0
Order hair dryer within 14:59 for delivery to Surat,false_urgency,false_urgency,en,p,promo,[TAG=p] [ROLE=promo] Order hair dryer within 14:59 for delivery to Surat,false_urgency:en:18,synthetic_v1,0,1,0,0,0,0,0,0
15% छूट 14:59 में समाप्त,false_urgency,false_urgency,hi,span,timer,[TAG=span] [ROLE=timer] 15% छूट 14:59 में समाप्त,false_urgency:hi:15,synthetic_v1,0,1,0,0,0,0,0,0
Today only! 15% off bluetooth speaker,false_urgency,false_urgency,en,span,timer,[TAG=span] [ROLE=timer] Today only! 15% off bluetooth speaker,false_urgency:en:10,synthetic_v1,0,1,0,0,0,0,0,0
मांग के कारण 2 घंटे बढ़ाया गया,false_urgency,false_urgency,hi,span,timer,[TAG=span] [ROLE=timer] मांग के कारण 2 घंटे बढ़ाया गया,false_urgency:hi:13,synthetic_v1,0,1,0,0,0,0,0,0
5% छूट 45 मिनट में समाप्त,false_urgency,false_urgency,hi,p,promo,[TAG=p] [ROLE=promo] 5% छूट 45 मिनट में समाप्त,false_urgency:hi:15,synthetic_v1,0,1,0,0,0,0,0,0
ऑफ़र 1 मिनट में खत्म — केवल 5 बचे!,false_urgency|scarcity,false_urgency,hi,div,banner,[TAG=div] [ROLE=banner] ऑफ़र 1 मिनट में खत्म — केवल 5 बचे!,false_urgency:hi:14,synthetic_v1,0,1,0,0,1,0,0,0
50% off expires in 24 hours,false_urgency,false_urgency,en,span,timer,[TAG=span] [ROLE=timer] 50% off expires in 24 hours,false_urgency:en:15,synthetic_v1,0,1,0,0,0,0,0,0
वायरलेस इयरबड्स रहेको तपाईंको Zepto कार्ट 23:11 मा सकिन्छ,false_urgency,false_urgency,ne,span,timer,[TAG=span] [ROLE=timer] वायरलेस इयरबड्स रहेको तपाईंको Zepto कार्ट 23:11 मा सकिन्छ,false_urgency:ne:20,synthetic_v1,0,1,0,0,0,0,0,0
Offer ends in 1 hour — only 12 left!,false_urgency|scarcity,false_urgency,en,span,timer,[TAG=span] [ROLE=timer] Offer ends in 1 hour — only 12 left!,false_urgency:en:14,synthetic_v1,0,1,0,0,1,0,0,0
यह कीमत आपके लिए 09:45 तक सुरक्षित,false_urgency,false_urgency,hi,p,promo,[TAG=p] [ROLE=promo] यह कीमत आपके लिए 09:45 तक सुरक्षित,false_urgency:hi:12,synthetic_v1,0,1,0,0,0,0,0,0
आजको डिल 18 घण्टा मा सकिन्छ,false_urgency,false_urgency,ne,p,promo,[TAG=p] [ROLE=promo] आजको डिल 18 घण्टा मा सकिन्छ,false_urgency:ne:02,synthetic_v1,0,1,0,0,0,0,0,0
कानपुर डिलीवरी के लिए 3 घंटे में ऑफिस चेयर ऑर्डर करें,false_urgency,false_urgency,hi,span,timer,[TAG=span] [ROLE=timer] कानपुर डिलीवरी के लिए 3 घंटे में ऑफिस चेयर ऑर्डर करें,false_urgency:hi:18,synthetic_v1,0,1,0,0,0,0,0,0
Only 1 hour remaining on this deal,false_urgency,false_urgency,en,div,banner,[TAG=div] [ROLE=banner] Only 1 hour remaining on this deal,false_urgency:en:11,synthetic_v1,0,1,0,0,0,0,0,0
"फ्ल्यास सेल 19:20 मा सकिँदै, नगुमाउनुहोस्",false_urgency,false_urgency,ne,p,promo,"[TAG=p] [ROLE=promo] फ्ल्यास सेल 19:20 मा सकिँदै, नगुमाउनुहोस्",false_urgency:ne:06,synthetic_v1,0,1,0,0,0,0,0,0
वायरलेस इयरबड्स रहेको तपाईंको Ajio कार्ट 09:45 मा सकिन्छ,false_urgency,false_urgency,ne,span,timer,[TAG=span] [ROLE=timer] वायरलेस इयरबड्स रहेको तपाईंको Ajio कार्ट 09:45 मा सकिन्छ,false_urgency:ne:20,synthetic_v1,0,1,0,0,0,0,0,0
Salesberry sale on yoga mat ends in 3 hours,false_urgency,false_urgency,en,span,timer,[TAG=span] [ROLE=timer] Salesberry sale on yoga mat ends in 3 hours,false_urgency:en:17,synthetic_v1,0,1,0,0,0,0,0,0
काउन्टडाउन: 04:30 मा मूल्य बढ्नेछ,false_urgency,false_urgency,ne,span,timer,[TAG=span] [ROLE=timer] काउन्टडाउन: 04:30 मा मूल्य बढ्नेछ,false_urgency:ne:08,synthetic_v1,0,1,0,0,0,0,0,0
सिर्फ़ आज! स्कूल बैग पर 70% छूट,false_urgency,false_urgency,hi,div,banner,[TAG=div] [ROLE=banner] सिर्फ़ आज! स्कूल बैग पर 70% छूट,false_urgency:hi:10,synthetic_v1,0,1,0,0,0,0,0,0
Only 18 hours remaining on this deal,false_urgency,false_urgency,en,div,banner,[TAG=div] [ROLE=banner] Only 18 hours remaining on this deal,false_urgency:en:11,synthetic_v1,0,1,0,0,0,0,0,0
25% off expires in 10 minutes,false_urgency,false_urgency,en,p,promo,[TAG=p] [ROLE=promo] 25% off expires in 10 minutes,false_urgency:en:15,synthetic_v1,0,1,0,0,0,0,0,0
ऑफ़र 1 मिनट में खत्म — केवल 2 बचे!,false_urgency|scarcity,false_urgency,hi,span,timer,[TAG=span] [ROLE=timer] ऑफ़र 1 मिनट में खत्म — केवल 2 बचे!,false_urgency:hi:14,synthetic_v1,0,1,0,0,1,0,0,0
"24 घण्टा भित्र अर्डर गर्नुहोस्, 14 दिनमा डेलिभरी",false_urgency,false_urgency,ne,span,timer,"[TAG=span] [ROLE=timer] 24 घण्टा भित्र अर्डर गर्नुहोस्, 14 दिनमा डेलिभरी",false_urgency:ne:16,synthetic_v1,0,1,0,0,0,0,0,0
10% छूट 5 मिनट में समाप्त,false_urgency,false_urgency,hi,span,timer,[TAG=span] [ROLE=timer] 10% छूट 5 मिनट में समाप्त,false_urgency:hi:15,synthetic_v1,0,1,0,0,0,0,0,0
ऑफ़र 7 मिनट में खत्म — केवल 8 बचे!,false_urgency|scarcity,false_urgency,hi,div,banner,[TAG=div] [ROLE=banner] ऑफ़र 7 मिनट में खत्म — केवल 8 बचे!,false_urgency:hi:14,synthetic_v1,0,1,0,0,1,0,0,0
ब्लुटुथ स्पिकर मा रु. 399 को मूल्य 2 घण्टा सम्म मात्र,false_urgency,false_urgency,ne,p,promo,[TAG=p] [ROLE=promo] ब्लुटुथ स्पिकर मा रु. 399 को मूल्य 2 घण्टा सम्म मात्र,false_urgency:ne:21,synthetic_v1,0,1,0,0,0,0,0,0
20% off backpack at SastoDeal — 1 hour left,false_urgency,false_urgency,en,div,banner,[TAG=div] [ROLE=banner] 20% off backpack at SastoDeal — 1 hour left,false_urgency:en:19,synthetic_v1,0,1,0,0,0,0,0,0
सेल 04:30 मा सकिन्छ!,false_urgency,false_urgency,ne,span,timer,[TAG=span] [ROLE=timer] सेल 04:30 मा सकिन्छ!,false_urgency:ne:00,synthetic_v1,0,1,0,0,0,0,0,0
BigBasket पर गेमिंग माउस पर 40% छूट — 09:45 बाकी,false_urgency,false_urgency,hi,div,banner,[TAG=div] [ROLE=banner] BigBasket पर गेमिंग माउस पर 40% छूट — 09:45 बाकी,false_urgency:hi:19,synthetic_v1,0,1,0,0,0,0,0,0
Lenskart पर कॉफी मेकर पर 80% छूट — 30 मिनट बाकी,false_urgency,false_urgency,hi,span,timer,[TAG=span] [ROLE=timer] Lenskart पर कॉफी मेकर पर 80% छूट — 30 मिनट बाकी,false_urgency:hi:19,synthetic_v1,0,1,0,0,0,0,0,0
Order laptop bag within 09:45 for delivery to Mumbai,false_urgency,false_urgency,en,span,timer,[TAG=span] [ROLE=timer] Order laptop bag within 09:45 for delivery to Mumbai,false_urgency:en:18,synthetic_v1,0,1,0,0,0,0,0,0
Order noise cancelling headphones within 23:11 for delivery to Lalitpur,false_urgency,false_urgency,en,p,promo,[TAG=p] [ROLE=promo] Order noise cancelling headphones within 23:11 for delivery to Lalitpur,false_urgency:en:18,synthetic_v1,0,1,0,0,0,0,0,0
यह कीमत आपके लिए 1 घंटे तक सुरक्षित,false_urgency,false_urgency,hi,p,promo,[TAG=p] [ROLE=promo] यह कीमत आपके लिए 1 घंटे तक सुरक्षित,false_urgency:hi:12,synthetic_v1,0,1,0,0,0,0,0,0
गेमिङ माउस मा रु. 999 को मूल्य 3 घण्टा सम्म मात्र,false_urgency,false_urgency,ne,div,banner,[TAG=div] [ROLE=banner] गेमिङ माउस मा रु. 999 को मूल्य 3 घण्टा सम्म मात्र,false_urgency:ne:21,synthetic_v1,0,1,0,0,0,0,0,0
Book within 18 hours to lock this rate,false_urgency,false_urgency,en,span,timer,[TAG=span] [ROLE=timer] Book within 18 hours to lock this rate,false_urgency:en:09,synthetic_v1,0,1,0,0,0,0,0,0
मूल्य 00:59 मा बढ्नेछ,false_urgency,false_urgency,ne,div,banner,[TAG=div] [ROLE=banner] मूल्य 00:59 मा बढ्नेछ,false_urgency:ne:04,synthetic_v1,0,1,0,0,0,0,0,0
Muncha पर राइस कुकर की सेल 02:14 में खत्म,false_urgency,false_urgency,hi,span,timer,[TAG=span] [ROLE=timer] Muncha पर राइस कुकर की सेल 02:14 में खत्म,false_urgency:hi:17,synthetic_v1,0,1,0,0,0,0,0,0
OkDam मा डेनिम जिन्स को सेल 04:30 मा सकिन्छ,false_urgency,false_urgency,ne,p,promo,[TAG=p] [ROLE=promo] OkDam मा डेनिम जिन्स को सेल 04:30 मा सकिन्छ,false_urgency:ne:17,synthetic_v1,0,1,0,0,0,0,0,0
यो दर पाउन 30 मिनेट भित्र बुक गर्नुहोस्,false_urgency,false_urgency,ne,div,banner,[TAG=div] [ROLE=banner] यो दर पाउन 30 मिनेट भित्र बुक गर्नुहोस्,false_urgency:ne:09,synthetic_v1,0,1,0,0,0,0,0,0
आपका कार्ट 6 घंटे में खाली हो जाएगा,false_urgency,false_urgency,hi,div,banner,[TAG=div] [ROLE=banner] आपका कार्ट 6 घंटे में खाली हो जाएगा,false_urgency:hi:03,synthetic_v1,0,1,0,0,0,0,0,0
यह दर पाने के लिए 6 घंटे में बुक करें,false_urgency,false_urgency,hi,p,promo,[TAG=p] [ROLE=promo] यह दर पाने के लिए 6 घंटे में बुक करें,false_urgency:hi:09,synthetic_v1,0,1,0,0,0,0,0,0
मागका कारण 24 घण्टा थपियो,false_urgency,false_urgency,ne,span,timer,[TAG=span] [ROLE=timer] मागका कारण 24 घण्टा थपियो,false_urgency:ne:13,synthetic_v1,0,1,0,0,0,0,0,0
Lenskart मा फेस वास को सेल 3 मिनेट मा सकिन्छ,false_urgency,false_urgency,ne,div,banner,[TAG=div] [ROLE=banner] Lenskart मा फेस वास को सेल 3 मिनेट मा सकिन्छ,false_urgency:ne:17,synthetic_v1,0,1,0,0,0,0,0,0
तपाईंको कार्ट 12 घण्टा मा खाली हुनेछ,false_urgency,false_urgency,ne,p,promo,[TAG=p] [ROLE=promo] तपाईंको कार्ट 12 घण्टा मा खाली हुनेछ,false_urgency:ne:03,synthetic_v1,0,1,0,0,0,0,0,0
फेस वॉश वाला आपका Kinbech कार्ट 18 घंटे में खत्म,false_urgency,false_urgency,hi,span,timer,[TAG=span] [ROLE=timer] फेस वॉश वाला आपका Kinbech कार्ट 18 घंटे में खत्म,false_urgency:hi:20,synthetic_v1,0,1,0,0,0,0,0,0
Reserved for you for 12:00,false_urgency,false_urgency,en,span,timer,[TAG=span] [ROLE=timer] Reserved for you for 12:00,false_urgency:en:12,synthetic_v1,0,1,0,0,0,0,0,0
Your FirstCry cart with office chair expires in 7 minutes,false_urgency,false_urgency,en,span,timer,[TAG=span] [ROLE=timer] Your FirstCry cart with office chair expires in 7 minutes,false_urgency:en:20,synthetic_v1,0,1,0,0,0,0,0,0
धरान डेलिभरीका लागि 30 मिनेट भित्र नोइज क्यान्सलिङ हेडफोन अर्डर गर्नुहोस्,false_urgency,false_urgency,ne,p,promo,[TAG=p] [ROLE=promo] धरान डेलिभरीका लागि 30 मिनेट भित्र नोइज क्यान्सलिङ हेडफोन अर्डर गर्नुहोस्,false_urgency:ne:18,synthetic_v1,0,1,0,0,0,0,0,0
Blinkit पर बैकपैक पर 80% छूट — 09:45 बाकी,false_urgency,false_urgency,hi,span,timer,[TAG=span] [ROLE=timer] Blinkit पर बैकपैक पर 80% छूट — 09:45 बाकी,false_urgency:hi:19,synthetic_v1,0,1,0,0,0,0,0,0
Rs. 899 price on running shoes valid for 23:11 only,false_urgency,false_urgency,en,p,promo,[TAG=p] [ROLE=promo] Rs. 899 price on running shoes valid for 23:11 only,false_urgency:en:21,synthetic_v1,0,1,0,0,0,0,0,0
स्कूल बैग वाला आपका Flipkart कार्ट 12 घंटे में खत्म,false_urgency,false_urgency,hi,div,banner,[TAG=div] [ROLE=banner] स्कूल बैग वाला आपका Flipkart कार्ट 12 घंटे में खत्म,false_urgency:hi:20,synthetic_v1,0,1,0,0,0,0,0,0
Rs. 599 price on sports sandals valid for 45 minutes only,false_urgency,false_urgency,en,span,timer,[TAG=span] [ROLE=timer] Rs. 599 price on sports sandals valid for 45 minutes only,false_urgency:en:21,synthetic_v1,0,1,0,0,0,0,0,0
70% छुट 18 घण्टा मा सकिन्छ,false_urgency,false_urgency,ne,span,timer,[TAG=span] [ROLE=timer] 70% छुट 18 घण्टा मा सकिन्छ,false_urgency:ne:15,synthetic_v1,0,1,0,0,0,0,0,0
सिर्फ़ आज! ऑफिस चेयर पर 60% छूट,false_urgency,false_urgency,hi,span,timer,[TAG=span] [ROLE=timer] सिर्फ़ आज! ऑफिस चेयर पर 60% छूट,false_urgency:hi:10,synthetic_v1,0,1,0,0,0,0,0,0
Offer ends in 15 minutes — only 8 left!,false_urgency|scarcity,false_urgency,en,div,banner,[TAG=div] [ROLE=banner] Offer ends in 15 minutes — only 8 left!,false_urgency:en:14,synthetic_v1,0,1,0,0,1,0,0,0
Today only! 80% off coffee maker,false_urgency,false_urgency,en,div,banner,[TAG=div] [ROLE=banner] Today only! 80% off coffee maker,false_urgency:en:10,synthetic_v1,0,1,0,0,0,0,0,0
Your cart will expire in 09:45,false_urgency,false_urgency,en,span,timer,[TAG=span] [ROLE=timer] Your cart will expire in 09:45,false_urgency:en:03,synthetic_v1,0,1,0,0,0,0,0,0
Last chance — 10 minutes left on bluetooth speaker,false_urgency,false_urgency,en,span,timer,[TAG=span] [ROLE=timer] Last chance — 10 minutes left on bluetooth speaker,false_urgency:en:05,synthetic_v1,0,1,0,0,0,0,0,0
ऑफ़र 1 मिनट में खत्म — केवल 9 बचे!,false_urgency|scarcity,false_urgency,hi,p,promo,[TAG=p] [ROLE=promo] ऑफ़र 1 मिनट में खत्म — केवल 9 बचे!,false_urgency:hi:14,synthetic_v1,0,1,0,0,1,0,0,0
आज मात्र! अफिस कुर्सी मा 20% छुट,false_urgency,false_urgency,ne,div,banner,[TAG=div] [ROLE=banner] आज मात्र! अफिस कुर्सी मा 20% छुट,false_urgency:ne:10,synthetic_v1,0,1,0,0,0,0,0,0
Hurry! Offer on sunglasses expires in 15 minutes,false_urgency,false_urgency,en,div,banner,[TAG=div] [ROLE=banner] Hurry! Offer on sunglasses expires in 15 minutes,false_urgency:en:01,synthetic_v1,0,1,0,0,0,0,0,0
5% off expires in 18 hours,false_urgency,false_urgency,en,p,promo,[TAG=p] [ROLE=promo] 5% off expires in 18 hours,false_urgency:en:15,synthetic_v1,0,1,0,0,0,0,0,0
स्टडी लाइट मा रु. 449 को मूल्य 5 मिनेट सम्म मात्र,false_urgency,false_urgency,ne,div,banner,[TAG=div] [ROLE=banner] स्टडी लाइट मा रु. 449 को मूल्य 5 मिनेट सम्म मात्र,false_urgency:ne:21,synthetic_v1,0,1,0,0,0,0,0,0
"04:30 भित्र अर्डर गर्नुहोस्, 3 दिनमा डेलिभरी",false_urgency,false_urgency,ne,span,timer,"[TAG=span] [ROLE=timer] 04:30 भित्र अर्डर गर्नुहोस्, 3 दिनमा डेलिभरी",false_urgency:ne:16,synthetic_v1,0,1,0,0,0,0,0,0
यो दर पाउन 20 मिनेट भित्र बुक गर्नुहोस्,false_urgency,false_urgency,ne,div,banner,[TAG=div] [ROLE=banner] यो दर पाउन 20 मिनेट भित्र बुक गर्नुहोस्,false_urgency:ne:09,synthetic_v1,0,1,0,0,0,0,0,0
तपाईंको कार्ट 15 मिनेट मा खाली हुनेछ,false_urgency,false_urgency,ne,span,timer,[TAG=span] [ROLE=timer] तपाईंको कार्ट 15 मिनेट मा खाली हुनेछ,false_urgency:ne:03,synthetic_v1,0,1,0,0,0,0,0,0
आख़िरी मौका — स्टडी लैंप पर 19:20 बाकी,false_urgency,false_urgency,hi,span,timer,[TAG=span] [ROLE=timer] आख़िरी मौका — स्टडी लैंप पर 19:20 बाकी,false_urgency:hi:05,synthetic_v1,0,1,0,0,0,0,0,0
काउंटडाउन: 3 मिनट में कीमत बढ़ेगी,false_urgency,false_urgency,hi,span,timer,[TAG=span] [ROLE=timer] काउंटडाउन: 3 मिनट में कीमत बढ़ेगी,false_urgency:hi:08,synthetic_v1,0,1,0,0,0,0,0,0
Last chance — 6 hours left on protein powder,false_urgency,false_urgency,en,span,timer,[TAG=span] [ROLE=timer] Last chance — 6 hours left on protein powder,false_urgency:en:05,synthetic_v1,0,1,0,0,0,0,0,0
यह कीमत आपके लिए 30 मिनट तक सुरक्षित,false_urgency,false_urgency,hi,p,promo,[TAG=p] [ROLE=promo] यह कीमत आपके लिए 30 मिनट तक सुरक्षित,false_urgency:hi:12,synthetic_v1,0,1,0,0,0,0,0,0
सिर्फ़ आज! राइस कुकर पर 80% छूट,false_urgency,false_urgency,hi,span,timer,[TAG=span] [ROLE=timer] सिर्फ़ आज! राइस कुकर पर 80% छूट,false_urgency:hi:10,synthetic_v1,0,1,0,0,0,0,0,0
Croma sale on bluetooth speaker ends in 12 hours,false_urgency,false_urgency,en,span,timer,[TAG=span] [ROLE=timer] Croma sale on bluetooth speaker ends in 12 hours,false_urgency:en:17,synthetic_v1,0,1,0,0,0,0,0,0
10% off expires in 3 minutes,false_urgency,false_urgency,en,p,promo,[TAG=p] [ROLE=promo] 10% off expires in 3 minutes,false_urgency:en:15,synthetic_v1,0,1,0,0,0,0,0,0
"1 घण्टा भित्र अर्डर गर्नुहोस्, 3 दिनमा डेलिभरी",false_urgency,false_urgency,ne,p,promo,"[TAG=p] [ROLE=promo] 1 घण्टा भित्र अर्डर गर्नुहोस्, 3 दिनमा डेलिभरी",false_urgency:ne:16,synthetic_v1,0,1,0,0,0,0,0,0
20% off expires in 12:00,false_urgency,false_urgency,en,div,banner,[TAG=div] [ROLE=banner] 20% off expires in 12:00,false_urgency:en:15,synthetic_v1,0,1,0,0,0,0,0,0
BigBasket मा फोन कभर मा 25% छुट — 14:59 बाँकी,false_urgency,false_urgency,ne,div,banner,[TAG=div] [ROLE=banner] BigBasket मा फोन कभर मा 25% छुट — 14:59 बाँकी,false_urgency:ne:19,synthetic_v1,0,1,0,0,0,0,0,0
Rs. 999 price on phone case valid for 1 hour only,false_urgency,false_urgency,en,span,timer,[TAG=span] [ROLE=timer] Rs. 999 price on phone case valid for 1 hour only,false_urgency:en:21,synthetic_v1,0,1,0,0,0,0,0,0
HamroBazar पर स्टडी लैंप पर 35% छूट — 48 घंटे बाकी,false_urgency,false_urgency,hi,p,promo,[TAG=p] [ROLE=promo] HamroBazar पर स्टडी लैंप पर 35% छूट — 48 घंटे बाकी,false_urgency:hi:19,synthetic_v1,0,1,0,0,0,0,0,0
Offer ends in 3 hours — only 10 left!,false_urgency|scarcity,false_urgency,en,div,banner,[TAG=div] [ROLE=banner] Offer ends in 3 hours — only 10 left!,false_urgency:en:14,synthetic_v1,0,1,0,0,1,0,0,0
70% छुट 7 मिनेट मा सकिन्छ,false_urgency,false_urgency,ne,div,banner,[TAG=div] [ROLE=banner] 70% छुट 7 मिनेट मा सकिन्छ,false_urgency:ne:15,synthetic_v1,0,1,0,0,0,0,0,0
Today only! 20% off wireless earbuds,false_urgency,false_urgency,en,div,banner,[TAG=div] [ROLE=banner] Today only! 20% off wireless earbuds,false_urgency:en:10,synthetic_v1,0,1,0,0,0,0,0,0
ऑफ़र 23:11 में खत्म — केवल 6 बचे!,false_urgency|scarcity,false_urgency,hi,span,timer,[TAG=span] [ROLE=timer] ऑफ़र 23:11 में खत्म — केवल 6 बचे!,false_urgency:hi:14,synthetic_v1,0,1,0,0,1,0,0,0
जल्दी करें! योगा मैट पर ऑफ़र 10 मिनट में समाप्त,false_urgency,false_urgency,hi,p,promo,[TAG=p] [ROLE=promo] जल्दी करें! योगा मैट पर ऑफ़र 10 मिनट में समाप्त,false_urgency:hi:01,synthetic_v1,0,1,0,0,0,0,0,0
आज मात्र! स्मार्टवाच मा 60% छुट,false_urgency,false_urgency,ne,span,timer,[TAG=span] [ROLE=timer] आज मात्र! स्मार्टवाच मा 60% छुट,false_urgency:ne:10,synthetic_v1,0,1,0,0,0,0,0,0
योगा मैट वाला आपका Tata Cliq कार्ट 1 घंटे में खत्म,false_urgency,false_urgency,hi,span,timer,[TAG=span] [ROLE=timer] योगा मैट वाला आपका Tata Cliq कार्ट 1 घंटे में खत्म,false_urgency:hi:20,synthetic_v1,0,1,0,0,0,0,0,0
"15 मिनट में ऑर्डर करें, 2 दिन में डिलीवरी",false_urgency,false_urgency,hi,div,banner,"[TAG=div] [ROLE=banner] 15 मिनट में ऑर्डर करें, 2 दिन में डिलीवरी",false_urgency:hi:16,synthetic_v1,0,1,0,0,0,0,0,0
"1 घंटे में ऑर्डर करें, 7 दिन में डिलीवरी",false_urgency,false_urgency,hi,span,timer,"[TAG=span] [ROLE=timer] 1 घंटे में ऑर्डर करें, 7 दिन में डिलीवरी",false_urgency:hi:16,synthetic_v1,0,1,0,0,0,0,0,0
"Flash sale ending in 10 minutes, don't miss out",false_urgency,false_urgency,en,div,banner,"[TAG=div] [ROLE=banner] Flash sale ending in 10 minutes, don't miss out",false_urgency:en:06,synthetic_v1,0,1,0,0,0,0,0,0
सिर्फ़ आज! स्कूल बैग पर 30% छूट,false_urgency,false_urgency,hi,span,timer,[TAG=span] [ROLE=timer] सिर्फ़ आज! स्कूल बैग पर 30% छूट,false_urgency:hi:10,synthetic_v1,0,1,0,0,0,0,0,0
बाँके डेलिभरीका लागि 1 मिनेट भित्र ट्रेकिङ ज्याकेट अर्डर गर्नुहोस्,false_urgency,false_urgency,ne,div,banner,[TAG=div] [ROLE=banner] बाँके डेलिभरीका लागि 1 मिनेट भित्र ट्रेकिङ ज्याकेट अर्डर गर्नुहोस्,false_urgency:ne:18,synthetic_v1,0,1,0,0,0,0,0,0
Offer ends in 09:45 — only 9 left!,false_urgency|scarcity,false_urgency,en,p,promo,[TAG=p] [ROLE=promo] Offer ends in 09:45 — only 9 left!,false_urgency:en:14,synthetic_v1,0,1,0,0,1,0,0,0
Your cart will expire in 20 minutes,false_urgency,false_urgency,en,div,banner,[TAG=div] [ROLE=banner] Your cart will expire in 20 minutes,false_urgency:en:03,synthetic_v1,0,1,0,0,0,0,0,0
Pepperfry sale on gaming mouse ends in 20 minutes,false_urgency,false_urgency,en,span,timer,[TAG=span] [ROLE=timer] Pepperfry sale on gaming mouse ends in 20 minutes,false_urgency:en:17,synthetic_v1,0,1,0,0,0,0,0,0
स्मार्टवॉच पर रु. 149 की कीमत 04:30 तक ही,false_urgency,false_urgency,hi,p,promo,[TAG=p] [ROLE=promo] स्मार्टवॉच पर रु. 149 की कीमत 04:30 तक ही,false_urgency:hi:21,synthetic_v1,0,1,0,0,0,0,0,0
आख़िरी मौका — बैकपैक पर 7 मिनट बाकी,false_urgency,false_urgency,hi,span,timer,[TAG=span] [ROLE=timer] आख़िरी मौका — बैकपैक पर 7 मिनट बाकी,false_urgency:hi:05,synthetic_v1,0,1,0,0,0,0,0,0
हैदराबाद डिलीवरी के लिए 20 मिनट में बैकपैक ऑर्डर करें,false_urgency,false_urgency,hi,p,promo,[TAG=p] [ROLE=promo] हैदराबाद डिलीवरी के लिए 20 मिनट में बैकपैक ऑर्डर करें,false_urgency:hi:18,synthetic_v1,0,1,0,0,0,0,0,0
Prices go up in 18 hours,false_urgency,false_urgency,en,div,banner,[TAG=div] [ROLE=banner] Prices go up in 18 hours,false_urgency:en:04,synthetic_v1,0,1,0,0,0,0,0,0
जल्दी करें! स्टडी लैंप पर ऑफ़र 10 मिनट में समाप्त,false_urgency,false_urgency,hi,p,promo,[TAG=p] [ROLE=promo] जल्दी करें! स्टडी लैंप पर ऑफ़र 10 मिनट में समाप्त,false_urgency:hi:01,synthetic_v1,0,1,0,0,0,0,0,0
इंदौर डिलीवरी के लिए 48 घंटे में गेमिंग माउस ऑर्डर करें,false_urgency,false_urgency,hi,p,promo,[TAG=p] [ROLE=promo] इंदौर डिलीवरी के लिए 48 घंटे में गेमिंग माउस ऑर्डर करें,false_urgency:hi:18,synthetic_v1,0,1,0,0,0,0,0,0
छिटो गर्नुहोस्! पावर ब्यांक को अफर 1 मिनेट मा सकिँदै,false_urgency,false_urgency,ne,p,promo,[TAG=p] [ROLE=promo] छिटो गर्नुहोस्! पावर ब्यांक को अफर 1 मिनेट मा सकिँदै,false_urgency:ne:01,synthetic_v1,0,1,0,0,0,0,0,0
दाम 1 मिनट में बढ़ जाएंगे,false_urgency,false_urgency,hi,p,promo,[TAG=p] [ROLE=promo] दाम 1 मिनट में बढ़ जाएंगे,false_urgency:hi:04,synthetic_v1,0,1,0,0,0,0,0,0
80% off expires in 7 minutes,false_urgency,false_urgency,en,div,banner,[TAG=div] [ROLE=banner] 80% off expires in 7 minutes,false_urgency:en:15,synthetic_v1,0,1,0,0,0,0,0,0
Tata Cliq sale on face wash ends in 6 hours,false_urgency,false_urgency,en,div,banner,[TAG=div] [ROLE=banner] Tata Cliq sale on face wash ends in 6 hours,false_urgency:en:17,synthetic_v1,0,1,0,0,0,0,0,0
80% छूट 20 मिनट में समाप्त,false_urgency,false_urgency,hi,div,banner,[TAG=div] [ROLE=banner] 80% छूट 20 मिनट में समाप्त,false_urgency:hi:15,synthetic_v1,0,1,0,0,0,0,0,0
Your Reliance Digital cart with induction cooktop expires in 09:45,false_urgency,false_urgency,en,span,timer,[TAG=span] [ROLE=timer] Your Reliance Digital cart with induction cooktop expires in 09:45,false_urgency:en:20,synthetic_v1,0,1,0,0,0,0,0,0
लखनऊ डिलीवरी के लिए 09:45 में स्कूल बैग ऑर्डर करें,false_urgency,false_urgency,hi,div,banner,[TAG=div] [ROLE=banner] लखनऊ डिलीवरी के लिए 09:45 में स्कूल बैग ऑर्डर करें,false_urgency:hi:18,synthetic_v1,0,1,0,0,0,0,0,0
"फ्लैश सेल 1 घंटे में खत्म, चूकें नहीं",false_urgency,false_urgency,hi,div,banner,"[TAG=div] [ROLE=banner] फ्लैश सेल 1 घंटे में खत्म, चूकें नहीं",false_urgency:hi:06,synthetic_v1,0,1,0,0,0,0,0,0
दाम 14:59 में बढ़ जाएंगे,false_urgency,false_urgency,hi,p,promo,[TAG=p] [ROLE=promo] दाम 14:59 में बढ़ जाएंगे,false_urgency:hi:04,synthetic_v1,0,1,0,0,0,0,0,0
यो मूल्य तपाईंका लागि 48 घण्टा सम्म सुरक्षित,false_urgency,false_urgency,ne,div,banner,[TAG=div] [ROLE=banner] यो मूल्य तपाईंका लागि 48 घण्टा सम्म सुरक्षित,false_urgency:ne:12,synthetic_v1,0,1,0,0,0,0,0,0
"Flash sale ending in 09:45, don't miss out",false_urgency,false_urgency,en,span,timer,"[TAG=span] [ROLE=timer] Flash sale ending in 09:45, don't miss out",false_urgency:en:06,synthetic_v1,0,1,0,0,0,0,0,0
इटहरी डेलिभरीका लागि 12 घण्टा भित्र हेयर ड्रायर अर्डर गर्नुहोस्,false_urgency,false_urgency,ne,span,timer,[TAG=span] [ROLE=timer] इटहरी डेलिभरीका लागि 12 घण्टा भित्र हेयर ड्रायर अर्डर गर्नुहोस्,false_urgency:ne:18,synthetic_v1,0,1,0,0,0,0,0,0
तपाईंको कार्ट 5 मिनेट मा खाली हुनेछ,false_urgency,false_urgency,ne,span,timer,[TAG=span] [ROLE=timer] तपाईंको कार्ट 5 मिनेट मा खाली हुनेछ,false_urgency:ne:03,synthetic_v1,0,1,0,0,0,0,0,0
ऑफ़र 3 मिनट में खत्म — केवल 10 बचे!,false_urgency|scarcity,false_urgency,hi,div,banner,[TAG=div] [ROLE=banner] ऑफ़र 3 मिनट में खत्म — केवल 10 बचे!,false_urgency:hi:14,synthetic_v1,0,1,0,0,1,0,0,0
Today only! 30% off cotton kurta,false_urgency,false_urgency,en,span,timer,[TAG=span] [ROLE=timer] Today only! 30% off cotton kurta,false_urgency:en:10,synthetic_v1,0,1,0,0,0,0,0,0
"15 मिनेट भित्र अर्डर गर्नुहोस्, 10 दिनमा डेलिभरी",false_urgency,false_urgency,ne,span,timer,"[TAG=span] [ROLE=timer] 15 मिनेट भित्र अर्डर गर्नुहोस्, 10 दिनमा डेलिभरी",false_urgency:ne:16,synthetic_v1,0,1,0,0,0,0,0,0
Your Blinkit cart with phone case expires in 04:30,false_urgency,false_urgency,en,p,promo,[TAG=p] [ROLE=promo] Your Blinkit cart with phone case expires in 04:30,false_urgency:en:20,synthetic_v1,0,1,0,0,0,0,0,0
जल्दी करें! फोन कवर पर ऑफ़र 10 मिनट में समाप्त,false_urgency,false_urgency,hi,div,banner,[TAG=div] [ROLE=banner] जल्दी करें! फोन कवर पर ऑफ़र 10 मिनट में समाप्त,false_urgency:hi:01,synthetic_v1,0,1,0,0,0,0,0,0
Order in 45 minutes to get delivery in 10 days,false_urgency,false_urgency,en,div,banner,[TAG=div] [ROLE=banner] Order in 45 minutes to get delivery in 10 days,false_urgency:en:16,synthetic_v1,0,1,0,0,0,0,0,0
जल्दी करें! योगा मैट पर ऑफ़र 5 मिनट में समाप्त,false_urgency,false_urgency,hi,p,promo,[TAG=p] [ROLE=promo] जल्दी करें! योगा मैट पर ऑफ़र 5 मिनट में समाप्त,false_urgency:hi:01,synthetic_v1,0,1,0,0,0,0,0,0
Your Kinbech cart with trekking jacket expires in 12:00,false_urgency,false_urgency,en,p,promo,[TAG=p] [ROLE=promo] Your Kinbech cart with trekking jacket expires in 12:00,false_urgency:en:20,synthetic_v1,0,1,0,0,0,0,0,0
Kinbech मा ब्याकप्याक मा 60% छुट — 2 घण्टा बाँकी,false_urgency,false_urgency,ne,span,timer,[TAG=span] [ROLE=timer] Kinbech मा ब्याकप्याक मा 60% छुट — 2 घण्टा बाँकी,false_urgency:ne:19,synthetic_v1,0,1,0,0,0,0,0,0
"3 घंटे में ऑर्डर करें, 2 दिन में डिलीवरी",false_urgency,false_urgency,hi,div,banner,"[TAG=div] [ROLE=banner] 3 घंटे में ऑर्डर करें, 2 दिन में डिलीवरी",false_urgency:hi:16,synthetic_v1,0,1,0,0,0,0,0,0
80% off expires in 1 minute,false_urgency,false_urgency,en,div,banner,[TAG=div] [ROLE=banner] 80% off expires in 1 minute,false_urgency:en:15,synthetic_v1,0,1,0,0,0,0,0,0
Hurry! Offer on bluetooth speaker expires in 3 hours,false_urgency,false_urgency,en,p,promo,[TAG=p] [ROLE=promo] Hurry! Offer on bluetooth speaker expires in 3 hours,false_urgency:en:01,synthetic_v1,0,1,0,0,0,0,0,0
वाराणसी डिलीवरी के लिए 2 घंटे में वायरलेस ईयरबड्स ऑर्डर करें,false_urgency,false_urgency,hi,span,timer,[TAG=span] [ROLE=timer] वाराणसी डिलीवरी के लिए 2 घंटे में वायरलेस ईयरबड्स ऑर्डर करें,false_urgency:hi:18,synthetic_v1,0,1,0,0,0,0,0,0
नासिक डिलीवरी के लिए 20 मिनट में बैकपैक ऑर्डर करें,false_urgency,false_urgency,hi,span,timer,[TAG=span] [ROLE=timer] नासिक डिलीवरी के लिए 20 मिनट में बैकपैक ऑर्डर करें,false_urgency:hi:18,synthetic_v1,0,1,0,0,0,0,0,0
Croma मा फर्मल सर्ट को सेल 2 घण्टा मा सकिन्छ,false_urgency,false_urgency,ne,span,timer,[TAG=span] [ROLE=timer] Croma मा फर्मल सर्ट को सेल 2 घण्टा मा सकिन्छ,false_urgency:ne:17,synthetic_v1,0,1,0,0,0,0,0,0
"Flash sale ending in 19:20, don't miss out",false_urgency,false_urgency,en,span,timer,"[TAG=span] [ROLE=timer] Flash sale ending in 19:20, don't miss out",false_urgency:en:06,synthetic_v1,0,1,0,0,0,0,0,0
60% off expires in 10 minutes,false_urgency,false_urgency,en,p,promo,[TAG=p] [ROLE=promo] 60% off expires in 10 minutes,false_urgency:en:15,synthetic_v1,0,1,0,0,0,0,0,0
पावर ब्यांक मा रु. 99 को मूल्य 10 मिनेट सम्म मात्र,false_urgency,false_urgency,ne,span,timer,[TAG=span] [ROLE=timer] पावर ब्यांक मा रु. 99 को मूल्य 10 मिनेट सम्म मात्र,false_urgency:ne:21,synthetic_v1,0,1,0,0,0,0,0,0
Prices go up in 09:45,false_urgency,false_urgency,en,div,banner,[TAG=div] [ROLE=banner] Prices go up in 09:45,false_urgency:en:04,synthetic_v1,0,1,0,0,0,0,0,0
Offer valid for the next 12 minutes only,false_urgency,false_urgency,en,p,promo,[TAG=p] [ROLE=promo] Offer valid for the next 12 minutes only,false_urgency:en:07,synthetic_v1,0,1,0,0,0,0,0,0
इंडक्शन चूल्हा पर रु. 399 की कीमत 04:30 तक ही,false_urgency,false_urgency,hi,div,banner,[TAG=div] [ROLE=banner] इंडक्शन चूल्हा पर रु. 399 की कीमत 04:30 तक ही,false_urgency:hi:21,synthetic_v1,0,1,0,0,0,0,0,0
काउंटडाउन: 18 घंटे में कीमत बढ़ेगी,false_urgency,false_urgency,hi,p,promo,[TAG=p] [ROLE=promo] काउंटडाउन: 18 घंटे में कीमत बढ़ेगी,false_urgency:hi:08,synthetic_v1,0,1,0,0,0,0,0,0
सिर्फ़ आज! स्मार्टवॉच पर 70% छूट,false_urgency,false_urgency,hi,div,banner,[TAG=div] [ROLE=banner] सिर्फ़ आज! स्मार्टवॉच पर 70% छूट,false_urgency:hi:10,synthetic_v1,0,1,0,0,0,0,0,0
हेयर ड्रायर रहेको तपाईंको Tata Cliq कार्ट 18 घण्टा मा सकिन्छ,false_urgency,false_urgency,ne,span,timer,[TAG=span] [ROLE=timer] हेयर ड्रायर रहेको तपाईंको Tata Cliq कार्ट 18 घण्टा मा सकिन्छ,false_urgency:ne:20,synthetic_v1,0,1,0,0,0,0,0,0
Hurry! Offer on phone case expires in 24 hours,false_urgency,false_urgency,en,p,promo,[TAG=p] [ROLE=promo] Hurry! Offer on phone case expires in 24 hours,false_urgency:en:01,synthetic_v1,0,1,0,0,0,0,0,0
"Rs. 1,499 price on wireless earbuds valid for 48 hours only",false_urgency,false_urgency,en,p,promo,"[TAG=p] [ROLE=promo] Rs. 1,499 price on wireless earbuds valid for 48 hours only",false_urgency:en:21,synthetic_v1,0,1,0,0,0,0,0,0
Last chance — 3 minutes left on electric kettle,false_urgency,false_urgency,en,div,banner,[TAG=div] [ROLE=banner] Last chance — 3 minutes left on electric kettle,false_urgency:en:05,synthetic_v1,0,1,0,0,0,0,0,0
सिर्फ़ आज! स्पोर्ट्स सैंडल पर 80% छूट,false_urgency,false_urgency,hi,span,timer,[TAG=span] [ROLE=timer] सिर्फ़ आज! स्पोर्ट्स सैंडल पर 80% छूट,false_urgency:hi:10,synthetic_v1,0,1,0,0,0,0,0,0
"3 घण्टा भित्र अर्डर गर्नुहोस्, 10 दिनमा डेलिभरी",false_urgency,false_urgency,ne,div,banner,"[TAG=div] [ROLE=banner] 3 घण्टा भित्र अर्डर गर्नुहोस्, 10 दिनमा डेलिभरी",false_urgency:ne:16,synthetic_v1,0,1,0,0,0,0,0,0
"Flash sale ending in 23:11, don't miss out",false_urgency,false_urgency,en,span,timer,"[TAG=span] [ROLE=timer] Flash sale ending in 23:11, don't miss out",false_urgency:en:06,synthetic_v1,0,1,0,0,0,0,0,0
जल्दी करें! रनिंग शूज़ पर ऑफ़र 20 मिनट में समाप्त,false_urgency,false_urgency,hi,span,timer,[TAG=span] [ROLE=timer] जल्दी करें! रनिंग शूज़ पर ऑफ़र 20 मिनट में समाप्त,false_urgency:hi:01,synthetic_v1,0,1,0,0,0,0,0,0
काउन्टडाउन: 7 मिनेट मा मूल्य बढ्नेछ,false_urgency,false_urgency,ne,div,banner,[TAG=div] [ROLE=banner] काउन्टडाउन: 7 मिनेट मा मूल्य बढ्नेछ,false_urgency:ne:08,synthetic_v1,0,1,0,0,0,0,0,0
Reliance Digital पर धूप का चश्मा पर 35% छूट — 6 घंटे बाकी,false_urgency,false_urgency,hi,span,timer,[TAG=span] [ROLE=timer] Reliance Digital पर धूप का चश्मा पर 35% छूट — 6 घंटे बाकी,false_urgency:hi:19,synthetic_v1,0,1,0,0,0,0,0,0
अफर 15 मिनेट मा सकिन्छ — 2 मात्र बाँकी!,false_urgency|scarcity,false_urgency,ne,p,promo,[TAG=p] [ROLE=promo] अफर 15 मिनेट मा सकिन्छ — 2 मात्र बाँकी!,false_urgency:ne:14,synthetic_v1,0,1,0,0,1,0,0,0
Book within 20 minutes to lock this rate,false_urgency,false_urgency,en,span,timer,[TAG=span] [ROLE=timer] Book within 20 minutes to lock this rate,false_urgency:en:09,synthetic_v1,0,1,0,0,0,0,0,0
Offer valid for the next 8 minutes only,false_urgency,false_urgency,en,span,timer,[TAG=span] [ROLE=timer] Offer valid for the next 8 minutes only,false_urgency:en:07,synthetic_v1,0,1,0,0,0,0,0,0
अर्को 12 मिनेटसम्म मात्र मान्य,false_urgency,false_urgency,ne,span,timer,[TAG=span] [ROLE=timer] अर्को 12 मिनेटसम्म मात्र मान्य,false_urgency:ne:07,synthetic_v1,0,1,0,0,0,0,0,0
Your Zepto cart with protein powder expires in 2 hours,false_urgency,false_urgency,en,span,timer,[TAG=span] [ROLE=timer] Your Zepto cart with protein powder expires in 2 hours,false_urgency:en:20,synthetic_v1,0,1,0,0,0,0,0,0
राइस कुकर पर रु. 899 की कीमत 12:00 तक ही,false_urgency,false_urgency,hi,p,promo,[TAG=p] [ROLE=promo] राइस कुकर पर रु. 899 की कीमत 12:00 तक ही,false_urgency:hi:21,synthetic_v1,0,1,0,0,0,0,0,0
सेल 48 घण्टा मा सकिन्छ!,false_urgency,false_urgency,ne,span,timer,[TAG=span] [ROLE=timer] सेल 48 घण्टा मा सकिन्छ!,false_urgency:ne:00,synthetic_v1,0,1,0,0,0,0,0,0
छिटो गर्नुहोस्! ब्याकप्याक को अफर 12 घण्टा मा सकिँदै,false_urgency,false_urgency,ne,p,promo,[TAG=p] [ROLE=promo] छिटो गर्नुहोस्! ब्याकप्याक को अफर 12 घण्टा मा सकिँदै,false_urgency:ne:01,synthetic_v1,0,1,0,0,0,0,0,0
इस डील पर केवल 02:14 शेष,false_urgency,false_urgency,hi,span,timer,[TAG=span] [ROLE=timer] इस डील पर केवल 02:14 शेष,false_urgency:hi:11,synthetic_v1,0,1,0,0,0,0,0,0
Hurry! Offer on bluetooth speaker expires in 2 hours,false_urgency,false_urgency,en,p,promo,[TAG=p] [ROLE=promo] Hurry! Offer on bluetooth speaker expires in 2 hours,false_urgency:en:01,synthetic_v1,0,1,0,0,0,0,0,0
यो डिलमा 48 घण्टा मात्र बाँकी,false_urgency,false_urgency,ne,span,timer,[TAG=span] [ROLE=timer] यो डिलमा 48 घण्टा मात्र बाँकी,false_urgency:ne:11,synthetic_v1,0,1,0,0,0,0,0,0
Order in 23:11 to get delivery in 5 days,false_urgency,false_urgency,en,p,promo,[TAG=p] [ROLE=promo] Order in 23:11 to get delivery in 5 days,false_urgency:en:16,synthetic_v1,0,1,0,0,0,0,0,0
Your Snapdeal cart with bluetooth speaker expires in 10 minutes,false_urgency,false_urgency,en,span,timer,[TAG=span] [ROLE=timer] Your Snapdeal cart with bluetooth speaker expires in 10 minutes,false_urgency:en:20,synthetic_v1,0,1,0,0,0,0,0,0
Last chance — 14:59 left on hair dryer,false_urgency,false_urgency,en,div,banner,[TAG=div] [ROLE=banner] Last chance — 14:59 left on hair dryer,false_urgency:en:05,synthetic_v1,0,1,0,0,0,0,0,0
अफर 14:59 मा सकिन्छ — 1 मात्र बाँकी!,false_urgency|scarcity,false_urgency,ne,div,banner,[TAG=div] [ROLE=banner] अफर 14:59 मा सकिन्छ — 1 मात्र बाँकी!,false_urgency:ne:14,synthetic_v1,0,1,0,0,1,0,0,0
अन्तिम मौका — ल्यापटप ब्याग मा 12 घण्टा बाँकी,false_urgency,false_urgency,ne,div,banner,[TAG=div] [ROLE=banner] अन्तिम मौका — ल्यापटप ब्याग मा 12 घण्टा बाँकी,false_urgency:ne:05,synthetic_v1,0,1,0,0,0,0,0,0
आख़िरी मौका — ट्रेकिंग जैकेट पर 48 घंटे बाकी,false_urgency,false_urgency,hi,div,banner,[TAG=div] [ROLE=banner] आख़िरी मौका — ट्रेकिंग जैकेट पर 48 घंटे बाकी,false_urgency:hi:05,synthetic_v1,0,1,0,0,0,0,0,0
Order in 20 minutes to get delivery in 4 days,false_urgency,false_urgency,en,div,banner,[TAG=div] [ROLE=banner] Order in 20 minutes to get delivery in 4 days,false_urgency:en:16,synthetic_v1,0,1,0,0,0,0,0,0
डेनिम जींस वाला आपका Kinbech कार्ट 19:20 में खत्म,false_urgency,false_urgency,hi,div,banner,[TAG=div] [ROLE=banner] डेनिम जींस वाला आपका Kinbech कार्ट 19:20 में खत्म,false_urgency:hi:20,synthetic_v1,0,1,0,0,0,0,0,0
"04:30 में ऑर्डर करें, 3 दिन में डिलीवरी",false_urgency,false_urgency,hi,div,banner,"[TAG=div] [ROLE=banner] 04:30 में ऑर्डर करें, 3 दिन में डिलीवरी",false_urgency:hi:16,synthetic_v1,0,1,0,0,0,0,0,0
Offer ends in 3 hours — only 1 left!,false_urgency|scarcity,false_urgency,en,span,timer,[TAG=span] [ROLE=timer] Offer ends in 3 hours — only 1 left!,false_urgency:en:14,synthetic_v1,0,1,0,0,1,0,0,0
Salesberry sale on noise cancelling headphones ends in 45 minutes,false_urgency,false_urgency,en,p,promo,[TAG=p] [ROLE=promo] Salesberry sale on noise cancelling headphones ends in 45 minutes,false_urgency:en:17,synthetic_v1,0,1,0,0,0,0,0,0
अफर 1 मिनेट मा सकिन्छ — 10 मात्र बाँकी!,false_urgency|scarcity,false_urgency,ne,div,banner,[TAG=div] [ROLE=banner] अफर 1 मिनेट मा सकिन्छ — 10 मात्र बाँकी!,false_urgency:ne:14,synthetic_v1,0,1,0,0,1,0,0,0
जयपुर डिलीवरी के लिए 24 घंटे में स्पोर्ट्स सैंडल ऑर्डर करें,false_urgency,false_urgency,hi,p,promo,[TAG=p] [ROLE=promo] जयपुर डिलीवरी के लिए 24 घंटे में स्पोर्ट्स सैंडल ऑर्डर करें,false_urgency:hi:18,synthetic_v1,0,1,0,0,0,0,0,0
इस डील पर केवल 20 मिनट शेष,false_urgency,false_urgency,hi,div,banner,[TAG=div] [ROLE=banner] इस डील पर केवल 20 मिनट शेष,false_urgency:hi:11,synthetic_v1,0,1,0,0,0,0,0,0
"फ्ल्यास सेल 45 मिनेट मा सकिँदै, नगुमाउनुहोस्",false_urgency,false_urgency,ne,span,timer,"[TAG=span] [ROLE=timer] फ्ल्यास सेल 45 मिनेट मा सकिँदै, नगुमाउनुहोस्",false_urgency:ne:06,synthetic_v1,0,1,0,0,0,0,0,0
"फ्लैश सेल 19:20 में खत्म, चूकें नहीं",false_urgency,false_urgency,hi,span,timer,"[TAG=span] [ROLE=timer] फ्लैश सेल 19:20 में खत्म, चूकें नहीं",false_urgency:hi:06,synthetic_v1,0,1,0,0,0,0,0,0
वायरलेस इयरबड्स रहेको तपाईंको Muncha कार्ट 45 मिनेट मा सकिन्छ,false_urgency,false_urgency,ne,p,promo,[TAG=p] [ROLE=promo] वायरलेस इयरबड्स रहेको तपाईंको Muncha कार्ट 45 मिनेट मा सकिन्छ,false_urgency:ne:20,synthetic_v1,0,1,0,0,0,0,0,0
Reserved for you for 02:14,false_urgency,false_urgency,en,span,timer,[TAG=span] [ROLE=timer] Reserved for you for 02:14,false_urgency:en:12,synthetic_v1,0,1,0,0,0,0,0,0
Lenskart sale on winter blanket ends in 12:00,false_urgency,false_urgency,en,span,timer,[TAG=span] [ROLE=timer] Lenskart sale on winter blanket ends in 12:00,false_urgency:en:17,synthetic_v1,0,1,0,0,0,0,0,0
Ajio sale on gaming mouse ends in 3 minutes,false_urgency,false_urgency,en,span,timer,[TAG=span] [ROLE=timer] Ajio sale on gaming mouse ends in 3 minutes,false_urgency:en:17,synthetic_v1,0,1,0,0,0,0,0,0
छिटो गर्नुहोस्! कफी मेकर को अफर 1 घण्टा मा सकिँदै,false_urgency,false_urgency,ne,p,promo,[TAG=p] [ROLE=promo] छिटो गर्नुहोस्! कफी मेकर को अफर 1 घण्टा मा सकिँदै,false_urgency:ne:01,synthetic_v1,0,1,0,0,0,0,0,0
गेमिङ माउस मा रु. 249 को मूल्य 3 घण्टा सम्म मात्र,false_urgency,false_urgency,ne,div,banner,[TAG=div] [ROLE=banner] गेमिङ माउस मा रु. 249 को मूल्य 3 घण्टा सम्म मात्र,false_urgency:ne:21,synthetic_v1,0,1,0,0,0,0,0,0
आज मात्र! कटन कुर्ता मा 30% छुट,false_urgency,false_urgency,ne,div,banner,[TAG=div] [ROLE=banner] आज मात्र! कटन कुर्ता मा 30% छुट,false_urgency:ne:10,synthetic_v1,0,1,0,0,0,0,0,0
Muncha sale on backpack ends in 7 minutes,false_urgency,false_urgency,en,p,promo,[TAG=p] [ROLE=promo] Muncha sale on backpack ends in 7 minutes,false_urgency:en:17,synthetic_v1,0,1,0,0,0,0,0,0
आज मात्र! ल्यापटप ब्याग मा 70% छुट,false_urgency,false_urgency,ne,span,timer,[TAG=span] [ROLE=timer] आज मात्र! ल्यापटप ब्याग मा 70% छुट,false_urgency:ne:10,synthetic_v1,0,1,0,0,0,0,0,0
धरान डेलिभरीका लागि 19:20 भित्र कटन कुर्ता अर्डर गर्नुहोस्,false_urgency,false_urgency,ne,div,banner,[TAG=div] [ROLE=banner] धरान डेलिभरीका लागि 19:20 भित्र कटन कुर्ता अर्डर गर्नुहोस्,false_urgency:ne:18,synthetic_v1,0,1,0,0,0,0,0,0
"23:11 में ऑर्डर करें, 10 दिन में डिलीवरी",false_urgency,false_urgency,hi,span,timer,"[TAG=span] [ROLE=timer] 23:11 में ऑर्डर करें, 10 दिन में डिलीवरी",false_urgency:hi:16,synthetic_v1,0,1,0,0,0,0,0,0
Order smartwatch within 1 minute for delivery to Bengaluru,false_urgency,false_urgency,en,span,timer,[TAG=span] [ROLE=timer] Order smartwatch within 1 minute for delivery to Bengaluru,false_urgency:en:18,synthetic_v1,0,1,0,0,0,0,0,0
Zepto पर बैकपैक की सेल 24 घंटे में खत्म,false_urgency,false_urgency,hi,span,timer,[TAG=span] [ROLE=timer] Zepto पर बैकपैक की सेल 24 घंटे में खत्म,false_urgency:hi:17,synthetic_v1,0,1,0,0,0,0,0,0
आज का सौदा 1 घंटे में खत्म,false_urgency,false_urgency,hi,div,banner,[TAG=div] [ROLE=banner] आज का सौदा 1 घंटे में खत्म,false_urgency:hi:02,synthetic_v1,0,1,0,0,0,0,0,0
10% off expires in 5 minutes,false_urgency,false_urgency,en,div,banner,[TAG=div] [ROLE=banner] 10% off expires in 5 minutes,false_urgency:en:15,synthetic_v1,0,1,0,0,0,0,0,0
नागपुर डिलीवरी के लिए 10 मिनट में गेमिंग माउस ऑर्डर करें,false_urgency,false_urgency,hi,div,banner,[TAG=div] [ROLE=banner] नागपुर डिलीवरी के लिए 10 मिनट में गेमिंग माउस ऑर्डर करें,false_urgency:hi:18,synthetic_v1,0,1,0,0,0,0,0,0
तपाईंको कार्ट 3 मिनेट मा खाली हुनेछ,false_urgency,false_urgency,ne,p,promo,[TAG=p] [ROLE=promo] तपाईंको कार्ट 3 मिनेट मा खाली हुनेछ,false_urgency:ne:03,synthetic_v1,0,1,0,0,0,0,0,0
"फ्लैश सेल 04:30 में खत्म, चूकें नहीं",false_urgency,false_urgency,hi,span,timer,"[TAG=span] [ROLE=timer] फ्लैश सेल 04:30 में खत्म, चूकें नहीं",false_urgency:hi:06,synthetic_v1,0,1,0,0,0,0,0,0
सिर्फ़ आज! ट्रेकिंग जैकेट पर 20% छूट,false_urgency,false_urgency,hi,p,promo,[TAG=p] [ROLE=promo] सिर्फ़ आज! ट्रेकिंग जैकेट पर 20% छूट,false_urgency:hi:10,synthetic_v1,0,1,0,0,0,0,0,0
Today only! 50% off power bank,false_urgency,false_urgency,en,span,timer,[TAG=span] [ROLE=timer] Today only! 50% off power bank,false_urgency:en:10,synthetic_v1,0,1,0,0,0,0,0,0
Your JioMart cart with formal shirt expires in 00:59,false_urgency,false_urgency,en,div,banner,[TAG=div] [ROLE=banner] Your JioMart cart with formal shirt expires in 00:59,false_urgency:en:20,synthetic_v1,0,1,0,0,0,0,0,0
ऑफ़र 10 मिनट में खत्म — केवल 1 बचे!,false_urgency|scarcity,false_urgency,hi,p,promo,[TAG=p] [ROLE=promo] ऑफ़र 10 मिनट में खत्म — केवल 1 बचे!,false_urgency:hi:14,synthetic_v1,0,1,0,0,1,0,0,0
ब्लूटूथ स्पीकर पर रु. 499 की कीमत 3 मिनट तक ही,false_urgency,false_urgency,hi,div,banner,[TAG=div] [ROLE=banner] ब्लूटूथ स्पीकर पर रु. 499 की कीमत 3 मिनट तक ही,false_urgency:hi:21,synthetic_v1,0,1,0,0,0,0,0,0
ऑफ़र 23:11 में खत्म — केवल 2 बचे!,false_urgency|scarcity,false_urgency,hi,p,promo,[TAG=p] [ROLE=promo] ऑफ़र 23:11 में खत्म — केवल 2 बचे!,false_urgency:hi:14,synthetic_v1,0,1,0,0,1,0,0,0
अफर 2 घण्टा मा सकिन्छ — 1 मात्र बाँकी!,false_urgency|scarcity,false_urgency,ne,p,promo,[TAG=p] [ROLE=promo] अफर 2 घण्टा मा सकिन्छ — 1 मात्र बाँकी!,false_urgency:ne:14,synthetic_v1,0,1,0,0,1,0,0,0
Order school bag within 04:30 for delivery to Delhi,false_urgency,false_urgency,en,div,banner,[TAG=div] [ROLE=banner] Order school bag within 04:30 for delivery to Delhi,false_urgency:en:18,synthetic_v1,0,1,0,0,0,0,0,0
Hurry! Offer on protein powder expires in 30 minutes,false_urgency,false_urgency,en,span,timer,[TAG=span] [ROLE=timer] Hurry! Offer on protein powder expires in 30 minutes,false_urgency:en:01,synthetic_v1,0,1,0,0,0,0,0,0
हिउँदको ब्ल्याङ्केट रहेको तपाईंको HamroBazar कार्ट 7 मिनेट मा सकिन्छ,false_urgency,false_urgency,ne,span,timer,[TAG=span] [ROLE=timer] हिउँदको ब्ल्याङ्केट रहेको तपाईंको HamroBazar कार्ट 7 मिनेट मा सकिन्छ,false_urgency:ne:20,synthetic_v1,0,1,0,0,0,0,0,0
Hurry! Offer on denim jeans expires in 00:59,false_urgency,false_urgency,en,div,banner,[TAG=div] [ROLE=banner] Hurry! Offer on denim jeans expires in 00:59,false_urgency:en:01,synthetic_v1,0,1,0,0,0,0,0,0
आख़िरी मौका — बैकपैक पर 09:45 बाकी,false_urgency,false_urgency,hi,div,banner,[TAG=div] [ROLE=banner] आख़िरी मौका — बैकपैक पर 09:45 बाकी,false_urgency:hi:05,synthetic_v1,0,1,0,0,0,0,0,0
Today only! 60% off backpack,false_urgency,false_urgency,en,div,banner,[TAG=div] [ROLE=banner] Today only! 60% off backpack,false_urgency:en:10,synthetic_v1,0,1,0,0,0,0,0,0
Reserved for you for 00:59,false_urgency,false_urgency,en,div,banner,[TAG=div] [ROLE=banner] Reserved for you for 00:59,false_urgency:en:12,synthetic_v1,0,1,0,0,0,0,0,0
Your FirstCry cart with power bank expires in 19:20,false_urgency,false_urgency,en,p,promo,[TAG=p] [ROLE=promo] Your FirstCry cart with power bank expires in 19:20,false_urgency:en:20,synthetic_v1,0,1,0,0,0,0,0,0
यह कीमत आपके लिए 7 मिनट तक सुरक्षित,false_urgency,false_urgency,hi,div,banner,[TAG=div] [ROLE=banner] यह कीमत आपके लिए 7 मिनट तक सुरक्षित,false_urgency:hi:12,synthetic_v1,0,1,0,0,0,0,0,0
Reserved for you for 24 hours,false_urgency,false_urgency,en,span,timer,[TAG=span] [ROLE=timer] Reserved for you for 24 hours,false_urgency:en:12,synthetic_v1,0,1,0,0,0,0,0,0
ऑफ़र 10 मिनट में खत्म — केवल 7 बचे!,false_urgency|scarcity,false_urgency,hi,span,timer,[TAG=span] [ROLE=timer] ऑफ़र 10 मिनट में खत्म — केवल 7 बचे!,false_urgency:hi:14,synthetic_v1,0,1,0,0,1,0,0,0
अन्तिम मौका — इलेक्ट्रिक केतली मा 2 घण्टा बाँकी,false_urgency,false_urgency,ne,span,timer,[TAG=span] [ROLE=timer] अन्तिम मौका — इलेक्ट्रिक केतली मा 2 घण्टा बाँकी,false_urgency:ne:05,synthetic_v1,0,1,0,0,0,0,0,0
स्कूल बैग पर रु. 399 की कीमत 14:59 तक ही,false_urgency,false_urgency,hi,span,timer,[TAG=span] [ROLE=timer] स्कूल बैग पर रु. 399 की कीमत 14:59 तक ही,false_urgency:hi:21,synthetic_v1,0,1,0,0,0,0,0,0
Your Nykaa cart with sports sandals expires in 14:59,false_urgency,false_urgency,en,div,banner,[TAG=div] [ROLE=banner] Your Nykaa cart with sports sandals expires in 14:59,false_urgency:en:20,synthetic_v1,0,1,0,0,0,0,0,0
Today only! 10% off sunglasses,false_urgency,false_urgency,en,div,banner,[TAG=div] [ROLE=banner] Today only! 10% off sunglasses,false_urgency:en:10,synthetic_v1,0,1,0,0,0,0,0,0
आजको डिल 10 मिनेट मा सकिन्छ,false_urgency,false_urgency,ne,div,banner,[TAG=div] [ROLE=banner] आजको डिल 10 मिनेट मा सकिन्छ,false_urgency:ne:02,synthetic_v1,0,1,0,0,0,0,0,0
आज मात्र! स्कुल ब्याग मा 80% छुट,false_urgency,false_urgency,ne,p,promo,[TAG=p] [ROLE=promo] आज मात्र! स्कुल ब्याग मा 80% छुट,false_urgency:ne:10,synthetic_v1,0,1,0,0,0,0,0,0
यह दर पाने के लिए 3 मिनट में बुक करें,false_urgency,false_urgency,hi,p,promo,[TAG=p] [ROLE=promo] यह दर पाने के लिए 3 मिनट में बुक करें,false_urgency:hi:09,synthetic_v1,0,1,0,0,0,0,0,0
ट्रेकिंग जैकेट पर रु. 149 की कीमत 5 मिनट तक ही,false_urgency,false_urgency,hi,p,promo,[TAG=p] [ROLE=promo] ट्रेकिंग जैकेट पर रु. 149 की कीमत 5 मिनट तक ही,false_urgency:hi:21,synthetic_v1,0,1,0,0,0,0,0,0
Amazon मा इलेक्ट्रिक केतली मा 30% छुट — 45 मिनेट बाँकी,false_urgency,false_urgency,ne,span,timer,[TAG=span] [ROLE=timer] Amazon मा इलेक्ट्रिक केतली मा 30% छुट — 45 मिनेट बाँकी,false_urgency:ne:19,synthetic_v1,0,1,0,0,0,0,0,0
जल्दी करें! ब्लूटूथ स्पीकर पर ऑफ़र 1 घंटे में समाप्त,false_urgency,false_urgency,hi,div,banner,[TAG=div] [ROLE=banner] जल्दी करें! ब्लूटूथ स्पीकर पर ऑफ़र 1 घंटे में समाप्त,false_urgency:hi:01,synthetic_v1,0,1,0,0,0,0,0,0
काउंटडाउन: 10 मिनट में कीमत बढ़ेगी,false_urgency,false_urgency,hi,p,promo,[TAG=p] [ROLE=promo] काउंटडाउन: 10 मिनट में कीमत बढ़ेगी,false_urgency:hi:08,synthetic_v1,0,1,0,0,0,0,0,0
15% off expires in 09:45,false_urgency,false_urgency,en,span,timer,[TAG=span] [ROLE=timer] 15% off expires in 09:45,false_urgency:en:15,synthetic_v1,0,1,0,0,0,0,0,0
डेनिम जींस पर रु. 149 की कीमत 00:59 तक ही,false_urgency,false_urgency,hi,p,promo,[TAG=p] [ROLE=promo] डेनिम जींस पर रु. 149 की कीमत 00:59 तक ही,false_urgency:hi:21,synthetic_v1,0,1,0,0,0,0,0,0
"18 घंटे में ऑर्डर करें, 10 दिन में डिलीवरी",false_urgency,false_urgency,hi,div,banner,"[TAG=div] [ROLE=banner] 18 घंटे में ऑर्डर करें, 10 दिन में डिलीवरी",false_urgency:hi:16,synthetic_v1,0,1,0,0,0,0,0,0
Order cotton kurta within 10 minutes for delivery to Kolkata,false_urgency,false_urgency,en,div,banner,[TAG=div] [ROLE=banner] Order cotton kurta within 10 minutes for delivery to Kolkata,false_urgency:en:18,synthetic_v1,0,1,0,0,0,0,0,0
40% छूट 15 मिनट में समाप्त,false_urgency,false_urgency,hi,p,promo,[TAG=p] [ROLE=promo] 40% छूट 15 मिनट में समाप्त,false_urgency:hi:15,synthetic_v1,0,1,0,0,0,0,0,0
80% छूट 2 घंटे में समाप्त,false_urgency,false_urgency,hi,p,promo,[TAG=p] [ROLE=promo] 80% छूट 2 घंटे में समाप्त,false_urgency:hi:15,synthetic_v1,0,1,0,0,0,0,0,0
इंदौर डिलीवरी के लिए 20 मिनट में ऑफिस चेयर ऑर्डर करें,false_urgency,false_urgency,hi,div,banner,[TAG=div] [ROLE=banner] इंदौर डिलीवरी के लिए 20 मिनट में ऑफिस चेयर ऑर्डर करें,false_urgency:hi:18,synthetic_v1,0,1,0,0,0,0,0,0
35% छुट 3 घण्टा मा सकिन्छ,false_urgency,false_urgency,ne,div,banner,[TAG=div] [ROLE=banner] 35% छुट 3 घण्टा मा सकिन्छ,false_urgency:ne:15,synthetic_v1,0,1,0,0,0,0,0,0
ऑफ़र 15 मिनट में खत्म — केवल 3 बचे!,false_urgency|scarcity,false_urgency,hi,p,promo,[TAG=p] [ROLE=promo] ऑफ़र 15 मिनट में खत्म — केवल 3 बचे!,false_urgency:hi:14,synthetic_v1,0,1,0,0,1,0,0,0
तपाईंको कार्ट 00:59 मा खाली हुनेछ,false_urgency,false_urgency,ne,div,banner,[TAG=div] [ROLE=banner] तपाईंको कार्ट 00:59 मा खाली हुनेछ,false_urgency:ne:03,synthetic_v1,0,1,0,0,0,0,0,0
"23:11 भित्र अर्डर गर्नुहोस्, 2 दिनमा डेलिभरी",false_urgency,false_urgency,ne,p,promo,"[TAG=p] [ROLE=promo] 23:11 भित्र अर्डर गर्नुहोस्, 2 दिनमा डेलिभरी",false_urgency:ne:16,synthetic_v1,0,1,0,0,0,0,0,0
"5 मिनेट भित्र अर्डर गर्नुहोस्, 5 दिनमा डेलिभरी",false_urgency,false_urgency,ne,span,timer,"[TAG=span] [ROLE=timer] 5 मिनेट भित्र अर्डर गर्नुहोस्, 5 दिनमा डेलिभरी",false_urgency:ne:16,synthetic_v1,0,1,0,0,0,0,0,0
10% छुट 10 मिनेट मा सकिन्छ,false_urgency,false_urgency,ne,span,timer,[TAG=span] [ROLE=timer] 10% छुट 10 मिनेट मा सकिन्छ,false_urgency:ne:15,synthetic_v1,0,1,0,0,0,0,0,0
Ajio मा वायरलेस इयरबड्स मा 5% छुट — 15 मिनेट बाँकी,false_urgency,false_urgency,ne,p,promo,[TAG=p] [ROLE=promo] Ajio मा वायरलेस इयरबड्स मा 5% छुट — 15 मिनेट बाँकी,false_urgency:ne:19,synthetic_v1,0,1,0,0,0,0,0,0
ल्यापटप ब्याग मा रु. 349 को मूल्य 2 घण्टा सम्म मात्र,false_urgency,false_urgency,ne,span,timer,[TAG=span] [ROLE=timer] ल्यापटप ब्याग मा रु. 349 को मूल्य 2 घण्टा सम्म मात्र,false_urgency:ne:21,synthetic_v1,0,1,0,0,0,0,0,0
ऑफ़र 12:00 में खत्म — केवल 12 बचे!,false_urgency|scarcity,false_urgency,hi,div,banner,[TAG=div] [ROLE=banner] ऑफ़र 12:00 में खत्म — केवल 12 बचे!,false_urgency:hi:14,synthetic_v1,0,1,0,0,1,0,0,0
Offer ends in 1 hour — only 4 left!,false_urgency|scarcity,false_urgency,en,span,timer,[TAG=span] [ROLE=timer] Offer ends in 1 hour — only 4 left!,false_urgency:en:14,synthetic_v1,0,1,0,0,1,0,0,0
Offer ends in 09:45 — only 10 left!,false_urgency|scarcity,false_urgency,en,p,promo,[TAG=p] [ROLE=promo] Offer ends in 09:45 — only 10 left!,false_urgency:en:14,synthetic_v1,0,1,0,0,1,0,0,0
10% छूट 00:59 में समाप्त,false_urgency,false_urgency,hi,p,promo,[TAG=p] [ROLE=promo] 10% छूट 00:59 में समाप्त,false_urgency:hi:15,synthetic_v1,0,1,0,0,0,0,0,0
Prices go up in 1 minute,false_urgency,false_urgency,en,div,banner,[TAG=div] [ROLE=banner] Prices go up in 1 minute,false_urgency:en:04,synthetic_v1,0,1,0,0,0,0,0,0
Book within 10 minutes to lock this rate,false_urgency,false_urgency,en,span,timer,[TAG=span] [ROLE=timer] Book within 10 minutes to lock this rate,false_urgency:en:09,synthetic_v1,0,1,0,0,0,0,0,0
Book within 15 minutes to lock this rate,false_urgency,false_urgency,en,span,timer,[TAG=span] [ROLE=timer] Book within 15 minutes to lock this rate,false_urgency:en:09,synthetic_v1,0,1,0,0,0,0,0,0
Reserved for you for 7 minutes,false_urgency,false_urgency,en,p,promo,[TAG=p] [ROLE=promo] Reserved for you for 7 minutes,false_urgency:en:12,synthetic_v1,0,1,0,0,0,0,0,0
60% छूट 24 घंटे में समाप्त,false_urgency,false_urgency,hi,span,timer,[TAG=span] [ROLE=timer] 60% छूट 24 घंटे में समाप्त,false_urgency:hi:15,synthetic_v1,0,1,0,0,0,0,0,0
70% off expires in 1 hour,false_urgency,false_urgency,en,div,banner,[TAG=div] [ROLE=banner] 70% off expires in 1 hour,false_urgency:en:15,synthetic_v1,0,1,0,0,0,0,0,0
"10 मिनट में ऑर्डर करें, 3 दिन में डिलीवरी",false_urgency,false_urgency,hi,span,timer,"[TAG=span] [ROLE=timer] 10 मिनट में ऑर्डर करें, 3 दिन में डिलीवरी",false_urgency:hi:16,synthetic_v1,0,1,0,0,0,0,0,0
Deal of the day ends in 18 hours,false_urgency,false_urgency,en,span,timer,[TAG=span] [ROLE=timer] Deal of the day ends in 18 hours,false_urgency:en:02,synthetic_v1,0,1,0,0,0,0,0,0
अन्तिम मौका — हिउँदको ब्ल्याङ्केट मा 14:59 बाँकी,false_urgency,false_urgency,ne,span,timer,[TAG=span] [ROLE=timer] अन्तिम मौका — हिउँदको ब्ल्याङ्केट मा 14:59 बाँकी,false_urgency:ne:05,synthetic_v1,0,1,0,0,0,0,0,0
यो डिलमा 12 घण्टा मात्र बाँकी,false_urgency,false_urgency,ne,div,banner,[TAG=div] [ROLE=banner] यो डिलमा 12 घण्टा मात्र बाँकी,false_urgency:ne:11,synthetic_v1,0,1,0,0,0,0,0,0
"10 मिनेट भित्र अर्डर गर्नुहोस्, 10 दिनमा डेलिभरी",false_urgency,false_urgency,ne,span,timer,"[TAG=span] [ROLE=timer] 10 मिनेट भित्र अर्डर गर्नुहोस्, 10 दिनमा डेलिभरी",false_urgency:ne:16,synthetic_v1,0,1,0,0,0,0,0,0
"23:11 भित्र अर्डर गर्नुहोस्, 3 दिनमा डेलिभरी",false_urgency,false_urgency,ne,span,timer,"[TAG=span] [ROLE=timer] 23:11 भित्र अर्डर गर्नुहोस्, 3 दिनमा डेलिभरी",false_urgency:ne:16,synthetic_v1,0,1,0,0,0,0,0,0
Today only! 15% off hair dryer,false_urgency,false_urgency,en,span,timer,[TAG=span] [ROLE=timer] Today only! 15% off hair dryer,false_urgency:en:10,synthetic_v1,0,1,0,0,0,0,0,0
Your Thulo cart with gaming mouse expires in 04:30,false_urgency,false_urgency,en,p,promo,[TAG=p] [ROLE=promo] Your Thulo cart with gaming mouse expires in 04:30,false_urgency:en:20,synthetic_v1,0,1,0,0,0,0,0,0
अन्तिम मौका — फोन कभर मा 5 मिनेट बाँकी,false_urgency,false_urgency,ne,span,timer,[TAG=span] [ROLE=timer] अन्तिम मौका — फोन कभर मा 5 मिनेट बाँकी,false_urgency:ne:05,synthetic_v1,0,1,0,0,0,0,0,0
ऑफ़र 00:59 में खत्म — केवल 3 बचे!,false_urgency|scarcity,false_urgency,hi,span,timer,[TAG=span] [ROLE=timer] ऑफ़र 00:59 में खत्म — केवल 3 बचे!,false_urgency:hi:14,synthetic_v1,0,1,0,0,1,0,0,0
Prices go up in 3 hours,false_urgency,false_urgency,en,div,banner,[TAG=div] [ROLE=banner] Prices go up in 3 hours,false_urgency:en:04,synthetic_v1,0,1,0,0,0,0,0,0
काउंटडाउन: 12 घंटे में कीमत बढ़ेगी,false_urgency,false_urgency,hi,div,banner,[TAG=div] [ROLE=banner] काउंटडाउन: 12 घंटे में कीमत बढ़ेगी,false_urgency:hi:08,synthetic_v1,0,1,0,0,0,0,0,0
Offer ends in 14:59 — only 7 left!,false_urgency|scarcity,false_urgency,en,div,banner,[TAG=div] [ROLE=banner] Offer ends in 14:59 — only 7 left!,false_urgency:en:14,synthetic_v1,0,1,0,0,1,0,0,0
Zepto sale on office chair ends in 14:59,false_urgency,false_urgency,en,div,banner,[TAG=div] [ROLE=banner] Zepto sale on office chair ends in 14:59,false_urgency:en:17,synthetic_v1,0,1,0,0,0,0,0,0
SastoDeal मा स्पोर्ट्स चप्पल को सेल 10 मिनेट मा सकिन्छ,false_urgency,false_urgency,ne,p,promo,[TAG=p] [ROLE=promo] SastoDeal मा स्पोर्ट्स चप्पल को सेल 10 मिनेट मा सकिन्छ,false_urgency:ne:17,synthetic_v1,0,1,0,0,0,0,0,0
काउंटडाउन: 23:11 में कीमत बढ़ेगी,false_urgency,false_urgency,hi,div,banner,[TAG=div] [ROLE=banner] काउंटडाउन: 23:11 में कीमत बढ़ेगी,false_urgency:hi:08,synthetic_v1,0,1,0,0,0,0,0,0
यो डिलमा 3 मिनेट मात्र बाँकी,false_urgency,false_urgency,ne,div,banner,[TAG=div] [ROLE=banner] यो डिलमा 3 मिनेट मात्र बाँकी,false_urgency:ne:11,synthetic_v1,0,1,0,0,0,0,0,0
Hurry! Offer on wireless earbuds expires in 00:59,false_urgency,false_urgency,en,p,promo,[TAG=p] [ROLE=promo] Hurry! Offer on wireless earbuds expires in 00:59,false_urgency:en:01,synthetic_v1,0,1,0,0,0,0,0,0
Today only! 30% off trekking jacket,false_urgency,false_urgency,en,div,banner,[TAG=div] [ROLE=banner] Today only! 30% off trekking jacket,false_urgency:en:10,synthetic_v1,0,1,0,0,0,0,0,0
Offer valid for the next 4 minutes only,false_urgency,false_urgency,en,span,timer,[TAG=span] [ROLE=timer] Offer valid for the next 4 minutes only,false_urgency:en:07,synthetic_v1,0,1,0,0,0,0,0,0
फेस वॉश वाला आपका Salesberry कार्ट 23:11 में खत्म,false_urgency,false_urgency,hi,div,banner,[TAG=div] [ROLE=banner] फेस वॉश वाला आपका Salesberry कार्ट 23:11 में खत्म,false_urgency:hi:20,synthetic_v1,0,1,0,0,0,0,0,0
Last chance — 09:45 left on winter blanket,false_urgency,false_urgency,en,p,promo,[TAG=p] [ROLE=promo] Last chance — 09:45 left on winter blanket,false_urgency:en:05,synthetic_v1,0,1,0,0,0,0,0,0
छिटो गर्नुहोस्! ब्याकप्याक को अफर 09:45 मा सकिँदै,false_urgency,false_urgency,ne,p,promo,[TAG=p] [ROLE=promo] छिटो गर्नुहोस्! ब्याकप्याक को अफर 09:45 मा सकिँदै,false_urgency:ne:01,synthetic_v1,0,1,0,0,0,0,0,0
Meesho sale on rice cooker ends in 6 hours,false_urgency,false_urgency,en,div,banner,[TAG=div] [ROLE=banner] Meesho sale on rice cooker ends in 6 hours,false_urgency:en:17,synthetic_v1,0,1,0,0,0,0,0,0
छिटो गर्नुहोस्! डेनिम जिन्स को अफर 04:30 मा सकिँदै,false_urgency,false_urgency,ne,p,promo,[TAG=p] [ROLE=promo] छिटो गर्नुहोस्! डेनिम जिन्स को अफर 04:30 मा सकिँदै,false_urgency:ne:01,synthetic_v1,0,1,0,0,0,0,0,0
25% छूट 02:14 में समाप्त,false_urgency,false_urgency,hi,span,timer,[TAG=span] [ROLE=timer] 25% छूट 02:14 में समाप्त,false_urgency:hi:15,synthetic_v1,0,1,0,0,0,0,0,0
ऑफ़र 15 मिनट में खत्म — केवल 1 बचे!,false_urgency|scarcity,false_urgency,hi,p,promo,[TAG=p] [ROLE=promo] ऑफ़र 15 मिनट में खत्म — केवल 1 बचे!,false_urgency:hi:14,synthetic_v1,0,1,0,0,1,0,0,0
Blinkit sale on electric kettle ends in 1 hour,false_urgency,false_urgency,en,div,banner,[TAG=div] [ROLE=banner] Blinkit sale on electric kettle ends in 1 hour,false_urgency:en:17,synthetic_v1,0,1,0,0,0,0,0,0
25% छूट 15 मिनट में समाप्त,false_urgency,false_urgency,hi,p,promo,[TAG=p] [ROLE=promo] 25% छूट 15 मिनट में समाप्त,false_urgency:hi:15,synthetic_v1,0,1,0,0,0,0,0,0
आज मात्र! नोइज क्यान्सलिङ हेडफोन मा 70% छुट,false_urgency,false_urgency,ne,p,promo,[TAG=p] [ROLE=promo] आज मात्र! नोइज क्यान्सलिङ हेडफोन मा 70% छुट,false_urgency:ne:10,synthetic_v1,0,1,0,0,0,0,0,0
50% छूट 24 घंटे में समाप्त,false_urgency,false_urgency,hi,p,promo,[TAG=p] [ROLE=promo] 50% छूट 24 घंटे में समाप्त,false_urgency:hi:15,synthetic_v1,0,1,0,0,0,0,0,0
5% off hair dryer at Tata Cliq — 2 hours left,false_urgency,false_urgency,en,p,promo,[TAG=p] [ROLE=promo] 5% off hair dryer at Tata Cliq — 2 hours left,false_urgency:en:19,synthetic_v1,0,1,0,0,0,0,0,0
जल्दी करें! फेस वॉश पर ऑफ़र 09:45 में समाप्त,false_urgency,false_urgency,hi,p,promo,[TAG=p] [ROLE=promo] जल्दी करें! फेस वॉश पर ऑफ़र 09:45 में समाप्त,false_urgency:hi:01,synthetic_v1,0,1,0,0,0,0,0,0
Last chance — 24 hours left on yoga mat,false_urgency,false_urgency,en,span,timer,[TAG=span] [ROLE=timer] Last chance — 24 hours left on yoga mat,false_urgency:en:05,synthetic_v1,0,1,0,0,0,0,0,0
यो दर पाउन 5 मिनेट भित्र बुक गर्नुहोस्,false_urgency,false_urgency,ne,p,promo,[TAG=p] [ROLE=promo] यो दर पाउन 5 मिनेट भित्र बुक गर्नुहोस्,false_urgency:ne:09,synthetic_v1,0,1,0,0,0,0,0,0
Offer ends in 1 hour — only 8 left!,false_urgency|scarcity,false_urgency,en,div,banner,[TAG=div] [ROLE=banner] Offer ends in 1 hour — only 8 left!,false_urgency:en:14,synthetic_v1,0,1,0,0,1,0,0,0
अफर 20 मिनेट मा सकिन्छ — 8 मात्र बाँकी!,false_urgency|scarcity,false_urgency,ne,div,banner,[TAG=div] [ROLE=banner] अफर 20 मिनेट मा सकिन्छ — 8 मात्र बाँकी!,false_urgency:ne:14,synthetic_v1,0,1,0,0,1,0,0,0
Rs. 699 price on smartwatch valid for 45 minutes only,false_urgency,false_urgency,en,span,timer,[TAG=span] [ROLE=timer] Rs. 699 price on smartwatch valid for 45 minutes only,false_urgency:en:21,synthetic_v1,0,1,0,0,0,0,0,0
Book within 12 hours to lock this rate,false_urgency,false_urgency,en,p,promo,[TAG=p] [ROLE=promo] Book within 12 hours to lock this rate,false_urgency:en:09,synthetic_v1,0,1,0,0,0,0,0,0
Offer ends in 02:14 — only 10 left!,false_urgency|scarcity,false_urgency,en,p,promo,[TAG=p] [ROLE=promo] Offer ends in 02:14 — only 10 left!,false_urgency:en:14,synthetic_v1,0,1,0,0,1,0,0,0
सिर्फ़ आज! डेनिम जींस पर 30% छूट,false_urgency,false_urgency,hi,span,timer,[TAG=span] [ROLE=timer] सिर्फ़ आज! डेनिम जींस पर 30% छूट,false_urgency:hi:10,synthetic_v1,0,1,0,0,0,0,0,0
Book within 6 hours to lock this rate,false_urgency,false_urgency,en,div,banner,[TAG=div] [ROLE=banner] Book within 6 hours to lock this rate,false_urgency:en:09,synthetic_v1,0,1,0,0,0,0,0,0
सिर्फ़ आज! नॉइज़ कैंसलिंग हेडफोन पर 70% छूट,false_urgency,false_urgency,hi,div,banner,[TAG=div] [ROLE=banner] सिर्फ़ आज! नॉइज़ कैंसलिंग हेडफोन पर 70% छूट,false_urgency:hi:10,synthetic_v1,0,1,0,0,0,0,0,0
ऑफ़र 2 घंटे में खत्म — केवल 5 बचे!,false_urgency|scarcity,false_urgency,hi,div,banner,[TAG=div] [ROLE=banner] ऑफ़र 2 घंटे में खत्म — केवल 5 बचे!,false_urgency:hi:14,synthetic_v1,0,1,0,0,1,0,0,0
आख़िरी मौका — वायरलेस ईयरबड्स पर 18 घंटे बाकी,false_urgency,false_urgency,hi,p,promo,[TAG=p] [ROLE=promo] आख़िरी मौका — वायरलेस ईयरबड्स पर 18 घंटे बाकी,false_urgency:hi:05,synthetic_v1,0,1,0,0,0,0,0,0
ब्लूटूथ स्पीकर पर रु. 599 की कीमत 18 घंटे तक ही,false_urgency,false_urgency,hi,p,promo,[TAG=p] [ROLE=promo] ब्लूटूथ स्पीकर पर रु. 599 की कीमत 18 घंटे तक ही,false_urgency:hi:21,synthetic_v1,0,1,0,0,0,0,0,0
कफी मेकर मा रु. 199 को मूल्य 19:20 सम्म मात्र,false_urgency,false_urgency,ne,span,timer,[TAG=span] [ROLE=timer] कफी मेकर मा रु. 199 को मूल्य 19:20 सम्म मात्र,false_urgency:ne:21,synthetic_v1,0,1,0,0,0,0,0,0
Prices go up in 19:20,false_urgency,false_urgency,en,span,timer,[TAG=span] [ROLE=timer] Prices go up in 19:20,false_urgency:en:04,synthetic_v1,0,1,0,0,0,0,0,0
सिर्फ़ आज! फोन कवर पर 15% छूट,false_urgency,false_urgency,hi,div,banner,[TAG=div] [ROLE=banner] सिर्फ़ आज! फोन कवर पर 15% छूट,false_urgency:hi:10,synthetic_v1,0,1,0,0,0,0,0,0
छिटो गर्नुहोस्! योगा म्याट को अफर 3 घण्टा मा सकिँदै,false_urgency,false_urgency,ne,div,banner,[TAG=div] [ROLE=banner] छिटो गर्नुहोस्! योगा म्याट को अफर 3 घण्टा मा सकिँदै,false_urgency:ne:01,synthetic_v1,0,1,0,0,0,0,0,0
Your Ajio cart with laptop bag expires in 2 hours,false_urgency,false_urgency,en,div,banner,[TAG=div] [ROLE=banner] Your Ajio cart with laptop bag expires in 2 hours,false_urgency:en:20,synthetic_v1,0,1,0,0,0,0,0,0
5% off office chair at Reliance Digital — 5 minutes left,false_urgency,false_urgency,en,p,promo,[TAG=p] [ROLE=promo] 5% off office chair at Reliance Digital — 5 minutes left,false_urgency:en:19,synthetic_v1,0,1,0,0,0,0,0,0
Today only! 15% off phone case,false_urgency,false_urgency,en,p,promo,[TAG=p] [ROLE=promo] Today only! 15% off phone case,false_urgency:en:10,synthetic_v1,0,1,0,0,0,0,0,0
"02:14 भित्र अर्डर गर्नुहोस्, 14 दिनमा डेलिभरी",false_urgency,false_urgency,ne,span,timer,"[TAG=span] [ROLE=timer] 02:14 भित्र अर्डर गर्नुहोस्, 14 दिनमा डेलिभरी",false_urgency:ne:16,synthetic_v1,0,1,0,0,0,0,0,0
यह दर पाने के लिए 12:00 में बुक करें,false_urgency,false_urgency,hi,div,banner,[TAG=div] [ROLE=banner] यह दर पाने के लिए 12:00 में बुक करें,false_urgency:hi:09,synthetic_v1,0,1,0,0,0,0,0,0
यो मूल्य तपाईंका लागि 18 घण्टा सम्म सुरक्षित,false_urgency,false_urgency,ne,span,timer,[TAG=span] [ROLE=timer] यो मूल्य तपाईंका लागि 18 घण्टा सम्म सुरक्षित,false_urgency:ne:12,synthetic_v1,0,1,0,0,0,0,0,0
15% छूट 19:20 में समाप्त,false_urgency,false_urgency,hi,p,promo,[TAG=p] [ROLE=promo] 15% छूट 19:20 में समाप्त,false_urgency:hi:15,synthetic_v1,0,1,0,0,0,0,0,0
दाम 7 मिनट में बढ़ जाएंगे,false_urgency,false_urgency,hi,span,timer,[TAG=span] [ROLE=timer] दाम 7 मिनट में बढ़ जाएंगे,false_urgency:hi:04,synthetic_v1,0,1,0,0,0,0,0,0
आपका कार्ट 12 घंटे में खाली हो जाएगा,false_urgency,false_urgency,hi,div,banner,[TAG=div] [ROLE=banner] आपका कार्ट 12 घंटे में खाली हो जाएगा,false_urgency:hi:03,synthetic_v1,0,1,0,0,0,0,0,0
Your Reliance Digital cart with protein powder expires in 02:14,false_urgency,false_urgency,en,div,banner,[TAG=div] [ROLE=banner] Your Reliance Digital cart with protein powder expires in 02:14,false_urgency:en:20,synthetic_v1,0,1,0,0,0,0,0,0
दाम 12 घंटे में बढ़ जाएंगे,false_urgency,false_urgency,hi,span,timer,[TAG=span] [ROLE=timer] दाम 12 घंटे में बढ़ जाएंगे,false_urgency:hi:04,synthetic_v1,0,1,0,0,0,0,0,0
"12 घण्टा भित्र अर्डर गर्नुहोस्, 7 दिनमा डेलिभरी",false_urgency,false_urgency,ne,div,banner,"[TAG=div] [ROLE=banner] 12 घण्टा भित्र अर्डर गर्नुहोस्, 7 दिनमा डेलिभरी",false_urgency:ne:16,synthetic_v1,0,1,0,0,0,0,0,0
इस डील पर केवल 23:11 शेष,false_urgency,false_urgency,hi,div,banner,[TAG=div] [ROLE=banner] इस डील पर केवल 23:11 शेष,false_urgency:hi:11,synthetic_v1,0,1,0,0,0,0,0,0
Amazon पर एयर फ्रायर पर 30% छूट — 23:11 बाकी,false_urgency,false_urgency,hi,div,banner,[TAG=div] [ROLE=banner] Amazon पर एयर फ्रायर पर 30% छूट — 23:11 बाकी,false_urgency:hi:19,synthetic_v1,0,1,0,0,0,0,0,0
यो डिलमा 30 मिनेट मात्र बाँकी,false_urgency,false_urgency,ne,span,timer,[TAG=span] [ROLE=timer] यो डिलमा 30 मिनेट मात्र बाँकी,false_urgency:ne:11,synthetic_v1,0,1,0,0,0,0,0,0
आख़िरी मौका — पावर बैंक पर 12 घंटे बाकी,false_urgency,false_urgency,hi,span,timer,[TAG=span] [ROLE=timer] आख़िरी मौका — पावर बैंक पर 12 घंटे बाकी,false_urgency:hi:05,synthetic_v1,0,1,0,0,0,0,0,0
Zepto पर फॉर्मल शर्ट की सेल 20 मिनट में खत्म,false_urgency,false_urgency,hi,div,banner,[TAG=div] [ROLE=banner] Zepto पर फॉर्मल शर्ट की सेल 20 मिनट में खत्म,false_urgency:hi:17,synthetic_v1,0,1,0,0,0,0,0,0
BigBasket मा फोन कभर मा 40% छुट — 23:11 बाँकी,false_urgency,false_urgency,ne,span,timer,[TAG=span] [ROLE=timer] BigBasket मा फोन कभर मा 40% छुट — 23:11 बाँकी,false_urgency:ne:19,synthetic_v1,0,1,0,0,0,0,0,0
Order running shoes within 48 hours for delivery to Lalitpur,false_urgency,false_urgency,en,p,promo,[TAG=p] [ROLE=promo] Order running shoes within 48 hours for delivery to Lalitpur,false_urgency:en:18,synthetic_v1,0,1,0,0,0,0,0,0
Reserved for you for 18 hours,false_urgency,false_urgency,en,p,promo,[TAG=p] [ROLE=promo] Reserved for you for 18 hours,false_urgency:en:12,synthetic_v1,0,1,0,0,0,0,0,0
अफर 10 मिनेट मा सकिन्छ — 12 मात्र बाँकी!,false_urgency|scarcity,false_urgency,ne,div,banner,[TAG=div] [ROLE=banner] अफर 10 मिनेट मा सकिन्छ — 12 मात्र बाँकी!,false_urgency:ne:14,synthetic_v1,0,1,0,0,1,0,0,0
35% off power bank at OkDam — 09:45 left,false_urgency,false_urgency,en,div,banner,[TAG=div] [ROLE=banner] 35% off power bank at OkDam — 09:45 left,false_urgency:en:19,synthetic_v1,0,1,0,0,0,0,0,0
दिल्ली डिलीवरी के लिए 6 घंटे में इलेक्ट्रिक केटल ऑर्डर करें,false_urgency,false_urgency,hi,p,promo,[TAG=p] [ROLE=promo] दिल्ली डिलीवरी के लिए 6 घंटे में इलेक्ट्रिक केटल ऑर्डर करें,false_urgency:hi:18,synthetic_v1,0,1,0,0,0,0,0,0
"7 मिनट में ऑर्डर करें, 10 दिन में डिलीवरी",false_urgency,false_urgency,hi,p,promo,"[TAG=p] [ROLE=promo] 7 मिनट में ऑर्डर करें, 10 दिन में डिलीवरी",false_urgency:hi:16,synthetic_v1,0,1,0,0,0,0,0,0
यो मूल्य तपाईंका लागि 45 मिनेट सम्म सुरक्षित,false_urgency,false_urgency,ne,span,timer,[TAG=span] [ROLE=timer] यो मूल्य तपाईंका लागि 45 मिनेट सम्म सुरक्षित,false_urgency:ne:12,synthetic_v1,0,1,0,0,0,0,0,0
सेल 1 मिनट में खत्म!,false_urgency,false_urgency,hi,div,banner,[TAG=div] [ROLE=banner] सेल 1 मिनट में खत्म!,false_urgency:hi:00,synthetic_v1,0,1,0,0,0,0,0,0
वायरलेस ईयरबड्स वाला आपका OkDam कार्ट 2 घंटे में खत्म,false_urgency,false_urgency,hi,div,banner,[TAG=div] [ROLE=banner] वायरलेस ईयरबड्स वाला आपका OkDam कार्ट 2 घंटे में खत्म,false_urgency:hi:20,synthetic_v1,0,1,0,0,0,0,0,0
60% छूट 2 घंटे में समाप्त,false_urgency,false_urgency,hi,span,timer,[TAG=span] [ROLE=timer] 60% छूट 2 घंटे में समाप्त,false_urgency:hi:15,synthetic_v1,0,1,0,0,0,0,0,0
Offer ends in 7 minutes — only 12 left!,false_urgency|scarcity,false_urgency,en,p,promo,[TAG=p] [ROLE=promo] Offer ends in 7 minutes — only 12 left!,false_urgency:en:14,synthetic_v1,0,1,0,0,1,0,0,0
अन्तिम मौका — कफी मेकर मा 02:14 बाँकी,false_urgency,false_urgency,ne,span,timer,[TAG=span] [ROLE=timer] अन्तिम मौका — कफी मेकर मा 02:14 बाँकी,false_urgency:ne:05,synthetic_v1,0,1,0,0,0,0,0,0
Countdown: 12:00 until the price rises,false_urgency,false_urgency,en,span,timer,[TAG=span] [ROLE=timer] Countdown: 12:00 until the price rises,false_urgency:en:08,synthetic_v1,0,1,0,0,0,0,0,0
"Flash sale ending in 00:59, don't miss out",false_urgency,false_urgency,en,span,timer,"[TAG=span] [ROLE=timer] Flash sale ending in 00:59, don't miss out",false_urgency:en:06,synthetic_v1,0,1,0,0,0,0,0,0
छिटो गर्नुहोस्! एयर फ्रायर को अफर 14:59 मा सकिँदै,false_urgency,false_urgency,ne,div,banner,[TAG=div] [ROLE=banner] छिटो गर्नुहोस्! एयर फ्रायर को अफर 14:59 मा सकिँदै,false_urgency:ne:01,synthetic_v1,0,1,0,0,0,0,0,0
काउन्टडाउन: 3 मिनेट मा मूल्य बढ्नेछ,false_urgency,false_urgency,ne,div,banner,[TAG=div] [ROLE=banner] काउन्टडाउन: 3 मिनेट मा मूल्य बढ्नेछ,false_urgency:ne:08,synthetic_v1,0,1,0,0,0,0,0,0
Today only! 70% off hair dryer,false_urgency,false_urgency,en,div,banner,[TAG=div] [ROLE=banner] Today only! 70% off hair dryer,false_urgency:en:10,synthetic_v1,0,1,0,0,0,0,0,0
"एयर फ्रायर मा रु. 2,499 को मूल्य 7 मिनेट सम्म मात्र",false_urgency,false_urgency,ne,div,banner,"[TAG=div] [ROLE=banner] एयर फ्रायर मा रु. 2,499 को मूल्य 7 मिनेट सम्म मात्र",false_urgency:ne:21,synthetic_v1,0,1,0,0,0,0,0,0
अगले 9 मिनट तक ही मान्य,false_urgency,false_urgency,hi,div,banner,[TAG=div] [ROLE=banner] अगले 9 मिनट तक ही मान्य,false_urgency:hi:07,synthetic_v1,0,1,0,0,0,0,0,0
Daraz पर सर्दी का कंबल की सेल 5 मिनट में खत्म,false_urgency,false_urgency,hi,p,promo,[TAG=p] [ROLE=promo] Daraz पर सर्दी का कंबल की सेल 5 मिनट में खत्म,false_urgency:hi:17,synthetic_v1,0,1,0,0,0,0,0,0
चितवन डेलिभरीका लागि 5 मिनेट भित्र स्कुल ब्याग अर्डर गर्नुहोस्,false_urgency,false_urgency,ne,span,timer,[TAG=span] [ROLE=timer] चितवन डेलिभरीका लागि 5 मिनेट भित्र स्कुल ब्याग अर्डर गर्नुहोस्,false_urgency:ne:18,synthetic_v1,0,1,0,0,0,0,0,0
Gyapu sale on sports sandals ends in 02:14,false_urgency,false_urgency,en,p,promo,[TAG=p] [ROLE=promo] Gyapu sale on sports sandals ends in 02:14,false_urgency:en:17,synthetic_v1,0,1,0,0,0,0,0,0
Blinkit पर बैकपैक की सेल 10 मिनट में खत्म,false_urgency,false_urgency,hi,span,timer,[TAG=span] [ROLE=timer] Blinkit पर बैकपैक की सेल 10 मिनट में खत्म,false_urgency:hi:17,synthetic_v1,0,1,0,0,0,0,0,0
सिर्फ़ आज! हेयर ड्रायर पर 80% छूट,false_urgency,false_urgency,hi,p,promo,[TAG=p] [ROLE=promo] सिर्फ़ आज! हेयर ड्रायर पर 80% छूट,false_urgency:hi:10,synthetic_v1,0,1,0,0,0,0,0,0
बैकपैक पर रु. 599 की कीमत 12 घंटे तक ही,false_urgency,false_urgency,hi,p,promo,[TAG=p] [ROLE=promo] बैकपैक पर रु. 599 की कीमत 12 घंटे तक ही,false_urgency:hi:21,synthetic_v1,0,1,0,0,0,0,0,0
BigBasket पर एयर फ्रायर पर 25% छूट — 12:00 बाकी,false_urgency,false_urgency,hi,span,timer,[TAG=span] [ROLE=timer] BigBasket पर एयर फ्रायर पर 25% छूट — 12:00 बाकी,false_urgency:hi:19,synthetic_v1,0,1,0,0,0,0,0,0
यो डिलमा 7 मिनेट मात्र बाँकी,false_urgency,false_urgency,ne,div,banner,[TAG=div] [ROLE=banner] यो डिलमा 7 मिनेट मात्र बाँकी,false_urgency:ne:11,synthetic_v1,0,1,0,0,0,0,0,0
जल्दी करें! स्टडी लैंप पर ऑफ़र 30 मिनट में समाप्त,false_urgency,false_urgency,hi,span,timer,[TAG=span] [ROLE=timer] जल्दी करें! स्टडी लैंप पर ऑफ़र 30 मिनट में समाप्त,false_urgency:hi:01,synthetic_v1,0,1,0,0,0,0,0,0
Rs. 999 price on trekking jacket valid for 14:59 only,false_urgency,false_urgency,en,div,banner,[TAG=div] [ROLE=banner] Rs. 999 price on trekking jacket valid for 14:59 only,false_urgency:en:21,synthetic_v1,0,1,0,0,0,0,0,0
Book within 09:45 to lock this rate,false_urgency,false_urgency,en,p,promo,[TAG=p] [ROLE=promo] Book within 09:45 to lock this rate,false_urgency:en:09,synthetic_v1,0,1,0,0,0,0,0,0
अफर 09:45 मा सकिन्छ — 7 मात्र बाँकी!,false_urgency|scarcity,false_urgency,ne,div,banner,[TAG=div] [ROLE=banner] अफर 09:45 मा सकिन्छ — 7 मात्र बाँकी!,false_urgency:ne:14,synthetic_v1,0,1,0,0,1,0,0,0
अफर 2 घण्टा मा सकिन्छ — 5 मात्र बाँकी!,false_urgency|scarcity,false_urgency,ne,span,timer,[TAG=span] [ROLE=timer] अफर 2 घण्टा मा सकिन्छ — 5 मात्र बाँकी!,false_urgency:ne:14,synthetic_v1,0,1,0,0,1,0,0,0
"फ्लैश सेल 09:45 में खत्म, चूकें नहीं",false_urgency,false_urgency,hi,p,promo,"[TAG=p] [ROLE=promo] फ्लैश सेल 09:45 में खत्म, चूकें नहीं",false_urgency:hi:06,synthetic_v1,0,1,0,0,0,0,0,0
35% छूट 15 मिनट में समाप्त,false_urgency,false_urgency,hi,p,promo,[TAG=p] [ROLE=promo] 35% छूट 15 मिनट में समाप्त,false_urgency:hi:15,synthetic_v1,0,1,0,0,0,0,0,0
Last chance — 24 hours left on noise cancelling headphones,false_urgency,false_urgency,en,div,banner,[TAG=div] [ROLE=banner] Last chance — 24 hours left on noise cancelling headphones,false_urgency:en:05,synthetic_v1,0,1,0,0,0,0,0,0
Gyapu मा हेयर ड्रायर को सेल 48 घण्टा मा सकिन्छ,false_urgency,false_urgency,ne,p,promo,[TAG=p] [ROLE=promo] Gyapu मा हेयर ड्रायर को सेल 48 घण्टा मा सकिन्छ,false_urgency:ne:17,synthetic_v1,0,1,0,0,0,0,0,0
छिटो गर्नुहोस्! ब्लुटुथ स्पिकर को अफर 10 मिनेट मा सकिँदै,false_urgency,false_urgency,ne,div,banner,[TAG=div] [ROLE=banner] छिटो गर्नुहोस्! ब्लुटुथ स्पिकर को अफर 10 मिनेट मा सकिँदै,false_urgency:ne:01,synthetic_v1,0,1,0,0,0,0,0,0
Order protein powder within 2 hours for delivery to Biratnagar,false_urgency,false_urgency,en,p,promo,[TAG=p] [ROLE=promo] Order protein powder within 2 hours for delivery to Biratnagar,false_urgency:en:18,synthetic_v1,0,1,0,0,0,0,0,0
स्पोर्ट्स चप्पल मा रु. 399 को मूल्य 6 घण्टा सम्म मात्र,false_urgency,false_urgency,ne,p,promo,[TAG=p] [ROLE=promo] स्पोर्ट्स चप्पल मा रु. 399 को मूल्य 6 घण्टा सम्म मात्र,false_urgency:ne:21,synthetic_v1,0,1,0,0,0,0,0,0
अर्को 1 मिनेटसम्म मात्र मान्य,false_urgency,false_urgency,ne,p,promo,[TAG=p] [ROLE=promo] अर्को 1 मिनेटसम्म मात्र मान्य,false_urgency:ne:07,synthetic_v1,0,1,0,0,0,0,0,0
Myntra मा कटन कुर्ता को सेल 20 मिनेट मा सकिन्छ,false_urgency,false_urgency,ne,div,banner,[TAG=div] [ROLE=banner] Myntra मा कटन कुर्ता को सेल 20 मिनेट मा सकिन्छ,false_urgency:ne:17,synthetic_v1,0,1,0,0,0,0,0,0
Amazon sale on hair dryer ends in 04:30,false_urgency,false_urgency,en,div,banner,[TAG=div] [ROLE=banner] Amazon sale on hair dryer ends in 04:30,false_urgency:en:17,synthetic_v1,0,1,0,0,0,0,0,0
ऑफ़र 19:20 में खत्म — केवल 10 बचे!,false_urgency|scarcity,false_urgency,hi,p,promo,[TAG=p] [ROLE=promo] ऑफ़र 19:20 में खत्म — केवल 10 बचे!,false_urgency:hi:14,synthetic_v1,0,1,0,0,1,0,0,0
सेल 12:00 में खत्म!,false_urgency,false_urgency,hi,p,promo,[TAG=p] [ROLE=promo] सेल 12:00 में खत्म!,false_urgency:hi:00,synthetic_v1,0,1,0,0,0,0,0,0
आख़िरी मौका — गेमिंग माउस पर 04:30 बाकी,false_urgency,false_urgency,hi,span,timer,[TAG=span] [ROLE=timer] आख़िरी मौका — गेमिंग माउस पर 04:30 बाकी,false_urgency:hi:05,synthetic_v1,0,1,0,0,0,0,0,0
Tata Cliq मा गेमिङ माउस को सेल 12 घण्टा मा सकिन्छ,false_urgency,false_urgency,ne,p,promo,[TAG=p] [ROLE=promo] Tata Cliq मा गेमिङ माउस को सेल 12 घण्टा मा सकिन्छ,false_urgency:ne:17,synthetic_v1,0,1,0,0,0,0,0,0
जल्दी करें! पावर बैंक पर ऑफ़र 04:30 में समाप्त,false_urgency,false_urgency,hi,span,timer,[TAG=span] [ROLE=timer] जल्दी करें! पावर बैंक पर ऑफ़र 04:30 में समाप्त,false_urgency:hi:01,synthetic_v1,0,1,0,0,0,0,0,0
Rs. 599 price on sports sandals valid for 24 hours only,false_urgency,false_urgency,en,span,timer,[TAG=span] [ROLE=timer] Rs. 599 price on sports sandals valid for 24 hours only,false_urgency:en:21,synthetic_v1,0,1,0,0,0,0,0,0
Gyapu sale on laptop bag ends in 12 hours,false_urgency,false_urgency,en,div,banner,[TAG=div] [ROLE=banner] Gyapu sale on laptop bag ends in 12 hours,false_urgency:en:17,synthetic_v1,0,1,0,0,0,0,0,0
जल्दी करें! हेयर ड्रायर पर ऑफ़र 30 मिनट में समाप्त,false_urgency,false_urgency,hi,div,banner,[TAG=div] [ROLE=banner] जल्दी करें! हेयर ड्रायर पर ऑफ़र 30 मिनट में समाप्त,false_urgency:hi:01,synthetic_v1,0,1,0,0,0,0,0,0
40% off expires in 1 hour,false_urgency,false_urgency,en,div,banner,[TAG=div] [ROLE=banner] 40% off expires in 1 hour,false_urgency:en:15,synthetic_v1,0,1,0,0,0,0,0,0
Hurry! Offer on backpack expires in 48 hours,false_urgency,false_urgency,en,span,timer,[TAG=span] [ROLE=timer] Hurry! Offer on backpack expires in 48 hours,false_urgency:en:01,synthetic_v1,0,1,0,0,0,0,0,0
यह दर पाने के लिए 30 मिनट में बुक करें,false_urgency,false_urgency,hi,span,timer,[TAG=span] [ROLE=timer] यह दर पाने के लिए 30 मिनट में बुक करें,false_urgency:hi:09,synthetic_v1,0,1,0,0,0,0,0,0
सिर्फ़ आज! इंडक्शन चूल्हा पर 20% छूट,false_urgency,false_urgency,hi,div,banner,[TAG=div] [ROLE=banner] सिर्फ़ आज! इंडक्शन चूल्हा पर 20% छूट,false_urgency:hi:10,synthetic_v1,0,1,0,0,0,0,0,0
Tata Cliq मा इलेक्ट्रिक केतली मा 25% छुट — 5 मिनेट बाँकी,false_urgency,false_urgency,ne,p,promo,[TAG=p] [ROLE=promo] Tata Cliq मा इलेक्ट्रिक केतली मा 25% छुट — 5 मिनेट बाँकी,false_urgency:ne:19,synthetic_v1,0,1,0,0,0,0,0,0
मूल्य 09:45 मा बढ्नेछ,false_urgency,false_urgency,ne,div,banner,[TAG=div] [ROLE=banner] मूल्य 09:45 मा बढ्नेछ,false_urgency:ne:04,synthetic_v1,0,1,0,0,0,0,0,0
Order school bag within 18 hours for delivery to Patna,false_urgency,false_urgency,en,div,banner,[TAG=div] [ROLE=banner] Order school bag within 18 hours for delivery to Patna,false_urgency:en:18,synthetic_v1,0,1,0,0,0,0,0,0
Order in 02:14 to get delivery in 2 days,false_urgency,false_urgency,en,p,promo,[TAG=p] [ROLE=promo] Order in 02:14 to get delivery in 2 days,false_urgency:en:16,synthetic_v1,0,1,0,0,0,0,0,0
20% छुट 7 मिनेट मा सकिन्छ,false_urgency,false_urgency,ne,span,timer,[TAG=span] [ROLE=timer] 20% छुट 7 मिनेट मा सकिन्छ,false_urgency:ne:15,synthetic_v1,0,1,0,0,0,0,0,0
Your cart will expire in 3 hours,false_urgency,false_urgency,en,span,timer,[TAG=span] [ROLE=timer] Your cart will expire in 3 hours,false_urgency:en:03,synthetic_v1,0,1,0,0,0,0,0,0
ऑफिस चेयर पर रु. 899 की कीमत 23:11 तक ही,false_urgency,false_urgency,hi,div,banner,[TAG=div] [ROLE=banner] ऑफिस चेयर पर रु. 899 की कीमत 23:11 तक ही,false_urgency:hi:21,synthetic_v1,0,1,0,0,0,0,0,0
Hurry! Offer on water bottle expires in 3 hours,false_urgency,false_urgency,en,div,banner,[TAG=div] [ROLE=banner] Hurry! Offer on water bottle expires in 3 hours,false_urgency:en:01,synthetic_v1,0,1,0,0,0,0,0,0
Your SastoDeal cart with backpack expires in 23:11,false_urgency,false_urgency,en,div,banner,[TAG=div] [ROLE=banner] Your SastoDeal cart with backpack expires in 23:11,false_urgency:en:20,synthetic_v1,0,1,0,0,0,0,0,0
Extended by popular demand — final 4 hours,false_urgency,false_urgency,en,p,promo,[TAG=p] [ROLE=promo] Extended by popular demand — final 4 hours,false_urgency:en:13,synthetic_v1,0,1,0,0,0,0,0,0
Today only! 25% off water bottle,false_urgency,false_urgency,en,p,promo,[TAG=p] [ROLE=promo] Today only! 25% off water bottle,false_urgency:en:10,synthetic_v1,0,1,0,0,0,0,0,0
सिर्फ़ आज! फॉर्मल शर्ट पर 20% छूट,false_urgency,false_urgency,hi,span,timer,[TAG=span] [ROLE=timer] सिर्फ़ आज! फॉर्मल शर्ट पर 20% छूट,false_urgency:hi:10,synthetic_v1,0,1,0,0,0,0,0,0
आख़िरी मौका — राइस कुकर पर 1 घंटे बाकी,false_urgency,false_urgency,hi,div,banner,[TAG=div] [ROLE=banner] आख़िरी मौका — राइस कुकर पर 1 घंटे बाकी,false_urgency:hi:05,synthetic_v1,0,1,0,0,0,0,0,0
"फ्ल्यास सेल 12:00 मा सकिँदै, नगुमाउनुहोस्",false_urgency,false_urgency,ne,span,timer,"[TAG=span] [ROLE=timer] फ्ल्यास सेल 12:00 मा सकिँदै, नगुमाउनुहोस्",false_urgency:ne:06,synthetic_v1,0,1,0,0,0,0,0,0
Only 5 minutes remaining on this deal,false_urgency,false_urgency,en,span,timer,[TAG=span] [ROLE=timer] Only 5 minutes remaining on this deal,false_urgency:en:11,synthetic_v1,0,1,0,0,0,0,0,0
Deal of the day ends in 14:59,false_urgency,false_urgency,en,p,promo,[TAG=p] [ROLE=promo] Deal of the day ends in 14:59,false_urgency:en:02,synthetic_v1,0,1,0,0,0,0,0,0
फोन कवर वाला आपका Croma कार्ट 5 मिनट में खत्म,false_urgency,false_urgency,hi,p,promo,[TAG=p] [ROLE=promo] फोन कवर वाला आपका Croma कार्ट 5 मिनट में खत्म,false_urgency:hi:20,synthetic_v1,0,1,0,0,0,0,0,0
Rs. 999 price on protein powder valid for 48 hours only,false_urgency,false_urgency,en,span,timer,[TAG=span] [ROLE=timer] Rs. 999 price on protein powder valid for 48 hours only,false_urgency:en:21,synthetic_v1,0,1,0,0,0,0,0,0
काउन्टडाउन: 5 मिनेट मा मूल्य बढ्नेछ,false_urgency,false_urgency,ne,span,timer,[TAG=span] [ROLE=timer] काउन्टडाउन: 5 मिनेट मा मूल्य बढ्नेछ,false_urgency:ne:08,synthetic_v1,0,1,0,0,0,0,0,0
मूल्य 12 घण्टा मा बढ्नेछ,false_urgency,false_urgency,ne,div,banner,[TAG=div] [ROLE=banner] मूल्य 12 घण्टा मा बढ्नेछ,false_urgency:ne:04,synthetic_v1,0,1,0,0,0,0,0,0
SastoDeal पर राइस कुकर की सेल 15 मिनट में खत्म,false_urgency,false_urgency,hi,span,timer,[TAG=span] [ROLE=timer] SastoDeal पर राइस कुकर की सेल 15 मिनट में खत्म,false_urgency:hi:17,synthetic_v1,0,1,0,0,0,0,0,0
"ऑफिस चेयर पर रु. 1,999 की कीमत 1 घंटे तक ही",false_urgency,false_urgency,hi,p,promo,"[TAG=p] [ROLE=promo] ऑफिस चेयर पर रु. 1,999 की कीमत 1 घंटे तक ही",false_urgency:hi:21,synthetic_v1,0,1,0,0,0,0,0,0
Sale ends in 2 hours!,false_urgency,false_urgency,en,div,banner,[TAG=div] [ROLE=banner] Sale ends in 2 hours!,false_urgency:en:00,synthetic_v1,0,1,0,0,0,0,0,0
सिर्फ़ आज! वायरलेस ईयरबड्स पर 70% छूट,false_urgency,false_urgency,hi,div,banner,[TAG=div] [ROLE=banner] सिर्फ़ आज! वायरलेस ईयरबड्स पर 70% छूट,false_urgency:hi:10,synthetic_v1,0,1,0,0,0,0,0,0
"Rs. 1,199 price on face wash valid for 24 hours only",false_urgency,false_urgency,en,p,promo,"[TAG=p] [ROLE=promo] Rs. 1,199 price on face wash valid for 24 hours only",false_urgency:en:21,synthetic_v1,0,1,0,0,0,0,0,0
Pepperfry मा डेनिम जिन्स मा 5% छुट — 3 घण्टा बाँकी,false_urgency,false_urgency,ne,p,promo,[TAG=p] [ROLE=promo] Pepperfry मा डेनिम जिन्स मा 5% छुट — 3 घण्टा बाँकी,false_urgency:ne:19,synthetic_v1,0,1,0,0,0,0,0,0
छिटो गर्नुहोस्! कटन कुर्ता को अफर 14:59 मा सकिँदै,false_urgency,false_urgency,ne,p,promo,[TAG=p] [ROLE=promo] छिटो गर्नुहोस्! कटन कुर्ता को अफर 14:59 मा सकिँदै,false_urgency:ne:01,synthetic_v1,0,1,0,0,0,0,0,0
"फ्लैश सेल 5 मिनट में खत्म, चूकें नहीं",false_urgency,false_urgency,hi,span,timer,"[TAG=span] [ROLE=timer] फ्लैश सेल 5 मिनट में खत्म, चूकें नहीं",false_urgency:hi:06,synthetic_v1,0,1,0,0,0,0,0,0
Your Daraz cart with backpack expires in 12 hours,false_urgency,false_urgency,en,div,banner,[TAG=div] [ROLE=banner] Your Daraz cart with backpack expires in 12 hours,false_urgency:en:20,synthetic_v1,0,1,0,0,0,0,0,0
फर्मल सर्ट रहेको तपाईंको Zepto कार्ट 23:11 मा सकिन्छ,false_urgency,false_urgency,ne,p,promo,[TAG=p] [ROLE=promo] फर्मल सर्ट रहेको तपाईंको Zepto कार्ट 23:11 मा सकिन्छ,false_urgency:ne:20,synthetic_v1,0,1,0,0,0,0,0,0
10% off expires in 23:11,false_urgency,false_urgency,en,div,banner,[TAG=div] [ROLE=banner] 10% off expires in 23:11,false_urgency:en:15,synthetic_v1,0,1,0,0,0,0,0,0
"फ्ल्यास सेल 02:14 मा सकिँदै, नगुमाउनुहोस्",false_urgency,false_urgency,ne,div,banner,"[TAG=div] [ROLE=banner] फ्ल्यास सेल 02:14 मा सकिँदै, नगुमाउनुहोस्",false_urgency:ne:06,synthetic_v1,0,1,0,0,0,0,0,0
BigBasket मा राइस कुकर मा 80% छुट — 09:45 बाँकी,false_urgency,false_urgency,ne,div,banner,[TAG=div] [ROLE=banner] BigBasket मा राइस कुकर मा 80% छुट — 09:45 बाँकी,false_urgency:ne:19,synthetic_v1,0,1,0,0,0,0,0,0
मुंबई डिलीवरी के लिए 14:59 में प्रोटीन पाउडर ऑर्डर करें,false_urgency,false_urgency,hi,span,timer,[TAG=span] [ROLE=timer] मुंबई डिलीवरी के लिए 14:59 में प्रोटीन पाउडर ऑर्डर करें,false_urgency:hi:18,synthetic_v1,0,1,0,0,0,0,0,0
Order in 5 minutes to get delivery in 4 days,false_urgency,false_urgency,en,div,banner,[TAG=div] [ROLE=banner] Order in 5 minutes to get delivery in 4 days,false_urgency:en:16,synthetic_v1,0,1,0,0,0,0,0,0
35% छूट 10 मिनट में समाप्त,false_urgency,false_urgency,hi,span,timer,[TAG=span] [ROLE=timer] 35% छूट 10 मिनट में समाप्त,false_urgency:hi:15,synthetic_v1,0,1,0,0,0,0,0,0
Deal of the day ends in 7 minutes,false_urgency,false_urgency,en,p,promo,[TAG=p] [ROLE=promo] Deal of the day ends in 7 minutes,false_urgency:en:02,synthetic_v1,0,1,0,0,0,0,0,0
नासिक डिलीवरी के लिए 48 घंटे में गेमिंग माउस ऑर्डर करें,false_urgency,false_urgency,hi,div,banner,[TAG=div] [ROLE=banner] नासिक डिलीवरी के लिए 48 घंटे में गेमिंग माउस ऑर्डर करें,false_urgency:hi:18,synthetic_v1,0,1,0,0,0,0,0,0
Tata Cliq पर नॉइज़ कैंसलिंग हेडफोन की सेल 1 घंटे में खत्म,false_urgency,false_urgency,hi,span,timer,[TAG=span] [ROLE=timer] Tata Cliq पर नॉइज़ कैंसलिंग हेडफोन की सेल 1 घंटे में खत्म,false_urgency:hi:17,synthetic_v1,0,1,0,0,0,0,0,0
Gyapu sale on school bag ends in 30 minutes,false_urgency,false_urgency,en,div,banner,[TAG=div] [ROLE=banner] Gyapu sale on school bag ends in 30 minutes,false_urgency:en:17,synthetic_v1,0,1,0,0,0,0,0,0
OkDam sale on sunglasses ends in 10 minutes,false_urgency,false_urgency,en,p,promo,[TAG=p] [ROLE=promo] OkDam sale on sunglasses ends in 10 minutes,false_urgency:en:17,synthetic_v1,0,1,0,0,0,0,0,0
आख़िरी मौका — इंडक्शन चूल्हा पर 48 घंटे बाकी,false_urgency,false_urgency,hi,div,banner,[TAG=div] [ROLE=banner] आख़िरी मौका — इंडक्शन चूल्हा पर 48 घंटे बाकी,false_urgency:hi:05,synthetic_v1,0,1,0,0,0,0,0,0
5% छुट 20 मिनेट मा सकिन्छ,false_urgency,false_urgency,ne,div,banner,[TAG=div] [ROLE=banner] 5% छुट 20 मिनेट मा सकिन्छ,false_urgency:ne:15,synthetic_v1,0,1,0,0,0,0,0,0
छिटो गर्नुहोस्! कटन कुर्ता को अफर 24 घण्टा मा सकिँदै,false_urgency,false_urgency,ne,div,banner,[TAG=div] [ROLE=banner] छिटो गर्नुहोस्! कटन कुर्ता को अफर 24 घण्टा मा सकिँदै,false_urgency:ne:01,synthetic_v1,0,1,0,0,0,0,0,0
Sale ends in 24 hours!,false_urgency,false_urgency,en,div,banner,[TAG=div] [ROLE=banner] Sale ends in 24 hours!,false_urgency:en:00,synthetic_v1,0,1,0,0,0,0,0,0
Deal of the day ends in 48 hours,false_urgency,false_urgency,en,div,banner,[TAG=div] [ROLE=banner] Deal of the day ends in 48 hours,false_urgency:en:02,synthetic_v1,0,1,0,0,0,0,0,0
सिर्फ़ आज! एयर फ्रायर पर 5% छूट,false_urgency,false_urgency,hi,span,timer,[TAG=span] [ROLE=timer] सिर्फ़ आज! एयर फ्रायर पर 5% छूट,false_urgency:hi:10,synthetic_v1,0,1,0,0,0,0,0,0
इस डील पर केवल 6 घंटे शेष,false_urgency,false_urgency,hi,p,promo,[TAG=p] [ROLE=promo] इस डील पर केवल 6 घंटे शेष,false_urgency:hi:11,synthetic_v1,0,1,0,0,0,0,0,0
Ajio sale on school bag ends in 18 hours,false_urgency,false_urgency,en,div,banner,[TAG=div] [ROLE=banner] Ajio sale on school bag ends in 18 hours,false_urgency:en:17,synthetic_v1,0,1,0,0,0,0,0,0
Last chance — 1 hour left on noise cancelling headphones,false_urgency,false_urgency,en,p,promo,[TAG=p] [ROLE=promo] Last chance — 1 hour left on noise cancelling headphones,false_urgency:en:05,synthetic_v1,0,1,0,0,0,0,0,0
30% छुट 15 मिनेट मा सकिन्छ,false_urgency,false_urgency,ne,span,timer,[TAG=span] [ROLE=timer] 30% छुट 15 मिनेट मा सकिन्छ,false_urgency:ne:15,synthetic_v1,0,1,0,0,0,0,0,0
"फ्लैश सेल 24 घंटे में खत्म, चूकें नहीं",false_urgency,false_urgency,hi,p,promo,"[TAG=p] [ROLE=promo] फ्लैश सेल 24 घंटे में खत्म, चूकें नहीं",false_urgency:hi:06,synthetic_v1,0,1,0,0,0,0,0,0
"फ्लैश सेल 12 घंटे में खत्म, चूकें नहीं",false_urgency,false_urgency,hi,p,promo,"[TAG=p] [ROLE=promo] फ्लैश सेल 12 घंटे में खत्म, चूकें नहीं",false_urgency:hi:06,synthetic_v1,0,1,0,0,0,0,0,0
अफर 30 मिनेट मा सकिन्छ — 3 मात्र बाँकी!,false_urgency|scarcity,false_urgency,ne,p,promo,[TAG=p] [ROLE=promo] अफर 30 मिनेट मा सकिन्छ — 3 मात्र बाँकी!,false_urgency:ne:14,synthetic_v1,0,1,0,0,1,0,0,0
"19:20 भित्र अर्डर गर्नुहोस्, 10 दिनमा डेलिभरी",false_urgency,false_urgency,ne,div,banner,"[TAG=div] [ROLE=banner] 19:20 भित्र अर्डर गर्नुहोस्, 10 दिनमा डेलिभरी",false_urgency:ne:16,synthetic_v1,0,1,0,0,0,0,0,0
Reliance Digital पर रनिंग शूज़ पर 60% छूट — 20 मिनट बाकी,false_urgency,false_urgency,hi,div,banner,[TAG=div] [ROLE=banner] Reliance Digital पर रनिंग शूज़ पर 60% छूट — 20 मिनट बाकी,false_urgency:hi:19,synthetic_v1,0,1,0,0,0,0,0,0
Sale ends in 19:20!,false_urgency,false_urgency,en,span,timer,[TAG=span] [ROLE=timer] Sale ends in 19:20!,false_urgency:en:00,synthetic_v1,0,1,0,0,0,0,0,0
30% छूट 19:20 में समाप्त,false_urgency,false_urgency,hi,span,timer,[TAG=span] [ROLE=timer] 30% छूट 19:20 में समाप्त,false_urgency:hi:15,synthetic_v1,0,1,0,0,0,0,0,0
35% off running shoes at Pepperfry — 48 hours left,false_urgency,false_urgency,en,p,promo,[TAG=p] [ROLE=promo] 35% off running shoes at Pepperfry — 48 hours left,false_urgency:en:19,synthetic_v1,0,1,0,0,0,0,0,0
"5 मिनेट भित्र अर्डर गर्नुहोस्, 4 दिनमा डेलिभरी",false_urgency,false_urgency,ne,span,timer,"[TAG=span] [ROLE=timer] 5 मिनेट भित्र अर्डर गर्नुहोस्, 4 दिनमा डेलिभरी",false_urgency:ne:16,synthetic_v1,0,1,0,0,0,0,0,0
"5 मिनट में ऑर्डर करें, 10 दिन में डिलीवरी",false_urgency,false_urgency,hi,span,timer,"[TAG=span] [ROLE=timer] 5 मिनट में ऑर्डर करें, 10 दिन में डिलीवरी",false_urgency:hi:16,synthetic_v1,0,1,0,0,0,0,0,0
अगले 6 मिनट तक ही मान्य,false_urgency,false_urgency,hi,div,banner,[TAG=div] [ROLE=banner] अगले 6 मिनट तक ही मान्य,false_urgency:hi:07,synthetic_v1,0,1,0,0,0,0,0,0
यो मूल्य तपाईंका लागि 20 मिनेट सम्म सुरक्षित,false_urgency,false_urgency,ne,p,promo,[TAG=p] [ROLE=promo] यो मूल्य तपाईंका लागि 20 मिनेट सम्म सुरक्षित,false_urgency:ne:12,synthetic_v1,0,1,0,0,0,0,0,0
यो डिलमा 19:20 मात्र बाँकी,false_urgency,false_urgency,ne,div,banner,[TAG=div] [ROLE=banner] यो डिलमा 19:20 मात्र बाँकी,false_urgency:ne:11,synthetic_v1,0,1,0,0,0,0,0,0
अफर 30 मिनेट मा सकिन्छ — 7 मात्र बाँकी!,false_urgency|scarcity,false_urgency,ne,span,timer,[TAG=span] [ROLE=timer] अफर 30 मिनेट मा सकिन्छ — 7 मात्र बाँकी!,false_urgency:ne:14,synthetic_v1,0,1,0,0,1,0,0,0
Myntra मा कफी मेकर को सेल 30 मिनेट मा सकिन्छ,false_urgency,false_urgency,ne,div,banner,[TAG=div] [ROLE=banner] Myntra मा कफी मेकर को सेल 30 मिनेट मा सकिन्छ,false_urgency:ne:17,synthetic_v1,0,1,0,0,0,0,0,0
Your cart will expire in 15 minutes,false_urgency,false_urgency,en,div,banner,[TAG=div] [ROLE=banner] Your cart will expire in 15 minutes,false_urgency:en:03,synthetic_v1,0,1,0,0,0,0,0,0
Deal of the day ends in 3 hours,false_urgency,false_urgency,en,p,promo,[TAG=p] [ROLE=promo] Deal of the day ends in 3 hours,false_urgency:en:02,synthetic_v1,0,1,0,0,0,0,0,0
"20 मिनट में ऑर्डर करें, 3 दिन में डिलीवरी",false_urgency,false_urgency,hi,div,banner,"[TAG=div] [ROLE=banner] 20 मिनट में ऑर्डर करें, 3 दिन में डिलीवरी",false_urgency:hi:16,synthetic_v1,0,1,0,0,0,0,0,0
Today only! 5% off power bank,false_urgency,false_urgency,en,div,banner,[TAG=div] [ROLE=banner] Today only! 5% off power bank,false_urgency:en:10,synthetic_v1,0,1,0,0,0,0,0,0
यह दर पाने के लिए 24 घंटे में बुक करें,false_urgency,false_urgency,hi,p,promo,[TAG=p] [ROLE=promo] यह दर पाने के लिए 24 घंटे में बुक करें,false_urgency:hi:09,synthetic_v1,0,1,0,0,0,0,0,0
फोन कवर पर रु. 149 की कीमत 6 घंटे तक ही,false_urgency,false_urgency,hi,div,banner,[TAG=div] [ROLE=banner] फोन कवर पर रु. 149 की कीमत 6 घंटे तक ही,false_urgency:hi:21,synthetic_v1,0,1,0,0,0,0,0,0
आख़िरी मौका — बैकपैक पर 20 मिनट बाकी,false_urgency,false_urgency,hi,div,banner,[TAG=div] [ROLE=banner] आख़िरी मौका — बैकपैक पर 20 मिनट बाकी,false_urgency:hi:05,synthetic_v1,0,1,0,0,0,0,0,0
सिर्फ़ आज! फेस वॉश पर 40% छूट,false_urgency,false_urgency,hi,div,banner,[TAG=div] [ROLE=banner] सिर्फ़ आज! फेस वॉश पर 40% छूट,false_urgency:hi:10,synthetic_v1,0,1,0,0,0,0,0,0
Today only! 20% off protein powder,false_urgency,false_urgency,en,p,promo,[TAG=p] [ROLE=promo] Today only! 20% off protein powder,false_urgency:en:10,synthetic_v1,0,1,0,0,0,0,0,0
जल्दी करें! गेमिंग माउस पर ऑफ़र 3 मिनट में समाप्त,false_urgency,false_urgency,hi,p,promo,[TAG=p] [ROLE=promo] जल्दी करें! गेमिंग माउस पर ऑफ़र 3 मिनट में समाप्त,false_urgency:hi:01,synthetic_v1,0,1,0,0,0,0,0,0
Order in 3 minutes to get delivery in 10 days,false_urgency,false_urgency,en,div,banner,[TAG=div] [ROLE=banner] Order in 3 minutes to get delivery in 10 days,false_urgency:en:16,synthetic_v1,0,1,0,0,0,0,0,0
Offer ends in 18 hours — only 4 left!,false_urgency|scarcity,false_urgency,en,span,timer,[TAG=span] [ROLE=timer] Offer ends in 18 hours — only 4 left!,false_urgency:en:14,synthetic_v1,0,1,0,0,1,0,0,0
अन्तिम मौका — ब्लुटुथ स्पिकर मा 12 घण्टा बाँकी,false_urgency,false_urgency,ne,p,promo,[TAG=p] [ROLE=promo] अन्तिम मौका — ब्लुटुथ स्पिकर मा 12 घण्टा बाँकी,false_urgency:ne:05,synthetic_v1,0,1,0,0,0,0,0,0
छिटो गर्नुहोस्! वायरलेस इयरबड्स को अफर 3 घण्टा मा सकिँदै,false_urgency,false_urgency,ne,p,promo,[TAG=p] [ROLE=promo] छिटो गर्नुहोस्! वायरलेस इयरबड्स को अफर 3 घण्टा मा सकिँदै,false_urgency:ne:01,synthetic_v1,0,1,0,0,0,0,0,0
ऑफ़र 5 मिनट में खत्म — केवल 12 बचे!,false_urgency|scarcity,false_urgency,hi,div,banner,[TAG=div] [ROLE=banner] ऑफ़र 5 मिनट में खत्म — केवल 12 बचे!,false_urgency:hi:14,synthetic_v1,0,1,0,0,1,0,0,0
Reliance Digital मा ब्लुटुथ स्पिकर को सेल 5 मिनेट मा सकिन्छ,false_urgency,false_urgency,ne,p,promo,[TAG=p] [ROLE=promo] Reliance Digital मा ब्लुटुथ स्पिकर को सेल 5 मिनेट मा सकिन्छ,false_urgency:ne:17,synthetic_v1,0,1,0,0,0,0,0,0
आख़िरी मौका — योगा मैट पर 12:00 बाकी,false_urgency,false_urgency,hi,p,promo,[TAG=p] [ROLE=promo] आख़िरी मौका — योगा मैट पर 12:00 बाकी,false_urgency:hi:05,synthetic_v1,0,1,0,0,0,0,0,0
ऑफ़र 09:45 में खत्म — केवल 10 बचे!,false_urgency|scarcity,false_urgency,hi,p,promo,[TAG=p] [ROLE=promo] ऑफ़र 09:45 में खत्म — केवल 10 बचे!,false_urgency:hi:14,synthetic_v1,0,1,0,0,1,0,0,0
SastoDeal पर डेनिम जींस की सेल 15 मिनट में खत्म,false_urgency,false_urgency,hi,span,timer,[TAG=span] [ROLE=timer] SastoDeal पर डेनिम जींस की सेल 15 मिनट में खत्म,false_urgency:hi:17,synthetic_v1,0,1,0,0,0,0,0,0
80% छुट 02:14 मा सकिन्छ,false_urgency,false_urgency,ne,div,banner,[TAG=div] [ROLE=banner] 80% छुट 02:14 मा सकिन्छ,false_urgency:ne:15,synthetic_v1,0,1,0,0,0,0,0,0
ब्याकप्याक मा रु. 249 को मूल्य 10 मिनेट सम्म मात्र,false_urgency,false_urgency,ne,span,timer,[TAG=span] [ROLE=timer] ब्याकप्याक मा रु. 249 को मूल्य 10 मिनेट सम्म मात्र,false_urgency:ne:21,synthetic_v1,0,1,0,0,0,0,0,0
Snapdeal पर गेमिंग माउस की सेल 6 घंटे में खत्म,false_urgency,false_urgency,hi,div,banner,[TAG=div] [ROLE=banner] Snapdeal पर गेमिंग माउस की सेल 6 घंटे में खत्म,false_urgency:hi:17,synthetic_v1,0,1,0,0,0,0,0,0
30% छुट 10 मिनेट मा सकिन्छ,false_urgency,false_urgency,ne,p,promo,[TAG=p] [ROLE=promo] 30% छुट 10 मिनेट मा सकिन्छ,false_urgency:ne:15,synthetic_v1,0,1,0,0,0,0,0,0
SastoDeal मा एयर फ्रायर मा 25% छुट — 14:59 बाँकी,false_urgency,false_urgency,ne,p,promo,[TAG=p] [ROLE=promo] SastoDeal मा एयर फ्रायर मा 25% छुट — 14:59 बाँकी,false_urgency:ne:19,synthetic_v1,0,1,0,0,0,0,0,0
तपाईंको कार्ट 09:45 मा खाली हुनेछ,false_urgency,false_urgency,ne,p,promo,[TAG=p] [ROLE=promo] तपाईंको कार्ट 09:45 मा खाली हुनेछ,false_urgency:ne:03,synthetic_v1,0,1,0,0,0,0,0,0
"10 मिनट में ऑर्डर करें, 4 दिन में डिलीवरी",false_urgency,false_urgency,hi,div,banner,"[TAG=div] [ROLE=banner] 10 मिनट में ऑर्डर करें, 4 दिन में डिलीवरी",false_urgency:hi:16,synthetic_v1,0,1,0,0,0,0,0,0
ऑफ़र 24 घंटे में खत्म — केवल 5 बचे!,false_urgency|scarcity,false_urgency,hi,div,banner,[TAG=div] [ROLE=banner] ऑफ़र 24 घंटे में खत्म — केवल 5 बचे!,false_urgency:hi:14,synthetic_v1,0,1,0,0,1,0,0,0
लैपटॉप बैग वाला आपका Muncha कार्ट 30 मिनट में खत्म,false_urgency,false_urgency,hi,p,promo,[TAG=p] [ROLE=promo] लैपटॉप बैग वाला आपका Muncha कार्ट 30 मिनट में खत्म,false_urgency:hi:20,synthetic_v1,0,1,0,0,0,0,0,0
बैकपैक पर रु. 699 की कीमत 12:00 तक ही,false_urgency,false_urgency,hi,div,banner,[TAG=div] [ROLE=banner] बैकपैक पर रु. 699 की कीमत 12:00 तक ही,false_urgency:hi:21,synthetic_v1,0,1,0,0,0,0,0,0
Last chance — 04:30 left on backpack,false_urgency,false_urgency,en,div,banner,[TAG=div] [ROLE=banner] Last chance — 04:30 left on backpack,false_urgency:en:05,synthetic_v1,0,1,0,0,0,0,0,0
Only 23:11 remaining on this deal,false_urgency,false_urgency,en,div,banner,[TAG=div] [ROLE=banner] Only 23:11 remaining on this deal,false_urgency:en:11,synthetic_v1,0,1,0,0,0,0,0,0
सिर्फ़ आज! फोन कवर पर 35% छूट,false_urgency,false_urgency,hi,span,timer,[TAG=span] [ROLE=timer] सिर्फ़ आज! फोन कवर पर 35% छूट,false_urgency:hi:10,synthetic_v1,0,1,0,0,0,0,0,0
आपका कार्ट 19:20 में खाली हो जाएगा,false_urgency,false_urgency,hi,div,banner,[TAG=div] [ROLE=banner] आपका कार्ट 19:20 में खाली हो जाएगा,false_urgency:hi:03,synthetic_v1,0,1,0,0,0,0,0,0
30% off expires in 20 minutes,false_urgency,false_urgency,en,div,banner,[TAG=div] [ROLE=banner] 30% off expires in 20 minutes,false_urgency:en:15,synthetic_v1,0,1,0,0,0,0,0,0
Countdown: 04:30 until the price rises,false_urgency,false_urgency,en,p,promo,[TAG=p] [ROLE=promo] Countdown: 04:30 until the price rises,false_urgency:en:08,synthetic_v1,0,1,0,0,0,0,0,0
10% छुट 09:45 मा सकिन्छ,false_urgency,false_urgency,ne,div,banner,[TAG=div] [ROLE=banner] 10% छुट 09:45 मा सकिन्छ,false_urgency:ne:15,synthetic_v1,0,1,0,0,0,0,0,0
यह दर पाने के लिए 48 घंटे में बुक करें,false_urgency,false_urgency,hi,span,timer,[TAG=span] [ROLE=timer] यह दर पाने के लिए 48 घंटे में बुक करें,false_urgency:hi:09,synthetic_v1,0,1,0,0,0,0,0,0
Last chance — 3 minutes left on bluetooth speaker,false_urgency,false_urgency,en,div,banner,[TAG=div] [ROLE=banner] Last chance — 3 minutes left on bluetooth speaker,false_urgency:en:05,synthetic_v1,0,1,0,0,0,0,0,0
SastoDeal मा अफिस कुर्सी को सेल 6 घण्टा मा सकिन्छ,false_urgency,false_urgency,ne,div,banner,[TAG=div] [ROLE=banner] SastoDeal मा अफिस कुर्सी को सेल 6 घण्टा मा सकिन्छ,false_urgency:ne:17,synthetic_v1,0,1,0,0,0,0,0,0
80% छूट 10 मिनट में समाप्त,false_urgency,false_urgency,hi,p,promo,[TAG=p] [ROLE=promo] 80% छूट 10 मिनट में समाप्त,false_urgency:hi:15,synthetic_v1,0,1,0,0,0,0,0,0
Your cart will expire in 12:00,false_urgency,false_urgency,en,p,promo,[TAG=p] [ROLE=promo] Your cart will expire in 12:00,false_urgency:en:03,synthetic_v1,0,1,0,0,0,0,0,0
"10 मिनट में ऑर्डर करें, 7 दिन में डिलीवरी",false_urgency,false_urgency,hi,span,timer,"[TAG=span] [ROLE=timer] 10 मिनट में ऑर्डर करें, 7 दिन में डिलीवरी",false_urgency:hi:16,synthetic_v1,0,1,0,0,0,0,0,0
Last chance — 1 minute left on yoga mat,false_urgency,false_urgency,en,div,banner,[TAG=div] [ROLE=banner] Last chance — 1 minute left on yoga mat,false_urgency:en:05,synthetic_v1,0,1,0,0,0,0,0,0
आख़िरी मौका — फेस वॉश पर 15 मिनट बाकी,false_urgency,false_urgency,hi,div,banner,[TAG=div] [ROLE=banner] आख़िरी मौका — फेस वॉश पर 15 मिनट बाकी,false_urgency:hi:05,synthetic_v1,0,1,0,0,0,0,0,0
60% छूट 12:00 में समाप्त,false_urgency,false_urgency,hi,span,timer,[TAG=span] [ROLE=timer] 60% छूट 12:00 में समाप्त,false_urgency:hi:15,synthetic_v1,0,1,0,0,0,0,0,0
दाम 10 मिनट में बढ़ जाएंगे,false_urgency,false_urgency,hi,p,promo,[TAG=p] [ROLE=promo] दाम 10 मिनट में बढ़ जाएंगे,false_urgency:hi:04,synthetic_v1,0,1,0,0,0,0,0,0
60% off electric kettle at Zepto — 30 minutes left,false_urgency,false_urgency,en,p,promo,[TAG=p] [ROLE=promo] 60% off electric kettle at Zepto — 30 minutes left,false_urgency:en:19,synthetic_v1,0,1,0,0,0,0,0,0
यो डिलमा 00:59 मात्र बाँकी,false_urgency,false_urgency,ne,p,promo,[TAG=p] [ROLE=promo] यो डिलमा 00:59 मात्र बाँकी,false_urgency:ne:11,synthetic_v1,0,1,0,0,0,0,0,0
यह कीमत आपके लिए 04:30 तक सुरक्षित,false_urgency,false_urgency,hi,div,banner,[TAG=div] [ROLE=banner] यह कीमत आपके लिए 04:30 तक सुरक्षित,false_urgency:hi:12,synthetic_v1,0,1,0,0,0,0,0,0
Book within 7 minutes to lock this rate,false_urgency,false_urgency,en,div,banner,[TAG=div] [ROLE=banner] Book within 7 minutes to lock this rate,false_urgency:en:09,synthetic_v1,0,1,0,0,0,0,0,0
आज मात्र! रनिङ जुत्ता मा 20% छुट,false_urgency,false_urgency,ne,div,banner,[TAG=div] [ROLE=banner] आज मात्र! रनिङ जुत्ता मा 20% छुट,false_urgency:ne:10,synthetic_v1,0,1,0,0,0,0,0,0
Last chance — 19:20 left on hair dryer,false_urgency,false_urgency,en,span,timer,[TAG=span] [ROLE=timer] Last chance — 19:20 left on hair dryer,false_urgency:en:05,synthetic_v1,0,1,0,0,0,0,0,0
आज मात्र! डेनिम जिन्स मा 5% छुट,false_urgency,false_urgency,ne,p,promo,[TAG=p] [ROLE=promo] आज मात्र! डेनिम जिन्स मा 5% छुट,false_urgency:ne:10,synthetic_v1,0,1,0,0,0,0,0,0
आज का सौदा 7 मिनट में खत्म,false_urgency,false_urgency,hi,div,banner,[TAG=div] [ROLE=banner] आज का सौदा 7 मिनट में खत्म,false_urgency:hi:02,synthetic_v1,0,1,0,0,0,0,0,0
यो मूल्य तपाईंका लागि 00:59 सम्म सुरक्षित,false_urgency,false_urgency,ne,p,promo,[TAG=p] [ROLE=promo] यो मूल्य तपाईंका लागि 00:59 सम्म सुरक्षित,false_urgency:ne:12,synthetic_v1,0,1,0,0,0,0,0,0
FirstCry sale on protein powder ends in 6 hours,false_urgency,false_urgency,en,span,timer,[TAG=span] [ROLE=timer] FirstCry sale on protein powder ends in 6 hours,false_urgency:en:17,synthetic_v1,0,1,0,0,0,0,0,0
Rs. 49 price on smartwatch valid for 24 hours only,false_urgency,false_urgency,en,span,timer,[TAG=span] [ROLE=timer] Rs. 49 price on smartwatch valid for 24 hours only,false_urgency:en:21,synthetic_v1,0,1,0,0,0,0,0,0
सिर्फ़ आज! हेयर ड्रायर पर 25% छूट,false_urgency,false_urgency,hi,div,banner,[TAG=div] [ROLE=banner] सिर्फ़ आज! हेयर ड्रायर पर 25% छूट,false_urgency:hi:10,synthetic_v1,0,1,0,0,0,0,0,0
5% off expires in 09:45,false_urgency,false_urgency,en,p,promo,[TAG=p] [ROLE=promo] 5% off expires in 09:45,false_urgency:en:15,synthetic_v1,0,1,0,0,0,0,0,0
"फ्लैश सेल 18 घंटे में खत्म, चूकें नहीं",false_urgency,false_urgency,hi,p,promo,"[TAG=p] [ROLE=promo] फ्लैश सेल 18 घंटे में खत्म, चूकें नहीं",false_urgency:hi:06,synthetic_v1,0,1,0,0,0,0,0,0
Book within 2 hours to lock this rate,false_urgency,false_urgency,en,span,timer,[TAG=span] [ROLE=timer] Book within 2 hours to lock this rate,false_urgency:en:09,synthetic_v1,0,1,0,0,0,0,0,0
यो दर पाउन 45 मिनेट भित्र बुक गर्नुहोस्,false_urgency,false_urgency,ne,div,banner,[TAG=div] [ROLE=banner] यो दर पाउन 45 मिनेट भित्र बुक गर्नुहोस्,false_urgency:ne:09,synthetic_v1,0,1,0,0,0,0,0,0
चितवन डेलिभरीका लागि 14:59 भित्र स्मार्टवाच अर्डर गर्नुहोस्,false_urgency,false_urgency,ne,p,promo,[TAG=p] [ROLE=promo] चितवन डेलिभरीका लागि 14:59 भित्र स्मार्टवाच अर्डर गर्नुहोस्,false_urgency:ne:18,synthetic_v1,0,1,0,0,0,0,0,0
Reliance Digital पर बैकपैक की सेल 19:20 में खत्म,false_urgency,false_urgency,hi,span,timer,[TAG=span] [ROLE=timer] Reliance Digital पर बैकपैक की सेल 19:20 में खत्म,false_urgency:hi:17,synthetic_v1,0,1,0,0,0,0,0,0
जल्दी करें! स्पोर्ट्स सैंडल पर ऑफ़र 12 घंटे में समाप्त,false_urgency,false_urgency,hi,div,banner,[TAG=div] [ROLE=banner] जल्दी करें! स्पोर्ट्स सैंडल पर ऑफ़र 12 घंटे में समाप्त,false_urgency:hi:01,synthetic_v1,0,1,0,0,0,0,0,0
आज मात्र! हिउँदको ब्ल्याङ्केट मा 70% छुट,false_urgency,false_urgency,ne,div,banner,[TAG=div] [ROLE=banner] आज मात्र! हिउँदको ब्ल्याङ्केट मा 70% छुट,false_urgency:ne:10,synthetic_v1,0,1,0,0,0,0,0,0
Order in 09:45 to get delivery in 2 days,false_urgency,false_urgency,en,span,timer,[TAG=span] [ROLE=timer] Order in 09:45 to get delivery in 2 days,false_urgency:en:16,synthetic_v1,0,1,0,0,0,0,0,0
आजको डिल 15 मिनेट मा सकिन्छ,false_urgency,false_urgency,ne,p,promo,[TAG=p] [ROLE=promo] आजको डिल 15 मिनेट मा सकिन्छ,false_urgency:ne:02,synthetic_v1,0,1,0,0,0,0,0,0
आज मात्र! स्कुल ब्याग मा 35% छुट,false_urgency,false_urgency,ne,span,timer,[TAG=span] [ROLE=timer] आज मात्र! स्कुल ब्याग मा 35% छुट,false_urgency:ne:10,synthetic_v1,0,1,0,0,0,0,0,0
Hurry! Offer on office chair expires in 15 minutes,false_urgency,false_urgency,en,div,banner,[TAG=div] [ROLE=banner] Hurry! Offer on office chair expires in 15 minutes,false_urgency:en:01,synthetic_v1,0,1,0,0,0,0,0,0
बुटवल डेलिभरीका लागि 23:11 भित्र पावर ब्यांक अर्डर गर्नुहोस्,false_urgency,false_urgency,ne,span,timer,[TAG=span] [ROLE=timer] बुटवल डेलिभरीका लागि 23:11 भित्र पावर ब्यांक अर्डर गर्नुहोस्,false_urgency:ne:18,synthetic_v1,0,1,0,0,0,0,0,0
सिर्फ़ आज! स्पोर्ट्स सैंडल पर 70% छूट,false_urgency,false_urgency,hi,span,timer,[TAG=span] [ROLE=timer] सिर्फ़ आज! स्पोर्ट्स सैंडल पर 70% छूट,false_urgency:hi:10,synthetic_v1,0,1,0,0,0,0,0,0
काउंटडाउन: 19:20 में कीमत बढ़ेगी,false_urgency,false_urgency,hi,div,banner,[TAG=div] [ROLE=banner] काउंटडाउन: 19:20 में कीमत बढ़ेगी,false_urgency:hi:08,synthetic_v1,0,1,0,0,0,0,0,0
Snapdeal मा ब्लुटुथ स्पिकर को सेल 20 मिनेट मा सकिन्छ,false_urgency,false_urgency,ne,p,promo,[TAG=p] [ROLE=promo] Snapdeal मा ब्लुटुथ स्पिकर को सेल 20 मिनेट मा सकिन्छ,false_urgency:ne:17,synthetic_v1,0,1,0,0,0,0,0,0
Book within 45 minutes to lock this rate,false_urgency,false_urgency,en,div,banner,[TAG=div] [ROLE=banner] Book within 45 minutes to lock this rate,false_urgency:en:09,synthetic_v1,0,1,0,0,0,0,0,0
यो मूल्य तपाईंका लागि 6 घण्टा सम्म सुरक्षित,false_urgency,false_urgency,ne,div,banner,[TAG=div] [ROLE=banner] यो मूल्य तपाईंका लागि 6 घण्टा सम्म सुरक्षित,false_urgency:ne:12,synthetic_v1,0,1,0,0,0,0,0,0
अन्तिम मौका — राइस कुकर मा 7 मिनेट बाँकी,false_urgency,false_urgency,ne,span,timer,[TAG=span] [ROLE=timer] अन्तिम मौका — राइस कुकर मा 7 मिनेट बाँकी,false_urgency:ne:05,synthetic_v1,0,1,0,0,0,0,0,0
इटहरी डेलिभरीका लागि 2 घण्टा भित्र घामको चस्मा अर्डर गर्नुहोस्,false_urgency,false_urgency,ne,p,promo,[TAG=p] [ROLE=promo] इटहरी डेलिभरीका लागि 2 घण्टा भित्र घामको चस्मा अर्डर गर्नुहोस्,false_urgency:ne:18,synthetic_v1,0,1,0,0,0,0,0,0
50% छुट 20 मिनेट मा सकिन्छ,false_urgency,false_urgency,ne,div,banner,[TAG=div] [ROLE=banner] 50% छुट 20 मिनेट मा सकिन्छ,false_urgency:ne:15,synthetic_v1,0,1,0,0,0,0,0,0
स्कूल बैग वाला आपका Muncha कार्ट 1 मिनट में खत्म,false_urgency,false_urgency,hi,span,timer,[TAG=span] [ROLE=timer] स्कूल बैग वाला आपका Muncha कार्ट 1 मिनट में खत्म,false_urgency:hi:20,synthetic_v1,0,1,0,0,0,0,0,0
छिटो गर्नुहोस्! स्टडी लाइट को अफर 1 मिनेट मा सकिँदै,false_urgency,false_urgency,ne,p,promo,[TAG=p] [ROLE=promo] छिटो गर्नुहोस्! स्टडी लाइट को अफर 1 मिनेट मा सकिँदै,false_urgency:ne:01,synthetic_v1,0,1,0,0,0,0,0,0
Last chance — 09:45 left on denim jeans,false_urgency,false_urgency,en,p,promo,[TAG=p] [ROLE=promo] Last chance — 09:45 left on denim jeans,false_urgency:en:05,synthetic_v1,0,1,0,0,0,0,0,0
FirstCry मा पानीको बोतल को सेल 18 घण्टा मा सकिन्छ,false_urgency,false_urgency,ne,div,banner,[TAG=div] [ROLE=banner] FirstCry मा पानीको बोतल को सेल 18 घण्टा मा सकिन्छ,false_urgency:ne:17,synthetic_v1,0,1,0,0,0,0,0,0
"12:00 में ऑर्डर करें, 3 दिन में डिलीवरी",false_urgency,false_urgency,hi,p,promo,"[TAG=p] [ROLE=promo] 12:00 में ऑर्डर करें, 3 दिन में डिलीवरी",false_urgency:hi:16,synthetic_v1,0,1,0,0,0,0,0,0
आख़िरी मौका — राइस कुकर पर 19:20 बाकी,false_urgency,false_urgency,hi,div,banner,[TAG=div] [ROLE=banner] आख़िरी मौका — राइस कुकर पर 19:20 बाकी,false_urgency:hi:05,synthetic_v1,0,1,0,0,0,0,0,0
तपाईंको कार्ट 48 घण्टा मा खाली हुनेछ,false_urgency,false_urgency,ne,span,timer,[TAG=span] [ROLE=timer] तपाईंको कार्ट 48 घण्टा मा खाली हुनेछ,false_urgency:ne:03,synthetic_v1,0,1,0,0,0,0,0,0
यो डिलमा 15 मिनेट मात्र बाँकी,false_urgency,false_urgency,ne,div,banner,[TAG=div] [ROLE=banner] यो डिलमा 15 मिनेट मात्र बाँकी,false_urgency:ne:11,synthetic_v1,0,1,0,0,0,0,0,0
जल्दी करें! ऑफिस चेयर पर ऑफ़र 1 घंटे में समाप्त,false_urgency,false_urgency,hi,span,timer,[TAG=span] [ROLE=timer] जल्दी करें! ऑफिस चेयर पर ऑफ़र 1 घंटे में समाप्त,false_urgency:hi:01,synthetic_v1,0,1,0,0,0,0,0,0
Order in 12 hours to get delivery in 4 days,false_urgency,false_urgency,en,p,promo,[TAG=p] [ROLE=promo] Order in 12 hours to get delivery in 4 days,false_urgency:en:16,synthetic_v1,0,1,0,0,0,0,0,0
Order in 1 minute to get delivery in 3 days,false_urgency,false_urgency,en,span,timer,[TAG=span] [ROLE=timer] Order in 1 minute to get delivery in 3 days,false_urgency:en:16,synthetic_v1,0,1,0,0,0,0,0,0
Zepto मा पानीको बोतल मा 60% छुट — 1 घण्टा बाँकी,false_urgency,false_urgency,ne,div,banner,[TAG=div] [ROLE=banner] Zepto मा पानीको बोतल मा 60% छुट — 1 घण्टा बाँकी,false_urgency:ne:19,synthetic_v1,0,1,0,0,0,0,0,0
Hurry! Offer on trekking jacket expires in 10 minutes,false_urgency,false_urgency,en,div,banner,[TAG=div] [ROLE=banner] Hurry! Offer on trekking jacket expires in 10 minutes,false_urgency:en:01,synthetic_v1,0,1,0,0,0,0,0,0
फर्मल सर्ट मा रु. 799 को मूल्य 1 मिनेट सम्म मात्र,false_urgency,false_urgency,ne,div,banner,[TAG=div] [ROLE=banner] फर्मल सर्ट मा रु. 799 को मूल्य 1 मिनेट सम्म मात्र,false_urgency:ne:21,synthetic_v1,0,1,0,0,0,0,0,0
Meesho पर सर्दी का कंबल की सेल 6 घंटे में खत्म,false_urgency,false_urgency,hi,div,banner,[TAG=div] [ROLE=banner] Meesho पर सर्दी का कंबल की सेल 6 घंटे में खत्म,false_urgency:hi:17,synthetic_v1,0,1,0,0,0,0,0,0
छिटो गर्नुहोस्! स्पोर्ट्स चप्पल को अफर 12:00 मा सकिँदै,false_urgency,false_urgency,ne,span,timer,[TAG=span] [ROLE=timer] छिटो गर्नुहोस्! स्पोर्ट्स चप्पल को अफर 12:00 मा सकिँदै,false_urgency:ne:01,synthetic_v1,0,1,0,0,0,0,0,0
जल्दी करें! ट्रेकिंग जैकेट पर ऑफ़र 09:45 में समाप्त,false_urgency,false_urgency,hi,div,banner,[TAG=div] [ROLE=banner] जल्दी करें! ट्रेकिंग जैकेट पर ऑफ़र 09:45 में समाप्त,false_urgency:hi:01,synthetic_v1,0,1,0,0,0,0,0,0
मांग के कारण 12 घंटे बढ़ाया गया,false_urgency,false_urgency,hi,div,banner,[TAG=div] [ROLE=banner] मांग के कारण 12 घंटे बढ़ाया गया,false_urgency:hi:13,synthetic_v1,0,1,0,0,0,0,0,0
Myntra मा इलेक्ट्रिक केतली को सेल 00:59 मा सकिन्छ,false_urgency,false_urgency,ne,span,timer,[TAG=span] [ROLE=timer] Myntra मा इलेक्ट्रिक केतली को सेल 00:59 मा सकिन्छ,false_urgency:ne:17,synthetic_v1,0,1,0,0,0,0,0,0
यो दर पाउन 1 मिनेट भित्र बुक गर्नुहोस्,false_urgency,false_urgency,ne,div,banner,[TAG=div] [ROLE=banner] यो दर पाउन 1 मिनेट भित्र बुक गर्नुहोस्,false_urgency:ne:09,synthetic_v1,0,1,0,0,0,0,0,0
आज मात्र! कफी मेकर मा 30% छुट,false_urgency,false_urgency,ne,p,promo,[TAG=p] [ROLE=promo] आज मात्र! कफी मेकर मा 30% छुट,false_urgency:ne:10,synthetic_v1,0,1,0,0,0,0,0,0
Myntra मा पानीको बोतल को सेल 19:20 मा सकिन्छ,false_urgency,false_urgency,ne,span,timer,[TAG=span] [ROLE=timer] Myntra मा पानीको बोतल को सेल 19:20 मा सकिन्छ,false_urgency:ne:17,synthetic_v1,0,1,0,0,0,0,0,0
यो दर पाउन 19:20 भित्र बुक गर्नुहोस्,false_urgency,false_urgency,ne,div,banner,[TAG=div] [ROLE=banner] यो दर पाउन 19:20 भित्र बुक गर्नुहोस्,false_urgency:ne:09,synthetic_v1,0,1,0,0,0,0,0,0
Offer ends in 3 minutes — only 7 left!,false_urgency|scarcity,false_urgency,en,p,promo,[TAG=p] [ROLE=promo] Offer ends in 3 minutes — only 7 left!,false_urgency:en:14,synthetic_v1,0,1,0,0,1,0,0,0
Order in 18 hours to get delivery in 14 days,false_urgency,false_urgency,en,span,timer,[TAG=span] [ROLE=timer] Order in 18 hours to get delivery in 14 days,false_urgency:en:16,synthetic_v1,0,1,0,0,0,0,0,0
50% छूट 30 मिनट में समाप्त,false_urgency,false_urgency,hi,p,promo,[TAG=p] [ROLE=promo] 50% छूट 30 मिनट में समाप्त,false_urgency:hi:15,synthetic_v1,0,1,0,0,0,0,0,0
योगा मैट वाला आपका Reliance Digital कार्ट 23:11 में खत्म,false_urgency,false_urgency,hi,span,timer,[TAG=span] [ROLE=timer] योगा मैट वाला आपका Reliance Digital कार्ट 23:11 में खत्म,false_urgency:hi:20,synthetic_v1,0,1,0,0,0,0,0,0
Countdown: 30 minutes until the price rises,false_urgency,false_urgency,en,p,promo,[TAG=p] [ROLE=promo] Countdown: 30 minutes until the price rises,false_urgency:en:08,synthetic_v1,0,1,0,0,0,0,0,0
आज मात्र! फर्मल सर्ट मा 20% छुट,false_urgency,false_urgency,ne,span,timer,[TAG=span] [ROLE=timer] आज मात्र! फर्मल सर्ट मा 20% छुट,false_urgency:ne:10,synthetic_v1,0,1,0,0,0,0,0,0
Today only! 25% off yoga mat,false_urgency,false_urgency,en,div,banner,[TAG=div] [ROLE=banner] Today only! 25% off yoga mat,false_urgency:en:10,synthetic_v1,0,1,0,0,0,0,0,0
Kinbech मा योगा म्याट मा 20% छुट — 23:11 बाँकी,false_urgency,false_urgency,ne,div,banner,[TAG=div] [ROLE=banner] Kinbech मा योगा म्याट मा 20% छुट — 23:11 बाँकी,false_urgency:ne:19,synthetic_v1,0,1,0,0,0,0,0,0
BigBasket मा राइस कुकर मा 10% छुट — 5 मिनेट बाँकी,false_urgency,false_urgency,ne,p,promo,[TAG=p] [ROLE=promo] BigBasket मा राइस कुकर मा 10% छुट — 5 मिनेट बाँकी,false_urgency:ne:19,synthetic_v1,0,1,0,0,0,0,0,0
Reserved for you for 48 hours,false_urgency,false_urgency,en,p,promo,[TAG=p] [ROLE=promo] Reserved for you for 48 hours,false_urgency:en:12,synthetic_v1,0,1,0,0,0,0,0,0
Ajio मा फोन कभर को सेल 3 मिनेट मा सकिन्छ,false_urgency,false_urgency,ne,span,timer,[TAG=span] [ROLE=timer] Ajio मा फोन कभर को सेल 3 मिनेट मा सकिन्छ,false_urgency:ne:17,synthetic_v1,0,1,0,0,0,0,0,0
धूप का चश्मा वाला आपका Tata Cliq कार्ट 7 मिनट में खत्म,false_urgency,false_urgency,hi,p,promo,[TAG=p] [ROLE=promo] धूप का चश्मा वाला आपका Tata Cliq कार्ट 7 मिनट में खत्म,false_urgency:hi:20,synthetic_v1,0,1,0,0,0,0,0,0
अफर 00:59 मा सकिन्छ — 3 मात्र बाँकी!,false_urgency|scarcity,false_urgency,ne,div,banner,[TAG=div] [ROLE=banner] अफर 00:59 मा सकिन्छ — 3 मात्र बाँकी!,false_urgency:ne:14,synthetic_v1,0,1,0,0,1,0,0,0
ऑफ़र 7 मिनट में खत्म — केवल 1 बचे!,false_urgency|scarcity,false_urgency,hi,div,banner,[TAG=div] [ROLE=banner] ऑफ़र 7 मिनट में खत्म — केवल 1 बचे!,false_urgency:hi:14,synthetic_v1,0,1,0,0,1,0,0,0
"7 मिनट में ऑर्डर करें, 7 दिन में डिलीवरी",false_urgency,false_urgency,hi,span,timer,"[TAG=span] [ROLE=timer] 7 मिनट में ऑर्डर करें, 7 दिन में डिलीवरी",false_urgency:hi:16,synthetic_v1,0,1,0,0,0,0,0,0
जल्दी करें! इंडक्शन चूल्हा पर ऑफ़र 7 मिनट में समाप्त,false_urgency,false_urgency,hi,p,promo,[TAG=p] [ROLE=promo] जल्दी करें! इंडक्शन चूल्हा पर ऑफ़र 7 मिनट में समाप्त,false_urgency:hi:01,synthetic_v1,0,1,0,0,0,0,0,0
Nykaa पर स्पोर्ट्स सैंडल पर 70% छूट — 12 घंटे बाकी,false_urgency,false_urgency,hi,p,promo,[TAG=p] [ROLE=promo] Nykaa पर स्पोर्ट्स सैंडल पर 70% छूट — 12 घंटे बाकी,false_urgency:hi:19,synthetic_v1,0,1,0,0,0,0,0,0
"14:59 में ऑर्डर करें, 2 दिन में डिलीवरी",false_urgency,false_urgency,hi,span,timer,"[TAG=span] [ROLE=timer] 14:59 में ऑर्डर करें, 2 दिन में डिलीवरी",false_urgency:hi:16,synthetic_v1,0,1,0,0,0,0,0,0
सेल 2 घण्टा मा सकिन्छ!,false_urgency,false_urgency,ne,span,timer,[TAG=span] [ROLE=timer] सेल 2 घण्टा मा सकिन्छ!,false_urgency:ne:00,synthetic_v1,0,1,0,0,0,0,0,0
60% छुट 15 मिनेट मा सकिन्छ,false_urgency,false_urgency,ne,div,banner,[TAG=div] [ROLE=banner] 60% छुट 15 मिनेट मा सकिन्छ,false_urgency:ne:15,synthetic_v1,0,1,0,0,0,0,0,0
Your cart will expire in 48 hours,false_urgency,false_urgency,en,p,promo,[TAG=p] [ROLE=promo] Your cart will expire in 48 hours,false_urgency:en:03,synthetic_v1,0,1,0,0,0,0,0,0
अफर 15 मिनेट मा सकिन्छ — 10 मात्र बाँकी!,false_urgency|scarcity,false_urgency,ne,span,timer,[TAG=span] [ROLE=timer] अफर 15 मिनेट मा सकिन्छ — 10 मात्र बाँकी!,false_urgency:ne:14,synthetic_v1,0,1,0,0,1,0,0,0
"फ्ल्यास सेल 20 मिनेट मा सकिँदै, नगुमाउनुहोस्",false_urgency,false_urgency,ne,span,timer,"[TAG=span] [ROLE=timer] फ्ल्यास सेल 20 मिनेट मा सकिँदै, नगुमाउनुहोस्",false_urgency:ne:06,synthetic_v1,0,1,0,0,0,0,0,0
आजको डिल 3 घण्टा मा सकिन्छ,false_urgency,false_urgency,ne,div,banner,[TAG=div] [ROLE=banner] आजको डिल 3 घण्टा मा सकिन्छ,false_urgency:ne:02,synthetic_v1,0,1,0,0,0,0,0,0
ललितपुर डेलिभरीका लागि 2 घण्टा भित्र फेस वास अर्डर गर्नुहोस्,false_urgency,false_urgency,ne,span,timer,[TAG=span] [ROLE=timer] ललितपुर डेलिभरीका लागि 2 घण्टा भित्र फेस वास अर्डर गर्नुहोस्,false_urgency:ne:18,synthetic_v1,0,1,0,0,0,0,0,0
Book within 3 minutes to lock this rate,false_urgency,false_urgency,en,p,promo,[TAG=p] [ROLE=promo] Book within 3 minutes to lock this rate,false_urgency:en:09,synthetic_v1,0,1,0,0,0,0,0,0
जयपुर डिलीवरी के लिए 24 घंटे में गेमिंग माउस ऑर्डर करें,false_urgency,false_urgency,hi,span,timer,[TAG=span] [ROLE=timer] जयपुर डिलीवरी के लिए 24 घंटे में गेमिंग माउस ऑर्डर करें,false_urgency:hi:18,synthetic_v1,0,1,0,0,0,0,0,0
आख़िरी मौका — स्मार्टवॉच पर 7 मिनट बाकी,false_urgency,false_urgency,hi,span,timer,[TAG=span] [ROLE=timer] आख़िरी मौका — स्मार्टवॉच पर 7 मिनट बाकी,false_urgency:hi:05,synthetic_v1,0,1,0,0,0,0,0,0
सेल 20 मिनेट मा सकिन्छ!,false_urgency,false_urgency,ne,p,promo,[TAG=p] [ROLE=promo] सेल 20 मिनेट मा सकिन्छ!,false_urgency:ne:00,synthetic_v1,0,1,0,0,0,0,0,0
दमक डेलिभरीका लागि 2 घण्टा भित्र प्रोटिन पाउडर अर्डर गर्नुहोस्,false_urgency,false_urgency,ne,span,timer,[TAG=span] [ROLE=timer] दमक डेलिभरीका लागि 2 घण्टा भित्र प्रोटिन पाउडर अर्डर गर्नुहोस्,false_urgency:ne:18,synthetic_v1,0,1,0,0,0,0,0,0
Today only! 40% off noise cancelling headphones,false_urgency,false_urgency,en,div,banner,[TAG=div] [ROLE=banner] Today only! 40% off noise cancelling headphones,false_urgency:en:10,synthetic_v1,0,1,0,0,0,0,0,0
SastoDeal मा ल्यापटप ब्याग मा 35% छुट — 00:59 बाँकी,false_urgency,false_urgency,ne,span,timer,[TAG=span] [ROLE=timer] SastoDeal मा ल्यापटप ब्याग मा 35% छुट — 00:59 बाँकी,false_urgency:ne:19,synthetic_v1,0,1,0,0,0,0,0,0
अफर 3 मिनेट मा सकिन्छ — 10 मात्र बाँकी!,false_urgency|scarcity,false_urgency,ne,p,promo,[TAG=p] [ROLE=promo] अफर 3 मिनेट मा सकिन्छ — 10 मात्र बाँकी!,false_urgency:ne:14,synthetic_v1,0,1,0,0,1,0,0,0
सेल 00:59 मा सकिन्छ!,false_urgency,false_urgency,ne,span,timer,[TAG=span] [ROLE=timer] सेल 00:59 मा सकिन्छ!,false_urgency:ne:00,synthetic_v1,0,1,0,0,0,0,0,0
Offer ends in 12 hours — only 7 left!,false_urgency|scarcity,false_urgency,en,p,promo,[TAG=p] [ROLE=promo] Offer ends in 12 hours — only 7 left!,false_urgency:en:14,synthetic_v1,0,1,0,0,1,0,0,0
जयपुर डिलीवरी के लिए 00:59 में एयर फ्रायर ऑर्डर करें,false_urgency,false_urgency,hi,div,banner,[TAG=div] [ROLE=banner] जयपुर डिलीवरी के लिए 00:59 में एयर फ्रायर ऑर्डर करें,false_urgency:hi:18,synthetic_v1,0,1,0,0,0,0,0,0
Tata Cliq पर प्रोटीन पाउडर पर 40% छूट — 48 घंटे बाकी,false_urgency,false_urgency,hi,p,promo,[TAG=p] [ROLE=promo] Tata Cliq पर प्रोटीन पाउडर पर 40% छूट — 48 घंटे बाकी,false_urgency:hi:19,synthetic_v1,0,1,0,0,0,0,0,0
Hurry! Offer on protein powder expires in 5 minutes,false_urgency,false_urgency,en,span,timer,[TAG=span] [ROLE=timer] Hurry! Offer on protein powder expires in 5 minutes,false_urgency:en:01,synthetic_v1,0,1,0,0,0,0,0,0
Today only! 80% off wireless earbuds,false_urgency,false_urgency,en,span,timer,[TAG=span] [ROLE=timer] Today only! 80% off wireless earbuds,false_urgency:en:10,synthetic_v1,0,1,0,0,0,0,0,0
Order in 12 hours to get delivery in 14 days,false_urgency,false_urgency,en,span,timer,[TAG=span] [ROLE=timer] Order in 12 hours to get delivery in 14 days,false_urgency:en:16,synthetic_v1,0,1,0,0,0,0,0,0
काउंटडाउन: 3 घंटे में कीमत बढ़ेगी,false_urgency,false_urgency,hi,p,promo,[TAG=p] [ROLE=promo] काउंटडाउन: 3 घंटे में कीमत बढ़ेगी,false_urgency:hi:08,synthetic_v1,0,1,0,0,0,0,0,0
अन्तिम मौका — स्पोर्ट्स चप्पल मा 3 मिनेट बाँकी,false_urgency,false_urgency,ne,p,promo,[TAG=p] [ROLE=promo] अन्तिम मौका — स्पोर्ट्स चप्पल मा 3 मिनेट बाँकी,false_urgency:ne:05,synthetic_v1,0,1,0,0,0,0,0,0
पुणे डिलीवरी के लिए 7 मिनट में ऑफिस चेयर ऑर्डर करें,false_urgency,false_urgency,hi,span,timer,[TAG=span] [ROLE=timer] पुणे डिलीवरी के लिए 7 मिनट में ऑफिस चेयर ऑर्डर करें,false_urgency:hi:18,synthetic_v1,0,1,0,0,0,0,0,0
आज का सौदा 3 मिनट में खत्म,false_urgency,false_urgency,hi,div,banner,[TAG=div] [ROLE=banner] आज का सौदा 3 मिनट में खत्म,false_urgency:hi:02,synthetic_v1,0,1,0,0,0,0,0,0
नागपुर डिलीवरी के लिए 24 घंटे में डेनिम जींस ऑर्डर करें,false_urgency,false_urgency,hi,p,promo,[TAG=p] [ROLE=promo] नागपुर डिलीवरी के लिए 24 घंटे में डेनिम जींस ऑर्डर करें,false_urgency:hi:18,synthetic_v1,0,1,0,0,0,0,0,0
ऑफ़र 15 मिनट में खत्म — केवल 6 बचे!,false_urgency|scarcity,false_urgency,hi,p,promo,[TAG=p] [ROLE=promo] ऑफ़र 15 मिनट में खत्म — केवल 6 बचे!,false_urgency:hi:14,synthetic_v1,0,1,0,0,1,0,0,0
जनकपुर डेलिभरीका लागि 30 मिनेट भित्र पावर ब्यांक अर्डर गर्नुहोस्,false_urgency,false_urgency,ne,div,banner,[TAG=div] [ROLE=banner] जनकपुर डेलिभरीका लागि 30 मिनेट भित्र पावर ब्यांक अर्डर गर्नुहोस्,false_urgency:ne:18,synthetic_v1,0,1,0,0,0,0,0,0
Offer valid for the next 5 minutes only,false_urgency,false_urgency,en,p,promo,[TAG=p] [ROLE=promo] Offer valid for the next 5 minutes only,false_urgency:en:07,synthetic_v1,0,1,0,0,0,0,0,0
Pepperfry मा फोन कभर मा 70% छुट — 7 मिनेट बाँकी,false_urgency,false_urgency,ne,span,timer,[TAG=span] [ROLE=timer] Pepperfry मा फोन कभर मा 70% छुट — 7 मिनेट बाँकी,false_urgency:ne:19,synthetic_v1,0,1,0,0,0,0,0,0
Nykaa मा अफिस कुर्सी को सेल 20 मिनेट मा सकिन्छ,false_urgency,false_urgency,ne,p,promo,[TAG=p] [ROLE=promo] Nykaa मा अफिस कुर्सी को सेल 20 मिनेट मा सकिन्छ,false_urgency:ne:17,synthetic_v1,0,1,0,0,0,0,0,0
Reserved for you for 45 minutes,false_urgency,false_urgency,en,span,timer,[TAG=span] [ROLE=timer] Reserved for you for 45 minutes,false_urgency:en:12,synthetic_v1,0,1,0,0,0,0,0,0
Prices go up in 04:30,false_urgency,false_urgency,en,span,timer,[TAG=span] [ROLE=timer] Prices go up in 04:30,false_urgency:en:04,synthetic_v1,0,1,0,0,0,0,0,0
आज का सौदा 12 घंटे में खत्म,false_urgency,false_urgency,hi,span,timer,[TAG=span] [ROLE=timer] आज का सौदा 12 घंटे में खत्म,false_urgency:hi:02,synthetic_v1,0,1,0,0,0,0,0,0
यह कीमत आपके लिए 02:14 तक सुरक्षित,false_urgency,false_urgency,hi,p,promo,[TAG=p] [ROLE=promo] यह कीमत आपके लिए 02:14 तक सुरक्षित,false_urgency:hi:12,synthetic_v1,0,1,0,0,0,0,0,0
"Flash sale ending in 3 minutes, don't miss out",false_urgency,false_urgency,en,span,timer,"[TAG=span] [ROLE=timer] Flash sale ending in 3 minutes, don't miss out",false_urgency:en:06,synthetic_v1,0,1,0,0,0,0,0,0
35% छुट 48 घण्टा मा सकिन्छ,false_urgency,false_urgency,ne,span,timer,[TAG=span] [ROLE=timer] 35% छुट 48 घण्टा मा सकिन्छ,false_urgency:ne:15,synthetic_v1,0,1,0,0,0,0,0,0
"डेनिम जिन्स मा रु. 1,499 को मूल्य 5 मिनेट सम्म मात्र",false_urgency,false_urgency,ne,p,promo,"[TAG=p] [ROLE=promo] डेनिम जिन्स मा रु. 1,499 को मूल्य 5 मिनेट सम्म मात्र",false_urgency:ne:21,synthetic_v1,0,1,0,0,0,0,0,0
Rs. 449 price on power bank valid for 1 minute only,false_urgency,false_urgency,en,span,timer,[TAG=span] [ROLE=timer] Rs. 449 price on power bank valid for 1 minute only,false_urgency:en:21,synthetic_v1,0,1,0,0,0,0,0,0
Prices go up in 2 hours,false_urgency,false_urgency,en,span,timer,[TAG=span] [ROLE=timer] Prices go up in 2 hours,false_urgency:en:04,synthetic_v1,0,1,0,0,0,0,0,0
Extended by popular demand — final 2 hours,false_urgency,false_urgency,en,div,banner,[TAG=div] [ROLE=banner] Extended by popular demand — final 2 hours,false_urgency:en:13,synthetic_v1,0,1,0,0,0,0,0,0
यो दर पाउन 12:00 भित्र बुक गर्नुहोस्,false_urgency,false_urgency,ne,span,timer,[TAG=span] [ROLE=timer] यो दर पाउन 12:00 भित्र बुक गर्नुहोस्,false_urgency:ne:09,synthetic_v1,0,1,0,0,0,0,0,0
आख़िरी मौका — फेस वॉश पर 48 घंटे बाकी,false_urgency,false_urgency,hi,p,promo,[TAG=p] [ROLE=promo] आख़िरी मौका — फेस वॉश पर 48 घंटे बाकी,false_urgency:hi:05,synthetic_v1,0,1,0,0,0,0,0,0
Only 3 hours remaining on this deal,false_urgency,false_urgency,en,span,timer,[TAG=span] [ROLE=timer] Only 3 hours remaining on this deal,false_urgency:en:11,synthetic_v1,0,1,0,0,0,0,0,0
Reserved for you for 1 minute,false_urgency,false_urgency,en,p,promo,[TAG=p] [ROLE=promo] Reserved for you for 1 minute,false_urgency:en:12,synthetic_v1,0,1,0,0,0,0,0,0
सिर्फ़ आज! पावर बैंक पर 35% छूट,false_urgency,false_urgency,hi,span,timer,[TAG=span] [ROLE=timer] सिर्फ़ आज! पावर बैंक पर 35% छूट,false_urgency:hi:10,synthetic_v1,0,1,0,0,0,0,0,0
आज मात्र! पावर ब्यांक मा 5% छुट,false_urgency,false_urgency,ne,p,promo,[TAG=p] [ROLE=promo] आज मात्र! पावर ब्यांक मा 5% छुट,false_urgency:ne:10,synthetic_v1,0,1,0,0,0,0,0,0
Amazon पर हेयर ड्रायर की सेल 15 मिनट में खत्म,false_urgency,false_urgency,hi,span,timer,[TAG=span] [ROLE=timer] Amazon पर हेयर ड्रायर की सेल 15 मिनट में खत्म,false_urgency:hi:17,synthetic_v1,0,1,0,0,0,0,0,0
Reserved for you for 3 hours,false_urgency,false_urgency,en,div,banner,[TAG=div] [ROLE=banner] Reserved for you for 3 hours,false_urgency:en:12,synthetic_v1,0,1,0,0,0,0,0,0
यो डिलमा 45 मिनेट मात्र बाँकी,false_urgency,false_urgency,ne,div,banner,[TAG=div] [ROLE=banner] यो डिलमा 45 मिनेट मात्र बाँकी,false_urgency:ne:11,synthetic_v1,0,1,0,0,0,0,0,0
Hurry! Offer on induction cooktop expires in 12 hours,false_urgency,false_urgency,en,span,timer,[TAG=span] [ROLE=timer] Hurry! Offer on induction cooktop expires in 12 hours,false_urgency:en:01,synthetic_v1,0,1,0,0,0,0,0,0
छिटो गर्नुहोस्! पानीको बोतल को अफर 6 घण्टा मा सकिँदै,false_urgency,false_urgency,ne,div,banner,[TAG=div] [ROLE=banner] छिटो गर्नुहोस्! पानीको बोतल को अफर 6 घण्टा मा सकिँदै,false_urgency:ne:01,synthetic_v1,0,1,0,0,0,0,0,0
Extended by popular demand — final 6 hours,false_urgency,false_urgency,en,div,banner,[TAG=div] [ROLE=banner] Extended by popular demand — final 6 hours,false_urgency:en:13,synthetic_v1,0,1,0,0,0,0,0,0
Offer ends in 2 hours — only 4 left!,false_urgency|scarcity,false_urgency,en,span,timer,[TAG=span] [ROLE=timer] Offer ends in 2 hours — only 4 left!,false_urgency:en:14,synthetic_v1,0,1,0,0,1,0,0,0
Your Ajio cart with induction cooktop expires in 00:59,false_urgency,false_urgency,en,div,banner,[TAG=div] [ROLE=banner] Your Ajio cart with induction cooktop expires in 00:59,false_urgency:en:20,synthetic_v1,0,1,0,0,0,0,0,0
सर्दी का कंबल वाला आपका JioMart कार्ट 18 घंटे में खत्म,false_urgency,false_urgency,hi,span,timer,[TAG=span] [ROLE=timer] सर्दी का कंबल वाला आपका JioMart कार्ट 18 घंटे में खत्म,false_urgency:hi:20,synthetic_v1,0,1,0,0,0,0,0,0
जल्दी करें! ऑफिस चेयर पर ऑफ़र 18 घंटे में समाप्त,false_urgency,false_urgency,hi,div,banner,[TAG=div] [ROLE=banner] जल्दी करें! ऑफिस चेयर पर ऑफ़र 18 घंटे में समाप्त,false_urgency:hi:01,synthetic_v1,0,1,0,0,0,0,0,0
40% छूट 24 घंटे में समाप्त,false_urgency,false_urgency,hi,p,promo,[TAG=p] [ROLE=promo] 40% छूट 24 घंटे में समाप्त,false_urgency:hi:15,synthetic_v1,0,1,0,0,0,0,0,0
Kinbech sale on backpack ends in 2 hours,false_urgency,false_urgency,en,p,promo,[TAG=p] [ROLE=promo] Kinbech sale on backpack ends in 2 hours,false_urgency:en:17,synthetic_v1,0,1,0,0,0,0,0,0
"1 घंटे में ऑर्डर करें, 2 दिन में डिलीवरी",false_urgency,false_urgency,hi,p,promo,"[TAG=p] [ROLE=promo] 1 घंटे में ऑर्डर करें, 2 दिन में डिलीवरी",false_urgency:hi:16,synthetic_v1,0,1,0,0,0,0,0,0
Offer ends in 18 hours — only 7 left!,false_urgency|scarcity,false_urgency,en,p,promo,[TAG=p] [ROLE=promo] Offer ends in 18 hours — only 7 left!,false_urgency:en:14,synthetic_v1,0,1,0,0,1,0,0,0
सिर्फ़ आज! योगा मैट पर 20% छूट,false_urgency,false_urgency,hi,span,timer,[TAG=span] [ROLE=timer] सिर्फ़ आज! योगा मैट पर 20% छूट,false_urgency:hi:10,synthetic_v1,0,1,0,0,0,0,0,0
आज मात्र! एयर फ्रायर मा 25% छुट,false_urgency,false_urgency,ne,span,timer,[TAG=span] [ROLE=timer] आज मात्र! एयर फ्रायर मा 25% छुट,false_urgency:ne:10,synthetic_v1,0,1,0,0,0,0,0,0
नासिक डिलीवरी के लिए 30 मिनट में रनिंग शूज़ ऑर्डर करें,false_urgency,false_urgency,hi,div,banner,[TAG=div] [ROLE=banner] नासिक डिलीवरी के लिए 30 मिनट में रनिंग शूज़ ऑर्डर करें,false_urgency:hi:18,synthetic_v1,0,1,0,0,0,0,0,0
40% off expires in 30 minutes,false_urgency,false_urgency,en,span,timer,[TAG=span] [ROLE=timer] 40% off expires in 30 minutes,false_urgency:en:15,synthetic_v1,0,1,0,0,0,0,0,0
ऑफ़र 02:14 में खत्म — केवल 4 बचे!,false_urgency|scarcity,false_urgency,hi,span,timer,[TAG=span] [ROLE=timer] ऑफ़र 02:14 में खत्म — केवल 4 बचे!,false_urgency:hi:14,synthetic_v1,0,1,0,0,1,0,0,0
चितवन डेलिभरीका लागि 1 घण्टा भित्र राइस कुकर अर्डर गर्नुहोस्,false_urgency,false_urgency,ne,span,timer,[TAG=span] [ROLE=timer] चितवन डेलिभरीका लागि 1 घण्टा भित्र राइस कुकर अर्डर गर्नुहोस्,false_urgency:ne:18,synthetic_v1,0,1,0,0,0,0,0,0
आख़िरी मौका — पानी की बोतल पर 02:14 बाकी,false_urgency,false_urgency,hi,span,timer,[TAG=span] [ROLE=timer] आख़िरी मौका — पानी की बोतल पर 02:14 बाकी,false_urgency:hi:05,synthetic_v1,0,1,0,0,0,0,0,0
Pepperfry मा योगा म्याट को सेल 7 मिनेट मा सकिन्छ,false_urgency,false_urgency,ne,div,banner,[TAG=div] [ROLE=banner] Pepperfry मा योगा म्याट को सेल 7 मिनेट मा सकिन्छ,false_urgency:ne:17,synthetic_v1,0,1,0,0,0,0,0,0
"20 मिनट में ऑर्डर करें, 4 दिन में डिलीवरी",false_urgency,false_urgency,hi,div,banner,"[TAG=div] [ROLE=banner] 20 मिनट में ऑर्डर करें, 4 दिन में डिलीवरी",false_urgency:hi:16,synthetic_v1,0,1,0,0,0,0,0,0
इस डील पर केवल 48 घंटे शेष,false_urgency,false_urgency,hi,p,promo,[TAG=p] [ROLE=promo] इस डील पर केवल 48 घंटे शेष,false_urgency:hi:11,synthetic_v1,0,1,0,0,0,0,0,0
अफर 14:59 मा सकिन्छ — 8 मात्र बाँकी!,false_urgency|scarcity,false_urgency,ne,span,timer,[TAG=span] [ROLE=timer] अफर 14:59 मा सकिन्छ — 8 मात्र बाँकी!,false_urgency:ne:14,synthetic_v1,0,1,0,0,1,0,0,0
जल्दी करें! डेनिम जींस पर ऑफ़र 48 घंटे में समाप्त,false_urgency,false_urgency,hi,div,banner,[TAG=div] [ROLE=banner] जल्दी करें! डेनिम जींस पर ऑफ़र 48 घंटे में समाप्त,false_urgency:hi:01,synthetic_v1,0,1,0,0,0,0,0,0
Your Thulo cart with yoga mat expires in 09:45,false_urgency,false_urgency,en,span,timer,[TAG=span] [ROLE=timer] Your Thulo cart with yoga mat expires in 09:45,false_urgency:en:20,synthetic_v1,0,1,0,0,0,0,0,0
"6 घण्टा भित्र अर्डर गर्नुहोस्, 5 दिनमा डेलिभरी",false_urgency,false_urgency,ne,span,timer,"[TAG=span] [ROLE=timer] 6 घण्टा भित्र अर्डर गर्नुहोस्, 5 दिनमा डेलिभरी",false_urgency:ne:16,synthetic_v1,0,1,0,0,0,0,0,0
JioMart मा ट्रेकिङ ज्याकेट को सेल 12:00 मा सकिन्छ,false_urgency,false_urgency,ne,div,banner,[TAG=div] [ROLE=banner] JioMart मा ट्रेकिङ ज्याकेट को सेल 12:00 मा सकिन्छ,false_urgency:ne:17,synthetic_v1,0,1,0,0,0,0,0,0
स्कुल ब्याग रहेको तपाईंको Salesberry कार्ट 1 घण्टा मा सकिन्छ,false_urgency,false_urgency,ne,div,banner,[TAG=div] [ROLE=banner] स्कुल ब्याग रहेको तपाईंको Salesberry कार्ट 1 घण्टा मा सकिन्छ,false_urgency:ne:20,synthetic_v1,0,1,0,0,0,0,0,0
अन्तिम मौका — घामको चस्मा मा 23:11 बाँकी,false_urgency,false_urgency,ne,p,promo,[TAG=p] [ROLE=promo] अन्तिम मौका — घामको चस्मा मा 23:11 बाँकी,false_urgency:ne:05,synthetic_v1,0,1,0,0,0,0,0,0
Gyapu पर स्कूल बैग पर 5% छूट — 00:59 बाकी,false_urgency,false_urgency,hi,span,timer,[TAG=span] [ROLE=timer] Gyapu पर स्कूल बैग पर 5% छूट — 00:59 बाकी,false_urgency:hi:19,synthetic_v1,0,1,0,0,0,0,0,0
अन्तिम मौका — स्पोर्ट्स चप्पल मा 15 मिनेट बाँकी,false_urgency,false_urgency,ne,p,promo,[TAG=p] [ROLE=promo] अन्तिम मौका — स्पोर्ट्स चप्पल मा 15 मिनेट बाँकी,false_urgency:ne:05,synthetic_v1,0,1,0,0,0,0,0,0
अन्तिम मौका — हेयर ड्रायर मा 04:30 बाँकी,false_urgency,false_urgency,ne,div,banner,[TAG=div] [ROLE=banner] अन्तिम मौका — हेयर ड्रायर मा 04:30 बाँकी,false_urgency:ne:05,synthetic_v1,0,1,0,0,0,0,0,0
"फ्लैश सेल 7 मिनट में खत्म, चूकें नहीं",false_urgency,false_urgency,hi,div,banner,"[TAG=div] [ROLE=banner] फ्लैश सेल 7 मिनट में खत्म, चूकें नहीं",false_urgency:hi:06,synthetic_v1,0,1,0,0,0,0,0,0
जल्दी करें! इलेक्ट्रिक केटल पर ऑफ़र 48 घंटे में समाप्त,false_urgency,false_urgency,hi,span,timer,[TAG=span] [ROLE=timer] जल्दी करें! इलेक्ट्रिक केटल पर ऑफ़र 48 घंटे में समाप्त,false_urgency:hi:01,synthetic_v1,0,1,0,0,0,0,0,0
"स्कूल बैग पर रु. 1,999 की कीमत 2 घंटे तक ही",false_urgency,false_urgency,hi,p,promo,"[TAG=p] [ROLE=promo] स्कूल बैग पर रु. 1,999 की कीमत 2 घंटे तक ही",false_urgency:hi:21,synthetic_v1,0,1,0,0,0,0,0,0
इंदौर डिलीवरी के लिए 04:30 में नॉइज़ कैंसलिंग हेडफोन ऑर्डर करें,false_urgency,false_urgency,hi,div,banner,[TAG=div] [ROLE=banner] इंदौर डिलीवरी के लिए 04:30 में नॉइज़ कैंसलिंग हेडफोन ऑर्डर करें,false_urgency:hi:18,synthetic_v1,0,1,0,0,0,0,0,0
"18 घंटे में ऑर्डर करें, 2 दिन में डिलीवरी",false_urgency,false_urgency,hi,div,banner,"[TAG=div] [ROLE=banner] 18 घंटे में ऑर्डर करें, 2 दिन में डिलीवरी",false_urgency:hi:16,synthetic_v1,0,1,0,0,0,0,0,0
यो दर पाउन 15 मिनेट भित्र बुक गर्नुहोस्,false_urgency,false_urgency,ne,p,promo,[TAG=p] [ROLE=promo] यो दर पाउन 15 मिनेट भित्र बुक गर्नुहोस्,false_urgency:ne:09,synthetic_v1,0,1,0,0,0,0,0,0
अफर 1 घण्टा मा सकिन्छ — 2 मात्र बाँकी!,false_urgency|scarcity,false_urgency,ne,p,promo,[TAG=p] [ROLE=promo] अफर 1 घण्टा मा सकिन्छ — 2 मात्र बाँकी!,false_urgency:ne:14,synthetic_v1,0,1,0,0,1,0,0,0
Order formal shirt within 6 hours for delivery to Surat,false_urgency,false_urgency,en,p,promo,[TAG=p] [ROLE=promo] Order formal shirt within 6 hours for delivery to Surat,false_urgency:en:18,synthetic_v1,0,1,0,0,0,0,0,0
ऑफ़र 18 घंटे में खत्म — केवल 10 बचे!,false_urgency|scarcity,false_urgency,hi,div,banner,[TAG=div] [ROLE=banner] ऑफ़र 18 घंटे में खत्म — केवल 10 बचे!,false_urgency:hi:14,synthetic_v1,0,1,0,0,1,0,0,0
Order face wash within 48 hours for delivery to Kolkata,false_urgency,false_urgency,en,p,promo,[TAG=p] [ROLE=promo] Order face wash within 48 hours for delivery to Kolkata,false_urgency:en:18,synthetic_v1,0,1,0,0,0,0,0,0
काउंटडाउन: 48 घंटे में कीमत बढ़ेगी,false_urgency,false_urgency,hi,span,timer,[TAG=span] [ROLE=timer] काउंटडाउन: 48 घंटे में कीमत बढ़ेगी,false_urgency:hi:08,synthetic_v1,0,1,0,0,0,0,0,0
आख़िरी मौका — स्कूल बैग पर 09:45 बाकी,false_urgency,false_urgency,hi,span,timer,[TAG=span] [ROLE=timer] आख़िरी मौका — स्कूल बैग पर 09:45 बाकी,false_urgency:hi:05,synthetic_v1,0,1,0,0,0,0,0,0
40% off expires in 3 minutes,false_urgency,false_urgency,en,p,promo,[TAG=p] [ROLE=promo] 40% off expires in 3 minutes,false_urgency:en:15,synthetic_v1,0,1,0,0,0,0,0,0
Offer ends in 09:45 — only 5 left!,false_urgency|scarcity,false_urgency,en,div,banner,[TAG=div] [ROLE=banner] Offer ends in 09:45 — only 5 left!,false_urgency:en:14,synthetic_v1,0,1,0,0,1,0,0,0
आजको डिल 04:30 मा सकिन्छ,false_urgency,false_urgency,ne,div,banner,[TAG=div] [ROLE=banner] आजको डिल 04:30 मा सकिन्छ,false_urgency:ne:02,synthetic_v1,0,1,0,0,0,0,0,0
80% off expires in 1 hour,false_urgency,false_urgency,en,span,timer,[TAG=span] [ROLE=timer] 80% off expires in 1 hour,false_urgency:en:15,synthetic_v1,0,1,0,0,0,0,0,0
80% off face wash at HamroBazar — 24 hours left,false_urgency,false_urgency,en,div,banner,[TAG=div] [ROLE=banner] 80% off face wash at HamroBazar — 24 hours left,false_urgency:en:19,synthetic_v1,0,1,0,0,0,0,0,0
छिटो गर्नुहोस्! हेयर ड्रायर को अफर 48 घण्टा मा सकिँदै,false_urgency,false_urgency,ne,span,timer,[TAG=span] [ROLE=timer] छिटो गर्नुहोस्! हेयर ड्रायर को अफर 48 घण्टा मा सकिँदै,false_urgency:ne:01,synthetic_v1,0,1,0,0,0,0,0,0
अफर 19:20 मा सकिन्छ — 9 मात्र बाँकी!,false_urgency|scarcity,false_urgency,ne,div,banner,[TAG=div] [ROLE=banner] अफर 19:20 मा सकिन्छ — 9 मात्र बाँकी!,false_urgency:ne:14,synthetic_v1,0,1,0,0,1,0,0,0
अफर 1 मिनेट मा सकिन्छ — 5 मात्र बाँकी!,false_urgency|scarcity,false_urgency,ne,p,promo,[TAG=p] [ROLE=promo] अफर 1 मिनेट मा सकिन्छ — 5 मात्र बाँकी!,false_urgency:ne:14,synthetic_v1,0,1,0,0,1,0,0,0
Rs. 999 price on protein powder valid for 15 minutes only,false_urgency,false_urgency,en,span,timer,[TAG=span] [ROLE=timer] Rs. 999 price on protein powder valid for 15 minutes only,false_urgency:en:21,synthetic_v1,0,1,0,0,0,0,0,0
Rs. 799 price on denim jeans valid for 10 minutes only,false_urgency,false_urgency,en,p,promo,[TAG=p] [ROLE=promo] Rs. 799 price on denim jeans valid for 10 minutes only,false_urgency:en:21,synthetic_v1,0,1,0,0,0,0,0,0
"18 घण्टा भित्र अर्डर गर्नुहोस्, 4 दिनमा डेलिभरी",false_urgency,false_urgency,ne,div,banner,"[TAG=div] [ROLE=banner] 18 घण्टा भित्र अर्डर गर्नुहोस्, 4 दिनमा डेलिभरी",false_urgency:ne:16,synthetic_v1,0,1,0,0,0,0,0,0
Your Meesho cart with phone case expires in 7 minutes,false_urgency,false_urgency,en,p,promo,[TAG=p] [ROLE=promo] Your Meesho cart with phone case expires in 7 minutes,false_urgency:en:20,synthetic_v1,0,1,0,0,0,0,0,0
Order in 45 minutes to get delivery in 7 days,false_urgency,false_urgency,en,p,promo,[TAG=p] [ROLE=promo] Order in 45 minutes to get delivery in 7 days,false_urgency:en:16,synthetic_v1,0,1,0,0,0,0,0,0
"फ्ल्यास सेल 30 मिनेट मा सकिँदै, नगुमाउनुहोस्",false_urgency,false_urgency,ne,div,banner,"[TAG=div] [ROLE=banner] फ्ल्यास सेल 30 मिनेट मा सकिँदै, नगुमाउनुहोस्",false_urgency:ne:06,synthetic_v1,0,1,0,0,0,0,0,0
Only 1 minute remaining on this deal,false_urgency,false_urgency,en,span,timer,[TAG=span] [ROLE=timer] Only 1 minute remaining on this deal,false_urgency:en:11,synthetic_v1,0,1,0,0,0,0,0,0
Prices go up in 10 minutes,false_urgency,false_urgency,en,div,banner,[TAG=div] [ROLE=banner] Prices go up in 10 minutes,false_urgency:en:04,synthetic_v1,0,1,0,0,0,0,0,0
60% छुट 7 मिनेट मा सकिन्छ,false_urgency,false_urgency,ne,p,promo,[TAG=p] [ROLE=promo] 60% छुट 7 मिनेट मा सकिन्छ,false_urgency:ne:15,synthetic_v1,0,1,0,0,0,0,0,0
छिटो गर्नुहोस्! घामको चस्मा को अफर 18 घण्टा मा सकिँदै,false_urgency,false_urgency,ne,div,banner,[TAG=div] [ROLE=banner] छिटो गर्नुहोस्! घामको चस्मा को अफर 18 घण्टा मा सकिँदै,false_urgency:ne:01,synthetic_v1,0,1,0,0,0,0,0,0
"1 मिनट में ऑर्डर करें, 3 दिन में डिलीवरी",false_urgency,false_urgency,hi,p,promo,"[TAG=p] [ROLE=promo] 1 मिनट में ऑर्डर करें, 3 दिन में डिलीवरी",false_urgency:hi:16,synthetic_v1,0,1,0,0,0,0,0,0
Prices go up in 12:00,false_urgency,false_urgency,en,div,banner,[TAG=div] [ROLE=banner] Prices go up in 12:00,false_urgency:en:04,synthetic_v1,0,1,0,0,0,0,0,0
"6 घंटे में ऑर्डर करें, 7 दिन में डिलीवरी",false_urgency,false_urgency,hi,span,timer,"[TAG=span] [ROLE=timer] 6 घंटे में ऑर्डर करें, 7 दिन में डिलीवरी",false_urgency:hi:16,synthetic_v1,0,1,0,0,0,0,0,0
पटना डिलीवरी के लिए 14:59 में इलेक्ट्रिक केटल ऑर्डर करें,false_urgency,false_urgency,hi,p,promo,[TAG=p] [ROLE=promo] पटना डिलीवरी के लिए 14:59 में इलेक्ट्रिक केटल ऑर्डर करें,false_urgency:hi:18,synthetic_v1,0,1,0,0,0,0,0,0
फेस वास मा रु. 199 को मूल्य 3 घण्टा सम्म मात्र,false_urgency,false_urgency,ne,p,promo,[TAG=p] [ROLE=promo] फेस वास मा रु. 199 को मूल्य 3 घण्टा सम्म मात्र,false_urgency:ne:21,synthetic_v1,0,1,0,0,0,0,0,0
दाम 2 घंटे में बढ़ जाएंगे,false_urgency,false_urgency,hi,p,promo,[TAG=p] [ROLE=promo] दाम 2 घंटे में बढ़ जाएंगे,false_urgency:hi:04,synthetic_v1,0,1,0,0,0,0,0,0
Order hair dryer within 00:59 for delivery to Lucknow,false_urgency,false_urgency,en,div,banner,[TAG=div] [ROLE=banner] Order hair dryer within 00:59 for delivery to Lucknow,false_urgency:en:18,synthetic_v1,0,1,0,0,0,0,0,0
Today only! 80% off rice cooker,false_urgency,false_urgency,en,span,timer,[TAG=span] [ROLE=timer] Today only! 80% off rice cooker,false_urgency:en:10,synthetic_v1,0,1,0,0,0,0,0,0
आज मात्र! स्कुल ब्याग मा 10% छुट,false_urgency,false_urgency,ne,p,promo,[TAG=p] [ROLE=promo] आज मात्र! स्कुल ब्याग मा 10% छुट,false_urgency:ne:10,synthetic_v1,0,1,0,0,0,0,0,0
Hurry! Offer on sports sandals expires in 2 hours,false_urgency,false_urgency,en,p,promo,[TAG=p] [ROLE=promo] Hurry! Offer on sports sandals expires in 2 hours,false_urgency:en:01,synthetic_v1,0,1,0,0,0,0,0,0
70% छुट 30 मिनेट मा सकिन्छ,false_urgency,false_urgency,ne,div,banner,[TAG=div] [ROLE=banner] 70% छुट 30 मिनेट मा सकिन्छ,false_urgency:ne:15,synthetic_v1,0,1,0,0,0,0,0,0
40% off expires in 19:20,false_urgency,false_urgency,en,p,promo,[TAG=p] [ROLE=promo] 40% off expires in 19:20,false_urgency:en:15,synthetic_v1,0,1,0,0,0,0,0,0
"3 मिनेट भित्र अर्डर गर्नुहोस्, 7 दिनमा डेलिभरी",false_urgency,false_urgency,ne,div,banner,"[TAG=div] [ROLE=banner] 3 मिनेट भित्र अर्डर गर्नुहोस्, 7 दिनमा डेलिभरी",false_urgency:ne:16,synthetic_v1,0,1,0,0,0,0,0,0
सिर्फ़ आज! फोन कवर पर 20% छूट,false_urgency,false_urgency,hi,p,promo,[TAG=p] [ROLE=promo] सिर्फ़ आज! फोन कवर पर 20% छूट,false_urgency:hi:10,synthetic_v1,0,1,0,0,0,0,0,0
60% off protein powder at Ajio — 15 minutes left,false_urgency,false_urgency,en,span,timer,[TAG=span] [ROLE=timer] 60% off protein powder at Ajio — 15 minutes left,false_urgency:en:19,synthetic_v1,0,1,0,0,0,0,0,0
