text,labels,primary_label,lang,tag,role,model_input,template_id,source,y_confirmshaming,y_false_urgency,y_forced_action,y_obstruction,y_scarcity,y_sneaking,y_social_proof,y_benign
"Snapdeal को प्रो सदस्यता थपियो — रु. 2,499/महिना",sneaking,sneaking,ne,p,fine_print,"[TAG=p] [ROLE=fine_print] Snapdeal को प्रो सदस्यता थपियो — रु. 2,499/महिना",sneaking:ne:17,synthetic_v1,0,0,0,0,0,1,0,0
BigBasket सेवा शुल्क रु. 199 तपाईंको पानीको बोतल अर्डरमा थपियो,sneaking,sneaking,ne,span,line_item,[TAG=span] [ROLE=line_item] BigBasket सेवा शुल्क रु. 199 तपाईंको पानीको बोतल अर्डरमा थपियो,sneaking:ne:16,synthetic_v1,0,0,0,0,0,1,0,0
FirstCry सेवा शुल्क रु. 999 आपके डेनिम जींस ऑर्डर में जोड़ा गया,sneaking,sneaking,hi,p,fine_print,[TAG=p] [ROLE=fine_print] FirstCry सेवा शुल्क रु. 999 आपके डेनिम जींस ऑर्डर में जोड़ा गया,sneaking:hi:16,synthetic_v1,0,0,0,0,0,1,0,0
सुविधा शुल्क रु. 399 शामिल,sneaking,sneaking,hi,label,checkbox,[TAG=label] [ROLE=checkbox] सुविधा शुल्क रु. 399 शामिल,sneaking:hi:05,synthetic_v1,0,0,0,0,0,1,0,0
induction cooktop insurance from Myntra pre-selected (Rs. 299),sneaking,sneaking,en,p,fine_print,[TAG=p] [ROLE=fine_print] induction cooktop insurance from Myntra pre-selected (Rs. 299),sneaking:en:19,synthetic_v1,0,0,0,0,0,1,0,0
जयपुर डिलीवरी पर रु. 399 हैंडलिंग शुल्क,sneaking,sneaking,hi,span,line_item,[TAG=span] [ROLE=line_item] जयपुर डिलीवरी पर रु. 399 हैंडलिंग शुल्क,sneaking:hi:13,synthetic_v1,0,0,0,0,0,1,0,0
"सुर्खेत का लागि प्राथमिकता डेलिभरी छनोट (+रु. 1,199)",sneaking,sneaking,ne,span,line_item,"[TAG=span] [ROLE=line_item] सुर्खेत का लागि प्राथमिकता डेलिभरी छनोट (+रु. 1,199)",sneaking:ne:23,synthetic_v1,0,0,0,0,0,1,0,0
जारी रखने पर हर महीने रु. 799 शुल्क लगेगा,sneaking,sneaking,hi,label,checkbox,[TAG=label] [ROLE=checkbox] जारी रखने पर हर महीने रु. 799 शुल्क लगेगा,sneaking:hi:01,synthetic_v1,0,0,0,0,0,1,0,0
JioMart बाट गेमिङ माउस बीमा पहिले नै छनोट (रु. 249),sneaking,sneaking,ne,span,line_item,[TAG=span] [ROLE=line_item] JioMart बाट गेमिङ माउस बीमा पहिले नै छनोट (रु. 249),sneaking:ne:19,synthetic_v1,0,0,0,0,0,1,0,0
"Delivery to Bengaluru costs an extra Rs. 1,999",sneaking,sneaking,en,p,fine_print,"[TAG=p] [ROLE=fine_print] Delivery to Bengaluru costs an extra Rs. 1,999",sneaking:en:18,synthetic_v1,0,0,0,0,0,1,0,0
We've added a donation of Rs. 149 to your order,sneaking,sneaking,en,span,line_item,[TAG=span] [ROLE=line_item] We've added a donation of Rs. 149 to your order,sneaking:en:06,synthetic_v1,0,0,0,0,0,1,0,0
ल्यापटप ब्याग को बीमा तपाईंका लागि छनोट गरियो,sneaking,sneaking,ne,span,line_item,[TAG=span] [ROLE=line_item] ल्यापटप ब्याग को बीमा तपाईंका लागि छनोट गरियो,sneaking:ne:07,synthetic_v1,0,0,0,0,0,1,0,0
"Delivery to Hyderabad costs an extra Rs. 2,999",sneaking,sneaking,en,p,fine_print,"[TAG=p] [ROLE=fine_print] Delivery to Hyderabad costs an extra Rs. 2,999",sneaking:en:18,synthetic_v1,0,0,0,0,0,1,0,0
"Lenskart service fee of Rs. 2,499 added to your study lamp order",sneaking,sneaking,en,label,checkbox,"[TAG=label] [ROLE=checkbox] Lenskart service fee of Rs. 2,499 added to your study lamp order",sneaking:en:16,synthetic_v1,0,0,0,0,0,1,0,0
Priority delivery to Patna selected (+Rs. 49),sneaking,sneaking,en,label,checkbox,[TAG=label] [ROLE=checkbox] Priority delivery to Patna selected (+Rs. 49),sneaking:en:23,synthetic_v1,0,0,0,0,0,1,0,0
"Delivery to Delhi costs an extra Rs. 2,499",sneaking,sneaking,en,label,checkbox,"[TAG=label] [ROLE=checkbox] Delivery to Delhi costs an extra Rs. 2,499",sneaking:en:18,synthetic_v1,0,0,0,0,0,1,0,0
Meesho की प्रो सदस्यता जोड़ी गई — रु. 599/महीना,sneaking,sneaking,hi,p,fine_print,[TAG=p] [ROLE=fine_print] Meesho की प्रो सदस्यता जोड़ी गई — रु. 599/महीना,sneaking:hi:17,synthetic_v1,0,0,0,0,0,1,0,0
BigBasket ऑर्डर में रु. 49 का दान जोड़ा गया,sneaking,sneaking,hi,span,line_item,[TAG=span] [ROLE=line_item] BigBasket ऑर्डर में रु. 49 का दान जोड़ा गया,sneaking:hi:22,synthetic_v1,0,0,0,0,0,1,0,0
अहमदाबाद डिलीवरी पर अतिरिक्त रु. 349,sneaking,sneaking,hi,p,fine_print,[TAG=p] [ROLE=fine_print] अहमदाबाद डिलीवरी पर अतिरिक्त रु. 349,sneaking:hi:18,synthetic_v1,0,0,0,0,0,1,0,0
इलेक्ट्रिक केतली को बीमा तपाईंका लागि छनोट गरियो,sneaking,sneaking,ne,span,line_item,[TAG=span] [ROLE=line_item] इलेक्ट्रिक केतली को बीमा तपाईंका लागि छनोट गरियो,sneaking:ne:07,synthetic_v1,0,0,0,0,0,1,0,0
JioMart service fee of Rs. 449 added to your denim jeans order,sneaking,sneaking,en,span,line_item,[TAG=span] [ROLE=line_item] JioMart service fee of Rs. 449 added to your denim jeans order,sneaking:en:16,synthetic_v1,0,0,0,0,0,1,0,0
BigBasket की प्राइम सदस्यता जोड़ी गई — रु. 999/महीना,sneaking,sneaking,hi,label,checkbox,[TAG=label] [ROLE=checkbox] BigBasket की प्राइम सदस्यता जोड़ी गई — रु. 999/महीना,sneaking:hi:17,synthetic_v1,0,0,0,0,0,1,0,0
आपके पानी की बोतल ऑर्डर में गोल्ड सदस्यता जोड़ी गई,sneaking,sneaking,hi,p,fine_print,[TAG=p] [ROLE=fine_print] आपके पानी की बोतल ऑर्डर में गोल्ड सदस्यता जोड़ी गई,sneaking:hi:14,synthetic_v1,0,0,0,0,0,1,0,0
"Pepperfry से सर्दी का कंबल बीमा पहले से चुना गया (रु. 2,999)",sneaking,sneaking,hi,span,line_item,"[TAG=span] [ROLE=line_item] Pepperfry से सर्दी का कंबल बीमा पहले से चुना गया (रु. 2,999)",sneaking:hi:19,synthetic_v1,0,0,0,0,0,1,0,0
Nykaa अर्डरमा रु. 49 दान थपियो,sneaking,sneaking,ne,label,checkbox,[TAG=label] [ROLE=checkbox] Nykaa अर्डरमा रु. 49 दान थपियो,sneaking:ne:22,synthetic_v1,0,0,0,0,0,1,0,0
Rs. 249 packaging charge applies for Pokhara orders,sneaking,sneaking,en,p,fine_print,[TAG=p] [ROLE=fine_print] Rs. 249 packaging charge applies for Pokhara orders,sneaking:en:20,synthetic_v1,0,0,0,0,0,1,0,0
8 महीने की प्राइम सदस्यता शामिल,sneaking,sneaking,hi,span,line_item,[TAG=span] [ROLE=line_item] 8 महीने की प्राइम सदस्यता शामिल,sneaking:hi:10,synthetic_v1,0,0,0,0,0,1,0,0
Shipping fee of Rs. 249 added at checkout,sneaking,sneaking,en,span,line_item,[TAG=span] [ROLE=line_item] Shipping fee of Rs. 249 added at checkout,sneaking:en:00,synthetic_v1,0,0,0,0,0,1,0,0
7 महिनाको प्रिमियम सदस्यता समावेश,sneaking,sneaking,ne,label,checkbox,[TAG=label] [ROLE=checkbox] 7 महिनाको प्रिमियम सदस्यता समावेश,sneaking:ne:10,synthetic_v1,0,0,0,0,0,1,0,0
ललितपुर अर्डरमा रु. 599 प्याकेजिङ शुल्क,sneaking,sneaking,ne,span,line_item,[TAG=span] [ROLE=line_item] ललितपुर अर्डरमा रु. 599 प्याकेजिङ शुल्क,sneaking:ne:20,synthetic_v1,0,0,0,0,0,1,0,0
बाँके डेलिभरीमा थप रु. 799,sneaking,sneaking,ne,span,line_item,[TAG=span] [ROLE=line_item] बाँके डेलिभरीमा थप रु. 799,sneaking:ne:18,synthetic_v1,0,0,0,0,0,1,0,0
"Salesberry अर्डरमा रु. 1,499 दान थपियो",sneaking,sneaking,ne,label,checkbox,"[TAG=label] [ROLE=checkbox] Salesberry अर्डरमा रु. 1,499 दान थपियो",sneaking:ne:22,synthetic_v1,0,0,0,0,0,1,0,0
"धनगढी डेलिभरीमा थप रु. 2,999",sneaking,sneaking,ne,p,fine_print,"[TAG=p] [ROLE=fine_print] धनगढी डेलिभरीमा थप रु. 2,999",sneaking:ne:18,synthetic_v1,0,0,0,0,0,1,0,0
FirstCry को प्रो सदस्यता थपियो — रु. 299/महिना,sneaking,sneaking,ne,p,fine_print,[TAG=p] [ROLE=fine_print] FirstCry को प्रो सदस्यता थपियो — रु. 299/महिना,sneaking:ne:17,synthetic_v1,0,0,0,0,0,1,0,0
तपाईंको Salesberry प्राइम ट्रायल रु. 349 मा नवीकरण हुनेछ,sneaking,sneaking,ne,label,checkbox,[TAG=label] [ROLE=checkbox] तपाईंको Salesberry प्राइम ट्रायल रु. 349 मा नवीकरण हुनेछ,sneaking:ne:21,synthetic_v1,0,0,0,0,0,1,0,0
Delivery to Bengaluru costs an extra Rs. 449,sneaking,sneaking,en,label,checkbox,[TAG=label] [ROLE=checkbox] Delivery to Bengaluru costs an extra Rs. 449,sneaking:en:18,synthetic_v1,0,0,0,0,0,1,0,0
निःशुल्क ट्रायलपछि प्रिमियम रु. 349/महिना हुनेछ,sneaking,sneaking,ne,label,checkbox,[TAG=label] [ROLE=checkbox] निःशुल्क ट्रायलपछि प्रिमियम रु. 349/महिना हुनेछ,sneaking:ne:04,synthetic_v1,0,0,0,0,0,1,0,0
Salesberry अर्डरमा रु. 249 दान थपियो,sneaking,sneaking,ne,label,checkbox,[TAG=label] [ROLE=checkbox] Salesberry अर्डरमा रु. 249 दान थपियो,sneaking:ne:22,synthetic_v1,0,0,0,0,0,1,0,0
ऑर्डर सुरक्षा आपके कार्ट में जोड़ी गई,sneaking,sneaking,hi,label,checkbox,[TAG=label] [ROLE=checkbox] ऑर्डर सुरक्षा आपके कार्ट में जोड़ी गई,sneaking:hi:02,synthetic_v1,0,0,0,0,0,1,0,0
"Priority delivery to Kathmandu selected (+Rs. 2,999)",sneaking,sneaking,en,p,fine_print,"[TAG=p] [ROLE=fine_print] Priority delivery to Kathmandu selected (+Rs. 2,999)",sneaking:en:23,synthetic_v1,0,0,0,0,0,1,0,0
गोरखा का लागि प्राथमिकता डेलिभरी छनोट (+रु. 149),sneaking,sneaking,ne,span,line_item,[TAG=span] [ROLE=line_item] गोरखा का लागि प्राथमिकता डेलिभरी छनोट (+रु. 149),sneaking:ne:23,synthetic_v1,0,0,0,0,0,1,0,0
Premium membership from Zepto added — Rs. 349/month,sneaking,sneaking,en,p,fine_print,[TAG=p] [ROLE=fine_print] Premium membership from Zepto added — Rs. 349/month,sneaking:en:17,synthetic_v1,0,0,0,0,0,1,0,0
OkDam से फॉर्मल शर्ट बीमा पहले से चुना गया (रु. 99),sneaking,sneaking,hi,p,fine_print,[TAG=p] [ROLE=fine_print] OkDam से फॉर्मल शर्ट बीमा पहले से चुना गया (रु. 99),sneaking:hi:19,synthetic_v1,0,0,0,0,0,1,0,0
Muncha बाट घामको चस्मा बीमा पहिले नै छनोट (रु. 999),sneaking,sneaking,ne,span,line_item,[TAG=span] [ROLE=line_item] Muncha बाट घामको चस्मा बीमा पहिले नै छनोट (रु. 999),sneaking:ne:19,synthetic_v1,0,0,0,0,0,1,0,0
Daraz की प्रो सदस्यता जोड़ी गई — रु. 799/महीना,sneaking,sneaking,hi,span,line_item,[TAG=span] [ROLE=line_item] Daraz की प्रो सदस्यता जोड़ी गई — रु. 799/महीना,sneaking:hi:17,synthetic_v1,0,0,0,0,0,1,0,0
निःशुल्क ट्रायलपछि प्लस रु. 249/महिना हुनेछ,sneaking,sneaking,ne,span,line_item,[TAG=span] [ROLE=line_item] निःशुल्क ट्रायलपछि प्लस रु. 249/महिना हुनेछ,sneaking:ne:04,synthetic_v1,0,0,0,0,0,1,0,0
Your Tata Cliq Gold trial renews at Rs. 49,sneaking,sneaking,en,label,checkbox,[TAG=label] [ROLE=checkbox] Your Tata Cliq Gold trial renews at Rs. 49,sneaking:en:21,synthetic_v1,0,0,0,0,0,1,0,0
Handling charge of Rs. 299 for Bengaluru deliveries,sneaking,sneaking,en,p,fine_print,[TAG=p] [ROLE=fine_print] Handling charge of Rs. 299 for Bengaluru deliveries,sneaking:en:13,synthetic_v1,0,0,0,0,0,1,0,0
"Priority delivery to Butwal selected (+Rs. 1,199)",sneaking,sneaking,en,p,fine_print,"[TAG=p] [ROLE=fine_print] Priority delivery to Butwal selected (+Rs. 1,199)",sneaking:en:23,synthetic_v1,0,0,0,0,0,1,0,0
गोरखा डेलिभरीमा रु. 49 ह्यान्डलिङ शुल्क,sneaking,sneaking,ne,p,fine_print,[TAG=p] [ROLE=fine_print] गोरखा डेलिभरीमा रु. 49 ह्यान्डलिङ शुल्क,sneaking:ne:13,synthetic_v1,0,0,0,0,0,1,0,0
विराटनगर डेलिभरीमा थप रु. 699,sneaking,sneaking,ne,p,fine_print,[TAG=p] [ROLE=fine_print] विराटनगर डेलिभरीमा थप रु. 699,sneaking:ne:18,synthetic_v1,0,0,0,0,0,1,0,0
Handling charge of Rs. 249 for Bengaluru deliveries,sneaking,sneaking,en,span,line_item,[TAG=span] [ROLE=line_item] Handling charge of Rs. 249 for Bengaluru deliveries,sneaking:en:13,synthetic_v1,0,0,0,0,0,1,0,0
Handling charge of Rs. 599 for Lalitpur deliveries,sneaking,sneaking,en,p,fine_print,[TAG=p] [ROLE=fine_print] Handling charge of Rs. 599 for Lalitpur deliveries,sneaking:en:13,synthetic_v1,0,0,0,0,0,1,0,0
"Myntra बाट स्कुल ब्याग बीमा पहिले नै छनोट (रु. 1,199)",sneaking,sneaking,ne,label,checkbox,"[TAG=label] [ROLE=checkbox] Myntra बाट स्कुल ब्याग बीमा पहिले नै छनोट (रु. 1,199)",sneaking:ne:19,synthetic_v1,0,0,0,0,0,1,0,0
Your free trial converts to Prime at Rs. 899/month,sneaking,sneaking,en,span,line_item,[TAG=span] [ROLE=line_item] Your free trial converts to Prime at Rs. 899/month,sneaking:en:04,synthetic_v1,0,0,0,0,0,1,0,0
सुविधा शुल्क रु. 499 समावेश,sneaking,sneaking,ne,p,fine_print,[TAG=p] [ROLE=fine_print] सुविधा शुल्क रु. 499 समावेश,sneaking:ne:05,synthetic_v1,0,0,0,0,0,1,0,0
फ्री ट्रायल के बाद प्लस रु. 499/महीना हो जाएगा,sneaking,sneaking,hi,label,checkbox,[TAG=label] [ROLE=checkbox] फ्री ट्रायल के बाद प्लस रु. 499/महीना हो जाएगा,sneaking:hi:04,synthetic_v1,0,0,0,0,0,1,0,0
JioMart से कॉटन कुर्ता बीमा पहले से चुना गया (रु. 149),sneaking,sneaking,hi,label,checkbox,[TAG=label] [ROLE=checkbox] JioMart से कॉटन कुर्ता बीमा पहले से चुना गया (रु. 149),sneaking:hi:19,synthetic_v1,0,0,0,0,0,1,0,0
Includes a 12-month Premium subscription,sneaking,sneaking,en,label,checkbox,[TAG=label] [ROLE=checkbox] Includes a 12-month Premium subscription,sneaking:en:10,synthetic_v1,0,0,0,0,0,1,0,0
पोखरा अर्डरमा रु. 799 प्याकेजिङ शुल्क,sneaking,sneaking,ne,span,line_item,[TAG=span] [ROLE=line_item] पोखरा अर्डरमा रु. 799 प्याकेजिङ शुल्क,sneaking:ne:20,synthetic_v1,0,0,0,0,0,1,0,0
तनहुँ अर्डरमा रु. 99 प्याकेजिङ शुल्क,sneaking,sneaking,ne,p,fine_print,[TAG=p] [ROLE=fine_print] तनहुँ अर्डरमा रु. 99 प्याकेजिङ शुल्क,sneaking:ne:20,synthetic_v1,0,0,0,0,0,1,0,0
Ajio बाट इलेक्ट्रिक केतली बीमा पहिले नै छनोट (रु. 99),sneaking,sneaking,ne,p,fine_print,[TAG=p] [ROLE=fine_print] Ajio बाट इलेक्ट्रिक केतली बीमा पहिले नै छनोट (रु. 99),sneaking:ne:19,synthetic_v1,0,0,0,0,0,1,0,0
चंडीगढ़ के लिए प्राथमिकता डिलीवरी चुनी गई (+रु. 149),sneaking,sneaking,hi,label,checkbox,[TAG=label] [ROLE=checkbox] चंडीगढ़ के लिए प्राथमिकता डिलीवरी चुनी गई (+रु. 149),sneaking:hi:23,synthetic_v1,0,0,0,0,0,1,0,0
Packaging fee Rs. 799 will be shown at payment,sneaking,sneaking,en,p,fine_print,[TAG=p] [ROLE=fine_print] Packaging fee Rs. 799 will be shown at payment,sneaking:en:15,synthetic_v1,0,0,0,0,0,1,0,0
"JioMart की प्राइम सदस्यता जोड़ी गई — रु. 2,999/महीना",sneaking,sneaking,hi,label,checkbox,"[TAG=label] [ROLE=checkbox] JioMart की प्राइम सदस्यता जोड़ी गई — रु. 2,999/महीना",sneaking:hi:17,synthetic_v1,0,0,0,0,0,1,0,0
रु. 99 सेवा शुल्क लागू,sneaking,sneaking,hi,label,checkbox,[TAG=label] [ROLE=checkbox] रु. 99 सेवा शुल्क लागू,sneaking:hi:03,synthetic_v1,0,0,0,0,0,1,0,0
"Muncha अर्डरमा रु. 2,499 दान थपियो",sneaking,sneaking,ne,label,checkbox,"[TAG=label] [ROLE=checkbox] Muncha अर्डरमा रु. 2,499 दान थपियो",sneaking:ne:22,synthetic_v1,0,0,0,0,0,1,0,0
Your free trial converts to Gold at Rs. 299/month,sneaking,sneaking,en,p,fine_print,[TAG=p] [ROLE=fine_print] Your free trial converts to Gold at Rs. 299/month,sneaking:en:04,synthetic_v1,0,0,0,0,0,1,0,0
तपाईंको ट्रेकिङ ज्याकेट अर्डरमा गोल्ड सदस्यता थपियो,sneaking,sneaking,ne,p,fine_print,[TAG=p] [ROLE=fine_print] तपाईंको ट्रेकिङ ज्याकेट अर्डरमा गोल्ड सदस्यता थपियो,sneaking:ne:14,synthetic_v1,0,0,0,0,0,1,0,0
Priority delivery to Nepalgunj selected (+Rs. 199),sneaking,sneaking,en,span,line_item,[TAG=span] [ROLE=line_item] Priority delivery to Nepalgunj selected (+Rs. 199),sneaking:en:23,synthetic_v1,0,0,0,0,0,1,0,0
विराटनगर डेलिभरीमा रु. 799 ह्यान्डलिङ शुल्क,sneaking,sneaking,ne,p,fine_print,[TAG=p] [ROLE=fine_print] विराटनगर डेलिभरीमा रु. 799 ह्यान्डलिङ शुल्क,sneaking:ne:13,synthetic_v1,0,0,0,0,0,1,0,0
Your HamroBazar Pro trial renews at Rs. 399,sneaking,sneaking,en,p,fine_print,[TAG=p] [ROLE=fine_print] Your HamroBazar Pro trial renews at Rs. 399,sneaking:en:21,synthetic_v1,0,0,0,0,0,1,0,0
तपाईंको इलेक्ट्रिक केतली अर्डरमा प्लस सदस्यता थपियो,sneaking,sneaking,ne,p,fine_print,[TAG=p] [ROLE=fine_print] तपाईंको इलेक्ट्रिक केतली अर्डरमा प्लस सदस्यता थपियो,sneaking:ne:14,synthetic_v1,0,0,0,0,0,1,0,0
हेटौंडा का लागि प्राथमिकता डेलिभरी छनोट (+रु. 49),sneaking,sneaking,ne,p,fine_print,[TAG=p] [ROLE=fine_print] हेटौंडा का लागि प्राथमिकता डेलिभरी छनोट (+रु. 49),sneaking:ne:23,synthetic_v1,0,0,0,0,0,1,0,0
लैपटॉप बैग का बीमा आपके लिए चुना गया,sneaking,sneaking,hi,p,fine_print,[TAG=p] [ROLE=fine_print] लैपटॉप बैग का बीमा आपके लिए चुना गया,sneaking:hi:07,synthetic_v1,0,0,0,0,0,1,0,0
निःशुल्क ट्रायलपछि प्रिमियम रु. 299/महिना हुनेछ,sneaking,sneaking,ne,span,line_item,[TAG=span] [ROLE=line_item] निःशुल्क ट्रायलपछि प्रिमियम रु. 299/महिना हुनेछ,sneaking:ne:04,synthetic_v1,0,0,0,0,0,1,0,0
Priority delivery to Bhaktapur selected (+Rs. 499),sneaking,sneaking,en,span,line_item,[TAG=span] [ROLE=line_item] Priority delivery to Bhaktapur selected (+Rs. 499),sneaking:en:23,synthetic_v1,0,0,0,0,0,1,0,0
"बुटवल डेलिभरीमा थप रु. 1,499",sneaking,sneaking,ne,label,checkbox,"[TAG=label] [ROLE=checkbox] बुटवल डेलिभरीमा थप रु. 1,499",sneaking:ne:18,synthetic_v1,0,0,0,0,0,1,0,0
चेकआउट पर रु. 499 शिपिंग शुल्क जोड़ा गया,sneaking,sneaking,hi,p,fine_print,[TAG=p] [ROLE=fine_print] चेकआउट पर रु. 499 शिपिंग शुल्क जोड़ा गया,sneaking:hi:00,synthetic_v1,0,0,0,0,0,1,0,0
Handling charge of Rs. 449 for Mumbai deliveries,sneaking,sneaking,en,label,checkbox,[TAG=label] [ROLE=checkbox] Handling charge of Rs. 449 for Mumbai deliveries,sneaking:en:13,synthetic_v1,0,0,0,0,0,1,0,0
Gyapu को प्रो सदस्यता थपियो — रु. 999/महिना,sneaking,sneaking,ne,span,line_item,[TAG=span] [ROLE=line_item] Gyapu को प्रो सदस्यता थपियो — रु. 999/महिना,sneaking:ne:17,synthetic_v1,0,0,0,0,0,1,0,0
"Service fee of Rs. 2,999 applied",sneaking,sneaking,en,p,fine_print,"[TAG=p] [ROLE=fine_print] Service fee of Rs. 2,999 applied",sneaking:en:03,synthetic_v1,0,0,0,0,0,1,0,0
7 महीने की गोल्ड सदस्यता शामिल,sneaking,sneaking,hi,span,line_item,[TAG=span] [ROLE=line_item] 7 महीने की गोल्ड सदस्यता शामिल,sneaking:hi:10,synthetic_v1,0,0,0,0,0,1,0,0
"Delivery to Nepalgunj costs an extra Rs. 1,199",sneaking,sneaking,en,p,fine_print,"[TAG=p] [ROLE=fine_print] Delivery to Nepalgunj costs an extra Rs. 1,199",sneaking:en:18,synthetic_v1,0,0,0,0,0,1,0,0
पुणे के लिए प्राथमिकता डिलीवरी चुनी गई (+रु. 99),sneaking,sneaking,hi,span,line_item,[TAG=span] [ROLE=line_item] पुणे के लिए प्राथमिकता डिलीवरी चुनी गई (+रु. 99),sneaking:hi:23,synthetic_v1,0,0,0,0,0,1,0,0
फ्री ट्रायल के बाद प्लस रु. 99/महीना हो जाएगा,sneaking,sneaking,hi,span,line_item,[TAG=span] [ROLE=line_item] फ्री ट्रायल के बाद प्लस रु. 99/महीना हो जाएगा,sneaking:hi:04,synthetic_v1,0,0,0,0,0,1,0,0
फ्री ट्रायल के बाद प्रीमियम रु. 349/महीना हो जाएगा,sneaking,sneaking,hi,p,fine_print,[TAG=p] [ROLE=fine_print] फ्री ट्रायल के बाद प्रीमियम रु. 349/महीना हो जाएगा,sneaking:hi:04,synthetic_v1,0,0,0,0,0,1,0,0
फ्री ट्रायल के बाद प्रो रु. 499/महीना हो जाएगा,sneaking,sneaking,hi,span,line_item,[TAG=span] [ROLE=line_item] फ्री ट्रायल के बाद प्रो रु. 499/महीना हो जाएगा,sneaking:hi:04,synthetic_v1,0,0,0,0,0,1,0,0
"पुणे डिलीवरी पर अतिरिक्त रु. 2,999",sneaking,sneaking,hi,span,line_item,"[TAG=span] [ROLE=line_item] पुणे डिलीवरी पर अतिरिक्त रु. 2,999",sneaking:hi:18,synthetic_v1,0,0,0,0,0,1,0,0
"फ्री ट्रायल के बाद प्लस रु. 2,999/महीना हो जाएगा",sneaking,sneaking,hi,span,line_item,"[TAG=span] [ROLE=line_item] फ्री ट्रायल के बाद प्लस रु. 2,999/महीना हो जाएगा",sneaking:hi:04,synthetic_v1,0,0,0,0,0,1,0,0
Donation of Rs. 299 added to your Meesho order,sneaking,sneaking,en,p,fine_print,[TAG=p] [ROLE=fine_print] Donation of Rs. 299 added to your Meesho order,sneaking:en:22,synthetic_v1,0,0,0,0,0,1,0,0
Blinkit बाट घामको चस्मा बीमा पहिले नै छनोट (रु. 249),sneaking,sneaking,ne,label,checkbox,[TAG=label] [ROLE=checkbox] Blinkit बाट घामको चस्मा बीमा पहिले नै छनोट (रु. 249),sneaking:ne:19,synthetic_v1,0,0,0,0,0,1,0,0
बाँके अर्डरमा रु. 999 प्याकेजिङ शुल्क,sneaking,sneaking,ne,p,fine_print,[TAG=p] [ROLE=fine_print] बाँके अर्डरमा रु. 999 प्याकेजिङ शुल्क,sneaking:ne:20,synthetic_v1,0,0,0,0,0,1,0,0
रु. 249 सेवा शुल्क लागू,sneaking,sneaking,ne,span,line_item,[TAG=span] [ROLE=line_item] रु. 249 सेवा शुल्क लागू,sneaking:ne:03,synthetic_v1,0,0,0,0,0,1,0,0
"आगरा डिलीवरी पर रु. 2,999 हैंडलिंग शुल्क",sneaking,sneaking,hi,p,fine_print,"[TAG=p] [ROLE=fine_print] आगरा डिलीवरी पर रु. 2,999 हैंडलिंग शुल्क",sneaking:hi:13,synthetic_v1,0,0,0,0,0,1,0,0
दमक डेलिभरीमा रु. 299 ह्यान्डलिङ शुल्क,sneaking,sneaking,ne,p,fine_print,[TAG=p] [ROLE=fine_print] दमक डेलिभरीमा रु. 299 ह्यान्डलिङ शुल्क,sneaking:ne:13,synthetic_v1,0,0,0,0,0,1,0,0
तपाईंको Gyapu प्राइम ट्रायल रु. 449 मा नवीकरण हुनेछ,sneaking,sneaking,ne,span,line_item,[TAG=span] [ROLE=line_item] तपाईंको Gyapu प्राइम ट्रायल रु. 449 मा नवीकरण हुनेछ,sneaking:ne:21,synthetic_v1,0,0,0,0,0,1,0,0
आगरा के लिए प्राथमिकता डिलीवरी चुनी गई (+रु. 599),sneaking,sneaking,hi,label,checkbox,[TAG=label] [ROLE=checkbox] आगरा के लिए प्राथमिकता डिलीवरी चुनी गई (+रु. 599),sneaking:hi:23,synthetic_v1,0,0,0,0,0,1,0,0
तपाईंको राइस कुकर अर्डरमा प्रो सदस्यता थपियो,sneaking,sneaking,ne,span,line_item,[TAG=span] [ROLE=line_item] तपाईंको राइस कुकर अर्डरमा प्रो सदस्यता थपियो,sneaking:ne:14,synthetic_v1,0,0,0,0,0,1,0,0
Service fee of Rs. 399 applied,sneaking,sneaking,en,p,fine_print,[TAG=p] [ROLE=fine_print] Service fee of Rs. 399 applied,sneaking:en:03,synthetic_v1,0,0,0,0,0,1,0,0
Amazon को गोल्ड सदस्यता थपियो — रु. 449/महिना,sneaking,sneaking,ne,span,line_item,[TAG=span] [ROLE=line_item] Amazon को गोल्ड सदस्यता थपियो — रु. 449/महिना,sneaking:ne:17,synthetic_v1,0,0,0,0,0,1,0,0
रु. 449 सेवा शुल्क लागू,sneaking,sneaking,ne,label,checkbox,[TAG=label] [ROLE=checkbox] रु. 449 सेवा शुल्क लागू,sneaking:ne:03,synthetic_v1,0,0,0,0,0,1,0,0
निःशुल्क ट्रायलपछि प्राइम रु. 799/महिना हुनेछ,sneaking,sneaking,ne,label,checkbox,[TAG=label] [ROLE=checkbox] निःशुल्क ट्रायलपछि प्राइम रु. 799/महिना हुनेछ,sneaking:ne:04,synthetic_v1,0,0,0,0,0,1,0,0
Zepto service fee of Rs. 299 added to your wireless earbuds order,sneaking,sneaking,en,p,fine_print,[TAG=p] [ROLE=fine_print] Zepto service fee of Rs. 299 added to your wireless earbuds order,sneaking:en:16,synthetic_v1,0,0,0,0,0,1,0,0
"हैदराबाद डिलीवरी पर अतिरिक्त रु. 2,499",sneaking,sneaking,hi,label,checkbox,"[TAG=label] [ROLE=checkbox] हैदराबाद डिलीवरी पर अतिरिक्त रु. 2,499",sneaking:hi:18,synthetic_v1,0,0,0,0,0,1,0,0
प्राथमिकता डिलीवरी पहले से चुनी गई (+रु. 899),sneaking,sneaking,hi,span,line_item,[TAG=span] [ROLE=line_item] प्राथमिकता डिलीवरी पहले से चुनी गई (+रु. 899),sneaking:hi:09,synthetic_v1,0,0,0,0,0,1,0,0
Zepto सेवा शुल्क रु. 149 तपाईंको अफिस कुर्सी अर्डरमा थपियो,sneaking,sneaking,ne,p,fine_print,[TAG=p] [ROLE=fine_print] Zepto सेवा शुल्क रु. 149 तपाईंको अफिस कुर्सी अर्डरमा थपियो,sneaking:ne:16,synthetic_v1,0,0,0,0,0,1,0,0
"तपाईंको Ajio प्राइम ट्रायल रु. 2,999 मा नवीकरण हुनेछ",sneaking,sneaking,ne,span,line_item,"[TAG=span] [ROLE=line_item] तपाईंको Ajio प्राइम ट्रायल रु. 2,999 मा नवीकरण हुनेछ",sneaking:ne:21,synthetic_v1,0,0,0,0,0,1,0,0
हैदराबाद ऑर्डर पर रु. 99 पैकेजिंग शुल्क,sneaking,sneaking,hi,span,line_item,[TAG=span] [ROLE=line_item] हैदराबाद ऑर्डर पर रु. 99 पैकेजिंग शुल्क,sneaking:hi:20,synthetic_v1,0,0,0,0,0,1,0,0
प्याकेजिङ शुल्क रु. 449 भुक्तानीमा देखिनेछ,sneaking,sneaking,ne,span,line_item,[TAG=span] [ROLE=line_item] प्याकेजिङ शुल्क रु. 449 भुक्तानीमा देखिनेछ,sneaking:ne:15,synthetic_v1,0,0,0,0,0,1,0,0
"HamroBazar अर्डरमा रु. 2,499 दान थपियो",sneaking,sneaking,ne,span,line_item,"[TAG=span] [ROLE=line_item] HamroBazar अर्डरमा रु. 2,499 दान थपियो",sneaking:ne:22,synthetic_v1,0,0,0,0,0,1,0,0
Shipping fee of Rs. 699 added at checkout,sneaking,sneaking,en,span,line_item,[TAG=span] [ROLE=line_item] Shipping fee of Rs. 699 added at checkout,sneaking:en:00,synthetic_v1,0,0,0,0,0,1,0,0
SastoDeal अर्डरमा रु. 149 दान थपियो,sneaking,sneaking,ne,label,checkbox,[TAG=label] [ROLE=checkbox] SastoDeal अर्डरमा रु. 149 दान थपियो,sneaking:ne:22,synthetic_v1,0,0,0,0,0,1,0,0
पटना डिलीवरी पर रु. 49 हैंडलिंग शुल्क,sneaking,sneaking,hi,p,fine_print,[TAG=p] [ROLE=fine_print] पटना डिलीवरी पर रु. 49 हैंडलिंग शुल्क,sneaking:hi:13,synthetic_v1,0,0,0,0,0,1,0,0
वाराणसी ऑर्डर पर रु. 49 पैकेजिंग शुल्क,sneaking,sneaking,hi,label,checkbox,[TAG=label] [ROLE=checkbox] वाराणसी ऑर्डर पर रु. 49 पैकेजिंग शुल्क,sneaking:hi:20,synthetic_v1,0,0,0,0,0,1,0,0
Muncha service fee of Rs. 499 added to your wireless earbuds order,sneaking,sneaking,en,span,line_item,[TAG=span] [ROLE=line_item] Muncha service fee of Rs. 499 added to your wireless earbuds order,sneaking:en:16,synthetic_v1,0,0,0,0,0,1,0,0
Zepto की प्राइम सदस्यता जोड़ी गई — रु. 299/महीना,sneaking,sneaking,hi,span,line_item,[TAG=span] [ROLE=line_item] Zepto की प्राइम सदस्यता जोड़ी गई — रु. 299/महीना,sneaking:hi:17,synthetic_v1,0,0,0,0,0,1,0,0
"निःशुल्क ट्रायलपछि प्रो रु. 1,499/महिना हुनेछ",sneaking,sneaking,ne,span,line_item,"[TAG=span] [ROLE=line_item] निःशुल्क ट्रायलपछि प्रो रु. 1,499/महिना हुनेछ",sneaking:ne:04,synthetic_v1,0,0,0,0,0,1,0,0
hair dryer insurance from HamroBazar pre-selected (Rs. 599),sneaking,sneaking,en,span,line_item,[TAG=span] [ROLE=line_item] hair dryer insurance from HamroBazar pre-selected (Rs. 599),sneaking:en:19,synthetic_v1,0,0,0,0,0,1,0,0
"We've added a donation of Rs. 1,499 to your order",sneaking,sneaking,en,p,fine_print,"[TAG=p] [ROLE=fine_print] We've added a donation of Rs. 1,499 to your order",sneaking:en:06,synthetic_v1,0,0,0,0,0,1,0,0
आपके नॉइज़ कैंसलिंग हेडफोन ऑर्डर में प्लस सदस्यता जोड़ी गई,sneaking,sneaking,hi,label,checkbox,[TAG=label] [ROLE=checkbox] आपके नॉइज़ कैंसलिंग हेडफोन ऑर्डर में प्लस सदस्यता जोड़ी गई,sneaking:hi:14,synthetic_v1,0,0,0,0,0,1,0,0
"वाराणसी डिलीवरी पर रु. 1,499 हैंडलिंग शुल्क",sneaking,sneaking,hi,label,checkbox,"[TAG=label] [ROLE=checkbox] वाराणसी डिलीवरी पर रु. 1,499 हैंडलिंग शुल्क",sneaking:hi:13,synthetic_v1,0,0,0,0,0,1,0,0
बुटवल डेलिभरीमा थप रु. 149,sneaking,sneaking,ne,span,line_item,[TAG=span] [ROLE=line_item] बुटवल डेलिभरीमा थप रु. 149,sneaking:ne:18,synthetic_v1,0,0,0,0,0,1,0,0
तनहुँ डेलिभरीमा रु. 599 ह्यान्डलिङ शुल्क,sneaking,sneaking,ne,p,fine_print,[TAG=p] [ROLE=fine_print] तनहुँ डेलिभरीमा रु. 599 ह्यान्डलिङ शुल्क,sneaking:ne:13,synthetic_v1,0,0,0,0,0,1,0,0
"Zepto बाट स्पोर्ट्स चप्पल बीमा पहिले नै छनोट (रु. 2,499)",sneaking,sneaking,ne,p,fine_print,"[TAG=p] [ROLE=fine_print] Zepto बाट स्पोर्ट्स चप्पल बीमा पहिले नै छनोट (रु. 2,499)",sneaking:ne:19,synthetic_v1,0,0,0,0,0,1,0,0
4 महीने की प्रो सदस्यता शामिल,sneaking,sneaking,hi,p,fine_print,[TAG=p] [ROLE=fine_print] 4 महीने की प्रो सदस्यता शामिल,sneaking:hi:10,synthetic_v1,0,0,0,0,0,1,0,0
फ्री ट्रायल के बाद गोल्ड रु. 49/महीना हो जाएगा,sneaking,sneaking,hi,label,checkbox,[TAG=label] [ROLE=checkbox] फ्री ट्रायल के बाद गोल्ड रु. 49/महीना हो जाएगा,sneaking:hi:04,synthetic_v1,0,0,0,0,0,1,0,0
"Tata Cliq service fee of Rs. 2,999 added to your cotton kurta order",sneaking,sneaking,en,label,checkbox,"[TAG=label] [ROLE=checkbox] Tata Cliq service fee of Rs. 2,999 added to your cotton kurta order",sneaking:en:16,synthetic_v1,0,0,0,0,0,1,0,0
"सुविधा शुल्क रु. 2,499 शामिल",sneaking,sneaking,hi,label,checkbox,"[TAG=label] [ROLE=checkbox] सुविधा शुल्क रु. 2,499 शामिल",sneaking:hi:05,synthetic_v1,0,0,0,0,0,1,0,0
Gold membership added to your sunglasses order,sneaking,sneaking,en,label,checkbox,[TAG=label] [ROLE=checkbox] Gold membership added to your sunglasses order,sneaking:en:14,synthetic_v1,0,0,0,0,0,1,0,0
Donation of Rs. 99 added to your HamroBazar order,sneaking,sneaking,en,p,fine_print,[TAG=p] [ROLE=fine_print] Donation of Rs. 99 added to your HamroBazar order,sneaking:en:22,synthetic_v1,0,0,0,0,0,1,0,0
"दिल्ली के लिए प्राथमिकता डिलीवरी चुनी गई (+रु. 2,999)",sneaking,sneaking,hi,label,checkbox,"[TAG=label] [ROLE=checkbox] दिल्ली के लिए प्राथमिकता डिलीवरी चुनी गई (+रु. 2,999)",sneaking:hi:23,synthetic_v1,0,0,0,0,0,1,0,0
सुविधा शुल्क रु. 799 शामिल,sneaking,sneaking,hi,p,fine_print,[TAG=p] [ROLE=fine_print] सुविधा शुल्क रु. 799 शामिल,sneaking:hi:05,synthetic_v1,0,0,0,0,0,1,0,0
Plus membership added to your protein powder order,sneaking,sneaking,en,span,line_item,[TAG=span] [ROLE=line_item] Plus membership added to your protein powder order,sneaking:en:14,synthetic_v1,0,0,0,0,0,1,0,0
Convenience fee of Rs. 899 included,sneaking,sneaking,en,p,fine_print,[TAG=p] [ROLE=fine_print] Convenience fee of Rs. 899 included,sneaking:en:05,synthetic_v1,0,0,0,0,0,1,0,0
Meesho की प्राइम सदस्यता जोड़ी गई — रु. 599/महीना,sneaking,sneaking,hi,p,fine_print,[TAG=p] [ROLE=fine_print] Meesho की प्राइम सदस्यता जोड़ी गई — रु. 599/महीना,sneaking:hi:17,synthetic_v1,0,0,0,0,0,1,0,0
तपाईंको ल्यापटप ब्याग अर्डरमा प्राइम सदस्यता थपियो,sneaking,sneaking,ne,span,line_item,[TAG=span] [ROLE=line_item] तपाईंको ल्यापटप ब्याग अर्डरमा प्राइम सदस्यता थपियो,sneaking:ne:14,synthetic_v1,0,0,0,0,0,1,0,0
आपके गेमिंग माउस ऑर्डर में प्राइम सदस्यता जोड़ी गई,sneaking,sneaking,hi,p,fine_print,[TAG=p] [ROLE=fine_print] आपके गेमिंग माउस ऑर्डर में प्राइम सदस्यता जोड़ी गई,sneaking:hi:14,synthetic_v1,0,0,0,0,0,1,0,0
इंदौर डिलीवरी पर अतिरिक्त रु. 99,sneaking,sneaking,hi,p,fine_print,[TAG=p] [ROLE=fine_print] इंदौर डिलीवरी पर अतिरिक्त रु. 99,sneaking:hi:18,synthetic_v1,0,0,0,0,0,1,0,0
दिल्ली ऑर्डर पर रु. 149 पैकेजिंग शुल्क,sneaking,sneaking,hi,label,checkbox,[TAG=label] [ROLE=checkbox] दिल्ली ऑर्डर पर रु. 149 पैकेजिंग शुल्क,sneaking:hi:20,synthetic_v1,0,0,0,0,0,1,0,0
Rs. 349 packaging charge applies for Patna orders,sneaking,sneaking,en,span,line_item,[TAG=span] [ROLE=line_item] Rs. 349 packaging charge applies for Patna orders,sneaking:en:20,synthetic_v1,0,0,0,0,0,1,0,0
पुणे डिलीवरी पर अतिरिक्त रु. 349,sneaking,sneaking,hi,label,checkbox,[TAG=label] [ROLE=checkbox] पुणे डिलीवरी पर अतिरिक्त रु. 349,sneaking:hi:18,synthetic_v1,0,0,0,0,0,1,0,0
"भक्तपुर डेलिभरीमा थप रु. 1,499",sneaking,sneaking,ne,p,fine_print,"[TAG=p] [ROLE=fine_print] भक्तपुर डेलिभरीमा थप रु. 1,499",sneaking:ne:18,synthetic_v1,0,0,0,0,0,1,0,0
चेकआउट पर रु. 399 शिपिंग शुल्क जोड़ा गया,sneaking,sneaking,hi,label,checkbox,[TAG=label] [ROLE=checkbox] चेकआउट पर रु. 399 शिपिंग शुल्क जोड़ा गया,sneaking:hi:00,synthetic_v1,0,0,0,0,0,1,0,0
आपके पावर बैंक ऑर्डर में गोल्ड सदस्यता जोड़ी गई,sneaking,sneaking,hi,span,line_item,[TAG=span] [ROLE=line_item] आपके पावर बैंक ऑर्डर में गोल्ड सदस्यता जोड़ी गई,sneaking:hi:14,synthetic_v1,0,0,0,0,0,1,0,0
"Blinkit सेवा शुल्क रु. 1,999 आपके लैपटॉप बैग ऑर्डर में जोड़ा गया",sneaking,sneaking,hi,span,line_item,"[TAG=span] [ROLE=line_item] Blinkit सेवा शुल्क रु. 1,999 आपके लैपटॉप बैग ऑर्डर में जोड़ा गया",sneaking:hi:16,synthetic_v1,0,0,0,0,0,1,0,0
Convenience fee of Rs. 449 included,sneaking,sneaking,en,span,line_item,[TAG=span] [ROLE=line_item] Convenience fee of Rs. 449 included,sneaking:en:05,synthetic_v1,0,0,0,0,0,1,0,0
"Handling charge of Rs. 2,499 for Dharan deliveries",sneaking,sneaking,en,span,line_item,"[TAG=span] [ROLE=line_item] Handling charge of Rs. 2,499 for Dharan deliveries",sneaking:en:13,synthetic_v1,0,0,0,0,0,1,0,0
निःशुल्क ट्रायलपछि गोल्ड रु. 149/महिना हुनेछ,sneaking,sneaking,ne,label,checkbox,[TAG=label] [ROLE=checkbox] निःशुल्क ट्रायलपछि गोल्ड रु. 149/महिना हुनेछ,sneaking:ne:04,synthetic_v1,0,0,0,0,0,1,0,0
10 महीने की गोल्ड सदस्यता शामिल,sneaking,sneaking,hi,span,line_item,[TAG=span] [ROLE=line_item] 10 महीने की गोल्ड सदस्यता शामिल,sneaking:hi:10,synthetic_v1,0,0,0,0,0,1,0,0
"Donation of Rs. 2,499 added to your Thulo order",sneaking,sneaking,en,label,checkbox,"[TAG=label] [ROLE=checkbox] Donation of Rs. 2,499 added to your Thulo order",sneaking:en:22,synthetic_v1,0,0,0,0,0,1,0,0
Your Flipkart Pro trial renews at Rs. 699,sneaking,sneaking,en,label,checkbox,[TAG=label] [ROLE=checkbox] Your Flipkart Pro trial renews at Rs. 699,sneaking:en:21,synthetic_v1,0,0,0,0,0,1,0,0
निःशुल्क ट्रायलपछि प्रिमियम रु. 249/महिना हुनेछ,sneaking,sneaking,ne,p,fine_print,[TAG=p] [ROLE=fine_print] निःशुल्क ट्रायलपछि प्रिमियम रु. 249/महिना हुनेछ,sneaking:ne:04,synthetic_v1,0,0,0,0,0,1,0,0
तपाईंको नोइज क्यान्सलिङ हेडफोन अर्डरमा गोल्ड सदस्यता थपियो,sneaking,sneaking,ne,label,checkbox,[TAG=label] [ROLE=checkbox] तपाईंको नोइज क्यान्सलिङ हेडफोन अर्डरमा गोल्ड सदस्यता थपियो,sneaking:ne:14,synthetic_v1,0,0,0,0,0,1,0,0
Gyapu ऑर्डर में रु. 999 का दान जोड़ा गया,sneaking,sneaking,hi,span,line_item,[TAG=span] [ROLE=line_item] Gyapu ऑर्डर में रु. 999 का दान जोड़ा गया,sneaking:hi:22,synthetic_v1,0,0,0,0,0,1,0,0
12 महीने की प्राइम सदस्यता शामिल,sneaking,sneaking,hi,span,line_item,[TAG=span] [ROLE=line_item] 12 महीने की प्राइम सदस्यता शामिल,sneaking:hi:10,synthetic_v1,0,0,0,0,0,1,0,0
Delivery to Bhaktapur costs an extra Rs. 449,sneaking,sneaking,en,p,fine_print,[TAG=p] [ROLE=fine_print] Delivery to Bhaktapur costs an extra Rs. 449,sneaking:en:18,synthetic_v1,0,0,0,0,0,1,0,0
काठमाडौँ अर्डरमा रु. 199 प्याकेजिङ शुल्क,sneaking,sneaking,ne,label,checkbox,[TAG=label] [ROLE=checkbox] काठमाडौँ अर्डरमा रु. 199 प्याकेजिङ शुल्क,sneaking:ne:20,synthetic_v1,0,0,0,0,0,1,0,0
"Zepto सेवा शुल्क रु. 2,499 आपके राइस कुकर ऑर्डर में जोड़ा गया",sneaking,sneaking,hi,span,line_item,"[TAG=span] [ROLE=line_item] Zepto सेवा शुल्क रु. 2,499 आपके राइस कुकर ऑर्डर में जोड़ा गया",sneaking:hi:16,synthetic_v1,0,0,0,0,0,1,0,0
"आपका Amazon गोल्ड ट्रायल रु. 2,499 पर रिन्यू होगा",sneaking,sneaking,hi,p,fine_print,"[TAG=p] [ROLE=fine_print] आपका Amazon गोल्ड ट्रायल रु. 2,499 पर रिन्यू होगा",sneaking:hi:21,synthetic_v1,0,0,0,0,0,1,0,0
Delivery to Butwal costs an extra Rs. 199,sneaking,sneaking,en,span,line_item,[TAG=span] [ROLE=line_item] Delivery to Butwal costs an extra Rs. 199,sneaking:en:18,synthetic_v1,0,0,0,0,0,1,0,0
जारी रखने पर हर महीने रु. 449 शुल्क लगेगा,sneaking,sneaking,hi,label,checkbox,[TAG=label] [ROLE=checkbox] जारी रखने पर हर महीने रु. 449 शुल्क लगेगा,sneaking:hi:01,synthetic_v1,0,0,0,0,0,1,0,0
Handling charge of Rs. 449 for Butwal deliveries,sneaking,sneaking,en,p,fine_print,[TAG=p] [ROLE=fine_print] Handling charge of Rs. 449 for Butwal deliveries,sneaking:en:13,synthetic_v1,0,0,0,0,0,1,0,0
Daraz ऑर्डर में रु. 249 का दान जोड़ा गया,sneaking,sneaking,hi,p,fine_print,[TAG=p] [ROLE=fine_print] Daraz ऑर्डर में रु. 249 का दान जोड़ा गया,sneaking:hi:22,synthetic_v1,0,0,0,0,0,1,0,0
BigBasket सेवा शुल्क रु. 199 आपके रनिंग शूज़ ऑर्डर में जोड़ा गया,sneaking,sneaking,hi,label,checkbox,[TAG=label] [ROLE=checkbox] BigBasket सेवा शुल्क रु. 199 आपके रनिंग शूज़ ऑर्डर में जोड़ा गया,sneaking:hi:16,synthetic_v1,0,0,0,0,0,1,0,0
SastoDeal से स्टडी लैंप बीमा पहले से चुना गया (रु. 149),sneaking,sneaking,hi,p,fine_print,[TAG=p] [ROLE=fine_print] SastoDeal से स्टडी लैंप बीमा पहले से चुना गया (रु. 149),sneaking:hi:19,synthetic_v1,0,0,0,0,0,1,0,0
Muncha सेवा शुल्क रु. 899 आपके पानी की बोतल ऑर्डर में जोड़ा गया,sneaking,sneaking,hi,label,checkbox,[TAG=label] [ROLE=checkbox] Muncha सेवा शुल्क रु. 899 आपके पानी की बोतल ऑर्डर में जोड़ा गया,sneaking:hi:16,synthetic_v1,0,0,0,0,0,1,0,0
पोखरा का लागि प्राथमिकता डेलिभरी छनोट (+रु. 899),sneaking,sneaking,ne,p,fine_print,[TAG=p] [ROLE=fine_print] पोखरा का लागि प्राथमिकता डेलिभरी छनोट (+रु. 899),sneaking:ne:23,synthetic_v1,0,0,0,0,0,1,0,0
तपाईंको SastoDeal प्राइम ट्रायल रु. 349 मा नवीकरण हुनेछ,sneaking,sneaking,ne,label,checkbox,[TAG=label] [ROLE=checkbox] तपाईंको SastoDeal प्राइम ट्रायल रु. 349 मा नवीकरण हुनेछ,sneaking:ne:21,synthetic_v1,0,0,0,0,0,1,0,0
Prime membership added to your study lamp order,sneaking,sneaking,en,p,fine_print,[TAG=p] [ROLE=fine_print] Prime membership added to your study lamp order,sneaking:en:14,synthetic_v1,0,0,0,0,0,1,0,0
फ्री ट्रायल के बाद प्रीमियम रु. 899/महीना हो जाएगा,sneaking,sneaking,hi,span,line_item,[TAG=span] [ROLE=line_item] फ्री ट्रायल के बाद प्रीमियम रु. 899/महीना हो जाएगा,sneaking:hi:04,synthetic_v1,0,0,0,0,0,1,0,0
We've added a donation of Rs. 99 to your order,sneaking,sneaking,en,label,checkbox,[TAG=label] [ROLE=checkbox] We've added a donation of Rs. 99 to your order,sneaking:en:06,synthetic_v1,0,0,0,0,0,1,0,0
Salesberry अर्डरमा रु. 399 दान थपियो,sneaking,sneaking,ne,label,checkbox,[TAG=label] [ROLE=checkbox] Salesberry अर्डरमा रु. 399 दान थपियो,sneaking:ne:22,synthetic_v1,0,0,0,0,0,1,0,0
Insurance for sports sandals selected for you,sneaking,sneaking,en,span,line_item,[TAG=span] [ROLE=line_item] Insurance for sports sandals selected for you,sneaking:en:07,synthetic_v1,0,0,0,0,0,1,0,0
आपके इंडक्शन चूल्हा ऑर्डर में प्लस सदस्यता जोड़ी गई,sneaking,sneaking,hi,label,checkbox,[TAG=label] [ROLE=checkbox] आपके इंडक्शन चूल्हा ऑर्डर में प्लस सदस्यता जोड़ी गई,sneaking:hi:14,synthetic_v1,0,0,0,0,0,1,0,0
इंदौर ऑर्डर पर रु. 449 पैकेजिंग शुल्क,sneaking,sneaking,hi,span,line_item,[TAG=span] [ROLE=line_item] इंदौर ऑर्डर पर रु. 449 पैकेजिंग शुल्क,sneaking:hi:20,synthetic_v1,0,0,0,0,0,1,0,0
Premium membership added to your office chair order,sneaking,sneaking,en,label,checkbox,[TAG=label] [ROLE=checkbox] Premium membership added to your office chair order,sneaking:en:14,synthetic_v1,0,0,0,0,0,1,0,0
Convenience fee of Rs. 199 included,sneaking,sneaking,en,span,line_item,[TAG=span] [ROLE=line_item] Convenience fee of Rs. 199 included,sneaking:en:05,synthetic_v1,0,0,0,0,0,1,0,0
चेकआउटमा रु. 899 ढुवानी शुल्क थपियो,sneaking,sneaking,ne,label,checkbox,[TAG=label] [ROLE=checkbox] चेकआउटमा रु. 899 ढुवानी शुल्क थपियो,sneaking:ne:00,synthetic_v1,0,0,0,0,0,1,0,0
Pro membership from Lenskart added — Rs. 699/month,sneaking,sneaking,en,p,fine_print,[TAG=p] [ROLE=fine_print] Pro membership from Lenskart added — Rs. 699/month,sneaking:en:17,synthetic_v1,0,0,0,0,0,1,0,0
"Reliance Digital service fee of Rs. 1,499 added to your gaming mouse order",sneaking,sneaking,en,span,line_item,"[TAG=span] [ROLE=line_item] Reliance Digital service fee of Rs. 1,499 added to your gaming mouse order",sneaking:en:16,synthetic_v1,0,0,0,0,0,1,0,0
Your Thulo Gold trial renews at Rs. 449,sneaking,sneaking,en,label,checkbox,[TAG=label] [ROLE=checkbox] Your Thulo Gold trial renews at Rs. 449,sneaking:en:21,synthetic_v1,0,0,0,0,0,1,0,0
चितवन का लागि प्राथमिकता डेलिभरी छनोट (+रु. 149),sneaking,sneaking,ne,p,fine_print,[TAG=p] [ROLE=fine_print] चितवन का लागि प्राथमिकता डेलिभरी छनोट (+रु. 149),sneaking:ne:23,synthetic_v1,0,0,0,0,0,1,0,0
bluetooth speaker insurance from JioMart pre-selected (Rs. 399),sneaking,sneaking,en,p,fine_print,[TAG=p] [ROLE=fine_print] bluetooth speaker insurance from JioMart pre-selected (Rs. 399),sneaking:en:19,synthetic_v1,0,0,0,0,0,1,0,0
"फ्री ट्रायल के बाद प्लस रु. 2,499/महीना हो जाएगा",sneaking,sneaking,hi,label,checkbox,"[TAG=label] [ROLE=checkbox] फ्री ट्रायल के बाद प्लस रु. 2,499/महीना हो जाएगा",sneaking:hi:04,synthetic_v1,0,0,0,0,0,1,0,0
Your free trial converts to Gold at Rs. 449/month,sneaking,sneaking,en,p,fine_print,[TAG=p] [ROLE=fine_print] Your free trial converts to Gold at Rs. 449/month,sneaking:en:04,synthetic_v1,0,0,0,0,0,1,0,0
हेयर ड्रायर का बीमा आपके लिए चुना गया,sneaking,sneaking,hi,p,fine_print,[TAG=p] [ROLE=fine_print] हेयर ड्रायर का बीमा आपके लिए चुना गया,sneaking:hi:07,synthetic_v1,0,0,0,0,0,1,0,0
Gold membership from Daraz added — Rs. 99/month,sneaking,sneaking,en,p,fine_print,[TAG=p] [ROLE=fine_print] Gold membership from Daraz added — Rs. 99/month,sneaking:en:17,synthetic_v1,0,0,0,0,0,1,0,0
Convenience fee of Rs. 249 included,sneaking,sneaking,en,label,checkbox,[TAG=label] [ROLE=checkbox] Convenience fee of Rs. 249 included,sneaking:en:05,synthetic_v1,0,0,0,0,0,1,0,0
school bag insurance from Blinkit pre-selected (Rs. 149),sneaking,sneaking,en,p,fine_print,[TAG=p] [ROLE=fine_print] school bag insurance from Blinkit pre-selected (Rs. 149),sneaking:en:19,synthetic_v1,0,0,0,0,0,1,0,0
Auto-renewal is enabled for Gold,sneaking,sneaking,en,span,line_item,[TAG=span] [ROLE=line_item] Auto-renewal is enabled for Gold,sneaking:en:08,synthetic_v1,0,0,0,0,0,1,0,0
Your SastoDeal Pro trial renews at Rs. 399,sneaking,sneaking,en,p,fine_print,[TAG=p] [ROLE=fine_print] Your SastoDeal Pro trial renews at Rs. 399,sneaking:en:21,synthetic_v1,0,0,0,0,0,1,0,0
निःशुल्क ट्रायलपछि प्रो रु. 899/महिना हुनेछ,sneaking,sneaking,ne,label,checkbox,[TAG=label] [ROLE=checkbox] निःशुल्क ट्रायलपछि प्रो रु. 899/महिना हुनेछ,sneaking:ne:04,synthetic_v1,0,0,0,0,0,1,0,0
Handling charge of Rs. 499 for Kathmandu deliveries,sneaking,sneaking,en,p,fine_print,[TAG=p] [ROLE=fine_print] Handling charge of Rs. 499 for Kathmandu deliveries,sneaking:en:13,synthetic_v1,0,0,0,0,0,1,0,0
"BigBasket सेवा शुल्क रु. 2,499 तपाईंको ब्लुटुथ स्पिकर अर्डरमा थपियो",sneaking,sneaking,ne,span,line_item,"[TAG=span] [ROLE=line_item] BigBasket सेवा शुल्क रु. 2,499 तपाईंको ब्लुटुथ स्पिकर अर्डरमा थपियो",sneaking:ne:16,synthetic_v1,0,0,0,0,0,1,0,0
Packaging fee Rs. 499 will be shown at payment,sneaking,sneaking,en,p,fine_print,[TAG=p] [ROLE=fine_print] Packaging fee Rs. 499 will be shown at payment,sneaking:en:15,synthetic_v1,0,0,0,0,0,1,0,0
तपाईंको स्कुल ब्याग अर्डरमा प्लस सदस्यता थपियो,sneaking,sneaking,ne,span,line_item,[TAG=span] [ROLE=line_item] तपाईंको स्कुल ब्याग अर्डरमा प्लस सदस्यता थपियो,sneaking:ne:14,synthetic_v1,0,0,0,0,0,1,0,0
"जयपुर डिलीवरी पर रु. 2,499 हैंडलिंग शुल्क",sneaking,sneaking,hi,p,fine_print,"[TAG=p] [ROLE=fine_print] जयपुर डिलीवरी पर रु. 2,499 हैंडलिंग शुल्क",sneaking:hi:13,synthetic_v1,0,0,0,0,0,1,0,0
Donation of Rs. 399 added to your Pepperfry order,sneaking,sneaking,en,p,fine_print,[TAG=p] [ROLE=fine_print] Donation of Rs. 399 added to your Pepperfry order,sneaking:en:22,synthetic_v1,0,0,0,0,0,1,0,0
गोल्ड के लिए ऑटो-रिन्यूअल चालू है,sneaking,sneaking,hi,p,fine_print,[TAG=p] [ROLE=fine_print] गोल्ड के लिए ऑटो-रिन्यूअल चालू है,sneaking:hi:08,synthetic_v1,0,0,0,0,0,1,0,0
"रु. 1,999 सेवा शुल्क लागू",sneaking,sneaking,hi,span,line_item,"[TAG=span] [ROLE=line_item] रु. 1,999 सेवा शुल्क लागू",sneaking:hi:03,synthetic_v1,0,0,0,0,0,1,0,0
भक्तपुर का लागि प्राथमिकता डेलिभरी छनोट (+रु. 149),sneaking,sneaking,ne,span,line_item,[TAG=span] [ROLE=line_item] भक्तपुर का लागि प्राथमिकता डेलिभरी छनोट (+रु. 149),sneaking:ne:23,synthetic_v1,0,0,0,0,0,1,0,0
नासिक ऑर्डर पर रु. 599 पैकेजिंग शुल्क,sneaking,sneaking,hi,span,line_item,[TAG=span] [ROLE=line_item] नासिक ऑर्डर पर रु. 599 पैकेजिंग शुल्क,sneaking:hi:20,synthetic_v1,0,0,0,0,0,1,0,0
1 महिनाको प्राइम सदस्यता समावेश,sneaking,sneaking,ne,label,checkbox,[TAG=label] [ROLE=checkbox] 1 महिनाको प्राइम सदस्यता समावेश,sneaking:ne:10,synthetic_v1,0,0,0,0,0,1,0,0
Handling charge of Rs. 299 for Nepalgunj deliveries,sneaking,sneaking,en,span,line_item,[TAG=span] [ROLE=line_item] Handling charge of Rs. 299 for Nepalgunj deliveries,sneaking:en:13,synthetic_v1,0,0,0,0,0,1,0,0
"Blinkit बाट पानीको बोतल बीमा पहिले नै छनोट (रु. 2,999)",sneaking,sneaking,ne,span,line_item,"[TAG=span] [ROLE=line_item] Blinkit बाट पानीको बोतल बीमा पहिले नै छनोट (रु. 2,999)",sneaking:ne:19,synthetic_v1,0,0,0,0,0,1,0,0
सुविधा शुल्क रु. 299 समावेश,sneaking,sneaking,ne,p,fine_print,[TAG=p] [ROLE=fine_print] सुविधा शुल्क रु. 299 समावेश,sneaking:ne:05,synthetic_v1,0,0,0,0,0,1,0,0
फ्री ट्रायल के बाद प्रीमियम रु. 249/महीना हो जाएगा,sneaking,sneaking,hi,span,line_item,[TAG=span] [ROLE=line_item] फ्री ट्रायल के बाद प्रीमियम रु. 249/महीना हो जाएगा,sneaking:hi:04,synthetic_v1,0,0,0,0,0,1,0,0
Handling charge of Rs. 999 for Kathmandu deliveries,sneaking,sneaking,en,span,line_item,[TAG=span] [ROLE=line_item] Handling charge of Rs. 999 for Kathmandu deliveries,sneaking:en:13,synthetic_v1,0,0,0,0,0,1,0,0
जनकपुर अर्डरमा रु. 599 प्याकेजिङ शुल्क,sneaking,sneaking,ne,p,fine_print,[TAG=p] [ROLE=fine_print] जनकपुर अर्डरमा रु. 599 प्याकेजिङ शुल्क,sneaking:ne:20,synthetic_v1,0,0,0,0,0,1,0,0
Flipkart service fee of Rs. 699 added to your sports sandals order,sneaking,sneaking,en,p,fine_print,[TAG=p] [ROLE=fine_print] Flipkart service fee of Rs. 699 added to your sports sandals order,sneaking:en:16,synthetic_v1,0,0,0,0,0,1,0,0
"Lenskart को प्राइम सदस्यता थपियो — रु. 2,499/महिना",sneaking,sneaking,ne,span,line_item,"[TAG=span] [ROLE=line_item] Lenskart को प्राइम सदस्यता थपियो — रु. 2,499/महिना",sneaking:ne:17,synthetic_v1,0,0,0,0,0,1,0,0
हैदराबाद डिलीवरी पर रु. 99 हैंडलिंग शुल्क,sneaking,sneaking,hi,p,fine_print,[TAG=p] [ROLE=fine_print] हैदराबाद डिलीवरी पर रु. 99 हैंडलिंग शुल्क,sneaking:hi:13,synthetic_v1,0,0,0,0,0,1,0,0
गोल्ड का लागि स्वतः नवीकरण सक्रिय छ,sneaking,sneaking,ne,span,line_item,[TAG=span] [ROLE=line_item] गोल्ड का लागि स्वतः नवीकरण सक्रिय छ,sneaking:ne:08,synthetic_v1,0,0,0,0,0,1,0,0
Insurance for study lamp selected for you,sneaking,sneaking,en,label,checkbox,[TAG=label] [ROLE=checkbox] Insurance for study lamp selected for you,sneaking:en:07,synthetic_v1,0,0,0,0,0,1,0,0
Pro membership added to your protein powder order,sneaking,sneaking,en,label,checkbox,[TAG=label] [ROLE=checkbox] Pro membership added to your protein powder order,sneaking:en:14,synthetic_v1,0,0,0,0,0,1,0,0
"Gold membership from Nykaa added — Rs. 1,999/month",sneaking,sneaking,en,label,checkbox,"[TAG=label] [ROLE=checkbox] Gold membership from Nykaa added — Rs. 1,999/month",sneaking:en:17,synthetic_v1,0,0,0,0,0,1,0,0
निःशुल्क ट्रायलपछि प्रो रु. 249/महिना हुनेछ,sneaking,sneaking,ne,span,line_item,[TAG=span] [ROLE=line_item] निःशुल्क ट्रायलपछि प्रो रु. 249/महिना हुनेछ,sneaking:ne:04,synthetic_v1,0,0,0,0,0,1,0,0
प्राथमिकता डिलीवरी पहले से चुनी गई (+रु. 49),sneaking,sneaking,hi,span,line_item,[TAG=span] [ROLE=line_item] प्राथमिकता डिलीवरी पहले से चुनी गई (+रु. 49),sneaking:hi:09,synthetic_v1,0,0,0,0,0,1,0,0
दिल्ली डिलीवरी पर अतिरिक्त रु. 49,sneaking,sneaking,hi,p,fine_print,[TAG=p] [ROLE=fine_print] दिल्ली डिलीवरी पर अतिरिक्त रु. 49,sneaking:hi:18,synthetic_v1,0,0,0,0,0,1,0,0
Your Myntra Prime trial renews at Rs. 999,sneaking,sneaking,en,span,line_item,[TAG=span] [ROLE=line_item] Your Myntra Prime trial renews at Rs. 999,sneaking:en:21,synthetic_v1,0,0,0,0,0,1,0,0
"भक्तपुर अर्डरमा रु. 1,999 प्याकेजिङ शुल्क",sneaking,sneaking,ne,label,checkbox,"[TAG=label] [ROLE=checkbox] भक्तपुर अर्डरमा रु. 1,999 प्याकेजिङ शुल्क",sneaking:ne:20,synthetic_v1,0,0,0,0,0,1,0,0
रु. 499 सेवा शुल्क लागू,sneaking,sneaking,hi,span,line_item,[TAG=span] [ROLE=line_item] रु. 499 सेवा शुल्क लागू,sneaking:hi:03,synthetic_v1,0,0,0,0,0,1,0,0
"Muncha को गोल्ड सदस्यता थपियो — रु. 1,199/महिना",sneaking,sneaking,ne,span,line_item,"[TAG=span] [ROLE=line_item] Muncha को गोल्ड सदस्यता थपियो — रु. 1,199/महिना",sneaking:ne:17,synthetic_v1,0,0,0,0,0,1,0,0
तपाईंको अफिस कुर्सी अर्डरमा प्रिमियम सदस्यता थपियो,sneaking,sneaking,ne,label,checkbox,[TAG=label] [ROLE=checkbox] तपाईंको अफिस कुर्सी अर्डरमा प्रिमियम सदस्यता थपियो,sneaking:ne:14,synthetic_v1,0,0,0,0,0,1,0,0
"Convenience fee of Rs. 1,499 included",sneaking,sneaking,en,p,fine_print,"[TAG=p] [ROLE=fine_print] Convenience fee of Rs. 1,499 included",sneaking:en:05,synthetic_v1,0,0,0,0,0,1,0,0
आपके ब्लूटूथ स्पीकर ऑर्डर में गोल्ड सदस्यता जोड़ी गई,sneaking,sneaking,hi,label,checkbox,[TAG=label] [ROLE=checkbox] आपके ब्लूटूथ स्पीकर ऑर्डर में गोल्ड सदस्यता जोड़ी गई,sneaking:hi:14,synthetic_v1,0,0,0,0,0,1,0,0
आपका Meesho प्रीमियम ट्रायल रु. 599 पर रिन्यू होगा,sneaking,sneaking,hi,label,checkbox,[TAG=label] [ROLE=checkbox] आपका Meesho प्रीमियम ट्रायल रु. 599 पर रिन्यू होगा,sneaking:hi:21,synthetic_v1,0,0,0,0,0,1,0,0
Priority delivery pre-selected (+Rs. 999),sneaking,sneaking,en,label,checkbox,[TAG=label] [ROLE=checkbox] Priority delivery pre-selected (+Rs. 999),sneaking:en:09,synthetic_v1,0,0,0,0,0,1,0,0
चेकआउट पर रु. 299 शिपिंग शुल्क जोड़ा गया,sneaking,sneaking,hi,p,fine_print,[TAG=p] [ROLE=fine_print] चेकआउट पर रु. 299 शिपिंग शुल्क जोड़ा गया,sneaking:hi:00,synthetic_v1,0,0,0,0,0,1,0,0
Priority delivery to Mumbai selected (+Rs. 149),sneaking,sneaking,en,span,line_item,[TAG=span] [ROLE=line_item] Priority delivery to Mumbai selected (+Rs. 149),sneaking:en:23,synthetic_v1,0,0,0,0,0,1,0,0
"OkDam को प्लस सदस्यता थपियो — रु. 1,499/महिना",sneaking,sneaking,ne,label,checkbox,"[TAG=label] [ROLE=checkbox] OkDam को प्लस सदस्यता थपियो — रु. 1,499/महिना",sneaking:ne:17,synthetic_v1,0,0,0,0,0,1,0,0
3 महिनाको गोल्ड सदस्यता समावेश,sneaking,sneaking,ne,label,checkbox,[TAG=label] [ROLE=checkbox] 3 महिनाको गोल्ड सदस्यता समावेश,sneaking:ne:10,synthetic_v1,0,0,0,0,0,1,0,0
"ललितपुर डेलिभरीमा रु. 2,499 ह्यान्डलिङ शुल्क",sneaking,sneaking,ne,p,fine_print,"[TAG=p] [ROLE=fine_print] ललितपुर डेलिभरीमा रु. 2,499 ह्यान्डलिङ शुल्क",sneaking:ne:13,synthetic_v1,0,0,0,0,0,1,0,0
भोपाल के लिए प्राथमिकता डिलीवरी चुनी गई (+रु. 199),sneaking,sneaking,hi,label,checkbox,[TAG=label] [ROLE=checkbox] भोपाल के लिए प्राथमिकता डिलीवरी चुनी गई (+रु. 199),sneaking:hi:23,synthetic_v1,0,0,0,0,0,1,0,0
Handling charge of Rs. 599 for Bengaluru deliveries,sneaking,sneaking,en,span,line_item,[TAG=span] [ROLE=line_item] Handling charge of Rs. 599 for Bengaluru deliveries,sneaking:en:13,synthetic_v1,0,0,0,0,0,1,0,0
बागलुङ डेलिभरीमा रु. 699 ह्यान्डलिङ शुल्क,sneaking,sneaking,ne,span,line_item,[TAG=span] [ROLE=line_item] बागलुङ डेलिभरीमा रु. 699 ह्यान्डलिङ शुल्क,sneaking:ne:13,synthetic_v1,0,0,0,0,0,1,0,0
तपाईंको Amazon प्राइम ट्रायल रु. 249 मा नवीकरण हुनेछ,sneaking,sneaking,ne,span,line_item,[TAG=span] [ROLE=line_item] तपाईंको Amazon प्राइम ट्रायल रु. 249 मा नवीकरण हुनेछ,sneaking:ne:21,synthetic_v1,0,0,0,0,0,1,0,0
Plus membership from Thulo added — Rs. 99/month,sneaking,sneaking,en,span,line_item,[TAG=span] [ROLE=line_item] Plus membership from Thulo added — Rs. 99/month,sneaking:en:17,synthetic_v1,0,0,0,0,0,1,0,0
10 महीने की प्राइम सदस्यता शामिल,sneaking,sneaking,hi,label,checkbox,[TAG=label] [ROLE=checkbox] 10 महीने की प्राइम सदस्यता शामिल,sneaking:hi:10,synthetic_v1,0,0,0,0,0,1,0,0
जारी राखेमा हरेक महिना रु. 799 शुल्क लाग्नेछ,sneaking,sneaking,ne,label,checkbox,[TAG=label] [ROLE=checkbox] जारी राखेमा हरेक महिना रु. 799 शुल्क लाग्नेछ,sneaking:ne:01,synthetic_v1,0,0,0,0,0,1,0,0
"प्राथमिकता डिलीवरी पहले से चुनी गई (+रु. 2,999)",sneaking,sneaking,hi,label,checkbox,"[TAG=label] [ROLE=checkbox] प्राथमिकता डिलीवरी पहले से चुनी गई (+रु. 2,999)",sneaking:hi:09,synthetic_v1,0,0,0,0,0,1,0,0
कानपुर के लिए प्राथमिकता डिलीवरी चुनी गई (+रु. 999),sneaking,sneaking,hi,p,fine_print,[TAG=p] [ROLE=fine_print] कानपुर के लिए प्राथमिकता डिलीवरी चुनी गई (+रु. 999),sneaking:hi:23,synthetic_v1,0,0,0,0,0,1,0,0
Gyapu सेवा शुल्क रु. 799 तपाईंको प्रोटिन पाउडर अर्डरमा थपियो,sneaking,sneaking,ne,span,line_item,[TAG=span] [ROLE=line_item] Gyapu सेवा शुल्क रु. 799 तपाईंको प्रोटिन पाउडर अर्डरमा थपियो,sneaking:ne:16,synthetic_v1,0,0,0,0,0,1,0,0
आपके स्टडी लैंप ऑर्डर में प्लस सदस्यता जोड़ी गई,sneaking,sneaking,hi,p,fine_print,[TAG=p] [ROLE=fine_print] आपके स्टडी लैंप ऑर्डर में प्लस सदस्यता जोड़ी गई,sneaking:hi:14,synthetic_v1,0,0,0,0,0,1,0,0
8 महिनाको प्लस सदस्यता समावेश,sneaking,sneaking,ne,p,fine_print,[TAG=p] [ROLE=fine_print] 8 महिनाको प्लस सदस्यता समावेश,sneaking:ne:10,synthetic_v1,0,0,0,0,0,1,0,0
Gold membership added to your gaming mouse order,sneaking,sneaking,en,label,checkbox,[TAG=label] [ROLE=checkbox] Gold membership added to your gaming mouse order,sneaking:en:14,synthetic_v1,0,0,0,0,0,1,0,0
तपाईंको अर्डरमा रु. 199 दान थपियो,sneaking,sneaking,ne,p,fine_print,[TAG=p] [ROLE=fine_print] तपाईंको अर्डरमा रु. 199 दान थपियो,sneaking:ne:06,synthetic_v1,0,0,0,0,0,1,0,0
"आपका Blinkit प्लस ट्रायल रु. 1,499 पर रिन्यू होगा",sneaking,sneaking,hi,p,fine_print,"[TAG=p] [ROLE=fine_print] आपका Blinkit प्लस ट्रायल रु. 1,499 पर रिन्यू होगा",sneaking:hi:21,synthetic_v1,0,0,0,0,0,1,0,0
फ्री ट्रायल के बाद प्रो रु. 399/महीना हो जाएगा,sneaking,sneaking,hi,label,checkbox,[TAG=label] [ROLE=checkbox] फ्री ट्रायल के बाद प्रो रु. 399/महीना हो जाएगा,sneaking:hi:04,synthetic_v1,0,0,0,0,0,1,0,0
चेकआउट पर रु. 799 शिपिंग शुल्क जोड़ा गया,sneaking,sneaking,hi,label,checkbox,[TAG=label] [ROLE=checkbox] चेकआउट पर रु. 799 शिपिंग शुल्क जोड़ा गया,sneaking:hi:00,synthetic_v1,0,0,0,0,0,1,0,0
Priority delivery to Bhaktapur selected (+Rs. 249),sneaking,sneaking,en,p,fine_print,[TAG=p] [ROLE=fine_print] Priority delivery to Bhaktapur selected (+Rs. 249),sneaking:en:23,synthetic_v1,0,0,0,0,0,1,0,0
Your free trial converts to Pro at Rs. 899/month,sneaking,sneaking,en,label,checkbox,[TAG=label] [ROLE=checkbox] Your free trial converts to Pro at Rs. 899/month,sneaking:en:04,synthetic_v1,0,0,0,0,0,1,0,0
बुटवल का लागि प्राथमिकता डेलिभरी छनोट (+रु. 499),sneaking,sneaking,ne,label,checkbox,[TAG=label] [ROLE=checkbox] बुटवल का लागि प्राथमिकता डेलिभरी छनोट (+रु. 499),sneaking:ne:23,synthetic_v1,0,0,0,0,0,1,0,0
"Pro membership from Croma added — Rs. 2,999/month",sneaking,sneaking,en,label,checkbox,"[TAG=label] [ROLE=checkbox] Pro membership from Croma added — Rs. 2,999/month",sneaking:en:17,synthetic_v1,0,0,0,0,0,1,0,0
सुर्खेत का लागि प्राथमिकता डेलिभरी छनोट (+रु. 349),sneaking,sneaking,ne,label,checkbox,[TAG=label] [ROLE=checkbox] सुर्खेत का लागि प्राथमिकता डेलिभरी छनोट (+रु. 349),sneaking:ne:23,synthetic_v1,0,0,0,0,0,1,0,0
तपाईंको अर्डरमा रु. 49 दान थपियो,sneaking,sneaking,ne,span,line_item,[TAG=span] [ROLE=line_item] तपाईंको अर्डरमा रु. 49 दान थपियो,sneaking:ne:06,synthetic_v1,0,0,0,0,0,1,0,0
Myntra की प्लस सदस्यता जोड़ी गई — रु. 599/महीना,sneaking,sneaking,hi,label,checkbox,[TAG=label] [ROLE=checkbox] Myntra की प्लस सदस्यता जोड़ी गई — रु. 599/महीना,sneaking:hi:17,synthetic_v1,0,0,0,0,0,1,0,0
Packaging fee Rs. 199 will be shown at payment,sneaking,sneaking,en,p,fine_print,[TAG=p] [ROLE=fine_print] Packaging fee Rs. 199 will be shown at payment,sneaking:en:15,synthetic_v1,0,0,0,0,0,1,0,0
आपके ऑफिस चेयर ऑर्डर में प्राइम सदस्यता जोड़ी गई,sneaking,sneaking,hi,label,checkbox,[TAG=label] [ROLE=checkbox] आपके ऑफिस चेयर ऑर्डर में प्राइम सदस्यता जोड़ी गई,sneaking:hi:14,synthetic_v1,0,0,0,0,0,1,0,0
Delivery to Indore costs an extra Rs. 799,sneaking,sneaking,en,span,line_item,[TAG=span] [ROLE=line_item] Delivery to Indore costs an extra Rs. 799,sneaking:en:18,synthetic_v1,0,0,0,0,0,1,0,0
आपके योगा मैट ऑर्डर में गोल्ड सदस्यता जोड़ी गई,sneaking,sneaking,hi,label,checkbox,[TAG=label] [ROLE=checkbox] आपके योगा मैट ऑर्डर में गोल्ड सदस्यता जोड़ी गई,sneaking:hi:14,synthetic_v1,0,0,0,0,0,1,0,0
"noise cancelling headphones insurance from Gyapu pre-selected (Rs. 1,499)",sneaking,sneaking,en,label,checkbox,"[TAG=label] [ROLE=checkbox] noise cancelling headphones insurance from Gyapu pre-selected (Rs. 1,499)",sneaking:en:19,synthetic_v1,0,0,0,0,0,1,0,0
"Rs. 1,199 packaging charge applies for Lalitpur orders",sneaking,sneaking,en,label,checkbox,"[TAG=label] [ROLE=checkbox] Rs. 1,199 packaging charge applies for Lalitpur orders",sneaking:en:20,synthetic_v1,0,0,0,0,0,1,0,0
1 महीने की प्रो सदस्यता शामिल,sneaking,sneaking,hi,label,checkbox,[TAG=label] [ROLE=checkbox] 1 महीने की प्रो सदस्यता शामिल,sneaking:hi:10,synthetic_v1,0,0,0,0,0,1,0,0
"जयपुर डिलीवरी पर रु. 2,999 हैंडलिंग शुल्क",sneaking,sneaking,hi,label,checkbox,"[TAG=label] [ROLE=checkbox] जयपुर डिलीवरी पर रु. 2,999 हैंडलिंग शुल्क",sneaking:hi:13,synthetic_v1,0,0,0,0,0,1,0,0
तपाईंको अर्डरमा रु. 349 दान थपियो,sneaking,sneaking,ne,label,checkbox,[TAG=label] [ROLE=checkbox] तपाईंको अर्डरमा रु. 349 दान थपियो,sneaking:ne:06,synthetic_v1,0,0,0,0,0,1,0,0
तपाईंको Croma प्रो ट्रायल रु. 199 मा नवीकरण हुनेछ,sneaking,sneaking,ne,p,fine_print,[TAG=p] [ROLE=fine_print] तपाईंको Croma प्रो ट्रायल रु. 199 मा नवीकरण हुनेछ,sneaking:ne:21,synthetic_v1,0,0,0,0,0,1,0,0
"लखनऊ ऑर्डर पर रु. 1,199 पैकेजिंग शुल्क",sneaking,sneaking,hi,span,line_item,"[TAG=span] [ROLE=line_item] लखनऊ ऑर्डर पर रु. 1,199 पैकेजिंग शुल्क",sneaking:hi:20,synthetic_v1,0,0,0,0,0,1,0,0
तपाईंको गेमिङ माउस अर्डरमा प्राइम सदस्यता थपियो,sneaking,sneaking,ne,label,checkbox,[TAG=label] [ROLE=checkbox] तपाईंको गेमिङ माउस अर्डरमा प्राइम सदस्यता थपियो,sneaking:ne:14,synthetic_v1,0,0,0,0,0,1,0,0
"Your free trial converts to Pro at Rs. 1,199/month",sneaking,sneaking,en,span,line_item,"[TAG=span] [ROLE=line_item] Your free trial converts to Pro at Rs. 1,199/month",sneaking:en:04,synthetic_v1,0,0,0,0,0,1,0,0
Handling charge of Rs. 299 for Butwal deliveries,sneaking,sneaking,en,p,fine_print,[TAG=p] [ROLE=fine_print] Handling charge of Rs. 299 for Butwal deliveries,sneaking:en:13,synthetic_v1,0,0,0,0,0,1,0,0
Pro membership added to your laptop bag order,sneaking,sneaking,en,span,line_item,[TAG=span] [ROLE=line_item] Pro membership added to your laptop bag order,sneaking:en:14,synthetic_v1,0,0,0,0,0,1,0,0
प्राथमिकता डिलीवरी पहले से चुनी गई (+रु. 349),sneaking,sneaking,hi,label,checkbox,[TAG=label] [ROLE=checkbox] प्राथमिकता डिलीवरी पहले से चुनी गई (+रु. 349),sneaking:hi:09,synthetic_v1,0,0,0,0,0,1,0,0
Handling charge of Rs. 349 for Hyderabad deliveries,sneaking,sneaking,en,p,fine_print,[TAG=p] [ROLE=fine_print] Handling charge of Rs. 349 for Hyderabad deliveries,sneaking:en:13,synthetic_v1,0,0,0,0,0,1,0,0
"Tata Cliq अर्डरमा रु. 1,499 दान थपियो",sneaking,sneaking,ne,label,checkbox,"[TAG=label] [ROLE=checkbox] Tata Cliq अर्डरमा रु. 1,499 दान थपियो",sneaking:ne:22,synthetic_v1,0,0,0,0,0,1,0,0
"दिल्ली के लिए प्राथमिकता डिलीवरी चुनी गई (+रु. 1,999)",sneaking,sneaking,hi,span,line_item,"[TAG=span] [ROLE=line_item] दिल्ली के लिए प्राथमिकता डिलीवरी चुनी गई (+रु. 1,999)",sneaking:hi:23,synthetic_v1,0,0,0,0,0,1,0,0
Delivery to Nepalgunj costs an extra Rs. 899,sneaking,sneaking,en,span,line_item,[TAG=span] [ROLE=line_item] Delivery to Nepalgunj costs an extra Rs. 899,sneaking:en:18,synthetic_v1,0,0,0,0,0,1,0,0
पटना डिलीवरी पर रु. 199 हैंडलिंग शुल्क,sneaking,sneaking,hi,label,checkbox,[TAG=label] [ROLE=checkbox] पटना डिलीवरी पर रु. 199 हैंडलिंग शुल्क,sneaking:hi:13,synthetic_v1,0,0,0,0,0,1,0,0
Your free trial converts to Pro at Rs. 399/month,sneaking,sneaking,en,span,line_item,[TAG=span] [ROLE=line_item] Your free trial converts to Pro at Rs. 399/month,sneaking:en:04,synthetic_v1,0,0,0,0,0,1,0,0
सूरत डिलीवरी पर रु. 449 हैंडलिंग शुल्क,sneaking,sneaking,hi,label,checkbox,[TAG=label] [ROLE=checkbox] सूरत डिलीवरी पर रु. 449 हैंडलिंग शुल्क,sneaking:hi:13,synthetic_v1,0,0,0,0,0,1,0,0
विराटनगर डेलिभरीमा थप रु. 199,sneaking,sneaking,ne,p,fine_print,[TAG=p] [ROLE=fine_print] विराटनगर डेलिभरीमा थप रु. 199,sneaking:ne:18,synthetic_v1,0,0,0,0,0,1,0,0
चेकआउटमा रु. 249 ढुवानी शुल्क थपियो,sneaking,sneaking,ne,label,checkbox,[TAG=label] [ROLE=checkbox] चेकआउटमा रु. 249 ढुवानी शुल्क थपियो,sneaking:ne:00,synthetic_v1,0,0,0,0,0,1,0,0
वीरगन्ज डेलिभरीमा थप रु. 399,sneaking,sneaking,ne,span,line_item,[TAG=span] [ROLE=line_item] वीरगन्ज डेलिभरीमा थप रु. 399,sneaking:ne:18,synthetic_v1,0,0,0,0,0,1,0,0
Rs. 49 packaging charge applies for Kathmandu orders,sneaking,sneaking,en,label,checkbox,[TAG=label] [ROLE=checkbox] Rs. 49 packaging charge applies for Kathmandu orders,sneaking:en:20,synthetic_v1,0,0,0,0,0,1,0,0
Rs. 99 packaging charge applies for Lalitpur orders,sneaking,sneaking,en,span,line_item,[TAG=span] [ROLE=line_item] Rs. 99 packaging charge applies for Lalitpur orders,sneaking:en:20,synthetic_v1,0,0,0,0,0,1,0,0
Priority delivery to Lalitpur selected (+Rs. 499),sneaking,sneaking,en,span,line_item,[TAG=span] [ROLE=line_item] Priority delivery to Lalitpur selected (+Rs. 499),sneaking:en:23,synthetic_v1,0,0,0,0,0,1,0,0
आपके एयर फ्रायर ऑर्डर में प्रो सदस्यता जोड़ी गई,sneaking,sneaking,hi,p,fine_print,[TAG=p] [ROLE=fine_print] आपके एयर फ्रायर ऑर्डर में प्रो सदस्यता जोड़ी गई,sneaking:hi:14,synthetic_v1,0,0,0,0,0,1,0,0
Delivery to Surat costs an extra Rs. 99,sneaking,sneaking,en,p,fine_print,[TAG=p] [ROLE=fine_print] Delivery to Surat costs an extra Rs. 99,sneaking:en:18,synthetic_v1,0,0,0,0,0,1,0,0
Your free trial converts to Prime at Rs. 99/month,sneaking,sneaking,en,span,line_item,[TAG=span] [ROLE=line_item] Your free trial converts to Prime at Rs. 99/month,sneaking:en:04,synthetic_v1,0,0,0,0,0,1,0,0
"बुटवल डेलिभरीमा रु. 2,999 ह्यान्डलिङ शुल्क",sneaking,sneaking,ne,label,checkbox,"[TAG=label] [ROLE=checkbox] बुटवल डेलिभरीमा रु. 2,999 ह्यान्डलिङ शुल्क",sneaking:ne:13,synthetic_v1,0,0,0,0,0,1,0,0
आपका HamroBazar गोल्ड ट्रायल रु. 99 पर रिन्यू होगा,sneaking,sneaking,hi,p,fine_print,[TAG=p] [ROLE=fine_print] आपका HamroBazar गोल्ड ट्रायल रु. 99 पर रिन्यू होगा,sneaking:hi:21,synthetic_v1,0,0,0,0,0,1,0,0
रु. 349 सेवा शुल्क लागू,sneaking,sneaking,ne,p,fine_print,[TAG=p] [ROLE=fine_print] रु. 349 सेवा शुल्क लागू,sneaking:ne:03,synthetic_v1,0,0,0,0,0,1,0,0
निःशुल्क ट्रायलपछि गोल्ड रु. 499/महिना हुनेछ,sneaking,sneaking,ne,label,checkbox,[TAG=label] [ROLE=checkbox] निःशुल्क ट्रायलपछि गोल्ड रु. 499/महिना हुनेछ,sneaking:ne:04,synthetic_v1,0,0,0,0,0,1,0,0
laptop bag insurance from FirstCry pre-selected (Rs. 399),sneaking,sneaking,en,p,fine_print,[TAG=p] [ROLE=fine_print] laptop bag insurance from FirstCry pre-selected (Rs. 399),sneaking:en:19,synthetic_v1,0,0,0,0,0,1,0,0
Gold membership added to your protein powder order,sneaking,sneaking,en,label,checkbox,[TAG=label] [ROLE=checkbox] Gold membership added to your protein powder order,sneaking:en:14,synthetic_v1,0,0,0,0,0,1,0,0
चेकआउटमा रु. 449 ढुवानी शुल्क थपियो,sneaking,sneaking,ne,label,checkbox,[TAG=label] [ROLE=checkbox] चेकआउटमा रु. 449 ढुवानी शुल्क थपियो,sneaking:ne:00,synthetic_v1,0,0,0,0,0,1,0,0
Snapdeal ऑर्डर में रु. 99 का दान जोड़ा गया,sneaking,sneaking,hi,label,checkbox,[TAG=label] [ROLE=checkbox] Snapdeal ऑर्डर में रु. 99 का दान जोड़ा गया,sneaking:hi:22,synthetic_v1,0,0,0,0,0,1,0,0
Priority delivery to Butwal selected (+Rs. 49),sneaking,sneaking,en,span,line_item,[TAG=span] [ROLE=line_item] Priority delivery to Butwal selected (+Rs. 49),sneaking:en:23,synthetic_v1,0,0,0,0,0,1,0,0
हेटौंडा डेलिभरीमा थप रु. 49,sneaking,sneaking,ne,label,checkbox,[TAG=label] [ROLE=checkbox] हेटौंडा डेलिभरीमा थप रु. 49,sneaking:ne:18,synthetic_v1,0,0,0,0,0,1,0,0
भक्तपुर डेलिभरीमा रु. 99 ह्यान्डलिङ शुल्क,sneaking,sneaking,ne,p,fine_print,[TAG=p] [ROLE=fine_print] भक्तपुर डेलिभरीमा रु. 99 ह्यान्डलिङ शुल्क,sneaking:ne:13,synthetic_v1,0,0,0,0,0,1,0,0
"We've added a donation of Rs. 1,999 to your order",sneaking,sneaking,en,label,checkbox,"[TAG=label] [ROLE=checkbox] We've added a donation of Rs. 1,999 to your order",sneaking:en:06,synthetic_v1,0,0,0,0,0,1,0,0
"Salesberry अर्डरमा रु. 1,199 दान थपियो",sneaking,sneaking,ne,p,fine_print,"[TAG=p] [ROLE=fine_print] Salesberry अर्डरमा रु. 1,199 दान थपियो",sneaking:ne:22,synthetic_v1,0,0,0,0,0,1,0,0
Handling charge of Rs. 699 for Chitwan deliveries,sneaking,sneaking,en,span,line_item,[TAG=span] [ROLE=line_item] Handling charge of Rs. 699 for Chitwan deliveries,sneaking:en:13,synthetic_v1,0,0,0,0,0,1,0,0
"निःशुल्क ट्रायलपछि गोल्ड रु. 1,499/महिना हुनेछ",sneaking,sneaking,ne,label,checkbox,"[TAG=label] [ROLE=checkbox] निःशुल्क ट्रायलपछि गोल्ड रु. 1,499/महिना हुनेछ",sneaking:ne:04,synthetic_v1,0,0,0,0,0,1,0,0
12 महीने की गोल्ड सदस्यता शामिल,sneaking,sneaking,hi,span,line_item,[TAG=span] [ROLE=line_item] 12 महीने की गोल्ड सदस्यता शामिल,sneaking:hi:10,synthetic_v1,0,0,0,0,0,1,0,0
आपके इलेक्ट्रिक केटल ऑर्डर में प्रीमियम सदस्यता जोड़ी गई,sneaking,sneaking,hi,p,fine_print,[TAG=p] [ROLE=fine_print] आपके इलेक्ट्रिक केटल ऑर्डर में प्रीमियम सदस्यता जोड़ी गई,sneaking:hi:14,synthetic_v1,0,0,0,0,0,1,0,0
धूप का चश्मा का बीमा आपके लिए चुना गया,sneaking,sneaking,hi,span,line_item,[TAG=span] [ROLE=line_item] धूप का चश्मा का बीमा आपके लिए चुना गया,sneaking:hi:07,synthetic_v1,0,0,0,0,0,1,0,0
सूरत के लिए प्राथमिकता डिलीवरी चुनी गई (+रु. 699),sneaking,sneaking,hi,p,fine_print,[TAG=p] [ROLE=fine_print] सूरत के लिए प्राथमिकता डिलीवरी चुनी गई (+रु. 699),sneaking:hi:23,synthetic_v1,0,0,0,0,0,1,0,0
तनहुँ का लागि प्राथमिकता डेलिभरी छनोट (+रु. 199),sneaking,sneaking,ne,p,fine_print,[TAG=p] [ROLE=fine_print] तनहुँ का लागि प्राथमिकता डेलिभरी छनोट (+रु. 199),sneaking:ne:23,synthetic_v1,0,0,0,0,0,1,0,0
Gold membership added to your rice cooker order,sneaking,sneaking,en,label,checkbox,[TAG=label] [ROLE=checkbox] Gold membership added to your rice cooker order,sneaking:en:14,synthetic_v1,0,0,0,0,0,1,0,0
rice cooker insurance from Myntra pre-selected (Rs. 449),sneaking,sneaking,en,label,checkbox,[TAG=label] [ROLE=checkbox] rice cooker insurance from Myntra pre-selected (Rs. 449),sneaking:en:19,synthetic_v1,0,0,0,0,0,1,0,0
Meesho को प्रिमियम सदस्यता थपियो — रु. 99/महिना,sneaking,sneaking,ne,label,checkbox,[TAG=label] [ROLE=checkbox] Meesho को प्रिमियम सदस्यता थपियो — रु. 99/महिना,sneaking:ne:17,synthetic_v1,0,0,0,0,0,1,0,0
"Rs. 1,999 packaging charge applies for Lucknow orders",sneaking,sneaking,en,span,line_item,"[TAG=span] [ROLE=line_item] Rs. 1,999 packaging charge applies for Lucknow orders",sneaking:en:20,synthetic_v1,0,0,0,0,0,1,0,0
Amazon सेवा शुल्क रु. 149 तपाईंको हेयर ड्रायर अर्डरमा थपियो,sneaking,sneaking,ne,label,checkbox,[TAG=label] [ROLE=checkbox] Amazon सेवा शुल्क रु. 149 तपाईंको हेयर ड्रायर अर्डरमा थपियो,sneaking:ne:16,synthetic_v1,0,0,0,0,0,1,0,0
"We've added a donation of Rs. 1,199 to your order",sneaking,sneaking,en,span,line_item,"[TAG=span] [ROLE=line_item] We've added a donation of Rs. 1,199 to your order",sneaking:en:06,synthetic_v1,0,0,0,0,0,1,0,0
Pro membership from Gyapu added — Rs. 249/month,sneaking,sneaking,en,span,line_item,[TAG=span] [ROLE=line_item] Pro membership from Gyapu added — Rs. 249/month,sneaking:en:17,synthetic_v1,0,0,0,0,0,1,0,0
कानपुर के लिए प्राथमिकता डिलीवरी चुनी गई (+रु. 99),sneaking,sneaking,hi,span,line_item,[TAG=span] [ROLE=line_item] कानपुर के लिए प्राथमिकता डिलीवरी चुनी गई (+रु. 99),sneaking:hi:23,synthetic_v1,0,0,0,0,0,1,0,0
स्मार्टवाच को बीमा तपाईंका लागि छनोट गरियो,sneaking,sneaking,ne,span,line_item,[TAG=span] [ROLE=line_item] स्मार्टवाच को बीमा तपाईंका लागि छनोट गरियो,sneaking:ne:07,synthetic_v1,0,0,0,0,0,1,0,0
Zepto सेवा शुल्क रु. 449 तपाईंको ट्रेकिङ ज्याकेट अर्डरमा थपियो,sneaking,sneaking,ne,span,line_item,[TAG=span] [ROLE=line_item] Zepto सेवा शुल्क रु. 449 तपाईंको ट्रेकिङ ज्याकेट अर्डरमा थपियो,sneaking:ne:16,synthetic_v1,0,0,0,0,0,1,0,0
Ajio की प्रीमियम सदस्यता जोड़ी गई — रु. 499/महीना,sneaking,sneaking,hi,label,checkbox,[TAG=label] [ROLE=checkbox] Ajio की प्रीमियम सदस्यता जोड़ी गई — रु. 499/महीना,sneaking:hi:17,synthetic_v1,0,0,0,0,0,1,0,0
By continuing you agree to a recurring Rs. 149 monthly charge,sneaking,sneaking,en,label,checkbox,[TAG=label] [ROLE=checkbox] By continuing you agree to a recurring Rs. 149 monthly charge,sneaking:en:01,synthetic_v1,0,0,0,0,0,1,0,0
तपाईंको योगा म्याट अर्डरमा गोल्ड सदस्यता थपियो,sneaking,sneaking,ne,label,checkbox,[TAG=label] [ROLE=checkbox] तपाईंको योगा म्याट अर्डरमा गोल्ड सदस्यता थपियो,sneaking:ne:14,synthetic_v1,0,0,0,0,0,1,0,0
FirstCry बाट ब्याकप्याक बीमा पहिले नै छनोट (रु. 299),sneaking,sneaking,ne,span,line_item,[TAG=span] [ROLE=line_item] FirstCry बाट ब्याकप्याक बीमा पहिले नै छनोट (रु. 299),sneaking:ne:19,synthetic_v1,0,0,0,0,0,1,0,0
FirstCry बाट वायरलेस इयरबड्स बीमा पहिले नै छनोट (रु. 799),sneaking,sneaking,ne,label,checkbox,[TAG=label] [ROLE=checkbox] FirstCry बाट वायरलेस इयरबड्स बीमा पहिले नै छनोट (रु. 799),sneaking:ne:19,synthetic_v1,0,0,0,0,0,1,0,0
Includes a 9-month Pro subscription,sneaking,sneaking,en,p,fine_print,[TAG=p] [ROLE=fine_print] Includes a 9-month Pro subscription,sneaking:en:10,synthetic_v1,0,0,0,0,0,1,0,0
वाराणसी डिलीवरी पर रु. 499 हैंडलिंग शुल्क,sneaking,sneaking,hi,span,line_item,[TAG=span] [ROLE=line_item] वाराणसी डिलीवरी पर रु. 499 हैंडलिंग शुल्क,sneaking:hi:13,synthetic_v1,0,0,0,0,0,1,0,0
"Pro membership from Muncha added — Rs. 2,499/month",sneaking,sneaking,en,p,fine_print,"[TAG=p] [ROLE=fine_print] Pro membership from Muncha added — Rs. 2,499/month",sneaking:en:17,synthetic_v1,0,0,0,0,0,1,0,0
Delivery to Kolkata costs an extra Rs. 899,sneaking,sneaking,en,label,checkbox,[TAG=label] [ROLE=checkbox] Delivery to Kolkata costs an extra Rs. 899,sneaking:en:18,synthetic_v1,0,0,0,0,0,1,0,0
4 महिनाको प्राइम सदस्यता समावेश,sneaking,sneaking,ne,p,fine_print,[TAG=p] [ROLE=fine_print] 4 महिनाको प्राइम सदस्यता समावेश,sneaking:ne:10,synthetic_v1,0,0,0,0,0,1,0,0
Daraz को प्रो सदस्यता थपियो — रु. 99/महिना,sneaking,sneaking,ne,label,checkbox,[TAG=label] [ROLE=checkbox] Daraz को प्रो सदस्यता थपियो — रु. 99/महिना,sneaking:ne:17,synthetic_v1,0,0,0,0,0,1,0,0
"पोखरा डेलिभरीमा थप रु. 1,199",sneaking,sneaking,ne,p,fine_print,"[TAG=p] [ROLE=fine_print] पोखरा डेलिभरीमा थप रु. 1,199",sneaking:ne:18,synthetic_v1,0,0,0,0,0,1,0,0
Includes a 1-month Plus subscription,sneaking,sneaking,en,p,fine_print,[TAG=p] [ROLE=fine_print] Includes a 1-month Plus subscription,sneaking:en:10,synthetic_v1,0,0,0,0,0,1,0,0
Includes a 2-month Plus subscription,sneaking,sneaking,en,span,line_item,[TAG=span] [ROLE=line_item] Includes a 2-month Plus subscription,sneaking:en:10,synthetic_v1,0,0,0,0,0,1,0,0
Myntra को प्रो सदस्यता थपियो — रु. 449/महिना,sneaking,sneaking,ne,label,checkbox,[TAG=label] [ROLE=checkbox] Myntra को प्रो सदस्यता थपियो — रु. 449/महिना,sneaking:ne:17,synthetic_v1,0,0,0,0,0,1,0,0
"Nykaa सेवा शुल्क रु. 2,999 आपके पावर बैंक ऑर्डर में जोड़ा गया",sneaking,sneaking,hi,span,line_item,"[TAG=span] [ROLE=line_item] Nykaa सेवा शुल्क रु. 2,999 आपके पावर बैंक ऑर्डर में जोड़ा गया",sneaking:hi:16,synthetic_v1,0,0,0,0,0,1,0,0
Insurance for cotton kurta selected for you,sneaking,sneaking,en,span,line_item,[TAG=span] [ROLE=line_item] Insurance for cotton kurta selected for you,sneaking:en:07,synthetic_v1,0,0,0,0,0,1,0,0
तपाईंको योगा म्याट अर्डरमा प्लस सदस्यता थपियो,sneaking,sneaking,ne,label,checkbox,[TAG=label] [ROLE=checkbox] तपाईंको योगा म्याट अर्डरमा प्लस सदस्यता थपियो,sneaking:ne:14,synthetic_v1,0,0,0,0,0,1,0,0
"बेंगलुरु के लिए प्राथमिकता डिलीवरी चुनी गई (+रु. 2,999)",sneaking,sneaking,hi,label,checkbox,"[TAG=label] [ROLE=checkbox] बेंगलुरु के लिए प्राथमिकता डिलीवरी चुनी गई (+रु. 2,999)",sneaking:hi:23,synthetic_v1,0,0,0,0,0,1,0,0
JioMart service fee of Rs. 499 added to your cotton kurta order,sneaking,sneaking,en,label,checkbox,[TAG=label] [ROLE=checkbox] JioMart service fee of Rs. 499 added to your cotton kurta order,sneaking:en:16,synthetic_v1,0,0,0,0,0,1,0,0
Prime membership added to your running shoes order,sneaking,sneaking,en,p,fine_print,[TAG=p] [ROLE=fine_print] Prime membership added to your running shoes order,sneaking:en:14,synthetic_v1,0,0,0,0,0,1,0,0
"office chair insurance from Croma pre-selected (Rs. 1,499)",sneaking,sneaking,en,label,checkbox,"[TAG=label] [ROLE=checkbox] office chair insurance from Croma pre-selected (Rs. 1,499)",sneaking:en:19,synthetic_v1,0,0,0,0,0,1,0,0
5 महिनाको प्रिमियम सदस्यता समावेश,sneaking,sneaking,ne,span,line_item,[TAG=span] [ROLE=line_item] 5 महिनाको प्रिमियम सदस्यता समावेश,sneaking:ne:10,synthetic_v1,0,0,0,0,0,1,0,0
"Your Croma Premium trial renews at Rs. 1,999",sneaking,sneaking,en,span,line_item,"[TAG=span] [ROLE=line_item] Your Croma Premium trial renews at Rs. 1,999",sneaking:en:21,synthetic_v1,0,0,0,0,0,1,0,0
फ्री ट्रायल के बाद प्रीमियम रु. 699/महीना हो जाएगा,sneaking,sneaking,hi,span,line_item,[TAG=span] [ROLE=line_item] फ्री ट्रायल के बाद प्रीमियम रु. 699/महीना हो जाएगा,sneaking:hi:04,synthetic_v1,0,0,0,0,0,1,0,0
भोपाल डिलीवरी पर रु. 149 हैंडलिंग शुल्क,sneaking,sneaking,hi,p,fine_print,[TAG=p] [ROLE=fine_print] भोपाल डिलीवरी पर रु. 149 हैंडलिंग शुल्क,sneaking:hi:13,synthetic_v1,0,0,0,0,0,1,0,0
Flipkart की प्रीमियम सदस्यता जोड़ी गई — रु. 149/महीना,sneaking,sneaking,hi,p,fine_print,[TAG=p] [ROLE=fine_print] Flipkart की प्रीमियम सदस्यता जोड़ी गई — रु. 149/महीना,sneaking:hi:17,synthetic_v1,0,0,0,0,0,1,0,0
"Priority delivery to Lucknow selected (+Rs. 1,999)",sneaking,sneaking,en,span,line_item,"[TAG=span] [ROLE=line_item] Priority delivery to Lucknow selected (+Rs. 1,999)",sneaking:en:23,synthetic_v1,0,0,0,0,0,1,0,0
"आपका Thulo प्राइम ट्रायल रु. 2,499 पर रिन्यू होगा",sneaking,sneaking,hi,p,fine_print,"[TAG=p] [ROLE=fine_print] आपका Thulo प्राइम ट्रायल रु. 2,499 पर रिन्यू होगा",sneaking:hi:21,synthetic_v1,0,0,0,0,0,1,0,0
"Prime membership from HamroBazar added — Rs. 1,999/month",sneaking,sneaking,en,p,fine_print,"[TAG=p] [ROLE=fine_print] Prime membership from HamroBazar added — Rs. 1,999/month",sneaking:en:17,synthetic_v1,0,0,0,0,0,1,0,0
जनकपुर का लागि प्राथमिकता डेलिभरी छनोट (+रु. 899),sneaking,sneaking,ne,label,checkbox,[TAG=label] [ROLE=checkbox] जनकपुर का लागि प्राथमिकता डेलिभरी छनोट (+रु. 899),sneaking:ne:23,synthetic_v1,0,0,0,0,0,1,0,0
Nykaa अर्डरमा रु. 699 दान थपियो,sneaking,sneaking,ne,span,line_item,[TAG=span] [ROLE=line_item] Nykaa अर्डरमा रु. 699 दान थपियो,sneaking:ne:22,synthetic_v1,0,0,0,0,0,1,0,0
रांची डिलीवरी पर रु. 299 हैंडलिंग शुल्क,sneaking,sneaking,hi,span,line_item,[TAG=span] [ROLE=line_item] रांची डिलीवरी पर रु. 299 हैंडलिंग शुल्क,sneaking:hi:13,synthetic_v1,0,0,0,0,0,1,0,0
Rs. 249 packaging charge applies for Pune orders,sneaking,sneaking,en,span,line_item,[TAG=span] [ROLE=line_item] Rs. 249 packaging charge applies for Pune orders,sneaking:en:20,synthetic_v1,0,0,0,0,0,1,0,0
बागलुङ डेलिभरीमा रु. 999 ह्यान्डलिङ शुल्क,sneaking,sneaking,ne,span,line_item,[TAG=span] [ROLE=line_item] बागलुङ डेलिभरीमा रु. 999 ह्यान्डलिङ शुल्क,sneaking:ne:13,synthetic_v1,0,0,0,0,0,1,0,0
रु. 349 सेवा शुल्क लागू,sneaking,sneaking,hi,span,line_item,[TAG=span] [ROLE=line_item] रु. 349 सेवा शुल्क लागू,sneaking:hi:03,synthetic_v1,0,0,0,0,0,1,0,0
"रांची डिलीवरी पर अतिरिक्त रु. 2,999",sneaking,sneaking,hi,p,fine_print,"[TAG=p] [ROLE=fine_print] रांची डिलीवरी पर अतिरिक्त रु. 2,999",sneaking:hi:18,synthetic_v1,0,0,0,0,0,1,0,0
लखनऊ ऑर्डर पर रु. 299 पैकेजिंग शुल्क,sneaking,sneaking,hi,p,fine_print,[TAG=p] [ROLE=fine_print] लखनऊ ऑर्डर पर रु. 299 पैकेजिंग शुल्क,sneaking:hi:20,synthetic_v1,0,0,0,0,0,1,0,0
12 महिनाको प्राइम सदस्यता समावेश,sneaking,sneaking,ne,p,fine_print,[TAG=p] [ROLE=fine_print] 12 महिनाको प्राइम सदस्यता समावेश,sneaking:ne:10,synthetic_v1,0,0,0,0,0,1,0,0
10 महिनाको प्रो सदस्यता समावेश,sneaking,sneaking,ne,label,checkbox,[TAG=label] [ROLE=checkbox] 10 महिनाको प्रो सदस्यता समावेश,sneaking:ne:10,synthetic_v1,0,0,0,0,0,1,0,0
सुविधा शुल्क रु. 499 शामिल,sneaking,sneaking,hi,label,checkbox,[TAG=label] [ROLE=checkbox] सुविधा शुल्क रु. 499 शामिल,sneaking:hi:05,synthetic_v1,0,0,0,0,0,1,0,0
आगरा के लिए प्राथमिकता डिलीवरी चुनी गई (+रु. 99),sneaking,sneaking,hi,p,fine_print,[TAG=p] [ROLE=fine_print] आगरा के लिए प्राथमिकता डिलीवरी चुनी गई (+रु. 99),sneaking:hi:23,synthetic_v1,0,0,0,0,0,1,0,0
Prime membership added to your induction cooktop order,sneaking,sneaking,en,label,checkbox,[TAG=label] [ROLE=checkbox] Prime membership added to your induction cooktop order,sneaking:en:14,synthetic_v1,0,0,0,0,0,1,0,0
मुंबई डिलीवरी पर अतिरिक्त रु. 399,sneaking,sneaking,hi,p,fine_print,[TAG=p] [ROLE=fine_print] मुंबई डिलीवरी पर अतिरिक्त रु. 399,sneaking:hi:18,synthetic_v1,0,0,0,0,0,1,0,0
Your free trial converts to Plus at Rs. 49/month,sneaking,sneaking,en,span,line_item,[TAG=span] [ROLE=line_item] Your free trial converts to Plus at Rs. 49/month,sneaking:en:04,synthetic_v1,0,0,0,0,0,1,0,0
Handling charge of Rs. 799 for Patna deliveries,sneaking,sneaking,en,label,checkbox,[TAG=label] [ROLE=checkbox] Handling charge of Rs. 799 for Patna deliveries,sneaking:en:13,synthetic_v1,0,0,0,0,0,1,0,0
रनिंग शूज़ का बीमा आपके लिए चुना गया,sneaking,sneaking,hi,p,fine_print,[TAG=p] [ROLE=fine_print] रनिंग शूज़ का बीमा आपके लिए चुना गया,sneaking:hi:07,synthetic_v1,0,0,0,0,0,1,0,0
office chair insurance from Kinbech pre-selected (Rs. 99),sneaking,sneaking,en,p,fine_print,[TAG=p] [ROLE=fine_print] office chair insurance from Kinbech pre-selected (Rs. 99),sneaking:en:19,synthetic_v1,0,0,0,0,0,1,0,0
रु. 699 सेवा शुल्क लागू,sneaking,sneaking,ne,span,line_item,[TAG=span] [ROLE=line_item] रु. 699 सेवा शुल्क लागू,sneaking:ne:03,synthetic_v1,0,0,0,0,0,1,0,0
"Prime membership from Flipkart added — Rs. 1,499/month",sneaking,sneaking,en,span,line_item,"[TAG=span] [ROLE=line_item] Prime membership from Flipkart added — Rs. 1,499/month",sneaking:en:17,synthetic_v1,0,0,0,0,0,1,0,0
चेकआउट पर रु. 49 शिपिंग शुल्क जोड़ा गया,sneaking,sneaking,hi,span,line_item,[TAG=span] [ROLE=line_item] चेकआउट पर रु. 49 शिपिंग शुल्क जोड़ा गया,sneaking:hi:00,synthetic_v1,0,0,0,0,0,1,0,0
Flipkart की गोल्ड सदस्यता जोड़ी गई — रु. 499/महीना,sneaking,sneaking,hi,p,fine_print,[TAG=p] [ROLE=fine_print] Flipkart की गोल्ड सदस्यता जोड़ी गई — रु. 499/महीना,sneaking:hi:17,synthetic_v1,0,0,0,0,0,1,0,0
Nykaa ऑर्डर में रु. 49 का दान जोड़ा गया,sneaking,sneaking,hi,p,fine_print,[TAG=p] [ROLE=fine_print] Nykaa ऑर्डर में रु. 49 का दान जोड़ा गया,sneaking:hi:22,synthetic_v1,0,0,0,0,0,1,0,0
Donation of Rs. 349 added to your Meesho order,sneaking,sneaking,en,label,checkbox,[TAG=label] [ROLE=checkbox] Donation of Rs. 349 added to your Meesho order,sneaking:en:22,synthetic_v1,0,0,0,0,0,1,0,0
10 महीने की प्रो सदस्यता शामिल,sneaking,sneaking,hi,label,checkbox,[TAG=label] [ROLE=checkbox] 10 महीने की प्रो सदस्यता शामिल,sneaking:hi:10,synthetic_v1,0,0,0,0,0,1,0,0
"निःशुल्क ट्रायलपछि प्रो रु. 2,999/महिना हुनेछ",sneaking,sneaking,ne,span,line_item,"[TAG=span] [ROLE=line_item] निःशुल्क ट्रायलपछि प्रो रु. 2,999/महिना हुनेछ",sneaking:ne:04,synthetic_v1,0,0,0,0,0,1,0,0
प्राइम के लिए ऑटो-रिन्यूअल चालू है,sneaking,sneaking,hi,p,fine_print,[TAG=p] [ROLE=fine_print] प्राइम के लिए ऑटो-रिन्यूअल चालू है,sneaking:hi:08,synthetic_v1,0,0,0,0,0,1,0,0
Lenskart सेवा शुल्क रु. 999 तपाईंको घामको चस्मा अर्डरमा थपियो,sneaking,sneaking,ne,span,line_item,[TAG=span] [ROLE=line_item] Lenskart सेवा शुल्क रु. 999 तपाईंको घामको चस्मा अर्डरमा थपियो,sneaking:ne:16,synthetic_v1,0,0,0,0,0,1,0,0
"Lenskart सेवा शुल्क रु. 2,499 तपाईंको फोन कभर अर्डरमा थपियो",sneaking,sneaking,ne,p,fine_print,"[TAG=p] [ROLE=fine_print] Lenskart सेवा शुल्क रु. 2,499 तपाईंको फोन कभर अर्डरमा थपियो",sneaking:ne:16,synthetic_v1,0,0,0,0,0,1,0,0
वीरगन्ज डेलिभरीमा थप रु. 899,sneaking,sneaking,ne,span,line_item,[TAG=span] [ROLE=line_item] वीरगन्ज डेलिभरीमा थप रु. 899,sneaking:ne:18,synthetic_v1,0,0,0,0,0,1,0,0
laptop bag insurance from Gyapu pre-selected (Rs. 349),sneaking,sneaking,en,p,fine_print,[TAG=p] [ROLE=fine_print] laptop bag insurance from Gyapu pre-selected (Rs. 349),sneaking:en:19,synthetic_v1,0,0,0,0,0,1,0,0
Handling charge of Rs. 249 for Biratnagar deliveries,sneaking,sneaking,en,span,line_item,[TAG=span] [ROLE=line_item] Handling charge of Rs. 249 for Biratnagar deliveries,sneaking:en:13,synthetic_v1,0,0,0,0,0,1,0,0
"Your free trial converts to Gold at Rs. 1,999/month",sneaking,sneaking,en,span,line_item,"[TAG=span] [ROLE=line_item] Your free trial converts to Gold at Rs. 1,999/month",sneaking:en:04,synthetic_v1,0,0,0,0,0,1,0,0
"Your Snapdeal Prime trial renews at Rs. 1,199",sneaking,sneaking,en,label,checkbox,"[TAG=label] [ROLE=checkbox] Your Snapdeal Prime trial renews at Rs. 1,199",sneaking:en:21,synthetic_v1,0,0,0,0,0,1,0,0
"Croma service fee of Rs. 1,999 added to your office chair order",sneaking,sneaking,en,span,line_item,"[TAG=span] [ROLE=line_item] Croma service fee of Rs. 1,999 added to your office chair order",sneaking:en:16,synthetic_v1,0,0,0,0,0,1,0,0
"Your OkDam Gold trial renews at Rs. 1,999",sneaking,sneaking,en,p,fine_print,"[TAG=p] [ROLE=fine_print] Your OkDam Gold trial renews at Rs. 1,999",sneaking:en:21,synthetic_v1,0,0,0,0,0,1,0,0
डेनिम जिन्स को बीमा तपाईंका लागि छनोट गरियो,sneaking,sneaking,ne,p,fine_print,[TAG=p] [ROLE=fine_print] डेनिम जिन्स को बीमा तपाईंका लागि छनोट गरियो,sneaking:ne:07,synthetic_v1,0,0,0,0,0,1,0,0
जारी रखने पर हर महीने रु. 99 शुल्क लगेगा,sneaking,sneaking,hi,p,fine_print,[TAG=p] [ROLE=fine_print] जारी रखने पर हर महीने रु. 99 शुल्क लगेगा,sneaking:hi:01,synthetic_v1,0,0,0,0,0,1,0,0
Plus membership added to your backpack order,sneaking,sneaking,en,span,line_item,[TAG=span] [ROLE=line_item] Plus membership added to your backpack order,sneaking:en:14,synthetic_v1,0,0,0,0,0,1,0,0
"Handling charge of Rs. 1,999 for Indore deliveries",sneaking,sneaking,en,p,fine_print,"[TAG=p] [ROLE=fine_print] Handling charge of Rs. 1,999 for Indore deliveries",sneaking:en:13,synthetic_v1,0,0,0,0,0,1,0,0
"Snapdeal बाट पावर ब्यांक बीमा पहिले नै छनोट (रु. 1,499)",sneaking,sneaking,ne,label,checkbox,"[TAG=label] [ROLE=checkbox] Snapdeal बाट पावर ब्यांक बीमा पहिले नै छनोट (रु. 1,499)",sneaking:ne:19,synthetic_v1,0,0,0,0,0,1,0,0
पुणे ऑर्डर पर रु. 449 पैकेजिंग शुल्क,sneaking,sneaking,hi,label,checkbox,[TAG=label] [ROLE=checkbox] पुणे ऑर्डर पर रु. 449 पैकेजिंग शुल्क,sneaking:hi:20,synthetic_v1,0,0,0,0,0,1,0,0
3 महिनाको प्राइम सदस्यता समावेश,sneaking,sneaking,ne,p,fine_print,[TAG=p] [ROLE=fine_print] 3 महिनाको प्राइम सदस्यता समावेश,sneaking:ne:10,synthetic_v1,0,0,0,0,0,1,0,0
"Convenience fee of Rs. 1,999 included",sneaking,sneaking,en,label,checkbox,"[TAG=label] [ROLE=checkbox] Convenience fee of Rs. 1,999 included",sneaking:en:05,synthetic_v1,0,0,0,0,0,1,0,0
"Nykaa से रनिंग शूज़ बीमा पहले से चुना गया (रु. 1,199)",sneaking,sneaking,hi,p,fine_print,"[TAG=p] [ROLE=fine_print] Nykaa से रनिंग शूज़ बीमा पहले से चुना गया (रु. 1,199)",sneaking:hi:19,synthetic_v1,0,0,0,0,0,1,0,0
SastoDeal अर्डरमा रु. 449 दान थपियो,sneaking,sneaking,ne,p,fine_print,[TAG=p] [ROLE=fine_print] SastoDeal अर्डरमा रु. 449 दान थपियो,sneaking:ne:22,synthetic_v1,0,0,0,0,0,1,0,0
अहमदाबाद डिलीवरी पर रु. 449 हैंडलिंग शुल्क,sneaking,sneaking,hi,span,line_item,[TAG=span] [ROLE=line_item] अहमदाबाद डिलीवरी पर रु. 449 हैंडलिंग शुल्क,sneaking:hi:13,synthetic_v1,0,0,0,0,0,1,0,0
आपका Flipkart प्रीमियम ट्रायल रु. 249 पर रिन्यू होगा,sneaking,sneaking,hi,span,line_item,[TAG=span] [ROLE=line_item] आपका Flipkart प्रीमियम ट्रायल रु. 249 पर रिन्यू होगा,sneaking:hi:21,synthetic_v1,0,0,0,0,0,1,0,0
तपाईंको पावर ब्यांक अर्डरमा गोल्ड सदस्यता थपियो,sneaking,sneaking,ne,label,checkbox,[TAG=label] [ROLE=checkbox] तपाईंको पावर ब्यांक अर्डरमा गोल्ड सदस्यता थपियो,sneaking:ne:14,synthetic_v1,0,0,0,0,0,1,0,0
"Ajio की प्रीमियम सदस्यता जोड़ी गई — रु. 2,499/महीना",sneaking,sneaking,hi,span,line_item,"[TAG=span] [ROLE=line_item] Ajio की प्रीमियम सदस्यता जोड़ी गई — रु. 2,499/महीना",sneaking:hi:17,synthetic_v1,0,0,0,0,0,1,0,0
आपके स्टडी लैंप ऑर्डर में प्रो सदस्यता जोड़ी गई,sneaking,sneaking,hi,p,fine_print,[TAG=p] [ROLE=fine_print] आपके स्टडी लैंप ऑर्डर में प्रो सदस्यता जोड़ी गई,sneaking:hi:14,synthetic_v1,0,0,0,0,0,1,0,0
सुर्खेत डेलिभरीमा रु. 449 ह्यान्डलिङ शुल्क,sneaking,sneaking,ne,span,line_item,[TAG=span] [ROLE=line_item] सुर्खेत डेलिभरीमा रु. 449 ह्यान्डलिङ शुल्क,sneaking:ne:13,synthetic_v1,0,0,0,0,0,1,0,0
9 महिनाको प्राइम सदस्यता समावेश,sneaking,sneaking,ne,span,line_item,[TAG=span] [ROLE=line_item] 9 महिनाको प्राइम सदस्यता समावेश,sneaking:ne:10,synthetic_v1,0,0,0,0,0,1,0,0
Priority delivery to Lalitpur selected (+Rs. 399),sneaking,sneaking,en,p,fine_print,[TAG=p] [ROLE=fine_print] Priority delivery to Lalitpur selected (+Rs. 399),sneaking:en:23,synthetic_v1,0,0,0,0,0,1,0,0
"Daraz service fee of Rs. 1,499 added to your electric kettle order",sneaking,sneaking,en,span,line_item,"[TAG=span] [ROLE=line_item] Daraz service fee of Rs. 1,499 added to your electric kettle order",sneaking:en:16,synthetic_v1,0,0,0,0,0,1,0,0
7 महीने की प्लस सदस्यता शामिल,sneaking,sneaking,hi,span,line_item,[TAG=span] [ROLE=line_item] 7 महीने की प्लस सदस्यता शामिल,sneaking:hi:10,synthetic_v1,0,0,0,0,0,1,0,0
तनहुँ अर्डरमा रु. 899 प्याकेजिङ शुल्क,sneaking,sneaking,ne,label,checkbox,[TAG=label] [ROLE=checkbox] तनहुँ अर्डरमा रु. 899 प्याकेजिङ शुल्क,sneaking:ne:20,synthetic_v1,0,0,0,0,0,1,0,0
फ्री ट्रायल के बाद प्रो रु. 599/महीना हो जाएगा,sneaking,sneaking,hi,p,fine_print,[TAG=p] [ROLE=fine_print] फ्री ट्रायल के बाद प्रो रु. 599/महीना हो जाएगा,sneaking:hi:04,synthetic_v1,0,0,0,0,0,1,0,0
"Kinbech की गोल्ड सदस्यता जोड़ी गई — रु. 1,199/महीना",sneaking,sneaking,hi,p,fine_print,"[TAG=p] [ROLE=fine_print] Kinbech की गोल्ड सदस्यता जोड़ी गई — रु. 1,199/महीना",sneaking:hi:17,synthetic_v1,0,0,0,0,0,1,0,0
बेंगलुरु ऑर्डर पर रु. 699 पैकेजिंग शुल्क,sneaking,sneaking,hi,p,fine_print,[TAG=p] [ROLE=fine_print] बेंगलुरु ऑर्डर पर रु. 699 पैकेजिंग शुल्क,sneaking:hi:20,synthetic_v1,0,0,0,0,0,1,0,0
पटना डिलीवरी पर अतिरिक्त रु. 299,sneaking,sneaking,hi,label,checkbox,[TAG=label] [ROLE=checkbox] पटना डिलीवरी पर अतिरिक्त रु. 299,sneaking:hi:18,synthetic_v1,0,0,0,0,0,1,0,0
वायरलेस इयरबड्स को बीमा तपाईंका लागि छनोट गरियो,sneaking,sneaking,ne,span,line_item,[TAG=span] [ROLE=line_item] वायरलेस इयरबड्स को बीमा तपाईंका लागि छनोट गरियो,sneaking:ne:07,synthetic_v1,0,0,0,0,0,1,0,0
कानपुर डिलीवरी पर रु. 49 हैंडलिंग शुल्क,sneaking,sneaking,hi,label,checkbox,[TAG=label] [ROLE=checkbox] कानपुर डिलीवरी पर रु. 49 हैंडलिंग शुल्क,sneaking:hi:13,synthetic_v1,0,0,0,0,0,1,0,0
आपके ऑर्डर में रु. 449 का दान जोड़ा गया,sneaking,sneaking,hi,label,checkbox,[TAG=label] [ROLE=checkbox] आपके ऑर्डर में रु. 449 का दान जोड़ा गया,sneaking:hi:06,synthetic_v1,0,0,0,0,0,1,0,0
रु. 149 सेवा शुल्क लागू,sneaking,sneaking,hi,label,checkbox,[TAG=label] [ROLE=checkbox] रु. 149 सेवा शुल्क लागू,sneaking:hi:03,synthetic_v1,0,0,0,0,0,1,0,0
"निःशुल्क ट्रायलपछि गोल्ड रु. 2,499/महिना हुनेछ",sneaking,sneaking,ne,p,fine_print,"[TAG=p] [ROLE=fine_print] निःशुल्क ट्रायलपछि गोल्ड रु. 2,499/महिना हुनेछ",sneaking:ne:04,synthetic_v1,0,0,0,0,0,1,0,0
प्राथमिकता डेलिभरी पहिले नै छनोट (+रु. 49),sneaking,sneaking,ne,span,line_item,[TAG=span] [ROLE=line_item] प्राथमिकता डेलिभरी पहिले नै छनोट (+रु. 49),sneaking:ne:09,synthetic_v1,0,0,0,0,0,1,0,0
प्याकेजिङ शुल्क रु. 249 भुक्तानीमा देखिनेछ,sneaking,sneaking,ne,p,fine_print,[TAG=p] [ROLE=fine_print] प्याकेजिङ शुल्क रु. 249 भुक्तानीमा देखिनेछ,sneaking:ne:15,synthetic_v1,0,0,0,0,0,1,0,0
Lenskart को प्राइम सदस्यता थपियो — रु. 999/महिना,sneaking,sneaking,ne,p,fine_print,[TAG=p] [ROLE=fine_print] Lenskart को प्राइम सदस्यता थपियो — रु. 999/महिना,sneaking:ne:17,synthetic_v1,0,0,0,0,0,1,0,0
चेकआउटमा रु. 299 ढुवानी शुल्क थपियो,sneaking,sneaking,ne,p,fine_print,[TAG=p] [ROLE=fine_print] चेकआउटमा रु. 299 ढुवानी शुल्क थपियो,sneaking:ne:00,synthetic_v1,0,0,0,0,0,1,0,0
"नेपालगन्ज अर्डरमा रु. 1,999 प्याकेजिङ शुल्क",sneaking,sneaking,ne,p,fine_print,"[TAG=p] [ROLE=fine_print] नेपालगन्ज अर्डरमा रु. 1,999 प्याकेजिङ शुल्क",sneaking:ne:20,synthetic_v1,0,0,0,0,0,1,0,0
Snapdeal service fee of Rs. 599 added to your face wash order,sneaking,sneaking,en,p,fine_print,[TAG=p] [ROLE=fine_print] Snapdeal service fee of Rs. 599 added to your face wash order,sneaking:en:16,synthetic_v1,0,0,0,0,0,1,0,0
"फ्री ट्रायल के बाद प्रीमियम रु. 1,199/महीना हो जाएगा",sneaking,sneaking,hi,span,line_item,"[TAG=span] [ROLE=line_item] फ्री ट्रायल के बाद प्रीमियम रु. 1,199/महीना हो जाएगा",sneaking:hi:04,synthetic_v1,0,0,0,0,0,1,0,0
वाराणसी ऑर्डर पर रु. 799 पैकेजिंग शुल्क,sneaking,sneaking,hi,span,line_item,[TAG=span] [ROLE=line_item] वाराणसी ऑर्डर पर रु. 799 पैकेजिंग शुल्क,sneaking:hi:20,synthetic_v1,0,0,0,0,0,1,0,0
निःशुल्क ट्रायलपछि प्राइम रु. 399/महिना हुनेछ,sneaking,sneaking,ne,label,checkbox,[TAG=label] [ROLE=checkbox] निःशुल्क ट्रायलपछि प्राइम रु. 399/महिना हुनेछ,sneaking:ne:04,synthetic_v1,0,0,0,0,0,1,0,0
Flipkart अर्डरमा रु. 149 दान थपियो,sneaking,sneaking,ne,span,line_item,[TAG=span] [ROLE=line_item] Flipkart अर्डरमा रु. 149 दान थपियो,sneaking:ne:22,synthetic_v1,0,0,0,0,0,1,0,0
Your free trial converts to Gold at Rs. 599/month,sneaking,sneaking,en,label,checkbox,[TAG=label] [ROLE=checkbox] Your free trial converts to Gold at Rs. 599/month,sneaking:en:04,synthetic_v1,0,0,0,0,0,1,0,0
"Ajio ऑर्डर में रु. 1,499 का दान जोड़ा गया",sneaking,sneaking,hi,span,line_item,"[TAG=span] [ROLE=line_item] Ajio ऑर्डर में रु. 1,499 का दान जोड़ा गया",sneaking:hi:22,synthetic_v1,0,0,0,0,0,1,0,0
Prime membership from HamroBazar added — Rs. 999/month,sneaking,sneaking,en,span,line_item,[TAG=span] [ROLE=line_item] Prime membership from HamroBazar added — Rs. 999/month,sneaking:en:17,synthetic_v1,0,0,0,0,0,1,0,0
"Zepto ऑर्डर में रु. 2,499 का दान जोड़ा गया",sneaking,sneaking,hi,span,line_item,"[TAG=span] [ROLE=line_item] Zepto ऑर्डर में रु. 2,499 का दान जोड़ा गया",sneaking:hi:22,synthetic_v1,0,0,0,0,0,1,0,0
Premium membership added to your trekking jacket order,sneaking,sneaking,en,span,line_item,[TAG=span] [ROLE=line_item] Premium membership added to your trekking jacket order,sneaking:en:14,synthetic_v1,0,0,0,0,0,1,0,0
तपाईंको स्पोर्ट्स चप्पल अर्डरमा गोल्ड सदस्यता थपियो,sneaking,sneaking,ne,label,checkbox,[TAG=label] [ROLE=checkbox] तपाईंको स्पोर्ट्स चप्पल अर्डरमा गोल्ड सदस्यता थपियो,sneaking:ne:14,synthetic_v1,0,0,0,0,0,1,0,0
Insurance for electric kettle selected for you,sneaking,sneaking,en,p,fine_print,[TAG=p] [ROLE=fine_print] Insurance for electric kettle selected for you,sneaking:en:07,synthetic_v1,0,0,0,0,0,1,0,0
धरान डेलिभरीमा रु. 699 ह्यान्डलिङ शुल्क,sneaking,sneaking,ne,span,line_item,[TAG=span] [ROLE=line_item] धरान डेलिभरीमा रु. 699 ह्यान्डलिङ शुल्क,sneaking:ne:13,synthetic_v1,0,0,0,0,0,1,0,0
Rs. 149 packaging charge applies for Biratnagar orders,sneaking,sneaking,en,p,fine_print,[TAG=p] [ROLE=fine_print] Rs. 149 packaging charge applies for Biratnagar orders,sneaking:en:20,synthetic_v1,0,0,0,0,0,1,0,0
"Your Gyapu Gold trial renews at Rs. 1,999",sneaking,sneaking,en,span,line_item,"[TAG=span] [ROLE=line_item] Your Gyapu Gold trial renews at Rs. 1,999",sneaking:en:21,synthetic_v1,0,0,0,0,0,1,0,0
वाराणसी डिलीवरी पर अतिरिक्त रु. 299,sneaking,sneaking,hi,p,fine_print,[TAG=p] [ROLE=fine_print] वाराणसी डिलीवरी पर अतिरिक्त रु. 299,sneaking:hi:18,synthetic_v1,0,0,0,0,0,1,0,0
निःशुल्क ट्रायलपछि प्लस रु. 299/महिना हुनेछ,sneaking,sneaking,ne,label,checkbox,[TAG=label] [ROLE=checkbox] निःशुल्क ट्रायलपछि प्लस रु. 299/महिना हुनेछ,sneaking:ne:04,synthetic_v1,0,0,0,0,0,1,0,0
आपके ऑर्डर में रु. 49 का दान जोड़ा गया,sneaking,sneaking,hi,label,checkbox,[TAG=label] [ROLE=checkbox] आपके ऑर्डर में रु. 49 का दान जोड़ा गया,sneaking:hi:06,synthetic_v1,0,0,0,0,0,1,0,0
आपका JioMart प्रीमियम ट्रायल रु. 899 पर रिन्यू होगा,sneaking,sneaking,hi,label,checkbox,[TAG=label] [ROLE=checkbox] आपका JioMart प्रीमियम ट्रायल रु. 899 पर रिन्यू होगा,sneaking:hi:21,synthetic_v1,0,0,0,0,0,1,0,0
प्राथमिकता डिलीवरी पहले से चुनी गई (+रु. 599),sneaking,sneaking,hi,span,line_item,[TAG=span] [ROLE=line_item] प्राथमिकता डिलीवरी पहले से चुनी गई (+रु. 599),sneaking:hi:09,synthetic_v1,0,0,0,0,0,1,0,0
आपके रनिंग शूज़ ऑर्डर में प्रो सदस्यता जोड़ी गई,sneaking,sneaking,hi,p,fine_print,[TAG=p] [ROLE=fine_print] आपके रनिंग शूज़ ऑर्डर में प्रो सदस्यता जोड़ी गई,sneaking:hi:14,synthetic_v1,0,0,0,0,0,1,0,0
Amazon service fee of Rs. 249 added to your laptop bag order,sneaking,sneaking,en,p,fine_print,[TAG=p] [ROLE=fine_print] Amazon service fee of Rs. 249 added to your laptop bag order,sneaking:en:16,synthetic_v1,0,0,0,0,0,1,0,0
जारी राखेमा हरेक महिना रु. 249 शुल्क लाग्नेछ,sneaking,sneaking,ne,p,fine_print,[TAG=p] [ROLE=fine_print] जारी राखेमा हरेक महिना रु. 249 शुल्क लाग्नेछ,sneaking:ne:01,synthetic_v1,0,0,0,0,0,1,0,0
Myntra ऑर्डर में रु. 899 का दान जोड़ा गया,sneaking,sneaking,hi,span,line_item,[TAG=span] [ROLE=line_item] Myntra ऑर्डर में रु. 899 का दान जोड़ा गया,sneaking:hi:22,synthetic_v1,0,0,0,0,0,1,0,0
8 महिनाको प्रिमियम सदस्यता समावेश,sneaking,sneaking,ne,label,checkbox,[TAG=label] [ROLE=checkbox] 8 महिनाको प्रिमियम सदस्यता समावेश,sneaking:ne:10,synthetic_v1,0,0,0,0,0,1,0,0
Handling charge of Rs. 299 for Biratnagar deliveries,sneaking,sneaking,en,span,line_item,[TAG=span] [ROLE=line_item] Handling charge of Rs. 299 for Biratnagar deliveries,sneaking:en:13,synthetic_v1,0,0,0,0,0,1,0,0
आपके स्मार्टवॉच ऑर्डर में प्रो सदस्यता जोड़ी गई,sneaking,sneaking,hi,label,checkbox,[TAG=label] [ROLE=checkbox] आपके स्मार्टवॉच ऑर्डर में प्रो सदस्यता जोड़ी गई,sneaking:hi:14,synthetic_v1,0,0,0,0,0,1,0,0
8 महीने की प्रो सदस्यता शामिल,sneaking,sneaking,hi,label,checkbox,[TAG=label] [ROLE=checkbox] 8 महीने की प्रो सदस्यता शामिल,sneaking:hi:10,synthetic_v1,0,0,0,0,0,1,0,0
धनगढी डेलिभरीमा रु. 249 ह्यान्डलिङ शुल्क,sneaking,sneaking,ne,p,fine_print,[TAG=p] [ROLE=fine_print] धनगढी डेलिभरीमा रु. 249 ह्यान्डलिङ शुल्क,sneaking:ne:13,synthetic_v1,0,0,0,0,0,1,0,0
"Kinbech अर्डरमा रु. 1,199 दान थपियो",sneaking,sneaking,ne,span,line_item,"[TAG=span] [ROLE=line_item] Kinbech अर्डरमा रु. 1,199 दान थपियो",sneaking:ne:22,synthetic_v1,0,0,0,0,0,1,0,0
By continuing you agree to a recurring Rs. 599 monthly charge,sneaking,sneaking,en,span,line_item,[TAG=span] [ROLE=line_item] By continuing you agree to a recurring Rs. 599 monthly charge,sneaking:en:01,synthetic_v1,0,0,0,0,0,1,0,0
Insurance for trekking jacket selected for you,sneaking,sneaking,en,p,fine_print,[TAG=p] [ROLE=fine_print] Insurance for trekking jacket selected for you,sneaking:en:07,synthetic_v1,0,0,0,0,0,1,0,0
SastoDeal अर्डरमा रु. 349 दान थपियो,sneaking,sneaking,ne,span,line_item,[TAG=span] [ROLE=line_item] SastoDeal अर्डरमा रु. 349 दान थपियो,sneaking:ne:22,synthetic_v1,0,0,0,0,0,1,0,0
"फ्री ट्रायल के बाद प्राइम रु. 2,999/महीना हो जाएगा",sneaking,sneaking,hi,span,line_item,"[TAG=span] [ROLE=line_item] फ्री ट्रायल के बाद प्राइम रु. 2,999/महीना हो जाएगा",sneaking:hi:04,synthetic_v1,0,0,0,0,0,1,0,0
Thulo सेवा शुल्क रु. 499 आपके हेयर ड्रायर ऑर्डर में जोड़ा गया,sneaking,sneaking,hi,span,line_item,[TAG=span] [ROLE=line_item] Thulo सेवा शुल्क रु. 499 आपके हेयर ड्रायर ऑर्डर में जोड़ा गया,sneaking:hi:16,synthetic_v1,0,0,0,0,0,1,0,0
पैकेजिंग शुल्क रु. 999 भुगतान पर दिखेगा,sneaking,sneaking,hi,span,line_item,[TAG=span] [ROLE=line_item] पैकेजिंग शुल्क रु. 999 भुगतान पर दिखेगा,sneaking:hi:15,synthetic_v1,0,0,0,0,0,1,0,0
"Blinkit सेवा शुल्क रु. 2,499 आपके स्मार्टवॉच ऑर्डर में जोड़ा गया",sneaking,sneaking,hi,p,fine_print,"[TAG=p] [ROLE=fine_print] Blinkit सेवा शुल्क रु. 2,499 आपके स्मार्टवॉच ऑर्डर में जोड़ा गया",sneaking:hi:16,synthetic_v1,0,0,0,0,0,1,0,0
आपके फेस वॉश ऑर्डर में प्राइम सदस्यता जोड़ी गई,sneaking,sneaking,hi,p,fine_print,[TAG=p] [ROLE=fine_print] आपके फेस वॉश ऑर्डर में प्राइम सदस्यता जोड़ी गई,sneaking:hi:14,synthetic_v1,0,0,0,0,0,1,0,0
निःशुल्क ट्रायलपछि प्लस रु. 999/महिना हुनेछ,sneaking,sneaking,ne,label,checkbox,[TAG=label] [ROLE=checkbox] निःशुल्क ट्रायलपछि प्लस रु. 999/महिना हुनेछ,sneaking:ne:04,synthetic_v1,0,0,0,0,0,1,0,0
HamroBazar की प्रीमियम सदस्यता जोड़ी गई — रु. 699/महीना,sneaking,sneaking,hi,p,fine_print,[TAG=p] [ROLE=fine_print] HamroBazar की प्रीमियम सदस्यता जोड़ी गई — रु. 699/महीना,sneaking:hi:17,synthetic_v1,0,0,0,0,0,1,0,0
Priority delivery pre-selected (+Rs. 49),sneaking,sneaking,en,span,line_item,[TAG=span] [ROLE=line_item] Priority delivery pre-selected (+Rs. 49),sneaking:en:09,synthetic_v1,0,0,0,0,0,1,0,0
"आपका HamroBazar प्लस ट्रायल रु. 1,199 पर रिन्यू होगा",sneaking,sneaking,hi,p,fine_print,"[TAG=p] [ROLE=fine_print] आपका HamroBazar प्लस ट्रायल रु. 1,199 पर रिन्यू होगा",sneaking:hi:21,synthetic_v1,0,0,0,0,0,1,0,0
चंडीगढ़ के लिए प्राथमिकता डिलीवरी चुनी गई (+रु. 349),sneaking,sneaking,hi,label,checkbox,[TAG=label] [ROLE=checkbox] चंडीगढ़ के लिए प्राथमिकता डिलीवरी चुनी गई (+रु. 349),sneaking:hi:23,synthetic_v1,0,0,0,0,0,1,0,0
दमक अर्डरमा रु. 699 प्याकेजिङ शुल्क,sneaking,sneaking,ne,label,checkbox,[TAG=label] [ROLE=checkbox] दमक अर्डरमा रु. 699 प्याकेजिङ शुल्क,sneaking:ne:20,synthetic_v1,0,0,0,0,0,1,0,0
"Nykaa सेवा शुल्क रु. 2,999 आपके ऑफिस चेयर ऑर्डर में जोड़ा गया",sneaking,sneaking,hi,label,checkbox,"[TAG=label] [ROLE=checkbox] Nykaa सेवा शुल्क रु. 2,999 आपके ऑफिस चेयर ऑर्डर में जोड़ा गया",sneaking:hi:16,synthetic_v1,0,0,0,0,0,1,0,0
आपका Croma गोल्ड ट्रायल रु. 449 पर रिन्यू होगा,sneaking,sneaking,hi,span,line_item,[TAG=span] [ROLE=line_item] आपका Croma गोल्ड ट्रायल रु. 449 पर रिन्यू होगा,sneaking:hi:21,synthetic_v1,0,0,0,0,0,1,0,0
Amazon की प्रीमियम सदस्यता जोड़ी गई — रु. 199/महीना,sneaking,sneaking,hi,p,fine_print,[TAG=p] [ROLE=fine_print] Amazon की प्रीमियम सदस्यता जोड़ी गई — रु. 199/महीना,sneaking:hi:17,synthetic_v1,0,0,0,0,0,1,0,0
Priority delivery to Jaipur selected (+Rs. 249),sneaking,sneaking,en,label,checkbox,[TAG=label] [ROLE=checkbox] Priority delivery to Jaipur selected (+Rs. 249),sneaking:en:23,synthetic_v1,0,0,0,0,0,1,0,0
"तपाईंको Ajio प्रिमियम ट्रायल रु. 2,999 मा नवीकरण हुनेछ",sneaking,sneaking,ne,span,line_item,"[TAG=span] [ROLE=line_item] तपाईंको Ajio प्रिमियम ट्रायल रु. 2,999 मा नवीकरण हुनेछ",sneaking:ne:21,synthetic_v1,0,0,0,0,0,1,0,0
धरान डेलिभरीमा थप रु. 449,sneaking,sneaking,ne,label,checkbox,[TAG=label] [ROLE=checkbox] धरान डेलिभरीमा थप रु. 449,sneaking:ne:18,synthetic_v1,0,0,0,0,0,1,0,0
"वाराणसी डिलीवरी पर अतिरिक्त रु. 1,999",sneaking,sneaking,hi,p,fine_print,"[TAG=p] [ROLE=fine_print] वाराणसी डिलीवरी पर अतिरिक्त रु. 1,999",sneaking:hi:18,synthetic_v1,0,0,0,0,0,1,0,0
"Delivery to Mumbai costs an extra Rs. 1,499",sneaking,sneaking,en,p,fine_print,"[TAG=p] [ROLE=fine_print] Delivery to Mumbai costs an extra Rs. 1,499",sneaking:en:18,synthetic_v1,0,0,0,0,0,1,0,0
भक्तपुर का लागि प्राथमिकता डेलिभरी छनोट (+रु. 799),sneaking,sneaking,ne,label,checkbox,[TAG=label] [ROLE=checkbox] भक्तपुर का लागि प्राथमिकता डेलिभरी छनोट (+रु. 799),sneaking:ne:23,synthetic_v1,0,0,0,0,0,1,0,0
वाराणसी ऑर्डर पर रु. 99 पैकेजिंग शुल्क,sneaking,sneaking,hi,span,line_item,[TAG=span] [ROLE=line_item] वाराणसी ऑर्डर पर रु. 99 पैकेजिंग शुल्क,sneaking:hi:20,synthetic_v1,0,0,0,0,0,1,0,0
"Donation of Rs. 2,499 added to your Myntra order",sneaking,sneaking,en,span,line_item,"[TAG=span] [ROLE=line_item] Donation of Rs. 2,499 added to your Myntra order",sneaking:en:22,synthetic_v1,0,0,0,0,0,1,0,0
"जारी राखेमा हरेक महिना रु. 1,999 शुल्क लाग्नेछ",sneaking,sneaking,ne,label,checkbox,"[TAG=label] [ROLE=checkbox] जारी राखेमा हरेक महिना रु. 1,999 शुल्क लाग्नेछ",sneaking:ne:01,synthetic_v1,0,0,0,0,0,1,0,0
सुविधा शुल्क रु. 599 शामिल,sneaking,sneaking,hi,label,checkbox,[TAG=label] [ROLE=checkbox] सुविधा शुल्क रु. 599 शामिल,sneaking:hi:05,synthetic_v1,0,0,0,0,0,1,0,0
"अहमदाबाद डिलीवरी पर अतिरिक्त रु. 2,999",sneaking,sneaking,hi,label,checkbox,"[TAG=label] [ROLE=checkbox] अहमदाबाद डिलीवरी पर अतिरिक्त रु. 2,999",sneaking:hi:18,synthetic_v1,0,0,0,0,0,1,0,0
Nykaa सेवा शुल्क रु. 999 आपके स्मार्टवॉच ऑर्डर में जोड़ा गया,sneaking,sneaking,hi,p,fine_print,[TAG=p] [ROLE=fine_print] Nykaa सेवा शुल्क रु. 999 आपके स्मार्टवॉच ऑर्डर में जोड़ा गया,sneaking:hi:16,synthetic_v1,0,0,0,0,0,1,0,0
Priority delivery to Butwal selected (+Rs. 449),sneaking,sneaking,en,label,checkbox,[TAG=label] [ROLE=checkbox] Priority delivery to Butwal selected (+Rs. 449),sneaking:en:23,synthetic_v1,0,0,0,0,0,1,0,0
आपका Tata Cliq गोल्ड ट्रायल रु. 249 पर रिन्यू होगा,sneaking,sneaking,hi,p,fine_print,[TAG=p] [ROLE=fine_print] आपका Tata Cliq गोल्ड ट्रायल रु. 249 पर रिन्यू होगा,sneaking:hi:21,synthetic_v1,0,0,0,0,0,1,0,0
Muncha अर्डरमा रु. 599 दान थपियो,sneaking,sneaking,ne,span,line_item,[TAG=span] [ROLE=line_item] Muncha अर्डरमा रु. 599 दान थपियो,sneaking:ne:22,synthetic_v1,0,0,0,0,0,1,0,0
आपका Blinkit प्राइम ट्रायल रु. 599 पर रिन्यू होगा,sneaking,sneaking,hi,span,line_item,[TAG=span] [ROLE=line_item] आपका Blinkit प्राइम ट्रायल रु. 599 पर रिन्यू होगा,sneaking:hi:21,synthetic_v1,0,0,0,0,0,1,0,0
"आपका FirstCry प्राइम ट्रायल रु. 1,499 पर रिन्यू होगा",sneaking,sneaking,hi,label,checkbox,"[TAG=label] [ROLE=checkbox] आपका FirstCry प्राइम ट्रायल रु. 1,499 पर रिन्यू होगा",sneaking:hi:21,synthetic_v1,0,0,0,0,0,1,0,0
Croma सेवा शुल्क रु. 799 तपाईंको फर्मल सर्ट अर्डरमा थपियो,sneaking,sneaking,ne,span,line_item,[TAG=span] [ROLE=line_item] Croma सेवा शुल्क रु. 799 तपाईंको फर्मल सर्ट अर्डरमा थपियो,sneaking:ne:16,synthetic_v1,0,0,0,0,0,1,0,0
Amazon सेवा शुल्क रु. 299 तपाईंको पावर ब्यांक अर्डरमा थपियो,sneaking,sneaking,ne,label,checkbox,[TAG=label] [ROLE=checkbox] Amazon सेवा शुल्क रु. 299 तपाईंको पावर ब्यांक अर्डरमा थपियो,sneaking:ne:16,synthetic_v1,0,0,0,0,0,1,0,0
प्राथमिकता डिलीवरी पहले से चुनी गई (+रु. 249),sneaking,sneaking,hi,p,fine_print,[TAG=p] [ROLE=fine_print] प्राथमिकता डिलीवरी पहले से चुनी गई (+रु. 249),sneaking:hi:09,synthetic_v1,0,0,0,0,0,1,0,0
सुविधा शुल्क रु. 999 शामिल,sneaking,sneaking,hi,span,line_item,[TAG=span] [ROLE=line_item] सुविधा शुल्क रु. 999 शामिल,sneaking:hi:05,synthetic_v1,0,0,0,0,0,1,0,0
"Myntra से पावर बैंक बीमा पहले से चुना गया (रु. 1,499)",sneaking,sneaking,hi,p,fine_print,"[TAG=p] [ROLE=fine_print] Myntra से पावर बैंक बीमा पहले से चुना गया (रु. 1,499)",sneaking:hi:19,synthetic_v1,0,0,0,0,0,1,0,0
इटहरी डेलिभरीमा रु. 49 ह्यान्डलिङ शुल्क,sneaking,sneaking,ne,label,checkbox,[TAG=label] [ROLE=checkbox] इटहरी डेलिभरीमा रु. 49 ह्यान्डलिङ शुल्क,sneaking:ne:13,synthetic_v1,0,0,0,0,0,1,0,0
Blinkit service fee of Rs. 499 added to your face wash order,sneaking,sneaking,en,label,checkbox,[TAG=label] [ROLE=checkbox] Blinkit service fee of Rs. 499 added to your face wash order,sneaking:en:16,synthetic_v1,0,0,0,0,0,1,0,0
Tata Cliq service fee of Rs. 799 added to your smartwatch order,sneaking,sneaking,en,p,fine_print,[TAG=p] [ROLE=fine_print] Tata Cliq service fee of Rs. 799 added to your smartwatch order,sneaking:en:16,synthetic_v1,0,0,0,0,0,1,0,0
"रांची ऑर्डर पर रु. 1,199 पैकेजिंग शुल्क",sneaking,sneaking,hi,p,fine_print,"[TAG=p] [ROLE=fine_print] रांची ऑर्डर पर रु. 1,199 पैकेजिंग शुल्क",sneaking:hi:20,synthetic_v1,0,0,0,0,0,1,0,0
हैदराबाद ऑर्डर पर रु. 249 पैकेजिंग शुल्क,sneaking,sneaking,hi,p,fine_print,[TAG=p] [ROLE=fine_print] हैदराबाद ऑर्डर पर रु. 249 पैकेजिंग शुल्क,sneaking:hi:20,synthetic_v1,0,0,0,0,0,1,0,0
हैदराबाद ऑर्डर पर रु. 799 पैकेजिंग शुल्क,sneaking,sneaking,hi,p,fine_print,[TAG=p] [ROLE=fine_print] हैदराबाद ऑर्डर पर रु. 799 पैकेजिंग शुल्क,sneaking:hi:20,synthetic_v1,0,0,0,0,0,1,0,0
Your Gyapu Premium trial renews at Rs. 599,sneaking,sneaking,en,label,checkbox,[TAG=label] [ROLE=checkbox] Your Gyapu Premium trial renews at Rs. 599,sneaking:en:21,synthetic_v1,0,0,0,0,0,1,0,0
Premium membership added to your yoga mat order,sneaking,sneaking,en,label,checkbox,[TAG=label] [ROLE=checkbox] Premium membership added to your yoga mat order,sneaking:en:14,synthetic_v1,0,0,0,0,0,1,0,0
"Delivery to Pune costs an extra Rs. 2,499",sneaking,sneaking,en,p,fine_print,"[TAG=p] [ROLE=fine_print] Delivery to Pune costs an extra Rs. 2,499",sneaking:en:18,synthetic_v1,0,0,0,0,0,1,0,0
"दिल्ली डिलीवरी पर रु. 2,999 हैंडलिंग शुल्क",sneaking,sneaking,hi,span,line_item,"[TAG=span] [ROLE=line_item] दिल्ली डिलीवरी पर रु. 2,999 हैंडलिंग शुल्क",sneaking:hi:13,synthetic_v1,0,0,0,0,0,1,0,0
"Myntra ऑर्डर में रु. 2,499 का दान जोड़ा गया",sneaking,sneaking,hi,p,fine_print,"[TAG=p] [ROLE=fine_print] Myntra ऑर्डर में रु. 2,499 का दान जोड़ा गया",sneaking:hi:22,synthetic_v1,0,0,0,0,0,1,0,0
आपके बैकपैक ऑर्डर में प्रो सदस्यता जोड़ी गई,sneaking,sneaking,hi,span,line_item,[TAG=span] [ROLE=line_item] आपके बैकपैक ऑर्डर में प्रो सदस्यता जोड़ी गई,sneaking:hi:14,synthetic_v1,0,0,0,0,0,1,0,0
पुणे डिलीवरी पर रु. 299 हैंडलिंग शुल्क,sneaking,sneaking,hi,label,checkbox,[TAG=label] [ROLE=checkbox] पुणे डिलीवरी पर रु. 299 हैंडलिंग शुल्क,sneaking:hi:13,synthetic_v1,0,0,0,0,0,1,0,0
air fryer insurance from Reliance Digital pre-selected (Rs. 399),sneaking,sneaking,en,span,line_item,[TAG=span] [ROLE=line_item] air fryer insurance from Reliance Digital pre-selected (Rs. 399),sneaking:en:19,synthetic_v1,0,0,0,0,0,1,0,0
घामको चस्मा को बीमा तपाईंका लागि छनोट गरियो,sneaking,sneaking,ne,label,checkbox,[TAG=label] [ROLE=checkbox] घामको चस्मा को बीमा तपाईंका लागि छनोट गरियो,sneaking:ne:07,synthetic_v1,0,0,0,0,0,1,0,0
तपाईंको HamroBazar गोल्ड ट्रायल रु. 449 मा नवीकरण हुनेछ,sneaking,sneaking,ne,p,fine_print,[TAG=p] [ROLE=fine_print] तपाईंको HamroBazar गोल्ड ट्रायल रु. 449 मा नवीकरण हुनेछ,sneaking:ne:21,synthetic_v1,0,0,0,0,0,1,0,0
रांची डिलीवरी पर अतिरिक्त रु. 599,sneaking,sneaking,hi,span,line_item,[TAG=span] [ROLE=line_item] रांची डिलीवरी पर अतिरिक्त रु. 599,sneaking:hi:18,synthetic_v1,0,0,0,0,0,1,0,0
रु. 699 सेवा शुल्क लागू,sneaking,sneaking,hi,label,checkbox,[TAG=label] [ROLE=checkbox] रु. 699 सेवा शुल्क लागू,sneaking:hi:03,synthetic_v1,0,0,0,0,0,1,0,0
Premium membership added to your hair dryer order,sneaking,sneaking,en,span,line_item,[TAG=span] [ROLE=line_item] Premium membership added to your hair dryer order,sneaking:en:14,synthetic_v1,0,0,0,0,0,1,0,0
मुंबई डिलीवरी पर अतिरिक्त रु. 999,sneaking,sneaking,hi,span,line_item,[TAG=span] [ROLE=line_item] मुंबई डिलीवरी पर अतिरिक्त रु. 999,sneaking:hi:18,synthetic_v1,0,0,0,0,0,1,0,0
school bag insurance from Ajio pre-selected (Rs. 299),sneaking,sneaking,en,label,checkbox,[TAG=label] [ROLE=checkbox] school bag insurance from Ajio pre-selected (Rs. 299),sneaking:en:19,synthetic_v1,0,0,0,0,0,1,0,0
"तपाईंको Muncha प्रो ट्रायल रु. 1,999 मा नवीकरण हुनेछ",sneaking,sneaking,ne,span,line_item,"[TAG=span] [ROLE=line_item] तपाईंको Muncha प्रो ट्रायल रु. 1,999 मा नवीकरण हुनेछ",sneaking:ne:21,synthetic_v1,0,0,0,0,0,1,0,0
जयपुर डिलीवरी पर रु. 299 हैंडलिंग शुल्क,sneaking,sneaking,hi,span,line_item,[TAG=span] [ROLE=line_item] जयपुर डिलीवरी पर रु. 299 हैंडलिंग शुल्क,sneaking:hi:13,synthetic_v1,0,0,0,0,0,1,0,0
Delivery to Lucknow costs an extra Rs. 49,sneaking,sneaking,en,span,line_item,[TAG=span] [ROLE=line_item] Delivery to Lucknow costs an extra Rs. 49,sneaking:en:18,synthetic_v1,0,0,0,0,0,1,0,0
आपके कॉटन कुर्ता ऑर्डर में प्लस सदस्यता जोड़ी गई,sneaking,sneaking,hi,span,line_item,[TAG=span] [ROLE=line_item] आपके कॉटन कुर्ता ऑर्डर में प्लस सदस्यता जोड़ी गई,sneaking:hi:14,synthetic_v1,0,0,0,0,0,1,0,0
Snapdeal अर्डरमा रु. 99 दान थपियो,sneaking,sneaking,ne,p,fine_print,[TAG=p] [ROLE=fine_print] Snapdeal अर्डरमा रु. 99 दान थपियो,sneaking:ne:22,synthetic_v1,0,0,0,0,0,1,0,0
"कोलकाता ऑर्डर पर रु. 2,999 पैकेजिंग शुल्क",sneaking,sneaking,hi,p,fine_print,"[TAG=p] [ROLE=fine_print] कोलकाता ऑर्डर पर रु. 2,999 पैकेजिंग शुल्क",sneaking:hi:20,synthetic_v1,0,0,0,0,0,1,0,0
"Blinkit सेवा शुल्क रु. 1,999 तपाईंको फेस वास अर्डरमा थपियो",sneaking,sneaking,ne,label,checkbox,"[TAG=label] [ROLE=checkbox] Blinkit सेवा शुल्क रु. 1,999 तपाईंको फेस वास अर्डरमा थपियो",sneaking:ne:16,synthetic_v1,0,0,0,0,0,1,0,0
सुविधा शुल्क रु. 249 शामिल,sneaking,sneaking,hi,span,line_item,[TAG=span] [ROLE=line_item] सुविधा शुल्क रु. 249 शामिल,sneaking:hi:05,synthetic_v1,0,0,0,0,0,1,0,0
"Priority delivery pre-selected (+Rs. 1,499)",sneaking,sneaking,en,span,line_item,"[TAG=span] [ROLE=line_item] Priority delivery pre-selected (+Rs. 1,499)",sneaking:en:09,synthetic_v1,0,0,0,0,0,1,0,0
Gold membership added to your water bottle order,sneaking,sneaking,en,label,checkbox,[TAG=label] [ROLE=checkbox] Gold membership added to your water bottle order,sneaking:en:14,synthetic_v1,0,0,0,0,0,1,0,0
"Handling charge of Rs. 2,499 for Hyderabad deliveries",sneaking,sneaking,en,label,checkbox,"[TAG=label] [ROLE=checkbox] Handling charge of Rs. 2,499 for Hyderabad deliveries",sneaking:en:13,synthetic_v1,0,0,0,0,0,1,0,0
"Ajio से स्पोर्ट्स सैंडल बीमा पहले से चुना गया (रु. 2,499)",sneaking,sneaking,hi,span,line_item,"[TAG=span] [ROLE=line_item] Ajio से स्पोर्ट्स सैंडल बीमा पहले से चुना गया (रु. 2,499)",sneaking:hi:19,synthetic_v1,0,0,0,0,0,1,0,0
Shipping fee of Rs. 149 added at checkout,sneaking,sneaking,en,span,line_item,[TAG=span] [ROLE=line_item] Shipping fee of Rs. 149 added at checkout,sneaking:en:00,synthetic_v1,0,0,0,0,0,1,0,0
Your free trial converts to Premium at Rs. 149/month,sneaking,sneaking,en,label,checkbox,[TAG=label] [ROLE=checkbox] Your free trial converts to Premium at Rs. 149/month,sneaking:en:04,synthetic_v1,0,0,0,0,0,1,0,0
Delivery to Indore costs an extra Rs. 999,sneaking,sneaking,en,p,fine_print,[TAG=p] [ROLE=fine_print] Delivery to Indore costs an extra Rs. 999,sneaking:en:18,synthetic_v1,0,0,0,0,0,1,0,0
OkDam बाट पानीको बोतल बीमा पहिले नै छनोट (रु. 799),sneaking,sneaking,ne,p,fine_print,[TAG=p] [ROLE=fine_print] OkDam बाट पानीको बोतल बीमा पहिले नै छनोट (रु. 799),sneaking:ne:19,synthetic_v1,0,0,0,0,0,1,0,0
"water bottle insurance from Daraz pre-selected (Rs. 2,999)",sneaking,sneaking,en,p,fine_print,"[TAG=p] [ROLE=fine_print] water bottle insurance from Daraz pre-selected (Rs. 2,999)",sneaking:en:19,synthetic_v1,0,0,0,0,0,1,0,0
Pro membership from Flipkart added — Rs. 349/month,sneaking,sneaking,en,p,fine_print,[TAG=p] [ROLE=fine_print] Pro membership from Flipkart added — Rs. 349/month,sneaking:en:17,synthetic_v1,0,0,0,0,0,1,0,0
"प्याकेजिङ शुल्क रु. 1,199 भुक्तानीमा देखिनेछ",sneaking,sneaking,ne,span,line_item,"[TAG=span] [ROLE=line_item] प्याकेजिङ शुल्क रु. 1,199 भुक्तानीमा देखिनेछ",sneaking:ne:15,synthetic_v1,0,0,0,0,0,1,0,0
धनगढी का लागि प्राथमिकता डेलिभरी छनोट (+रु. 699),sneaking,sneaking,ne,label,checkbox,[TAG=label] [ROLE=checkbox] धनगढी का लागि प्राथमिकता डेलिभरी छनोट (+रु. 699),sneaking:ne:23,synthetic_v1,0,0,0,0,0,1,0,0
ललितपुर डेलिभरीमा रु. 299 ह्यान्डलिङ शुल्क,sneaking,sneaking,ne,span,line_item,[TAG=span] [ROLE=line_item] ललितपुर डेलिभरीमा रु. 299 ह्यान्डलिङ शुल्क,sneaking:ne:13,synthetic_v1,0,0,0,0,0,1,0,0
SastoDeal service fee of Rs. 999 added to your coffee maker order,sneaking,sneaking,en,span,line_item,[TAG=span] [ROLE=line_item] SastoDeal service fee of Rs. 999 added to your coffee maker order,sneaking:en:16,synthetic_v1,0,0,0,0,0,1,0,0
"ललितपुर डेलिभरीमा थप रु. 1,199",sneaking,sneaking,ne,label,checkbox,"[TAG=label] [ROLE=checkbox] ललितपुर डेलिभरीमा थप रु. 1,199",sneaking:ne:18,synthetic_v1,0,0,0,0,0,1,0,0
Priority delivery to Lalitpur selected (+Rs. 999),sneaking,sneaking,en,span,line_item,[TAG=span] [ROLE=line_item] Priority delivery to Lalitpur selected (+Rs. 999),sneaking:en:23,synthetic_v1,0,0,0,0,0,1,0,0
स्मार्टवॉच का बीमा आपके लिए चुना गया,sneaking,sneaking,hi,span,line_item,[TAG=span] [ROLE=line_item] स्मार्टवॉच का बीमा आपके लिए चुना गया,sneaking:hi:07,synthetic_v1,0,0,0,0,0,1,0,0
धरान अर्डरमा रु. 149 प्याकेजिङ शुल्क,sneaking,sneaking,ne,p,fine_print,[TAG=p] [ROLE=fine_print] धरान अर्डरमा रु. 149 प्याकेजिङ शुल्क,sneaking:ne:20,synthetic_v1,0,0,0,0,0,1,0,0
रु. 299 सेवा शुल्क लागू,sneaking,sneaking,ne,label,checkbox,[TAG=label] [ROLE=checkbox] रु. 299 सेवा शुल्क लागू,sneaking:ne:03,synthetic_v1,0,0,0,0,0,1,0,0
"चितवन डेलिभरीमा रु. 1,999 ह्यान्डलिङ शुल्क",sneaking,sneaking,ne,span,line_item,"[TAG=span] [ROLE=line_item] चितवन डेलिभरीमा रु. 1,999 ह्यान्डलिङ शुल्क",sneaking:ne:13,synthetic_v1,0,0,0,0,0,1,0,0
Amazon अर्डरमा रु. 899 दान थपियो,sneaking,sneaking,ne,label,checkbox,[TAG=label] [ROLE=checkbox] Amazon अर्डरमा रु. 899 दान थपियो,sneaking:ne:22,synthetic_v1,0,0,0,0,0,1,0,0
Priority delivery to Lalitpur selected (+Rs. 199),sneaking,sneaking,en,p,fine_print,[TAG=p] [ROLE=fine_print] Priority delivery to Lalitpur selected (+Rs. 199),sneaking:en:23,synthetic_v1,0,0,0,0,0,1,0,0
4 महीने की प्लस सदस्यता शामिल,sneaking,sneaking,hi,label,checkbox,[TAG=label] [ROLE=checkbox] 4 महीने की प्लस सदस्यता शामिल,sneaking:hi:10,synthetic_v1,0,0,0,0,0,1,0,0
तपाईंको स्मार्टवाच अर्डरमा प्राइम सदस्यता थपियो,sneaking,sneaking,ne,label,checkbox,[TAG=label] [ROLE=checkbox] तपाईंको स्मार्टवाच अर्डरमा प्राइम सदस्यता थपियो,sneaking:ne:14,synthetic_v1,0,0,0,0,0,1,0,0
"तपाईंको Zepto प्रो ट्रायल रु. 2,499 मा नवीकरण हुनेछ",sneaking,sneaking,ne,p,fine_print,"[TAG=p] [ROLE=fine_print] तपाईंको Zepto प्रो ट्रायल रु. 2,499 मा नवीकरण हुनेछ",sneaking:ne:21,synthetic_v1,0,0,0,0,0,1,0,0
डेनिम जींस का बीमा आपके लिए चुना गया,sneaking,sneaking,hi,span,line_item,[TAG=span] [ROLE=line_item] डेनिम जींस का बीमा आपके लिए चुना गया,sneaking:hi:07,synthetic_v1,0,0,0,0,0,1,0,0
आपके ट्रेकिंग जैकेट ऑर्डर में प्रो सदस्यता जोड़ी गई,sneaking,sneaking,hi,span,line_item,[TAG=span] [ROLE=line_item] आपके ट्रेकिंग जैकेट ऑर्डर में प्रो सदस्यता जोड़ी गई,sneaking:hi:14,synthetic_v1,0,0,0,0,0,1,0,0
"रु. 2,499 सेवा शुल्क लागू",sneaking,sneaking,hi,p,fine_print,"[TAG=p] [ROLE=fine_print] रु. 2,499 सेवा शुल्क लागू",sneaking:hi:03,synthetic_v1,0,0,0,0,0,1,0,0
ललितपुर अर्डरमा रु. 149 प्याकेजिङ शुल्क,sneaking,sneaking,ne,span,line_item,[TAG=span] [ROLE=line_item] ललितपुर अर्डरमा रु. 149 प्याकेजिङ शुल्क,sneaking:ne:20,synthetic_v1,0,0,0,0,0,1,0,0
अंतिम चरण में अतिरिक्त शुल्क लग सकता है,sneaking,sneaking,hi,p,fine_print,[TAG=p] [ROLE=fine_print] अंतिम चरण में अतिरिक्त शुल्क लग सकता है,sneaking:hi:11,synthetic_v1,0,0,0,0,0,1,0,0
Salesberry सेवा शुल्क रु. 899 आपके नॉइज़ कैंसलिंग हेडफोन ऑर्डर में जोड़ा गया,sneaking,sneaking,hi,label,checkbox,[TAG=label] [ROLE=checkbox] Salesberry सेवा शुल्क रु. 899 आपके नॉइज़ कैंसलिंग हेडफोन ऑर्डर में जोड़ा गया,sneaking:hi:16,synthetic_v1,0,0,0,0,0,1,0,0
आपके रनिंग शूज़ ऑर्डर में प्राइम सदस्यता जोड़ी गई,sneaking,sneaking,hi,span,line_item,[TAG=span] [ROLE=line_item] आपके रनिंग शूज़ ऑर्डर में प्राइम सदस्यता जोड़ी गई,sneaking:hi:14,synthetic_v1,0,0,0,0,0,1,0,0
फ्री ट्रायल के बाद प्राइम रु. 299/महीना हो जाएगा,sneaking,sneaking,hi,p,fine_print,[TAG=p] [ROLE=fine_print] फ्री ट्रायल के बाद प्राइम रु. 299/महीना हो जाएगा,sneaking:hi:04,synthetic_v1,0,0,0,0,0,1,0,0
Pepperfry बाट ब्लुटुथ स्पिकर बीमा पहिले नै छनोट (रु. 249),sneaking,sneaking,ne,span,line_item,[TAG=span] [ROLE=line_item] Pepperfry बाट ब्लुटुथ स्पिकर बीमा पहिले नै छनोट (रु. 249),sneaking:ne:19,synthetic_v1,0,0,0,0,0,1,0,0
प्राथमिकता डिलीवरी पहले से चुनी गई (+रु. 99),sneaking,sneaking,hi,span,line_item,[TAG=span] [ROLE=line_item] प्राथमिकता डिलीवरी पहले से चुनी गई (+रु. 99),sneaking:hi:09,synthetic_v1,0,0,0,0,0,1,0,0
Rs. 199 packaging charge applies for Delhi orders,sneaking,sneaking,en,p,fine_print,[TAG=p] [ROLE=fine_print] Rs. 199 packaging charge applies for Delhi orders,sneaking:en:20,synthetic_v1,0,0,0,0,0,1,0,0
भोपाल के लिए प्राथमिकता डिलीवरी चुनी गई (+रु. 599),sneaking,sneaking,hi,span,line_item,[TAG=span] [ROLE=line_item] भोपाल के लिए प्राथमिकता डिलीवरी चुनी गई (+रु. 599),sneaking:hi:23,synthetic_v1,0,0,0,0,0,1,0,0
"तपाईंको Gyapu गोल्ड ट्रायल रु. 1,499 मा नवीकरण हुनेछ",sneaking,sneaking,ne,p,fine_print,"[TAG=p] [ROLE=fine_print] तपाईंको Gyapu गोल्ड ट्रायल रु. 1,499 मा नवीकरण हुनेछ",sneaking:ne:21,synthetic_v1,0,0,0,0,0,1,0,0
"Rs. 1,999 packaging charge applies for Pokhara orders",sneaking,sneaking,en,span,line_item,"[TAG=span] [ROLE=line_item] Rs. 1,999 packaging charge applies for Pokhara orders",sneaking:en:20,synthetic_v1,0,0,0,0,0,1,0,0
पोखरा डेलिभरीमा थप रु. 499,sneaking,sneaking,ne,p,fine_print,[TAG=p] [ROLE=fine_print] पोखरा डेलिभरीमा थप रु. 499,sneaking:ne:18,synthetic_v1,0,0,0,0,0,1,0,0
भोपाल डिलीवरी पर रु. 699 हैंडलिंग शुल्क,sneaking,sneaking,hi,p,fine_print,[TAG=p] [ROLE=fine_print] भोपाल डिलीवरी पर रु. 699 हैंडलिंग शुल्क,sneaking:hi:13,synthetic_v1,0,0,0,0,0,1,0,0
फ्री ट्रायल के बाद गोल्ड रु. 449/महीना हो जाएगा,sneaking,sneaking,hi,label,checkbox,[TAG=label] [ROLE=checkbox] फ्री ट्रायल के बाद गोल्ड रु. 449/महीना हो जाएगा,sneaking:hi:04,synthetic_v1,0,0,0,0,0,1,0,0
कानपुर डिलीवरी पर अतिरिक्त रु. 199,sneaking,sneaking,hi,label,checkbox,[TAG=label] [ROLE=checkbox] कानपुर डिलीवरी पर अतिरिक्त रु. 199,sneaking:hi:18,synthetic_v1,0,0,0,0,0,1,0,0
Your free trial converts to Gold at Rs. 149/month,sneaking,sneaking,en,p,fine_print,[TAG=p] [ROLE=fine_print] Your free trial converts to Gold at Rs. 149/month,sneaking:en:04,synthetic_v1,0,0,0,0,0,1,0,0
"जनकपुर का लागि प्राथमिकता डेलिभरी छनोट (+रु. 1,499)",sneaking,sneaking,ne,span,line_item,"[TAG=span] [ROLE=line_item] जनकपुर का लागि प्राथमिकता डेलिभरी छनोट (+रु. 1,499)",sneaking:ne:23,synthetic_v1,0,0,0,0,0,1,0,0
जारी राखेमा हरेक महिना रु. 149 शुल्क लाग्नेछ,sneaking,sneaking,ne,label,checkbox,[TAG=label] [ROLE=checkbox] जारी राखेमा हरेक महिना रु. 149 शुल्क लाग्नेछ,sneaking:ne:01,synthetic_v1,0,0,0,0,0,1,0,0
Thulo सेवा शुल्क रु. 449 तपाईंको स्पोर्ट्स चप्पल अर्डरमा थपियो,sneaking,sneaking,ne,span,line_item,[TAG=span] [ROLE=line_item] Thulo सेवा शुल्क रु. 449 तपाईंको स्पोर्ट्स चप्पल अर्डरमा थपियो,sneaking:ne:16,synthetic_v1,0,0,0,0,0,1,0,0
Delivery to Delhi costs an extra Rs. 199,sneaking,sneaking,en,span,line_item,[TAG=span] [ROLE=line_item] Delivery to Delhi costs an extra Rs. 199,sneaking:en:18,synthetic_v1,0,0,0,0,0,1,0,0
भक्तपुर डेलिभरीमा रु. 699 ह्यान्डलिङ शुल्क,sneaking,sneaking,ne,label,checkbox,[TAG=label] [ROLE=checkbox] भक्तपुर डेलिभरीमा रु. 699 ह्यान्डलिङ शुल्क,sneaking:ne:13,synthetic_v1,0,0,0,0,0,1,0,0
Your free trial converts to Premium at Rs. 249/month,sneaking,sneaking,en,span,line_item,[TAG=span] [ROLE=line_item] Your free trial converts to Premium at Rs. 249/month,sneaking:en:04,synthetic_v1,0,0,0,0,0,1,0,0
सुविधा शुल्क रु. 999 समावेश,sneaking,sneaking,ne,span,line_item,[TAG=span] [ROLE=line_item] सुविधा शुल्क रु. 999 समावेश,sneaking:ne:05,synthetic_v1,0,0,0,0,0,1,0,0
Priority delivery to Patna selected (+Rs. 99),sneaking,sneaking,en,span,line_item,[TAG=span] [ROLE=line_item] Priority delivery to Patna selected (+Rs. 99),sneaking:en:23,synthetic_v1,0,0,0,0,0,1,0,0
जारी रखने पर हर महीने रु. 399 शुल्क लगेगा,sneaking,sneaking,hi,label,checkbox,[TAG=label] [ROLE=checkbox] जारी रखने पर हर महीने रु. 399 शुल्क लगेगा,sneaking:hi:01,synthetic_v1,0,0,0,0,0,1,0,0
तपाईंको Pepperfry प्रिमियम ट्रायल रु. 49 मा नवीकरण हुनेछ,sneaking,sneaking,ne,label,checkbox,[TAG=label] [ROLE=checkbox] तपाईंको Pepperfry प्रिमियम ट्रायल रु. 49 मा नवीकरण हुनेछ,sneaking:ne:21,synthetic_v1,0,0,0,0,0,1,0,0
"फ्री ट्रायल के बाद गोल्ड रु. 1,999/महीना हो जाएगा",sneaking,sneaking,hi,label,checkbox,"[TAG=label] [ROLE=checkbox] फ्री ट्रायल के बाद गोल्ड रु. 1,999/महीना हो जाएगा",sneaking:hi:04,synthetic_v1,0,0,0,0,0,1,0,0
Salesberry से योगा मैट बीमा पहले से चुना गया (रु. 49),sneaking,sneaking,hi,p,fine_print,[TAG=p] [ROLE=fine_print] Salesberry से योगा मैट बीमा पहले से चुना गया (रु. 49),sneaking:hi:19,synthetic_v1,0,0,0,0,0,1,0,0
आपके फेस वॉश ऑर्डर में प्रीमियम सदस्यता जोड़ी गई,sneaking,sneaking,hi,label,checkbox,[TAG=label] [ROLE=checkbox] आपके फेस वॉश ऑर्डर में प्रीमियम सदस्यता जोड़ी गई,sneaking:hi:14,synthetic_v1,0,0,0,0,0,1,0,0
Packaging fee Rs. 999 will be shown at payment,sneaking,sneaking,en,p,fine_print,[TAG=p] [ROLE=fine_print] Packaging fee Rs. 999 will be shown at payment,sneaking:en:15,synthetic_v1,0,0,0,0,0,1,0,0
bluetooth speaker insurance from Blinkit pre-selected (Rs. 699),sneaking,sneaking,en,p,fine_print,[TAG=p] [ROLE=fine_print] bluetooth speaker insurance from Blinkit pre-selected (Rs. 699),sneaking:en:19,synthetic_v1,0,0,0,0,0,1,0,0
Rs. 399 packaging charge applies for Kolkata orders,sneaking,sneaking,en,label,checkbox,[TAG=label] [ROLE=checkbox] Rs. 399 packaging charge applies for Kolkata orders,sneaking:en:20,synthetic_v1,0,0,0,0,0,1,0,0
Salesberry सेवा शुल्क रु. 699 आपके ट्रेकिंग जैकेट ऑर्डर में जोड़ा गया,sneaking,sneaking,hi,p,fine_print,[TAG=p] [ROLE=fine_print] Salesberry सेवा शुल्क रु. 699 आपके ट्रेकिंग जैकेट ऑर्डर में जोड़ा गया,sneaking:hi:16,synthetic_v1,0,0,0,0,0,1,0,0
स्टडी लैंप का बीमा आपके लिए चुना गया,sneaking,sneaking,hi,span,line_item,[TAG=span] [ROLE=line_item] स्टडी लैंप का बीमा आपके लिए चुना गया,sneaking:hi:07,synthetic_v1,0,0,0,0,0,1,0,0
जारी राखेमा हरेक महिना रु. 299 शुल्क लाग्नेछ,sneaking,sneaking,ne,p,fine_print,[TAG=p] [ROLE=fine_print] जारी राखेमा हरेक महिना रु. 299 शुल्क लाग्नेछ,sneaking:ne:01,synthetic_v1,0,0,0,0,0,1,0,0
Priority delivery to Pokhara selected (+Rs. 99),sneaking,sneaking,en,span,line_item,[TAG=span] [ROLE=line_item] Priority delivery to Pokhara selected (+Rs. 99),sneaking:en:23,synthetic_v1,0,0,0,0,0,1,0,0
Pro membership added to your induction cooktop order,sneaking,sneaking,en,span,line_item,[TAG=span] [ROLE=line_item] Pro membership added to your induction cooktop order,sneaking:en:14,synthetic_v1,0,0,0,0,0,1,0,0
फ्री ट्रायल के बाद गोल्ड रु. 999/महीना हो जाएगा,sneaking,sneaking,hi,span,line_item,[TAG=span] [ROLE=line_item] फ्री ट्रायल के बाद गोल्ड रु. 999/महीना हो जाएगा,sneaking:hi:04,synthetic_v1,0,0,0,0,0,1,0,0
आपका Amazon गोल्ड ट्रायल रु. 699 पर रिन्यू होगा,sneaking,sneaking,hi,label,checkbox,[TAG=label] [ROLE=checkbox] आपका Amazon गोल्ड ट्रायल रु. 699 पर रिन्यू होगा,sneaking:hi:21,synthetic_v1,0,0,0,0,0,1,0,0
Gyapu सेवा शुल्क रु. 199 आपके इंडक्शन चूल्हा ऑर्डर में जोड़ा गया,sneaking,sneaking,hi,p,fine_print,[TAG=p] [ROLE=fine_print] Gyapu सेवा शुल्क रु. 199 आपके इंडक्शन चूल्हा ऑर्डर में जोड़ा गया,sneaking:hi:16,synthetic_v1,0,0,0,0,0,1,0,0
"Meesho सेवा शुल्क रु. 2,999 तपाईंको कफी मेकर अर्डरमा थपियो",sneaking,sneaking,ne,span,line_item,"[TAG=span] [ROLE=line_item] Meesho सेवा शुल्क रु. 2,999 तपाईंको कफी मेकर अर्डरमा थपियो",sneaking:ne:16,synthetic_v1,0,0,0,0,0,1,0,0
हिउँदको ब्ल्याङ्केट को बीमा तपाईंका लागि छनोट गरियो,sneaking,sneaking,ne,span,line_item,[TAG=span] [ROLE=line_item] हिउँदको ब्ल्याङ्केट को बीमा तपाईंका लागि छनोट गरियो,sneaking:ne:07,synthetic_v1,0,0,0,0,0,1,0,0
रु. 399 सेवा शुल्क लागू,sneaking,sneaking,hi,p,fine_print,[TAG=p] [ROLE=fine_print] रु. 399 सेवा शुल्क लागू,sneaking:hi:03,synthetic_v1,0,0,0,0,0,1,0,0
पोखरा का लागि प्राथमिकता डेलिभरी छनोट (+रु. 349),sneaking,sneaking,ne,p,fine_print,[TAG=p] [ROLE=fine_print] पोखरा का लागि प्राथमिकता डेलिभरी छनोट (+रु. 349),sneaking:ne:23,synthetic_v1,0,0,0,0,0,1,0,0
Snapdeal service fee of Rs. 499 added to your phone case order,sneaking,sneaking,en,label,checkbox,[TAG=label] [ROLE=checkbox] Snapdeal service fee of Rs. 499 added to your phone case order,sneaking:en:16,synthetic_v1,0,0,0,0,0,1,0,0
तपाईंको Amazon प्लस ट्रायल रु. 899 मा नवीकरण हुनेछ,sneaking,sneaking,ne,p,fine_print,[TAG=p] [ROLE=fine_print] तपाईंको Amazon प्लस ट्रायल रु. 899 मा नवीकरण हुनेछ,sneaking:ne:21,synthetic_v1,0,0,0,0,0,1,0,0
Delivery to Butwal costs an extra Rs. 299,sneaking,sneaking,en,span,line_item,[TAG=span] [ROLE=line_item] Delivery to Butwal costs an extra Rs. 299,sneaking:en:18,synthetic_v1,0,0,0,0,0,1,0,0
Prime membership added to your sunglasses order,sneaking,sneaking,en,p,fine_print,[TAG=p] [ROLE=fine_print] Prime membership added to your sunglasses order,sneaking:en:14,synthetic_v1,0,0,0,0,0,1,0,0
चेकआउट पर रु. 199 शिपिंग शुल्क जोड़ा गया,sneaking,sneaking,hi,p,fine_print,[TAG=p] [ROLE=fine_print] चेकआउट पर रु. 199 शिपिंग शुल्क जोड़ा गया,sneaking:hi:00,synthetic_v1,0,0,0,0,0,1,0,0
हेटौंडा का लागि प्राथमिकता डेलिभरी छनोट (+रु. 899),sneaking,sneaking,ne,label,checkbox,[TAG=label] [ROLE=checkbox] हेटौंडा का लागि प्राथमिकता डेलिभरी छनोट (+रु. 899),sneaking:ne:23,synthetic_v1,0,0,0,0,0,1,0,0
Delivery to Dharan costs an extra Rs. 899,sneaking,sneaking,en,label,checkbox,[TAG=label] [ROLE=checkbox] Delivery to Dharan costs an extra Rs. 899,sneaking:en:18,synthetic_v1,0,0,0,0,0,1,0,0
Pro membership added to your air fryer order,sneaking,sneaking,en,p,fine_print,[TAG=p] [ROLE=fine_print] Pro membership added to your air fryer order,sneaking:en:14,synthetic_v1,0,0,0,0,0,1,0,0
Service fee of Rs. 99 applied,sneaking,sneaking,en,span,line_item,[TAG=span] [ROLE=line_item] Service fee of Rs. 99 applied,sneaking:en:03,synthetic_v1,0,0,0,0,0,1,0,0
Zepto service fee of Rs. 449 added to your air fryer order,sneaking,sneaking,en,label,checkbox,[TAG=label] [ROLE=checkbox] Zepto service fee of Rs. 449 added to your air fryer order,sneaking:en:16,synthetic_v1,0,0,0,0,0,1,0,0
दमक अर्डरमा रु. 349 प्याकेजिङ शुल्क,sneaking,sneaking,ne,label,checkbox,[TAG=label] [ROLE=checkbox] दमक अर्डरमा रु. 349 प्याकेजिङ शुल्क,sneaking:ne:20,synthetic_v1,0,0,0,0,0,1,0,0
Includes a 3-month Plus subscription,sneaking,sneaking,en,p,fine_print,[TAG=p] [ROLE=fine_print] Includes a 3-month Plus subscription,sneaking:en:10,synthetic_v1,0,0,0,0,0,1,0,0
"Amazon सेवा शुल्क रु. 2,999 आपके कॉफी मेकर ऑर्डर में जोड़ा गया",sneaking,sneaking,hi,p,fine_print,"[TAG=p] [ROLE=fine_print] Amazon सेवा शुल्क रु. 2,999 आपके कॉफी मेकर ऑर्डर में जोड़ा गया",sneaking:hi:16,synthetic_v1,0,0,0,0,0,1,0,0
Plus membership added to your smartwatch order,sneaking,sneaking,en,p,fine_print,[TAG=p] [ROLE=fine_print] Plus membership added to your smartwatch order,sneaking:en:14,synthetic_v1,0,0,0,0,0,1,0,0
Handling charge of Rs. 99 for Nepalgunj deliveries,sneaking,sneaking,en,span,line_item,[TAG=span] [ROLE=line_item] Handling charge of Rs. 99 for Nepalgunj deliveries,sneaking:en:13,synthetic_v1,0,0,0,0,0,1,0,0
Priority delivery to Biratnagar selected (+Rs. 499),sneaking,sneaking,en,p,fine_print,[TAG=p] [ROLE=fine_print] Priority delivery to Biratnagar selected (+Rs. 499),sneaking:en:23,synthetic_v1,0,0,0,0,0,1,0,0
वाराणसी के लिए प्राथमिकता डिलीवरी चुनी गई (+रु. 349),sneaking,sneaking,hi,p,fine_print,[TAG=p] [ROLE=fine_print] वाराणसी के लिए प्राथमिकता डिलीवरी चुनी गई (+रु. 349),sneaking:hi:23,synthetic_v1,0,0,0,0,0,1,0,0
Packaging fee Rs. 599 will be shown at payment,sneaking,sneaking,en,p,fine_print,[TAG=p] [ROLE=fine_print] Packaging fee Rs. 599 will be shown at payment,sneaking:en:15,synthetic_v1,0,0,0,0,0,1,0,0
"चेकआउट पर रु. 1,499 शिपिंग शुल्क जोड़ा गया",sneaking,sneaking,hi,label,checkbox,"[TAG=label] [ROLE=checkbox] चेकआउट पर रु. 1,499 शिपिंग शुल्क जोड़ा गया",sneaking:hi:00,synthetic_v1,0,0,0,0,0,1,0,0
बेंगलुरु के लिए प्राथमिकता डिलीवरी चुनी गई (+रु. 299),sneaking,sneaking,hi,label,checkbox,[TAG=label] [ROLE=checkbox] बेंगलुरु के लिए प्राथमिकता डिलीवरी चुनी गई (+रु. 299),sneaking:hi:23,synthetic_v1,0,0,0,0,0,1,0,0
Insurance for office chair selected for you,sneaking,sneaking,en,label,checkbox,[TAG=label] [ROLE=checkbox] Insurance for office chair selected for you,sneaking:en:07,synthetic_v1,0,0,0,0,0,1,0,0
"जनकपुर का लागि प्राथमिकता डेलिभरी छनोट (+रु. 2,999)",sneaking,sneaking,ne,p,fine_print,"[TAG=p] [ROLE=fine_print] जनकपुर का लागि प्राथमिकता डेलिभरी छनोट (+रु. 2,999)",sneaking:ne:23,synthetic_v1,0,0,0,0,0,1,0,0
"पैकेजिंग शुल्क रु. 1,499 भुगतान पर दिखेगा",sneaking,sneaking,hi,span,line_item,"[TAG=span] [ROLE=line_item] पैकेजिंग शुल्क रु. 1,499 भुगतान पर दिखेगा",sneaking:hi:15,synthetic_v1,0,0,0,0,0,1,0,0
रांची ऑर्डर पर रु. 499 पैकेजिंग शुल्क,sneaking,sneaking,hi,span,line_item,[TAG=span] [ROLE=line_item] रांची ऑर्डर पर रु. 499 पैकेजिंग शुल्क,sneaking:hi:20,synthetic_v1,0,0,0,0,0,1,0,0
Handling charge of Rs. 899 for Bhaktapur deliveries,sneaking,sneaking,en,p,fine_print,[TAG=p] [ROLE=fine_print] Handling charge of Rs. 899 for Bhaktapur deliveries,sneaking:en:13,synthetic_v1,0,0,0,0,0,1,0,0
Pro membership from Ajio added — Rs. 49/month,sneaking,sneaking,en,p,fine_print,[TAG=p] [ROLE=fine_print] Pro membership from Ajio added — Rs. 49/month,sneaking:en:17,synthetic_v1,0,0,0,0,0,1,0,0
सुविधा शुल्क रु. 899 समावेश,sneaking,sneaking,ne,p,fine_print,[TAG=p] [ROLE=fine_print] सुविधा शुल्क रु. 899 समावेश,sneaking:ne:05,synthetic_v1,0,0,0,0,0,1,0,0
Handling charge of Rs. 49 for Kolkata deliveries,sneaking,sneaking,en,span,line_item,[TAG=span] [ROLE=line_item] Handling charge of Rs. 49 for Kolkata deliveries,sneaking:en:13,synthetic_v1,0,0,0,0,0,1,0,0
तपाईंको फोन कभर अर्डरमा प्लस सदस्यता थपियो,sneaking,sneaking,ne,p,fine_print,[TAG=p] [ROLE=fine_print] तपाईंको फोन कभर अर्डरमा प्लस सदस्यता थपियो,sneaking:ne:14,synthetic_v1,0,0,0,0,0,1,0,0
Handling charge of Rs. 49 for Nepalgunj deliveries,sneaking,sneaking,en,label,checkbox,[TAG=label] [ROLE=checkbox] Handling charge of Rs. 49 for Nepalgunj deliveries,sneaking:en:13,synthetic_v1,0,0,0,0,0,1,0,0
आपके फोन कवर ऑर्डर में प्राइम सदस्यता जोड़ी गई,sneaking,sneaking,hi,p,fine_print,[TAG=p] [ROLE=fine_print] आपके फोन कवर ऑर्डर में प्राइम सदस्यता जोड़ी गई,sneaking:hi:14,synthetic_v1,0,0,0,0,0,1,0,0
Your free trial converts to Prime at Rs. 49/month,sneaking,sneaking,en,label,checkbox,[TAG=label] [ROLE=checkbox] Your free trial converts to Prime at Rs. 49/month,sneaking:en:04,synthetic_v1,0,0,0,0,0,1,0,0
Myntra सेवा शुल्क रु. 899 तपाईंको स्पोर्ट्स चप्पल अर्डरमा थपियो,sneaking,sneaking,ne,label,checkbox,[TAG=label] [ROLE=checkbox] Myntra सेवा शुल्क रु. 899 तपाईंको स्पोर्ट्स चप्पल अर्डरमा थपियो,sneaking:ne:16,synthetic_v1,0,0,0,0,0,1,0,0
8 महीने की प्लस सदस्यता शामिल,sneaking,sneaking,hi,span,line_item,[TAG=span] [ROLE=line_item] 8 महीने की प्लस सदस्यता शामिल,sneaking:hi:10,synthetic_v1,0,0,0,0,0,1,0,0
Priority delivery to Kathmandu selected (+Rs. 149),sneaking,sneaking,en,p,fine_print,[TAG=p] [ROLE=fine_print] Priority delivery to Kathmandu selected (+Rs. 149),sneaking:en:23,synthetic_v1,0,0,0,0,0,1,0,0
Tata Cliq सेवा शुल्क रु. 799 आपके प्रोटीन पाउडर ऑर्डर में जोड़ा गया,sneaking,sneaking,hi,label,checkbox,[TAG=label] [ROLE=checkbox] Tata Cliq सेवा शुल्क रु. 799 आपके प्रोटीन पाउडर ऑर्डर में जोड़ा गया,sneaking:hi:16,synthetic_v1,0,0,0,0,0,1,0,0
"सुर्खेत अर्डरमा रु. 2,499 प्याकेजिङ शुल्क",sneaking,sneaking,ne,label,checkbox,"[TAG=label] [ROLE=checkbox] सुर्खेत अर्डरमा रु. 2,499 प्याकेजिङ शुल्क",sneaking:ne:20,synthetic_v1,0,0,0,0,0,1,0,0
हैदराबाद डिलीवरी पर अतिरिक्त रु. 149,sneaking,sneaking,hi,p,fine_print,[TAG=p] [ROLE=fine_print] हैदराबाद डिलीवरी पर अतिरिक्त रु. 149,sneaking:hi:18,synthetic_v1,0,0,0,0,0,1,0,0
तपाईंको Thulo प्रिमियम ट्रायल रु. 499 मा नवीकरण हुनेछ,sneaking,sneaking,ne,p,fine_print,[TAG=p] [ROLE=fine_print] तपाईंको Thulo प्रिमियम ट्रायल रु. 499 मा नवीकरण हुनेछ,sneaking:ne:21,synthetic_v1,0,0,0,0,0,1,0,0
फ्री ट्रायल के बाद प्लस रु. 599/महीना हो जाएगा,sneaking,sneaking,hi,span,line_item,[TAG=span] [ROLE=line_item] फ्री ट्रायल के बाद प्लस रु. 599/महीना हो जाएगा,sneaking:hi:04,synthetic_v1,0,0,0,0,0,1,0,0
फ्री ट्रायल के बाद गोल्ड रु. 149/महीना हो जाएगा,sneaking,sneaking,hi,span,line_item,[TAG=span] [ROLE=line_item] फ्री ट्रायल के बाद गोल्ड रु. 149/महीना हो जाएगा,sneaking:hi:04,synthetic_v1,0,0,0,0,0,1,0,0
Priority delivery to Mumbai selected (+Rs. 899),sneaking,sneaking,en,label,checkbox,[TAG=label] [ROLE=checkbox] Priority delivery to Mumbai selected (+Rs. 899),sneaking:en:23,synthetic_v1,0,0,0,0,0,1,0,0
7 महिनाको प्रो सदस्यता समावेश,sneaking,sneaking,ne,label,checkbox,[TAG=label] [ROLE=checkbox] 7 महिनाको प्रो सदस्यता समावेश,sneaking:ne:10,synthetic_v1,0,0,0,0,0,1,0,0
"सुर्खेत का लागि प्राथमिकता डेलिभरी छनोट (+रु. 1,499)",sneaking,sneaking,ne,p,fine_print,"[TAG=p] [ROLE=fine_print] सुर्खेत का लागि प्राथमिकता डेलिभरी छनोट (+रु. 1,499)",sneaking:ne:23,synthetic_v1,0,0,0,0,0,1,0,0
Pepperfry service fee of Rs. 599 added to your power bank order,sneaking,sneaking,en,p,fine_print,[TAG=p] [ROLE=fine_print] Pepperfry service fee of Rs. 599 added to your power bank order,sneaking:en:16,synthetic_v1,0,0,0,0,0,1,0,0
आपके कॉटन कुर्ता ऑर्डर में प्रो सदस्यता जोड़ी गई,sneaking,sneaking,hi,label,checkbox,[TAG=label] [ROLE=checkbox] आपके कॉटन कुर्ता ऑर्डर में प्रो सदस्यता जोड़ी गई,sneaking:hi:14,synthetic_v1,0,0,0,0,0,1,0,0
निःशुल्क ट्रायलपछि प्रो रु. 799/महिना हुनेछ,sneaking,sneaking,ne,span,line_item,[TAG=span] [ROLE=line_item] निःशुल्क ट्रायलपछि प्रो रु. 799/महिना हुनेछ,sneaking:ne:04,synthetic_v1,0,0,0,0,0,1,0,0
Your free trial converts to Plus at Rs. 399/month,sneaking,sneaking,en,span,line_item,[TAG=span] [ROLE=line_item] Your free trial converts to Plus at Rs. 399/month,sneaking:en:04,synthetic_v1,0,0,0,0,0,1,0,0
भक्तपुर अर्डरमा रु. 499 प्याकेजिङ शुल्क,sneaking,sneaking,ne,label,checkbox,[TAG=label] [ROLE=checkbox] भक्तपुर अर्डरमा रु. 499 प्याकेजिङ शुल्क,sneaking:ne:20,synthetic_v1,0,0,0,0,0,1,0,0
Premium membership from Salesberry added — Rs. 799/month,sneaking,sneaking,en,label,checkbox,[TAG=label] [ROLE=checkbox] Premium membership from Salesberry added — Rs. 799/month,sneaking:en:17,synthetic_v1,0,0,0,0,0,1,0,0
"Convenience fee of Rs. 2,499 included",sneaking,sneaking,en,p,fine_print,"[TAG=p] [ROLE=fine_print] Convenience fee of Rs. 2,499 included",sneaking:en:05,synthetic_v1,0,0,0,0,0,1,0,0
फ्री ट्रायल के बाद प्लस रु. 49/महीना हो जाएगा,sneaking,sneaking,hi,label,checkbox,[TAG=label] [ROLE=checkbox] फ्री ट्रायल के बाद प्लस रु. 49/महीना हो जाएगा,sneaking:hi:04,synthetic_v1,0,0,0,0,0,1,0,0
Meesho सेवा शुल्क रु. 899 तपाईंको हिउँदको ब्ल्याङ्केट अर्डरमा थपियो,sneaking,sneaking,ne,span,line_item,[TAG=span] [ROLE=line_item] Meesho सेवा शुल्क रु. 899 तपाईंको हिउँदको ब्ल्याङ्केट अर्डरमा थपियो,sneaking:ne:16,synthetic_v1,0,0,0,0,0,1,0,0
Your JioMart Gold trial renews at Rs. 999,sneaking,sneaking,en,p,fine_print,[TAG=p] [ROLE=fine_print] Your JioMart Gold trial renews at Rs. 999,sneaking:en:21,synthetic_v1,0,0,0,0,0,1,0,0
गोरखा का लागि प्राथमिकता डेलिभरी छनोट (+रु. 249),sneaking,sneaking,ne,label,checkbox,[TAG=label] [ROLE=checkbox] गोरखा का लागि प्राथमिकता डेलिभरी छनोट (+रु. 249),sneaking:ne:23,synthetic_v1,0,0,0,0,0,1,0,0
Includes a 6-month Prime subscription,sneaking,sneaking,en,span,line_item,[TAG=span] [ROLE=line_item] Includes a 6-month Prime subscription,sneaking:en:10,synthetic_v1,0,0,0,0,0,1,0,0
8 महिनाको प्राइम सदस्यता समावेश,sneaking,sneaking,ne,p,fine_print,[TAG=p] [ROLE=fine_print] 8 महिनाको प्राइम सदस्यता समावेश,sneaking:ne:10,synthetic_v1,0,0,0,0,0,1,0,0
Croma ऑर्डर में रु. 599 का दान जोड़ा गया,sneaking,sneaking,hi,label,checkbox,[TAG=label] [ROLE=checkbox] Croma ऑर्डर में रु. 599 का दान जोड़ा गया,sneaking:hi:22,synthetic_v1,0,0,0,0,0,1,0,0
Insurance for yoga mat selected for you,sneaking,sneaking,en,label,checkbox,[TAG=label] [ROLE=checkbox] Insurance for yoga mat selected for you,sneaking:en:07,synthetic_v1,0,0,0,0,0,1,0,0
"तपाईंको Reliance Digital प्लस ट्रायल रु. 1,199 मा नवीकरण हुनेछ",sneaking,sneaking,ne,label,checkbox,"[TAG=label] [ROLE=checkbox] तपाईंको Reliance Digital प्लस ट्रायल रु. 1,199 मा नवीकरण हुनेछ",sneaking:ne:21,synthetic_v1,0,0,0,0,0,1,0,0
निःशुल्क ट्रायलपछि प्रिमियम रु. 199/महिना हुनेछ,sneaking,sneaking,ne,p,fine_print,[TAG=p] [ROLE=fine_print] निःशुल्क ट्रायलपछि प्रिमियम रु. 199/महिना हुनेछ,sneaking:ne:04,synthetic_v1,0,0,0,0,0,1,0,0
Muncha अर्डरमा रु. 99 दान थपियो,sneaking,sneaking,ne,label,checkbox,[TAG=label] [ROLE=checkbox] Muncha अर्डरमा रु. 99 दान थपियो,sneaking:ne:22,synthetic_v1,0,0,0,0,0,1,0,0
पुणे डिलीवरी पर अतिरिक्त रु. 999,sneaking,sneaking,hi,span,line_item,[TAG=span] [ROLE=line_item] पुणे डिलीवरी पर अतिरिक्त रु. 999,sneaking:hi:18,synthetic_v1,0,0,0,0,0,1,0,0
आपके ब्लूटूथ स्पीकर ऑर्डर में प्रो सदस्यता जोड़ी गई,sneaking,sneaking,hi,p,fine_print,[TAG=p] [ROLE=fine_print] आपके ब्लूटूथ स्पीकर ऑर्डर में प्रो सदस्यता जोड़ी गई,sneaking:hi:14,synthetic_v1,0,0,0,0,0,1,0,0
Priority delivery pre-selected (+Rs. 99),sneaking,sneaking,en,label,checkbox,[TAG=label] [ROLE=checkbox] Priority delivery pre-selected (+Rs. 99),sneaking:en:09,synthetic_v1,0,0,0,0,0,1,0,0
"BigBasket से प्रोटीन पाउडर बीमा पहले से चुना गया (रु. 2,999)",sneaking,sneaking,hi,span,line_item,"[TAG=span] [ROLE=line_item] BigBasket से प्रोटीन पाउडर बीमा पहले से चुना गया (रु. 2,999)",sneaking:hi:19,synthetic_v1,0,0,0,0,0,1,0,0
2 महिनाको गोल्ड सदस्यता समावेश,sneaking,sneaking,ne,p,fine_print,[TAG=p] [ROLE=fine_print] 2 महिनाको गोल्ड सदस्यता समावेश,sneaking:ne:10,synthetic_v1,0,0,0,0,0,1,0,0
इन्डक्सन चुल्हो को बीमा तपाईंका लागि छनोट गरियो,sneaking,sneaking,ne,label,checkbox,[TAG=label] [ROLE=checkbox] इन्डक्सन चुल्हो को बीमा तपाईंका लागि छनोट गरियो,sneaking:ne:07,synthetic_v1,0,0,0,0,0,1,0,0
"भक्तपुर डेलिभरीमा थप रु. 1,999",sneaking,sneaking,ne,span,line_item,"[TAG=span] [ROLE=line_item] भक्तपुर डेलिभरीमा थप रु. 1,999",sneaking:ne:18,synthetic_v1,0,0,0,0,0,1,0,0
प्राथमिकता डिलीवरी पहले से चुनी गई (+रु. 699),sneaking,sneaking,hi,p,fine_print,[TAG=p] [ROLE=fine_print] प्राथमिकता डिलीवरी पहले से चुनी गई (+रु. 699),sneaking:hi:09,synthetic_v1,0,0,0,0,0,1,0,0
Muncha सेवा शुल्क रु. 899 आपके बैकपैक ऑर्डर में जोड़ा गया,sneaking,sneaking,hi,label,checkbox,[TAG=label] [ROLE=checkbox] Muncha सेवा शुल्क रु. 899 आपके बैकपैक ऑर्डर में जोड़ा गया,sneaking:hi:16,synthetic_v1,0,0,0,0,0,1,0,0
Donation of Rs. 999 added to your Reliance Digital order,sneaking,sneaking,en,p,fine_print,[TAG=p] [ROLE=fine_print] Donation of Rs. 999 added to your Reliance Digital order,sneaking:en:22,synthetic_v1,0,0,0,0,0,1,0,0
हैदराबाद के लिए प्राथमिकता डिलीवरी चुनी गई (+रु. 899),sneaking,sneaking,hi,label,checkbox,[TAG=label] [ROLE=checkbox] हैदराबाद के लिए प्राथमिकता डिलीवरी चुनी गई (+रु. 899),sneaking:hi:23,synthetic_v1,0,0,0,0,0,1,0,0
आपके लैपटॉप बैग ऑर्डर में गोल्ड सदस्यता जोड़ी गई,sneaking,sneaking,hi,label,checkbox,[TAG=label] [ROLE=checkbox] आपके लैपटॉप बैग ऑर्डर में गोल्ड सदस्यता जोड़ी गई,sneaking:hi:14,synthetic_v1,0,0,0,0,0,1,0,0
Tata Cliq service fee of Rs. 249 added to your backpack order,sneaking,sneaking,en,label,checkbox,[TAG=label] [ROLE=checkbox] Tata Cliq service fee of Rs. 249 added to your backpack order,sneaking:en:16,synthetic_v1,0,0,0,0,0,1,0,0
ललितपुर डेलिभरीमा रु. 349 ह्यान्डलिङ शुल्क,sneaking,sneaking,ne,label,checkbox,[TAG=label] [ROLE=checkbox] ललितपुर डेलिभरीमा रु. 349 ह्यान्डलिङ शुल्क,sneaking:ne:13,synthetic_v1,0,0,0,0,0,1,0,0
Ajio को प्राइम सदस्यता थपियो — रु. 599/महिना,sneaking,sneaking,ne,label,checkbox,[TAG=label] [ROLE=checkbox] Ajio को प्राइम सदस्यता थपियो — रु. 599/महिना,sneaking:ne:17,synthetic_v1,0,0,0,0,0,1,0,0
Shipping fee of Rs. 399 added at checkout,sneaking,sneaking,en,span,line_item,[TAG=span] [ROLE=line_item] Shipping fee of Rs. 399 added at checkout,sneaking:en:00,synthetic_v1,0,0,0,0,0,1,0,0
Gold membership from Lenskart added — Rs. 699/month,sneaking,sneaking,en,p,fine_print,[TAG=p] [ROLE=fine_print] Gold membership from Lenskart added — Rs. 699/month,sneaking:en:17,synthetic_v1,0,0,0,0,0,1,0,0
Includes a 2-month Prime subscription,sneaking,sneaking,en,span,line_item,[TAG=span] [ROLE=line_item] Includes a 2-month Prime subscription,sneaking:en:10,synthetic_v1,0,0,0,0,0,1,0,0
Myntra ऑर्डर में रु. 999 का दान जोड़ा गया,sneaking,sneaking,hi,label,checkbox,[TAG=label] [ROLE=checkbox] Myntra ऑर्डर में रु. 999 का दान जोड़ा गया,sneaking:hi:22,synthetic_v1,0,0,0,0,0,1,0,0
ललितपुर का लागि प्राथमिकता डेलिभरी छनोट (+रु. 349),sneaking,sneaking,ne,label,checkbox,[TAG=label] [ROLE=checkbox] ललितपुर का लागि प्राथमिकता डेलिभरी छनोट (+रु. 349),sneaking:ne:23,synthetic_v1,0,0,0,0,0,1,0,0
Pro membership from Gyapu added — Rs. 149/month,sneaking,sneaking,en,label,checkbox,[TAG=label] [ROLE=checkbox] Pro membership from Gyapu added — Rs. 149/month,sneaking:en:17,synthetic_v1,0,0,0,0,0,1,0,0
आपका Meesho प्रो ट्रायल रु. 249 पर रिन्यू होगा,sneaking,sneaking,hi,span,line_item,[TAG=span] [ROLE=line_item] आपका Meesho प्रो ट्रायल रु. 249 पर रिन्यू होगा,sneaking:hi:21,synthetic_v1,0,0,0,0,0,1,0,0
Amazon से पानी की बोतल बीमा पहले से चुना गया (रु. 999),sneaking,sneaking,hi,span,line_item,[TAG=span] [ROLE=line_item] Amazon से पानी की बोतल बीमा पहले से चुना गया (रु. 999),sneaking:hi:19,synthetic_v1,0,0,0,0,0,1,0,0
Handling charge of Rs. 399 for Indore deliveries,sneaking,sneaking,en,p,fine_print,[TAG=p] [ROLE=fine_print] Handling charge of Rs. 399 for Indore deliveries,sneaking:en:13,synthetic_v1,0,0,0,0,0,1,0,0
आपके फॉर्मल शर्ट ऑर्डर में प्राइम सदस्यता जोड़ी गई,sneaking,sneaking,hi,span,line_item,[TAG=span] [ROLE=line_item] आपके फॉर्मल शर्ट ऑर्डर में प्राइम सदस्यता जोड़ी गई,sneaking:hi:14,synthetic_v1,0,0,0,0,0,1,0,0
भोपाल ऑर्डर पर रु. 999 पैकेजिंग शुल्क,sneaking,sneaking,hi,label,checkbox,[TAG=label] [ROLE=checkbox] भोपाल ऑर्डर पर रु. 999 पैकेजिंग शुल्क,sneaking:hi:20,synthetic_v1,0,0,0,0,0,1,0,0
रु. 399 सेवा शुल्क लागू,sneaking,sneaking,ne,label,checkbox,[TAG=label] [ROLE=checkbox] रु. 399 सेवा शुल्क लागू,sneaking:ne:03,synthetic_v1,0,0,0,0,0,1,0,0
Nykaa सेवा शुल्क रु. 249 तपाईंको ब्याकप्याक अर्डरमा थपियो,sneaking,sneaking,ne,label,checkbox,[TAG=label] [ROLE=checkbox] Nykaa सेवा शुल्क रु. 249 तपाईंको ब्याकप्याक अर्डरमा थपियो,sneaking:ne:16,synthetic_v1,0,0,0,0,0,1,0,0
"हेटौंडा अर्डरमा रु. 1,499 प्याकेजिङ शुल्क",sneaking,sneaking,ne,p,fine_print,"[TAG=p] [ROLE=fine_print] हेटौंडा अर्डरमा रु. 1,499 प्याकेजिङ शुल्क",sneaking:ne:20,synthetic_v1,0,0,0,0,0,1,0,0
Gold membership from HamroBazar added — Rs. 299/month,sneaking,sneaking,en,span,line_item,[TAG=span] [ROLE=line_item] Gold membership from HamroBazar added — Rs. 299/month,sneaking:en:17,synthetic_v1,0,0,0,0,0,1,0,0
Rs. 449 packaging charge applies for Pune orders,sneaking,sneaking,en,span,line_item,[TAG=span] [ROLE=line_item] Rs. 449 packaging charge applies for Pune orders,sneaking:en:20,synthetic_v1,0,0,0,0,0,1,0,0
"वाराणसी ऑर्डर पर रु. 2,499 पैकेजिंग शुल्क",sneaking,sneaking,hi,span,line_item,"[TAG=span] [ROLE=line_item] वाराणसी ऑर्डर पर रु. 2,499 पैकेजिंग शुल्क",sneaking:hi:20,synthetic_v1,0,0,0,0,0,1,0,0
"Meesho को प्राइम सदस्यता थपियो — रु. 2,499/महिना",sneaking,sneaking,ne,p,fine_print,"[TAG=p] [ROLE=fine_print] Meesho को प्राइम सदस्यता थपियो — रु. 2,499/महिना",sneaking:ne:17,synthetic_v1,0,0,0,0,0,1,0,0
"JioMart से फेस वॉश बीमा पहले से चुना गया (रु. 2,999)",sneaking,sneaking,hi,label,checkbox,"[TAG=label] [ROLE=checkbox] JioMart से फेस वॉश बीमा पहले से चुना गया (रु. 2,999)",sneaking:hi:19,synthetic_v1,0,0,0,0,0,1,0,0
जारी रखने पर हर महीने रु. 349 शुल्क लगेगा,sneaking,sneaking,hi,p,fine_print,[TAG=p] [ROLE=fine_print] जारी रखने पर हर महीने रु. 349 शुल्क लगेगा,sneaking:hi:01,synthetic_v1,0,0,0,0,0,1,0,0
"फ्री ट्रायल के बाद प्रो रु. 1,499/महीना हो जाएगा",sneaking,sneaking,hi,p,fine_print,"[TAG=p] [ROLE=fine_print] फ्री ट्रायल के बाद प्रो रु. 1,499/महीना हो जाएगा",sneaking:hi:04,synthetic_v1,0,0,0,0,0,1,0,0
"जनकपुर अर्डरमा रु. 1,199 प्याकेजिङ शुल्क",sneaking,sneaking,ne,p,fine_print,"[TAG=p] [ROLE=fine_print] जनकपुर अर्डरमा रु. 1,199 प्याकेजिङ शुल्क",sneaking:ne:20,synthetic_v1,0,0,0,0,0,1,0,0
दिल्ली के लिए प्राथमिकता डिलीवरी चुनी गई (+रु. 349),sneaking,sneaking,hi,label,checkbox,[TAG=label] [ROLE=checkbox] दिल्ली के लिए प्राथमिकता डिलीवरी चुनी गई (+रु. 349),sneaking:hi:23,synthetic_v1,0,0,0,0,0,1,0,0
Delivery to Kolkata costs an extra Rs. 299,sneaking,sneaking,en,p,fine_print,[TAG=p] [ROLE=fine_print] Delivery to Kolkata costs an extra Rs. 299,sneaking:en:18,synthetic_v1,0,0,0,0,0,1,0,0
Convenience fee of Rs. 999 included,sneaking,sneaking,en,span,line_item,[TAG=span] [ROLE=line_item] Convenience fee of Rs. 999 included,sneaking:en:05,synthetic_v1,0,0,0,0,0,1,0,0
Rs. 49 packaging charge applies for Lalitpur orders,sneaking,sneaking,en,p,fine_print,[TAG=p] [ROLE=fine_print] Rs. 49 packaging charge applies for Lalitpur orders,sneaking:en:20,synthetic_v1,0,0,0,0,0,1,0,0
7 महीने की प्रीमियम सदस्यता शामिल,sneaking,sneaking,hi,p,fine_print,[TAG=p] [ROLE=fine_print] 7 महीने की प्रीमियम सदस्यता शामिल,sneaking:hi:10,synthetic_v1,0,0,0,0,0,1,0,0
रु. 599 सेवा शुल्क लागू,sneaking,sneaking,ne,p,fine_print,[TAG=p] [ROLE=fine_print] रु. 599 सेवा शुल्क लागू,sneaking:ne:03,synthetic_v1,0,0,0,0,0,1,0,0
Your free trial converts to Pro at Rs. 149/month,sneaking,sneaking,en,span,line_item,[TAG=span] [ROLE=line_item] Your free trial converts to Pro at Rs. 149/month,sneaking:en:04,synthetic_v1,0,0,0,0,0,1,0,0
Delivery to Jaipur costs an extra Rs. 399,sneaking,sneaking,en,label,checkbox,[TAG=label] [ROLE=checkbox] Delivery to Jaipur costs an extra Rs. 399,sneaking:en:18,synthetic_v1,0,0,0,0,0,1,0,0
तपाईंको वायरलेस इयरबड्स अर्डरमा प्लस सदस्यता थपियो,sneaking,sneaking,ne,p,fine_print,[TAG=p] [ROLE=fine_print] तपाईंको वायरलेस इयरबड्स अर्डरमा प्लस सदस्यता थपियो,sneaking:ne:14,synthetic_v1,0,0,0,0,0,1,0,0
निःशुल्क ट्रायलपछि प्रिमियम रु. 499/महिना हुनेछ,sneaking,sneaking,ne,p,fine_print,[TAG=p] [ROLE=fine_print] निःशुल्क ट्रायलपछि प्रिमियम रु. 499/महिना हुनेछ,sneaking:ne:04,synthetic_v1,0,0,0,0,0,1,0,0
Meesho ऑर्डर में रु. 599 का दान जोड़ा गया,sneaking,sneaking,hi,span,line_item,[TAG=span] [ROLE=line_item] Meesho ऑर्डर में रु. 599 का दान जोड़ा गया,sneaking:hi:22,synthetic_v1,0,0,0,0,0,1,0,0
Gyapu से एयर फ्रायर बीमा पहले से चुना गया (रु. 249),sneaking,sneaking,hi,label,checkbox,[TAG=label] [ROLE=checkbox] Gyapu से एयर फ्रायर बीमा पहले से चुना गया (रु. 249),sneaking:hi:19,synthetic_v1,0,0,0,0,0,1,0,0
Your FirstCry Pro trial renews at Rs. 149,sneaking,sneaking,en,span,line_item,[TAG=span] [ROLE=line_item] Your FirstCry Pro trial renews at Rs. 149,sneaking:en:21,synthetic_v1,0,0,0,0,0,1,0,0
निःशुल्क ट्रायलपछि प्राइम रु. 899/महिना हुनेछ,sneaking,sneaking,ne,span,line_item,[TAG=span] [ROLE=line_item] निःशुल्क ट्रायलपछि प्राइम रु. 899/महिना हुनेछ,sneaking:ne:04,synthetic_v1,0,0,0,0,0,1,0,0
Ajio से इंडक्शन चूल्हा बीमा पहले से चुना गया (रु. 49),sneaking,sneaking,hi,label,checkbox,[TAG=label] [ROLE=checkbox] Ajio से इंडक्शन चूल्हा बीमा पहले से चुना गया (रु. 49),sneaking:hi:19,synthetic_v1,0,0,0,0,0,1,0,0
Flipkart service fee of Rs. 999 added to your electric kettle order,sneaking,sneaking,en,label,checkbox,[TAG=label] [ROLE=checkbox] Flipkart service fee of Rs. 999 added to your electric kettle order,sneaking:en:16,synthetic_v1,0,0,0,0,0,1,0,0
तपाईंको एयर फ्रायर अर्डरमा प्रो सदस्यता थपियो,sneaking,sneaking,ne,label,checkbox,[TAG=label] [ROLE=checkbox] तपाईंको एयर फ्रायर अर्डरमा प्रो सदस्यता थपियो,sneaking:ne:14,synthetic_v1,0,0,0,0,0,1,0,0
HamroBazar सेवा शुल्क रु. 149 तपाईंको ब्लुटुथ स्पिकर अर्डरमा थपियो,sneaking,sneaking,ne,p,fine_print,[TAG=p] [ROLE=fine_print] HamroBazar सेवा शुल्क रु. 149 तपाईंको ब्लुटुथ स्पिकर अर्डरमा थपियो,sneaking:ne:16,synthetic_v1,0,0,0,0,0,1,0,0
Handling charge of Rs. 799 for Chitwan deliveries,sneaking,sneaking,en,span,line_item,[TAG=span] [ROLE=line_item] Handling charge of Rs. 799 for Chitwan deliveries,sneaking:en:13,synthetic_v1,0,0,0,0,0,1,0,0
प्याकेजिङ शुल्क रु. 199 भुक्तानीमा देखिनेछ,sneaking,sneaking,ne,p,fine_print,[TAG=p] [ROLE=fine_print] प्याकेजिङ शुल्क रु. 199 भुक्तानीमा देखिनेछ,sneaking:ne:15,synthetic_v1,0,0,0,0,0,1,0,0
Rs. 299 packaging charge applies for Lalitpur orders,sneaking,sneaking,en,label,checkbox,[TAG=label] [ROLE=checkbox] Rs. 299 packaging charge applies for Lalitpur orders,sneaking:en:20,synthetic_v1,0,0,0,0,0,1,0,0
Gyapu को प्लस सदस्यता थपियो — रु. 249/महिना,sneaking,sneaking,ne,p,fine_print,[TAG=p] [ROLE=fine_print] Gyapu को प्लस सदस्यता थपियो — रु. 249/महिना,sneaking:ne:17,synthetic_v1,0,0,0,0,0,1,0,0
प्रोटीन पाउडर का बीमा आपके लिए चुना गया,sneaking,sneaking,hi,span,line_item,[TAG=span] [ROLE=line_item] प्रोटीन पाउडर का बीमा आपके लिए चुना गया,sneaking:hi:07,synthetic_v1,0,0,0,0,0,1,0,0
धरान का लागि प्राथमिकता डेलिभरी छनोट (+रु. 499),sneaking,sneaking,ne,label,checkbox,[TAG=label] [ROLE=checkbox] धरान का लागि प्राथमिकता डेलिभरी छनोट (+रु. 499),sneaking:ne:23,synthetic_v1,0,0,0,0,0,1,0,0
"रु. 2,999 सेवा शुल्क लागू",sneaking,sneaking,ne,p,fine_print,"[TAG=p] [ROLE=fine_print] रु. 2,999 सेवा शुल्क लागू",sneaking:ne:03,synthetic_v1,0,0,0,0,0,1,0,0
धरान अर्डरमा रु. 799 प्याकेजिङ शुल्क,sneaking,sneaking,ne,label,checkbox,[TAG=label] [ROLE=checkbox] धरान अर्डरमा रु. 799 प्याकेजिङ शुल्क,sneaking:ne:20,synthetic_v1,0,0,0,0,0,1,0,0
Prime membership added to your school bag order,sneaking,sneaking,en,span,line_item,[TAG=span] [ROLE=line_item] Prime membership added to your school bag order,sneaking:en:14,synthetic_v1,0,0,0,0,0,1,0,0
आपके ऑर्डर में रु. 599 का दान जोड़ा गया,sneaking,sneaking,hi,label,checkbox,[TAG=label] [ROLE=checkbox] आपके ऑर्डर में रु. 599 का दान जोड़ा गया,sneaking:hi:06,synthetic_v1,0,0,0,0,0,1,0,0
Shipping fee of Rs. 499 added at checkout,sneaking,sneaking,en,label,checkbox,[TAG=label] [ROLE=checkbox] Shipping fee of Rs. 499 added at checkout,sneaking:en:00,synthetic_v1,0,0,0,0,0,1,0,0
Donation of Rs. 449 added to your Muncha order,sneaking,sneaking,en,span,line_item,[TAG=span] [ROLE=line_item] Donation of Rs. 449 added to your Muncha order,sneaking:en:22,synthetic_v1,0,0,0,0,0,1,0,0
"HamroBazar सेवा शुल्क रु. 1,199 तपाईंको स्पोर्ट्स चप्पल अर्डरमा थपियो",sneaking,sneaking,ne,label,checkbox,"[TAG=label] [ROLE=checkbox] HamroBazar सेवा शुल्क रु. 1,199 तपाईंको स्पोर्ट्स चप्पल अर्डरमा थपियो",sneaking:ne:16,synthetic_v1,0,0,0,0,0,1,0,0
Donation of Rs. 899 added to your Croma order,sneaking,sneaking,en,label,checkbox,[TAG=label] [ROLE=checkbox] Donation of Rs. 899 added to your Croma order,sneaking:en:22,synthetic_v1,0,0,0,0,0,1,0,0
"जनकपुर का लागि प्राथमिकता डेलिभरी छनोट (+रु. 2,499)",sneaking,sneaking,ne,label,checkbox,"[TAG=label] [ROLE=checkbox] जनकपुर का लागि प्राथमिकता डेलिभरी छनोट (+रु. 2,499)",sneaking:ne:23,synthetic_v1,0,0,0,0,0,1,0,0
वायरलेस ईयरबड्स का बीमा आपके लिए चुना गया,sneaking,sneaking,hi,span,line_item,[TAG=span] [ROLE=line_item] वायरलेस ईयरबड्स का बीमा आपके लिए चुना गया,sneaking:hi:07,synthetic_v1,0,0,0,0,0,1,0,0
आपका Daraz प्रीमियम ट्रायल रु. 449 पर रिन्यू होगा,sneaking,sneaking,hi,label,checkbox,[TAG=label] [ROLE=checkbox] आपका Daraz प्रीमियम ट्रायल रु. 449 पर रिन्यू होगा,sneaking:hi:21,synthetic_v1,0,0,0,0,0,1,0,0
Meesho सेवा शुल्क रु. 399 आपके वायरलेस ईयरबड्स ऑर्डर में जोड़ा गया,sneaking,sneaking,hi,p,fine_print,[TAG=p] [ROLE=fine_print] Meesho सेवा शुल्क रु. 399 आपके वायरलेस ईयरबड्स ऑर्डर में जोड़ा गया,sneaking:hi:16,synthetic_v1,0,0,0,0,0,1,0,0
"चितवन अर्डरमा रु. 2,999 प्याकेजिङ शुल्क",sneaking,sneaking,ne,span,line_item,"[TAG=span] [ROLE=line_item] चितवन अर्डरमा रु. 2,999 प्याकेजिङ शुल्क",sneaking:ne:20,synthetic_v1,0,0,0,0,0,1,0,0
"Donation of Rs. 1,499 added to your Ajio order",sneaking,sneaking,en,p,fine_print,"[TAG=p] [ROLE=fine_print] Donation of Rs. 1,499 added to your Ajio order",sneaking:en:22,synthetic_v1,0,0,0,0,0,1,0,0
अन्तिम चरणमा थप शुल्क लाग्न सक्छ,sneaking,sneaking,ne,span,line_item,[TAG=span] [ROLE=line_item] अन्तिम चरणमा थप शुल्क लाग्न सक्छ,sneaking:ne:11,synthetic_v1,0,0,0,0,0,1,0,0
पैकेजिंग शुल्क रु. 149 भुगतान पर दिखेगा,sneaking,sneaking,hi,p,fine_print,[TAG=p] [ROLE=fine_print] पैकेजिंग शुल्क रु. 149 भुगतान पर दिखेगा,sneaking:hi:15,synthetic_v1,0,0,0,0,0,1,0,0
"Your Daraz Premium trial renews at Rs. 2,999",sneaking,sneaking,en,p,fine_print,"[TAG=p] [ROLE=fine_print] Your Daraz Premium trial renews at Rs. 2,999",sneaking:en:21,synthetic_v1,0,0,0,0,0,1,0,0
Tata Cliq बाट प्रोटिन पाउडर बीमा पहिले नै छनोट (रु. 349),sneaking,sneaking,ne,span,line_item,[TAG=span] [ROLE=line_item] Tata Cliq बाट प्रोटिन पाउडर बीमा पहिले नै छनोट (रु. 349),sneaking:ne:19,synthetic_v1,0,0,0,0,0,1,0,0
Includes a 8-month Plus subscription,sneaking,sneaking,en,p,fine_print,[TAG=p] [ROLE=fine_print] Includes a 8-month Plus subscription,sneaking:en:10,synthetic_v1,0,0,0,0,0,1,0,0
Amazon सेवा शुल्क रु. 199 तपाईंको स्कुल ब्याग अर्डरमा थपियो,sneaking,sneaking,ne,span,line_item,[TAG=span] [ROLE=line_item] Amazon सेवा शुल्क रु. 199 तपाईंको स्कुल ब्याग अर्डरमा थपियो,sneaking:ne:16,synthetic_v1,0,0,0,0,0,1,0,0
Gyapu सेवा शुल्क रु. 49 आपके बैकपैक ऑर्डर में जोड़ा गया,sneaking,sneaking,hi,p,fine_print,[TAG=p] [ROLE=fine_print] Gyapu सेवा शुल्क रु. 49 आपके बैकपैक ऑर्डर में जोड़ा गया,sneaking:hi:16,synthetic_v1,0,0,0,0,0,1,0,0
Your free trial converts to Plus at Rs. 199/month,sneaking,sneaking,en,span,line_item,[TAG=span] [ROLE=line_item] Your free trial converts to Plus at Rs. 199/month,sneaking:en:04,synthetic_v1,0,0,0,0,0,1,0,0
Handling charge of Rs. 799 for Biratnagar deliveries,sneaking,sneaking,en,p,fine_print,[TAG=p] [ROLE=fine_print] Handling charge of Rs. 799 for Biratnagar deliveries,sneaking:en:13,synthetic_v1,0,0,0,0,0,1,0,0
OkDam की प्लस सदस्यता जोड़ी गई — रु. 149/महीना,sneaking,sneaking,hi,p,fine_print,[TAG=p] [ROLE=fine_print] OkDam की प्लस सदस्यता जोड़ी गई — रु. 149/महीना,sneaking:hi:17,synthetic_v1,0,0,0,0,0,1,0,0
Salesberry service fee of Rs. 449 added to your gaming mouse order,sneaking,sneaking,en,span,line_item,[TAG=span] [ROLE=line_item] Salesberry service fee of Rs. 449 added to your gaming mouse order,sneaking:en:16,synthetic_v1,0,0,0,0,0,1,0,0
JioMart service fee of Rs. 999 added to your running shoes order,sneaking,sneaking,en,label,checkbox,[TAG=label] [ROLE=checkbox] JioMart service fee of Rs. 999 added to your running shoes order,sneaking:en:16,synthetic_v1,0,0,0,0,0,1,0,0
Insurance for coffee maker selected for you,sneaking,sneaking,en,label,checkbox,[TAG=label] [ROLE=checkbox] Insurance for coffee maker selected for you,sneaking:en:07,synthetic_v1,0,0,0,0,0,1,0,0
Thulo को प्राइम सदस्यता थपियो — रु. 299/महिना,sneaking,sneaking,ne,label,checkbox,[TAG=label] [ROLE=checkbox] Thulo को प्राइम सदस्यता थपियो — रु. 299/महिना,sneaking:ne:17,synthetic_v1,0,0,0,0,0,1,0,0
"Donation of Rs. 1,999 added to your HamroBazar order",sneaking,sneaking,en,label,checkbox,"[TAG=label] [ROLE=checkbox] Donation of Rs. 1,999 added to your HamroBazar order",sneaking:en:22,synthetic_v1,0,0,0,0,0,1,0,0
Salesberry अर्डरमा रु. 449 दान थपियो,sneaking,sneaking,ne,span,line_item,[TAG=span] [ROLE=line_item] Salesberry अर्डरमा रु. 449 दान थपियो,sneaking:ne:22,synthetic_v1,0,0,0,0,0,1,0,0
"निःशुल्क ट्रायलपछि प्लस रु. 2,999/महिना हुनेछ",sneaking,sneaking,ne,span,line_item,"[TAG=span] [ROLE=line_item] निःशुल्क ट्रायलपछि प्लस रु. 2,999/महिना हुनेछ",sneaking:ne:04,synthetic_v1,0,0,0,0,0,1,0,0
तपाईंको योगा म्याट अर्डरमा प्रो सदस्यता थपियो,sneaking,sneaking,ne,span,line_item,[TAG=span] [ROLE=line_item] तपाईंको योगा म्याट अर्डरमा प्रो सदस्यता थपियो,sneaking:ne:14,synthetic_v1,0,0,0,0,0,1,0,0
Zepto बाट रनिङ जुत्ता बीमा पहिले नै छनोट (रु. 49),sneaking,sneaking,ne,label,checkbox,[TAG=label] [ROLE=checkbox] Zepto बाट रनिङ जुत्ता बीमा पहिले नै छनोट (रु. 49),sneaking:ne:19,synthetic_v1,0,0,0,0,0,1,0,0
"Plus membership from Meesho added — Rs. 1,199/month",sneaking,sneaking,en,p,fine_print,"[TAG=p] [ROLE=fine_print] Plus membership from Meesho added — Rs. 1,199/month",sneaking:en:17,synthetic_v1,0,0,0,0,0,1,0,0
धरान डेलिभरीमा रु. 399 ह्यान्डलिङ शुल्क,sneaking,sneaking,ne,p,fine_print,[TAG=p] [ROLE=fine_print] धरान डेलिभरीमा रु. 399 ह्यान्डलिङ शुल्क,sneaking:ne:13,synthetic_v1,0,0,0,0,0,1,0,0
"भोपाल डिलीवरी पर रु. 1,499 हैंडलिंग शुल्क",sneaking,sneaking,hi,span,line_item,"[TAG=span] [ROLE=line_item] भोपाल डिलीवरी पर रु. 1,499 हैंडलिंग शुल्क",sneaking:hi:13,synthetic_v1,0,0,0,0,0,1,0,0
"तपाईंको SastoDeal प्रिमियम ट्रायल रु. 2,499 मा नवीकरण हुनेछ",sneaking,sneaking,ne,p,fine_print,"[TAG=p] [ROLE=fine_print] तपाईंको SastoDeal प्रिमियम ट्रायल रु. 2,499 मा नवीकरण हुनेछ",sneaking:ne:21,synthetic_v1,0,0,0,0,0,1,0,0
"आपका Lenskart प्लस ट्रायल रु. 1,499 पर रिन्यू होगा",sneaking,sneaking,hi,span,line_item,"[TAG=span] [ROLE=line_item] आपका Lenskart प्लस ट्रायल रु. 1,499 पर रिन्यू होगा",sneaking:hi:21,synthetic_v1,0,0,0,0,0,1,0,0
तपाईंको अर्डरमा रु. 599 दान थपियो,sneaking,sneaking,ne,span,line_item,[TAG=span] [ROLE=line_item] तपाईंको अर्डरमा रु. 599 दान थपियो,sneaking:ne:06,synthetic_v1,0,0,0,0,0,1,0,0
बुटवल डेलिभरीमा रु. 349 ह्यान्डलिङ शुल्क,sneaking,sneaking,ne,span,line_item,[TAG=span] [ROLE=line_item] बुटवल डेलिभरीमा रु. 349 ह्यान्डलिङ शुल्क,sneaking:ne:13,synthetic_v1,0,0,0,0,0,1,0,0
प्रो का लागि स्वतः नवीकरण सक्रिय छ,sneaking,sneaking,ne,label,checkbox,[TAG=label] [ROLE=checkbox] प्रो का लागि स्वतः नवीकरण सक्रिय छ,sneaking:ne:08,synthetic_v1,0,0,0,0,0,1,0,0
सुर्खेत डेलिभरीमा रु. 899 ह्यान्डलिङ शुल्क,sneaking,sneaking,ne,label,checkbox,[TAG=label] [ROLE=checkbox] सुर्खेत डेलिभरीमा रु. 899 ह्यान्डलिङ शुल्क,sneaking:ne:13,synthetic_v1,0,0,0,0,0,1,0,0
9 महीने की प्लस सदस्यता शामिल,sneaking,sneaking,hi,label,checkbox,[TAG=label] [ROLE=checkbox] 9 महीने की प्लस सदस्यता शामिल,sneaking:hi:10,synthetic_v1,0,0,0,0,0,1,0,0
जारी रखने पर हर महीने रु. 299 शुल्क लगेगा,sneaking,sneaking,hi,span,line_item,[TAG=span] [ROLE=line_item] जारी रखने पर हर महीने रु. 299 शुल्क लगेगा,sneaking:hi:01,synthetic_v1,0,0,0,0,0,1,0,0
"धरान अर्डरमा रु. 2,999 प्याकेजिङ शुल्क",sneaking,sneaking,ne,p,fine_print,"[TAG=p] [ROLE=fine_print] धरान अर्डरमा रु. 2,999 प्याकेजिङ शुल्क",sneaking:ne:20,synthetic_v1,0,0,0,0,0,1,0,0
रनिङ जुत्ता को बीमा तपाईंका लागि छनोट गरियो,sneaking,sneaking,ne,label,checkbox,[TAG=label] [ROLE=checkbox] रनिङ जुत्ता को बीमा तपाईंका लागि छनोट गरियो,sneaking:ne:07,synthetic_v1,0,0,0,0,0,1,0,0
Your free trial converts to Gold at Rs. 899/month,sneaking,sneaking,en,p,fine_print,[TAG=p] [ROLE=fine_print] Your free trial converts to Gold at Rs. 899/month,sneaking:en:04,synthetic_v1,0,0,0,0,0,1,0,0
तपाईंको इलेक्ट्रिक केतली अर्डरमा प्रो सदस्यता थपियो,sneaking,sneaking,ne,label,checkbox,[TAG=label] [ROLE=checkbox] तपाईंको इलेक्ट्रिक केतली अर्डरमा प्रो सदस्यता थपियो,sneaking:ne:14,synthetic_v1,0,0,0,0,0,1,0,0
"दिल्ली डिलीवरी पर अतिरिक्त रु. 2,999",sneaking,sneaking,hi,span,line_item,"[TAG=span] [ROLE=line_item] दिल्ली डिलीवरी पर अतिरिक्त रु. 2,999",sneaking:hi:18,synthetic_v1,0,0,0,0,0,1,0,0
"Tata Cliq को प्राइम सदस्यता थपियो — रु. 2,999/महिना",sneaking,sneaking,ne,p,fine_print,"[TAG=p] [ROLE=fine_print] Tata Cliq को प्राइम सदस्यता थपियो — रु. 2,999/महिना",sneaking:ne:17,synthetic_v1,0,0,0,0,0,1,0,0
"Your BigBasket Prime trial renews at Rs. 2,999",sneaking,sneaking,en,p,fine_print,"[TAG=p] [ROLE=fine_print] Your BigBasket Prime trial renews at Rs. 2,999",sneaking:en:21,synthetic_v1,0,0,0,0,0,1,0,0
बागलुङ का लागि प्राथमिकता डेलिभरी छनोट (+रु. 249),sneaking,sneaking,ne,span,line_item,[TAG=span] [ROLE=line_item] बागलुङ का लागि प्राथमिकता डेलिभरी छनोट (+रु. 249),sneaking:ne:23,synthetic_v1,0,0,0,0,0,1,0,0
आपका Thulo गोल्ड ट्रायल रु. 149 पर रिन्यू होगा,sneaking,sneaking,hi,label,checkbox,[TAG=label] [ROLE=checkbox] आपका Thulo गोल्ड ट्रायल रु. 149 पर रिन्यू होगा,sneaking:hi:21,synthetic_v1,0,0,0,0,0,1,0,0
"जारी रखने पर हर महीने रु. 2,999 शुल्क लगेगा",sneaking,sneaking,hi,span,line_item,"[TAG=span] [ROLE=line_item] जारी रखने पर हर महीने रु. 2,999 शुल्क लगेगा",sneaking:hi:01,synthetic_v1,0,0,0,0,0,1,0,0
जयपुर ऑर्डर पर रु. 599 पैकेजिंग शुल्क,sneaking,sneaking,hi,span,line_item,[TAG=span] [ROLE=line_item] जयपुर ऑर्डर पर रु. 599 पैकेजिंग शुल्क,sneaking:hi:20,synthetic_v1,0,0,0,0,0,1,0,0
Muncha को प्लस सदस्यता थपियो — रु. 249/महिना,sneaking,sneaking,ne,span,line_item,[TAG=span] [ROLE=line_item] Muncha को प्लस सदस्यता थपियो — रु. 249/महिना,sneaking:ne:17,synthetic_v1,0,0,0,0,0,1,0,0
"तपाईंको Kinbech प्लस ट्रायल रु. 2,499 मा नवीकरण हुनेछ",sneaking,sneaking,ne,span,line_item,"[TAG=span] [ROLE=line_item] तपाईंको Kinbech प्लस ट्रायल रु. 2,499 मा नवीकरण हुनेछ",sneaking:ne:21,synthetic_v1,0,0,0,0,0,1,0,0
नासिक डिलीवरी पर रु. 199 हैंडलिंग शुल्क,sneaking,sneaking,hi,span,line_item,[TAG=span] [ROLE=line_item] नासिक डिलीवरी पर रु. 199 हैंडलिंग शुल्क,sneaking:hi:13,synthetic_v1,0,0,0,0,0,1,0,0
"By continuing you agree to a recurring Rs. 2,999 monthly charge",sneaking,sneaking,en,label,checkbox,"[TAG=label] [ROLE=checkbox] By continuing you agree to a recurring Rs. 2,999 monthly charge",sneaking:en:01,synthetic_v1,0,0,0,0,0,1,0,0
"Handling charge of Rs. 2,499 for Kathmandu deliveries",sneaking,sneaking,en,span,line_item,"[TAG=span] [ROLE=line_item] Handling charge of Rs. 2,499 for Kathmandu deliveries",sneaking:en:13,synthetic_v1,0,0,0,0,0,1,0,0
तपाईंको Croma प्राइम ट्रायल रु. 799 मा नवीकरण हुनेछ,sneaking,sneaking,ne,label,checkbox,[TAG=label] [ROLE=checkbox] तपाईंको Croma प्राइम ट्रायल रु. 799 मा नवीकरण हुनेछ,sneaking:ne:21,synthetic_v1,0,0,0,0,0,1,0,0
Includes a 10-month Plus subscription,sneaking,sneaking,en,p,fine_print,[TAG=p] [ROLE=fine_print] Includes a 10-month Plus subscription,sneaking:en:10,synthetic_v1,0,0,0,0,0,1,0,0
जनकपुर अर्डरमा रु. 99 प्याकेजिङ शुल्क,sneaking,sneaking,ne,span,line_item,[TAG=span] [ROLE=line_item] जनकपुर अर्डरमा रु. 99 प्याकेजिङ शुल्क,sneaking:ne:20,synthetic_v1,0,0,0,0,0,1,0,0
प्रो के लिए ऑटो-रिन्यूअल चालू है,sneaking,sneaking,hi,label,checkbox,[TAG=label] [ROLE=checkbox] प्रो के लिए ऑटो-रिन्यूअल चालू है,sneaking:hi:08,synthetic_v1,0,0,0,0,0,1,0,0
Donation of Rs. 799 added to your Gyapu order,sneaking,sneaking,en,span,line_item,[TAG=span] [ROLE=line_item] Donation of Rs. 799 added to your Gyapu order,sneaking:en:22,synthetic_v1,0,0,0,0,0,1,0,0
बागलुङ का लागि प्राथमिकता डेलिभरी छनोट (+रु. 149),sneaking,sneaking,ne,p,fine_print,[TAG=p] [ROLE=fine_print] बागलुङ का लागि प्राथमिकता डेलिभरी छनोट (+रु. 149),sneaking:ne:23,synthetic_v1,0,0,0,0,0,1,0,0
सुविधा शुल्क रु. 199 शामिल,sneaking,sneaking,hi,p,fine_print,[TAG=p] [ROLE=fine_print] सुविधा शुल्क रु. 199 शामिल,sneaking:hi:05,synthetic_v1,0,0,0,0,0,1,0,0
Plus membership from Ajio added — Rs. 499/month,sneaking,sneaking,en,span,line_item,[TAG=span] [ROLE=line_item] Plus membership from Ajio added — Rs. 499/month,sneaking:en:17,synthetic_v1,0,0,0,0,0,1,0,0
तनहुँ का लागि प्राथमिकता डेलिभरी छनोट (+रु. 49),sneaking,sneaking,ne,p,fine_print,[TAG=p] [ROLE=fine_print] तनहुँ का लागि प्राथमिकता डेलिभरी छनोट (+रु. 49),sneaking:ne:23,synthetic_v1,0,0,0,0,0,1,0,0
तपाईंको अर्डरमा रु. 149 दान थपियो,sneaking,sneaking,ne,span,line_item,[TAG=span] [ROLE=line_item] तपाईंको अर्डरमा रु. 149 दान थपियो,sneaking:ne:06,synthetic_v1,0,0,0,0,0,1,0,0
फ्री ट्रायल के बाद गोल्ड रु. 699/महीना हो जाएगा,sneaking,sneaking,hi,span,line_item,[TAG=span] [ROLE=line_item] फ्री ट्रायल के बाद गोल्ड रु. 699/महीना हो जाएगा,sneaking:hi:04,synthetic_v1,0,0,0,0,0,1,0,0
Priority delivery pre-selected (+Rs. 449),sneaking,sneaking,en,span,line_item,[TAG=span] [ROLE=line_item] Priority delivery pre-selected (+Rs. 449),sneaking:en:09,synthetic_v1,0,0,0,0,0,1,0,0
Insurance for smartwatch selected for you,sneaking,sneaking,en,p,fine_print,[TAG=p] [ROLE=fine_print] Insurance for smartwatch selected for you,sneaking:en:07,synthetic_v1,0,0,0,0,0,1,0,0
तपाईंको डेनिम जिन्स अर्डरमा गोल्ड सदस्यता थपियो,sneaking,sneaking,ne,p,fine_print,[TAG=p] [ROLE=fine_print] तपाईंको डेनिम जिन्स अर्डरमा गोल्ड सदस्यता थपियो,sneaking:ne:14,synthetic_v1,0,0,0,0,0,1,0,0
Handling charge of Rs. 599 for Biratnagar deliveries,sneaking,sneaking,en,span,line_item,[TAG=span] [ROLE=line_item] Handling charge of Rs. 599 for Biratnagar deliveries,sneaking:en:13,synthetic_v1,0,0,0,0,0,1,0,0
We've added a donation of Rs. 349 to your order,sneaking,sneaking,en,p,fine_print,[TAG=p] [ROLE=fine_print] We've added a donation of Rs. 349 to your order,sneaking:en:06,synthetic_v1,0,0,0,0,0,1,0,0
"पोखरा का लागि प्राथमिकता डेलिभरी छनोट (+रु. 1,199)",sneaking,sneaking,ne,label,checkbox,"[TAG=label] [ROLE=checkbox] पोखरा का लागि प्राथमिकता डेलिभरी छनोट (+रु. 1,199)",sneaking:ne:23,synthetic_v1,0,0,0,0,0,1,0,0
"काठमाडौँ डेलिभरीमा रु. 1,199 ह्यान्डलिङ शुल्क",sneaking,sneaking,ne,p,fine_print,"[TAG=p] [ROLE=fine_print] काठमाडौँ डेलिभरीमा रु. 1,199 ह्यान्डलिङ शुल्क",sneaking:ne:13,synthetic_v1,0,0,0,0,0,1,0,0
Delivery to Butwal costs an extra Rs. 349,sneaking,sneaking,en,span,line_item,[TAG=span] [ROLE=line_item] Delivery to Butwal costs an extra Rs. 349,sneaking:en:18,synthetic_v1,0,0,0,0,0,1,0,0
By continuing you agree to a recurring Rs. 199 monthly charge,sneaking,sneaking,en,label,checkbox,[TAG=label] [ROLE=checkbox] By continuing you agree to a recurring Rs. 199 monthly charge,sneaking:en:01,synthetic_v1,0,0,0,0,0,1,0,0
"Reliance Digital से कॉटन कुर्ता बीमा पहले से चुना गया (रु. 1,199)",sneaking,sneaking,hi,label,checkbox,"[TAG=label] [ROLE=checkbox] Reliance Digital से कॉटन कुर्ता बीमा पहले से चुना गया (रु. 1,199)",sneaking:hi:19,synthetic_v1,0,0,0,0,0,1,0,0
Your free trial converts to Pro at Rs. 199/month,sneaking,sneaking,en,span,line_item,[TAG=span] [ROLE=line_item] Your free trial converts to Pro at Rs. 199/month,sneaking:en:04,synthetic_v1,0,0,0,0,0,1,0,0
"FirstCry सेवा शुल्क रु. 2,999 तपाईंको फेस वास अर्डरमा थपियो",sneaking,sneaking,ne,label,checkbox,"[TAG=label] [ROLE=checkbox] FirstCry सेवा शुल्क रु. 2,999 तपाईंको फेस वास अर्डरमा थपियो",sneaking:ne:16,synthetic_v1,0,0,0,0,0,1,0,0
योगा मैट का बीमा आपके लिए चुना गया,sneaking,sneaking,hi,p,fine_print,[TAG=p] [ROLE=fine_print] योगा मैट का बीमा आपके लिए चुना गया,sneaking:hi:07,synthetic_v1,0,0,0,0,0,1,0,0
Meesho अर्डरमा रु. 899 दान थपियो,sneaking,sneaking,ne,p,fine_print,[TAG=p] [ROLE=fine_print] Meesho अर्डरमा रु. 899 दान थपियो,sneaking:ne:22,synthetic_v1,0,0,0,0,0,1,0,0
Flipkart से स्पोर्ट्स सैंडल बीमा पहले से चुना गया (रु. 899),sneaking,sneaking,hi,span,line_item,[TAG=span] [ROLE=line_item] Flipkart से स्पोर्ट्स सैंडल बीमा पहले से चुना गया (रु. 899),sneaking:hi:19,synthetic_v1,0,0,0,0,0,1,0,0
"Pepperfry सेवा शुल्क रु. 1,499 आपके वायरलेस ईयरबड्स ऑर्डर में जोड़ा गया",sneaking,sneaking,hi,span,line_item,"[TAG=span] [ROLE=line_item] Pepperfry सेवा शुल्क रु. 1,499 आपके वायरलेस ईयरबड्स ऑर्डर में जोड़ा गया",sneaking:hi:16,synthetic_v1,0,0,0,0,0,1,0,0
Amazon को प्लस सदस्यता थपियो — रु. 449/महिना,sneaking,sneaking,ne,span,line_item,[TAG=span] [ROLE=line_item] Amazon को प्लस सदस्यता थपियो — रु. 449/महिना,sneaking:ne:17,synthetic_v1,0,0,0,0,0,1,0,0
काठमाडौँ अर्डरमा रु. 149 प्याकेजिङ शुल्क,sneaking,sneaking,ne,label,checkbox,[TAG=label] [ROLE=checkbox] काठमाडौँ अर्डरमा रु. 149 प्याकेजिङ शुल्क,sneaking:ne:20,synthetic_v1,0,0,0,0,0,1,0,0
आपका Kinbech प्राइम ट्रायल रु. 499 पर रिन्यू होगा,sneaking,sneaking,hi,span,line_item,[TAG=span] [ROLE=line_item] आपका Kinbech प्राइम ट्रायल रु. 499 पर रिन्यू होगा,sneaking:hi:21,synthetic_v1,0,0,0,0,0,1,0,0
Blinkit सेवा शुल्क रु. 599 तपाईंको अफिस कुर्सी अर्डरमा थपियो,sneaking,sneaking,ne,label,checkbox,[TAG=label] [ROLE=checkbox] Blinkit सेवा शुल्क रु. 599 तपाईंको अफिस कुर्सी अर्डरमा थपियो,sneaking:ne:16,synthetic_v1,0,0,0,0,0,1,0,0
Includes a 7-month Gold subscription,sneaking,sneaking,en,label,checkbox,[TAG=label] [ROLE=checkbox] Includes a 7-month Gold subscription,sneaking:en:10,synthetic_v1,0,0,0,0,0,1,0,0
Amazon को प्लस सदस्यता थपियो — रु. 99/महिना,sneaking,sneaking,ne,p,fine_print,[TAG=p] [ROLE=fine_print] Amazon को प्लस सदस्यता थपियो — रु. 99/महिना,sneaking:ne:17,synthetic_v1,0,0,0,0,0,1,0,0
आपके डेनिम जींस ऑर्डर में प्रीमियम सदस्यता जोड़ी गई,sneaking,sneaking,hi,label,checkbox,[TAG=label] [ROLE=checkbox] आपके डेनिम जींस ऑर्डर में प्रीमियम सदस्यता जोड़ी गई,sneaking:hi:14,synthetic_v1,0,0,0,0,0,1,0,0
दमक डेलिभरीमा रु. 499 ह्यान्डलिङ शुल्क,sneaking,sneaking,ne,span,line_item,[TAG=span] [ROLE=line_item] दमक डेलिभरीमा रु. 499 ह्यान्डलिङ शुल्क,sneaking:ne:13,synthetic_v1,0,0,0,0,0,1,0,0
तपाईंको स्पोर्ट्स चप्पल अर्डरमा प्रिमियम सदस्यता थपियो,sneaking,sneaking,ne,span,line_item,[TAG=span] [ROLE=line_item] तपाईंको स्पोर्ट्स चप्पल अर्डरमा प्रिमियम सदस्यता थपियो,sneaking:ne:14,synthetic_v1,0,0,0,0,0,1,0,0
सूरत डिलीवरी पर रु. 349 हैंडलिंग शुल्क,sneaking,sneaking,hi,label,checkbox,[TAG=label] [ROLE=checkbox] सूरत डिलीवरी पर रु. 349 हैंडलिंग शुल्क,sneaking:hi:13,synthetic_v1,0,0,0,0,0,1,0,0
बुटवल का लागि प्राथमिकता डेलिभरी छनोट (+रु. 699),sneaking,sneaking,ne,span,line_item,[TAG=span] [ROLE=line_item] बुटवल का लागि प्राथमिकता डेलिभरी छनोट (+रु. 699),sneaking:ne:23,synthetic_v1,0,0,0,0,0,1,0,0
Delivery to Chitwan costs an extra Rs. 499,sneaking,sneaking,en,label,checkbox,[TAG=label] [ROLE=checkbox] Delivery to Chitwan costs an extra Rs. 499,sneaking:en:18,synthetic_v1,0,0,0,0,0,1,0,0
"प्राथमिकता डेलिभरी पहिले नै छनोट (+रु. 1,199)",sneaking,sneaking,ne,p,fine_print,"[TAG=p] [ROLE=fine_print] प्राथमिकता डेलिभरी पहिले नै छनोट (+रु. 1,199)",sneaking:ne:09,synthetic_v1,0,0,0,0,0,1,0,0
Includes a 2-month Pro subscription,sneaking,sneaking,en,p,fine_print,[TAG=p] [ROLE=fine_print] Includes a 2-month Pro subscription,sneaking:en:10,synthetic_v1,0,0,0,0,0,1,0,0
"सुविधा शुल्क रु. 1,199 समावेश",sneaking,sneaking,ne,p,fine_print,"[TAG=p] [ROLE=fine_print] सुविधा शुल्क रु. 1,199 समावेश",sneaking:ne:05,synthetic_v1,0,0,0,0,0,1,0,0
Shipping fee of Rs. 449 added at checkout,sneaking,sneaking,en,p,fine_print,[TAG=p] [ROLE=fine_print] Shipping fee of Rs. 449 added at checkout,sneaking:en:00,synthetic_v1,0,0,0,0,0,1,0,0
"पोखरा डेलिभरीमा रु. 2,999 ह्यान्डलिङ शुल्क",sneaking,sneaking,ne,label,checkbox,"[TAG=label] [ROLE=checkbox] पोखरा डेलिभरीमा रु. 2,999 ह्यान्डलिङ शुल्क",sneaking:ne:13,synthetic_v1,0,0,0,0,0,1,0,0
कोलकाता डिलीवरी पर अतिरिक्त रु. 349,sneaking,sneaking,hi,span,line_item,[TAG=span] [ROLE=line_item] कोलकाता डिलीवरी पर अतिरिक्त रु. 349,sneaking:hi:18,synthetic_v1,0,0,0,0,0,1,0,0
Thulo अर्डरमा रु. 799 दान थपियो,sneaking,sneaking,ne,label,checkbox,[TAG=label] [ROLE=checkbox] Thulo अर्डरमा रु. 799 दान थपियो,sneaking:ne:22,synthetic_v1,0,0,0,0,0,1,0,0
दमक डेलिभरीमा रु. 449 ह्यान्डलिङ शुल्क,sneaking,sneaking,ne,label,checkbox,[TAG=label] [ROLE=checkbox] दमक डेलिभरीमा रु. 449 ह्यान्डलिङ शुल्क,sneaking:ne:13,synthetic_v1,0,0,0,0,0,1,0,0
Priority delivery to Dharan selected (+Rs. 699),sneaking,sneaking,en,span,line_item,[TAG=span] [ROLE=line_item] Priority delivery to Dharan selected (+Rs. 699),sneaking:en:23,synthetic_v1,0,0,0,0,0,1,0,0
फ्री ट्रायल के बाद प्रो रु. 149/महीना हो जाएगा,sneaking,sneaking,hi,p,fine_print,[TAG=p] [ROLE=fine_print] फ्री ट्रायल के बाद प्रो रु. 149/महीना हो जाएगा,sneaking:hi:04,synthetic_v1,0,0,0,0,0,1,0,0
"बुटवल अर्डरमा रु. 1,199 प्याकेजिङ शुल्क",sneaking,sneaking,ne,span,line_item,"[TAG=span] [ROLE=line_item] बुटवल अर्डरमा रु. 1,199 प्याकेजिङ शुल्क",sneaking:ne:20,synthetic_v1,0,0,0,0,0,1,0,0
कोलकाता डिलीवरी पर रु. 699 हैंडलिंग शुल्क,sneaking,sneaking,hi,label,checkbox,[TAG=label] [ROLE=checkbox] कोलकाता डिलीवरी पर रु. 699 हैंडलिंग शुल्क,sneaking:hi:13,synthetic_v1,0,0,0,0,0,1,0,0
बेंगलुरु ऑर्डर पर रु. 999 पैकेजिंग शुल्क,sneaking,sneaking,hi,span,line_item,[TAG=span] [ROLE=line_item] बेंगलुरु ऑर्डर पर रु. 999 पैकेजिंग शुल्क,sneaking:hi:20,synthetic_v1,0,0,0,0,0,1,0,0
Includes a 4-month Premium subscription,sneaking,sneaking,en,label,checkbox,[TAG=label] [ROLE=checkbox] Includes a 4-month Premium subscription,sneaking:en:10,synthetic_v1,0,0,0,0,0,1,0,0
Handling charge of Rs. 899 for Butwal deliveries,sneaking,sneaking,en,p,fine_print,[TAG=p] [ROLE=fine_print] Handling charge of Rs. 899 for Butwal deliveries,sneaking:en:13,synthetic_v1,0,0,0,0,0,1,0,0
अहमदाबाद डिलीवरी पर अतिरिक्त रु. 399,sneaking,sneaking,hi,p,fine_print,[TAG=p] [ROLE=fine_print] अहमदाबाद डिलीवरी पर अतिरिक्त रु. 399,sneaking:hi:18,synthetic_v1,0,0,0,0,0,1,0,0
"denim jeans insurance from Amazon pre-selected (Rs. 1,999)",sneaking,sneaking,en,span,line_item,"[TAG=span] [ROLE=line_item] denim jeans insurance from Amazon pre-selected (Rs. 1,999)",sneaking:en:19,synthetic_v1,0,0,0,0,0,1,0,0
Delivery to Patna costs an extra Rs. 49,sneaking,sneaking,en,p,fine_print,[TAG=p] [ROLE=fine_print] Delivery to Patna costs an extra Rs. 49,sneaking:en:18,synthetic_v1,0,0,0,0,0,1,0,0
"जयपुर ऑर्डर पर रु. 1,999 पैकेजिंग शुल्क",sneaking,sneaking,hi,p,fine_print,"[TAG=p] [ROLE=fine_print] जयपुर ऑर्डर पर रु. 1,999 पैकेजिंग शुल्क",sneaking:hi:20,synthetic_v1,0,0,0,0,0,1,0,0
"Rs. 1,999 packaging charge applies for Kolkata orders",sneaking,sneaking,en,label,checkbox,"[TAG=label] [ROLE=checkbox] Rs. 1,999 packaging charge applies for Kolkata orders",sneaking:en:20,synthetic_v1,0,0,0,0,0,1,0,0
प्याकेजिङ शुल्क रु. 349 भुक्तानीमा देखिनेछ,sneaking,sneaking,ne,p,fine_print,[TAG=p] [ROLE=fine_print] प्याकेजिङ शुल्क रु. 349 भुक्तानीमा देखिनेछ,sneaking:ne:15,synthetic_v1,0,0,0,0,0,1,0,0
Thulo से रनिंग शूज़ बीमा पहले से चुना गया (रु. 149),sneaking,sneaking,hi,span,line_item,[TAG=span] [ROLE=line_item] Thulo से रनिंग शूज़ बीमा पहले से चुना गया (रु. 149),sneaking:hi:19,synthetic_v1,0,0,0,0,0,1,0,0
"Delivery to Bhaktapur costs an extra Rs. 1,999",sneaking,sneaking,en,span,line_item,"[TAG=span] [ROLE=line_item] Delivery to Bhaktapur costs an extra Rs. 1,999",sneaking:en:18,synthetic_v1,0,0,0,0,0,1,0,0
आपका FirstCry प्रीमियम ट्रायल रु. 49 पर रिन्यू होगा,sneaking,sneaking,hi,p,fine_print,[TAG=p] [ROLE=fine_print] आपका FirstCry प्रीमियम ट्रायल रु. 49 पर रिन्यू होगा,sneaking:hi:21,synthetic_v1,0,0,0,0,0,1,0,0
Croma को प्राइम सदस्यता थपियो — रु. 349/महिना,sneaking,sneaking,ne,span,line_item,[TAG=span] [ROLE=line_item] Croma को प्राइम सदस्यता थपियो — रु. 349/महिना,sneaking:ne:17,synthetic_v1,0,0,0,0,0,1,0,0
"भक्तपुर अर्डरमा रु. 1,199 प्याकेजिङ शुल्क",sneaking,sneaking,ne,p,fine_print,"[TAG=p] [ROLE=fine_print] भक्तपुर अर्डरमा रु. 1,199 प्याकेजिङ शुल्क",sneaking:ne:20,synthetic_v1,0,0,0,0,0,1,0,0
Thulo बाट स्कुल ब्याग बीमा पहिले नै छनोट (रु. 249),sneaking,sneaking,ne,span,line_item,[TAG=span] [ROLE=line_item] Thulo बाट स्कुल ब्याग बीमा पहिले नै छनोट (रु. 249),sneaking:ne:19,synthetic_v1,0,0,0,0,0,1,0,0
चितवन अर्डरमा रु. 99 प्याकेजिङ शुल्क,sneaking,sneaking,ne,label,checkbox,[TAG=label] [ROLE=checkbox] चितवन अर्डरमा रु. 99 प्याकेजिङ शुल्क,sneaking:ne:20,synthetic_v1,0,0,0,0,0,1,0,0
office chair insurance from Lenskart pre-selected (Rs. 799),sneaking,sneaking,en,span,line_item,[TAG=span] [ROLE=line_item] office chair insurance from Lenskart pre-selected (Rs. 799),sneaking:en:19,synthetic_v1,0,0,0,0,0,1,0,0
"पुणे के लिए प्राथमिकता डिलीवरी चुनी गई (+रु. 1,199)",sneaking,sneaking,hi,span,line_item,"[TAG=span] [ROLE=line_item] पुणे के लिए प्राथमिकता डिलीवरी चुनी गई (+रु. 1,199)",sneaking:hi:23,synthetic_v1,0,0,0,0,0,1,0,0
Packaging fee Rs. 699 will be shown at payment,sneaking,sneaking,en,label,checkbox,[TAG=label] [ROLE=checkbox] Packaging fee Rs. 699 will be shown at payment,sneaking:en:15,synthetic_v1,0,0,0,0,0,1,0,0
Includes a 10-month Pro subscription,sneaking,sneaking,en,label,checkbox,[TAG=label] [ROLE=checkbox] Includes a 10-month Pro subscription,sneaking:en:10,synthetic_v1,0,0,0,0,0,1,0,0
चेकआउट पर रु. 699 शिपिंग शुल्क जोड़ा गया,sneaking,sneaking,hi,span,line_item,[TAG=span] [ROLE=line_item] चेकआउट पर रु. 699 शिपिंग शुल्क जोड़ा गया,sneaking:hi:00,synthetic_v1,0,0,0,0,0,1,0,0
प्याकेजिङ शुल्क रु. 499 भुक्तानीमा देखिनेछ,sneaking,sneaking,ne,label,checkbox,[TAG=label] [ROLE=checkbox] प्याकेजिङ शुल्क रु. 499 भुक्तानीमा देखिनेछ,sneaking:ne:15,synthetic_v1,0,0,0,0,0,1,0,0
आपका BigBasket गोल्ड ट्रायल रु. 699 पर रिन्यू होगा,sneaking,sneaking,hi,p,fine_print,[TAG=p] [ROLE=fine_print] आपका BigBasket गोल्ड ट्रायल रु. 699 पर रिन्यू होगा,sneaking:hi:21,synthetic_v1,0,0,0,0,0,1,0,0
"Rs. 1,499 packaging charge applies for Pokhara orders",sneaking,sneaking,en,span,line_item,"[TAG=span] [ROLE=line_item] Rs. 1,499 packaging charge applies for Pokhara orders",sneaking:en:20,synthetic_v1,0,0,0,0,0,1,0,0
Daraz को प्राइम सदस्यता थपियो — रु. 349/महिना,sneaking,sneaking,ne,p,fine_print,[TAG=p] [ROLE=fine_print] Daraz को प्राइम सदस्यता थपियो — रु. 349/महिना,sneaking:ne:17,synthetic_v1,0,0,0,0,0,1,0,0
सूरत ऑर्डर पर रु. 999 पैकेजिंग शुल्क,sneaking,sneaking,hi,label,checkbox,[TAG=label] [ROLE=checkbox] सूरत ऑर्डर पर रु. 999 पैकेजिंग शुल्क,sneaking:hi:20,synthetic_v1,0,0,0,0,0,1,0,0
"Ajio ऑर्डर में रु. 2,999 का दान जोड़ा गया",sneaking,sneaking,hi,label,checkbox,"[TAG=label] [ROLE=checkbox] Ajio ऑर्डर में रु. 2,999 का दान जोड़ा गया",sneaking:hi:22,synthetic_v1,0,0,0,0,0,1,0,0
"Rs. 2,999 packaging charge applies for Lucknow orders",sneaking,sneaking,en,span,line_item,"[TAG=span] [ROLE=line_item] Rs. 2,999 packaging charge applies for Lucknow orders",sneaking:en:20,synthetic_v1,0,0,0,0,0,1,0,0
"Rs. 1,999 packaging charge applies for Nepalgunj orders",sneaking,sneaking,en,label,checkbox,"[TAG=label] [ROLE=checkbox] Rs. 1,999 packaging charge applies for Nepalgunj orders",sneaking:en:20,synthetic_v1,0,0,0,0,0,1,0,0
इंडक्शन चूल्हा का बीमा आपके लिए चुना गया,sneaking,sneaking,hi,p,fine_print,[TAG=p] [ROLE=fine_print] इंडक्शन चूल्हा का बीमा आपके लिए चुना गया,sneaking:hi:07,synthetic_v1,0,0,0,0,0,1,0,0
जनकपुर डेलिभरीमा थप रु. 799,sneaking,sneaking,ne,p,fine_print,[TAG=p] [ROLE=fine_print] जनकपुर डेलिभरीमा थप रु. 799,sneaking:ne:18,synthetic_v1,0,0,0,0,0,1,0,0
Service fee of Rs. 249 applied,sneaking,sneaking,en,label,checkbox,[TAG=label] [ROLE=checkbox] Service fee of Rs. 249 applied,sneaking:en:03,synthetic_v1,0,0,0,0,0,1,0,0
"निःशुल्क ट्रायलपछि प्रिमियम रु. 1,199/महिना हुनेछ",sneaking,sneaking,ne,p,fine_print,"[TAG=p] [ROLE=fine_print] निःशुल्क ट्रायलपछि प्रिमियम रु. 1,199/महिना हुनेछ",sneaking:ne:04,synthetic_v1,0,0,0,0,0,1,0,0
Convenience fee of Rs. 349 included,sneaking,sneaking,en,label,checkbox,[TAG=label] [ROLE=checkbox] Convenience fee of Rs. 349 included,sneaking:en:05,synthetic_v1,0,0,0,0,0,1,0,0
"Donation of Rs. 2,999 added to your Kinbech order",sneaking,sneaking,en,p,fine_print,"[TAG=p] [ROLE=fine_print] Donation of Rs. 2,999 added to your Kinbech order",sneaking:en:22,synthetic_v1,0,0,0,0,0,1,0,0
Includes a 5-month Pro subscription,sneaking,sneaking,en,label,checkbox,[TAG=label] [ROLE=checkbox] Includes a 5-month Pro subscription,sneaking:en:10,synthetic_v1,0,0,0,0,0,1,0,0
तपाईंको Kinbech प्रो ट्रायल रु. 699 मा नवीकरण हुनेछ,sneaking,sneaking,ne,label,checkbox,[TAG=label] [ROLE=checkbox] तपाईंको Kinbech प्रो ट्रायल रु. 699 मा नवीकरण हुनेछ,sneaking:ne:21,synthetic_v1,0,0,0,0,0,1,0,0
"पटना डिलीवरी पर अतिरिक्त रु. 1,999",sneaking,sneaking,hi,span,line_item,"[TAG=span] [ROLE=line_item] पटना डिलीवरी पर अतिरिक्त रु. 1,999",sneaking:hi:18,synthetic_v1,0,0,0,0,0,1,0,0
Lenskart की गोल्ड सदस्यता जोड़ी गई — रु. 699/महीना,sneaking,sneaking,hi,p,fine_print,[TAG=p] [ROLE=fine_print] Lenskart की गोल्ड सदस्यता जोड़ी गई — रु. 699/महीना,sneaking:hi:17,synthetic_v1,0,0,0,0,0,1,0,0
Muncha सेवा शुल्क रु. 449 आपके ब्लूटूथ स्पीकर ऑर्डर में जोड़ा गया,sneaking,sneaking,hi,span,line_item,[TAG=span] [ROLE=line_item] Muncha सेवा शुल्क रु. 449 आपके ब्लूटूथ स्पीकर ऑर्डर में जोड़ा गया,sneaking:hi:16,synthetic_v1,0,0,0,0,0,1,0,0
"Your free trial converts to Plus at Rs. 1,999/month",sneaking,sneaking,en,span,line_item,"[TAG=span] [ROLE=line_item] Your free trial converts to Plus at Rs. 1,999/month",sneaking:en:04,synthetic_v1,0,0,0,0,0,1,0,0
सुविधा शुल्क रु. 299 शामिल,sneaking,sneaking,hi,p,fine_print,[TAG=p] [ROLE=fine_print] सुविधा शुल्क रु. 299 शामिल,sneaking:hi:05,synthetic_v1,0,0,0,0,0,1,0,0
"अहमदाबाद डिलीवरी पर रु. 1,999 हैंडलिंग शुल्क",sneaking,sneaking,hi,p,fine_print,"[TAG=p] [ROLE=fine_print] अहमदाबाद डिलीवरी पर रु. 1,999 हैंडलिंग शुल्क",sneaking:hi:13,synthetic_v1,0,0,0,0,0,1,0,0
सुर्खेत डेलिभरीमा थप रु. 449,sneaking,sneaking,ne,label,checkbox,[TAG=label] [ROLE=checkbox] सुर्खेत डेलिभरीमा थप रु. 449,sneaking:ne:18,synthetic_v1,0,0,0,0,0,1,0,0
आपका HamroBazar प्राइम ट्रायल रु. 299 पर रिन्यू होगा,sneaking,sneaking,hi,label,checkbox,[TAG=label] [ROLE=checkbox] आपका HamroBazar प्राइम ट्रायल रु. 299 पर रिन्यू होगा,sneaking:hi:21,synthetic_v1,0,0,0,0,0,1,0,0
रु. 49 सेवा शुल्क लागू,sneaking,sneaking,ne,label,checkbox,[TAG=label] [ROLE=checkbox] रु. 49 सेवा शुल्क लागू,sneaking:ne:03,synthetic_v1,0,0,0,0,0,1,0,0
JioMart को प्लस सदस्यता थपियो — रु. 399/महिना,sneaking,sneaking,ne,label,checkbox,[TAG=label] [ROLE=checkbox] JioMart को प्लस सदस्यता थपियो — रु. 399/महिना,sneaking:ne:17,synthetic_v1,0,0,0,0,0,1,0,0
Your free trial converts to Gold at Rs. 699/month,sneaking,sneaking,en,span,line_item,[TAG=span] [ROLE=line_item] Your free trial converts to Gold at Rs. 699/month,sneaking:en:04,synthetic_v1,0,0,0,0,0,1,0,0
4 महिनाको प्रिमियम सदस्यता समावेश,sneaking,sneaking,ne,p,fine_print,[TAG=p] [ROLE=fine_print] 4 महिनाको प्रिमियम सदस्यता समावेश,sneaking:ne:10,synthetic_v1,0,0,0,0,0,1,0,0
प्लस के लिए ऑटो-रिन्यूअल चालू है,sneaking,sneaking,hi,label,checkbox,[TAG=label] [ROLE=checkbox] प्लस के लिए ऑटो-रिन्यूअल चालू है,sneaking:hi:08,synthetic_v1,0,0,0,0,0,1,0,0
Ajio अर्डरमा रु. 149 दान थपियो,sneaking,sneaking,ne,p,fine_print,[TAG=p] [ROLE=fine_print] Ajio अर्डरमा रु. 149 दान थपियो,sneaking:ne:22,synthetic_v1,0,0,0,0,0,1,0,0
Reliance Digital से धूप का चश्मा बीमा पहले से चुना गया (रु. 249),sneaking,sneaking,hi,label,checkbox,[TAG=label] [ROLE=checkbox] Reliance Digital से धूप का चश्मा बीमा पहले से चुना गया (रु. 249),sneaking:hi:19,synthetic_v1,0,0,0,0,0,1,0,0
Includes a 9-month Plus subscription,sneaking,sneaking,en,span,line_item,[TAG=span] [ROLE=line_item] Includes a 9-month Plus subscription,sneaking:en:10,synthetic_v1,0,0,0,0,0,1,0,0
आगरा डिलीवरी पर अतिरिक्त रु. 399,sneaking,sneaking,hi,p,fine_print,[TAG=p] [ROLE=fine_print] आगरा डिलीवरी पर अतिरिक्त रु. 399,sneaking:hi:18,synthetic_v1,0,0,0,0,0,1,0,0
12 महिनाको गोल्ड सदस्यता समावेश,sneaking,sneaking,ne,span,line_item,[TAG=span] [ROLE=line_item] 12 महिनाको गोल्ड सदस्यता समावेश,sneaking:ne:10,synthetic_v1,0,0,0,0,0,1,0,0
बाँके अर्डरमा रु. 899 प्याकेजिङ शुल्क,sneaking,sneaking,ne,span,line_item,[TAG=span] [ROLE=line_item] बाँके अर्डरमा रु. 899 प्याकेजिङ शुल्क,sneaking:ne:20,synthetic_v1,0,0,0,0,0,1,0,0
हैदराबाद ऑर्डर पर रु. 999 पैकेजिंग शुल्क,sneaking,sneaking,hi,p,fine_print,[TAG=p] [ROLE=fine_print] हैदराबाद ऑर्डर पर रु. 999 पैकेजिंग शुल्क,sneaking:hi:20,synthetic_v1,0,0,0,0,0,1,0,0
"फ्री ट्रायल के बाद प्राइम रु. 1,999/महीना हो जाएगा",sneaking,sneaking,hi,span,line_item,"[TAG=span] [ROLE=line_item] फ्री ट्रायल के बाद प्राइम रु. 1,999/महीना हो जाएगा",sneaking:hi:04,synthetic_v1,0,0,0,0,0,1,0,0
Plus membership added to your yoga mat order,sneaking,sneaking,en,span,line_item,[TAG=span] [ROLE=line_item] Plus membership added to your yoga mat order,sneaking:en:14,synthetic_v1,0,0,0,0,0,1,0,0
Donation of Rs. 149 added to your Lenskart order,sneaking,sneaking,en,label,checkbox,[TAG=label] [ROLE=checkbox] Donation of Rs. 149 added to your Lenskart order,sneaking:en:22,synthetic_v1,0,0,0,0,0,1,0,0
निःशुल्क ट्रायलपछि प्रो रु. 99/महिना हुनेछ,sneaking,sneaking,ne,span,line_item,[TAG=span] [ROLE=line_item] निःशुल्क ट्रायलपछि प्रो रु. 99/महिना हुनेछ,sneaking:ne:04,synthetic_v1,0,0,0,0,0,1,0,0
"Donation of Rs. 1,999 added to your Kinbech order",sneaking,sneaking,en,span,line_item,"[TAG=span] [ROLE=line_item] Donation of Rs. 1,999 added to your Kinbech order",sneaking:en:22,synthetic_v1,0,0,0,0,0,1,0,0
Gold membership from Ajio added — Rs. 399/month,sneaking,sneaking,en,label,checkbox,[TAG=label] [ROLE=checkbox] Gold membership from Ajio added — Rs. 399/month,sneaking:en:17,synthetic_v1,0,0,0,0,0,1,0,0
Nykaa सेवा शुल्क रु. 599 आपके एयर फ्रायर ऑर्डर में जोड़ा गया,sneaking,sneaking,hi,label,checkbox,[TAG=label] [ROLE=checkbox] Nykaa सेवा शुल्क रु. 599 आपके एयर फ्रायर ऑर्डर में जोड़ा गया,sneaking:hi:16,synthetic_v1,0,0,0,0,0,1,0,0
आपके इलेक्ट्रिक केटल ऑर्डर में प्रो सदस्यता जोड़ी गई,sneaking,sneaking,hi,span,line_item,[TAG=span] [ROLE=line_item] आपके इलेक्ट्रिक केटल ऑर्डर में प्रो सदस्यता जोड़ी गई,sneaking:hi:14,synthetic_v1,0,0,0,0,0,1,0,0
Your free trial converts to Plus at Rs. 149/month,sneaking,sneaking,en,label,checkbox,[TAG=label] [ROLE=checkbox] Your free trial converts to Plus at Rs. 149/month,sneaking:en:04,synthetic_v1,0,0,0,0,0,1,0,0
इटहरी अर्डरमा रु. 299 प्याकेजिङ शुल्क,sneaking,sneaking,ne,span,line_item,[TAG=span] [ROLE=line_item] इटहरी अर्डरमा रु. 299 प्याकेजिङ शुल्क,sneaking:ne:20,synthetic_v1,0,0,0,0,0,1,0,0
पैकेजिंग शुल्क रु. 249 भुगतान पर दिखेगा,sneaking,sneaking,hi,p,fine_print,[TAG=p] [ROLE=fine_print] पैकेजिंग शुल्क रु. 249 भुगतान पर दिखेगा,sneaking:hi:15,synthetic_v1,0,0,0,0,0,1,0,0
"बाँके डेलिभरीमा रु. 2,999 ह्यान्डलिङ शुल्क",sneaking,sneaking,ne,label,checkbox,"[TAG=label] [ROLE=checkbox] बाँके डेलिभरीमा रु. 2,999 ह्यान्डलिङ शुल्क",sneaking:ne:13,synthetic_v1,0,0,0,0,0,1,0,0
पैकेजिंग शुल्क रु. 699 भुगतान पर दिखेगा,sneaking,sneaking,hi,label,checkbox,[TAG=label] [ROLE=checkbox] पैकेजिंग शुल्क रु. 699 भुगतान पर दिखेगा,sneaking:hi:15,synthetic_v1,0,0,0,0,0,1,0,0
Priority delivery to Dharan selected (+Rs. 449),sneaking,sneaking,en,span,line_item,[TAG=span] [ROLE=line_item] Priority delivery to Dharan selected (+Rs. 449),sneaking:en:23,synthetic_v1,0,0,0,0,0,1,0,0
तपाईंको राइस कुकर अर्डरमा प्राइम सदस्यता थपियो,sneaking,sneaking,ne,label,checkbox,[TAG=label] [ROLE=checkbox] तपाईंको राइस कुकर अर्डरमा प्राइम सदस्यता थपियो,sneaking:ne:14,synthetic_v1,0,0,0,0,0,1,0,0
"wireless earbuds insurance from Gyapu pre-selected (Rs. 2,499)",sneaking,sneaking,en,p,fine_print,"[TAG=p] [ROLE=fine_print] wireless earbuds insurance from Gyapu pre-selected (Rs. 2,499)",sneaking:en:19,synthetic_v1,0,0,0,0,0,1,0,0
9 महीने की प्रीमियम सदस्यता शामिल,sneaking,sneaking,hi,span,line_item,[TAG=span] [ROLE=line_item] 9 महीने की प्रीमियम सदस्यता शामिल,sneaking:hi:10,synthetic_v1,0,0,0,0,0,1,0,0
वीरगन्ज डेलिभरीमा थप रु. 349,sneaking,sneaking,ne,p,fine_print,[TAG=p] [ROLE=fine_print] वीरगन्ज डेलिभरीमा थप रु. 349,sneaking:ne:18,synthetic_v1,0,0,0,0,0,1,0,0
FirstCry सेवा शुल्क रु. 699 तपाईंको ब्लुटुथ स्पिकर अर्डरमा थपियो,sneaking,sneaking,ne,span,line_item,[TAG=span] [ROLE=line_item] FirstCry सेवा शुल्क रु. 699 तपाईंको ब्लुटुथ स्पिकर अर्डरमा थपियो,sneaking:ne:16,synthetic_v1,0,0,0,0,0,1,0,0
Muncha सेवा शुल्क रु. 149 तपाईंको कटन कुर्ता अर्डरमा थपियो,sneaking,sneaking,ne,span,line_item,[TAG=span] [ROLE=line_item] Muncha सेवा शुल्क रु. 149 तपाईंको कटन कुर्ता अर्डरमा थपियो,sneaking:ne:16,synthetic_v1,0,0,0,0,0,1,0,0
"Myntra बाट ब्लुटुथ स्पिकर बीमा पहिले नै छनोट (रु. 2,999)",sneaking,sneaking,ne,p,fine_print,"[TAG=p] [ROLE=fine_print] Myntra बाट ब्लुटुथ स्पिकर बीमा पहिले नै छनोट (रु. 2,999)",sneaking:ne:19,synthetic_v1,0,0,0,0,0,1,0,0
Priority delivery to Dharan selected (+Rs. 399),sneaking,sneaking,en,span,line_item,[TAG=span] [ROLE=line_item] Priority delivery to Dharan selected (+Rs. 399),sneaking:en:23,synthetic_v1,0,0,0,0,0,1,0,0
जारी रखने पर हर महीने रु. 599 शुल्क लगेगा,sneaking,sneaking,hi,p,fine_print,[TAG=p] [ROLE=fine_print] जारी रखने पर हर महीने रु. 599 शुल्क लगेगा,sneaking:hi:01,synthetic_v1,0,0,0,0,0,1,0,0
Donation of Rs. 799 added to your Myntra order,sneaking,sneaking,en,label,checkbox,[TAG=label] [ROLE=checkbox] Donation of Rs. 799 added to your Myntra order,sneaking:en:22,synthetic_v1,0,0,0,0,0,1,0,0
तपाईंको स्कुल ब्याग अर्डरमा प्राइम सदस्यता थपियो,sneaking,sneaking,ne,p,fine_print,[TAG=p] [ROLE=fine_print] तपाईंको स्कुल ब्याग अर्डरमा प्राइम सदस्यता थपियो,sneaking:ne:14,synthetic_v1,0,0,0,0,0,1,0,0
Salesberry की गोल्ड सदस्यता जोड़ी गई — रु. 999/महीना,sneaking,sneaking,hi,label,checkbox,[TAG=label] [ROLE=checkbox] Salesberry की गोल्ड सदस्यता जोड़ी गई — रु. 999/महीना,sneaking:hi:17,synthetic_v1,0,0,0,0,0,1,0,0
Salesberry सेवा शुल्क रु. 349 तपाईंको ब्लुटुथ स्पिकर अर्डरमा थपियो,sneaking,sneaking,ne,span,line_item,[TAG=span] [ROLE=line_item] Salesberry सेवा शुल्क रु. 349 तपाईंको ब्लुटुथ स्पिकर अर्डरमा थपियो,sneaking:ne:16,synthetic_v1,0,0,0,0,0,1,0,0
Prime membership from Nykaa added — Rs. 349/month,sneaking,sneaking,en,span,line_item,[TAG=span] [ROLE=line_item] Prime membership from Nykaa added — Rs. 349/month,sneaking:en:17,synthetic_v1,0,0,0,0,0,1,0,0
Kinbech सेवा शुल्क रु. 149 आपके इंडक्शन चूल्हा ऑर्डर में जोड़ा गया,sneaking,sneaking,hi,span,line_item,[TAG=span] [ROLE=line_item] Kinbech सेवा शुल्क रु. 149 आपके इंडक्शन चूल्हा ऑर्डर में जोड़ा गया,sneaking:hi:16,synthetic_v1,0,0,0,0,0,1,0,0
Insurance for laptop bag selected for you,sneaking,sneaking,en,p,fine_print,[TAG=p] [ROLE=fine_print] Insurance for laptop bag selected for you,sneaking:en:07,synthetic_v1,0,0,0,0,0,1,0,0
आपका Muncha प्रो ट्रायल रु. 249 पर रिन्यू होगा,sneaking,sneaking,hi,span,line_item,[TAG=span] [ROLE=line_item] आपका Muncha प्रो ट्रायल रु. 249 पर रिन्यू होगा,sneaking:hi:21,synthetic_v1,0,0,0,0,0,1,0,0
wireless earbuds insurance from Amazon pre-selected (Rs. 249),sneaking,sneaking,en,p,fine_print,[TAG=p] [ROLE=fine_print] wireless earbuds insurance from Amazon pre-selected (Rs. 249),sneaking:en:19,synthetic_v1,0,0,0,0,0,1,0,0
Ajio बाट इन्डक्सन चुल्हो बीमा पहिले नै छनोट (रु. 199),sneaking,sneaking,ne,label,checkbox,[TAG=label] [ROLE=checkbox] Ajio बाट इन्डक्सन चुल्हो बीमा पहिले नै छनोट (रु. 199),sneaking:ne:19,synthetic_v1,0,0,0,0,0,1,0,0
BigBasket से स्कूल बैग बीमा पहले से चुना गया (रु. 49),sneaking,sneaking,hi,p,fine_print,[TAG=p] [ROLE=fine_print] BigBasket से स्कूल बैग बीमा पहले से चुना गया (रु. 49),sneaking:hi:19,synthetic_v1,0,0,0,0,0,1,0,0
"दिल्ली ऑर्डर पर रु. 1,199 पैकेजिंग शुल्क",sneaking,sneaking,hi,label,checkbox,"[TAG=label] [ROLE=checkbox] दिल्ली ऑर्डर पर रु. 1,199 पैकेजिंग शुल्क",sneaking:hi:20,synthetic_v1,0,0,0,0,0,1,0,0
Croma से कॉटन कुर्ता बीमा पहले से चुना गया (रु. 599),sneaking,sneaking,hi,label,checkbox,[TAG=label] [ROLE=checkbox] Croma से कॉटन कुर्ता बीमा पहले से चुना गया (रु. 599),sneaking:hi:19,synthetic_v1,0,0,0,0,0,1,0,0
BigBasket से धूप का चश्मा बीमा पहले से चुना गया (रु. 799),sneaking,sneaking,hi,span,line_item,[TAG=span] [ROLE=line_item] BigBasket से धूप का चश्मा बीमा पहले से चुना गया (रु. 799),sneaking:hi:19,synthetic_v1,0,0,0,0,0,1,0,0
Myntra से स्मार्टवॉच बीमा पहले से चुना गया (रु. 449),sneaking,sneaking,hi,span,line_item,[TAG=span] [ROLE=line_item] Myntra से स्मार्टवॉच बीमा पहले से चुना गया (रु. 449),sneaking:hi:19,synthetic_v1,0,0,0,0,0,1,0,0
"तपाईंको Ajio प्लस ट्रायल रु. 2,499 मा नवीकरण हुनेछ",sneaking,sneaking,ne,p,fine_print,"[TAG=p] [ROLE=fine_print] तपाईंको Ajio प्लस ट्रायल रु. 2,499 मा नवीकरण हुनेछ",sneaking:ne:21,synthetic_v1,0,0,0,0,0,1,0,0
निःशुल्क ट्रायलपछि प्रो रु. 449/महिना हुनेछ,sneaking,sneaking,ne,label,checkbox,[TAG=label] [ROLE=checkbox] निःशुल्क ट्रायलपछि प्रो रु. 449/महिना हुनेछ,sneaking:ne:04,synthetic_v1,0,0,0,0,0,1,0,0
protein powder insurance from Nykaa pre-selected (Rs. 249),sneaking,sneaking,en,p,fine_print,[TAG=p] [ROLE=fine_print] protein powder insurance from Nykaa pre-selected (Rs. 249),sneaking:en:19,synthetic_v1,0,0,0,0,0,1,0,0
Priority delivery to Lucknow selected (+Rs. 49),sneaking,sneaking,en,label,checkbox,[TAG=label] [ROLE=checkbox] Priority delivery to Lucknow selected (+Rs. 49),sneaking:en:23,synthetic_v1,0,0,0,0,0,1,0,0
"Reliance Digital service fee of Rs. 2,999 added to your hair dryer order",sneaking,sneaking,en,p,fine_print,"[TAG=p] [ROLE=fine_print] Reliance Digital service fee of Rs. 2,999 added to your hair dryer order",sneaking:en:16,synthetic_v1,0,0,0,0,0,1,0,0
Insurance for running shoes selected for you,sneaking,sneaking,en,span,line_item,[TAG=span] [ROLE=line_item] Insurance for running shoes selected for you,sneaking:en:07,synthetic_v1,0,0,0,0,0,1,0,0
निःशुल्क ट्रायलपछि प्लस रु. 399/महिना हुनेछ,sneaking,sneaking,ne,span,line_item,[TAG=span] [ROLE=line_item] निःशुल्क ट्रायलपछि प्लस रु. 399/महिना हुनेछ,sneaking:ne:04,synthetic_v1,0,0,0,0,0,1,0,0
पोखरा अर्डरमा रु. 349 प्याकेजिङ शुल्क,sneaking,sneaking,ne,span,line_item,[TAG=span] [ROLE=line_item] पोखरा अर्डरमा रु. 349 प्याकेजिङ शुल्क,sneaking:ne:20,synthetic_v1,0,0,0,0,0,1,0,0
आपका Thulo प्राइम ट्रायल रु. 149 पर रिन्यू होगा,sneaking,sneaking,hi,p,fine_print,[TAG=p] [ROLE=fine_print] आपका Thulo प्राइम ट्रायल रु. 149 पर रिन्यू होगा,sneaking:hi:21,synthetic_v1,0,0,0,0,0,1,0,0
"तनहुँ अर्डरमा रु. 2,999 प्याकेजिङ शुल्क",sneaking,sneaking,ne,label,checkbox,"[TAG=label] [ROLE=checkbox] तनहुँ अर्डरमा रु. 2,999 प्याकेजिङ शुल्क",sneaking:ne:20,synthetic_v1,0,0,0,0,0,1,0,0
Daraz से स्कूल बैग बीमा पहले से चुना गया (रु. 999),sneaking,sneaking,hi,p,fine_print,[TAG=p] [ROLE=fine_print] Daraz से स्कूल बैग बीमा पहले से चुना गया (रु. 999),sneaking:hi:19,synthetic_v1,0,0,0,0,0,1,0,0
"Handling charge of Rs. 1,499 for Nepalgunj deliveries",sneaking,sneaking,en,span,line_item,"[TAG=span] [ROLE=line_item] Handling charge of Rs. 1,499 for Nepalgunj deliveries",sneaking:en:13,synthetic_v1,0,0,0,0,0,1,0,0
प्राथमिकता डिलीवरी पहले से चुनी गई (+रु. 999),sneaking,sneaking,hi,p,fine_print,[TAG=p] [ROLE=fine_print] प्राथमिकता डिलीवरी पहले से चुनी गई (+रु. 999),sneaking:hi:09,synthetic_v1,0,0,0,0,0,1,0,0
"नेपालगन्ज डेलिभरीमा रु. 2,999 ह्यान्डलिङ शुल्क",sneaking,sneaking,ne,label,checkbox,"[TAG=label] [ROLE=checkbox] नेपालगन्ज डेलिभरीमा रु. 2,999 ह्यान्डलिङ शुल्क",sneaking:ne:13,synthetic_v1,0,0,0,0,0,1,0,0
जनकपुर डेलिभरीमा थप रु. 599,sneaking,sneaking,ne,label,checkbox,[TAG=label] [ROLE=checkbox] जनकपुर डेलिभरीमा थप रु. 599,sneaking:ne:18,synthetic_v1,0,0,0,0,0,1,0,0
इटहरी अर्डरमा रु. 399 प्याकेजिङ शुल्क,sneaking,sneaking,ne,p,fine_print,[TAG=p] [ROLE=fine_print] इटहरी अर्डरमा रु. 399 प्याकेजिङ शुल्क,sneaking:ne:20,synthetic_v1,0,0,0,0,0,1,0,0
पैकेजिंग शुल्क रु. 499 भुगतान पर दिखेगा,sneaking,sneaking,hi,label,checkbox,[TAG=label] [ROLE=checkbox] पैकेजिंग शुल्क रु. 499 भुगतान पर दिखेगा,sneaking:hi:15,synthetic_v1,0,0,0,0,0,1,0,0
Rs. 99 packaging charge applies for Nepalgunj orders,sneaking,sneaking,en,label,checkbox,[TAG=label] [ROLE=checkbox] Rs. 99 packaging charge applies for Nepalgunj orders,sneaking:en:20,synthetic_v1,0,0,0,0,0,1,0,0
तपाईंको स्टडी लाइट अर्डरमा प्लस सदस्यता थपियो,sneaking,sneaking,ne,p,fine_print,[TAG=p] [ROLE=fine_print] तपाईंको स्टडी लाइट अर्डरमा प्लस सदस्यता थपियो,sneaking:ne:14,synthetic_v1,0,0,0,0,0,1,0,0
Snapdeal बाट एयर फ्रायर बीमा पहिले नै छनोट (रु. 449),sneaking,sneaking,ne,span,line_item,[TAG=span] [ROLE=line_item] Snapdeal बाट एयर फ्रायर बीमा पहिले नै छनोट (रु. 449),sneaking:ne:19,synthetic_v1,0,0,0,0,0,1,0,0
Nykaa सेवा शुल्क रु. 999 आपके फॉर्मल शर्ट ऑर्डर में जोड़ा गया,sneaking,sneaking,hi,span,line_item,[TAG=span] [ROLE=line_item] Nykaa सेवा शुल्क रु. 999 आपके फॉर्मल शर्ट ऑर्डर में जोड़ा गया,sneaking:hi:16,synthetic_v1,0,0,0,0,0,1,0,0
सुविधा शुल्क रु. 49 शामिल,sneaking,sneaking,hi,p,fine_print,[TAG=p] [ROLE=fine_print] सुविधा शुल्क रु. 49 शामिल,sneaking:hi:05,synthetic_v1,0,0,0,0,0,1,0,0
तपाईंको अर्डरमा रु. 249 दान थपियो,sneaking,sneaking,ne,label,checkbox,[TAG=label] [ROLE=checkbox] तपाईंको अर्डरमा रु. 249 दान थपियो,sneaking:ne:06,synthetic_v1,0,0,0,0,0,1,0,0
3 महीने की प्राइम सदस्यता शामिल,sneaking,sneaking,hi,p,fine_print,[TAG=p] [ROLE=fine_print] 3 महीने की प्राइम सदस्यता शामिल,sneaking:hi:10,synthetic_v1,0,0,0,0,0,1,0,0
तपाईंको FirstCry प्रिमियम ट्रायल रु. 249 मा नवीकरण हुनेछ,sneaking,sneaking,ne,span,line_item,[TAG=span] [ROLE=line_item] तपाईंको FirstCry प्रिमियम ट्रायल रु. 249 मा नवीकरण हुनेछ,sneaking:ne:21,synthetic_v1,0,0,0,0,0,1,0,0
Reliance Digital अर्डरमा रु. 449 दान थपियो,sneaking,sneaking,ne,p,fine_print,[TAG=p] [ROLE=fine_print] Reliance Digital अर्डरमा रु. 449 दान थपियो,sneaking:ne:22,synthetic_v1,0,0,0,0,0,1,0,0
Salesberry को प्लस सदस्यता थपियो — रु. 349/महिना,sneaking,sneaking,ne,label,checkbox,[TAG=label] [ROLE=checkbox] Salesberry को प्लस सदस्यता थपियो — रु. 349/महिना,sneaking:ne:17,synthetic_v1,0,0,0,0,0,1,0,0
Priority delivery pre-selected (+Rs. 799),sneaking,sneaking,en,label,checkbox,[TAG=label] [ROLE=checkbox] Priority delivery pre-selected (+Rs. 799),sneaking:en:09,synthetic_v1,0,0,0,0,0,1,0,0
"काठमाडौँ का लागि प्राथमिकता डेलिभरी छनोट (+रु. 2,499)",sneaking,sneaking,ne,label,checkbox,"[TAG=label] [ROLE=checkbox] काठमाडौँ का लागि प्राथमिकता डेलिभरी छनोट (+रु. 2,499)",sneaking:ne:23,synthetic_v1,0,0,0,0,0,1,0,0
हैदराबाद ऑर्डर पर रु. 399 पैकेजिंग शुल्क,sneaking,sneaking,hi,p,fine_print,[TAG=p] [ROLE=fine_print] हैदराबाद ऑर्डर पर रु. 399 पैकेजिंग शुल्क,sneaking:hi:20,synthetic_v1,0,0,0,0,0,1,0,0
तपाईंको इलेक्ट्रिक केतली अर्डरमा गोल्ड सदस्यता थपियो,sneaking,sneaking,ne,label,checkbox,[TAG=label] [ROLE=checkbox] तपाईंको इलेक्ट्रिक केतली अर्डरमा गोल्ड सदस्यता थपियो,sneaking:ne:14,synthetic_v1,0,0,0,0,0,1,0,0
Lenskart बाट फोन कभर बीमा पहिले नै छनोट (रु. 299),sneaking,sneaking,ne,span,line_item,[TAG=span] [ROLE=line_item] Lenskart बाट फोन कभर बीमा पहिले नै छनोट (रु. 299),sneaking:ne:19,synthetic_v1,0,0,0,0,0,1,0,0
बैकपैक का बीमा आपके लिए चुना गया,sneaking,sneaking,hi,label,checkbox,[TAG=label] [ROLE=checkbox] बैकपैक का बीमा आपके लिए चुना गया,sneaking:hi:07,synthetic_v1,0,0,0,0,0,1,0,0
"Handling charge of Rs. 2,499 for Pune deliveries",sneaking,sneaking,en,p,fine_print,"[TAG=p] [ROLE=fine_print] Handling charge of Rs. 2,499 for Pune deliveries",sneaking:en:13,synthetic_v1,0,0,0,0,0,1,0,0
Prime membership added to your backpack order,sneaking,sneaking,en,label,checkbox,[TAG=label] [ROLE=checkbox] Prime membership added to your backpack order,sneaking:en:14,synthetic_v1,0,0,0,0,0,1,0,0
Service fee of Rs. 799 applied,sneaking,sneaking,en,span,line_item,[TAG=span] [ROLE=line_item] Service fee of Rs. 799 applied,sneaking:en:03,synthetic_v1,0,0,0,0,0,1,0,0
Ajio की प्राइम सदस्यता जोड़ी गई — रु. 449/महीना,sneaking,sneaking,hi,label,checkbox,[TAG=label] [ROLE=checkbox] Ajio की प्राइम सदस्यता जोड़ी गई — रु. 449/महीना,sneaking:hi:17,synthetic_v1,0,0,0,0,0,1,0,0
"Your FirstCry Prime trial renews at Rs. 1,999",sneaking,sneaking,en,p,fine_print,"[TAG=p] [ROLE=fine_print] Your FirstCry Prime trial renews at Rs. 1,999",sneaking:en:21,synthetic_v1,0,0,0,0,0,1,0,0
Lenskart बाट रनिङ जुत्ता बीमा पहिले नै छनोट (रु. 449),sneaking,sneaking,ne,span,line_item,[TAG=span] [ROLE=line_item] Lenskart बाट रनिङ जुत्ता बीमा पहिले नै छनोट (रु. 449),sneaking:ne:19,synthetic_v1,0,0,0,0,0,1,0,0
"प्राथमिकता डिलीवरी पहले से चुनी गई (+रु. 1,199)",sneaking,sneaking,hi,label,checkbox,"[TAG=label] [ROLE=checkbox] प्राथमिकता डिलीवरी पहले से चुनी गई (+रु. 1,199)",sneaking:hi:09,synthetic_v1,0,0,0,0,0,1,0,0
Includes a 3-month Gold subscription,sneaking,sneaking,en,span,line_item,[TAG=span] [ROLE=line_item] Includes a 3-month Gold subscription,sneaking:en:10,synthetic_v1,0,0,0,0,0,1,0,0
Delivery to Pokhara costs an extra Rs. 99,sneaking,sneaking,en,p,fine_print,[TAG=p] [ROLE=fine_print] Delivery to Pokhara costs an extra Rs. 99,sneaking:en:18,synthetic_v1,0,0,0,0,0,1,0,0
1 महिनाको प्रो सदस्यता समावेश,sneaking,sneaking,ne,label,checkbox,[TAG=label] [ROLE=checkbox] 1 महिनाको प्रो सदस्यता समावेश,sneaking:ne:10,synthetic_v1,0,0,0,0,0,1,0,0
रांची ऑर्डर पर रु. 99 पैकेजिंग शुल्क,sneaking,sneaking,hi,label,checkbox,[TAG=label] [ROLE=checkbox] रांची ऑर्डर पर रु. 99 पैकेजिंग शुल्क,sneaking:hi:20,synthetic_v1,0,0,0,0,0,1,0,0
पटना डिलीवरी पर रु. 999 हैंडलिंग शुल्क,sneaking,sneaking,hi,p,fine_print,[TAG=p] [ROLE=fine_print] पटना डिलीवरी पर रु. 999 हैंडलिंग शुल्क,sneaking:hi:13,synthetic_v1,0,0,0,0,0,1,0,0
"आपके ऑर्डर में रु. 1,199 का दान जोड़ा गया",sneaking,sneaking,hi,span,line_item,"[TAG=span] [ROLE=line_item] आपके ऑर्डर में रु. 1,199 का दान जोड़ा गया",sneaking:hi:06,synthetic_v1,0,0,0,0,0,1,0,0
Handling charge of Rs. 799 for Lucknow deliveries,sneaking,sneaking,en,label,checkbox,[TAG=label] [ROLE=checkbox] Handling charge of Rs. 799 for Lucknow deliveries,sneaking:en:13,synthetic_v1,0,0,0,0,0,1,0,0
Pepperfry सेवा शुल्क रु. 899 आपके नॉइज़ कैंसलिंग हेडफोन ऑर्डर में जोड़ा गया,sneaking,sneaking,hi,p,fine_print,[TAG=p] [ROLE=fine_print] Pepperfry सेवा शुल्क रु. 899 आपके नॉइज़ कैंसलिंग हेडफोन ऑर्डर में जोड़ा गया,sneaking:hi:16,synthetic_v1,0,0,0,0,0,1,0,0
"Priority delivery to Biratnagar selected (+Rs. 1,999)",sneaking,sneaking,en,p,fine_print,"[TAG=p] [ROLE=fine_print] Priority delivery to Biratnagar selected (+Rs. 1,999)",sneaking:en:23,synthetic_v1,0,0,0,0,0,1,0,0
प्राथमिकता डेलिभरी पहिले नै छनोट (+रु. 299),sneaking,sneaking,ne,label,checkbox,[TAG=label] [ROLE=checkbox] प्राथमिकता डेलिभरी पहिले नै छनोट (+रु. 299),sneaking:ne:09,synthetic_v1,0,0,0,0,0,1,0,0
"Lenskart को प्राइम सदस्यता थपियो — रु. 1,499/महिना",sneaking,sneaking,ne,span,line_item,"[TAG=span] [ROLE=line_item] Lenskart को प्राइम सदस्यता थपियो — रु. 1,499/महिना",sneaking:ne:17,synthetic_v1,0,0,0,0,0,1,0,0
गेमिङ माउस को बीमा तपाईंका लागि छनोट गरियो,sneaking,sneaking,ne,label,checkbox,[TAG=label] [ROLE=checkbox] गेमिङ माउस को बीमा तपाईंका लागि छनोट गरियो,sneaking:ne:07,synthetic_v1,0,0,0,0,0,1,0,0
1 महीने की प्राइम सदस्यता शामिल,sneaking,sneaking,hi,p,fine_print,[TAG=p] [ROLE=fine_print] 1 महीने की प्राइम सदस्यता शामिल,sneaking:hi:10,synthetic_v1,0,0,0,0,0,1,0,0
फ्री ट्रायल के बाद प्राइम रु. 149/महीना हो जाएगा,sneaking,sneaking,hi,p,fine_print,[TAG=p] [ROLE=fine_print] फ्री ट्रायल के बाद प्राइम रु. 149/महीना हो जाएगा,sneaking:hi:04,synthetic_v1,0,0,0,0,0,1,0,0
Pepperfry सेवा शुल्क रु. 899 तपाईंको फेस वास अर्डरमा थपियो,sneaking,sneaking,ne,p,fine_print,[TAG=p] [ROLE=fine_print] Pepperfry सेवा शुल्क रु. 899 तपाईंको फेस वास अर्डरमा थपियो,sneaking:ne:16,synthetic_v1,0,0,0,0,0,1,0,0
10 महिनाको प्लस सदस्यता समावेश,sneaking,sneaking,ne,label,checkbox,[TAG=label] [ROLE=checkbox] 10 महिनाको प्लस सदस्यता समावेश,sneaking:ne:10,synthetic_v1,0,0,0,0,0,1,0,0
Thulo अर्डरमा रु. 999 दान थपियो,sneaking,sneaking,ne,span,line_item,[TAG=span] [ROLE=line_item] Thulo अर्डरमा रु. 999 दान थपियो,sneaking:ne:22,synthetic_v1,0,0,0,0,0,1,0,0
Plus membership added to your sunglasses order,sneaking,sneaking,en,label,checkbox,[TAG=label] [ROLE=checkbox] Plus membership added to your sunglasses order,sneaking:en:14,synthetic_v1,0,0,0,0,0,1,0,0
इंदौर डिलीवरी पर अतिरिक्त रु. 199,sneaking,sneaking,hi,span,line_item,[TAG=span] [ROLE=line_item] इंदौर डिलीवरी पर अतिरिक्त रु. 199,sneaking:hi:18,synthetic_v1,0,0,0,0,0,1,0,0
Includes a 6-month Pro subscription,sneaking,sneaking,en,span,line_item,[TAG=span] [ROLE=line_item] Includes a 6-month Pro subscription,sneaking:en:10,synthetic_v1,0,0,0,0,0,1,0,0
"Pro membership from Gyapu added — Rs. 2,499/month",sneaking,sneaking,en,p,fine_print,"[TAG=p] [ROLE=fine_print] Pro membership from Gyapu added — Rs. 2,499/month",sneaking:en:17,synthetic_v1,0,0,0,0,0,1,0,0
फ्री ट्रायल के बाद प्लस रु. 899/महीना हो जाएगा,sneaking,sneaking,hi,p,fine_print,[TAG=p] [ROLE=fine_print] फ्री ट्रायल के बाद प्लस रु. 899/महीना हो जाएगा,sneaking:hi:04,synthetic_v1,0,0,0,0,0,1,0,0
Prime membership from Amazon added — Rs. 599/month,sneaking,sneaking,en,p,fine_print,[TAG=p] [ROLE=fine_print] Prime membership from Amazon added — Rs. 599/month,sneaking:en:17,synthetic_v1,0,0,0,0,0,1,0,0
आपका Zepto प्राइम ट्रायल रु. 449 पर रिन्यू होगा,sneaking,sneaking,hi,span,line_item,[TAG=span] [ROLE=line_item] आपका Zepto प्राइम ट्रायल रु. 449 पर रिन्यू होगा,sneaking:hi:21,synthetic_v1,0,0,0,0,0,1,0,0
"तपाईंको अर्डरमा रु. 1,199 दान थपियो",sneaking,sneaking,ne,p,fine_print,"[TAG=p] [ROLE=fine_print] तपाईंको अर्डरमा रु. 1,199 दान थपियो",sneaking:ne:06,synthetic_v1,0,0,0,0,0,1,0,0
फ्री ट्रायल के बाद प्लस रु. 249/महीना हो जाएगा,sneaking,sneaking,hi,span,line_item,[TAG=span] [ROLE=line_item] फ्री ट्रायल के बाद प्लस रु. 249/महीना हो जाएगा,sneaking:hi:04,synthetic_v1,0,0,0,0,0,1,0,0
Additional charges may apply at the final step,sneaking,sneaking,en,label,checkbox,[TAG=label] [ROLE=checkbox] Additional charges may apply at the final step,sneaking:en:11,synthetic_v1,0,0,0,0,0,1,0,0
Plus membership added to your water bottle order,sneaking,sneaking,en,span,line_item,[TAG=span] [ROLE=line_item] Plus membership added to your water bottle order,sneaking:en:14,synthetic_v1,0,0,0,0,0,1,0,0
Snapdeal सेवा शुल्क रु. 699 आपके फेस वॉश ऑर्डर में जोड़ा गया,sneaking,sneaking,hi,p,fine_print,[TAG=p] [ROLE=fine_print] Snapdeal सेवा शुल्क रु. 699 आपके फेस वॉश ऑर्डर में जोड़ा गया,sneaking:hi:16,synthetic_v1,0,0,0,0,0,1,0,0
बाँके डेलिभरीमा रु. 599 ह्यान्डलिङ शुल्क,sneaking,sneaking,ne,span,line_item,[TAG=span] [ROLE=line_item] बाँके डेलिभरीमा रु. 599 ह्यान्डलिङ शुल्क,sneaking:ne:13,synthetic_v1,0,0,0,0,0,1,0,0
निःशुल्क ट्रायलपछि प्राइम रु. 499/महिना हुनेछ,sneaking,sneaking,ne,p,fine_print,[TAG=p] [ROLE=fine_print] निःशुल्क ट्रायलपछि प्राइम रु. 499/महिना हुनेछ,sneaking:ne:04,synthetic_v1,0,0,0,0,0,1,0,0
धरान का लागि प्राथमिकता डेलिभरी छनोट (+रु. 599),sneaking,sneaking,ne,p,fine_print,[TAG=p] [ROLE=fine_print] धरान का लागि प्राथमिकता डेलिभरी छनोट (+रु. 599),sneaking:ne:23,synthetic_v1,0,0,0,0,0,1,0,0
"फ्री ट्रायल के बाद प्राइम रु. 1,199/महीना हो जाएगा",sneaking,sneaking,hi,span,line_item,"[TAG=span] [ROLE=line_item] फ्री ट्रायल के बाद प्राइम रु. 1,199/महीना हो जाएगा",sneaking:hi:04,synthetic_v1,0,0,0,0,0,1,0,0
HamroBazar को प्रिमियम सदस्यता थपियो — रु. 99/महिना,sneaking,sneaking,ne,span,line_item,[TAG=span] [ROLE=line_item] HamroBazar को प्रिमियम सदस्यता थपियो — रु. 99/महिना,sneaking:ne:17,synthetic_v1,0,0,0,0,0,1,0,0
Premium membership added to your power bank order,sneaking,sneaking,en,span,line_item,[TAG=span] [ROLE=line_item] Premium membership added to your power bank order,sneaking:en:14,synthetic_v1,0,0,0,0,0,1,0,0
Plus membership from Zepto added — Rs. 249/month,sneaking,sneaking,en,p,fine_print,[TAG=p] [ROLE=fine_print] Plus membership from Zepto added — Rs. 249/month,sneaking:en:17,synthetic_v1,0,0,0,0,0,1,0,0
वीरगन्ज अर्डरमा रु. 249 प्याकेजिङ शुल्क,sneaking,sneaking,ne,p,fine_print,[TAG=p] [ROLE=fine_print] वीरगन्ज अर्डरमा रु. 249 प्याकेजिङ शुल्क,sneaking:ne:20,synthetic_v1,0,0,0,0,0,1,0,0
"इटहरी अर्डरमा रु. 2,999 प्याकेजिङ शुल्क",sneaking,sneaking,ne,label,checkbox,"[TAG=label] [ROLE=checkbox] इटहरी अर्डरमा रु. 2,999 प्याकेजिङ शुल्क",sneaking:ne:20,synthetic_v1,0,0,0,0,0,1,0,0
"Handling charge of Rs. 1,999 for Nepalgunj deliveries",sneaking,sneaking,en,label,checkbox,"[TAG=label] [ROLE=checkbox] Handling charge of Rs. 1,999 for Nepalgunj deliveries",sneaking:en:13,synthetic_v1,0,0,0,0,0,1,0,0
Gold membership added to your study lamp order,sneaking,sneaking,en,p,fine_print,[TAG=p] [ROLE=fine_print] Gold membership added to your study lamp order,sneaking:en:14,synthetic_v1,0,0,0,0,0,1,0,0
"Packaging fee Rs. 2,499 will be shown at payment",sneaking,sneaking,en,p,fine_print,"[TAG=p] [ROLE=fine_print] Packaging fee Rs. 2,499 will be shown at payment",sneaking:en:15,synthetic_v1,0,0,0,0,0,1,0,0
Daraz service fee of Rs. 249 added to your water bottle order,sneaking,sneaking,en,label,checkbox,[TAG=label] [ROLE=checkbox] Daraz service fee of Rs. 249 added to your water bottle order,sneaking:en:16,synthetic_v1,0,0,0,0,0,1,0,0
बुटवल डेलिभरीमा रु. 999 ह्यान्डलिङ शुल्क,sneaking,sneaking,ne,label,checkbox,[TAG=label] [ROLE=checkbox] बुटवल डेलिभरीमा रु. 999 ह्यान्डलिङ शुल्क,sneaking:ne:13,synthetic_v1,0,0,0,0,0,1,0,0
"By continuing you agree to a recurring Rs. 1,499 monthly charge",sneaking,sneaking,en,span,line_item,"[TAG=span] [ROLE=line_item] By continuing you agree to a recurring Rs. 1,499 monthly charge",sneaking:en:01,synthetic_v1,0,0,0,0,0,1,0,0
कोलकाता के लिए प्राथमिकता डिलीवरी चुनी गई (+रु. 499),sneaking,sneaking,hi,span,line_item,[TAG=span] [ROLE=line_item] कोलकाता के लिए प्राथमिकता डिलीवरी चुनी गई (+रु. 499),sneaking:hi:23,synthetic_v1,0,0,0,0,0,1,0,0
आपका Flipkart प्रीमियम ट्रायल रु. 99 पर रिन्यू होगा,sneaking,sneaking,hi,span,line_item,[TAG=span] [ROLE=line_item] आपका Flipkart प्रीमियम ट्रायल रु. 99 पर रिन्यू होगा,sneaking:hi:21,synthetic_v1,0,0,0,0,0,1,0,0
"rice cooker insurance from Reliance Digital pre-selected (Rs. 2,499)",sneaking,sneaking,en,span,line_item,"[TAG=span] [ROLE=line_item] rice cooker insurance from Reliance Digital pre-selected (Rs. 2,499)",sneaking:en:19,synthetic_v1,0,0,0,0,0,1,0,0
HamroBazar बाट पावर ब्यांक बीमा पहिले नै छनोट (रु. 799),sneaking,sneaking,ne,label,checkbox,[TAG=label] [ROLE=checkbox] HamroBazar बाट पावर ब्यांक बीमा पहिले नै छनोट (रु. 799),sneaking:ne:19,synthetic_v1,0,0,0,0,0,1,0,0
"निःशुल्क ट्रायलपछि प्रो रु. 1,999/महिना हुनेछ",sneaking,sneaking,ne,label,checkbox,"[TAG=label] [ROLE=checkbox] निःशुल्क ट्रायलपछि प्रो रु. 1,999/महिना हुनेछ",sneaking:ne:04,synthetic_v1,0,0,0,0,0,1,0,0
OkDam बाट अफिस कुर्सी बीमा पहिले नै छनोट (रु. 699),sneaking,sneaking,ne,label,checkbox,[TAG=label] [ROLE=checkbox] OkDam बाट अफिस कुर्सी बीमा पहिले नै छनोट (रु. 699),sneaking:ne:19,synthetic_v1,0,0,0,0,0,1,0,0
"Kinbech बाट ब्याकप्याक बीमा पहिले नै छनोट (रु. 1,999)",sneaking,sneaking,ne,span,line_item,"[TAG=span] [ROLE=line_item] Kinbech बाट ब्याकप्याक बीमा पहिले नै छनोट (रु. 1,999)",sneaking:ne:19,synthetic_v1,0,0,0,0,0,1,0,0
"Handling charge of Rs. 1,999 for Butwal deliveries",sneaking,sneaking,en,label,checkbox,"[TAG=label] [ROLE=checkbox] Handling charge of Rs. 1,999 for Butwal deliveries",sneaking:en:13,synthetic_v1,0,0,0,0,0,1,0,0
Plus membership from Meesho added — Rs. 199/month,sneaking,sneaking,en,span,line_item,[TAG=span] [ROLE=line_item] Plus membership from Meesho added — Rs. 199/month,sneaking:en:17,synthetic_v1,0,0,0,0,0,1,0,0
Pepperfry सेवा शुल्क रु. 999 तपाईंको रनिङ जुत्ता अर्डरमा थपियो,sneaking,sneaking,ne,label,checkbox,[TAG=label] [ROLE=checkbox] Pepperfry सेवा शुल्क रु. 999 तपाईंको रनिङ जुत्ता अर्डरमा थपियो,sneaking:ne:16,synthetic_v1,0,0,0,0,0,1,0,0
"जारी रखने पर हर महीने रु. 2,499 शुल्क लगेगा",sneaking,sneaking,hi,span,line_item,"[TAG=span] [ROLE=line_item] जारी रखने पर हर महीने रु. 2,499 शुल्क लगेगा",sneaking:hi:01,synthetic_v1,0,0,0,0,0,1,0,0
Salesberry को गोल्ड सदस्यता थपियो — रु. 249/महिना,sneaking,sneaking,ne,p,fine_print,[TAG=p] [ROLE=fine_print] Salesberry को गोल्ड सदस्यता थपियो — रु. 249/महिना,sneaking:ne:17,synthetic_v1,0,0,0,0,0,1,0,0
"Blinkit सेवा शुल्क रु. 1,199 तपाईंको फर्मल सर्ट अर्डरमा थपियो",sneaking,sneaking,ne,p,fine_print,"[TAG=p] [ROLE=fine_print] Blinkit सेवा शुल्क रु. 1,199 तपाईंको फर्मल सर्ट अर्डरमा थपियो",sneaking:ne:16,synthetic_v1,0,0,0,0,0,1,0,0
Handling charge of Rs. 499 for Bengaluru deliveries,sneaking,sneaking,en,label,checkbox,[TAG=label] [ROLE=checkbox] Handling charge of Rs. 499 for Bengaluru deliveries,sneaking:en:13,synthetic_v1,0,0,0,0,0,1,0,0
आपके कॉफी मेकर ऑर्डर में प्रो सदस्यता जोड़ी गई,sneaking,sneaking,hi,label,checkbox,[TAG=label] [ROLE=checkbox] आपके कॉफी मेकर ऑर्डर में प्रो सदस्यता जोड़ी गई,sneaking:hi:14,synthetic_v1,0,0,0,0,0,1,0,0
निःशुल्क ट्रायलपछि प्रो रु. 699/महिना हुनेछ,sneaking,sneaking,ne,p,fine_print,[TAG=p] [ROLE=fine_print] निःशुल्क ट्रायलपछि प्रो रु. 699/महिना हुनेछ,sneaking:ne:04,synthetic_v1,0,0,0,0,0,1,0,0
Pro membership added to your hair dryer order,sneaking,sneaking,en,span,line_item,[TAG=span] [ROLE=line_item] Pro membership added to your hair dryer order,sneaking:en:14,synthetic_v1,0,0,0,0,0,1,0,0
"प्राथमिकता डेलिभरी पहिले नै छनोट (+रु. 1,999)",sneaking,sneaking,ne,span,line_item,"[TAG=span] [ROLE=line_item] प्राथमिकता डेलिभरी पहिले नै छनोट (+रु. 1,999)",sneaking:ne:09,synthetic_v1,0,0,0,0,0,1,0,0
सुविधा शुल्क रु. 449 शामिल,sneaking,sneaking,hi,span,line_item,[TAG=span] [ROLE=line_item] सुविधा शुल्क रु. 449 शामिल,sneaking:hi:05,synthetic_v1,0,0,0,0,0,1,0,0
प्राथमिकता डेलिभरी पहिले नै छनोट (+रु. 199),sneaking,sneaking,ne,span,line_item,[TAG=span] [ROLE=line_item] प्राथमिकता डेलिभरी पहिले नै छनोट (+रु. 199),sneaking:ne:09,synthetic_v1,0,0,0,0,0,1,0,0
"Donation of Rs. 2,999 added to your Pepperfry order",sneaking,sneaking,en,span,line_item,"[TAG=span] [ROLE=line_item] Donation of Rs. 2,999 added to your Pepperfry order",sneaking:en:22,synthetic_v1,0,0,0,0,0,1,0,0
"सुर्खेत डेलिभरीमा थप रु. 1,199",sneaking,sneaking,ne,p,fine_print,"[TAG=p] [ROLE=fine_print] सुर्खेत डेलिभरीमा थप रु. 1,199",sneaking:ne:18,synthetic_v1,0,0,0,0,0,1,0,0
"नासिक डिलीवरी पर अतिरिक्त रु. 2,999",sneaking,sneaking,hi,label,checkbox,"[TAG=label] [ROLE=checkbox] नासिक डिलीवरी पर अतिरिक्त रु. 2,999",sneaking:hi:18,synthetic_v1,0,0,0,0,0,1,0,0
बागलुङ का लागि प्राथमिकता डेलिभरी छनोट (+रु. 299),sneaking,sneaking,ne,p,fine_print,[TAG=p] [ROLE=fine_print] बागलुङ का लागि प्राथमिकता डेलिभरी छनोट (+रु. 299),sneaking:ne:23,synthetic_v1,0,0,0,0,0,1,0,0
"Your Meesho Gold trial renews at Rs. 2,999",sneaking,sneaking,en,p,fine_print,"[TAG=p] [ROLE=fine_print] Your Meesho Gold trial renews at Rs. 2,999",sneaking:en:21,synthetic_v1,0,0,0,0,0,1,0,0
Your free trial converts to Prime at Rs. 499/month,sneaking,sneaking,en,label,checkbox,[TAG=label] [ROLE=checkbox] Your free trial converts to Prime at Rs. 499/month,sneaking:en:04,synthetic_v1,0,0,0,0,0,1,0,0
जारी राखेमा हरेक महिना रु. 599 शुल्क लाग्नेछ,sneaking,sneaking,ne,p,fine_print,[TAG=p] [ROLE=fine_print] जारी राखेमा हरेक महिना रु. 599 शुल्क लाग्नेछ,sneaking:ne:01,synthetic_v1,0,0,0,0,0,1,0,0
Plus membership from BigBasket added — Rs. 449/month,sneaking,sneaking,en,p,fine_print,[TAG=p] [ROLE=fine_print] Plus membership from BigBasket added — Rs. 449/month,sneaking:en:17,synthetic_v1,0,0,0,0,0,1,0,0
नेपालगन्ज डेलिभरीमा रु. 249 ह्यान्डलिङ शुल्क,sneaking,sneaking,ne,p,fine_print,[TAG=p] [ROLE=fine_print] नेपालगन्ज डेलिभरीमा रु. 249 ह्यान्डलिङ शुल्क,sneaking:ne:13,synthetic_v1,0,0,0,0,0,1,0,0
हैदराबाद के लिए प्राथमिकता डिलीवरी चुनी गई (+रु. 299),sneaking,sneaking,hi,label,checkbox,[TAG=label] [ROLE=checkbox] हैदराबाद के लिए प्राथमिकता डिलीवरी चुनी गई (+रु. 299),sneaking:hi:23,synthetic_v1,0,0,0,0,0,1,0,0
"Priority delivery to Surat selected (+Rs. 1,499)",sneaking,sneaking,en,label,checkbox,"[TAG=label] [ROLE=checkbox] Priority delivery to Surat selected (+Rs. 1,499)",sneaking:en:23,synthetic_v1,0,0,0,0,0,1,0,0
Meesho service fee of Rs. 249 added to your rice cooker order,sneaking,sneaking,en,p,fine_print,[TAG=p] [ROLE=fine_print] Meesho service fee of Rs. 249 added to your rice cooker order,sneaking:en:16,synthetic_v1,0,0,0,0,0,1,0,0
"OkDam ऑर्डर में रु. 2,499 का दान जोड़ा गया",sneaking,sneaking,hi,label,checkbox,"[TAG=label] [ROLE=checkbox] OkDam ऑर्डर में रु. 2,499 का दान जोड़ा गया",sneaking:hi:22,synthetic_v1,0,0,0,0,0,1,0,0
"जनकपुर डेलिभरीमा रु. 2,999 ह्यान्डलिङ शुल्क",sneaking,sneaking,ne,p,fine_print,"[TAG=p] [ROLE=fine_print] जनकपुर डेलिभरीमा रु. 2,999 ह्यान्डलिङ शुल्क",sneaking:ne:13,synthetic_v1,0,0,0,0,0,1,0,0
HamroBazar ऑर्डर में रु. 999 का दान जोड़ा गया,sneaking,sneaking,hi,span,line_item,[TAG=span] [ROLE=line_item] HamroBazar ऑर्डर में रु. 999 का दान जोड़ा गया,sneaking:hi:22,synthetic_v1,0,0,0,0,0,1,0,0
Tata Cliq बाट फर्मल सर्ट बीमा पहिले नै छनोट (रु. 399),sneaking,sneaking,ne,label,checkbox,[TAG=label] [ROLE=checkbox] Tata Cliq बाट फर्मल सर्ट बीमा पहिले नै छनोट (रु. 399),sneaking:ne:19,synthetic_v1,0,0,0,0,0,1,0,0
"Priority delivery pre-selected (+Rs. 2,499)",sneaking,sneaking,en,p,fine_print,"[TAG=p] [ROLE=fine_print] Priority delivery pre-selected (+Rs. 2,499)",sneaking:en:09,synthetic_v1,0,0,0,0,0,1,0,0
Insurance for school bag selected for you,sneaking,sneaking,en,span,line_item,[TAG=span] [ROLE=line_item] Insurance for school bag selected for you,sneaking:en:07,synthetic_v1,0,0,0,0,0,1,0,0
आपके कॉफी मेकर ऑर्डर में प्रीमियम सदस्यता जोड़ी गई,sneaking,sneaking,hi,p,fine_print,[TAG=p] [ROLE=fine_print] आपके कॉफी मेकर ऑर्डर में प्रीमियम सदस्यता जोड़ी गई,sneaking:hi:14,synthetic_v1,0,0,0,0,0,1,0,0
"हेटौंडा का लागि प्राथमिकता डेलिभरी छनोट (+रु. 1,199)",sneaking,sneaking,ne,label,checkbox,"[TAG=label] [ROLE=checkbox] हेटौंडा का लागि प्राथमिकता डेलिभरी छनोट (+रु. 1,199)",sneaking:ne:23,synthetic_v1,0,0,0,0,0,1,0,0
"चेकआउट पर रु. 2,499 शिपिंग शुल्क जोड़ा गया",sneaking,sneaking,hi,span,line_item,"[TAG=span] [ROLE=line_item] चेकआउट पर रु. 2,499 शिपिंग शुल्क जोड़ा गया",sneaking:hi:00,synthetic_v1,0,0,0,0,0,1,0,0
6 महिनाको प्राइम सदस्यता समावेश,sneaking,sneaking,ne,span,line_item,[TAG=span] [ROLE=line_item] 6 महिनाको प्राइम सदस्यता समावेश,sneaking:ne:10,synthetic_v1,0,0,0,0,0,1,0,0
Blinkit service fee of Rs. 249 added to your coffee maker order,sneaking,sneaking,en,span,line_item,[TAG=span] [ROLE=line_item] Blinkit service fee of Rs. 249 added to your coffee maker order,sneaking:en:16,synthetic_v1,0,0,0,0,0,1,0,0
"By continuing you agree to a recurring Rs. 1,199 monthly charge",sneaking,sneaking,en,span,line_item,"[TAG=span] [ROLE=line_item] By continuing you agree to a recurring Rs. 1,199 monthly charge",sneaking:en:01,synthetic_v1,0,0,0,0,0,1,0,0
"Priority delivery pre-selected (+Rs. 2,999)",sneaking,sneaking,en,span,line_item,"[TAG=span] [ROLE=line_item] Priority delivery pre-selected (+Rs. 2,999)",sneaking:en:09,synthetic_v1,0,0,0,0,0,1,0,0
Includes a 3-month Pro subscription,sneaking,sneaking,en,span,line_item,[TAG=span] [ROLE=line_item] Includes a 3-month Pro subscription,sneaking:en:10,synthetic_v1,0,0,0,0,0,1,0,0
सर्दी का कंबल का बीमा आपके लिए चुना गया,sneaking,sneaking,hi,span,line_item,[TAG=span] [ROLE=line_item] सर्दी का कंबल का बीमा आपके लिए चुना गया,sneaking:hi:07,synthetic_v1,0,0,0,0,0,1,0,0
रु. 49 सेवा शुल्क लागू,sneaking,sneaking,hi,label,checkbox,[TAG=label] [ROLE=checkbox] रु. 49 सेवा शुल्क लागू,sneaking:hi:03,synthetic_v1,0,0,0,0,0,1,0,0
तपाईंको डेनिम जिन्स अर्डरमा प्रिमियम सदस्यता थपियो,sneaking,sneaking,ne,label,checkbox,[TAG=label] [ROLE=checkbox] तपाईंको डेनिम जिन्स अर्डरमा प्रिमियम सदस्यता थपियो,sneaking:ne:14,synthetic_v1,0,0,0,0,0,1,0,0
"लखनऊ ऑर्डर पर रु. 1,499 पैकेजिंग शुल्क",sneaking,sneaking,hi,label,checkbox,"[TAG=label] [ROLE=checkbox] लखनऊ ऑर्डर पर रु. 1,499 पैकेजिंग शुल्क",sneaking:hi:20,synthetic_v1,0,0,0,0,0,1,0,0
आपका Muncha प्रीमियम ट्रायल रु. 399 पर रिन्यू होगा,sneaking,sneaking,hi,p,fine_print,[TAG=p] [ROLE=fine_print] आपका Muncha प्रीमियम ट्रायल रु. 399 पर रिन्यू होगा,sneaking:hi:21,synthetic_v1,0,0,0,0,0,1,0,0
चेकआउटमा रु. 199 ढुवानी शुल्क थपियो,sneaking,sneaking,ne,p,fine_print,[TAG=p] [ROLE=fine_print] चेकआउटमा रु. 199 ढुवानी शुल्क थपियो,sneaking:ne:00,synthetic_v1,0,0,0,0,0,1,0,0
By continuing you agree to a recurring Rs. 249 monthly charge,sneaking,sneaking,en,span,line_item,[TAG=span] [ROLE=line_item] By continuing you agree to a recurring Rs. 249 monthly charge,sneaking:en:01,synthetic_v1,0,0,0,0,0,1,0,0
winter blanket insurance from Ajio pre-selected (Rs. 99),sneaking,sneaking,en,label,checkbox,[TAG=label] [ROLE=checkbox] winter blanket insurance from Ajio pre-selected (Rs. 99),sneaking:en:19,synthetic_v1,0,0,0,0,0,1,0,0
Service fee of Rs. 199 applied,sneaking,sneaking,en,span,line_item,[TAG=span] [ROLE=line_item] Service fee of Rs. 199 applied,sneaking:en:03,synthetic_v1,0,0,0,0,0,1,0,0
"Rs. 1,999 packaging charge applies for Butwal orders",sneaking,sneaking,en,label,checkbox,"[TAG=label] [ROLE=checkbox] Rs. 1,999 packaging charge applies for Butwal orders",sneaking:en:20,synthetic_v1,0,0,0,0,0,1,0,0
Priority delivery to Indore selected (+Rs. 149),sneaking,sneaking,en,span,line_item,[TAG=span] [ROLE=line_item] Priority delivery to Indore selected (+Rs. 149),sneaking:en:23,synthetic_v1,0,0,0,0,0,1,0,0
Includes a 1-month Gold subscription,sneaking,sneaking,en,p,fine_print,[TAG=p] [ROLE=fine_print] Includes a 1-month Gold subscription,sneaking:en:10,synthetic_v1,0,0,0,0,0,1,0,0
SastoDeal सेवा शुल्क रु. 599 तपाईंको कफी मेकर अर्डरमा थपियो,sneaking,sneaking,ne,label,checkbox,[TAG=label] [ROLE=checkbox] SastoDeal सेवा शुल्क रु. 599 तपाईंको कफी मेकर अर्डरमा थपियो,sneaking:ne:16,synthetic_v1,0,0,0,0,0,1,0,0
"Rs. 1,999 packaging charge applies for Pune orders",sneaking,sneaking,en,span,line_item,"[TAG=span] [ROLE=line_item] Rs. 1,999 packaging charge applies for Pune orders",sneaking:en:20,synthetic_v1,0,0,0,0,0,1,0,0
लखनऊ डिलीवरी पर रु. 699 हैंडलिंग शुल्क,sneaking,sneaking,hi,label,checkbox,[TAG=label] [ROLE=checkbox] लखनऊ डिलीवरी पर रु. 699 हैंडलिंग शुल्क,sneaking:hi:13,synthetic_v1,0,0,0,0,0,1,0,0
"तपाईंको BigBasket प्रिमियम ट्रायल रु. 2,999 मा नवीकरण हुनेछ",sneaking,sneaking,ne,label,checkbox,"[TAG=label] [ROLE=checkbox] तपाईंको BigBasket प्रिमियम ट्रायल रु. 2,999 मा नवीकरण हुनेछ",sneaking:ne:21,synthetic_v1,0,0,0,0,0,1,0,0
Shipping fee of Rs. 199 added at checkout,sneaking,sneaking,en,label,checkbox,[TAG=label] [ROLE=checkbox] Shipping fee of Rs. 199 added at checkout,sneaking:en:00,synthetic_v1,0,0,0,0,0,1,0,0
We've added a donation of Rs. 449 to your order,sneaking,sneaking,en,span,line_item,[TAG=span] [ROLE=line_item] We've added a donation of Rs. 449 to your order,sneaking:en:06,synthetic_v1,0,0,0,0,0,1,0,0
निःशुल्क ट्रायलपछि गोल्ड रु. 349/महिना हुनेछ,sneaking,sneaking,ne,span,line_item,[TAG=span] [ROLE=line_item] निःशुल्क ट्रायलपछि गोल्ड रु. 349/महिना हुनेछ,sneaking:ne:04,synthetic_v1,0,0,0,0,0,1,0,0
SastoDeal अर्डरमा रु. 99 दान थपियो,sneaking,sneaking,ne,label,checkbox,[TAG=label] [ROLE=checkbox] SastoDeal अर्डरमा रु. 99 दान थपियो,sneaking:ne:22,synthetic_v1,0,0,0,0,0,1,0,0
"फ्री ट्रायल के बाद गोल्ड रु. 2,999/महीना हो जाएगा",sneaking,sneaking,hi,span,line_item,"[TAG=span] [ROLE=line_item] फ्री ट्रायल के बाद गोल्ड रु. 2,999/महीना हो जाएगा",sneaking:hi:04,synthetic_v1,0,0,0,0,0,1,0,0
आपके योगा मैट ऑर्डर में प्रो सदस्यता जोड़ी गई,sneaking,sneaking,hi,span,line_item,[TAG=span] [ROLE=line_item] आपके योगा मैट ऑर्डर में प्रो सदस्यता जोड़ी गई,sneaking:hi:14,synthetic_v1,0,0,0,0,0,1,0,0
तपाईंको स्मार्टवाच अर्डरमा गोल्ड सदस्यता थपियो,sneaking,sneaking,ne,span,line_item,[TAG=span] [ROLE=line_item] तपाईंको स्मार्टवाच अर्डरमा गोल्ड सदस्यता थपियो,sneaking:ne:14,synthetic_v1,0,0,0,0,0,1,0,0
Priority delivery to Biratnagar selected (+Rs. 349),sneaking,sneaking,en,p,fine_print,[TAG=p] [ROLE=fine_print] Priority delivery to Biratnagar selected (+Rs. 349),sneaking:en:23,synthetic_v1,0,0,0,0,0,1,0,0
काठमाडौँ डेलिभरीमा रु. 199 ह्यान्डलिङ शुल्क,sneaking,sneaking,ne,label,checkbox,[TAG=label] [ROLE=checkbox] काठमाडौँ डेलिभरीमा रु. 199 ह्यान्डलिङ शुल्क,sneaking:ne:13,synthetic_v1,0,0,0,0,0,1,0,0
"सुविधा शुल्क रु. 1,499 शामिल",sneaking,sneaking,hi,label,checkbox,"[TAG=label] [ROLE=checkbox] सुविधा शुल्क रु. 1,499 शामिल",sneaking:hi:05,synthetic_v1,0,0,0,0,0,1,0,0
Snapdeal सेवा शुल्क रु. 999 आपके स्कूल बैग ऑर्डर में जोड़ा गया,sneaking,sneaking,hi,label,checkbox,[TAG=label] [ROLE=checkbox] Snapdeal सेवा शुल्क रु. 999 आपके स्कूल बैग ऑर्डर में जोड़ा गया,sneaking:hi:16,synthetic_v1,0,0,0,0,0,1,0,0
अहमदाबाद डिलीवरी पर अतिरिक्त रु. 899,sneaking,sneaking,hi,span,line_item,[TAG=span] [ROLE=line_item] अहमदाबाद डिलीवरी पर अतिरिक्त रु. 899,sneaking:hi:18,synthetic_v1,0,0,0,0,0,1,0,0
Rs. 499 packaging charge applies for Indore orders,sneaking,sneaking,en,span,line_item,[TAG=span] [ROLE=line_item] Rs. 499 packaging charge applies for Indore orders,sneaking:en:20,synthetic_v1,0,0,0,0,0,1,0,0
"कानपुर डिलीवरी पर रु. 1,999 हैंडलिंग शुल्क",sneaking,sneaking,hi,p,fine_print,"[TAG=p] [ROLE=fine_print] कानपुर डिलीवरी पर रु. 1,999 हैंडलिंग शुल्क",sneaking:hi:13,synthetic_v1,0,0,0,0,0,1,0,0
तपाईंको कटन कुर्ता अर्डरमा प्राइम सदस्यता थपियो,sneaking,sneaking,ne,span,line_item,[TAG=span] [ROLE=line_item] तपाईंको कटन कुर्ता अर्डरमा प्राइम सदस्यता थपियो,sneaking:ne:14,synthetic_v1,0,0,0,0,0,1,0,0
"Lenskart service fee of Rs. 1,999 added to your denim jeans order",sneaking,sneaking,en,p,fine_print,"[TAG=p] [ROLE=fine_print] Lenskart service fee of Rs. 1,999 added to your denim jeans order",sneaking:en:16,synthetic_v1,0,0,0,0,0,1,0,0
"Service fee of Rs. 1,499 applied",sneaking,sneaking,en,span,line_item,"[TAG=span] [ROLE=line_item] Service fee of Rs. 1,499 applied",sneaking:en:03,synthetic_v1,0,0,0,0,0,1,0,0
Salesberry ऑर्डर में रु. 349 का दान जोड़ा गया,sneaking,sneaking,hi,span,line_item,[TAG=span] [ROLE=line_item] Salesberry ऑर्डर में रु. 349 का दान जोड़ा गया,sneaking:hi:22,synthetic_v1,0,0,0,0,0,1,0,0
"We've added a donation of Rs. 2,999 to your order",sneaking,sneaking,en,label,checkbox,"[TAG=label] [ROLE=checkbox] We've added a donation of Rs. 2,999 to your order",sneaking:en:06,synthetic_v1,0,0,0,0,0,1,0,0
Delivery to Indore costs an extra Rs. 399,sneaking,sneaking,en,span,line_item,[TAG=span] [ROLE=line_item] Delivery to Indore costs an extra Rs. 399,sneaking:en:18,synthetic_v1,0,0,0,0,0,1,0,0
"तनहुँ डेलिभरीमा थप रु. 1,199",sneaking,sneaking,ne,label,checkbox,"[TAG=label] [ROLE=checkbox] तनहुँ डेलिभरीमा थप रु. 1,199",sneaking:ne:18,synthetic_v1,0,0,0,0,0,1,0,0
By continuing you agree to a recurring Rs. 999 monthly charge,sneaking,sneaking,en,span,line_item,[TAG=span] [ROLE=line_item] By continuing you agree to a recurring Rs. 999 monthly charge,sneaking:en:01,synthetic_v1,0,0,0,0,0,1,0,0
Zepto service fee of Rs. 699 added to your smartwatch order,sneaking,sneaking,en,p,fine_print,[TAG=p] [ROLE=fine_print] Zepto service fee of Rs. 699 added to your smartwatch order,sneaking:en:16,synthetic_v1,0,0,0,0,0,1,0,0
वीरगन्ज का लागि प्राथमिकता डेलिभरी छनोट (+रु. 99),sneaking,sneaking,ne,span,line_item,[TAG=span] [ROLE=line_item] वीरगन्ज का लागि प्राथमिकता डेलिभरी छनोट (+रु. 99),sneaking:ne:23,synthetic_v1,0,0,0,0,0,1,0,0
सूरत डिलीवरी पर अतिरिक्त रु. 499,sneaking,sneaking,hi,label,checkbox,[TAG=label] [ROLE=checkbox] सूरत डिलीवरी पर अतिरिक्त रु. 499,sneaking:hi:18,synthetic_v1,0,0,0,0,0,1,0,0
Daraz सेवा शुल्क रु. 349 आपके डेनिम जींस ऑर्डर में जोड़ा गया,sneaking,sneaking,hi,p,fine_print,[TAG=p] [ROLE=fine_print] Daraz सेवा शुल्क रु. 349 आपके डेनिम जींस ऑर्डर में जोड़ा गया,sneaking:hi:16,synthetic_v1,0,0,0,0,0,1,0,0
"जनकपुर डेलिभरीमा थप रु. 1,499",sneaking,sneaking,ne,label,checkbox,"[TAG=label] [ROLE=checkbox] जनकपुर डेलिभरीमा थप रु. 1,499",sneaking:ne:18,synthetic_v1,0,0,0,0,0,1,0,0
दमक डेलिभरीमा थप रु. 399,sneaking,sneaking,ne,span,line_item,[TAG=span] [ROLE=line_item] दमक डेलिभरीमा थप रु. 399,sneaking:ne:18,synthetic_v1,0,0,0,0,0,1,0,0
"Kinbech की प्लस सदस्यता जोड़ी गई — रु. 2,499/महीना",sneaking,sneaking,hi,label,checkbox,"[TAG=label] [ROLE=checkbox] Kinbech की प्लस सदस्यता जोड़ी गई — रु. 2,499/महीना",sneaking:hi:17,synthetic_v1,0,0,0,0,0,1,0,0
Insurance for sunglasses selected for you,sneaking,sneaking,en,p,fine_print,[TAG=p] [ROLE=fine_print] Insurance for sunglasses selected for you,sneaking:en:07,synthetic_v1,0,0,0,0,0,1,0,0
"Reliance Digital service fee of Rs. 2,999 added to your protein powder order",sneaking,sneaking,en,p,fine_print,"[TAG=p] [ROLE=fine_print] Reliance Digital service fee of Rs. 2,999 added to your protein powder order",sneaking:en:16,synthetic_v1,0,0,0,0,0,1,0,0
Shipping fee of Rs. 99 added at checkout,sneaking,sneaking,en,span,line_item,[TAG=span] [ROLE=line_item] Shipping fee of Rs. 99 added at checkout,sneaking:en:00,synthetic_v1,0,0,0,0,0,1,0,0
JioMart को प्राइम सदस्यता थपियो — रु. 99/महिना,sneaking,sneaking,ne,label,checkbox,[TAG=label] [ROLE=checkbox] JioMart को प्राइम सदस्यता थपियो — रु. 99/महिना,sneaking:ne:17,synthetic_v1,0,0,0,0,0,1,0,0
प्याकेजिङ शुल्क रु. 299 भुक्तानीमा देखिनेछ,sneaking,sneaking,ne,p,fine_print,[TAG=p] [ROLE=fine_print] प्याकेजिङ शुल्क रु. 299 भुक्तानीमा देखिनेछ,sneaking:ne:15,synthetic_v1,0,0,0,0,0,1,0,0
Your BigBasket Gold trial renews at Rs. 49,sneaking,sneaking,en,label,checkbox,[TAG=label] [ROLE=checkbox] Your BigBasket Gold trial renews at Rs. 49,sneaking:en:21,synthetic_v1,0,0,0,0,0,1,0,0
Includes a 1-month Prime subscription,sneaking,sneaking,en,p,fine_print,[TAG=p] [ROLE=fine_print] Includes a 1-month Prime subscription,sneaking:en:10,synthetic_v1,0,0,0,0,0,1,0,0
Your free trial converts to Gold at Rs. 49/month,sneaking,sneaking,en,label,checkbox,[TAG=label] [ROLE=checkbox] Your free trial converts to Gold at Rs. 49/month,sneaking:en:04,synthetic_v1,0,0,0,0,0,1,0,0
"Rs. 2,999 packaging charge applies for Bengaluru orders",sneaking,sneaking,en,span,line_item,"[TAG=span] [ROLE=line_item] Rs. 2,999 packaging charge applies for Bengaluru orders",sneaking:en:20,synthetic_v1,0,0,0,0,0,1,0,0
"Flipkart अर्डरमा रु. 1,999 दान थपियो",sneaking,sneaking,ne,p,fine_print,"[TAG=p] [ROLE=fine_print] Flipkart अर्डरमा रु. 1,999 दान थपियो",sneaking:ne:22,synthetic_v1,0,0,0,0,0,1,0,0
फ्री ट्रायल के बाद प्रीमियम रु. 299/महीना हो जाएगा,sneaking,sneaking,hi,span,line_item,[TAG=span] [ROLE=line_item] फ्री ट्रायल के बाद प्रीमियम रु. 299/महीना हो जाएगा,sneaking:hi:04,synthetic_v1,0,0,0,0,0,1,0,0
Premium membership added to your school bag order,sneaking,sneaking,en,span,line_item,[TAG=span] [ROLE=line_item] Premium membership added to your school bag order,sneaking:en:14,synthetic_v1,0,0,0,0,0,1,0,0
जनकपुर डेलिभरीमा थप रु. 699,sneaking,sneaking,ne,label,checkbox,[TAG=label] [ROLE=checkbox] जनकपुर डेलिभरीमा थप रु. 699,sneaking:ne:18,synthetic_v1,0,0,0,0,0,1,0,0
अर्डर सुरक्षा तपाईंको कार्टमा थपियो,sneaking,sneaking,ne,label,checkbox,[TAG=label] [ROLE=checkbox] अर्डर सुरक्षा तपाईंको कार्टमा थपियो,sneaking:ne:02,synthetic_v1,0,0,0,0,0,1,0,0
"वीरगन्ज डेलिभरीमा थप रु. 2,999",sneaking,sneaking,ne,p,fine_print,"[TAG=p] [ROLE=fine_print] वीरगन्ज डेलिभरीमा थप रु. 2,999",sneaking:ne:18,synthetic_v1,0,0,0,0,0,1,0,0
Your free trial converts to Plus at Rs. 249/month,sneaking,sneaking,en,label,checkbox,[TAG=label] [ROLE=checkbox] Your free trial converts to Plus at Rs. 249/month,sneaking:en:04,synthetic_v1,0,0,0,0,0,1,0,0
Gyapu सेवा शुल्क रु. 49 आपके पावर बैंक ऑर्डर में जोड़ा गया,sneaking,sneaking,hi,p,fine_print,[TAG=p] [ROLE=fine_print] Gyapu सेवा शुल्क रु. 49 आपके पावर बैंक ऑर्डर में जोड़ा गया,sneaking:hi:16,synthetic_v1,0,0,0,0,0,1,0,0
तपाईंको फोन कभर अर्डरमा प्राइम सदस्यता थपियो,sneaking,sneaking,ne,p,fine_print,[TAG=p] [ROLE=fine_print] तपाईंको फोन कभर अर्डरमा प्राइम सदस्यता थपियो,sneaking:ne:14,synthetic_v1,0,0,0,0,0,1,0,0
rice cooker insurance from Muncha pre-selected (Rs. 999),sneaking,sneaking,en,span,line_item,[TAG=span] [ROLE=line_item] rice cooker insurance from Muncha pre-selected (Rs. 999),sneaking:en:19,synthetic_v1,0,0,0,0,0,1,0,0
जारी राखेमा हरेक महिना रु. 99 शुल्क लाग्नेछ,sneaking,sneaking,ne,label,checkbox,[TAG=label] [ROLE=checkbox] जारी राखेमा हरेक महिना रु. 99 शुल्क लाग्नेछ,sneaking:ne:01,synthetic_v1,0,0,0,0,0,1,0,0
"Handling charge of Rs. 1,999 for Mumbai deliveries",sneaking,sneaking,en,p,fine_print,"[TAG=p] [ROLE=fine_print] Handling charge of Rs. 1,999 for Mumbai deliveries",sneaking:en:13,synthetic_v1,0,0,0,0,0,1,0,0
Pro membership from Daraz added — Rs. 449/month,sneaking,sneaking,en,span,line_item,[TAG=span] [ROLE=line_item] Pro membership from Daraz added — Rs. 449/month,sneaking:en:17,synthetic_v1,0,0,0,0,0,1,0,0
Your Blinkit Pro trial renews at Rs. 699,sneaking,sneaking,en,label,checkbox,[TAG=label] [ROLE=checkbox] Your Blinkit Pro trial renews at Rs. 699,sneaking:en:21,synthetic_v1,0,0,0,0,0,1,0,0
Your free trial converts to Premium at Rs. 999/month,sneaking,sneaking,en,p,fine_print,[TAG=p] [ROLE=fine_print] Your free trial converts to Premium at Rs. 999/month,sneaking:en:04,synthetic_v1,0,0,0,0,0,1,0,0
Includes a 7-month Premium subscription,sneaking,sneaking,en,span,line_item,[TAG=span] [ROLE=line_item] Includes a 7-month Premium subscription,sneaking:en:10,synthetic_v1,0,0,0,0,0,1,0,0
सूरत के लिए प्राथमिकता डिलीवरी चुनी गई (+रु. 799),sneaking,sneaking,hi,label,checkbox,[TAG=label] [ROLE=checkbox] सूरत के लिए प्राथमिकता डिलीवरी चुनी गई (+रु. 799),sneaking:hi:23,synthetic_v1,0,0,0,0,0,1,0,0
"प्राथमिकता डेलिभरी पहिले नै छनोट (+रु. 2,499)",sneaking,sneaking,ne,p,fine_print,"[TAG=p] [ROLE=fine_print] प्राथमिकता डेलिभरी पहिले नै छनोट (+रु. 2,499)",sneaking:ne:09,synthetic_v1,0,0,0,0,0,1,0,0
तपाईंको घामको चस्मा अर्डरमा प्रो सदस्यता थपियो,sneaking,sneaking,ne,p,fine_print,[TAG=p] [ROLE=fine_print] तपाईंको घामको चस्मा अर्डरमा प्रो सदस्यता थपियो,sneaking:ne:14,synthetic_v1,0,0,0,0,0,1,0,0
Lenskart सेवा शुल्क रु. 199 आपके प्रोटीन पाउडर ऑर्डर में जोड़ा गया,sneaking,sneaking,hi,p,fine_print,[TAG=p] [ROLE=fine_print] Lenskart सेवा शुल्क रु. 199 आपके प्रोटीन पाउडर ऑर्डर में जोड़ा गया,sneaking:hi:16,synthetic_v1,0,0,0,0,0,1,0,0
Convenience fee of Rs. 499 included,sneaking,sneaking,en,span,line_item,[TAG=span] [ROLE=line_item] Convenience fee of Rs. 499 included,sneaking:en:05,synthetic_v1,0,0,0,0,0,1,0,0
Rs. 899 packaging charge applies for Surat orders,sneaking,sneaking,en,span,line_item,[TAG=span] [ROLE=line_item] Rs. 899 packaging charge applies for Surat orders,sneaking:en:20,synthetic_v1,0,0,0,0,0,1,0,0
Flipkart से पावर बैंक बीमा पहले से चुना गया (रु. 199),sneaking,sneaking,hi,p,fine_print,[TAG=p] [ROLE=fine_print] Flipkart से पावर बैंक बीमा पहले से चुना गया (रु. 199),sneaking:hi:19,synthetic_v1,0,0,0,0,0,1,0,0
"Reliance Digital की प्राइम सदस्यता जोड़ी गई — रु. 1,199/महीना",sneaking,sneaking,hi,span,line_item,"[TAG=span] [ROLE=line_item] Reliance Digital की प्राइम सदस्यता जोड़ी गई — रु. 1,199/महीना",sneaking:hi:17,synthetic_v1,0,0,0,0,0,1,0,0
Salesberry सेवा शुल्क रु. 449 तपाईंको पावर ब्यांक अर्डरमा थपियो,sneaking,sneaking,ne,span,line_item,[TAG=span] [ROLE=line_item] Salesberry सेवा शुल्क रु. 449 तपाईंको पावर ब्यांक अर्डरमा थपियो,sneaking:ne:16,synthetic_v1,0,0,0,0,0,1,0,0
Myntra से बैकपैक बीमा पहले से चुना गया (रु. 799),sneaking,sneaking,hi,p,fine_print,[TAG=p] [ROLE=fine_print] Myntra से बैकपैक बीमा पहले से चुना गया (रु. 799),sneaking:hi:19,synthetic_v1,0,0,0,0,0,1,0,0
आगरा डिलीवरी पर रु. 799 हैंडलिंग शुल्क,sneaking,sneaking,hi,span,line_item,[TAG=span] [ROLE=line_item] आगरा डिलीवरी पर रु. 799 हैंडलिंग शुल्क,sneaking:hi:13,synthetic_v1,0,0,0,0,0,1,0,0
By continuing you agree to a recurring Rs. 799 monthly charge,sneaking,sneaking,en,label,checkbox,[TAG=label] [ROLE=checkbox] By continuing you agree to a recurring Rs. 799 monthly charge,sneaking:en:01,synthetic_v1,0,0,0,0,0,1,0,0
Amazon ऑर्डर में रु. 299 का दान जोड़ा गया,sneaking,sneaking,hi,p,fine_print,[TAG=p] [ROLE=fine_print] Amazon ऑर्डर में रु. 299 का दान जोड़ा गया,sneaking:hi:22,synthetic_v1,0,0,0,0,0,1,0,0
7 महिनाको प्लस सदस्यता समावेश,sneaking,sneaking,ne,p,fine_print,[TAG=p] [ROLE=fine_print] 7 महिनाको प्लस सदस्यता समावेश,sneaking:ne:10,synthetic_v1,0,0,0,0,0,1,0,0
तपाईंको Ajio प्राइम ट्रायल रु. 149 मा नवीकरण हुनेछ,sneaking,sneaking,ne,label,checkbox,[TAG=label] [ROLE=checkbox] तपाईंको Ajio प्राइम ट्रायल रु. 149 मा नवीकरण हुनेछ,sneaking:ne:21,synthetic_v1,0,0,0,0,0,1,0,0
चेकआउट पर रु. 149 शिपिंग शुल्क जोड़ा गया,sneaking,sneaking,hi,span,line_item,[TAG=span] [ROLE=line_item] चेकआउट पर रु. 149 शिपिंग शुल्क जोड़ा गया,sneaking:hi:00,synthetic_v1,0,0,0,0,0,1,0,0
We've added a donation of Rs. 399 to your order,sneaking,sneaking,en,p,fine_print,[TAG=p] [ROLE=fine_print] We've added a donation of Rs. 399 to your order,sneaking:en:06,synthetic_v1,0,0,0,0,0,1,0,0
Blinkit को गोल्ड सदस्यता थपियो — रु. 399/महिना,sneaking,sneaking,ne,p,fine_print,[TAG=p] [ROLE=fine_print] Blinkit को गोल्ड सदस्यता थपियो — रु. 399/महिना,sneaking:ne:17,synthetic_v1,0,0,0,0,0,1,0,0
गोरखा डेलिभरीमा रु. 199 ह्यान्डलिङ शुल्क,sneaking,sneaking,ne,p,fine_print,[TAG=p] [ROLE=fine_print] गोरखा डेलिभरीमा रु. 199 ह्यान्डलिङ शुल्क,sneaking:ne:13,synthetic_v1,0,0,0,0,0,1,0,0
निःशुल्क ट्रायलपछि प्रिमियम रु. 799/महिना हुनेछ,sneaking,sneaking,ne,label,checkbox,[TAG=label] [ROLE=checkbox] निःशुल्क ट्रायलपछि प्रिमियम रु. 799/महिना हुनेछ,sneaking:ne:04,synthetic_v1,0,0,0,0,0,1,0,0
पैकेजिंग शुल्क रु. 49 भुगतान पर दिखेगा,sneaking,sneaking,hi,span,line_item,[TAG=span] [ROLE=line_item] पैकेजिंग शुल्क रु. 49 भुगतान पर दिखेगा,sneaking:hi:15,synthetic_v1,0,0,0,0,0,1,0,0
"आपका Muncha प्लस ट्रायल रु. 2,999 पर रिन्यू होगा",sneaking,sneaking,hi,span,line_item,"[TAG=span] [ROLE=line_item] आपका Muncha प्लस ट्रायल रु. 2,999 पर रिन्यू होगा",sneaking:hi:21,synthetic_v1,0,0,0,0,0,1,0,0
Lenskart सेवा शुल्क रु. 899 आपके ऑफिस चेयर ऑर्डर में जोड़ा गया,sneaking,sneaking,hi,p,fine_print,[TAG=p] [ROLE=fine_print] Lenskart सेवा शुल्क रु. 899 आपके ऑफिस चेयर ऑर्डर में जोड़ा गया,sneaking:hi:16,synthetic_v1,0,0,0,0,0,1,0,0
FirstCry सेवा शुल्क रु. 699 आपके सर्दी का कंबल ऑर्डर में जोड़ा गया,sneaking,sneaking,hi,p,fine_print,[TAG=p] [ROLE=fine_print] FirstCry सेवा शुल्क रु. 699 आपके सर्दी का कंबल ऑर्डर में जोड़ा गया,sneaking:hi:16,synthetic_v1,0,0,0,0,0,1,0,0
6 महिनाको प्रिमियम सदस्यता समावेश,sneaking,sneaking,ne,p,fine_print,[TAG=p] [ROLE=fine_print] 6 महिनाको प्रिमियम सदस्यता समावेश,sneaking:ne:10,synthetic_v1,0,0,0,0,0,1,0,0
"Nykaa service fee of Rs. 1,199 added to your air fryer order",sneaking,sneaking,en,span,line_item,"[TAG=span] [ROLE=line_item] Nykaa service fee of Rs. 1,199 added to your air fryer order",sneaking:en:16,synthetic_v1,0,0,0,0,0,1,0,0
Priority delivery to Biratnagar selected (+Rs. 799),sneaking,sneaking,en,span,line_item,[TAG=span] [ROLE=line_item] Priority delivery to Biratnagar selected (+Rs. 799),sneaking:en:23,synthetic_v1,0,0,0,0,0,1,0,0
"भक्तपुर का लागि प्राथमिकता डेलिभरी छनोट (+रु. 1,999)",sneaking,sneaking,ne,label,checkbox,"[TAG=label] [ROLE=checkbox] भक्तपुर का लागि प्राथमिकता डेलिभरी छनोट (+रु. 1,999)",sneaking:ne:23,synthetic_v1,0,0,0,0,0,1,0,0
निःशुल्क ट्रायलपछि प्लस रु. 799/महिना हुनेछ,sneaking,sneaking,ne,span,line_item,[TAG=span] [ROLE=line_item] निःशुल्क ट्रायलपछि प्लस रु. 799/महिना हुनेछ,sneaking:ne:04,synthetic_v1,0,0,0,0,0,1,0,0
Priority delivery pre-selected (+Rs. 299),sneaking,sneaking,en,label,checkbox,[TAG=label] [ROLE=checkbox] Priority delivery pre-selected (+Rs. 299),sneaking:en:09,synthetic_v1,0,0,0,0,0,1,0,0
Convenience fee of Rs. 699 included,sneaking,sneaking,en,label,checkbox,[TAG=label] [ROLE=checkbox] Convenience fee of Rs. 699 included,sneaking:en:05,synthetic_v1,0,0,0,0,0,1,0,0
चेकआउट पर रु. 99 शिपिंग शुल्क जोड़ा गया,sneaking,sneaking,hi,label,checkbox,[TAG=label] [ROLE=checkbox] चेकआउट पर रु. 99 शिपिंग शुल्क जोड़ा गया,sneaking:hi:00,synthetic_v1,0,0,0,0,0,1,0,0
6 महीने की प्रीमियम सदस्यता शामिल,sneaking,sneaking,hi,label,checkbox,[TAG=label] [ROLE=checkbox] 6 महीने की प्रीमियम सदस्यता शामिल,sneaking:hi:10,synthetic_v1,0,0,0,0,0,1,0,0
तपाईंको ल्यापटप ब्याग अर्डरमा प्रिमियम सदस्यता थपियो,sneaking,sneaking,ne,span,line_item,[TAG=span] [ROLE=line_item] तपाईंको ल्यापटप ब्याग अर्डरमा प्रिमियम सदस्यता थपियो,sneaking:ne:14,synthetic_v1,0,0,0,0,0,1,0,0
निःशुल्क ट्रायलपछि गोल्ड रु. 199/महिना हुनेछ,sneaking,sneaking,ne,label,checkbox,[TAG=label] [ROLE=checkbox] निःशुल्क ट्रायलपछि गोल्ड रु. 199/महिना हुनेछ,sneaking:ne:04,synthetic_v1,0,0,0,0,0,1,0,0
"फ्री ट्रायल के बाद प्रो रु. 1,999/महीना हो जाएगा",sneaking,sneaking,hi,span,line_item,"[TAG=span] [ROLE=line_item] फ्री ट्रायल के बाद प्रो रु. 1,999/महीना हो जाएगा",sneaking:hi:04,synthetic_v1,0,0,0,0,0,1,0,0
Tata Cliq से प्रोटीन पाउडर बीमा पहले से चुना गया (रु. 699),sneaking,sneaking,hi,label,checkbox,[TAG=label] [ROLE=checkbox] Tata Cliq से प्रोटीन पाउडर बीमा पहले से चुना गया (रु. 699),sneaking:hi:19,synthetic_v1,0,0,0,0,0,1,0,0
Prime membership added to your protein powder order,sneaking,sneaking,en,span,line_item,[TAG=span] [ROLE=line_item] Prime membership added to your protein powder order,sneaking:en:14,synthetic_v1,0,0,0,0,0,1,0,0
Your Muncha Premium trial renews at Rs. 599,sneaking,sneaking,en,p,fine_print,[TAG=p] [ROLE=fine_print] Your Muncha Premium trial renews at Rs. 599,sneaking:en:21,synthetic_v1,0,0,0,0,0,1,0,0
आपके ऑर्डर में रु. 899 का दान जोड़ा गया,sneaking,sneaking,hi,p,fine_print,[TAG=p] [ROLE=fine_print] आपके ऑर्डर में रु. 899 का दान जोड़ा गया,sneaking:hi:06,synthetic_v1,0,0,0,0,0,1,0,0
By continuing you agree to a recurring Rs. 399 monthly charge,sneaking,sneaking,en,p,fine_print,[TAG=p] [ROLE=fine_print] By continuing you agree to a recurring Rs. 399 monthly charge,sneaking:en:01,synthetic_v1,0,0,0,0,0,1,0,0
तपाईंको हिउँदको ब्ल्याङ्केट अर्डरमा प्राइम सदस्यता थपियो,sneaking,sneaking,ne,span,line_item,[TAG=span] [ROLE=line_item] तपाईंको हिउँदको ब्ल्याङ्केट अर्डरमा प्राइम सदस्यता थपियो,sneaking:ne:14,synthetic_v1,0,0,0,0,0,1,0,0
Amazon सेवा शुल्क रु. 49 आपके हेयर ड्रायर ऑर्डर में जोड़ा गया,sneaking,sneaking,hi,span,line_item,[TAG=span] [ROLE=line_item] Amazon सेवा शुल्क रु. 49 आपके हेयर ड्रायर ऑर्डर में जोड़ा गया,sneaking:hi:16,synthetic_v1,0,0,0,0,0,1,0,0
सूरत ऑर्डर पर रु. 299 पैकेजिंग शुल्क,sneaking,sneaking,hi,label,checkbox,[TAG=label] [ROLE=checkbox] सूरत ऑर्डर पर रु. 299 पैकेजिंग शुल्क,sneaking:hi:20,synthetic_v1,0,0,0,0,0,1,0,0
"दिल्ली डिलीवरी पर रु. 2,499 हैंडलिंग शुल्क",sneaking,sneaking,hi,span,line_item,"[TAG=span] [ROLE=line_item] दिल्ली डिलीवरी पर रु. 2,499 हैंडलिंग शुल्क",sneaking:hi:13,synthetic_v1,0,0,0,0,0,1,0,0
जारी रखने पर हर महीने रु. 49 शुल्क लगेगा,sneaking,sneaking,hi,label,checkbox,[TAG=label] [ROLE=checkbox] जारी रखने पर हर महीने रु. 49 शुल्क लगेगा,sneaking:hi:01,synthetic_v1,0,0,0,0,0,1,0,0
Includes a 4-month Gold subscription,sneaking,sneaking,en,p,fine_print,[TAG=p] [ROLE=fine_print] Includes a 4-month Gold subscription,sneaking:en:10,synthetic_v1,0,0,0,0,0,1,0,0
Premium membership added to your laptop bag order,sneaking,sneaking,en,span,line_item,[TAG=span] [ROLE=line_item] Premium membership added to your laptop bag order,sneaking:en:14,synthetic_v1,0,0,0,0,0,1,0,0
Includes a 4-month Pro subscription,sneaking,sneaking,en,p,fine_print,[TAG=p] [ROLE=fine_print] Includes a 4-month Pro subscription,sneaking:en:10,synthetic_v1,0,0,0,0,0,1,0,0
जनकपुर डेलिभरीमा थप रु. 449,sneaking,sneaking,ne,label,checkbox,[TAG=label] [ROLE=checkbox] जनकपुर डेलिभरीमा थप रु. 449,sneaking:ne:18,synthetic_v1,0,0,0,0,0,1,0,0
जारी रखने पर हर महीने रु. 499 शुल्क लगेगा,sneaking,sneaking,hi,span,line_item,[TAG=span] [ROLE=line_item] जारी रखने पर हर महीने रु. 499 शुल्क लगेगा,sneaking:hi:01,synthetic_v1,0,0,0,0,0,1,0,0
Priority delivery to Biratnagar selected (+Rs. 699),sneaking,sneaking,en,p,fine_print,[TAG=p] [ROLE=fine_print] Priority delivery to Biratnagar selected (+Rs. 699),sneaking:en:23,synthetic_v1,0,0,0,0,0,1,0,0
नासिक के लिए प्राथमिकता डिलीवरी चुनी गई (+रु. 299),sneaking,sneaking,hi,p,fine_print,[TAG=p] [ROLE=fine_print] नासिक के लिए प्राथमिकता डिलीवरी चुनी गई (+रु. 299),sneaking:hi:23,synthetic_v1,0,0,0,0,0,1,0,0
Snapdeal को प्रिमियम सदस्यता थपियो — रु. 899/महिना,sneaking,sneaking,ne,span,line_item,[TAG=span] [ROLE=line_item] Snapdeal को प्रिमियम सदस्यता थपियो — रु. 899/महिना,sneaking:ne:17,synthetic_v1,0,0,0,0,0,1,0,0
Reliance Digital अर्डरमा रु. 199 दान थपियो,sneaking,sneaking,ne,label,checkbox,[TAG=label] [ROLE=checkbox] Reliance Digital अर्डरमा रु. 199 दान थपियो,sneaking:ne:22,synthetic_v1,0,0,0,0,0,1,0,0
Your free trial converts to Pro at Rs. 449/month,sneaking,sneaking,en,span,line_item,[TAG=span] [ROLE=line_item] Your free trial converts to Pro at Rs. 449/month,sneaking:en:04,synthetic_v1,0,0,0,0,0,1,0,0
विस्तारित वारेन्टी थपियो — हटाउन अनचेक गर्नुहोस्,sneaking,sneaking,ne,p,fine_print,[TAG=p] [ROLE=fine_print] विस्तारित वारेन्टी थपियो — हटाउन अनचेक गर्नुहोस्,sneaking:ne:12,synthetic_v1,0,0,0,0,0,1,0,0
Priority delivery to Kathmandu selected (+Rs. 899),sneaking,sneaking,en,label,checkbox,[TAG=label] [ROLE=checkbox] Priority delivery to Kathmandu selected (+Rs. 899),sneaking:en:23,synthetic_v1,0,0,0,0,0,1,0,0
पावर ब्यांक को बीमा तपाईंका लागि छनोट गरियो,sneaking,sneaking,ne,p,fine_print,[TAG=p] [ROLE=fine_print] पावर ब्यांक को बीमा तपाईंका लागि छनोट गरियो,sneaking:ne:07,synthetic_v1,0,0,0,0,0,1,0,0
"Delivery to Mumbai costs an extra Rs. 2,499",sneaking,sneaking,en,span,line_item,"[TAG=span] [ROLE=line_item] Delivery to Mumbai costs an extra Rs. 2,499",sneaking:en:18,synthetic_v1,0,0,0,0,0,1,0,0
"Salesberry ऑर्डर में रु. 1,199 का दान जोड़ा गया",sneaking,sneaking,hi,p,fine_print,"[TAG=p] [ROLE=fine_print] Salesberry ऑर्डर में रु. 1,199 का दान जोड़ा गया",sneaking:hi:22,synthetic_v1,0,0,0,0,0,1,0,0
इटहरी डेलिभरीमा रु. 349 ह्यान्डलिङ शुल्क,sneaking,sneaking,ne,span,line_item,[TAG=span] [ROLE=line_item] इटहरी डेलिभरीमा रु. 349 ह्यान्डलिङ शुल्क,sneaking:ne:13,synthetic_v1,0,0,0,0,0,1,0,0
निःशुल्क ट्रायलपछि प्राइम रु. 99/महिना हुनेछ,sneaking,sneaking,ne,p,fine_print,[TAG=p] [ROLE=fine_print] निःशुल्क ट्रायलपछि प्राइम रु. 99/महिना हुनेछ,sneaking:ne:04,synthetic_v1,0,0,0,0,0,1,0,0
तनहुँ डेलिभरीमा रु. 699 ह्यान्डलिङ शुल्क,sneaking,sneaking,ne,label,checkbox,[TAG=label] [ROLE=checkbox] तनहुँ डेलिभरीमा रु. 699 ह्यान्डलिङ शुल्क,sneaking:ne:13,synthetic_v1,0,0,0,0,0,1,0,0
"ललितपुर का लागि प्राथमिकता डेलिभरी छनोट (+रु. 1,199)",sneaking,sneaking,ne,label,checkbox,"[TAG=label] [ROLE=checkbox] ललितपुर का लागि प्राथमिकता डेलिभरी छनोट (+रु. 1,199)",sneaking:ne:23,synthetic_v1,0,0,0,0,0,1,0,0
आपके ऑर्डर में रु. 999 का दान जोड़ा गया,sneaking,sneaking,hi,p,fine_print,[TAG=p] [ROLE=fine_print] आपके ऑर्डर में रु. 999 का दान जोड़ा गया,sneaking:hi:06,synthetic_v1,0,0,0,0,0,1,0,0
फ्री ट्रायल के बाद प्रो रु. 999/महीना हो जाएगा,sneaking,sneaking,hi,p,fine_print,[TAG=p] [ROLE=fine_print] फ्री ट्रायल के बाद प्रो रु. 999/महीना हो जाएगा,sneaking:hi:04,synthetic_v1,0,0,0,0,0,1,0,0
प्राथमिकता डेलिभरी पहिले नै छनोट (+रु. 799),sneaking,sneaking,ne,span,line_item,[TAG=span] [ROLE=line_item] प्राथमिकता डेलिभरी पहिले नै छनोट (+रु. 799),sneaking:ne:09,synthetic_v1,0,0,0,0,0,1,0,0
"Kinbech अर्डरमा रु. 1,999 दान थपियो",sneaking,sneaking,ne,label,checkbox,"[TAG=label] [ROLE=checkbox] Kinbech अर्डरमा रु. 1,999 दान थपियो",sneaking:ne:22,synthetic_v1,0,0,0,0,0,1,0,0
"Handling charge of Rs. 1,499 for Indore deliveries",sneaking,sneaking,en,p,fine_print,"[TAG=p] [ROLE=fine_print] Handling charge of Rs. 1,499 for Indore deliveries",sneaking:en:13,synthetic_v1,0,0,0,0,0,1,0,0
"protein powder insurance from HamroBazar pre-selected (Rs. 1,499)",sneaking,sneaking,en,label,checkbox,"[TAG=label] [ROLE=checkbox] protein powder insurance from HamroBazar pre-selected (Rs. 1,499)",sneaking:en:19,synthetic_v1,0,0,0,0,0,1,0,0
"आपके ऑर्डर में रु. 1,999 का दान जोड़ा गया",sneaking,sneaking,hi,label,checkbox,"[TAG=label] [ROLE=checkbox] आपके ऑर्डर में रु. 1,999 का दान जोड़ा गया",sneaking:hi:06,synthetic_v1,0,0,0,0,0,1,0,0
"इंदौर डिलीवरी पर अतिरिक्त रु. 2,999",sneaking,sneaking,hi,p,fine_print,"[TAG=p] [ROLE=fine_print] इंदौर डिलीवरी पर अतिरिक्त रु. 2,999",sneaking:hi:18,synthetic_v1,0,0,0,0,0,1,0,0
water bottle insurance from Reliance Digital pre-selected (Rs. 699),sneaking,sneaking,en,label,checkbox,[TAG=label] [ROLE=checkbox] water bottle insurance from Reliance Digital pre-selected (Rs. 699),sneaking:en:19,synthetic_v1,0,0,0,0,0,1,0,0
SastoDeal से इंडक्शन चूल्हा बीमा पहले से चुना गया (रु. 349),sneaking,sneaking,hi,label,checkbox,[TAG=label] [ROLE=checkbox] SastoDeal से इंडक्शन चूल्हा बीमा पहले से चुना गया (रु. 349),sneaking:hi:19,synthetic_v1,0,0,0,0,0,1,0,0
HamroBazar सेवा शुल्क रु. 599 आपके गेमिंग माउस ऑर्डर में जोड़ा गया,sneaking,sneaking,hi,p,fine_print,[TAG=p] [ROLE=fine_print] HamroBazar सेवा शुल्क रु. 599 आपके गेमिंग माउस ऑर्डर में जोड़ा गया,sneaking:hi:16,synthetic_v1,0,0,0,0,0,1,0,0
Ajio सेवा शुल्क रु. 799 तपाईंको पावर ब्यांक अर्डरमा थपियो,sneaking,sneaking,ne,span,line_item,[TAG=span] [ROLE=line_item] Ajio सेवा शुल्क रु. 799 तपाईंको पावर ब्यांक अर्डरमा थपियो,sneaking:ne:16,synthetic_v1,0,0,0,0,0,1,0,0
बागलुङ अर्डरमा रु. 49 प्याकेजिङ शुल्क,sneaking,sneaking,ne,p,fine_print,[TAG=p] [ROLE=fine_print] बागलुङ अर्डरमा रु. 49 प्याकेजिङ शुल्क,sneaking:ne:20,synthetic_v1,0,0,0,0,0,1,0,0
"Nykaa बाट अफिस कुर्सी बीमा पहिले नै छनोट (रु. 1,499)",sneaking,sneaking,ne,span,line_item,"[TAG=span] [ROLE=line_item] Nykaa बाट अफिस कुर्सी बीमा पहिले नै छनोट (रु. 1,499)",sneaking:ne:19,synthetic_v1,0,0,0,0,0,1,0,0
Meesho ऑर्डर में रु. 799 का दान जोड़ा गया,sneaking,sneaking,hi,p,fine_print,[TAG=p] [ROLE=fine_print] Meesho ऑर्डर में रु. 799 का दान जोड़ा गया,sneaking:hi:22,synthetic_v1,0,0,0,0,0,1,0,0
Muncha सेवा शुल्क रु. 49 तपाईंको स्पोर्ट्स चप्पल अर्डरमा थपियो,sneaking,sneaking,ne,p,fine_print,[TAG=p] [ROLE=fine_print] Muncha सेवा शुल्क रु. 49 तपाईंको स्पोर्ट्स चप्पल अर्डरमा थपियो,sneaking:ne:16,synthetic_v1,0,0,0,0,0,1,0,0
Your Salesberry Gold trial renews at Rs. 149,sneaking,sneaking,en,label,checkbox,[TAG=label] [ROLE=checkbox] Your Salesberry Gold trial renews at Rs. 149,sneaking:en:21,synthetic_v1,0,0,0,0,0,1,0,0
फ्री ट्रायल के बाद गोल्ड रु. 799/महीना हो जाएगा,sneaking,sneaking,hi,p,fine_print,[TAG=p] [ROLE=fine_print] फ्री ट्रायल के बाद गोल्ड रु. 799/महीना हो जाएगा,sneaking:hi:04,synthetic_v1,0,0,0,0,0,1,0,0
3 महीने की प्रो सदस्यता शामिल,sneaking,sneaking,hi,p,fine_print,[TAG=p] [ROLE=fine_print] 3 महीने की प्रो सदस्यता शामिल,sneaking:hi:10,synthetic_v1,0,0,0,0,0,1,0,0
"निःशुल्क ट्रायलपछि प्रिमियम रु. 1,499/महिना हुनेछ",sneaking,sneaking,ne,label,checkbox,"[TAG=label] [ROLE=checkbox] निःशुल्क ट्रायलपछि प्रिमियम रु. 1,499/महिना हुनेछ",sneaking:ne:04,synthetic_v1,0,0,0,0,0,1,0,0
school bag insurance from Reliance Digital pre-selected (Rs. 199),sneaking,sneaking,en,span,line_item,[TAG=span] [ROLE=line_item] school bag insurance from Reliance Digital pre-selected (Rs. 199),sneaking:en:19,synthetic_v1,0,0,0,0,0,1,0,0
"Daraz सेवा शुल्क रु. 1,199 आपके बैकपैक ऑर्डर में जोड़ा गया",sneaking,sneaking,hi,p,fine_print,"[TAG=p] [ROLE=fine_print] Daraz सेवा शुल्क रु. 1,199 आपके बैकपैक ऑर्डर में जोड़ा गया",sneaking:hi:16,synthetic_v1,0,0,0,0,0,1,0,0
पैकेजिंग शुल्क रु. 349 भुगतान पर दिखेगा,sneaking,sneaking,hi,span,line_item,[TAG=span] [ROLE=line_item] पैकेजिंग शुल्क रु. 349 भुगतान पर दिखेगा,sneaking:hi:15,synthetic_v1,0,0,0,0,0,1,0,0
निःशुल्क ट्रायलपछि प्रिमियम रु. 599/महिना हुनेछ,sneaking,sneaking,ne,p,fine_print,[TAG=p] [ROLE=fine_print] निःशुल्क ट्रायलपछि प्रिमियम रु. 599/महिना हुनेछ,sneaking:ne:04,synthetic_v1,0,0,0,0,0,1,0,0
"Priority delivery to Butwal selected (+Rs. 2,499)",sneaking,sneaking,en,span,line_item,"[TAG=span] [ROLE=line_item] Priority delivery to Butwal selected (+Rs. 2,499)",sneaking:en:23,synthetic_v1,0,0,0,0,0,1,0,0
"आपके ऑर्डर में रु. 1,499 का दान जोड़ा गया",sneaking,sneaking,hi,label,checkbox,"[TAG=label] [ROLE=checkbox] आपके ऑर्डर में रु. 1,499 का दान जोड़ा गया",sneaking:hi:06,synthetic_v1,0,0,0,0,0,1,0,0
सुर्खेत अर्डरमा रु. 449 प्याकेजिङ शुल्क,sneaking,sneaking,ne,span,line_item,[TAG=span] [ROLE=line_item] सुर्खेत अर्डरमा रु. 449 प्याकेजिङ शुल्क,sneaking:ne:20,synthetic_v1,0,0,0,0,0,1,0,0
"जारी रखने पर हर महीने रु. 1,499 शुल्क लगेगा",sneaking,sneaking,hi,p,fine_print,"[TAG=p] [ROLE=fine_print] जारी रखने पर हर महीने रु. 1,499 शुल्क लगेगा",sneaking:hi:01,synthetic_v1,0,0,0,0,0,1,0,0
Your Thulo Premium trial renews at Rs. 599,sneaking,sneaking,en,p,fine_print,[TAG=p] [ROLE=fine_print] Your Thulo Premium trial renews at Rs. 599,sneaking:en:21,synthetic_v1,0,0,0,0,0,1,0,0
Croma अर्डरमा रु. 199 दान थपियो,sneaking,sneaking,ne,span,line_item,[TAG=span] [ROLE=line_item] Croma अर्डरमा रु. 199 दान थपियो,sneaking:ne:22,synthetic_v1,0,0,0,0,0,1,0,0
Kinbech अर्डरमा रु. 699 दान थपियो,sneaking,sneaking,ne,span,line_item,[TAG=span] [ROLE=line_item] Kinbech अर्डरमा रु. 699 दान थपियो,sneaking:ne:22,synthetic_v1,0,0,0,0,0,1,0,0
आपका Salesberry प्रीमियम ट्रायल रु. 299 पर रिन्यू होगा,sneaking,sneaking,hi,span,line_item,[TAG=span] [ROLE=line_item] आपका Salesberry प्रीमियम ट्रायल रु. 299 पर रिन्यू होगा,sneaking:hi:21,synthetic_v1,0,0,0,0,0,1,0,0
Donation of Rs. 899 added to your Pepperfry order,sneaking,sneaking,en,label,checkbox,[TAG=label] [ROLE=checkbox] Donation of Rs. 899 added to your Pepperfry order,sneaking:en:22,synthetic_v1,0,0,0,0,0,1,0,0
आपके ऑर्डर में रु. 499 का दान जोड़ा गया,sneaking,sneaking,hi,p,fine_print,[TAG=p] [ROLE=fine_print] आपके ऑर्डर में रु. 499 का दान जोड़ा गया,sneaking:hi:06,synthetic_v1,0,0,0,0,0,1,0,0
Packaging fee Rs. 449 will be shown at payment,sneaking,sneaking,en,label,checkbox,[TAG=label] [ROLE=checkbox] Packaging fee Rs. 449 will be shown at payment,sneaking:en:15,synthetic_v1,0,0,0,0,0,1,0,0
Nykaa को प्रो सदस्यता थपियो — रु. 299/महिना,sneaking,sneaking,ne,p,fine_print,[TAG=p] [ROLE=fine_print] Nykaa को प्रो सदस्यता थपियो — रु. 299/महिना,sneaking:ne:17,synthetic_v1,0,0,0,0,0,1,0,0
"Daraz ऑर्डर में रु. 1,199 का दान जोड़ा गया",sneaking,sneaking,hi,span,line_item,"[TAG=span] [ROLE=line_item] Daraz ऑर्डर में रु. 1,199 का दान जोड़ा गया",sneaking:hi:22,synthetic_v1,0,0,0,0,0,1,0,0
कोलकाता ऑर्डर पर रु. 499 पैकेजिंग शुल्क,sneaking,sneaking,hi,p,fine_print,[TAG=p] [ROLE=fine_print] कोलकाता ऑर्डर पर रु. 499 पैकेजिंग शुल्क,sneaking:hi:20,synthetic_v1,0,0,0,0,0,1,0,0
सूरत के लिए प्राथमिकता डिलीवरी चुनी गई (+रु. 999),sneaking,sneaking,hi,label,checkbox,[TAG=label] [ROLE=checkbox] सूरत के लिए प्राथमिकता डिलीवरी चुनी गई (+रु. 999),sneaking:hi:23,synthetic_v1,0,0,0,0,0,1,0,0
आपके ऑर्डर में रु. 349 का दान जोड़ा गया,sneaking,sneaking,hi,p,fine_print,[TAG=p] [ROLE=fine_print] आपके ऑर्डर में रु. 349 का दान जोड़ा गया,sneaking:hi:06,synthetic_v1,0,0,0,0,0,1,0,0
"Salesberry को प्राइम सदस्यता थपियो — रु. 1,499/महिना",sneaking,sneaking,ne,span,line_item,"[TAG=span] [ROLE=line_item] Salesberry को प्राइम सदस्यता थपियो — रु. 1,499/महिना",sneaking:ne:17,synthetic_v1,0,0,0,0,0,1,0,0
निःशुल्क ट्रायलपछि प्राइम रु. 449/महिना हुनेछ,sneaking,sneaking,ne,span,line_item,[TAG=span] [ROLE=line_item] निःशुल्क ट्रायलपछि प्राइम रु. 449/महिना हुनेछ,sneaking:ne:04,synthetic_v1,0,0,0,0,0,1,0,0
Amazon service fee of Rs. 49 added to your water bottle order,sneaking,sneaking,en,p,fine_print,[TAG=p] [ROLE=fine_print] Amazon service fee of Rs. 49 added to your water bottle order,sneaking:en:16,synthetic_v1,0,0,0,0,0,1,0,0
इटहरी डेलिभरीमा रु. 799 ह्यान्डलिङ शुल्क,sneaking,sneaking,ne,p,fine_print,[TAG=p] [ROLE=fine_print] इटहरी डेलिभरीमा रु. 799 ह्यान्डलिङ शुल्क,sneaking:ne:13,synthetic_v1,0,0,0,0,0,1,0,0
"रु. 1,199 सेवा शुल्क लागू",sneaking,sneaking,ne,label,checkbox,"[TAG=label] [ROLE=checkbox] रु. 1,199 सेवा शुल्क लागू",sneaking:ne:03,synthetic_v1,0,0,0,0,0,1,0,0
आपका Blinkit गोल्ड ट्रायल रु. 99 पर रिन्यू होगा,sneaking,sneaking,hi,p,fine_print,[TAG=p] [ROLE=fine_print] आपका Blinkit गोल्ड ट्रायल रु. 99 पर रिन्यू होगा,sneaking:hi:21,synthetic_v1,0,0,0,0,0,1,0,0
तपाईंको SastoDeal गोल्ड ट्रायल रु. 399 मा नवीकरण हुनेछ,sneaking,sneaking,ne,span,line_item,[TAG=span] [ROLE=line_item] तपाईंको SastoDeal गोल्ड ट्रायल रु. 399 मा नवीकरण हुनेछ,sneaking:ne:21,synthetic_v1,0,0,0,0,0,1,0,0
Rs. 299 packaging charge applies for Lucknow orders,sneaking,sneaking,en,p,fine_print,[TAG=p] [ROLE=fine_print] Rs. 299 packaging charge applies for Lucknow orders,sneaking:en:20,synthetic_v1,0,0,0,0,0,1,0,0
तपाईंको फेस वास अर्डरमा प्रो सदस्यता थपियो,sneaking,sneaking,ne,label,checkbox,[TAG=label] [ROLE=checkbox] तपाईंको फेस वास अर्डरमा प्रो सदस्यता थपियो,sneaking:ne:14,synthetic_v1,0,0,0,0,0,1,0,0
"SastoDeal सेवा शुल्क रु. 1,499 तपाईंको ब्याकप्याक अर्डरमा थपियो",sneaking,sneaking,ne,span,line_item,"[TAG=span] [ROLE=line_item] SastoDeal सेवा शुल्क रु. 1,499 तपाईंको ब्याकप्याक अर्डरमा थपियो",sneaking:ne:16,synthetic_v1,0,0,0,0,0,1,0,0
आपके इलेक्ट्रिक केटल ऑर्डर में प्राइम सदस्यता जोड़ी गई,sneaking,sneaking,hi,label,checkbox,[TAG=label] [ROLE=checkbox] आपके इलेक्ट्रिक केटल ऑर्डर में प्राइम सदस्यता जोड़ी गई,sneaking:hi:14,synthetic_v1,0,0,0,0,0,1,0,0
"तपाईंको JioMart प्रो ट्रायल रु. 2,499 मा नवीकरण हुनेछ",sneaking,sneaking,ne,span,line_item,"[TAG=span] [ROLE=line_item] तपाईंको JioMart प्रो ट्रायल रु. 2,499 मा नवीकरण हुनेछ",sneaking:ne:21,synthetic_v1,0,0,0,0,0,1,0,0
"Your free trial converts to Premium at Rs. 1,999/month",sneaking,sneaking,en,label,checkbox,"[TAG=label] [ROLE=checkbox] Your free trial converts to Premium at Rs. 1,999/month",sneaking:en:04,synthetic_v1,0,0,0,0,0,1,0,0
Donation of Rs. 699 added to your Amazon order,sneaking,sneaking,en,span,line_item,[TAG=span] [ROLE=line_item] Donation of Rs. 699 added to your Amazon order,sneaking:en:22,synthetic_v1,0,0,0,0,0,1,0,0
2 महीने की प्रीमियम सदस्यता शामिल,sneaking,sneaking,hi,span,line_item,[TAG=span] [ROLE=line_item] 2 महीने की प्रीमियम सदस्यता शामिल,sneaking:hi:10,synthetic_v1,0,0,0,0,0,1,0,0
Salesberry service fee of Rs. 99 added to your winter blanket order,sneaking,sneaking,en,span,line_item,[TAG=span] [ROLE=line_item] Salesberry service fee of Rs. 99 added to your winter blanket order,sneaking:en:16,synthetic_v1,0,0,0,0,0,1,0,0
Muncha को प्रो सदस्यता थपियो — रु. 299/महिना,sneaking,sneaking,ne,span,line_item,[TAG=span] [ROLE=line_item] Muncha को प्रो सदस्यता थपियो — रु. 299/महिना,sneaking:ne:17,synthetic_v1,0,0,0,0,0,1,0,0
"Pepperfry बाट स्टडी लाइट बीमा पहिले नै छनोट (रु. 1,499)",sneaking,sneaking,ne,label,checkbox,"[TAG=label] [ROLE=checkbox] Pepperfry बाट स्टडी लाइट बीमा पहिले नै छनोट (रु. 1,499)",sneaking:ne:19,synthetic_v1,0,0,0,0,0,1,0,0
रु. 999 सेवा शुल्क लागू,sneaking,sneaking,ne,span,line_item,[TAG=span] [ROLE=line_item] रु. 999 सेवा शुल्क लागू,sneaking:ne:03,synthetic_v1,0,0,0,0,0,1,0,0
"निःशुल्क ट्रायलपछि गोल्ड रु. 2,999/महिना हुनेछ",sneaking,sneaking,ne,span,line_item,"[TAG=span] [ROLE=line_item] निःशुल्क ट्रायलपछि गोल्ड रु. 2,999/महिना हुनेछ",sneaking:ne:04,synthetic_v1,0,0,0,0,0,1,0,0
Gyapu अर्डरमा रु. 599 दान थपियो,sneaking,sneaking,ne,label,checkbox,[TAG=label] [ROLE=checkbox] Gyapu अर्डरमा रु. 599 दान थपियो,sneaking:ne:22,synthetic_v1,0,0,0,0,0,1,0,0
काठमाडौँ डेलिभरीमा थप रु. 499,sneaking,sneaking,ne,span,line_item,[TAG=span] [ROLE=line_item] काठमाडौँ डेलिभरीमा थप रु. 499,sneaking:ne:18,synthetic_v1,0,0,0,0,0,1,0,0
पटना ऑर्डर पर रु. 799 पैकेजिंग शुल्क,sneaking,sneaking,hi,p,fine_print,[TAG=p] [ROLE=fine_print] पटना ऑर्डर पर रु. 799 पैकेजिंग शुल्क,sneaking:hi:20,synthetic_v1,0,0,0,0,0,1,0,0
इंदौर ऑर्डर पर रु. 999 पैकेजिंग शुल्क,sneaking,sneaking,hi,label,checkbox,[TAG=label] [ROLE=checkbox] इंदौर ऑर्डर पर रु. 999 पैकेजिंग शुल्क,sneaking:hi:20,synthetic_v1,0,0,0,0,0,1,0,0
Flipkart सेवा शुल्क रु. 249 तपाईंको इन्डक्सन चुल्हो अर्डरमा थपियो,sneaking,sneaking,ne,p,fine_print,[TAG=p] [ROLE=fine_print] Flipkart सेवा शुल्क रु. 249 तपाईंको इन्डक्सन चुल्हो अर्डरमा थपियो,sneaking:ne:16,synthetic_v1,0,0,0,0,0,1,0,0
आपके ऑर्डर में रु. 799 का दान जोड़ा गया,sneaking,sneaking,hi,label,checkbox,[TAG=label] [ROLE=checkbox] आपके ऑर्डर में रु. 799 का दान जोड़ा गया,sneaking:hi:06,synthetic_v1,0,0,0,0,0,1,0,0
Rs. 449 packaging charge applies for Surat orders,sneaking,sneaking,en,span,line_item,[TAG=span] [ROLE=line_item] Rs. 449 packaging charge applies for Surat orders,sneaking:en:20,synthetic_v1,0,0,0,0,0,1,0,0
आगरा के लिए प्राथमिकता डिलीवरी चुनी गई (+रु. 349),sneaking,sneaking,hi,label,checkbox,[TAG=label] [ROLE=checkbox] आगरा के लिए प्राथमिकता डिलीवरी चुनी गई (+रु. 349),sneaking:hi:23,synthetic_v1,0,0,0,0,0,1,0,0
Blinkit की प्रीमियम सदस्यता जोड़ी गई — रु. 499/महीना,sneaking,sneaking,hi,span,line_item,[TAG=span] [ROLE=line_item] Blinkit की प्रीमियम सदस्यता जोड़ी गई — रु. 499/महीना,sneaking:hi:17,synthetic_v1,0,0,0,0,0,1,0,0
"Gold membership from Pepperfry added — Rs. 2,499/month",sneaking,sneaking,en,label,checkbox,"[TAG=label] [ROLE=checkbox] Gold membership from Pepperfry added — Rs. 2,499/month",sneaking:en:17,synthetic_v1,0,0,0,0,0,1,0,0
रांची के लिए प्राथमिकता डिलीवरी चुनी गई (+रु. 699),sneaking,sneaking,hi,span,line_item,[TAG=span] [ROLE=line_item] रांची के लिए प्राथमिकता डिलीवरी चुनी गई (+रु. 699),sneaking:hi:23,synthetic_v1,0,0,0,0,0,1,0,0
"निःशुल्क ट्रायलपछि प्लस रु. 1,999/महिना हुनेछ",sneaking,sneaking,ne,p,fine_print,"[TAG=p] [ROLE=fine_print] निःशुल्क ट्रायलपछि प्लस रु. 1,999/महिना हुनेछ",sneaking:ne:04,synthetic_v1,0,0,0,0,0,1,0,0
अहमदाबाद डिलीवरी पर रु. 249 हैंडलिंग शुल्क,sneaking,sneaking,hi,span,line_item,[TAG=span] [ROLE=line_item] अहमदाबाद डिलीवरी पर रु. 249 हैंडलिंग शुल्क,sneaking:hi:13,synthetic_v1,0,0,0,0,0,1,0,0
Flipkart बाट हिउँदको ब्ल्याङ्केट बीमा पहिले नै छनोट (रु. 199),sneaking,sneaking,ne,span,line_item,[TAG=span] [ROLE=line_item] Flipkart बाट हिउँदको ब्ल्याङ्केट बीमा पहिले नै छनोट (रु. 199),sneaking:ne:19,synthetic_v1,0,0,0,0,0,1,0,0
Convenience fee of Rs. 99 included,sneaking,sneaking,en,span,line_item,[TAG=span] [ROLE=line_item] Convenience fee of Rs. 99 included,sneaking:en:05,synthetic_v1,0,0,0,0,0,1,0,0
योगा म्याट को बीमा तपाईंका लागि छनोट गरियो,sneaking,sneaking,ne,span,line_item,[TAG=span] [ROLE=line_item] योगा म्याट को बीमा तपाईंका लागि छनोट गरियो,sneaking:ne:07,synthetic_v1,0,0,0,0,0,1,0,0
Ajio ऑर्डर में रु. 399 का दान जोड़ा गया,sneaking,sneaking,hi,p,fine_print,[TAG=p] [ROLE=fine_print] Ajio ऑर्डर में रु. 399 का दान जोड़ा गया,sneaking:hi:22,synthetic_v1,0,0,0,0,0,1,0,0
1 महीने की प्लस सदस्यता शामिल,sneaking,sneaking,hi,label,checkbox,[TAG=label] [ROLE=checkbox] 1 महीने की प्लस सदस्यता शामिल,sneaking:hi:10,synthetic_v1,0,0,0,0,0,1,0,0
आपका OkDam प्रो ट्रायल रु. 349 पर रिन्यू होगा,sneaking,sneaking,hi,p,fine_print,[TAG=p] [ROLE=fine_print] आपका OkDam प्रो ट्रायल रु. 349 पर रिन्यू होगा,sneaking:hi:21,synthetic_v1,0,0,0,0,0,1,0,0
Donation of Rs. 249 added to your OkDam order,sneaking,sneaking,en,p,fine_print,[TAG=p] [ROLE=fine_print] Donation of Rs. 249 added to your OkDam order,sneaking:en:22,synthetic_v1,0,0,0,0,0,1,0,0
"Your Pepperfry Gold trial renews at Rs. 2,999",sneaking,sneaking,en,p,fine_print,"[TAG=p] [ROLE=fine_print] Your Pepperfry Gold trial renews at Rs. 2,999",sneaking:en:21,synthetic_v1,0,0,0,0,0,1,0,0
"चेकआउट पर रु. 1,199 शिपिंग शुल्क जोड़ा गया",sneaking,sneaking,hi,span,line_item,"[TAG=span] [ROLE=line_item] चेकआउट पर रु. 1,199 शिपिंग शुल्क जोड़ा गया",sneaking:hi:00,synthetic_v1,0,0,0,0,0,1,0,0
अहमदाबाद ऑर्डर पर रु. 449 पैकेजिंग शुल्क,sneaking,sneaking,hi,span,line_item,[TAG=span] [ROLE=line_item] अहमदाबाद ऑर्डर पर रु. 449 पैकेजिंग शुल्क,sneaking:hi:20,synthetic_v1,0,0,0,0,0,1,0,0
"पटना डिलीवरी पर अतिरिक्त रु. 2,499",sneaking,sneaking,hi,p,fine_print,"[TAG=p] [ROLE=fine_print] पटना डिलीवरी पर अतिरिक्त रु. 2,499",sneaking:hi:18,synthetic_v1,0,0,0,0,0,1,0,0
Croma सेवा शुल्क रु. 599 तपाईंको स्मार्टवाच अर्डरमा थपियो,sneaking,sneaking,ne,p,fine_print,[TAG=p] [ROLE=fine_print] Croma सेवा शुल्क रु. 599 तपाईंको स्मार्टवाच अर्डरमा थपियो,sneaking:ne:16,synthetic_v1,0,0,0,0,0,1,0,0
Includes a 7-month Prime subscription,sneaking,sneaking,en,span,line_item,[TAG=span] [ROLE=line_item] Includes a 7-month Prime subscription,sneaking:en:10,synthetic_v1,0,0,0,0,0,1,0,0
Plus membership added to your bluetooth speaker order,sneaking,sneaking,en,label,checkbox,[TAG=label] [ROLE=checkbox] Plus membership added to your bluetooth speaker order,sneaking:en:14,synthetic_v1,0,0,0,0,0,1,0,0
गोरखा डेलिभरीमा रु. 99 ह्यान्डलिङ शुल्क,sneaking,sneaking,ne,label,checkbox,[TAG=label] [ROLE=checkbox] गोरखा डेलिभरीमा रु. 99 ह्यान्डलिङ शुल्क,sneaking:ne:13,synthetic_v1,0,0,0,0,0,1,0,0
Flipkart ऑर्डर में रु. 299 का दान जोड़ा गया,sneaking,sneaking,hi,p,fine_print,[TAG=p] [ROLE=fine_print] Flipkart ऑर्डर में रु. 299 का दान जोड़ा गया,sneaking:hi:22,synthetic_v1,0,0,0,0,0,1,0,0
तपाईंको ब्याकप्याक अर्डरमा गोल्ड सदस्यता थपियो,sneaking,sneaking,ne,label,checkbox,[TAG=label] [ROLE=checkbox] तपाईंको ब्याकप्याक अर्डरमा गोल्ड सदस्यता थपियो,sneaking:ne:14,synthetic_v1,0,0,0,0,0,1,0,0
कोलकाता डिलीवरी पर रु. 499 हैंडलिंग शुल्क,sneaking,sneaking,hi,span,line_item,[TAG=span] [ROLE=line_item] कोलकाता डिलीवरी पर रु. 499 हैंडलिंग शुल्क,sneaking:hi:13,synthetic_v1,0,0,0,0,0,1,0,0
trekking jacket insurance from Muncha pre-selected (Rs. 49),sneaking,sneaking,en,p,fine_print,[TAG=p] [ROLE=fine_print] trekking jacket insurance from Muncha pre-selected (Rs. 49),sneaking:en:19,synthetic_v1,0,0,0,0,0,1,0,0
"सुर्खेत डेलिभरीमा रु. 2,499 ह्यान्डलिङ शुल्क",sneaking,sneaking,ne,p,fine_print,"[TAG=p] [ROLE=fine_print] सुर्खेत डेलिभरीमा रु. 2,499 ह्यान्डलिङ शुल्क",sneaking:ne:13,synthetic_v1,0,0,0,0,0,1,0,0
फर्मल सर्ट को बीमा तपाईंका लागि छनोट गरियो,sneaking,sneaking,ne,label,checkbox,[TAG=label] [ROLE=checkbox] फर्मल सर्ट को बीमा तपाईंका लागि छनोट गरियो,sneaking:ne:07,synthetic_v1,0,0,0,0,0,1,0,0
Daraz सेवा शुल्क रु. 699 आपके फोन कवर ऑर्डर में जोड़ा गया,sneaking,sneaking,hi,span,line_item,[TAG=span] [ROLE=line_item] Daraz सेवा शुल्क रु. 699 आपके फोन कवर ऑर्डर में जोड़ा गया,sneaking:hi:16,synthetic_v1,0,0,0,0,0,1,0,0
"निःशुल्क ट्रायलपछि प्रिमियम रु. 2,499/महिना हुनेछ",sneaking,sneaking,ne,label,checkbox,"[TAG=label] [ROLE=checkbox] निःशुल्क ट्रायलपछि प्रिमियम रु. 2,499/महिना हुनेछ",sneaking:ne:04,synthetic_v1,0,0,0,0,0,1,0,0
Muncha से कॉटन कुर्ता बीमा पहले से चुना गया (रु. 49),sneaking,sneaking,hi,span,line_item,[TAG=span] [ROLE=line_item] Muncha से कॉटन कुर्ता बीमा पहले से चुना गया (रु. 49),sneaking:hi:19,synthetic_v1,0,0,0,0,0,1,0,0
"नागपुर डिलीवरी पर रु. 1,499 हैंडलिंग शुल्क",sneaking,sneaking,hi,label,checkbox,"[TAG=label] [ROLE=checkbox] नागपुर डिलीवरी पर रु. 1,499 हैंडलिंग शुल्क",sneaking:hi:13,synthetic_v1,0,0,0,0,0,1,0,0
"Delivery to Lucknow costs an extra Rs. 2,999",sneaking,sneaking,en,span,line_item,"[TAG=span] [ROLE=line_item] Delivery to Lucknow costs an extra Rs. 2,999",sneaking:en:18,synthetic_v1,0,0,0,0,0,1,0,0
चेकआउट पर रु. 449 शिपिंग शुल्क जोड़ा गया,sneaking,sneaking,hi,p,fine_print,[TAG=p] [ROLE=fine_print] चेकआउट पर रु. 449 शिपिंग शुल्क जोड़ा गया,sneaking:hi:00,synthetic_v1,0,0,0,0,0,1,0,0
Priority delivery pre-selected (+Rs. 199),sneaking,sneaking,en,label,checkbox,[TAG=label] [ROLE=checkbox] Priority delivery pre-selected (+Rs. 199),sneaking:en:09,synthetic_v1,0,0,0,0,0,1,0,0
निःशुल्क ट्रायलपछि प्रो रु. 599/महिना हुनेछ,sneaking,sneaking,ne,p,fine_print,[TAG=p] [ROLE=fine_print] निःशुल्क ट्रायलपछि प्रो रु. 599/महिना हुनेछ,sneaking:ne:04,synthetic_v1,0,0,0,0,0,1,0,0
Shipping fee of Rs. 349 added at checkout,sneaking,sneaking,en,label,checkbox,[TAG=label] [ROLE=checkbox] Shipping fee of Rs. 349 added at checkout,sneaking:en:00,synthetic_v1,0,0,0,0,0,1,0,0
"आपका BigBasket प्राइम ट्रायल रु. 2,499 पर रिन्यू होगा",sneaking,sneaking,hi,label,checkbox,"[TAG=label] [ROLE=checkbox] आपका BigBasket प्राइम ट्रायल रु. 2,499 पर रिन्यू होगा",sneaking:hi:21,synthetic_v1,0,0,0,0,0,1,0,0
निःशुल्क ट्रायलपछि प्लस रु. 599/महिना हुनेछ,sneaking,sneaking,ne,p,fine_print,[TAG=p] [ROLE=fine_print] निःशुल्क ट्रायलपछि प्लस रु. 599/महिना हुनेछ,sneaking:ne:04,synthetic_v1,0,0,0,0,0,1,0,0
Salesberry ऑर्डर में रु. 299 का दान जोड़ा गया,sneaking,sneaking,hi,span,line_item,[TAG=span] [ROLE=line_item] Salesberry ऑर्डर में रु. 299 का दान जोड़ा गया,sneaking:hi:22,synthetic_v1,0,0,0,0,0,1,0,0
धरान डेलिभरीमा थप रु. 399,sneaking,sneaking,ne,span,line_item,[TAG=span] [ROLE=line_item] धरान डेलिभरीमा थप रु. 399,sneaking:ne:18,synthetic_v1,0,0,0,0,0,1,0,0
"रु. 1,999 सेवा शुल्क लागू",sneaking,sneaking,ne,label,checkbox,"[TAG=label] [ROLE=checkbox] रु. 1,999 सेवा शुल्क लागू",sneaking:ne:03,synthetic_v1,0,0,0,0,0,1,0,0
"जनकपुर डेलिभरीमा रु. 1,999 ह्यान्डलिङ शुल्क",sneaking,sneaking,ne,label,checkbox,"[TAG=label] [ROLE=checkbox] जनकपुर डेलिभरीमा रु. 1,999 ह्यान्डलिङ शुल्क",sneaking:ne:13,synthetic_v1,0,0,0,0,0,1,0,0
"जारी रखने पर हर महीने रु. 1,199 शुल्क लगेगा",sneaking,sneaking,hi,p,fine_print,"[TAG=p] [ROLE=fine_print] जारी रखने पर हर महीने रु. 1,199 शुल्क लगेगा",sneaking:hi:01,synthetic_v1,0,0,0,0,0,1,0,0
Handling charge of Rs. 699 for Biratnagar deliveries,sneaking,sneaking,en,span,line_item,[TAG=span] [ROLE=line_item] Handling charge of Rs. 699 for Biratnagar deliveries,sneaking:en:13,synthetic_v1,0,0,0,0,0,1,0,0
Donation of Rs. 249 added to your Myntra order,sneaking,sneaking,en,span,line_item,[TAG=span] [ROLE=line_item] Donation of Rs. 249 added to your Myntra order,sneaking:en:22,synthetic_v1,0,0,0,0,0,1,0,0
Lenskart को प्राइम सदस्यता थपियो — रु. 349/महिना,sneaking,sneaking,ne,p,fine_print,[TAG=p] [ROLE=fine_print] Lenskart को प्राइम सदस्यता थपियो — रु. 349/महिना,sneaking:ne:17,synthetic_v1,0,0,0,0,0,1,0,0
"Daraz अर्डरमा रु. 2,499 दान थपियो",sneaking,sneaking,ne,label,checkbox,"[TAG=label] [ROLE=checkbox] Daraz अर्डरमा रु. 2,499 दान थपियो",sneaking:ne:22,synthetic_v1,0,0,0,0,0,1,0,0
Rs. 999 packaging charge applies for Biratnagar orders,sneaking,sneaking,en,label,checkbox,[TAG=label] [ROLE=checkbox] Rs. 999 packaging charge applies for Biratnagar orders,sneaking:en:20,synthetic_v1,0,0,0,0,0,1,0,0
smartwatch insurance from Salesberry pre-selected (Rs. 149),sneaking,sneaking,en,p,fine_print,[TAG=p] [ROLE=fine_print] smartwatch insurance from Salesberry pre-selected (Rs. 149),sneaking:en:19,synthetic_v1,0,0,0,0,0,1,0,0
तपाईंको SastoDeal प्लस ट्रायल रु. 99 मा नवीकरण हुनेछ,sneaking,sneaking,ne,label,checkbox,[TAG=label] [ROLE=checkbox] तपाईंको SastoDeal प्लस ट्रायल रु. 99 मा नवीकरण हुनेछ,sneaking:ne:21,synthetic_v1,0,0,0,0,0,1,0,0
"Priority delivery to Chitwan selected (+Rs. 1,199)",sneaking,sneaking,en,p,fine_print,"[TAG=p] [ROLE=fine_print] Priority delivery to Chitwan selected (+Rs. 1,199)",sneaking:en:23,synthetic_v1,0,0,0,0,0,1,0,0
SastoDeal की प्लस सदस्यता जोड़ी गई — रु. 449/महीना,sneaking,sneaking,hi,p,fine_print,[TAG=p] [ROLE=fine_print] SastoDeal की प्लस सदस्यता जोड़ी गई — रु. 449/महीना,sneaking:hi:17,synthetic_v1,0,0,0,0,0,1,0,0
Handling charge of Rs. 899 for Mumbai deliveries,sneaking,sneaking,en,p,fine_print,[TAG=p] [ROLE=fine_print] Handling charge of Rs. 899 for Mumbai deliveries,sneaking:en:13,synthetic_v1,0,0,0,0,0,1,0,0
"तपाईंको अर्डरमा रु. 1,499 दान थपियो",sneaking,sneaking,ne,p,fine_print,"[TAG=p] [ROLE=fine_print] तपाईंको अर्डरमा रु. 1,499 दान थपियो",sneaking:ne:06,synthetic_v1,0,0,0,0,0,1,0,0
Flipkart से फेस वॉश बीमा पहले से चुना गया (रु. 99),sneaking,sneaking,hi,p,fine_print,[TAG=p] [ROLE=fine_print] Flipkart से फेस वॉश बीमा पहले से चुना गया (रु. 99),sneaking:hi:19,synthetic_v1,0,0,0,0,0,1,0,0
Delivery to Jaipur costs an extra Rs. 499,sneaking,sneaking,en,label,checkbox,[TAG=label] [ROLE=checkbox] Delivery to Jaipur costs an extra Rs. 499,sneaking:en:18,synthetic_v1,0,0,0,0,0,1,0,0
विस्तारित वारंटी जोड़ी गई — हटाने के लिए अनचेक करें,sneaking,sneaking,hi,span,line_item,[TAG=span] [ROLE=line_item] विस्तारित वारंटी जोड़ी गई — हटाने के लिए अनचेक करें,sneaking:hi:12,synthetic_v1,0,0,0,0,0,1,0,0
चेकआउटमा रु. 349 ढुवानी शुल्क थपियो,sneaking,sneaking,ne,span,line_item,[TAG=span] [ROLE=line_item] चेकआउटमा रु. 349 ढुवानी शुल्क थपियो,sneaking:ne:00,synthetic_v1,0,0,0,0,0,1,0,0
सुविधा शुल्क रु. 99 शामिल,sneaking,sneaking,hi,p,fine_print,[TAG=p] [ROLE=fine_print] सुविधा शुल्क रु. 99 शामिल,sneaking:hi:05,synthetic_v1,0,0,0,0,0,1,0,0
बाँके डेलिभरीमा थप रु. 349,sneaking,sneaking,ne,p,fine_print,[TAG=p] [ROLE=fine_print] बाँके डेलिभरीमा थप रु. 349,sneaking:ne:18,synthetic_v1,0,0,0,0,0,1,0,0
मुंबई डिलीवरी पर रु. 149 हैंडलिंग शुल्क,sneaking,sneaking,hi,span,line_item,[TAG=span] [ROLE=line_item] मुंबई डिलीवरी पर रु. 149 हैंडलिंग शुल्क,sneaking:hi:13,synthetic_v1,0,0,0,0,0,1,0,0
"इंदौर के लिए प्राथमिकता डिलीवरी चुनी गई (+रु. 1,499)",sneaking,sneaking,hi,span,line_item,"[TAG=span] [ROLE=line_item] इंदौर के लिए प्राथमिकता डिलीवरी चुनी गई (+रु. 1,499)",sneaking:hi:23,synthetic_v1,0,0,0,0,0,1,0,0
"गोरखा डेलिभरीमा रु. 1,499 ह्यान्डलिङ शुल्क",sneaking,sneaking,ne,span,line_item,"[TAG=span] [ROLE=line_item] गोरखा डेलिभरीमा रु. 1,499 ह्यान्डलिङ शुल्क",sneaking:ne:13,synthetic_v1,0,0,0,0,0,1,0,0
"Snapdeal सेवा शुल्क रु. 2,999 तपाईंको कफी मेकर अर्डरमा थपियो",sneaking,sneaking,ne,p,fine_print,"[TAG=p] [ROLE=fine_print] Snapdeal सेवा शुल्क रु. 2,999 तपाईंको कफी मेकर अर्डरमा थपियो",sneaking:ne:16,synthetic_v1,0,0,0,0,0,1,0,0
Gold membership added to your power bank order,sneaking,sneaking,en,span,line_item,[TAG=span] [ROLE=line_item] Gold membership added to your power bank order,sneaking:en:14,synthetic_v1,0,0,0,0,0,1,0,0
Zepto अर्डरमा रु. 999 दान थपियो,sneaking,sneaking,ne,p,fine_print,[TAG=p] [ROLE=fine_print] Zepto अर्डरमा रु. 999 दान थपियो,sneaking:ne:22,synthetic_v1,0,0,0,0,0,1,0,0
"हैदराबाद डिलीवरी पर अतिरिक्त रु. 1,999",sneaking,sneaking,hi,span,line_item,"[TAG=span] [ROLE=line_item] हैदराबाद डिलीवरी पर अतिरिक्त रु. 1,999",sneaking:hi:18,synthetic_v1,0,0,0,0,0,1,0,0
1 महिनाको प्रिमियम सदस्यता समावेश,sneaking,sneaking,ne,p,fine_print,[TAG=p] [ROLE=fine_print] 1 महिनाको प्रिमियम सदस्यता समावेश,sneaking:ne:10,synthetic_v1,0,0,0,0,0,1,0,0
Your Ajio Prime trial renews at Rs. 449,sneaking,sneaking,en,p,fine_print,[TAG=p] [ROLE=fine_print] Your Ajio Prime trial renews at Rs. 449,sneaking:en:21,synthetic_v1,0,0,0,0,0,1,0,0
Nykaa सेवा शुल्क रु. 699 आपके सर्दी का कंबल ऑर्डर में जोड़ा गया,sneaking,sneaking,hi,label,checkbox,[TAG=label] [ROLE=checkbox] Nykaa सेवा शुल्क रु. 699 आपके सर्दी का कंबल ऑर्डर में जोड़ा गया,sneaking:hi:16,synthetic_v1,0,0,0,0,0,1,0,0
"बाँके डेलिभरीमा थप रु. 1,999",sneaking,sneaking,ne,p,fine_print,"[TAG=p] [ROLE=fine_print] बाँके डेलिभरीमा थप रु. 1,999",sneaking:ne:18,synthetic_v1,0,0,0,0,0,1,0,0
"प्राथमिकता डेलिभरी पहिले नै छनोट (+रु. 1,499)",sneaking,sneaking,ne,p,fine_print,"[TAG=p] [ROLE=fine_print] प्राथमिकता डेलिभरी पहिले नै छनोट (+रु. 1,499)",sneaking:ne:09,synthetic_v1,0,0,0,0,0,1,0,0
Includes a 6-month Gold subscription,sneaking,sneaking,en,span,line_item,[TAG=span] [ROLE=line_item] Includes a 6-month Gold subscription,sneaking:en:10,synthetic_v1,0,0,0,0,0,1,0,0
फोन कवर का बीमा आपके लिए चुना गया,sneaking,sneaking,hi,label,checkbox,[TAG=label] [ROLE=checkbox] फोन कवर का बीमा आपके लिए चुना गया,sneaking:hi:07,synthetic_v1,0,0,0,0,0,1,0,0
denim jeans insurance from Croma pre-selected (Rs. 999),sneaking,sneaking,en,p,fine_print,[TAG=p] [ROLE=fine_print] denim jeans insurance from Croma pre-selected (Rs. 999),sneaking:en:19,synthetic_v1,0,0,0,0,0,1,0,0
7 महीने की प्रो सदस्यता शामिल,sneaking,sneaking,hi,p,fine_print,[TAG=p] [ROLE=fine_print] 7 महीने की प्रो सदस्यता शामिल,sneaking:hi:10,synthetic_v1,0,0,0,0,0,1,0,0
चितवन डेलिभरीमा रु. 99 ह्यान्डलिङ शुल्क,sneaking,sneaking,ne,label,checkbox,[TAG=label] [ROLE=checkbox] चितवन डेलिभरीमा रु. 99 ह्यान्डलिङ शुल्क,sneaking:ne:13,synthetic_v1,0,0,0,0,0,1,0,0
"Zepto से फेस वॉश बीमा पहले से चुना गया (रु. 1,999)",sneaking,sneaking,hi,p,fine_print,"[TAG=p] [ROLE=fine_print] Zepto से फेस वॉश बीमा पहले से चुना गया (रु. 1,999)",sneaking:hi:19,synthetic_v1,0,0,0,0,0,1,0,0
"Your Amazon Plus trial renews at Rs. 1,199",sneaking,sneaking,en,label,checkbox,"[TAG=label] [ROLE=checkbox] Your Amazon Plus trial renews at Rs. 1,199",sneaking:en:21,synthetic_v1,0,0,0,0,0,1,0,0
प्राथमिकता डेलिभरी पहिले नै छनोट (+रु. 699),sneaking,sneaking,ne,p,fine_print,[TAG=p] [ROLE=fine_print] प्राथमिकता डेलिभरी पहिले नै छनोट (+रु. 699),sneaking:ne:09,synthetic_v1,0,0,0,0,0,1,0,0
5 महीने की प्राइम सदस्यता शामिल,sneaking,sneaking,hi,label,checkbox,[TAG=label] [ROLE=checkbox] 5 महीने की प्राइम सदस्यता शामिल,sneaking:hi:10,synthetic_v1,0,0,0,0,0,1,0,0
Muncha ऑर्डर में रु. 799 का दान जोड़ा गया,sneaking,sneaking,hi,span,line_item,[TAG=span] [ROLE=line_item] Muncha ऑर्डर में रु. 799 का दान जोड़ा गया,sneaking:hi:22,synthetic_v1,0,0,0,0,0,1,0,0
तपाईंको Amazon गोल्ड ट्रायल रु. 699 मा नवीकरण हुनेछ,sneaking,sneaking,ne,span,line_item,[TAG=span] [ROLE=line_item] तपाईंको Amazon गोल्ड ट्रायल रु. 699 मा नवीकरण हुनेछ,sneaking:ne:21,synthetic_v1,0,0,0,0,0,1,0,0
लखनऊ के लिए प्राथमिकता डिलीवरी चुनी गई (+रु. 99),sneaking,sneaking,hi,p,fine_print,[TAG=p] [ROLE=fine_print] लखनऊ के लिए प्राथमिकता डिलीवरी चुनी गई (+रु. 99),sneaking:hi:23,synthetic_v1,0,0,0,0,0,1,0,0
इटहरी अर्डरमा रु. 449 प्याकेजिङ शुल्क,sneaking,sneaking,ne,span,line_item,[TAG=span] [ROLE=line_item] इटहरी अर्डरमा रु. 449 प्याकेजिङ शुल्क,sneaking:ne:20,synthetic_v1,0,0,0,0,0,1,0,0
कोलकाता ऑर्डर पर रु. 149 पैकेजिंग शुल्क,sneaking,sneaking,hi,p,fine_print,[TAG=p] [ROLE=fine_print] कोलकाता ऑर्डर पर रु. 149 पैकेजिंग शुल्क,sneaking:hi:20,synthetic_v1,0,0,0,0,0,1,0,0
प्याकेजिङ शुल्क रु. 699 भुक्तानीमा देखिनेछ,sneaking,sneaking,ne,span,line_item,[TAG=span] [ROLE=line_item] प्याकेजिङ शुल्क रु. 699 भुक्तानीमा देखिनेछ,sneaking:ne:15,synthetic_v1,0,0,0,0,0,1,0,0
"Pepperfry service fee of Rs. 1,999 added to your yoga mat order",sneaking,sneaking,en,span,line_item,"[TAG=span] [ROLE=line_item] Pepperfry service fee of Rs. 1,999 added to your yoga mat order",sneaking:en:16,synthetic_v1,0,0,0,0,0,1,0,0
"Your Nykaa Pro trial renews at Rs. 1,499",sneaking,sneaking,en,label,checkbox,"[TAG=label] [ROLE=checkbox] Your Nykaa Pro trial renews at Rs. 1,499",sneaking:en:21,synthetic_v1,0,0,0,0,0,1,0,0
2 महीने की प्लस सदस्यता शामिल,sneaking,sneaking,hi,label,checkbox,[TAG=label] [ROLE=checkbox] 2 महीने की प्लस सदस्यता शामिल,sneaking:hi:10,synthetic_v1,0,0,0,0,0,1,0,0
Priority delivery to Pokhara selected (+Rs. 899),sneaking,sneaking,en,p,fine_print,[TAG=p] [ROLE=fine_print] Priority delivery to Pokhara selected (+Rs. 899),sneaking:en:23,synthetic_v1,0,0,0,0,0,1,0,0
yoga mat insurance from JioMart pre-selected (Rs. 399),sneaking,sneaking,en,p,fine_print,[TAG=p] [ROLE=fine_print] yoga mat insurance from JioMart pre-selected (Rs. 399),sneaking:en:19,synthetic_v1,0,0,0,0,0,1,0,0
"Tata Cliq को प्लस सदस्यता थपियो — रु. 1,499/महिना",sneaking,sneaking,ne,p,fine_print,"[TAG=p] [ROLE=fine_print] Tata Cliq को प्लस सदस्यता थपियो — रु. 1,499/महिना",sneaking:ne:17,synthetic_v1,0,0,0,0,0,1,0,0
Insurance for power bank selected for you,sneaking,sneaking,en,p,fine_print,[TAG=p] [ROLE=fine_print] Insurance for power bank selected for you,sneaking:en:07,synthetic_v1,0,0,0,0,0,1,0,0
आपके फेस वॉश ऑर्डर में प्लस सदस्यता जोड़ी गई,sneaking,sneaking,hi,span,line_item,[TAG=span] [ROLE=line_item] आपके फेस वॉश ऑर्डर में प्लस सदस्यता जोड़ी गई,sneaking:hi:14,synthetic_v1,0,0,0,0,0,1,0,0
फेस वास को बीमा तपाईंका लागि छनोट गरियो,sneaking,sneaking,ne,label,checkbox,[TAG=label] [ROLE=checkbox] फेस वास को बीमा तपाईंका लागि छनोट गरियो,sneaking:ne:07,synthetic_v1,0,0,0,0,0,1,0,0
सुर्खेत अर्डरमा रु. 199 प्याकेजिङ शुल्क,sneaking,sneaking,ne,span,line_item,[TAG=span] [ROLE=line_item] सुर्खेत अर्डरमा रु. 199 प्याकेजिङ शुल्क,sneaking:ne:20,synthetic_v1,0,0,0,0,0,1,0,0
लखनऊ के लिए प्राथमिकता डिलीवरी चुनी गई (+रु. 499),sneaking,sneaking,hi,p,fine_print,[TAG=p] [ROLE=fine_print] लखनऊ के लिए प्राथमिकता डिलीवरी चुनी गई (+रु. 499),sneaking:hi:23,synthetic_v1,0,0,0,0,0,1,0,0
"आपका Daraz प्रो ट्रायल रु. 2,999 पर रिन्यू होगा",sneaking,sneaking,hi,p,fine_print,"[TAG=p] [ROLE=fine_print] आपका Daraz प्रो ट्रायल रु. 2,999 पर रिन्यू होगा",sneaking:hi:21,synthetic_v1,0,0,0,0,0,1,0,0
Service fee of Rs. 349 applied,sneaking,sneaking,en,span,line_item,[TAG=span] [ROLE=line_item] Service fee of Rs. 349 applied,sneaking:en:03,synthetic_v1,0,0,0,0,0,1,0,0
By continuing you agree to a recurring Rs. 99 monthly charge,sneaking,sneaking,en,span,line_item,[TAG=span] [ROLE=line_item] By continuing you agree to a recurring Rs. 99 monthly charge,sneaking:en:01,synthetic_v1,0,0,0,0,0,1,0,0
Ajio को प्राइम सदस्यता थपियो — रु. 899/महिना,sneaking,sneaking,ne,label,checkbox,[TAG=label] [ROLE=checkbox] Ajio को प्राइम सदस्यता थपियो — रु. 899/महिना,sneaking:ne:17,synthetic_v1,0,0,0,0,0,1,0,0
ललितपुर का लागि प्राथमिकता डेलिभरी छनोट (+रु. 799),sneaking,sneaking,ne,span,line_item,[TAG=span] [ROLE=line_item] ललितपुर का लागि प्राथमिकता डेलिभरी छनोट (+रु. 799),sneaking:ne:23,synthetic_v1,0,0,0,0,0,1,0,0
तपाईंको गेमिङ माउस अर्डरमा गोल्ड सदस्यता थपियो,sneaking,sneaking,ne,span,line_item,[TAG=span] [ROLE=line_item] तपाईंको गेमिङ माउस अर्डरमा गोल्ड सदस्यता थपियो,sneaking:ne:14,synthetic_v1,0,0,0,0,0,1,0,0
चितवन डेलिभरीमा थप रु. 599,sneaking,sneaking,ne,p,fine_print,[TAG=p] [ROLE=fine_print] चितवन डेलिभरीमा थप रु. 599,sneaking:ne:18,synthetic_v1,0,0,0,0,0,1,0,0
Snapdeal को प्रो सदस्यता थपियो — रु. 249/महिना,sneaking,sneaking,ne,label,checkbox,[TAG=label] [ROLE=checkbox] Snapdeal को प्रो सदस्यता थपियो — रु. 249/महिना,sneaking:ne:17,synthetic_v1,0,0,0,0,0,1,0,0
कानपुर के लिए प्राथमिकता डिलीवरी चुनी गई (+रु. 299),sneaking,sneaking,hi,label,checkbox,[TAG=label] [ROLE=checkbox] कानपुर के लिए प्राथमिकता डिलीवरी चुनी गई (+रु. 299),sneaking:hi:23,synthetic_v1,0,0,0,0,0,1,0,0
Amazon सेवा शुल्क रु. 799 तपाईंको ल्यापटप ब्याग अर्डरमा थपियो,sneaking,sneaking,ne,span,line_item,[TAG=span] [ROLE=line_item] Amazon सेवा शुल्क रु. 799 तपाईंको ल्यापटप ब्याग अर्डरमा थपियो,sneaking:ne:16,synthetic_v1,0,0,0,0,0,1,0,0
"प्राथमिकता डिलीवरी पहले से चुनी गई (+रु. 1,499)",sneaking,sneaking,hi,span,line_item,"[TAG=span] [ROLE=line_item] प्राथमिकता डिलीवरी पहले से चुनी गई (+रु. 1,499)",sneaking:hi:09,synthetic_v1,0,0,0,0,0,1,0,0
Auto-renewal is enabled for Pro,sneaking,sneaking,en,p,fine_print,[TAG=p] [ROLE=fine_print] Auto-renewal is enabled for Pro,sneaking:en:08,synthetic_v1,0,0,0,0,0,1,0,0
"सुविधा शुल्क रु. 1,999 समावेश",sneaking,sneaking,ne,p,fine_print,"[TAG=p] [ROLE=fine_print] सुविधा शुल्क रु. 1,999 समावेश",sneaking:ne:05,synthetic_v1,0,0,0,0,0,1,0,0
Prime membership from SastoDeal added — Rs. 999/month,sneaking,sneaking,en,p,fine_print,[TAG=p] [ROLE=fine_print] Prime membership from SastoDeal added — Rs. 999/month,sneaking:en:17,synthetic_v1,0,0,0,0,0,1,0,0
पोखरा डेलिभरीमा थप रु. 249,sneaking,sneaking,ne,p,fine_print,[TAG=p] [ROLE=fine_print] पोखरा डेलिभरीमा थप रु. 249,sneaking:ne:18,synthetic_v1,0,0,0,0,0,1,0,0
By continuing you agree to a recurring Rs. 349 monthly charge,sneaking,sneaking,en,span,line_item,[TAG=span] [ROLE=line_item] By continuing you agree to a recurring Rs. 349 monthly charge,sneaking:en:01,synthetic_v1,0,0,0,0,0,1,0,0
आपके पावर बैंक ऑर्डर में प्राइम सदस्यता जोड़ी गई,sneaking,sneaking,hi,label,checkbox,[TAG=label] [ROLE=checkbox] आपके पावर बैंक ऑर्डर में प्राइम सदस्यता जोड़ी गई,sneaking:hi:14,synthetic_v1,0,0,0,0,0,1,0,0
"Delivery to Pune costs an extra Rs. 2,999",sneaking,sneaking,en,span,line_item,"[TAG=span] [ROLE=line_item] Delivery to Pune costs an extra Rs. 2,999",sneaking:en:18,synthetic_v1,0,0,0,0,0,1,0,0
Donation of Rs. 499 added to your Zepto order,sneaking,sneaking,en,label,checkbox,[TAG=label] [ROLE=checkbox] Donation of Rs. 499 added to your Zepto order,sneaking:en:22,synthetic_v1,0,0,0,0,0,1,0,0
Rs. 599 packaging charge applies for Chitwan orders,sneaking,sneaking,en,label,checkbox,[TAG=label] [ROLE=checkbox] Rs. 599 packaging charge applies for Chitwan orders,sneaking:en:20,synthetic_v1,0,0,0,0,0,1,0,0
Extended warranty added — uncheck to remove,sneaking,sneaking,en,p,fine_print,[TAG=p] [ROLE=fine_print] Extended warranty added — uncheck to remove,sneaking:en:12,synthetic_v1,0,0,0,0,0,1,0,0
Packaging fee Rs. 149 will be shown at payment,sneaking,sneaking,en,label,checkbox,[TAG=label] [ROLE=checkbox] Packaging fee Rs. 149 will be shown at payment,sneaking:en:15,synthetic_v1,0,0,0,0,0,1,0,0
आपके एयर फ्रायर ऑर्डर में गोल्ड सदस्यता जोड़ी गई,sneaking,sneaking,hi,label,checkbox,[TAG=label] [ROLE=checkbox] आपके एयर फ्रायर ऑर्डर में गोल्ड सदस्यता जोड़ी गई,sneaking:hi:14,synthetic_v1,0,0,0,0,0,1,0,0
Plus membership from Nykaa added — Rs. 449/month,sneaking,sneaking,en,span,line_item,[TAG=span] [ROLE=line_item] Plus membership from Nykaa added — Rs. 449/month,sneaking:en:17,synthetic_v1,0,0,0,0,0,1,0,0
Prime membership added to your bluetooth speaker order,sneaking,sneaking,en,p,fine_print,[TAG=p] [ROLE=fine_print] Prime membership added to your bluetooth speaker order,sneaking:en:14,synthetic_v1,0,0,0,0,0,1,0,0
"Priority delivery to Bhaktapur selected (+Rs. 1,999)",sneaking,sneaking,en,p,fine_print,"[TAG=p] [ROLE=fine_print] Priority delivery to Bhaktapur selected (+Rs. 1,999)",sneaking:en:23,synthetic_v1,0,0,0,0,0,1,0,0
Premium membership added to your phone case order,sneaking,sneaking,en,p,fine_print,[TAG=p] [ROLE=fine_print] Premium membership added to your phone case order,sneaking:en:14,synthetic_v1,0,0,0,0,0,1,0,0
प्रिमियम का लागि स्वतः नवीकरण सक्रिय छ,sneaking,sneaking,ne,label,checkbox,[TAG=label] [ROLE=checkbox] प्रिमियम का लागि स्वतः नवीकरण सक्रिय छ,sneaking:ne:08,synthetic_v1,0,0,0,0,0,1,0,0
वीरगन्ज का लागि प्राथमिकता डेलिभरी छनोट (+रु. 249),sneaking,sneaking,ne,span,line_item,[TAG=span] [ROLE=line_item] वीरगन्ज का लागि प्राथमिकता डेलिभरी छनोट (+रु. 249),sneaking:ne:23,synthetic_v1,0,0,0,0,0,1,0,0
तपाईंको Lenskart गोल्ड ट्रायल रु. 349 मा नवीकरण हुनेछ,sneaking,sneaking,ne,span,line_item,[TAG=span] [ROLE=line_item] तपाईंको Lenskart गोल्ड ट्रायल रु. 349 मा नवीकरण हुनेछ,sneaking:ne:21,synthetic_v1,0,0,0,0,0,1,0,0
हेटौंडा डेलिभरीमा थप रु. 599,sneaking,sneaking,ne,label,checkbox,[TAG=label] [ROLE=checkbox] हेटौंडा डेलिभरीमा थप रु. 599,sneaking:ne:18,synthetic_v1,0,0,0,0,0,1,0,0
राइस कुकर का बीमा आपके लिए चुना गया,sneaking,sneaking,hi,label,checkbox,[TAG=label] [ROLE=checkbox] राइस कुकर का बीमा आपके लिए चुना गया,sneaking:hi:07,synthetic_v1,0,0,0,0,0,1,0,0
2 महिनाको प्रो सदस्यता समावेश,sneaking,sneaking,ne,span,line_item,[TAG=span] [ROLE=line_item] 2 महिनाको प्रो सदस्यता समावेश,sneaking:ne:10,synthetic_v1,0,0,0,0,0,1,0,0
Tata Cliq ऑर्डर में रु. 399 का दान जोड़ा गया,sneaking,sneaking,hi,span,line_item,[TAG=span] [ROLE=line_item] Tata Cliq ऑर्डर में रु. 399 का दान जोड़ा गया,sneaking:hi:22,synthetic_v1,0,0,0,0,0,1,0,0
Includes a 2-month Gold subscription,sneaking,sneaking,en,span,line_item,[TAG=span] [ROLE=line_item] Includes a 2-month Gold subscription,sneaking:en:10,synthetic_v1,0,0,0,0,0,1,0,0
"नागपुर के लिए प्राथमिकता डिलीवरी चुनी गई (+रु. 2,999)",sneaking,sneaking,hi,span,line_item,"[TAG=span] [ROLE=line_item] नागपुर के लिए प्राथमिकता डिलीवरी चुनी गई (+रु. 2,999)",sneaking:hi:23,synthetic_v1,0,0,0,0,0,1,0,0
तनहुँ का लागि प्राथमिकता डेलिभरी छनोट (+रु. 499),sneaking,sneaking,ne,p,fine_print,[TAG=p] [ROLE=fine_print] तनहुँ का लागि प्राथमिकता डेलिभरी छनोट (+रु. 499),sneaking:ne:23,synthetic_v1,0,0,0,0,0,1,0,0
smartwatch insurance from Ajio pre-selected (Rs. 449),sneaking,sneaking,en,label,checkbox,[TAG=label] [ROLE=checkbox] smartwatch insurance from Ajio pre-selected (Rs. 449),sneaking:en:19,synthetic_v1,0,0,0,0,0,1,0,0
तपाईंको अर्डरमा रु. 99 दान थपियो,sneaking,sneaking,ne,p,fine_print,[TAG=p] [ROLE=fine_print] तपाईंको अर्डरमा रु. 99 दान थपियो,sneaking:ne:06,synthetic_v1,0,0,0,0,0,1,0,0
प्राइम का लागि स्वतः नवीकरण सक्रिय छ,sneaking,sneaking,ne,label,checkbox,[TAG=label] [ROLE=checkbox] प्राइम का लागि स्वतः नवीकरण सक्रिय छ,sneaking:ne:08,synthetic_v1,0,0,0,0,0,1,0,0
Donation of Rs. 599 added to your Meesho order,sneaking,sneaking,en,label,checkbox,[TAG=label] [ROLE=checkbox] Donation of Rs. 599 added to your Meesho order,sneaking:en:22,synthetic_v1,0,0,0,0,0,1,0,0
"फ्री ट्रायल के बाद प्रीमियम रु. 2,999/महीना हो जाएगा",sneaking,sneaking,hi,label,checkbox,"[TAG=label] [ROLE=checkbox] फ्री ट्रायल के बाद प्रीमियम रु. 2,999/महीना हो जाएगा",sneaking:hi:04,synthetic_v1,0,0,0,0,0,1,0,0
भक्तपुर अर्डरमा रु. 399 प्याकेजिङ शुल्क,sneaking,sneaking,ne,span,line_item,[TAG=span] [ROLE=line_item] भक्तपुर अर्डरमा रु. 399 प्याकेजिङ शुल्क,sneaking:ne:20,synthetic_v1,0,0,0,0,0,1,0,0
Your free trial converts to Gold at Rs. 249/month,sneaking,sneaking,en,p,fine_print,[TAG=p] [ROLE=fine_print] Your free trial converts to Gold at Rs. 249/month,sneaking:en:04,synthetic_v1,0,0,0,0,0,1,0,0
विराटनगर अर्डरमा रु. 699 प्याकेजिङ शुल्क,sneaking,sneaking,ne,span,line_item,[TAG=span] [ROLE=line_item] विराटनगर अर्डरमा रु. 699 प्याकेजिङ शुल्क,sneaking:ne:20,synthetic_v1,0,0,0,0,0,1,0,0
स्कुल ब्याग को बीमा तपाईंका लागि छनोट गरियो,sneaking,sneaking,ne,span,line_item,[TAG=span] [ROLE=line_item] स्कुल ब्याग को बीमा तपाईंका लागि छनोट गरियो,sneaking:ne:07,synthetic_v1,0,0,0,0,0,1,0,0
"Delivery to Biratnagar costs an extra Rs. 2,999",sneaking,sneaking,en,label,checkbox,"[TAG=label] [ROLE=checkbox] Delivery to Biratnagar costs an extra Rs. 2,999",sneaking:en:18,synthetic_v1,0,0,0,0,0,1,0,0
"जारी राखेमा हरेक महिना रु. 1,499 शुल्क लाग्नेछ",sneaking,sneaking,ne,p,fine_print,"[TAG=p] [ROLE=fine_print] जारी राखेमा हरेक महिना रु. 1,499 शुल्क लाग्नेछ",sneaking:ne:01,synthetic_v1,0,0,0,0,0,1,0,0
Snapdeal को प्रो सदस्यता थपियो — रु. 349/महिना,sneaking,sneaking,ne,label,checkbox,[TAG=label] [ROLE=checkbox] Snapdeal को प्रो सदस्यता थपियो — रु. 349/महिना,sneaking:ne:17,synthetic_v1,0,0,0,0,0,1,0,0
तपाईंको घामको चस्मा अर्डरमा प्लस सदस्यता थपियो,sneaking,sneaking,ne,span,line_item,[TAG=span] [ROLE=line_item] तपाईंको घामको चस्मा अर्डरमा प्लस सदस्यता थपियो,sneaking:ne:14,synthetic_v1,0,0,0,0,0,1,0,0
सुविधा शुल्क रु. 799 समावेश,sneaking,sneaking,ne,span,line_item,[TAG=span] [ROLE=line_item] सुविधा शुल्क रु. 799 समावेश,sneaking:ne:05,synthetic_v1,0,0,0,0,0,1,0,0
Pro membership added to your running shoes order,sneaking,sneaking,en,p,fine_print,[TAG=p] [ROLE=fine_print] Pro membership added to your running shoes order,sneaking:en:14,synthetic_v1,0,0,0,0,0,1,0,0
Nykaa service fee of Rs. 49 added to your protein powder order,sneaking,sneaking,en,p,fine_print,[TAG=p] [ROLE=fine_print] Nykaa service fee of Rs. 49 added to your protein powder order,sneaking:en:16,synthetic_v1,0,0,0,0,0,1,0,0
JioMart सेवा शुल्क रु. 799 आपके हेयर ड्रायर ऑर्डर में जोड़ा गया,sneaking,sneaking,hi,span,line_item,[TAG=span] [ROLE=line_item] JioMart सेवा शुल्क रु. 799 आपके हेयर ड्रायर ऑर्डर में जोड़ा गया,sneaking:hi:16,synthetic_v1,0,0,0,0,0,1,0,0
2 महिनाको प्रिमियम सदस्यता समावेश,sneaking,sneaking,ne,span,line_item,[TAG=span] [ROLE=line_item] 2 महिनाको प्रिमियम सदस्यता समावेश,sneaking:ne:10,synthetic_v1,0,0,0,0,0,1,0,0
Ajio service fee of Rs. 799 added to your protein powder order,sneaking,sneaking,en,label,checkbox,[TAG=label] [ROLE=checkbox] Ajio service fee of Rs. 799 added to your protein powder order,sneaking:en:16,synthetic_v1,0,0,0,0,0,1,0,0
तपाईंको फेस वास अर्डरमा प्रिमियम सदस्यता थपियो,sneaking,sneaking,ne,p,fine_print,[TAG=p] [ROLE=fine_print] तपाईंको फेस वास अर्डरमा प्रिमियम सदस्यता थपियो,sneaking:ne:14,synthetic_v1,0,0,0,0,0,1,0,0
आपके नॉइज़ कैंसलिंग हेडफोन ऑर्डर में प्रो सदस्यता जोड़ी गई,sneaking,sneaking,hi,label,checkbox,[TAG=label] [ROLE=checkbox] आपके नॉइज़ कैंसलिंग हेडफोन ऑर्डर में प्रो सदस्यता जोड़ी गई,sneaking:hi:14,synthetic_v1,0,0,0,0,0,1,0,0
Donation of Rs. 99 added to your Salesberry order,sneaking,sneaking,en,span,line_item,[TAG=span] [ROLE=line_item] Donation of Rs. 99 added to your Salesberry order,sneaking:en:22,synthetic_v1,0,0,0,0,0,1,0,0
"Thulo service fee of Rs. 1,999 added to your face wash order",sneaking,sneaking,en,label,checkbox,"[TAG=label] [ROLE=checkbox] Thulo service fee of Rs. 1,999 added to your face wash order",sneaking:en:16,synthetic_v1,0,0,0,0,0,1,0,0
मुंबई के लिए प्राथमिकता डिलीवरी चुनी गई (+रु. 399),sneaking,sneaking,hi,label,checkbox,[TAG=label] [ROLE=checkbox] मुंबई के लिए प्राथमिकता डिलीवरी चुनी गई (+रु. 399),sneaking:hi:23,synthetic_v1,0,0,0,0,0,1,0,0
भोपाल डिलीवरी पर रु. 499 हैंडलिंग शुल्क,sneaking,sneaking,hi,p,fine_print,[TAG=p] [ROLE=fine_print] भोपाल डिलीवरी पर रु. 499 हैंडलिंग शुल्क,sneaking:hi:13,synthetic_v1,0,0,0,0,0,1,0,0
तनहुँ अर्डरमा रु. 399 प्याकेजिङ शुल्क,sneaking,sneaking,ne,span,line_item,[TAG=span] [ROLE=line_item] तनहुँ अर्डरमा रु. 399 प्याकेजिङ शुल्क,sneaking:ne:20,synthetic_v1,0,0,0,0,0,1,0,0
तपाईंको प्रोटिन पाउडर अर्डरमा गोल्ड सदस्यता थपियो,sneaking,sneaking,ne,span,line_item,[TAG=span] [ROLE=line_item] तपाईंको प्रोटिन पाउडर अर्डरमा गोल्ड सदस्यता थपियो,sneaking:ne:14,synthetic_v1,0,0,0,0,0,1,0,0
तपाईंको JioMart प्राइम ट्रायल रु. 799 मा नवीकरण हुनेछ,sneaking,sneaking,ne,p,fine_print,[TAG=p] [ROLE=fine_print] तपाईंको JioMart प्राइम ट्रायल रु. 799 मा नवीकरण हुनेछ,sneaking:ne:21,synthetic_v1,0,0,0,0,0,1,0,0
आपके वायरलेस ईयरबड्स ऑर्डर में प्लस सदस्यता जोड़ी गई,sneaking,sneaking,hi,p,fine_print,[TAG=p] [ROLE=fine_print] आपके वायरलेस ईयरबड्स ऑर्डर में प्लस सदस्यता जोड़ी गई,sneaking:hi:14,synthetic_v1,0,0,0,0,0,1,0,0
"सुविधा शुल्क रु. 1,199 शामिल",sneaking,sneaking,hi,span,line_item,"[TAG=span] [ROLE=line_item] सुविधा शुल्क रु. 1,199 शामिल",sneaking:hi:05,synthetic_v1,0,0,0,0,0,1,0,0
We've added a donation of Rs. 299 to your order,sneaking,sneaking,en,p,fine_print,[TAG=p] [ROLE=fine_print] We've added a donation of Rs. 299 to your order,sneaking:en:06,synthetic_v1,0,0,0,0,0,1,0,0
निःशुल्क ट्रायलपछि प्राइम रु. 199/महिना हुनेछ,sneaking,sneaking,ne,span,line_item,[TAG=span] [ROLE=line_item] निःशुल्क ट्रायलपछि प्राइम रु. 199/महिना हुनेछ,sneaking:ne:04,synthetic_v1,0,0,0,0,0,1,0,0
Premium membership added to your induction cooktop order,sneaking,sneaking,en,p,fine_print,[TAG=p] [ROLE=fine_print] Premium membership added to your induction cooktop order,sneaking:en:14,synthetic_v1,0,0,0,0,0,1,0,0
"OkDam से पावर बैंक बीमा पहले से चुना गया (रु. 2,499)",sneaking,sneaking,hi,label,checkbox,"[TAG=label] [ROLE=checkbox] OkDam से पावर बैंक बीमा पहले से चुना गया (रु. 2,499)",sneaking:hi:19,synthetic_v1,0,0,0,0,0,1,0,0
"Priority delivery to Biratnagar selected (+Rs. 1,499)",sneaking,sneaking,en,p,fine_print,"[TAG=p] [ROLE=fine_print] Priority delivery to Biratnagar selected (+Rs. 1,499)",sneaking:en:23,synthetic_v1,0,0,0,0,0,1,0,0
Rs. 299 packaging charge applies for Indore orders,sneaking,sneaking,en,label,checkbox,[TAG=label] [ROLE=checkbox] Rs. 299 packaging charge applies for Indore orders,sneaking:en:20,synthetic_v1,0,0,0,0,0,1,0,0
Daraz अर्डरमा रु. 699 दान थपियो,sneaking,sneaking,ne,span,line_item,[TAG=span] [ROLE=line_item] Daraz अर्डरमा रु. 699 दान थपियो,sneaking:ne:22,synthetic_v1,0,0,0,0,0,1,0,0
"फ्री ट्रायल के बाद प्राइम रु. 2,499/महीना हो जाएगा",sneaking,sneaking,hi,label,checkbox,"[TAG=label] [ROLE=checkbox] फ्री ट्रायल के बाद प्राइम रु. 2,499/महीना हो जाएगा",sneaking:hi:04,synthetic_v1,0,0,0,0,0,1,0,0
प्राथमिकता डिलीवरी पहले से चुनी गई (+रु. 299),sneaking,sneaking,hi,label,checkbox,[TAG=label] [ROLE=checkbox] प्राथमिकता डिलीवरी पहले से चुनी गई (+रु. 299),sneaking:hi:09,synthetic_v1,0,0,0,0,0,1,0,0
आपके पानी की बोतल ऑर्डर में प्रो सदस्यता जोड़ी गई,sneaking,sneaking,hi,label,checkbox,[TAG=label] [ROLE=checkbox] आपके पानी की बोतल ऑर्डर में प्रो सदस्यता जोड़ी गई,sneaking:hi:14,synthetic_v1,0,0,0,0,0,1,0,0
Reliance Digital बाट फर्मल सर्ट बीमा पहिले नै छनोट (रु. 399),sneaking,sneaking,ne,span,line_item,[TAG=span] [ROLE=line_item] Reliance Digital बाट फर्मल सर्ट बीमा पहिले नै छनोट (रु. 399),sneaking:ne:19,synthetic_v1,0,0,0,0,0,1,0,0
Gold membership from Myntra added — Rs. 799/month,sneaking,sneaking,en,span,line_item,[TAG=span] [ROLE=line_item] Gold membership from Myntra added — Rs. 799/month,sneaking:en:17,synthetic_v1,0,0,0,0,0,1,0,0
Ajio सेवा शुल्क रु. 699 तपाईंको फोन कभर अर्डरमा थपियो,sneaking,sneaking,ne,span,line_item,[TAG=span] [ROLE=line_item] Ajio सेवा शुल्क रु. 699 तपाईंको फोन कभर अर्डरमा थपियो,sneaking:ne:16,synthetic_v1,0,0,0,0,0,1,0,0
पोखरा का लागि प्राथमिकता डेलिभरी छनोट (+रु. 699),sneaking,sneaking,ne,label,checkbox,[TAG=label] [ROLE=checkbox] पोखरा का लागि प्राथमिकता डेलिभरी छनोट (+रु. 699),sneaking:ne:23,synthetic_v1,0,0,0,0,0,1,0,0
फ्री ट्रायल के बाद प्रीमियम रु. 99/महीना हो जाएगा,sneaking,sneaking,hi,p,fine_print,[TAG=p] [ROLE=fine_print] फ्री ट्रायल के बाद प्रीमियम रु. 99/महीना हो जाएगा,sneaking:hi:04,synthetic_v1,0,0,0,0,0,1,0,0
तपाईंको पानीको बोतल अर्डरमा प्राइम सदस्यता थपियो,sneaking,sneaking,ne,p,fine_print,[TAG=p] [ROLE=fine_print] तपाईंको पानीको बोतल अर्डरमा प्राइम सदस्यता थपियो,sneaking:ne:14,synthetic_v1,0,0,0,0,0,1,0,0
"Shipping fee of Rs. 1,199 added at checkout",sneaking,sneaking,en,span,line_item,"[TAG=span] [ROLE=line_item] Shipping fee of Rs. 1,199 added at checkout",sneaking:en:00,synthetic_v1,0,0,0,0,0,1,0,0
Meesho अर्डरमा रु. 999 दान थपियो,sneaking,sneaking,ne,label,checkbox,[TAG=label] [ROLE=checkbox] Meesho अर्डरमा रु. 999 दान थपियो,sneaking:ne:22,synthetic_v1,0,0,0,0,0,1,0,0
आपके धूप का चश्मा ऑर्डर में प्रो सदस्यता जोड़ी गई,sneaking,sneaking,hi,span,line_item,[TAG=span] [ROLE=line_item] आपके धूप का चश्मा ऑर्डर में प्रो सदस्यता जोड़ी गई,sneaking:hi:14,synthetic_v1,0,0,0,0,0,1,0,0
Priority delivery to Jaipur selected (+Rs. 699),sneaking,sneaking,en,label,checkbox,[TAG=label] [ROLE=checkbox] Priority delivery to Jaipur selected (+Rs. 699),sneaking:en:23,synthetic_v1,0,0,0,0,0,1,0,0
प्राथमिकता डिलीवरी पहले से चुनी गई (+रु. 199),sneaking,sneaking,hi,label,checkbox,[TAG=label] [ROLE=checkbox] प्राथमिकता डिलीवरी पहले से चुनी गई (+रु. 199),sneaking:hi:09,synthetic_v1,0,0,0,0,0,1,0,0
रु. 599 सेवा शुल्क लागू,sneaking,sneaking,hi,span,line_item,[TAG=span] [ROLE=line_item] रु. 599 सेवा शुल्क लागू,sneaking:hi:03,synthetic_v1,0,0,0,0,0,1,0,0
Donation of Rs. 49 added to your OkDam order,sneaking,sneaking,en,p,fine_print,[TAG=p] [ROLE=fine_print] Donation of Rs. 49 added to your OkDam order,sneaking:en:22,synthetic_v1,0,0,0,0,0,1,0,0
Nykaa अर्डरमा रु. 499 दान थपियो,sneaking,sneaking,ne,span,line_item,[TAG=span] [ROLE=line_item] Nykaa अर्डरमा रु. 499 दान थपियो,sneaking:ne:22,synthetic_v1,0,0,0,0,0,1,0,0
"Handling charge of Rs. 1,199 for Bhaktapur deliveries",sneaking,sneaking,en,label,checkbox,"[TAG=label] [ROLE=checkbox] Handling charge of Rs. 1,199 for Bhaktapur deliveries",sneaking:en:13,synthetic_v1,0,0,0,0,0,1,0,0
Includes a 2-month Premium subscription,sneaking,sneaking,en,p,fine_print,[TAG=p] [ROLE=fine_print] Includes a 2-month Premium subscription,sneaking:en:10,synthetic_v1,0,0,0,0,0,1,0,0
Kinbech service fee of Rs. 199 added to your denim jeans order,sneaking,sneaking,en,span,line_item,[TAG=span] [ROLE=line_item] Kinbech service fee of Rs. 199 added to your denim jeans order,sneaking:en:16,synthetic_v1,0,0,0,0,0,1,0,0
Your free trial converts to Prime at Rs. 249/month,sneaking,sneaking,en,span,line_item,[TAG=span] [ROLE=line_item] Your free trial converts to Prime at Rs. 249/month,sneaking:en:04,synthetic_v1,0,0,0,0,0,1,0,0
Ajio सेवा शुल्क रु. 99 तपाईंको डेनिम जिन्स अर्डरमा थपियो,sneaking,sneaking,ne,label,checkbox,[TAG=label] [ROLE=checkbox] Ajio सेवा शुल्क रु. 99 तपाईंको डेनिम जिन्स अर्डरमा थपियो,sneaking:ne:16,synthetic_v1,0,0,0,0,0,1,0,0
Your free trial converts to Plus at Rs. 299/month,sneaking,sneaking,en,span,line_item,[TAG=span] [ROLE=line_item] Your free trial converts to Plus at Rs. 299/month,sneaking:en:04,synthetic_v1,0,0,0,0,0,1,0,0
Salesberry ऑर्डर में रु. 699 का दान जोड़ा गया,sneaking,sneaking,hi,span,line_item,[TAG=span] [ROLE=line_item] Salesberry ऑर्डर में रु. 699 का दान जोड़ा गया,sneaking:hi:22,synthetic_v1,0,0,0,0,0,1,0,0
"Service fee of Rs. 1,999 applied",sneaking,sneaking,en,label,checkbox,"[TAG=label] [ROLE=checkbox] Service fee of Rs. 1,999 applied",sneaking:en:03,synthetic_v1,0,0,0,0,0,1,0,0
तपाईंको फेस वास अर्डरमा प्लस सदस्यता थपियो,sneaking,sneaking,ne,span,line_item,[TAG=span] [ROLE=line_item] तपाईंको फेस वास अर्डरमा प्लस सदस्यता थपियो,sneaking:ne:14,synthetic_v1,0,0,0,0,0,1,0,0
"Delivery to Patna costs an extra Rs. 2,499",sneaking,sneaking,en,span,line_item,"[TAG=span] [ROLE=line_item] Delivery to Patna costs an extra Rs. 2,499",sneaking:en:18,synthetic_v1,0,0,0,0,0,1,0,0
आपके स्टडी लैंप ऑर्डर में प्राइम सदस्यता जोड़ी गई,sneaking,sneaking,hi,span,line_item,[TAG=span] [ROLE=line_item] आपके स्टडी लैंप ऑर्डर में प्राइम सदस्यता जोड़ी गई,sneaking:hi:14,synthetic_v1,0,0,0,0,0,1,0,0
Handling charge of Rs. 149 for Kolkata deliveries,sneaking,sneaking,en,p,fine_print,[TAG=p] [ROLE=fine_print] Handling charge of Rs. 149 for Kolkata deliveries,sneaking:en:13,synthetic_v1,0,0,0,0,0,1,0,0
फ्री ट्रायल के बाद प्लस रु. 449/महीना हो जाएगा,sneaking,sneaking,hi,span,line_item,[TAG=span] [ROLE=line_item] फ्री ट्रायल के बाद प्लस रु. 449/महीना हो जाएगा,sneaking:hi:04,synthetic_v1,0,0,0,0,0,1,0,0
Prime membership added to your wireless earbuds order,sneaking,sneaking,en,p,fine_print,[TAG=p] [ROLE=fine_print] Prime membership added to your wireless earbuds order,sneaking:en:14,synthetic_v1,0,0,0,0,0,1,0,0
नागपुर ऑर्डर पर रु. 899 पैकेजिंग शुल्क,sneaking,sneaking,hi,p,fine_print,[TAG=p] [ROLE=fine_print] नागपुर ऑर्डर पर रु. 899 पैकेजिंग शुल्क,sneaking:hi:20,synthetic_v1,0,0,0,0,0,1,0,0
Your free trial converts to Premium at Rs. 449/month,sneaking,sneaking,en,p,fine_print,[TAG=p] [ROLE=fine_print] Your free trial converts to Premium at Rs. 449/month,sneaking:en:04,synthetic_v1,0,0,0,0,0,1,0,0
"Your free trial converts to Gold at Rs. 1,499/month",sneaking,sneaking,en,p,fine_print,"[TAG=p] [ROLE=fine_print] Your free trial converts to Gold at Rs. 1,499/month",sneaking:en:04,synthetic_v1,0,0,0,0,0,1,0,0
रांची के लिए प्राथमिकता डिलीवरी चुनी गई (+रु. 999),sneaking,sneaking,hi,p,fine_print,[TAG=p] [ROLE=fine_print] रांची के लिए प्राथमिकता डिलीवरी चुनी गई (+रु. 999),sneaking:hi:23,synthetic_v1,0,0,0,0,0,1,0,0
"Convenience fee of Rs. 1,199 included",sneaking,sneaking,en,label,checkbox,"[TAG=label] [ROLE=checkbox] Convenience fee of Rs. 1,199 included",sneaking:en:05,synthetic_v1,0,0,0,0,0,1,0,0
Tata Cliq सेवा शुल्क रु. 499 आपके स्मार्टवॉच ऑर्डर में जोड़ा गया,sneaking,sneaking,hi,p,fine_print,[TAG=p] [ROLE=fine_print] Tata Cliq सेवा शुल्क रु. 499 आपके स्मार्टवॉच ऑर्डर में जोड़ा गया,sneaking:hi:16,synthetic_v1,0,0,0,0,0,1,0,0
3 महीने की प्रीमियम सदस्यता शामिल,sneaking,sneaking,hi,label,checkbox,[TAG=label] [ROLE=checkbox] 3 महीने की प्रीमियम सदस्यता शामिल,sneaking:hi:10,synthetic_v1,0,0,0,0,0,1,0,0
Zepto सेवा शुल्क रु. 99 आपके इंडक्शन चूल्हा ऑर्डर में जोड़ा गया,sneaking,sneaking,hi,label,checkbox,[TAG=label] [ROLE=checkbox] Zepto सेवा शुल्क रु. 99 आपके इंडक्शन चूल्हा ऑर्डर में जोड़ा गया,sneaking:hi:16,synthetic_v1,0,0,0,0,0,1,0,0
आपके पानी की बोतल ऑर्डर में प्लस सदस्यता जोड़ी गई,sneaking,sneaking,hi,p,fine_print,[TAG=p] [ROLE=fine_print] आपके पानी की बोतल ऑर्डर में प्लस सदस्यता जोड़ी गई,sneaking:hi:14,synthetic_v1,0,0,0,0,0,1,0,0
रु. 299 सेवा शुल्क लागू,sneaking,sneaking,hi,label,checkbox,[TAG=label] [ROLE=checkbox] रु. 299 सेवा शुल्क लागू,sneaking:hi:03,synthetic_v1,0,0,0,0,0,1,0,0
Donation of Rs. 49 added to your Amazon order,sneaking,sneaking,en,span,line_item,[TAG=span] [ROLE=line_item] Donation of Rs. 49 added to your Amazon order,sneaking:en:22,synthetic_v1,0,0,0,0,0,1,0,0
जारी राखेमा हरेक महिना रु. 199 शुल्क लाग्नेछ,sneaking,sneaking,ne,span,line_item,[TAG=span] [ROLE=line_item] जारी राखेमा हरेक महिना रु. 199 शुल्क लाग्नेछ,sneaking:ne:01,synthetic_v1,0,0,0,0,0,1,0,0
Croma बाट इलेक्ट्रिक केतली बीमा पहिले नै छनोट (रु. 49),sneaking,sneaking,ne,span,line_item,[TAG=span] [ROLE=line_item] Croma बाट इलेक्ट्रिक केतली बीमा पहिले नै छनोट (रु. 49),sneaking:ne:19,synthetic_v1,0,0,0,0,0,1,0,0
हेटौंडा डेलिभरीमा थप रु. 399,sneaking,sneaking,ne,label,checkbox,[TAG=label] [ROLE=checkbox] हेटौंडा डेलिभरीमा थप रु. 399,sneaking:ne:18,synthetic_v1,0,0,0,0,0,1,0,0
जारी राखेमा हरेक महिना रु. 899 शुल्क लाग्नेछ,sneaking,sneaking,ne,p,fine_print,[TAG=p] [ROLE=fine_print] जारी राखेमा हरेक महिना रु. 899 शुल्क लाग्नेछ,sneaking:ne:01,synthetic_v1,0,0,0,0,0,1,0,0
आपका Muncha प्रो ट्रायल रु. 299 पर रिन्यू होगा,sneaking,sneaking,hi,span,line_item,[TAG=span] [ROLE=line_item] आपका Muncha प्रो ट्रायल रु. 299 पर रिन्यू होगा,sneaking:hi:21,synthetic_v1,0,0,0,0,0,1,0,0
"वाराणसी ऑर्डर पर रु. 1,199 पैकेजिंग शुल्क",sneaking,sneaking,hi,p,fine_print,"[TAG=p] [ROLE=fine_print] वाराणसी ऑर्डर पर रु. 1,199 पैकेजिंग शुल्क",sneaking:hi:20,synthetic_v1,0,0,0,0,0,1,0,0
नासिक डिलीवरी पर अतिरिक्त रु. 499,sneaking,sneaking,hi,span,line_item,[TAG=span] [ROLE=line_item] नासिक डिलीवरी पर अतिरिक्त रु. 499,sneaking:hi:18,synthetic_v1,0,0,0,0,0,1,0,0
6 महीने की प्रो सदस्यता शामिल,sneaking,sneaking,hi,label,checkbox,[TAG=label] [ROLE=checkbox] 6 महीने की प्रो सदस्यता शामिल,sneaking:hi:10,synthetic_v1,0,0,0,0,0,1,0,0
रु. 899 सेवा शुल्क लागू,sneaking,sneaking,ne,span,line_item,[TAG=span] [ROLE=line_item] रु. 899 सेवा शुल्क लागू,sneaking:ne:03,synthetic_v1,0,0,0,0,0,1,0,0
Priority delivery to Bengaluru selected (+Rs. 799),sneaking,sneaking,en,span,line_item,[TAG=span] [ROLE=line_item] Priority delivery to Bengaluru selected (+Rs. 799),sneaking:en:23,synthetic_v1,0,0,0,0,0,1,0,0
Priority delivery pre-selected (+Rs. 349),sneaking,sneaking,en,p,fine_print,[TAG=p] [ROLE=fine_print] Priority delivery pre-selected (+Rs. 349),sneaking:en:09,synthetic_v1,0,0,0,0,0,1,0,0
"Handling charge of Rs. 1,999 for Kathmandu deliveries",sneaking,sneaking,en,label,checkbox,"[TAG=label] [ROLE=checkbox] Handling charge of Rs. 1,999 for Kathmandu deliveries",sneaking:en:13,synthetic_v1,0,0,0,0,0,1,0,0
Service fee of Rs. 699 applied,sneaking,sneaking,en,span,line_item,[TAG=span] [ROLE=line_item] Service fee of Rs. 699 applied,sneaking:en:03,synthetic_v1,0,0,0,0,0,1,0,0
Amazon सेवा शुल्क रु. 299 तपाईंको रनिङ जुत्ता अर्डरमा थपियो,sneaking,sneaking,ne,p,fine_print,[TAG=p] [ROLE=fine_print] Amazon सेवा शुल्क रु. 299 तपाईंको रनिङ जुत्ता अर्डरमा थपियो,sneaking:ne:16,synthetic_v1,0,0,0,0,0,1,0,0
चंडीगढ़ डिलीवरी पर अतिरिक्त रु. 99,sneaking,sneaking,hi,span,line_item,[TAG=span] [ROLE=line_item] चंडीगढ़ डिलीवरी पर अतिरिक्त रु. 99,sneaking:hi:18,synthetic_v1,0,0,0,0,0,1,0,0
चितवन डेलिभरीमा थप रु. 199,sneaking,sneaking,ne,p,fine_print,[TAG=p] [ROLE=fine_print] चितवन डेलिभरीमा थप रु. 199,sneaking:ne:18,synthetic_v1,0,0,0,0,0,1,0,0
"Priority delivery to Biratnagar selected (+Rs. 2,999)",sneaking,sneaking,en,p,fine_print,"[TAG=p] [ROLE=fine_print] Priority delivery to Biratnagar selected (+Rs. 2,999)",sneaking:en:23,synthetic_v1,0,0,0,0,0,1,0,0
मुंबई ऑर्डर पर रु. 449 पैकेजिंग शुल्क,sneaking,sneaking,hi,label,checkbox,[TAG=label] [ROLE=checkbox] मुंबई ऑर्डर पर रु. 449 पैकेजिंग शुल्क,sneaking:hi:20,synthetic_v1,0,0,0,0,0,1,0,0
"Amazon की गोल्ड सदस्यता जोड़ी गई — रु. 2,499/महीना",sneaking,sneaking,hi,p,fine_print,"[TAG=p] [ROLE=fine_print] Amazon की गोल्ड सदस्यता जोड़ी गई — रु. 2,499/महीना",sneaking:hi:17,synthetic_v1,0,0,0,0,0,1,0,0
बेंगलुरु डिलीवरी पर रु. 599 हैंडलिंग शुल्क,sneaking,sneaking,hi,span,line_item,[TAG=span] [ROLE=line_item] बेंगलुरु डिलीवरी पर रु. 599 हैंडलिंग शुल्क,sneaking:hi:13,synthetic_v1,0,0,0,0,0,1,0,0
Pro membership from Tata Cliq added — Rs. 349/month,sneaking,sneaking,en,label,checkbox,[TAG=label] [ROLE=checkbox] Pro membership from Tata Cliq added — Rs. 349/month,sneaking:en:17,synthetic_v1,0,0,0,0,0,1,0,0
Thulo अर्डरमा रु. 449 दान थपियो,sneaking,sneaking,ne,span,line_item,[TAG=span] [ROLE=line_item] Thulo अर्डरमा रु. 449 दान थपियो,sneaking:ne:22,synthetic_v1,0,0,0,0,0,1,0,0
दिल्ली डिलीवरी पर अतिरिक्त रु. 699,sneaking,sneaking,hi,p,fine_print,[TAG=p] [ROLE=fine_print] दिल्ली डिलीवरी पर अतिरिक्त रु. 699,sneaking:hi:18,synthetic_v1,0,0,0,0,0,1,0,0
"मुंबई के लिए प्राथमिकता डिलीवरी चुनी गई (+रु. 2,999)",sneaking,sneaking,hi,span,line_item,"[TAG=span] [ROLE=line_item] मुंबई के लिए प्राथमिकता डिलीवरी चुनी गई (+रु. 2,999)",sneaking:hi:23,synthetic_v1,0,0,0,0,0,1,0,0
Your free trial converts to Gold at Rs. 799/month,sneaking,sneaking,en,p,fine_print,[TAG=p] [ROLE=fine_print] Your free trial converts to Gold at Rs. 799/month,sneaking:en:04,synthetic_v1,0,0,0,0,0,1,0,0
Your Flipkart Plus trial renews at Rs. 399,sneaking,sneaking,en,label,checkbox,[TAG=label] [ROLE=checkbox] Your Flipkart Plus trial renews at Rs. 399,sneaking:en:21,synthetic_v1,0,0,0,0,0,1,0,0
Insurance for gaming mouse selected for you,sneaking,sneaking,en,p,fine_print,[TAG=p] [ROLE=fine_print] Insurance for gaming mouse selected for you,sneaking:en:07,synthetic_v1,0,0,0,0,0,1,0,0
"Zepto service fee of Rs. 2,999 added to your sunglasses order",sneaking,sneaking,en,label,checkbox,"[TAG=label] [ROLE=checkbox] Zepto service fee of Rs. 2,999 added to your sunglasses order",sneaking:en:16,synthetic_v1,0,0,0,0,0,1,0,0
Lenskart सेवा शुल्क रु. 199 तपाईंको पावर ब्यांक अर्डरमा थपियो,sneaking,sneaking,ne,span,line_item,[TAG=span] [ROLE=line_item] Lenskart सेवा शुल्क रु. 199 तपाईंको पावर ब्यांक अर्डरमा थपियो,sneaking:ne:16,synthetic_v1,0,0,0,0,0,1,0,0
Ajio की प्लस सदस्यता जोड़ी गई — रु. 499/महीना,sneaking,sneaking,hi,label,checkbox,[TAG=label] [ROLE=checkbox] Ajio की प्लस सदस्यता जोड़ी गई — रु. 499/महीना,sneaking:hi:17,synthetic_v1,0,0,0,0,0,1,0,0
"चेकआउटमा रु. 2,499 ढुवानी शुल्क थपियो",sneaking,sneaking,ne,label,checkbox,"[TAG=label] [ROLE=checkbox] चेकआउटमा रु. 2,499 ढुवानी शुल्क थपियो",sneaking:ne:00,synthetic_v1,0,0,0,0,0,1,0,0
बाँके का लागि प्राथमिकता डेलिभरी छनोट (+रु. 599),sneaking,sneaking,ne,span,line_item,[TAG=span] [ROLE=line_item] बाँके का लागि प्राथमिकता डेलिभरी छनोट (+रु. 599),sneaking:ne:23,synthetic_v1,0,0,0,0,0,1,0,0
12 महिनाको प्लस सदस्यता समावेश,sneaking,sneaking,ne,p,fine_print,[TAG=p] [ROLE=fine_print] 12 महिनाको प्लस सदस्यता समावेश,sneaking:ne:10,synthetic_v1,0,0,0,0,0,1,0,0
Gold membership added to your induction cooktop order,sneaking,sneaking,en,span,line_item,[TAG=span] [ROLE=line_item] Gold membership added to your induction cooktop order,sneaking:en:14,synthetic_v1,0,0,0,0,0,1,0,0
तनहुँ डेलिभरीमा रु. 199 ह्यान्डलिङ शुल्क,sneaking,sneaking,ne,label,checkbox,[TAG=label] [ROLE=checkbox] तनहुँ डेलिभरीमा रु. 199 ह्यान्डलिङ शुल्क,sneaking:ne:13,synthetic_v1,0,0,0,0,0,1,0,0
"Priority delivery pre-selected (+Rs. 1,199)",sneaking,sneaking,en,label,checkbox,"[TAG=label] [ROLE=checkbox] Priority delivery pre-selected (+Rs. 1,199)",sneaking:en:09,synthetic_v1,0,0,0,0,0,1,0,0
"BigBasket सेवा शुल्क रु. 1,999 आपके धूप का चश्मा ऑर्डर में जोड़ा गया",sneaking,sneaking,hi,label,checkbox,"[TAG=label] [ROLE=checkbox] BigBasket सेवा शुल्क रु. 1,999 आपके धूप का चश्मा ऑर्डर में जोड़ा गया",sneaking:hi:16,synthetic_v1,0,0,0,0,0,1,0,0
Rs. 999 packaging charge applies for Nepalgunj orders,sneaking,sneaking,en,p,fine_print,[TAG=p] [ROLE=fine_print] Rs. 999 packaging charge applies for Nepalgunj orders,sneaking:en:20,synthetic_v1,0,0,0,0,0,1,0,0
Convenience fee of Rs. 49 included,sneaking,sneaking,en,label,checkbox,[TAG=label] [ROLE=checkbox] Convenience fee of Rs. 49 included,sneaking:en:05,synthetic_v1,0,0,0,0,0,1,0,0
Prime membership added to your denim jeans order,sneaking,sneaking,en,span,line_item,[TAG=span] [ROLE=line_item] Prime membership added to your denim jeans order,sneaking:en:14,synthetic_v1,0,0,0,0,0,1,0,0
HamroBazar को गोल्ड सदस्यता थपियो — रु. 899/महिना,sneaking,sneaking,ne,label,checkbox,[TAG=label] [ROLE=checkbox] HamroBazar को गोल्ड सदस्यता थपियो — रु. 899/महिना,sneaking:ne:17,synthetic_v1,0,0,0,0,0,1,0,0
HamroBazar को प्रो सदस्यता थपियो — रु. 449/महिना,sneaking,sneaking,ne,label,checkbox,[TAG=label] [ROLE=checkbox] HamroBazar को प्रो सदस्यता थपियो — रु. 449/महिना,sneaking:ne:17,synthetic_v1,0,0,0,0,0,1,0,0
ललितपुर अर्डरमा रु. 49 प्याकेजिङ शुल्क,sneaking,sneaking,ne,p,fine_print,[TAG=p] [ROLE=fine_print] ललितपुर अर्डरमा रु. 49 प्याकेजिङ शुल्क,sneaking:ne:20,synthetic_v1,0,0,0,0,0,1,0,0
इंदौर डिलीवरी पर अतिरिक्त रु. 449,sneaking,sneaking,hi,span,line_item,[TAG=span] [ROLE=line_item] इंदौर डिलीवरी पर अतिरिक्त रु. 449,sneaking:hi:18,synthetic_v1,0,0,0,0,0,1,0,0
फ्री ट्रायल के बाद प्रीमियम रु. 149/महीना हो जाएगा,sneaking,sneaking,hi,p,fine_print,[TAG=p] [ROLE=fine_print] फ्री ट्रायल के बाद प्रीमियम रु. 149/महीना हो जाएगा,sneaking:hi:04,synthetic_v1,0,0,0,0,0,1,0,0
"Donation of Rs. 1,499 added to your Gyapu order",sneaking,sneaking,en,label,checkbox,"[TAG=label] [ROLE=checkbox] Donation of Rs. 1,499 added to your Gyapu order",sneaking:en:22,synthetic_v1,0,0,0,0,0,1,0,0
फ्री ट्रायल के बाद गोल्ड रु. 499/महीना हो जाएगा,sneaking,sneaking,hi,p,fine_print,[TAG=p] [ROLE=fine_print] फ्री ट्रायल के बाद गोल्ड रु. 499/महीना हो जाएगा,sneaking:hi:04,synthetic_v1,0,0,0,0,0,1,0,0
फ्री ट्रायल के बाद गोल्ड रु. 199/महीना हो जाएगा,sneaking,sneaking,hi,p,fine_print,[TAG=p] [ROLE=fine_print] फ्री ट्रायल के बाद गोल्ड रु. 199/महीना हो जाएगा,sneaking:hi:04,synthetic_v1,0,0,0,0,0,1,0,0
Amazon सेवा शुल्क रु. 349 तपाईंको फर्मल सर्ट अर्डरमा थपियो,sneaking,sneaking,ne,p,fine_print,[TAG=p] [ROLE=fine_print] Amazon सेवा शुल्क रु. 349 तपाईंको फर्मल सर्ट अर्डरमा थपियो,sneaking:ne:16,synthetic_v1,0,0,0,0,0,1,0,0
"Ajio की गोल्ड सदस्यता जोड़ी गई — रु. 1,999/महीना",sneaking,sneaking,hi,label,checkbox,"[TAG=label] [ROLE=checkbox] Ajio की गोल्ड सदस्यता जोड़ी गई — रु. 1,999/महीना",sneaking:hi:17,synthetic_v1,0,0,0,0,0,1,0,0
आपका BigBasket प्लस ट्रायल रु. 449 पर रिन्यू होगा,sneaking,sneaking,hi,label,checkbox,[TAG=label] [ROLE=checkbox] आपका BigBasket प्लस ट्रायल रु. 449 पर रिन्यू होगा,sneaking:hi:21,synthetic_v1,0,0,0,0,0,1,0,0
आपके धूप का चश्मा ऑर्डर में प्लस सदस्यता जोड़ी गई,sneaking,sneaking,hi,span,line_item,[TAG=span] [ROLE=line_item] आपके धूप का चश्मा ऑर्डर में प्लस सदस्यता जोड़ी गई,sneaking:hi:14,synthetic_v1,0,0,0,0,0,1,0,0
4 महिनाको प्रो सदस्यता समावेश,sneaking,sneaking,ne,p,fine_print,[TAG=p] [ROLE=fine_print] 4 महिनाको प्रो सदस्यता समावेश,sneaking:ne:10,synthetic_v1,0,0,0,0,0,1,0,0
Your free trial converts to Plus at Rs. 699/month,sneaking,sneaking,en,p,fine_print,[TAG=p] [ROLE=fine_print] Your free trial converts to Plus at Rs. 699/month,sneaking:en:04,synthetic_v1,0,0,0,0,0,1,0,0
"water bottle insurance from Reliance Digital pre-selected (Rs. 1,199)",sneaking,sneaking,en,span,line_item,"[TAG=span] [ROLE=line_item] water bottle insurance from Reliance Digital pre-selected (Rs. 1,199)",sneaking:en:19,synthetic_v1,0,0,0,0,0,1,0,0
अहमदाबाद ऑर्डर पर रु. 999 पैकेजिंग शुल्क,sneaking,sneaking,hi,span,line_item,[TAG=span] [ROLE=line_item] अहमदाबाद ऑर्डर पर रु. 999 पैकेजिंग शुल्क,sneaking:hi:20,synthetic_v1,0,0,0,0,0,1,0,0
कोलकाता डिलीवरी पर रु. 49 हैंडलिंग शुल्क,sneaking,sneaking,hi,label,checkbox,[TAG=label] [ROLE=checkbox] कोलकाता डिलीवरी पर रु. 49 हैंडलिंग शुल्क,sneaking:hi:13,synthetic_v1,0,0,0,0,0,1,0,0
तपाईंको हिउँदको ब्ल्याङ्केट अर्डरमा प्रो सदस्यता थपियो,sneaking,sneaking,ne,span,line_item,[TAG=span] [ROLE=line_item] तपाईंको हिउँदको ब्ल्याङ्केट अर्डरमा प्रो सदस्यता थपियो,sneaking:ne:14,synthetic_v1,0,0,0,0,0,1,0,0
प्राथमिकता डेलिभरी पहिले नै छनोट (+रु. 449),sneaking,sneaking,ne,label,checkbox,[TAG=label] [ROLE=checkbox] प्राथमिकता डेलिभरी पहिले नै छनोट (+रु. 449),sneaking:ne:09,synthetic_v1,0,0,0,0,0,1,0,0
"Delivery to Kolkata costs an extra Rs. 1,999",sneaking,sneaking,en,label,checkbox,"[TAG=label] [ROLE=checkbox] Delivery to Kolkata costs an extra Rs. 1,999",sneaking:en:18,synthetic_v1,0,0,0,0,0,1,0,0
Donation of Rs. 199 added to your HamroBazar order,sneaking,sneaking,en,span,line_item,[TAG=span] [ROLE=line_item] Donation of Rs. 199 added to your HamroBazar order,sneaking:en:22,synthetic_v1,0,0,0,0,0,1,0,0
एयर फ्रायर को बीमा तपाईंका लागि छनोट गरियो,sneaking,sneaking,ne,span,line_item,[TAG=span] [ROLE=line_item] एयर फ्रायर को बीमा तपाईंका लागि छनोट गरियो,sneaking:ne:07,synthetic_v1,0,0,0,0,0,1,0,0
"नासिक के लिए प्राथमिकता डिलीवरी चुनी गई (+रु. 1,499)",sneaking,sneaking,hi,span,line_item,"[TAG=span] [ROLE=line_item] नासिक के लिए प्राथमिकता डिलीवरी चुनी गई (+रु. 1,499)",sneaking:hi:23,synthetic_v1,0,0,0,0,0,1,0,0
दमक डेलिभरीमा थप रु. 199,sneaking,sneaking,ne,span,line_item,[TAG=span] [ROLE=line_item] दमक डेलिभरीमा थप रु. 199,sneaking:ne:18,synthetic_v1,0,0,0,0,0,1,0,0
Nykaa की प्रो सदस्यता जोड़ी गई — रु. 899/महीना,sneaking,sneaking,hi,label,checkbox,[TAG=label] [ROLE=checkbox] Nykaa की प्रो सदस्यता जोड़ी गई — रु. 899/महीना,sneaking:hi:17,synthetic_v1,0,0,0,0,0,1,0,0
बेंगलुरु के लिए प्राथमिकता डिलीवरी चुनी गई (+रु. 99),sneaking,sneaking,hi,label,checkbox,[TAG=label] [ROLE=checkbox] बेंगलुरु के लिए प्राथमिकता डिलीवरी चुनी गई (+रु. 99),sneaking:hi:23,synthetic_v1,0,0,0,0,0,1,0,0
Handling charge of Rs. 799 for Lalitpur deliveries,sneaking,sneaking,en,span,line_item,[TAG=span] [ROLE=line_item] Handling charge of Rs. 799 for Lalitpur deliveries,sneaking:en:13,synthetic_v1,0,0,0,0,0,1,0,0
Reliance Digital सेवा शुल्क रु. 199 आपके फोन कवर ऑर्डर में जोड़ा गया,sneaking,sneaking,hi,label,checkbox,[TAG=label] [ROLE=checkbox] Reliance Digital सेवा शुल्क रु. 199 आपके फोन कवर ऑर्डर में जोड़ा गया,sneaking:hi:16,synthetic_v1,0,0,0,0,0,1,0,0
स्पोर्ट्स सैंडल का बीमा आपके लिए चुना गया,sneaking,sneaking,hi,p,fine_print,[TAG=p] [ROLE=fine_print] स्पोर्ट्स सैंडल का बीमा आपके लिए चुना गया,sneaking:hi:07,synthetic_v1,0,0,0,0,0,1,0,0
Snapdeal अर्डरमा रु. 699 दान थपियो,sneaking,sneaking,ne,p,fine_print,[TAG=p] [ROLE=fine_print] Snapdeal अर्डरमा रु. 699 दान थपियो,sneaking:ne:22,synthetic_v1,0,0,0,0,0,1,0,0
"फ्री ट्रायल के बाद प्रो रु. 2,499/महीना हो जाएगा",sneaking,sneaking,hi,span,line_item,"[TAG=span] [ROLE=line_item] फ्री ट्रायल के बाद प्रो रु. 2,499/महीना हो जाएगा",sneaking:hi:04,synthetic_v1,0,0,0,0,0,1,0,0
नागपुर डिलीवरी पर अतिरिक्त रु. 199,sneaking,sneaking,hi,label,checkbox,[TAG=label] [ROLE=checkbox] नागपुर डिलीवरी पर अतिरिक्त रु. 199,sneaking:hi:18,synthetic_v1,0,0,0,0,0,1,0,0
Rs. 699 packaging charge applies for Surat orders,sneaking,sneaking,en,span,line_item,[TAG=span] [ROLE=line_item] Rs. 699 packaging charge applies for Surat orders,sneaking:en:20,synthetic_v1,0,0,0,0,0,1,0,0
पैकेजिंग शुल्क रु. 99 भुगतान पर दिखेगा,sneaking,sneaking,hi,span,line_item,[TAG=span] [ROLE=line_item] पैकेजिंग शुल्क रु. 99 भुगतान पर दिखेगा,sneaking:hi:15,synthetic_v1,0,0,0,0,0,1,0,0
Meesho अर्डरमा रु. 599 दान थपियो,sneaking,sneaking,ne,span,line_item,[TAG=span] [ROLE=line_item] Meesho अर्डरमा रु. 599 दान थपियो,sneaking:ne:22,synthetic_v1,0,0,0,0,0,1,0,0
Blinkit सेवा शुल्क रु. 799 आपके सर्दी का कंबल ऑर्डर में जोड़ा गया,sneaking,sneaking,hi,p,fine_print,[TAG=p] [ROLE=fine_print] Blinkit सेवा शुल्क रु. 799 आपके सर्दी का कंबल ऑर्डर में जोड़ा गया,sneaking:hi:16,synthetic_v1,0,0,0,0,0,1,0,0
Handling charge of Rs. 699 for Mumbai deliveries,sneaking,sneaking,en,span,line_item,[TAG=span] [ROLE=line_item] Handling charge of Rs. 699 for Mumbai deliveries,sneaking:en:13,synthetic_v1,0,0,0,0,0,1,0,0
आपके स्पोर्ट्स सैंडल ऑर्डर में गोल्ड सदस्यता जोड़ी गई,sneaking,sneaking,hi,p,fine_print,[TAG=p] [ROLE=fine_print] आपके स्पोर्ट्स सैंडल ऑर्डर में गोल्ड सदस्यता जोड़ी गई,sneaking:hi:14,synthetic_v1,0,0,0,0,0,1,0,0
trekking jacket insurance from FirstCry pre-selected (Rs. 249),sneaking,sneaking,en,p,fine_print,[TAG=p] [ROLE=fine_print] trekking jacket insurance from FirstCry pre-selected (Rs. 249),sneaking:en:19,synthetic_v1,0,0,0,0,0,1,0,0
Your Nykaa Pro trial renews at Rs. 149,sneaking,sneaking,en,p,fine_print,[TAG=p] [ROLE=fine_print] Your Nykaa Pro trial renews at Rs. 149,sneaking:en:21,synthetic_v1,0,0,0,0,0,1,0,0
सुविधा शुल्क रु. 199 समावेश,sneaking,sneaking,ne,p,fine_print,[TAG=p] [ROLE=fine_print] सुविधा शुल्क रु. 199 समावेश,sneaking:ne:05,synthetic_v1,0,0,0,0,0,1,0,0
Kinbech ऑर्डर में रु. 799 का दान जोड़ा गया,sneaking,sneaking,hi,p,fine_print,[TAG=p] [ROLE=fine_print] Kinbech ऑर्डर में रु. 799 का दान जोड़ा गया,sneaking:hi:22,synthetic_v1,0,0,0,0,0,1,0,0
Meesho बाट गेमिङ माउस बीमा पहिले नै छनोट (रु. 299),sneaking,sneaking,ne,p,fine_print,[TAG=p] [ROLE=fine_print] Meesho बाट गेमिङ माउस बीमा पहिले नै छनोट (रु. 299),sneaking:ne:19,synthetic_v1,0,0,0,0,0,1,0,0
Gold membership added to your electric kettle order,sneaking,sneaking,en,span,line_item,[TAG=span] [ROLE=line_item] Gold membership added to your electric kettle order,sneaking:en:14,synthetic_v1,0,0,0,0,0,1,0,0
विराटनगर अर्डरमा रु. 499 प्याकेजिङ शुल्क,sneaking,sneaking,ne,label,checkbox,[TAG=label] [ROLE=checkbox] विराटनगर अर्डरमा रु. 499 प्याकेजिङ शुल्क,sneaking:ne:20,synthetic_v1,0,0,0,0,0,1,0,0
भोपाल ऑर्डर पर रु. 149 पैकेजिंग शुल्क,sneaking,sneaking,hi,span,line_item,[TAG=span] [ROLE=line_item] भोपाल ऑर्डर पर रु. 149 पैकेजिंग शुल्क,sneaking:hi:20,synthetic_v1,0,0,0,0,0,1,0,0
Priority delivery to Kathmandu selected (+Rs. 799),sneaking,sneaking,en,label,checkbox,[TAG=label] [ROLE=checkbox] Priority delivery to Kathmandu selected (+Rs. 799),sneaking:en:23,synthetic_v1,0,0,0,0,0,1,0,0
"Snapdeal ऑर्डर में रु. 2,499 का दान जोड़ा गया",sneaking,sneaking,hi,span,line_item,"[TAG=span] [ROLE=line_item] Snapdeal ऑर्डर में रु. 2,499 का दान जोड़ा गया",sneaking:hi:22,synthetic_v1,0,0,0,0,0,1,0,0
Rs. 149 packaging charge applies for Patna orders,sneaking,sneaking,en,span,line_item,[TAG=span] [ROLE=line_item] Rs. 149 packaging charge applies for Patna orders,sneaking:en:20,synthetic_v1,0,0,0,0,0,1,0,0
"रु. 2,499 सेवा शुल्क लागू",sneaking,sneaking,ne,span,line_item,"[TAG=span] [ROLE=line_item] रु. 2,499 सेवा शुल्क लागू",sneaking:ne:03,synthetic_v1,0,0,0,0,0,1,0,0
"Packaging fee Rs. 2,999 will be shown at payment",sneaking,sneaking,en,p,fine_print,"[TAG=p] [ROLE=fine_print] Packaging fee Rs. 2,999 will be shown at payment",sneaking:en:15,synthetic_v1,0,0,0,0,0,1,0,0
"गोरखा डेलिभरीमा थप रु. 1,499",sneaking,sneaking,ne,span,line_item,"[TAG=span] [ROLE=line_item] गोरखा डेलिभरीमा थप रु. 1,499",sneaking:ne:18,synthetic_v1,0,0,0,0,0,1,0,0
Myntra से स्टडी लैंप बीमा पहले से चुना गया (रु. 699),sneaking,sneaking,hi,label,checkbox,[TAG=label] [ROLE=checkbox] Myntra से स्टडी लैंप बीमा पहले से चुना गया (रु. 699),sneaking:hi:19,synthetic_v1,0,0,0,0,0,1,0,0
Daraz से एयर फ्रायर बीमा पहले से चुना गया (रु. 299),sneaking,sneaking,hi,span,line_item,[TAG=span] [ROLE=line_item] Daraz से एयर फ्रायर बीमा पहले से चुना गया (रु. 299),sneaking:hi:19,synthetic_v1,0,0,0,0,0,1,0,0
"Plus membership from OkDam added — Rs. 2,999/month",sneaking,sneaking,en,label,checkbox,"[TAG=label] [ROLE=checkbox] Plus membership from OkDam added — Rs. 2,999/month",sneaking:en:17,synthetic_v1,0,0,0,0,0,1,0,0
आपके स्पोर्ट्स सैंडल ऑर्डर में प्रीमियम सदस्यता जोड़ी गई,sneaking,sneaking,hi,span,line_item,[TAG=span] [ROLE=line_item] आपके स्पोर्ट्स सैंडल ऑर्डर में प्रीमियम सदस्यता जोड़ी गई,sneaking:hi:14,synthetic_v1,0,0,0,0,0,1,0,0
तपाईंको Myntra प्राइम ट्रायल रु. 199 मा नवीकरण हुनेछ,sneaking,sneaking,ne,p,fine_print,[TAG=p] [ROLE=fine_print] तपाईंको Myntra प्राइम ट्रायल रु. 199 मा नवीकरण हुनेछ,sneaking:ne:21,synthetic_v1,0,0,0,0,0,1,0,0
"OkDam सेवा शुल्क रु. 2,999 आपके बैकपैक ऑर्डर में जोड़ा गया",sneaking,sneaking,hi,label,checkbox,"[TAG=label] [ROLE=checkbox] OkDam सेवा शुल्क रु. 2,999 आपके बैकपैक ऑर्डर में जोड़ा गया",sneaking:hi:16,synthetic_v1,0,0,0,0,0,1,0,0
हेटौंडा डेलिभरीमा रु. 149 ह्यान्डलिङ शुल्क,sneaking,sneaking,ne,span,line_item,[TAG=span] [ROLE=line_item] हेटौंडा डेलिभरीमा रु. 149 ह्यान्डलिङ शुल्क,sneaking:ne:13,synthetic_v1,0,0,0,0,0,1,0,0
Ajio अर्डरमा रु. 99 दान थपियो,sneaking,sneaking,ne,p,fine_print,[TAG=p] [ROLE=fine_print] Ajio अर्डरमा रु. 99 दान थपियो,sneaking:ne:22,synthetic_v1,0,0,0,0,0,1,0,0
Zepto सेवा शुल्क रु. 199 तपाईंको वायरलेस इयरबड्स अर्डरमा थपियो,sneaking,sneaking,ne,label,checkbox,[TAG=label] [ROLE=checkbox] Zepto सेवा शुल्क रु. 199 तपाईंको वायरलेस इयरबड्स अर्डरमा थपियो,sneaking:ne:16,synthetic_v1,0,0,0,0,0,1,0,0
तपाईंको रनिङ जुत्ता अर्डरमा प्रो सदस्यता थपियो,sneaking,sneaking,ne,label,checkbox,[TAG=label] [ROLE=checkbox] तपाईंको रनिङ जुत्ता अर्डरमा प्रो सदस्यता थपियो,sneaking:ne:14,synthetic_v1,0,0,0,0,0,1,0,0
9 महिनाको गोल्ड सदस्यता समावेश,sneaking,sneaking,ne,label,checkbox,[TAG=label] [ROLE=checkbox] 9 महिनाको गोल्ड सदस्यता समावेश,sneaking:ne:10,synthetic_v1,0,0,0,0,0,1,0,0
Your Croma Premium trial renews at Rs. 599,sneaking,sneaking,en,span,line_item,[TAG=span] [ROLE=line_item] Your Croma Premium trial renews at Rs. 599,sneaking:en:21,synthetic_v1,0,0,0,0,0,1,0,0
Lenskart service fee of Rs. 399 added to your winter blanket order,sneaking,sneaking,en,span,line_item,[TAG=span] [ROLE=line_item] Lenskart service fee of Rs. 399 added to your winter blanket order,sneaking:en:16,synthetic_v1,0,0,0,0,0,1,0,0
Donation of Rs. 449 added to your SastoDeal order,sneaking,sneaking,en,p,fine_print,[TAG=p] [ROLE=fine_print] Donation of Rs. 449 added to your SastoDeal order,sneaking:en:22,synthetic_v1,0,0,0,0,0,1,0,0
Premium membership from Gyapu added — Rs. 399/month,sneaking,sneaking,en,p,fine_print,[TAG=p] [ROLE=fine_print] Premium membership from Gyapu added — Rs. 399/month,sneaking:en:17,synthetic_v1,0,0,0,0,0,1,0,0
Pro membership added to your school bag order,sneaking,sneaking,en,label,checkbox,[TAG=label] [ROLE=checkbox] Pro membership added to your school bag order,sneaking:en:14,synthetic_v1,0,0,0,0,0,1,0,0
Plus membership from Croma added — Rs. 299/month,sneaking,sneaking,en,span,line_item,[TAG=span] [ROLE=line_item] Plus membership from Croma added — Rs. 299/month,sneaking:en:17,synthetic_v1,0,0,0,0,0,1,0,0
Blinkit को प्राइम सदस्यता थपियो — रु. 699/महिना,sneaking,sneaking,ne,label,checkbox,[TAG=label] [ROLE=checkbox] Blinkit को प्राइम सदस्यता थपियो — रु. 699/महिना,sneaking:ne:17,synthetic_v1,0,0,0,0,0,1,0,0
"तपाईंको अर्डरमा रु. 1,999 दान थपियो",sneaking,sneaking,ne,label,checkbox,"[TAG=label] [ROLE=checkbox] तपाईंको अर्डरमा रु. 1,999 दान थपियो",sneaking:ne:06,synthetic_v1,0,0,0,0,0,1,0,0
भक्तपुर अर्डरमा रु. 99 प्याकेजिङ शुल्क,sneaking,sneaking,ne,p,fine_print,[TAG=p] [ROLE=fine_print] भक्तपुर अर्डरमा रु. 99 प्याकेजिङ शुल्क,sneaking:ne:20,synthetic_v1,0,0,0,0,0,1,0,0
सुविधा शुल्क रु. 349 समावेश,sneaking,sneaking,ne,p,fine_print,[TAG=p] [ROLE=fine_print] सुविधा शुल्क रु. 349 समावेश,sneaking:ne:05,synthetic_v1,0,0,0,0,0,1,0,0
फ्री ट्रायल के बाद प्लस रु. 799/महीना हो जाएगा,sneaking,sneaking,hi,label,checkbox,[TAG=label] [ROLE=checkbox] फ्री ट्रायल के बाद प्लस रु. 799/महीना हो जाएगा,sneaking:hi:04,synthetic_v1,0,0,0,0,0,1,0,0
bluetooth speaker insurance from Meesho pre-selected (Rs. 299),sneaking,sneaking,en,p,fine_print,[TAG=p] [ROLE=fine_print] bluetooth speaker insurance from Meesho pre-selected (Rs. 299),sneaking:en:19,synthetic_v1,0,0,0,0,0,1,0,0
पटना ऑर्डर पर रु. 499 पैकेजिंग शुल्क,sneaking,sneaking,hi,label,checkbox,[TAG=label] [ROLE=checkbox] पटना ऑर्डर पर रु. 499 पैकेजिंग शुल्क,sneaking:hi:20,synthetic_v1,0,0,0,0,0,1,0,0
सुर्खेत डेलिभरीमा थप रु. 599,sneaking,sneaking,ne,p,fine_print,[TAG=p] [ROLE=fine_print] सुर्खेत डेलिभरीमा थप रु. 599,sneaking:ne:18,synthetic_v1,0,0,0,0,0,1,0,0
Snapdeal की प्लस सदस्यता जोड़ी गई — रु. 49/महीना,sneaking,sneaking,hi,p,fine_print,[TAG=p] [ROLE=fine_print] Snapdeal की प्लस सदस्यता जोड़ी गई — रु. 49/महीना,sneaking:hi:17,synthetic_v1,0,0,0,0,0,1,0,0
Donation of Rs. 999 added to your BigBasket order,sneaking,sneaking,en,p,fine_print,[TAG=p] [ROLE=fine_print] Donation of Rs. 999 added to your BigBasket order,sneaking:en:22,synthetic_v1,0,0,0,0,0,1,0,0
बेंगलुरु ऑर्डर पर रु. 249 पैकेजिंग शुल्क,sneaking,sneaking,hi,span,line_item,[TAG=span] [ROLE=line_item] बेंगलुरु ऑर्डर पर रु. 249 पैकेजिंग शुल्क,sneaking:hi:20,synthetic_v1,0,0,0,0,0,1,0,0
power bank insurance from Pepperfry pre-selected (Rs. 799),sneaking,sneaking,en,p,fine_print,[TAG=p] [ROLE=fine_print] power bank insurance from Pepperfry pre-selected (Rs. 799),sneaking:en:19,synthetic_v1,0,0,0,0,0,1,0,0
"Delivery to Surat costs an extra Rs. 1,499",sneaking,sneaking,en,span,line_item,"[TAG=span] [ROLE=line_item] Delivery to Surat costs an extra Rs. 1,499",sneaking:en:18,synthetic_v1,0,0,0,0,0,1,0,0
जारी राखेमा हरेक महिना रु. 499 शुल्क लाग्नेछ,sneaking,sneaking,ne,span,line_item,[TAG=span] [ROLE=line_item] जारी राखेमा हरेक महिना रु. 499 शुल्क लाग्नेछ,sneaking:ne:01,synthetic_v1,0,0,0,0,0,1,0,0
Plus membership added to your study lamp order,sneaking,sneaking,en,label,checkbox,[TAG=label] [ROLE=checkbox] Plus membership added to your study lamp order,sneaking:en:14,synthetic_v1,0,0,0,0,0,1,0,0
BigBasket बाट नोइज क्यान्सलिङ हेडफोन बीमा पहिले नै छनोट (रु. 199),sneaking,sneaking,ne,label,checkbox,[TAG=label] [ROLE=checkbox] BigBasket बाट नोइज क्यान्सलिङ हेडफोन बीमा पहिले नै छनोट (रु. 199),sneaking:ne:19,synthetic_v1,0,0,0,0,0,1,0,0
"फ्री ट्रायल के बाद प्लस रु. 1,499/महीना हो जाएगा",sneaking,sneaking,hi,span,line_item,"[TAG=span] [ROLE=line_item] फ्री ट्रायल के बाद प्लस रु. 1,499/महीना हो जाएगा",sneaking:hi:04,synthetic_v1,0,0,0,0,0,1,0,0
Meesho अर्डरमा रु. 249 दान थपियो,sneaking,sneaking,ne,p,fine_print,[TAG=p] [ROLE=fine_print] Meesho अर्डरमा रु. 249 दान थपियो,sneaking:ne:22,synthetic_v1,0,0,0,0,0,1,0,0
Delivery to Patna costs an extra Rs. 199,sneaking,sneaking,en,span,line_item,[TAG=span] [ROLE=line_item] Delivery to Patna costs an extra Rs. 199,sneaking:en:18,synthetic_v1,0,0,0,0,0,1,0,0
"Your free trial converts to Gold at Rs. 1,199/month",sneaking,sneaking,en,span,line_item,"[TAG=span] [ROLE=line_item] Your free trial converts to Gold at Rs. 1,199/month",sneaking:en:04,synthetic_v1,0,0,0,0,0,1,0,0
इटहरी अर्डरमा रु. 499 प्याकेजिङ शुल्क,sneaking,sneaking,ne,span,line_item,[TAG=span] [ROLE=line_item] इटहरी अर्डरमा रु. 499 प्याकेजिङ शुल्क,sneaking:ne:20,synthetic_v1,0,0,0,0,0,1,0,0
"Pepperfry बाट डेनिम जिन्स बीमा पहिले नै छनोट (रु. 1,499)",sneaking,sneaking,ne,span,line_item,"[TAG=span] [ROLE=line_item] Pepperfry बाट डेनिम जिन्स बीमा पहिले नै छनोट (रु. 1,499)",sneaking:ne:19,synthetic_v1,0,0,0,0,0,1,0,0
"Donation of Rs. 2,499 added to your SastoDeal order",sneaking,sneaking,en,label,checkbox,"[TAG=label] [ROLE=checkbox] Donation of Rs. 2,499 added to your SastoDeal order",sneaking:en:22,synthetic_v1,0,0,0,0,0,1,0,0
तपाईंको राइस कुकर अर्डरमा गोल्ड सदस्यता थपियो,sneaking,sneaking,ne,label,checkbox,[TAG=label] [ROLE=checkbox] तपाईंको राइस कुकर अर्डरमा गोल्ड सदस्यता थपियो,sneaking:ne:14,synthetic_v1,0,0,0,0,0,1,0,0
"Meesho को प्लस सदस्यता थपियो — रु. 2,499/महिना",sneaking,sneaking,ne,p,fine_print,"[TAG=p] [ROLE=fine_print] Meesho को प्लस सदस्यता थपियो — रु. 2,499/महिना",sneaking:ne:17,synthetic_v1,0,0,0,0,0,1,0,0
रांची के लिए प्राथमिकता डिलीवरी चुनी गई (+रु. 899),sneaking,sneaking,hi,span,line_item,[TAG=span] [ROLE=line_item] रांची के लिए प्राथमिकता डिलीवरी चुनी गई (+रु. 899),sneaking:hi:23,synthetic_v1,0,0,0,0,0,1,0,0
"Your HamroBazar Pro trial renews at Rs. 2,499",sneaking,sneaking,en,span,line_item,"[TAG=span] [ROLE=line_item] Your HamroBazar Pro trial renews at Rs. 2,499",sneaking:en:21,synthetic_v1,0,0,0,0,0,1,0,0
OkDam अर्डरमा रु. 99 दान थपियो,sneaking,sneaking,ne,label,checkbox,[TAG=label] [ROLE=checkbox] OkDam अर्डरमा रु. 99 दान थपियो,sneaking:ne:22,synthetic_v1,0,0,0,0,0,1,0,0
आपके एयर फ्रायर ऑर्डर में प्लस सदस्यता जोड़ी गई,sneaking,sneaking,hi,p,fine_print,[TAG=p] [ROLE=fine_print] आपके एयर फ्रायर ऑर्डर में प्लस सदस्यता जोड़ी गई,sneaking:hi:14,synthetic_v1,0,0,0,0,0,1,0,0
Premium membership from Ajio added — Rs. 799/month,sneaking,sneaking,en,span,line_item,[TAG=span] [ROLE=line_item] Premium membership from Ajio added — Rs. 799/month,sneaking:en:17,synthetic_v1,0,0,0,0,0,1,0,0
Priority delivery to Pune selected (+Rs. 799),sneaking,sneaking,en,label,checkbox,[TAG=label] [ROLE=checkbox] Priority delivery to Pune selected (+Rs. 799),sneaking:en:23,synthetic_v1,0,0,0,0,0,1,0,0
"पोखरा डेलिभरीमा रु. 1,999 ह्यान्डलिङ शुल्क",sneaking,sneaking,ne,p,fine_print,"[TAG=p] [ROLE=fine_print] पोखरा डेलिभरीमा रु. 1,999 ह्यान्डलिङ शुल्क",sneaking:ne:13,synthetic_v1,0,0,0,0,0,1,0,0
जारी राखेमा हरेक महिना रु. 999 शुल्क लाग्नेछ,sneaking,sneaking,ne,label,checkbox,[TAG=label] [ROLE=checkbox] जारी राखेमा हरेक महिना रु. 999 शुल्क लाग्नेछ,sneaking:ne:01,synthetic_v1,0,0,0,0,0,1,0,0
तपाईंको Reliance Digital प्रिमियम ट्रायल रु. 99 मा नवीकरण हुनेछ,sneaking,sneaking,ne,label,checkbox,[TAG=label] [ROLE=checkbox] तपाईंको Reliance Digital प्रिमियम ट्रायल रु. 99 मा नवीकरण हुनेछ,sneaking:ne:21,synthetic_v1,0,0,0,0,0,1,0,0
फ्री ट्रायल के बाद प्रीमियम रु. 999/महीना हो जाएगा,sneaking,sneaking,hi,span,line_item,[TAG=span] [ROLE=line_item] फ्री ट्रायल के बाद प्रीमियम रु. 999/महीना हो जाएगा,sneaking:hi:04,synthetic_v1,0,0,0,0,0,1,0,0
वीरगन्ज डेलिभरीमा थप रु. 99,sneaking,sneaking,ne,span,line_item,[TAG=span] [ROLE=line_item] वीरगन्ज डेलिभरीमा थप रु. 99,sneaking:ne:18,synthetic_v1,0,0,0,0,0,1,0,0
पैकेजिंग शुल्क रु. 199 भुगतान पर दिखेगा,sneaking,sneaking,hi,label,checkbox,[TAG=label] [ROLE=checkbox] पैकेजिंग शुल्क रु. 199 भुगतान पर दिखेगा,sneaking:hi:15,synthetic_v1,0,0,0,0,0,1,0,0
"वीरगन्ज डेलिभरीमा थप रु. 1,199",sneaking,sneaking,ne,span,line_item,"[TAG=span] [ROLE=line_item] वीरगन्ज डेलिभरीमा थप रु. 1,199",sneaking:ne:18,synthetic_v1,0,0,0,0,0,1,0,0
वाराणसी के लिए प्राथमिकता डिलीवरी चुनी गई (+रु. 249),sneaking,sneaking,hi,p,fine_print,[TAG=p] [ROLE=fine_print] वाराणसी के लिए प्राथमिकता डिलीवरी चुनी गई (+रु. 249),sneaking:hi:23,synthetic_v1,0,0,0,0,0,1,0,0
Pepperfry सेवा शुल्क रु. 299 तपाईंको ब्याकप्याक अर्डरमा थपियो,sneaking,sneaking,ne,span,line_item,[TAG=span] [ROLE=line_item] Pepperfry सेवा शुल्क रु. 299 तपाईंको ब्याकप्याक अर्डरमा थपियो,sneaking:ne:16,synthetic_v1,0,0,0,0,0,1,0,0
"Handling charge of Rs. 2,999 for Hyderabad deliveries",sneaking,sneaking,en,label,checkbox,"[TAG=label] [ROLE=checkbox] Handling charge of Rs. 2,999 for Hyderabad deliveries",sneaking:en:13,synthetic_v1,0,0,0,0,0,1,0,0
Myntra सेवा शुल्क रु. 249 आपके फेस वॉश ऑर्डर में जोड़ा गया,sneaking,sneaking,hi,label,checkbox,[TAG=label] [ROLE=checkbox] Myntra सेवा शुल्क रु. 249 आपके फेस वॉश ऑर्डर में जोड़ा गया,sneaking:hi:16,synthetic_v1,0,0,0,0,0,1,0,0
नेपालगन्ज का लागि प्राथमिकता डेलिभरी छनोट (+रु. 149),sneaking,sneaking,ne,p,fine_print,[TAG=p] [ROLE=fine_print] नेपालगन्ज का लागि प्राथमिकता डेलिभरी छनोट (+रु. 149),sneaking:ne:23,synthetic_v1,0,0,0,0,0,1,0,0
निःशुल्क ट्रायलपछि गोल्ड रु. 399/महिना हुनेछ,sneaking,sneaking,ne,p,fine_print,[TAG=p] [ROLE=fine_print] निःशुल्क ट्रायलपछि गोल्ड रु. 399/महिना हुनेछ,sneaking:ne:04,synthetic_v1,0,0,0,0,0,1,0,0
"Packaging fee Rs. 1,499 will be shown at payment",sneaking,sneaking,en,p,fine_print,"[TAG=p] [ROLE=fine_print] Packaging fee Rs. 1,499 will be shown at payment",sneaking:en:15,synthetic_v1,0,0,0,0,0,1,0,0
Insurance for wireless earbuds selected for you,sneaking,sneaking,en,p,fine_print,[TAG=p] [ROLE=fine_print] Insurance for wireless earbuds selected for you,sneaking:en:07,synthetic_v1,0,0,0,0,0,1,0,0
चेकआउट पर रु. 599 शिपिंग शुल्क जोड़ा गया,sneaking,sneaking,hi,p,fine_print,[TAG=p] [ROLE=fine_print] चेकआउट पर रु. 599 शिपिंग शुल्क जोड़ा गया,sneaking:hi:00,synthetic_v1,0,0,0,0,0,1,0,0
Delivery to Bhaktapur costs an extra Rs. 699,sneaking,sneaking,en,label,checkbox,[TAG=label] [ROLE=checkbox] Delivery to Bhaktapur costs an extra Rs. 699,sneaking:en:18,synthetic_v1,0,0,0,0,0,1,0,0
Plus membership added to your cotton kurta order,sneaking,sneaking,en,p,fine_print,[TAG=p] [ROLE=fine_print] Plus membership added to your cotton kurta order,sneaking:en:14,synthetic_v1,0,0,0,0,0,1,0,0
Includes a 9-month Gold subscription,sneaking,sneaking,en,p,fine_print,[TAG=p] [ROLE=fine_print] Includes a 9-month Gold subscription,sneaking:en:10,synthetic_v1,0,0,0,0,0,1,0,0
Tata Cliq service fee of Rs. 149 added to your sports sandals order,sneaking,sneaking,en,label,checkbox,[TAG=label] [ROLE=checkbox] Tata Cliq service fee of Rs. 149 added to your sports sandals order,sneaking:en:16,synthetic_v1,0,0,0,0,0,1,0,0
air fryer insurance from Meesho pre-selected (Rs. 399),sneaking,sneaking,en,p,fine_print,[TAG=p] [ROLE=fine_print] air fryer insurance from Meesho pre-selected (Rs. 399),sneaking:en:19,synthetic_v1,0,0,0,0,0,1,0,0
5 महीने की प्रीमियम सदस्यता शामिल,sneaking,sneaking,hi,label,checkbox,[TAG=label] [ROLE=checkbox] 5 महीने की प्रीमियम सदस्यता शामिल,sneaking:hi:10,synthetic_v1,0,0,0,0,0,1,0,0
निःशुल्क ट्रायलपछि गोल्ड रु. 249/महिना हुनेछ,sneaking,sneaking,ne,p,fine_print,[TAG=p] [ROLE=fine_print] निःशुल्क ट्रायलपछि गोल्ड रु. 249/महिना हुनेछ,sneaking:ne:04,synthetic_v1,0,0,0,0,0,1,0,0
Donation of Rs. 199 added to your Myntra order,sneaking,sneaking,en,span,line_item,[TAG=span] [ROLE=line_item] Donation of Rs. 199 added to your Myntra order,sneaking:en:22,synthetic_v1,0,0,0,0,0,1,0,0
Nykaa से पावर बैंक बीमा पहले से चुना गया (रु. 99),sneaking,sneaking,hi,p,fine_print,[TAG=p] [ROLE=fine_print] Nykaa से पावर बैंक बीमा पहले से चुना गया (रु. 99),sneaking:hi:19,synthetic_v1,0,0,0,0,0,1,0,0
रु. 249 सेवा शुल्क लागू,sneaking,sneaking,hi,label,checkbox,[TAG=label] [ROLE=checkbox] रु. 249 सेवा शुल्क लागू,sneaking:hi:03,synthetic_v1,0,0,0,0,0,1,0,0
Donation of Rs. 599 added to your Amazon order,sneaking,sneaking,en,label,checkbox,[TAG=label] [ROLE=checkbox] Donation of Rs. 599 added to your Amazon order,sneaking:en:22,synthetic_v1,0,0,0,0,0,1,0,0
7 महिनाको प्राइम सदस्यता समावेश,sneaking,sneaking,ne,label,checkbox,[TAG=label] [ROLE=checkbox] 7 महिनाको प्राइम सदस्यता समावेश,sneaking:ne:10,synthetic_v1,0,0,0,0,0,1,0,0
कॉफी मेकर का बीमा आपके लिए चुना गया,sneaking,sneaking,hi,p,fine_print,[TAG=p] [ROLE=fine_print] कॉफी मेकर का बीमा आपके लिए चुना गया,sneaking:hi:07,synthetic_v1,0,0,0,0,0,1,0,0
Blinkit की प्लस सदस्यता जोड़ी गई — रु. 299/महीना,sneaking,sneaking,hi,span,line_item,[TAG=span] [ROLE=line_item] Blinkit की प्लस सदस्यता जोड़ी गई — रु. 299/महीना,sneaking:hi:17,synthetic_v1,0,0,0,0,0,1,0,0
Includes a 3-month Premium subscription,sneaking,sneaking,en,span,line_item,[TAG=span] [ROLE=line_item] Includes a 3-month Premium subscription,sneaking:en:10,synthetic_v1,0,0,0,0,0,1,0,0
Kinbech से ऑफिस चेयर बीमा पहले से चुना गया (रु. 999),sneaking,sneaking,hi,label,checkbox,[TAG=label] [ROLE=checkbox] Kinbech से ऑफिस चेयर बीमा पहले से चुना गया (रु. 999),sneaking:hi:19,synthetic_v1,0,0,0,0,0,1,0,0
आपके सर्दी का कंबल ऑर्डर में प्लस सदस्यता जोड़ी गई,sneaking,sneaking,hi,p,fine_print,[TAG=p] [ROLE=fine_print] आपके सर्दी का कंबल ऑर्डर में प्लस सदस्यता जोड़ी गई,sneaking:hi:14,synthetic_v1,0,0,0,0,0,1,0,0
We've added a donation of Rs. 49 to your order,sneaking,sneaking,en,span,line_item,[TAG=span] [ROLE=line_item] We've added a donation of Rs. 49 to your order,sneaking:en:06,synthetic_v1,0,0,0,0,0,1,0,0
Zepto सेवा शुल्क रु. 599 तपाईंको नोइज क्यान्सलिङ हेडफोन अर्डरमा थपियो,sneaking,sneaking,ne,span,line_item,[TAG=span] [ROLE=line_item] Zepto सेवा शुल्क रु. 599 तपाईंको नोइज क्यान्सलिङ हेडफोन अर्डरमा थपियो,sneaking:ne:16,synthetic_v1,0,0,0,0,0,1,0,0
तपाईंको अर्डरमा रु. 399 दान थपियो,sneaking,sneaking,ne,p,fine_print,[TAG=p] [ROLE=fine_print] तपाईंको अर्डरमा रु. 399 दान थपियो,sneaking:ne:06,synthetic_v1,0,0,0,0,0,1,0,0
Kinbech सेवा शुल्क रु. 699 तपाईंको ल्यापटप ब्याग अर्डरमा थपियो,sneaking,sneaking,ne,p,fine_print,[TAG=p] [ROLE=fine_print] Kinbech सेवा शुल्क रु. 699 तपाईंको ल्यापटप ब्याग अर्डरमा थपियो,sneaking:ne:16,synthetic_v1,0,0,0,0,0,1,0,0
Convenience fee of Rs. 799 included,sneaking,sneaking,en,label,checkbox,[TAG=label] [ROLE=checkbox] Convenience fee of Rs. 799 included,sneaking:en:05,synthetic_v1,0,0,0,0,0,1,0,0
We've added a donation of Rs. 799 to your order,sneaking,sneaking,en,p,fine_print,[TAG=p] [ROLE=fine_print] We've added a donation of Rs. 799 to your order,sneaking:en:06,synthetic_v1,0,0,0,0,0,1,0,0
Donation of Rs. 299 added to your Myntra order,sneaking,sneaking,en,p,fine_print,[TAG=p] [ROLE=fine_print] Donation of Rs. 299 added to your Myntra order,sneaking:en:22,synthetic_v1,0,0,0,0,0,1,0,0
"भक्तपुर डेलिभरीमा रु. 1,499 ह्यान्डलिङ शुल्क",sneaking,sneaking,ne,p,fine_print,"[TAG=p] [ROLE=fine_print] भक्तपुर डेलिभरीमा रु. 1,499 ह्यान्डलिङ शुल्क",sneaking:ne:13,synthetic_v1,0,0,0,0,0,1,0,0
"Your free trial converts to Plus at Rs. 1,199/month",sneaking,sneaking,en,span,line_item,"[TAG=span] [ROLE=line_item] Your free trial converts to Plus at Rs. 1,199/month",sneaking:en:04,synthetic_v1,0,0,0,0,0,1,0,0
गोरखा अर्डरमा रु. 249 प्याकेजिङ शुल्क,sneaking,sneaking,ne,label,checkbox,[TAG=label] [ROLE=checkbox] गोरखा अर्डरमा रु. 249 प्याकेजिङ शुल्क,sneaking:ne:20,synthetic_v1,0,0,0,0,0,1,0,0
Premium membership from Muncha added — Rs. 999/month,sneaking,sneaking,en,span,line_item,[TAG=span] [ROLE=line_item] Premium membership from Muncha added — Rs. 999/month,sneaking:en:17,synthetic_v1,0,0,0,0,0,1,0,0
चंडीगढ़ ऑर्डर पर रु. 499 पैकेजिंग शुल्क,sneaking,sneaking,hi,span,line_item,[TAG=span] [ROLE=line_item] चंडीगढ़ ऑर्डर पर रु. 499 पैकेजिंग शुल्क,sneaking:hi:20,synthetic_v1,0,0,0,0,0,1,0,0
Packaging fee Rs. 349 will be shown at payment,sneaking,sneaking,en,span,line_item,[TAG=span] [ROLE=line_item] Packaging fee Rs. 349 will be shown at payment,sneaking:en:15,synthetic_v1,0,0,0,0,0,1,0,0
Your Meesho Gold trial renews at Rs. 799,sneaking,sneaking,en,p,fine_print,[TAG=p] [ROLE=fine_print] Your Meesho Gold trial renews at Rs. 799,sneaking:en:21,synthetic_v1,0,0,0,0,0,1,0,0
OkDam service fee of Rs. 249 added to your hair dryer order,sneaking,sneaking,en,span,line_item,[TAG=span] [ROLE=line_item] OkDam service fee of Rs. 249 added to your hair dryer order,sneaking:en:16,synthetic_v1,0,0,0,0,0,1,0,0
"Pro membership from Myntra added — Rs. 1,499/month",sneaking,sneaking,en,p,fine_print,"[TAG=p] [ROLE=fine_print] Pro membership from Myntra added — Rs. 1,499/month",sneaking:en:17,synthetic_v1,0,0,0,0,0,1,0,0
Delivery to Mumbai costs an extra Rs. 799,sneaking,sneaking,en,p,fine_print,[TAG=p] [ROLE=fine_print] Delivery to Mumbai costs an extra Rs. 799,sneaking:en:18,synthetic_v1,0,0,0,0,0,1,0,0
Service fee of Rs. 999 applied,sneaking,sneaking,en,p,fine_print,[TAG=p] [ROLE=fine_print] Service fee of Rs. 999 applied,sneaking:en:03,synthetic_v1,0,0,0,0,0,1,0,0
"Your Flipkart Premium trial renews at Rs. 1,999",sneaking,sneaking,en,p,fine_print,"[TAG=p] [ROLE=fine_print] Your Flipkart Premium trial renews at Rs. 1,999",sneaking:en:21,synthetic_v1,0,0,0,0,0,1,0,0
Myntra सेवा शुल्क रु. 699 आपके फेस वॉश ऑर्डर में जोड़ा गया,sneaking,sneaking,hi,p,fine_print,[TAG=p] [ROLE=fine_print] Myntra सेवा शुल्क रु. 699 आपके फेस वॉश ऑर्डर में जोड़ा गया,sneaking:hi:16,synthetic_v1,0,0,0,0,0,1,0,0
"Snapdeal बाट प्रोटिन पाउडर बीमा पहिले नै छनोट (रु. 1,999)",sneaking,sneaking,ne,span,line_item,"[TAG=span] [ROLE=line_item] Snapdeal बाट प्रोटिन पाउडर बीमा पहिले नै छनोट (रु. 1,999)",sneaking:ne:19,synthetic_v1,0,0,0,0,0,1,0,0
सुर्खेत डेलिभरीमा रु. 699 ह्यान्डलिङ शुल्क,sneaking,sneaking,ne,p,fine_print,[TAG=p] [ROLE=fine_print] सुर्खेत डेलिभरीमा रु. 699 ह्यान्डलिङ शुल्क,sneaking:ne:13,synthetic_v1,0,0,0,0,0,1,0,0
"नागपुर डिलीवरी पर अतिरिक्त रु. 2,999",sneaking,sneaking,hi,label,checkbox,"[TAG=label] [ROLE=checkbox] नागपुर डिलीवरी पर अतिरिक्त रु. 2,999",sneaking:hi:18,synthetic_v1,0,0,0,0,0,1,0,0
"निःशुल्क ट्रायलपछि गोल्ड रु. 1,999/महिना हुनेछ",sneaking,sneaking,ne,span,line_item,"[TAG=span] [ROLE=line_item] निःशुल्क ट्रायलपछि गोल्ड रु. 1,999/महिना हुनेछ",sneaking:ne:04,synthetic_v1,0,0,0,0,0,1,0,0
Kinbech सेवा शुल्क रु. 899 आपके बैकपैक ऑर्डर में जोड़ा गया,sneaking,sneaking,hi,span,line_item,[TAG=span] [ROLE=line_item] Kinbech सेवा शुल्क रु. 899 आपके बैकपैक ऑर्डर में जोड़ा गया,sneaking:hi:16,synthetic_v1,0,0,0,0,0,1,0,0
"चेकआउट पर रु. 1,999 शिपिंग शुल्क जोड़ा गया",sneaking,sneaking,hi,label,checkbox,"[TAG=label] [ROLE=checkbox] चेकआउट पर रु. 1,999 शिपिंग शुल्क जोड़ा गया",sneaking:hi:00,synthetic_v1,0,0,0,0,0,1,0,0
running shoes insurance from Salesberry pre-selected (Rs. 449),sneaking,sneaking,en,label,checkbox,[TAG=label] [ROLE=checkbox] running shoes insurance from Salesberry pre-selected (Rs. 449),sneaking:en:19,synthetic_v1,0,0,0,0,0,1,0,0
Snapdeal service fee of Rs. 199 added to your denim jeans order,sneaking,sneaking,en,p,fine_print,[TAG=p] [ROLE=fine_print] Snapdeal service fee of Rs. 199 added to your denim jeans order,sneaking:en:16,synthetic_v1,0,0,0,0,0,1,0,0
SastoDeal अर्डरमा रु. 599 दान थपियो,sneaking,sneaking,ne,p,fine_print,[TAG=p] [ROLE=fine_print] SastoDeal अर्डरमा रु. 599 दान थपियो,sneaking:ne:22,synthetic_v1,0,0,0,0,0,1,0,0
6 महिनाको प्लस सदस्यता समावेश,sneaking,sneaking,ne,span,line_item,[TAG=span] [ROLE=line_item] 6 महिनाको प्लस सदस्यता समावेश,sneaking:ne:10,synthetic_v1,0,0,0,0,0,1,0,0
JioMart की प्राइम सदस्यता जोड़ी गई — रु. 599/महीना,sneaking,sneaking,hi,span,line_item,[TAG=span] [ROLE=line_item] JioMart की प्राइम सदस्यता जोड़ी गई — रु. 599/महीना,sneaking:hi:17,synthetic_v1,0,0,0,0,0,1,0,0
Your Tata Cliq Plus trial renews at Rs. 899,sneaking,sneaking,en,span,line_item,[TAG=span] [ROLE=line_item] Your Tata Cliq Plus trial renews at Rs. 899,sneaking:en:21,synthetic_v1,0,0,0,0,0,1,0,0
"Rs. 1,999 packaging charge applies for Hyderabad orders",sneaking,sneaking,en,label,checkbox,"[TAG=label] [ROLE=checkbox] Rs. 1,999 packaging charge applies for Hyderabad orders",sneaking:en:20,synthetic_v1,0,0,0,0,0,1,0,0
"Gyapu की गोल्ड सदस्यता जोड़ी गई — रु. 1,999/महीना",sneaking,sneaking,hi,label,checkbox,"[TAG=label] [ROLE=checkbox] Gyapu की गोल्ड सदस्यता जोड़ी गई — रु. 1,999/महीना",sneaking:hi:17,synthetic_v1,0,0,0,0,0,1,0,0
तपाईंको हेयर ड्रायर अर्डरमा प्राइम सदस्यता थपियो,sneaking,sneaking,ne,p,fine_print,[TAG=p] [ROLE=fine_print] तपाईंको हेयर ड्रायर अर्डरमा प्राइम सदस्यता थपियो,sneaking:ne:14,synthetic_v1,0,0,0,0,0,1,0,0
तपाईंको गेमिङ माउस अर्डरमा प्लस सदस्यता थपियो,sneaking,sneaking,ne,p,fine_print,[TAG=p] [ROLE=fine_print] तपाईंको गेमिङ माउस अर्डरमा प्लस सदस्यता थपियो,sneaking:ne:14,synthetic_v1,0,0,0,0,0,1,0,0
प्याकेजिङ शुल्क रु. 899 भुक्तानीमा देखिनेछ,sneaking,sneaking,ne,label,checkbox,[TAG=label] [ROLE=checkbox] प्याकेजिङ शुल्क रु. 899 भुक्तानीमा देखिनेछ,sneaking:ne:15,synthetic_v1,0,0,0,0,0,1,0,0
"कोलकाता के लिए प्राथमिकता डिलीवरी चुनी गई (+रु. 2,499)",sneaking,sneaking,hi,p,fine_print,"[TAG=p] [ROLE=fine_print] कोलकाता के लिए प्राथमिकता डिलीवरी चुनी गई (+रु. 2,499)",sneaking:hi:23,synthetic_v1,0,0,0,0,0,1,0,0
कटन कुर्ता को बीमा तपाईंका लागि छनोट गरियो,sneaking,sneaking,ne,p,fine_print,[TAG=p] [ROLE=fine_print] कटन कुर्ता को बीमा तपाईंका लागि छनोट गरियो,sneaking:ne:07,synthetic_v1,0,0,0,0,0,1,0,0
"निःशुल्क ट्रायलपछि प्रो रु. 2,499/महिना हुनेछ",sneaking,sneaking,ne,p,fine_print,"[TAG=p] [ROLE=fine_print] निःशुल्क ट्रायलपछि प्रो रु. 2,499/महिना हुनेछ",sneaking:ne:04,synthetic_v1,0,0,0,0,0,1,0,0
तपाईंको राइस कुकर अर्डरमा प्रिमियम सदस्यता थपियो,sneaking,sneaking,ne,label,checkbox,[TAG=label] [ROLE=checkbox] तपाईंको राइस कुकर अर्डरमा प्रिमियम सदस्यता थपियो,sneaking:ne:14,synthetic_v1,0,0,0,0,0,1,0,0
Delivery to Patna costs an extra Rs. 799,sneaking,sneaking,en,label,checkbox,[TAG=label] [ROLE=checkbox] Delivery to Patna costs an extra Rs. 799,sneaking:en:18,synthetic_v1,0,0,0,0,0,1,0,0
"Croma बाट पावर ब्यांक बीमा पहिले नै छनोट (रु. 1,199)",sneaking,sneaking,ne,span,line_item,"[TAG=span] [ROLE=line_item] Croma बाट पावर ब्यांक बीमा पहिले नै छनोट (रु. 1,199)",sneaking:ne:19,synthetic_v1,0,0,0,0,0,1,0,0
"बाँके डेलिभरीमा थप रु. 2,499",sneaking,sneaking,ne,p,fine_print,"[TAG=p] [ROLE=fine_print] बाँके डेलिभरीमा थप रु. 2,499",sneaking:ne:18,synthetic_v1,0,0,0,0,0,1,0,0
निःशुल्क ट्रायलपछि प्लस रु. 499/महिना हुनेछ,sneaking,sneaking,ne,label,checkbox,[TAG=label] [ROLE=checkbox] निःशुल्क ट्रायलपछि प्लस रु. 499/महिना हुनेछ,sneaking:ne:04,synthetic_v1,0,0,0,0,0,1,0,0
सुर्खेत डेलिभरीमा थप रु. 99,sneaking,sneaking,ne,label,checkbox,[TAG=label] [ROLE=checkbox] सुर्खेत डेलिभरीमा थप रु. 99,sneaking:ne:18,synthetic_v1,0,0,0,0,0,1,0,0
Donation of Rs. 999 added to your Salesberry order,sneaking,sneaking,en,p,fine_print,[TAG=p] [ROLE=fine_print] Donation of Rs. 999 added to your Salesberry order,sneaking:en:22,synthetic_v1,0,0,0,0,0,1,0,0
Donation of Rs. 999 added to your Lenskart order,sneaking,sneaking,en,label,checkbox,[TAG=label] [ROLE=checkbox] Donation of Rs. 999 added to your Lenskart order,sneaking:en:22,synthetic_v1,0,0,0,0,0,1,0,0
"HamroBazar service fee of Rs. 1,499 added to your laptop bag order",sneaking,sneaking,en,p,fine_print,"[TAG=p] [ROLE=fine_print] HamroBazar service fee of Rs. 1,499 added to your laptop bag order",sneaking:en:16,synthetic_v1,0,0,0,0,0,1,0,0
पुणे डिलीवरी पर रु. 99 हैंडलिंग शुल्क,sneaking,sneaking,hi,p,fine_print,[TAG=p] [ROLE=fine_print] पुणे डिलीवरी पर रु. 99 हैंडलिंग शुल्क,sneaking:hi:13,synthetic_v1,0,0,0,0,0,1,0,0
We've added a donation of Rs. 699 to your order,sneaking,sneaking,en,label,checkbox,[TAG=label] [ROLE=checkbox] We've added a donation of Rs. 699 to your order,sneaking:en:06,synthetic_v1,0,0,0,0,0,1,0,0
Your JioMart Prime trial renews at Rs. 799,sneaking,sneaking,en,label,checkbox,[TAG=label] [ROLE=checkbox] Your JioMart Prime trial renews at Rs. 799,sneaking:en:21,synthetic_v1,0,0,0,0,0,1,0,0
वीरगन्ज का लागि प्राथमिकता डेलिभरी छनोट (+रु. 49),sneaking,sneaking,ne,span,line_item,[TAG=span] [ROLE=line_item] वीरगन्ज का लागि प्राथमिकता डेलिभरी छनोट (+रु. 49),sneaking:ne:23,synthetic_v1,0,0,0,0,0,1,0,0
"Rs. 2,999 packaging charge applies for Mumbai orders",sneaking,sneaking,en,label,checkbox,"[TAG=label] [ROLE=checkbox] Rs. 2,999 packaging charge applies for Mumbai orders",sneaking:en:20,synthetic_v1,0,0,0,0,0,1,0,0
Gold membership added to your trekking jacket order,sneaking,sneaking,en,label,checkbox,[TAG=label] [ROLE=checkbox] Gold membership added to your trekking jacket order,sneaking:en:14,synthetic_v1,0,0,0,0,0,1,0,0
Priority delivery to Bhaktapur selected (+Rs. 149),sneaking,sneaking,en,label,checkbox,[TAG=label] [ROLE=checkbox] Priority delivery to Bhaktapur selected (+Rs. 149),sneaking:en:23,synthetic_v1,0,0,0,0,0,1,0,0
3 महिनाको प्रिमियम सदस्यता समावेश,sneaking,sneaking,ne,p,fine_print,[TAG=p] [ROLE=fine_print] 3 महिनाको प्रिमियम सदस्यता समावेश,sneaking:ne:10,synthetic_v1,0,0,0,0,0,1,0,0
तपाईंको घामको चस्मा अर्डरमा गोल्ड सदस्यता थपियो,sneaking,sneaking,ne,span,line_item,[TAG=span] [ROLE=line_item] तपाईंको घामको चस्मा अर्डरमा गोल्ड सदस्यता थपियो,sneaking:ne:14,synthetic_v1,0,0,0,0,0,1,0,0
"Rs. 2,999 packaging charge applies for Jaipur orders",sneaking,sneaking,en,p,fine_print,"[TAG=p] [ROLE=fine_print] Rs. 2,999 packaging charge applies for Jaipur orders",sneaking:en:20,synthetic_v1,0,0,0,0,0,1,0,0
बेंगलुरु डिलीवरी पर अतिरिक्त रु. 799,sneaking,sneaking,hi,p,fine_print,[TAG=p] [ROLE=fine_print] बेंगलुरु डिलीवरी पर अतिरिक्त रु. 799,sneaking:hi:18,synthetic_v1,0,0,0,0,0,1,0,0
"Shipping fee of Rs. 2,999 added at checkout",sneaking,sneaking,en,p,fine_print,"[TAG=p] [ROLE=fine_print] Shipping fee of Rs. 2,999 added at checkout",sneaking:en:00,synthetic_v1,0,0,0,0,0,1,0,0
फ्री ट्रायल के बाद प्रो रु. 299/महीना हो जाएगा,sneaking,sneaking,hi,label,checkbox,[TAG=label] [ROLE=checkbox] फ्री ट्रायल के बाद प्रो रु. 299/महीना हो जाएगा,sneaking:hi:04,synthetic_v1,0,0,0,0,0,1,0,0
"Thulo अर्डरमा रु. 2,499 दान थपियो",sneaking,sneaking,ne,span,line_item,"[TAG=span] [ROLE=line_item] Thulo अर्डरमा रु. 2,499 दान थपियो",sneaking:ne:22,synthetic_v1,0,0,0,0,0,1,0,0
"Your Gyapu Prime trial renews at Rs. 2,999",sneaking,sneaking,en,label,checkbox,"[TAG=label] [ROLE=checkbox] Your Gyapu Prime trial renews at Rs. 2,999",sneaking:en:21,synthetic_v1,0,0,0,0,0,1,0,0
फ्री ट्रायल के बाद गोल्ड रु. 299/महीना हो जाएगा,sneaking,sneaking,hi,label,checkbox,[TAG=label] [ROLE=checkbox] फ्री ट्रायल के बाद गोल्ड रु. 299/महीना हो जाएगा,sneaking:hi:04,synthetic_v1,0,0,0,0,0,1,0,0
Includes a 8-month Prime subscription,sneaking,sneaking,en,span,line_item,[TAG=span] [ROLE=line_item] Includes a 8-month Prime subscription,sneaking:en:10,synthetic_v1,0,0,0,0,0,1,0,0
आपके पावर बैंक ऑर्डर में प्लस सदस्यता जोड़ी गई,sneaking,sneaking,hi,span,line_item,[TAG=span] [ROLE=line_item] आपके पावर बैंक ऑर्डर में प्लस सदस्यता जोड़ी गई,sneaking:hi:14,synthetic_v1,0,0,0,0,0,1,0,0
Insurance for phone case selected for you,sneaking,sneaking,en,label,checkbox,[TAG=label] [ROLE=checkbox] Insurance for phone case selected for you,sneaking:en:07,synthetic_v1,0,0,0,0,0,1,0,0
नासिक डिलीवरी पर रु. 999 हैंडलिंग शुल्क,sneaking,sneaking,hi,p,fine_print,[TAG=p] [ROLE=fine_print] नासिक डिलीवरी पर रु. 999 हैंडलिंग शुल्क,sneaking:hi:13,synthetic_v1,0,0,0,0,0,1,0,0
जारी राखेमा हरेक महिना रु. 449 शुल्क लाग्नेछ,sneaking,sneaking,ne,label,checkbox,[TAG=label] [ROLE=checkbox] जारी राखेमा हरेक महिना रु. 449 शुल्क लाग्नेछ,sneaking:ne:01,synthetic_v1,0,0,0,0,0,1,0,0
"काठमाडौँ का लागि प्राथमिकता डेलिभरी छनोट (+रु. 1,499)",sneaking,sneaking,ne,label,checkbox,"[TAG=label] [ROLE=checkbox] काठमाडौँ का लागि प्राथमिकता डेलिभरी छनोट (+रु. 1,499)",sneaking:ne:23,synthetic_v1,0,0,0,0,0,1,0,0
मुंबई डिलीवरी पर अतिरिक्त रु. 249,sneaking,sneaking,hi,span,line_item,[TAG=span] [ROLE=line_item] मुंबई डिलीवरी पर अतिरिक्त रु. 249,sneaking:hi:18,synthetic_v1,0,0,0,0,0,1,0,0
अहमदाबाद डिलीवरी पर रु. 199 हैंडलिंग शुल्क,sneaking,sneaking,hi,p,fine_print,[TAG=p] [ROLE=fine_print] अहमदाबाद डिलीवरी पर रु. 199 हैंडलिंग शुल्क,sneaking:hi:13,synthetic_v1,0,0,0,0,0,1,0,0
6 महिनाको गोल्ड सदस्यता समावेश,sneaking,sneaking,ne,p,fine_print,[TAG=p] [ROLE=fine_print] 6 महिनाको गोल्ड सदस्यता समावेश,sneaking:ne:10,synthetic_v1,0,0,0,0,0,1,0,0
"Your Tata Cliq Gold trial renews at Rs. 2,999",sneaking,sneaking,en,span,line_item,"[TAG=span] [ROLE=line_item] Your Tata Cliq Gold trial renews at Rs. 2,999",sneaking:en:21,synthetic_v1,0,0,0,0,0,1,0,0
Plus membership from Snapdeal added — Rs. 699/month,sneaking,sneaking,en,label,checkbox,[TAG=label] [ROLE=checkbox] Plus membership from Snapdeal added — Rs. 699/month,sneaking:en:17,synthetic_v1,0,0,0,0,0,1,0,0
"Your Meesho Plus trial renews at Rs. 1,199",sneaking,sneaking,en,span,line_item,"[TAG=span] [ROLE=line_item] Your Meesho Plus trial renews at Rs. 1,199",sneaking:en:21,synthetic_v1,0,0,0,0,0,1,0,0
तपाईंको पावर ब्यांक अर्डरमा प्रिमियम सदस्यता थपियो,sneaking,sneaking,ne,label,checkbox,[TAG=label] [ROLE=checkbox] तपाईंको पावर ब्यांक अर्डरमा प्रिमियम सदस्यता थपियो,sneaking:ne:14,synthetic_v1,0,0,0,0,0,1,0,0
"Tata Cliq की प्रो सदस्यता जोड़ी गई — रु. 2,499/महीना",sneaking,sneaking,hi,label,checkbox,"[TAG=label] [ROLE=checkbox] Tata Cliq की प्रो सदस्यता जोड़ी गई — रु. 2,499/महीना",sneaking:hi:17,synthetic_v1,0,0,0,0,0,1,0,0
भक्तपुर का लागि प्राथमिकता डेलिभरी छनोट (+रु. 249),sneaking,sneaking,ne,label,checkbox,[TAG=label] [ROLE=checkbox] भक्तपुर का लागि प्राथमिकता डेलिभरी छनोट (+रु. 249),sneaking:ne:23,synthetic_v1,0,0,0,0,0,1,0,0
गोरखा डेलिभरीमा रु. 999 ह्यान्डलिङ शुल्क,sneaking,sneaking,ne,label,checkbox,[TAG=label] [ROLE=checkbox] गोरखा डेलिभरीमा रु. 999 ह्यान्डलिङ शुल्क,sneaking:ne:13,synthetic_v1,0,0,0,0,0,1,0,0
प्राथमिकता डेलिभरी पहिले नै छनोट (+रु. 399),sneaking,sneaking,ne,p,fine_print,[TAG=p] [ROLE=fine_print] प्राथमिकता डेलिभरी पहिले नै छनोट (+रु. 399),sneaking:ne:09,synthetic_v1,0,0,0,0,0,1,0,0
Rs. 399 packaging charge applies for Hyderabad orders,sneaking,sneaking,en,p,fine_print,[TAG=p] [ROLE=fine_print] Rs. 399 packaging charge applies for Hyderabad orders,sneaking:en:20,synthetic_v1,0,0,0,0,0,1,0,0
आपका Flipkart प्राइम ट्रायल रु. 49 पर रिन्यू होगा,sneaking,sneaking,hi,p,fine_print,[TAG=p] [ROLE=fine_print] आपका Flipkart प्राइम ट्रायल रु. 49 पर रिन्यू होगा,sneaking:hi:21,synthetic_v1,0,0,0,0,0,1,0,0
4 महिनाको प्लस सदस्यता समावेश,sneaking,sneaking,ne,label,checkbox,[TAG=label] [ROLE=checkbox] 4 महिनाको प्लस सदस्यता समावेश,sneaking:ne:10,synthetic_v1,0,0,0,0,0,1,0,0
10 महिनाको प्रिमियम सदस्यता समावेश,sneaking,sneaking,ne,p,fine_print,[TAG=p] [ROLE=fine_print] 10 महिनाको प्रिमियम सदस्यता समावेश,sneaking:ne:10,synthetic_v1,0,0,0,0,0,1,0,0
"Shipping fee of Rs. 1,999 added at checkout",sneaking,sneaking,en,p,fine_print,"[TAG=p] [ROLE=fine_print] Shipping fee of Rs. 1,999 added at checkout",sneaking:en:00,synthetic_v1,0,0,0,0,0,1,0,0
Handling charge of Rs. 99 for Dharan deliveries,sneaking,sneaking,en,span,line_item,[TAG=span] [ROLE=line_item] Handling charge of Rs. 99 for Dharan deliveries,sneaking:en:13,synthetic_v1,0,0,0,0,0,1,0,0
Your free trial converts to Plus at Rs. 799/month,sneaking,sneaking,en,p,fine_print,[TAG=p] [ROLE=fine_print] Your free trial converts to Plus at Rs. 799/month,sneaking:en:04,synthetic_v1,0,0,0,0,0,1,0,0
बुटवल डेलिभरीमा रु. 149 ह्यान्डलिङ शुल्क,sneaking,sneaking,ne,label,checkbox,[TAG=label] [ROLE=checkbox] बुटवल डेलिभरीमा रु. 149 ह्यान्डलिङ शुल्क,sneaking:ne:13,synthetic_v1,0,0,0,0,0,1,0,0
Your free trial converts to Pro at Rs. 349/month,sneaking,sneaking,en,p,fine_print,[TAG=p] [ROLE=fine_print] Your free trial converts to Pro at Rs. 349/month,sneaking:en:04,synthetic_v1,0,0,0,0,0,1,0,0
"गोरखा का लागि प्राथमिकता डेलिभरी छनोट (+रु. 1,199)",sneaking,sneaking,ne,span,line_item,"[TAG=span] [ROLE=line_item] गोरखा का लागि प्राथमिकता डेलिभरी छनोट (+रु. 1,199)",sneaking:ne:23,synthetic_v1,0,0,0,0,0,1,0,0
Snapdeal सेवा शुल्क रु. 349 तपाईंको कफी मेकर अर्डरमा थपियो,sneaking,sneaking,ne,p,fine_print,[TAG=p] [ROLE=fine_print] Snapdeal सेवा शुल्क रु. 349 तपाईंको कफी मेकर अर्डरमा थपियो,sneaking:ne:16,synthetic_v1,0,0,0,0,0,1,0,0
"BigBasket service fee of Rs. 1,199 added to your air fryer order",sneaking,sneaking,en,span,line_item,"[TAG=span] [ROLE=line_item] BigBasket service fee of Rs. 1,199 added to your air fryer order",sneaking:en:16,synthetic_v1,0,0,0,0,0,1,0,0
रु. 99 सेवा शुल्क लागू,sneaking,sneaking,ne,p,fine_print,[TAG=p] [ROLE=fine_print] रु. 99 सेवा शुल्क लागू,sneaking:ne:03,synthetic_v1,0,0,0,0,0,1,0,0
अहमदाबाद ऑर्डर पर रु. 899 पैकेजिंग शुल्क,sneaking,sneaking,hi,p,fine_print,[TAG=p] [ROLE=fine_print] अहमदाबाद ऑर्डर पर रु. 899 पैकेजिंग शुल्क,sneaking:hi:20,synthetic_v1,0,0,0,0,0,1,0,0
Croma बाट ल्यापटप ब्याग बीमा पहिले नै छनोट (रु. 799),sneaking,sneaking,ne,span,line_item,[TAG=span] [ROLE=line_item] Croma बाट ल्यापटप ब्याग बीमा पहिले नै छनोट (रु. 799),sneaking:ne:19,synthetic_v1,0,0,0,0,0,1,0,0
Pro membership added to your formal shirt order,sneaking,sneaking,en,label,checkbox,[TAG=label] [ROLE=checkbox] Pro membership added to your formal shirt order,sneaking:en:14,synthetic_v1,0,0,0,0,0,1,0,0
10 महिनाको प्राइम सदस्यता समावेश,sneaking,sneaking,ne,label,checkbox,[TAG=label] [ROLE=checkbox] 10 महिनाको प्राइम सदस्यता समावेश,sneaking:ne:10,synthetic_v1,0,0,0,0,0,1,0,0
"Flipkart को प्राइम सदस्यता थपियो — रु. 1,199/महिना",sneaking,sneaking,ne,p,fine_print,"[TAG=p] [ROLE=fine_print] Flipkart को प्राइम सदस्यता थपियो — रु. 1,199/महिना",sneaking:ne:17,synthetic_v1,0,0,0,0,0,1,0,0
चंडीगढ़ डिलीवरी पर अतिरिक्त रु. 149,sneaking,sneaking,hi,span,line_item,[TAG=span] [ROLE=line_item] चंडीगढ़ डिलीवरी पर अतिरिक्त रु. 149,sneaking:hi:18,synthetic_v1,0,0,0,0,0,1,0,0
Croma से धूप का चश्मा बीमा पहले से चुना गया (रु. 349),sneaking,sneaking,hi,p,fine_print,[TAG=p] [ROLE=fine_print] Croma से धूप का चश्मा बीमा पहले से चुना गया (रु. 349),sneaking:hi:19,synthetic_v1,0,0,0,0,0,1,0,0
"भक्तपुर का लागि प्राथमिकता डेलिभरी छनोट (+रु. 2,999)",sneaking,sneaking,ne,p,fine_print,"[TAG=p] [ROLE=fine_print] भक्तपुर का लागि प्राथमिकता डेलिभरी छनोट (+रु. 2,999)",sneaking:ne:23,synthetic_v1,0,0,0,0,0,1,0,0
"फ्री ट्रायल के बाद प्लस रु. 1,999/महीना हो जाएगा",sneaking,sneaking,hi,label,checkbox,"[TAG=label] [ROLE=checkbox] फ्री ट्रायल के बाद प्लस रु. 1,999/महीना हो जाएगा",sneaking:hi:04,synthetic_v1,0,0,0,0,0,1,0,0
Includes a 8-month Pro subscription,sneaking,sneaking,en,p,fine_print,[TAG=p] [ROLE=fine_print] Includes a 8-month Pro subscription,sneaking:en:10,synthetic_v1,0,0,0,0,0,1,0,0
Plus membership added to your wireless earbuds order,sneaking,sneaking,en,span,line_item,[TAG=span] [ROLE=line_item] Plus membership added to your wireless earbuds order,sneaking:en:14,synthetic_v1,0,0,0,0,0,1,0,0
आगरा डिलीवरी पर रु. 599 हैंडलिंग शुल्क,sneaking,sneaking,hi,span,line_item,[TAG=span] [ROLE=line_item] आगरा डिलीवरी पर रु. 599 हैंडलिंग शुल्क,sneaking:hi:13,synthetic_v1,0,0,0,0,0,1,0,0
Meesho को प्लस सदस्यता थपियो — रु. 199/महिना,sneaking,sneaking,ne,label,checkbox,[TAG=label] [ROLE=checkbox] Meesho को प्लस सदस्यता थपियो — रु. 199/महिना,sneaking:ne:17,synthetic_v1,0,0,0,0,0,1,0,0
पैकेजिंग शुल्क रु. 799 भुगतान पर दिखेगा,sneaking,sneaking,hi,span,line_item,[TAG=span] [ROLE=line_item] पैकेजिंग शुल्क रु. 799 भुगतान पर दिखेगा,sneaking:hi:15,synthetic_v1,0,0,0,0,0,1,0,0
Salesberry सेवा शुल्क रु. 249 आपके स्कूल बैग ऑर्डर में जोड़ा गया,sneaking,sneaking,hi,label,checkbox,[TAG=label] [ROLE=checkbox] Salesberry सेवा शुल्क रु. 249 आपके स्कूल बैग ऑर्डर में जोड़ा गया,sneaking:hi:16,synthetic_v1,0,0,0,0,0,1,0,0
सूरत के लिए प्राथमिकता डिलीवरी चुनी गई (+रु. 199),sneaking,sneaking,hi,label,checkbox,[TAG=label] [ROLE=checkbox] सूरत के लिए प्राथमिकता डिलीवरी चुनी गई (+रु. 199),sneaking:hi:23,synthetic_v1,0,0,0,0,0,1,0,0
भोपाल डिलीवरी पर रु. 299 हैंडलिंग शुल्क,sneaking,sneaking,hi,label,checkbox,[TAG=label] [ROLE=checkbox] भोपाल डिलीवरी पर रु. 299 हैंडलिंग शुल्क,sneaking:hi:13,synthetic_v1,0,0,0,0,0,1,0,0
Your Salesberry Gold trial renews at Rs. 999,sneaking,sneaking,en,span,line_item,[TAG=span] [ROLE=line_item] Your Salesberry Gold trial renews at Rs. 999,sneaking:en:21,synthetic_v1,0,0,0,0,0,1,0,0
बेंगलुरु डिलीवरी पर रु. 999 हैंडलिंग शुल्क,sneaking,sneaking,hi,label,checkbox,[TAG=label] [ROLE=checkbox] बेंगलुरु डिलीवरी पर रु. 999 हैंडलिंग शुल्क,sneaking:hi:13,synthetic_v1,0,0,0,0,0,1,0,0
आपके ऑर्डर में रु. 99 का दान जोड़ा गया,sneaking,sneaking,hi,span,line_item,[TAG=span] [ROLE=line_item] आपके ऑर्डर में रु. 99 का दान जोड़ा गया,sneaking:hi:06,synthetic_v1,0,0,0,0,0,1,0,0
Blinkit service fee of Rs. 349 added to your backpack order,sneaking,sneaking,en,p,fine_print,[TAG=p] [ROLE=fine_print] Blinkit service fee of Rs. 349 added to your backpack order,sneaking:en:16,synthetic_v1,0,0,0,0,0,1,0,0
आपके गेमिंग माउस ऑर्डर में गोल्ड सदस्यता जोड़ी गई,sneaking,sneaking,hi,p,fine_print,[TAG=p] [ROLE=fine_print] आपके गेमिंग माउस ऑर्डर में गोल्ड सदस्यता जोड़ी गई,sneaking:hi:14,synthetic_v1,0,0,0,0,0,1,0,0
Salesberry सेवा शुल्क रु. 899 तपाईंको कफी मेकर अर्डरमा थपियो,sneaking,sneaking,ne,span,line_item,[TAG=span] [ROLE=line_item] Salesberry सेवा शुल्क रु. 899 तपाईंको कफी मेकर अर्डरमा थपियो,sneaking:ne:16,synthetic_v1,0,0,0,0,0,1,0,0
तपाईंको अर्डरमा रु. 899 दान थपियो,sneaking,sneaking,ne,p,fine_print,[TAG=p] [ROLE=fine_print] तपाईंको अर्डरमा रु. 899 दान थपियो,sneaking:ne:06,synthetic_v1,0,0,0,0,0,1,0,0
Delivery to Kolkata costs an extra Rs. 599,sneaking,sneaking,en,span,line_item,[TAG=span] [ROLE=line_item] Delivery to Kolkata costs an extra Rs. 599,sneaking:en:18,synthetic_v1,0,0,0,0,0,1,0,0
आपके ऑर्डर में रु. 149 का दान जोड़ा गया,sneaking,sneaking,hi,p,fine_print,[TAG=p] [ROLE=fine_print] आपके ऑर्डर में रु. 149 का दान जोड़ा गया,sneaking:hi:06,synthetic_v1,0,0,0,0,0,1,0,0
"हेटौंडा डेलिभरीमा रु. 2,999 ह्यान्डलिङ शुल्क",sneaking,sneaking,ne,span,line_item,"[TAG=span] [ROLE=line_item] हेटौंडा डेलिभरीमा रु. 2,999 ह्यान्डलिङ शुल्क",sneaking:ne:13,synthetic_v1,0,0,0,0,0,1,0,0
चंडीगढ़ डिलीवरी पर रु. 599 हैंडलिंग शुल्क,sneaking,sneaking,hi,span,line_item,[TAG=span] [ROLE=line_item] चंडीगढ़ डिलीवरी पर रु. 599 हैंडलिंग शुल्क,sneaking:hi:13,synthetic_v1,0,0,0,0,0,1,0,0
Rs. 99 packaging charge applies for Lucknow orders,sneaking,sneaking,en,label,checkbox,[TAG=label] [ROLE=checkbox] Rs. 99 packaging charge applies for Lucknow orders,sneaking:en:20,synthetic_v1,0,0,0,0,0,1,0,0
तपाईंको एयर फ्रायर अर्डरमा प्राइम सदस्यता थपियो,sneaking,sneaking,ne,span,line_item,[TAG=span] [ROLE=line_item] तपाईंको एयर फ्रायर अर्डरमा प्राइम सदस्यता थपियो,sneaking:ne:14,synthetic_v1,0,0,0,0,0,1,0,0
"विराटनगर डेलिभरीमा रु. 2,499 ह्यान्डलिङ शुल्क",sneaking,sneaking,ne,label,checkbox,"[TAG=label] [ROLE=checkbox] विराटनगर डेलिभरीमा रु. 2,499 ह्यान्डलिङ शुल्क",sneaking:ne:13,synthetic_v1,0,0,0,0,0,1,0,0
5 महीने की प्लस सदस्यता शामिल,sneaking,sneaking,hi,span,line_item,[TAG=span] [ROLE=line_item] 5 महीने की प्लस सदस्यता शामिल,sneaking:hi:10,synthetic_v1,0,0,0,0,0,1,0,0
Tata Cliq की प्लस सदस्यता जोड़ी गई — रु. 449/महीना,sneaking,sneaking,hi,span,line_item,[TAG=span] [ROLE=line_item] Tata Cliq की प्लस सदस्यता जोड़ी गई — रु. 449/महीना,sneaking:hi:17,synthetic_v1,0,0,0,0,0,1,0,0
तपाईंको अर्डरमा रु. 699 दान थपियो,sneaking,sneaking,ne,p,fine_print,[TAG=p] [ROLE=fine_print] तपाईंको अर्डरमा रु. 699 दान थपियो,sneaking:ne:06,synthetic_v1,0,0,0,0,0,1,0,0
study lamp insurance from Meesho pre-selected (Rs. 499),sneaking,sneaking,en,label,checkbox,[TAG=label] [ROLE=checkbox] study lamp insurance from Meesho pre-selected (Rs. 499),sneaking:en:19,synthetic_v1,0,0,0,0,0,1,0,0
"gaming mouse insurance from SastoDeal pre-selected (Rs. 1,199)",sneaking,sneaking,en,span,line_item,"[TAG=span] [ROLE=line_item] gaming mouse insurance from SastoDeal pre-selected (Rs. 1,199)",sneaking:en:19,synthetic_v1,0,0,0,0,0,1,0,0
जयपुर के लिए प्राथमिकता डिलीवरी चुनी गई (+रु. 899),sneaking,sneaking,hi,label,checkbox,[TAG=label] [ROLE=checkbox] जयपुर के लिए प्राथमिकता डिलीवरी चुनी गई (+रु. 899),sneaking:hi:23,synthetic_v1,0,0,0,0,0,1,0,0
"Pepperfry ऑर्डर में रु. 1,199 का दान जोड़ा गया",sneaking,sneaking,hi,p,fine_print,"[TAG=p] [ROLE=fine_print] Pepperfry ऑर्डर में रु. 1,199 का दान जोड़ा गया",sneaking:hi:22,synthetic_v1,0,0,0,0,0,1,0,0
Muncha की गोल्ड सदस्यता जोड़ी गई — रु. 249/महीना,sneaking,sneaking,hi,label,checkbox,[TAG=label] [ROLE=checkbox] Muncha की गोल्ड सदस्यता जोड़ी गई — रु. 249/महीना,sneaking:hi:17,synthetic_v1,0,0,0,0,0,1,0,0
"backpack insurance from Reliance Digital pre-selected (Rs. 1,199)",sneaking,sneaking,en,label,checkbox,"[TAG=label] [ROLE=checkbox] backpack insurance from Reliance Digital pre-selected (Rs. 1,199)",sneaking:en:19,synthetic_v1,0,0,0,0,0,1,0,0
वाराणसी डिलीवरी पर रु. 249 हैंडलिंग शुल्क,sneaking,sneaking,hi,label,checkbox,[TAG=label] [ROLE=checkbox] वाराणसी डिलीवरी पर रु. 249 हैंडलिंग शुल्क,sneaking:hi:13,synthetic_v1,0,0,0,0,0,1,0,0
आपके ब्लूटूथ स्पीकर ऑर्डर में प्रीमियम सदस्यता जोड़ी गई,sneaking,sneaking,hi,p,fine_print,[TAG=p] [ROLE=fine_print] आपके ब्लूटूथ स्पीकर ऑर्डर में प्रीमियम सदस्यता जोड़ी गई,sneaking:hi:14,synthetic_v1,0,0,0,0,0,1,0,0
Priority delivery to Hyderabad selected (+Rs. 499),sneaking,sneaking,en,p,fine_print,[TAG=p] [ROLE=fine_print] Priority delivery to Hyderabad selected (+Rs. 499),sneaking:en:23,synthetic_v1,0,0,0,0,0,1,0,0
"HamroBazar से राइस कुकर बीमा पहले से चुना गया (रु. 2,999)",sneaking,sneaking,hi,span,line_item,"[TAG=span] [ROLE=line_item] HamroBazar से राइस कुकर बीमा पहले से चुना गया (रु. 2,999)",sneaking:hi:19,synthetic_v1,0,0,0,0,0,1,0,0
"दिल्ली के लिए प्राथमिकता डिलीवरी चुनी गई (+रु. 1,199)",sneaking,sneaking,hi,p,fine_print,"[TAG=p] [ROLE=fine_print] दिल्ली के लिए प्राथमिकता डिलीवरी चुनी गई (+रु. 1,199)",sneaking:hi:23,synthetic_v1,0,0,0,0,0,1,0,0
6 महिनाको प्रो सदस्यता समावेश,sneaking,sneaking,ne,span,line_item,[TAG=span] [ROLE=line_item] 6 महिनाको प्रो सदस्यता समावेश,sneaking:ne:10,synthetic_v1,0,0,0,0,0,1,0,0
FirstCry सेवा शुल्क रु. 149 आपके इलेक्ट्रिक केटल ऑर्डर में जोड़ा गया,sneaking,sneaking,hi,label,checkbox,[TAG=label] [ROLE=checkbox] FirstCry सेवा शुल्क रु. 149 आपके इलेक्ट्रिक केटल ऑर्डर में जोड़ा गया,sneaking:hi:16,synthetic_v1,0,0,0,0,0,1,0,0
निःशुल्क ट्रायलपछि प्राइम रु. 299/महिना हुनेछ,sneaking,sneaking,ne,p,fine_print,[TAG=p] [ROLE=fine_print] निःशुल्क ट्रायलपछि प्राइम रु. 299/महिना हुनेछ,sneaking:ne:04,synthetic_v1,0,0,0,0,0,1,0,0
चेकआउट पर रु. 249 शिपिंग शुल्क जोड़ा गया,sneaking,sneaking,hi,label,checkbox,[TAG=label] [ROLE=checkbox] चेकआउट पर रु. 249 शिपिंग शुल्क जोड़ा गया,sneaking:hi:00,synthetic_v1,0,0,0,0,0,1,0,0
"OkDam सेवा शुल्क रु. 2,499 तपाईंको इन्डक्सन चुल्हो अर्डरमा थपियो",sneaking,sneaking,ne,label,checkbox,"[TAG=label] [ROLE=checkbox] OkDam सेवा शुल्क रु. 2,499 तपाईंको इन्डक्सन चुल्हो अर्डरमा थपियो",sneaking:ne:16,synthetic_v1,0,0,0,0,0,1,0,0
Daraz service fee of Rs. 199 added to your face wash order,sneaking,sneaking,en,label,checkbox,[TAG=label] [ROLE=checkbox] Daraz service fee of Rs. 199 added to your face wash order,sneaking:en:16,synthetic_v1,0,0,0,0,0,1,0,0
फ्री ट्रायल के बाद प्रीमियम रु. 49/महीना हो जाएगा,sneaking,sneaking,hi,label,checkbox,[TAG=label] [ROLE=checkbox] फ्री ट्रायल के बाद प्रीमियम रु. 49/महीना हो जाएगा,sneaking:hi:04,synthetic_v1,0,0,0,0,0,1,0,0
Myntra अर्डरमा रु. 599 दान थपियो,sneaking,sneaking,ne,span,line_item,[TAG=span] [ROLE=line_item] Myntra अर्डरमा रु. 599 दान थपियो,sneaking:ne:22,synthetic_v1,0,0,0,0,0,1,0,0
7 महिनाको गोल्ड सदस्यता समावेश,sneaking,sneaking,ne,span,line_item,[TAG=span] [ROLE=line_item] 7 महिनाको गोल्ड सदस्यता समावेश,sneaking:ne:10,synthetic_v1,0,0,0,0,0,1,0,0
"Your free trial converts to Prime at Rs. 1,199/month",sneaking,sneaking,en,label,checkbox,"[TAG=label] [ROLE=checkbox] Your free trial converts to Prime at Rs. 1,199/month",sneaking:en:04,synthetic_v1,0,0,0,0,0,1,0,0
आपके फॉर्मल शर्ट ऑर्डर में प्लस सदस्यता जोड़ी गई,sneaking,sneaking,hi,label,checkbox,[TAG=label] [ROLE=checkbox] आपके फॉर्मल शर्ट ऑर्डर में प्लस सदस्यता जोड़ी गई,sneaking:hi:14,synthetic_v1,0,0,0,0,0,1,0,0
प्याकेजिङ शुल्क रु. 399 भुक्तानीमा देखिनेछ,sneaking,sneaking,ne,span,line_item,[TAG=span] [ROLE=line_item] प्याकेजिङ शुल्क रु. 399 भुक्तानीमा देखिनेछ,sneaking:ne:15,synthetic_v1,0,0,0,0,0,1,0,0
Includes a 1-month Pro subscription,sneaking,sneaking,en,span,line_item,[TAG=span] [ROLE=line_item] Includes a 1-month Pro subscription,sneaking:en:10,synthetic_v1,0,0,0,0,0,1,0,0
Tata Cliq ऑर्डर में रु. 699 का दान जोड़ा गया,sneaking,sneaking,hi,p,fine_print,[TAG=p] [ROLE=fine_print] Tata Cliq ऑर्डर में रु. 699 का दान जोड़ा गया,sneaking:hi:22,synthetic_v1,0,0,0,0,0,1,0,0
Flipkart को प्रिमियम सदस्यता थपियो — रु. 699/महिना,sneaking,sneaking,ne,label,checkbox,[TAG=label] [ROLE=checkbox] Flipkart को प्रिमियम सदस्यता थपियो — रु. 699/महिना,sneaking:ne:17,synthetic_v1,0,0,0,0,0,1,0,0
जयपुर ऑर्डर पर रु. 999 पैकेजिंग शुल्क,sneaking,sneaking,hi,span,line_item,[TAG=span] [ROLE=line_item] जयपुर ऑर्डर पर रु. 999 पैकेजिंग शुल्क,sneaking:hi:20,synthetic_v1,0,0,0,0,0,1,0,0
तपाईंको पानीको बोतल अर्डरमा गोल्ड सदस्यता थपियो,sneaking,sneaking,ne,p,fine_print,[TAG=p] [ROLE=fine_print] तपाईंको पानीको बोतल अर्डरमा गोल्ड सदस्यता थपियो,sneaking:ne:14,synthetic_v1,0,0,0,0,0,1,0,0
Blinkit को गोल्ड सदस्यता थपियो — रु. 449/महिना,sneaking,sneaking,ne,label,checkbox,[TAG=label] [ROLE=checkbox] Blinkit को गोल्ड सदस्यता थपियो — रु. 449/महिना,sneaking:ne:17,synthetic_v1,0,0,0,0,0,1,0,0
9 महिनाको प्रो सदस्यता समावेश,sneaking,sneaking,ne,label,checkbox,[TAG=label] [ROLE=checkbox] 9 महिनाको प्रो सदस्यता समावेश,sneaking:ne:10,synthetic_v1,0,0,0,0,0,1,0,0
कॉटन कुर्ता का बीमा आपके लिए चुना गया,sneaking,sneaking,hi,span,line_item,[TAG=span] [ROLE=line_item] कॉटन कुर्ता का बीमा आपके लिए चुना गया,sneaking:hi:07,synthetic_v1,0,0,0,0,0,1,0,0
Muncha बाट हेयर ड्रायर बीमा पहिले नै छनोट (रु. 599),sneaking,sneaking,ne,span,line_item,[TAG=span] [ROLE=line_item] Muncha बाट हेयर ड्रायर बीमा पहिले नै छनोट (रु. 599),sneaking:ne:19,synthetic_v1,0,0,0,0,0,1,0,0
कानपुर डिलीवरी पर रु. 599 हैंडलिंग शुल्क,sneaking,sneaking,hi,p,fine_print,[TAG=p] [ROLE=fine_print] कानपुर डिलीवरी पर रु. 599 हैंडलिंग शुल्क,sneaking:hi:13,synthetic_v1,0,0,0,0,0,1,0,0
"Prime membership from Nykaa added — Rs. 2,999/month",sneaking,sneaking,en,label,checkbox,"[TAG=label] [ROLE=checkbox] Prime membership from Nykaa added — Rs. 2,999/month",sneaking:en:17,synthetic_v1,0,0,0,0,0,1,0,0
"Salesberry ऑर्डर में रु. 2,999 का दान जोड़ा गया",sneaking,sneaking,hi,span,line_item,"[TAG=span] [ROLE=line_item] Salesberry ऑर्डर में रु. 2,999 का दान जोड़ा गया",sneaking:hi:22,synthetic_v1,0,0,0,0,0,1,0,0
निःशुल्क ट्रायलपछि प्रिमियम रु. 49/महिना हुनेछ,sneaking,sneaking,ne,p,fine_print,[TAG=p] [ROLE=fine_print] निःशुल्क ट्रायलपछि प्रिमियम रु. 49/महिना हुनेछ,sneaking:ne:04,synthetic_v1,0,0,0,0,0,1,0,0
Rs. 199 packaging charge applies for Lalitpur orders,sneaking,sneaking,en,span,line_item,[TAG=span] [ROLE=line_item] Rs. 199 packaging charge applies for Lalitpur orders,sneaking:en:20,synthetic_v1,0,0,0,0,0,1,0,0
Plus membership added to your noise cancelling headphones order,sneaking,sneaking,en,p,fine_print,[TAG=p] [ROLE=fine_print] Plus membership added to your noise cancelling headphones order,sneaking:en:14,synthetic_v1,0,0,0,0,0,1,0,0
Donation of Rs. 449 added to your JioMart order,sneaking,sneaking,en,span,line_item,[TAG=span] [ROLE=line_item] Donation of Rs. 449 added to your JioMart order,sneaking:en:22,synthetic_v1,0,0,0,0,0,1,0,0
इलेक्ट्रिक केटल का बीमा आपके लिए चुना गया,sneaking,sneaking,hi,p,fine_print,[TAG=p] [ROLE=fine_print] इलेक्ट्रिक केटल का बीमा आपके लिए चुना गया,sneaking:hi:07,synthetic_v1,0,0,0,0,0,1,0,0
तपाईंको अर्डरमा रु. 999 दान थपियो,sneaking,sneaking,ne,label,checkbox,[TAG=label] [ROLE=checkbox] तपाईंको अर्डरमा रु. 999 दान थपियो,sneaking:ne:06,synthetic_v1,0,0,0,0,0,1,0,0
"Delivery to Delhi costs an extra Rs. 1,499",sneaking,sneaking,en,label,checkbox,"[TAG=label] [ROLE=checkbox] Delivery to Delhi costs an extra Rs. 1,499",sneaking:en:18,synthetic_v1,0,0,0,0,0,1,0,0
We've added a donation of Rs. 199 to your order,sneaking,sneaking,en,p,fine_print,[TAG=p] [ROLE=fine_print] We've added a donation of Rs. 199 to your order,sneaking:en:06,synthetic_v1,0,0,0,0,0,1,0,0
"Blinkit ऑर्डर में रु. 1,199 का दान जोड़ा गया",sneaking,sneaking,hi,p,fine_print,"[TAG=p] [ROLE=fine_print] Blinkit ऑर्डर में रु. 1,199 का दान जोड़ा गया",sneaking:hi:22,synthetic_v1,0,0,0,0,0,1,0,0
"पुणे डिलीवरी पर रु. 2,499 हैंडलिंग शुल्क",sneaking,sneaking,hi,label,checkbox,"[TAG=label] [ROLE=checkbox] पुणे डिलीवरी पर रु. 2,499 हैंडलिंग शुल्क",sneaking:hi:13,synthetic_v1,0,0,0,0,0,1,0,0
हैदराबाद डिलीवरी पर अतिरिक्त रु. 799,sneaking,sneaking,hi,label,checkbox,[TAG=label] [ROLE=checkbox] हैदराबाद डिलीवरी पर अतिरिक्त रु. 799,sneaking:hi:18,synthetic_v1,0,0,0,0,0,1,0,0
Myntra की प्राइम सदस्यता जोड़ी गई — रु. 699/महीना,sneaking,sneaking,hi,span,line_item,[TAG=span] [ROLE=line_item] Myntra की प्राइम सदस्यता जोड़ी गई — रु. 699/महीना,sneaking:hi:17,synthetic_v1,0,0,0,0,0,1,0,0
Insurance for winter blanket selected for you,sneaking,sneaking,en,span,line_item,[TAG=span] [ROLE=line_item] Insurance for winter blanket selected for you,sneaking:en:07,synthetic_v1,0,0,0,0,0,1,0,0
फ्री ट्रायल के बाद प्रीमियम रु. 399/महीना हो जाएगा,sneaking,sneaking,hi,span,line_item,[TAG=span] [ROLE=line_item] फ्री ट्रायल के बाद प्रीमियम रु. 399/महीना हो जाएगा,sneaking:hi:04,synthetic_v1,0,0,0,0,0,1,0,0
"चेकआउटमा रु. 1,499 ढुवानी शुल्क थपियो",sneaking,sneaking,ne,span,line_item,"[TAG=span] [ROLE=line_item] चेकआउटमा रु. 1,499 ढुवानी शुल्क थपियो",sneaking:ne:00,synthetic_v1,0,0,0,0,0,1,0,0
प्राथमिकता डेलिभरी पहिले नै छनोट (+रु. 249),sneaking,sneaking,ne,span,line_item,[TAG=span] [ROLE=line_item] प्राथमिकता डेलिभरी पहिले नै छनोट (+रु. 249),sneaking:ne:09,synthetic_v1,0,0,0,0,0,1,0,0
Your free trial converts to Plus at Rs. 449/month,sneaking,sneaking,en,p,fine_print,[TAG=p] [ROLE=fine_print] Your free trial converts to Plus at Rs. 449/month,sneaking:en:04,synthetic_v1,0,0,0,0,0,1,0,0
कोलकाता के लिए प्राथमिकता डिलीवरी चुनी गई (+रु. 799),sneaking,sneaking,hi,label,checkbox,[TAG=label] [ROLE=checkbox] कोलकाता के लिए प्राथमिकता डिलीवरी चुनी गई (+रु. 799),sneaking:hi:23,synthetic_v1,0,0,0,0,0,1,0,0
"आपका Daraz प्रीमियम ट्रायल रु. 1,999 पर रिन्यू होगा",sneaking,sneaking,hi,p,fine_print,"[TAG=p] [ROLE=fine_print] आपका Daraz प्रीमियम ट्रायल रु. 1,999 पर रिन्यू होगा",sneaking:hi:21,synthetic_v1,0,0,0,0,0,1,0,0
Delivery to Mumbai costs an extra Rs. 149,sneaking,sneaking,en,p,fine_print,[TAG=p] [ROLE=fine_print] Delivery to Mumbai costs an extra Rs. 149,sneaking:en:18,synthetic_v1,0,0,0,0,0,1,0,0
Gold membership added to your denim jeans order,sneaking,sneaking,en,label,checkbox,[TAG=label] [ROLE=checkbox] Gold membership added to your denim jeans order,sneaking:en:14,synthetic_v1,0,0,0,0,0,1,0,0
निःशुल्क ट्रायलपछि प्रो रु. 299/महिना हुनेछ,sneaking,sneaking,ne,span,line_item,[TAG=span] [ROLE=line_item] निःशुल्क ट्रायलपछि प्रो रु. 299/महिना हुनेछ,sneaking:ne:04,synthetic_v1,0,0,0,0,0,1,0,0
OkDam service fee of Rs. 249 added to your power bank order,sneaking,sneaking,en,span,line_item,[TAG=span] [ROLE=line_item] OkDam service fee of Rs. 249 added to your power bank order,sneaking:en:16,synthetic_v1,0,0,0,0,0,1,0,0
Meesho को गोल्ड सदस्यता थपियो — रु. 899/महिना,sneaking,sneaking,ne,span,line_item,[TAG=span] [ROLE=line_item] Meesho को गोल्ड सदस्यता थपियो — रु. 899/महिना,sneaking:ne:17,synthetic_v1,0,0,0,0,0,1,0,0
आपके योगा मैट ऑर्डर में प्राइम सदस्यता जोड़ी गई,sneaking,sneaking,hi,label,checkbox,[TAG=label] [ROLE=checkbox] आपके योगा मैट ऑर्डर में प्राइम सदस्यता जोड़ी गई,sneaking:hi:14,synthetic_v1,0,0,0,0,0,1,0,0
भक्तपुर का लागि प्राथमिकता डेलिभरी छनोट (+रु. 999),sneaking,sneaking,ne,label,checkbox,[TAG=label] [ROLE=checkbox] भक्तपुर का लागि प्राथमिकता डेलिभरी छनोट (+रु. 999),sneaking:ne:23,synthetic_v1,0,0,0,0,0,1,0,0
"Donation of Rs. 2,999 added to your Lenskart order",sneaking,sneaking,en,label,checkbox,"[TAG=label] [ROLE=checkbox] Donation of Rs. 2,999 added to your Lenskart order",sneaking:en:22,synthetic_v1,0,0,0,0,0,1,0,0
"HamroBazar को प्लस सदस्यता थपियो — रु. 2,499/महिना",sneaking,sneaking,ne,p,fine_print,"[TAG=p] [ROLE=fine_print] HamroBazar को प्लस सदस्यता थपियो — रु. 2,499/महिना",sneaking:ne:17,synthetic_v1,0,0,0,0,0,1,0,0
Your free trial converts to Prime at Rs. 799/month,sneaking,sneaking,en,span,line_item,[TAG=span] [ROLE=line_item] Your free trial converts to Prime at Rs. 799/month,sneaking:en:04,synthetic_v1,0,0,0,0,0,1,0,0
Gyapu की गोल्ड सदस्यता जोड़ी गई — रु. 399/महीना,sneaking,sneaking,hi,label,checkbox,[TAG=label] [ROLE=checkbox] Gyapu की गोल्ड सदस्यता जोड़ी गई — रु. 399/महीना,sneaking:hi:17,synthetic_v1,0,0,0,0,0,1,0,0
"बेंगलुरु ऑर्डर पर रु. 1,199 पैकेजिंग शुल्क",sneaking,sneaking,hi,label,checkbox,"[TAG=label] [ROLE=checkbox] बेंगलुरु ऑर्डर पर रु. 1,199 पैकेजिंग शुल्क",sneaking:hi:20,synthetic_v1,0,0,0,0,0,1,0,0
"Pepperfry को प्रिमियम सदस्यता थपियो — रु. 1,499/महिना",sneaking,sneaking,ne,label,checkbox,"[TAG=label] [ROLE=checkbox] Pepperfry को प्रिमियम सदस्यता थपियो — रु. 1,499/महिना",sneaking:ne:17,synthetic_v1,0,0,0,0,0,1,0,0
लखनऊ डिलीवरी पर अतिरिक्त रु. 299,sneaking,sneaking,hi,label,checkbox,[TAG=label] [ROLE=checkbox] लखनऊ डिलीवरी पर अतिरिक्त रु. 299,sneaking:hi:18,synthetic_v1,0,0,0,0,0,1,0,0
"तपाईंको JioMart गोल्ड ट्रायल रु. 1,199 मा नवीकरण हुनेछ",sneaking,sneaking,ne,label,checkbox,"[TAG=label] [ROLE=checkbox] तपाईंको JioMart गोल्ड ट्रायल रु. 1,199 मा नवीकरण हुनेछ",sneaking:ne:21,synthetic_v1,0,0,0,0,0,1,0,0
प्राथमिकता डिलीवरी पहले से चुनी गई (+रु. 399),sneaking,sneaking,hi,label,checkbox,[TAG=label] [ROLE=checkbox] प्राथमिकता डिलीवरी पहले से चुनी गई (+रु. 399),sneaking:hi:09,synthetic_v1,0,0,0,0,0,1,0,0
"Pepperfry सेवा शुल्क रु. 2,499 तपाईंको इलेक्ट्रिक केतली अर्डरमा थपियो",sneaking,sneaking,ne,p,fine_print,"[TAG=p] [ROLE=fine_print] Pepperfry सेवा शुल्क रु. 2,499 तपाईंको इलेक्ट्रिक केतली अर्डरमा थपियो",sneaking:ne:16,synthetic_v1,0,0,0,0,0,1,0,0
Your free trial converts to Pro at Rs. 599/month,sneaking,sneaking,en,span,line_item,[TAG=span] [ROLE=line_item] Your free trial converts to Pro at Rs. 599/month,sneaking:en:04,synthetic_v1,0,0,0,0,0,1,0,0
JioMart की प्रो सदस्यता जोड़ी गई — रु. 349/महीना,sneaking,sneaking,hi,span,line_item,[TAG=span] [ROLE=line_item] JioMart की प्रो सदस्यता जोड़ी गई — रु. 349/महीना,sneaking:hi:17,synthetic_v1,0,0,0,0,0,1,0,0
Snapdeal ऑर्डर में रु. 499 का दान जोड़ा गया,sneaking,sneaking,hi,p,fine_print,[TAG=p] [ROLE=fine_print] Snapdeal ऑर्डर में रु. 499 का दान जोड़ा गया,sneaking:hi:22,synthetic_v1,0,0,0,0,0,1,0,0
जारी रखने पर हर महीने रु. 899 शुल्क लगेगा,sneaking,sneaking,hi,span,line_item,[TAG=span] [ROLE=line_item] जारी रखने पर हर महीने रु. 899 शुल्क लगेगा,sneaking:hi:01,synthetic_v1,0,0,0,0,0,1,0,0
Your free trial converts to Gold at Rs. 199/month,sneaking,sneaking,en,label,checkbox,[TAG=label] [ROLE=checkbox] Your free trial converts to Gold at Rs. 199/month,sneaking:en:04,synthetic_v1,0,0,0,0,0,1,0,0
Packaging fee Rs. 249 will be shown at payment,sneaking,sneaking,en,span,line_item,[TAG=span] [ROLE=line_item] Packaging fee Rs. 249 will be shown at payment,sneaking:en:15,synthetic_v1,0,0,0,0,0,1,0,0
Croma अर्डरमा रु. 149 दान थपियो,sneaking,sneaking,ne,label,checkbox,[TAG=label] [ROLE=checkbox] Croma अर्डरमा रु. 149 दान थपियो,sneaking:ne:22,synthetic_v1,0,0,0,0,0,1,0,0
Your free trial converts to Pro at Rs. 499/month,sneaking,sneaking,en,label,checkbox,[TAG=label] [ROLE=checkbox] Your free trial converts to Pro at Rs. 499/month,sneaking:en:04,synthetic_v1,0,0,0,0,0,1,0,0
"प्राथमिकता डिलीवरी पहले से चुनी गई (+रु. 2,499)",sneaking,sneaking,hi,label,checkbox,"[TAG=label] [ROLE=checkbox] प्राथमिकता डिलीवरी पहले से चुनी गई (+रु. 2,499)",sneaking:hi:09,synthetic_v1,0,0,0,0,0,1,0,0
बाँके का लागि प्राथमिकता डेलिभरी छनोट (+रु. 49),sneaking,sneaking,ne,label,checkbox,[TAG=label] [ROLE=checkbox] बाँके का लागि प्राथमिकता डेलिभरी छनोट (+रु. 49),sneaking:ne:23,synthetic_v1,0,0,0,0,0,1,0,0
Ajio ऑर्डर में रु. 249 का दान जोड़ा गया,sneaking,sneaking,hi,span,line_item,[TAG=span] [ROLE=line_item] Ajio ऑर्डर में रु. 249 का दान जोड़ा गया,sneaking:hi:22,synthetic_v1,0,0,0,0,0,1,0,0
"formal shirt insurance from Ajio pre-selected (Rs. 1,499)",sneaking,sneaking,en,label,checkbox,"[TAG=label] [ROLE=checkbox] formal shirt insurance from Ajio pre-selected (Rs. 1,499)",sneaking:en:19,synthetic_v1,0,0,0,0,0,1,0,0
तपाईंको फेस वास अर्डरमा प्राइम सदस्यता थपियो,sneaking,sneaking,ne,label,checkbox,[TAG=label] [ROLE=checkbox] तपाईंको फेस वास अर्डरमा प्राइम सदस्यता थपियो,sneaking:ne:14,synthetic_v1,0,0,0,0,0,1,0,0
Pepperfry सेवा शुल्क रु. 899 तपाईंको एयर फ्रायर अर्डरमा थपियो,sneaking,sneaking,ne,p,fine_print,[TAG=p] [ROLE=fine_print] Pepperfry सेवा शुल्क रु. 899 तपाईंको एयर फ्रायर अर्डरमा थपियो,sneaking:ne:16,synthetic_v1,0,0,0,0,0,1,0,0
तपाईंको नोइज क्यान्सलिङ हेडफोन अर्डरमा प्लस सदस्यता थपियो,sneaking,sneaking,ne,p,fine_print,[TAG=p] [ROLE=fine_print] तपाईंको नोइज क्यान्सलिङ हेडफोन अर्डरमा प्लस सदस्यता थपियो,sneaking:ne:14,synthetic_v1,0,0,0,0,0,1,0,0
Donation of Rs. 249 added to your Flipkart order,sneaking,sneaking,en,label,checkbox,[TAG=label] [ROLE=checkbox] Donation of Rs. 249 added to your Flipkart order,sneaking:en:22,synthetic_v1,0,0,0,0,0,1,0,0
"फ्री ट्रायल के बाद प्रीमियम रु. 1,499/महीना हो जाएगा",sneaking,sneaking,hi,label,checkbox,"[TAG=label] [ROLE=checkbox] फ्री ट्रायल के बाद प्रीमियम रु. 1,499/महीना हो जाएगा",sneaking:hi:04,synthetic_v1,0,0,0,0,0,1,0,0
चितवन अर्डरमा रु. 249 प्याकेजिङ शुल्क,sneaking,sneaking,ne,p,fine_print,[TAG=p] [ROLE=fine_print] चितवन अर्डरमा रु. 249 प्याकेजिङ शुल्क,sneaking:ne:20,synthetic_v1,0,0,0,0,0,1,0,0
"Croma सेवा शुल्क रु. 2,499 तपाईंको हेयर ड्रायर अर्डरमा थपियो",sneaking,sneaking,ne,span,line_item,"[TAG=span] [ROLE=line_item] Croma सेवा शुल्क रु. 2,499 तपाईंको हेयर ड्रायर अर्डरमा थपियो",sneaking:ne:16,synthetic_v1,0,0,0,0,0,1,0,0
HamroBazar की प्लस सदस्यता जोड़ी गई — रु. 799/महीना,sneaking,sneaking,hi,label,checkbox,[TAG=label] [ROLE=checkbox] HamroBazar की प्लस सदस्यता जोड़ी गई — रु. 799/महीना,sneaking:hi:17,synthetic_v1,0,0,0,0,0,1,0,0
Daraz सेवा शुल्क रु. 699 तपाईंको हिउँदको ब्ल्याङ्केट अर्डरमा थपियो,sneaking,sneaking,ne,span,line_item,[TAG=span] [ROLE=line_item] Daraz सेवा शुल्क रु. 699 तपाईंको हिउँदको ब्ल्याङ्केट अर्डरमा थपियो,sneaking:ne:16,synthetic_v1,0,0,0,0,0,1,0,0
Meesho की प्राइम सदस्यता जोड़ी गई — रु. 299/महीना,sneaking,sneaking,hi,label,checkbox,[TAG=label] [ROLE=checkbox] Meesho की प्राइम सदस्यता जोड़ी गई — रु. 299/महीना,sneaking:hi:17,synthetic_v1,0,0,0,0,0,1,0,0
"आपका Flipkart प्राइम ट्रायल रु. 2,999 पर रिन्यू होगा",sneaking,sneaking,hi,label,checkbox,"[TAG=label] [ROLE=checkbox] आपका Flipkart प्राइम ट्रायल रु. 2,999 पर रिन्यू होगा",sneaking:hi:21,synthetic_v1,0,0,0,0,0,1,0,0
Pro membership added to your water bottle order,sneaking,sneaking,en,p,fine_print,[TAG=p] [ROLE=fine_print] Pro membership added to your water bottle order,sneaking:en:14,synthetic_v1,0,0,0,0,0,1,0,0
Snapdeal बाट हेयर ड्रायर बीमा पहिले नै छनोट (रु. 249),sneaking,sneaking,ne,p,fine_print,[TAG=p] [ROLE=fine_print] Snapdeal बाट हेयर ड्रायर बीमा पहिले नै छनोट (रु. 249),sneaking:ne:19,synthetic_v1,0,0,0,0,0,1,0,0
फ्री ट्रायल के बाद प्रो रु. 99/महीना हो जाएगा,sneaking,sneaking,hi,span,line_item,[TAG=span] [ROLE=line_item] फ्री ट्रायल के बाद प्रो रु. 99/महीना हो जाएगा,sneaking:hi:04,synthetic_v1,0,0,0,0,0,1,0,0
Priority delivery to Pokhara selected (+Rs. 149),sneaking,sneaking,en,span,line_item,[TAG=span] [ROLE=line_item] Priority delivery to Pokhara selected (+Rs. 149),sneaking:en:23,synthetic_v1,0,0,0,0,0,1,0,0
Thulo ऑर्डर में रु. 249 का दान जोड़ा गया,sneaking,sneaking,hi,p,fine_print,[TAG=p] [ROLE=fine_print] Thulo ऑर्डर में रु. 249 का दान जोड़ा गया,sneaking:hi:22,synthetic_v1,0,0,0,0,0,1,0,0
OkDam service fee of Rs. 799 added to your yoga mat order,sneaking,sneaking,en,p,fine_print,[TAG=p] [ROLE=fine_print] OkDam service fee of Rs. 799 added to your yoga mat order,sneaking:en:16,synthetic_v1,0,0,0,0,0,1,0,0
Insurance for denim jeans selected for you,sneaking,sneaking,en,p,fine_print,[TAG=p] [ROLE=fine_print] Insurance for denim jeans selected for you,sneaking:en:07,synthetic_v1,0,0,0,0,0,1,0,0
Priority delivery pre-selected (+Rs. 249),sneaking,sneaking,en,label,checkbox,[TAG=label] [ROLE=checkbox] Priority delivery pre-selected (+Rs. 249),sneaking:en:09,synthetic_v1,0,0,0,0,0,1,0,0
"Muncha सेवा शुल्क रु. 1,999 तपाईंको गेमिङ माउस अर्डरमा थपियो",sneaking,sneaking,ne,span,line_item,"[TAG=span] [ROLE=line_item] Muncha सेवा शुल्क रु. 1,999 तपाईंको गेमिङ माउस अर्डरमा थपियो",sneaking:ne:16,synthetic_v1,0,0,0,0,0,1,0,0
Plus membership added to your face wash order,sneaking,sneaking,en,p,fine_print,[TAG=p] [ROLE=fine_print] Plus membership added to your face wash order,sneaking:en:14,synthetic_v1,0,0,0,0,0,1,0,0
Insurance for backpack selected for you,sneaking,sneaking,en,p,fine_print,[TAG=p] [ROLE=fine_print] Insurance for backpack selected for you,sneaking:en:07,synthetic_v1,0,0,0,0,0,1,0,0
दिल्ली डिलीवरी पर रु. 899 हैंडलिंग शुल्क,sneaking,sneaking,hi,label,checkbox,[TAG=label] [ROLE=checkbox] दिल्ली डिलीवरी पर रु. 899 हैंडलिंग शुल्क,sneaking:hi:13,synthetic_v1,0,0,0,0,0,1,0,0
पैकेजिंग शुल्क रु. 399 भुगतान पर दिखेगा,sneaking,sneaking,hi,label,checkbox,[TAG=label] [ROLE=checkbox] पैकेजिंग शुल्क रु. 399 भुगतान पर दिखेगा,sneaking:hi:15,synthetic_v1,0,0,0,0,0,1,0,0
Muncha सेवा शुल्क रु. 499 तपाईंको ट्रेकिङ ज्याकेट अर्डरमा थपियो,sneaking,sneaking,ne,label,checkbox,[TAG=label] [ROLE=checkbox] Muncha सेवा शुल्क रु. 499 तपाईंको ट्रेकिङ ज्याकेट अर्डरमा थपियो,sneaking:ne:16,synthetic_v1,0,0,0,0,0,1,0,0
Tata Cliq सेवा शुल्क रु. 699 तपाईंको कटन कुर्ता अर्डरमा थपियो,sneaking,sneaking,ne,p,fine_print,[TAG=p] [ROLE=fine_print] Tata Cliq सेवा शुल्क रु. 699 तपाईंको कटन कुर्ता अर्डरमा थपियो,sneaking:ne:16,synthetic_v1,0,0,0,0,0,1,0,0
तपाईंको HamroBazar प्राइम ट्रायल रु. 699 मा नवीकरण हुनेछ,sneaking,sneaking,ne,label,checkbox,[TAG=label] [ROLE=checkbox] तपाईंको HamroBazar प्राइम ट्रायल रु. 699 मा नवीकरण हुनेछ,sneaking:ne:21,synthetic_v1,0,0,0,0,0,1,0,0
Tata Cliq ऑर्डर में रु. 599 का दान जोड़ा गया,sneaking,sneaking,hi,label,checkbox,[TAG=label] [ROLE=checkbox] Tata Cliq ऑर्डर में रु. 599 का दान जोड़ा गया,sneaking:hi:22,synthetic_v1,0,0,0,0,0,1,0,0
आपका Blinkit प्राइम ट्रायल रु. 399 पर रिन्यू होगा,sneaking,sneaking,hi,p,fine_print,[TAG=p] [ROLE=fine_print] आपका Blinkit प्राइम ट्रायल रु. 399 पर रिन्यू होगा,sneaking:hi:21,synthetic_v1,0,0,0,0,0,1,0,0
पोखरा अर्डरमा रु. 599 प्याकेजिङ शुल्क,sneaking,sneaking,ne,p,fine_print,[TAG=p] [ROLE=fine_print] पोखरा अर्डरमा रु. 599 प्याकेजिङ शुल्क,sneaking:ne:20,synthetic_v1,0,0,0,0,0,1,0,0
कानपुर डिलीवरी पर रु. 699 हैंडलिंग शुल्क,sneaking,sneaking,hi,p,fine_print,[TAG=p] [ROLE=fine_print] कानपुर डिलीवरी पर रु. 699 हैंडलिंग शुल्क,sneaking:hi:13,synthetic_v1,0,0,0,0,0,1,0,0
तपाईंको Blinkit गोल्ड ट्रायल रु. 149 मा नवीकरण हुनेछ,sneaking,sneaking,ne,label,checkbox,[TAG=label] [ROLE=checkbox] तपाईंको Blinkit गोल्ड ट्रायल रु. 149 मा नवीकरण हुनेछ,sneaking:ne:21,synthetic_v1,0,0,0,0,0,1,0,0
आपका Ajio प्रीमियम ट्रायल रु. 499 पर रिन्यू होगा,sneaking,sneaking,hi,label,checkbox,[TAG=label] [ROLE=checkbox] आपका Ajio प्रीमियम ट्रायल रु. 499 पर रिन्यू होगा,sneaking:hi:21,synthetic_v1,0,0,0,0,0,1,0,0
Includes a 10-month Prime subscription,sneaking,sneaking,en,span,line_item,[TAG=span] [ROLE=line_item] Includes a 10-month Prime subscription,sneaking:en:10,synthetic_v1,0,0,0,0,0,1,0,0
"मुंबई डिलीवरी पर अतिरिक्त रु. 2,999",sneaking,sneaking,hi,p,fine_print,"[TAG=p] [ROLE=fine_print] मुंबई डिलीवरी पर अतिरिक्त रु. 2,999",sneaking:hi:18,synthetic_v1,0,0,0,0,0,1,0,0
12 महिनाको प्रो सदस्यता समावेश,sneaking,sneaking,ne,span,line_item,[TAG=span] [ROLE=line_item] 12 महिनाको प्रो सदस्यता समावेश,sneaking:ne:10,synthetic_v1,0,0,0,0,0,1,0,0
Your Zepto Pro trial renews at Rs. 49,sneaking,sneaking,en,p,fine_print,[TAG=p] [ROLE=fine_print] Your Zepto Pro trial renews at Rs. 49,sneaking:en:21,synthetic_v1,0,0,0,0,0,1,0,0
फ्री ट्रायल के बाद प्लस रु. 149/महीना हो जाएगा,sneaking,sneaking,hi,span,line_item,[TAG=span] [ROLE=line_item] फ्री ट्रायल के बाद प्लस रु. 149/महीना हो जाएगा,sneaking:hi:04,synthetic_v1,0,0,0,0,0,1,0,0
प्राथमिकता डेलिभरी पहिले नै छनोट (+रु. 499),sneaking,sneaking,ne,span,line_item,[TAG=span] [ROLE=line_item] प्राथमिकता डेलिभरी पहिले नै छनोट (+रु. 499),sneaking:ne:09,synthetic_v1,0,0,0,0,0,1,0,0
"Tata Cliq को गोल्ड सदस्यता थपियो — रु. 1,499/महिना",sneaking,sneaking,ne,span,line_item,"[TAG=span] [ROLE=line_item] Tata Cliq को गोल्ड सदस्यता थपियो — रु. 1,499/महिना",sneaking:ne:17,synthetic_v1,0,0,0,0,0,1,0,0
Premium membership added to your water bottle order,sneaking,sneaking,en,span,line_item,[TAG=span] [ROLE=line_item] Premium membership added to your water bottle order,sneaking:en:14,synthetic_v1,0,0,0,0,0,1,0,0
फ्री ट्रायल के बाद प्रीमियम रु. 599/महीना हो जाएगा,sneaking,sneaking,hi,p,fine_print,[TAG=p] [ROLE=fine_print] फ्री ट्रायल के बाद प्रीमियम रु. 599/महीना हो जाएगा,sneaking:hi:04,synthetic_v1,0,0,0,0,0,1,0,0
निःशुल्क ट्रायलपछि प्राइम रु. 999/महिना हुनेछ,sneaking,sneaking,ne,label,checkbox,[TAG=label] [ROLE=checkbox] निःशुल्क ट्रायलपछि प्राइम रु. 999/महिना हुनेछ,sneaking:ne:04,synthetic_v1,0,0,0,0,0,1,0,0
Your OkDam Plus trial renews at Rs. 299,sneaking,sneaking,en,p,fine_print,[TAG=p] [ROLE=fine_print] Your OkDam Plus trial renews at Rs. 299,sneaking:en:21,synthetic_v1,0,0,0,0,0,1,0,0
Priority delivery to Nepalgunj selected (+Rs. 49),sneaking,sneaking,en,span,line_item,[TAG=span] [ROLE=line_item] Priority delivery to Nepalgunj selected (+Rs. 49),sneaking:en:23,synthetic_v1,0,0,0,0,0,1,0,0
"प्राथमिकता डिलीवरी पहले से चुनी गई (+रु. 1,999)",sneaking,sneaking,hi,span,line_item,"[TAG=span] [ROLE=line_item] प्राथमिकता डिलीवरी पहले से चुनी गई (+रु. 1,999)",sneaking:hi:09,synthetic_v1,0,0,0,0,0,1,0,0
तपाईंको कफी मेकर अर्डरमा गोल्ड सदस्यता थपियो,sneaking,sneaking,ne,label,checkbox,[TAG=label] [ROLE=checkbox] तपाईंको कफी मेकर अर्डरमा गोल्ड सदस्यता थपियो,sneaking:ne:14,synthetic_v1,0,0,0,0,0,1,0,0
Croma बाट पानीको बोतल बीमा पहिले नै छनोट (रु. 899),sneaking,sneaking,ne,p,fine_print,[TAG=p] [ROLE=fine_print] Croma बाट पानीको बोतल बीमा पहिले नै छनोट (रु. 899),sneaking:ne:19,synthetic_v1,0,0,0,0,0,1,0,0
आपके बैकपैक ऑर्डर में प्राइम सदस्यता जोड़ी गई,sneaking,sneaking,hi,label,checkbox,[TAG=label] [ROLE=checkbox] आपके बैकपैक ऑर्डर में प्राइम सदस्यता जोड़ी गई,sneaking:hi:14,synthetic_v1,0,0,0,0,0,1,0,0
आपके फेस वॉश ऑर्डर में गोल्ड सदस्यता जोड़ी गई,sneaking,sneaking,hi,p,fine_print,[TAG=p] [ROLE=fine_print] आपके फेस वॉश ऑर्डर में गोल्ड सदस्यता जोड़ी गई,sneaking:hi:14,synthetic_v1,0,0,0,0,0,1,0,0
आपका Nykaa प्रीमियम ट्रायल रु. 99 पर रिन्यू होगा,sneaking,sneaking,hi,span,line_item,[TAG=span] [ROLE=line_item] आपका Nykaa प्रीमियम ट्रायल रु. 99 पर रिन्यू होगा,sneaking:hi:21,synthetic_v1,0,0,0,0,0,1,0,0
"Donation of Rs. 1,199 added to your Kinbech order",sneaking,sneaking,en,span,line_item,"[TAG=span] [ROLE=line_item] Donation of Rs. 1,199 added to your Kinbech order",sneaking:en:22,synthetic_v1,0,0,0,0,0,1,0,0
Your Blinkit Prime trial renews at Rs. 99,sneaking,sneaking,en,span,line_item,[TAG=span] [ROLE=line_item] Your Blinkit Prime trial renews at Rs. 99,sneaking:en:21,synthetic_v1,0,0,0,0,0,1,0,0
Salesberry ऑर्डर में रु. 249 का दान जोड़ा गया,sneaking,sneaking,hi,p,fine_print,[TAG=p] [ROLE=fine_print] Salesberry ऑर्डर में रु. 249 का दान जोड़ा गया,sneaking:hi:22,synthetic_v1,0,0,0,0,0,1,0,0
निःशुल्क ट्रायलपछि प्रिमियम रु. 999/महिना हुनेछ,sneaking,sneaking,ne,span,line_item,[TAG=span] [ROLE=line_item] निःशुल्क ट्रायलपछि प्रिमियम रु. 999/महिना हुनेछ,sneaking:ne:04,synthetic_v1,0,0,0,0,0,1,0,0
Delivery to Delhi costs an extra Rs. 999,sneaking,sneaking,en,p,fine_print,[TAG=p] [ROLE=fine_print] Delivery to Delhi costs an extra Rs. 999,sneaking:en:18,synthetic_v1,0,0,0,0,0,1,0,0
Delivery to Kolkata costs an extra Rs. 799,sneaking,sneaking,en,p,fine_print,[TAG=p] [ROLE=fine_print] Delivery to Kolkata costs an extra Rs. 799,sneaking:en:18,synthetic_v1,0,0,0,0,0,1,0,0
तपाईंको Thulo गोल्ड ट्रायल रु. 199 मा नवीकरण हुनेछ,sneaking,sneaking,ne,span,line_item,[TAG=span] [ROLE=line_item] तपाईंको Thulo गोल्ड ट्रायल रु. 199 मा नवीकरण हुनेछ,sneaking:ne:21,synthetic_v1,0,0,0,0,0,1,0,0
"Meesho अर्डरमा रु. 1,199 दान थपियो",sneaking,sneaking,ne,p,fine_print,"[TAG=p] [ROLE=fine_print] Meesho अर्डरमा रु. 1,199 दान थपियो",sneaking:ne:22,synthetic_v1,0,0,0,0,0,1,0,0
"Your free trial converts to Pro at Rs. 1,499/month",sneaking,sneaking,en,label,checkbox,"[TAG=label] [ROLE=checkbox] Your free trial converts to Pro at Rs. 1,499/month",sneaking:en:04,synthetic_v1,0,0,0,0,0,1,0,0
तपाईंको अर्डरमा रु. 449 दान थपियो,sneaking,sneaking,ne,label,checkbox,[TAG=label] [ROLE=checkbox] तपाईंको अर्डरमा रु. 449 दान थपियो,sneaking:ne:06,synthetic_v1,0,0,0,0,0,1,0,0
तपाईंको नोइज क्यान्सलिङ हेडफोन अर्डरमा प्राइम सदस्यता थपियो,sneaking,sneaking,ne,p,fine_print,[TAG=p] [ROLE=fine_print] तपाईंको नोइज क्यान्सलिङ हेडफोन अर्डरमा प्राइम सदस्यता थपियो,sneaking:ne:14,synthetic_v1,0,0,0,0,0,1,0,0
अहमदाबाद डिलीवरी पर रु. 499 हैंडलिंग शुल्क,sneaking,sneaking,hi,span,line_item,[TAG=span] [ROLE=line_item] अहमदाबाद डिलीवरी पर रु. 499 हैंडलिंग शुल्क,sneaking:hi:13,synthetic_v1,0,0,0,0,0,1,0,0
आपके डेनिम जींस ऑर्डर में प्रो सदस्यता जोड़ी गई,sneaking,sneaking,hi,p,fine_print,[TAG=p] [ROLE=fine_print] आपके डेनिम जींस ऑर्डर में प्रो सदस्यता जोड़ी गई,sneaking:hi:14,synthetic_v1,0,0,0,0,0,1,0,0
Nykaa बाट स्मार्टवाच बीमा पहिले नै छनोट (रु. 449),sneaking,sneaking,ne,label,checkbox,[TAG=label] [ROLE=checkbox] Nykaa बाट स्मार्टवाच बीमा पहिले नै छनोट (रु. 449),sneaking:ne:19,synthetic_v1,0,0,0,0,0,1,0,0
"मुंबई के लिए प्राथमिकता डिलीवरी चुनी गई (+रु. 1,499)",sneaking,sneaking,hi,label,checkbox,"[TAG=label] [ROLE=checkbox] मुंबई के लिए प्राथमिकता डिलीवरी चुनी गई (+रु. 1,499)",sneaking:hi:23,synthetic_v1,0,0,0,0,0,1,0,0
Donation of Rs. 399 added to your Flipkart order,sneaking,sneaking,en,p,fine_print,[TAG=p] [ROLE=fine_print] Donation of Rs. 399 added to your Flipkart order,sneaking:en:22,synthetic_v1,0,0,0,0,0,1,0,0
धनगढी अर्डरमा रु. 499 प्याकेजिङ शुल्क,sneaking,sneaking,ne,span,line_item,[TAG=span] [ROLE=line_item] धनगढी अर्डरमा रु. 499 प्याकेजिङ शुल्क,sneaking:ne:20,synthetic_v1,0,0,0,0,0,1,0,0
तपाईंको स्पोर्ट्स चप्पल अर्डरमा प्रो सदस्यता थपियो,sneaking,sneaking,ne,label,checkbox,[TAG=label] [ROLE=checkbox] तपाईंको स्पोर्ट्स चप्पल अर्डरमा प्रो सदस्यता थपियो,sneaking:ne:14,synthetic_v1,0,0,0,0,0,1,0,0
Insurance for formal shirt selected for you,sneaking,sneaking,en,span,line_item,[TAG=span] [ROLE=line_item] Insurance for formal shirt selected for you,sneaking:en:07,synthetic_v1,0,0,0,0,0,1,0,0
तपाईंको Snapdeal प्रो ट्रायल रु. 249 मा नवीकरण हुनेछ,sneaking,sneaking,ne,label,checkbox,[TAG=label] [ROLE=checkbox] तपाईंको Snapdeal प्रो ट्रायल रु. 249 मा नवीकरण हुनेछ,sneaking:ne:21,synthetic_v1,0,0,0,0,0,1,0,0
"Prime membership from Flipkart added — Rs. 2,499/month",sneaking,sneaking,en,label,checkbox,"[TAG=label] [ROLE=checkbox] Prime membership from Flipkart added — Rs. 2,499/month",sneaking:en:17,synthetic_v1,0,0,0,0,0,1,0,0
अहमदाबाद ऑर्डर पर रु. 799 पैकेजिंग शुल्क,sneaking,sneaking,hi,span,line_item,[TAG=span] [ROLE=line_item] अहमदाबाद ऑर्डर पर रु. 799 पैकेजिंग शुल्क,sneaking:hi:20,synthetic_v1,0,0,0,0,0,1,0,0
Includes a 9-month Prime subscription,sneaking,sneaking,en,p,fine_print,[TAG=p] [ROLE=fine_print] Includes a 9-month Prime subscription,sneaking:en:10,synthetic_v1,0,0,0,0,0,1,0,0
Muncha बाट गेमिङ माउस बीमा पहिले नै छनोट (रु. 399),sneaking,sneaking,ne,label,checkbox,[TAG=label] [ROLE=checkbox] Muncha बाट गेमिङ माउस बीमा पहिले नै छनोट (रु. 399),sneaking:ne:19,synthetic_v1,0,0,0,0,0,1,0,0
आपका Amazon गोल्ड ट्रायल रु. 599 पर रिन्यू होगा,sneaking,sneaking,hi,span,line_item,[TAG=span] [ROLE=line_item] आपका Amazon गोल्ड ट्रायल रु. 599 पर रिन्यू होगा,sneaking:hi:21,synthetic_v1,0,0,0,0,0,1,0,0
"Thulo बाट इलेक्ट्रिक केतली बीमा पहिले नै छनोट (रु. 1,199)",sneaking,sneaking,ne,span,line_item,"[TAG=span] [ROLE=line_item] Thulo बाट इलेक्ट्रिक केतली बीमा पहिले नै छनोट (रु. 1,199)",sneaking:ne:19,synthetic_v1,0,0,0,0,0,1,0,0
Your Amazon Plus trial renews at Rs. 599,sneaking,sneaking,en,p,fine_print,[TAG=p] [ROLE=fine_print] Your Amazon Plus trial renews at Rs. 599,sneaking:en:21,synthetic_v1,0,0,0,0,0,1,0,0
"पुणे के लिए प्राथमिकता डिलीवरी चुनी गई (+रु. 2,999)",sneaking,sneaking,hi,span,line_item,"[TAG=span] [ROLE=line_item] पुणे के लिए प्राथमिकता डिलीवरी चुनी गई (+रु. 2,999)",sneaking:hi:23,synthetic_v1,0,0,0,0,0,1,0,0
"अहमदाबाद ऑर्डर पर रु. 1,199 पैकेजिंग शुल्क",sneaking,sneaking,hi,p,fine_print,"[TAG=p] [ROLE=fine_print] अहमदाबाद ऑर्डर पर रु. 1,199 पैकेजिंग शुल्क",sneaking:hi:20,synthetic_v1,0,0,0,0,0,1,0,0
"Croma service fee of Rs. 1,499 added to your power bank order",sneaking,sneaking,en,p,fine_print,"[TAG=p] [ROLE=fine_print] Croma service fee of Rs. 1,499 added to your power bank order",sneaking:en:16,synthetic_v1,0,0,0,0,0,1,0,0
1 महिनाको गोल्ड सदस्यता समावेश,sneaking,sneaking,ne,p,fine_print,[TAG=p] [ROLE=fine_print] 1 महिनाको गोल्ड सदस्यता समावेश,sneaking:ne:10,synthetic_v1,0,0,0,0,0,1,0,0
Flipkart सेवा शुल्क रु. 199 आपके सर्दी का कंबल ऑर्डर में जोड़ा गया,sneaking,sneaking,hi,label,checkbox,[TAG=label] [ROLE=checkbox] Flipkart सेवा शुल्क रु. 199 आपके सर्दी का कंबल ऑर्डर में जोड़ा गया,sneaking:hi:16,synthetic_v1,0,0,0,0,0,1,0,0
"फ्री ट्रायल के बाद प्रो रु. 1,199/महीना हो जाएगा",sneaking,sneaking,hi,p,fine_print,"[TAG=p] [ROLE=fine_print] फ्री ट्रायल के बाद प्रो रु. 1,199/महीना हो जाएगा",sneaking:hi:04,synthetic_v1,0,0,0,0,0,1,0,0
निःशुल्क ट्रायलपछि गोल्ड रु. 899/महिना हुनेछ,sneaking,sneaking,ne,label,checkbox,[TAG=label] [ROLE=checkbox] निःशुल्क ट्रायलपछि गोल्ड रु. 899/महिना हुनेछ,sneaking:ne:04,synthetic_v1,0,0,0,0,0,1,0,0
"Nykaa service fee of Rs. 1,999 added to your office chair order",sneaking,sneaking,en,label,checkbox,"[TAG=label] [ROLE=checkbox] Nykaa service fee of Rs. 1,999 added to your office chair order",sneaking:en:16,synthetic_v1,0,0,0,0,0,1,0,0
"phone case insurance from Meesho pre-selected (Rs. 1,999)",sneaking,sneaking,en,label,checkbox,"[TAG=label] [ROLE=checkbox] phone case insurance from Meesho pre-selected (Rs. 1,999)",sneaking:en:19,synthetic_v1,0,0,0,0,0,1,0,0
राइस कुकर को बीमा तपाईंका लागि छनोट गरियो,sneaking,sneaking,ne,p,fine_print,[TAG=p] [ROLE=fine_print] राइस कुकर को बीमा तपाईंका लागि छनोट गरियो,sneaking:ne:07,synthetic_v1,0,0,0,0,0,1,0,0
हेटौंडा अर्डरमा रु. 799 प्याकेजिङ शुल्क,sneaking,sneaking,ne,label,checkbox,[TAG=label] [ROLE=checkbox] हेटौंडा अर्डरमा रु. 799 प्याकेजिङ शुल्क,sneaking:ne:20,synthetic_v1,0,0,0,0,0,1,0,0
Your Salesberry Gold trial renews at Rs. 799,sneaking,sneaking,en,span,line_item,[TAG=span] [ROLE=line_item] Your Salesberry Gold trial renews at Rs. 799,sneaking:en:21,synthetic_v1,0,0,0,0,0,1,0,0
"Priority delivery pre-selected (+Rs. 1,999)",sneaking,sneaking,en,p,fine_print,"[TAG=p] [ROLE=fine_print] Priority delivery pre-selected (+Rs. 1,999)",sneaking:en:09,synthetic_v1,0,0,0,0,0,1,0,0
रांची डिलीवरी पर रु. 249 हैंडलिंग शुल्क,sneaking,sneaking,hi,p,fine_print,[TAG=p] [ROLE=fine_print] रांची डिलीवरी पर रु. 249 हैंडलिंग शुल्क,sneaking:hi:13,synthetic_v1,0,0,0,0,0,1,0,0
Muncha सेवा शुल्क रु. 449 तपाईंको इन्डक्सन चुल्हो अर्डरमा थपियो,sneaking,sneaking,ne,span,line_item,[TAG=span] [ROLE=line_item] Muncha सेवा शुल्क रु. 449 तपाईंको इन्डक्सन चुल्हो अर्डरमा थपियो,sneaking:ne:16,synthetic_v1,0,0,0,0,0,1,0,0
तपाईंको Flipkart प्रिमियम ट्रायल रु. 149 मा नवीकरण हुनेछ,sneaking,sneaking,ne,p,fine_print,[TAG=p] [ROLE=fine_print] तपाईंको Flipkart प्रिमियम ट्रायल रु. 149 मा नवीकरण हुनेछ,sneaking:ne:21,synthetic_v1,0,0,0,0,0,1,0,0
"वीरगन्ज डेलिभरीमा रु. 1,199 ह्यान्डलिङ शुल्क",sneaking,sneaking,ne,label,checkbox,"[TAG=label] [ROLE=checkbox] वीरगन्ज डेलिभरीमा रु. 1,199 ह्यान्डलिङ शुल्क",sneaking:ne:13,synthetic_v1,0,0,0,0,0,1,0,0
Includes a 7-month Plus subscription,sneaking,sneaking,en,span,line_item,[TAG=span] [ROLE=line_item] Includes a 7-month Plus subscription,sneaking:en:10,synthetic_v1,0,0,0,0,0,1,0,0
फ्री ट्रायल के बाद प्रो रु. 799/महीना हो जाएगा,sneaking,sneaking,hi,span,line_item,[TAG=span] [ROLE=line_item] फ्री ट्रायल के बाद प्रो रु. 799/महीना हो जाएगा,sneaking:hi:04,synthetic_v1,0,0,0,0,0,1,0,0
OkDam की गोल्ड सदस्यता जोड़ी गई — रु. 149/महीना,sneaking,sneaking,hi,p,fine_print,[TAG=p] [ROLE=fine_print] OkDam की गोल्ड सदस्यता जोड़ी गई — रु. 149/महीना,sneaking:hi:17,synthetic_v1,0,0,0,0,0,1,0,0
Delivery to Indore costs an extra Rs. 299,sneaking,sneaking,en,p,fine_print,[TAG=p] [ROLE=fine_print] Delivery to Indore costs an extra Rs. 299,sneaking:en:18,synthetic_v1,0,0,0,0,0,1,0,0
Your free trial converts to Gold at Rs. 499/month,sneaking,sneaking,en,label,checkbox,[TAG=label] [ROLE=checkbox] Your free trial converts to Gold at Rs. 499/month,sneaking:en:04,synthetic_v1,0,0,0,0,0,1,0,0
9 महिनाको प्लस सदस्यता समावेश,sneaking,sneaking,ne,label,checkbox,[TAG=label] [ROLE=checkbox] 9 महिनाको प्लस सदस्यता समावेश,sneaking:ne:10,synthetic_v1,0,0,0,0,0,1,0,0
SastoDeal बाट स्टडी लाइट बीमा पहिले नै छनोट (रु. 249),sneaking,sneaking,ne,span,line_item,[TAG=span] [ROLE=line_item] SastoDeal बाट स्टडी लाइट बीमा पहिले नै छनोट (रु. 249),sneaking:ne:19,synthetic_v1,0,0,0,0,0,1,0,0
Includes a 5-month Premium subscription,sneaking,sneaking,en,p,fine_print,[TAG=p] [ROLE=fine_print] Includes a 5-month Premium subscription,sneaking:en:10,synthetic_v1,0,0,0,0,0,1,0,0
"तनहुँ डेलिभरीमा रु. 1,999 ह्यान्डलिङ शुल्क",sneaking,sneaking,ne,p,fine_print,"[TAG=p] [ROLE=fine_print] तनहुँ डेलिभरीमा रु. 1,999 ह्यान्डलिङ शुल्क",sneaking:ne:13,synthetic_v1,0,0,0,0,0,1,0,0
दमक अर्डरमा रु. 49 प्याकेजिङ शुल्क,sneaking,sneaking,ne,p,fine_print,[TAG=p] [ROLE=fine_print] दमक अर्डरमा रु. 49 प्याकेजिङ शुल्क,sneaking:ne:20,synthetic_v1,0,0,0,0,0,1,0,0
Premium membership added to your winter blanket order,sneaking,sneaking,en,label,checkbox,[TAG=label] [ROLE=checkbox] Premium membership added to your winter blanket order,sneaking:en:14,synthetic_v1,0,0,0,0,0,1,0,0
"बागलुङ डेलिभरीमा रु. 2,999 ह्यान्डलिङ शुल्क",sneaking,sneaking,ne,span,line_item,"[TAG=span] [ROLE=line_item] बागलुङ डेलिभरीमा रु. 2,999 ह्यान्डलिङ शुल्क",sneaking:ne:13,synthetic_v1,0,0,0,0,0,1,0,0
Rs. 349 packaging charge applies for Kathmandu orders,sneaking,sneaking,en,label,checkbox,[TAG=label] [ROLE=checkbox] Rs. 349 packaging charge applies for Kathmandu orders,sneaking:en:20,synthetic_v1,0,0,0,0,0,1,0,0
Handling charge of Rs. 199 for Nepalgunj deliveries,sneaking,sneaking,en,span,line_item,[TAG=span] [ROLE=line_item] Handling charge of Rs. 199 for Nepalgunj deliveries,sneaking:en:13,synthetic_v1,0,0,0,0,0,1,0,0
आपके ब्लूटूथ स्पीकर ऑर्डर में प्राइम सदस्यता जोड़ी गई,sneaking,sneaking,hi,p,fine_print,[TAG=p] [ROLE=fine_print] आपके ब्लूटूथ स्पीकर ऑर्डर में प्राइम सदस्यता जोड़ी गई,sneaking:hi:14,synthetic_v1,0,0,0,0,0,1,0,0
तपाईंको Croma प्लस ट्रायल रु. 399 मा नवीकरण हुनेछ,sneaking,sneaking,ne,span,line_item,[TAG=span] [ROLE=line_item] तपाईंको Croma प्लस ट्रायल रु. 399 मा नवीकरण हुनेछ,sneaking:ne:21,synthetic_v1,0,0,0,0,0,1,0,0
"Amazon अर्डरमा रु. 1,999 दान थपियो",sneaking,sneaking,ne,label,checkbox,"[TAG=label] [ROLE=checkbox] Amazon अर्डरमा रु. 1,999 दान थपियो",sneaking:ne:22,synthetic_v1,0,0,0,0,0,1,0,0
"बेंगलुरु डिलीवरी पर अतिरिक्त रु. 1,499",sneaking,sneaking,hi,p,fine_print,"[TAG=p] [ROLE=fine_print] बेंगलुरु डिलीवरी पर अतिरिक्त रु. 1,499",sneaking:hi:18,synthetic_v1,0,0,0,0,0,1,0,0
Rs. 449 packaging charge applies for Mumbai orders,sneaking,sneaking,en,p,fine_print,[TAG=p] [ROLE=fine_print] Rs. 449 packaging charge applies for Mumbai orders,sneaking:en:20,synthetic_v1,0,0,0,0,0,1,0,0
नागपुर ऑर्डर पर रु. 249 पैकेजिंग शुल्क,sneaking,sneaking,hi,p,fine_print,[TAG=p] [ROLE=fine_print] नागपुर ऑर्डर पर रु. 249 पैकेजिंग शुल्क,sneaking:hi:20,synthetic_v1,0,0,0,0,0,1,0,0
Your Pepperfry Gold trial renews at Rs. 599,sneaking,sneaking,en,label,checkbox,[TAG=label] [ROLE=checkbox] Your Pepperfry Gold trial renews at Rs. 599,sneaking:en:21,synthetic_v1,0,0,0,0,0,1,0,0
"Your free trial converts to Premium at Rs. 1,499/month",sneaking,sneaking,en,span,line_item,"[TAG=span] [ROLE=line_item] Your free trial converts to Premium at Rs. 1,499/month",sneaking:en:04,synthetic_v1,0,0,0,0,0,1,0,0
"आपका Croma प्रीमियम ट्रायल रु. 2,999 पर रिन्यू होगा",sneaking,sneaking,hi,p,fine_print,"[TAG=p] [ROLE=fine_print] आपका Croma प्रीमियम ट्रायल रु. 2,999 पर रिन्यू होगा",sneaking:hi:21,synthetic_v1,0,0,0,0,0,1,0,0
बुटवल डेलिभरीमा थप रु. 49,sneaking,sneaking,ne,p,fine_print,[TAG=p] [ROLE=fine_print] बुटवल डेलिभरीमा थप रु. 49,sneaking:ne:18,synthetic_v1,0,0,0,0,0,1,0,0
Shipping fee of Rs. 799 added at checkout,sneaking,sneaking,en,label,checkbox,[TAG=label] [ROLE=checkbox] Shipping fee of Rs. 799 added at checkout,sneaking:en:00,synthetic_v1,0,0,0,0,0,1,0,0
फ्री ट्रायल के बाद प्रीमियम रु. 499/महीना हो जाएगा,sneaking,sneaking,hi,label,checkbox,[TAG=label] [ROLE=checkbox] फ्री ट्रायल के बाद प्रीमियम रु. 499/महीना हो जाएगा,sneaking:hi:04,synthetic_v1,0,0,0,0,0,1,0,0
Premium membership from Lenskart added — Rs. 399/month,sneaking,sneaking,en,p,fine_print,[TAG=p] [ROLE=fine_print] Premium membership from Lenskart added — Rs. 399/month,sneaking:en:17,synthetic_v1,0,0,0,0,0,1,0,0
निःशुल्क ट्रायलपछि प्लस रु. 199/महिना हुनेछ,sneaking,sneaking,ne,p,fine_print,[TAG=p] [ROLE=fine_print] निःशुल्क ट्रायलपछि प्लस रु. 199/महिना हुनेछ,sneaking:ne:04,synthetic_v1,0,0,0,0,0,1,0,0
पटना ऑर्डर पर रु. 199 पैकेजिंग शुल्क,sneaking,sneaking,hi,label,checkbox,[TAG=label] [ROLE=checkbox] पटना ऑर्डर पर रु. 199 पैकेजिंग शुल्क,sneaking:hi:20,synthetic_v1,0,0,0,0,0,1,0,0
नासिक के लिए प्राथमिकता डिलीवरी चुनी गई (+रु. 49),sneaking,sneaking,hi,span,line_item,[TAG=span] [ROLE=line_item] नासिक के लिए प्राथमिकता डिलीवरी चुनी गई (+रु. 49),sneaking:hi:23,synthetic_v1,0,0,0,0,0,1,0,0
तपाईंको स्टडी लाइट अर्डरमा प्राइम सदस्यता थपियो,sneaking,sneaking,ne,p,fine_print,[TAG=p] [ROLE=fine_print] तपाईंको स्टडी लाइट अर्डरमा प्राइम सदस्यता थपियो,sneaking:ne:14,synthetic_v1,0,0,0,0,0,1,0,0
Thulo सेवा शुल्क रु. 49 आपके फॉर्मल शर्ट ऑर्डर में जोड़ा गया,sneaking,sneaking,hi,label,checkbox,[TAG=label] [ROLE=checkbox] Thulo सेवा शुल्क रु. 49 आपके फॉर्मल शर्ट ऑर्डर में जोड़ा गया,sneaking:hi:16,synthetic_v1,0,0,0,0,0,1,0,0
"Delivery to Indore costs an extra Rs. 1,999",sneaking,sneaking,en,span,line_item,"[TAG=span] [ROLE=line_item] Delivery to Indore costs an extra Rs. 1,999",sneaking:en:18,synthetic_v1,0,0,0,0,0,1,0,0
Includes a 8-month Premium subscription,sneaking,sneaking,en,p,fine_print,[TAG=p] [ROLE=fine_print] Includes a 8-month Premium subscription,sneaking:en:10,synthetic_v1,0,0,0,0,0,1,0,0
FirstCry ऑर्डर में रु. 249 का दान जोड़ा गया,sneaking,sneaking,hi,label,checkbox,[TAG=label] [ROLE=checkbox] FirstCry ऑर्डर में रु. 249 का दान जोड़ा गया,sneaking:hi:22,synthetic_v1,0,0,0,0,0,1,0,0
1 महीने की प्रीमियम सदस्यता शामिल,sneaking,sneaking,hi,label,checkbox,[TAG=label] [ROLE=checkbox] 1 महीने की प्रीमियम सदस्यता शामिल,sneaking:hi:10,synthetic_v1,0,0,0,0,0,1,0,0
Your Ajio Premium trial renews at Rs. 149,sneaking,sneaking,en,span,line_item,[TAG=span] [ROLE=line_item] Your Ajio Premium trial renews at Rs. 149,sneaking:en:21,synthetic_v1,0,0,0,0,0,1,0,0
FirstCry बाट इलेक्ट्रिक केतली बीमा पहिले नै छनोट (रु. 249),sneaking,sneaking,ne,span,line_item,[TAG=span] [ROLE=line_item] FirstCry बाट इलेक्ट्रिक केतली बीमा पहिले नै छनोट (रु. 249),sneaking:ne:19,synthetic_v1,0,0,0,0,0,1,0,0
Prime membership from HamroBazar added — Rs. 449/month,sneaking,sneaking,en,label,checkbox,[TAG=label] [ROLE=checkbox] Prime membership from HamroBazar added — Rs. 449/month,sneaking:en:17,synthetic_v1,0,0,0,0,0,1,0,0
"Your Snapdeal Premium trial renews at Rs. 1,499",sneaking,sneaking,en,p,fine_print,"[TAG=p] [ROLE=fine_print] Your Snapdeal Premium trial renews at Rs. 1,499",sneaking:en:21,synthetic_v1,0,0,0,0,0,1,0,0
Handling charge of Rs. 999 for Bengaluru deliveries,sneaking,sneaking,en,label,checkbox,[TAG=label] [ROLE=checkbox] Handling charge of Rs. 999 for Bengaluru deliveries,sneaking:en:13,synthetic_v1,0,0,0,0,0,1,0,0
"फ्री ट्रायल के बाद गोल्ड रु. 1,199/महीना हो जाएगा",sneaking,sneaking,hi,span,line_item,"[TAG=span] [ROLE=line_item] फ्री ट्रायल के बाद गोल्ड रु. 1,199/महीना हो जाएगा",sneaking:hi:04,synthetic_v1,0,0,0,0,0,1,0,0
तपाईंको Tata Cliq गोल्ड ट्रायल रु. 599 मा नवीकरण हुनेछ,sneaking,sneaking,ne,p,fine_print,[TAG=p] [ROLE=fine_print] तपाईंको Tata Cliq गोल्ड ट्रायल रु. 599 मा नवीकरण हुनेछ,sneaking:ne:21,synthetic_v1,0,0,0,0,0,1,0,0
2 महिनाको प्लस सदस्यता समावेश,sneaking,sneaking,ne,p,fine_print,[TAG=p] [ROLE=fine_print] 2 महिनाको प्लस सदस्यता समावेश,sneaking:ne:10,synthetic_v1,0,0,0,0,0,1,0,0
Prime membership from Muncha added — Rs. 299/month,sneaking,sneaking,en,span,line_item,[TAG=span] [ROLE=line_item] Prime membership from Muncha added — Rs. 299/month,sneaking:en:17,synthetic_v1,0,0,0,0,0,1,0,0
Blinkit की प्रीमियम सदस्यता जोड़ी गई — रु. 449/महीना,sneaking,sneaking,hi,label,checkbox,[TAG=label] [ROLE=checkbox] Blinkit की प्रीमियम सदस्यता जोड़ी गई — रु. 449/महीना,sneaking:hi:17,synthetic_v1,0,0,0,0,0,1,0,0
आपके प्रोटीन पाउडर ऑर्डर में प्रो सदस्यता जोड़ी गई,sneaking,sneaking,hi,label,checkbox,[TAG=label] [ROLE=checkbox] आपके प्रोटीन पाउडर ऑर्डर में प्रो सदस्यता जोड़ी गई,sneaking:hi:14,synthetic_v1,0,0,0,0,0,1,0,0
Priority delivery to Lalitpur selected (+Rs. 799),sneaking,sneaking,en,p,fine_print,[TAG=p] [ROLE=fine_print] Priority delivery to Lalitpur selected (+Rs. 799),sneaking:en:23,synthetic_v1,0,0,0,0,0,1,0,0
"पटना डिलीवरी पर अतिरिक्त रु. 1,499",sneaking,sneaking,hi,p,fine_print,"[TAG=p] [ROLE=fine_print] पटना डिलीवरी पर अतिरिक्त रु. 1,499",sneaking:hi:18,synthetic_v1,0,0,0,0,0,1,0,0
लखनऊ के लिए प्राथमिकता डिलीवरी चुनी गई (+रु. 699),sneaking,sneaking,hi,label,checkbox,[TAG=label] [ROLE=checkbox] लखनऊ के लिए प्राथमिकता डिलीवरी चुनी गई (+रु. 699),sneaking:hi:23,synthetic_v1,0,0,0,0,0,1,0,0
Includes a 10-month Gold subscription,sneaking,sneaking,en,label,checkbox,[TAG=label] [ROLE=checkbox] Includes a 10-month Gold subscription,sneaking:en:10,synthetic_v1,0,0,0,0,0,1,0,0
आपका Zepto प्रीमियम ट्रायल रु. 349 पर रिन्यू होगा,sneaking,sneaking,hi,p,fine_print,[TAG=p] [ROLE=fine_print] आपका Zepto प्रीमियम ट्रायल रु. 349 पर रिन्यू होगा,sneaking:hi:21,synthetic_v1,0,0,0,0,0,1,0,0
"JioMart ऑर्डर में रु. 1,499 का दान जोड़ा गया",sneaking,sneaking,hi,label,checkbox,"[TAG=label] [ROLE=checkbox] JioMart ऑर्डर में रु. 1,499 का दान जोड़ा गया",sneaking:hi:22,synthetic_v1,0,0,0,0,0,1,0,0
Plus membership added to your coffee maker order,sneaking,sneaking,en,label,checkbox,[TAG=label] [ROLE=checkbox] Plus membership added to your coffee maker order,sneaking:en:14,synthetic_v1,0,0,0,0,0,1,0,0
प्राथमिकता डिलीवरी पहले से चुनी गई (+रु. 799),sneaking,sneaking,hi,span,line_item,[TAG=span] [ROLE=line_item] प्राथमिकता डिलीवरी पहले से चुनी गई (+रु. 799),sneaking:hi:09,synthetic_v1,0,0,0,0,0,1,0,0
"By continuing you agree to a recurring Rs. 2,499 monthly charge",sneaking,sneaking,en,span,line_item,"[TAG=span] [ROLE=line_item] By continuing you agree to a recurring Rs. 2,499 monthly charge",sneaking:en:01,synthetic_v1,0,0,0,0,0,1,0,0
Priority delivery to Delhi selected (+Rs. 349),sneaking,sneaking,en,p,fine_print,[TAG=p] [ROLE=fine_print] Priority delivery to Delhi selected (+Rs. 349),sneaking:en:23,synthetic_v1,0,0,0,0,0,1,0,0
BigBasket service fee of Rs. 449 added to your formal shirt order,sneaking,sneaking,en,label,checkbox,[TAG=label] [ROLE=checkbox] BigBasket service fee of Rs. 449 added to your formal shirt order,sneaking:en:16,synthetic_v1,0,0,0,0,0,1,0,0
रु. 899 सेवा शुल्क लागू,sneaking,sneaking,hi,label,checkbox,[TAG=label] [ROLE=checkbox] रु. 899 सेवा शुल्क लागू,sneaking:hi:03,synthetic_v1,0,0,0,0,0,1,0,0
SastoDeal सेवा शुल्क रु. 699 आपके हेयर ड्रायर ऑर्डर में जोड़ा गया,sneaking,sneaking,hi,span,line_item,[TAG=span] [ROLE=line_item] SastoDeal सेवा शुल्क रु. 699 आपके हेयर ड्रायर ऑर्डर में जोड़ा गया,sneaking:hi:16,synthetic_v1,0,0,0,0,0,1,0,0
"तपाईंको FirstCry प्राइम ट्रायल रु. 1,499 मा नवीकरण हुनेछ",sneaking,sneaking,ne,label,checkbox,"[TAG=label] [ROLE=checkbox] तपाईंको FirstCry प्राइम ट्रायल रु. 1,499 मा नवीकरण हुनेछ",sneaking:ne:21,synthetic_v1,0,0,0,0,0,1,0,0
पोखरा डेलिभरीमा थप रु. 49,sneaking,sneaking,ne,span,line_item,[TAG=span] [ROLE=line_item] पोखरा डेलिभरीमा थप रु. 49,sneaking:ne:18,synthetic_v1,0,0,0,0,0,1,0,0
Your free trial converts to Gold at Rs. 349/month,sneaking,sneaking,en,span,line_item,[TAG=span] [ROLE=line_item] Your free trial converts to Gold at Rs. 349/month,sneaking:en:04,synthetic_v1,0,0,0,0,0,1,0,0
तपाईंको स्कुल ब्याग अर्डरमा प्रिमियम सदस्यता थपियो,sneaking,sneaking,ne,p,fine_print,[TAG=p] [ROLE=fine_print] तपाईंको स्कुल ब्याग अर्डरमा प्रिमियम सदस्यता थपियो,sneaking:ne:14,synthetic_v1,0,0,0,0,0,1,0,0
"Nykaa को प्राइम सदस्यता थपियो — रु. 1,199/महिना",sneaking,sneaking,ne,label,checkbox,"[TAG=label] [ROLE=checkbox] Nykaa को प्राइम सदस्यता थपियो — रु. 1,199/महिना",sneaking:ne:17,synthetic_v1,0,0,0,0,0,1,0,0
"दिल्ली डिलीवरी पर अतिरिक्त रु. 2,499",sneaking,sneaking,hi,span,line_item,"[TAG=span] [ROLE=line_item] दिल्ली डिलीवरी पर अतिरिक्त रु. 2,499",sneaking:hi:18,synthetic_v1,0,0,0,0,0,1,0,0
Your Myntra Pro trial renews at Rs. 49,sneaking,sneaking,en,label,checkbox,[TAG=label] [ROLE=checkbox] Your Myntra Pro trial renews at Rs. 49,sneaking:en:21,synthetic_v1,0,0,0,0,0,1,0,0
Lenskart service fee of Rs. 599 added to your office chair order,sneaking,sneaking,en,p,fine_print,[TAG=p] [ROLE=fine_print] Lenskart service fee of Rs. 599 added to your office chair order,sneaking:en:16,synthetic_v1,0,0,0,0,0,1,0,0
पैकेजिंग शुल्क रु. 299 भुगतान पर दिखेगा,sneaking,sneaking,hi,p,fine_print,[TAG=p] [ROLE=fine_print] पैकेजिंग शुल्क रु. 299 भुगतान पर दिखेगा,sneaking:hi:15,synthetic_v1,0,0,0,0,0,1,0,0
वाराणसी ऑर्डर पर रु. 149 पैकेजिंग शुल्क,sneaking,sneaking,hi,label,checkbox,[TAG=label] [ROLE=checkbox] वाराणसी ऑर्डर पर रु. 149 पैकेजिंग शुल्क,sneaking:hi:20,synthetic_v1,0,0,0,0,0,1,0,0
तपाईंको Tata Cliq प्रिमियम ट्रायल रु. 899 मा नवीकरण हुनेछ,sneaking,sneaking,ne,span,line_item,[TAG=span] [ROLE=line_item] तपाईंको Tata Cliq प्रिमियम ट्रायल रु. 899 मा नवीकरण हुनेछ,sneaking:ne:21,synthetic_v1,0,0,0,0,0,1,0,0
काठमाडौँ डेलिभरीमा रु. 999 ह्यान्डलिङ शुल्क,sneaking,sneaking,ne,p,fine_print,[TAG=p] [ROLE=fine_print] काठमाडौँ डेलिभरीमा रु. 999 ह्यान्डलिङ शुल्क,sneaking:ne:13,synthetic_v1,0,0,0,0,0,1,0,0
Your Blinkit Plus trial renews at Rs. 499,sneaking,sneaking,en,label,checkbox,[TAG=label] [ROLE=checkbox] Your Blinkit Plus trial renews at Rs. 499,sneaking:en:21,synthetic_v1,0,0,0,0,0,1,0,0
Your free trial converts to Premium at Rs. 199/month,sneaking,sneaking,en,span,line_item,[TAG=span] [ROLE=line_item] Your free trial converts to Premium at Rs. 199/month,sneaking:en:04,synthetic_v1,0,0,0,0,0,1,0,0
Priority delivery to Lucknow selected (+Rs. 399),sneaking,sneaking,en,p,fine_print,[TAG=p] [ROLE=fine_print] Priority delivery to Lucknow selected (+Rs. 399),sneaking:en:23,synthetic_v1,0,0,0,0,0,1,0,0
Amazon service fee of Rs. 349 added to your hair dryer order,sneaking,sneaking,en,p,fine_print,[TAG=p] [ROLE=fine_print] Amazon service fee of Rs. 349 added to your hair dryer order,sneaking:en:16,synthetic_v1,0,0,0,0,0,1,0,0
"Snapdeal से फोन कवर बीमा पहले से चुना गया (रु. 1,999)",sneaking,sneaking,hi,p,fine_print,"[TAG=p] [ROLE=fine_print] Snapdeal से फोन कवर बीमा पहले से चुना गया (रु. 1,999)",sneaking:hi:19,synthetic_v1,0,0,0,0,0,1,0,0
"हैदराबाद डिलीवरी पर अतिरिक्त रु. 2,999",sneaking,sneaking,hi,span,line_item,"[TAG=span] [ROLE=line_item] हैदराबाद डिलीवरी पर अतिरिक्त रु. 2,999",sneaking:hi:18,synthetic_v1,0,0,0,0,0,1,0,0
पटना के लिए प्राथमिकता डिलीवरी चुनी गई (+रु. 799),sneaking,sneaking,hi,span,line_item,[TAG=span] [ROLE=line_item] पटना के लिए प्राथमिकता डिलीवरी चुनी गई (+रु. 799),sneaking:hi:23,synthetic_v1,0,0,0,0,0,1,0,0
Handling charge of Rs. 199 for Kathmandu deliveries,sneaking,sneaking,en,span,line_item,[TAG=span] [ROLE=line_item] Handling charge of Rs. 199 for Kathmandu deliveries,sneaking:en:13,synthetic_v1,0,0,0,0,0,1,0,0
Gyapu ऑर्डर में रु. 149 का दान जोड़ा गया,sneaking,sneaking,hi,label,checkbox,[TAG=label] [ROLE=checkbox] Gyapu ऑर्डर में रु. 149 का दान जोड़ा गया,sneaking:hi:22,synthetic_v1,0,0,0,0,0,1,0,0
धरान डेलिभरीमा थप रु. 149,sneaking,sneaking,ne,span,line_item,[TAG=span] [ROLE=line_item] धरान डेलिभरीमा थप रु. 149,sneaking:ne:18,synthetic_v1,0,0,0,0,0,1,0,0
By continuing you agree to a recurring Rs. 899 monthly charge,sneaking,sneaking,en,label,checkbox,[TAG=label] [ROLE=checkbox] By continuing you agree to a recurring Rs. 899 monthly charge,sneaking:en:01,synthetic_v1,0,0,0,0,0,1,0,0
"पैकेजिंग शुल्क रु. 1,199 भुगतान पर दिखेगा",sneaking,sneaking,hi,span,line_item,"[TAG=span] [ROLE=line_item] पैकेजिंग शुल्क रु. 1,199 भुगतान पर दिखेगा",sneaking:hi:15,synthetic_v1,0,0,0,0,0,1,0,0
3 महीने की प्लस सदस्यता शामिल,sneaking,sneaking,hi,label,checkbox,[TAG=label] [ROLE=checkbox] 3 महीने की प्लस सदस्यता शामिल,sneaking:hi:10,synthetic_v1,0,0,0,0,0,1,0,0
दमक अर्डरमा रु. 249 प्याकेजिङ शुल्क,sneaking,sneaking,ne,p,fine_print,[TAG=p] [ROLE=fine_print] दमक अर्डरमा रु. 249 प्याकेजिङ शुल्क,sneaking:ne:20,synthetic_v1,0,0,0,0,0,1,0,0
By continuing you agree to a recurring Rs. 499 monthly charge,sneaking,sneaking,en,p,fine_print,[TAG=p] [ROLE=fine_print] By continuing you agree to a recurring Rs. 499 monthly charge,sneaking:en:01,synthetic_v1,0,0,0,0,0,1,0,0
Daraz सेवा शुल्क रु. 49 आपके स्टडी लैंप ऑर्डर में जोड़ा गया,sneaking,sneaking,hi,label,checkbox,[TAG=label] [ROLE=checkbox] Daraz सेवा शुल्क रु. 49 आपके स्टडी लैंप ऑर्डर में जोड़ा गया,sneaking:hi:16,synthetic_v1,0,0,0,0,0,1,0,0
Packaging fee Rs. 299 will be shown at payment,sneaking,sneaking,en,p,fine_print,[TAG=p] [ROLE=fine_print] Packaging fee Rs. 299 will be shown at payment,sneaking:en:15,synthetic_v1,0,0,0,0,0,1,0,0
Meesho की गोल्ड सदस्यता जोड़ी गई — रु. 449/महीना,sneaking,sneaking,hi,p,fine_print,[TAG=p] [ROLE=fine_print] Meesho की गोल्ड सदस्यता जोड़ी गई — रु. 449/महीना,sneaking:hi:17,synthetic_v1,0,0,0,0,0,1,0,0
Snapdeal ऑर्डर में रु. 149 का दान जोड़ा गया,sneaking,sneaking,hi,span,line_item,[TAG=span] [ROLE=line_item] Snapdeal ऑर्डर में रु. 149 का दान जोड़ा गया,sneaking:hi:22,synthetic_v1,0,0,0,0,0,1,0,0
"Zepto service fee of Rs. 1,499 added to your air fryer order",sneaking,sneaking,en,label,checkbox,"[TAG=label] [ROLE=checkbox] Zepto service fee of Rs. 1,499 added to your air fryer order",sneaking:en:16,synthetic_v1,0,0,0,0,0,1,0,0
Myntra की गोल्ड सदस्यता जोड़ी गई — रु. 399/महीना,sneaking,sneaking,hi,label,checkbox,[TAG=label] [ROLE=checkbox] Myntra की गोल्ड सदस्यता जोड़ी गई — रु. 399/महीना,sneaking:hi:17,synthetic_v1,0,0,0,0,0,1,0,0
निःशुल्क ट्रायलपछि प्राइम रु. 599/महिना हुनेछ,sneaking,sneaking,ne,label,checkbox,[TAG=label] [ROLE=checkbox] निःशुल्क ट्रायलपछि प्राइम रु. 599/महिना हुनेछ,sneaking:ne:04,synthetic_v1,0,0,0,0,0,1,0,0
Donation of Rs. 349 added to your Nykaa order,sneaking,sneaking,en,span,line_item,[TAG=span] [ROLE=line_item] Donation of Rs. 349 added to your Nykaa order,sneaking:en:22,synthetic_v1,0,0,0,0,0,1,0,0
"Lenskart से फॉर्मल शर्ट बीमा पहले से चुना गया (रु. 2,499)",sneaking,sneaking,hi,label,checkbox,"[TAG=label] [ROLE=checkbox] Lenskart से फॉर्मल शर्ट बीमा पहले से चुना गया (रु. 2,499)",sneaking:hi:19,synthetic_v1,0,0,0,0,0,1,0,0
Daraz सेवा शुल्क रु. 199 तपाईंको रनिङ जुत्ता अर्डरमा थपियो,sneaking,sneaking,ne,span,line_item,[TAG=span] [ROLE=line_item] Daraz सेवा शुल्क रु. 199 तपाईंको रनिङ जुत्ता अर्डरमा थपियो,sneaking:ne:16,synthetic_v1,0,0,0,0,0,1,0,0
"तपाईंको Amazon प्रिमियम ट्रायल रु. 2,999 मा नवीकरण हुनेछ",sneaking,sneaking,ne,span,line_item,"[TAG=span] [ROLE=line_item] तपाईंको Amazon प्रिमियम ट्रायल रु. 2,999 मा नवीकरण हुनेछ",sneaking:ne:21,synthetic_v1,0,0,0,0,0,1,0,0
"आगरा के लिए प्राथमिकता डिलीवरी चुनी गई (+रु. 1,499)",sneaking,sneaking,hi,span,line_item,"[TAG=span] [ROLE=line_item] आगरा के लिए प्राथमिकता डिलीवरी चुनी गई (+रु. 1,499)",sneaking:hi:23,synthetic_v1,0,0,0,0,0,1,0,0
cotton kurta insurance from Tata Cliq pre-selected (Rs. 349),sneaking,sneaking,en,p,fine_print,[TAG=p] [ROLE=fine_print] cotton kurta insurance from Tata Cliq pre-selected (Rs. 349),sneaking:en:19,synthetic_v1,0,0,0,0,0,1,0,0
हैदराबाद के लिए प्राथमिकता डिलीवरी चुनी गई (+रु. 449),sneaking,sneaking,hi,span,line_item,[TAG=span] [ROLE=line_item] हैदराबाद के लिए प्राथमिकता डिलीवरी चुनी गई (+रु. 449),sneaking:hi:23,synthetic_v1,0,0,0,0,0,1,0,0
Service fee of Rs. 599 applied,sneaking,sneaking,en,span,line_item,[TAG=span] [ROLE=line_item] Service fee of Rs. 599 applied,sneaking:en:03,synthetic_v1,0,0,0,0,0,1,0,0
2 महिनाको प्राइम सदस्यता समावेश,sneaking,sneaking,ne,span,line_item,[TAG=span] [ROLE=line_item] 2 महिनाको प्राइम सदस्यता समावेश,sneaking:ne:10,synthetic_v1,0,0,0,0,0,1,0,0
"Plus membership from Lenskart added — Rs. 1,499/month",sneaking,sneaking,en,label,checkbox,"[TAG=label] [ROLE=checkbox] Plus membership from Lenskart added — Rs. 1,499/month",sneaking:en:17,synthetic_v1,0,0,0,0,0,1,0,0
"Handling charge of Rs. 2,499 for Lalitpur deliveries",sneaking,sneaking,en,label,checkbox,"[TAG=label] [ROLE=checkbox] Handling charge of Rs. 2,499 for Lalitpur deliveries",sneaking:en:13,synthetic_v1,0,0,0,0,0,1,0,0
"कानपुर डिलीवरी पर रु. 1,199 हैंडलिंग शुल्क",sneaking,sneaking,hi,p,fine_print,"[TAG=p] [ROLE=fine_print] कानपुर डिलीवरी पर रु. 1,199 हैंडलिंग शुल्क",sneaking:hi:13,synthetic_v1,0,0,0,0,0,1,0,0
भक्तपुर डेलिभरीमा थप रु. 449,sneaking,sneaking,ne,p,fine_print,[TAG=p] [ROLE=fine_print] भक्तपुर डेलिभरीमा थप रु. 449,sneaking:ne:18,synthetic_v1,0,0,0,0,0,1,0,0
Kinbech की प्राइम सदस्यता जोड़ी गई — रु. 899/महीना,sneaking,sneaking,hi,p,fine_print,[TAG=p] [ROLE=fine_print] Kinbech की प्राइम सदस्यता जोड़ी गई — रु. 899/महीना,sneaking:hi:17,synthetic_v1,0,0,0,0,0,1,0,0
Handling charge of Rs. 449 for Lalitpur deliveries,sneaking,sneaking,en,span,line_item,[TAG=span] [ROLE=line_item] Handling charge of Rs. 449 for Lalitpur deliveries,sneaking:en:13,synthetic_v1,0,0,0,0,0,1,0,0
Your Croma Gold trial renews at Rs. 199,sneaking,sneaking,en,label,checkbox,[TAG=label] [ROLE=checkbox] Your Croma Gold trial renews at Rs. 199,sneaking:en:21,synthetic_v1,0,0,0,0,0,1,0,0
आपके ब्लूटूथ स्पीकर ऑर्डर में प्लस सदस्यता जोड़ी गई,sneaking,sneaking,hi,span,line_item,[TAG=span] [ROLE=line_item] आपके ब्लूटूथ स्पीकर ऑर्डर में प्लस सदस्यता जोड़ी गई,sneaking:hi:14,synthetic_v1,0,0,0,0,0,1,0,0
आपका Reliance Digital गोल्ड ट्रायल रु. 799 पर रिन्यू होगा,sneaking,sneaking,hi,p,fine_print,[TAG=p] [ROLE=fine_print] आपका Reliance Digital गोल्ड ट्रायल रु. 799 पर रिन्यू होगा,sneaking:hi:21,synthetic_v1,0,0,0,0,0,1,0,0
Lenskart से स्कूल बैग बीमा पहले से चुना गया (रु. 799),sneaking,sneaking,hi,span,line_item,[TAG=span] [ROLE=line_item] Lenskart से स्कूल बैग बीमा पहले से चुना गया (रु. 799),sneaking:hi:19,synthetic_v1,0,0,0,0,0,1,0,0
Kinbech सेवा शुल्क रु. 699 तपाईंको ब्याकप्याक अर्डरमा थपियो,sneaking,sneaking,ne,span,line_item,[TAG=span] [ROLE=line_item] Kinbech सेवा शुल्क रु. 699 तपाईंको ब्याकप्याक अर्डरमा थपियो,sneaking:ne:16,synthetic_v1,0,0,0,0,0,1,0,0
sunglasses insurance from Nykaa pre-selected (Rs. 799),sneaking,sneaking,en,span,line_item,[TAG=span] [ROLE=line_item] sunglasses insurance from Nykaa pre-selected (Rs. 799),sneaking:en:19,synthetic_v1,0,0,0,0,0,1,0,0
"Your Kinbech Pro trial renews at Rs. 1,999",sneaking,sneaking,en,label,checkbox,"[TAG=label] [ROLE=checkbox] Your Kinbech Pro trial renews at Rs. 1,999",sneaking:en:21,synthetic_v1,0,0,0,0,0,1,0,0
Prime membership added to your office chair order,sneaking,sneaking,en,p,fine_print,[TAG=p] [ROLE=fine_print] Prime membership added to your office chair order,sneaking:en:14,synthetic_v1,0,0,0,0,0,1,0,0
"सूरत डिलीवरी पर अतिरिक्त रु. 1,199",sneaking,sneaking,hi,p,fine_print,"[TAG=p] [ROLE=fine_print] सूरत डिलीवरी पर अतिरिक्त रु. 1,199",sneaking:hi:18,synthetic_v1,0,0,0,0,0,1,0,0
Premium membership from JioMart added — Rs. 299/month,sneaking,sneaking,en,p,fine_print,[TAG=p] [ROLE=fine_print] Premium membership from JioMart added — Rs. 299/month,sneaking:en:17,synthetic_v1,0,0,0,0,0,1,0,0
"Flipkart सेवा शुल्क रु. 1,499 आपके प्रोटीन पाउडर ऑर्डर में जोड़ा गया",sneaking,sneaking,hi,p,fine_print,"[TAG=p] [ROLE=fine_print] Flipkart सेवा शुल्क रु. 1,499 आपके प्रोटीन पाउडर ऑर्डर में जोड़ा गया",sneaking:hi:16,synthetic_v1,0,0,0,0,0,1,0,0
SastoDeal सेवा शुल्क रु. 699 तपाईंको एयर फ्रायर अर्डरमा थपियो,sneaking,sneaking,ne,p,fine_print,[TAG=p] [ROLE=fine_print] SastoDeal सेवा शुल्क रु. 699 तपाईंको एयर फ्रायर अर्डरमा थपियो,sneaking:ne:16,synthetic_v1,0,0,0,0,0,1,0,0
"Croma से प्रोटीन पाउडर बीमा पहले से चुना गया (रु. 1,999)",sneaking,sneaking,hi,p,fine_print,"[TAG=p] [ROLE=fine_print] Croma से प्रोटीन पाउडर बीमा पहले से चुना गया (रु. 1,999)",sneaking:hi:19,synthetic_v1,0,0,0,0,0,1,0,0
स्कूल बैग का बीमा आपके लिए चुना गया,sneaking,sneaking,hi,p,fine_print,[TAG=p] [ROLE=fine_print] स्कूल बैग का बीमा आपके लिए चुना गया,sneaking:hi:07,synthetic_v1,0,0,0,0,0,1,0,0
"Your free trial converts to Pro at Rs. 1,999/month",sneaking,sneaking,en,span,line_item,"[TAG=span] [ROLE=line_item] Your free trial converts to Pro at Rs. 1,999/month",sneaking:en:04,synthetic_v1,0,0,0,0,0,1,0,0
"फ्री ट्रायल के बाद गोल्ड रु. 2,499/महीना हो जाएगा",sneaking,sneaking,hi,label,checkbox,"[TAG=label] [ROLE=checkbox] फ्री ट्रायल के बाद गोल्ड रु. 2,499/महीना हो जाएगा",sneaking:hi:04,synthetic_v1,0,0,0,0,0,1,0,0
Blinkit को प्रिमियम सदस्यता थपियो — रु. 99/महिना,sneaking,sneaking,ne,span,line_item,[TAG=span] [ROLE=line_item] Blinkit को प्रिमियम सदस्यता थपियो — रु. 99/महिना,sneaking:ne:17,synthetic_v1,0,0,0,0,0,1,0,0
6 महीने की गोल्ड सदस्यता शामिल,sneaking,sneaking,hi,label,checkbox,[TAG=label] [ROLE=checkbox] 6 महीने की गोल्ड सदस्यता शामिल,sneaking:hi:10,synthetic_v1,0,0,0,0,0,1,0,0
आपके स्पोर्ट्स सैंडल ऑर्डर में प्रो सदस्यता जोड़ी गई,sneaking,sneaking,hi,label,checkbox,[TAG=label] [ROLE=checkbox] आपके स्पोर्ट्स सैंडल ऑर्डर में प्रो सदस्यता जोड़ी गई,sneaking:hi:14,synthetic_v1,0,0,0,0,0,1,0,0
Plus membership from Salesberry added — Rs. 449/month,sneaking,sneaking,en,span,line_item,[TAG=span] [ROLE=line_item] Plus membership from Salesberry added — Rs. 449/month,sneaking:en:17,synthetic_v1,0,0,0,0,0,1,0,0
नेपालगन्ज डेलिभरीमा रु. 99 ह्यान्डलिङ शुल्क,sneaking,sneaking,ne,p,fine_print,[TAG=p] [ROLE=fine_print] नेपालगन्ज डेलिभरीमा रु. 99 ह्यान्डलिङ शुल्क,sneaking:ne:13,synthetic_v1,0,0,0,0,0,1,0,0
रु. 149 सेवा शुल्क लागू,sneaking,sneaking,ne,span,line_item,[TAG=span] [ROLE=line_item] रु. 149 सेवा शुल्क लागू,sneaking:ne:03,synthetic_v1,0,0,0,0,0,1,0,0
प्राथमिकता डिलीवरी पहले से चुनी गई (+रु. 499),sneaking,sneaking,hi,label,checkbox,[TAG=label] [ROLE=checkbox] प्राथमिकता डिलीवरी पहले से चुनी गई (+रु. 499),sneaking:hi:09,synthetic_v1,0,0,0,0,0,1,0,0
Donation of Rs. 349 added to your Thulo order,sneaking,sneaking,en,p,fine_print,[TAG=p] [ROLE=fine_print] Donation of Rs. 349 added to your Thulo order,sneaking:en:22,synthetic_v1,0,0,0,0,0,1,0,0
Thulo सेवा शुल्क रु. 249 तपाईंको कफी मेकर अर्डरमा थपियो,sneaking,sneaking,ne,span,line_item,[TAG=span] [ROLE=line_item] Thulo सेवा शुल्क रु. 249 तपाईंको कफी मेकर अर्डरमा थपियो,sneaking:ne:16,synthetic_v1,0,0,0,0,0,1,0,0
फ्री ट्रायल के बाद गोल्ड रु. 399/महीना हो जाएगा,sneaking,sneaking,hi,span,line_item,[TAG=span] [ROLE=line_item] फ्री ट्रायल के बाद गोल्ड रु. 399/महीना हो जाएगा,sneaking:hi:04,synthetic_v1,0,0,0,0,0,1,0,0
तपाईंको डेनिम जिन्स अर्डरमा प्राइम सदस्यता थपियो,sneaking,sneaking,ne,p,fine_print,[TAG=p] [ROLE=fine_print] तपाईंको डेनिम जिन्स अर्डरमा प्राइम सदस्यता थपियो,sneaking:ne:14,synthetic_v1,0,0,0,0,0,1,0,0
Snapdeal अर्डरमा रु. 399 दान थपियो,sneaking,sneaking,ne,span,line_item,[TAG=span] [ROLE=line_item] Snapdeal अर्डरमा रु. 399 दान थपियो,sneaking:ne:22,synthetic_v1,0,0,0,0,0,1,0,0
तपाईंको पानीको बोतल अर्डरमा प्लस सदस्यता थपियो,sneaking,sneaking,ne,label,checkbox,[TAG=label] [ROLE=checkbox] तपाईंको पानीको बोतल अर्डरमा प्लस सदस्यता थपियो,sneaking:ne:14,synthetic_v1,0,0,0,0,0,1,0,0
Nykaa को प्राइम सदस्यता थपियो — रु. 799/महिना,sneaking,sneaking,ne,p,fine_print,[TAG=p] [ROLE=fine_print] Nykaa को प्राइम सदस्यता थपियो — रु. 799/महिना,sneaking:ne:17,synthetic_v1,0,0,0,0,0,1,0,0
"जारी रखने पर हर महीने रु. 1,999 शुल्क लगेगा",sneaking,sneaking,hi,span,line_item,"[TAG=span] [ROLE=line_item] जारी रखने पर हर महीने रु. 1,999 शुल्क लगेगा",sneaking:hi:01,synthetic_v1,0,0,0,0,0,1,0,0
Ajio को प्रिमियम सदस्यता थपियो — रु. 399/महिना,sneaking,sneaking,ne,label,checkbox,[TAG=label] [ROLE=checkbox] Ajio को प्रिमियम सदस्यता थपियो — रु. 399/महिना,sneaking:ne:17,synthetic_v1,0,0,0,0,0,1,0,0
हेटौंडा का लागि प्राथमिकता डेलिभरी छनोट (+रु. 349),sneaking,sneaking,ne,p,fine_print,[TAG=p] [ROLE=fine_print] हेटौंडा का लागि प्राथमिकता डेलिभरी छनोट (+रु. 349),sneaking:ne:23,synthetic_v1,0,0,0,0,0,1,0,0
"रु. 1,199 सेवा शुल्क लागू",sneaking,sneaking,hi,label,checkbox,"[TAG=label] [ROLE=checkbox] रु. 1,199 सेवा शुल्क लागू",sneaking:hi:03,synthetic_v1,0,0,0,0,0,1,0,0
Priority delivery pre-selected (+Rs. 499),sneaking,sneaking,en,span,line_item,[TAG=span] [ROLE=line_item] Priority delivery pre-selected (+Rs. 499),sneaking:en:09,synthetic_v1,0,0,0,0,0,1,0,0
"school bag insurance from OkDam pre-selected (Rs. 1,199)",sneaking,sneaking,en,span,line_item,"[TAG=span] [ROLE=line_item] school bag insurance from OkDam pre-selected (Rs. 1,199)",sneaking:en:19,synthetic_v1,0,0,0,0,0,1,0,0
Includes a 4-month Plus subscription,sneaking,sneaking,en,span,line_item,[TAG=span] [ROLE=line_item] Includes a 4-month Plus subscription,sneaking:en:10,synthetic_v1,0,0,0,0,0,1,0,0
रु. 449 सेवा शुल्क लागू,sneaking,sneaking,hi,span,line_item,[TAG=span] [ROLE=line_item] रु. 449 सेवा शुल्क लागू,sneaking:hi:03,synthetic_v1,0,0,0,0,0,1,0,0
लखनऊ डिलीवरी पर रु. 899 हैंडलिंग शुल्क,sneaking,sneaking,hi,p,fine_print,[TAG=p] [ROLE=fine_print] लखनऊ डिलीवरी पर रु. 899 हैंडलिंग शुल्क,sneaking:hi:13,synthetic_v1,0,0,0,0,0,1,0,0
Includes a 9-month Premium subscription,sneaking,sneaking,en,span,line_item,[TAG=span] [ROLE=line_item] Includes a 9-month Premium subscription,sneaking:en:10,synthetic_v1,0,0,0,0,0,1,0,0
पुणे डिलीवरी पर अतिरिक्त रु. 199,sneaking,sneaking,hi,span,line_item,[TAG=span] [ROLE=line_item] पुणे डिलीवरी पर अतिरिक्त रु. 199,sneaking:hi:18,synthetic_v1,0,0,0,0,0,1,0,0
"Ajio बाट वायरलेस इयरबड्स बीमा पहिले नै छनोट (रु. 2,999)",sneaking,sneaking,ne,span,line_item,"[TAG=span] [ROLE=line_item] Ajio बाट वायरलेस इयरबड्स बीमा पहिले नै छनोट (रु. 2,999)",sneaking:ne:19,synthetic_v1,0,0,0,0,0,1,0,0
Handling charge of Rs. 49 for Patna deliveries,sneaking,sneaking,en,label,checkbox,[TAG=label] [ROLE=checkbox] Handling charge of Rs. 49 for Patna deliveries,sneaking:en:13,synthetic_v1,0,0,0,0,0,1,0,0
पोखरा का लागि प्राथमिकता डेलिभरी छनोट (+रु. 49),sneaking,sneaking,ne,label,checkbox,[TAG=label] [ROLE=checkbox] पोखरा का लागि प्राथमिकता डेलिभरी छनोट (+रु. 49),sneaking:ne:23,synthetic_v1,0,0,0,0,0,1,0,0
"तपाईंको अर्डरमा रु. 2,499 दान थपियो",sneaking,sneaking,ne,span,line_item,"[TAG=span] [ROLE=line_item] तपाईंको अर्डरमा रु. 2,499 दान थपियो",sneaking:ne:06,synthetic_v1,0,0,0,0,0,1,0,0
सुविधा शुल्क रु. 449 समावेश,sneaking,sneaking,ne,label,checkbox,[TAG=label] [ROLE=checkbox] सुविधा शुल्क रु. 449 समावेश,sneaking:ne:05,synthetic_v1,0,0,0,0,0,1,0,0
चेकआउटमा रु. 149 ढुवानी शुल्क थपियो,sneaking,sneaking,ne,label,checkbox,[TAG=label] [ROLE=checkbox] चेकआउटमा रु. 149 ढुवानी शुल्क थपियो,sneaking:ne:00,synthetic_v1,0,0,0,0,0,1,0,0
फ्री ट्रायल के बाद गोल्ड रु. 99/महीना हो जाएगा,sneaking,sneaking,hi,span,line_item,[TAG=span] [ROLE=line_item] फ्री ट्रायल के बाद गोल्ड रु. 99/महीना हो जाएगा,sneaking:hi:04,synthetic_v1,0,0,0,0,0,1,0,0
Donation of Rs. 249 added to your Snapdeal order,sneaking,sneaking,en,p,fine_print,[TAG=p] [ROLE=fine_print] Donation of Rs. 249 added to your Snapdeal order,sneaking:en:22,synthetic_v1,0,0,0,0,0,1,0,0
काठमाडौँ डेलिभरीमा थप रु. 899,sneaking,sneaking,ne,span,line_item,[TAG=span] [ROLE=line_item] काठमाडौँ डेलिभरीमा थप रु. 899,sneaking:ne:18,synthetic_v1,0,0,0,0,0,1,0,0
चेकआउटमा रु. 99 ढुवानी शुल्क थपियो,sneaking,sneaking,ne,span,line_item,[TAG=span] [ROLE=line_item] चेकआउटमा रु. 99 ढुवानी शुल्क थपियो,sneaking:ne:00,synthetic_v1,0,0,0,0,0,1,0,0
4 महीने की प्रीमियम सदस्यता शामिल,sneaking,sneaking,hi,p,fine_print,[TAG=p] [ROLE=fine_print] 4 महीने की प्रीमियम सदस्यता शामिल,sneaking:hi:10,synthetic_v1,0,0,0,0,0,1,0,0
Gyapu से प्रोटीन पाउडर बीमा पहले से चुना गया (रु. 499),sneaking,sneaking,hi,span,line_item,[TAG=span] [ROLE=line_item] Gyapu से प्रोटीन पाउडर बीमा पहले से चुना गया (रु. 499),sneaking:hi:19,synthetic_v1,0,0,0,0,0,1,0,0
Donation of Rs. 899 added to your Snapdeal order,sneaking,sneaking,en,label,checkbox,[TAG=label] [ROLE=checkbox] Donation of Rs. 899 added to your Snapdeal order,sneaking:en:22,synthetic_v1,0,0,0,0,0,1,0,0
सूरत डिलीवरी पर रु. 799 हैंडलिंग शुल्क,sneaking,sneaking,hi,p,fine_print,[TAG=p] [ROLE=fine_print] सूरत डिलीवरी पर रु. 799 हैंडलिंग शुल्क,sneaking:hi:13,synthetic_v1,0,0,0,0,0,1,0,0
5 महिनाको प्रो सदस्यता समावेश,sneaking,sneaking,ne,p,fine_print,[TAG=p] [ROLE=fine_print] 5 महिनाको प्रो सदस्यता समावेश,sneaking:ne:10,synthetic_v1,0,0,0,0,0,1,0,0
Reliance Digital की प्रो सदस्यता जोड़ी गई — रु. 99/महीना,sneaking,sneaking,hi,p,fine_print,[TAG=p] [ROLE=fine_print] Reliance Digital की प्रो सदस्यता जोड़ी गई — रु. 99/महीना,sneaking:hi:17,synthetic_v1,0,0,0,0,0,1,0,0
9 महीने की प्राइम सदस्यता शामिल,sneaking,sneaking,hi,label,checkbox,[TAG=label] [ROLE=checkbox] 9 महीने की प्राइम सदस्यता शामिल,sneaking:hi:10,synthetic_v1,0,0,0,0,0,1,0,0
फ्री ट्रायल के बाद प्रीमियम रु. 449/महीना हो जाएगा,sneaking,sneaking,hi,label,checkbox,[TAG=label] [ROLE=checkbox] फ्री ट्रायल के बाद प्रीमियम रु. 449/महीना हो जाएगा,sneaking:hi:04,synthetic_v1,0,0,0,0,0,1,0,0
आपके सर्दी का कंबल ऑर्डर में प्राइम सदस्यता जोड़ी गई,sneaking,sneaking,hi,span,line_item,[TAG=span] [ROLE=line_item] आपके सर्दी का कंबल ऑर्डर में प्राइम सदस्यता जोड़ी गई,sneaking:hi:14,synthetic_v1,0,0,0,0,0,1,0,0
Delivery to Patna costs an extra Rs. 699,sneaking,sneaking,en,label,checkbox,[TAG=label] [ROLE=checkbox] Delivery to Patna costs an extra Rs. 699,sneaking:en:18,synthetic_v1,0,0,0,0,0,1,0,0
"Muncha ऑर्डर में रु. 2,999 का दान जोड़ा गया",sneaking,sneaking,hi,label,checkbox,"[TAG=label] [ROLE=checkbox] Muncha ऑर्डर में रु. 2,999 का दान जोड़ा गया",sneaking:hi:22,synthetic_v1,0,0,0,0,0,1,0,0
4 महिनाको गोल्ड सदस्यता समावेश,sneaking,sneaking,ne,p,fine_print,[TAG=p] [ROLE=fine_print] 4 महिनाको गोल्ड सदस्यता समावेश,sneaking:ne:10,synthetic_v1,0,0,0,0,0,1,0,0
गोरखा डेलिभरीमा थप रु. 149,sneaking,sneaking,ne,label,checkbox,[TAG=label] [ROLE=checkbox] गोरखा डेलिभरीमा थप रु. 149,sneaking:ne:18,synthetic_v1,0,0,0,0,0,1,0,0
Handling charge of Rs. 399 for Chitwan deliveries,sneaking,sneaking,en,label,checkbox,[TAG=label] [ROLE=checkbox] Handling charge of Rs. 399 for Chitwan deliveries,sneaking:en:13,synthetic_v1,0,0,0,0,0,1,0,0
Blinkit ऑर्डर में रु. 799 का दान जोड़ा गया,sneaking,sneaking,hi,span,line_item,[TAG=span] [ROLE=line_item] Blinkit ऑर्डर में रु. 799 का दान जोड़ा गया,sneaking:hi:22,synthetic_v1,0,0,0,0,0,1,0,0
दिल्ली ऑर्डर पर रु. 199 पैकेजिंग शुल्क,sneaking,sneaking,hi,p,fine_print,[TAG=p] [ROLE=fine_print] दिल्ली ऑर्डर पर रु. 199 पैकेजिंग शुल्क,sneaking:hi:20,synthetic_v1,0,0,0,0,0,1,0,0
आपके लैपटॉप बैग ऑर्डर में प्रीमियम सदस्यता जोड़ी गई,sneaking,sneaking,hi,p,fine_print,[TAG=p] [ROLE=fine_print] आपके लैपटॉप बैग ऑर्डर में प्रीमियम सदस्यता जोड़ी गई,sneaking:hi:14,synthetic_v1,0,0,0,0,0,1,0,0
Delivery to Kathmandu costs an extra Rs. 199,sneaking,sneaking,en,p,fine_print,[TAG=p] [ROLE=fine_print] Delivery to Kathmandu costs an extra Rs. 199,sneaking:en:18,synthetic_v1,0,0,0,0,0,1,0,0
चेकआउटमा रु. 699 ढुवानी शुल्क थपियो,sneaking,sneaking,ne,span,line_item,[TAG=span] [ROLE=line_item] चेकआउटमा रु. 699 ढुवानी शुल्क थपियो,sneaking:ne:00,synthetic_v1,0,0,0,0,0,1,0,0
Amazon से बैकपैक बीमा पहले से चुना गया (रु. 699),sneaking,sneaking,hi,span,line_item,[TAG=span] [ROLE=line_item] Amazon से बैकपैक बीमा पहले से चुना गया (रु. 699),sneaking:hi:19,synthetic_v1,0,0,0,0,0,1,0,0
Your free trial converts to Premium at Rs. 699/month,sneaking,sneaking,en,span,line_item,[TAG=span] [ROLE=line_item] Your free trial converts to Premium at Rs. 699/month,sneaking:en:04,synthetic_v1,0,0,0,0,0,1,0,0
Prime membership added to your air fryer order,sneaking,sneaking,en,span,line_item,[TAG=span] [ROLE=line_item] Prime membership added to your air fryer order,sneaking:en:14,synthetic_v1,0,0,0,0,0,1,0,0
पानी की बोतल का बीमा आपके लिए चुना गया,sneaking,sneaking,hi,span,line_item,[TAG=span] [ROLE=line_item] पानी की बोतल का बीमा आपके लिए चुना गया,sneaking:hi:07,synthetic_v1,0,0,0,0,0,1,0,0
प्याकेजिङ शुल्क रु. 99 भुक्तानीमा देखिनेछ,sneaking,sneaking,ne,p,fine_print,[TAG=p] [ROLE=fine_print] प्याकेजिङ शुल्क रु. 99 भुक्तानीमा देखिनेछ,sneaking:ne:15,synthetic_v1,0,0,0,0,0,1,0,0
Pepperfry की प्रीमियम सदस्यता जोड़ी गई — रु. 699/महीना,sneaking,sneaking,hi,span,line_item,[TAG=span] [ROLE=line_item] Pepperfry की प्रीमियम सदस्यता जोड़ी गई — रु. 699/महीना,sneaking:hi:17,synthetic_v1,0,0,0,0,0,1,0,0
आपके ट्रेकिंग जैकेट ऑर्डर में प्राइम सदस्यता जोड़ी गई,sneaking,sneaking,hi,span,line_item,[TAG=span] [ROLE=line_item] आपके ट्रेकिंग जैकेट ऑर्डर में प्राइम सदस्यता जोड़ी गई,sneaking:hi:14,synthetic_v1,0,0,0,0,0,1,0,0
Amazon ऑर्डर में रु. 599 का दान जोड़ा गया,sneaking,sneaking,hi,span,line_item,[TAG=span] [ROLE=line_item] Amazon ऑर्डर में रु. 599 का दान जोड़ा गया,sneaking:hi:22,synthetic_v1,0,0,0,0,0,1,0,0
"सुविधा शुल्क रु. 1,499 समावेश",sneaking,sneaking,ne,label,checkbox,"[TAG=label] [ROLE=checkbox] सुविधा शुल्क रु. 1,499 समावेश",sneaking:ne:05,synthetic_v1,0,0,0,0,0,1,0,0
Priority delivery to Pune selected (+Rs. 299),sneaking,sneaking,en,span,line_item,[TAG=span] [ROLE=line_item] Priority delivery to Pune selected (+Rs. 299),sneaking:en:23,synthetic_v1,0,0,0,0,0,1,0,0
तपाईंको SastoDeal प्रो ट्रायल रु. 699 मा नवीकरण हुनेछ,sneaking,sneaking,ne,p,fine_print,[TAG=p] [ROLE=fine_print] तपाईंको SastoDeal प्रो ट्रायल रु. 699 मा नवीकरण हुनेछ,sneaking:ne:21,synthetic_v1,0,0,0,0,0,1,0,0
नॉइज़ कैंसलिंग हेडफोन का बीमा आपके लिए चुना गया,sneaking,sneaking,hi,span,line_item,[TAG=span] [ROLE=line_item] नॉइज़ कैंसलिंग हेडफोन का बीमा आपके लिए चुना गया,sneaking:hi:07,synthetic_v1,0,0,0,0,0,1,0,0
Includes a 3-month Prime subscription,sneaking,sneaking,en,span,line_item,[TAG=span] [ROLE=line_item] Includes a 3-month Prime subscription,sneaking:en:10,synthetic_v1,0,0,0,0,0,1,0,0
चितवन डेलिभरीमा रु. 799 ह्यान्डलिङ शुल्क,sneaking,sneaking,ne,span,line_item,[TAG=span] [ROLE=line_item] चितवन डेलिभरीमा रु. 799 ह्यान्डलिङ शुल्क,sneaking:ne:13,synthetic_v1,0,0,0,0,0,1,0,0
सुविधा शुल्क रु. 149 समावेश,sneaking,sneaking,ne,label,checkbox,[TAG=label] [ROLE=checkbox] सुविधा शुल्क रु. 149 समावेश,sneaking:ne:05,synthetic_v1,0,0,0,0,0,1,0,0
4 महीने की गोल्ड सदस्यता शामिल,sneaking,sneaking,hi,label,checkbox,[TAG=label] [ROLE=checkbox] 4 महीने की गोल्ड सदस्यता शामिल,sneaking:hi:10,synthetic_v1,0,0,0,0,0,1,0,0
9 महीने की प्रो सदस्यता शामिल,sneaking,sneaking,hi,label,checkbox,[TAG=label] [ROLE=checkbox] 9 महीने की प्रो सदस्यता शामिल,sneaking:hi:10,synthetic_v1,0,0,0,0,0,1,0,0
Includes a 8-month Gold subscription,sneaking,sneaking,en,label,checkbox,[TAG=label] [ROLE=checkbox] Includes a 8-month Gold subscription,sneaking:en:10,synthetic_v1,0,0,0,0,0,1,0,0
We've added a donation of Rs. 599 to your order,sneaking,sneaking,en,span,line_item,[TAG=span] [ROLE=line_item] We've added a donation of Rs. 599 to your order,sneaking:en:06,synthetic_v1,0,0,0,0,0,1,0,0
6 महीने की प्लस सदस्यता शामिल,sneaking,sneaking,hi,span,line_item,[TAG=span] [ROLE=line_item] 6 महीने की प्लस सदस्यता शामिल,sneaking:hi:10,synthetic_v1,0,0,0,0,0,1,0,0
"Gold membership from SastoDeal added — Rs. 2,999/month",sneaking,sneaking,en,label,checkbox,"[TAG=label] [ROLE=checkbox] Gold membership from SastoDeal added — Rs. 2,999/month",sneaking:en:17,synthetic_v1,0,0,0,0,0,1,0,0
10 महीने की प्रीमियम सदस्यता शामिल,sneaking,sneaking,hi,label,checkbox,[TAG=label] [ROLE=checkbox] 10 महीने की प्रीमियम सदस्यता शामिल,sneaking:hi:10,synthetic_v1,0,0,0,0,0,1,0,0
"OkDam बाट ट्रेकिङ ज्याकेट बीमा पहिले नै छनोट (रु. 1,999)",sneaking,sneaking,ne,label,checkbox,"[TAG=label] [ROLE=checkbox] OkDam बाट ट्रेकिङ ज्याकेट बीमा पहिले नै छनोट (रु. 1,999)",sneaking:ne:19,synthetic_v1,0,0,0,0,0,1,0,0
BigBasket सेवा शुल्क रु. 699 तपाईंको स्कुल ब्याग अर्डरमा थपियो,sneaking,sneaking,ne,label,checkbox,[TAG=label] [ROLE=checkbox] BigBasket सेवा शुल्क रु. 699 तपाईंको स्कुल ब्याग अर्डरमा थपियो,sneaking:ne:16,synthetic_v1,0,0,0,0,0,1,0,0
फ्री ट्रायल के बाद प्रो रु. 899/महीना हो जाएगा,sneaking,sneaking,hi,span,line_item,[TAG=span] [ROLE=line_item] फ्री ट्रायल के बाद प्रो रु. 899/महीना हो जाएगा,sneaking:hi:04,synthetic_v1,0,0,0,0,0,1,0,0
Delivery to Lucknow costs an extra Rs. 249,sneaking,sneaking,en,p,fine_print,[TAG=p] [ROLE=fine_print] Delivery to Lucknow costs an extra Rs. 249,sneaking:en:18,synthetic_v1,0,0,0,0,0,1,0,0
Kinbech सेवा शुल्क रु. 99 तपाईंको स्मार्टवाच अर्डरमा थपियो,sneaking,sneaking,ne,p,fine_print,[TAG=p] [ROLE=fine_print] Kinbech सेवा शुल्क रु. 99 तपाईंको स्मार्टवाच अर्डरमा थपियो,sneaking:ne:16,synthetic_v1,0,0,0,0,0,1,0,0
ललितपुर अर्डरमा रु. 99 प्याकेजिङ शुल्क,sneaking,sneaking,ne,label,checkbox,[TAG=label] [ROLE=checkbox] ललितपुर अर्डरमा रु. 99 प्याकेजिङ शुल्क,sneaking:ne:20,synthetic_v1,0,0,0,0,0,1,0,0
निःशुल्क ट्रायलपछि गोल्ड रु. 99/महिना हुनेछ,sneaking,sneaking,ne,p,fine_print,[TAG=p] [ROLE=fine_print] निःशुल्क ट्रायलपछि गोल्ड रु. 99/महिना हुनेछ,sneaking:ne:04,synthetic_v1,0,0,0,0,0,1,0,0
प्राथमिकता डिलीवरी पहले से चुनी गई (+रु. 449),sneaking,sneaking,hi,label,checkbox,[TAG=label] [ROLE=checkbox] प्राथमिकता डिलीवरी पहले से चुनी गई (+रु. 449),sneaking:hi:09,synthetic_v1,0,0,0,0,0,1,0,0
काठमाडौँ डेलिभरीमा रु. 599 ह्यान्डलिङ शुल्क,sneaking,sneaking,ne,label,checkbox,[TAG=label] [ROLE=checkbox] काठमाडौँ डेलिभरीमा रु. 599 ह्यान्डलिङ शुल्क,sneaking:ne:13,synthetic_v1,0,0,0,0,0,1,0,0
"Gyapu से डेनिम जींस बीमा पहले से चुना गया (रु. 1,499)",sneaking,sneaking,hi,span,line_item,"[TAG=span] [ROLE=line_item] Gyapu से डेनिम जींस बीमा पहले से चुना गया (रु. 1,499)",sneaking:hi:19,synthetic_v1,0,0,0,0,0,1,0,0
Your free trial converts to Premium at Rs. 799/month,sneaking,sneaking,en,span,line_item,[TAG=span] [ROLE=line_item] Your free trial converts to Premium at Rs. 799/month,sneaking:en:04,synthetic_v1,0,0,0,0,0,1,0,0
Premium membership added to your electric kettle order,sneaking,sneaking,en,span,line_item,[TAG=span] [ROLE=line_item] Premium membership added to your electric kettle order,sneaking:en:14,synthetic_v1,0,0,0,0,0,1,0,0
Blinkit service fee of Rs. 699 added to your running shoes order,sneaking,sneaking,en,span,line_item,[TAG=span] [ROLE=line_item] Blinkit service fee of Rs. 699 added to your running shoes order,sneaking:en:16,synthetic_v1,0,0,0,0,0,1,0,0
तपाईंको फेस वास अर्डरमा गोल्ड सदस्यता थपियो,sneaking,sneaking,ne,label,checkbox,[TAG=label] [ROLE=checkbox] तपाईंको फेस वास अर्डरमा गोल्ड सदस्यता थपियो,sneaking:ne:14,synthetic_v1,0,0,0,0,0,1,0,0
"HamroBazar सेवा शुल्क रु. 1,999 तपाईंको इन्डक्सन चुल्हो अर्डरमा थपियो",sneaking,sneaking,ne,p,fine_print,"[TAG=p] [ROLE=fine_print] HamroBazar सेवा शुल्क रु. 1,999 तपाईंको इन्डक्सन चुल्हो अर्डरमा थपियो",sneaking:ne:16,synthetic_v1,0,0,0,0,0,1,0,0
"कानपुर के लिए प्राथमिकता डिलीवरी चुनी गई (+रु. 1,499)",sneaking,sneaking,hi,p,fine_print,"[TAG=p] [ROLE=fine_print] कानपुर के लिए प्राथमिकता डिलीवरी चुनी गई (+रु. 1,499)",sneaking:hi:23,synthetic_v1,0,0,0,0,0,1,0,0
"Delivery to Patna costs an extra Rs. 1,999",sneaking,sneaking,en,label,checkbox,"[TAG=label] [ROLE=checkbox] Delivery to Patna costs an extra Rs. 1,999",sneaking:en:18,synthetic_v1,0,0,0,0,0,1,0,0
Myntra सेवा शुल्क रु. 199 आपके ट्रेकिंग जैकेट ऑर्डर में जोड़ा गया,sneaking,sneaking,hi,span,line_item,[TAG=span] [ROLE=line_item] Myntra सेवा शुल्क रु. 199 आपके ट्रेकिंग जैकेट ऑर्डर में जोड़ा गया,sneaking:hi:16,synthetic_v1,0,0,0,0,0,1,0,0
"Your free trial converts to Prime at Rs. 1,999/month",sneaking,sneaking,en,p,fine_print,"[TAG=p] [ROLE=fine_print] Your free trial converts to Prime at Rs. 1,999/month",sneaking:en:04,synthetic_v1,0,0,0,0,0,1,0,0
पुणे ऑर्डर पर रु. 699 पैकेजिंग शुल्क,sneaking,sneaking,hi,span,line_item,[TAG=span] [ROLE=line_item] पुणे ऑर्डर पर रु. 699 पैकेजिंग शुल्क,sneaking:hi:20,synthetic_v1,0,0,0,0,0,1,0,0
फ्री ट्रायल के बाद प्रो रु. 699/महीना हो जाएगा,sneaking,sneaking,hi,label,checkbox,[TAG=label] [ROLE=checkbox] फ्री ट्रायल के बाद प्रो रु. 699/महीना हो जाएगा,sneaking:hi:04,synthetic_v1,0,0,0,0,0,1,0,0
Kinbech की प्रो सदस्यता जोड़ी गई — रु. 199/महीना,sneaking,sneaking,hi,label,checkbox,[TAG=label] [ROLE=checkbox] Kinbech की प्रो सदस्यता जोड़ी गई — रु. 199/महीना,sneaking:hi:17,synthetic_v1,0,0,0,0,0,1,0,0
आपके योगा मैट ऑर्डर में प्लस सदस्यता जोड़ी गई,sneaking,sneaking,hi,span,line_item,[TAG=span] [ROLE=line_item] आपके योगा मैट ऑर्डर में प्लस सदस्यता जोड़ी गई,sneaking:hi:14,synthetic_v1,0,0,0,0,0,1,0,0
"Rs. 1,499 packaging charge applies for Butwal orders",sneaking,sneaking,en,span,line_item,"[TAG=span] [ROLE=line_item] Rs. 1,499 packaging charge applies for Butwal orders",sneaking:en:20,synthetic_v1,0,0,0,0,0,1,0,0
दिल्ली के लिए प्राथमिकता डिलीवरी चुनी गई (+रु. 299),sneaking,sneaking,hi,span,line_item,[TAG=span] [ROLE=line_item] दिल्ली के लिए प्राथमिकता डिलीवरी चुनी गई (+रु. 299),sneaking:hi:23,synthetic_v1,0,0,0,0,0,1,0,0
निःशुल्क ट्रायलपछि प्लस रु. 49/महिना हुनेछ,sneaking,sneaking,ne,label,checkbox,[TAG=label] [ROLE=checkbox] निःशुल्क ट्रायलपछि प्लस रु. 49/महिना हुनेछ,sneaking:ne:04,synthetic_v1,0,0,0,0,0,1,0,0
Includes a 12-month Gold subscription,sneaking,sneaking,en,p,fine_print,[TAG=p] [ROLE=fine_print] Includes a 12-month Gold subscription,sneaking:en:10,synthetic_v1,0,0,0,0,0,1,0,0
"आपका Blinkit प्राइम ट्रायल रु. 1,199 पर रिन्यू होगा",sneaking,sneaking,hi,label,checkbox,"[TAG=label] [ROLE=checkbox] आपका Blinkit प्राइम ट्रायल रु. 1,199 पर रिन्यू होगा",sneaking:hi:21,synthetic_v1,0,0,0,0,0,1,0,0
"Convenience fee of Rs. 2,999 included",sneaking,sneaking,en,label,checkbox,"[TAG=label] [ROLE=checkbox] Convenience fee of Rs. 2,999 included",sneaking:en:05,synthetic_v1,0,0,0,0,0,1,0,0
5 महिनाको प्लस सदस्यता समावेश,sneaking,sneaking,ne,label,checkbox,[TAG=label] [ROLE=checkbox] 5 महिनाको प्लस सदस्यता समावेश,sneaking:ne:10,synthetic_v1,0,0,0,0,0,1,0,0
"We've added a donation of Rs. 2,499 to your order",sneaking,sneaking,en,span,line_item,"[TAG=span] [ROLE=line_item] We've added a donation of Rs. 2,499 to your order",sneaking:en:06,synthetic_v1,0,0,0,0,0,1,0,0
"Priority delivery to Hyderabad selected (+Rs. 2,999)",sneaking,sneaking,en,p,fine_print,"[TAG=p] [ROLE=fine_print] Priority delivery to Hyderabad selected (+Rs. 2,999)",sneaking:en:23,synthetic_v1,0,0,0,0,0,1,0,0
Service fee of Rs. 899 applied,sneaking,sneaking,en,label,checkbox,[TAG=label] [ROLE=checkbox] Service fee of Rs. 899 applied,sneaking:en:03,synthetic_v1,0,0,0,0,0,1,0,0
तपाईंको JioMart प्राइम ट्रायल रु. 299 मा नवीकरण हुनेछ,sneaking,sneaking,ne,span,line_item,[TAG=span] [ROLE=line_item] तपाईंको JioMart प्राइम ट्रायल रु. 299 मा नवीकरण हुनेछ,sneaking:ne:21,synthetic_v1,0,0,0,0,0,1,0,0
3 महिनाको प्रो सदस्यता समावेश,sneaking,sneaking,ne,label,checkbox,[TAG=label] [ROLE=checkbox] 3 महिनाको प्रो सदस्यता समावेश,sneaking:ne:10,synthetic_v1,0,0,0,0,0,1,0,0
Salesberry अर्डरमा रु. 799 दान थपियो,sneaking,sneaking,ne,p,fine_print,[TAG=p] [ROLE=fine_print] Salesberry अर्डरमा रु. 799 दान थपियो,sneaking:ne:22,synthetic_v1,0,0,0,0,0,1,0,0
आपके वायरलेस ईयरबड्स ऑर्डर में प्रो सदस्यता जोड़ी गई,sneaking,sneaking,hi,label,checkbox,[TAG=label] [ROLE=checkbox] आपके वायरलेस ईयरबड्स ऑर्डर में प्रो सदस्यता जोड़ी गई,sneaking:hi:14,synthetic_v1,0,0,0,0,0,1,0,0
"आपके ऑर्डर में रु. 2,499 का दान जोड़ा गया",sneaking,sneaking,hi,p,fine_print,"[TAG=p] [ROLE=fine_print] आपके ऑर्डर में रु. 2,499 का दान जोड़ा गया",sneaking:hi:06,synthetic_v1,0,0,0,0,0,1,0,0
नासिक डिलीवरी पर रु. 449 हैंडलिंग शुल्क,sneaking,sneaking,hi,label,checkbox,[TAG=label] [ROLE=checkbox] नासिक डिलीवरी पर रु. 449 हैंडलिंग शुल्क,sneaking:hi:13,synthetic_v1,0,0,0,0,0,1,0,0
"तनहुँ का लागि प्राथमिकता डेलिभरी छनोट (+रु. 1,999)",sneaking,sneaking,ne,label,checkbox,"[TAG=label] [ROLE=checkbox] तनहुँ का लागि प्राथमिकता डेलिभरी छनोट (+रु. 1,999)",sneaking:ne:23,synthetic_v1,0,0,0,0,0,1,0,0
"Meesho सेवा शुल्क रु. 2,499 तपाईंको एयर फ्रायर अर्डरमा थपियो",sneaking,sneaking,ne,span,line_item,"[TAG=span] [ROLE=line_item] Meesho सेवा शुल्क रु. 2,499 तपाईंको एयर फ्रायर अर्डरमा थपियो",sneaking:ne:16,synthetic_v1,0,0,0,0,0,1,0,0
7 महीने की प्राइम सदस्यता शामिल,sneaking,sneaking,hi,span,line_item,[TAG=span] [ROLE=line_item] 7 महीने की प्राइम सदस्यता शामिल,sneaking:hi:10,synthetic_v1,0,0,0,0,0,1,0,0
"इंदौर ऑर्डर पर रु. 1,499 पैकेजिंग शुल्क",sneaking,sneaking,hi,span,line_item,"[TAG=span] [ROLE=line_item] इंदौर ऑर्डर पर रु. 1,499 पैकेजिंग शुल्क",sneaking:hi:20,synthetic_v1,0,0,0,0,0,1,0,0
"BigBasket से फेस वॉश बीमा पहले से चुना गया (रु. 2,999)",sneaking,sneaking,hi,label,checkbox,"[TAG=label] [ROLE=checkbox] BigBasket से फेस वॉश बीमा पहले से चुना गया (रु. 2,999)",sneaking:hi:19,synthetic_v1,0,0,0,0,0,1,0,0
दिल्ली डिलीवरी पर रु. 399 हैंडलिंग शुल्क,sneaking,sneaking,hi,span,line_item,[TAG=span] [ROLE=line_item] दिल्ली डिलीवरी पर रु. 399 हैंडलिंग शुल्क,sneaking:hi:13,synthetic_v1,0,0,0,0,0,1,0,0
Insurance for hair dryer selected for you,sneaking,sneaking,en,p,fine_print,[TAG=p] [ROLE=fine_print] Insurance for hair dryer selected for you,sneaking:en:07,synthetic_v1,0,0,0,0,0,1,0,0
Thulo सेवा शुल्क रु. 899 आपके फोन कवर ऑर्डर में जोड़ा गया,sneaking,sneaking,hi,span,line_item,[TAG=span] [ROLE=line_item] Thulo सेवा शुल्क रु. 899 आपके फोन कवर ऑर्डर में जोड़ा गया,sneaking:hi:16,synthetic_v1,0,0,0,0,0,1,0,0
Prime membership from HamroBazar added — Rs. 149/month,sneaking,sneaking,en,p,fine_print,[TAG=p] [ROLE=fine_print] Prime membership from HamroBazar added — Rs. 149/month,sneaking:en:17,synthetic_v1,0,0,0,0,0,1,0,0
"नेपालगन्ज अर्डरमा रु. 2,999 प्याकेजिङ शुल्क",sneaking,sneaking,ne,span,line_item,"[TAG=span] [ROLE=line_item] नेपालगन्ज अर्डरमा रु. 2,999 प्याकेजिङ शुल्क",sneaking:ne:20,synthetic_v1,0,0,0,0,0,1,0,0
"निःशुल्क ट्रायलपछि गोल्ड रु. 1,199/महिना हुनेछ",sneaking,sneaking,ne,label,checkbox,"[TAG=label] [ROLE=checkbox] निःशुल्क ट्रायलपछि गोल्ड रु. 1,199/महिना हुनेछ",sneaking:ne:04,synthetic_v1,0,0,0,0,0,1,0,0
Shipping fee of Rs. 299 added at checkout,sneaking,sneaking,en,p,fine_print,[TAG=p] [ROLE=fine_print] Shipping fee of Rs. 299 added at checkout,sneaking:en:00,synthetic_v1,0,0,0,0,0,1,0,0
प्राथमिकता डेलिभरी पहिले नै छनोट (+रु. 599),sneaking,sneaking,ne,span,line_item,[TAG=span] [ROLE=line_item] प्राथमिकता डेलिभरी पहिले नै छनोट (+रु. 599),sneaking:ne:09,synthetic_v1,0,0,0,0,0,1,0,0
Croma service fee of Rs. 699 added to your noise cancelling headphones order,sneaking,sneaking,en,p,fine_print,[TAG=p] [ROLE=fine_print] Croma service fee of Rs. 699 added to your noise cancelling headphones order,sneaking:en:16,synthetic_v1,0,0,0,0,0,1,0,0
चंडीगढ़ डिलीवरी पर रु. 999 हैंडलिंग शुल्क,sneaking,sneaking,hi,label,checkbox,[TAG=label] [ROLE=checkbox] चंडीगढ़ डिलीवरी पर रु. 999 हैंडलिंग शुल्क,sneaking:hi:13,synthetic_v1,0,0,0,0,0,1,0,0
Delivery to Kathmandu costs an extra Rs. 249,sneaking,sneaking,en,span,line_item,[TAG=span] [ROLE=line_item] Delivery to Kathmandu costs an extra Rs. 249,sneaking:en:18,synthetic_v1,0,0,0,0,0,1,0,0
प्याकेजिङ शुल्क रु. 149 भुक्तानीमा देखिनेछ,sneaking,sneaking,ne,p,fine_print,[TAG=p] [ROLE=fine_print] प्याकेजिङ शुल्क रु. 149 भुक्तानीमा देखिनेछ,sneaking:ne:15,synthetic_v1,0,0,0,0,0,1,0,0
Myntra सेवा शुल्क रु. 399 तपाईंको रनिङ जुत्ता अर्डरमा थपियो,sneaking,sneaking,ne,p,fine_print,[TAG=p] [ROLE=fine_print] Myntra सेवा शुल्क रु. 399 तपाईंको रनिङ जुत्ता अर्डरमा थपियो,sneaking:ne:16,synthetic_v1,0,0,0,0,0,1,0,0
"wireless earbuds insurance from HamroBazar pre-selected (Rs. 2,999)",sneaking,sneaking,en,span,line_item,"[TAG=span] [ROLE=line_item] wireless earbuds insurance from HamroBazar pre-selected (Rs. 2,999)",sneaking:en:19,synthetic_v1,0,0,0,0,0,1,0,0
"SastoDeal सेवा शुल्क रु. 1,499 आपके रनिंग शूज़ ऑर्डर में जोड़ा गया",sneaking,sneaking,hi,label,checkbox,"[TAG=label] [ROLE=checkbox] SastoDeal सेवा शुल्क रु. 1,499 आपके रनिंग शूज़ ऑर्डर में जोड़ा गया",sneaking:hi:16,synthetic_v1,0,0,0,0,0,1,0,0
पटना डिलीवरी पर अतिरिक्त रु. 599,sneaking,sneaking,hi,label,checkbox,[TAG=label] [ROLE=checkbox] पटना डिलीवरी पर अतिरिक्त रु. 599,sneaking:hi:18,synthetic_v1,0,0,0,0,0,1,0,0
Meesho service fee of Rs. 349 added to your formal shirt order,sneaking,sneaking,en,span,line_item,[TAG=span] [ROLE=line_item] Meesho service fee of Rs. 349 added to your formal shirt order,sneaking:en:16,synthetic_v1,0,0,0,0,0,1,0,0
Flipkart की प्लस सदस्यता जोड़ी गई — रु. 49/महीना,sneaking,sneaking,hi,p,fine_print,[TAG=p] [ROLE=fine_print] Flipkart की प्लस सदस्यता जोड़ी गई — रु. 49/महीना,sneaking:hi:17,synthetic_v1,0,0,0,0,0,1,0,0
Kinbech की प्लस सदस्यता जोड़ी गई — रु. 899/महीना,sneaking,sneaking,hi,p,fine_print,[TAG=p] [ROLE=fine_print] Kinbech की प्लस सदस्यता जोड़ी गई — रु. 899/महीना,sneaking:hi:17,synthetic_v1,0,0,0,0,0,1,0,0
जारी रखने पर हर महीने रु. 999 शुल्क लगेगा,sneaking,sneaking,hi,p,fine_print,[TAG=p] [ROLE=fine_print] जारी रखने पर हर महीने रु. 999 शुल्क लगेगा,sneaking:hi:01,synthetic_v1,0,0,0,0,0,1,0,0
Ajio service fee of Rs. 499 added to your face wash order,sneaking,sneaking,en,label,checkbox,[TAG=label] [ROLE=checkbox] Ajio service fee of Rs. 499 added to your face wash order,sneaking:en:16,synthetic_v1,0,0,0,0,0,1,0,0
"प्याकेजिङ शुल्क रु. 2,499 भुक्तानीमा देखिनेछ",sneaking,sneaking,ne,p,fine_print,"[TAG=p] [ROLE=fine_print] प्याकेजिङ शुल्क रु. 2,499 भुक्तानीमा देखिनेछ",sneaking:ne:15,synthetic_v1,0,0,0,0,0,1,0,0
सुविधा शुल्क रु. 349 शामिल,sneaking,sneaking,hi,label,checkbox,[TAG=label] [ROLE=checkbox] सुविधा शुल्क रु. 349 शामिल,sneaking:hi:05,synthetic_v1,0,0,0,0,0,1,0,0
"Your free trial converts to Gold at Rs. 2,999/month",sneaking,sneaking,en,span,line_item,"[TAG=span] [ROLE=line_item] Your free trial converts to Gold at Rs. 2,999/month",sneaking:en:04,synthetic_v1,0,0,0,0,0,1,0,0
5 महीने की प्रो सदस्यता शामिल,sneaking,sneaking,hi,p,fine_print,[TAG=p] [ROLE=fine_print] 5 महीने की प्रो सदस्यता शामिल,sneaking:hi:10,synthetic_v1,0,0,0,0,0,1,0,0
Blinkit सेवा शुल्क रु. 999 आपके योगा मैट ऑर्डर में जोड़ा गया,sneaking,sneaking,hi,label,checkbox,[TAG=label] [ROLE=checkbox] Blinkit सेवा शुल्क रु. 999 आपके योगा मैट ऑर्डर में जोड़ा गया,sneaking:hi:16,synthetic_v1,0,0,0,0,0,1,0,0
Priority delivery to Patna selected (+Rs. 449),sneaking,sneaking,en,label,checkbox,[TAG=label] [ROLE=checkbox] Priority delivery to Patna selected (+Rs. 449),sneaking:en:23,synthetic_v1,0,0,0,0,0,1,0,0
"Flipkart सेवा शुल्क रु. 2,999 आपके धूप का चश्मा ऑर्डर में जोड़ा गया",sneaking,sneaking,hi,label,checkbox,"[TAG=label] [ROLE=checkbox] Flipkart सेवा शुल्क रु. 2,999 आपके धूप का चश्मा ऑर्डर में जोड़ा गया",sneaking:hi:16,synthetic_v1,0,0,0,0,0,1,0,0
आपके फोन कवर ऑर्डर में प्रो सदस्यता जोड़ी गई,sneaking,sneaking,hi,p,fine_print,[TAG=p] [ROLE=fine_print] आपके फोन कवर ऑर्डर में प्रो सदस्यता जोड़ी गई,sneaking:hi:14,synthetic_v1,0,0,0,0,0,1,0,0
Prime membership added to your sports sandals order,sneaking,sneaking,en,label,checkbox,[TAG=label] [ROLE=checkbox] Prime membership added to your sports sandals order,sneaking:en:14,synthetic_v1,0,0,0,0,0,1,0,0
Pro membership added to your electric kettle order,sneaking,sneaking,en,label,checkbox,[TAG=label] [ROLE=checkbox] Pro membership added to your electric kettle order,sneaking:en:14,synthetic_v1,0,0,0,0,0,1,0,0
"सुविधा शुल्क रु. 2,999 शामिल",sneaking,sneaking,hi,p,fine_print,"[TAG=p] [ROLE=fine_print] सुविधा शुल्क रु. 2,999 शामिल",sneaking:hi:05,synthetic_v1,0,0,0,0,0,1,0,0
9 महीने की गोल्ड सदस्यता शामिल,sneaking,sneaking,hi,p,fine_print,[TAG=p] [ROLE=fine_print] 9 महीने की गोल्ड सदस्यता शामिल,sneaking:hi:10,synthetic_v1,0,0,0,0,0,1,0,0
कानपुर डिलीवरी पर अतिरिक्त रु. 249,sneaking,sneaking,hi,span,line_item,[TAG=span] [ROLE=line_item] कानपुर डिलीवरी पर अतिरिक्त रु. 249,sneaking:hi:18,synthetic_v1,0,0,0,0,0,1,0,0
protein powder insurance from Tata Cliq pre-selected (Rs. 299),sneaking,sneaking,en,span,line_item,[TAG=span] [ROLE=line_item] protein powder insurance from Tata Cliq pre-selected (Rs. 299),sneaking:en:19,synthetic_v1,0,0,0,0,0,1,0,0
Priority delivery to Pune selected (+Rs. 599),sneaking,sneaking,en,label,checkbox,[TAG=label] [ROLE=checkbox] Priority delivery to Pune selected (+Rs. 599),sneaking:en:23,synthetic_v1,0,0,0,0,0,1,0,0
Gyapu अर्डरमा रु. 499 दान थपियो,sneaking,sneaking,ne,p,fine_print,[TAG=p] [ROLE=fine_print] Gyapu अर्डरमा रु. 499 दान थपियो,sneaking:ne:22,synthetic_v1,0,0,0,0,0,1,0,0
तनहुँ डेलिभरीमा थप रु. 799,sneaking,sneaking,ne,span,line_item,[TAG=span] [ROLE=line_item] तनहुँ डेलिभरीमा थप रु. 799,sneaking:ne:18,synthetic_v1,0,0,0,0,0,1,0,0
Insurance for bluetooth speaker selected for you,sneaking,sneaking,en,span,line_item,[TAG=span] [ROLE=line_item] Insurance for bluetooth speaker selected for you,sneaking:en:07,synthetic_v1,0,0,0,0,0,1,0,0
Includes a 12-month Plus subscription,sneaking,sneaking,en,p,fine_print,[TAG=p] [ROLE=fine_print] Includes a 12-month Plus subscription,sneaking:en:10,synthetic_v1,0,0,0,0,0,1,0,0
तपाईंको इन्डक्सन चुल्हो अर्डरमा प्लस सदस्यता थपियो,sneaking,sneaking,ne,span,line_item,[TAG=span] [ROLE=line_item] तपाईंको इन्डक्सन चुल्हो अर्डरमा प्लस सदस्यता थपियो,sneaking:ne:14,synthetic_v1,0,0,0,0,0,1,0,0
धनगढी डेलिभरीमा थप रु. 599,sneaking,sneaking,ne,label,checkbox,[TAG=label] [ROLE=checkbox] धनगढी डेलिभरीमा थप रु. 599,sneaking:ne:18,synthetic_v1,0,0,0,0,0,1,0,0
Handling charge of Rs. 149 for Patna deliveries,sneaking,sneaking,en,span,line_item,[TAG=span] [ROLE=line_item] Handling charge of Rs. 149 for Patna deliveries,sneaking:en:13,synthetic_v1,0,0,0,0,0,1,0,0
office chair insurance from FirstCry pre-selected (Rs. 249),sneaking,sneaking,en,label,checkbox,[TAG=label] [ROLE=checkbox] office chair insurance from FirstCry pre-selected (Rs. 249),sneaking:en:19,synthetic_v1,0,0,0,0,0,1,0,0
Donation of Rs. 599 added to your OkDam order,sneaking,sneaking,en,span,line_item,[TAG=span] [ROLE=line_item] Donation of Rs. 599 added to your OkDam order,sneaking:en:22,synthetic_v1,0,0,0,0,0,1,0,0
Includes a 5-month Plus subscription,sneaking,sneaking,en,label,checkbox,[TAG=label] [ROLE=checkbox] Includes a 5-month Plus subscription,sneaking:en:10,synthetic_v1,0,0,0,0,0,1,0,0
चेकआउटमा रु. 999 ढुवानी शुल्क थपियो,sneaking,sneaking,ne,p,fine_print,[TAG=p] [ROLE=fine_print] चेकआउटमा रु. 999 ढुवानी शुल्क थपियो,sneaking:ne:00,synthetic_v1,0,0,0,0,0,1,0,0
"निःशुल्क ट्रायलपछि प्राइम रु. 2,499/महिना हुनेछ",sneaking,sneaking,ne,span,line_item,"[TAG=span] [ROLE=line_item] निःशुल्क ट्रायलपछि प्राइम रु. 2,499/महिना हुनेछ",sneaking:ne:04,synthetic_v1,0,0,0,0,0,1,0,0
सूरत के लिए प्राथमिकता डिलीवरी चुनी गई (+रु. 599),sneaking,sneaking,hi,span,line_item,[TAG=span] [ROLE=line_item] सूरत के लिए प्राथमिकता डिलीवरी चुनी गई (+रु. 599),sneaking:hi:23,synthetic_v1,0,0,0,0,0,1,0,0
रु. 999 सेवा शुल्क लागू,sneaking,sneaking,hi,span,line_item,[TAG=span] [ROLE=line_item] रु. 999 सेवा शुल्क लागू,sneaking:hi:03,synthetic_v1,0,0,0,0,0,1,0,0
"जारी राखेमा हरेक महिना रु. 2,499 शुल्क लाग्नेछ",sneaking,sneaking,ne,label,checkbox,"[TAG=label] [ROLE=checkbox] जारी राखेमा हरेक महिना रु. 2,499 शुल्क लाग्नेछ",sneaking:ne:01,synthetic_v1,0,0,0,0,0,1,0,0
Service fee of Rs. 49 applied,sneaking,sneaking,en,span,line_item,[TAG=span] [ROLE=line_item] Service fee of Rs. 49 applied,sneaking:en:03,synthetic_v1,0,0,0,0,0,1,0,0
Ajio से गेमिंग माउस बीमा पहले से चुना गया (रु. 999),sneaking,sneaking,hi,p,fine_print,[TAG=p] [ROLE=fine_print] Ajio से गेमिंग माउस बीमा पहले से चुना गया (रु. 999),sneaking:hi:19,synthetic_v1,0,0,0,0,0,1,0,0
Donation of Rs. 699 added to your Myntra order,sneaking,sneaking,en,label,checkbox,[TAG=label] [ROLE=checkbox] Donation of Rs. 699 added to your Myntra order,sneaking:en:22,synthetic_v1,0,0,0,0,0,1,0,0
पैकेजिंग शुल्क रु. 899 भुगतान पर दिखेगा,sneaking,sneaking,hi,p,fine_print,[TAG=p] [ROLE=fine_print] पैकेजिंग शुल्क रु. 899 भुगतान पर दिखेगा,sneaking:hi:15,synthetic_v1,0,0,0,0,0,1,0,0
आपके धूप का चश्मा ऑर्डर में प्रीमियम सदस्यता जोड़ी गई,sneaking,sneaking,hi,label,checkbox,[TAG=label] [ROLE=checkbox] आपके धूप का चश्मा ऑर्डर में प्रीमियम सदस्यता जोड़ी गई,sneaking:hi:14,synthetic_v1,0,0,0,0,0,1,0,0
10 महिनाको गोल्ड सदस्यता समावेश,sneaking,sneaking,ne,span,line_item,[TAG=span] [ROLE=line_item] 10 महिनाको गोल्ड सदस्यता समावेश,sneaking:ne:10,synthetic_v1,0,0,0,0,0,1,0,0
"विराटनगर अर्डरमा रु. 1,999 प्याकेजिङ शुल्क",sneaking,sneaking,ne,p,fine_print,"[TAG=p] [ROLE=fine_print] विराटनगर अर्डरमा रु. 1,999 प्याकेजिङ शुल्क",sneaking:ne:20,synthetic_v1,0,0,0,0,0,1,0,0
Prime membership from Meesho added — Rs. 699/month,sneaking,sneaking,en,span,line_item,[TAG=span] [ROLE=line_item] Prime membership from Meesho added — Rs. 699/month,sneaking:en:17,synthetic_v1,0,0,0,0,0,1,0,0
Muncha से फेस वॉश बीमा पहले से चुना गया (रु. 49),sneaking,sneaking,hi,span,line_item,[TAG=span] [ROLE=line_item] Muncha से फेस वॉश बीमा पहले से चुना गया (रु. 49),sneaking:hi:19,synthetic_v1,0,0,0,0,0,1,0,0
चंडीगढ़ के लिए प्राथमिकता डिलीवरी चुनी गई (+रु. 899),sneaking,sneaking,hi,span,line_item,[TAG=span] [ROLE=line_item] चंडीगढ़ के लिए प्राथमिकता डिलीवरी चुनी गई (+रु. 899),sneaking:hi:23,synthetic_v1,0,0,0,0,0,1,0,0
Croma service fee of Rs. 999 added to your sports sandals order,sneaking,sneaking,en,label,checkbox,[TAG=label] [ROLE=checkbox] Croma service fee of Rs. 999 added to your sports sandals order,sneaking:en:16,synthetic_v1,0,0,0,0,0,1,0,0
Blinkit बाट फोन कभर बीमा पहिले नै छनोट (रु. 49),sneaking,sneaking,ne,label,checkbox,[TAG=label] [ROLE=checkbox] Blinkit बाट फोन कभर बीमा पहिले नै छनोट (रु. 49),sneaking:ne:19,synthetic_v1,0,0,0,0,0,1,0,0
"Blinkit अर्डरमा रु. 2,499 दान थपियो",sneaking,sneaking,ne,p,fine_print,"[TAG=p] [ROLE=fine_print] Blinkit अर्डरमा रु. 2,499 दान थपियो",sneaking:ne:22,synthetic_v1,0,0,0,0,0,1,0,0
Rs. 399 packaging charge applies for Pune orders,sneaking,sneaking,en,p,fine_print,[TAG=p] [ROLE=fine_print] Rs. 399 packaging charge applies for Pune orders,sneaking:en:20,synthetic_v1,0,0,0,0,0,1,0,0
Insurance for rice cooker selected for you,sneaking,sneaking,en,span,line_item,[TAG=span] [ROLE=line_item] Insurance for rice cooker selected for you,sneaking:en:07,synthetic_v1,0,0,0,0,0,1,0,0
Handling charge of Rs. 999 for Nepalgunj deliveries,sneaking,sneaking,en,span,line_item,[TAG=span] [ROLE=line_item] Handling charge of Rs. 999 for Nepalgunj deliveries,sneaking:en:13,synthetic_v1,0,0,0,0,0,1,0,0
Donation of Rs. 199 added to your BigBasket order,sneaking,sneaking,en,p,fine_print,[TAG=p] [ROLE=fine_print] Donation of Rs. 199 added to your BigBasket order,sneaking:en:22,synthetic_v1,0,0,0,0,0,1,0,0
तपाईंको Nykaa प्रो ट्रायल रु. 49 मा नवीकरण हुनेछ,sneaking,sneaking,ne,span,line_item,[TAG=span] [ROLE=line_item] तपाईंको Nykaa प्रो ट्रायल रु. 49 मा नवीकरण हुनेछ,sneaking:ne:21,synthetic_v1,0,0,0,0,0,1,0,0
Croma अर्डरमा रु. 249 दान थपियो,sneaking,sneaking,ne,label,checkbox,[TAG=label] [ROLE=checkbox] Croma अर्डरमा रु. 249 दान थपियो,sneaking:ne:22,synthetic_v1,0,0,0,0,0,1,0,0
"तपाईंको BigBasket प्राइम ट्रायल रु. 1,499 मा नवीकरण हुनेछ",sneaking,sneaking,ne,p,fine_print,"[TAG=p] [ROLE=fine_print] तपाईंको BigBasket प्राइम ट्रायल रु. 1,499 मा नवीकरण हुनेछ",sneaking:ne:21,synthetic_v1,0,0,0,0,0,1,0,0
नासिक ऑर्डर पर रु. 199 पैकेजिंग शुल्क,sneaking,sneaking,hi,label,checkbox,[TAG=label] [ROLE=checkbox] नासिक ऑर्डर पर रु. 199 पैकेजिंग शुल्क,sneaking:hi:20,synthetic_v1,0,0,0,0,0,1,0,0
आपका Zepto प्रीमियम ट्रायल रु. 99 पर रिन्यू होगा,sneaking,sneaking,hi,span,line_item,[TAG=span] [ROLE=line_item] आपका Zepto प्रीमियम ट्रायल रु. 99 पर रिन्यू होगा,sneaking:hi:21,synthetic_v1,0,0,0,0,0,1,0,0
"प्याकेजिङ शुल्क रु. 1,999 भुक्तानीमा देखिनेछ",sneaking,sneaking,ne,label,checkbox,"[TAG=label] [ROLE=checkbox] प्याकेजिङ शुल्क रु. 1,999 भुक्तानीमा देखिनेछ",sneaking:ne:15,synthetic_v1,0,0,0,0,0,1,0,0
"पैकेजिंग शुल्क रु. 1,999 भुगतान पर दिखेगा",sneaking,sneaking,hi,p,fine_print,"[TAG=p] [ROLE=fine_print] पैकेजिंग शुल्क रु. 1,999 भुगतान पर दिखेगा",sneaking:hi:15,synthetic_v1,0,0,0,0,0,1,0,0
Handling charge of Rs. 299 for Delhi deliveries,sneaking,sneaking,en,p,fine_print,[TAG=p] [ROLE=fine_print] Handling charge of Rs. 299 for Delhi deliveries,sneaking:en:13,synthetic_v1,0,0,0,0,0,1,0,0
आपका Meesho प्राइम ट्रायल रु. 99 पर रिन्यू होगा,sneaking,sneaking,hi,p,fine_print,[TAG=p] [ROLE=fine_print] आपका Meesho प्राइम ट्रायल रु. 99 पर रिन्यू होगा,sneaking:hi:21,synthetic_v1,0,0,0,0,0,1,0,0
Priority delivery pre-selected (+Rs. 599),sneaking,sneaking,en,span,line_item,[TAG=span] [ROLE=line_item] Priority delivery pre-selected (+Rs. 599),sneaking:en:09,synthetic_v1,0,0,0,0,0,1,0,0
आपके ऑर्डर में रु. 699 का दान जोड़ा गया,sneaking,sneaking,hi,span,line_item,[TAG=span] [ROLE=line_item] आपके ऑर्डर में रु. 699 का दान जोड़ा गया,sneaking:hi:06,synthetic_v1,0,0,0,0,0,1,0,0
Convenience fee of Rs. 399 included,sneaking,sneaking,en,label,checkbox,[TAG=label] [ROLE=checkbox] Convenience fee of Rs. 399 included,sneaking:en:05,synthetic_v1,0,0,0,0,0,1,0,0
फ्री ट्रायल के बाद प्लस रु. 399/महीना हो जाएगा,sneaking,sneaking,hi,label,checkbox,[TAG=label] [ROLE=checkbox] फ्री ट्रायल के बाद प्लस रु. 399/महीना हो जाएगा,sneaking:hi:04,synthetic_v1,0,0,0,0,0,1,0,0
"Service fee of Rs. 2,499 applied",sneaking,sneaking,en,span,line_item,"[TAG=span] [ROLE=line_item] Service fee of Rs. 2,499 applied",sneaking:en:03,synthetic_v1,0,0,0,0,0,1,0,0
आपका JioMart प्राइम ट्रायल रु. 699 पर रिन्यू होगा,sneaking,sneaking,hi,span,line_item,[TAG=span] [ROLE=line_item] आपका JioMart प्राइम ट्रायल रु. 699 पर रिन्यू होगा,sneaking:hi:21,synthetic_v1,0,0,0,0,0,1,0,0
Snapdeal सेवा शुल्क रु. 599 आपके इलेक्ट्रिक केटल ऑर्डर में जोड़ा गया,sneaking,sneaking,hi,label,checkbox,[TAG=label] [ROLE=checkbox] Snapdeal सेवा शुल्क रु. 599 आपके इलेक्ट्रिक केटल ऑर्डर में जोड़ा गया,sneaking:hi:16,synthetic_v1,0,0,0,0,0,1,0,0
Snapdeal अर्डरमा रु. 499 दान थपियो,sneaking,sneaking,ne,span,line_item,[TAG=span] [ROLE=line_item] Snapdeal अर्डरमा रु. 499 दान थपियो,sneaking:ne:22,synthetic_v1,0,0,0,0,0,1,0,0
phone case insurance from Muncha pre-selected (Rs. 499),sneaking,sneaking,en,span,line_item,[TAG=span] [ROLE=line_item] phone case insurance from Muncha pre-selected (Rs. 499),sneaking:en:19,synthetic_v1,0,0,0,0,0,1,0,0
Service fee of Rs. 149 applied,sneaking,sneaking,en,label,checkbox,[TAG=label] [ROLE=checkbox] Service fee of Rs. 149 applied,sneaking:en:03,synthetic_v1,0,0,0,0,0,1,0,0
जयपुर के लिए प्राथमिकता डिलीवरी चुनी गई (+रु. 99),sneaking,sneaking,hi,p,fine_print,[TAG=p] [ROLE=fine_print] जयपुर के लिए प्राथमिकता डिलीवरी चुनी गई (+रु. 99),sneaking:hi:23,synthetic_v1,0,0,0,0,0,1,0,0
Rs. 499 packaging charge applies for Pune orders,sneaking,sneaking,en,span,line_item,[TAG=span] [ROLE=line_item] Rs. 499 packaging charge applies for Pune orders,sneaking:en:20,synthetic_v1,0,0,0,0,0,1,0,0
प्रीमियम के लिए ऑटो-रिन्यूअल चालू है,sneaking,sneaking,hi,span,line_item,[TAG=span] [ROLE=line_item] प्रीमियम के लिए ऑटो-रिन्यूअल चालू है,sneaking:hi:08,synthetic_v1,0,0,0,0,0,1,0,0
1 महिनाको प्लस सदस्यता समावेश,sneaking,sneaking,ne,span,line_item,[TAG=span] [ROLE=line_item] 1 महिनाको प्लस सदस्यता समावेश,sneaking:ne:10,synthetic_v1,0,0,0,0,0,1,0,0
फ्री ट्रायल के बाद गोल्ड रु. 599/महीना हो जाएगा,sneaking,sneaking,hi,span,line_item,[TAG=span] [ROLE=line_item] फ्री ट्रायल के बाद गोल्ड रु. 599/महीना हो जाएगा,sneaking:hi:04,synthetic_v1,0,0,0,0,0,1,0,0
Your Nykaa Plus trial renews at Rs. 99,sneaking,sneaking,en,label,checkbox,[TAG=label] [ROLE=checkbox] Your Nykaa Plus trial renews at Rs. 99,sneaking:en:21,synthetic_v1,0,0,0,0,0,1,0,0
Rs. 599 packaging charge applies for Bengaluru orders,sneaking,sneaking,en,label,checkbox,[TAG=label] [ROLE=checkbox] Rs. 599 packaging charge applies for Bengaluru orders,sneaking:en:20,synthetic_v1,0,0,0,0,0,1,0,0
Premium membership added to your noise cancelling headphones order,sneaking,sneaking,en,label,checkbox,[TAG=label] [ROLE=checkbox] Premium membership added to your noise cancelling headphones order,sneaking:en:14,synthetic_v1,0,0,0,0,0,1,0,0
प्राथमिकता डेलिभरी पहिले नै छनोट (+रु. 149),sneaking,sneaking,ne,p,fine_print,[TAG=p] [ROLE=fine_print] प्राथमिकता डेलिभरी पहिले नै छनोट (+रु. 149),sneaking:ne:09,synthetic_v1,0,0,0,0,0,1,0,0
सुविधा शुल्क रु. 699 समावेश,sneaking,sneaking,ne,label,checkbox,[TAG=label] [ROLE=checkbox] सुविधा शुल्क रु. 699 समावेश,sneaking:ne:05,synthetic_v1,0,0,0,0,0,1,0,0
प्याकेजिङ शुल्क रु. 799 भुक्तानीमा देखिनेछ,sneaking,sneaking,ne,label,checkbox,[TAG=label] [ROLE=checkbox] प्याकेजिङ शुल्क रु. 799 भुक्तानीमा देखिनेछ,sneaking:ne:15,synthetic_v1,0,0,0,0,0,1,0,0
Blinkit ऑर्डर में रु. 249 का दान जोड़ा गया,sneaking,sneaking,hi,span,line_item,[TAG=span] [ROLE=line_item] Blinkit ऑर्डर में रु. 249 का दान जोड़ा गया,sneaking:hi:22,synthetic_v1,0,0,0,0,0,1,0,0
"रु. 1,499 सेवा शुल्क लागू",sneaking,sneaking,ne,label,checkbox,"[TAG=label] [ROLE=checkbox] रु. 1,499 सेवा शुल्क लागू",sneaking:ne:03,synthetic_v1,0,0,0,0,0,1,0,0
Insurance for noise cancelling headphones selected for you,sneaking,sneaking,en,span,line_item,[TAG=span] [ROLE=line_item] Insurance for noise cancelling headphones selected for you,sneaking:en:07,synthetic_v1,0,0,0,0,0,1,0,0
चंडीगढ़ के लिए प्राथमिकता डिलीवरी चुनी गई (+रु. 499),sneaking,sneaking,hi,p,fine_print,[TAG=p] [ROLE=fine_print] चंडीगढ़ के लिए प्राथमिकता डिलीवरी चुनी गई (+रु. 499),sneaking:hi:23,synthetic_v1,0,0,0,0,0,1,0,0
तपाईंको योगा म्याट अर्डरमा प्रिमियम सदस्यता थपियो,sneaking,sneaking,ne,label,checkbox,[TAG=label] [ROLE=checkbox] तपाईंको योगा म्याट अर्डरमा प्रिमियम सदस्यता थपियो,sneaking:ne:14,synthetic_v1,0,0,0,0,0,1,0,0
"गोरखा अर्डरमा रु. 1,999 प्याकेजिङ शुल्क",sneaking,sneaking,ne,label,checkbox,"[TAG=label] [ROLE=checkbox] गोरखा अर्डरमा रु. 1,999 प्याकेजिङ शुल्क",sneaking:ne:20,synthetic_v1,0,0,0,0,0,1,0,0
Your free trial converts to Plus at Rs. 599/month,sneaking,sneaking,en,p,fine_print,[TAG=p] [ROLE=fine_print] Your free trial converts to Plus at Rs. 599/month,sneaking:en:04,synthetic_v1,0,0,0,0,0,1,0,0
नेपालगन्ज का लागि प्राथमिकता डेलिभरी छनोट (+रु. 699),sneaking,sneaking,ne,p,fine_print,[TAG=p] [ROLE=fine_print] नेपालगन्ज का लागि प्राथमिकता डेलिभरी छनोट (+रु. 699),sneaking:ne:23,synthetic_v1,0,0,0,0,0,1,0,0
Prime membership from SastoDeal added — Rs. 199/month,sneaking,sneaking,en,p,fine_print,[TAG=p] [ROLE=fine_print] Prime membership from SastoDeal added — Rs. 199/month,sneaking:en:17,synthetic_v1,0,0,0,0,0,1,0,0
फ्री ट्रायल के बाद प्लस रु. 199/महीना हो जाएगा,sneaking,sneaking,hi,label,checkbox,[TAG=label] [ROLE=checkbox] फ्री ट्रायल के बाद प्लस रु. 199/महीना हो जाएगा,sneaking:hi:04,synthetic_v1,0,0,0,0,0,1,0,0
"काठमाडौँ का लागि प्राथमिकता डेलिभरी छनोट (+रु. 1,999)",sneaking,sneaking,ne,label,checkbox,"[TAG=label] [ROLE=checkbox] काठमाडौँ का लागि प्राथमिकता डेलिभरी छनोट (+रु. 1,999)",sneaking:ne:23,synthetic_v1,0,0,0,0,0,1,0,0
Gold membership from Nykaa added — Rs. 249/month,sneaking,sneaking,en,label,checkbox,[TAG=label] [ROLE=checkbox] Gold membership from Nykaa added — Rs. 249/month,sneaking:en:17,synthetic_v1,0,0,0,0,0,1,0,0
आपके स्मार्टवॉच ऑर्डर में प्रीमियम सदस्यता जोड़ी गई,sneaking,sneaking,hi,span,line_item,[TAG=span] [ROLE=line_item] आपके स्मार्टवॉच ऑर्डर में प्रीमियम सदस्यता जोड़ी गई,sneaking:hi:14,synthetic_v1,0,0,0,0,0,1,0,0
Blinkit अर्डरमा रु. 799 दान थपियो,sneaking,sneaking,ne,label,checkbox,[TAG=label] [ROLE=checkbox] Blinkit अर्डरमा रु. 799 दान थपियो,sneaking:ne:22,synthetic_v1,0,0,0,0,0,1,0,0
बुटवल का लागि प्राथमिकता डेलिभरी छनोट (+रु. 799),sneaking,sneaking,ne,p,fine_print,[TAG=p] [ROLE=fine_print] बुटवल का लागि प्राथमिकता डेलिभरी छनोट (+रु. 799),sneaking:ne:23,synthetic_v1,0,0,0,0,0,1,0,0
आपके कॉफी मेकर ऑर्डर में प्लस सदस्यता जोड़ी गई,sneaking,sneaking,hi,p,fine_print,[TAG=p] [ROLE=fine_print] आपके कॉफी मेकर ऑर्डर में प्लस सदस्यता जोड़ी गई,sneaking:hi:14,synthetic_v1,0,0,0,0,0,1,0,0
office chair insurance from Thulo pre-selected (Rs. 349),sneaking,sneaking,en,p,fine_print,[TAG=p] [ROLE=fine_print] office chair insurance from Thulo pre-selected (Rs. 349),sneaking:en:19,synthetic_v1,0,0,0,0,0,1,0,0
ट्रेकिङ ज्याकेट को बीमा तपाईंका लागि छनोट गरियो,sneaking,sneaking,ne,span,line_item,[TAG=span] [ROLE=line_item] ट्रेकिङ ज्याकेट को बीमा तपाईंका लागि छनोट गरियो,sneaking:ne:07,synthetic_v1,0,0,0,0,0,1,0,0
"Croma ऑर्डर में रु. 1,199 का दान जोड़ा गया",sneaking,sneaking,hi,p,fine_print,"[TAG=p] [ROLE=fine_print] Croma ऑर्डर में रु. 1,199 का दान जोड़ा गया",sneaking:hi:22,synthetic_v1,0,0,0,0,0,1,0,0
Donation of Rs. 249 added to your Tata Cliq order,sneaking,sneaking,en,p,fine_print,[TAG=p] [ROLE=fine_print] Donation of Rs. 249 added to your Tata Cliq order,sneaking:en:22,synthetic_v1,0,0,0,0,0,1,0,0
प्याकेजिङ शुल्क रु. 599 भुक्तानीमा देखिनेछ,sneaking,sneaking,ne,span,line_item,[TAG=span] [ROLE=line_item] प्याकेजिङ शुल्क रु. 599 भुक्तानीमा देखिनेछ,sneaking:ne:15,synthetic_v1,0,0,0,0,0,1,0,0
Rs. 249 packaging charge applies for Butwal orders,sneaking,sneaking,en,p,fine_print,[TAG=p] [ROLE=fine_print] Rs. 249 packaging charge applies for Butwal orders,sneaking:en:20,synthetic_v1,0,0,0,0,0,1,0,0
Blinkit की प्रीमियम सदस्यता जोड़ी गई — रु. 599/महीना,sneaking,sneaking,hi,p,fine_print,[TAG=p] [ROLE=fine_print] Blinkit की प्रीमियम सदस्यता जोड़ी गई — रु. 599/महीना,sneaking:hi:17,synthetic_v1,0,0,0,0,0,1,0,0
Includes a 5-month Gold subscription,sneaking,sneaking,en,p,fine_print,[TAG=p] [ROLE=fine_print] Includes a 5-month Gold subscription,sneaking:en:10,synthetic_v1,0,0,0,0,0,1,0,0
भक्तपुर का लागि प्राथमिकता डेलिभरी छनोट (+रु. 199),sneaking,sneaking,ne,p,fine_print,[TAG=p] [ROLE=fine_print] भक्तपुर का लागि प्राथमिकता डेलिभरी छनोट (+रु. 199),sneaking:ne:23,synthetic_v1,0,0,0,0,0,1,0,0
"Delivery to Kathmandu costs an extra Rs. 1,199",sneaking,sneaking,en,p,fine_print,"[TAG=p] [ROLE=fine_print] Delivery to Kathmandu costs an extra Rs. 1,199",sneaking:en:18,synthetic_v1,0,0,0,0,0,1,0,0
Delivery to Biratnagar costs an extra Rs. 349,sneaking,sneaking,en,span,line_item,[TAG=span] [ROLE=line_item] Delivery to Biratnagar costs an extra Rs. 349,sneaking:en:18,synthetic_v1,0,0,0,0,0,1,0,0
Donation of Rs. 199 added to your Lenskart order,sneaking,sneaking,en,p,fine_print,[TAG=p] [ROLE=fine_print] Donation of Rs. 199 added to your Lenskart order,sneaking:en:22,synthetic_v1,0,0,0,0,0,1,0,0
दिल्ली के लिए प्राथमिकता डिलीवरी चुनी गई (+रु. 999),sneaking,sneaking,hi,p,fine_print,[TAG=p] [ROLE=fine_print] दिल्ली के लिए प्राथमिकता डिलीवरी चुनी गई (+रु. 999),sneaking:hi:23,synthetic_v1,0,0,0,0,0,1,0,0
"Delivery to Chitwan costs an extra Rs. 2,999",sneaking,sneaking,en,span,line_item,"[TAG=span] [ROLE=line_item] Delivery to Chitwan costs an extra Rs. 2,999",sneaking:en:18,synthetic_v1,0,0,0,0,0,1,0,0
Pro membership from Amazon added — Rs. 599/month,sneaking,sneaking,en,p,fine_print,[TAG=p] [ROLE=fine_print] Pro membership from Amazon added — Rs. 599/month,sneaking:en:17,synthetic_v1,0,0,0,0,0,1,0,0
"कोलकाता डिलीवरी पर रु. 1,499 हैंडलिंग शुल्क",sneaking,sneaking,hi,label,checkbox,"[TAG=label] [ROLE=checkbox] कोलकाता डिलीवरी पर रु. 1,499 हैंडलिंग शुल्क",sneaking:hi:13,synthetic_v1,0,0,0,0,0,1,0,0
Delivery to Biratnagar costs an extra Rs. 799,sneaking,sneaking,en,label,checkbox,[TAG=label] [ROLE=checkbox] Delivery to Biratnagar costs an extra Rs. 799,sneaking:en:18,synthetic_v1,0,0,0,0,0,1,0,0
चितवन डेलिभरीमा रु. 399 ह्यान्डलिङ शुल्क,sneaking,sneaking,ne,span,line_item,[TAG=span] [ROLE=line_item] चितवन डेलिभरीमा रु. 399 ह्यान्डलिङ शुल्क,sneaking:ne:13,synthetic_v1,0,0,0,0,0,1,0,0
"Your free trial converts to Prime at Rs. 2,999/month",sneaking,sneaking,en,span,line_item,"[TAG=span] [ROLE=line_item] Your free trial converts to Prime at Rs. 2,999/month",sneaking:en:04,synthetic_v1,0,0,0,0,0,1,0,0
आपका Daraz प्लस ट्रायल रु. 399 पर रिन्यू होगा,sneaking,sneaking,hi,span,line_item,[TAG=span] [ROLE=line_item] आपका Daraz प्लस ट्रायल रु. 399 पर रिन्यू होगा,sneaking:hi:21,synthetic_v1,0,0,0,0,0,1,0,0
हेटौंडा डेलिभरीमा रु. 799 ह्यान्डलिङ शुल्क,sneaking,sneaking,ne,p,fine_print,[TAG=p] [ROLE=fine_print] हेटौंडा डेलिभरीमा रु. 799 ह्यान्डलिङ शुल्क,sneaking:ne:13,synthetic_v1,0,0,0,0,0,1,0,0
Your free trial converts to Pro at Rs. 299/month,sneaking,sneaking,en,label,checkbox,[TAG=label] [ROLE=checkbox] Your free trial converts to Pro at Rs. 299/month,sneaking:en:04,synthetic_v1,0,0,0,0,0,1,0,0
12 महीने की प्रीमियम सदस्यता शामिल,sneaking,sneaking,hi,label,checkbox,[TAG=label] [ROLE=checkbox] 12 महीने की प्रीमियम सदस्यता शामिल,sneaking:hi:10,synthetic_v1,0,0,0,0,0,1,0,0
"Nykaa सेवा शुल्क रु. 1,499 आपके स्पोर्ट्स सैंडल ऑर्डर में जोड़ा गया",sneaking,sneaking,hi,p,fine_print,"[TAG=p] [ROLE=fine_print] Nykaa सेवा शुल्क रु. 1,499 आपके स्पोर्ट्स सैंडल ऑर्डर में जोड़ा गया",sneaking:hi:16,synthetic_v1,0,0,0,0,0,1,0,0
फ्री ट्रायल के बाद प्राइम रु. 399/महीना हो जाएगा,sneaking,sneaking,hi,label,checkbox,[TAG=label] [ROLE=checkbox] फ्री ट्रायल के बाद प्राइम रु. 399/महीना हो जाएगा,sneaking:hi:04,synthetic_v1,0,0,0,0,0,1,0,0
Includes a 5-month Prime subscription,sneaking,sneaking,en,label,checkbox,[TAG=label] [ROLE=checkbox] Includes a 5-month Prime subscription,sneaking:en:10,synthetic_v1,0,0,0,0,0,1,0,0
Your free trial converts to Prime at Rs. 299/month,sneaking,sneaking,en,label,checkbox,[TAG=label] [ROLE=checkbox] Your free trial converts to Prime at Rs. 299/month,sneaking:en:04,synthetic_v1,0,0,0,0,0,1,0,0
"निःशुल्क ट्रायलपछि प्लस रु. 1,499/महिना हुनेछ",sneaking,sneaking,ne,span,line_item,"[TAG=span] [ROLE=line_item] निःशुल्क ट्रायलपछि प्लस रु. 1,499/महिना हुनेछ",sneaking:ne:04,synthetic_v1,0,0,0,0,0,1,0,0
तपाईंको Daraz प्रिमियम ट्रायल रु. 99 मा नवीकरण हुनेछ,sneaking,sneaking,ne,span,line_item,[TAG=span] [ROLE=line_item] तपाईंको Daraz प्रिमियम ट्रायल रु. 99 मा नवीकरण हुनेछ,sneaking:ne:21,synthetic_v1,0,0,0,0,0,1,0,0
पुणे डिलीवरी पर रु. 799 हैंडलिंग शुल्क,sneaking,sneaking,hi,p,fine_print,[TAG=p] [ROLE=fine_print] पुणे डिलीवरी पर रु. 799 हैंडलिंग शुल्क,sneaking:hi:13,synthetic_v1,0,0,0,0,0,1,0,0
धरान डेलिभरीमा थप रु. 199,sneaking,sneaking,ne,p,fine_print,[TAG=p] [ROLE=fine_print] धरान डेलिभरीमा थप रु. 199,sneaking:ne:18,synthetic_v1,0,0,0,0,0,1,0,0
Delivery to Jaipur costs an extra Rs. 149,sneaking,sneaking,en,span,line_item,[TAG=span] [ROLE=line_item] Delivery to Jaipur costs an extra Rs. 149,sneaking:en:18,synthetic_v1,0,0,0,0,0,1,0,0
Reliance Digital service fee of Rs. 149 added to your hair dryer order,sneaking,sneaking,en,p,fine_print,[TAG=p] [ROLE=fine_print] Reliance Digital service fee of Rs. 149 added to your hair dryer order,sneaking:en:16,synthetic_v1,0,0,0,0,0,1,0,0
नोइज क्यान्सलिङ हेडफोन को बीमा तपाईंका लागि छनोट गरियो,sneaking,sneaking,ne,span,line_item,[TAG=span] [ROLE=line_item] नोइज क्यान्सलिङ हेडफोन को बीमा तपाईंका लागि छनोट गरियो,sneaking:ne:07,synthetic_v1,0,0,0,0,0,1,0,0
2 महीने की प्रो सदस्यता शामिल,sneaking,sneaking,hi,label,checkbox,[TAG=label] [ROLE=checkbox] 2 महीने की प्रो सदस्यता शामिल,sneaking:hi:10,synthetic_v1,0,0,0,0,0,1,0,0
Insurance for water bottle selected for you,sneaking,sneaking,en,span,line_item,[TAG=span] [ROLE=line_item] Insurance for water bottle selected for you,sneaking:en:07,synthetic_v1,0,0,0,0,0,1,0,0
Flipkart अर्डरमा रु. 999 दान थपियो,sneaking,sneaking,ne,p,fine_print,[TAG=p] [ROLE=fine_print] Flipkart अर्डरमा रु. 999 दान थपियो,sneaking:ne:22,synthetic_v1,0,0,0,0,0,1,0,0
"Amazon अर्डरमा रु. 1,499 दान थपियो",sneaking,sneaking,ne,span,line_item,"[TAG=span] [ROLE=line_item] Amazon अर्डरमा रु. 1,499 दान थपियो",sneaking:ne:22,synthetic_v1,0,0,0,0,0,1,0,0
आपके ऑर्डर में रु. 299 का दान जोड़ा गया,sneaking,sneaking,hi,label,checkbox,[TAG=label] [ROLE=checkbox] आपके ऑर्डर में रु. 299 का दान जोड़ा गया,sneaking:hi:06,synthetic_v1,0,0,0,0,0,1,0,0
8 महीने की प्रीमियम सदस्यता शामिल,sneaking,sneaking,hi,p,fine_print,[TAG=p] [ROLE=fine_print] 8 महीने की प्रीमियम सदस्यता शामिल,sneaking:hi:10,synthetic_v1,0,0,0,0,0,1,0,0
Croma service fee of Rs. 349 added to your power bank order,sneaking,sneaking,en,p,fine_print,[TAG=p] [ROLE=fine_print] Croma service fee of Rs. 349 added to your power bank order,sneaking:en:16,synthetic_v1,0,0,0,0,0,1,0,0
Amazon ऑर्डर में रु. 449 का दान जोड़ा गया,sneaking,sneaking,hi,span,line_item,[TAG=span] [ROLE=line_item] Amazon ऑर्डर में रु. 449 का दान जोड़ा गया,sneaking:hi:22,synthetic_v1,0,0,0,0,0,1,0,0
Nykaa बाट ब्याकप्याक बीमा पहिले नै छनोट (रु. 699),sneaking,sneaking,ne,span,line_item,[TAG=span] [ROLE=line_item] Nykaa बाट ब्याकप्याक बीमा पहिले नै छनोट (रु. 699),sneaking:ne:19,synthetic_v1,0,0,0,0,0,1,0,0
Flipkart बाट गेमिङ माउस बीमा पहिले नै छनोट (रु. 49),sneaking,sneaking,ne,p,fine_print,[TAG=p] [ROLE=fine_print] Flipkart बाट गेमिङ माउस बीमा पहिले नै छनोट (रु. 49),sneaking:ne:19,synthetic_v1,0,0,0,0,0,1,0,0
तपाईंको ल्यापटप ब्याग अर्डरमा प्रो सदस्यता थपियो,sneaking,sneaking,ne,p,fine_print,[TAG=p] [ROLE=fine_print] तपाईंको ल्यापटप ब्याग अर्डरमा प्रो सदस्यता थपियो,sneaking:ne:14,synthetic_v1,0,0,0,0,0,1,0,0
Muncha ऑर्डर में रु. 99 का दान जोड़ा गया,sneaking,sneaking,hi,span,line_item,[TAG=span] [ROLE=line_item] Muncha ऑर्डर में रु. 99 का दान जोड़ा गया,sneaking:hi:22,synthetic_v1,0,0,0,0,0,1,0,0
Ajio service fee of Rs. 699 added to your gaming mouse order,sneaking,sneaking,en,label,checkbox,[TAG=label] [ROLE=checkbox] Ajio service fee of Rs. 699 added to your gaming mouse order,sneaking:en:16,synthetic_v1,0,0,0,0,0,1,0,0
Handling charge of Rs. 899 for Chitwan deliveries,sneaking,sneaking,en,span,line_item,[TAG=span] [ROLE=line_item] Handling charge of Rs. 899 for Chitwan deliveries,sneaking:en:13,synthetic_v1,0,0,0,0,0,1,0,0
तपाईंको वायरलेस इयरबड्स अर्डरमा प्रिमियम सदस्यता थपियो,sneaking,sneaking,ne,p,fine_print,[TAG=p] [ROLE=fine_print] तपाईंको वायरलेस इयरबड्स अर्डरमा प्रिमियम सदस्यता थपियो,sneaking:ne:14,synthetic_v1,0,0,0,0,0,1,0,0
स्पोर्ट्स चप्पल को बीमा तपाईंका लागि छनोट गरियो,sneaking,sneaking,ne,p,fine_print,[TAG=p] [ROLE=fine_print] स्पोर्ट्स चप्पल को बीमा तपाईंका लागि छनोट गरियो,sneaking:ne:07,synthetic_v1,0,0,0,0,0,1,0,0
मुंबई डिलीवरी पर रु. 349 हैंडलिंग शुल्क,sneaking,sneaking,hi,label,checkbox,[TAG=label] [ROLE=checkbox] मुंबई डिलीवरी पर रु. 349 हैंडलिंग शुल्क,sneaking:hi:13,synthetic_v1,0,0,0,0,0,1,0,0
कफी मेकर को बीमा तपाईंका लागि छनोट गरियो,sneaking,sneaking,ne,p,fine_print,[TAG=p] [ROLE=fine_print] कफी मेकर को बीमा तपाईंका लागि छनोट गरियो,sneaking:ne:07,synthetic_v1,0,0,0,0,0,1,0,0
"Your free trial converts to Premium at Rs. 2,499/month",sneaking,sneaking,en,label,checkbox,"[TAG=label] [ROLE=checkbox] Your free trial converts to Premium at Rs. 2,499/month",sneaking:en:04,synthetic_v1,0,0,0,0,0,1,0,0
"Priority delivery to Pune selected (+Rs. 1,499)",sneaking,sneaking,en,span,line_item,"[TAG=span] [ROLE=line_item] Priority delivery to Pune selected (+Rs. 1,499)",sneaking:en:23,synthetic_v1,0,0,0,0,0,1,0,0
गेमिंग माउस का बीमा आपके लिए चुना गया,sneaking,sneaking,hi,p,fine_print,[TAG=p] [ROLE=fine_print] गेमिंग माउस का बीमा आपके लिए चुना गया,sneaking:hi:07,synthetic_v1,0,0,0,0,0,1,0,0
निःशुल्क ट्रायलपछि प्लस रु. 149/महिना हुनेछ,sneaking,sneaking,ne,span,line_item,[TAG=span] [ROLE=line_item] निःशुल्क ट्रायलपछि प्लस रु. 149/महिना हुनेछ,sneaking:ne:04,synthetic_v1,0,0,0,0,0,1,0,0
"तपाईंको Zepto गोल्ड ट्रायल रु. 1,499 मा नवीकरण हुनेछ",sneaking,sneaking,ne,span,line_item,"[TAG=span] [ROLE=line_item] तपाईंको Zepto गोल्ड ट्रायल रु. 1,499 मा नवीकरण हुनेछ",sneaking:ne:21,synthetic_v1,0,0,0,0,0,1,0,0
Handling charge of Rs. 899 for Surat deliveries,sneaking,sneaking,en,p,fine_print,[TAG=p] [ROLE=fine_print] Handling charge of Rs. 899 for Surat deliveries,sneaking:en:13,synthetic_v1,0,0,0,0,0,1,0,0
स्टडी लाइट को बीमा तपाईंका लागि छनोट गरियो,sneaking,sneaking,ne,span,line_item,[TAG=span] [ROLE=line_item] स्टडी लाइट को बीमा तपाईंका लागि छनोट गरियो,sneaking:ne:07,synthetic_v1,0,0,0,0,0,1,0,0
निःशुल्क ट्रायलपछि प्रिमियम रु. 899/महिना हुनेछ,sneaking,sneaking,ne,p,fine_print,[TAG=p] [ROLE=fine_print] निःशुल्क ट्रायलपछि प्रिमियम रु. 899/महिना हुनेछ,sneaking:ne:04,synthetic_v1,0,0,0,0,0,1,0,0
तपाईंको Myntra प्रो ट्रायल रु. 99 मा नवीकरण हुनेछ,sneaking,sneaking,ne,p,fine_print,[TAG=p] [ROLE=fine_print] तपाईंको Myntra प्रो ट्रायल रु. 99 मा नवीकरण हुनेछ,sneaking:ne:21,synthetic_v1,0,0,0,0,0,1,0,0
इटहरी डेलिभरीमा रु. 599 ह्यान्डलिङ शुल्क,sneaking,sneaking,ne,span,line_item,[TAG=span] [ROLE=line_item] इटहरी डेलिभरीमा रु. 599 ह्यान्डलिङ शुल्क,sneaking:ne:13,synthetic_v1,0,0,0,0,0,1,0,0
ट्रेकिंग जैकेट का बीमा आपके लिए चुना गया,sneaking,sneaking,hi,span,line_item,[TAG=span] [ROLE=line_item] ट्रेकिंग जैकेट का बीमा आपके लिए चुना गया,sneaking:hi:07,synthetic_v1,0,0,0,0,0,1,0,0
तपाईंको रनिङ जुत्ता अर्डरमा प्रिमियम सदस्यता थपियो,sneaking,sneaking,ne,p,fine_print,[TAG=p] [ROLE=fine_print] तपाईंको रनिङ जुत्ता अर्डरमा प्रिमियम सदस्यता थपियो,sneaking:ne:14,synthetic_v1,0,0,0,0,0,1,0,0
Donation of Rs. 49 added to your Pepperfry order,sneaking,sneaking,en,p,fine_print,[TAG=p] [ROLE=fine_print] Donation of Rs. 49 added to your Pepperfry order,sneaking:en:22,synthetic_v1,0,0,0,0,0,1,0,0
"पैकेजिंग शुल्क रु. 2,999 भुगतान पर दिखेगा",sneaking,sneaking,hi,label,checkbox,"[TAG=label] [ROLE=checkbox] पैकेजिंग शुल्क रु. 2,999 भुगतान पर दिखेगा",sneaking:hi:15,synthetic_v1,0,0,0,0,0,1,0,0
"रांची डिलीवरी पर रु. 2,499 हैंडलिंग शुल्क",sneaking,sneaking,hi,label,checkbox,"[TAG=label] [ROLE=checkbox] रांची डिलीवरी पर रु. 2,499 हैंडलिंग शुल्क",sneaking:hi:13,synthetic_v1,0,0,0,0,0,1,0,0
Croma अर्डरमा रु. 99 दान थपियो,sneaking,sneaking,ne,span,line_item,[TAG=span] [ROLE=line_item] Croma अर्डरमा रु. 99 दान थपियो,sneaking:ne:22,synthetic_v1,0,0,0,0,0,1,0,0
Your Amazon Pro trial renews at Rs. 249,sneaking,sneaking,en,p,fine_print,[TAG=p] [ROLE=fine_print] Your Amazon Pro trial renews at Rs. 249,sneaking:en:21,synthetic_v1,0,0,0,0,0,1,0,0
"प्याकेजिङ शुल्क रु. 2,999 भुक्तानीमा देखिनेछ",sneaking,sneaking,ne,span,line_item,"[TAG=span] [ROLE=line_item] प्याकेजिङ शुल्क रु. 2,999 भुक्तानीमा देखिनेछ",sneaking:ne:15,synthetic_v1,0,0,0,0,0,1,0,0
जारी रखने पर हर महीने रु. 199 शुल्क लगेगा,sneaking,sneaking,hi,span,line_item,[TAG=span] [ROLE=line_item] जारी रखने पर हर महीने रु. 199 शुल्क लगेगा,sneaking:hi:01,synthetic_v1,0,0,0,0,0,1,0,0
Ajio को प्लस सदस्यता थपियो — रु. 699/महिना,sneaking,sneaking,ne,span,line_item,[TAG=span] [ROLE=line_item] Ajio को प्लस सदस्यता थपियो — रु. 699/महिना,sneaking:ne:17,synthetic_v1,0,0,0,0,0,1,0,0
पुणे डिलीवरी पर रु. 49 हैंडलिंग शुल्क,sneaking,sneaking,hi,p,fine_print,[TAG=p] [ROLE=fine_print] पुणे डिलीवरी पर रु. 49 हैंडलिंग शुल्क,sneaking:hi:13,synthetic_v1,0,0,0,0,0,1,0,0
Donation of Rs. 399 added to your Tata Cliq order,sneaking,sneaking,en,p,fine_print,[TAG=p] [ROLE=fine_print] Donation of Rs. 399 added to your Tata Cliq order,sneaking:en:22,synthetic_v1,0,0,0,0,0,1,0,0
रांची डिलीवरी पर अतिरिक्त रु. 799,sneaking,sneaking,hi,p,fine_print,[TAG=p] [ROLE=fine_print] रांची डिलीवरी पर अतिरिक्त रु. 799,sneaking:hi:18,synthetic_v1,0,0,0,0,0,1,0,0
निःशुल्क ट्रायलपछि गोल्ड रु. 299/महिना हुनेछ,sneaking,sneaking,ne,p,fine_print,[TAG=p] [ROLE=fine_print] निःशुल्क ट्रायलपछि गोल्ड रु. 299/महिना हुनेछ,sneaking:ne:04,synthetic_v1,0,0,0,0,0,1,0,0
Shipping fee of Rs. 49 added at checkout,sneaking,sneaking,en,p,fine_print,[TAG=p] [ROLE=fine_print] Shipping fee of Rs. 49 added at checkout,sneaking:en:00,synthetic_v1,0,0,0,0,0,1,0,0
आपके गेमिंग माउस ऑर्डर में प्रो सदस्यता जोड़ी गई,sneaking,sneaking,hi,span,line_item,[TAG=span] [ROLE=line_item] आपके गेमिंग माउस ऑर्डर में प्रो सदस्यता जोड़ी गई,sneaking:hi:14,synthetic_v1,0,0,0,0,0,1,0,0
फ्री ट्रायल के बाद प्राइम रु. 249/महीना हो जाएगा,sneaking,sneaking,hi,span,line_item,[TAG=span] [ROLE=line_item] फ्री ट्रायल के बाद प्राइम रु. 249/महीना हो जाएगा,sneaking:hi:04,synthetic_v1,0,0,0,0,0,1,0,0
OkDam की गोल्ड सदस्यता जोड़ी गई — रु. 899/महीना,sneaking,sneaking,hi,p,fine_print,[TAG=p] [ROLE=fine_print] OkDam की गोल्ड सदस्यता जोड़ी गई — रु. 899/महीना,sneaking:hi:17,synthetic_v1,0,0,0,0,0,1,0,0
Amazon ऑर्डर में रु. 399 का दान जोड़ा गया,sneaking,sneaking,hi,label,checkbox,[TAG=label] [ROLE=checkbox] Amazon ऑर्डर में रु. 399 का दान जोड़ा गया,sneaking:hi:22,synthetic_v1,0,0,0,0,0,1,0,0
पुणे डिलीवरी पर रु. 149 हैंडलिंग शुल्क,sneaking,sneaking,hi,p,fine_print,[TAG=p] [ROLE=fine_print] पुणे डिलीवरी पर रु. 149 हैंडलिंग शुल्क,sneaking:hi:13,synthetic_v1,0,0,0,0,0,1,0,0
Thulo सेवा शुल्क रु. 999 तपाईंको हेयर ड्रायर अर्डरमा थपियो,sneaking,sneaking,ne,label,checkbox,[TAG=label] [ROLE=checkbox] Thulo सेवा शुल्क रु. 999 तपाईंको हेयर ड्रायर अर्डरमा थपियो,sneaking:ne:16,synthetic_v1,0,0,0,0,0,1,0,0
"Packaging fee Rs. 1,199 will be shown at payment",sneaking,sneaking,en,label,checkbox,"[TAG=label] [ROLE=checkbox] Packaging fee Rs. 1,199 will be shown at payment",sneaking:en:15,synthetic_v1,0,0,0,0,0,1,0,0
"सुविधा शुल्क रु. 2,499 समावेश",sneaking,sneaking,ne,label,checkbox,"[TAG=label] [ROLE=checkbox] सुविधा शुल्क रु. 2,499 समावेश",sneaking:ne:05,synthetic_v1,0,0,0,0,0,1,0,0
"Your free trial converts to Plus at Rs. 2,999/month",sneaking,sneaking,en,span,line_item,"[TAG=span] [ROLE=line_item] Your free trial converts to Plus at Rs. 2,999/month",sneaking:en:04,synthetic_v1,0,0,0,0,0,1,0,0
सुविधा शुल्क रु. 699 शामिल,sneaking,sneaking,hi,span,line_item,[TAG=span] [ROLE=line_item] सुविधा शुल्क रु. 699 शामिल,sneaking:hi:05,synthetic_v1,0,0,0,0,0,1,0,0
तपाईंको Croma प्राइम ट्रायल रु. 349 मा नवीकरण हुनेछ,sneaking,sneaking,ne,span,line_item,[TAG=span] [ROLE=line_item] तपाईंको Croma प्राइम ट्रायल रु. 349 मा नवीकरण हुनेछ,sneaking:ne:21,synthetic_v1,0,0,0,0,0,1,0,0
"चितवन अर्डरमा रु. 1,999 प्याकेजिङ शुल्क",sneaking,sneaking,ne,span,line_item,"[TAG=span] [ROLE=line_item] चितवन अर्डरमा रु. 1,999 प्याकेजिङ शुल्क",sneaking:ne:20,synthetic_v1,0,0,0,0,0,1,0,0
Kinbech सेवा शुल्क रु. 999 तपाईंको राइस कुकर अर्डरमा थपियो,sneaking,sneaking,ne,p,fine_print,[TAG=p] [ROLE=fine_print] Kinbech सेवा शुल्क रु. 999 तपाईंको राइस कुकर अर्डरमा थपियो,sneaking:ne:16,synthetic_v1,0,0,0,0,0,1,0,0
Your SastoDeal Plus trial renews at Rs. 699,sneaking,sneaking,en,span,line_item,[TAG=span] [ROLE=line_item] Your SastoDeal Plus trial renews at Rs. 699,sneaking:en:21,synthetic_v1,0,0,0,0,0,1,0,0
सुविधा शुल्क रु. 49 समावेश,sneaking,sneaking,ne,label,checkbox,[TAG=label] [ROLE=checkbox] सुविधा शुल्क रु. 49 समावेश,sneaking:ne:05,synthetic_v1,0,0,0,0,0,1,0,0
By continuing you agree to a recurring Rs. 699 monthly charge,sneaking,sneaking,en,label,checkbox,[TAG=label] [ROLE=checkbox] By continuing you agree to a recurring Rs. 699 monthly charge,sneaking:en:01,synthetic_v1,0,0,0,0,0,1,0,0
प्राथमिकता डेलिभरी पहिले नै छनोट (+रु. 899),sneaking,sneaking,ne,p,fine_print,[TAG=p] [ROLE=fine_print] प्राथमिकता डेलिभरी पहिले नै छनोट (+रु. 899),sneaking:ne:09,synthetic_v1,0,0,0,0,0,1,0,0
इंदौर डिलीवरी पर अतिरिक्त रु. 49,sneaking,sneaking,hi,p,fine_print,[TAG=p] [ROLE=fine_print] इंदौर डिलीवरी पर अतिरिक्त रु. 49,sneaking:hi:18,synthetic_v1,0,0,0,0,0,1,0,0
आपके कॉटन कुर्ता ऑर्डर में प्राइम सदस्यता जोड़ी गई,sneaking,sneaking,hi,p,fine_print,[TAG=p] [ROLE=fine_print] आपके कॉटन कुर्ता ऑर्डर में प्राइम सदस्यता जोड़ी गई,sneaking:hi:14,synthetic_v1,0,0,0,0,0,1,0,0
Meesho सेवा शुल्क रु. 449 आपके वायरलेस ईयरबड्स ऑर्डर में जोड़ा गया,sneaking,sneaking,hi,p,fine_print,[TAG=p] [ROLE=fine_print] Meesho सेवा शुल्क रु. 449 आपके वायरलेस ईयरबड्स ऑर्डर में जोड़ा गया,sneaking:hi:16,synthetic_v1,0,0,0,0,0,1,0,0
नागपुर डिलीवरी पर रु. 99 हैंडलिंग शुल्क,sneaking,sneaking,hi,span,line_item,[TAG=span] [ROLE=line_item] नागपुर डिलीवरी पर रु. 99 हैंडलिंग शुल्क,sneaking:hi:13,synthetic_v1,0,0,0,0,0,1,0,0
तपाईंको हेयर ड्रायर अर्डरमा प्रो सदस्यता थपियो,sneaking,sneaking,ne,p,fine_print,[TAG=p] [ROLE=fine_print] तपाईंको हेयर ड्रायर अर्डरमा प्रो सदस्यता थपियो,sneaking:ne:14,synthetic_v1,0,0,0,0,0,1,0,0
Auto-renewal is enabled for Plus,sneaking,sneaking,en,span,line_item,[TAG=span] [ROLE=line_item] Auto-renewal is enabled for Plus,sneaking:en:08,synthetic_v1,0,0,0,0,0,1,0,0
"Handling charge of Rs. 1,999 for Pokhara deliveries",sneaking,sneaking,en,p,fine_print,"[TAG=p] [ROLE=fine_print] Handling charge of Rs. 1,999 for Pokhara deliveries",sneaking:en:13,synthetic_v1,0,0,0,0,0,1,0,0
जनकपुर डेलिभरीमा थप रु. 899,sneaking,sneaking,ne,span,line_item,[TAG=span] [ROLE=line_item] जनकपुर डेलिभरीमा थप रु. 899,sneaking:ne:18,synthetic_v1,0,0,0,0,0,1,0,0
Priority delivery to Bhaktapur selected (+Rs. 699),sneaking,sneaking,en,label,checkbox,[TAG=label] [ROLE=checkbox] Priority delivery to Bhaktapur selected (+Rs. 699),sneaking:en:23,synthetic_v1,0,0,0,0,0,1,0,0
Your Croma Premium trial renews at Rs. 499,sneaking,sneaking,en,label,checkbox,[TAG=label] [ROLE=checkbox] Your Croma Premium trial renews at Rs. 499,sneaking:en:21,synthetic_v1,0,0,0,0,0,1,0,0
Flipkart को प्लस सदस्यता थपियो — रु. 449/महिना,sneaking,sneaking,ne,p,fine_print,[TAG=p] [ROLE=fine_print] Flipkart को प्लस सदस्यता थपियो — रु. 449/महिना,sneaking:ne:17,synthetic_v1,0,0,0,0,0,1,0,0
"Handling charge of Rs. 1,999 for Bhaktapur deliveries",sneaking,sneaking,en,p,fine_print,"[TAG=p] [ROLE=fine_print] Handling charge of Rs. 1,999 for Bhaktapur deliveries",sneaking:en:13,synthetic_v1,0,0,0,0,0,1,0,0
आगरा के लिए प्राथमिकता डिलीवरी चुनी गई (+रु. 499),sneaking,sneaking,hi,span,line_item,[TAG=span] [ROLE=line_item] आगरा के लिए प्राथमिकता डिलीवरी चुनी गई (+रु. 499),sneaking:hi:23,synthetic_v1,0,0,0,0,0,1,0,0
Handling charge of Rs. 599 for Patna deliveries,sneaking,sneaking,en,span,line_item,[TAG=span] [ROLE=line_item] Handling charge of Rs. 599 for Patna deliveries,sneaking:en:13,synthetic_v1,0,0,0,0,0,1,0,0
"जारी राखेमा हरेक महिना रु. 2,999 शुल्क लाग्नेछ",sneaking,sneaking,ne,span,line_item,"[TAG=span] [ROLE=line_item] जारी राखेमा हरेक महिना रु. 2,999 शुल्क लाग्नेछ",sneaking:ne:01,synthetic_v1,0,0,0,0,0,1,0,0
फ्री ट्रायल के बाद गोल्ड रु. 349/महीना हो जाएगा,sneaking,sneaking,hi,label,checkbox,[TAG=label] [ROLE=checkbox] फ्री ट्रायल के बाद गोल्ड रु. 349/महीना हो जाएगा,sneaking:hi:04,synthetic_v1,0,0,0,0,0,1,0,0
कोलकाता डिलीवरी पर रु. 149 हैंडलिंग शुल्क,sneaking,sneaking,hi,p,fine_print,[TAG=p] [ROLE=fine_print] कोलकाता डिलीवरी पर रु. 149 हैंडलिंग शुल्क,sneaking:hi:13,synthetic_v1,0,0,0,0,0,1,0,0
By continuing you agree to a recurring Rs. 449 monthly charge,sneaking,sneaking,en,p,fine_print,[TAG=p] [ROLE=fine_print] By continuing you agree to a recurring Rs. 449 monthly charge,sneaking:en:01,synthetic_v1,0,0,0,0,0,1,0,0
"रु. 2,999 सेवा शुल्क लागू",sneaking,sneaking,hi,label,checkbox,"[TAG=label] [ROLE=checkbox] रु. 2,999 सेवा शुल्क लागू",sneaking:hi:03,synthetic_v1,0,0,0,0,0,1,0,0
"भक्तपुर अर्डरमा रु. 2,999 प्याकेजिङ शुल्क",sneaking,sneaking,ne,label,checkbox,"[TAG=label] [ROLE=checkbox] भक्तपुर अर्डरमा रु. 2,999 प्याकेजिङ शुल्क",sneaking:ne:20,synthetic_v1,0,0,0,0,0,1,0,0
बुटवल डेलिभरीमा रु. 299 ह्यान्डलिङ शुल्क,sneaking,sneaking,ne,span,line_item,[TAG=span] [ROLE=line_item] बुटवल डेलिभरीमा रु. 299 ह्यान्डलिङ शुल्क,sneaking:ne:13,synthetic_v1,0,0,0,0,0,1,0,0
तपाईंको कफी मेकर अर्डरमा प्रिमियम सदस्यता थपियो,sneaking,sneaking,ne,label,checkbox,[TAG=label] [ROLE=checkbox] तपाईंको कफी मेकर अर्डरमा प्रिमियम सदस्यता थपियो,sneaking:ne:14,synthetic_v1,0,0,0,0,0,1,0,0
JioMart बाट ल्यापटप ब्याग बीमा पहिले नै छनोट (रु. 49),sneaking,sneaking,ne,p,fine_print,[TAG=p] [ROLE=fine_print] JioMart बाट ल्यापटप ब्याग बीमा पहिले नै छनोट (रु. 49),sneaking:ne:19,synthetic_v1,0,0,0,0,0,1,0,0
SastoDeal बाट स्मार्टवाच बीमा पहिले नै छनोट (रु. 149),sneaking,sneaking,ne,p,fine_print,[TAG=p] [ROLE=fine_print] SastoDeal बाट स्मार्टवाच बीमा पहिले नै छनोट (रु. 149),sneaking:ne:19,synthetic_v1,0,0,0,0,0,1,0,0
आपका Amazon प्रीमियम ट्रायल रु. 99 पर रिन्यू होगा,sneaking,sneaking,hi,p,fine_print,[TAG=p] [ROLE=fine_print] आपका Amazon प्रीमियम ट्रायल रु. 99 पर रिन्यू होगा,sneaking:hi:21,synthetic_v1,0,0,0,0,0,1,0,0
Tata Cliq सेवा शुल्क रु. 349 आपके बैकपैक ऑर्डर में जोड़ा गया,sneaking,sneaking,hi,label,checkbox,[TAG=label] [ROLE=checkbox] Tata Cliq सेवा शुल्क रु. 349 आपके बैकपैक ऑर्डर में जोड़ा गया,sneaking:hi:16,synthetic_v1,0,0,0,0,0,1,0,0
कोलकाता डिलीवरी पर रु. 299 हैंडलिंग शुल्क,sneaking,sneaking,hi,label,checkbox,[TAG=label] [ROLE=checkbox] कोलकाता डिलीवरी पर रु. 299 हैंडलिंग शुल्क,sneaking:hi:13,synthetic_v1,0,0,0,0,0,1,0,0
Gold membership added to your phone case order,sneaking,sneaking,en,p,fine_print,[TAG=p] [ROLE=fine_print] Gold membership added to your phone case order,sneaking:en:14,synthetic_v1,0,0,0,0,0,1,0,0
"वीरगन्ज डेलिभरीमा रु. 1,999 ह्यान्डलिङ शुल्क",sneaking,sneaking,ne,span,line_item,"[TAG=span] [ROLE=line_item] वीरगन्ज डेलिभरीमा रु. 1,999 ह्यान्डलिङ शुल्क",sneaking:ne:13,synthetic_v1,0,0,0,0,0,1,0,0
आगरा ऑर्डर पर रु. 299 पैकेजिंग शुल्क,sneaking,sneaking,hi,span,line_item,[TAG=span] [ROLE=line_item] आगरा ऑर्डर पर रु. 299 पैकेजिंग शुल्क,sneaking:hi:20,synthetic_v1,0,0,0,0,0,1,0,0
"Rs. 1,499 packaging charge applies for Biratnagar orders",sneaking,sneaking,en,p,fine_print,"[TAG=p] [ROLE=fine_print] Rs. 1,499 packaging charge applies for Biratnagar orders",sneaking:en:20,synthetic_v1,0,0,0,0,0,1,0,0
Pepperfry service fee of Rs. 199 added to your power bank order,sneaking,sneaking,en,label,checkbox,[TAG=label] [ROLE=checkbox] Pepperfry service fee of Rs. 199 added to your power bank order,sneaking:en:16,synthetic_v1,0,0,0,0,0,1,0,0
"Amazon सेवा शुल्क रु. 2,499 आपके ब्लूटूथ स्पीकर ऑर्डर में जोड़ा गया",sneaking,sneaking,hi,span,line_item,"[TAG=span] [ROLE=line_item] Amazon सेवा शुल्क रु. 2,499 आपके ब्लूटूथ स्पीकर ऑर्डर में जोड़ा गया",sneaking:hi:16,synthetic_v1,0,0,0,0,0,1,0,0
"HamroBazar की प्रो सदस्यता जोड़ी गई — रु. 1,999/महीना",sneaking,sneaking,hi,label,checkbox,"[TAG=label] [ROLE=checkbox] HamroBazar की प्रो सदस्यता जोड़ी गई — रु. 1,999/महीना",sneaking:hi:17,synthetic_v1,0,0,0,0,0,1,0,0
"आपका JioMart प्राइम ट्रायल रु. 1,999 पर रिन्यू होगा",sneaking,sneaking,hi,span,line_item,"[TAG=span] [ROLE=line_item] आपका JioMart प्राइम ट्रायल रु. 1,999 पर रिन्यू होगा",sneaking:hi:21,synthetic_v1,0,0,0,0,0,1,0,0
1 महीने की गोल्ड सदस्यता शामिल,sneaking,sneaking,hi,label,checkbox,[TAG=label] [ROLE=checkbox] 1 महीने की गोल्ड सदस्यता शामिल,sneaking:hi:10,synthetic_v1,0,0,0,0,0,1,0,0
HamroBazar service fee of Rs. 799 added to your office chair order,sneaking,sneaking,en,span,line_item,[TAG=span] [ROLE=line_item] HamroBazar service fee of Rs. 799 added to your office chair order,sneaking:en:16,synthetic_v1,0,0,0,0,0,1,0,0
"फ्री ट्रायल के बाद गोल्ड रु. 1,499/महीना हो जाएगा",sneaking,sneaking,hi,span,line_item,"[TAG=span] [ROLE=line_item] फ्री ट्रायल के बाद गोल्ड रु. 1,499/महीना हो जाएगा",sneaking:hi:04,synthetic_v1,0,0,0,0,0,1,0,0
"काठमाडौँ अर्डरमा रु. 1,499 प्याकेजिङ शुल्क",sneaking,sneaking,ne,span,line_item,"[TAG=span] [ROLE=line_item] काठमाडौँ अर्डरमा रु. 1,499 प्याकेजिङ शुल्क",sneaking:ne:20,synthetic_v1,0,0,0,0,0,1,0,0
ब्लुटुथ स्पिकर को बीमा तपाईंका लागि छनोट गरियो,sneaking,sneaking,ne,p,fine_print,[TAG=p] [ROLE=fine_print] ब्लुटुथ स्पिकर को बीमा तपाईंका लागि छनोट गरियो,sneaking:ne:07,synthetic_v1,0,0,0,0,0,1,0,0
Your free trial converts to Plus at Rs. 899/month,sneaking,sneaking,en,span,line_item,[TAG=span] [ROLE=line_item] Your free trial converts to Plus at Rs. 899/month,sneaking:en:04,synthetic_v1,0,0,0,0,0,1,0,0
फ्री ट्रायल के बाद प्रीमियम रु. 799/महीना हो जाएगा,sneaking,sneaking,hi,label,checkbox,[TAG=label] [ROLE=checkbox] फ्री ट्रायल के बाद प्रीमियम रु. 799/महीना हो जाएगा,sneaking:hi:04,synthetic_v1,0,0,0,0,0,1,0,0
Handling charge of Rs. 599 for Jaipur deliveries,sneaking,sneaking,en,label,checkbox,[TAG=label] [ROLE=checkbox] Handling charge of Rs. 599 for Jaipur deliveries,sneaking:en:13,synthetic_v1,0,0,0,0,0,1,0,0
SastoDeal सेवा शुल्क रु. 149 तपाईंको इलेक्ट्रिक केतली अर्डरमा थपियो,sneaking,sneaking,ne,span,line_item,[TAG=span] [ROLE=line_item] SastoDeal सेवा शुल्क रु. 149 तपाईंको इलेक्ट्रिक केतली अर्डरमा थपियो,sneaking:ne:16,synthetic_v1,0,0,0,0,0,1,0,0
पुणे ऑर्डर पर रु. 499 पैकेजिंग शुल्क,sneaking,sneaking,hi,span,line_item,[TAG=span] [ROLE=line_item] पुणे ऑर्डर पर रु. 499 पैकेजिंग शुल्क,sneaking:hi:20,synthetic_v1,0,0,0,0,0,1,0,0
धनगढी डेलिभरीमा रु. 999 ह्यान्डलिङ शुल्क,sneaking,sneaking,ne,p,fine_print,[TAG=p] [ROLE=fine_print] धनगढी डेलिभरीमा रु. 999 ह्यान्डलिङ शुल्क,sneaking:ne:13,synthetic_v1,0,0,0,0,0,1,0,0
"Lenskart बाट ल्यापटप ब्याग बीमा पहिले नै छनोट (रु. 1,199)",sneaking,sneaking,ne,span,line_item,"[TAG=span] [ROLE=line_item] Lenskart बाट ल्यापटप ब्याग बीमा पहिले नै छनोट (रु. 1,199)",sneaking:ne:19,synthetic_v1,0,0,0,0,0,1,0,0
तपाईंको अर्डरमा रु. 299 दान थपियो,sneaking,sneaking,ne,p,fine_print,[TAG=p] [ROLE=fine_print] तपाईंको अर्डरमा रु. 299 दान थपियो,sneaking:ne:06,synthetic_v1,0,0,0,0,0,1,0,0
ऑफिस चेयर का बीमा आपके लिए चुना गया,sneaking,sneaking,hi,span,line_item,[TAG=span] [ROLE=line_item] ऑफिस चेयर का बीमा आपके लिए चुना गया,sneaking:hi:07,synthetic_v1,0,0,0,0,0,1,0,0
पोखरा डेलिभरीमा थप रु. 599,sneaking,sneaking,ne,p,fine_print,[TAG=p] [ROLE=fine_print] पोखरा डेलिभरीमा थप रु. 599,sneaking:ne:18,synthetic_v1,0,0,0,0,0,1,0,0
"सुविधा शुल्क रु. 2,999 समावेश",sneaking,sneaking,ne,span,line_item,"[TAG=span] [ROLE=line_item] सुविधा शुल्क रु. 2,999 समावेश",sneaking:ne:05,synthetic_v1,0,0,0,0,0,1,0,0
Donation of Rs. 249 added to your Meesho order,sneaking,sneaking,en,p,fine_print,[TAG=p] [ROLE=fine_print] Donation of Rs. 249 added to your Meesho order,sneaking:en:22,synthetic_v1,0,0,0,0,0,1,0,0
तपाईंको Amazon प्राइम ट्रायल रु. 499 मा नवीकरण हुनेछ,sneaking,sneaking,ne,label,checkbox,[TAG=label] [ROLE=checkbox] तपाईंको Amazon प्राइम ट्रायल रु. 499 मा नवीकरण हुनेछ,sneaking:ne:21,synthetic_v1,0,0,0,0,0,1,0,0
Your free trial converts to Premium at Rs. 499/month,sneaking,sneaking,en,label,checkbox,[TAG=label] [ROLE=checkbox] Your free trial converts to Premium at Rs. 499/month,sneaking:en:04,synthetic_v1,0,0,0,0,0,1,0,0
पटना के लिए प्राथमिकता डिलीवरी चुनी गई (+रु. 49),sneaking,sneaking,hi,span,line_item,[TAG=span] [ROLE=line_item] पटना के लिए प्राथमिकता डिलीवरी चुनी गई (+रु. 49),sneaking:hi:23,synthetic_v1,0,0,0,0,0,1,0,0
"Rs. 2,999 packaging charge applies for Biratnagar orders",sneaking,sneaking,en,span,line_item,"[TAG=span] [ROLE=line_item] Rs. 2,999 packaging charge applies for Biratnagar orders",sneaking:en:20,synthetic_v1,0,0,0,0,0,1,0,0
"Rs. 2,999 packaging charge applies for Butwal orders",sneaking,sneaking,en,span,line_item,"[TAG=span] [ROLE=line_item] Rs. 2,999 packaging charge applies for Butwal orders",sneaking:en:20,synthetic_v1,0,0,0,0,0,1,0,0
आपके ऑफिस चेयर ऑर्डर में प्रो सदस्यता जोड़ी गई,sneaking,sneaking,hi,p,fine_print,[TAG=p] [ROLE=fine_print] आपके ऑफिस चेयर ऑर्डर में प्रो सदस्यता जोड़ी गई,sneaking:hi:14,synthetic_v1,0,0,0,0,0,1,0,0
तपाईंको Meesho गोल्ड ट्रायल रु. 149 मा नवीकरण हुनेछ,sneaking,sneaking,ne,p,fine_print,[TAG=p] [ROLE=fine_print] तपाईंको Meesho गोल्ड ट्रायल रु. 149 मा नवीकरण हुनेछ,sneaking:ne:21,synthetic_v1,0,0,0,0,0,1,0,0
इटहरी डेलिभरीमा थप रु. 99,sneaking,sneaking,ne,span,line_item,[TAG=span] [ROLE=line_item] इटहरी डेलिभरीमा थप रु. 99,sneaking:ne:18,synthetic_v1,0,0,0,0,0,1,0,0
water bottle insurance from Amazon pre-selected (Rs. 49),sneaking,sneaking,en,label,checkbox,[TAG=label] [ROLE=checkbox] water bottle insurance from Amazon pre-selected (Rs. 49),sneaking:en:19,synthetic_v1,0,0,0,0,0,1,0,0
बागलुङ का लागि प्राथमिकता डेलिभरी छनोट (+रु. 199),sneaking,sneaking,ne,label,checkbox,[TAG=label] [ROLE=checkbox] बागलुङ का लागि प्राथमिकता डेलिभरी छनोट (+रु. 199),sneaking:ne:23,synthetic_v1,0,0,0,0,0,1,0,0
We've added a donation of Rs. 249 to your order,sneaking,sneaking,en,label,checkbox,[TAG=label] [ROLE=checkbox] We've added a donation of Rs. 249 to your order,sneaking:en:06,synthetic_v1,0,0,0,0,0,1,0,0
गोरखा डेलिभरीमा थप रु. 299,sneaking,sneaking,ne,label,checkbox,[TAG=label] [ROLE=checkbox] गोरखा डेलिभरीमा थप रु. 299,sneaking:ne:18,synthetic_v1,0,0,0,0,0,1,0,0
"निःशुल्क ट्रायलपछि प्राइम रु. 1,199/महिना हुनेछ",sneaking,sneaking,ne,p,fine_print,"[TAG=p] [ROLE=fine_print] निःशुल्क ट्रायलपछि प्राइम रु. 1,199/महिना हुनेछ",sneaking:ne:04,synthetic_v1,0,0,0,0,0,1,0,0
Amazon बाट स्पोर्ट्स चप्पल बीमा पहिले नै छनोट (रु. 299),sneaking,sneaking,ne,span,line_item,[TAG=span] [ROLE=line_item] Amazon बाट स्पोर्ट्स चप्पल बीमा पहिले नै छनोट (रु. 299),sneaking:ne:19,synthetic_v1,0,0,0,0,0,1,0,0
Donation of Rs. 149 added to your Kinbech order,sneaking,sneaking,en,label,checkbox,[TAG=label] [ROLE=checkbox] Donation of Rs. 149 added to your Kinbech order,sneaking:en:22,synthetic_v1,0,0,0,0,0,1,0,0
Plus membership added to your running shoes order,sneaking,sneaking,en,label,checkbox,[TAG=label] [ROLE=checkbox] Plus membership added to your running shoes order,sneaking:en:14,synthetic_v1,0,0,0,0,0,1,0,0
निःशुल्क ट्रायलपछि गोल्ड रु. 49/महिना हुनेछ,sneaking,sneaking,ne,span,line_item,[TAG=span] [ROLE=line_item] निःशुल्क ट्रायलपछि गोल्ड रु. 49/महिना हुनेछ,sneaking:ne:04,synthetic_v1,0,0,0,0,0,1,0,0
Donation of Rs. 199 added to your Blinkit order,sneaking,sneaking,en,span,line_item,[TAG=span] [ROLE=line_item] Donation of Rs. 199 added to your Blinkit order,sneaking:en:22,synthetic_v1,0,0,0,0,0,1,0,0
SastoDeal बाट फर्मल सर्ट बीमा पहिले नै छनोट (रु. 49),sneaking,sneaking,ne,label,checkbox,[TAG=label] [ROLE=checkbox] SastoDeal बाट फर्मल सर्ट बीमा पहिले नै छनोट (रु. 49),sneaking:ne:19,synthetic_v1,0,0,0,0,0,1,0,0
Lenskart सेवा शुल्क रु. 299 आपके ऑफिस चेयर ऑर्डर में जोड़ा गया,sneaking,sneaking,hi,label,checkbox,[TAG=label] [ROLE=checkbox] Lenskart सेवा शुल्क रु. 299 आपके ऑफिस चेयर ऑर्डर में जोड़ा गया,sneaking:hi:16,synthetic_v1,0,0,0,0,0,1,0,0
Auto-renewal is enabled for Premium,sneaking,sneaking,en,label,checkbox,[TAG=label] [ROLE=checkbox] Auto-renewal is enabled for Premium,sneaking:en:08,synthetic_v1,0,0,0,0,0,1,0,0
आपके फॉर्मल शर्ट ऑर्डर में प्रीमियम सदस्यता जोड़ी गई,sneaking,sneaking,hi,span,line_item,[TAG=span] [ROLE=line_item] आपके फॉर्मल शर्ट ऑर्डर में प्रीमियम सदस्यता जोड़ी गई,sneaking:hi:14,synthetic_v1,0,0,0,0,0,1,0,0
हेयर ड्रायर को बीमा तपाईंका लागि छनोट गरियो,sneaking,sneaking,ne,p,fine_print,[TAG=p] [ROLE=fine_print] हेयर ड्रायर को बीमा तपाईंका लागि छनोट गरियो,sneaking:ne:07,synthetic_v1,0,0,0,0,0,1,0,0
सुविधा शुल्क रु. 149 शामिल,sneaking,sneaking,hi,p,fine_print,[TAG=p] [ROLE=fine_print] सुविधा शुल्क रु. 149 शामिल,sneaking:hi:05,synthetic_v1,0,0,0,0,0,1,0,0
"बुटवल डेलिभरीमा रु. 1,999 ह्यान्डलिङ शुल्क",sneaking,sneaking,ne,span,line_item,"[TAG=span] [ROLE=line_item] बुटवल डेलिभरीमा रु. 1,999 ह्यान्डलिङ शुल्क",sneaking:ne:13,synthetic_v1,0,0,0,0,0,1,0,0
Zepto बाट ब्लुटुथ स्पिकर बीमा पहिले नै छनोट (रु. 899),sneaking,sneaking,ne,label,checkbox,[TAG=label] [ROLE=checkbox] Zepto बाट ब्लुटुथ स्पिकर बीमा पहिले नै छनोट (रु. 899),sneaking:ne:19,synthetic_v1,0,0,0,0,0,1,0,0
आगरा के लिए प्राथमिकता डिलीवरी चुनी गई (+रु. 299),sneaking,sneaking,hi,p,fine_print,[TAG=p] [ROLE=fine_print] आगरा के लिए प्राथमिकता डिलीवरी चुनी गई (+रु. 299),sneaking:hi:23,synthetic_v1,0,0,0,0,0,1,0,0
"Prime membership from Myntra added — Rs. 1,999/month",sneaking,sneaking,en,span,line_item,"[TAG=span] [ROLE=line_item] Prime membership from Myntra added — Rs. 1,999/month",sneaking:en:17,synthetic_v1,0,0,0,0,0,1,0,0
हेटौंडा अर्डरमा रु. 349 प्याकेजिङ शुल्क,sneaking,sneaking,ne,span,line_item,[TAG=span] [ROLE=line_item] हेटौंडा अर्डरमा रु. 349 प्याकेजिङ शुल्क,sneaking:ne:20,synthetic_v1,0,0,0,0,0,1,0,0
Donation of Rs. 599 added to your Croma order,sneaking,sneaking,en,label,checkbox,[TAG=label] [ROLE=checkbox] Donation of Rs. 599 added to your Croma order,sneaking:en:22,synthetic_v1,0,0,0,0,0,1,0,0
दमक का लागि प्राथमिकता डेलिभरी छनोट (+रु. 49),sneaking,sneaking,ne,label,checkbox,[TAG=label] [ROLE=checkbox] दमक का लागि प्राथमिकता डेलिभरी छनोट (+रु. 49),sneaking:ne:23,synthetic_v1,0,0,0,0,0,1,0,0
Packaging fee Rs. 399 will be shown at payment,sneaking,sneaking,en,span,line_item,[TAG=span] [ROLE=line_item] Packaging fee Rs. 399 will be shown at payment,sneaking:en:15,synthetic_v1,0,0,0,0,0,1,0,0
आपके ऑर्डर में रु. 249 का दान जोड़ा गया,sneaking,sneaking,hi,label,checkbox,[TAG=label] [ROLE=checkbox] आपके ऑर्डर में रु. 249 का दान जोड़ा गया,sneaking:hi:06,synthetic_v1,0,0,0,0,0,1,0,0
आपका Kinbech प्रो ट्रायल रु. 99 पर रिन्यू होगा,sneaking,sneaking,hi,span,line_item,[TAG=span] [ROLE=line_item] आपका Kinbech प्रो ट्रायल रु. 99 पर रिन्यू होगा,sneaking:hi:21,synthetic_v1,0,0,0,0,0,1,0,0
"rice cooker insurance from Muncha pre-selected (Rs. 1,499)",sneaking,sneaking,en,span,line_item,"[TAG=span] [ROLE=line_item] rice cooker insurance from Muncha pre-selected (Rs. 1,499)",sneaking:en:19,synthetic_v1,0,0,0,0,0,1,0,0
Your free trial converts to Pro at Rs. 699/month,sneaking,sneaking,en,p,fine_print,[TAG=p] [ROLE=fine_print] Your free trial converts to Pro at Rs. 699/month,sneaking:en:04,synthetic_v1,0,0,0,0,0,1,0,0
भक्तपुर डेलिभरीमा थप रु. 499,sneaking,sneaking,ne,label,checkbox,[TAG=label] [ROLE=checkbox] भक्तपुर डेलिभरीमा थप रु. 499,sneaking:ne:18,synthetic_v1,0,0,0,0,0,1,0,0
तपाईंको अर्डरमा रु. 799 दान थपियो,sneaking,sneaking,ne,span,line_item,[TAG=span] [ROLE=line_item] तपाईंको अर्डरमा रु. 799 दान थपियो,sneaking:ne:06,synthetic_v1,0,0,0,0,0,1,0,0
Pro membership added to your wireless earbuds order,sneaking,sneaking,en,label,checkbox,[TAG=label] [ROLE=checkbox] Pro membership added to your wireless earbuds order,sneaking:en:14,synthetic_v1,0,0,0,0,0,1,0,0
आपके स्पोर्ट्स सैंडल ऑर्डर में प्राइम सदस्यता जोड़ी गई,sneaking,sneaking,hi,p,fine_print,[TAG=p] [ROLE=fine_print] आपके स्पोर्ट्स सैंडल ऑर्डर में प्राइम सदस्यता जोड़ी गई,sneaking:hi:14,synthetic_v1,0,0,0,0,0,1,0,0
निःशुल्क ट्रायलपछि प्लस रु. 699/महिना हुनेछ,sneaking,sneaking,ne,span,line_item,[TAG=span] [ROLE=line_item] निःशुल्क ट्रायलपछि प्लस रु. 699/महिना हुनेछ,sneaking:ne:04,synthetic_v1,0,0,0,0,0,1,0,0
Salesberry ऑर्डर में रु. 399 का दान जोड़ा गया,sneaking,sneaking,hi,span,line_item,[TAG=span] [ROLE=line_item] Salesberry ऑर्डर में रु. 399 का दान जोड़ा गया,sneaking:hi:22,synthetic_v1,0,0,0,0,0,1,0,0
Donation of Rs. 449 added to your Tata Cliq order,sneaking,sneaking,en,p,fine_print,[TAG=p] [ROLE=fine_print] Donation of Rs. 449 added to your Tata Cliq order,sneaking:en:22,synthetic_v1,0,0,0,0,0,1,0,0
Your Meesho Pro trial renews at Rs. 149,sneaking,sneaking,en,label,checkbox,[TAG=label] [ROLE=checkbox] Your Meesho Pro trial renews at Rs. 149,sneaking:en:21,synthetic_v1,0,0,0,0,0,1,0,0
Daraz सेवा शुल्क रु. 399 तपाईंको हेयर ड्रायर अर्डरमा थपियो,sneaking,sneaking,ne,span,line_item,[TAG=span] [ROLE=line_item] Daraz सेवा शुल्क रु. 399 तपाईंको हेयर ड्रायर अर्डरमा थपियो,sneaking:ne:16,synthetic_v1,0,0,0,0,0,1,0,0
JioMart की प्राइम सदस्यता जोड़ी गई — रु. 99/महीना,sneaking,sneaking,hi,span,line_item,[TAG=span] [ROLE=line_item] JioMart की प्राइम सदस्यता जोड़ी गई — रु. 99/महीना,sneaking:hi:17,synthetic_v1,0,0,0,0,0,1,0,0
हैदराबाद ऑर्डर पर रु. 449 पैकेजिंग शुल्क,sneaking,sneaking,hi,span,line_item,[TAG=span] [ROLE=line_item] हैदराबाद ऑर्डर पर रु. 449 पैकेजिंग शुल्क,sneaking:hi:20,synthetic_v1,0,0,0,0,0,1,0,0
FirstCry की प्लस सदस्यता जोड़ी गई — रु. 899/महीना,sneaking,sneaking,hi,p,fine_print,[TAG=p] [ROLE=fine_print] FirstCry की प्लस सदस्यता जोड़ी गई — रु. 899/महीना,sneaking:hi:17,synthetic_v1,0,0,0,0,0,1,0,0
Prime membership from JioMart added — Rs. 449/month,sneaking,sneaking,en,p,fine_print,[TAG=p] [ROLE=fine_print] Prime membership from JioMart added — Rs. 449/month,sneaking:en:17,synthetic_v1,0,0,0,0,0,1,0,0
Your FirstCry Premium trial renews at Rs. 499,sneaking,sneaking,en,span,line_item,[TAG=span] [ROLE=line_item] Your FirstCry Premium trial renews at Rs. 499,sneaking:en:21,synthetic_v1,0,0,0,0,0,1,0,0
"कोलकाता डिलीवरी पर अतिरिक्त रु. 2,499",sneaking,sneaking,hi,p,fine_print,"[TAG=p] [ROLE=fine_print] कोलकाता डिलीवरी पर अतिरिक्त रु. 2,499",sneaking:hi:18,synthetic_v1,0,0,0,0,0,1,0,0
Shipping fee of Rs. 899 added at checkout,sneaking,sneaking,en,label,checkbox,[TAG=label] [ROLE=checkbox] Shipping fee of Rs. 899 added at checkout,sneaking:en:00,synthetic_v1,0,0,0,0,0,1,0,0
Blinkit ऑर्डर में रु. 349 का दान जोड़ा गया,sneaking,sneaking,hi,p,fine_print,[TAG=p] [ROLE=fine_print] Blinkit ऑर्डर में रु. 349 का दान जोड़ा गया,sneaking:hi:22,synthetic_v1,0,0,0,0,0,1,0,0
जारी रखने पर हर महीने रु. 149 शुल्क लगेगा,sneaking,sneaking,hi,span,line_item,[TAG=span] [ROLE=line_item] जारी रखने पर हर महीने रु. 149 शुल्क लगेगा,sneaking:hi:01,synthetic_v1,0,0,0,0,0,1,0,0
Tata Cliq से सर्दी का कंबल बीमा पहले से चुना गया (रु. 799),sneaking,sneaking,hi,p,fine_print,[TAG=p] [ROLE=fine_print] Tata Cliq से सर्दी का कंबल बीमा पहले से चुना गया (रु. 799),sneaking:hi:19,synthetic_v1,0,0,0,0,0,1,0,0
"पटना डिलीवरी पर रु. 1,199 हैंडलिंग शुल्क",sneaking,sneaking,hi,p,fine_print,"[TAG=p] [ROLE=fine_print] पटना डिलीवरी पर रु. 1,199 हैंडलिंग शुल्क",sneaking:hi:13,synthetic_v1,0,0,0,0,0,1,0,0
Insurance for air fryer selected for you,sneaking,sneaking,en,label,checkbox,[TAG=label] [ROLE=checkbox] Insurance for air fryer selected for you,sneaking:en:07,synthetic_v1,0,0,0,0,0,1,0,0
आपका HamroBazar प्रो ट्रायल रु. 299 पर रिन्यू होगा,sneaking,sneaking,hi,label,checkbox,[TAG=label] [ROLE=checkbox] आपका HamroBazar प्रो ट्रायल रु. 299 पर रिन्यू होगा,sneaking:hi:21,synthetic_v1,0,0,0,0,0,1,0,0
प्लस का लागि स्वतः नवीकरण सक्रिय छ,sneaking,sneaking,ne,span,line_item,[TAG=span] [ROLE=line_item] प्लस का लागि स्वतः नवीकरण सक्रिय छ,sneaking:ne:08,synthetic_v1,0,0,0,0,0,1,0,0
power bank insurance from Myntra pre-selected (Rs. 699),sneaking,sneaking,en,p,fine_print,[TAG=p] [ROLE=fine_print] power bank insurance from Myntra pre-selected (Rs. 699),sneaking:en:19,synthetic_v1,0,0,0,0,0,1,0,0
Blinkit service fee of Rs. 449 added to your study lamp order,sneaking,sneaking,en,span,line_item,[TAG=span] [ROLE=line_item] Blinkit service fee of Rs. 449 added to your study lamp order,sneaking:en:16,synthetic_v1,0,0,0,0,0,1,0,0
5 महीने की गोल्ड सदस्यता शामिल,sneaking,sneaking,hi,p,fine_print,[TAG=p] [ROLE=fine_print] 5 महीने की गोल्ड सदस्यता शामिल,sneaking:hi:10,synthetic_v1,0,0,0,0,0,1,0,0
Priority delivery to Nepalgunj selected (+Rs. 899),sneaking,sneaking,en,span,line_item,[TAG=span] [ROLE=line_item] Priority delivery to Nepalgunj selected (+Rs. 899),sneaking:en:23,synthetic_v1,0,0,0,0,0,1,0,0
आपका Salesberry प्रो ट्रायल रु. 999 पर रिन्यू होगा,sneaking,sneaking,hi,span,line_item,[TAG=span] [ROLE=line_item] आपका Salesberry प्रो ट्रायल रु. 999 पर रिन्यू होगा,sneaking:hi:21,synthetic_v1,0,0,0,0,0,1,0,0
Priority delivery pre-selected (+Rs. 899),sneaking,sneaking,en,p,fine_print,[TAG=p] [ROLE=fine_print] Priority delivery pre-selected (+Rs. 899),sneaking:en:09,synthetic_v1,0,0,0,0,0,1,0,0
आपके पावर बैंक ऑर्डर में प्रो सदस्यता जोड़ी गई,sneaking,sneaking,hi,label,checkbox,[TAG=label] [ROLE=checkbox] आपके पावर बैंक ऑर्डर में प्रो सदस्यता जोड़ी गई,sneaking:hi:14,synthetic_v1,0,0,0,0,0,1,0,0
Your Myntra Plus trial renews at Rs. 49,sneaking,sneaking,en,label,checkbox,[TAG=label] [ROLE=checkbox] Your Myntra Plus trial renews at Rs. 49,sneaking:en:21,synthetic_v1,0,0,0,0,0,1,0,0
तपाईंको हेयर ड्रायर अर्डरमा प्लस सदस्यता थपियो,sneaking,sneaking,ne,span,line_item,[TAG=span] [ROLE=line_item] तपाईंको हेयर ड्रायर अर्डरमा प्लस सदस्यता थपियो,sneaking:ne:14,synthetic_v1,0,0,0,0,0,1,0,0
"चेकआउट पर रु. 2,999 शिपिंग शुल्क जोड़ा गया",sneaking,sneaking,hi,label,checkbox,"[TAG=label] [ROLE=checkbox] चेकआउट पर रु. 2,999 शिपिंग शुल्क जोड़ा गया",sneaking:hi:00,synthetic_v1,0,0,0,0,0,1,0,0
आपके इंडक्शन चूल्हा ऑर्डर में गोल्ड सदस्यता जोड़ी गई,sneaking,sneaking,hi,p,fine_print,[TAG=p] [ROLE=fine_print] आपके इंडक्शन चूल्हा ऑर्डर में गोल्ड सदस्यता जोड़ी गई,sneaking:hi:14,synthetic_v1,0,0,0,0,0,1,0,0
आपके ऑर्डर में रु. 199 का दान जोड़ा गया,sneaking,sneaking,hi,p,fine_print,[TAG=p] [ROLE=fine_print] आपके ऑर्डर में रु. 199 का दान जोड़ा गया,sneaking:hi:06,synthetic_v1,0,0,0,0,0,1,0,0
आपके हेयर ड्रायर ऑर्डर में प्रो सदस्यता जोड़ी गई,sneaking,sneaking,hi,span,line_item,[TAG=span] [ROLE=line_item] आपके हेयर ड्रायर ऑर्डर में प्रो सदस्यता जोड़ी गई,sneaking:hi:14,synthetic_v1,0,0,0,0,0,1,0,0
चितवन डेलिभरीमा रु. 249 ह्यान्डलिङ शुल्क,sneaking,sneaking,ne,span,line_item,[TAG=span] [ROLE=line_item] चितवन डेलिभरीमा रु. 249 ह्यान्डलिङ शुल्क,sneaking:ne:13,synthetic_v1,0,0,0,0,0,1,0,0
10 महीने की प्लस सदस्यता शामिल,sneaking,sneaking,hi,label,checkbox,[TAG=label] [ROLE=checkbox] 10 महीने की प्लस सदस्यता शामिल,sneaking:hi:10,synthetic_v1,0,0,0,0,0,1,0,0
सुविधा शुल्क रु. 899 शामिल,sneaking,sneaking,hi,label,checkbox,[TAG=label] [ROLE=checkbox] सुविधा शुल्क रु. 899 शामिल,sneaking:hi:05,synthetic_v1,0,0,0,0,0,1,0,0
रु. 799 सेवा शुल्क लागू,sneaking,sneaking,ne,span,line_item,[TAG=span] [ROLE=line_item] रु. 799 सेवा शुल्क लागू,sneaking:ne:03,synthetic_v1,0,0,0,0,0,1,0,0
"Myntra सेवा शुल्क रु. 1,999 तपाईंको हेयर ड्रायर अर्डरमा थपियो",sneaking,sneaking,ne,span,line_item,"[TAG=span] [ROLE=line_item] Myntra सेवा शुल्क रु. 1,999 तपाईंको हेयर ड्रायर अर्डरमा थपियो",sneaking:ne:16,synthetic_v1,0,0,0,0,0,1,0,0
Convenience fee of Rs. 299 included,sneaking,sneaking,en,p,fine_print,[TAG=p] [ROLE=fine_print] Convenience fee of Rs. 299 included,sneaking:en:05,synthetic_v1,0,0,0,0,0,1,0,0
Amazon की प्राइम सदस्यता जोड़ी गई — रु. 149/महीना,sneaking,sneaking,hi,label,checkbox,[TAG=label] [ROLE=checkbox] Amazon की प्राइम सदस्यता जोड़ी गई — रु. 149/महीना,sneaking:hi:17,synthetic_v1,0,0,0,0,0,1,0,0
जारी राखेमा हरेक महिना रु. 49 शुल्क लाग्नेछ,sneaking,sneaking,ne,span,line_item,[TAG=span] [ROLE=line_item] जारी राखेमा हरेक महिना रु. 49 शुल्क लाग्नेछ,sneaking:ne:01,synthetic_v1,0,0,0,0,0,1,0,0
Shipping fee of Rs. 999 added at checkout,sneaking,sneaking,en,label,checkbox,[TAG=label] [ROLE=checkbox] Shipping fee of Rs. 999 added at checkout,sneaking:en:00,synthetic_v1,0,0,0,0,0,1,0,0
Thulo अर्डरमा रु. 199 दान थपियो,sneaking,sneaking,ne,span,line_item,[TAG=span] [ROLE=line_item] Thulo अर्डरमा रु. 199 दान थपियो,sneaking:ne:22,synthetic_v1,0,0,0,0,0,1,0,0
धनगढी डेलिभरीमा थप रु. 499,sneaking,sneaking,ne,span,line_item,[TAG=span] [ROLE=line_item] धनगढी डेलिभरीमा थप रु. 499,sneaking:ne:18,synthetic_v1,0,0,0,0,0,1,0,0
निःशुल्क ट्रायलपछि प्राइम रु. 249/महिना हुनेछ,sneaking,sneaking,ne,label,checkbox,[TAG=label] [ROLE=checkbox] निःशुल्क ट्रायलपछि प्राइम रु. 249/महिना हुनेछ,sneaking:ne:04,synthetic_v1,0,0,0,0,0,1,0,0
"Meesho बाट फर्मल सर्ट बीमा पहिले नै छनोट (रु. 2,499)",sneaking,sneaking,ne,span,line_item,"[TAG=span] [ROLE=line_item] Meesho बाट फर्मल सर्ट बीमा पहिले नै छनोट (रु. 2,499)",sneaking:ne:19,synthetic_v1,0,0,0,0,0,1,0,0
भोपाल ऑर्डर पर रु. 449 पैकेजिंग शुल्क,sneaking,sneaking,hi,span,line_item,[TAG=span] [ROLE=line_item] भोपाल ऑर्डर पर रु. 449 पैकेजिंग शुल्क,sneaking:hi:20,synthetic_v1,0,0,0,0,0,1,0,0
bluetooth speaker insurance from Flipkart pre-selected (Rs. 199),sneaking,sneaking,en,p,fine_print,[TAG=p] [ROLE=fine_print] bluetooth speaker insurance from Flipkart pre-selected (Rs. 199),sneaking:en:19,synthetic_v1,0,0,0,0,0,1,0,0
"बुटवल का लागि प्राथमिकता डेलिभरी छनोट (+रु. 1,199)",sneaking,sneaking,ne,p,fine_print,"[TAG=p] [ROLE=fine_print] बुटवल का लागि प्राथमिकता डेलिभरी छनोट (+रु. 1,199)",sneaking:ne:23,synthetic_v1,0,0,0,0,0,1,0,0
Your free trial converts to Pro at Rs. 249/month,sneaking,sneaking,en,p,fine_print,[TAG=p] [ROLE=fine_print] Your free trial converts to Pro at Rs. 249/month,sneaking:en:04,synthetic_v1,0,0,0,0,0,1,0,0
तपाईंको Nykaa प्रिमियम ट्रायल रु. 249 मा नवीकरण हुनेछ,sneaking,sneaking,ne,span,line_item,[TAG=span] [ROLE=line_item] तपाईंको Nykaa प्रिमियम ट्रायल रु. 249 मा नवीकरण हुनेछ,sneaking:ne:21,synthetic_v1,0,0,0,0,0,1,0,0
"Shipping fee of Rs. 2,499 added at checkout",sneaking,sneaking,en,span,line_item,"[TAG=span] [ROLE=line_item] Shipping fee of Rs. 2,499 added at checkout",sneaking:en:00,synthetic_v1,0,0,0,0,0,1,0,0
"Your free trial converts to Premium at Rs. 2,999/month",sneaking,sneaking,en,span,line_item,"[TAG=span] [ROLE=line_item] Your free trial converts to Premium at Rs. 2,999/month",sneaking:en:04,synthetic_v1,0,0,0,0,0,1,0,0
Myntra ऑर्डर में रु. 249 का दान जोड़ा गया,sneaking,sneaking,hi,span,line_item,[TAG=span] [ROLE=line_item] Myntra ऑर्डर में रु. 249 का दान जोड़ा गया,sneaking:hi:22,synthetic_v1,0,0,0,0,0,1,0,0
"चेकआउटमा रु. 1,999 ढुवानी शुल्क थपियो",sneaking,sneaking,ne,label,checkbox,"[TAG=label] [ROLE=checkbox] चेकआउटमा रु. 1,999 ढुवानी शुल्क थपियो",sneaking:ne:00,synthetic_v1,0,0,0,0,0,1,0,0
प्राथमिकता डिलीवरी पहले से चुनी गई (+रु. 149),sneaking,sneaking,hi,label,checkbox,[TAG=label] [ROLE=checkbox] प्राथमिकता डिलीवरी पहले से चुनी गई (+रु. 149),sneaking:hi:09,synthetic_v1,0,0,0,0,0,1,0,0
5 महिनाको प्राइम सदस्यता समावेश,sneaking,sneaking,ne,p,fine_print,[TAG=p] [ROLE=fine_print] 5 महिनाको प्राइम सदस्यता समावेश,sneaking:ne:10,synthetic_v1,0,0,0,0,0,1,0,0
BigBasket को प्लस सदस्यता थपियो — रु. 699/महिना,sneaking,sneaking,ne,label,checkbox,[TAG=label] [ROLE=checkbox] BigBasket को प्लस सदस्यता थपियो — रु. 699/महिना,sneaking:ne:17,synthetic_v1,0,0,0,0,0,1,0,0
JioMart को प्रो सदस्यता थपियो — रु. 299/महिना,sneaking,sneaking,ne,label,checkbox,[TAG=label] [ROLE=checkbox] JioMart को प्रो सदस्यता थपियो — रु. 299/महिना,sneaking:ne:17,synthetic_v1,0,0,0,0,0,1,0,0
"Nykaa service fee of Rs. 2,999 added to your gaming mouse order",sneaking,sneaking,en,label,checkbox,"[TAG=label] [ROLE=checkbox] Nykaa service fee of Rs. 2,999 added to your gaming mouse order",sneaking:en:16,synthetic_v1,0,0,0,0,0,1,0,0
JioMart अर्डरमा रु. 149 दान थपियो,sneaking,sneaking,ne,label,checkbox,[TAG=label] [ROLE=checkbox] JioMart अर्डरमा रु. 149 दान थपियो,sneaking:ne:22,synthetic_v1,0,0,0,0,0,1,0,0
Prime membership added to your electric kettle order,sneaking,sneaking,en,p,fine_print,[TAG=p] [ROLE=fine_print] Prime membership added to your electric kettle order,sneaking:en:14,synthetic_v1,0,0,0,0,0,1,0,0
सुविधा शुल्क रु. 249 समावेश,sneaking,sneaking,ne,p,fine_print,[TAG=p] [ROLE=fine_print] सुविधा शुल्क रु. 249 समावेश,sneaking:ne:05,synthetic_v1,0,0,0,0,0,1,0,0
Delivery to Mumbai costs an extra Rs. 49,sneaking,sneaking,en,span,line_item,[TAG=span] [ROLE=line_item] Delivery to Mumbai costs an extra Rs. 49,sneaking:en:18,synthetic_v1,0,0,0,0,0,1,0,0
SastoDeal ऑर्डर में रु. 249 का दान जोड़ा गया,sneaking,sneaking,hi,label,checkbox,[TAG=label] [ROLE=checkbox] SastoDeal ऑर्डर में रु. 249 का दान जोड़ा गया,sneaking:hi:22,synthetic_v1,0,0,0,0,0,1,0,0
तपाईंको Pepperfry प्रो ट्रायल रु. 599 मा नवीकरण हुनेछ,sneaking,sneaking,ne,p,fine_print,[TAG=p] [ROLE=fine_print] तपाईंको Pepperfry प्रो ट्रायल रु. 599 मा नवीकरण हुनेछ,sneaking:ne:21,synthetic_v1,0,0,0,0,0,1,0,0
Priority delivery to Jaipur selected (+Rs. 49),sneaking,sneaking,en,span,line_item,[TAG=span] [ROLE=line_item] Priority delivery to Jaipur selected (+Rs. 49),sneaking:en:23,synthetic_v1,0,0,0,0,0,1,0,0
Plus membership from Tata Cliq added — Rs. 199/month,sneaking,sneaking,en,label,checkbox,[TAG=label] [ROLE=checkbox] Plus membership from Tata Cliq added — Rs. 199/month,sneaking:en:17,synthetic_v1,0,0,0,0,0,1,0,0
2 महीने की प्राइम सदस्यता शामिल,sneaking,sneaking,hi,p,fine_print,[TAG=p] [ROLE=fine_print] 2 महीने की प्राइम सदस्यता शामिल,sneaking:hi:10,synthetic_v1,0,0,0,0,0,1,0,0
"चेकआउटमा रु. 2,999 ढुवानी शुल्क थपियो",sneaking,sneaking,ne,label,checkbox,"[TAG=label] [ROLE=checkbox] चेकआउटमा रु. 2,999 ढुवानी शुल्क थपियो",sneaking:ne:00,synthetic_v1,0,0,0,0,0,1,0,0
Premium membership added to your bluetooth speaker order,sneaking,sneaking,en,label,checkbox,[TAG=label] [ROLE=checkbox] Premium membership added to your bluetooth speaker order,sneaking:en:14,synthetic_v1,0,0,0,0,0,1,0,0
Donation of Rs. 799 added to your Flipkart order,sneaking,sneaking,en,p,fine_print,[TAG=p] [ROLE=fine_print] Donation of Rs. 799 added to your Flipkart order,sneaking:en:22,synthetic_v1,0,0,0,0,0,1,0,0
Donation of Rs. 349 added to your Amazon order,sneaking,sneaking,en,p,fine_print,[TAG=p] [ROLE=fine_print] Donation of Rs. 349 added to your Amazon order,sneaking:en:22,synthetic_v1,0,0,0,0,0,1,0,0
ब्लूटूथ स्पीकर का बीमा आपके लिए चुना गया,sneaking,sneaking,hi,label,checkbox,[TAG=label] [ROLE=checkbox] ब्लूटूथ स्पीकर का बीमा आपके लिए चुना गया,sneaking:hi:07,synthetic_v1,0,0,0,0,0,1,0,0
Delivery to Jaipur costs an extra Rs. 999,sneaking,sneaking,en,label,checkbox,[TAG=label] [ROLE=checkbox] Delivery to Jaipur costs an extra Rs. 999,sneaking:en:18,synthetic_v1,0,0,0,0,0,1,0,0
5 महिनाको गोल्ड सदस्यता समावेश,sneaking,sneaking,ne,label,checkbox,[TAG=label] [ROLE=checkbox] 5 महिनाको गोल्ड सदस्यता समावेश,sneaking:ne:10,synthetic_v1,0,0,0,0,0,1,0,0
चेकआउट पर रु. 899 शिपिंग शुल्क जोड़ा गया,sneaking,sneaking,hi,label,checkbox,[TAG=label] [ROLE=checkbox] चेकआउट पर रु. 899 शिपिंग शुल्क जोड़ा गया,sneaking:hi:00,synthetic_v1,0,0,0,0,0,1,0,0
जारी रखने पर हर महीने रु. 249 शुल्क लगेगा,sneaking,sneaking,hi,p,fine_print,[TAG=p] [ROLE=fine_print] जारी रखने पर हर महीने रु. 249 शुल्क लगेगा,sneaking:hi:01,synthetic_v1,0,0,0,0,0,1,0,0
Rs. 699 packaging charge applies for Dharan orders,sneaking,sneaking,en,span,line_item,[TAG=span] [ROLE=line_item] Rs. 699 packaging charge applies for Dharan orders,sneaking:en:20,synthetic_v1,0,0,0,0,0,1,0,0
फ्री ट्रायल के बाद प्राइम रु. 449/महीना हो जाएगा,sneaking,sneaking,hi,label,checkbox,[TAG=label] [ROLE=checkbox] फ्री ट्रायल के बाद प्राइम रु. 449/महीना हो जाएगा,sneaking:hi:04,synthetic_v1,0,0,0,0,0,1,0,0
"Croma से स्पोर्ट्स सैंडल बीमा पहले से चुना गया (रु. 2,499)",sneaking,sneaking,hi,span,line_item,"[TAG=span] [ROLE=line_item] Croma से स्पोर्ट्स सैंडल बीमा पहले से चुना गया (रु. 2,499)",sneaking:hi:19,synthetic_v1,0,0,0,0,0,1,0,0
12 महीने की प्रो सदस्यता शामिल,sneaking,sneaking,hi,span,line_item,[TAG=span] [ROLE=line_item] 12 महीने की प्रो सदस्यता शामिल,sneaking:hi:10,synthetic_v1,0,0,0,0,0,1,0,0
"प्राथमिकता डेलिभरी पहिले नै छनोट (+रु. 2,999)",sneaking,sneaking,ne,p,fine_print,"[TAG=p] [ROLE=fine_print] प्राथमिकता डेलिभरी पहिले नै छनोट (+रु. 2,999)",sneaking:ne:09,synthetic_v1,0,0,0,0,0,1,0,0
"नासिक ऑर्डर पर रु. 2,499 पैकेजिंग शुल्क",sneaking,sneaking,hi,p,fine_print,"[TAG=p] [ROLE=fine_print] नासिक ऑर्डर पर रु. 2,499 पैकेजिंग शुल्क",sneaking:hi:20,synthetic_v1,0,0,0,0,0,1,0,0
JioMart अर्डरमा रु. 99 दान थपियो,sneaking,sneaking,ne,span,line_item,[TAG=span] [ROLE=line_item] JioMart अर्डरमा रु. 99 दान थपियो,sneaking:ne:22,synthetic_v1,0,0,0,0,0,1,0,0
हेटौंडा का लागि प्राथमिकता डेलिभरी छनोट (+रु. 699),sneaking,sneaking,ne,p,fine_print,[TAG=p] [ROLE=fine_print] हेटौंडा का लागि प्राथमिकता डेलिभरी छनोट (+रु. 699),sneaking:ne:23,synthetic_v1,0,0,0,0,0,1,0,0
आगरा डिलीवरी पर रु. 299 हैंडलिंग शुल्क,sneaking,sneaking,hi,label,checkbox,[TAG=label] [ROLE=checkbox] आगरा डिलीवरी पर रु. 299 हैंडलिंग शुल्क,sneaking:hi:13,synthetic_v1,0,0,0,0,0,1,0,0
Thulo बाट गेमिङ माउस बीमा पहिले नै छनोट (रु. 999),sneaking,sneaking,ne,label,checkbox,[TAG=label] [ROLE=checkbox] Thulo बाट गेमिङ माउस बीमा पहिले नै छनोट (रु. 999),sneaking:ne:19,synthetic_v1,0,0,0,0,0,1,0,0
रु. 499 सेवा शुल्क लागू,sneaking,sneaking,ne,p,fine_print,[TAG=p] [ROLE=fine_print] रु. 499 सेवा शुल्क लागू,sneaking:ne:03,synthetic_v1,0,0,0,0,0,1,0,0
पावर बैंक का बीमा आपके लिए चुना गया,sneaking,sneaking,hi,label,checkbox,[TAG=label] [ROLE=checkbox] पावर बैंक का बीमा आपके लिए चुना गया,sneaking:hi:07,synthetic_v1,0,0,0,0,0,1,0,0
hair dryer insurance from Salesberry pre-selected (Rs. 799),sneaking,sneaking,en,span,line_item,[TAG=span] [ROLE=line_item] hair dryer insurance from Salesberry pre-selected (Rs. 799),sneaking:en:19,synthetic_v1,0,0,0,0,0,1,0,0
तपाईंको योगा म्याट अर्डरमा प्राइम सदस्यता थपियो,sneaking,sneaking,ne,p,fine_print,[TAG=p] [ROLE=fine_print] तपाईंको योगा म्याट अर्डरमा प्राइम सदस्यता थपियो,sneaking:ne:14,synthetic_v1,0,0,0,0,0,1,0,0
आपका Amazon प्राइम ट्रायल रु. 449 पर रिन्यू होगा,sneaking,sneaking,hi,p,fine_print,[TAG=p] [ROLE=fine_print] आपका Amazon प्राइम ट्रायल रु. 449 पर रिन्यू होगा,sneaking:hi:21,synthetic_v1,0,0,0,0,0,1,0,0
वीरगन्ज डेलिभरीमा रु. 699 ह्यान्डलिङ शुल्क,sneaking,sneaking,ne,p,fine_print,[TAG=p] [ROLE=fine_print] वीरगन्ज डेलिभरीमा रु. 699 ह्यान्डलिङ शुल्क,sneaking:ne:13,synthetic_v1,0,0,0,0,0,1,0,0
"तपाईंको Myntra प्रिमियम ट्रायल रु. 1,999 मा नवीकरण हुनेछ",sneaking,sneaking,ne,p,fine_print,"[TAG=p] [ROLE=fine_print] तपाईंको Myntra प्रिमियम ट्रायल रु. 1,999 मा नवीकरण हुनेछ",sneaking:ne:21,synthetic_v1,0,0,0,0,0,1,0,0
जारी राखेमा हरेक महिना रु. 699 शुल्क लाग्नेछ,sneaking,sneaking,ne,span,line_item,[TAG=span] [ROLE=line_item] जारी राखेमा हरेक महिना रु. 699 शुल्क लाग्नेछ,sneaking:ne:01,synthetic_v1,0,0,0,0,0,1,0,0
Donation of Rs. 299 added to your Croma order,sneaking,sneaking,en,p,fine_print,[TAG=p] [ROLE=fine_print] Donation of Rs. 299 added to your Croma order,sneaking:en:22,synthetic_v1,0,0,0,0,0,1,0,0
दिल्ली ऑर्डर पर रु. 299 पैकेजिंग शुल्क,sneaking,sneaking,hi,p,fine_print,[TAG=p] [ROLE=fine_print] दिल्ली ऑर्डर पर रु. 299 पैकेजिंग शुल्क,sneaking:hi:20,synthetic_v1,0,0,0,0,0,1,0,0
"Snapdeal की प्रीमियम सदस्यता जोड़ी गई — रु. 2,999/महीना",sneaking,sneaking,hi,label,checkbox,"[TAG=label] [ROLE=checkbox] Snapdeal की प्रीमियम सदस्यता जोड़ी गई — रु. 2,999/महीना",sneaking:hi:17,synthetic_v1,0,0,0,0,0,1,0,0
"By continuing you agree to a recurring Rs. 1,999 monthly charge",sneaking,sneaking,en,label,checkbox,"[TAG=label] [ROLE=checkbox] By continuing you agree to a recurring Rs. 1,999 monthly charge",sneaking:en:01,synthetic_v1,0,0,0,0,0,1,0,0
हैदराबाद के लिए प्राथमिकता डिलीवरी चुनी गई (+रु. 199),sneaking,sneaking,hi,p,fine_print,[TAG=p] [ROLE=fine_print] हैदराबाद के लिए प्राथमिकता डिलीवरी चुनी गई (+रु. 199),sneaking:hi:23,synthetic_v1,0,0,0,0,0,1,0,0
"निःशुल्क ट्रायलपछि प्लस रु. 2,499/महिना हुनेछ",sneaking,sneaking,ne,p,fine_print,"[TAG=p] [ROLE=fine_print] निःशुल्क ट्रायलपछि प्लस रु. 2,499/महिना हुनेछ",sneaking:ne:04,synthetic_v1,0,0,0,0,0,1,0,0
"Shipping fee of Rs. 1,499 added at checkout",sneaking,sneaking,en,span,line_item,"[TAG=span] [ROLE=line_item] Shipping fee of Rs. 1,499 added at checkout",sneaking:en:00,synthetic_v1,0,0,0,0,0,1,0,0
ललितपुर का लागि प्राथमिकता डेलिभरी छनोट (+रु. 399),sneaking,sneaking,ne,p,fine_print,[TAG=p] [ROLE=fine_print] ललितपुर का लागि प्राथमिकता डेलिभरी छनोट (+रु. 399),sneaking:ne:23,synthetic_v1,0,0,0,0,0,1,0,0
Your Kinbech Premium trial renews at Rs. 299,sneaking,sneaking,en,p,fine_print,[TAG=p] [ROLE=fine_print] Your Kinbech Premium trial renews at Rs. 299,sneaking:en:21,synthetic_v1,0,0,0,0,0,1,0,0
Packaging fee Rs. 899 will be shown at payment,sneaking,sneaking,en,span,line_item,[TAG=span] [ROLE=line_item] Packaging fee Rs. 899 will be shown at payment,sneaking:en:15,synthetic_v1,0,0,0,0,0,1,0,0
Croma से स्पोर्ट्स सैंडल बीमा पहले से चुना गया (रु. 199),sneaking,sneaking,hi,label,checkbox,[TAG=label] [ROLE=checkbox] Croma से स्पोर्ट्स सैंडल बीमा पहले से चुना गया (रु. 199),sneaking:hi:19,synthetic_v1,0,0,0,0,0,1,0,0
आपका Zepto प्रीमियम ट्रायल रु. 599 पर रिन्यू होगा,sneaking,sneaking,hi,label,checkbox,[TAG=label] [ROLE=checkbox] आपका Zepto प्रीमियम ट्रायल रु. 599 पर रिन्यू होगा,sneaking:hi:21,synthetic_v1,0,0,0,0,0,1,0,0
Nykaa की प्राइम सदस्यता जोड़ी गई — रु. 249/महीना,sneaking,sneaking,hi,label,checkbox,[TAG=label] [ROLE=checkbox] Nykaa की प्राइम सदस्यता जोड़ी गई — रु. 249/महीना,sneaking:hi:17,synthetic_v1,0,0,0,0,0,1,0,0
"नेपालगन्ज डेलिभरीमा रु. 1,999 ह्यान्डलिङ शुल्क",sneaking,sneaking,ne,label,checkbox,"[TAG=label] [ROLE=checkbox] नेपालगन्ज डेलिभरीमा रु. 1,999 ह्यान्डलिङ शुल्क",sneaking:ne:13,synthetic_v1,0,0,0,0,0,1,0,0
"हेटौंडा डेलिभरीमा रु. 1,499 ह्यान्डलिङ शुल्क",sneaking,sneaking,ne,label,checkbox,"[TAG=label] [ROLE=checkbox] हेटौंडा डेलिभरीमा रु. 1,499 ह्यान्डलिङ शुल्क",sneaking:ne:13,synthetic_v1,0,0,0,0,0,1,0,0
"Handling charge of Rs. 2,499 for Biratnagar deliveries",sneaking,sneaking,en,span,line_item,"[TAG=span] [ROLE=line_item] Handling charge of Rs. 2,499 for Biratnagar deliveries",sneaking:en:13,synthetic_v1,0,0,0,0,0,1,0,0
Includes a 12-month Pro subscription,sneaking,sneaking,en,p,fine_print,[TAG=p] [ROLE=fine_print] Includes a 12-month Pro subscription,sneaking:en:10,synthetic_v1,0,0,0,0,0,1,0,0
अहमदाबाद डिलीवरी पर रु. 999 हैंडलिंग शुल्क,sneaking,sneaking,hi,span,line_item,[TAG=span] [ROLE=line_item] अहमदाबाद डिलीवरी पर रु. 999 हैंडलिंग शुल्क,sneaking:hi:13,synthetic_v1,0,0,0,0,0,1,0,0
"प्याकेजिङ शुल्क रु. 1,499 भुक्तानीमा देखिनेछ",sneaking,sneaking,ne,span,line_item,"[TAG=span] [ROLE=line_item] प्याकेजिङ शुल्क रु. 1,499 भुक्तानीमा देखिनेछ",sneaking:ne:15,synthetic_v1,0,0,0,0,0,1,0,0
जारी राखेमा हरेक महिना रु. 349 शुल्क लाग्नेछ,sneaking,sneaking,ne,span,line_item,[TAG=span] [ROLE=line_item] जारी राखेमा हरेक महिना रु. 349 शुल्क लाग्नेछ,sneaking:ne:01,synthetic_v1,0,0,0,0,0,1,0,0
OkDam ऑर्डर में रु. 349 का दान जोड़ा गया,sneaking,sneaking,hi,span,line_item,[TAG=span] [ROLE=line_item] OkDam ऑर्डर में रु. 349 का दान जोड़ा गया,sneaking:hi:22,synthetic_v1,0,0,0,0,0,1,0,0
Rs. 449 packaging charge applies for Lalitpur orders,sneaking,sneaking,en,label,checkbox,[TAG=label] [ROLE=checkbox] Rs. 449 packaging charge applies for Lalitpur orders,sneaking:en:20,synthetic_v1,0,0,0,0,0,1,0,0
Rs. 699 packaging charge applies for Bengaluru orders,sneaking,sneaking,en,label,checkbox,[TAG=label] [ROLE=checkbox] Rs. 699 packaging charge applies for Bengaluru orders,sneaking:en:20,synthetic_v1,0,0,0,0,0,1,0,0
"निःशुल्क ट्रायलपछि प्लस रु. 1,199/महिना हुनेछ",sneaking,sneaking,ne,p,fine_print,"[TAG=p] [ROLE=fine_print] निःशुल्क ट्रायलपछि प्लस रु. 1,199/महिना हुनेछ",sneaking:ne:04,synthetic_v1,0,0,0,0,0,1,0,0
Thulo बाट पावर ब्यांक बीमा पहिले नै छनोट (रु. 499),sneaking,sneaking,ne,span,line_item,[TAG=span] [ROLE=line_item] Thulo बाट पावर ब्यांक बीमा पहिले नै छनोट (रु. 499),sneaking:ne:19,synthetic_v1,0,0,0,0,0,1,0,0
Delivery to Pune costs an extra Rs. 699,sneaking,sneaking,en,p,fine_print,[TAG=p] [ROLE=fine_print] Delivery to Pune costs an extra Rs. 699,sneaking:en:18,synthetic_v1,0,0,0,0,0,1,0,0
"Handling charge of Rs. 1,499 for Lucknow deliveries",sneaking,sneaking,en,label,checkbox,"[TAG=label] [ROLE=checkbox] Handling charge of Rs. 1,499 for Lucknow deliveries",sneaking:en:13,synthetic_v1,0,0,0,0,0,1,0,0
Kinbech सेवा शुल्क रु. 199 आपके फेस वॉश ऑर्डर में जोड़ा गया,sneaking,sneaking,hi,p,fine_print,[TAG=p] [ROLE=fine_print] Kinbech सेवा शुल्क रु. 199 आपके फेस वॉश ऑर्डर में जोड़ा गया,sneaking:hi:16,synthetic_v1,0,0,0,0,0,1,0,0
सुविधा शुल्क रु. 599 समावेश,sneaking,sneaking,ne,span,line_item,[TAG=span] [ROLE=line_item] सुविधा शुल्क रु. 599 समावेश,sneaking:ne:05,synthetic_v1,0,0,0,0,0,1,0,0
We've added a donation of Rs. 999 to your order,sneaking,sneaking,en,p,fine_print,[TAG=p] [ROLE=fine_print] We've added a donation of Rs. 999 to your order,sneaking:en:06,synthetic_v1,0,0,0,0,0,1,0,0
Pro membership added to your noise cancelling headphones order,sneaking,sneaking,en,label,checkbox,[TAG=label] [ROLE=checkbox] Pro membership added to your noise cancelling headphones order,sneaking:en:14,synthetic_v1,0,0,0,0,0,1,0,0
Ajio ऑर्डर में रु. 899 का दान जोड़ा गया,sneaking,sneaking,hi,p,fine_print,[TAG=p] [ROLE=fine_print] Ajio ऑर्डर में रु. 899 का दान जोड़ा गया,sneaking:hi:22,synthetic_v1,0,0,0,0,0,1,0,0
चेकआउटमा रु. 599 ढुवानी शुल्क थपियो,sneaking,sneaking,ne,label,checkbox,[TAG=label] [ROLE=checkbox] चेकआउटमा रु. 599 ढुवानी शुल्क थपियो,sneaking:ne:00,synthetic_v1,0,0,0,0,0,1,0,0
HamroBazar बाट ल्यापटप ब्याग बीमा पहिले नै छनोट (रु. 399),sneaking,sneaking,ne,p,fine_print,[TAG=p] [ROLE=fine_print] HamroBazar बाट ल्यापटप ब्याग बीमा पहिले नै छनोट (रु. 399),sneaking:ne:19,synthetic_v1,0,0,0,0,0,1,0,0
Rs. 299 packaging charge applies for Delhi orders,sneaking,sneaking,en,label,checkbox,[TAG=label] [ROLE=checkbox] Rs. 299 packaging charge applies for Delhi orders,sneaking:en:20,synthetic_v1,0,0,0,0,0,1,0,0
Lenskart बाट हिउँदको ब्ल्याङ्केट बीमा पहिले नै छनोट (रु. 399),sneaking,sneaking,ne,p,fine_print,[TAG=p] [ROLE=fine_print] Lenskart बाट हिउँदको ब्ल्याङ्केट बीमा पहिले नै छनोट (रु. 399),sneaking:ne:19,synthetic_v1,0,0,0,0,0,1,0,0
Handling charge of Rs. 449 for Pune deliveries,sneaking,sneaking,en,label,checkbox,[TAG=label] [ROLE=checkbox] Handling charge of Rs. 449 for Pune deliveries,sneaking:en:13,synthetic_v1,0,0,0,0,0,1,0,0
प्राथमिकता डेलिभरी पहिले नै छनोट (+रु. 999),sneaking,sneaking,ne,span,line_item,[TAG=span] [ROLE=line_item] प्राथमिकता डेलिभरी पहिले नै छनोट (+रु. 999),sneaking:ne:09,synthetic_v1,0,0,0,0,0,1,0,0
रांची डिलीवरी पर अतिरिक्त रु. 899,sneaking,sneaking,hi,span,line_item,[TAG=span] [ROLE=line_item] रांची डिलीवरी पर अतिरिक्त रु. 899,sneaking:hi:18,synthetic_v1,0,0,0,0,0,1,0,0
cotton kurta insurance from Croma pre-selected (Rs. 149),sneaking,sneaking,en,span,line_item,[TAG=span] [ROLE=line_item] cotton kurta insurance from Croma pre-selected (Rs. 149),sneaking:en:19,synthetic_v1,0,0,0,0,0,1,0,0
Your free trial converts to Gold at Rs. 999/month,sneaking,sneaking,en,p,fine_print,[TAG=p] [ROLE=fine_print] Your free trial converts to Gold at Rs. 999/month,sneaking:en:04,synthetic_v1,0,0,0,0,0,1,0,0
"Blinkit की गोल्ड सदस्यता जोड़ी गई — रु. 2,499/महीना",sneaking,sneaking,hi,p,fine_print,"[TAG=p] [ROLE=fine_print] Blinkit की गोल्ड सदस्यता जोड़ी गई — रु. 2,499/महीना",sneaking:hi:17,synthetic_v1,0,0,0,0,0,1,0,0
9 महिनाको प्रिमियम सदस्यता समावेश,sneaking,sneaking,ne,label,checkbox,[TAG=label] [ROLE=checkbox] 9 महिनाको प्रिमियम सदस्यता समावेश,sneaking:ne:10,synthetic_v1,0,0,0,0,0,1,0,0
रु. 199 सेवा शुल्क लागू,sneaking,sneaking,ne,p,fine_print,[TAG=p] [ROLE=fine_print] रु. 199 सेवा शुल्क लागू,sneaking:ne:03,synthetic_v1,0,0,0,0,0,1,0,0
बागलुङ डेलिभरीमा थप रु. 49,sneaking,sneaking,ne,label,checkbox,[TAG=label] [ROLE=checkbox] बागलुङ डेलिभरीमा थप रु. 49,sneaking:ne:18,synthetic_v1,0,0,0,0,0,1,0,0
"HamroBazar की प्रीमियम सदस्यता जोड़ी गई — रु. 1,999/महीना",sneaking,sneaking,hi,label,checkbox,"[TAG=label] [ROLE=checkbox] HamroBazar की प्रीमियम सदस्यता जोड़ी गई — रु. 1,999/महीना",sneaking:hi:17,synthetic_v1,0,0,0,0,0,1,0,0
चेकआउटमा रु. 499 ढुवानी शुल्क थपियो,sneaking,sneaking,ne,p,fine_print,[TAG=p] [ROLE=fine_print] चेकआउटमा रु. 499 ढुवानी शुल्क थपियो,sneaking:ne:00,synthetic_v1,0,0,0,0,0,1,0,0
air fryer insurance from Kinbech pre-selected (Rs. 899),sneaking,sneaking,en,p,fine_print,[TAG=p] [ROLE=fine_print] air fryer insurance from Kinbech pre-selected (Rs. 899),sneaking:en:19,synthetic_v1,0,0,0,0,0,1,0,0
Your free trial converts to Prime at Rs. 699/month,sneaking,sneaking,en,label,checkbox,[TAG=label] [ROLE=checkbox] Your free trial converts to Prime at Rs. 699/month,sneaking:en:04,synthetic_v1,0,0,0,0,0,1,0,0
Handling charge of Rs. 449 for Jaipur deliveries,sneaking,sneaking,en,p,fine_print,[TAG=p] [ROLE=fine_print] Handling charge of Rs. 449 for Jaipur deliveries,sneaking:en:13,synthetic_v1,0,0,0,0,0,1,0,0
Meesho को प्रो सदस्यता थपियो — रु. 299/महिना,sneaking,sneaking,ne,p,fine_print,[TAG=p] [ROLE=fine_print] Meesho को प्रो सदस्यता थपियो — रु. 299/महिना,sneaking:ne:17,synthetic_v1,0,0,0,0,0,1,0,0
"Croma ऑर्डर में रु. 2,999 का दान जोड़ा गया",sneaking,sneaking,hi,span,line_item,"[TAG=span] [ROLE=line_item] Croma ऑर्डर में रु. 2,999 का दान जोड़ा गया",sneaking:hi:22,synthetic_v1,0,0,0,0,0,1,0,0
आपका OkDam प्रीमियम ट्रायल रु. 49 पर रिन्यू होगा,sneaking,sneaking,hi,label,checkbox,[TAG=label] [ROLE=checkbox] आपका OkDam प्रीमियम ट्रायल रु. 49 पर रिन्यू होगा,sneaking:hi:21,synthetic_v1,0,0,0,0,0,1,0,0
Priority delivery to Jaipur selected (+Rs. 449),sneaking,sneaking,en,label,checkbox,[TAG=label] [ROLE=checkbox] Priority delivery to Jaipur selected (+Rs. 449),sneaking:en:23,synthetic_v1,0,0,0,0,0,1,0,0
"आपके ऑर्डर में रु. 2,999 का दान जोड़ा गया",sneaking,sneaking,hi,span,line_item,"[TAG=span] [ROLE=line_item] आपके ऑर्डर में रु. 2,999 का दान जोड़ा गया",sneaking:hi:06,synthetic_v1,0,0,0,0,0,1,0,0
SastoDeal को प्रो सदस्यता थपियो — रु. 199/महिना,sneaking,sneaking,ne,p,fine_print,[TAG=p] [ROLE=fine_print] SastoDeal को प्रो सदस्यता थपियो — रु. 199/महिना,sneaking:ne:17,synthetic_v1,0,0,0,0,0,1,0,0
प्राथमिकता डेलिभरी पहिले नै छनोट (+रु. 349),sneaking,sneaking,ne,p,fine_print,[TAG=p] [ROLE=fine_print] प्राथमिकता डेलिभरी पहिले नै छनोट (+रु. 349),sneaking:ne:09,synthetic_v1,0,0,0,0,0,1,0,0
cotton kurta insurance from Amazon pre-selected (Rs. 599),sneaking,sneaking,en,p,fine_print,[TAG=p] [ROLE=fine_print] cotton kurta insurance from Amazon pre-selected (Rs. 599),sneaking:en:19,synthetic_v1,0,0,0,0,0,1,0,0
Nykaa बाट फेस वास बीमा पहिले नै छनोट (रु. 999),sneaking,sneaking,ne,p,fine_print,[TAG=p] [ROLE=fine_print] Nykaa बाट फेस वास बीमा पहिले नै छनोट (रु. 999),sneaking:ne:19,synthetic_v1,0,0,0,0,0,1,0,0
चेकआउट पर रु. 999 शिपिंग शुल्क जोड़ा गया,sneaking,sneaking,hi,p,fine_print,[TAG=p] [ROLE=fine_print] चेकआउट पर रु. 999 शिपिंग शुल्क जोड़ा गया,sneaking:hi:00,synthetic_v1,0,0,0,0,0,1,0,0
"Daraz से फोन कवर बीमा पहले से चुना गया (रु. 1,499)",sneaking,sneaking,hi,label,checkbox,"[TAG=label] [ROLE=checkbox] Daraz से फोन कवर बीमा पहले से चुना गया (रु. 1,499)",sneaking:hi:19,synthetic_v1,0,0,0,0,0,1,0,0
Priority delivery to Nepalgunj selected (+Rs. 599),sneaking,sneaking,en,p,fine_print,[TAG=p] [ROLE=fine_print] Priority delivery to Nepalgunj selected (+Rs. 599),sneaking:en:23,synthetic_v1,0,0,0,0,0,1,0,0
सुविधा शुल्क रु. 99 समावेश,sneaking,sneaking,ne,p,fine_print,[TAG=p] [ROLE=fine_print] सुविधा शुल्क रु. 99 समावेश,sneaking:ne:05,synthetic_v1,0,0,0,0,0,1,0,0
We've added a donation of Rs. 499 to your order,sneaking,sneaking,en,p,fine_print,[TAG=p] [ROLE=fine_print] We've added a donation of Rs. 499 to your order,sneaking:en:06,synthetic_v1,0,0,0,0,0,1,0,0
चितवन अर्डरमा रु. 49 प्याकेजिङ शुल्क,sneaking,sneaking,ne,p,fine_print,[TAG=p] [ROLE=fine_print] चितवन अर्डरमा रु. 49 प्याकेजिङ शुल्क,sneaking:ne:20,synthetic_v1,0,0,0,0,0,1,0,0
"निःशुल्क ट्रायलपछि प्राइम रु. 1,999/महिना हुनेछ",sneaking,sneaking,ne,label,checkbox,"[TAG=label] [ROLE=checkbox] निःशुल्क ट्रायलपछि प्राइम रु. 1,999/महिना हुनेछ",sneaking:ne:04,synthetic_v1,0,0,0,0,0,1,0,0
फ्री ट्रायल के बाद प्राइम रु. 899/महीना हो जाएगा,sneaking,sneaking,hi,p,fine_print,[TAG=p] [ROLE=fine_print] फ्री ट्रायल के बाद प्राइम रु. 899/महीना हो जाएगा,sneaking:hi:04,synthetic_v1,0,0,0,0,0,1,0,0
आपके ऑफिस चेयर ऑर्डर में गोल्ड सदस्यता जोड़ी गई,sneaking,sneaking,hi,label,checkbox,[TAG=label] [ROLE=checkbox] आपके ऑफिस चेयर ऑर्डर में गोल्ड सदस्यता जोड़ी गई,sneaking:hi:14,synthetic_v1,0,0,0,0,0,1,0,0
Your free trial converts to Premium at Rs. 99/month,sneaking,sneaking,en,p,fine_print,[TAG=p] [ROLE=fine_print] Your free trial converts to Premium at Rs. 99/month,sneaking:en:04,synthetic_v1,0,0,0,0,0,1,0,0
प्याकेजिङ शुल्क रु. 49 भुक्तानीमा देखिनेछ,sneaking,sneaking,ne,label,checkbox,[TAG=label] [ROLE=checkbox] प्याकेजिङ शुल्क रु. 49 भुक्तानीमा देखिनेछ,sneaking:ne:15,synthetic_v1,0,0,0,0,0,1,0,0
Prime membership from Blinkit added — Rs. 249/month,sneaking,sneaking,en,span,line_item,[TAG=span] [ROLE=line_item] Prime membership from Blinkit added — Rs. 249/month,sneaking:en:17,synthetic_v1,0,0,0,0,0,1,0,0
"बुटवल का लागि प्राथमिकता डेलिभरी छनोट (+रु. 2,499)",sneaking,sneaking,ne,label,checkbox,"[TAG=label] [ROLE=checkbox] बुटवल का लागि प्राथमिकता डेलिभरी छनोट (+रु. 2,499)",sneaking:ne:23,synthetic_v1,0,0,0,0,0,1,0,0
"Lenskart ऑर्डर में रु. 1,499 का दान जोड़ा गया",sneaking,sneaking,hi,label,checkbox,"[TAG=label] [ROLE=checkbox] Lenskart ऑर्डर में रु. 1,499 का दान जोड़ा गया",sneaking:hi:22,synthetic_v1,0,0,0,0,0,1,0,0
"Reliance Digital की प्रो सदस्यता जोड़ी गई — रु. 1,999/महीना",sneaking,sneaking,hi,p,fine_print,"[TAG=p] [ROLE=fine_print] Reliance Digital की प्रो सदस्यता जोड़ी गई — रु. 1,999/महीना",sneaking:hi:17,synthetic_v1,0,0,0,0,0,1,0,0
Donation of Rs. 499 added to your Reliance Digital order,sneaking,sneaking,en,span,line_item,[TAG=span] [ROLE=line_item] Donation of Rs. 499 added to your Reliance Digital order,sneaking:en:22,synthetic_v1,0,0,0,0,0,1,0,0
"तपाईंको Lenskart प्रिमियम ट्रायल रु. 2,999 मा नवीकरण हुनेछ",sneaking,sneaking,ne,p,fine_print,"[TAG=p] [ROLE=fine_print] तपाईंको Lenskart प्रिमियम ट्रायल रु. 2,999 मा नवीकरण हुनेछ",sneaking:ne:21,synthetic_v1,0,0,0,0,0,1,0,0
रांची डिलीवरी पर रु. 699 हैंडलिंग शुल्क,sneaking,sneaking,hi,span,line_item,[TAG=span] [ROLE=line_item] रांची डिलीवरी पर रु. 699 हैंडलिंग शुल्क,sneaking:hi:13,synthetic_v1,0,0,0,0,0,1,0,0
Rs. 299 packaging charge applies for Kathmandu orders,sneaking,sneaking,en,label,checkbox,[TAG=label] [ROLE=checkbox] Rs. 299 packaging charge applies for Kathmandu orders,sneaking:en:20,synthetic_v1,0,0,0,0,0,1,0,0
पुणे डिलीवरी पर अतिरिक्त रु. 699,sneaking,sneaking,hi,span,line_item,[TAG=span] [ROLE=line_item] पुणे डिलीवरी पर अतिरिक्त रु. 699,sneaking:hi:18,synthetic_v1,0,0,0,0,0,1,0,0
तपाईंको फर्मल सर्ट अर्डरमा प्रिमियम सदस्यता थपियो,sneaking,sneaking,ne,span,line_item,[TAG=span] [ROLE=line_item] तपाईंको फर्मल सर्ट अर्डरमा प्रिमियम सदस्यता थपियो,sneaking:ne:14,synthetic_v1,0,0,0,0,0,1,0,0
"Myntra से रनिंग शूज़ बीमा पहले से चुना गया (रु. 2,999)",sneaking,sneaking,hi,span,line_item,"[TAG=span] [ROLE=line_item] Myntra से रनिंग शूज़ बीमा पहले से चुना गया (रु. 2,999)",sneaking:hi:19,synthetic_v1,0,0,0,0,0,1,0,0
Blinkit ऑर्डर में रु. 449 का दान जोड़ा गया,sneaking,sneaking,hi,p,fine_print,[TAG=p] [ROLE=fine_print] Blinkit ऑर्डर में रु. 449 का दान जोड़ा गया,sneaking:hi:22,synthetic_v1,0,0,0,0,0,1,0,0
"SastoDeal सेवा शुल्क रु. 2,999 आपके गेमिंग माउस ऑर्डर में जोड़ा गया",sneaking,sneaking,hi,p,fine_print,"[TAG=p] [ROLE=fine_print] SastoDeal सेवा शुल्क रु. 2,999 आपके गेमिंग माउस ऑर्डर में जोड़ा गया",sneaking:hi:16,synthetic_v1,0,0,0,0,0,1,0,0
"निःशुल्क ट्रायलपछि प्रिमियम रु. 1,999/महिना हुनेछ",sneaking,sneaking,ne,span,line_item,"[TAG=span] [ROLE=line_item] निःशुल्क ट्रायलपछि प्रिमियम रु. 1,999/महिना हुनेछ",sneaking:ne:04,synthetic_v1,0,0,0,0,0,1,0,0
Rs. 349 packaging charge applies for Dharan orders,sneaking,sneaking,en,span,line_item,[TAG=span] [ROLE=line_item] Rs. 349 packaging charge applies for Dharan orders,sneaking:en:20,synthetic_v1,0,0,0,0,0,1,0,0
सुविधा शुल्क रु. 399 समावेश,sneaking,sneaking,ne,p,fine_print,[TAG=p] [ROLE=fine_print] सुविधा शुल्क रु. 399 समावेश,sneaking:ne:05,synthetic_v1,0,0,0,0,0,1,0,0
Service fee of Rs. 499 applied,sneaking,sneaking,en,label,checkbox,[TAG=label] [ROLE=checkbox] Service fee of Rs. 499 applied,sneaking:en:03,synthetic_v1,0,0,0,0,0,1,0,0
Delivery to Pune costs an extra Rs. 49,sneaking,sneaking,en,label,checkbox,[TAG=label] [ROLE=checkbox] Delivery to Pune costs an extra Rs. 49,sneaking:en:18,synthetic_v1,0,0,0,0,0,1,0,0
"Snapdeal की प्रीमियम सदस्यता जोड़ी गई — रु. 2,499/महीना",sneaking,sneaking,hi,span,line_item,"[TAG=span] [ROLE=line_item] Snapdeal की प्रीमियम सदस्यता जोड़ी गई — रु. 2,499/महीना",sneaking:hi:17,synthetic_v1,0,0,0,0,0,1,0,0
जनकपुर डेलिभरीमा रु. 799 ह्यान्डलिङ शुल्क,sneaking,sneaking,ne,label,checkbox,[TAG=label] [ROLE=checkbox] जनकपुर डेलिभरीमा रु. 799 ह्यान्डलिङ शुल्क,sneaking:ne:13,synthetic_v1,0,0,0,0,0,1,0,0
Insurance for face wash selected for you,sneaking,sneaking,en,label,checkbox,[TAG=label] [ROLE=checkbox] Insurance for face wash selected for you,sneaking:en:07,synthetic_v1,0,0,0,0,0,1,0,0
Handling charge of Rs. 149 for Lucknow deliveries,sneaking,sneaking,en,span,line_item,[TAG=span] [ROLE=line_item] Handling charge of Rs. 149 for Lucknow deliveries,sneaking:en:13,synthetic_v1,0,0,0,0,0,1,0,0
"तपाईंको Daraz प्राइम ट्रायल रु. 2,499 मा नवीकरण हुनेछ",sneaking,sneaking,ne,p,fine_print,"[TAG=p] [ROLE=fine_print] तपाईंको Daraz प्राइम ट्रायल रु. 2,499 मा नवीकरण हुनेछ",sneaking:ne:21,synthetic_v1,0,0,0,0,0,1,0,0
कानपुर डिलीवरी पर अतिरिक्त रु. 99,sneaking,sneaking,hi,p,fine_print,[TAG=p] [ROLE=fine_print] कानपुर डिलीवरी पर अतिरिक्त रु. 99,sneaking:hi:18,synthetic_v1,0,0,0,0,0,1,0,0
Priority delivery to Chitwan selected (+Rs. 699),sneaking,sneaking,en,span,line_item,[TAG=span] [ROLE=line_item] Priority delivery to Chitwan selected (+Rs. 699),sneaking:en:23,synthetic_v1,0,0,0,0,0,1,0,0
दिल्ली ऑर्डर पर रु. 49 पैकेजिंग शुल्क,sneaking,sneaking,hi,p,fine_print,[TAG=p] [ROLE=fine_print] दिल्ली ऑर्डर पर रु. 49 पैकेजिंग शुल्क,sneaking:hi:20,synthetic_v1,0,0,0,0,0,1,0,0
"बाँके अर्डरमा रु. 2,499 प्याकेजिङ शुल्क",sneaking,sneaking,ne,label,checkbox,"[TAG=label] [ROLE=checkbox] बाँके अर्डरमा रु. 2,499 प्याकेजिङ शुल्क",sneaking:ne:20,synthetic_v1,0,0,0,0,0,1,0,0
आपके कॉटन कुर्ता ऑर्डर में प्रीमियम सदस्यता जोड़ी गई,sneaking,sneaking,hi,p,fine_print,[TAG=p] [ROLE=fine_print] आपके कॉटन कुर्ता ऑर्डर में प्रीमियम सदस्यता जोड़ी गई,sneaking:hi:14,synthetic_v1,0,0,0,0,0,1,0,0
वाराणसी डिलीवरी पर अतिरिक्त रु. 449,sneaking,sneaking,hi,span,line_item,[TAG=span] [ROLE=line_item] वाराणसी डिलीवरी पर अतिरिक्त रु. 449,sneaking:hi:18,synthetic_v1,0,0,0,0,0,1,0,0
"सुर्खेत डेलिभरीमा थप रु. 2,499",sneaking,sneaking,ne,label,checkbox,"[TAG=label] [ROLE=checkbox] सुर्खेत डेलिभरीमा थप रु. 2,499",sneaking:ne:18,synthetic_v1,0,0,0,0,0,1,0,0
Flipkart बाट प्रोटिन पाउडर बीमा पहिले नै छनोट (रु. 799),sneaking,sneaking,ne,label,checkbox,[TAG=label] [ROLE=checkbox] Flipkart बाट प्रोटिन पाउडर बीमा पहिले नै छनोट (रु. 799),sneaking:ne:19,synthetic_v1,0,0,0,0,0,1,0,0
चंडीगढ़ डिलीवरी पर रु. 249 हैंडलिंग शुल्क,sneaking,sneaking,hi,label,checkbox,[TAG=label] [ROLE=checkbox] चंडीगढ़ डिलीवरी पर रु. 249 हैंडलिंग शुल्क,sneaking:hi:13,synthetic_v1,0,0,0,0,0,1,0,0
धरान डेलिभरीमा रु. 199 ह्यान्डलिङ शुल्क,sneaking,sneaking,ne,label,checkbox,[TAG=label] [ROLE=checkbox] धरान डेलिभरीमा रु. 199 ह्यान्डलिङ शुल्क,sneaking:ne:13,synthetic_v1,0,0,0,0,0,1,0,0
जयपुर डिलीवरी पर रु. 899 हैंडलिंग शुल्क,sneaking,sneaking,hi,label,checkbox,[TAG=label] [ROLE=checkbox] जयपुर डिलीवरी पर रु. 899 हैंडलिंग शुल्क,sneaking:hi:13,synthetic_v1,0,0,0,0,0,1,0,0
"Donation of Rs. 2,999 added to your BigBasket order",sneaking,sneaking,en,label,checkbox,"[TAG=label] [ROLE=checkbox] Donation of Rs. 2,999 added to your BigBasket order",sneaking:en:22,synthetic_v1,0,0,0,0,0,1,0,0
हैदराबाद डिलीवरी पर अतिरिक्त रु. 699,sneaking,sneaking,hi,span,line_item,[TAG=span] [ROLE=line_item] हैदराबाद डिलीवरी पर अतिरिक्त रु. 699,sneaking:hi:18,synthetic_v1,0,0,0,0,0,1,0,0
तपाईंको Kinbech प्लस ट्रायल रु. 799 मा नवीकरण हुनेछ,sneaking,sneaking,ne,p,fine_print,[TAG=p] [ROLE=fine_print] तपाईंको Kinbech प्लस ट्रायल रु. 799 मा नवीकरण हुनेछ,sneaking:ne:21,synthetic_v1,0,0,0,0,0,1,0,0
Nykaa ऑर्डर में रु. 799 का दान जोड़ा गया,sneaking,sneaking,hi,p,fine_print,[TAG=p] [ROLE=fine_print] Nykaa ऑर्डर में रु. 799 का दान जोड़ा गया,sneaking:hi:22,synthetic_v1,0,0,0,0,0,1,0,0
तपाईंको OkDam प्रिमियम ट्रायल रु. 199 मा नवीकरण हुनेछ,sneaking,sneaking,ne,label,checkbox,[TAG=label] [ROLE=checkbox] तपाईंको OkDam प्रिमियम ट्रायल रु. 199 मा नवीकरण हुनेछ,sneaking:ne:21,synthetic_v1,0,0,0,0,0,1,0,0
By continuing you agree to a recurring Rs. 299 monthly charge,sneaking,sneaking,en,span,line_item,[TAG=span] [ROLE=line_item] By continuing you agree to a recurring Rs. 299 monthly charge,sneaking:en:01,synthetic_v1,0,0,0,0,0,1,0,0
Croma service fee of Rs. 199 added to your backpack order,sneaking,sneaking,en,label,checkbox,[TAG=label] [ROLE=checkbox] Croma service fee of Rs. 199 added to your backpack order,sneaking:en:16,synthetic_v1,0,0,0,0,0,1,0,0
Rs. 399 packaging charge applies for Surat orders,sneaking,sneaking,en,p,fine_print,[TAG=p] [ROLE=fine_print] Rs. 399 packaging charge applies for Surat orders,sneaking:en:20,synthetic_v1,0,0,0,0,0,1,0,0
Gyapu ऑर्डर में रु. 349 का दान जोड़ा गया,sneaking,sneaking,hi,span,line_item,[TAG=span] [ROLE=line_item] Gyapu ऑर्डर में रु. 349 का दान जोड़ा गया,sneaking:hi:22,synthetic_v1,0,0,0,0,0,1,0,0
वाराणसी डिलीवरी पर अतिरिक्त रु. 149,sneaking,sneaking,hi,span,line_item,[TAG=span] [ROLE=line_item] वाराणसी डिलीवरी पर अतिरिक्त रु. 149,sneaking:hi:18,synthetic_v1,0,0,0,0,0,1,0,0
निःशुल्क ट्रायलपछि गोल्ड रु. 449/महिना हुनेछ,sneaking,sneaking,ne,p,fine_print,[TAG=p] [ROLE=fine_print] निःशुल्क ट्रायलपछि गोल्ड रु. 449/महिना हुनेछ,sneaking:ne:04,synthetic_v1,0,0,0,0,0,1,0,0
Your free trial converts to Premium at Rs. 299/month,sneaking,sneaking,en,span,line_item,[TAG=span] [ROLE=line_item] Your free trial converts to Premium at Rs. 299/month,sneaking:en:04,synthetic_v1,0,0,0,0,0,1,0,0
"Flipkart को प्रो सदस्यता थपियो — रु. 1,999/महिना",sneaking,sneaking,ne,span,line_item,"[TAG=span] [ROLE=line_item] Flipkart को प्रो सदस्यता थपियो — रु. 1,999/महिना",sneaking:ne:17,synthetic_v1,0,0,0,0,0,1,0,0
प्याकेजिङ शुल्क रु. 999 भुक्तानीमा देखिनेछ,sneaking,sneaking,ne,p,fine_print,[TAG=p] [ROLE=fine_print] प्याकेजिङ शुल्क रु. 999 भुक्तानीमा देखिनेछ,sneaking:ne:15,synthetic_v1,0,0,0,0,0,1,0,0
रांची के लिए प्राथमिकता डिलीवरी चुनी गई (+रु. 499),sneaking,sneaking,hi,label,checkbox,[TAG=label] [ROLE=checkbox] रांची के लिए प्राथमिकता डिलीवरी चुनी गई (+रु. 499),sneaking:hi:23,synthetic_v1,0,0,0,0,0,1,0,0
Gyapu की गोल्ड सदस्यता जोड़ी गई — रु. 99/महीना,sneaking,sneaking,hi,p,fine_print,[TAG=p] [ROLE=fine_print] Gyapu की गोल्ड सदस्यता जोड़ी गई — रु. 99/महीना,sneaking:hi:17,synthetic_v1,0,0,0,0,0,1,0,0
फॉर्मल शर्ट का बीमा आपके लिए चुना गया,sneaking,sneaking,hi,p,fine_print,[TAG=p] [ROLE=fine_print] फॉर्मल शर्ट का बीमा आपके लिए चुना गया,sneaking:hi:07,synthetic_v1,0,0,0,0,0,1,0,0
"Thulo सेवा शुल्क रु. 2,499 आपके नॉइज़ कैंसलिंग हेडफोन ऑर्डर में जोड़ा गया",sneaking,sneaking,hi,label,checkbox,"[TAG=label] [ROLE=checkbox] Thulo सेवा शुल्क रु. 2,499 आपके नॉइज़ कैंसलिंग हेडफोन ऑर्डर में जोड़ा गया",sneaking:hi:16,synthetic_v1,0,0,0,0,0,1,0,0
"नासिक डिलीवरी पर रु. 1,999 हैंडलिंग शुल्क",sneaking,sneaking,hi,label,checkbox,"[TAG=label] [ROLE=checkbox] नासिक डिलीवरी पर रु. 1,999 हैंडलिंग शुल्क",sneaking:hi:13,synthetic_v1,0,0,0,0,0,1,0,0
फ्री ट्रायल के बाद प्लस रु. 349/महीना हो जाएगा,sneaking,sneaking,hi,p,fine_print,[TAG=p] [ROLE=fine_print] फ्री ट्रायल के बाद प्लस रु. 349/महीना हो जाएगा,sneaking:hi:04,synthetic_v1,0,0,0,0,0,1,0,0
"Packaging fee Rs. 1,999 will be shown at payment",sneaking,sneaking,en,span,line_item,"[TAG=span] [ROLE=line_item] Packaging fee Rs. 1,999 will be shown at payment",sneaking:en:15,synthetic_v1,0,0,0,0,0,1,0,0
4 महीने की प्राइम सदस्यता शामिल,sneaking,sneaking,hi,label,checkbox,[TAG=label] [ROLE=checkbox] 4 महीने की प्राइम सदस्यता शामिल,sneaking:hi:10,synthetic_v1,0,0,0,0,0,1,0,0
HamroBazar से इंडक्शन चूल्हा बीमा पहले से चुना गया (रु. 699),sneaking,sneaking,hi,label,checkbox,[TAG=label] [ROLE=checkbox] HamroBazar से इंडक्शन चूल्हा बीमा पहले से चुना गया (रु. 699),sneaking:hi:19,synthetic_v1,0,0,0,0,0,1,0,0
Rs. 199 packaging charge applies for Butwal orders,sneaking,sneaking,en,label,checkbox,[TAG=label] [ROLE=checkbox] Rs. 199 packaging charge applies for Butwal orders,sneaking:en:20,synthetic_v1,0,0,0,0,0,1,0,0
Shipping fee of Rs. 599 added at checkout,sneaking,sneaking,en,span,line_item,[TAG=span] [ROLE=line_item] Shipping fee of Rs. 599 added at checkout,sneaking:en:00,synthetic_v1,0,0,0,0,0,1,0,0
Your Meesho Pro trial renews at Rs. 99,sneaking,sneaking,en,label,checkbox,[TAG=label] [ROLE=checkbox] Your Meesho Pro trial renews at Rs. 99,sneaking:en:21,synthetic_v1,0,0,0,0,0,1,0,0
Meesho service fee of Rs. 799 added to your face wash order,sneaking,sneaking,en,p,fine_print,[TAG=p] [ROLE=fine_print] Meesho service fee of Rs. 799 added to your face wash order,sneaking:en:16,synthetic_v1,0,0,0,0,0,1,0,0
वीरगन्ज का लागि प्राथमिकता डेलिभरी छनोट (+रु. 899),sneaking,sneaking,ne,label,checkbox,[TAG=label] [ROLE=checkbox] वीरगन्ज का लागि प्राथमिकता डेलिभरी छनोट (+रु. 899),sneaking:ne:23,synthetic_v1,0,0,0,0,0,1,0,0
Gold membership added to your noise cancelling headphones order,sneaking,sneaking,en,label,checkbox,[TAG=label] [ROLE=checkbox] Gold membership added to your noise cancelling headphones order,sneaking:en:14,synthetic_v1,0,0,0,0,0,1,0,0
"Prime membership from Croma added — Rs. 1,199/month",sneaking,sneaking,en,label,checkbox,"[TAG=label] [ROLE=checkbox] Prime membership from Croma added — Rs. 1,199/month",sneaking:en:17,synthetic_v1,0,0,0,0,0,1,0,0
"धनगढी डेलिभरीमा थप रु. 1,499",sneaking,sneaking,ne,p,fine_print,"[TAG=p] [ROLE=fine_print] धनगढी डेलिभरीमा थप रु. 1,499",sneaking:ne:18,synthetic_v1,0,0,0,0,0,1,0,0
पैकेजिंग शुल्क रु. 449 भुगतान पर दिखेगा,sneaking,sneaking,hi,p,fine_print,[TAG=p] [ROLE=fine_print] पैकेजिंग शुल्क रु. 449 भुगतान पर दिखेगा,sneaking:hi:15,synthetic_v1,0,0,0,0,0,1,0,0
Rs. 999 packaging charge applies for Indore orders,sneaking,sneaking,en,p,fine_print,[TAG=p] [ROLE=fine_print] Rs. 999 packaging charge applies for Indore orders,sneaking:en:20,synthetic_v1,0,0,0,0,0,1,0,0
By continuing you agree to a recurring Rs. 49 monthly charge,sneaking,sneaking,en,p,fine_print,[TAG=p] [ROLE=fine_print] By continuing you agree to a recurring Rs. 49 monthly charge,sneaking:en:01,synthetic_v1,0,0,0,0,0,1,0,0
Packaging fee Rs. 99 will be shown at payment,sneaking,sneaking,en,label,checkbox,[TAG=label] [ROLE=checkbox] Packaging fee Rs. 99 will be shown at payment,sneaking:en:15,synthetic_v1,0,0,0,0,0,1,0,0
Blinkit बाट फर्मल सर्ट बीमा पहिले नै छनोट (रु. 449),sneaking,sneaking,ne,span,line_item,[TAG=span] [ROLE=line_item] Blinkit बाट फर्मल सर्ट बीमा पहिले नै छनोट (रु. 449),sneaking:ne:19,synthetic_v1,0,0,0,0,0,1,0,0
Your free trial converts to Prime at Rs. 449/month,sneaking,sneaking,en,label,checkbox,[TAG=label] [ROLE=checkbox] Your free trial converts to Prime at Rs. 449/month,sneaking:en:04,synthetic_v1,0,0,0,0,0,1,0,0
Ajio अर्डरमा रु. 999 दान थपियो,sneaking,sneaking,ne,span,line_item,[TAG=span] [ROLE=line_item] Ajio अर्डरमा रु. 999 दान थपियो,sneaking:ne:22,synthetic_v1,0,0,0,0,0,1,0,0
"Handling charge of Rs. 1,999 for Lalitpur deliveries",sneaking,sneaking,en,label,checkbox,"[TAG=label] [ROLE=checkbox] Handling charge of Rs. 1,999 for Lalitpur deliveries",sneaking:en:13,synthetic_v1,0,0,0,0,0,1,0,0
अहमदाबाद के लिए प्राथमिकता डिलीवरी चुनी गई (+रु. 699),sneaking,sneaking,hi,span,line_item,[TAG=span] [ROLE=line_item] अहमदाबाद के लिए प्राथमिकता डिलीवरी चुनी गई (+रु. 699),sneaking:hi:23,synthetic_v1,0,0,0,0,0,1,0,0
चेकआउटमा रु. 49 ढुवानी शुल्क थपियो,sneaking,sneaking,ne,label,checkbox,[TAG=label] [ROLE=checkbox] चेकआउटमा रु. 49 ढुवानी शुल्क थपियो,sneaking:ne:00,synthetic_v1,0,0,0,0,0,1,0,0
"जारी राखेमा हरेक महिना रु. 1,199 शुल्क लाग्नेछ",sneaking,sneaking,ne,p,fine_print,"[TAG=p] [ROLE=fine_print] जारी राखेमा हरेक महिना रु. 1,199 शुल्क लाग्नेछ",sneaking:ne:01,synthetic_v1,0,0,0,0,0,1,0,0
Delivery to Delhi costs an extra Rs. 149,sneaking,sneaking,en,label,checkbox,[TAG=label] [ROLE=checkbox] Delivery to Delhi costs an extra Rs. 149,sneaking:en:18,synthetic_v1,0,0,0,0,0,1,0,0
"Priority delivery to Kolkata selected (+Rs. 1,199)",sneaking,sneaking,en,label,checkbox,"[TAG=label] [ROLE=checkbox] Priority delivery to Kolkata selected (+Rs. 1,199)",sneaking:en:23,synthetic_v1,0,0,0,0,0,1,0,0
Handling charge of Rs. 49 for Indore deliveries,sneaking,sneaking,en,p,fine_print,[TAG=p] [ROLE=fine_print] Handling charge of Rs. 49 for Indore deliveries,sneaking:en:13,synthetic_v1,0,0,0,0,0,1,0,0
आपके धूप का चश्मा ऑर्डर में प्राइम सदस्यता जोड़ी गई,sneaking,sneaking,hi,label,checkbox,[TAG=label] [ROLE=checkbox] आपके धूप का चश्मा ऑर्डर में प्राइम सदस्यता जोड़ी गई,sneaking:hi:14,synthetic_v1,0,0,0,0,0,1,0,0
Prime membership from Blinkit added — Rs. 699/month,sneaking,sneaking,en,p,fine_print,[TAG=p] [ROLE=fine_print] Prime membership from Blinkit added — Rs. 699/month,sneaking:en:17,synthetic_v1,0,0,0,0,0,1,0,0
आपका Myntra प्लस ट्रायल रु. 349 पर रिन्यू होगा,sneaking,sneaking,hi,span,line_item,[TAG=span] [ROLE=line_item] आपका Myntra प्लस ट्रायल रु. 349 पर रिन्यू होगा,sneaking:hi:21,synthetic_v1,0,0,0,0,0,1,0,0
"बुटवल डेलिभरीमा थप रु. 1,999",sneaking,sneaking,ne,p,fine_print,"[TAG=p] [ROLE=fine_print] बुटवल डेलिभरीमा थप रु. 1,999",sneaking:ne:18,synthetic_v1,0,0,0,0,0,1,0,0
Insurance for induction cooktop selected for you,sneaking,sneaking,en,span,line_item,[TAG=span] [ROLE=line_item] Insurance for induction cooktop selected for you,sneaking:en:07,synthetic_v1,0,0,0,0,0,1,0,0
"पैकेजिंग शुल्क रु. 2,499 भुगतान पर दिखेगा",sneaking,sneaking,hi,span,line_item,"[TAG=span] [ROLE=line_item] पैकेजिंग शुल्क रु. 2,499 भुगतान पर दिखेगा",sneaking:hi:15,synthetic_v1,0,0,0,0,0,1,0,0
Snapdeal की गोल्ड सदस्यता जोड़ी गई — रु. 699/महीना,sneaking,sneaking,hi,label,checkbox,[TAG=label] [ROLE=checkbox] Snapdeal की गोल्ड सदस्यता जोड़ी गई — रु. 699/महीना,sneaking:hi:17,synthetic_v1,0,0,0,0,0,1,0,0
Delivery to Mumbai costs an extra Rs. 199,sneaking,sneaking,en,p,fine_print,[TAG=p] [ROLE=fine_print] Delivery to Mumbai costs an extra Rs. 199,sneaking:en:18,synthetic_v1,0,0,0,0,0,1,0,0
Priority delivery pre-selected (+Rs. 399),sneaking,sneaking,en,p,fine_print,[TAG=p] [ROLE=fine_print] Priority delivery pre-selected (+Rs. 399),sneaking:en:09,synthetic_v1,0,0,0,0,0,1,0,0
Flipkart से स्कूल बैग बीमा पहले से चुना गया (रु. 99),sneaking,sneaking,hi,span,line_item,[TAG=span] [ROLE=line_item] Flipkart से स्कूल बैग बीमा पहले से चुना गया (रु. 99),sneaking:hi:19,synthetic_v1,0,0,0,0,0,1,0,0
निःशुल्क ट्रायलपछि प्रो रु. 999/महिना हुनेछ,sneaking,sneaking,ne,p,fine_print,[TAG=p] [ROLE=fine_print] निःशुल्क ट्रायलपछि प्रो रु. 999/महिना हुनेछ,sneaking:ne:04,synthetic_v1,0,0,0,0,0,1,0,0
"Meesho सेवा शुल्क रु. 1,499 तपाईंको एयर फ्रायर अर्डरमा थपियो",sneaking,sneaking,ne,p,fine_print,"[TAG=p] [ROLE=fine_print] Meesho सेवा शुल्क रु. 1,499 तपाईंको एयर फ्रायर अर्डरमा थपियो",sneaking:ne:16,synthetic_v1,0,0,0,0,0,1,0,0
BigBasket बाट ब्याकप्याक बीमा पहिले नै छनोट (रु. 299),sneaking,sneaking,ne,span,line_item,[TAG=span] [ROLE=line_item] BigBasket बाट ब्याकप्याक बीमा पहिले नै छनोट (रु. 299),sneaking:ne:19,synthetic_v1,0,0,0,0,0,1,0,0
"Service fee of Rs. 1,199 applied",sneaking,sneaking,en,p,fine_print,"[TAG=p] [ROLE=fine_print] Service fee of Rs. 1,199 applied",sneaking:en:03,synthetic_v1,0,0,0,0,0,1,0,0
Prime membership added to your winter blanket order,sneaking,sneaking,en,p,fine_print,[TAG=p] [ROLE=fine_print] Prime membership added to your winter blanket order,sneaking:en:14,synthetic_v1,0,0,0,0,0,1,0,0
bluetooth speaker insurance from BigBasket pre-selected (Rs. 149),sneaking,sneaking,en,label,checkbox,[TAG=label] [ROLE=checkbox] bluetooth speaker insurance from BigBasket pre-selected (Rs. 149),sneaking:en:19,synthetic_v1,0,0,0,0,0,1,0,0
तपाईंको ट्रेकिङ ज्याकेट अर्डरमा प्राइम सदस्यता थपियो,sneaking,sneaking,ne,span,line_item,[TAG=span] [ROLE=line_item] तपाईंको ट्रेकिङ ज्याकेट अर्डरमा प्राइम सदस्यता थपियो,sneaking:ne:14,synthetic_v1,0,0,0,0,0,1,0,0
Convenience fee of Rs. 149 included,sneaking,sneaking,en,p,fine_print,[TAG=p] [ROLE=fine_print] Convenience fee of Rs. 149 included,sneaking:en:05,synthetic_v1,0,0,0,0,0,1,0,0
Flipkart ऑर्डर में रु. 699 का दान जोड़ा गया,sneaking,sneaking,hi,span,line_item,[TAG=span] [ROLE=line_item] Flipkart ऑर्डर में रु. 699 का दान जोड़ा गया,sneaking:hi:22,synthetic_v1,0,0,0,0,0,1,0,0
Ajio service fee of Rs. 699 added to your wireless earbuds order,sneaking,sneaking,en,span,line_item,[TAG=span] [ROLE=line_item] Ajio service fee of Rs. 699 added to your wireless earbuds order,sneaking:en:16,synthetic_v1,0,0,0,0,0,1,0,0
"बुटवल का लागि प्राथमिकता डेलिभरी छनोट (+रु. 2,999)",sneaking,sneaking,ne,p,fine_print,"[TAG=p] [ROLE=fine_print] बुटवल का लागि प्राथमिकता डेलिभरी छनोट (+रु. 2,999)",sneaking:ne:23,synthetic_v1,0,0,0,0,0,1,0,0
आपका BigBasket प्लस ट्रायल रु. 899 पर रिन्यू होगा,sneaking,sneaking,hi,span,line_item,[TAG=span] [ROLE=line_item] आपका BigBasket प्लस ट्रायल रु. 899 पर रिन्यू होगा,sneaking:hi:21,synthetic_v1,0,0,0,0,0,1,0,0
तपाईंको OkDam प्रिमियम ट्रायल रु. 499 मा नवीकरण हुनेछ,sneaking,sneaking,ne,p,fine_print,[TAG=p] [ROLE=fine_print] तपाईंको OkDam प्रिमियम ट्रायल रु. 499 मा नवीकरण हुनेछ,sneaking:ne:21,synthetic_v1,0,0,0,0,0,1,0,0
Priority delivery to Lucknow selected (+Rs. 799),sneaking,sneaking,en,span,line_item,[TAG=span] [ROLE=line_item] Priority delivery to Lucknow selected (+Rs. 799),sneaking:en:23,synthetic_v1,0,0,0,0,0,1,0,0
Rs. 49 packaging charge applies for Bhaktapur orders,sneaking,sneaking,en,span,line_item,[TAG=span] [ROLE=line_item] Rs. 49 packaging charge applies for Bhaktapur orders,sneaking:en:20,synthetic_v1,0,0,0,0,0,1,0,0
Gyapu ऑर्डर में रु. 199 का दान जोड़ा गया,sneaking,sneaking,hi,label,checkbox,[TAG=label] [ROLE=checkbox] Gyapu ऑर्डर में रु. 199 का दान जोड़ा गया,sneaking:hi:22,synthetic_v1,0,0,0,0,0,1,0,0
Your free trial converts to Plus at Rs. 999/month,sneaking,sneaking,en,span,line_item,[TAG=span] [ROLE=line_item] Your free trial converts to Plus at Rs. 999/month,sneaking:en:04,synthetic_v1,0,0,0,0,0,1,0,0
रांची ऑर्डर पर रु. 699 पैकेजिंग शुल्क,sneaking,sneaking,hi,label,checkbox,[TAG=label] [ROLE=checkbox] रांची ऑर्डर पर रु. 699 पैकेजिंग शुल्क,sneaking:hi:20,synthetic_v1,0,0,0,0,0,1,0,0
Prime membership added to your coffee maker order,sneaking,sneaking,en,label,checkbox,[TAG=label] [ROLE=checkbox] Prime membership added to your coffee maker order,sneaking:en:14,synthetic_v1,0,0,0,0,0,1,0,0
Salesberry अर्डरमा रु. 99 दान थपियो,sneaking,sneaking,ne,label,checkbox,[TAG=label] [ROLE=checkbox] Salesberry अर्डरमा रु. 99 दान थपियो,sneaking:ne:22,synthetic_v1,0,0,0,0,0,1,0,0
Delivery to Kathmandu costs an extra Rs. 899,sneaking,sneaking,en,span,line_item,[TAG=span] [ROLE=line_item] Delivery to Kathmandu costs an extra Rs. 899,sneaking:en:18,synthetic_v1,0,0,0,0,0,1,0,0
Includes a 6-month Premium subscription,sneaking,sneaking,en,p,fine_print,[TAG=p] [ROLE=fine_print] Includes a 6-month Premium subscription,sneaking:en:10,synthetic_v1,0,0,0,0,0,1,0,0
नेपालगन्ज अर्डरमा रु. 249 प्याकेजिङ शुल्क,sneaking,sneaking,ne,span,line_item,[TAG=span] [ROLE=line_item] नेपालगन्ज अर्डरमा रु. 249 प्याकेजिङ शुल्क,sneaking:ne:20,synthetic_v1,0,0,0,0,0,1,0,0
Your Snapdeal Plus trial renews at Rs. 999,sneaking,sneaking,en,p,fine_print,[TAG=p] [ROLE=fine_print] Your Snapdeal Plus trial renews at Rs. 999,sneaking:en:21,synthetic_v1,0,0,0,0,0,1,0,0
जनकपुर डेलिभरीमा रु. 299 ह्यान्डलिङ शुल्क,sneaking,sneaking,ne,label,checkbox,[TAG=label] [ROLE=checkbox] जनकपुर डेलिभरीमा रु. 299 ह्यान्डलिङ शुल्क,sneaking:ne:13,synthetic_v1,0,0,0,0,0,1,0,0
Snapdeal को प्रिमियम सदस्यता थपियो — रु. 149/महिना,sneaking,sneaking,ne,p,fine_print,[TAG=p] [ROLE=fine_print] Snapdeal को प्रिमियम सदस्यता थपियो — रु. 149/महिना,sneaking:ne:17,synthetic_v1,0,0,0,0,0,1,0,0
SastoDeal से स्पोर्ट्स सैंडल बीमा पहले से चुना गया (रु. 299),sneaking,sneaking,hi,span,line_item,[TAG=span] [ROLE=line_item] SastoDeal से स्पोर्ट्स सैंडल बीमा पहले से चुना गया (रु. 299),sneaking:hi:19,synthetic_v1,0,0,0,0,0,1,0,0
Gold membership added to your wireless earbuds order,sneaking,sneaking,en,span,line_item,[TAG=span] [ROLE=line_item] Gold membership added to your wireless earbuds order,sneaking:en:14,synthetic_v1,0,0,0,0,0,1,0,0
"Handling charge of Rs. 1,199 for Butwal deliveries",sneaking,sneaking,en,p,fine_print,"[TAG=p] [ROLE=fine_print] Handling charge of Rs. 1,199 for Butwal deliveries",sneaking:en:13,synthetic_v1,0,0,0,0,0,1,0,0
Handling charge of Rs. 499 for Jaipur deliveries,sneaking,sneaking,en,label,checkbox,[TAG=label] [ROLE=checkbox] Handling charge of Rs. 499 for Jaipur deliveries,sneaking:en:13,synthetic_v1,0,0,0,0,0,1,0,0
laptop bag insurance from SastoDeal pre-selected (Rs. 249),sneaking,sneaking,en,p,fine_print,[TAG=p] [ROLE=fine_print] laptop bag insurance from SastoDeal pre-selected (Rs. 249),sneaking:en:19,synthetic_v1,0,0,0,0,0,1,0,0
JioMart की प्रीमियम सदस्यता जोड़ी गई — रु. 199/महीना,sneaking,sneaking,hi,p,fine_print,[TAG=p] [ROLE=fine_print] JioMart की प्रीमियम सदस्यता जोड़ी गई — रु. 199/महीना,sneaking:hi:17,synthetic_v1,0,0,0,0,0,1,0,0
रु. 199 सेवा शुल्क लागू,sneaking,sneaking,hi,p,fine_print,[TAG=p] [ROLE=fine_print] रु. 199 सेवा शुल्क लागू,sneaking:hi:03,synthetic_v1,0,0,0,0,0,1,0,0
Rs. 99 packaging charge applies for Butwal orders,sneaking,sneaking,en,p,fine_print,[TAG=p] [ROLE=fine_print] Rs. 99 packaging charge applies for Butwal orders,sneaking:en:20,synthetic_v1,0,0,0,0,0,1,0,0
"Delivery to Biratnagar costs an extra Rs. 1,499",sneaking,sneaking,en,p,fine_print,"[TAG=p] [ROLE=fine_print] Delivery to Biratnagar costs an extra Rs. 1,499",sneaking:en:18,synthetic_v1,0,0,0,0,0,1,0,0
"Priority delivery to Delhi selected (+Rs. 2,999)",sneaking,sneaking,en,span,line_item,"[TAG=span] [ROLE=line_item] Priority delivery to Delhi selected (+Rs. 2,999)",sneaking:en:23,synthetic_v1,0,0,0,0,0,1,0,0
पैकेजिंग शुल्क रु. 599 भुगतान पर दिखेगा,sneaking,sneaking,hi,span,line_item,[TAG=span] [ROLE=line_item] पैकेजिंग शुल्क रु. 599 भुगतान पर दिखेगा,sneaking:hi:15,synthetic_v1,0,0,0,0,0,1,0,0
"तपाईंको FirstCry प्राइम ट्रायल रु. 2,999 मा नवीकरण हुनेछ",sneaking,sneaking,ne,label,checkbox,"[TAG=label] [ROLE=checkbox] तपाईंको FirstCry प्राइम ट्रायल रु. 2,999 मा नवीकरण हुनेछ",sneaking:ne:21,synthetic_v1,0,0,0,0,0,1,0,0
Ajio को प्राइम सदस्यता थपियो — रु. 249/महिना,sneaking,sneaking,ne,span,line_item,[TAG=span] [ROLE=line_item] Ajio को प्राइम सदस्यता थपियो — रु. 249/महिना,sneaking:ne:17,synthetic_v1,0,0,0,0,0,1,0,0
"आगरा ऑर्डर पर रु. 2,999 पैकेजिंग शुल्क",sneaking,sneaking,hi,label,checkbox,"[TAG=label] [ROLE=checkbox] आगरा ऑर्डर पर रु. 2,999 पैकेजिंग शुल्क",sneaking:hi:20,synthetic_v1,0,0,0,0,0,1,0,0
"तपाईंको अर्डरमा रु. 2,999 दान थपियो",sneaking,sneaking,ne,label,checkbox,"[TAG=label] [ROLE=checkbox] तपाईंको अर्डरमा रु. 2,999 दान थपियो",sneaking:ne:06,synthetic_v1,0,0,0,0,0,1,0,0
HamroBazar सेवा शुल्क रु. 899 आपके स्कूल बैग ऑर्डर में जोड़ा गया,sneaking,sneaking,hi,span,line_item,[TAG=span] [ROLE=line_item] HamroBazar सेवा शुल्क रु. 899 आपके स्कूल बैग ऑर्डर में जोड़ा गया,sneaking:hi:16,synthetic_v1,0,0,0,0,0,1,0,0
"बेंगलुरु डिलीवरी पर रु. 1,999 हैंडलिंग शुल्क",sneaking,sneaking,hi,p,fine_print,"[TAG=p] [ROLE=fine_print] बेंगलुरु डिलीवरी पर रु. 1,999 हैंडलिंग शुल्क",sneaking:hi:13,synthetic_v1,0,0,0,0,0,1,0,0
Handling charge of Rs. 49 for Pune deliveries,sneaking,sneaking,en,p,fine_print,[TAG=p] [ROLE=fine_print] Handling charge of Rs. 49 for Pune deliveries,sneaking:en:13,synthetic_v1,0,0,0,0,0,1,0,0
Includes a 4-month Prime subscription,sneaking,sneaking,en,p,fine_print,[TAG=p] [ROLE=fine_print] Includes a 4-month Prime subscription,sneaking:en:10,synthetic_v1,0,0,0,0,0,1,0,0
Delivery to Lucknow costs an extra Rs. 799,sneaking,sneaking,en,label,checkbox,[TAG=label] [ROLE=checkbox] Delivery to Lucknow costs an extra Rs. 799,sneaking:en:18,synthetic_v1,0,0,0,0,0,1,0,0
तपाईंको हिउँदको ब्ल्याङ्केट अर्डरमा प्लस सदस्यता थपियो,sneaking,sneaking,ne,span,line_item,[TAG=span] [ROLE=line_item] तपाईंको हिउँदको ब्ल्याङ्केट अर्डरमा प्लस सदस्यता थपियो,sneaking:ne:14,synthetic_v1,0,0,0,0,0,1,0,0
Thulo सेवा शुल्क रु. 249 आपके एयर फ्रायर ऑर्डर में जोड़ा गया,sneaking,sneaking,hi,span,line_item,[TAG=span] [ROLE=line_item] Thulo सेवा शुल्क रु. 249 आपके एयर फ्रायर ऑर्डर में जोड़ा गया,sneaking:hi:16,synthetic_v1,0,0,0,0,0,1,0,0
अहमदाबाद डिलीवरी पर अतिरिक्त रु. 799,sneaking,sneaking,hi,p,fine_print,[TAG=p] [ROLE=fine_print] अहमदाबाद डिलीवरी पर अतिरिक्त रु. 799,sneaking:hi:18,synthetic_v1,0,0,0,0,0,1,0,0
"Premium membership from Amazon added — Rs. 2,499/month",sneaking,sneaking,en,label,checkbox,"[TAG=label] [ROLE=checkbox] Premium membership from Amazon added — Rs. 2,499/month",sneaking:en:17,synthetic_v1,0,0,0,0,0,1,0,0
Handling charge of Rs. 499 for Chitwan deliveries,sneaking,sneaking,en,span,line_item,[TAG=span] [ROLE=line_item] Handling charge of Rs. 499 for Chitwan deliveries,sneaking:en:13,synthetic_v1,0,0,0,0,0,1,0,0
"Your free trial converts to Plus at Rs. 1,499/month",sneaking,sneaking,en,p,fine_print,"[TAG=p] [ROLE=fine_print] Your free trial converts to Plus at Rs. 1,499/month",sneaking:en:04,synthetic_v1,0,0,0,0,0,1,0,0
12 महीने की प्लस सदस्यता शामिल,sneaking,sneaking,hi,label,checkbox,[TAG=label] [ROLE=checkbox] 12 महीने की प्लस सदस्यता शामिल,sneaking:hi:10,synthetic_v1,0,0,0,0,0,1,0,0
"Donation of Rs. 1,499 added to your BigBasket order",sneaking,sneaking,en,label,checkbox,"[TAG=label] [ROLE=checkbox] Donation of Rs. 1,499 added to your BigBasket order",sneaking:en:22,synthetic_v1,0,0,0,0,0,1,0,0
कानपुर डिलीवरी पर अतिरिक्त रु. 999,sneaking,sneaking,hi,p,fine_print,[TAG=p] [ROLE=fine_print] कानपुर डिलीवरी पर अतिरिक्त रु. 999,sneaking:hi:18,synthetic_v1,0,0,0,0,0,1,0,0
Order protection added to your cart,sneaking,sneaking,en,span,line_item,[TAG=span] [ROLE=line_item] Order protection added to your cart,sneaking:en:02,synthetic_v1,0,0,0,0,0,1,0,0
"Nykaa से ऑफिस चेयर बीमा पहले से चुना गया (रु. 2,999)",sneaking,sneaking,hi,label,checkbox,"[TAG=label] [ROLE=checkbox] Nykaa से ऑफिस चेयर बीमा पहले से चुना गया (रु. 2,999)",sneaking:hi:19,synthetic_v1,0,0,0,0,0,1,0,0
काठमाडौँ डेलिभरीमा रु. 149 ह्यान्डलिङ शुल्क,sneaking,sneaking,ne,label,checkbox,[TAG=label] [ROLE=checkbox] काठमाडौँ डेलिभरीमा रु. 149 ह्यान्डलिङ शुल्क,sneaking:ne:13,synthetic_v1,0,0,0,0,0,1,0,0
जनकपुर डेलिभरीमा रु. 349 ह्यान्डलिङ शुल्क,sneaking,sneaking,ne,span,line_item,[TAG=span] [ROLE=line_item] जनकपुर डेलिभरीमा रु. 349 ह्यान्डलिङ शुल्क,sneaking:ne:13,synthetic_v1,0,0,0,0,0,1,0,0
Croma सेवा शुल्क रु. 349 आपके डेनिम जींस ऑर्डर में जोड़ा गया,sneaking,sneaking,hi,label,checkbox,[TAG=label] [ROLE=checkbox] Croma सेवा शुल्क रु. 349 आपके डेनिम जींस ऑर्डर में जोड़ा गया,sneaking:hi:16,synthetic_v1,0,0,0,0,0,1,0,0
"चेकआउटमा रु. 1,199 ढुवानी शुल्क थपियो",sneaking,sneaking,ne,span,line_item,"[TAG=span] [ROLE=line_item] चेकआउटमा रु. 1,199 ढुवानी शुल्क थपियो",sneaking:ne:00,synthetic_v1,0,0,0,0,0,1,0,0
Prime membership added to your formal shirt order,sneaking,sneaking,en,p,fine_print,[TAG=p] [ROLE=fine_print] Prime membership added to your formal shirt order,sneaking:en:14,synthetic_v1,0,0,0,0,0,1,0,0
"Your Lenskart Premium trial renews at Rs. 2,499",sneaking,sneaking,en,label,checkbox,"[TAG=label] [ROLE=checkbox] Your Lenskart Premium trial renews at Rs. 2,499",sneaking:en:21,synthetic_v1,0,0,0,0,0,1,0,0
आपका Meesho प्रीमियम ट्रायल रु. 699 पर रिन्यू होगा,sneaking,sneaking,hi,p,fine_print,[TAG=p] [ROLE=fine_print] आपका Meesho प्रीमियम ट्रायल रु. 699 पर रिन्यू होगा,sneaking:hi:21,synthetic_v1,0,0,0,0,0,1,0,0
Handling charge of Rs. 49 for Bengaluru deliveries,sneaking,sneaking,en,label,checkbox,[TAG=label] [ROLE=checkbox] Handling charge of Rs. 49 for Bengaluru deliveries,sneaking:en:13,synthetic_v1,0,0,0,0,0,1,0,0
sports sandals insurance from Salesberry pre-selected (Rs. 599),sneaking,sneaking,en,span,line_item,[TAG=span] [ROLE=line_item] sports sandals insurance from Salesberry pre-selected (Rs. 599),sneaking:en:19,synthetic_v1,0,0,0,0,0,1,0,0
निःशुल्क ट्रायलपछि प्लस रु. 899/महिना हुनेछ,sneaking,sneaking,ne,span,line_item,[TAG=span] [ROLE=line_item] निःशुल्क ट्रायलपछि प्लस रु. 899/महिना हुनेछ,sneaking:ne:04,synthetic_v1,0,0,0,0,0,1,0,0
"फ्री ट्रायल के बाद प्राइम रु. 1,499/महीना हो जाएगा",sneaking,sneaking,hi,span,line_item,"[TAG=span] [ROLE=line_item] फ्री ट्रायल के बाद प्राइम रु. 1,499/महीना हो जाएगा",sneaking:hi:04,synthetic_v1,0,0,0,0,0,1,0,0
"Your free trial converts to Pro at Rs. 2,999/month",sneaking,sneaking,en,label,checkbox,"[TAG=label] [ROLE=checkbox] Your free trial converts to Pro at Rs. 2,999/month",sneaking:en:04,synthetic_v1,0,0,0,0,0,1,0,0
अहमदाबाद के लिए प्राथमिकता डिलीवरी चुनी गई (+रु. 599),sneaking,sneaking,hi,p,fine_print,[TAG=p] [ROLE=fine_print] अहमदाबाद के लिए प्राथमिकता डिलीवरी चुनी गई (+रु. 599),sneaking:hi:23,synthetic_v1,0,0,0,0,0,1,0,0
Pro membership added to your rice cooker order,sneaking,sneaking,en,label,checkbox,[TAG=label] [ROLE=checkbox] Pro membership added to your rice cooker order,sneaking:en:14,synthetic_v1,0,0,0,0,0,1,0,0
"Thulo से प्रोटीन पाउडर बीमा पहले से चुना गया (रु. 1,499)",sneaking,sneaking,hi,p,fine_print,"[TAG=p] [ROLE=fine_print] Thulo से प्रोटीन पाउडर बीमा पहले से चुना गया (रु. 1,499)",sneaking:hi:19,synthetic_v1,0,0,0,0,0,1,0,0
मुंबई ऑर्डर पर रु. 49 पैकेजिंग शुल्क,sneaking,sneaking,hi,label,checkbox,[TAG=label] [ROLE=checkbox] मुंबई ऑर्डर पर रु. 49 पैकेजिंग शुल्क,sneaking:hi:20,synthetic_v1,0,0,0,0,0,1,0,0
We've added a donation of Rs. 899 to your order,sneaking,sneaking,en,span,line_item,[TAG=span] [ROLE=line_item] We've added a donation of Rs. 899 to your order,sneaking:en:06,synthetic_v1,0,0,0,0,0,1,0,0
एयर फ्रायर का बीमा आपके लिए चुना गया,sneaking,sneaking,hi,span,line_item,[TAG=span] [ROLE=line_item] एयर फ्रायर का बीमा आपके लिए चुना गया,sneaking:hi:07,synthetic_v1,0,0,0,0,0,1,0,0
सुर्खेत डेलिभरीमा रु. 249 ह्यान्डलिङ शुल्क,sneaking,sneaking,ne,span,line_item,[TAG=span] [ROLE=line_item] सुर्खेत डेलिभरीमा रु. 249 ह्यान्डलिङ शुल्क,sneaking:ne:13,synthetic_v1,0,0,0,0,0,1,0,0
जारी राखेमा हरेक महिना रु. 399 शुल्क लाग्नेछ,sneaking,sneaking,ne,label,checkbox,[TAG=label] [ROLE=checkbox] जारी राखेमा हरेक महिना रु. 399 शुल्क लाग्नेछ,sneaking:ne:01,synthetic_v1,0,0,0,0,0,1,0,0
"formal shirt insurance from Ajio pre-selected (Rs. 2,999)",sneaking,sneaking,en,label,checkbox,"[TAG=label] [ROLE=checkbox] formal shirt insurance from Ajio pre-selected (Rs. 2,999)",sneaking:en:19,synthetic_v1,0,0,0,0,0,1,0,0
2 महीने की गोल्ड सदस्यता शामिल,sneaking,sneaking,hi,p,fine_print,[TAG=p] [ROLE=fine_print] 2 महीने की गोल्ड सदस्यता शामिल,sneaking:hi:10,synthetic_v1,0,0,0,0,0,1,0,0
Your free trial converts to Premium at Rs. 349/month,sneaking,sneaking,en,label,checkbox,[TAG=label] [ROLE=checkbox] Your free trial converts to Premium at Rs. 349/month,sneaking:en:04,synthetic_v1,0,0,0,0,0,1,0,0
"फ्री ट्रायल के बाद प्रीमियम रु. 2,499/महीना हो जाएगा",sneaking,sneaking,hi,span,line_item,"[TAG=span] [ROLE=line_item] फ्री ट्रायल के बाद प्रीमियम रु. 2,499/महीना हो जाएगा",sneaking:hi:04,synthetic_v1,0,0,0,0,0,1,0,0
Your JioMart Gold trial renews at Rs. 599,sneaking,sneaking,en,label,checkbox,[TAG=label] [ROLE=checkbox] Your JioMart Gold trial renews at Rs. 599,sneaking:en:21,synthetic_v1,0,0,0,0,0,1,0,0
"Your free trial converts to Prime at Rs. 2,499/month",sneaking,sneaking,en,p,fine_print,"[TAG=p] [ROLE=fine_print] Your free trial converts to Prime at Rs. 2,499/month",sneaking:en:04,synthetic_v1,0,0,0,0,0,1,0,0
Rs. 399 packaging charge applies for Dharan orders,sneaking,sneaking,en,p,fine_print,[TAG=p] [ROLE=fine_print] Rs. 399 packaging charge applies for Dharan orders,sneaking:en:20,synthetic_v1,0,0,0,0,0,1,0,0
FirstCry से फॉर्मल शर्ट बीमा पहले से चुना गया (रु. 249),sneaking,sneaking,hi,label,checkbox,[TAG=label] [ROLE=checkbox] FirstCry से फॉर्मल शर्ट बीमा पहले से चुना गया (रु. 249),sneaking:hi:19,synthetic_v1,0,0,0,0,0,1,0,0
"पुणे डिलीवरी पर रु. 1,199 हैंडलिंग शुल्क",sneaking,sneaking,hi,span,line_item,"[TAG=span] [ROLE=line_item] पुणे डिलीवरी पर रु. 1,199 हैंडलिंग शुल्क",sneaking:hi:13,synthetic_v1,0,0,0,0,0,1,0,0
आगरा डिलीवरी पर रु. 199 हैंडलिंग शुल्क,sneaking,sneaking,hi,label,checkbox,[TAG=label] [ROLE=checkbox] आगरा डिलीवरी पर रु. 199 हैंडलिंग शुल्क,sneaking:hi:13,synthetic_v1,0,0,0,0,0,1,0,0
"Pepperfry की प्लस सदस्यता जोड़ी गई — रु. 2,999/महीना",sneaking,sneaking,hi,p,fine_print,"[TAG=p] [ROLE=fine_print] Pepperfry की प्लस सदस्यता जोड़ी गई — रु. 2,999/महीना",sneaking:hi:17,synthetic_v1,0,0,0,0,0,1,0,0
"नागपुर के लिए प्राथमिकता डिलीवरी चुनी गई (+रु. 1,199)",sneaking,sneaking,hi,label,checkbox,"[TAG=label] [ROLE=checkbox] नागपुर के लिए प्राथमिकता डिलीवरी चुनी गई (+रु. 1,199)",sneaking:hi:23,synthetic_v1,0,0,0,0,0,1,0,0
"Thulo से पावर बैंक बीमा पहले से चुना गया (रु. 2,999)",sneaking,sneaking,hi,p,fine_print,"[TAG=p] [ROLE=fine_print] Thulo से पावर बैंक बीमा पहले से चुना गया (रु. 2,999)",sneaking:hi:19,synthetic_v1,0,0,0,0,0,1,0,0
आपका Lenskart प्राइम ट्रायल रु. 49 पर रिन्यू होगा,sneaking,sneaking,hi,p,fine_print,[TAG=p] [ROLE=fine_print] आपका Lenskart प्राइम ट्रायल रु. 49 पर रिन्यू होगा,sneaking:hi:21,synthetic_v1,0,0,0,0,0,1,0,0
"Donation of Rs. 2,999 added to your Reliance Digital order",sneaking,sneaking,en,span,line_item,"[TAG=span] [ROLE=line_item] Donation of Rs. 2,999 added to your Reliance Digital order",sneaking:en:22,synthetic_v1,0,0,0,0,0,1,0,0
चेकआउट पर रु. 349 शिपिंग शुल्क जोड़ा गया,sneaking,sneaking,hi,span,line_item,[TAG=span] [ROLE=line_item] चेकआउट पर रु. 349 शिपिंग शुल्क जोड़ा गया,sneaking:hi:00,synthetic_v1,0,0,0,0,0,1,0,0
Service fee of Rs. 299 applied,sneaking,sneaking,en,label,checkbox,[TAG=label] [ROLE=checkbox] Service fee of Rs. 299 applied,sneaking:en:03,synthetic_v1,0,0,0,0,0,1,0,0
"Thulo को प्लस सदस्यता थपियो — रु. 1,199/महिना",sneaking,sneaking,ne,label,checkbox,"[TAG=label] [ROLE=checkbox] Thulo को प्लस सदस्यता थपियो — रु. 1,199/महिना",sneaking:ne:17,synthetic_v1,0,0,0,0,0,1,0,0
आपके ऑर्डर में रु. 399 का दान जोड़ा गया,sneaking,sneaking,hi,span,line_item,[TAG=span] [ROLE=line_item] आपके ऑर्डर में रु. 399 का दान जोड़ा गया,sneaking:hi:06,synthetic_v1,0,0,0,0,0,1,0,0
3 महीने की गोल्ड सदस्यता शामिल,sneaking,sneaking,hi,span,line_item,[TAG=span] [ROLE=line_item] 3 महीने की गोल्ड सदस्यता शामिल,sneaking:hi:10,synthetic_v1,0,0,0,0,0,1,0,0
"वीरगन्ज डेलिभरीमा रु. 2,999 ह्यान्डलिङ शुल्क",sneaking,sneaking,ne,label,checkbox,"[TAG=label] [ROLE=checkbox] वीरगन्ज डेलिभरीमा रु. 2,999 ह्यान्डलिङ शुल्क",sneaking:ne:13,synthetic_v1,0,0,0,0,0,1,0,0
8 महिनाको प्रो सदस्यता समावेश,sneaking,sneaking,ne,span,line_item,[TAG=span] [ROLE=line_item] 8 महिनाको प्रो सदस्यता समावेश,sneaking:ne:10,synthetic_v1,0,0,0,0,0,1,0,0
बुटवल अर्डरमा रु. 499 प्याकेजिङ शुल्क,sneaking,sneaking,ne,p,fine_print,[TAG=p] [ROLE=fine_print] बुटवल अर्डरमा रु. 499 प्याकेजिङ शुल्क,sneaking:ne:20,synthetic_v1,0,0,0,0,0,1,0,0
तपाईंको घामको चस्मा अर्डरमा प्रिमियम सदस्यता थपियो,sneaking,sneaking,ne,p,fine_print,[TAG=p] [ROLE=fine_print] तपाईंको घामको चस्मा अर्डरमा प्रिमियम सदस्यता थपियो,sneaking:ne:14,synthetic_v1,0,0,0,0,0,1,0,0
Handling charge of Rs. 199 for Pokhara deliveries,sneaking,sneaking,en,label,checkbox,[TAG=label] [ROLE=checkbox] Handling charge of Rs. 199 for Pokhara deliveries,sneaking:en:13,synthetic_v1,0,0,0,0,0,1,0,0
तपाईंको स्मार्टवाच अर्डरमा प्लस सदस्यता थपियो,sneaking,sneaking,ne,span,line_item,[TAG=span] [ROLE=line_item] तपाईंको स्मार्टवाच अर्डरमा प्लस सदस्यता थपियो,sneaking:ne:14,synthetic_v1,0,0,0,0,0,1,0,0
"BigBasket सेवा शुल्क रु. 2,999 आपके प्रोटीन पाउडर ऑर्डर में जोड़ा गया",sneaking,sneaking,hi,span,line_item,"[TAG=span] [ROLE=line_item] BigBasket सेवा शुल्क रु. 2,999 आपके प्रोटीन पाउडर ऑर्डर में जोड़ा गया",sneaking:hi:16,synthetic_v1,0,0,0,0,0,1,0,0
भक्तपुर अर्डरमा रु. 299 प्याकेजिङ शुल्क,sneaking,sneaking,ne,label,checkbox,[TAG=label] [ROLE=checkbox] भक्तपुर अर्डरमा रु. 299 प्याकेजिङ शुल्क,sneaking:ne:20,synthetic_v1,0,0,0,0,0,1,0,0
Pepperfry सेवा शुल्क रु. 499 आपके डेनिम जींस ऑर्डर में जोड़ा गया,sneaking,sneaking,hi,p,fine_print,[TAG=p] [ROLE=fine_print] Pepperfry सेवा शुल्क रु. 499 आपके डेनिम जींस ऑर्डर में जोड़ा गया,sneaking:hi:16,synthetic_v1,0,0,0,0,0,1,0,0
Your free trial converts to Pro at Rs. 799/month,sneaking,sneaking,en,span,line_item,[TAG=span] [ROLE=line_item] Your free trial converts to Pro at Rs. 799/month,sneaking:en:04,synthetic_v1,0,0,0,0,0,1,0,0
Rs. 399 packaging charge applies for Delhi orders,sneaking,sneaking,en,p,fine_print,[TAG=p] [ROLE=fine_print] Rs. 399 packaging charge applies for Delhi orders,sneaking:en:20,synthetic_v1,0,0,0,0,0,1,0,0
study lamp insurance from Gyapu pre-selected (Rs. 599),sneaking,sneaking,en,p,fine_print,[TAG=p] [ROLE=fine_print] study lamp insurance from Gyapu pre-selected (Rs. 599),sneaking:en:19,synthetic_v1,0,0,0,0,0,1,0,0
भक्तपुर अर्डरमा रु. 249 प्याकेजिङ शुल्क,sneaking,sneaking,ne,span,line_item,[TAG=span] [ROLE=line_item] भक्तपुर अर्डरमा रु. 249 प्याकेजिङ शुल्क,sneaking:ne:20,synthetic_v1,0,0,0,0,0,1,0,0
चेकआउटमा रु. 799 ढुवानी शुल्क थपियो,sneaking,sneaking,ne,label,checkbox,[TAG=label] [ROLE=checkbox] चेकआउटमा रु. 799 ढुवानी शुल्क थपियो,sneaking:ne:00,synthetic_v1,0,0,0,0,0,1,0,0
दमक डेलिभरीमा रु. 899 ह्यान्डलिङ शुल्क,sneaking,sneaking,ne,p,fine_print,[TAG=p] [ROLE=fine_print] दमक डेलिभरीमा रु. 899 ह्यान्डलिङ शुल्क,sneaking:ne:13,synthetic_v1,0,0,0,0,0,1,0,0
"गोरखा डेलिभरीमा थप रु. 1,999",sneaking,sneaking,ne,label,checkbox,"[TAG=label] [ROLE=checkbox] गोरखा डेलिभरीमा थप रु. 1,999",sneaking:ne:18,synthetic_v1,0,0,0,0,0,1,0,0
Handling charge of Rs. 999 for Hyderabad deliveries,sneaking,sneaking,en,label,checkbox,[TAG=label] [ROLE=checkbox] Handling charge of Rs. 999 for Hyderabad deliveries,sneaking:en:13,synthetic_v1,0,0,0,0,0,1,0,0
3 महिनाको प्लस सदस्यता समावेश,sneaking,sneaking,ne,label,checkbox,[TAG=label] [ROLE=checkbox] 3 महिनाको प्लस सदस्यता समावेश,sneaking:ne:10,synthetic_v1,0,0,0,0,0,1,0,0
निःशुल्क ट्रायलपछि प्रो रु. 149/महिना हुनेछ,sneaking,sneaking,ne,p,fine_print,[TAG=p] [ROLE=fine_print] निःशुल्क ट्रायलपछि प्रो रु. 149/महिना हुनेछ,sneaking:ne:04,synthetic_v1,0,0,0,0,0,1,0,0
इंदौर डिलीवरी पर रु. 699 हैंडलिंग शुल्क,sneaking,sneaking,hi,span,line_item,[TAG=span] [ROLE=line_item] इंदौर डिलीवरी पर रु. 699 हैंडलिंग शुल्क,sneaking:hi:13,synthetic_v1,0,0,0,0,0,1,0,0
Nykaa service fee of Rs. 49 added to your phone case order,sneaking,sneaking,en,span,line_item,[TAG=span] [ROLE=line_item] Nykaa service fee of Rs. 49 added to your phone case order,sneaking:en:16,synthetic_v1,0,0,0,0,0,1,0,0
Prime membership from BigBasket added — Rs. 249/month,sneaking,sneaking,en,span,line_item,[TAG=span] [ROLE=line_item] Prime membership from BigBasket added — Rs. 249/month,sneaking:en:17,synthetic_v1,0,0,0,0,0,1,0,0
Meesho से राइस कुकर बीमा पहले से चुना गया (रु. 999),sneaking,sneaking,hi,p,fine_print,[TAG=p] [ROLE=fine_print] Meesho से राइस कुकर बीमा पहले से चुना गया (रु. 999),sneaking:hi:19,synthetic_v1,0,0,0,0,0,1,0,0
"Thulo service fee of Rs. 2,499 added to your laptop bag order",sneaking,sneaking,en,p,fine_print,"[TAG=p] [ROLE=fine_print] Thulo service fee of Rs. 2,499 added to your laptop bag order",sneaking:en:16,synthetic_v1,0,0,0,0,0,1,0,0
Kinbech सेवा शुल्क रु. 299 तपाईंको स्पोर्ट्स चप्पल अर्डरमा थपियो,sneaking,sneaking,ne,label,checkbox,[TAG=label] [ROLE=checkbox] Kinbech सेवा शुल्क रु. 299 तपाईंको स्पोर्ट्स चप्पल अर्डरमा थपियो,sneaking:ne:16,synthetic_v1,0,0,0,0,0,1,0,0
Pro membership from Lenskart added — Rs. 249/month,sneaking,sneaking,en,label,checkbox,[TAG=label] [ROLE=checkbox] Pro membership from Lenskart added — Rs. 249/month,sneaking:en:17,synthetic_v1,0,0,0,0,0,1,0,0
Includes a 1-month Premium subscription,sneaking,sneaking,en,label,checkbox,[TAG=label] [ROLE=checkbox] Includes a 1-month Premium subscription,sneaking:en:10,synthetic_v1,0,0,0,0,0,1,0,0
Your Lenskart Gold trial renews at Rs. 49,sneaking,sneaking,en,p,fine_print,[TAG=p] [ROLE=fine_print] Your Lenskart Gold trial renews at Rs. 49,sneaking:en:21,synthetic_v1,0,0,0,0,0,1,0,0
Kinbech सेवा शुल्क रु. 299 आपके फॉर्मल शर्ट ऑर्डर में जोड़ा गया,sneaking,sneaking,hi,span,line_item,[TAG=span] [ROLE=line_item] Kinbech सेवा शुल्क रु. 299 आपके फॉर्मल शर्ट ऑर्डर में जोड़ा गया,sneaking:hi:16,synthetic_v1,0,0,0,0,0,1,0,0
बाँके डेलिभरीमा रु. 449 ह्यान्डलिङ शुल्क,sneaking,sneaking,ne,p,fine_print,[TAG=p] [ROLE=fine_print] बाँके डेलिभरीमा रु. 449 ह्यान्डलिङ शुल्क,sneaking:ne:13,synthetic_v1,0,0,0,0,0,1,0,0
Donation of Rs. 49 added to your Ajio order,sneaking,sneaking,en,p,fine_print,[TAG=p] [ROLE=fine_print] Donation of Rs. 49 added to your Ajio order,sneaking:en:22,synthetic_v1,0,0,0,0,0,1,0,0
Meesho अर्डरमा रु. 49 दान थपियो,sneaking,sneaking,ne,p,fine_print,[TAG=p] [ROLE=fine_print] Meesho अर्डरमा रु. 49 दान थपियो,sneaking:ne:22,synthetic_v1,0,0,0,0,0,1,0,0
रु. 799 सेवा शुल्क लागू,sneaking,sneaking,hi,span,line_item,[TAG=span] [ROLE=line_item] रु. 799 सेवा शुल्क लागू,sneaking:hi:03,synthetic_v1,0,0,0,0,0,1,0,0
रांची डिलीवरी पर अतिरिक्त रु. 299,sneaking,sneaking,hi,p,fine_print,[TAG=p] [ROLE=fine_print] रांची डिलीवरी पर अतिरिक्त रु. 299,sneaking:hi:18,synthetic_v1,0,0,0,0,0,1,0,0
Flipkart से स्टडी लैंप बीमा पहले से चुना गया (रु. 449),sneaking,sneaking,hi,p,fine_print,[TAG=p] [ROLE=fine_print] Flipkart से स्टडी लैंप बीमा पहले से चुना गया (रु. 449),sneaking:hi:19,synthetic_v1,0,0,0,0,0,1,0,0
Gold membership added to your backpack order,sneaking,sneaking,en,p,fine_print,[TAG=p] [ROLE=fine_print] Gold membership added to your backpack order,sneaking:en:14,synthetic_v1,0,0,0,0,0,1,0,0
Priority delivery to Indore selected (+Rs. 299),sneaking,sneaking,en,p,fine_print,[TAG=p] [ROLE=fine_print] Priority delivery to Indore selected (+Rs. 299),sneaking:en:23,synthetic_v1,0,0,0,0,0,1,0,0
"Priority delivery to Nepalgunj selected (+Rs. 2,999)",sneaking,sneaking,en,span,line_item,"[TAG=span] [ROLE=line_item] Priority delivery to Nepalgunj selected (+Rs. 2,999)",sneaking:en:23,synthetic_v1,0,0,0,0,0,1,0,0
Ajio से धूप का चश्मा बीमा पहले से चुना गया (रु. 349),sneaking,sneaking,hi,span,line_item,[TAG=span] [ROLE=line_item] Ajio से धूप का चश्मा बीमा पहले से चुना गया (रु. 349),sneaking:hi:19,synthetic_v1,0,0,0,0,0,1,0,0
Premium membership from Nykaa added — Rs. 699/month,sneaking,sneaking,en,label,checkbox,[TAG=label] [ROLE=checkbox] Premium membership from Nykaa added — Rs. 699/month,sneaking:en:17,synthetic_v1,0,0,0,0,0,1,0,0
Zepto बाट हेयर ड्रायर बीमा पहिले नै छनोट (रु. 149),sneaking,sneaking,ne,span,line_item,[TAG=span] [ROLE=line_item] Zepto बाट हेयर ड्रायर बीमा पहिले नै छनोट (रु. 149),sneaking:ne:19,synthetic_v1,0,0,0,0,0,1,0,0
Rs. 99 packaging charge applies for Delhi orders,sneaking,sneaking,en,label,checkbox,[TAG=label] [ROLE=checkbox] Rs. 99 packaging charge applies for Delhi orders,sneaking:en:20,synthetic_v1,0,0,0,0,0,1,0,0
धरान डेलिभरीमा रु. 149 ह्यान्डलिङ शुल्क,sneaking,sneaking,ne,p,fine_print,[TAG=p] [ROLE=fine_print] धरान डेलिभरीमा रु. 149 ह्यान्डलिङ शुल्क,sneaking:ne:13,synthetic_v1,0,0,0,0,0,1,0,0
Rs. 699 packaging charge applies for Lalitpur orders,sneaking,sneaking,en,span,line_item,[TAG=span] [ROLE=line_item] Rs. 699 packaging charge applies for Lalitpur orders,sneaking:en:20,synthetic_v1,0,0,0,0,0,1,0,0
"रु. 1,499 सेवा शुल्क लागू",sneaking,sneaking,hi,span,line_item,"[TAG=span] [ROLE=line_item] रु. 1,499 सेवा शुल्क लागू",sneaking:hi:03,synthetic_v1,0,0,0,0,0,1,0,0
"Your free trial converts to Plus at Rs. 2,499/month",sneaking,sneaking,en,p,fine_print,"[TAG=p] [ROLE=fine_print] Your free trial converts to Plus at Rs. 2,499/month",sneaking:en:04,synthetic_v1,0,0,0,0,0,1,0,0
"OkDam service fee of Rs. 1,499 added to your hair dryer order",sneaking,sneaking,en,label,checkbox,"[TAG=label] [ROLE=checkbox] OkDam service fee of Rs. 1,499 added to your hair dryer order",sneaking:en:16,synthetic_v1,0,0,0,0,0,1,0,0
6 महीने की प्राइम सदस्यता शामिल,sneaking,sneaking,hi,span,line_item,[TAG=span] [ROLE=line_item] 6 महीने की प्राइम सदस्यता शामिल,sneaking:hi:10,synthetic_v1,0,0,0,0,0,1,0,0
फ्री ट्रायल के बाद प्लस रु. 999/महीना हो जाएगा,sneaking,sneaking,hi,span,line_item,[TAG=span] [ROLE=line_item] फ्री ट्रायल के बाद प्लस रु. 999/महीना हो जाएगा,sneaking:hi:04,synthetic_v1,0,0,0,0,0,1,0,0
अहमदाबाद डिलीवरी पर रु. 349 हैंडलिंग शुल्क,sneaking,sneaking,hi,label,checkbox,[TAG=label] [ROLE=checkbox] अहमदाबाद डिलीवरी पर रु. 349 हैंडलिंग शुल्क,sneaking:hi:13,synthetic_v1,0,0,0,0,0,1,0,0
Meesho ऑर्डर में रु. 149 का दान जोड़ा गया,sneaking,sneaking,hi,p,fine_print,[TAG=p] [ROLE=fine_print] Meesho ऑर्डर में रु. 149 का दान जोड़ा गया,sneaking:hi:22,synthetic_v1,0,0,0,0,0,1,0,0
चंडीगढ़ डिलीवरी पर अतिरिक्त रु. 599,sneaking,sneaking,hi,span,line_item,[TAG=span] [ROLE=line_item] चंडीगढ़ डिलीवरी पर अतिरिक्त रु. 599,sneaking:hi:18,synthetic_v1,0,0,0,0,0,1,0,0
Tata Cliq से प्रोटीन पाउडर बीमा पहले से चुना गया (रु. 449),sneaking,sneaking,hi,label,checkbox,[TAG=label] [ROLE=checkbox] Tata Cliq से प्रोटीन पाउडर बीमा पहले से चुना गया (रु. 449),sneaking:hi:19,synthetic_v1,0,0,0,0,0,1,0,0
भक्तपुर का लागि प्राथमिकता डेलिभरी छनोट (+रु. 349),sneaking,sneaking,ne,p,fine_print,[TAG=p] [ROLE=fine_print] भक्तपुर का लागि प्राथमिकता डेलिभरी छनोट (+रु. 349),sneaking:ne:23,synthetic_v1,0,0,0,0,0,1,0,0
लखनऊ डिलीवरी पर अतिरिक्त रु. 99,sneaking,sneaking,hi,span,line_item,[TAG=span] [ROLE=line_item] लखनऊ डिलीवरी पर अतिरिक्त रु. 99,sneaking:hi:18,synthetic_v1,0,0,0,0,0,1,0,0
Auto-renewal is enabled for Prime,sneaking,sneaking,en,label,checkbox,[TAG=label] [ROLE=checkbox] Auto-renewal is enabled for Prime,sneaking:en:08,synthetic_v1,0,0,0,0,0,1,0,0
Lenskart सेवा शुल्क रु. 899 आपके स्कूल बैग ऑर्डर में जोड़ा गया,sneaking,sneaking,hi,p,fine_print,[TAG=p] [ROLE=fine_print] Lenskart सेवा शुल्क रु. 899 आपके स्कूल बैग ऑर्डर में जोड़ा गया,sneaking:hi:16,synthetic_v1,0,0,0,0,0,1,0,0
"तपाईंको OkDam प्रो ट्रायल रु. 1,499 मा नवीकरण हुनेछ",sneaking,sneaking,ne,p,fine_print,"[TAG=p] [ROLE=fine_print] तपाईंको OkDam प्रो ट्रायल रु. 1,499 मा नवीकरण हुनेछ",sneaking:ne:21,synthetic_v1,0,0,0,0,0,1,0,0
आपका Meesho प्राइम ट्रायल रु. 199 पर रिन्यू होगा,sneaking,sneaking,hi,span,line_item,[TAG=span] [ROLE=line_item] आपका Meesho प्राइम ट्रायल रु. 199 पर रिन्यू होगा,sneaking:hi:21,synthetic_v1,0,0,0,0,0,1,0,0
Gold membership added to your cotton kurta order,sneaking,sneaking,en,p,fine_print,[TAG=p] [ROLE=fine_print] Gold membership added to your cotton kurta order,sneaking:en:14,synthetic_v1,0,0,0,0,0,1,0,0
Tata Cliq सेवा शुल्क रु. 599 आपके सर्दी का कंबल ऑर्डर में जोड़ा गया,sneaking,sneaking,hi,p,fine_print,[TAG=p] [ROLE=fine_print] Tata Cliq सेवा शुल्क रु. 599 आपके सर्दी का कंबल ऑर्डर में जोड़ा गया,sneaking:hi:16,synthetic_v1,0,0,0,0,0,1,0,0
दमक का लागि प्राथमिकता डेलिभरी छनोट (+रु. 149),sneaking,sneaking,ne,p,fine_print,[TAG=p] [ROLE=fine_print] दमक का लागि प्राथमिकता डेलिभरी छनोट (+रु. 149),sneaking:ne:23,synthetic_v1,0,0,0,0,0,1,0,0
नासिक डिलीवरी पर रु. 599 हैंडलिंग शुल्क,sneaking,sneaking,hi,label,checkbox,[TAG=label] [ROLE=checkbox] नासिक डिलीवरी पर रु. 599 हैंडलिंग शुल्क,sneaking:hi:13,synthetic_v1,0,0,0,0,0,1,0,0
sports sandals insurance from FirstCry pre-selected (Rs. 49),sneaking,sneaking,en,label,checkbox,[TAG=label] [ROLE=checkbox] sports sandals insurance from FirstCry pre-selected (Rs. 49),sneaking:en:19,synthetic_v1,0,0,0,0,0,1,0,0
Gyapu सेवा शुल्क रु. 999 तपाईंको स्पोर्ट्स चप्पल अर्डरमा थपियो,sneaking,sneaking,ne,span,line_item,[TAG=span] [ROLE=line_item] Gyapu सेवा शुल्क रु. 999 तपाईंको स्पोर्ट्स चप्पल अर्डरमा थपियो,sneaking:ne:16,synthetic_v1,0,0,0,0,0,1,0,0
तपाईंको राइस कुकर अर्डरमा प्लस सदस्यता थपियो,sneaking,sneaking,ne,label,checkbox,[TAG=label] [ROLE=checkbox] तपाईंको राइस कुकर अर्डरमा प्लस सदस्यता थपियो,sneaking:ne:14,synthetic_v1,0,0,0,0,0,1,0,0
चेकआउटमा रु. 399 ढुवानी शुल्क थपियो,sneaking,sneaking,ne,span,line_item,[TAG=span] [ROLE=line_item] चेकआउटमा रु. 399 ढुवानी शुल्क थपियो,sneaking:ne:00,synthetic_v1,0,0,0,0,0,1,0,0
"बेंगलुरु डिलीवरी पर रु. 2,499 हैंडलिंग शुल्क",sneaking,sneaking,hi,label,checkbox,"[TAG=label] [ROLE=checkbox] बेंगलुरु डिलीवरी पर रु. 2,499 हैंडलिंग शुल्क",sneaking:hi:13,synthetic_v1,0,0,0,0,0,1,0,0
Your JioMart Plus trial renews at Rs. 49,sneaking,sneaking,en,p,fine_print,[TAG=p] [ROLE=fine_print] Your JioMart Plus trial renews at Rs. 49,sneaking:en:21,synthetic_v1,0,0,0,0,0,1,0,0
Includes a 7-month Pro subscription,sneaking,sneaking,en,span,line_item,[TAG=span] [ROLE=line_item] Includes a 7-month Pro subscription,sneaking:en:10,synthetic_v1,0,0,0,0,0,1,0,0
लखनऊ ऑर्डर पर रु. 349 पैकेजिंग शुल्क,sneaking,sneaking,hi,span,line_item,[TAG=span] [ROLE=line_item] लखनऊ ऑर्डर पर रु. 349 पैकेजिंग शुल्क,sneaking:hi:20,synthetic_v1,0,0,0,0,0,1,0,0
"आपका JioMart प्राइम ट्रायल रु. 1,199 पर रिन्यू होगा",sneaking,sneaking,hi,p,fine_print,"[TAG=p] [ROLE=fine_print] आपका JioMart प्राइम ट्रायल रु. 1,199 पर रिन्यू होगा",sneaking:hi:21,synthetic_v1,0,0,0,0,0,1,0,0
Insurance for protein powder selected for you,sneaking,sneaking,en,span,line_item,[TAG=span] [ROLE=line_item] Insurance for protein powder selected for you,sneaking:en:07,synthetic_v1,0,0,0,0,0,1,0,0
फोन कभर को बीमा तपाईंका लागि छनोट गरियो,sneaking,sneaking,ne,label,checkbox,[TAG=label] [ROLE=checkbox] फोन कभर को बीमा तपाईंका लागि छनोट गरियो,sneaking:ne:07,synthetic_v1,0,0,0,0,0,1,0,0
Salesberry की प्लस सदस्यता जोड़ी गई — रु. 399/महीना,sneaking,sneaking,hi,p,fine_print,[TAG=p] [ROLE=fine_print] Salesberry की प्लस सदस्यता जोड़ी गई — रु. 399/महीना,sneaking:hi:17,synthetic_v1,0,0,0,0,0,1,0,0
"तपाईंको Ajio गोल्ड ट्रायल रु. 1,499 मा नवीकरण हुनेछ",sneaking,sneaking,ne,label,checkbox,"[TAG=label] [ROLE=checkbox] तपाईंको Ajio गोल्ड ट्रायल रु. 1,499 मा नवीकरण हुनेछ",sneaking:ne:21,synthetic_v1,0,0,0,0,0,1,0,0
Pro membership from Zepto added — Rs. 99/month,sneaking,sneaking,en,p,fine_print,[TAG=p] [ROLE=fine_print] Pro membership from Zepto added — Rs. 99/month,sneaking:en:17,synthetic_v1,0,0,0,0,0,1,0,0
निःशुल्क ट्रायलपछि प्राइम रु. 349/महिना हुनेछ,sneaking,sneaking,ne,p,fine_print,[TAG=p] [ROLE=fine_print] निःशुल्क ट्रायलपछि प्राइम रु. 349/महिना हुनेछ,sneaking:ne:04,synthetic_v1,0,0,0,0,0,1,0,0
आपका BigBasket प्रो ट्रायल रु. 149 पर रिन्यू होगा,sneaking,sneaking,hi,label,checkbox,[TAG=label] [ROLE=checkbox] आपका BigBasket प्रो ट्रायल रु. 149 पर रिन्यू होगा,sneaking:hi:21,synthetic_v1,0,0,0,0,0,1,0,0
तपाईंको Muncha प्राइम ट्रायल रु. 199 मा नवीकरण हुनेछ,sneaking,sneaking,ne,p,fine_print,[TAG=p] [ROLE=fine_print] तपाईंको Muncha प्राइम ट्रायल रु. 199 मा नवीकरण हुनेछ,sneaking:ne:21,synthetic_v1,0,0,0,0,0,1,0,0
Gyapu सेवा शुल्क रु. 449 आपके फॉर्मल शर्ट ऑर्डर में जोड़ा गया,sneaking,sneaking,hi,label,checkbox,[TAG=label] [ROLE=checkbox] Gyapu सेवा शुल्क रु. 449 आपके फॉर्मल शर्ट ऑर्डर में जोड़ा गया,sneaking:hi:16,synthetic_v1,0,0,0,0,0,1,0,0
Pro membership added to your sunglasses order,sneaking,sneaking,en,p,fine_print,[TAG=p] [ROLE=fine_print] Pro membership added to your sunglasses order,sneaking:en:14,synthetic_v1,0,0,0,0,0,1,0,0
"विराटनगर का लागि प्राथमिकता डेलिभरी छनोट (+रु. 1,199)",sneaking,sneaking,ne,label,checkbox,"[TAG=label] [ROLE=checkbox] विराटनगर का लागि प्राथमिकता डेलिभरी छनोट (+रु. 1,199)",sneaking:ne:23,synthetic_v1,0,0,0,0,0,1,0,0
प्रोटिन पाउडर को बीमा तपाईंका लागि छनोट गरियो,sneaking,sneaking,ne,label,checkbox,[TAG=label] [ROLE=checkbox] प्रोटिन पाउडर को बीमा तपाईंका लागि छनोट गरियो,sneaking:ne:07,synthetic_v1,0,0,0,0,0,1,0,0
बाँके का लागि प्राथमिकता डेलिभरी छनोट (+रु. 799),sneaking,sneaking,ne,span,line_item,[TAG=span] [ROLE=line_item] बाँके का लागि प्राथमिकता डेलिभरी छनोट (+रु. 799),sneaking:ne:23,synthetic_v1,0,0,0,0,0,1,0,0
Rs. 799 packaging charge applies for Patna orders,sneaking,sneaking,en,p,fine_print,[TAG=p] [ROLE=fine_print] Rs. 799 packaging charge applies for Patna orders,sneaking:en:20,synthetic_v1,0,0,0,0,0,1,0,0
SastoDeal बाट स्पोर्ट्स चप्पल बीमा पहिले नै छनोट (रु. 899),sneaking,sneaking,ne,p,fine_print,[TAG=p] [ROLE=fine_print] SastoDeal बाट स्पोर्ट्स चप्पल बीमा पहिले नै छनोट (रु. 899),sneaking:ne:19,synthetic_v1,0,0,0,0,0,1,0,0
Priority delivery pre-selected (+Rs. 699),sneaking,sneaking,en,span,line_item,[TAG=span] [ROLE=line_item] Priority delivery pre-selected (+Rs. 699),sneaking:en:09,synthetic_v1,0,0,0,0,0,1,0,0
8 महीने की गोल्ड सदस्यता शामिल,sneaking,sneaking,hi,p,fine_print,[TAG=p] [ROLE=fine_print] 8 महीने की गोल्ड सदस्यता शामिल,sneaking:hi:10,synthetic_v1,0,0,0,0,0,1,0,0
तपाईंको कफी मेकर अर्डरमा प्रो सदस्यता थपियो,sneaking,sneaking,ne,p,fine_print,[TAG=p] [ROLE=fine_print] तपाईंको कफी मेकर अर्डरमा प्रो सदस्यता थपियो,sneaking:ne:14,synthetic_v1,0,0,0,0,0,1,0,0
Thulo सेवा शुल्क रु. 599 तपाईंको अफिस कुर्सी अर्डरमा थपियो,sneaking,sneaking,ne,span,line_item,[TAG=span] [ROLE=line_item] Thulo सेवा शुल्क रु. 599 तपाईंको अफिस कुर्सी अर्डरमा थपियो,sneaking:ne:16,synthetic_v1,0,0,0,0,0,1,0,0
जारी रखने पर हर महीने रु. 699 शुल्क लगेगा,sneaking,sneaking,hi,span,line_item,[TAG=span] [ROLE=line_item] जारी रखने पर हर महीने रु. 699 शुल्क लगेगा,sneaking:hi:01,synthetic_v1,0,0,0,0,0,1,0,0
Convenience fee of Rs. 599 included,sneaking,sneaking,en,p,fine_print,[TAG=p] [ROLE=fine_print] Convenience fee of Rs. 599 included,sneaking:en:05,synthetic_v1,0,0,0,0,0,1,0,0
तपाईंको Snapdeal गोल्ड ट्रायल रु. 249 मा नवीकरण हुनेछ,sneaking,sneaking,ne,p,fine_print,[TAG=p] [ROLE=fine_print] तपाईंको Snapdeal गोल्ड ट्रायल रु. 249 मा नवीकरण हुनेछ,sneaking:ne:21,synthetic_v1,0,0,0,0,0,1,0,0
JioMart service fee of Rs. 999 added to your office chair order,sneaking,sneaking,en,span,line_item,[TAG=span] [ROLE=line_item] JioMart service fee of Rs. 999 added to your office chair order,sneaking:en:16,synthetic_v1,0,0,0,0,0,1,0,0
BigBasket सेवा शुल्क रु. 799 आपके इंडक्शन चूल्हा ऑर्डर में जोड़ा गया,sneaking,sneaking,hi,p,fine_print,[TAG=p] [ROLE=fine_print] BigBasket सेवा शुल्क रु. 799 आपके इंडक्शन चूल्हा ऑर्डर में जोड़ा गया,sneaking:hi:16,synthetic_v1,0,0,0,0,0,1,0,0
Meesho से पावर बैंक बीमा पहले से चुना गया (रु. 449),sneaking,sneaking,hi,span,line_item,[TAG=span] [ROLE=line_item] Meesho से पावर बैंक बीमा पहले से चुना गया (रु. 449),sneaking:hi:19,synthetic_v1,0,0,0,0,0,1,0,0
SastoDeal से इंडक्शन चूल्हा बीमा पहले से चुना गया (रु. 599),sneaking,sneaking,hi,p,fine_print,[TAG=p] [ROLE=fine_print] SastoDeal से इंडक्शन चूल्हा बीमा पहले से चुना गया (रु. 599),sneaking:hi:19,synthetic_v1,0,0,0,0,0,1,0,0
"Amazon सेवा शुल्क रु. 2,499 तपाईंको ब्लुटुथ स्पिकर अर्डरमा थपियो",sneaking,sneaking,ne,p,fine_print,"[TAG=p] [ROLE=fine_print] Amazon सेवा शुल्क रु. 2,499 तपाईंको ब्लुटुथ स्पिकर अर्डरमा थपियो",sneaking:ne:16,synthetic_v1,0,0,0,0,0,1,0,0
पानीको बोतल को बीमा तपाईंका लागि छनोट गरियो,sneaking,sneaking,ne,span,line_item,[TAG=span] [ROLE=line_item] पानीको बोतल को बीमा तपाईंका लागि छनोट गरियो,sneaking:ne:07,synthetic_v1,0,0,0,0,0,1,0,0
"Gyapu ऑर्डर में रु. 1,499 का दान जोड़ा गया",sneaking,sneaking,hi,label,checkbox,"[TAG=label] [ROLE=checkbox] Gyapu ऑर्डर में रु. 1,499 का दान जोड़ा गया",sneaking:hi:22,synthetic_v1,0,0,0,0,0,1,0,0
Handling charge of Rs. 149 for Kathmandu deliveries,sneaking,sneaking,en,span,line_item,[TAG=span] [ROLE=line_item] Handling charge of Rs. 149 for Kathmandu deliveries,sneaking:en:13,synthetic_v1,0,0,0,0,0,1,0,0
12 महिनाको प्रिमियम सदस्यता समावेश,sneaking,sneaking,ne,label,checkbox,[TAG=label] [ROLE=checkbox] 12 महिनाको प्रिमियम सदस्यता समावेश,sneaking:ne:10,synthetic_v1,0,0,0,0,0,1,0,0
बाँके डेलिभरीमा थप रु. 499,sneaking,sneaking,ne,span,line_item,[TAG=span] [ROLE=line_item] बाँके डेलिभरीमा थप रु. 499,sneaking:ne:18,synthetic_v1,0,0,0,0,0,1,0,0
आपका Daraz प्रो ट्रायल रु. 699 पर रिन्यू होगा,sneaking,sneaking,hi,p,fine_print,[TAG=p] [ROLE=fine_print] आपका Daraz प्रो ट्रायल रु. 699 पर रिन्यू होगा,sneaking:hi:21,synthetic_v1,0,0,0,0,0,1,0,0
Includes a 12-month Prime subscription,sneaking,sneaking,en,label,checkbox,[TAG=label] [ROLE=checkbox] Includes a 12-month Prime subscription,sneaking:en:10,synthetic_v1,0,0,0,0,0,1,0,0
Service fee of Rs. 449 applied,sneaking,sneaking,en,label,checkbox,[TAG=label] [ROLE=checkbox] Service fee of Rs. 449 applied,sneaking:en:03,synthetic_v1,0,0,0,0,0,1,0,0
तपाईंको इलेक्ट्रिक केतली अर्डरमा प्राइम सदस्यता थपियो,sneaking,sneaking,ne,span,line_item,[TAG=span] [ROLE=line_item] तपाईंको इलेक्ट्रिक केतली अर्डरमा प्राइम सदस्यता थपियो,sneaking:ne:14,synthetic_v1,0,0,0,0,0,1,0,0
आपके ट्रेकिंग जैकेट ऑर्डर में गोल्ड सदस्यता जोड़ी गई,sneaking,sneaking,hi,label,checkbox,[TAG=label] [ROLE=checkbox] आपके ट्रेकिंग जैकेट ऑर्डर में गोल्ड सदस्यता जोड़ी गई,sneaking:hi:14,synthetic_v1,0,0,0,0,0,1,0,0
ब्याकप्याक को बीमा तपाईंका लागि छनोट गरियो,sneaking,sneaking,ne,span,line_item,[TAG=span] [ROLE=line_item] ब्याकप्याक को बीमा तपाईंका लागि छनोट गरियो,sneaking:ne:07,synthetic_v1,0,0,0,0,0,1,0,0
अफिस कुर्सी को बीमा तपाईंका लागि छनोट गरियो,sneaking,sneaking,ne,label,checkbox,[TAG=label] [ROLE=checkbox] अफिस कुर्सी को बीमा तपाईंका लागि छनोट गरियो,sneaking:ne:07,synthetic_v1,0,0,0,0,0,1,0,0
backpack insurance from FirstCry pre-selected (Rs. 249),sneaking,sneaking,en,label,checkbox,[TAG=label] [ROLE=checkbox] backpack insurance from FirstCry pre-selected (Rs. 249),sneaking:en:19,synthetic_v1,0,0,0,0,0,1,0,0
Handling charge of Rs. 49 for Biratnagar deliveries,sneaking,sneaking,en,p,fine_print,[TAG=p] [ROLE=fine_print] Handling charge of Rs. 49 for Biratnagar deliveries,sneaking:en:13,synthetic_v1,0,0,0,0,0,1,0,0
तपाईंको अर्डरमा रु. 499 दान थपियो,sneaking,sneaking,ne,p,fine_print,[TAG=p] [ROLE=fine_print] तपाईंको अर्डरमा रु. 499 दान थपियो,sneaking:ne:06,synthetic_v1,0,0,0,0,0,1,0,0
Amazon service fee of Rs. 249 added to your phone case order,sneaking,sneaking,en,label,checkbox,[TAG=label] [ROLE=checkbox] Amazon service fee of Rs. 249 added to your phone case order,sneaking:en:16,synthetic_v1,0,0,0,0,0,1,0,0
Packaging fee Rs. 49 will be shown at payment,sneaking,sneaking,en,p,fine_print,[TAG=p] [ROLE=fine_print] Packaging fee Rs. 49 will be shown at payment,sneaking:en:15,synthetic_v1,0,0,0,0,0,1,0,0
Nykaa ऑर्डर में रु. 299 का दान जोड़ा गया,sneaking,sneaking,hi,span,line_item,[TAG=span] [ROLE=line_item] Nykaa ऑर्डर में रु. 299 का दान जोड़ा गया,sneaking:hi:22,synthetic_v1,0,0,0,0,0,1,0,0
"Delivery to Pune costs an extra Rs. 1,199",sneaking,sneaking,en,label,checkbox,"[TAG=label] [ROLE=checkbox] Delivery to Pune costs an extra Rs. 1,199",sneaking:en:18,synthetic_v1,0,0,0,0,0,1,0,0
Flipkart सेवा शुल्क रु. 49 तपाईंको योगा म्याट अर्डरमा थपियो,sneaking,sneaking,ne,span,line_item,[TAG=span] [ROLE=line_item] Flipkart सेवा शुल्क रु. 49 तपाईंको योगा म्याट अर्डरमा थपियो,sneaking:ne:16,synthetic_v1,0,0,0,0,0,1,0,0
Gold membership added to your office chair order,sneaking,sneaking,en,p,fine_print,[TAG=p] [ROLE=fine_print] Gold membership added to your office chair order,sneaking:en:14,synthetic_v1,0,0,0,0,0,1,0,0
Ajio से फेस वॉश बीमा पहले से चुना गया (रु. 299),sneaking,sneaking,hi,p,fine_print,[TAG=p] [ROLE=fine_print] Ajio से फेस वॉश बीमा पहले से चुना गया (रु. 299),sneaking:hi:19,synthetic_v1,0,0,0,0,0,1,0,0
निःशुल्क ट्रायलपछि प्रो रु. 399/महिना हुनेछ,sneaking,sneaking,ne,p,fine_print,[TAG=p] [ROLE=fine_print] निःशुल्क ट्रायलपछि प्रो रु. 399/महिना हुनेछ,sneaking:ne:04,synthetic_v1,0,0,0,0,0,1,0,0
प्राथमिकता डेलिभरी पहिले नै छनोट (+रु. 99),sneaking,sneaking,ne,p,fine_print,[TAG=p] [ROLE=fine_print] प्राथमिकता डेलिभरी पहिले नै छनोट (+रु. 99),sneaking:ne:09,synthetic_v1,0,0,0,0,0,1,0,0
Priority delivery pre-selected (+Rs. 149),sneaking,sneaking,en,label,checkbox,[TAG=label] [ROLE=checkbox] Priority delivery pre-selected (+Rs. 149),sneaking:en:09,synthetic_v1,0,0,0,0,0,1,0,0
Priority delivery to Dharan selected (+Rs. 299),sneaking,sneaking,en,label,checkbox,[TAG=label] [ROLE=checkbox] Priority delivery to Dharan selected (+Rs. 299),sneaking:en:23,synthetic_v1,0,0,0,0,0,1,0,0
कानपुर के लिए प्राथमिकता डिलीवरी चुनी गई (+रु. 599),sneaking,sneaking,hi,span,line_item,[TAG=span] [ROLE=line_item] कानपुर के लिए प्राथमिकता डिलीवरी चुनी गई (+रु. 599),sneaking:hi:23,synthetic_v1,0,0,0,0,0,1,0,0
"Blinkit अर्डरमा रु. 1,499 दान थपियो",sneaking,sneaking,ne,span,line_item,"[TAG=span] [ROLE=line_item] Blinkit अर्डरमा रु. 1,499 दान थपियो",sneaking:ne:22,synthetic_v1,0,0,0,0,0,1,0,0
तपाईंको पावर ब्यांक अर्डरमा प्राइम सदस्यता थपियो,sneaking,sneaking,ne,p,fine_print,[TAG=p] [ROLE=fine_print] तपाईंको पावर ब्यांक अर्डरमा प्राइम सदस्यता थपियो,sneaking:ne:14,synthetic_v1,0,0,0,0,0,1,0,0
Pro membership added to your yoga mat order,sneaking,sneaking,en,label,checkbox,[TAG=label] [ROLE=checkbox] Pro membership added to your yoga mat order,sneaking:en:14,synthetic_v1,0,0,0,0,0,1,0,0
Tata Cliq को प्लस सदस्यता थपियो — रु. 799/महिना,sneaking,sneaking,ne,span,line_item,[TAG=span] [ROLE=line_item] Tata Cliq को प्लस सदस्यता थपियो — रु. 799/महिना,sneaking:ne:17,synthetic_v1,0,0,0,0,0,1,0,0
"OkDam सेवा शुल्क रु. 1,999 तपाईंको स्टडी लाइट अर्डरमा थपियो",sneaking,sneaking,ne,label,checkbox,"[TAG=label] [ROLE=checkbox] OkDam सेवा शुल्क रु. 1,999 तपाईंको स्टडी लाइट अर्डरमा थपियो",sneaking:ne:16,synthetic_v1,0,0,0,0,0,1,0,0
BigBasket सेवा शुल्क रु. 99 तपाईंको वायरलेस इयरबड्स अर्डरमा थपियो,sneaking,sneaking,ne,label,checkbox,[TAG=label] [ROLE=checkbox] BigBasket सेवा शुल्क रु. 99 तपाईंको वायरलेस इयरबड्स अर्डरमा थपियो,sneaking:ne:16,synthetic_v1,0,0,0,0,0,1,0,0
तपाईंको हेयर ड्रायर अर्डरमा प्रिमियम सदस्यता थपियो,sneaking,sneaking,ne,label,checkbox,[TAG=label] [ROLE=checkbox] तपाईंको हेयर ड्रायर अर्डरमा प्रिमियम सदस्यता थपियो,sneaking:ne:14,synthetic_v1,0,0,0,0,0,1,0,0
Blinkit service fee of Rs. 49 added to your protein powder order,sneaking,sneaking,en,p,fine_print,[TAG=p] [ROLE=fine_print] Blinkit service fee of Rs. 49 added to your protein powder order,sneaking:en:16,synthetic_v1,0,0,0,0,0,1,0,0
"सुविधा शुल्क रु. 1,999 शामिल",sneaking,sneaking,hi,span,line_item,"[TAG=span] [ROLE=line_item] सुविधा शुल्क रु. 1,999 शामिल",sneaking:hi:05,synthetic_v1,0,0,0,0,0,1,0,0
Includes a 6-month Plus subscription,sneaking,sneaking,en,span,line_item,[TAG=span] [ROLE=line_item] Includes a 6-month Plus subscription,sneaking:en:10,synthetic_v1,0,0,0,0,0,1,0,0
चितवन डेलिभरीमा थप रु. 699,sneaking,sneaking,ne,label,checkbox,[TAG=label] [ROLE=checkbox] चितवन डेलिभरीमा थप रु. 699,sneaking:ne:18,synthetic_v1,0,0,0,0,0,1,0,0
SastoDeal service fee of Rs. 899 added to your trekking jacket order,sneaking,sneaking,en,span,line_item,[TAG=span] [ROLE=line_item] SastoDeal service fee of Rs. 899 added to your trekking jacket order,sneaking:en:16,synthetic_v1,0,0,0,0,0,1,0,0
Nykaa service fee of Rs. 299 added to your phone case order,sneaking,sneaking,en,label,checkbox,[TAG=label] [ROLE=checkbox] Nykaa service fee of Rs. 299 added to your phone case order,sneaking:en:16,synthetic_v1,0,0,0,0,0,1,0,0
मुंबई ऑर्डर पर रु. 149 पैकेजिंग शुल्क,sneaking,sneaking,hi,label,checkbox,[TAG=label] [ROLE=checkbox] मुंबई ऑर्डर पर रु. 149 पैकेजिंग शुल्क,sneaking:hi:20,synthetic_v1,0,0,0,0,0,1,0,0
8 महिनाको गोल्ड सदस्यता समावेश,sneaking,sneaking,ne,label,checkbox,[TAG=label] [ROLE=checkbox] 8 महिनाको गोल्ड सदस्यता समावेश,sneaking:ne:10,synthetic_v1,0,0,0,0,0,1,0,0
"बुटवल अर्डरमा रु. 1,499 प्याकेजिङ शुल्क",sneaking,sneaking,ne,span,line_item,"[TAG=span] [ROLE=line_item] बुटवल अर्डरमा रु. 1,499 प्याकेजिङ शुल्क",sneaking:ne:20,synthetic_v1,0,0,0,0,0,1,0,0
Includes a 10-month Premium subscription,sneaking,sneaking,en,span,line_item,[TAG=span] [ROLE=line_item] Includes a 10-month Premium subscription,sneaking:en:10,synthetic_v1,0,0,0,0,0,1,0,0
Prime membership added to your trekking jacket order,sneaking,sneaking,en,p,fine_print,[TAG=p] [ROLE=fine_print] Prime membership added to your trekking jacket order,sneaking:en:14,synthetic_v1,0,0,0,0,0,1,0,0
फेस वॉश का बीमा आपके लिए चुना गया,sneaking,sneaking,hi,label,checkbox,[TAG=label] [ROLE=checkbox] फेस वॉश का बीमा आपके लिए चुना गया,sneaking:hi:07,synthetic_v1,0,0,0,0,0,1,0,0
"निःशुल्क ट्रायलपछि प्राइम रु. 2,999/महिना हुनेछ",sneaking,sneaking,ne,label,checkbox,"[TAG=label] [ROLE=checkbox] निःशुल्क ट्रायलपछि प्राइम रु. 2,999/महिना हुनेछ",sneaking:ne:04,synthetic_v1,0,0,0,0,0,1,0,0
Your Amazon Prime trial renews at Rs. 799,sneaking,sneaking,en,label,checkbox,[TAG=label] [ROLE=checkbox] Your Amazon Prime trial renews at Rs. 799,sneaking:en:21,synthetic_v1,0,0,0,0,0,1,0,0
दमक डेलिभरीमा थप रु. 499,sneaking,sneaking,ne,span,line_item,[TAG=span] [ROLE=line_item] दमक डेलिभरीमा थप रु. 499,sneaking:ne:18,synthetic_v1,0,0,0,0,0,1,0,0
"बेंगलुरु डिलीवरी पर अतिरिक्त रु. 2,999",sneaking,sneaking,hi,span,line_item,"[TAG=span] [ROLE=line_item] बेंगलुरु डिलीवरी पर अतिरिक्त रु. 2,999",sneaking:hi:18,synthetic_v1,0,0,0,0,0,1,0,0
formal shirt insurance from Thulo pre-selected (Rs. 149),sneaking,sneaking,en,span,line_item,[TAG=span] [ROLE=line_item] formal shirt insurance from Thulo pre-selected (Rs. 149),sneaking:en:19,synthetic_v1,0,0,0,0,0,1,0,0
Handling charge of Rs. 999 for Patna deliveries,sneaking,sneaking,en,p,fine_print,[TAG=p] [ROLE=fine_print] Handling charge of Rs. 999 for Patna deliveries,sneaking:en:13,synthetic_v1,0,0,0,0,0,1,0,0
Pro membership from Thulo added — Rs. 899/month,sneaking,sneaking,en,label,checkbox,[TAG=label] [ROLE=checkbox] Pro membership from Thulo added — Rs. 899/month,sneaking:en:17,synthetic_v1,0,0,0,0,0,1,0,0
Croma को प्रो सदस्यता थपियो — रु. 349/महिना,sneaking,sneaking,ne,label,checkbox,[TAG=label] [ROLE=checkbox] Croma को प्रो सदस्यता थपियो — रु. 349/महिना,sneaking:ne:17,synthetic_v1,0,0,0,0,0,1,0,0
बेंगलुरु डिलीवरी पर अतिरिक्त रु. 999,sneaking,sneaking,hi,p,fine_print,[TAG=p] [ROLE=fine_print] बेंगलुरु डिलीवरी पर अतिरिक्त रु. 999,sneaking:hi:18,synthetic_v1,0,0,0,0,0,1,0,0
OkDam service fee of Rs. 599 added to your electric kettle order,sneaking,sneaking,en,span,line_item,[TAG=span] [ROLE=line_item] OkDam service fee of Rs. 599 added to your electric kettle order,sneaking:en:16,synthetic_v1,0,0,0,0,0,1,0,0
Rs. 349 packaging charge applies for Lalitpur orders,sneaking,sneaking,en,p,fine_print,[TAG=p] [ROLE=fine_print] Rs. 349 packaging charge applies for Lalitpur orders,sneaking:en:20,synthetic_v1,0,0,0,0,0,1,0,0
जनकपुर डेलिभरीमा रु. 999 ह्यान्डलिङ शुल्क,sneaking,sneaking,ne,label,checkbox,[TAG=label] [ROLE=checkbox] जनकपुर डेलिभरीमा रु. 999 ह्यान्डलिङ शुल्क,sneaking:ne:13,synthetic_v1,0,0,0,0,0,1,0,0
"FirstCry सेवा शुल्क रु. 1,199 आपके डेनिम जींस ऑर्डर में जोड़ा गया",sneaking,sneaking,hi,span,line_item,"[TAG=span] [ROLE=line_item] FirstCry सेवा शुल्क रु. 1,199 आपके डेनिम जींस ऑर्डर में जोड़ा गया",sneaking:hi:16,synthetic_v1,0,0,0,0,0,1,0,0
