text,labels,primary_label,lang,tag,role,model_input,template_id,source,y_confirmshaming,y_false_urgency,y_forced_action,y_obstruction,y_scarcity,y_sneaking,y_social_proof,y_benign
जयपुर शिपिंग: रु. 699,benign,benign,hi,button,cta,[TAG=button] [ROLE=cta] जयपुर शिपिंग: रु. 699,benign:hi:71,synthetic_v1,0,0,0,0,0,0,0,1
"धनगढी मा स्टकमा, 10 दिनमा पठाइन्छ",benign,benign,ne,span,label,"[TAG=span] [ROLE=label] धनगढी मा स्टकमा, 10 दिनमा पठाइन्छ",benign:ne:76,synthetic_v1,0,0,0,0,0,0,0,1
स्मार्टवॉच पर रु. 249 से EMI,benign,benign,hi,span,label,[TAG=span] [ROLE=label] स्मार्टवॉच पर रु. 249 से EMI,benign:hi:74,synthetic_v1,0,0,0,0,0,0,0,1
Salesberry मा कटन कुर्ता मूल्य तुलना गर्नुहोस्,benign,benign,ne,button,cta,[TAG=button] [ROLE=cta] Salesberry मा कटन कुर्ता मूल्य तुलना गर्नुहोस्,benign:ne:73,synthetic_v1,0,0,0,0,0,0,0,1
वारेन्टी: 8 वर्ष,benign,benign,ne,button,cta,[TAG=button] [ROLE=cta] वारेन्टी: 8 वर्ष,benign:ne:36,synthetic_v1,0,0,0,0,0,0,0,1
"In stock in Surat, ships in 3 days",benign,benign,en,li,nav,"[TAG=li] [ROLE=nav] In stock in Surat, ships in 3 days",benign:en:77,synthetic_v1,0,0,0,0,0,0,0,1
Daraz return policy: 1 days,benign,benign,en,span,label,[TAG=span] [ROLE=label] Daraz return policy: 1 days,benign:en:66,synthetic_v1,0,0,0,0,0,0,0,1
सभी फॉर्मल शर्ट देखें,benign,benign,hi,span,label,[TAG=span] [ROLE=label] सभी फॉर्मल शर्ट देखें,benign:hi:20,synthetic_v1,0,0,0,0,0,0,0,1
"बिक्रेता: रोहन ट्रेडर्स, काठमाडौँ",benign,benign,ne,button,cta,"[TAG=button] [ROLE=cta] बिक्रेता: रोहन ट्रेडर्स, काठमाडौँ",benign:ne:48,synthetic_v1,0,0,0,0,0,0,0,1
मेरो अर्डरबाट Meesho अर्डर रद्द गर्नुहोस्,benign,benign,ne,li,nav,[TAG=li] [ROLE=nav] मेरो अर्डरबाट Meesho अर्डर रद्द गर्नुहोस्,benign:ne:68,synthetic_v1,0,0,0,0,0,0,0,1
"स्कूल बैग — 2,038 समीक्षाएँ, रांची गोदाम",benign,benign,hi,span,label,"[TAG=span] [ROLE=label] स्कूल बैग — 2,038 समीक्षाएँ, रांची गोदाम",benign:hi:72,synthetic_v1,0,0,0,0,0,0,0,1
Delivery to Lucknow in 5 days,benign,benign,en,li,nav,[TAG=li] [ROLE=nav] Delivery to Lucknow in 5 days,benign:en:64,synthetic_v1,0,0,0,0,0,0,0,1
तनहुँ ढुवानी: रु. 499,benign,benign,ne,button,cta,[TAG=button] [ROLE=cta] तनहुँ ढुवानी: रु. 499,benign:ne:71,synthetic_v1,0,0,0,0,0,0,0,1
Price: Rs. 499,benign,benign,en,span,label,[TAG=span] [ROLE=label] Price: Rs. 499,benign:en:45,synthetic_v1,0,0,0,0,0,0,0,1
"5,872 इकाई बिकीं",benign,benign,hi,label,form,"[TAG=label] [ROLE=form] 5,872 इकाई बिकीं",benign:hi:47,synthetic_v1,0,0,0,0,0,0,0,1
"Sold by Prakash Store, Delhi",benign,benign,en,p,body,"[TAG=p] [ROLE=body] Sold by Prakash Store, Delhi",benign:en:65,synthetic_v1,0,0,0,0,0,0,0,1
"In stock in Mumbai, ships in 3 days",benign,benign,en,label,form,"[TAG=label] [ROLE=form] In stock in Mumbai, ships in 3 days",benign:en:77,synthetic_v1,0,0,0,0,0,0,0,1
कानपुर में 7 दिन में डिलीवरी,benign,benign,hi,span,label,[TAG=span] [ROLE=label] कानपुर में 7 दिन में डिलीवरी,benign:hi:63,synthetic_v1,0,0,0,0,0,0,0,1
JioMart return policy: 2 days,benign,benign,en,button,cta,[TAG=button] [ROLE=cta] JioMart return policy: 2 days,benign:en:66,synthetic_v1,0,0,0,0,0,0,0,1
Add formal shirt to cart,benign,benign,en,label,form,[TAG=label] [ROLE=form] Add formal shirt to cart,benign:en:00,synthetic_v1,0,0,0,0,0,0,0,1
Flipkart customer care: our support line,benign,benign,en,button,cta,[TAG=button] [ROLE=cta] Flipkart customer care: our support line,benign:en:76,synthetic_v1,0,0,0,0,0,0,0,1
योगा म्याट — रु. 699,benign,benign,ne,span,label,[TAG=span] [ROLE=label] योगा म्याट — रु. 699,benign:ne:46,synthetic_v1,0,0,0,0,0,0,0,1
"In stock in Patna, ships in 3 days",benign,benign,en,p,body,"[TAG=p] [ROLE=body] In stock in Patna, ships in 3 days",benign:en:77,synthetic_v1,0,0,0,0,0,0,0,1
JioMart मा फर्मल सर्ट खोज्नुहोस्,benign,benign,ne,h2,heading,[TAG=h2] [ROLE=heading] JioMart मा फर्मल सर्ट खोज्नुहोस्,benign:ne:66,synthetic_v1,0,0,0,0,0,0,0,1
एयर फ्रायर उपलब्ध होने पर सूचित करें,benign,benign,hi,button,cta,[TAG=button] [ROLE=cta] एयर फ्रायर उपलब्ध होने पर सूचित करें,benign:hi:33,synthetic_v1,0,0,0,0,0,0,0,1
HamroBazar मा योगा म्याट मा 15% छुट,benign,benign,ne,p,body,[TAG=p] [ROLE=body] HamroBazar मा योगा म्याट मा 15% छुट,benign:ne:70,synthetic_v1,0,0,0,0,0,0,0,1
"EMI from Rs. 1,199 on running shoes",benign,benign,en,h2,heading,"[TAG=h2] [ROLE=heading] EMI from Rs. 1,199 on running shoes",benign:en:75,synthetic_v1,0,0,0,0,0,0,0,1
"विक्रेता: पूजा स्टोर, नागपुर",benign,benign,hi,p,body,"[TAG=p] [ROLE=body] विक्रेता: पूजा स्टोर, नागपुर",benign:hi:64,synthetic_v1,0,0,0,0,0,0,0,1
पावर बैंक पर रु. 999 से EMI,benign,benign,hi,label,form,[TAG=label] [ROLE=form] पावर बैंक पर रु. 999 से EMI,benign:hi:74,synthetic_v1,0,0,0,0,0,0,0,1
induction cooktop at Reliance Digital — Rs. 249,benign,benign,en,li,nav,[TAG=li] [ROLE=nav] induction cooktop at Reliance Digital — Rs. 249,benign:en:63,synthetic_v1,0,0,0,0,0,0,0,1
Nykaa रिटर्न नीति: 2 दिन,benign,benign,hi,label,form,[TAG=label] [ROLE=form] Nykaa रिटर्न नीति: 2 दिन,benign:hi:65,synthetic_v1,0,0,0,0,0,0,0,1
Myntra फिर्ता नीति: 1 दिन,benign,benign,ne,a,nav,[TAG=a] [ROLE=nav] Myntra फिर्ता नीति: 1 दिन,benign:ne:65,synthetic_v1,0,0,0,0,0,0,0,1
367 सत्यापित समीक्षाएँ,benign,benign,hi,span,label,[TAG=span] [ROLE=label] 367 सत्यापित समीक्षाएँ,benign:hi:23,synthetic_v1,0,0,0,0,0,0,0,1
"वीरगन्ज मा स्टकमा, 3 दिनमा पठाइन्छ",benign,benign,ne,p,body,"[TAG=p] [ROLE=body] वीरगन्ज मा स्टकमा, 3 दिनमा पठाइन्छ",benign:ne:76,synthetic_v1,0,0,0,0,0,0,0,1
Shipping to Delhi: Rs. 449,benign,benign,en,p,body,[TAG=p] [ROLE=body] Shipping to Delhi: Rs. 449,benign:en:72,synthetic_v1,0,0,0,0,0,0,0,1
Shipping to Mumbai: Rs. 49,benign,benign,en,li,nav,[TAG=li] [ROLE=nav] Shipping to Mumbai: Rs. 49,benign:en:72,synthetic_v1,0,0,0,0,0,0,0,1
"hair dryer — 889 reviews, Mumbai warehouse",benign,benign,en,button,cta,"[TAG=button] [ROLE=cta] hair dryer — 889 reviews, Mumbai warehouse",benign:en:73,synthetic_v1,0,0,0,0,0,0,0,1
Shipping fee: Rs. 999 (shown before payment),benign,benign,en,span,label,[TAG=span] [ROLE=label] Shipping fee: Rs. 999 (shown before payment),benign:en:43,synthetic_v1,0,0,0,0,0,0,0,1
Kinbech ग्राहक सेवा: हमारी हेल्पलाइन,benign,benign,hi,h2,heading,[TAG=h2] [ROLE=heading] Kinbech ग्राहक सेवा: हमारी हेल्पलाइन,benign:hi:75,synthetic_v1,0,0,0,0,0,0,0,1
SastoDeal पर स्टडी लैंप खोजें,benign,benign,hi,li,nav,[TAG=li] [ROLE=nav] SastoDeal पर स्टडी लैंप खोजें,benign:hi:66,synthetic_v1,0,0,0,0,0,0,0,1
हमसे संपर्क करें,benign,benign,hi,li,nav,[TAG=li] [ROLE=nav] हमसे संपर्क करें,benign:hi:21,synthetic_v1,0,0,0,0,0,0,0,1
Myntra मा नोइज क्यान्सलिङ हेडफोन मा 60% छुट,benign,benign,ne,p,body,[TAG=p] [ROLE=body] Myntra मा नोइज क्यान्सलिङ हेडफोन मा 60% छुट,benign:ne:70,synthetic_v1,0,0,0,0,0,0,0,1
"noise cancelling headphones — Rs. 2,499",benign,benign,en,span,label,"[TAG=span] [ROLE=label] noise cancelling headphones — Rs. 2,499",benign:en:46,synthetic_v1,0,0,0,0,0,0,0,1
Croma ग्राहक सेवा: हाम्रो WhatsApp नम्बर,benign,benign,ne,button,cta,[TAG=button] [ROLE=cta] Croma ग्राहक सेवा: हाम्रो WhatsApp नम्बर,benign:ne:75,synthetic_v1,0,0,0,0,0,0,0,1
Lenskart फिर्ता नीति: 8 दिन,benign,benign,ne,h2,heading,[TAG=h2] [ROLE=heading] Lenskart फिर्ता नीति: 8 दिन,benign:ne:65,synthetic_v1,0,0,0,0,0,0,0,1
40% off school bag at Lenskart,benign,benign,en,li,nav,[TAG=li] [ROLE=nav] 40% off school bag at Lenskart,benign:en:71,synthetic_v1,0,0,0,0,0,0,0,1
"बिक्रेता: अर्जुन स्टोर, पोखरा",benign,benign,ne,a,nav,"[TAG=a] [ROLE=nav] बिक्रेता: अर्जुन स्टोर, पोखरा",benign:ne:64,synthetic_v1,0,0,0,0,0,0,0,1
राइस कुकर — रु. 299,benign,benign,ne,label,form,[TAG=label] [ROLE=form] राइस कुकर — रु. 299,benign:ne:46,synthetic_v1,0,0,0,0,0,0,0,1
"Seller: Jyoti Traders, Butwal",benign,benign,en,h2,heading,"[TAG=h2] [ROLE=heading] Seller: Jyoti Traders, Butwal",benign:en:49,synthetic_v1,0,0,0,0,0,0,0,1
"Free shipping on orders above Rs. 1,499",benign,benign,en,label,form,"[TAG=label] [ROLE=form] Free shipping on orders above Rs. 1,499",benign:en:01,synthetic_v1,0,0,0,0,0,0,0,1
अहमदाबाद में डिलीवरी,benign,benign,hi,span,label,[TAG=span] [ROLE=label] अहमदाबाद में डिलीवरी,benign:hi:37,synthetic_v1,0,0,0,0,0,0,0,1
Shipping to Pune: Rs. 249,benign,benign,en,li,nav,[TAG=li] [ROLE=nav] Shipping to Pune: Rs. 249,benign:en:72,synthetic_v1,0,0,0,0,0,0,0,1
HamroBazar return policy: 7 days,benign,benign,en,label,form,[TAG=label] [ROLE=form] HamroBazar return policy: 7 days,benign:en:66,synthetic_v1,0,0,0,0,0,0,0,1
"बिक्रेता: मीरा ट्रेडर्स, गोरखा",benign,benign,ne,span,label,"[TAG=span] [ROLE=label] बिक्रेता: मीरा ट्रेडर्स, गोरखा",benign:ne:48,synthetic_v1,0,0,0,0,0,0,0,1
"4,265 people rated gaming mouse",benign,benign,en,span,label,"[TAG=span] [ROLE=label] 4,265 people rated gaming mouse",benign:en:68,synthetic_v1,0,0,0,0,0,0,0,1
Price: Rs. 799,benign,benign,en,li,nav,[TAG=li] [ROLE=nav] Price: Rs. 799,benign:en:45,synthetic_v1,0,0,0,0,0,0,0,1
रु. 99 माथिको अर्डरमा निःशुल्क ढुवानी,benign,benign,ne,span,label,[TAG=span] [ROLE=label] रु. 99 माथिको अर्डरमा निःशुल्क ढुवानी,benign:ne:01,synthetic_v1,0,0,0,0,0,0,0,1
सर्दी का कंबल पर रु. 499 से EMI,benign,benign,hi,label,form,[TAG=label] [ROLE=form] सर्दी का कंबल पर रु. 499 से EMI,benign:hi:74,synthetic_v1,0,0,0,0,0,0,0,1
"1,765 people rated coffee maker",benign,benign,en,a,nav,"[TAG=a] [ROLE=nav] 1,765 people rated coffee maker",benign:en:68,synthetic_v1,0,0,0,0,0,0,0,1
"वायरलेस इयरबड्स — 18,332 समीक्षा, इटहरी गोदाम",benign,benign,ne,label,form,"[TAG=label] [ROLE=form] वायरलेस इयरबड्स — 18,332 समीक्षा, इटहरी गोदाम",benign:ne:72,synthetic_v1,0,0,0,0,0,0,0,1
Salesberry पर हेयर ड्रायर की कीमतों की तुलना करें,benign,benign,hi,li,nav,[TAG=li] [ROLE=nav] Salesberry पर हेयर ड्रायर की कीमतों की तुलना करें,benign:hi:73,synthetic_v1,0,0,0,0,0,0,0,1
SastoDeal return policy: 2 days,benign,benign,en,span,label,[TAG=span] [ROLE=label] SastoDeal return policy: 2 days,benign:en:66,synthetic_v1,0,0,0,0,0,0,0,1
वारंटी: 6 साल,benign,benign,hi,h2,heading,[TAG=h2] [ROLE=heading] वारंटी: 6 साल,benign:hi:36,synthetic_v1,0,0,0,0,0,0,0,1
Today's offers,benign,benign,en,p,body,[TAG=p] [ROLE=body] Today's offers,benign:en:30,synthetic_v1,0,0,0,0,0,0,0,1
"विक्रेता: मीरा स्टोर, चंडीगढ़",benign,benign,hi,p,body,"[TAG=p] [ROLE=body] विक्रेता: मीरा स्टोर, चंडीगढ़",benign:hi:64,synthetic_v1,0,0,0,0,0,0,0,1
Terms and conditions,benign,benign,en,p,body,[TAG=p] [ROLE=body] Terms and conditions,benign:en:59,synthetic_v1,0,0,0,0,0,0,0,1
"21,507 people rated denim jeans",benign,benign,en,h2,heading,"[TAG=h2] [ROLE=heading] 21,507 people rated denim jeans",benign:en:68,synthetic_v1,0,0,0,0,0,0,0,1
40% off backpack at Myntra,benign,benign,en,p,body,[TAG=p] [ROLE=body] 40% off backpack at Myntra,benign:en:71,synthetic_v1,0,0,0,0,0,0,0,1
BigBasket पर पानी की बोतल की कीमतों की तुलना करें,benign,benign,hi,h2,heading,[TAG=h2] [ROLE=heading] BigBasket पर पानी की बोतल की कीमतों की तुलना करें,benign:hi:73,synthetic_v1,0,0,0,0,0,0,0,1
Muncha मा ब्लुटुथ स्पिकर — रु. 199,benign,benign,ne,button,cta,[TAG=button] [ROLE=cta] Muncha मा ब्लुटुथ स्पिकर — रु. 199,benign:ne:62,synthetic_v1,0,0,0,0,0,0,0,1
Exchange offer up to Rs. 799,benign,benign,en,h2,heading,[TAG=h2] [ROLE=heading] Exchange offer up to Rs. 799,benign:en:35,synthetic_v1,0,0,0,0,0,0,0,1
कीमत: रु. 49,benign,benign,hi,span,label,[TAG=span] [ROLE=label] कीमत: रु. 49,benign:hi:45,synthetic_v1,0,0,0,0,0,0,0,1
"इन्डक्सन चुल्हो — 766 समीक्षा, धनगढी गोदाम",benign,benign,ne,li,nav,"[TAG=li] [ROLE=nav] इन्डक्सन चुल्हो — 766 समीक्षा, धनगढी गोदाम",benign:ne:72,synthetic_v1,0,0,0,0,0,0,0,1
"In stock in Bhaktapur, ships in 5 days",benign,benign,en,span,label,"[TAG=span] [ROLE=label] In stock in Bhaktapur, ships in 5 days",benign:en:77,synthetic_v1,0,0,0,0,0,0,0,1
Compare laptop bag prices on Salesberry,benign,benign,en,li,nav,[TAG=li] [ROLE=nav] Compare laptop bag prices on Salesberry,benign:en:74,synthetic_v1,0,0,0,0,0,0,0,1
"Customer reviews (4,265)",benign,benign,en,h2,heading,"[TAG=h2] [ROLE=heading] Customer reviews (4,265)",benign:en:03,synthetic_v1,0,0,0,0,0,0,0,1
ललितपुर मा 14 दिनमा डेलिभरी,benign,benign,ne,h2,heading,[TAG=h2] [ROLE=heading] ललितपुर मा 14 दिनमा डेलिभरी,benign:ne:63,synthetic_v1,0,0,0,0,0,0,0,1
दमक मा क्यास अन डेलिभरी उपलब्ध,benign,benign,ne,h2,heading,[TAG=h2] [ROLE=heading] दमक मा क्यास अन डेलिभरी उपलब्ध,benign:ne:09,synthetic_v1,0,0,0,0,0,0,0,1
"18,332 people rated school bag",benign,benign,en,p,body,"[TAG=p] [ROLE=body] 18,332 people rated school bag",benign:en:68,synthetic_v1,0,0,0,0,0,0,0,1
"2,411 people rated denim jeans",benign,benign,en,label,form,"[TAG=label] [ROLE=form] 2,411 people rated denim jeans",benign:en:68,synthetic_v1,0,0,0,0,0,0,0,1
EMI from Rs. 899 on laptop bag,benign,benign,en,label,form,[TAG=label] [ROLE=form] EMI from Rs. 899 on laptop bag,benign:en:75,synthetic_v1,0,0,0,0,0,0,0,1
My orders,benign,benign,en,h2,heading,[TAG=h2] [ROLE=heading] My orders,benign:en:38,synthetic_v1,0,0,0,0,0,0,0,1
"Seller: Nisha Traders, Lucknow",benign,benign,en,li,nav,"[TAG=li] [ROLE=nav] Seller: Nisha Traders, Lucknow",benign:en:49,synthetic_v1,0,0,0,0,0,0,0,1
"14,860 people rated sunglasses",benign,benign,en,li,nav,"[TAG=li] [ROLE=nav] 14,860 people rated sunglasses",benign:en:68,synthetic_v1,0,0,0,0,0,0,0,1
"कानपुर में स्टॉक में, 14 दिन में शिप",benign,benign,hi,a,nav,"[TAG=a] [ROLE=nav] कानपुर में स्टॉक में, 14 दिन में शिप",benign:hi:76,synthetic_v1,0,0,0,0,0,0,0,1
"1,187 जनाले एयर फ्रायर मूल्याङ्कन गरे",benign,benign,ne,label,form,"[TAG=label] [ROLE=form] 1,187 जनाले एयर फ्रायर मूल्याङ्कन गरे",benign:ne:67,synthetic_v1,0,0,0,0,0,0,0,1
राइस कुकर खोजें,benign,benign,hi,p,body,[TAG=p] [ROLE=body] राइस कुकर खोजें,benign:hi:14,synthetic_v1,0,0,0,0,0,0,0,1
Thulo return policy: 6 days,benign,benign,en,label,form,[TAG=label] [ROLE=form] Thulo return policy: 6 days,benign:en:66,synthetic_v1,0,0,0,0,0,0,0,1
Thulo return policy: 5 days,benign,benign,en,span,label,[TAG=span] [ROLE=label] Thulo return policy: 5 days,benign:en:66,synthetic_v1,0,0,0,0,0,0,0,1
Pepperfry इमेल एक क्लिकमा अनसब्स्क्राइब गर्नुहोस्,benign,benign,ne,p,body,[TAG=p] [ROLE=body] Pepperfry इमेल एक क्लिकमा अनसब्स्क्राइब गर्नुहोस्,benign:ne:69,synthetic_v1,0,0,0,0,0,0,0,1
Amazon customer care: our helpline,benign,benign,en,p,body,[TAG=p] [ROLE=body] Amazon customer care: our helpline,benign:en:76,synthetic_v1,0,0,0,0,0,0,0,1
धनगढी मा 3 दिनमा डेलिभरी,benign,benign,ne,a,nav,[TAG=a] [ROLE=nav] धनगढी मा 3 दिनमा डेलिभरी,benign:ne:63,synthetic_v1,0,0,0,0,0,0,0,1
Flipkart मा फोन कभर मूल्य तुलना गर्नुहोस्,benign,benign,ne,p,body,[TAG=p] [ROLE=body] Flipkart मा फोन कभर मूल्य तुलना गर्नुहोस्,benign:ne:73,synthetic_v1,0,0,0,0,0,0,0,1
Ajio फिर्ता नीति: 9 दिन,benign,benign,ne,li,nav,[TAG=li] [ROLE=nav] Ajio फिर्ता नीति: 9 दिन,benign:ne:65,synthetic_v1,0,0,0,0,0,0,0,1
Customer reviews (402),benign,benign,en,label,form,[TAG=label] [ROLE=form] Customer reviews (402),benign:en:03,synthetic_v1,0,0,0,0,0,0,0,1
Meesho मा कफी मेकर मूल्य तुलना गर्नुहोस्,benign,benign,ne,button,cta,[TAG=button] [ROLE=cta] Meesho मा कफी मेकर मूल्य तुलना गर्नुहोस्,benign:ne:73,synthetic_v1,0,0,0,0,0,0,0,1
Zepto मा फोन कभर मूल्य तुलना गर्नुहोस्,benign,benign,ne,span,label,[TAG=span] [ROLE=label] Zepto मा फोन कभर मूल्य तुलना गर्नुहोस्,benign:ne:73,synthetic_v1,0,0,0,0,0,0,0,1
ग्राहक समीक्षाएँ (634),benign,benign,hi,h2,heading,[TAG=h2] [ROLE=heading] ग्राहक समीक्षाएँ (634),benign:hi:03,synthetic_v1,0,0,0,0,0,0,0,1
Delivery to Pune in 2 days,benign,benign,en,span,label,[TAG=span] [ROLE=label] Delivery to Pune in 2 days,benign:en:64,synthetic_v1,0,0,0,0,0,0,0,1
889 verified reviews,benign,benign,en,p,body,[TAG=p] [ROLE=body] 889 verified reviews,benign:en:23,synthetic_v1,0,0,0,0,0,0,0,1
Croma ईमेल एक क्लिक में अनसब्सक्राइब करें,benign,benign,hi,button,cta,[TAG=button] [ROLE=cta] Croma ईमेल एक क्लिक में अनसब्सक्राइब करें,benign:hi:69,synthetic_v1,0,0,0,0,0,0,0,1
धरान मा 2 दिनमा डेलिभरी,benign,benign,ne,label,form,[TAG=label] [ROLE=form] धरान मा 2 दिनमा डेलिभरी,benign:ne:63,synthetic_v1,0,0,0,0,0,0,0,1
"rice cooker — 934 reviews, Lucknow warehouse",benign,benign,en,button,cta,"[TAG=button] [ROLE=cta] rice cooker — 934 reviews, Lucknow warehouse",benign:en:73,synthetic_v1,0,0,0,0,0,0,0,1
सूरत शिपिंग: रु. 999,benign,benign,hi,span,label,[TAG=span] [ROLE=label] सूरत शिपिंग: रु. 999,benign:hi:71,synthetic_v1,0,0,0,0,0,0,0,1
"Seller: Meera Traders, Patna",benign,benign,en,li,nav,"[TAG=li] [ROLE=nav] Seller: Meera Traders, Patna",benign:en:49,synthetic_v1,0,0,0,0,0,0,0,1
"ग्राहक समीक्षाएँ (1,340)",benign,benign,hi,p,body,"[TAG=p] [ROLE=body] ग्राहक समीक्षाएँ (1,340)",benign:hi:03,synthetic_v1,0,0,0,0,0,0,0,1
"पोखरा मा स्टकमा, 4 दिनमा पठाइन्छ",benign,benign,ne,label,form,"[TAG=label] [ROLE=form] पोखरा मा स्टकमा, 4 दिनमा पठाइन्छ",benign:ne:76,synthetic_v1,0,0,0,0,0,0,0,1
सुर्खेत मा डेलिभरी,benign,benign,ne,span,label,[TAG=span] [ROLE=label] सुर्खेत मा डेलिभरी,benign:ne:37,synthetic_v1,0,0,0,0,0,0,0,1
"In stock in Indore, ships in 4 days",benign,benign,en,li,nav,"[TAG=li] [ROLE=nav] In stock in Indore, ships in 4 days",benign:en:77,synthetic_v1,0,0,0,0,0,0,0,1
Amazon पर बैकपैक पर 50% छूट,benign,benign,hi,button,cta,[TAG=button] [ROLE=cta] Amazon पर बैकपैक पर 50% छूट,benign:hi:70,synthetic_v1,0,0,0,0,0,0,0,1
चितवन ढुवानी: रु. 449,benign,benign,ne,a,nav,[TAG=a] [ROLE=nav] चितवन ढुवानी: रु. 449,benign:ne:71,synthetic_v1,0,0,0,0,0,0,0,1
"2,411 people rated laptop bag",benign,benign,en,h2,heading,"[TAG=h2] [ROLE=heading] 2,411 people rated laptop bag",benign:en:68,synthetic_v1,0,0,0,0,0,0,0,1
वारंटी: 8 साल,benign,benign,hi,li,nav,[TAG=li] [ROLE=nav] वारंटी: 8 साल,benign:hi:36,synthetic_v1,0,0,0,0,0,0,0,1
Tata Cliq पर ट्रेकिंग जैकेट की कीमतों की तुलना करें,benign,benign,hi,button,cta,[TAG=button] [ROLE=cta] Tata Cliq पर ट्रेकिंग जैकेट की कीमतों की तुलना करें,benign:hi:73,synthetic_v1,0,0,0,0,0,0,0,1
Compare power bank prices on Amazon,benign,benign,en,button,cta,[TAG=button] [ROLE=cta] Compare power bank prices on Amazon,benign:en:74,synthetic_v1,0,0,0,0,0,0,0,1
Search protein powder on Ajio,benign,benign,en,p,body,[TAG=p] [ROLE=body] Search protein powder on Ajio,benign:en:67,synthetic_v1,0,0,0,0,0,0,0,1
अनुमानित डिलीवरी: 10 दिन,benign,benign,hi,li,nav,[TAG=li] [ROLE=nav] अनुमानित डिलीवरी: 10 दिन,benign:hi:24,synthetic_v1,0,0,0,0,0,0,0,1
Lenskart पर कॉटन कुर्ता पर 30% छूट,benign,benign,hi,button,cta,[TAG=button] [ROLE=cta] Lenskart पर कॉटन कुर्ता पर 30% छूट,benign:hi:70,synthetic_v1,0,0,0,0,0,0,0,1
Flipkart ग्राहक सेवा: हाम्रो WhatsApp नम्बर,benign,benign,ne,li,nav,[TAG=li] [ROLE=nav] Flipkart ग्राहक सेवा: हाम्रो WhatsApp नम्बर,benign:ne:75,synthetic_v1,0,0,0,0,0,0,0,1
"जयपुर में स्टॉक में, 7 दिन में शिप",benign,benign,hi,li,nav,"[TAG=li] [ROLE=nav] जयपुर में स्टॉक में, 7 दिन में शिप",benign:hi:76,synthetic_v1,0,0,0,0,0,0,0,1
Gyapu return policy: 4 days,benign,benign,en,h2,heading,[TAG=h2] [ROLE=heading] Gyapu return policy: 4 days,benign:en:66,synthetic_v1,0,0,0,0,0,0,0,1
Salesberry पर फोन कवर खोजें,benign,benign,hi,button,cta,[TAG=button] [ROLE=cta] Salesberry पर फोन कवर खोजें,benign:hi:66,synthetic_v1,0,0,0,0,0,0,0,1
"बिक्रेता: मनिष स्टोर, विराटनगर",benign,benign,ne,h2,heading,"[TAG=h2] [ROLE=heading] बिक्रेता: मनिष स्टोर, विराटनगर",benign:ne:64,synthetic_v1,0,0,0,0,0,0,0,1
"ललितपुर ढुवानी: रु. 1,199",benign,benign,ne,button,cta,"[TAG=button] [ROLE=cta] ललितपुर ढुवानी: रु. 1,199",benign:ne:71,synthetic_v1,0,0,0,0,0,0,0,1
Daraz customer care: our helpline,benign,benign,en,button,cta,[TAG=button] [ROLE=cta] Daraz customer care: our helpline,benign:en:76,synthetic_v1,0,0,0,0,0,0,0,1
"Sold by Dipesh Store, Butwal",benign,benign,en,button,cta,"[TAG=button] [ROLE=cta] Sold by Dipesh Store, Butwal",benign:en:65,synthetic_v1,0,0,0,0,0,0,0,1
रु. 799 सम्म एक्सचेन्ज अफर,benign,benign,ne,h2,heading,[TAG=h2] [ROLE=heading] रु. 799 सम्म एक्सचेन्ज अफर,benign:ne:35,synthetic_v1,0,0,0,0,0,0,0,1
Daraz पर हेयर ड्रायर खोजें,benign,benign,hi,p,body,[TAG=p] [ROLE=body] Daraz पर हेयर ड्रायर खोजें,benign:hi:66,synthetic_v1,0,0,0,0,0,0,0,1
Nykaa return policy: 5 days,benign,benign,en,button,cta,[TAG=button] [ROLE=cta] Nykaa return policy: 5 days,benign:en:66,synthetic_v1,0,0,0,0,0,0,0,1
"Free shipping on orders above Rs. 2,499",benign,benign,en,label,form,"[TAG=label] [ROLE=form] Free shipping on orders above Rs. 2,499",benign:en:01,synthetic_v1,0,0,0,0,0,0,0,1
"Customer reviews (18,332)",benign,benign,en,h2,heading,"[TAG=h2] [ROLE=heading] Customer reviews (18,332)",benign:en:03,synthetic_v1,0,0,0,0,0,0,0,1
face wash — Rs. 249,benign,benign,en,span,label,[TAG=span] [ROLE=label] face wash — Rs. 249,benign:en:46,synthetic_v1,0,0,0,0,0,0,0,1
Myntra पर फेस वॉश पर 60% छूट,benign,benign,hi,h2,heading,[TAG=h2] [ROLE=heading] Myntra पर फेस वॉश पर 60% छूट,benign:hi:70,synthetic_v1,0,0,0,0,0,0,0,1
5% off trekking jacket at Snapdeal,benign,benign,en,button,cta,[TAG=button] [ROLE=cta] 5% off trekking jacket at Snapdeal,benign:en:71,synthetic_v1,0,0,0,0,0,0,0,1
Zepto मा फर्मल सर्ट मा 80% छुट,benign,benign,ne,a,nav,[TAG=a] [ROLE=nav] Zepto मा फर्मल सर्ट मा 80% छुट,benign:ne:70,synthetic_v1,0,0,0,0,0,0,0,1
Reliance Digital मा पावर ब्यांक मा 80% छुट,benign,benign,ne,p,body,[TAG=p] [ROLE=body] Reliance Digital मा पावर ब्यांक मा 80% छुट,benign:ne:70,synthetic_v1,0,0,0,0,0,0,0,1
View all phone case,benign,benign,en,p,body,[TAG=p] [ROLE=body] View all phone case,benign:en:20,synthetic_v1,0,0,0,0,0,0,0,1
अफिस कुर्सी उपलब्ध भएपछि जानकारी दिनुहोस्,benign,benign,ne,label,form,[TAG=label] [ROLE=form] अफिस कुर्सी उपलब्ध भएपछि जानकारी दिनुहोस्,benign:ne:33,synthetic_v1,0,0,0,0,0,0,0,1
रु. 449 से ऊपर के ऑर्डर पर मुफ़्त शिपिंग,benign,benign,hi,label,form,[TAG=label] [ROLE=form] रु. 449 से ऊपर के ऑर्डर पर मुफ़्त शिपिंग,benign:hi:01,synthetic_v1,0,0,0,0,0,0,0,1
20% off,benign,benign,en,h2,heading,[TAG=h2] [ROLE=heading] 20% off,benign:en:10,synthetic_v1,0,0,0,0,0,0,0,1
SastoDeal return policy: 7 days,benign,benign,en,li,nav,[TAG=li] [ROLE=nav] SastoDeal return policy: 7 days,benign:en:66,synthetic_v1,0,0,0,0,0,0,0,1
laptop bag — Rs. 349,benign,benign,en,li,nav,[TAG=li] [ROLE=nav] laptop bag — Rs. 349,benign:en:46,synthetic_v1,0,0,0,0,0,0,0,1
हेयर ड्रायर — रु. 799,benign,benign,hi,li,nav,[TAG=li] [ROLE=nav] हेयर ड्रायर — रु. 799,benign:hi:46,synthetic_v1,0,0,0,0,0,0,0,1
रनिंग शूज़ की तुलना करें,benign,benign,hi,h2,heading,[TAG=h2] [ROLE=heading] रनिंग शूज़ की तुलना करें,benign:hi:12,synthetic_v1,0,0,0,0,0,0,0,1
"सर्दी का कंबल — 203 समीक्षाएँ, लखनऊ गोदाम",benign,benign,hi,span,label,"[TAG=span] [ROLE=label] सर्दी का कंबल — 203 समीक्षाएँ, लखनऊ गोदाम",benign:hi:72,synthetic_v1,0,0,0,0,0,0,0,1
सबै नोइज क्यान्सलिङ हेडफोन हेर्नुहोस्,benign,benign,ne,li,nav,[TAG=li] [ROLE=nav] सबै नोइज क्यान्सलिङ हेडफोन हेर्नुहोस्,benign:ne:20,synthetic_v1,0,0,0,0,0,0,0,1
"विक्रेता: मीरा स्टोर, नासिक",benign,benign,hi,li,nav,"[TAG=li] [ROLE=nav] विक्रेता: मीरा स्टोर, नासिक",benign:hi:64,synthetic_v1,0,0,0,0,0,0,0,1
JioMart customer care: our Viber support,benign,benign,en,label,form,[TAG=label] [ROLE=form] JioMart customer care: our Viber support,benign:en:76,synthetic_v1,0,0,0,0,0,0,0,1
"जयपुर में स्टॉक में, 4 दिन में शिप",benign,benign,hi,span,label,"[TAG=span] [ROLE=label] जयपुर में स्टॉक में, 4 दिन में शिप",benign:hi:76,synthetic_v1,0,0,0,0,0,0,0,1
"गेमिङ माउस मा रु. 1,199 बाट EMI",benign,benign,ne,h2,heading,"[TAG=h2] [ROLE=heading] गेमिङ माउस मा रु. 1,199 बाट EMI",benign:ne:74,synthetic_v1,0,0,0,0,0,0,0,1
512 इकाई बिकीं,benign,benign,hi,label,form,[TAG=label] [ROLE=form] 512 इकाई बिकीं,benign:hi:47,synthetic_v1,0,0,0,0,0,0,0,1
सभी कॉटन कुर्ता देखें,benign,benign,hi,a,nav,[TAG=a] [ROLE=nav] सभी कॉटन कुर्ता देखें,benign:hi:20,synthetic_v1,0,0,0,0,0,0,0,1
स्मार्टवाच कार्टमा राख्नुहोस्,benign,benign,ne,p,body,[TAG=p] [ROLE=body] स्मार्टवाच कार्टमा राख्नुहोस्,benign:ne:00,synthetic_v1,0,0,0,0,0,0,0,1
"गोरखा मा स्टकमा, 7 दिनमा पठाइन्छ",benign,benign,ne,span,label,"[TAG=span] [ROLE=label] गोरखा मा स्टकमा, 7 दिनमा पठाइन्छ",benign:ne:76,synthetic_v1,0,0,0,0,0,0,0,1
घामको चस्मा तुलना गर्नुहोस्,benign,benign,ne,a,nav,[TAG=a] [ROLE=nav] घामको चस्मा तुलना गर्नुहोस्,benign:ne:12,synthetic_v1,0,0,0,0,0,0,0,1
"yoga mat — 9,118 reviews, Kathmandu warehouse",benign,benign,en,label,form,"[TAG=label] [ROLE=form] yoga mat — 9,118 reviews, Kathmandu warehouse",benign:en:73,synthetic_v1,0,0,0,0,0,0,0,1
Reliance Digital पर सर्दी का कंबल की कीमतों की तुलना करें,benign,benign,hi,button,cta,[TAG=button] [ROLE=cta] Reliance Digital पर सर्दी का कंबल की कीमतों की तुलना करें,benign:hi:73,synthetic_v1,0,0,0,0,0,0,0,1
"Sold by Jyoti Store, Lucknow",benign,benign,en,a,nav,"[TAG=a] [ROLE=nav] Sold by Jyoti Store, Lucknow",benign:en:65,synthetic_v1,0,0,0,0,0,0,0,1
backpack — Rs. 249,benign,benign,en,h2,heading,[TAG=h2] [ROLE=heading] backpack — Rs. 249,benign:en:46,synthetic_v1,0,0,0,0,0,0,0,1
Estimated delivery: 10 days,benign,benign,en,label,form,[TAG=label] [ROLE=form] Estimated delivery: 10 days,benign:en:24,synthetic_v1,0,0,0,0,0,0,0,1
EMI from Rs. 799 on cotton kurta,benign,benign,en,label,form,[TAG=label] [ROLE=form] EMI from Rs. 799 on cotton kurta,benign:en:75,synthetic_v1,0,0,0,0,0,0,0,1
Compare sunglasses prices on Zepto,benign,benign,en,span,label,[TAG=span] [ROLE=label] Compare sunglasses prices on Zepto,benign:en:74,synthetic_v1,0,0,0,0,0,0,0,1
Delivery to Chitwan in 7 days,benign,benign,en,span,label,[TAG=span] [ROLE=label] Delivery to Chitwan in 7 days,benign:en:64,synthetic_v1,0,0,0,0,0,0,0,1
5% off phone case at OkDam,benign,benign,en,a,nav,[TAG=a] [ROLE=nav] 5% off phone case at OkDam,benign:en:71,synthetic_v1,0,0,0,0,0,0,0,1
FirstCry customer care: our helpline,benign,benign,en,span,label,[TAG=span] [ROLE=label] FirstCry customer care: our helpline,benign:en:76,synthetic_v1,0,0,0,0,0,0,0,1
"In stock in Pune, ships in 14 days",benign,benign,en,h2,heading,"[TAG=h2] [ROLE=heading] In stock in Pune, ships in 14 days",benign:en:77,synthetic_v1,0,0,0,0,0,0,0,1
वारंटी: 1 साल,benign,benign,hi,a,nav,[TAG=a] [ROLE=nav] वारंटी: 1 साल,benign:hi:36,synthetic_v1,0,0,0,0,0,0,0,1
Muncha ग्राहक सेवा: लाइव चैट,benign,benign,hi,label,form,[TAG=label] [ROLE=form] Muncha ग्राहक सेवा: लाइव चैट,benign:hi:75,synthetic_v1,0,0,0,0,0,0,0,1
"Free shipping on orders above Rs. 1,199",benign,benign,en,a,nav,"[TAG=a] [ROLE=nav] Free shipping on orders above Rs. 1,199",benign:en:01,synthetic_v1,0,0,0,0,0,0,0,1
Meesho पर योगा मैट खोजें,benign,benign,hi,label,form,[TAG=label] [ROLE=form] Meesho पर योगा मैट खोजें,benign:hi:66,synthetic_v1,0,0,0,0,0,0,0,1
वारेन्टी: 3 वर्ष,benign,benign,ne,button,cta,[TAG=button] [ROLE=cta] वारेन्टी: 3 वर्ष,benign:ne:36,synthetic_v1,0,0,0,0,0,0,0,1
"Seller: Rohan Traders, Bengaluru",benign,benign,en,li,nav,"[TAG=li] [ROLE=nav] Seller: Rohan Traders, Bengaluru",benign:en:49,synthetic_v1,0,0,0,0,0,0,0,1
"विक्रेता: मनीष स्टोर, कोलकाता",benign,benign,hi,label,form,"[TAG=label] [ROLE=form] विक्रेता: मनीष स्टोर, कोलकाता",benign:hi:64,synthetic_v1,0,0,0,0,0,0,0,1
"बिक्रेता: काव्या ट्रेडर्स, पोखरा",benign,benign,ne,p,body,"[TAG=p] [ROLE=body] बिक्रेता: काव्या ट्रेडर्स, पोखरा",benign:ne:48,synthetic_v1,0,0,0,0,0,0,0,1
Kinbech रिटर्न नीति: 8 दिन,benign,benign,hi,p,body,[TAG=p] [ROLE=body] Kinbech रिटर्न नीति: 8 दिन,benign:hi:65,synthetic_v1,0,0,0,0,0,0,0,1
Unsubscribe from FirstCry emails in one click,benign,benign,en,li,nav,[TAG=li] [ROLE=nav] Unsubscribe from FirstCry emails in one click,benign:en:70,synthetic_v1,0,0,0,0,0,0,0,1
Kinbech मा फेस वास मूल्य तुलना गर्नुहोस्,benign,benign,ne,a,nav,[TAG=a] [ROLE=nav] Kinbech मा फेस वास मूल्य तुलना गर्नुहोस्,benign:ne:73,synthetic_v1,0,0,0,0,0,0,0,1
"विक्रेता: संजय स्टोर, नासिक",benign,benign,hi,label,form,"[TAG=label] [ROLE=form] विक्रेता: संजय स्टोर, नासिक",benign:hi:64,synthetic_v1,0,0,0,0,0,0,0,1
Amazon इमेल एक क्लिकमा अनसब्स्क्राइब गर्नुहोस्,benign,benign,ne,h2,heading,[TAG=h2] [ROLE=heading] Amazon इमेल एक क्लिकमा अनसब्स्क्राइब गर्नुहोस्,benign:ne:69,synthetic_v1,0,0,0,0,0,0,0,1
15% off,benign,benign,en,button,cta,[TAG=button] [ROLE=cta] 15% off,benign:en:10,synthetic_v1,0,0,0,0,0,0,0,1
रु. 799/महिनाबाट EMI विकल्प,benign,benign,ne,p,body,[TAG=p] [ROLE=body] रु. 799/महिनाबाट EMI विकल्प,benign:ne:34,synthetic_v1,0,0,0,0,0,0,0,1
Tata Cliq रिटर्न नीति: 2 दिन,benign,benign,hi,p,body,[TAG=p] [ROLE=body] Tata Cliq रिटर्न नीति: 2 दिन,benign:hi:65,synthetic_v1,0,0,0,0,0,0,0,1
Notify me when backpack is available,benign,benign,en,span,label,[TAG=span] [ROLE=label] Notify me when backpack is available,benign:en:33,synthetic_v1,0,0,0,0,0,0,0,1
Log in for a faster checkout (optional),benign,benign,en,h2,heading,[TAG=h2] [ROLE=heading] Log in for a faster checkout (optional),benign:en:52,synthetic_v1,0,0,0,0,0,0,0,1
701 लोगों ने फोन कवर को रेट किया,benign,benign,hi,a,nav,[TAG=a] [ROLE=nav] 701 लोगों ने फोन कवर को रेट किया,benign:hi:67,synthetic_v1,0,0,0,0,0,0,0,1
Compare coffee maker prices on Ajio,benign,benign,en,button,cta,[TAG=button] [ROLE=cta] Compare coffee maker prices on Ajio,benign:en:74,synthetic_v1,0,0,0,0,0,0,0,1
लैपटॉप बैग उपलब्ध होने पर सूचित करें,benign,benign,hi,li,nav,[TAG=li] [ROLE=nav] लैपटॉप बैग उपलब्ध होने पर सूचित करें,benign:hi:33,synthetic_v1,0,0,0,0,0,0,0,1
Size guide for yoga mat,benign,benign,en,button,cta,[TAG=button] [ROLE=cta] Size guide for yoga mat,benign:en:05,synthetic_v1,0,0,0,0,0,0,0,1
BigBasket पर योगा मैट पर 5% छूट,benign,benign,hi,p,body,[TAG=p] [ROLE=body] BigBasket पर योगा मैट पर 5% छूट,benign:hi:70,synthetic_v1,0,0,0,0,0,0,0,1
अहमदाबाद में 3 दिन में डिलीवरी,benign,benign,hi,h2,heading,[TAG=h2] [ROLE=heading] अहमदाबाद में 3 दिन में डिलीवरी,benign:hi:63,synthetic_v1,0,0,0,0,0,0,0,1
हिउँदको ब्ल्याङ्केट मा रु. 399 बाट EMI,benign,benign,ne,a,nav,[TAG=a] [ROLE=nav] हिउँदको ब्ल्याङ्केट मा रु. 399 बाट EMI,benign:ne:74,synthetic_v1,0,0,0,0,0,0,0,1
OkDam मा ल्यापटप ब्याग मूल्य तुलना गर्नुहोस्,benign,benign,ne,button,cta,[TAG=button] [ROLE=cta] OkDam मा ल्यापटप ब्याग मूल्य तुलना गर्नुहोस्,benign:ne:73,synthetic_v1,0,0,0,0,0,0,0,1
EMI options available from Rs. 249/month,benign,benign,en,h2,heading,[TAG=h2] [ROLE=heading] EMI options available from Rs. 249/month,benign:en:34,synthetic_v1,0,0,0,0,0,0,0,1
247 सत्यापित समीक्षाएँ,benign,benign,hi,li,nav,[TAG=li] [ROLE=nav] 247 सत्यापित समीक्षाएँ,benign:hi:23,synthetic_v1,0,0,0,0,0,0,0,1
Muncha return policy: 3 days,benign,benign,en,a,nav,[TAG=a] [ROLE=nav] Muncha return policy: 3 days,benign:en:66,synthetic_v1,0,0,0,0,0,0,0,1
Frequently bought together,benign,benign,en,span,label,[TAG=span] [ROLE=label] Frequently bought together,benign:en:51,synthetic_v1,0,0,0,0,0,0,0,1
"बिक्रेता: लक्ष्मी ट्रेडर्स, वीरगन्ज",benign,benign,ne,li,nav,"[TAG=li] [ROLE=nav] बिक्रेता: लक्ष्मी ट्रेडर्स, वीरगन्ज",benign:ne:48,synthetic_v1,0,0,0,0,0,0,0,1
फर्मल सर्ट — रु. 249,benign,benign,ne,h2,heading,[TAG=h2] [ROLE=heading] फर्मल सर्ट — रु. 249,benign:ne:46,synthetic_v1,0,0,0,0,0,0,0,1
Shipping to Indore: Rs. 149,benign,benign,en,button,cta,[TAG=button] [ROLE=cta] Shipping to Indore: Rs. 149,benign:en:72,synthetic_v1,0,0,0,0,0,0,0,1
"Myntra मा इन्डक्सन चुल्हो — रु. 1,499",benign,benign,ne,h2,heading,"[TAG=h2] [ROLE=heading] Myntra मा इन्डक्सन चुल्हो — रु. 1,499",benign:ne:62,synthetic_v1,0,0,0,0,0,0,0,1
Notify me when hair dryer is available,benign,benign,en,p,body,[TAG=p] [ROLE=body] Notify me when hair dryer is available,benign:en:33,synthetic_v1,0,0,0,0,0,0,0,1
"सुर्खेत मा स्टकमा, 2 दिनमा पठाइन्छ",benign,benign,ne,a,nav,"[TAG=a] [ROLE=nav] सुर्खेत मा स्टकमा, 2 दिनमा पठाइन्छ",benign:ne:76,synthetic_v1,0,0,0,0,0,0,0,1
"धरान मा स्टकमा, 3 दिनमा पठाइन्छ",benign,benign,ne,a,nav,"[TAG=a] [ROLE=nav] धरान मा स्टकमा, 3 दिनमा पठाइन्छ",benign:ne:76,synthetic_v1,0,0,0,0,0,0,0,1
"लखनऊ शिपिंग: रु. 2,999",benign,benign,hi,li,nav,"[TAG=li] [ROLE=nav] लखनऊ शिपिंग: रु. 2,999",benign:hi:71,synthetic_v1,0,0,0,0,0,0,0,1
Meesho ग्राहक सेवा: हाम्रो हेल्पलाइन,benign,benign,ne,a,nav,[TAG=a] [ROLE=nav] Meesho ग्राहक सेवा: हाम्रो हेल्पलाइन,benign:ne:75,synthetic_v1,0,0,0,0,0,0,0,1
"विक्रेता: संजय ट्रेडर्स, मुंबई",benign,benign,hi,li,nav,"[TAG=li] [ROLE=nav] विक्रेता: संजय ट्रेडर्स, मुंबई",benign:hi:48,synthetic_v1,0,0,0,0,0,0,0,1
Gyapu पर धूप का चश्मा की कीमतों की तुलना करें,benign,benign,hi,li,nav,[TAG=li] [ROLE=nav] Gyapu पर धूप का चश्मा की कीमतों की तुलना करें,benign:hi:73,synthetic_v1,0,0,0,0,0,0,0,1
Search rice cooker on JioMart,benign,benign,en,a,nav,[TAG=a] [ROLE=nav] Search rice cooker on JioMart,benign:en:67,synthetic_v1,0,0,0,0,0,0,0,1
"In stock in Chitwan, ships in 10 days",benign,benign,en,span,label,"[TAG=span] [ROLE=label] In stock in Chitwan, ships in 10 days",benign:en:77,synthetic_v1,0,0,0,0,0,0,0,1
मेरो खाता हटाउनुहोस्,benign,benign,ne,h2,heading,[TAG=h2] [ROLE=heading] मेरो खाता हटाउनुहोस्,benign:ne:42,synthetic_v1,0,0,0,0,0,0,0,1
denim jeans at Amazon — Rs. 499,benign,benign,en,a,nav,[TAG=a] [ROLE=nav] denim jeans at Amazon — Rs. 499,benign:en:63,synthetic_v1,0,0,0,0,0,0,0,1
Blinkit ग्राहक सेवा: लाइभ च्याट,benign,benign,ne,span,label,[TAG=span] [ROLE=label] Blinkit ग्राहक सेवा: लाइभ च्याट,benign:ne:75,synthetic_v1,0,0,0,0,0,0,0,1
"विक्रेता: मनीष ट्रेडर्स, भोपाल",benign,benign,hi,li,nav,"[TAG=li] [ROLE=nav] विक्रेता: मनीष ट्रेडर्स, भोपाल",benign:hi:48,synthetic_v1,0,0,0,0,0,0,0,1
sports sandals — Rs. 199,benign,benign,en,li,nav,[TAG=li] [ROLE=nav] sports sandals — Rs. 199,benign:en:46,synthetic_v1,0,0,0,0,0,0,0,1
312 इकाई बिकीं,benign,benign,hi,label,form,[TAG=label] [ROLE=form] 312 इकाई बिकीं,benign:hi:47,synthetic_v1,0,0,0,0,0,0,0,1
Shipping fee: Rs. 599 (shown before payment),benign,benign,en,span,label,[TAG=span] [ROLE=label] Shipping fee: Rs. 599 (shown before payment),benign:en:43,synthetic_v1,0,0,0,0,0,0,0,1
HamroBazar मा ब्लुटुथ स्पिकर मूल्य तुलना गर्नुहोस्,benign,benign,ne,h2,heading,[TAG=h2] [ROLE=heading] HamroBazar मा ब्लुटुथ स्पिकर मूल्य तुलना गर्नुहोस्,benign:ne:73,synthetic_v1,0,0,0,0,0,0,0,1
"wireless earbuds at FirstCry — Rs. 1,499",benign,benign,en,h2,heading,"[TAG=h2] [ROLE=heading] wireless earbuds at FirstCry — Rs. 1,499",benign:en:63,synthetic_v1,0,0,0,0,0,0,0,1
"Sold by Bikash Store, Biratnagar",benign,benign,en,p,body,"[TAG=p] [ROLE=body] Sold by Bikash Store, Biratnagar",benign:en:65,synthetic_v1,0,0,0,0,0,0,0,1
Reliance Digital पर नॉइज़ कैंसलिंग हेडफोन खोजें,benign,benign,hi,p,body,[TAG=p] [ROLE=body] Reliance Digital पर नॉइज़ कैंसलिंग हेडफोन खोजें,benign:hi:66,synthetic_v1,0,0,0,0,0,0,0,1
Price: Rs. 199,benign,benign,en,button,cta,[TAG=button] [ROLE=cta] Price: Rs. 199,benign:en:45,synthetic_v1,0,0,0,0,0,0,0,1
सूरत में कैश ऑन डिलीवरी उपलब्ध,benign,benign,hi,li,nav,[TAG=li] [ROLE=nav] सूरत में कैश ऑन डिलीवरी उपलब्ध,benign:hi:09,synthetic_v1,0,0,0,0,0,0,0,1
Free shipping on orders above Rs. 99,benign,benign,en,h2,heading,[TAG=h2] [ROLE=heading] Free shipping on orders above Rs. 99,benign:en:01,synthetic_v1,0,0,0,0,0,0,0,1
"नोइज क्यान्सलिङ हेडफोन — 4,265 समीक्षा, दमक गोदाम",benign,benign,ne,h2,heading,"[TAG=h2] [ROLE=heading] नोइज क्यान्सलिङ हेडफोन — 4,265 समीक्षा, दमक गोदाम",benign:ne:72,synthetic_v1,0,0,0,0,0,0,0,1
"विक्रेता: संजय ट्रेडर्स, जयपुर",benign,benign,hi,label,form,"[TAG=label] [ROLE=form] विक्रेता: संजय ट्रेडर्स, जयपुर",benign:hi:48,synthetic_v1,0,0,0,0,0,0,0,1
आगरा शिपिंग: रु. 49,benign,benign,hi,p,body,[TAG=p] [ROLE=body] आगरा शिपिंग: रु. 49,benign:hi:71,synthetic_v1,0,0,0,0,0,0,0,1
"rice cooker — 5,872 reviews, Kathmandu warehouse",benign,benign,en,a,nav,"[TAG=a] [ROLE=nav] rice cooker — 5,872 reviews, Kathmandu warehouse",benign:en:73,synthetic_v1,0,0,0,0,0,0,0,1
"ग्राहक समीक्षा (18,332)",benign,benign,ne,label,form,"[TAG=label] [ROLE=form] ग्राहक समीक्षा (18,332)",benign:ne:03,synthetic_v1,0,0,0,0,0,0,0,1
35% off backpack at Myntra,benign,benign,en,span,label,[TAG=span] [ROLE=label] 35% off backpack at Myntra,benign:en:71,synthetic_v1,0,0,0,0,0,0,0,1
Amazon पर डेनिम जींस — रु. 699,benign,benign,hi,a,nav,[TAG=a] [ROLE=nav] Amazon पर डेनिम जींस — रु. 699,benign:hi:62,synthetic_v1,0,0,0,0,0,0,0,1
"18,332 प्रमाणित समीक्षा",benign,benign,ne,label,form,"[TAG=label] [ROLE=form] 18,332 प्रमाणित समीक्षा",benign:ne:23,synthetic_v1,0,0,0,0,0,0,0,1
Zepto return policy: 6 days,benign,benign,en,li,nav,[TAG=li] [ROLE=nav] Zepto return policy: 6 days,benign:en:66,synthetic_v1,0,0,0,0,0,0,0,1
Delivery to Pokhara in 5 days,benign,benign,en,label,form,[TAG=label] [ROLE=form] Delivery to Pokhara in 5 days,benign:en:64,synthetic_v1,0,0,0,0,0,0,0,1
203 इकाई बिकीं,benign,benign,hi,span,label,[TAG=span] [ROLE=label] 203 इकाई बिकीं,benign:hi:47,synthetic_v1,0,0,0,0,0,0,0,1
hair dryer — Rs. 699,benign,benign,en,span,label,[TAG=span] [ROLE=label] hair dryer — Rs. 699,benign:en:46,synthetic_v1,0,0,0,0,0,0,0,1
रु. 249 माथिको अर्डरमा निःशुल्क ढुवानी,benign,benign,ne,button,cta,[TAG=button] [ROLE=cta] रु. 249 माथिको अर्डरमा निःशुल्क ढुवानी,benign:ne:01,synthetic_v1,0,0,0,0,0,0,0,1
HamroBazar मा इलेक्ट्रिक केतली मूल्य तुलना गर्नुहोस्,benign,benign,ne,button,cta,[TAG=button] [ROLE=cta] HamroBazar मा इलेक्ट्रिक केतली मूल्य तुलना गर्नुहोस्,benign:ne:73,synthetic_v1,0,0,0,0,0,0,0,1
"2,038 लोगों ने धूप का चश्मा को रेट किया",benign,benign,hi,a,nav,"[TAG=a] [ROLE=nav] 2,038 लोगों ने धूप का चश्मा को रेट किया",benign:hi:67,synthetic_v1,0,0,0,0,0,0,0,1
Compare phone case prices on Muncha,benign,benign,en,h2,heading,[TAG=h2] [ROLE=heading] Compare phone case prices on Muncha,benign:en:74,synthetic_v1,0,0,0,0,0,0,0,1
BigBasket पर नॉइज़ कैंसलिंग हेडफोन खोजें,benign,benign,hi,li,nav,[TAG=li] [ROLE=nav] BigBasket पर नॉइज़ कैंसलिंग हेडफोन खोजें,benign:hi:66,synthetic_v1,0,0,0,0,0,0,0,1
Unsubscribe from SastoDeal emails in one click,benign,benign,en,h2,heading,[TAG=h2] [ROLE=heading] Unsubscribe from SastoDeal emails in one click,benign:en:70,synthetic_v1,0,0,0,0,0,0,0,1
"18,332 इकाई बिकीं",benign,benign,hi,h2,heading,"[TAG=h2] [ROLE=heading] 18,332 इकाई बिकीं",benign:hi:47,synthetic_v1,0,0,0,0,0,0,0,1
"बागलुङ मा स्टकमा, 7 दिनमा पठाइन्छ",benign,benign,ne,button,cta,"[TAG=button] [ROLE=cta] बागलुङ मा स्टकमा, 7 दिनमा पठाइन्छ",benign:ne:76,synthetic_v1,0,0,0,0,0,0,0,1
"स्टडी लाइट — 312 समीक्षा, वीरगन्ज गोदाम",benign,benign,ne,a,nav,"[TAG=a] [ROLE=nav] स्टडी लाइट — 312 समीक्षा, वीरगन्ज गोदाम",benign:ne:72,synthetic_v1,0,0,0,0,0,0,0,1
"जनकपुर ढुवानी: रु. 2,999",benign,benign,ne,a,nav,"[TAG=a] [ROLE=nav] जनकपुर ढुवानी: रु. 2,999",benign:ne:71,synthetic_v1,0,0,0,0,0,0,0,1
Search phone case on SastoDeal,benign,benign,en,span,label,[TAG=span] [ROLE=label] Search phone case on SastoDeal,benign:en:67,synthetic_v1,0,0,0,0,0,0,0,1
Salesberry मा इन्डक्सन चुल्हो मा 10% छुट,benign,benign,ne,a,nav,[TAG=a] [ROLE=nav] Salesberry मा इन्डक्सन चुल्हो मा 10% छुट,benign:ne:70,synthetic_v1,0,0,0,0,0,0,0,1
"1,502 जनाले इन्डक्सन चुल्हो मूल्याङ्कन गरे",benign,benign,ne,li,nav,"[TAG=li] [ROLE=nav] 1,502 जनाले इन्डक्सन चुल्हो मूल्याङ्कन गरे",benign:ne:67,synthetic_v1,0,0,0,0,0,0,0,1
भक्तपुर मा क्यास अन डेलिभरी उपलब्ध,benign,benign,ne,li,nav,[TAG=li] [ROLE=nav] भक्तपुर मा क्यास अन डेलिभरी उपलब्ध,benign:ne:09,synthetic_v1,0,0,0,0,0,0,0,1
Sale ends 14 November,benign,benign,en,a,nav,[TAG=a] [ROLE=nav] Sale ends 14 November,benign:en:47,synthetic_v1,0,0,0,0,0,0,0,1
सबै रनिङ जुत्ता हेर्नुहोस्,benign,benign,ne,h2,heading,[TAG=h2] [ROLE=heading] सबै रनिङ जुत्ता हेर्नुहोस्,benign:ne:20,synthetic_v1,0,0,0,0,0,0,0,1
Thulo customer care: our email desk,benign,benign,en,a,nav,[TAG=a] [ROLE=nav] Thulo customer care: our email desk,benign:en:76,synthetic_v1,0,0,0,0,0,0,0,1
प्रोटिन पाउडर मा रु. 799 बाट EMI,benign,benign,ne,span,label,[TAG=span] [ROLE=label] प्रोटिन पाउडर मा रु. 799 बाट EMI,benign:ne:74,synthetic_v1,0,0,0,0,0,0,0,1
"नासिक में स्टॉक में, 4 दिन में शिप",benign,benign,hi,span,label,"[TAG=span] [ROLE=label] नासिक में स्टॉक में, 4 दिन में शिप",benign:hi:76,synthetic_v1,0,0,0,0,0,0,0,1
SastoDeal ईमेल एक क्लिक में अनसब्सक्राइब करें,benign,benign,hi,h2,heading,[TAG=h2] [ROLE=heading] SastoDeal ईमेल एक क्लिक में अनसब्सक्राइब करें,benign:hi:69,synthetic_v1,0,0,0,0,0,0,0,1
50% off yoga mat at Gyapu,benign,benign,en,span,label,[TAG=span] [ROLE=label] 50% off yoga mat at Gyapu,benign:en:71,synthetic_v1,0,0,0,0,0,0,0,1
Lenskart ग्राहक सेवा: हाम्रो सपोर्ट नम्बर,benign,benign,ne,h2,heading,[TAG=h2] [ROLE=heading] Lenskart ग्राहक सेवा: हाम्रो सपोर्ट नम्बर,benign:ne:75,synthetic_v1,0,0,0,0,0,0,0,1
Search for hair dryer,benign,benign,en,h2,heading,[TAG=h2] [ROLE=heading] Search for hair dryer,benign:en:14,synthetic_v1,0,0,0,0,0,0,0,1
"बिक्रेता: रेखा स्टोर, विराटनगर",benign,benign,ne,h2,heading,"[TAG=h2] [ROLE=heading] बिक्रेता: रेखा स्टोर, विराटनगर",benign:ne:64,synthetic_v1,0,0,0,0,0,0,0,1
Amazon फिर्ता नीति: 6 दिन,benign,benign,ne,a,nav,[TAG=a] [ROLE=nav] Amazon फिर्ता नीति: 6 दिन,benign:ne:65,synthetic_v1,0,0,0,0,0,0,0,1
"7,340 verified reviews",benign,benign,en,label,form,"[TAG=label] [ROLE=form] 7,340 verified reviews",benign:en:23,synthetic_v1,0,0,0,0,0,0,0,1
Compare electric kettle prices on Pepperfry,benign,benign,en,a,nav,[TAG=a] [ROLE=nav] Compare electric kettle prices on Pepperfry,benign:en:74,synthetic_v1,0,0,0,0,0,0,0,1
Tata Cliq मा योगा म्याट खोज्नुहोस्,benign,benign,ne,a,nav,[TAG=a] [ROLE=nav] Tata Cliq मा योगा म्याट खोज्नुहोस्,benign:ne:66,synthetic_v1,0,0,0,0,0,0,0,1
Myntra ग्राहक सेवा: हाम्रो WhatsApp नम्बर,benign,benign,ne,span,label,[TAG=span] [ROLE=label] Myntra ग्राहक सेवा: हाम्रो WhatsApp नम्बर,benign:ne:75,synthetic_v1,0,0,0,0,0,0,0,1
पावर बैंक के लिए साइज़ गाइड,benign,benign,hi,li,nav,[TAG=li] [ROLE=nav] पावर बैंक के लिए साइज़ गाइड,benign:hi:05,synthetic_v1,0,0,0,0,0,0,0,1
"पावर बैंक — 21,507 समीक्षाएँ, कोलकाता गोदाम",benign,benign,hi,li,nav,"[TAG=li] [ROLE=nav] पावर बैंक — 21,507 समीक्षाएँ, कोलकाता गोदाम",benign:hi:72,synthetic_v1,0,0,0,0,0,0,0,1
OkDam मा एयर फ्रायर खोज्नुहोस्,benign,benign,ne,h2,heading,[TAG=h2] [ROLE=heading] OkDam मा एयर फ्रायर खोज्नुहोस्,benign:ne:66,synthetic_v1,0,0,0,0,0,0,0,1
Nykaa पर स्पोर्ट्स सैंडल की कीमतों की तुलना करें,benign,benign,hi,button,cta,[TAG=button] [ROLE=cta] Nykaa पर स्पोर्ट्स सैंडल की कीमतों की तुलना करें,benign:hi:73,synthetic_v1,0,0,0,0,0,0,0,1
हेयर ड्रायर — रु. 199,benign,benign,ne,li,nav,[TAG=li] [ROLE=nav] हेयर ड्रायर — रु. 199,benign:ne:46,synthetic_v1,0,0,0,0,0,0,0,1
trekking jacket — Rs. 449,benign,benign,en,h2,heading,[TAG=h2] [ROLE=heading] trekking jacket — Rs. 449,benign:en:46,synthetic_v1,0,0,0,0,0,0,0,1
Blinkit मा ब्लुटुथ स्पिकर मूल्य तुलना गर्नुहोस्,benign,benign,ne,a,nav,[TAG=a] [ROLE=nav] Blinkit मा ब्लुटुथ स्पिकर मूल्य तुलना गर्नुहोस्,benign:ne:73,synthetic_v1,0,0,0,0,0,0,0,1
गोरखा मा 7 दिनमा डेलिभरी,benign,benign,ne,span,label,[TAG=span] [ROLE=label] गोरखा मा 7 दिनमा डेलिभरी,benign:ne:63,synthetic_v1,0,0,0,0,0,0,0,1
63 जनाले इलेक्ट्रिक केतली मूल्याङ्कन गरे,benign,benign,ne,p,body,[TAG=p] [ROLE=body] 63 जनाले इलेक्ट्रिक केतली मूल्याङ्कन गरे,benign:ne:67,synthetic_v1,0,0,0,0,0,0,0,1
Shipping to Nepalgunj: Rs. 499,benign,benign,en,p,body,[TAG=p] [ROLE=body] Shipping to Nepalgunj: Rs. 499,benign:en:72,synthetic_v1,0,0,0,0,0,0,0,1
"In stock in Pune, ships in 10 days",benign,benign,en,h2,heading,"[TAG=h2] [ROLE=heading] In stock in Pune, ships in 10 days",benign:en:77,synthetic_v1,0,0,0,0,0,0,0,1
"विक्रेता: निशा स्टोर, चंडीगढ़",benign,benign,hi,button,cta,"[TAG=button] [ROLE=cta] विक्रेता: निशा स्टोर, चंडीगढ़",benign:hi:64,synthetic_v1,0,0,0,0,0,0,0,1
Ajio मा राइस कुकर मूल्य तुलना गर्नुहोस्,benign,benign,ne,li,nav,[TAG=li] [ROLE=nav] Ajio मा राइस कुकर मूल्य तुलना गर्नुहोस्,benign:ne:73,synthetic_v1,0,0,0,0,0,0,0,1
"बिक्रेता: नवीन ट्रेडर्स, बुटवल",benign,benign,ne,span,label,"[TAG=span] [ROLE=label] बिक्रेता: नवीन ट्रेडर्स, बुटवल",benign:ne:48,synthetic_v1,0,0,0,0,0,0,0,1
"मूल्य: रु. 1,499",benign,benign,ne,a,nav,"[TAG=a] [ROLE=nav] मूल्य: रु. 1,499",benign:ne:45,synthetic_v1,0,0,0,0,0,0,0,1
"एयर फ्रायर — 578 समीक्षा, वीरगन्ज गोदाम",benign,benign,ne,span,label,"[TAG=span] [ROLE=label] एयर फ्रायर — 578 समीक्षा, वीरगन्ज गोदाम",benign:ne:72,synthetic_v1,0,0,0,0,0,0,0,1
"विक्रेता: मनीष स्टोर, रांची",benign,benign,hi,a,nav,"[TAG=a] [ROLE=nav] विक्रेता: मनीष स्टोर, रांची",benign:hi:64,synthetic_v1,0,0,0,0,0,0,0,1
मूल्य: रु. 349,benign,benign,ne,h2,heading,[TAG=h2] [ROLE=heading] मूल्य: रु. 349,benign:ne:45,synthetic_v1,0,0,0,0,0,0,0,1
"बेंगलुरु में स्टॉक में, 2 दिन में शिप",benign,benign,hi,span,label,"[TAG=span] [ROLE=label] बेंगलुरु में स्टॉक में, 2 दिन में शिप",benign:hi:76,synthetic_v1,0,0,0,0,0,0,0,1
Daraz मा प्रोटिन पाउडर मा 20% छुट,benign,benign,ne,h2,heading,[TAG=h2] [ROLE=heading] Daraz मा प्रोटिन पाउडर मा 20% छुट,benign:ne:70,synthetic_v1,0,0,0,0,0,0,0,1
10% off,benign,benign,en,button,cta,[TAG=button] [ROLE=cta] 10% off,benign:en:10,synthetic_v1,0,0,0,0,0,0,0,1
Thulo ग्राहक सेवा: लाइव चैट,benign,benign,hi,li,nav,[TAG=li] [ROLE=nav] Thulo ग्राहक सेवा: लाइव चैट,benign:hi:75,synthetic_v1,0,0,0,0,0,0,0,1
"Seller: Suman Traders, Butwal",benign,benign,en,h2,heading,"[TAG=h2] [ROLE=heading] Seller: Suman Traders, Butwal",benign:en:49,synthetic_v1,0,0,0,0,0,0,0,1
Salesberry मा फोन कभर खोज्नुहोस्,benign,benign,ne,li,nav,[TAG=li] [ROLE=nav] Salesberry मा फोन कभर खोज्नुहोस्,benign:ne:66,synthetic_v1,0,0,0,0,0,0,0,1
Tata Cliq मा नोइज क्यान्सलिङ हेडफोन मूल्य तुलना गर्नुहोस्,benign,benign,ne,h2,heading,[TAG=h2] [ROLE=heading] Tata Cliq मा नोइज क्यान्सलिङ हेडफोन मूल्य तुलना गर्नुहोस्,benign:ne:73,synthetic_v1,0,0,0,0,0,0,0,1
Reliance Digital मा गेमिङ माउस मूल्य तुलना गर्नुहोस्,benign,benign,ne,button,cta,[TAG=button] [ROLE=cta] Reliance Digital मा गेमिङ माउस मूल्य तुलना गर्नुहोस्,benign:ne:73,synthetic_v1,0,0,0,0,0,0,0,1
Price: Rs. 899,benign,benign,en,li,nav,[TAG=li] [ROLE=nav] Price: Rs. 899,benign:en:45,synthetic_v1,0,0,0,0,0,0,0,1
"In stock in Patna, ships in 2 days",benign,benign,en,a,nav,"[TAG=a] [ROLE=nav] In stock in Patna, ships in 2 days",benign:en:77,synthetic_v1,0,0,0,0,0,0,0,1
Muncha return policy: 4 days,benign,benign,en,h2,heading,[TAG=h2] [ROLE=heading] Muncha return policy: 4 days,benign:en:66,synthetic_v1,0,0,0,0,0,0,0,1
gaming mouse at FirstCry — Rs. 599,benign,benign,en,h2,heading,[TAG=h2] [ROLE=heading] gaming mouse at FirstCry — Rs. 599,benign:en:63,synthetic_v1,0,0,0,0,0,0,0,1
Flipkart रिटर्न नीति: 10 दिन,benign,benign,hi,button,cta,[TAG=button] [ROLE=cta] Flipkart रिटर्न नीति: 10 दिन,benign:hi:65,synthetic_v1,0,0,0,0,0,0,0,1
स्कूल बैग खोजें,benign,benign,hi,li,nav,[TAG=li] [ROLE=nav] स्कूल बैग खोजें,benign:hi:14,synthetic_v1,0,0,0,0,0,0,0,1
नागपुर शिपिंग: रु. 999,benign,benign,hi,span,label,[TAG=span] [ROLE=label] नागपुर शिपिंग: रु. 999,benign:hi:71,synthetic_v1,0,0,0,0,0,0,0,1
EMI from Rs. 199 on air fryer,benign,benign,en,span,label,[TAG=span] [ROLE=label] EMI from Rs. 199 on air fryer,benign:en:75,synthetic_v1,0,0,0,0,0,0,0,1
कोलकाता में 14 दिन में डिलीवरी,benign,benign,hi,p,body,[TAG=p] [ROLE=body] कोलकाता में 14 दिन में डिलीवरी,benign:hi:63,synthetic_v1,0,0,0,0,0,0,0,1
चंडीगढ़ में 2 दिन में डिलीवरी,benign,benign,hi,li,nav,[TAG=li] [ROLE=nav] चंडीगढ़ में 2 दिन में डिलीवरी,benign:hi:63,synthetic_v1,0,0,0,0,0,0,0,1
"2,038 इकाई बिकीं",benign,benign,hi,button,cta,"[TAG=button] [ROLE=cta] 2,038 इकाई बिकीं",benign:hi:47,synthetic_v1,0,0,0,0,0,0,0,1
राइस कुकर उपलब्ध भएपछि जानकारी दिनुहोस्,benign,benign,ne,a,nav,[TAG=a] [ROLE=nav] राइस कुकर उपलब्ध भएपछि जानकारी दिनुहोस्,benign:ne:33,synthetic_v1,0,0,0,0,0,0,0,1
889 प्रमाणित समीक्षा,benign,benign,ne,span,label,[TAG=span] [ROLE=label] 889 प्रमाणित समीक्षा,benign:ne:23,synthetic_v1,0,0,0,0,0,0,0,1
"स्मार्टवॉच — 402 समीक्षाएँ, मुंबई गोदाम",benign,benign,hi,button,cta,"[TAG=button] [ROLE=cta] स्मार्टवॉच — 402 समीक्षाएँ, मुंबई गोदाम",benign:hi:72,synthetic_v1,0,0,0,0,0,0,0,1
बंद करें,benign,benign,hi,button,cta,[TAG=button] [ROLE=cta] बंद करें,benign:hi:53,synthetic_v1,0,0,0,0,0,0,0,1
मेरे ऑर्डर से Daraz ऑर्डर रद्द करें,benign,benign,hi,label,form,[TAG=label] [ROLE=form] मेरे ऑर्डर से Daraz ऑर्डर रद्द करें,benign:hi:68,synthetic_v1,0,0,0,0,0,0,0,1
Snapdeal मा कटन कुर्ता — रु. 299,benign,benign,ne,span,label,[TAG=span] [ROLE=label] Snapdeal मा कटन कुर्ता — रु. 299,benign:ne:62,synthetic_v1,0,0,0,0,0,0,0,1
"राइस कुकर मा रु. 1,999 बाट EMI",benign,benign,ne,li,nav,"[TAG=li] [ROLE=nav] राइस कुकर मा रु. 1,999 बाट EMI",benign:ne:74,synthetic_v1,0,0,0,0,0,0,0,1
HamroBazar ग्राहक सेवा: हमारी हेल्पलाइन,benign,benign,hi,li,nav,[TAG=li] [ROLE=nav] HamroBazar ग्राहक सेवा: हमारी हेल्पलाइन,benign:hi:75,synthetic_v1,0,0,0,0,0,0,0,1
JioMart पर फोन कवर की कीमतों की तुलना करें,benign,benign,hi,button,cta,[TAG=button] [ROLE=cta] JioMart पर फोन कवर की कीमतों की तुलना करें,benign:hi:73,synthetic_v1,0,0,0,0,0,0,0,1
"denim jeans at Zepto — Rs. 1,499",benign,benign,en,h2,heading,"[TAG=h2] [ROLE=heading] denim jeans at Zepto — Rs. 1,499",benign:en:63,synthetic_v1,0,0,0,0,0,0,0,1
ग्राहक समीक्षाएँ (455),benign,benign,hi,label,form,[TAG=label] [ROLE=form] ग्राहक समीक्षाएँ (455),benign:hi:03,synthetic_v1,0,0,0,0,0,0,0,1
"In stock in Lucknow, ships in 10 days",benign,benign,en,li,nav,"[TAG=li] [ROLE=nav] In stock in Lucknow, ships in 10 days",benign:en:77,synthetic_v1,0,0,0,0,0,0,0,1
"electric kettle — 11,204 reviews, Kolkata warehouse",benign,benign,en,button,cta,"[TAG=button] [ROLE=cta] electric kettle — 11,204 reviews, Kolkata warehouse",benign:en:73,synthetic_v1,0,0,0,0,0,0,0,1
कटन कुर्ता मा रु. 499 बाट EMI,benign,benign,ne,label,form,[TAG=label] [ROLE=form] कटन कुर्ता मा रु. 499 बाट EMI,benign:ne:74,synthetic_v1,0,0,0,0,0,0,0,1
"बिक्रेता: नवीन स्टोर, दमक",benign,benign,ne,span,label,"[TAG=span] [ROLE=label] बिक्रेता: नवीन स्टोर, दमक",benign:ne:64,synthetic_v1,0,0,0,0,0,0,0,1
फोन कवर कार्ट में जोड़ें,benign,benign,hi,a,nav,[TAG=a] [ROLE=nav] फोन कवर कार्ट में जोड़ें,benign:hi:00,synthetic_v1,0,0,0,0,0,0,0,1
186 सत्यापित समीक्षाएँ,benign,benign,hi,a,nav,[TAG=a] [ROLE=nav] 186 सत्यापित समीक्षाएँ,benign:hi:23,synthetic_v1,0,0,0,0,0,0,0,1
वायरलेस इयरबड्स तुलना गर्नुहोस्,benign,benign,ne,button,cta,[TAG=button] [ROLE=cta] वायरलेस इयरबड्स तुलना गर्नुहोस्,benign:ne:12,synthetic_v1,0,0,0,0,0,0,0,1
"ग्राहक समीक्षाएँ (34,118)",benign,benign,hi,button,cta,"[TAG=button] [ROLE=cta] ग्राहक समीक्षाएँ (34,118)",benign:hi:03,synthetic_v1,0,0,0,0,0,0,0,1
ल्यापटप ब्याग मा रु. 899 बाट EMI,benign,benign,ne,label,form,[TAG=label] [ROLE=form] ल्यापटप ब्याग मा रु. 899 बाट EMI,benign:ne:74,synthetic_v1,0,0,0,0,0,0,0,1
"gaming mouse — 1,024 reviews, Kolkata warehouse",benign,benign,en,li,nav,"[TAG=li] [ROLE=nav] gaming mouse — 1,024 reviews, Kolkata warehouse",benign:en:73,synthetic_v1,0,0,0,0,0,0,0,1
"विक्रेता: मीरा स्टोर, भोपाल",benign,benign,hi,label,form,"[TAG=label] [ROLE=form] विक्रेता: मीरा स्टोर, भोपाल",benign:hi:64,synthetic_v1,0,0,0,0,0,0,0,1
"Sold by Sita Store, Dharan",benign,benign,en,label,form,"[TAG=label] [ROLE=form] Sold by Sita Store, Dharan",benign:en:65,synthetic_v1,0,0,0,0,0,0,0,1
इन्डक्सन चुल्हो खोज्नुहोस्,benign,benign,ne,span,label,[TAG=span] [ROLE=label] इन्डक्सन चुल्हो खोज्नुहोस्,benign:ne:14,synthetic_v1,0,0,0,0,0,0,0,1
"1,502 जनाले योगा म्याट मूल्याङ्कन गरे",benign,benign,ne,p,body,"[TAG=p] [ROLE=body] 1,502 जनाले योगा म्याट मूल्याङ्कन गरे",benign:ne:67,synthetic_v1,0,0,0,0,0,0,0,1
भक्तपुर ढुवानी: रु. 299,benign,benign,ne,li,nav,[TAG=li] [ROLE=nav] भक्तपुर ढुवानी: रु. 299,benign:ne:71,synthetic_v1,0,0,0,0,0,0,0,1
"Sold by Sita Store, Delhi",benign,benign,en,li,nav,"[TAG=li] [ROLE=nav] Sold by Sita Store, Delhi",benign:en:65,synthetic_v1,0,0,0,0,0,0,0,1
"Seller: Pooja Traders, Lalitpur",benign,benign,en,span,label,"[TAG=span] [ROLE=label] Seller: Pooja Traders, Lalitpur",benign:en:49,synthetic_v1,0,0,0,0,0,0,0,1
Amazon मा स्कुल ब्याग — रु. 899,benign,benign,ne,span,label,[TAG=span] [ROLE=label] Amazon मा स्कुल ब्याग — रु. 899,benign:ne:62,synthetic_v1,0,0,0,0,0,0,0,1
"विक्रेता: मीरा ट्रेडर्स, हैदराबाद",benign,benign,hi,button,cta,"[TAG=button] [ROLE=cta] विक्रेता: मीरा ट्रेडर्स, हैदराबाद",benign:hi:48,synthetic_v1,0,0,0,0,0,0,0,1
ललितपुर ढुवानी: रु. 49,benign,benign,ne,li,nav,[TAG=li] [ROLE=nav] ललितपुर ढुवानी: रु. 49,benign:ne:71,synthetic_v1,0,0,0,0,0,0,0,1
Kinbech मा पानीको बोतल मा 5% छुट,benign,benign,ne,li,nav,[TAG=li] [ROLE=nav] Kinbech मा पानीको बोतल मा 5% छुट,benign:ne:70,synthetic_v1,0,0,0,0,0,0,0,1
634 units sold,benign,benign,en,span,label,[TAG=span] [ROLE=label] 634 units sold,benign:en:48,synthetic_v1,0,0,0,0,0,0,0,1
SastoDeal पर पावर बैंक खोजें,benign,benign,hi,li,nav,[TAG=li] [ROLE=nav] SastoDeal पर पावर बैंक खोजें,benign:hi:66,synthetic_v1,0,0,0,0,0,0,0,1
Muncha मा इलेक्ट्रिक केतली मूल्य तुलना गर्नुहोस्,benign,benign,ne,a,nav,[TAG=a] [ROLE=nav] Muncha मा इलेक्ट्रिक केतली मूल्य तुलना गर्नुहोस्,benign:ne:73,synthetic_v1,0,0,0,0,0,0,0,1
"Reliance Digital मा हेयर ड्रायर — रु. 2,499",benign,benign,ne,p,body,"[TAG=p] [ROLE=body] Reliance Digital मा हेयर ड्रायर — रु. 2,499",benign:ne:62,synthetic_v1,0,0,0,0,0,0,0,1
phone case — Rs. 49,benign,benign,en,h2,heading,[TAG=h2] [ROLE=heading] phone case — Rs. 49,benign:en:46,synthetic_v1,0,0,0,0,0,0,0,1
"1,765 people rated cotton kurta",benign,benign,en,label,form,"[TAG=label] [ROLE=form] 1,765 people rated cotton kurta",benign:en:68,synthetic_v1,0,0,0,0,0,0,0,1
"Shipping to Mumbai: Rs. 1,199",benign,benign,en,label,form,"[TAG=label] [ROLE=form] Shipping to Mumbai: Rs. 1,199",benign:en:72,synthetic_v1,0,0,0,0,0,0,0,1
"भोपाल में स्टॉक में, 7 दिन में शिप",benign,benign,hi,li,nav,"[TAG=li] [ROLE=nav] भोपाल में स्टॉक में, 7 दिन में शिप",benign:hi:76,synthetic_v1,0,0,0,0,0,0,0,1
एयर फ्रायर की तुलना करें,benign,benign,hi,h2,heading,[TAG=h2] [ROLE=heading] एयर फ्रायर की तुलना करें,benign:hi:12,synthetic_v1,0,0,0,0,0,0,0,1
Zepto रिटर्न नीति: 7 दिन,benign,benign,hi,button,cta,[TAG=button] [ROLE=cta] Zepto रिटर्न नीति: 7 दिन,benign:hi:65,synthetic_v1,0,0,0,0,0,0,0,1
water bottle at Blinkit — Rs. 149,benign,benign,en,span,label,[TAG=span] [ROLE=label] water bottle at Blinkit — Rs. 149,benign:en:63,synthetic_v1,0,0,0,0,0,0,0,1
"Customer reviews (1,765)",benign,benign,en,p,body,"[TAG=p] [ROLE=body] Customer reviews (1,765)",benign:en:03,synthetic_v1,0,0,0,0,0,0,0,1
60% off hair dryer at FirstCry,benign,benign,en,label,form,[TAG=label] [ROLE=form] 60% off hair dryer at FirstCry,benign:en:71,synthetic_v1,0,0,0,0,0,0,0,1
Customer reviews (84),benign,benign,en,li,nav,[TAG=li] [ROLE=nav] Customer reviews (84),benign:en:03,synthetic_v1,0,0,0,0,0,0,0,1
बुटवल ढुवानी: रु. 249,benign,benign,ne,a,nav,[TAG=a] [ROLE=nav] बुटवल ढुवानी: रु. 249,benign:ne:71,synthetic_v1,0,0,0,0,0,0,0,1
नॉइज़ कैंसलिंग हेडफोन — रु. 199,benign,benign,hi,li,nav,[TAG=li] [ROLE=nav] नॉइज़ कैंसलिंग हेडफोन — रु. 199,benign:hi:46,synthetic_v1,0,0,0,0,0,0,0,1
ऑफिस चेयर खोजें,benign,benign,hi,a,nav,[TAG=a] [ROLE=nav] ऑफिस चेयर खोजें,benign:hi:14,synthetic_v1,0,0,0,0,0,0,0,1
"विक्रेता: काव्या स्टोर, वाराणसी",benign,benign,hi,a,nav,"[TAG=a] [ROLE=nav] विक्रेता: काव्या स्टोर, वाराणसी",benign:hi:64,synthetic_v1,0,0,0,0,0,0,0,1
Search formal shirt on Snapdeal,benign,benign,en,h2,heading,[TAG=h2] [ROLE=heading] Search formal shirt on Snapdeal,benign:en:67,synthetic_v1,0,0,0,0,0,0,0,1
पावर ब्यांक — रु. 399,benign,benign,ne,p,body,[TAG=p] [ROLE=body] पावर ब्यांक — रु. 399,benign:ne:46,synthetic_v1,0,0,0,0,0,0,0,1
तनहुँ मा क्यास अन डेलिभरी उपलब्ध,benign,benign,ne,span,label,[TAG=span] [ROLE=label] तनहुँ मा क्यास अन डेलिभरी उपलब्ध,benign:ne:09,synthetic_v1,0,0,0,0,0,0,0,1
Thulo रिटर्न नीति: 5 दिन,benign,benign,hi,button,cta,[TAG=button] [ROLE=cta] Thulo रिटर्न नीति: 5 दिन,benign:hi:65,synthetic_v1,0,0,0,0,0,0,0,1
Myntra मा घामको चस्मा मूल्य तुलना गर्नुहोस्,benign,benign,ne,a,nav,[TAG=a] [ROLE=nav] Myntra मा घामको चस्मा मूल्य तुलना गर्नुहोस्,benign:ne:73,synthetic_v1,0,0,0,0,0,0,0,1
Warranty: 10 year,benign,benign,en,span,label,[TAG=span] [ROLE=label] Warranty: 10 year,benign:en:36,synthetic_v1,0,0,0,0,0,0,0,1
Myntra मा नोइज क्यान्सलिङ हेडफोन खोज्नुहोस्,benign,benign,ne,span,label,[TAG=span] [ROLE=label] Myntra मा नोइज क्यान्सलिङ हेडफोन खोज्नुहोस्,benign:ne:66,synthetic_v1,0,0,0,0,0,0,0,1
हेयर ड्रायर — रु. 699,benign,benign,ne,span,label,[TAG=span] [ROLE=label] हेयर ड्रायर — रु. 699,benign:ne:46,synthetic_v1,0,0,0,0,0,0,0,1
"14,860 इकाई बिकीं",benign,benign,hi,a,nav,"[TAG=a] [ROLE=nav] 14,860 इकाई बिकीं",benign:hi:47,synthetic_v1,0,0,0,0,0,0,0,1
वीरगन्ज ढुवानी: रु. 449,benign,benign,ne,p,body,[TAG=p] [ROLE=body] वीरगन्ज ढुवानी: रु. 449,benign:ne:71,synthetic_v1,0,0,0,0,0,0,0,1
"बिक्रेता: दीपेश ट्रेडर्स, जनकपुर",benign,benign,ne,a,nav,"[TAG=a] [ROLE=nav] बिक्रेता: दीपेश ट्रेडर्स, जनकपुर",benign:ne:48,synthetic_v1,0,0,0,0,0,0,0,1
Nykaa return policy: 9 days,benign,benign,en,h2,heading,[TAG=h2] [ROLE=heading] Nykaa return policy: 9 days,benign:en:66,synthetic_v1,0,0,0,0,0,0,0,1
कॉफी मेकर कार्ट में जोड़ें,benign,benign,hi,h2,heading,[TAG=h2] [ROLE=heading] कॉफी मेकर कार्ट में जोड़ें,benign:hi:00,synthetic_v1,0,0,0,0,0,0,0,1
"1,340 verified reviews",benign,benign,en,a,nav,"[TAG=a] [ROLE=nav] 1,340 verified reviews",benign:en:23,synthetic_v1,0,0,0,0,0,0,0,1
766 verified reviews,benign,benign,en,button,cta,[TAG=button] [ROLE=cta] 766 verified reviews,benign:en:23,synthetic_v1,0,0,0,0,0,0,0,1
बागलुङ ढुवानी: रु. 999,benign,benign,ne,p,body,[TAG=p] [ROLE=body] बागलुङ ढुवानी: रु. 999,benign:ne:71,synthetic_v1,0,0,0,0,0,0,0,1
"Daraz मा स्टडी लाइट — रु. 1,999",benign,benign,ne,span,label,"[TAG=span] [ROLE=label] Daraz मा स्टडी लाइट — रु. 1,999",benign:ne:62,synthetic_v1,0,0,0,0,0,0,0,1
SastoDeal return policy: 6 days,benign,benign,en,p,body,[TAG=p] [ROLE=body] SastoDeal return policy: 6 days,benign:en:66,synthetic_v1,0,0,0,0,0,0,0,1
Product details,benign,benign,en,li,nav,[TAG=li] [ROLE=nav] Product details,benign:en:02,synthetic_v1,0,0,0,0,0,0,0,1
कफी मेकर खोज्नुहोस्,benign,benign,ne,label,form,[TAG=label] [ROLE=form] कफी मेकर खोज्नुहोस्,benign:ne:14,synthetic_v1,0,0,0,0,0,0,0,1
"विक्रेता: रेखा स्टोर, पटना",benign,benign,hi,button,cta,"[TAG=button] [ROLE=cta] विक्रेता: रेखा स्टोर, पटना",benign:hi:64,synthetic_v1,0,0,0,0,0,0,0,1
"बिक्रेता: मनिष ट्रेडर्स, तनहुँ",benign,benign,ne,span,label,"[TAG=span] [ROLE=label] बिक्रेता: मनिष ट्रेडर्स, तनहुँ",benign:ne:48,synthetic_v1,0,0,0,0,0,0,0,1
पानी की बोतल — रु. 249,benign,benign,hi,h2,heading,[TAG=h2] [ROLE=heading] पानी की बोतल — रु. 249,benign:hi:46,synthetic_v1,0,0,0,0,0,0,0,1
खाता बनाउनुहोस्,benign,benign,ne,p,body,[TAG=p] [ROLE=body] खाता बनाउनुहोस्,benign:ne:27,synthetic_v1,0,0,0,0,0,0,0,1
Search for gaming mouse,benign,benign,en,p,body,[TAG=p] [ROLE=body] Search for gaming mouse,benign:en:14,synthetic_v1,0,0,0,0,0,0,0,1
"Sold by Anita Store, Pokhara",benign,benign,en,label,form,"[TAG=label] [ROLE=form] Sold by Anita Store, Pokhara",benign:en:65,synthetic_v1,0,0,0,0,0,0,0,1
Snapdeal फिर्ता नीति: 6 दिन,benign,benign,ne,p,body,[TAG=p] [ROLE=body] Snapdeal फिर्ता नीति: 6 दिन,benign:ne:65,synthetic_v1,0,0,0,0,0,0,0,1
"नॉइज़ कैंसलिंग हेडफोन — 889 समीक्षाएँ, लखनऊ गोदाम",benign,benign,hi,a,nav,"[TAG=a] [ROLE=nav] नॉइज़ कैंसलिंग हेडफोन — 889 समीक्षाएँ, लखनऊ गोदाम",benign:hi:72,synthetic_v1,0,0,0,0,0,0,0,1
ग्राहक समीक्षाएँ (312),benign,benign,hi,label,form,[TAG=label] [ROLE=form] ग्राहक समीक्षाएँ (312),benign:hi:03,synthetic_v1,0,0,0,0,0,0,0,1
"हेटौंडा ढुवानी: रु. 1,999",benign,benign,ne,p,body,"[TAG=p] [ROLE=body] हेटौंडा ढुवानी: रु. 1,999",benign:ne:71,synthetic_v1,0,0,0,0,0,0,0,1
"2,411 जनाले ल्यापटप ब्याग मूल्याङ्कन गरे",benign,benign,ne,p,body,"[TAG=p] [ROLE=body] 2,411 जनाले ल्यापटप ब्याग मूल्याङ्कन गरे",benign:ne:67,synthetic_v1,0,0,0,0,0,0,0,1
Flipkart ग्राहक सेवा: हाम्रो सपोर्ट नम्बर,benign,benign,ne,h2,heading,[TAG=h2] [ROLE=heading] Flipkart ग्राहक सेवा: हाम्रो सपोर्ट नम्बर,benign:ne:75,synthetic_v1,0,0,0,0,0,0,0,1
JioMart पर इंडक्शन चूल्हा — रु. 499,benign,benign,hi,a,nav,[TAG=a] [ROLE=nav] JioMart पर इंडक्शन चूल्हा — रु. 499,benign:hi:62,synthetic_v1,0,0,0,0,0,0,0,1
812 लोगों ने फॉर्मल शर्ट को रेट किया,benign,benign,hi,label,form,[TAG=label] [ROLE=form] 812 लोगों ने फॉर्मल शर्ट को रेट किया,benign:hi:67,synthetic_v1,0,0,0,0,0,0,0,1
formal shirt — Rs. 999,benign,benign,en,h2,heading,[TAG=h2] [ROLE=heading] formal shirt — Rs. 999,benign:en:46,synthetic_v1,0,0,0,0,0,0,0,1
protein powder at Reliance Digital — Rs. 49,benign,benign,en,a,nav,[TAG=a] [ROLE=nav] protein powder at Reliance Digital — Rs. 49,benign:en:63,synthetic_v1,0,0,0,0,0,0,0,1
hair dryer at FirstCry — Rs. 149,benign,benign,en,p,body,[TAG=p] [ROLE=body] hair dryer at FirstCry — Rs. 149,benign:en:63,synthetic_v1,0,0,0,0,0,0,0,1
Amazon ग्राहक सेवा: लाइव चैट,benign,benign,hi,span,label,[TAG=span] [ROLE=label] Amazon ग्राहक सेवा: लाइव चैट,benign:hi:75,synthetic_v1,0,0,0,0,0,0,0,1
Kinbech फिर्ता नीति: 7 दिन,benign,benign,ne,span,label,[TAG=span] [ROLE=label] Kinbech फिर्ता नीति: 7 दिन,benign:ne:65,synthetic_v1,0,0,0,0,0,0,0,1
63 जनाले अफिस कुर्सी मूल्याङ्कन गरे,benign,benign,ne,li,nav,[TAG=li] [ROLE=nav] 63 जनाले अफिस कुर्सी मूल्याङ्कन गरे,benign:ne:67,synthetic_v1,0,0,0,0,0,0,0,1
Amazon मा रनिङ जुत्ता मूल्य तुलना गर्नुहोस्,benign,benign,ne,label,form,[TAG=label] [ROLE=form] Amazon मा रनिङ जुत्ता मूल्य तुलना गर्नुहोस्,benign:ne:73,synthetic_v1,0,0,0,0,0,0,0,1
स्कूल बैग उपलब्ध होने पर सूचित करें,benign,benign,hi,button,cta,[TAG=button] [ROLE=cta] स्कूल बैग उपलब्ध होने पर सूचित करें,benign:hi:33,synthetic_v1,0,0,0,0,0,0,0,1
Amazon मा गेमिङ माउस खोज्नुहोस्,benign,benign,ne,span,label,[TAG=span] [ROLE=label] Amazon मा गेमिङ माउस खोज्नुहोस्,benign:ne:66,synthetic_v1,0,0,0,0,0,0,0,1
"गेमिंग माउस — 1,765 समीक्षाएँ, हैदराबाद गोदाम",benign,benign,hi,p,body,"[TAG=p] [ROLE=body] गेमिंग माउस — 1,765 समीक्षाएँ, हैदराबाद गोदाम",benign:hi:72,synthetic_v1,0,0,0,0,0,0,0,1
"रु. 1,199 से ऊपर के ऑर्डर पर मुफ़्त शिपिंग",benign,benign,hi,li,nav,"[TAG=li] [ROLE=nav] रु. 1,199 से ऊपर के ऑर्डर पर मुफ़्त शिपिंग",benign:hi:01,synthetic_v1,0,0,0,0,0,0,0,1
पावर ब्यांक — रु. 199,benign,benign,ne,h2,heading,[TAG=h2] [ROLE=heading] पावर ब्यांक — रु. 199,benign:ne:46,synthetic_v1,0,0,0,0,0,0,0,1
विशलिस्टमा राख्नुहोस्,benign,benign,ne,span,label,[TAG=span] [ROLE=label] विशलिस्टमा राख्नुहोस्,benign:ne:11,synthetic_v1,0,0,0,0,0,0,0,1
"EMI from Rs. 2,999 on coffee maker",benign,benign,en,label,form,"[TAG=label] [ROLE=form] EMI from Rs. 2,999 on coffee maker",benign:en:75,synthetic_v1,0,0,0,0,0,0,0,1
"14,860 लोगों ने कॉफी मेकर को रेट किया",benign,benign,hi,h2,heading,"[TAG=h2] [ROLE=heading] 14,860 लोगों ने कॉफी मेकर को रेट किया",benign:hi:67,synthetic_v1,0,0,0,0,0,0,0,1
सभी डेनिम जींस देखें,benign,benign,hi,p,body,[TAG=p] [ROLE=body] सभी डेनिम जींस देखें,benign:hi:20,synthetic_v1,0,0,0,0,0,0,0,1
जनकपुर मा 10 दिनमा डेलिभरी,benign,benign,ne,label,form,[TAG=label] [ROLE=form] जनकपुर मा 10 दिनमा डेलिभरी,benign:ne:63,synthetic_v1,0,0,0,0,0,0,0,1
Cancel your Kinbech order from My Orders,benign,benign,en,h2,heading,[TAG=h2] [ROLE=heading] Cancel your Kinbech order from My Orders,benign:en:69,synthetic_v1,0,0,0,0,0,0,0,1
Cash on delivery available in Mumbai,benign,benign,en,span,label,[TAG=span] [ROLE=label] Cash on delivery available in Mumbai,benign:en:09,synthetic_v1,0,0,0,0,0,0,0,1
Blinkit ग्राहक सेवा: हाम्रो इमेल डेस्क,benign,benign,ne,button,cta,[TAG=button] [ROLE=cta] Blinkit ग्राहक सेवा: हाम्रो इमेल डेस्क,benign:ne:75,synthetic_v1,0,0,0,0,0,0,0,1
112 लोगों ने स्मार्टवॉच को रेट किया,benign,benign,hi,p,body,[TAG=p] [ROLE=body] 112 लोगों ने स्मार्टवॉच को रेट किया,benign:hi:67,synthetic_v1,0,0,0,0,0,0,0,1
8 दिनभित्र फिर्ता,benign,benign,ne,li,nav,[TAG=li] [ROLE=nav] 8 दिनभित्र फिर्ता,benign:ne:04,synthetic_v1,0,0,0,0,0,0,0,1
"स्कुल ब्याग — रु. 1,999",benign,benign,ne,a,nav,"[TAG=a] [ROLE=nav] स्कुल ब्याग — रु. 1,999",benign:ne:46,synthetic_v1,0,0,0,0,0,0,0,1
"जयपुर शिपिंग: रु. 1,199",benign,benign,hi,h2,heading,"[TAG=h2] [ROLE=heading] जयपुर शिपिंग: रु. 1,199",benign:hi:71,synthetic_v1,0,0,0,0,0,0,0,1
Search coffee maker on Muncha,benign,benign,en,li,nav,[TAG=li] [ROLE=nav] Search coffee maker on Muncha,benign:en:67,synthetic_v1,0,0,0,0,0,0,0,1
Daraz मा स्टडी लाइट — रु. 99,benign,benign,ne,label,form,[TAG=label] [ROLE=form] Daraz मा स्टडी लाइट — रु. 99,benign:ne:62,synthetic_v1,0,0,0,0,0,0,0,1
Blinkit return policy: 10 days,benign,benign,en,a,nav,[TAG=a] [ROLE=nav] Blinkit return policy: 10 days,benign:en:66,synthetic_v1,0,0,0,0,0,0,0,1
"11,204 units sold",benign,benign,en,span,label,"[TAG=span] [ROLE=label] 11,204 units sold",benign:en:48,synthetic_v1,0,0,0,0,0,0,0,1
Search power bank on Blinkit,benign,benign,en,button,cta,[TAG=button] [ROLE=cta] Search power bank on Blinkit,benign:en:67,synthetic_v1,0,0,0,0,0,0,0,1
रु. 49 सम्म एक्सचेन्ज अफर,benign,benign,ne,label,form,[TAG=label] [ROLE=form] रु. 49 सम्म एक्सचेन्ज अफर,benign:ne:35,synthetic_v1,0,0,0,0,0,0,0,1
HamroBazar पर कॉफी मेकर खोजें,benign,benign,hi,h2,heading,[TAG=h2] [ROLE=heading] HamroBazar पर कॉफी मेकर खोजें,benign:hi:66,synthetic_v1,0,0,0,0,0,0,0,1
"शिपिंग शुल्क: रु. 2,999 (भुगतान से पहले दिखेगा)",benign,benign,hi,span,label,"[TAG=span] [ROLE=label] शिपिंग शुल्क: रु. 2,999 (भुगतान से पहले दिखेगा)",benign:hi:43,synthetic_v1,0,0,0,0,0,0,0,1
"4,265 लोगों ने हेयर ड्रायर को रेट किया",benign,benign,hi,p,body,"[TAG=p] [ROLE=body] 4,265 लोगों ने हेयर ड्रायर को रेट किया",benign:hi:67,synthetic_v1,0,0,0,0,0,0,0,1
Compare trekking jacket prices on Lenskart,benign,benign,en,label,form,[TAG=label] [ROLE=form] Compare trekking jacket prices on Lenskart,benign:en:74,synthetic_v1,0,0,0,0,0,0,0,1
"Seller: Bikash Traders, Hyderabad",benign,benign,en,li,nav,"[TAG=li] [ROLE=nav] Seller: Bikash Traders, Hyderabad",benign:en:49,synthetic_v1,0,0,0,0,0,0,0,1
मेरो अर्डरबाट Zepto अर्डर रद्द गर्नुहोस्,benign,benign,ne,label,form,[TAG=label] [ROLE=form] मेरो अर्डरबाट Zepto अर्डर रद्द गर्नुहोस्,benign:ne:68,synthetic_v1,0,0,0,0,0,0,0,1
"Seller: Bikash Traders, Bengaluru",benign,benign,en,li,nav,"[TAG=li] [ROLE=nav] Seller: Bikash Traders, Bengaluru",benign:en:49,synthetic_v1,0,0,0,0,0,0,0,1
Unsubscribe from Muncha emails in one click,benign,benign,en,button,cta,[TAG=button] [ROLE=cta] Unsubscribe from Muncha emails in one click,benign:en:70,synthetic_v1,0,0,0,0,0,0,0,1
इटहरी ढुवानी: रु. 49,benign,benign,ne,button,cta,[TAG=button] [ROLE=cta] इटहरी ढुवानी: रु. 49,benign:ne:71,synthetic_v1,0,0,0,0,0,0,0,1
चंडीगढ़ शिपिंग: रु. 899,benign,benign,hi,p,body,[TAG=p] [ROLE=body] चंडीगढ़ शिपिंग: रु. 899,benign:hi:71,synthetic_v1,0,0,0,0,0,0,0,1
"स्पोर्ट्स सैंडल — रु. 1,199",benign,benign,hi,p,body,"[TAG=p] [ROLE=body] स्पोर्ट्स सैंडल — रु. 1,199",benign:hi:46,synthetic_v1,0,0,0,0,0,0,0,1
Daraz ग्राहक सेवा: हाम्रो हेल्पलाइन,benign,benign,ne,a,nav,[TAG=a] [ROLE=nav] Daraz ग्राहक सेवा: हाम्रो हेल्पलाइन,benign:ne:75,synthetic_v1,0,0,0,0,0,0,0,1
HamroBazar पर इंडक्शन चूल्हा पर 10% छूट,benign,benign,hi,li,nav,[TAG=li] [ROLE=nav] HamroBazar पर इंडक्शन चूल्हा पर 10% छूट,benign:hi:70,synthetic_v1,0,0,0,0,0,0,0,1
इन्डक्सन चुल्हो उपलब्ध भएपछि जानकारी दिनुहोस्,benign,benign,ne,p,body,[TAG=p] [ROLE=body] इन्डक्सन चुल्हो उपलब्ध भएपछि जानकारी दिनुहोस्,benign:ne:33,synthetic_v1,0,0,0,0,0,0,0,1
Compare protein powder prices on Meesho,benign,benign,en,h2,heading,[TAG=h2] [ROLE=heading] Compare protein powder prices on Meesho,benign:en:74,synthetic_v1,0,0,0,0,0,0,0,1
SastoDeal मा नोइज क्यान्सलिङ हेडफोन खोज्नुहोस्,benign,benign,ne,a,nav,[TAG=a] [ROLE=nav] SastoDeal मा नोइज क्यान्सलिङ हेडफोन खोज्नुहोस्,benign:ne:66,synthetic_v1,0,0,0,0,0,0,0,1
812 units sold,benign,benign,en,label,form,[TAG=label] [ROLE=form] 812 units sold,benign:en:48,synthetic_v1,0,0,0,0,0,0,0,1
70% छूट,benign,benign,hi,button,cta,[TAG=button] [ROLE=cta] 70% छूट,benign:hi:10,synthetic_v1,0,0,0,0,0,0,0,1
"घामको चस्मा — 247 समीक्षा, बाँके गोदाम",benign,benign,ne,span,label,"[TAG=span] [ROLE=label] घामको चस्मा — 247 समीक्षा, बाँके गोदाम",benign:ne:72,synthetic_v1,0,0,0,0,0,0,0,1
"बेंगलुरु में स्टॉक में, 4 दिन में शिप",benign,benign,hi,span,label,"[TAG=span] [ROLE=label] बेंगलुरु में स्टॉक में, 4 दिन में शिप",benign:hi:76,synthetic_v1,0,0,0,0,0,0,0,1
Warranty: 6 year,benign,benign,en,a,nav,[TAG=a] [ROLE=nav] Warranty: 6 year,benign:en:36,synthetic_v1,0,0,0,0,0,0,0,1
Pepperfry रिटर्न नीति: 8 दिन,benign,benign,hi,h2,heading,[TAG=h2] [ROLE=heading] Pepperfry रिटर्न नीति: 8 दिन,benign:hi:65,synthetic_v1,0,0,0,0,0,0,0,1
"ब्लूटूथ स्पीकर — 812 समीक्षाएँ, हैदराबाद गोदाम",benign,benign,hi,button,cta,"[TAG=button] [ROLE=cta] ब्लूटूथ स्पीकर — 812 समीक्षाएँ, हैदराबाद गोदाम",benign:hi:72,synthetic_v1,0,0,0,0,0,0,0,1
रु. 449 सम्म एक्सचेन्ज अफर,benign,benign,ne,li,nav,[TAG=li] [ROLE=nav] रु. 449 सम्म एक्सचेन्ज अफर,benign:ne:35,synthetic_v1,0,0,0,0,0,0,0,1
"rice cooker — 149 reviews, Delhi warehouse",benign,benign,en,h2,heading,"[TAG=h2] [ROLE=heading] rice cooker — 149 reviews, Delhi warehouse",benign:en:73,synthetic_v1,0,0,0,0,0,0,0,1
trekking jacket at Blinkit — Rs. 149,benign,benign,en,h2,heading,[TAG=h2] [ROLE=heading] trekking jacket at Blinkit — Rs. 149,benign:en:63,synthetic_v1,0,0,0,0,0,0,0,1
JioMart मा फोन कभर खोज्नुहोस्,benign,benign,ne,button,cta,[TAG=button] [ROLE=cta] JioMart मा फोन कभर खोज्नुहोस्,benign:ne:66,synthetic_v1,0,0,0,0,0,0,0,1
डेनिम जिन्स खोज्नुहोस्,benign,benign,ne,a,nav,[TAG=a] [ROLE=nav] डेनिम जिन्स खोज्नुहोस्,benign:ne:14,synthetic_v1,0,0,0,0,0,0,0,1
"Amazon मा हेयर ड्रायर — रु. 2,499",benign,benign,ne,span,label,"[TAG=span] [ROLE=label] Amazon मा हेयर ड्रायर — रु. 2,499",benign:ne:62,synthetic_v1,0,0,0,0,0,0,0,1
Add wireless earbuds to cart,benign,benign,en,a,nav,[TAG=a] [ROLE=nav] Add wireless earbuds to cart,benign:en:00,synthetic_v1,0,0,0,0,0,0,0,1
186 units sold,benign,benign,en,a,nav,[TAG=a] [ROLE=nav] 186 units sold,benign:en:48,synthetic_v1,0,0,0,0,0,0,0,1
चंडीगढ़ में डिलीवरी,benign,benign,hi,h2,heading,[TAG=h2] [ROLE=heading] चंडीगढ़ में डिलीवरी,benign:hi:37,synthetic_v1,0,0,0,0,0,0,0,1
Daraz इमेल एक क्लिकमा अनसब्स्क्राइब गर्नुहोस्,benign,benign,ne,a,nav,[TAG=a] [ROLE=nav] Daraz इमेल एक क्लिकमा अनसब्स्क्राइब गर्नुहोस्,benign:ne:69,synthetic_v1,0,0,0,0,0,0,0,1
अर्डर सारांश,benign,benign,ne,li,nav,[TAG=li] [ROLE=nav] अर्डर सारांश,benign:ne:18,synthetic_v1,0,0,0,0,0,0,0,1
View all running shoes,benign,benign,en,span,label,[TAG=span] [ROLE=label] View all running shoes,benign:en:20,synthetic_v1,0,0,0,0,0,0,0,1
रु. 199/महिनाबाट EMI विकल्प,benign,benign,ne,li,nav,[TAG=li] [ROLE=nav] रु. 199/महिनाबाट EMI विकल्प,benign:ne:34,synthetic_v1,0,0,0,0,0,0,0,1
Kinbech customer care: our Facebook page,benign,benign,en,a,nav,[TAG=a] [ROLE=nav] Kinbech customer care: our Facebook page,benign:en:76,synthetic_v1,0,0,0,0,0,0,0,1
सुर्खेत ढुवानी: रु. 599,benign,benign,ne,p,body,[TAG=p] [ROLE=body] सुर्खेत ढुवानी: रु. 599,benign:ne:71,synthetic_v1,0,0,0,0,0,0,0,1
Search for power bank,benign,benign,en,span,label,[TAG=span] [ROLE=label] Search for power bank,benign:en:14,synthetic_v1,0,0,0,0,0,0,0,1
"बिक्रेता: स्नेहा स्टोर, तनहुँ",benign,benign,ne,a,nav,"[TAG=a] [ROLE=nav] बिक्रेता: स्नेहा स्टोर, तनहुँ",benign:ne:64,synthetic_v1,0,0,0,0,0,0,0,1
60% off,benign,benign,en,p,body,[TAG=p] [ROLE=body] 60% off,benign:en:10,synthetic_v1,0,0,0,0,0,0,0,1
रु. 99 सम्म एक्सचेन्ज अफर,benign,benign,ne,h2,heading,[TAG=h2] [ROLE=heading] रु. 99 सम्म एक्सचेन्ज अफर,benign:ne:35,synthetic_v1,0,0,0,0,0,0,0,1
Myntra मा स्मार्टवाच मा 70% छुट,benign,benign,ne,p,body,[TAG=p] [ROLE=body] Myntra मा स्मार्टवाच मा 70% छुट,benign:ne:70,synthetic_v1,0,0,0,0,0,0,0,1
BigBasket फिर्ता नीति: 9 दिन,benign,benign,ne,a,nav,[TAG=a] [ROLE=nav] BigBasket फिर्ता नीति: 9 दिन,benign:ne:65,synthetic_v1,0,0,0,0,0,0,0,1
"विक्रेता: निशा स्टोर, अहमदाबाद",benign,benign,hi,p,body,"[TAG=p] [ROLE=body] विक्रेता: निशा स्टोर, अहमदाबाद",benign:hi:64,synthetic_v1,0,0,0,0,0,0,0,1
"बिक्रेता: स्नेहा ट्रेडर्स, सुर्खेत",benign,benign,ne,a,nav,"[TAG=a] [ROLE=nav] बिक्रेता: स्नेहा ट्रेडर्स, सुर्खेत",benign:ne:48,synthetic_v1,0,0,0,0,0,0,0,1
"विक्रेता: सुमन ट्रेडर्स, कानपुर",benign,benign,hi,a,nav,"[TAG=a] [ROLE=nav] विक्रेता: सुमन ट्रेडर्स, कानपुर",benign:hi:48,synthetic_v1,0,0,0,0,0,0,0,1
"विक्रेता: सुमन स्टोर, लखनऊ",benign,benign,hi,label,form,"[TAG=label] [ROLE=form] विक्रेता: सुमन स्टोर, लखनऊ",benign:hi:64,synthetic_v1,0,0,0,0,0,0,0,1
Amazon फिर्ता नीति: 5 दिन,benign,benign,ne,h2,heading,[TAG=h2] [ROLE=heading] Amazon फिर्ता नीति: 5 दिन,benign:ne:65,synthetic_v1,0,0,0,0,0,0,0,1
60% off backpack at FirstCry,benign,benign,en,h2,heading,[TAG=h2] [ROLE=heading] 60% off backpack at FirstCry,benign:en:71,synthetic_v1,0,0,0,0,0,0,0,1
"फेस वॉश — रु. 1,499",benign,benign,hi,p,body,"[TAG=p] [ROLE=body] फेस वॉश — रु. 1,499",benign:hi:46,synthetic_v1,0,0,0,0,0,0,0,1
पावर बैंक की तुलना करें,benign,benign,hi,li,nav,[TAG=li] [ROLE=nav] पावर बैंक की तुलना करें,benign:hi:12,synthetic_v1,0,0,0,0,0,0,0,1
Compare face wash prices on Zepto,benign,benign,en,h2,heading,[TAG=h2] [ROLE=heading] Compare face wash prices on Zepto,benign:en:74,synthetic_v1,0,0,0,0,0,0,0,1
रु. 449/महीना से EMI विकल्प,benign,benign,hi,a,nav,[TAG=a] [ROLE=nav] रु. 449/महीना से EMI विकल्प,benign:hi:34,synthetic_v1,0,0,0,0,0,0,0,1
"योगा मैट — 11,204 समीक्षाएँ, नासिक गोदाम",benign,benign,hi,span,label,"[TAG=span] [ROLE=label] योगा मैट — 11,204 समीक्षाएँ, नासिक गोदाम",benign:hi:72,synthetic_v1,0,0,0,0,0,0,0,1
Search hair dryer on Kinbech,benign,benign,en,span,label,[TAG=span] [ROLE=label] Search hair dryer on Kinbech,benign:en:67,synthetic_v1,0,0,0,0,0,0,0,1
वारेन्टी: 9 वर्ष,benign,benign,ne,li,nav,[TAG=li] [ROLE=nav] वारेन्टी: 9 वर्ष,benign:ne:36,synthetic_v1,0,0,0,0,0,0,0,1
स्मार्टवॉच — रु. 199,benign,benign,hi,h2,heading,[TAG=h2] [ROLE=heading] स्मार्टवॉच — रु. 199,benign:hi:46,synthetic_v1,0,0,0,0,0,0,0,1
हिउँदको ब्ल्याङ्केट तुलना गर्नुहोस्,benign,benign,ne,button,cta,[TAG=button] [ROLE=cta] हिउँदको ब्ल्याङ्केट तुलना गर्नुहोस्,benign:ne:12,synthetic_v1,0,0,0,0,0,0,0,1
"कॉटन कुर्ता — 4,265 समीक्षाएँ, बेंगलुरु गोदाम",benign,benign,hi,li,nav,"[TAG=li] [ROLE=nav] कॉटन कुर्ता — 4,265 समीक्षाएँ, बेंगलुरु गोदाम",benign:hi:72,synthetic_v1,0,0,0,0,0,0,0,1
नॉइज़ कैंसलिंग हेडफोन पर रु. 999 से EMI,benign,benign,hi,a,nav,[TAG=a] [ROLE=nav] नॉइज़ कैंसलिंग हेडफोन पर रु. 999 से EMI,benign:hi:74,synthetic_v1,0,0,0,0,0,0,0,1
70% off sunglasses at Salesberry,benign,benign,en,a,nav,[TAG=a] [ROLE=nav] 70% off sunglasses at Salesberry,benign:en:71,synthetic_v1,0,0,0,0,0,0,0,1
Lenskart return policy: 8 days,benign,benign,en,label,form,[TAG=label] [ROLE=form] Lenskart return policy: 8 days,benign:en:66,synthetic_v1,0,0,0,0,0,0,0,1
Search bluetooth speaker on Amazon,benign,benign,en,button,cta,[TAG=button] [ROLE=cta] Search bluetooth speaker on Amazon,benign:en:67,synthetic_v1,0,0,0,0,0,0,0,1
गेस्ट के रूप में जारी रखें,benign,benign,hi,li,nav,[TAG=li] [ROLE=nav] गेस्ट के रूप में जारी रखें,benign:hi:28,synthetic_v1,0,0,0,0,0,0,0,1
"बिक्रेता: काव्या ट्रेडर्स, चितवन",benign,benign,ne,a,nav,"[TAG=a] [ROLE=nav] बिक्रेता: काव्या ट्रेडर्स, चितवन",benign:ne:48,synthetic_v1,0,0,0,0,0,0,0,1
Exchange offer up to Rs. 199,benign,benign,en,li,nav,[TAG=li] [ROLE=nav] Exchange offer up to Rs. 199,benign:en:35,synthetic_v1,0,0,0,0,0,0,0,1
"ग्राहक समीक्षाएँ (26,940)",benign,benign,hi,span,label,"[TAG=span] [ROLE=label] ग्राहक समीक्षाएँ (26,940)",benign:hi:03,synthetic_v1,0,0,0,0,0,0,0,1
laptop bag — Rs. 49,benign,benign,en,button,cta,[TAG=button] [ROLE=cta] laptop bag — Rs. 49,benign:en:46,synthetic_v1,0,0,0,0,0,0,0,1
rice cooker — Rs. 149,benign,benign,en,label,form,[TAG=label] [ROLE=form] rice cooker — Rs. 149,benign:en:46,synthetic_v1,0,0,0,0,0,0,0,1
402 प्रमाणित समीक्षा,benign,benign,ne,p,body,[TAG=p] [ROLE=body] 402 प्रमाणित समीक्षा,benign:ne:23,synthetic_v1,0,0,0,0,0,0,0,1
Tata Cliq पर एयर फ्रायर पर 50% छूट,benign,benign,hi,button,cta,[TAG=button] [ROLE=cta] Tata Cliq पर एयर फ्रायर पर 50% छूट,benign:hi:70,synthetic_v1,0,0,0,0,0,0,0,1
Delivery to Dharan in 14 days,benign,benign,en,p,body,[TAG=p] [ROLE=body] Delivery to Dharan in 14 days,benign:en:64,synthetic_v1,0,0,0,0,0,0,0,1
"ग्राहक समीक्षा (4,265)",benign,benign,ne,span,label,"[TAG=span] [ROLE=label] ग्राहक समीक्षा (4,265)",benign:ne:03,synthetic_v1,0,0,0,0,0,0,0,1
"Sold by Nisha Store, Biratnagar",benign,benign,en,h2,heading,"[TAG=h2] [ROLE=heading] Sold by Nisha Store, Biratnagar",benign:en:65,synthetic_v1,0,0,0,0,0,0,0,1
सबै पानीको बोतल हेर्नुहोस्,benign,benign,ne,p,body,[TAG=p] [ROLE=body] सबै पानीको बोतल हेर्नुहोस्,benign:ne:20,synthetic_v1,0,0,0,0,0,0,0,1
"गेमिङ माउस मा रु. 1,999 बाट EMI",benign,benign,ne,h2,heading,"[TAG=h2] [ROLE=heading] गेमिङ माउस मा रु. 1,999 बाट EMI",benign:ne:74,synthetic_v1,0,0,0,0,0,0,0,1
गेमिङ माउस मा रु. 49 बाट EMI,benign,benign,ne,p,body,[TAG=p] [ROLE=body] गेमिङ माउस मा रु. 49 बाट EMI,benign:ne:74,synthetic_v1,0,0,0,0,0,0,0,1
Thulo ग्राहक सेवा: कल सेन्टर,benign,benign,ne,label,form,[TAG=label] [ROLE=form] Thulo ग्राहक सेवा: कल सेन्टर,benign:ne:75,synthetic_v1,0,0,0,0,0,0,0,1
पता सहेजें,benign,benign,hi,li,nav,[TAG=li] [ROLE=nav] पता सहेजें,benign:hi:17,synthetic_v1,0,0,0,0,0,0,0,1
Search bluetooth speaker on JioMart,benign,benign,en,p,body,[TAG=p] [ROLE=body] Search bluetooth speaker on JioMart,benign:en:67,synthetic_v1,0,0,0,0,0,0,0,1
बैकपैक पर रु. 349 से EMI,benign,benign,hi,h2,heading,[TAG=h2] [ROLE=heading] बैकपैक पर रु. 349 से EMI,benign:hi:74,synthetic_v1,0,0,0,0,0,0,0,1
Thulo फिर्ता नीति: 10 दिन,benign,benign,ne,li,nav,[TAG=li] [ROLE=nav] Thulo फिर्ता नीति: 10 दिन,benign:ne:65,synthetic_v1,0,0,0,0,0,0,0,1
हेयर ड्रायर की तुलना करें,benign,benign,hi,h2,heading,[TAG=h2] [ROLE=heading] हेयर ड्रायर की तुलना करें,benign:hi:12,synthetic_v1,0,0,0,0,0,0,0,1
Kinbech पर रनिंग शूज़ खोजें,benign,benign,hi,h2,heading,[TAG=h2] [ROLE=heading] Kinbech पर रनिंग शूज़ खोजें,benign:hi:66,synthetic_v1,0,0,0,0,0,0,0,1
"स्मार्टवॉच — 578 समीक्षाएँ, मुंबई गोदाम",benign,benign,hi,li,nav,"[TAG=li] [ROLE=nav] स्मार्टवॉच — 578 समीक्षाएँ, मुंबई गोदाम",benign:hi:72,synthetic_v1,0,0,0,0,0,0,0,1
पावर ब्यांक तुलना गर्नुहोस्,benign,benign,ne,li,nav,[TAG=li] [ROLE=nav] पावर ब्यांक तुलना गर्नुहोस्,benign:ne:12,synthetic_v1,0,0,0,0,0,0,0,1
"Sold by Nabin Store, Jaipur",benign,benign,en,span,label,"[TAG=span] [ROLE=label] Sold by Nabin Store, Jaipur",benign:en:65,synthetic_v1,0,0,0,0,0,0,0,1
राइस कुकर — रु. 349,benign,benign,ne,p,body,[TAG=p] [ROLE=body] राइस कुकर — रु. 349,benign:ne:46,synthetic_v1,0,0,0,0,0,0,0,1
Search rice cooker on Snapdeal,benign,benign,en,label,form,[TAG=label] [ROLE=form] Search rice cooker on Snapdeal,benign:en:67,synthetic_v1,0,0,0,0,0,0,0,1
Unsubscribe from Gyapu emails in one click,benign,benign,en,span,label,[TAG=span] [ROLE=label] Unsubscribe from Gyapu emails in one click,benign:en:70,synthetic_v1,0,0,0,0,0,0,0,1
रु. 249/महिनाबाट EMI विकल्प,benign,benign,ne,a,nav,[TAG=a] [ROLE=nav] रु. 249/महिनाबाट EMI विकल्प,benign:ne:34,synthetic_v1,0,0,0,0,0,0,0,1
"backpack — 1,340 reviews, Kolkata warehouse",benign,benign,en,h2,heading,"[TAG=h2] [ROLE=heading] backpack — 1,340 reviews, Kolkata warehouse",benign:en:73,synthetic_v1,0,0,0,0,0,0,0,1
Shipping to Butwal: Rs. 499,benign,benign,en,li,nav,[TAG=li] [ROLE=nav] Shipping to Butwal: Rs. 499,benign:en:72,synthetic_v1,0,0,0,0,0,0,0,1
"विक्रेता: दीपेश ट्रेडर्स, सूरत",benign,benign,hi,a,nav,"[TAG=a] [ROLE=nav] विक्रेता: दीपेश ट्रेडर्स, सूरत",benign:hi:48,synthetic_v1,0,0,0,0,0,0,0,1
Croma पर लैपटॉप बैग — रु. 149,benign,benign,hi,h2,heading,[TAG=h2] [ROLE=heading] Croma पर लैपटॉप बैग — रु. 149,benign:hi:62,synthetic_v1,0,0,0,0,0,0,0,1
Compare air fryer prices on OkDam,benign,benign,en,a,nav,[TAG=a] [ROLE=nav] Compare air fryer prices on OkDam,benign:en:74,synthetic_v1,0,0,0,0,0,0,0,1
"Seller: Kavya Traders, Biratnagar",benign,benign,en,label,form,"[TAG=label] [ROLE=form] Seller: Kavya Traders, Biratnagar",benign:en:49,synthetic_v1,0,0,0,0,0,0,0,1
धनगढी ढुवानी: रु. 599,benign,benign,ne,p,body,[TAG=p] [ROLE=body] धनगढी ढुवानी: रु. 599,benign:ne:71,synthetic_v1,0,0,0,0,0,0,0,1
63 जनाले स्मार्टवाच मूल्याङ्कन गरे,benign,benign,ne,button,cta,[TAG=button] [ROLE=cta] 63 जनाले स्मार्टवाच मूल्याङ्कन गरे,benign:ne:67,synthetic_v1,0,0,0,0,0,0,0,1
Cancel your Ajio order from My Orders,benign,benign,en,li,nav,[TAG=li] [ROLE=nav] Cancel your Ajio order from My Orders,benign:en:69,synthetic_v1,0,0,0,0,0,0,0,1
Compare wireless earbuds prices on HamroBazar,benign,benign,en,p,body,[TAG=p] [ROLE=body] Compare wireless earbuds prices on HamroBazar,benign:en:74,synthetic_v1,0,0,0,0,0,0,0,1
Daraz फिर्ता नीति: 3 दिन,benign,benign,ne,span,label,[TAG=span] [ROLE=label] Daraz फिर्ता नीति: 3 दिन,benign:ne:65,synthetic_v1,0,0,0,0,0,0,0,1
चितवन मा 14 दिनमा डेलिभरी,benign,benign,ne,button,cta,[TAG=button] [ROLE=cta] चितवन मा 14 दिनमा डेलिभरी,benign:ne:63,synthetic_v1,0,0,0,0,0,0,0,1
"Salesberry पर स्कूल बैग — रु. 1,499",benign,benign,hi,h2,heading,"[TAG=h2] [ROLE=heading] Salesberry पर स्कूल बैग — रु. 1,499",benign:hi:62,synthetic_v1,0,0,0,0,0,0,0,1
Search electric kettle on Kinbech,benign,benign,en,li,nav,[TAG=li] [ROLE=nav] Search electric kettle on Kinbech,benign:en:67,synthetic_v1,0,0,0,0,0,0,0,1
चेकआउट पर जाएं,benign,benign,hi,label,form,[TAG=label] [ROLE=form] चेकआउट पर जाएं,benign:hi:13,synthetic_v1,0,0,0,0,0,0,0,1
Search noise cancelling headphones on Gyapu,benign,benign,en,span,label,[TAG=span] [ROLE=label] Search noise cancelling headphones on Gyapu,benign:en:67,synthetic_v1,0,0,0,0,0,0,0,1
पानी की बोतल खोजें,benign,benign,hi,li,nav,[TAG=li] [ROLE=nav] पानी की बोतल खोजें,benign:hi:14,synthetic_v1,0,0,0,0,0,0,0,1
"बिक्रेता: रमेश स्टोर, विराटनगर",benign,benign,ne,h2,heading,"[TAG=h2] [ROLE=heading] बिक्रेता: रमेश स्टोर, विराटनगर",benign:ne:64,synthetic_v1,0,0,0,0,0,0,0,1
इटहरी मा क्यास अन डेलिभरी उपलब्ध,benign,benign,ne,a,nav,[TAG=a] [ROLE=nav] इटहरी मा क्यास अन डेलिभरी उपलब्ध,benign:ne:09,synthetic_v1,0,0,0,0,0,0,0,1
"EMI from Rs. 2,499 on protein powder",benign,benign,en,button,cta,"[TAG=button] [ROLE=cta] EMI from Rs. 2,499 on protein powder",benign:en:75,synthetic_v1,0,0,0,0,0,0,0,1
Salesberry पर स्कूल बैग पर 50% छूट,benign,benign,hi,h2,heading,[TAG=h2] [ROLE=heading] Salesberry पर स्कूल बैग पर 50% छूट,benign:hi:70,synthetic_v1,0,0,0,0,0,0,0,1
अनुमानित डेलिभरी: 3 दिन,benign,benign,ne,p,body,[TAG=p] [ROLE=body] अनुमानित डेलिभरी: 3 दिन,benign:ne:24,synthetic_v1,0,0,0,0,0,0,0,1
Ajio पर फेस वॉश की कीमतों की तुलना करें,benign,benign,hi,span,label,[TAG=span] [ROLE=label] Ajio पर फेस वॉश की कीमतों की तुलना करें,benign:hi:73,synthetic_v1,0,0,0,0,0,0,0,1
gaming mouse at Reliance Digital — Rs. 349,benign,benign,en,button,cta,[TAG=button] [ROLE=cta] gaming mouse at Reliance Digital — Rs. 349,benign:en:63,synthetic_v1,0,0,0,0,0,0,0,1
Delivery to Hyderabad in 4 days,benign,benign,en,label,form,[TAG=label] [ROLE=form] Delivery to Hyderabad in 4 days,benign:en:64,synthetic_v1,0,0,0,0,0,0,0,1
Add school bag to cart,benign,benign,en,button,cta,[TAG=button] [ROLE=cta] Add school bag to cart,benign:en:00,synthetic_v1,0,0,0,0,0,0,0,1
बैकपैक — रु. 149,benign,benign,hi,p,body,[TAG=p] [ROLE=body] बैकपैक — रु. 149,benign:hi:46,synthetic_v1,0,0,0,0,0,0,0,1
"EMI from Rs. 1,199 on air fryer",benign,benign,en,a,nav,"[TAG=a] [ROLE=nav] EMI from Rs. 1,199 on air fryer",benign:en:75,synthetic_v1,0,0,0,0,0,0,0,1
स्मार्टवॉच की तुलना करें,benign,benign,hi,span,label,[TAG=span] [ROLE=label] स्मार्टवॉच की तुलना करें,benign:hi:12,synthetic_v1,0,0,0,0,0,0,0,1
सूरत में 3 दिन में डिलीवरी,benign,benign,hi,span,label,[TAG=span] [ROLE=label] सूरत में 3 दिन में डिलीवरी,benign:hi:63,synthetic_v1,0,0,0,0,0,0,0,1
"विक्रेता: किरण ट्रेडर्स, पुणे",benign,benign,hi,button,cta,"[TAG=button] [ROLE=cta] विक्रेता: किरण ट्रेडर्स, पुणे",benign:hi:48,synthetic_v1,0,0,0,0,0,0,0,1
इलेक्ट्रिक केटल पर रु. 499 से EMI,benign,benign,hi,p,body,[TAG=p] [ROLE=body] इलेक्ट्रिक केटल पर रु. 499 से EMI,benign:hi:74,synthetic_v1,0,0,0,0,0,0,0,1
Flipkart मा इलेक्ट्रिक केतली — रु. 99,benign,benign,ne,label,form,[TAG=label] [ROLE=form] Flipkart मा इलेक्ट्रिक केतली — रु. 99,benign:ne:62,synthetic_v1,0,0,0,0,0,0,0,1
Gyapu रिटर्न नीति: 12 दिन,benign,benign,hi,h2,heading,[TAG=h2] [ROLE=heading] Gyapu रिटर्न नीति: 12 दिन,benign:hi:65,synthetic_v1,0,0,0,0,0,0,0,1
रु. 999/महिनाबाट EMI विकल्प,benign,benign,ne,h2,heading,[TAG=h2] [ROLE=heading] रु. 999/महिनाबाट EMI विकल्प,benign:ne:34,synthetic_v1,0,0,0,0,0,0,0,1
ब्लूटूथ स्पीकर खोजें,benign,benign,hi,p,body,[TAG=p] [ROLE=body] ब्लूटूथ स्पीकर खोजें,benign:hi:14,synthetic_v1,0,0,0,0,0,0,0,1
Muncha पर एयर फ्रायर खोजें,benign,benign,hi,span,label,[TAG=span] [ROLE=label] Muncha पर एयर फ्रायर खोजें,benign:hi:66,synthetic_v1,0,0,0,0,0,0,0,1
धरान ढुवानी: रु. 699,benign,benign,ne,li,nav,[TAG=li] [ROLE=nav] धरान ढुवानी: रु. 699,benign:ne:71,synthetic_v1,0,0,0,0,0,0,0,1
EMI options available from Rs. 149/month,benign,benign,en,a,nav,[TAG=a] [ROLE=nav] EMI options available from Rs. 149/month,benign:en:34,synthetic_v1,0,0,0,0,0,0,0,1
"1,024 जनाले इलेक्ट्रिक केतली मूल्याङ्कन गरे",benign,benign,ne,a,nav,"[TAG=a] [ROLE=nav] 1,024 जनाले इलेक्ट्रिक केतली मूल्याङ्कन गरे",benign:ne:67,synthetic_v1,0,0,0,0,0,0,0,1
20% off running shoes at BigBasket,benign,benign,en,button,cta,[TAG=button] [ROLE=cta] 20% off running shoes at BigBasket,benign:en:71,synthetic_v1,0,0,0,0,0,0,0,1
"9,118 जनाले इलेक्ट्रिक केतली मूल्याङ्कन गरे",benign,benign,ne,button,cta,"[TAG=button] [ROLE=cta] 9,118 जनाले इलेक्ट्रिक केतली मूल्याङ्कन गरे",benign:ne:67,synthetic_v1,0,0,0,0,0,0,0,1
Salesberry मा वायरलेस इयरबड्स मूल्य तुलना गर्नुहोस्,benign,benign,ne,li,nav,[TAG=li] [ROLE=nav] Salesberry मा वायरलेस इयरबड्स मूल्य तुलना गर्नुहोस्,benign:ne:73,synthetic_v1,0,0,0,0,0,0,0,1
रु. 699 सम्म एक्सचेन्ज अफर,benign,benign,ne,p,body,[TAG=p] [ROLE=body] रु. 699 सम्म एक्सचेन्ज अफर,benign:ne:35,synthetic_v1,0,0,0,0,0,0,0,1
Croma ग्राहक सेवा: हाम्रो हेल्पलाइन,benign,benign,ne,button,cta,[TAG=button] [ROLE=cta] Croma ग्राहक सेवा: हाम्रो हेल्पलाइन,benign:ne:75,synthetic_v1,0,0,0,0,0,0,0,1
रु. 999 माथिको अर्डरमा निःशुल्क ढुवानी,benign,benign,ne,a,nav,[TAG=a] [ROLE=nav] रु. 999 माथिको अर्डरमा निःशुल्क ढुवानी,benign:ne:01,synthetic_v1,0,0,0,0,0,0,0,1
Shipping to Kolkata: Rs. 899,benign,benign,en,a,nav,[TAG=a] [ROLE=nav] Shipping to Kolkata: Rs. 899,benign:en:72,synthetic_v1,0,0,0,0,0,0,0,1
Snapdeal पर लैपटॉप बैग खोजें,benign,benign,hi,button,cta,[TAG=button] [ROLE=cta] Snapdeal पर लैपटॉप बैग खोजें,benign:hi:66,synthetic_v1,0,0,0,0,0,0,0,1
40% छूट,benign,benign,hi,a,nav,[TAG=a] [ROLE=nav] 40% छूट,benign:hi:10,synthetic_v1,0,0,0,0,0,0,0,1
"एयर फ्रायर — 578 समीक्षा, तनहुँ गोदाम",benign,benign,ne,label,form,"[TAG=label] [ROLE=form] एयर फ्रायर — 578 समीक्षा, तनहुँ गोदाम",benign:ne:72,synthetic_v1,0,0,0,0,0,0,0,1
ग्राहक समीक्षाएँ (288),benign,benign,hi,a,nav,[TAG=a] [ROLE=nav] ग्राहक समीक्षाएँ (288),benign:hi:03,synthetic_v1,0,0,0,0,0,0,0,1
"डेनिम जींस — 288 समीक्षाएँ, पुणे गोदाम",benign,benign,hi,label,form,"[TAG=label] [ROLE=form] डेनिम जींस — 288 समीक्षाएँ, पुणे गोदाम",benign:hi:72,synthetic_v1,0,0,0,0,0,0,0,1
बन्द गर्नुहोस्,benign,benign,ne,span,label,[TAG=span] [ROLE=label] बन्द गर्नुहोस्,benign:ne:53,synthetic_v1,0,0,0,0,0,0,0,1
"कोलकाता में स्टॉक में, 7 दिन में शिप",benign,benign,hi,li,nav,"[TAG=li] [ROLE=nav] कोलकाता में स्टॉक में, 7 दिन में शिप",benign:hi:76,synthetic_v1,0,0,0,0,0,0,0,1
Amazon फिर्ता नीति: 8 दिन,benign,benign,ne,span,label,[TAG=span] [ROLE=label] Amazon फिर्ता नीति: 8 दिन,benign:ne:65,synthetic_v1,0,0,0,0,0,0,0,1
50% off coffee maker at Tata Cliq,benign,benign,en,li,nav,[TAG=li] [ROLE=nav] 50% off coffee maker at Tata Cliq,benign:en:71,synthetic_v1,0,0,0,0,0,0,0,1
"Seller: Deepa Traders, Mumbai",benign,benign,en,span,label,"[TAG=span] [ROLE=label] Seller: Deepa Traders, Mumbai",benign:en:49,synthetic_v1,0,0,0,0,0,0,0,1
"फोन कभर — रु. 1,199",benign,benign,ne,button,cta,"[TAG=button] [ROLE=cta] फोन कभर — रु. 1,199",benign:ne:46,synthetic_v1,0,0,0,0,0,0,0,1
"1,187 लोगों ने रनिंग शूज़ को रेट किया",benign,benign,hi,label,form,"[TAG=label] [ROLE=form] 1,187 लोगों ने रनिंग शूज़ को रेट किया",benign:hi:67,synthetic_v1,0,0,0,0,0,0,0,1
Blinkit रिटर्न नीति: 8 दिन,benign,benign,hi,label,form,[TAG=label] [ROLE=form] Blinkit रिटर्न नीति: 8 दिन,benign:hi:65,synthetic_v1,0,0,0,0,0,0,0,1
"बिक्रेता: काव्या ट्रेडर्स, दमक",benign,benign,ne,li,nav,"[TAG=li] [ROLE=nav] बिक्रेता: काव्या ट्रेडर्स, दमक",benign:ne:48,synthetic_v1,0,0,0,0,0,0,0,1
running shoes — Rs. 149,benign,benign,en,h2,heading,[TAG=h2] [ROLE=heading] running shoes — Rs. 149,benign:en:46,synthetic_v1,0,0,0,0,0,0,0,1
"Kinbech पर ब्लूटूथ स्पीकर — रु. 2,999",benign,benign,hi,li,nav,"[TAG=li] [ROLE=nav] Kinbech पर ब्लूटूथ स्पीकर — रु. 2,999",benign:hi:62,synthetic_v1,0,0,0,0,0,0,0,1
OkDam रिटर्न नीति: 7 दिन,benign,benign,hi,label,form,[TAG=label] [ROLE=form] OkDam रिटर्न नीति: 7 दिन,benign:hi:65,synthetic_v1,0,0,0,0,0,0,0,1
"1,765 प्रमाणित समीक्षा",benign,benign,ne,li,nav,"[TAG=li] [ROLE=nav] 1,765 प्रमाणित समीक्षा",benign:ne:23,synthetic_v1,0,0,0,0,0,0,0,1
"गेमिंग माउस — 5,872 समीक्षाएँ, लखनऊ गोदाम",benign,benign,hi,button,cta,"[TAG=button] [ROLE=cta] गेमिंग माउस — 5,872 समीक्षाएँ, लखनऊ गोदाम",benign:hi:72,synthetic_v1,0,0,0,0,0,0,0,1
HamroBazar पर योगा मैट — रु. 999,benign,benign,hi,a,nav,[TAG=a] [ROLE=nav] HamroBazar पर योगा मैट — रु. 999,benign:hi:62,synthetic_v1,0,0,0,0,0,0,0,1
Delivery to Surat in 7 days,benign,benign,en,a,nav,[TAG=a] [ROLE=nav] Delivery to Surat in 7 days,benign:en:64,synthetic_v1,0,0,0,0,0,0,0,1
office chair at Lenskart — Rs. 449,benign,benign,en,label,form,[TAG=label] [ROLE=form] office chair at Lenskart — Rs. 449,benign:en:63,synthetic_v1,0,0,0,0,0,0,0,1
wireless earbuds at Myntra — Rs. 149,benign,benign,en,button,cta,[TAG=button] [ROLE=cta] wireless earbuds at Myntra — Rs. 149,benign:en:63,synthetic_v1,0,0,0,0,0,0,0,1
रिफन्ड नीति: 3 कार्य दिनमा रिफन्ड,benign,benign,ne,a,nav,[TAG=a] [ROLE=nav] रिफन्ड नीति: 3 कार्य दिनमा रिफन्ड,benign:ne:59,synthetic_v1,0,0,0,0,0,0,0,1
नासिक में डिलीवरी,benign,benign,hi,button,cta,[TAG=button] [ROLE=cta] नासिक में डिलीवरी,benign:hi:37,synthetic_v1,0,0,0,0,0,0,0,1
Compare gaming mouse prices on Blinkit,benign,benign,en,li,nav,[TAG=li] [ROLE=nav] Compare gaming mouse prices on Blinkit,benign:en:74,synthetic_v1,0,0,0,0,0,0,0,1
वायरलेस ईयरबड्स — रु. 399,benign,benign,hi,p,body,[TAG=p] [ROLE=body] वायरलेस ईयरबड्स — रु. 399,benign:hi:46,synthetic_v1,0,0,0,0,0,0,0,1
सबै प्रोटिन पाउडर हेर्नुहोस्,benign,benign,ne,label,form,[TAG=label] [ROLE=form] सबै प्रोटिन पाउडर हेर्नुहोस्,benign:ne:20,synthetic_v1,0,0,0,0,0,0,0,1
812 जनाले अफिस कुर्सी मूल्याङ्कन गरे,benign,benign,ne,li,nav,[TAG=li] [ROLE=nav] 812 जनाले अफिस कुर्सी मूल्याङ्कन गरे,benign:ne:67,synthetic_v1,0,0,0,0,0,0,0,1
Thulo पर ट्रेकिंग जैकेट पर 30% छूट,benign,benign,hi,li,nav,[TAG=li] [ROLE=nav] Thulo पर ट्रेकिंग जैकेट पर 30% छूट,benign:hi:70,synthetic_v1,0,0,0,0,0,0,0,1
Search study lamp on Gyapu,benign,benign,en,button,cta,[TAG=button] [ROLE=cta] Search study lamp on Gyapu,benign:en:67,synthetic_v1,0,0,0,0,0,0,0,1
889 लोगों ने रनिंग शूज़ को रेट किया,benign,benign,hi,span,label,[TAG=span] [ROLE=label] 889 लोगों ने रनिंग शूज़ को रेट किया,benign:hi:67,synthetic_v1,0,0,0,0,0,0,0,1
Delivering to Delhi,benign,benign,en,h2,heading,[TAG=h2] [ROLE=heading] Delivering to Delhi,benign:en:37,synthetic_v1,0,0,0,0,0,0,0,1
Compare office chair,benign,benign,en,li,nav,[TAG=li] [ROLE=nav] Compare office chair,benign:en:12,synthetic_v1,0,0,0,0,0,0,0,1
Zepto ग्राहक सेवा: हाम्रो WhatsApp नम्बर,benign,benign,ne,p,body,[TAG=p] [ROLE=body] Zepto ग्राहक सेवा: हाम्रो WhatsApp नम्बर,benign:ne:75,synthetic_v1,0,0,0,0,0,0,0,1
Flipkart पर फॉर्मल शर्ट पर 60% छूट,benign,benign,hi,li,nav,[TAG=li] [ROLE=nav] Flipkart पर फॉर्मल शर्ट पर 60% छूट,benign:hi:70,synthetic_v1,0,0,0,0,0,0,0,1
"बिक्रेता: आरव स्टोर, ललितपुर",benign,benign,ne,span,label,"[TAG=span] [ROLE=label] बिक्रेता: आरव स्टोर, ललितपुर",benign:ne:64,synthetic_v1,0,0,0,0,0,0,0,1
Daraz रिटर्न नीति: 8 दिन,benign,benign,hi,span,label,[TAG=span] [ROLE=label] Daraz रिटर्न नीति: 8 दिन,benign:hi:65,synthetic_v1,0,0,0,0,0,0,0,1
face wash — Rs. 349,benign,benign,en,p,body,[TAG=p] [ROLE=body] face wash — Rs. 349,benign:en:46,synthetic_v1,0,0,0,0,0,0,0,1
खाता बनाएं,benign,benign,hi,label,form,[TAG=label] [ROLE=form] खाता बनाएं,benign:hi:27,synthetic_v1,0,0,0,0,0,0,0,1
Blinkit मा घामको चस्मा खोज्नुहोस्,benign,benign,ne,button,cta,[TAG=button] [ROLE=cta] Blinkit मा घामको चस्मा खोज्नुहोस्,benign:ne:66,synthetic_v1,0,0,0,0,0,0,0,1
"water bottle at Meesho — Rs. 2,999",benign,benign,en,p,body,"[TAG=p] [ROLE=body] water bottle at Meesho — Rs. 2,999",benign:en:63,synthetic_v1,0,0,0,0,0,0,0,1
दिल्ली में 14 दिन में डिलीवरी,benign,benign,hi,span,label,[TAG=span] [ROLE=label] दिल्ली में 14 दिन में डिलीवरी,benign:hi:63,synthetic_v1,0,0,0,0,0,0,0,1
Shipping fee: Rs. 899 (shown before payment),benign,benign,en,h2,heading,[TAG=h2] [ROLE=heading] Shipping fee: Rs. 899 (shown before payment),benign:en:43,synthetic_v1,0,0,0,0,0,0,0,1
Search for wireless earbuds,benign,benign,en,p,body,[TAG=p] [ROLE=body] Search for wireless earbuds,benign:en:14,synthetic_v1,0,0,0,0,0,0,0,1
Ajio पर फेस वॉश खोजें,benign,benign,hi,h2,heading,[TAG=h2] [ROLE=heading] Ajio पर फेस वॉश खोजें,benign:hi:66,synthetic_v1,0,0,0,0,0,0,0,1
नागपुर शिपिंग: रु. 399,benign,benign,hi,button,cta,[TAG=button] [ROLE=cta] नागपुर शिपिंग: रु. 399,benign:hi:71,synthetic_v1,0,0,0,0,0,0,0,1
"रु. 1,999/महीना से EMI विकल्प",benign,benign,hi,p,body,"[TAG=p] [ROLE=body] रु. 1,999/महीना से EMI विकल्प",benign:hi:34,synthetic_v1,0,0,0,0,0,0,0,1
"rice cooker — 1,187 reviews, Biratnagar warehouse",benign,benign,en,li,nav,"[TAG=li] [ROLE=nav] rice cooker — 1,187 reviews, Biratnagar warehouse",benign:en:73,synthetic_v1,0,0,0,0,0,0,0,1
"Sold by Anita Store, Biratnagar",benign,benign,en,p,body,"[TAG=p] [ROLE=body] Sold by Anita Store, Biratnagar",benign:en:65,synthetic_v1,0,0,0,0,0,0,0,1
JioMart मा योगा म्याट खोज्नुहोस्,benign,benign,ne,button,cta,[TAG=button] [ROLE=cta] JioMart मा योगा म्याट खोज्नुहोस्,benign:ne:66,synthetic_v1,0,0,0,0,0,0,0,1
study lamp at Myntra — Rs. 99,benign,benign,en,h2,heading,[TAG=h2] [ROLE=heading] study lamp at Myntra — Rs. 99,benign:en:63,synthetic_v1,0,0,0,0,0,0,0,1
Flipkart पर योगा मैट की कीमतों की तुलना करें,benign,benign,hi,li,nav,[TAG=li] [ROLE=nav] Flipkart पर योगा मैट की कीमतों की तुलना करें,benign:hi:73,synthetic_v1,0,0,0,0,0,0,0,1
रिफंड नीति: 4 कार्यदिवस में रिफंड,benign,benign,hi,h2,heading,[TAG=h2] [ROLE=heading] रिफंड नीति: 4 कार्यदिवस में रिफंड,benign:hi:59,synthetic_v1,0,0,0,0,0,0,0,1
रिफन्ड नीति: 4 कार्य दिनमा रिफन्ड,benign,benign,ne,p,body,[TAG=p] [ROLE=body] रिफन्ड नीति: 4 कार्य दिनमा रिफन्ड,benign:ne:59,synthetic_v1,0,0,0,0,0,0,0,1
Flipkart ग्राहक सेवा: कॉल सेंटर,benign,benign,hi,h2,heading,[TAG=h2] [ROLE=heading] Flipkart ग्राहक सेवा: कॉल सेंटर,benign:hi:75,synthetic_v1,0,0,0,0,0,0,0,1
"इटहरी मा स्टकमा, 2 दिनमा पठाइन्छ",benign,benign,ne,p,body,"[TAG=p] [ROLE=body] इटहरी मा स्टकमा, 2 दिनमा पठाइन्छ",benign:ne:76,synthetic_v1,0,0,0,0,0,0,0,1
Pepperfry ग्राहक सेवा: हाम्रो Viber सपोर्ट,benign,benign,ne,span,label,[TAG=span] [ROLE=label] Pepperfry ग्राहक सेवा: हाम्रो Viber सपोर्ट,benign:ne:75,synthetic_v1,0,0,0,0,0,0,0,1
"रु. 2,499 माथिको अर्डरमा निःशुल्क ढुवानी",benign,benign,ne,span,label,"[TAG=span] [ROLE=label] रु. 2,499 माथिको अर्डरमा निःशुल्क ढुवानी",benign:ne:01,synthetic_v1,0,0,0,0,0,0,0,1
"स्कूल बैग — 26,940 समीक्षाएँ, अहमदाबाद गोदाम",benign,benign,hi,span,label,"[TAG=span] [ROLE=label] स्कूल बैग — 26,940 समीक्षाएँ, अहमदाबाद गोदाम",benign:hi:72,synthetic_v1,0,0,0,0,0,0,0,1
"बिक्रेता: लक्ष्मी स्टोर, सुर्खेत",benign,benign,ne,span,label,"[TAG=span] [ROLE=label] बिक्रेता: लक्ष्मी स्टोर, सुर्खेत",benign:ne:64,synthetic_v1,0,0,0,0,0,0,0,1
"1,024 इकाई बिकीं",benign,benign,hi,li,nav,"[TAG=li] [ROLE=nav] 1,024 इकाई बिकीं",benign:hi:47,synthetic_v1,0,0,0,0,0,0,0,1
ल्यापटप ब्याग — रु. 399,benign,benign,ne,span,label,[TAG=span] [ROLE=label] ल्यापटप ब्याग — रु. 399,benign:ne:46,synthetic_v1,0,0,0,0,0,0,0,1
JioMart मा डेनिम जिन्स — रु. 899,benign,benign,ne,button,cta,[TAG=button] [ROLE=cta] JioMart मा डेनिम जिन्स — रु. 899,benign:ne:62,synthetic_v1,0,0,0,0,0,0,0,1
Compare noise cancelling headphones prices on Croma,benign,benign,en,span,label,[TAG=span] [ROLE=label] Compare noise cancelling headphones prices on Croma,benign:en:74,synthetic_v1,0,0,0,0,0,0,0,1
Salesberry पर प्रोटीन पाउडर खोजें,benign,benign,hi,p,body,[TAG=p] [ROLE=body] Salesberry पर प्रोटीन पाउडर खोजें,benign:hi:66,synthetic_v1,0,0,0,0,0,0,0,1
तनहुँ ढुवानी: रु. 49,benign,benign,ne,p,body,[TAG=p] [ROLE=body] तनहुँ ढुवानी: रु. 49,benign:ne:71,synthetic_v1,0,0,0,0,0,0,0,1
"ऑफिस चेयर पर रु. 2,999 से EMI",benign,benign,hi,a,nav,"[TAG=a] [ROLE=nav] ऑफिस चेयर पर रु. 2,999 से EMI",benign:hi:74,synthetic_v1,0,0,0,0,0,0,0,1
हेटौंडा मा 14 दिनमा डेलिभरी,benign,benign,ne,p,body,[TAG=p] [ROLE=body] हेटौंडा मा 14 दिनमा डेलिभरी,benign:ne:63,synthetic_v1,0,0,0,0,0,0,0,1
203 people rated running shoes,benign,benign,en,button,cta,[TAG=button] [ROLE=cta] 203 people rated running shoes,benign:en:68,synthetic_v1,0,0,0,0,0,0,0,1
Save address,benign,benign,en,a,nav,[TAG=a] [ROLE=nav] Save address,benign:en:17,synthetic_v1,0,0,0,0,0,0,0,1
Tata Cliq पर स्पोर्ट्स सैंडल की कीमतों की तुलना करें,benign,benign,hi,button,cta,[TAG=button] [ROLE=cta] Tata Cliq पर स्पोर्ट्स सैंडल की कीमतों की तुलना करें,benign:hi:73,synthetic_v1,0,0,0,0,0,0,0,1
EMI from Rs. 499 on backpack,benign,benign,en,a,nav,[TAG=a] [ROLE=nav] EMI from Rs. 499 on backpack,benign:en:75,synthetic_v1,0,0,0,0,0,0,0,1
"Sold by Kiran Store, Indore",benign,benign,en,button,cta,"[TAG=button] [ROLE=cta] Sold by Kiran Store, Indore",benign:en:65,synthetic_v1,0,0,0,0,0,0,0,1
"विक्रेता: प्रिया ट्रेडर्स, चंडीगढ़",benign,benign,hi,p,body,"[TAG=p] [ROLE=body] विक्रेता: प्रिया ट्रेडर्स, चंडीगढ़",benign:hi:48,synthetic_v1,0,0,0,0,0,0,0,1
योगा मैट पर रु. 399 से EMI,benign,benign,hi,li,nav,[TAG=li] [ROLE=nav] योगा मैट पर रु. 399 से EMI,benign:hi:74,synthetic_v1,0,0,0,0,0,0,0,1
इटहरी मा 5 दिनमा डेलिभरी,benign,benign,ne,li,nav,[TAG=li] [ROLE=nav] इटहरी मा 5 दिनमा डेलिभरी,benign:ne:63,synthetic_v1,0,0,0,0,0,0,0,1
Delivery to Kolkata in 2 days,benign,benign,en,label,form,[TAG=label] [ROLE=form] Delivery to Kolkata in 2 days,benign:en:64,synthetic_v1,0,0,0,0,0,0,0,1
FirstCry मा डेनिम जिन्स मूल्य तुलना गर्नुहोस्,benign,benign,ne,p,body,[TAG=p] [ROLE=body] FirstCry मा डेनिम जिन्स मूल्य तुलना गर्नुहोस्,benign:ne:73,synthetic_v1,0,0,0,0,0,0,0,1
"विक्रेता: ज्योति स्टोर, चंडीगढ़",benign,benign,hi,label,form,"[TAG=label] [ROLE=form] विक्रेता: ज्योति स्टोर, चंडीगढ़",benign:hi:64,synthetic_v1,0,0,0,0,0,0,0,1
स्टडी लैंप उपलब्ध होने पर सूचित करें,benign,benign,hi,h2,heading,[TAG=h2] [ROLE=heading] स्टडी लैंप उपलब्ध होने पर सूचित करें,benign:hi:33,synthetic_v1,0,0,0,0,0,0,0,1
Zepto फिर्ता नीति: 5 दिन,benign,benign,ne,a,nav,[TAG=a] [ROLE=nav] Zepto फिर्ता नीति: 5 दिन,benign:ne:65,synthetic_v1,0,0,0,0,0,0,0,1
ग्राहक समीक्षा (84),benign,benign,ne,label,form,[TAG=label] [ROLE=form] ग्राहक समीक्षा (84),benign:ne:03,synthetic_v1,0,0,0,0,0,0,0,1
"विक्रेता: रमेश ट्रेडर्स, कानपुर",benign,benign,hi,h2,heading,"[TAG=h2] [ROLE=heading] विक्रेता: रमेश ट्रेडर्स, कानपुर",benign:hi:48,synthetic_v1,0,0,0,0,0,0,0,1
स्टडी लैंप — रु. 699,benign,benign,hi,p,body,[TAG=p] [ROLE=body] स्टडी लैंप — रु. 699,benign:hi:46,synthetic_v1,0,0,0,0,0,0,0,1
"स्मार्टवाच — 312 समीक्षा, इटहरी गोदाम",benign,benign,ne,a,nav,"[TAG=a] [ROLE=nav] स्मार्टवाच — 312 समीक्षा, इटहरी गोदाम",benign:ne:72,synthetic_v1,0,0,0,0,0,0,0,1
"3,109 सत्यापित समीक्षाएँ",benign,benign,hi,p,body,"[TAG=p] [ROLE=body] 3,109 सत्यापित समीक्षाएँ",benign:hi:23,synthetic_v1,0,0,0,0,0,0,0,1
school bag — Rs. 99,benign,benign,en,label,form,[TAG=label] [ROLE=form] school bag — Rs. 99,benign:en:46,synthetic_v1,0,0,0,0,0,0,0,1
कानपुर में 4 दिन में डिलीवरी,benign,benign,hi,h2,heading,[TAG=h2] [ROLE=heading] कानपुर में 4 दिन में डिलीवरी,benign:hi:63,synthetic_v1,0,0,0,0,0,0,0,1
"कफी मेकर — 14,860 समीक्षा, भक्तपुर गोदाम",benign,benign,ne,a,nav,"[TAG=a] [ROLE=nav] कफी मेकर — 14,860 समीक्षा, भक्तपुर गोदाम",benign:ne:72,synthetic_v1,0,0,0,0,0,0,0,1
Unsubscribe from Croma emails in one click,benign,benign,en,a,nav,[TAG=a] [ROLE=nav] Unsubscribe from Croma emails in one click,benign:en:70,synthetic_v1,0,0,0,0,0,0,0,1
27 लोगों ने डेनिम जींस को रेट किया,benign,benign,hi,span,label,[TAG=span] [ROLE=label] 27 लोगों ने डेनिम जींस को रेट किया,benign:hi:67,synthetic_v1,0,0,0,0,0,0,0,1
रु. 199 सम्म एक्सचेन्ज अफर,benign,benign,ne,label,form,[TAG=label] [ROLE=form] रु. 199 सम्म एक्सचेन्ज अफर,benign:ne:35,synthetic_v1,0,0,0,0,0,0,0,1
Search laptop bag on Reliance Digital,benign,benign,en,span,label,[TAG=span] [ROLE=label] Search laptop bag on Reliance Digital,benign:en:67,synthetic_v1,0,0,0,0,0,0,0,1
smartwatch at Lenskart — Rs. 999,benign,benign,en,button,cta,[TAG=button] [ROLE=cta] smartwatch at Lenskart — Rs. 999,benign:en:63,synthetic_v1,0,0,0,0,0,0,0,1
Search for cotton kurta,benign,benign,en,p,body,[TAG=p] [ROLE=body] Search for cotton kurta,benign:en:14,synthetic_v1,0,0,0,0,0,0,0,1
Nykaa customer care: our helpline,benign,benign,en,span,label,[TAG=span] [ROLE=label] Nykaa customer care: our helpline,benign:en:76,synthetic_v1,0,0,0,0,0,0,0,1
"Shipping fee: Rs. 1,999 (shown before payment)",benign,benign,en,label,form,"[TAG=label] [ROLE=form] Shipping fee: Rs. 1,999 (shown before payment)",benign:en:43,synthetic_v1,0,0,0,0,0,0,0,1
Shipping to Lalitpur: Rs. 299,benign,benign,en,p,body,[TAG=p] [ROLE=body] Shipping to Lalitpur: Rs. 299,benign:en:72,synthetic_v1,0,0,0,0,0,0,0,1
SastoDeal पर हेयर ड्रायर पर 40% छूट,benign,benign,hi,p,body,[TAG=p] [ROLE=body] SastoDeal पर हेयर ड्रायर पर 40% छूट,benign:hi:70,synthetic_v1,0,0,0,0,0,0,0,1
"OkDam मा गेमिङ माउस — रु. 1,999",benign,benign,ne,button,cta,"[TAG=button] [ROLE=cta] OkDam मा गेमिङ माउस — रु. 1,999",benign:ne:62,synthetic_v1,0,0,0,0,0,0,0,1
"Seller: Jyoti Traders, Biratnagar",benign,benign,en,span,label,"[TAG=span] [ROLE=label] Seller: Jyoti Traders, Biratnagar",benign:en:49,synthetic_v1,0,0,0,0,0,0,0,1
EMI options available from Rs. 199/month,benign,benign,en,p,body,[TAG=p] [ROLE=body] EMI options available from Rs. 199/month,benign:en:34,synthetic_v1,0,0,0,0,0,0,0,1
OkDam ग्राहक सेवा: हाम्रो सपोर्ट नम्बर,benign,benign,ne,h2,heading,[TAG=h2] [ROLE=heading] OkDam ग्राहक सेवा: हाम्रो सपोर्ट नम्बर,benign:ne:75,synthetic_v1,0,0,0,0,0,0,0,1
"Myntra पर स्पोर्ट्स सैंडल — रु. 1,999",benign,benign,hi,span,label,"[TAG=span] [ROLE=label] Myntra पर स्पोर्ट्स सैंडल — रु. 1,999",benign:hi:62,synthetic_v1,0,0,0,0,0,0,0,1
Myntra ईमेल एक क्लिक में अनसब्सक्राइब करें,benign,benign,hi,button,cta,[TAG=button] [ROLE=cta] Myntra ईमेल एक क्लिक में अनसब्सक्राइब करें,benign:hi:69,synthetic_v1,0,0,0,0,0,0,0,1
Nykaa पर कॉटन कुर्ता — रु. 99,benign,benign,hi,li,nav,[TAG=li] [ROLE=nav] Nykaa पर कॉटन कुर्ता — रु. 99,benign:hi:62,synthetic_v1,0,0,0,0,0,0,0,1
Shipping fee: Rs. 499 (shown before payment),benign,benign,en,button,cta,[TAG=button] [ROLE=cta] Shipping fee: Rs. 499 (shown before payment),benign:en:43,synthetic_v1,0,0,0,0,0,0,0,1
149 इकाई बिकीं,benign,benign,hi,label,form,[TAG=label] [ROLE=form] 149 इकाई बिकीं,benign:hi:47,synthetic_v1,0,0,0,0,0,0,0,1
SastoDeal मा अफिस कुर्सी — रु. 799,benign,benign,ne,label,form,[TAG=label] [ROLE=form] SastoDeal मा अफिस कुर्सी — रु. 799,benign:ne:62,synthetic_v1,0,0,0,0,0,0,0,1
इंदौर शिपिंग: रु. 899,benign,benign,hi,button,cta,[TAG=button] [ROLE=cta] इंदौर शिपिंग: रु. 899,benign:hi:71,synthetic_v1,0,0,0,0,0,0,0,1
"विक्रेता: रेखा ट्रेडर्स, नागपुर",benign,benign,hi,h2,heading,"[TAG=h2] [ROLE=heading] विक्रेता: रेखा ट्रेडर्स, नागपुर",benign:hi:48,synthetic_v1,0,0,0,0,0,0,0,1
"Sold by Pooja Store, Lalitpur",benign,benign,en,button,cta,"[TAG=button] [ROLE=cta] Sold by Pooja Store, Lalitpur",benign:en:65,synthetic_v1,0,0,0,0,0,0,0,1
Lenskart मा वायरलेस इयरबड्स मूल्य तुलना गर्नुहोस्,benign,benign,ne,span,label,[TAG=span] [ROLE=label] Lenskart मा वायरलेस इयरबड्स मूल्य तुलना गर्नुहोस्,benign:ne:73,synthetic_v1,0,0,0,0,0,0,0,1
149 लोगों ने ट्रेकिंग जैकेट को रेट किया,benign,benign,hi,p,body,[TAG=p] [ROLE=body] 149 लोगों ने ट्रेकिंग जैकेट को रेट किया,benign:hi:67,synthetic_v1,0,0,0,0,0,0,0,1
Compare smartwatch prices on Myntra,benign,benign,en,button,cta,[TAG=button] [ROLE=cta] Compare smartwatch prices on Myntra,benign:en:74,synthetic_v1,0,0,0,0,0,0,0,1
"बिक्रेता: आरव ट्रेडर्स, इटहरी",benign,benign,ne,h2,heading,"[TAG=h2] [ROLE=heading] बिक्रेता: आरव ट्रेडर्स, इटहरी",benign:ne:48,synthetic_v1,0,0,0,0,0,0,0,1
Compare noise cancelling headphones prices on Zepto,benign,benign,en,a,nav,[TAG=a] [ROLE=nav] Compare noise cancelling headphones prices on Zepto,benign:en:74,synthetic_v1,0,0,0,0,0,0,0,1
अनुमानित डेलिभरी: 2 दिन,benign,benign,ne,a,nav,[TAG=a] [ROLE=nav] अनुमानित डेलिभरी: 2 दिन,benign:ne:24,synthetic_v1,0,0,0,0,0,0,0,1
"मुंबई में स्टॉक में, 10 दिन में शिप",benign,benign,hi,button,cta,"[TAG=button] [ROLE=cta] मुंबई में स्टॉक में, 10 दिन में शिप",benign:hi:76,synthetic_v1,0,0,0,0,0,0,0,1
"कानपुर में स्टॉक में, 5 दिन में शिप",benign,benign,hi,label,form,"[TAG=label] [ROLE=form] कानपुर में स्टॉक में, 5 दिन में शिप",benign:hi:76,synthetic_v1,0,0,0,0,0,0,0,1
Snapdeal मा डेनिम जिन्स — रु. 149,benign,benign,ne,a,nav,[TAG=a] [ROLE=nav] Snapdeal मा डेनिम जिन्स — रु. 149,benign:ne:62,synthetic_v1,0,0,0,0,0,0,0,1
"पावर ब्यांक — 18,332 समीक्षा, बुटवल गोदाम",benign,benign,ne,span,label,"[TAG=span] [ROLE=label] पावर ब्यांक — 18,332 समीक्षा, बुटवल गोदाम",benign:ne:72,synthetic_v1,0,0,0,0,0,0,0,1
इलेक्ट्रिक केतली उपलब्ध भएपछि जानकारी दिनुहोस्,benign,benign,ne,li,nav,[TAG=li] [ROLE=nav] इलेक्ट्रिक केतली उपलब्ध भएपछि जानकारी दिनुहोस्,benign:ne:33,synthetic_v1,0,0,0,0,0,0,0,1
"ब्लुटुथ स्पिकर — 812 समीक्षा, नेपालगन्ज गोदाम",benign,benign,ne,a,nav,"[TAG=a] [ROLE=nav] ब्लुटुथ स्पिकर — 812 समीक्षा, नेपालगन्ज गोदाम",benign:ne:72,synthetic_v1,0,0,0,0,0,0,0,1
HamroBazar ईमेल एक क्लिक में अनसब्सक्राइब करें,benign,benign,hi,h2,heading,[TAG=h2] [ROLE=heading] HamroBazar ईमेल एक क्लिक में अनसब्सक्राइब करें,benign:hi:69,synthetic_v1,0,0,0,0,0,0,0,1
घामको चस्मा खोज्नुहोस्,benign,benign,ne,li,nav,[TAG=li] [ROLE=nav] घामको चस्मा खोज्नुहोस्,benign:ne:14,synthetic_v1,0,0,0,0,0,0,0,1
रु. 449 तक एक्सचेंज ऑफ़र,benign,benign,hi,label,form,[TAG=label] [ROLE=form] रु. 449 तक एक्सचेंज ऑफ़र,benign:hi:35,synthetic_v1,0,0,0,0,0,0,0,1
"पोखरा मा स्टकमा, 2 दिनमा पठाइन्छ",benign,benign,ne,span,label,"[TAG=span] [ROLE=label] पोखरा मा स्टकमा, 2 दिनमा पठाइन्छ",benign:ne:76,synthetic_v1,0,0,0,0,0,0,0,1
"Seller: Bikash Traders, Biratnagar",benign,benign,en,span,label,"[TAG=span] [ROLE=label] Seller: Bikash Traders, Biratnagar",benign:en:49,synthetic_v1,0,0,0,0,0,0,0,1
हैदराबाद में कैश ऑन डिलीवरी उपलब्ध,benign,benign,hi,span,label,[TAG=span] [ROLE=label] हैदराबाद में कैश ऑन डिलीवरी उपलब्ध,benign:hi:09,synthetic_v1,0,0,0,0,0,0,0,1
Flipkart return policy: 5 days,benign,benign,en,h2,heading,[TAG=h2] [ROLE=heading] Flipkart return policy: 5 days,benign:en:66,synthetic_v1,0,0,0,0,0,0,0,1
112 verified reviews,benign,benign,en,a,nav,[TAG=a] [ROLE=nav] 112 verified reviews,benign:en:23,synthetic_v1,0,0,0,0,0,0,0,1
कोलकाता में 7 दिन में डिलीवरी,benign,benign,hi,h2,heading,[TAG=h2] [ROLE=heading] कोलकाता में 7 दिन में डिलीवरी,benign:hi:63,synthetic_v1,0,0,0,0,0,0,0,1
school bag at Meesho — Rs. 449,benign,benign,en,span,label,[TAG=span] [ROLE=label] school bag at Meesho — Rs. 449,benign:en:63,synthetic_v1,0,0,0,0,0,0,0,1
काठमाडौँ मा 7 दिनमा डेलिभरी,benign,benign,ne,button,cta,[TAG=button] [ROLE=cta] काठमाडौँ मा 7 दिनमा डेलिभरी,benign:ne:63,synthetic_v1,0,0,0,0,0,0,0,1
ब्याकप्याक तुलना गर्नुहोस्,benign,benign,ne,p,body,[TAG=p] [ROLE=body] ब्याकप्याक तुलना गर्नुहोस्,benign:ne:12,synthetic_v1,0,0,0,0,0,0,0,1
Thulo मा ट्रेकिङ ज्याकेट खोज्नुहोस्,benign,benign,ne,span,label,[TAG=span] [ROLE=label] Thulo मा ट्रेकिङ ज्याकेट खोज्नुहोस्,benign:ne:66,synthetic_v1,0,0,0,0,0,0,0,1
Amazon मा फर्मल सर्ट मा 50% छुट,benign,benign,ne,li,nav,[TAG=li] [ROLE=nav] Amazon मा फर्मल सर्ट मा 50% छुट,benign:ne:70,synthetic_v1,0,0,0,0,0,0,0,1
"Seller: Prakash Traders, Pokhara",benign,benign,en,li,nav,"[TAG=li] [ROLE=nav] Seller: Prakash Traders, Pokhara",benign:en:49,synthetic_v1,0,0,0,0,0,0,0,1
"विक्रेता: निशा ट्रेडर्स, कोलकाता",benign,benign,hi,label,form,"[TAG=label] [ROLE=form] विक्रेता: निशा ट्रेडर्स, कोलकाता",benign:hi:48,synthetic_v1,0,0,0,0,0,0,0,1
ट्रेकिंग जैकेट खोजें,benign,benign,hi,h2,heading,[TAG=h2] [ROLE=heading] ट्रेकिंग जैकेट खोजें,benign:hi:14,synthetic_v1,0,0,0,0,0,0,0,1
BigBasket ग्राहक सेवा: हमारा WhatsApp नंबर,benign,benign,hi,label,form,[TAG=label] [ROLE=form] BigBasket ग्राहक सेवा: हमारा WhatsApp नंबर,benign:hi:75,synthetic_v1,0,0,0,0,0,0,0,1
HamroBazar मा वायरलेस इयरबड्स खोज्नुहोस्,benign,benign,ne,p,body,[TAG=p] [ROLE=body] HamroBazar मा वायरलेस इयरबड्स खोज्नुहोस्,benign:ne:66,synthetic_v1,0,0,0,0,0,0,0,1
Salesberry पर कॉफी मेकर की कीमतों की तुलना करें,benign,benign,hi,span,label,[TAG=span] [ROLE=label] Salesberry पर कॉफी मेकर की कीमतों की तुलना करें,benign:hi:73,synthetic_v1,0,0,0,0,0,0,0,1
"denim jeans — 14,860 reviews, Kathmandu warehouse",benign,benign,en,a,nav,"[TAG=a] [ROLE=nav] denim jeans — 14,860 reviews, Kathmandu warehouse",benign:en:73,synthetic_v1,0,0,0,0,0,0,0,1
"26,940 people rated gaming mouse",benign,benign,en,label,form,"[TAG=label] [ROLE=form] 26,940 people rated gaming mouse",benign:en:68,synthetic_v1,0,0,0,0,0,0,0,1
"Customer reviews (1,502)",benign,benign,en,h2,heading,"[TAG=h2] [ROLE=heading] Customer reviews (1,502)",benign:en:03,synthetic_v1,0,0,0,0,0,0,0,1
"winter blanket — 812 reviews, Indore warehouse",benign,benign,en,label,form,"[TAG=label] [ROLE=form] winter blanket — 812 reviews, Indore warehouse",benign:en:73,synthetic_v1,0,0,0,0,0,0,0,1
राइस कुकर तुलना गर्नुहोस्,benign,benign,ne,p,body,[TAG=p] [ROLE=body] राइस कुकर तुलना गर्नुहोस्,benign:ne:12,synthetic_v1,0,0,0,0,0,0,0,1
Ajio पर प्रोटीन पाउडर पर 30% छूट,benign,benign,hi,h2,heading,[TAG=h2] [ROLE=heading] Ajio पर प्रोटीन पाउडर पर 30% छूट,benign:hi:70,synthetic_v1,0,0,0,0,0,0,0,1
Notify me when protein powder is available,benign,benign,en,h2,heading,[TAG=h2] [ROLE=heading] Notify me when protein powder is available,benign:en:33,synthetic_v1,0,0,0,0,0,0,0,1
7 दिनभित्र फिर्ता,benign,benign,ne,h2,heading,[TAG=h2] [ROLE=heading] 7 दिनभित्र फिर्ता,benign:ne:04,synthetic_v1,0,0,0,0,0,0,0,1
"फॉर्मल शर्ट पर रु. 2,499 से EMI",benign,benign,hi,h2,heading,"[TAG=h2] [ROLE=heading] फॉर्मल शर्ट पर रु. 2,499 से EMI",benign:hi:74,synthetic_v1,0,0,0,0,0,0,0,1
Shipping to Kolkata: Rs. 199,benign,benign,en,span,label,[TAG=span] [ROLE=label] Shipping to Kolkata: Rs. 199,benign:en:72,synthetic_v1,0,0,0,0,0,0,0,1
मेरे ऑर्डर से Flipkart ऑर्डर रद्द करें,benign,benign,hi,label,form,[TAG=label] [ROLE=form] मेरे ऑर्डर से Flipkart ऑर्डर रद्द करें,benign:hi:68,synthetic_v1,0,0,0,0,0,0,0,1
नेपालगन्ज ढुवानी: रु. 49,benign,benign,ne,p,body,[TAG=p] [ROLE=body] नेपालगन्ज ढुवानी: रु. 49,benign:ne:71,synthetic_v1,0,0,0,0,0,0,0,1
"धनगढी ढुवानी: रु. 1,499",benign,benign,ne,a,nav,"[TAG=a] [ROLE=nav] धनगढी ढुवानी: रु. 1,499",benign:ne:71,synthetic_v1,0,0,0,0,0,0,0,1
"नेपालगन्ज मा स्टकमा, 10 दिनमा पठाइन्छ",benign,benign,ne,button,cta,"[TAG=button] [ROLE=cta] नेपालगन्ज मा स्टकमा, 10 दिनमा पठाइन्छ",benign:ne:76,synthetic_v1,0,0,0,0,0,0,0,1
Lenskart मा फर्मल सर्ट खोज्नुहोस्,benign,benign,ne,label,form,[TAG=label] [ROLE=form] Lenskart मा फर्मल सर्ट खोज्नुहोस्,benign:ne:66,synthetic_v1,0,0,0,0,0,0,0,1
Lenskart फिर्ता नीति: 4 दिन,benign,benign,ne,h2,heading,[TAG=h2] [ROLE=heading] Lenskart फिर्ता नीति: 4 दिन,benign:ne:65,synthetic_v1,0,0,0,0,0,0,0,1
"Amazon मा एयर फ्रायर — रु. 1,999",benign,benign,ne,p,body,"[TAG=p] [ROLE=body] Amazon मा एयर फ्रायर — रु. 1,999",benign:ne:62,synthetic_v1,0,0,0,0,0,0,0,1
889 units sold,benign,benign,en,a,nav,[TAG=a] [ROLE=nav] 889 units sold,benign:en:48,synthetic_v1,0,0,0,0,0,0,0,1
Myntra रिटर्न नीति: 10 दिन,benign,benign,hi,a,nav,[TAG=a] [ROLE=nav] Myntra रिटर्न नीति: 10 दिन,benign:hi:65,synthetic_v1,0,0,0,0,0,0,0,1
Salesberry इमेल एक क्लिकमा अनसब्स्क्राइब गर्नुहोस्,benign,benign,ne,li,nav,[TAG=li] [ROLE=nav] Salesberry इमेल एक क्लिकमा अनसब्स्क्राइब गर्नुहोस्,benign:ne:69,synthetic_v1,0,0,0,0,0,0,0,1
"नेपालगन्ज मा स्टकमा, 14 दिनमा पठाइन्छ",benign,benign,ne,p,body,"[TAG=p] [ROLE=body] नेपालगन्ज मा स्टकमा, 14 दिनमा पठाइन्छ",benign:ne:76,synthetic_v1,0,0,0,0,0,0,0,1
BigBasket मा इन्डक्सन चुल्हो मूल्य तुलना गर्नुहोस्,benign,benign,ne,button,cta,[TAG=button] [ROLE=cta] BigBasket मा इन्डक्सन चुल्हो मूल्य तुलना गर्नुहोस्,benign:ne:73,synthetic_v1,0,0,0,0,0,0,0,1
नॉइज़ कैंसलिंग हेडफोन उपलब्ध होने पर सूचित करें,benign,benign,hi,p,body,[TAG=p] [ROLE=body] नॉइज़ कैंसलिंग हेडफोन उपलब्ध होने पर सूचित करें,benign:hi:33,synthetic_v1,0,0,0,0,0,0,0,1
HamroBazar ग्राहक सेवा: कॉल सेंटर,benign,benign,hi,span,label,[TAG=span] [ROLE=label] HamroBazar ग्राहक सेवा: कॉल सेंटर,benign:hi:75,synthetic_v1,0,0,0,0,0,0,0,1
"वायरलेस ईयरबड्स — 84 समीक्षाएँ, पटना गोदाम",benign,benign,hi,span,label,"[TAG=span] [ROLE=label] वायरलेस ईयरबड्स — 84 समीक्षाएँ, पटना गोदाम",benign:hi:72,synthetic_v1,0,0,0,0,0,0,0,1
BigBasket मा इन्डक्सन चुल्हो — रु. 299,benign,benign,ne,label,form,[TAG=label] [ROLE=form] BigBasket मा इन्डक्सन चुल्हो — रु. 299,benign:ne:62,synthetic_v1,0,0,0,0,0,0,0,1
Cancel your Meesho order from My Orders,benign,benign,en,a,nav,[TAG=a] [ROLE=nav] Cancel your Meesho order from My Orders,benign:en:69,synthetic_v1,0,0,0,0,0,0,0,1
"EMI from Rs. 1,499 on backpack",benign,benign,en,span,label,"[TAG=span] [ROLE=label] EMI from Rs. 1,499 on backpack",benign:en:75,synthetic_v1,0,0,0,0,0,0,0,1
Delivering to Bhaktapur,benign,benign,en,li,nav,[TAG=li] [ROLE=nav] Delivering to Bhaktapur,benign:en:37,synthetic_v1,0,0,0,0,0,0,0,1
फोन कभर खोज्नुहोस्,benign,benign,ne,label,form,[TAG=label] [ROLE=form] फोन कभर खोज्नुहोस्,benign:ne:14,synthetic_v1,0,0,0,0,0,0,0,1
Delivery to Pune in 3 days,benign,benign,en,span,label,[TAG=span] [ROLE=label] Delivery to Pune in 3 days,benign:en:64,synthetic_v1,0,0,0,0,0,0,0,1
Snapdeal मा स्मार्टवाच — रु. 49,benign,benign,ne,h2,heading,[TAG=h2] [ROLE=heading] Snapdeal मा स्मार्टवाच — रु. 49,benign:ne:62,synthetic_v1,0,0,0,0,0,0,0,1
"1,340 इकाई बिकीं",benign,benign,hi,label,form,"[TAG=label] [ROLE=form] 1,340 इकाई बिकीं",benign:hi:47,synthetic_v1,0,0,0,0,0,0,0,1
इलेक्ट्रिक केतली मा रु. 699 बाट EMI,benign,benign,ne,li,nav,[TAG=li] [ROLE=nav] इलेक्ट्रिक केतली मा रु. 699 बाट EMI,benign:ne:74,synthetic_v1,0,0,0,0,0,0,0,1
"OkDam मा हिउँदको ब्ल्याङ्केट — रु. 2,499",benign,benign,ne,label,form,"[TAG=label] [ROLE=form] OkDam मा हिउँदको ब्ल्याङ्केट — रु. 2,499",benign:ne:62,synthetic_v1,0,0,0,0,0,0,0,1
402 units sold,benign,benign,en,label,form,[TAG=label] [ROLE=form] 402 units sold,benign:en:48,synthetic_v1,0,0,0,0,0,0,0,1
लैपटॉप बैग — रु. 799,benign,benign,hi,a,nav,[TAG=a] [ROLE=nav] लैपटॉप बैग — रु. 799,benign:hi:46,synthetic_v1,0,0,0,0,0,0,0,1
Notify me when denim jeans is available,benign,benign,en,span,label,[TAG=span] [ROLE=label] Notify me when denim jeans is available,benign:en:33,synthetic_v1,0,0,0,0,0,0,0,1
Lenskart फिर्ता नीति: 3 दिन,benign,benign,ne,span,label,[TAG=span] [ROLE=label] Lenskart फिर्ता नीति: 3 दिन,benign:ne:65,synthetic_v1,0,0,0,0,0,0,0,1
Add protein powder to cart,benign,benign,en,a,nav,[TAG=a] [ROLE=nav] Add protein powder to cart,benign:en:00,synthetic_v1,0,0,0,0,0,0,0,1
मेरे ऑर्डर से Reliance Digital ऑर्डर रद्द करें,benign,benign,hi,span,label,[TAG=span] [ROLE=label] मेरे ऑर्डर से Reliance Digital ऑर्डर रद्द करें,benign:hi:68,synthetic_v1,0,0,0,0,0,0,0,1
Ajio पर फोन कवर खोजें,benign,benign,hi,h2,heading,[TAG=h2] [ROLE=heading] Ajio पर फोन कवर खोजें,benign:hi:66,synthetic_v1,0,0,0,0,0,0,0,1
"नागपुर में स्टॉक में, 14 दिन में शिप",benign,benign,hi,h2,heading,"[TAG=h2] [ROLE=heading] नागपुर में स्टॉक में, 14 दिन में शिप",benign:hi:76,synthetic_v1,0,0,0,0,0,0,0,1
Price: Rs. 299,benign,benign,en,a,nav,[TAG=a] [ROLE=nav] Price: Rs. 299,benign:en:45,synthetic_v1,0,0,0,0,0,0,0,1
Delivery to Jaipur in 5 days,benign,benign,en,span,label,[TAG=span] [ROLE=label] Delivery to Jaipur in 5 days,benign:en:64,synthetic_v1,0,0,0,0,0,0,0,1
Muncha मा स्टडी लाइट मूल्य तुलना गर्नुहोस्,benign,benign,ne,a,nav,[TAG=a] [ROLE=nav] Muncha मा स्टडी लाइट मूल्य तुलना गर्नुहोस्,benign:ne:73,synthetic_v1,0,0,0,0,0,0,0,1
"बिक्रेता: सञ्जय ट्रेडर्स, तनहुँ",benign,benign,ne,p,body,"[TAG=p] [ROLE=body] बिक्रेता: सञ्जय ट्रेडर्स, तनहुँ",benign:ne:48,synthetic_v1,0,0,0,0,0,0,0,1
तनहुँ मा 3 दिनमा डेलिभरी,benign,benign,ne,li,nav,[TAG=li] [ROLE=nav] तनहुँ मा 3 दिनमा डेलिभरी,benign:ne:63,synthetic_v1,0,0,0,0,0,0,0,1
Compare laptop bag prices on Lenskart,benign,benign,en,h2,heading,[TAG=h2] [ROLE=heading] Compare laptop bag prices on Lenskart,benign:en:74,synthetic_v1,0,0,0,0,0,0,0,1
गोरखा ढुवानी: रु. 199,benign,benign,ne,li,nav,[TAG=li] [ROLE=nav] गोरखा ढुवानी: रु. 199,benign:ne:71,synthetic_v1,0,0,0,0,0,0,0,1
सभी पावर बैंक देखें,benign,benign,hi,span,label,[TAG=span] [ROLE=label] सभी पावर बैंक देखें,benign:hi:20,synthetic_v1,0,0,0,0,0,0,0,1
Tata Cliq पर ब्लूटूथ स्पीकर खोजें,benign,benign,hi,li,nav,[TAG=li] [ROLE=nav] Tata Cliq पर ब्लूटूथ स्पीकर खोजें,benign:hi:66,synthetic_v1,0,0,0,0,0,0,0,1
"विक्रेता: मनीष स्टोर, पटना",benign,benign,hi,span,label,"[TAG=span] [ROLE=label] विक्रेता: मनीष स्टोर, पटना",benign:hi:64,synthetic_v1,0,0,0,0,0,0,0,1
Search power bank on Ajio,benign,benign,en,li,nav,[TAG=li] [ROLE=nav] Search power bank on Ajio,benign:en:67,synthetic_v1,0,0,0,0,0,0,0,1
Zepto मा ब्याकप्याक — रु. 99,benign,benign,ne,button,cta,[TAG=button] [ROLE=cta] Zepto मा ब्याकप्याक — रु. 99,benign:ne:62,synthetic_v1,0,0,0,0,0,0,0,1
"26,940 जनाले स्मार्टवाच मूल्याङ्कन गरे",benign,benign,ne,span,label,"[TAG=span] [ROLE=label] 26,940 जनाले स्मार्टवाच मूल्याङ्कन गरे",benign:ne:67,synthetic_v1,0,0,0,0,0,0,0,1
Compare sunglasses prices on Croma,benign,benign,en,li,nav,[TAG=li] [ROLE=nav] Compare sunglasses prices on Croma,benign:en:74,synthetic_v1,0,0,0,0,0,0,0,1
"विक्रेता: स्नेहा स्टोर, जयपुर",benign,benign,hi,h2,heading,"[TAG=h2] [ROLE=heading] विक्रेता: स्नेहा स्टोर, जयपुर",benign:hi:64,synthetic_v1,0,0,0,0,0,0,0,1
FirstCry फिर्ता नीति: 2 दिन,benign,benign,ne,a,nav,[TAG=a] [ROLE=nav] FirstCry फिर्ता नीति: 2 दिन,benign:ne:65,synthetic_v1,0,0,0,0,0,0,0,1
247 people rated coffee maker,benign,benign,en,label,form,[TAG=label] [ROLE=form] 247 people rated coffee maker,benign:en:68,synthetic_v1,0,0,0,0,0,0,0,1
सभी इलेक्ट्रिक केटल देखें,benign,benign,hi,li,nav,[TAG=li] [ROLE=nav] सभी इलेक्ट्रिक केटल देखें,benign:hi:20,synthetic_v1,0,0,0,0,0,0,0,1
हेयर ड्रायर खोज्नुहोस्,benign,benign,ne,a,nav,[TAG=a] [ROLE=nav] हेयर ड्रायर खोज्नुहोस्,benign:ne:14,synthetic_v1,0,0,0,0,0,0,0,1
Blinkit मा डेनिम जिन्स मूल्य तुलना गर्नुहोस्,benign,benign,ne,p,body,[TAG=p] [ROLE=body] Blinkit मा डेनिम जिन्स मूल्य तुलना गर्नुहोस्,benign:ne:73,synthetic_v1,0,0,0,0,0,0,0,1
"रनिंग शूज़ — 7,340 समीक्षाएँ, आगरा गोदाम",benign,benign,hi,label,form,"[TAG=label] [ROLE=form] रनिंग शूज़ — 7,340 समीक्षाएँ, आगरा गोदाम",benign:hi:72,synthetic_v1,0,0,0,0,0,0,0,1
नागपुर में डिलीवरी,benign,benign,hi,span,label,[TAG=span] [ROLE=label] नागपुर में डिलीवरी,benign:hi:37,synthetic_v1,0,0,0,0,0,0,0,1
FirstCry ग्राहक सेवा: लाइव चैट,benign,benign,hi,a,nav,[TAG=a] [ROLE=nav] FirstCry ग्राहक सेवा: लाइव चैट,benign:hi:75,synthetic_v1,0,0,0,0,0,0,0,1
"विक्रेता: स्नेहा स्टोर, हैदराबाद",benign,benign,hi,p,body,"[TAG=p] [ROLE=body] विक्रेता: स्नेहा स्टोर, हैदराबाद",benign:hi:64,synthetic_v1,0,0,0,0,0,0,0,1
Ajio पर स्मार्टवॉच खोजें,benign,benign,hi,p,body,[TAG=p] [ROLE=body] Ajio पर स्मार्टवॉच खोजें,benign:hi:66,synthetic_v1,0,0,0,0,0,0,0,1
934 लोगों ने ट्रेकिंग जैकेट को रेट किया,benign,benign,hi,button,cta,[TAG=button] [ROLE=cta] 934 लोगों ने ट्रेकिंग जैकेट को रेट किया,benign:hi:67,synthetic_v1,0,0,0,0,0,0,0,1
"ग्राहक समीक्षाएँ (1,765)",benign,benign,hi,label,form,"[TAG=label] [ROLE=form] ग्राहक समीक्षाएँ (1,765)",benign:hi:03,synthetic_v1,0,0,0,0,0,0,0,1
Meesho मा नोइज क्यान्सलिङ हेडफोन खोज्नुहोस्,benign,benign,ne,a,nav,[TAG=a] [ROLE=nav] Meesho मा नोइज क्यान्सलिङ हेडफोन खोज्नुहोस्,benign:ne:66,synthetic_v1,0,0,0,0,0,0,0,1
SastoDeal मा स्टडी लाइट मूल्य तुलना गर्नुहोस्,benign,benign,ne,a,nav,[TAG=a] [ROLE=nav] SastoDeal मा स्टडी लाइट मूल्य तुलना गर्नुहोस्,benign:ne:73,synthetic_v1,0,0,0,0,0,0,0,1
EMI options available from Rs. 999/month,benign,benign,en,a,nav,[TAG=a] [ROLE=nav] EMI options available from Rs. 999/month,benign:en:34,synthetic_v1,0,0,0,0,0,0,0,1
"विराटनगर ढुवानी: रु. 2,999",benign,benign,ne,a,nav,"[TAG=a] [ROLE=nav] विराटनगर ढुवानी: रु. 2,999",benign:ne:71,synthetic_v1,0,0,0,0,0,0,0,1
766 सत्यापित समीक्षाएँ,benign,benign,hi,a,nav,[TAG=a] [ROLE=nav] 766 सत्यापित समीक्षाएँ,benign:hi:23,synthetic_v1,0,0,0,0,0,0,0,1
"sunglasses — 112 reviews, Surat warehouse",benign,benign,en,li,nav,"[TAG=li] [ROLE=nav] sunglasses — 112 reviews, Surat warehouse",benign:en:73,synthetic_v1,0,0,0,0,0,0,0,1
5% off face wash at Muncha,benign,benign,en,button,cta,[TAG=button] [ROLE=cta] 5% off face wash at Muncha,benign:en:71,synthetic_v1,0,0,0,0,0,0,0,1
बाँके मा डेलिभरी,benign,benign,ne,h2,heading,[TAG=h2] [ROLE=heading] बाँके मा डेलिभरी,benign:ne:37,synthetic_v1,0,0,0,0,0,0,0,1
Daraz return policy: 9 days,benign,benign,en,li,nav,[TAG=li] [ROLE=nav] Daraz return policy: 9 days,benign:en:66,synthetic_v1,0,0,0,0,0,0,0,1
"विक्रेता: नवीन स्टोर, सूरत",benign,benign,hi,li,nav,"[TAG=li] [ROLE=nav] विक्रेता: नवीन स्टोर, सूरत",benign:hi:64,synthetic_v1,0,0,0,0,0,0,0,1
तपाईं कुनै पनि समय खाताबाट रद्द गर्न सक्नुहुन्छ,benign,benign,ne,a,nav,[TAG=a] [ROLE=nav] तपाईं कुनै पनि समय खाताबाट रद्द गर्न सक्नुहुन्छ,benign:ne:44,synthetic_v1,0,0,0,0,0,0,0,1
"Shipping to Lalitpur: Rs. 1,999",benign,benign,en,label,form,"[TAG=label] [ROLE=form] Shipping to Lalitpur: Rs. 1,999",benign:en:72,synthetic_v1,0,0,0,0,0,0,0,1
"हेयर ड्रायर — 402 समीक्षाएँ, नागपुर गोदाम",benign,benign,hi,label,form,"[TAG=label] [ROLE=form] हेयर ड्रायर — 402 समीक्षाएँ, नागपुर गोदाम",benign:hi:72,synthetic_v1,0,0,0,0,0,0,0,1
योगा म्याट — रु. 899,benign,benign,ne,p,body,[TAG=p] [ROLE=body] योगा म्याट — रु. 899,benign:ne:46,synthetic_v1,0,0,0,0,0,0,0,1
"1,024 लोगों ने इलेक्ट्रिक केटल को रेट किया",benign,benign,hi,label,form,"[TAG=label] [ROLE=form] 1,024 लोगों ने इलेक्ट्रिक केटल को रेट किया",benign:hi:67,synthetic_v1,0,0,0,0,0,0,0,1
934 थान बिक्री भयो,benign,benign,ne,span,label,[TAG=span] [ROLE=label] 934 थान बिक्री भयो,benign:ne:47,synthetic_v1,0,0,0,0,0,0,0,1
आगरा में 5 दिन में डिलीवरी,benign,benign,hi,span,label,[TAG=span] [ROLE=label] आगरा में 5 दिन में डिलीवरी,benign:hi:63,synthetic_v1,0,0,0,0,0,0,0,1
"राइस कुकर पर रु. 2,999 से EMI",benign,benign,hi,span,label,"[TAG=span] [ROLE=label] राइस कुकर पर रु. 2,999 से EMI",benign:hi:74,synthetic_v1,0,0,0,0,0,0,0,1
पावर बैंक पर रु. 449 से EMI,benign,benign,hi,a,nav,[TAG=a] [ROLE=nav] पावर बैंक पर रु. 449 से EMI,benign:hi:74,synthetic_v1,0,0,0,0,0,0,0,1
"रनिङ जुत्ता — 9,118 समीक्षा, ललितपुर गोदाम",benign,benign,ne,h2,heading,"[TAG=h2] [ROLE=heading] रनिङ जुत्ता — 9,118 समीक्षा, ललितपुर गोदाम",benign:ne:72,synthetic_v1,0,0,0,0,0,0,0,1
अहमदाबाद शिपिंग: रु. 799,benign,benign,hi,p,body,[TAG=p] [ROLE=body] अहमदाबाद शिपिंग: रु. 799,benign:hi:71,synthetic_v1,0,0,0,0,0,0,0,1
367 लोगों ने स्टडी लैंप को रेट किया,benign,benign,hi,span,label,[TAG=span] [ROLE=label] 367 लोगों ने स्टडी लैंप को रेट किया,benign:hi:67,synthetic_v1,0,0,0,0,0,0,0,1
"14,860 जनाले ब्लुटुथ स्पिकर मूल्याङ्कन गरे",benign,benign,ne,li,nav,"[TAG=li] [ROLE=nav] 14,860 जनाले ब्लुटुथ स्पिकर मूल्याङ्कन गरे",benign:ne:67,synthetic_v1,0,0,0,0,0,0,0,1
Search office chair on Gyapu,benign,benign,en,label,form,[TAG=label] [ROLE=form] Search office chair on Gyapu,benign:en:67,synthetic_v1,0,0,0,0,0,0,0,1
पावर ब्यांक उपलब्ध भएपछि जानकारी दिनुहोस्,benign,benign,ne,p,body,[TAG=p] [ROLE=body] पावर ब्यांक उपलब्ध भएपछि जानकारी दिनुहोस्,benign:ne:33,synthetic_v1,0,0,0,0,0,0,0,1
कीमत: रु. 799,benign,benign,hi,a,nav,[TAG=a] [ROLE=nav] कीमत: रु. 799,benign:hi:45,synthetic_v1,0,0,0,0,0,0,0,1
"विक्रेता: मीरा ट्रेडर्स, कानपुर",benign,benign,hi,a,nav,"[TAG=a] [ROLE=nav] विक्रेता: मीरा ट्रेडर्स, कानपुर",benign:hi:48,synthetic_v1,0,0,0,0,0,0,0,1
वाराणसी शिपिंग: रु. 99,benign,benign,hi,li,nav,[TAG=li] [ROLE=nav] वाराणसी शिपिंग: रु. 99,benign:hi:71,synthetic_v1,0,0,0,0,0,0,0,1
JioMart ग्राहक सेवा: हाम्रो हेल्पलाइन,benign,benign,ne,li,nav,[TAG=li] [ROLE=nav] JioMart ग्राहक सेवा: हाम्रो हेल्पलाइन,benign:ne:75,synthetic_v1,0,0,0,0,0,0,0,1
Kinbech मा घामको चस्मा मा 40% छुट,benign,benign,ne,p,body,[TAG=p] [ROLE=body] Kinbech मा घामको चस्मा मा 40% छुट,benign:ne:70,synthetic_v1,0,0,0,0,0,0,0,1
स्पोर्ट्स चप्पल खोज्नुहोस्,benign,benign,ne,h2,heading,[TAG=h2] [ROLE=heading] स्पोर्ट्स चप्पल खोज्नुहोस्,benign:ne:14,synthetic_v1,0,0,0,0,0,0,0,1
पुणे में 10 दिन में डिलीवरी,benign,benign,hi,p,body,[TAG=p] [ROLE=body] पुणे में 10 दिन में डिलीवरी,benign:hi:63,synthetic_v1,0,0,0,0,0,0,0,1
"भोपाल में स्टॉक में, 3 दिन में शिप",benign,benign,hi,a,nav,"[TAG=a] [ROLE=nav] भोपाल में स्टॉक में, 3 दिन में शिप",benign:hi:76,synthetic_v1,0,0,0,0,0,0,0,1
"धनगढी मा स्टकमा, 14 दिनमा पठाइन्छ",benign,benign,ne,span,label,"[TAG=span] [ROLE=label] धनगढी मा स्टकमा, 14 दिनमा पठाइन्छ",benign:ne:76,synthetic_v1,0,0,0,0,0,0,0,1
"laptop bag — 402 reviews, Kolkata warehouse",benign,benign,en,button,cta,"[TAG=button] [ROLE=cta] laptop bag — 402 reviews, Kolkata warehouse",benign:en:73,synthetic_v1,0,0,0,0,0,0,0,1
गेमिङ माउस उपलब्ध भएपछि जानकारी दिनुहोस्,benign,benign,ne,h2,heading,[TAG=h2] [ROLE=heading] गेमिङ माउस उपलब्ध भएपछि जानकारी दिनुहोस्,benign:ne:33,synthetic_v1,0,0,0,0,0,0,0,1
"EMI from Rs. 2,499 on rice cooker",benign,benign,en,span,label,"[TAG=span] [ROLE=label] EMI from Rs. 2,499 on rice cooker",benign:en:75,synthetic_v1,0,0,0,0,0,0,0,1
"26,940 इकाई बिकीं",benign,benign,hi,button,cta,"[TAG=button] [ROLE=cta] 26,940 इकाई बिकीं",benign:hi:47,synthetic_v1,0,0,0,0,0,0,0,1
"7,340 people rated sunglasses",benign,benign,en,button,cta,"[TAG=button] [ROLE=cta] 7,340 people rated sunglasses",benign:en:68,synthetic_v1,0,0,0,0,0,0,0,1
"ग्राहक समीक्षाएँ (9,118)",benign,benign,hi,label,form,"[TAG=label] [ROLE=form] ग्राहक समीक्षाएँ (9,118)",benign:hi:03,synthetic_v1,0,0,0,0,0,0,0,1
Shipping to Kolkata: Rs. 799,benign,benign,en,h2,heading,[TAG=h2] [ROLE=heading] Shipping to Kolkata: Rs. 799,benign:en:72,synthetic_v1,0,0,0,0,0,0,0,1
"पानी की बोतल — 1,502 समीक्षाएँ, बेंगलुरु गोदाम",benign,benign,hi,button,cta,"[TAG=button] [ROLE=cta] पानी की बोतल — 1,502 समीक्षाएँ, बेंगलुरु गोदाम",benign:hi:72,synthetic_v1,0,0,0,0,0,0,0,1
Shipping to Biratnagar: Rs. 299,benign,benign,en,li,nav,[TAG=li] [ROLE=nav] Shipping to Biratnagar: Rs. 299,benign:en:72,synthetic_v1,0,0,0,0,0,0,0,1
Pepperfry फिर्ता नीति: 12 दिन,benign,benign,ne,label,form,[TAG=label] [ROLE=form] Pepperfry फिर्ता नीति: 12 दिन,benign:ne:65,synthetic_v1,0,0,0,0,0,0,0,1
धरान ढुवानी: रु. 399,benign,benign,ne,label,form,[TAG=label] [ROLE=form] धरान ढुवानी: रु. 399,benign:ne:71,synthetic_v1,0,0,0,0,0,0,0,1
फेस वास — रु. 99,benign,benign,ne,li,nav,[TAG=li] [ROLE=nav] फेस वास — रु. 99,benign:ne:46,synthetic_v1,0,0,0,0,0,0,0,1
Flipkart return policy: 12 days,benign,benign,en,a,nav,[TAG=a] [ROLE=nav] Flipkart return policy: 12 days,benign:en:66,synthetic_v1,0,0,0,0,0,0,0,1
Delivery to Patna in 2 days,benign,benign,en,li,nav,[TAG=li] [ROLE=nav] Delivery to Patna in 2 days,benign:en:64,synthetic_v1,0,0,0,0,0,0,0,1
"9,118 जनाले फेस वास मूल्याङ्कन गरे",benign,benign,ne,label,form,"[TAG=label] [ROLE=form] 9,118 जनाले फेस वास मूल्याङ्कन गरे",benign:ne:67,synthetic_v1,0,0,0,0,0,0,0,1
Flipkart मा फेस वास मूल्य तुलना गर्नुहोस्,benign,benign,ne,p,body,[TAG=p] [ROLE=body] Flipkart मा फेस वास मूल्य तुलना गर्नुहोस्,benign:ne:73,synthetic_v1,0,0,0,0,0,0,0,1
स्टडी लैंप के लिए साइज़ गाइड,benign,benign,hi,a,nav,[TAG=a] [ROLE=nav] स्टडी लैंप के लिए साइज़ गाइड,benign:hi:05,synthetic_v1,0,0,0,0,0,0,0,1
SastoDeal फिर्ता नीति: 10 दिन,benign,benign,ne,label,form,[TAG=label] [ROLE=form] SastoDeal फिर्ता नीति: 10 दिन,benign:ne:65,synthetic_v1,0,0,0,0,0,0,0,1
"EMI from Rs. 1,999 on smartwatch",benign,benign,en,a,nav,"[TAG=a] [ROLE=nav] EMI from Rs. 1,999 on smartwatch",benign:en:75,synthetic_v1,0,0,0,0,0,0,0,1
Unsubscribe from Salesberry emails in one click,benign,benign,en,button,cta,[TAG=button] [ROLE=cta] Unsubscribe from Salesberry emails in one click,benign:en:70,synthetic_v1,0,0,0,0,0,0,0,1
मूल्य: रु. 999,benign,benign,ne,a,nav,[TAG=a] [ROLE=nav] मूल्य: रु. 999,benign:ne:45,synthetic_v1,0,0,0,0,0,0,0,1
Myntra पर ब्लूटूथ स्पीकर पर 35% छूट,benign,benign,hi,label,form,[TAG=label] [ROLE=form] Myntra पर ब्लूटूथ स्पीकर पर 35% छूट,benign:hi:70,synthetic_v1,0,0,0,0,0,0,0,1
25% छूट,benign,benign,hi,li,nav,[TAG=li] [ROLE=nav] 25% छूट,benign:hi:10,synthetic_v1,0,0,0,0,0,0,0,1
"अहमदाबाद में स्टॉक में, 7 दिन में शिप",benign,benign,hi,h2,heading,"[TAG=h2] [ROLE=heading] अहमदाबाद में स्टॉक में, 7 दिन में शिप",benign:hi:76,synthetic_v1,0,0,0,0,0,0,0,1
Reliance Digital पर इंडक्शन चूल्हा — रु. 499,benign,benign,hi,p,body,[TAG=p] [ROLE=body] Reliance Digital पर इंडक्शन चूल्हा — रु. 499,benign:hi:62,synthetic_v1,0,0,0,0,0,0,0,1
"बिक्रेता: दीपेश ट्रेडर्स, बुटवल",benign,benign,ne,button,cta,"[TAG=button] [ROLE=cta] बिक्रेता: दीपेश ट्रेडर्स, बुटवल",benign:ne:48,synthetic_v1,0,0,0,0,0,0,0,1
Gyapu पर स्टडी लैंप — रु. 699,benign,benign,hi,label,form,[TAG=label] [ROLE=form] Gyapu पर स्टडी लैंप — रु. 699,benign:hi:62,synthetic_v1,0,0,0,0,0,0,0,1
"इंदौर में स्टॉक में, 2 दिन में शिप",benign,benign,hi,span,label,"[TAG=span] [ROLE=label] इंदौर में स्टॉक में, 2 दिन में शिप",benign:hi:76,synthetic_v1,0,0,0,0,0,0,0,1
"Sold by Kavya Store, Butwal",benign,benign,en,h2,heading,"[TAG=h2] [ROLE=heading] Sold by Kavya Store, Butwal",benign:en:65,synthetic_v1,0,0,0,0,0,0,0,1
Create account,benign,benign,en,p,body,[TAG=p] [ROLE=body] Create account,benign:en:27,synthetic_v1,0,0,0,0,0,0,0,1
हेयर ड्रायर — रु. 599,benign,benign,hi,h2,heading,[TAG=h2] [ROLE=heading] हेयर ड्रायर — रु. 599,benign:hi:46,synthetic_v1,0,0,0,0,0,0,0,1
578 जनाले योगा म्याट मूल्याङ्कन गरे,benign,benign,ne,li,nav,[TAG=li] [ROLE=nav] 578 जनाले योगा म्याट मूल्याङ्कन गरे,benign:ne:67,synthetic_v1,0,0,0,0,0,0,0,1
रनिङ जुत्ता का लागि साइज गाइड,benign,benign,ne,button,cta,[TAG=button] [ROLE=cta] रनिङ जुत्ता का लागि साइज गाइड,benign:ne:05,synthetic_v1,0,0,0,0,0,0,0,1
"नेपालगन्ज ढुवानी: रु. 1,999",benign,benign,ne,span,label,"[TAG=span] [ROLE=label] नेपालगन्ज ढुवानी: रु. 1,999",benign:ne:71,synthetic_v1,0,0,0,0,0,0,0,1
"बिक्रेता: मनिष ट्रेडर्स, गोरखा",benign,benign,ne,h2,heading,"[TAG=h2] [ROLE=heading] बिक्रेता: मनिष ट्रेडर्स, गोरखा",benign:ne:48,synthetic_v1,0,0,0,0,0,0,0,1
इलेक्ट्रिक केटल कार्ट में जोड़ें,benign,benign,hi,button,cta,[TAG=button] [ROLE=cta] इलेक्ट्रिक केटल कार्ट में जोड़ें,benign:hi:00,synthetic_v1,0,0,0,0,0,0,0,1
889 जनाले कटन कुर्ता मूल्याङ्कन गरे,benign,benign,ne,h2,heading,[TAG=h2] [ROLE=heading] 889 जनाले कटन कुर्ता मूल्याङ्कन गरे,benign:ne:67,synthetic_v1,0,0,0,0,0,0,0,1
"विक्रेता: किरण ट्रेडर्स, भोपाल",benign,benign,hi,li,nav,"[TAG=li] [ROLE=nav] विक्रेता: किरण ट्रेडर्स, भोपाल",benign:hi:48,synthetic_v1,0,0,0,0,0,0,0,1
"बिक्रेता: नवीन स्टोर, चितवन",benign,benign,ne,h2,heading,"[TAG=h2] [ROLE=heading] बिक्रेता: नवीन स्टोर, चितवन",benign:ne:64,synthetic_v1,0,0,0,0,0,0,0,1
"विक्रेता: दीपेश ट्रेडर्स, हैदराबाद",benign,benign,hi,a,nav,"[TAG=a] [ROLE=nav] विक्रेता: दीपेश ट्रेडर्स, हैदराबाद",benign:hi:48,synthetic_v1,0,0,0,0,0,0,0,1
Salesberry ग्राहक सेवा: लाइभ च्याट,benign,benign,ne,li,nav,[TAG=li] [ROLE=nav] Salesberry ग्राहक सेवा: लाइभ च्याट,benign:ne:75,synthetic_v1,0,0,0,0,0,0,0,1
578 units sold,benign,benign,en,p,body,[TAG=p] [ROLE=body] 578 units sold,benign:en:48,synthetic_v1,0,0,0,0,0,0,0,1
EMI options available from Rs. 299/month,benign,benign,en,span,label,[TAG=span] [ROLE=label] EMI options available from Rs. 299/month,benign:en:34,synthetic_v1,0,0,0,0,0,0,0,1
Meesho return policy: 4 days,benign,benign,en,h2,heading,[TAG=h2] [ROLE=heading] Meesho return policy: 4 days,benign:en:66,synthetic_v1,0,0,0,0,0,0,0,1
BigBasket ग्राहक सेवा: हाम्रो हेल्पलाइन,benign,benign,ne,span,label,[TAG=span] [ROLE=label] BigBasket ग्राहक सेवा: हाम्रो हेल्पलाइन,benign:ne:75,synthetic_v1,0,0,0,0,0,0,0,1
"इलेक्ट्रिक केतली — 2,038 समीक्षा, धरान गोदाम",benign,benign,ne,li,nav,"[TAG=li] [ROLE=nav] इलेक्ट्रिक केतली — 2,038 समीक्षा, धरान गोदाम",benign:ne:72,synthetic_v1,0,0,0,0,0,0,0,1
बेंगलुरु में 7 दिन में डिलीवरी,benign,benign,hi,p,body,[TAG=p] [ROLE=body] बेंगलुरु में 7 दिन में डिलीवरी,benign:hi:63,synthetic_v1,0,0,0,0,0,0,0,1
इंदौर शिपिंग: रु. 49,benign,benign,hi,li,nav,[TAG=li] [ROLE=nav] इंदौर शिपिंग: रु. 49,benign:hi:71,synthetic_v1,0,0,0,0,0,0,0,1
Myntra पर बैकपैक खोजें,benign,benign,hi,span,label,[TAG=span] [ROLE=label] Myntra पर बैकपैक खोजें,benign:hi:66,synthetic_v1,0,0,0,0,0,0,0,1
"Sold by Pooja Store, Jaipur",benign,benign,en,h2,heading,"[TAG=h2] [ROLE=heading] Sold by Pooja Store, Jaipur",benign:en:65,synthetic_v1,0,0,0,0,0,0,0,1
"विक्रेता: नवीन स्टोर, कानपुर",benign,benign,hi,a,nav,"[TAG=a] [ROLE=nav] विक्रेता: नवीन स्टोर, कानपुर",benign:hi:64,synthetic_v1,0,0,0,0,0,0,0,1
3 दिनभित्र फिर्ता,benign,benign,ne,a,nav,[TAG=a] [ROLE=nav] 3 दिनभित्र फिर्ता,benign:ne:04,synthetic_v1,0,0,0,0,0,0,0,1
तपाईंका लागि सिफारिस,benign,benign,ne,li,nav,[TAG=li] [ROLE=nav] तपाईंका लागि सिफारिस,benign:ne:49,synthetic_v1,0,0,0,0,0,0,0,1
सूरत में डिलीवरी,benign,benign,hi,h2,heading,[TAG=h2] [ROLE=heading] सूरत में डिलीवरी,benign:hi:37,synthetic_v1,0,0,0,0,0,0,0,1
रु. 299/महिनाबाट EMI विकल्प,benign,benign,ne,p,body,[TAG=p] [ROLE=body] रु. 299/महिनाबाट EMI विकल्प,benign:ne:34,synthetic_v1,0,0,0,0,0,0,0,1
विराटनगर मा 7 दिनमा डेलिभरी,benign,benign,ne,button,cta,[TAG=button] [ROLE=cta] विराटनगर मा 7 दिनमा डेलिभरी,benign:ne:63,synthetic_v1,0,0,0,0,0,0,0,1
Myntra ग्राहक सेवा: हमारा WhatsApp नंबर,benign,benign,hi,button,cta,[TAG=button] [ROLE=cta] Myntra ग्राहक सेवा: हमारा WhatsApp नंबर,benign:hi:75,synthetic_v1,0,0,0,0,0,0,0,1
Kinbech रिटर्न नीति: 4 दिन,benign,benign,hi,button,cta,[TAG=button] [ROLE=cta] Kinbech रिटर्न नीति: 4 दिन,benign:hi:65,synthetic_v1,0,0,0,0,0,0,0,1
Myntra फिर्ता नीति: 2 दिन,benign,benign,ne,a,nav,[TAG=a] [ROLE=nav] Myntra फिर्ता नीति: 2 दिन,benign:ne:65,synthetic_v1,0,0,0,0,0,0,0,1
"लखनऊ शिपिंग: रु. 1,999",benign,benign,hi,label,form,"[TAG=label] [ROLE=form] लखनऊ शिपिंग: रु. 1,999",benign:hi:71,synthetic_v1,0,0,0,0,0,0,0,1
फर्मल सर्ट का लागि साइज गाइड,benign,benign,ne,h2,heading,[TAG=h2] [ROLE=heading] फर्मल सर्ट का लागि साइज गाइड,benign:ne:05,synthetic_v1,0,0,0,0,0,0,0,1
Zepto पर बैकपैक की कीमतों की तुलना करें,benign,benign,hi,p,body,[TAG=p] [ROLE=body] Zepto पर बैकपैक की कीमतों की तुलना करें,benign:hi:73,synthetic_v1,0,0,0,0,0,0,0,1
शिपिंग शुल्क: रु. 599 (भुगतान से पहले दिखेगा),benign,benign,hi,button,cta,[TAG=button] [ROLE=cta] शिपिंग शुल्क: रु. 599 (भुगतान से पहले दिखेगा),benign:hi:43,synthetic_v1,0,0,0,0,0,0,0,1
Pepperfry मा ट्रेकिङ ज्याकेट — रु. 349,benign,benign,ne,label,form,[TAG=label] [ROLE=form] Pepperfry मा ट्रेकिङ ज्याकेट — रु. 349,benign:ne:62,synthetic_v1,0,0,0,0,0,0,0,1
ग्राहक समीक्षाएँ (889),benign,benign,hi,h2,heading,[TAG=h2] [ROLE=heading] ग्राहक समीक्षाएँ (889),benign:hi:03,synthetic_v1,0,0,0,0,0,0,0,1
रु. 899 माथिको अर्डरमा निःशुल्क ढुवानी,benign,benign,ne,li,nav,[TAG=li] [ROLE=nav] रु. 899 माथिको अर्डरमा निःशुल्क ढुवानी,benign:ne:01,synthetic_v1,0,0,0,0,0,0,0,1
रु. 499/महीना से EMI विकल्प,benign,benign,hi,h2,heading,[TAG=h2] [ROLE=heading] रु. 499/महीना से EMI विकल्प,benign:hi:34,synthetic_v1,0,0,0,0,0,0,0,1
701 प्रमाणित समीक्षा,benign,benign,ne,a,nav,[TAG=a] [ROLE=nav] 701 प्रमाणित समीक्षा,benign:ne:23,synthetic_v1,0,0,0,0,0,0,0,1
Lenskart पर गेमिंग माउस — रु. 799,benign,benign,hi,p,body,[TAG=p] [ROLE=body] Lenskart पर गेमिंग माउस — रु. 799,benign:hi:62,synthetic_v1,0,0,0,0,0,0,0,1
15% off running shoes at JioMart,benign,benign,en,h2,heading,[TAG=h2] [ROLE=heading] 15% off running shoes at JioMart,benign:en:71,synthetic_v1,0,0,0,0,0,0,0,1
"In stock in Surat, ships in 4 days",benign,benign,en,a,nav,"[TAG=a] [ROLE=nav] In stock in Surat, ships in 4 days",benign:en:77,synthetic_v1,0,0,0,0,0,0,0,1
View all cotton kurta,benign,benign,en,span,label,[TAG=span] [ROLE=label] View all cotton kurta,benign:en:20,synthetic_v1,0,0,0,0,0,0,0,1
"इलेक्ट्रिक केटल पर रु. 1,999 से EMI",benign,benign,hi,button,cta,"[TAG=button] [ROLE=cta] इलेक्ट्रिक केटल पर रु. 1,999 से EMI",benign:hi:74,synthetic_v1,0,0,0,0,0,0,0,1
"rice cooker — 1,187 reviews, Patna warehouse",benign,benign,en,label,form,"[TAG=label] [ROLE=form] rice cooker — 1,187 reviews, Patna warehouse",benign:en:73,synthetic_v1,0,0,0,0,0,0,0,1
फॉर्मल शर्ट के लिए साइज़ गाइड,benign,benign,hi,a,nav,[TAG=a] [ROLE=nav] फॉर्मल शर्ट के लिए साइज़ गाइड,benign:hi:05,synthetic_v1,0,0,0,0,0,0,0,1
Amazon customer care: live chat,benign,benign,en,h2,heading,[TAG=h2] [ROLE=heading] Amazon customer care: live chat,benign:en:76,synthetic_v1,0,0,0,0,0,0,0,1
रिफंड नीति: 3 कार्यदिवस में रिफंड,benign,benign,hi,h2,heading,[TAG=h2] [ROLE=heading] रिफंड नीति: 3 कार्यदिवस में रिफंड,benign:hi:59,synthetic_v1,0,0,0,0,0,0,0,1
Compare study lamp,benign,benign,en,span,label,[TAG=span] [ROLE=label] Compare study lamp,benign:en:12,synthetic_v1,0,0,0,0,0,0,0,1
BigBasket पर वायरलेस ईयरबड्स — रु. 999,benign,benign,hi,label,form,[TAG=label] [ROLE=form] BigBasket पर वायरलेस ईयरबड्स — रु. 999,benign:hi:62,synthetic_v1,0,0,0,0,0,0,0,1
"ग्राहक समीक्षाएँ (1,502)",benign,benign,hi,p,body,"[TAG=p] [ROLE=body] ग्राहक समीक्षाएँ (1,502)",benign:hi:03,synthetic_v1,0,0,0,0,0,0,0,1
"बाँके मा स्टकमा, 10 दिनमा पठाइन्छ",benign,benign,ne,h2,heading,"[TAG=h2] [ROLE=heading] बाँके मा स्टकमा, 10 दिनमा पठाइन्छ",benign:ne:76,synthetic_v1,0,0,0,0,0,0,0,1
203 प्रमाणित समीक्षा,benign,benign,ne,h2,heading,[TAG=h2] [ROLE=heading] 203 प्रमाणित समीक्षा,benign:ne:23,synthetic_v1,0,0,0,0,0,0,0,1
"14,860 थान बिक्री भयो",benign,benign,ne,h2,heading,"[TAG=h2] [ROLE=heading] 14,860 थान बिक्री भयो",benign:ne:47,synthetic_v1,0,0,0,0,0,0,0,1
Lenskart मा रनिङ जुत्ता मूल्य तुलना गर्नुहोस्,benign,benign,ne,li,nav,[TAG=li] [ROLE=nav] Lenskart मा रनिङ जुत्ता मूल्य तुलना गर्नुहोस्,benign:ne:73,synthetic_v1,0,0,0,0,0,0,0,1
"बिक्रेता: निशा ट्रेडर्स, सुर्खेत",benign,benign,ne,label,form,"[TAG=label] [ROLE=form] बिक्रेता: निशा ट्रेडर्स, सुर्खेत",benign:ne:48,synthetic_v1,0,0,0,0,0,0,0,1
Lenskart पर पानी की बोतल खोजें,benign,benign,hi,a,nav,[TAG=a] [ROLE=nav] Lenskart पर पानी की बोतल खोजें,benign:hi:66,synthetic_v1,0,0,0,0,0,0,0,1
HamroBazar रिटर्न नीति: 9 दिन,benign,benign,hi,h2,heading,[TAG=h2] [ROLE=heading] HamroBazar रिटर्न नीति: 9 दिन,benign:hi:65,synthetic_v1,0,0,0,0,0,0,0,1
Lenskart ईमेल एक क्लिक में अनसब्सक्राइब करें,benign,benign,hi,h2,heading,[TAG=h2] [ROLE=heading] Lenskart ईमेल एक क्लिक में अनसब्सक्राइब करें,benign:hi:69,synthetic_v1,0,0,0,0,0,0,0,1
Croma पर सर्दी का कंबल की कीमतों की तुलना करें,benign,benign,hi,li,nav,[TAG=li] [ROLE=nav] Croma पर सर्दी का कंबल की कीमतों की तुलना करें,benign:hi:73,synthetic_v1,0,0,0,0,0,0,0,1
Salesberry ग्राहक सेवा: हमारा WhatsApp नंबर,benign,benign,hi,p,body,[TAG=p] [ROLE=body] Salesberry ग्राहक सेवा: हमारा WhatsApp नंबर,benign:hi:75,synthetic_v1,0,0,0,0,0,0,0,1
Delivery to Bengaluru in 14 days,benign,benign,en,li,nav,[TAG=li] [ROLE=nav] Delivery to Bengaluru in 14 days,benign:en:64,synthetic_v1,0,0,0,0,0,0,0,1
"विक्रेता: निशा स्टोर, वाराणसी",benign,benign,hi,button,cta,"[TAG=button] [ROLE=cta] विक्रेता: निशा स्टोर, वाराणसी",benign:hi:64,synthetic_v1,0,0,0,0,0,0,0,1
"5,872 verified reviews",benign,benign,en,a,nav,"[TAG=a] [ROLE=nav] 5,872 verified reviews",benign:en:23,synthetic_v1,0,0,0,0,0,0,0,1
Notify me when air fryer is available,benign,benign,en,button,cta,[TAG=button] [ROLE=cta] Notify me when air fryer is available,benign:en:33,synthetic_v1,0,0,0,0,0,0,0,1
"बिक्रेता: प्रकाश स्टोर, दमक",benign,benign,ne,button,cta,"[TAG=button] [ROLE=cta] बिक्रेता: प्रकाश स्टोर, दमक",benign:ne:64,synthetic_v1,0,0,0,0,0,0,0,1
धनगढी ढुवानी: रु. 299,benign,benign,ne,span,label,[TAG=span] [ROLE=label] धनगढी ढुवानी: रु. 299,benign:ne:71,synthetic_v1,0,0,0,0,0,0,0,1
Shipping to Hyderabad: Rs. 199,benign,benign,en,a,nav,[TAG=a] [ROLE=nav] Shipping to Hyderabad: Rs. 199,benign:en:72,synthetic_v1,0,0,0,0,0,0,0,1
5% off,benign,benign,en,a,nav,[TAG=a] [ROLE=nav] 5% off,benign:en:10,synthetic_v1,0,0,0,0,0,0,0,1
"रु. 1,499 तक एक्सचेंज ऑफ़र",benign,benign,hi,button,cta,"[TAG=button] [ROLE=cta] रु. 1,499 तक एक्सचेंज ऑफ़र",benign:hi:35,synthetic_v1,0,0,0,0,0,0,0,1
noise cancelling headphones — Rs. 699,benign,benign,en,li,nav,[TAG=li] [ROLE=nav] noise cancelling headphones — Rs. 699,benign:en:46,synthetic_v1,0,0,0,0,0,0,0,1
"सुर्खेत मा स्टकमा, 5 दिनमा पठाइन्छ",benign,benign,ne,label,form,"[TAG=label] [ROLE=form] सुर्खेत मा स्टकमा, 5 दिनमा पठाइन्छ",benign:ne:76,synthetic_v1,0,0,0,0,0,0,0,1
Delivery to Butwal in 14 days,benign,benign,en,p,body,[TAG=p] [ROLE=body] Delivery to Butwal in 14 days,benign:en:64,synthetic_v1,0,0,0,0,0,0,0,1
रांची में 7 दिन में डिलीवरी,benign,benign,hi,span,label,[TAG=span] [ROLE=label] रांची में 7 दिन में डिलीवरी,benign:hi:63,synthetic_v1,0,0,0,0,0,0,0,1
ट्रेकिंग जैकेट की तुलना करें,benign,benign,hi,label,form,[TAG=label] [ROLE=form] ट्रेकिंग जैकेट की तुलना करें,benign:hi:12,synthetic_v1,0,0,0,0,0,0,0,1
"विक्रेता: मनीष ट्रेडर्स, अहमदाबाद",benign,benign,hi,label,form,"[TAG=label] [ROLE=form] विक्रेता: मनीष ट्रेडर्स, अहमदाबाद",benign:hi:48,synthetic_v1,0,0,0,0,0,0,0,1
Croma return policy: 1 days,benign,benign,en,li,nav,[TAG=li] [ROLE=nav] Croma return policy: 1 days,benign:en:66,synthetic_v1,0,0,0,0,0,0,0,1
स्पोर्ट्स सैंडल उपलब्ध होने पर सूचित करें,benign,benign,hi,a,nav,[TAG=a] [ROLE=nav] स्पोर्ट्स सैंडल उपलब्ध होने पर सूचित करें,benign:hi:33,synthetic_v1,0,0,0,0,0,0,0,1
402 इकाई बिकीं,benign,benign,hi,button,cta,[TAG=button] [ROLE=cta] 402 इकाई बिकीं,benign:hi:47,synthetic_v1,0,0,0,0,0,0,0,1
पावर ब्यांक खोज्नुहोस्,benign,benign,ne,button,cta,[TAG=button] [ROLE=cta] पावर ब्यांक खोज्नुहोस्,benign:ne:14,synthetic_v1,0,0,0,0,0,0,0,1
गेमिंग माउस — रु. 499,benign,benign,hi,h2,heading,[TAG=h2] [ROLE=heading] गेमिंग माउस — रु. 499,benign:hi:46,synthetic_v1,0,0,0,0,0,0,0,1
402 सत्यापित समीक्षाएँ,benign,benign,hi,button,cta,[TAG=button] [ROLE=cta] 402 सत्यापित समीक्षाएँ,benign:hi:23,synthetic_v1,0,0,0,0,0,0,0,1
80% off face wash at Pepperfry,benign,benign,en,a,nav,[TAG=a] [ROLE=nav] 80% off face wash at Pepperfry,benign:en:71,synthetic_v1,0,0,0,0,0,0,0,1
बाँके मा 10 दिनमा डेलिभरी,benign,benign,ne,p,body,[TAG=p] [ROLE=body] बाँके मा 10 दिनमा डेलिभरी,benign:ne:63,synthetic_v1,0,0,0,0,0,0,0,1
हामीलाई सम्पर्क गर्नुहोस्,benign,benign,ne,button,cta,[TAG=button] [ROLE=cta] हामीलाई सम्पर्क गर्नुहोस्,benign:ne:21,synthetic_v1,0,0,0,0,0,0,0,1
Blinkit customer care: our WhatsApp number,benign,benign,en,a,nav,[TAG=a] [ROLE=nav] Blinkit customer care: our WhatsApp number,benign:en:76,synthetic_v1,0,0,0,0,0,0,0,1
"विक्रेता: ज्योति ट्रेडर्स, सूरत",benign,benign,hi,label,form,"[TAG=label] [ROLE=form] विक्रेता: ज्योति ट्रेडर्स, सूरत",benign:hi:48,synthetic_v1,0,0,0,0,0,0,0,1
Delivery to Chitwan in 5 days,benign,benign,en,p,body,[TAG=p] [ROLE=body] Delivery to Chitwan in 5 days,benign:en:64,synthetic_v1,0,0,0,0,0,0,0,1
मुंबई में 5 दिन में डिलीवरी,benign,benign,hi,label,form,[TAG=label] [ROLE=form] मुंबई में 5 दिन में डिलीवरी,benign:hi:63,synthetic_v1,0,0,0,0,0,0,0,1
149 लोगों ने फोन कवर को रेट किया,benign,benign,hi,h2,heading,[TAG=h2] [ROLE=heading] 149 लोगों ने फोन कवर को रेट किया,benign:hi:67,synthetic_v1,0,0,0,0,0,0,0,1
सर्दी का कंबल उपलब्ध होने पर सूचित करें,benign,benign,hi,button,cta,[TAG=button] [ROLE=cta] सर्दी का कंबल उपलब्ध होने पर सूचित करें,benign:hi:33,synthetic_v1,0,0,0,0,0,0,0,1
"हेटौंडा मा स्टकमा, 3 दिनमा पठाइन्छ",benign,benign,ne,button,cta,"[TAG=button] [ROLE=cta] हेटौंडा मा स्टकमा, 3 दिनमा पठाइन्छ",benign:ne:76,synthetic_v1,0,0,0,0,0,0,0,1
Tata Cliq फिर्ता नीति: 5 दिन,benign,benign,ne,li,nav,[TAG=li] [ROLE=nav] Tata Cliq फिर्ता नीति: 5 दिन,benign:ne:65,synthetic_v1,0,0,0,0,0,0,0,1
Gyapu मा ब्लुटुथ स्पिकर खोज्नुहोस्,benign,benign,ne,button,cta,[TAG=button] [ROLE=cta] Gyapu मा ब्लुटुथ स्पिकर खोज्नुहोस्,benign:ne:66,synthetic_v1,0,0,0,0,0,0,0,1
अनुमानित डिलीवरी: 2 दिन,benign,benign,hi,h2,heading,[TAG=h2] [ROLE=heading] अनुमानित डिलीवरी: 2 दिन,benign:hi:24,synthetic_v1,0,0,0,0,0,0,0,1
HamroBazar customer care: our email desk,benign,benign,en,p,body,[TAG=p] [ROLE=body] HamroBazar customer care: our email desk,benign:en:76,synthetic_v1,0,0,0,0,0,0,0,1
Notify me when electric kettle is available,benign,benign,en,li,nav,[TAG=li] [ROLE=nav] Notify me when electric kettle is available,benign:en:33,synthetic_v1,0,0,0,0,0,0,0,1
"वाराणसी में स्टॉक में, 10 दिन में शिप",benign,benign,hi,h2,heading,"[TAG=h2] [ROLE=heading] वाराणसी में स्टॉक में, 10 दिन में शिप",benign:hi:76,synthetic_v1,0,0,0,0,0,0,0,1
ल्यापटप ब्याग उपलब्ध भएपछि जानकारी दिनुहोस्,benign,benign,ne,li,nav,[TAG=li] [ROLE=nav] ल्यापटप ब्याग उपलब्ध भएपछि जानकारी दिनुहोस्,benign:ne:33,synthetic_v1,0,0,0,0,0,0,0,1
रु. 999/महीना से EMI विकल्प,benign,benign,hi,li,nav,[TAG=li] [ROLE=nav] रु. 999/महीना से EMI विकल्प,benign:hi:34,synthetic_v1,0,0,0,0,0,0,0,1
"14,860 लोगों ने सर्दी का कंबल को रेट किया",benign,benign,hi,p,body,"[TAG=p] [ROLE=body] 14,860 लोगों ने सर्दी का कंबल को रेट किया",benign:hi:67,synthetic_v1,0,0,0,0,0,0,0,1
"चंडीगढ़ में स्टॉक में, 4 दिन में शिप",benign,benign,hi,a,nav,"[TAG=a] [ROLE=nav] चंडीगढ़ में स्टॉक में, 4 दिन में शिप",benign:hi:76,synthetic_v1,0,0,0,0,0,0,0,1
"स्पोर्ट्स चप्पल — 367 समीक्षा, विराटनगर गोदाम",benign,benign,ne,span,label,"[TAG=span] [ROLE=label] स्पोर्ट्स चप्पल — 367 समीक्षा, विराटनगर गोदाम",benign:ne:72,synthetic_v1,0,0,0,0,0,0,0,1
312 जनाले फेस वास मूल्याङ्कन गरे,benign,benign,ne,button,cta,[TAG=button] [ROLE=cta] 312 जनाले फेस वास मूल्याङ्कन गरे,benign:ne:67,synthetic_v1,0,0,0,0,0,0,0,1
भक्तपुर ढुवानी: रु. 999,benign,benign,ne,h2,heading,[TAG=h2] [ROLE=heading] भक्तपुर ढुवानी: रु. 999,benign:ne:71,synthetic_v1,0,0,0,0,0,0,0,1
"फोन कवर — रु. 1,499",benign,benign,hi,a,nav,"[TAG=a] [ROLE=nav] फोन कवर — रु. 1,499",benign:hi:46,synthetic_v1,0,0,0,0,0,0,0,1
सभी लैपटॉप बैग देखें,benign,benign,hi,h2,heading,[TAG=h2] [ROLE=heading] सभी लैपटॉप बैग देखें,benign:hi:20,synthetic_v1,0,0,0,0,0,0,0,1
Delivery to Indore in 7 days,benign,benign,en,h2,heading,[TAG=h2] [ROLE=heading] Delivery to Indore in 7 days,benign:en:64,synthetic_v1,0,0,0,0,0,0,0,1
84 लोगों ने ट्रेकिंग जैकेट को रेट किया,benign,benign,hi,h2,heading,[TAG=h2] [ROLE=heading] 84 लोगों ने ट्रेकिंग जैकेट को रेट किया,benign:hi:67,synthetic_v1,0,0,0,0,0,0,0,1
कटन कुर्ता — रु. 399,benign,benign,ne,label,form,[TAG=label] [ROLE=form] कटन कुर्ता — रु. 399,benign:ne:46,synthetic_v1,0,0,0,0,0,0,0,1
512 units sold,benign,benign,en,li,nav,[TAG=li] [ROLE=nav] 512 units sold,benign:en:48,synthetic_v1,0,0,0,0,0,0,0,1
उत्पाद विवरण,benign,benign,hi,li,nav,[TAG=li] [ROLE=nav] उत्पाद विवरण,benign:hi:02,synthetic_v1,0,0,0,0,0,0,0,1
वायरलेस इयरबड्स उपलब्ध भएपछि जानकारी दिनुहोस्,benign,benign,ne,label,form,[TAG=label] [ROLE=form] वायरलेस इयरबड्स उपलब्ध भएपछि जानकारी दिनुहोस्,benign:ne:33,synthetic_v1,0,0,0,0,0,0,0,1
FirstCry customer care: our email desk,benign,benign,en,label,form,[TAG=label] [ROLE=form] FirstCry customer care: our email desk,benign:en:76,synthetic_v1,0,0,0,0,0,0,0,1
हेटौंडा ढुवानी: रु. 249,benign,benign,ne,a,nav,[TAG=a] [ROLE=nav] हेटौंडा ढुवानी: रु. 249,benign:ne:71,synthetic_v1,0,0,0,0,0,0,0,1
Ajio मा ल्यापटप ब्याग खोज्नुहोस्,benign,benign,ne,li,nav,[TAG=li] [ROLE=nav] Ajio मा ल्यापटप ब्याग खोज्नुहोस्,benign:ne:66,synthetic_v1,0,0,0,0,0,0,0,1
Gyapu ग्राहक सेवा: हाम्रो सपोर्ट नम्बर,benign,benign,ne,span,label,[TAG=span] [ROLE=label] Gyapu ग्राहक सेवा: हाम्रो सपोर्ट नम्बर,benign:ne:75,synthetic_v1,0,0,0,0,0,0,0,1
धनगढी ढुवानी: रु. 49,benign,benign,ne,h2,heading,[TAG=h2] [ROLE=heading] धनगढी ढुवानी: रु. 49,benign:ne:71,synthetic_v1,0,0,0,0,0,0,0,1
सबै एयर फ्रायर हेर्नुहोस्,benign,benign,ne,a,nav,[TAG=a] [ROLE=nav] सबै एयर फ्रायर हेर्नुहोस्,benign:ne:20,synthetic_v1,0,0,0,0,0,0,0,1
"Sold by Rekha Store, Kathmandu",benign,benign,en,a,nav,"[TAG=a] [ROLE=nav] Sold by Rekha Store, Kathmandu",benign:en:65,synthetic_v1,0,0,0,0,0,0,0,1
OkDam ग्राहक सेवा: हमारी हेल्पलाइन,benign,benign,hi,a,nav,[TAG=a] [ROLE=nav] OkDam ग्राहक सेवा: हमारी हेल्पलाइन,benign:hi:75,synthetic_v1,0,0,0,0,0,0,0,1
"face wash — Rs. 1,199",benign,benign,en,li,nav,"[TAG=li] [ROLE=nav] face wash — Rs. 1,199",benign:en:46,synthetic_v1,0,0,0,0,0,0,0,1
HamroBazar पर डेनिम जींस की कीमतों की तुलना करें,benign,benign,hi,li,nav,[TAG=li] [ROLE=nav] HamroBazar पर डेनिम जींस की कीमतों की तुलना करें,benign:hi:73,synthetic_v1,0,0,0,0,0,0,0,1
ट्रेकिंग जैकेट — रु. 799,benign,benign,hi,label,form,[TAG=label] [ROLE=form] ट्रेकिंग जैकेट — रु. 799,benign:hi:46,synthetic_v1,0,0,0,0,0,0,0,1
"rice cooker — 1,502 reviews, Bengaluru warehouse",benign,benign,en,p,body,"[TAG=p] [ROLE=body] rice cooker — 1,502 reviews, Bengaluru warehouse",benign:en:73,synthetic_v1,0,0,0,0,0,0,0,1
पानीको बोतल — रु. 349,benign,benign,ne,label,form,[TAG=label] [ROLE=form] पानीको बोतल — रु. 349,benign:ne:46,synthetic_v1,0,0,0,0,0,0,0,1
EMI options available from Rs. 899/month,benign,benign,en,a,nav,[TAG=a] [ROLE=nav] EMI options available from Rs. 899/month,benign:en:34,synthetic_v1,0,0,0,0,0,0,0,1
889 people rated bluetooth speaker,benign,benign,en,li,nav,[TAG=li] [ROLE=nav] 889 people rated bluetooth speaker,benign:en:68,synthetic_v1,0,0,0,0,0,0,0,1
"बिक्रेता: अर्जुन ट्रेडर्स, जनकपुर",benign,benign,ne,button,cta,"[TAG=button] [ROLE=cta] बिक्रेता: अर्जुन ट्रेडर्स, जनकपुर",benign:ne:48,synthetic_v1,0,0,0,0,0,0,0,1
कॉफी मेकर पर रु. 599 से EMI,benign,benign,hi,span,label,[TAG=span] [ROLE=label] कॉफी मेकर पर रु. 599 से EMI,benign:hi:74,synthetic_v1,0,0,0,0,0,0,0,1
"स्टडी लाइट — 14,860 समीक्षा, बुटवल गोदाम",benign,benign,ne,span,label,"[TAG=span] [ROLE=label] स्टडी लाइट — 14,860 समीक्षा, बुटवल गोदाम",benign:ne:72,synthetic_v1,0,0,0,0,0,0,0,1
"जनकपुर मा स्टकमा, 7 दिनमा पठाइन्छ",benign,benign,ne,li,nav,"[TAG=li] [ROLE=nav] जनकपुर मा स्टकमा, 7 दिनमा पठाइन्छ",benign:ne:76,synthetic_v1,0,0,0,0,0,0,0,1
EMI from Rs. 49 on laptop bag,benign,benign,en,a,nav,[TAG=a] [ROLE=nav] EMI from Rs. 49 on laptop bag,benign:en:75,synthetic_v1,0,0,0,0,0,0,0,1
कीमत: रु. 449,benign,benign,hi,label,form,[TAG=label] [ROLE=form] कीमत: रु. 449,benign:hi:45,synthetic_v1,0,0,0,0,0,0,0,1
"विराटनगर मा स्टकमा, 4 दिनमा पठाइन्छ",benign,benign,ne,a,nav,"[TAG=a] [ROLE=nav] विराटनगर मा स्टकमा, 4 दिनमा पठाइन्छ",benign:ne:76,synthetic_v1,0,0,0,0,0,0,0,1
Add to wishlist,benign,benign,en,span,label,[TAG=span] [ROLE=label] Add to wishlist,benign:en:11,synthetic_v1,0,0,0,0,0,0,0,1
"electric kettle — Rs. 2,499",benign,benign,en,label,form,"[TAG=label] [ROLE=form] electric kettle — Rs. 2,499",benign:en:46,synthetic_v1,0,0,0,0,0,0,0,1
Shipping to Kolkata: Rs. 49,benign,benign,en,p,body,[TAG=p] [ROLE=body] Shipping to Kolkata: Rs. 49,benign:en:72,synthetic_v1,0,0,0,0,0,0,0,1
"बिक्रेता: प्रिया स्टोर, ललितपुर",benign,benign,ne,h2,heading,"[TAG=h2] [ROLE=heading] बिक्रेता: प्रिया स्टोर, ललितपुर",benign:ne:64,synthetic_v1,0,0,0,0,0,0,0,1
Search study lamp on Muncha,benign,benign,en,a,nav,[TAG=a] [ROLE=nav] Search study lamp on Muncha,benign:en:67,synthetic_v1,0,0,0,0,0,0,0,1
1 दिनभित्र फिर्ता,benign,benign,ne,a,nav,[TAG=a] [ROLE=nav] 1 दिनभित्र फिर्ता,benign:ne:04,synthetic_v1,0,0,0,0,0,0,0,1
"14,860 सत्यापित समीक्षाएँ",benign,benign,hi,a,nav,"[TAG=a] [ROLE=nav] 14,860 सत्यापित समीक्षाएँ",benign:hi:23,synthetic_v1,0,0,0,0,0,0,0,1
Size guide for office chair,benign,benign,en,a,nav,[TAG=a] [ROLE=nav] Size guide for office chair,benign:en:05,synthetic_v1,0,0,0,0,0,0,0,1
घामको चस्मा उपलब्ध भएपछि जानकारी दिनुहोस्,benign,benign,ne,li,nav,[TAG=li] [ROLE=nav] घामको चस्मा उपलब्ध भएपछि जानकारी दिनुहोस्,benign:ne:33,synthetic_v1,0,0,0,0,0,0,0,1
367 थान बिक्री भयो,benign,benign,ne,h2,heading,[TAG=h2] [ROLE=heading] 367 थान बिक्री भयो,benign:ne:47,synthetic_v1,0,0,0,0,0,0,0,1
Lenskart ग्राहक सेवा: हमारा WhatsApp नंबर,benign,benign,hi,li,nav,[TAG=li] [ROLE=nav] Lenskart ग्राहक सेवा: हमारा WhatsApp नंबर,benign:hi:75,synthetic_v1,0,0,0,0,0,0,0,1
Blinkit पर हेयर ड्रायर पर 25% छूट,benign,benign,hi,p,body,[TAG=p] [ROLE=body] Blinkit पर हेयर ड्रायर पर 25% छूट,benign:hi:70,synthetic_v1,0,0,0,0,0,0,0,1
312 लोगों ने एयर फ्रायर को रेट किया,benign,benign,hi,li,nav,[TAG=li] [ROLE=nav] 312 लोगों ने एयर फ्रायर को रेट किया,benign:hi:67,synthetic_v1,0,0,0,0,0,0,0,1
भक्तपुर मा 7 दिनमा डेलिभरी,benign,benign,ne,li,nav,[TAG=li] [ROLE=nav] भक्तपुर मा 7 दिनमा डेलिभरी,benign:ne:63,synthetic_v1,0,0,0,0,0,0,0,1
JioMart इमेल एक क्लिकमा अनसब्स्क्राइब गर्नुहोस्,benign,benign,ne,p,body,[TAG=p] [ROLE=body] JioMart इमेल एक क्लिकमा अनसब्स्क्राइब गर्नुहोस्,benign:ne:69,synthetic_v1,0,0,0,0,0,0,0,1
Snapdeal customer care: the call centre,benign,benign,en,h2,heading,[TAG=h2] [ROLE=heading] Snapdeal customer care: the call centre,benign:en:76,synthetic_v1,0,0,0,0,0,0,0,1
Blinkit मा स्पोर्ट्स चप्पल मा 25% छुट,benign,benign,ne,li,nav,[TAG=li] [ROLE=nav] Blinkit मा स्पोर्ट्स चप्पल मा 25% छुट,benign:ne:70,synthetic_v1,0,0,0,0,0,0,0,1
Cancel order,benign,benign,en,button,cta,[TAG=button] [ROLE=cta] Cancel order,benign:en:39,synthetic_v1,0,0,0,0,0,0,0,1
"गेमिङ माउस — 402 समीक्षा, भक्तपुर गोदाम",benign,benign,ne,span,label,"[TAG=span] [ROLE=label] गेमिङ माउस — 402 समीक्षा, भक्तपुर गोदाम",benign:ne:72,synthetic_v1,0,0,0,0,0,0,0,1
Lenskart रिटर्न नीति: 5 दिन,benign,benign,hi,button,cta,[TAG=button] [ROLE=cta] Lenskart रिटर्न नीति: 5 दिन,benign:hi:65,synthetic_v1,0,0,0,0,0,0,0,1
Compare trekking jacket prices on JioMart,benign,benign,en,button,cta,[TAG=button] [ROLE=cta] Compare trekking jacket prices on JioMart,benign:en:74,synthetic_v1,0,0,0,0,0,0,0,1
186 verified reviews,benign,benign,en,li,nav,[TAG=li] [ROLE=nav] 186 verified reviews,benign:en:23,synthetic_v1,0,0,0,0,0,0,0,1
"विक्रेता: पूजा स्टोर, कोलकाता",benign,benign,hi,li,nav,"[TAG=li] [ROLE=nav] विक्रेता: पूजा स्टोर, कोलकाता",benign:hi:64,synthetic_v1,0,0,0,0,0,0,0,1
ट्रेकिंग जैकेट के लिए साइज़ गाइड,benign,benign,hi,h2,heading,[TAG=h2] [ROLE=heading] ट्रेकिंग जैकेट के लिए साइज़ गाइड,benign:hi:05,synthetic_v1,0,0,0,0,0,0,0,1
शिपिंग शुल्क: रु. 49 (भुगतान से पहले दिखेगा),benign,benign,hi,span,label,[TAG=span] [ROLE=label] शिपिंग शुल्क: रु. 49 (भुगतान से पहले दिखेगा),benign:hi:43,synthetic_v1,0,0,0,0,0,0,0,1
"Sold by Sagar Store, Surat",benign,benign,en,p,body,"[TAG=p] [ROLE=body] Sold by Sagar Store, Surat",benign:en:65,synthetic_v1,0,0,0,0,0,0,0,1
"Sold by Rekha Store, Chitwan",benign,benign,en,li,nav,"[TAG=li] [ROLE=nav] Sold by Rekha Store, Chitwan",benign:en:65,synthetic_v1,0,0,0,0,0,0,0,1
कटन कुर्ता मा रु. 999 बाट EMI,benign,benign,ne,button,cta,[TAG=button] [ROLE=cta] कटन कुर्ता मा रु. 999 बाट EMI,benign:ne:74,synthetic_v1,0,0,0,0,0,0,0,1
Reliance Digital फिर्ता नीति: 10 दिन,benign,benign,ne,span,label,[TAG=span] [ROLE=label] Reliance Digital फिर्ता नीति: 10 दिन,benign:ne:65,synthetic_v1,0,0,0,0,0,0,0,1
"स्पोर्ट्स चप्पल — 27 समीक्षा, वीरगन्ज गोदाम",benign,benign,ne,label,form,"[TAG=label] [ROLE=form] स्पोर्ट्स चप्पल — 27 समीक्षा, वीरगन्ज गोदाम",benign:ne:72,synthetic_v1,0,0,0,0,0,0,0,1
"Seller: Arjun Traders, Surat",benign,benign,en,h2,heading,"[TAG=h2] [ROLE=heading] Seller: Arjun Traders, Surat",benign:en:49,synthetic_v1,0,0,0,0,0,0,0,1
"Seller: Meera Traders, Biratnagar",benign,benign,en,p,body,"[TAG=p] [ROLE=body] Seller: Meera Traders, Biratnagar",benign:en:49,synthetic_v1,0,0,0,0,0,0,0,1
तनहुँ मा 10 दिनमा डेलिभरी,benign,benign,ne,label,form,[TAG=label] [ROLE=form] तनहुँ मा 10 दिनमा डेलिभरी,benign:ne:63,synthetic_v1,0,0,0,0,0,0,0,1
Nykaa इमेल एक क्लिकमा अनसब्स्क्राइब गर्नुहोस्,benign,benign,ne,span,label,[TAG=span] [ROLE=label] Nykaa इमेल एक क्लिकमा अनसब्स्क्राइब गर्नुहोस्,benign:ne:69,synthetic_v1,0,0,0,0,0,0,0,1
रु. 799/महीना से EMI विकल्प,benign,benign,hi,a,nav,[TAG=a] [ROLE=nav] रु. 799/महीना से EMI विकल्प,benign:hi:34,synthetic_v1,0,0,0,0,0,0,0,1
दिल्ली में 5 दिन में डिलीवरी,benign,benign,hi,label,form,[TAG=label] [ROLE=form] दिल्ली में 5 दिन में डिलीवरी,benign:hi:63,synthetic_v1,0,0,0,0,0,0,0,1
ललितपुर मा क्यास अन डेलिभरी उपलब्ध,benign,benign,ne,p,body,[TAG=p] [ROLE=body] ललितपुर मा क्यास अन डेलिभरी उपलब्ध,benign:ne:09,synthetic_v1,0,0,0,0,0,0,0,1
Exchange offer up to Rs. 249,benign,benign,en,p,body,[TAG=p] [ROLE=body] Exchange offer up to Rs. 249,benign:en:35,synthetic_v1,0,0,0,0,0,0,0,1
"भोपाल में स्टॉक में, 5 दिन में शिप",benign,benign,hi,button,cta,"[TAG=button] [ROLE=cta] भोपाल में स्टॉक में, 5 दिन में शिप",benign:hi:76,synthetic_v1,0,0,0,0,0,0,0,1
Tata Cliq मा घामको चस्मा — रु. 199,benign,benign,ne,span,label,[TAG=span] [ROLE=label] Tata Cliq मा घामको चस्मा — रु. 199,benign:ne:62,synthetic_v1,0,0,0,0,0,0,0,1
Croma रिटर्न नीति: 9 दिन,benign,benign,hi,label,form,[TAG=label] [ROLE=form] Croma रिटर्न नीति: 9 दिन,benign:hi:65,synthetic_v1,0,0,0,0,0,0,0,1
जनकपुर मा डेलिभरी,benign,benign,ne,label,form,[TAG=label] [ROLE=form] जनकपुर मा डेलिभरी,benign:ne:37,synthetic_v1,0,0,0,0,0,0,0,1
formal shirt at Zepto — Rs. 99,benign,benign,en,h2,heading,[TAG=h2] [ROLE=heading] formal shirt at Zepto — Rs. 99,benign:en:63,synthetic_v1,0,0,0,0,0,0,0,1
Pepperfry पर राइस कुकर पर 5% छूट,benign,benign,hi,button,cta,[TAG=button] [ROLE=cta] Pepperfry पर राइस कुकर पर 5% छूट,benign:hi:70,synthetic_v1,0,0,0,0,0,0,0,1
रु. 249 से ऊपर के ऑर्डर पर मुफ़्त शिपिंग,benign,benign,hi,span,label,[TAG=span] [ROLE=label] रु. 249 से ऊपर के ऑर्डर पर मुफ़्त शिपिंग,benign:hi:01,synthetic_v1,0,0,0,0,0,0,0,1
Daraz मा राइस कुकर — रु. 449,benign,benign,ne,h2,heading,[TAG=h2] [ROLE=heading] Daraz मा राइस कुकर — रु. 449,benign:ne:62,synthetic_v1,0,0,0,0,0,0,0,1
"फोन कवर — 14,860 समीक्षाएँ, लखनऊ गोदाम",benign,benign,hi,button,cta,"[TAG=button] [ROLE=cta] फोन कवर — 14,860 समीक्षाएँ, लखनऊ गोदाम",benign:hi:72,synthetic_v1,0,0,0,0,0,0,0,1
Meesho ग्राहक सेवा: हमारा ईमेल डेस्क,benign,benign,hi,button,cta,[TAG=button] [ROLE=cta] Meesho ग्राहक सेवा: हमारा ईमेल डेस्क,benign:hi:75,synthetic_v1,0,0,0,0,0,0,0,1
Cancel your JioMart order from My Orders,benign,benign,en,span,label,[TAG=span] [ROLE=label] Cancel your JioMart order from My Orders,benign:en:69,synthetic_v1,0,0,0,0,0,0,0,1
Snapdeal मा पावर ब्यांक — रु. 899,benign,benign,ne,span,label,[TAG=span] [ROLE=label] Snapdeal मा पावर ब्यांक — रु. 899,benign:ne:62,synthetic_v1,0,0,0,0,0,0,0,1
FirstCry पर योगा मैट की कीमतों की तुलना करें,benign,benign,hi,p,body,[TAG=p] [ROLE=body] FirstCry पर योगा मैट की कीमतों की तुलना करें,benign:hi:73,synthetic_v1,0,0,0,0,0,0,0,1
"प्रोटीन पाउडर — रु. 2,999",benign,benign,hi,p,body,"[TAG=p] [ROLE=body] प्रोटीन पाउडर — रु. 2,999",benign:hi:46,synthetic_v1,0,0,0,0,0,0,0,1
Secure payment,benign,benign,en,li,nav,[TAG=li] [ROLE=nav] Secure payment,benign:en:07,synthetic_v1,0,0,0,0,0,0,0,1
Unsubscribe from emails,benign,benign,en,label,form,[TAG=label] [ROLE=form] Unsubscribe from emails,benign:en:40,synthetic_v1,0,0,0,0,0,0,0,1
"Seller: Jyoti Traders, Surat",benign,benign,en,button,cta,"[TAG=button] [ROLE=cta] Seller: Jyoti Traders, Surat",benign:en:49,synthetic_v1,0,0,0,0,0,0,0,1
"ब्याकप्याक — रु. 1,199",benign,benign,ne,p,body,"[TAG=p] [ROLE=body] ब्याकप्याक — रु. 1,199",benign:ne:46,synthetic_v1,0,0,0,0,0,0,0,1
Zepto मा घामको चस्मा खोज्नुहोस्,benign,benign,ne,a,nav,[TAG=a] [ROLE=nav] Zepto मा घामको चस्मा खोज्नुहोस्,benign:ne:66,synthetic_v1,0,0,0,0,0,0,0,1
"26,940 लोगों ने ऑफिस चेयर को रेट किया",benign,benign,hi,label,form,"[TAG=label] [ROLE=form] 26,940 लोगों ने ऑफिस चेयर को रेट किया",benign:hi:67,synthetic_v1,0,0,0,0,0,0,0,1
Ajio customer care: our Viber support,benign,benign,en,p,body,[TAG=p] [ROLE=body] Ajio customer care: our Viber support,benign:en:76,synthetic_v1,0,0,0,0,0,0,0,1
View all formal shirt,benign,benign,en,p,body,[TAG=p] [ROLE=body] View all formal shirt,benign:en:20,synthetic_v1,0,0,0,0,0,0,0,1
Size guide for trekking jacket,benign,benign,en,label,form,[TAG=label] [ROLE=form] Size guide for trekking jacket,benign:en:05,synthetic_v1,0,0,0,0,0,0,0,1
63 जनाले एयर फ्रायर मूल्याङ्कन गरे,benign,benign,ne,span,label,[TAG=span] [ROLE=label] 63 जनाले एयर फ्रायर मूल्याङ्कन गरे,benign:ne:67,synthetic_v1,0,0,0,0,0,0,0,1
Ajio ग्राहक सेवा: हाम्रो सपोर्ट नम्बर,benign,benign,ne,label,form,[TAG=label] [ROLE=form] Ajio ग्राहक सेवा: हाम्रो सपोर्ट नम्बर,benign:ne:75,synthetic_v1,0,0,0,0,0,0,0,1
"पानीको बोतल — 27 समीक्षा, बागलुङ गोदाम",benign,benign,ne,li,nav,"[TAG=li] [ROLE=nav] पानीको बोतल — 27 समीक्षा, बागलुङ गोदाम",benign:ne:72,synthetic_v1,0,0,0,0,0,0,0,1
हेटौंडा मा डेलिभरी,benign,benign,ne,button,cta,[TAG=button] [ROLE=cta] हेटौंडा मा डेलिभरी,benign:ne:37,synthetic_v1,0,0,0,0,0,0,0,1
Notify me when smartwatch is available,benign,benign,en,a,nav,[TAG=a] [ROLE=nav] Notify me when smartwatch is available,benign:en:33,synthetic_v1,0,0,0,0,0,0,0,1
63 लोगों ने सर्दी का कंबल को रेट किया,benign,benign,hi,li,nav,[TAG=li] [ROLE=nav] 63 लोगों ने सर्दी का कंबल को रेट किया,benign:hi:67,synthetic_v1,0,0,0,0,0,0,0,1
"विक्रेता: सुमन ट्रेडर्स, कोलकाता",benign,benign,hi,li,nav,"[TAG=li] [ROLE=nav] विक्रेता: सुमन ट्रेडर्स, कोलकाता",benign:hi:48,synthetic_v1,0,0,0,0,0,0,0,1
"In stock in Surat, ships in 5 days",benign,benign,en,li,nav,"[TAG=li] [ROLE=nav] In stock in Surat, ships in 5 days",benign:en:77,synthetic_v1,0,0,0,0,0,0,0,1
किनमेल जारी राख्नुहोस्,benign,benign,ne,li,nav,[TAG=li] [ROLE=nav] किनमेल जारी राख्नुहोस्,benign:ne:54,synthetic_v1,0,0,0,0,0,0,0,1
मुंबई में 3 दिन में डिलीवरी,benign,benign,hi,li,nav,[TAG=li] [ROLE=nav] मुंबई में 3 दिन में डिलीवरी,benign:hi:63,synthetic_v1,0,0,0,0,0,0,0,1
Pepperfry पर एयर फ्रायर खोजें,benign,benign,hi,p,body,[TAG=p] [ROLE=body] Pepperfry पर एयर फ्रायर खोजें,benign:hi:66,synthetic_v1,0,0,0,0,0,0,0,1
"अहमदाबाद में स्टॉक में, 5 दिन में शिप",benign,benign,hi,span,label,"[TAG=span] [ROLE=label] अहमदाबाद में स्टॉक में, 5 दिन में शिप",benign:hi:76,synthetic_v1,0,0,0,0,0,0,0,1
30% छुट,benign,benign,ne,li,nav,[TAG=li] [ROLE=nav] 30% छुट,benign:ne:10,synthetic_v1,0,0,0,0,0,0,0,1
कफी मेकर — रु. 899,benign,benign,ne,label,form,[TAG=label] [ROLE=form] कफी मेकर — रु. 899,benign:ne:46,synthetic_v1,0,0,0,0,0,0,0,1
Gyapu पर कॉटन कुर्ता खोजें,benign,benign,hi,p,body,[TAG=p] [ROLE=body] Gyapu पर कॉटन कुर्ता खोजें,benign:hi:66,synthetic_v1,0,0,0,0,0,0,0,1
"विक्रेता: दीपेश ट्रेडर्स, रांची",benign,benign,hi,p,body,"[TAG=p] [ROLE=body] विक्रेता: दीपेश ट्रेडर्स, रांची",benign:hi:48,synthetic_v1,0,0,0,0,0,0,0,1
कफी मेकर मा रु. 149 बाट EMI,benign,benign,ne,h2,heading,[TAG=h2] [ROLE=heading] कफी मेकर मा रु. 149 बाट EMI,benign:ne:74,synthetic_v1,0,0,0,0,0,0,0,1
"स्पोर्ट्स चप्पल — 1,024 समीक्षा, बुटवल गोदाम",benign,benign,ne,p,body,"[TAG=p] [ROLE=body] स्पोर्ट्स चप्पल — 1,024 समीक्षा, बुटवल गोदाम",benign:ne:72,synthetic_v1,0,0,0,0,0,0,0,1
Add electric kettle to cart,benign,benign,en,h2,heading,[TAG=h2] [ROLE=heading] Add electric kettle to cart,benign:en:00,synthetic_v1,0,0,0,0,0,0,0,1
"हेयर ड्रायर — रु. 1,499",benign,benign,hi,h2,heading,"[TAG=h2] [ROLE=heading] हेयर ड्रायर — रु. 1,499",benign:hi:46,synthetic_v1,0,0,0,0,0,0,0,1
"बिक्रेता: रेखा स्टोर, धरान",benign,benign,ne,li,nav,"[TAG=li] [ROLE=nav] बिक्रेता: रेखा स्टोर, धरान",benign:ne:64,synthetic_v1,0,0,0,0,0,0,0,1
"प्रोटीन पाउडर — 889 समीक्षाएँ, वाराणसी गोदाम",benign,benign,hi,label,form,"[TAG=label] [ROLE=form] प्रोटीन पाउडर — 889 समीक्षाएँ, वाराणसी गोदाम",benign:hi:72,synthetic_v1,0,0,0,0,0,0,0,1
"फोन कवर — रु. 1,999",benign,benign,hi,a,nav,"[TAG=a] [ROLE=nav] फोन कवर — रु. 1,999",benign:hi:46,synthetic_v1,0,0,0,0,0,0,0,1
84 जनाले एयर फ्रायर मूल्याङ्कन गरे,benign,benign,ne,label,form,[TAG=label] [ROLE=form] 84 जनाले एयर फ्रायर मूल्याङ्कन गरे,benign:ne:67,synthetic_v1,0,0,0,0,0,0,0,1
रु. 999 सम्म एक्सचेन्ज अफर,benign,benign,ne,p,body,[TAG=p] [ROLE=body] रु. 999 सम्म एक्सचेन्ज अफर,benign:ne:35,synthetic_v1,0,0,0,0,0,0,0,1
"पानी की बोतल पर रु. 1,199 से EMI",benign,benign,hi,label,form,"[TAG=label] [ROLE=form] पानी की बोतल पर रु. 1,199 से EMI",benign:hi:74,synthetic_v1,0,0,0,0,0,0,0,1
"नोइज क्यान्सलिङ हेडफोन — रु. 1,199",benign,benign,ne,a,nav,"[TAG=a] [ROLE=nav] नोइज क्यान्सलिङ हेडफोन — रु. 1,199",benign:ne:46,synthetic_v1,0,0,0,0,0,0,0,1
आपके लिए सुझाव,benign,benign,hi,label,form,[TAG=label] [ROLE=form] आपके लिए सुझाव,benign:hi:49,synthetic_v1,0,0,0,0,0,0,0,1
वायरलेस ईयरबड्स खोजें,benign,benign,hi,span,label,[TAG=span] [ROLE=label] वायरलेस ईयरबड्स खोजें,benign:hi:14,synthetic_v1,0,0,0,0,0,0,0,1
Compare coffee maker,benign,benign,en,li,nav,[TAG=li] [ROLE=nav] Compare coffee maker,benign:en:12,synthetic_v1,0,0,0,0,0,0,0,1
402 लोगों ने सर्दी का कंबल को रेट किया,benign,benign,hi,a,nav,[TAG=a] [ROLE=nav] 402 लोगों ने सर्दी का कंबल को रेट किया,benign:hi:67,synthetic_v1,0,0,0,0,0,0,0,1
JioMart मा रनिङ जुत्ता मूल्य तुलना गर्नुहोस्,benign,benign,ne,a,nav,[TAG=a] [ROLE=nav] JioMart मा रनिङ जुत्ता मूल्य तुलना गर्नुहोस्,benign:ne:73,synthetic_v1,0,0,0,0,0,0,0,1
Meesho पर स्टडी लैंप — रु. 999,benign,benign,hi,li,nav,[TAG=li] [ROLE=nav] Meesho पर स्टडी लैंप — रु. 999,benign:hi:62,synthetic_v1,0,0,0,0,0,0,0,1
"लैपटॉप बैग — 766 समीक्षाएँ, पुणे गोदाम",benign,benign,hi,span,label,"[TAG=span] [ROLE=label] लैपटॉप बैग — 766 समीक्षाएँ, पुणे गोदाम",benign:hi:72,synthetic_v1,0,0,0,0,0,0,0,1
Muncha फिर्ता नीति: 6 दिन,benign,benign,ne,label,form,[TAG=label] [ROLE=form] Muncha फिर्ता नीति: 6 दिन,benign:ne:65,synthetic_v1,0,0,0,0,0,0,0,1
"बिक्रेता: प्रकाश स्टोर, हेटौंडा",benign,benign,ne,h2,heading,"[TAG=h2] [ROLE=heading] बिक्रेता: प्रकाश स्टोर, हेटौंडा",benign:ne:64,synthetic_v1,0,0,0,0,0,0,0,1
सभी योगा मैट देखें,benign,benign,hi,p,body,[TAG=p] [ROLE=body] सभी योगा मैट देखें,benign:hi:20,synthetic_v1,0,0,0,0,0,0,0,1
SastoDeal फिर्ता नीति: 8 दिन,benign,benign,ne,label,form,[TAG=label] [ROLE=form] SastoDeal फिर्ता नीति: 8 दिन,benign:ne:65,synthetic_v1,0,0,0,0,0,0,0,1
स्कुल ब्याग — रु. 899,benign,benign,ne,label,form,[TAG=label] [ROLE=form] स्कुल ब्याग — रु. 899,benign:ne:46,synthetic_v1,0,0,0,0,0,0,0,1
भोपाल में 4 दिन में डिलीवरी,benign,benign,hi,li,nav,[TAG=li] [ROLE=nav] भोपाल में 4 दिन में डिलीवरी,benign:hi:63,synthetic_v1,0,0,0,0,0,0,0,1
जनकपुर ढुवानी: रु. 99,benign,benign,ne,p,body,[TAG=p] [ROLE=body] जनकपुर ढुवानी: रु. 99,benign:ne:71,synthetic_v1,0,0,0,0,0,0,0,1
Unsubscribe from BigBasket emails in one click,benign,benign,en,a,nav,[TAG=a] [ROLE=nav] Unsubscribe from BigBasket emails in one click,benign:en:70,synthetic_v1,0,0,0,0,0,0,0,1
Flipkart पर डेनिम जींस खोजें,benign,benign,hi,p,body,[TAG=p] [ROLE=body] Flipkart पर डेनिम जींस खोजें,benign:hi:66,synthetic_v1,0,0,0,0,0,0,0,1
"अफिस कुर्सी — 2,411 समीक्षा, दमक गोदाम",benign,benign,ne,p,body,"[TAG=p] [ROLE=body] अफिस कुर्सी — 2,411 समीक्षा, दमक गोदाम",benign:ne:72,synthetic_v1,0,0,0,0,0,0,0,1
Delivery to Bhaktapur in 2 days,benign,benign,en,h2,heading,[TAG=h2] [ROLE=heading] Delivery to Bhaktapur in 2 days,benign:en:64,synthetic_v1,0,0,0,0,0,0,0,1
coffee maker — Rs. 149,benign,benign,en,p,body,[TAG=p] [ROLE=body] coffee maker — Rs. 149,benign:en:46,synthetic_v1,0,0,0,0,0,0,0,1
Amazon पर पानी की बोतल की कीमतों की तुलना करें,benign,benign,hi,h2,heading,[TAG=h2] [ROLE=heading] Amazon पर पानी की बोतल की कीमतों की तुलना करें,benign:hi:73,synthetic_v1,0,0,0,0,0,0,0,1
"कानपुर में स्टॉक में, 3 दिन में शिप",benign,benign,hi,h2,heading,"[TAG=h2] [ROLE=heading] कानपुर में स्टॉक में, 3 दिन में शिप",benign:hi:76,synthetic_v1,0,0,0,0,0,0,0,1
Gyapu मा प्रोटिन पाउडर मा 80% छुट,benign,benign,ne,span,label,[TAG=span] [ROLE=label] Gyapu मा प्रोटिन पाउडर मा 80% छुट,benign:ne:70,synthetic_v1,0,0,0,0,0,0,0,1
ऑर्डर सारांश,benign,benign,hi,p,body,[TAG=p] [ROLE=body] ऑर्डर सारांश,benign:hi:18,synthetic_v1,0,0,0,0,0,0,0,1
701 थान बिक्री भयो,benign,benign,ne,h2,heading,[TAG=h2] [ROLE=heading] 701 थान बिक्री भयो,benign:ne:47,synthetic_v1,0,0,0,0,0,0,0,1
Meesho ग्राहक सेवा: हाम्रो इमेल डेस्क,benign,benign,ne,a,nav,[TAG=a] [ROLE=nav] Meesho ग्राहक सेवा: हाम्रो इमेल डेस्क,benign:ne:75,synthetic_v1,0,0,0,0,0,0,0,1
"formal shirt — 3,109 reviews, Kolkata warehouse",benign,benign,en,span,label,"[TAG=span] [ROLE=label] formal shirt — 3,109 reviews, Kolkata warehouse",benign:en:73,synthetic_v1,0,0,0,0,0,0,0,1
तनहुँ मा डेलिभरी,benign,benign,ne,button,cta,[TAG=button] [ROLE=cta] तनहुँ मा डेलिभरी,benign:ne:37,synthetic_v1,0,0,0,0,0,0,0,1
Search face wash on Myntra,benign,benign,en,a,nav,[TAG=a] [ROLE=nav] Search face wash on Myntra,benign:en:67,synthetic_v1,0,0,0,0,0,0,0,1
"राइस कुकर — 812 समीक्षाएँ, दिल्ली गोदाम",benign,benign,hi,p,body,"[TAG=p] [ROLE=body] राइस कुकर — 812 समीक्षाएँ, दिल्ली गोदाम",benign:hi:72,synthetic_v1,0,0,0,0,0,0,0,1
Delivering to Indore,benign,benign,en,button,cta,[TAG=button] [ROLE=cta] Delivering to Indore,benign:en:37,synthetic_v1,0,0,0,0,0,0,0,1
"SastoDeal पर पानी की बोतल — रु. 1,199",benign,benign,hi,button,cta,"[TAG=button] [ROLE=cta] SastoDeal पर पानी की बोतल — रु. 1,199",benign:hi:62,synthetic_v1,0,0,0,0,0,0,0,1
"Seller: Deepa Traders, Hyderabad",benign,benign,en,p,body,"[TAG=p] [ROLE=body] Seller: Deepa Traders, Hyderabad",benign:en:49,synthetic_v1,0,0,0,0,0,0,0,1
Lenskart return policy: 3 days,benign,benign,en,span,label,[TAG=span] [ROLE=label] Lenskart return policy: 3 days,benign:en:66,synthetic_v1,0,0,0,0,0,0,0,1
Ajio ग्राहक सेवा: हमारा Viber सपोर्ट,benign,benign,hi,a,nav,[TAG=a] [ROLE=nav] Ajio ग्राहक सेवा: हमारा Viber सपोर्ट,benign:hi:75,synthetic_v1,0,0,0,0,0,0,0,1
Delivering to Pune,benign,benign,en,a,nav,[TAG=a] [ROLE=nav] Delivering to Pune,benign:en:37,synthetic_v1,0,0,0,0,0,0,0,1
Muncha मा राइस कुकर खोज्नुहोस्,benign,benign,ne,a,nav,[TAG=a] [ROLE=nav] Muncha मा राइस कुकर खोज्नुहोस्,benign:ne:66,synthetic_v1,0,0,0,0,0,0,0,1
"9,118 लोगों ने बैकपैक को रेट किया",benign,benign,hi,a,nav,"[TAG=a] [ROLE=nav] 9,118 लोगों ने बैकपैक को रेट किया",benign:hi:67,synthetic_v1,0,0,0,0,0,0,0,1
"विक्रेता: किरण ट्रेडर्स, अहमदाबाद",benign,benign,hi,button,cta,"[TAG=button] [ROLE=cta] विक्रेता: किरण ट्रेडर्स, अहमदाबाद",benign:hi:48,synthetic_v1,0,0,0,0,0,0,0,1
Zepto पर ऑफिस चेयर पर 10% छूट,benign,benign,hi,span,label,[TAG=span] [ROLE=label] Zepto पर ऑफिस चेयर पर 10% छूट,benign:hi:70,synthetic_v1,0,0,0,0,0,0,0,1
"Customer reviews (21,507)",benign,benign,en,p,body,"[TAG=p] [ROLE=body] Customer reviews (21,507)",benign:en:03,synthetic_v1,0,0,0,0,0,0,0,1
Delivery to Delhi in 14 days,benign,benign,en,h2,heading,[TAG=h2] [ROLE=heading] Delivery to Delhi in 14 days,benign:en:64,synthetic_v1,0,0,0,0,0,0,0,1
phone case at Ajio — Rs. 49,benign,benign,en,a,nav,[TAG=a] [ROLE=nav] phone case at Ajio — Rs. 49,benign:en:63,synthetic_v1,0,0,0,0,0,0,0,1
हेयर ड्रायर — रु. 499,benign,benign,ne,button,cta,[TAG=button] [ROLE=cta] हेयर ड्रायर — रु. 499,benign:ne:46,synthetic_v1,0,0,0,0,0,0,0,1
"running shoes — 112 reviews, Kolkata warehouse",benign,benign,en,label,form,"[TAG=label] [ROLE=form] running shoes — 112 reviews, Kolkata warehouse",benign:en:73,synthetic_v1,0,0,0,0,0,0,0,1
electric kettle — Rs. 49,benign,benign,en,span,label,[TAG=span] [ROLE=label] electric kettle — Rs. 49,benign:en:46,synthetic_v1,0,0,0,0,0,0,0,1
"एयर फ्रायर — 247 समीक्षाएँ, वाराणसी गोदाम",benign,benign,hi,p,body,"[TAG=p] [ROLE=body] एयर फ्रायर — 247 समीक्षाएँ, वाराणसी गोदाम",benign:hi:72,synthetic_v1,0,0,0,0,0,0,0,1
Search induction cooktop on JioMart,benign,benign,en,button,cta,[TAG=button] [ROLE=cta] Search induction cooktop on JioMart,benign:en:67,synthetic_v1,0,0,0,0,0,0,0,1
ल्यापटप ब्याग मा रु. 449 बाट EMI,benign,benign,ne,h2,heading,[TAG=h2] [ROLE=heading] ल्यापटप ब्याग मा रु. 449 बाट EMI,benign:ne:74,synthetic_v1,0,0,0,0,0,0,0,1
सभी इंडक्शन चूल्हा देखें,benign,benign,hi,span,label,[TAG=span] [ROLE=label] सभी इंडक्शन चूल्हा देखें,benign:hi:20,synthetic_v1,0,0,0,0,0,0,0,1
Cash on delivery available in Butwal,benign,benign,en,a,nav,[TAG=a] [ROLE=nav] Cash on delivery available in Butwal,benign:en:09,synthetic_v1,0,0,0,0,0,0,0,1
Compare trekking jacket prices on Flipkart,benign,benign,en,span,label,[TAG=span] [ROLE=label] Compare trekking jacket prices on Flipkart,benign:en:74,synthetic_v1,0,0,0,0,0,0,0,1
Lenskart पर एयर फ्रायर की कीमतों की तुलना करें,benign,benign,hi,li,nav,[TAG=li] [ROLE=nav] Lenskart पर एयर फ्रायर की कीमतों की तुलना करें,benign:hi:73,synthetic_v1,0,0,0,0,0,0,0,1
Compare hair dryer prices on Lenskart,benign,benign,en,li,nav,[TAG=li] [ROLE=nav] Compare hair dryer prices on Lenskart,benign:en:74,synthetic_v1,0,0,0,0,0,0,0,1
कीमत: रु. 349,benign,benign,hi,button,cta,[TAG=button] [ROLE=cta] कीमत: रु. 349,benign:hi:45,synthetic_v1,0,0,0,0,0,0,0,1
प्रोटिन पाउडर मा रु. 699 बाट EMI,benign,benign,ne,span,label,[TAG=span] [ROLE=label] प्रोटिन पाउडर मा रु. 699 बाट EMI,benign:ne:74,synthetic_v1,0,0,0,0,0,0,0,1
Amazon मा ब्लुटुथ स्पिकर मा 25% छुट,benign,benign,ne,span,label,[TAG=span] [ROLE=label] Amazon मा ब्लुटुथ स्पिकर मा 25% छुट,benign:ne:70,synthetic_v1,0,0,0,0,0,0,0,1
denim jeans — Rs. 799,benign,benign,en,button,cta,[TAG=button] [ROLE=cta] denim jeans — Rs. 799,benign:en:46,synthetic_v1,0,0,0,0,0,0,0,1
Search for air fryer,benign,benign,en,h2,heading,[TAG=h2] [ROLE=heading] Search for air fryer,benign:en:14,synthetic_v1,0,0,0,0,0,0,0,1
Flipkart इमेल एक क्लिकमा अनसब्स्क्राइब गर्नुहोस्,benign,benign,ne,button,cta,[TAG=button] [ROLE=cta] Flipkart इमेल एक क्लिकमा अनसब्स्क्राइब गर्नुहोस्,benign:ne:69,synthetic_v1,0,0,0,0,0,0,0,1
आगरा में डिलीवरी,benign,benign,hi,a,nav,[TAG=a] [ROLE=nav] आगरा में डिलीवरी,benign:hi:37,synthetic_v1,0,0,0,0,0,0,0,1
HamroBazar फिर्ता नीति: 4 दिन,benign,benign,ne,span,label,[TAG=span] [ROLE=label] HamroBazar फिर्ता नीति: 4 दिन,benign:ne:65,synthetic_v1,0,0,0,0,0,0,0,1
Tata Cliq ग्राहक सेवा: लाइव चैट,benign,benign,hi,li,nav,[TAG=li] [ROLE=nav] Tata Cliq ग्राहक सेवा: लाइव चैट,benign:hi:75,synthetic_v1,0,0,0,0,0,0,0,1
जयपुर में 2 दिन में डिलीवरी,benign,benign,hi,li,nav,[TAG=li] [ROLE=nav] जयपुर में 2 दिन में डिलीवरी,benign:hi:63,synthetic_v1,0,0,0,0,0,0,0,1
गोरखा ढुवानी: रु. 399,benign,benign,ne,p,body,[TAG=p] [ROLE=body] गोरखा ढुवानी: रु. 399,benign:ne:71,synthetic_v1,0,0,0,0,0,0,0,1
"cotton kurta — 14,860 reviews, Biratnagar warehouse",benign,benign,en,p,body,"[TAG=p] [ROLE=body] cotton kurta — 14,860 reviews, Biratnagar warehouse",benign:en:73,synthetic_v1,0,0,0,0,0,0,0,1
"पानीको बोतल — रु. 1,199",benign,benign,ne,button,cta,"[TAG=button] [ROLE=cta] पानीको बोतल — रु. 1,199",benign:ne:46,synthetic_v1,0,0,0,0,0,0,0,1
EMI from Rs. 299 on trekking jacket,benign,benign,en,h2,heading,[TAG=h2] [ROLE=heading] EMI from Rs. 299 on trekking jacket,benign:en:75,synthetic_v1,0,0,0,0,0,0,0,1
Ajio रिटर्न नीति: 12 दिन,benign,benign,hi,a,nav,[TAG=a] [ROLE=nav] Ajio रिटर्न नीति: 12 दिन,benign:hi:65,synthetic_v1,0,0,0,0,0,0,0,1
"Shipping to Kathmandu: Rs. 1,199",benign,benign,en,button,cta,"[TAG=button] [ROLE=cta] Shipping to Kathmandu: Rs. 1,199",benign:en:72,synthetic_v1,0,0,0,0,0,0,0,1
अहमदाबाद में 4 दिन में डिलीवरी,benign,benign,hi,li,nav,[TAG=li] [ROLE=nav] अहमदाबाद में 4 दिन में डिलीवरी,benign:hi:63,synthetic_v1,0,0,0,0,0,0,0,1
EMI options available from Rs. 499/month,benign,benign,en,li,nav,[TAG=li] [ROLE=nav] EMI options available from Rs. 499/month,benign:en:34,synthetic_v1,0,0,0,0,0,0,0,1
EMI from Rs. 99 on running shoes,benign,benign,en,span,label,[TAG=span] [ROLE=label] EMI from Rs. 99 on running shoes,benign:en:75,synthetic_v1,0,0,0,0,0,0,0,1
Reliance Digital रिटर्न नीति: 8 दिन,benign,benign,hi,h2,heading,[TAG=h2] [ROLE=heading] Reliance Digital रिटर्न नीति: 8 दिन,benign:hi:65,synthetic_v1,0,0,0,0,0,0,0,1
"विक्रेता: ज्योति ट्रेडर्स, हैदराबाद",benign,benign,hi,li,nav,"[TAG=li] [ROLE=nav] विक्रेता: ज्योति ट्रेडर्स, हैदराबाद",benign:hi:48,synthetic_v1,0,0,0,0,0,0,0,1
"Sold by Arjun Store, Delhi",benign,benign,en,button,cta,"[TAG=button] [ROLE=cta] Sold by Arjun Store, Delhi",benign:en:65,synthetic_v1,0,0,0,0,0,0,0,1
"1,502 लोगों ने स्टडी लैंप को रेट किया",benign,benign,hi,span,label,"[TAG=span] [ROLE=label] 1,502 लोगों ने स्टडी लैंप को रेट किया",benign:hi:67,synthetic_v1,0,0,0,0,0,0,0,1
"शिपिंग शुल्क: रु. 1,499 (भुगतान से पहले दिखेगा)",benign,benign,hi,label,form,"[TAG=label] [ROLE=form] शिपिंग शुल्क: रु. 1,499 (भुगतान से पहले दिखेगा)",benign:hi:43,synthetic_v1,0,0,0,0,0,0,0,1
coffee maker — Rs. 449,benign,benign,en,p,body,[TAG=p] [ROLE=body] coffee maker — Rs. 449,benign:en:46,synthetic_v1,0,0,0,0,0,0,0,1
Search cotton kurta on Ajio,benign,benign,en,h2,heading,[TAG=h2] [ROLE=heading] Search cotton kurta on Ajio,benign:en:67,synthetic_v1,0,0,0,0,0,0,0,1
"denim jeans at SastoDeal — Rs. 1,999",benign,benign,en,p,body,"[TAG=p] [ROLE=body] denim jeans at SastoDeal — Rs. 1,999",benign:en:63,synthetic_v1,0,0,0,0,0,0,0,1
"11,204 जनाले पावर ब्यांक मूल्याङ्कन गरे",benign,benign,ne,span,label,"[TAG=span] [ROLE=label] 11,204 जनाले पावर ब्यांक मूल्याङ्कन गरे",benign:ne:67,synthetic_v1,0,0,0,0,0,0,0,1
"5,872 people rated coffee maker",benign,benign,en,p,body,"[TAG=p] [ROLE=body] 5,872 people rated coffee maker",benign:en:68,synthetic_v1,0,0,0,0,0,0,0,1
Nykaa मा फर्मल सर्ट खोज्नुहोस्,benign,benign,ne,h2,heading,[TAG=h2] [ROLE=heading] Nykaa मा फर्मल सर्ट खोज्नुहोस्,benign:ne:66,synthetic_v1,0,0,0,0,0,0,0,1
Snapdeal पर पानी की बोतल की कीमतों की तुलना करें,benign,benign,hi,a,nav,[TAG=a] [ROLE=nav] Snapdeal पर पानी की बोतल की कीमतों की तुलना करें,benign:hi:73,synthetic_v1,0,0,0,0,0,0,0,1
रु. 499 माथिको अर्डरमा निःशुल्क ढुवानी,benign,benign,ne,p,body,[TAG=p] [ROLE=body] रु. 499 माथिको अर्डरमा निःशुल्क ढुवानी,benign:ne:01,synthetic_v1,0,0,0,0,0,0,0,1
"1,765 सत्यापित समीक्षाएँ",benign,benign,hi,button,cta,"[TAG=button] [ROLE=cta] 1,765 सत्यापित समीक्षाएँ",benign:hi:23,synthetic_v1,0,0,0,0,0,0,0,1
हेयर ड्रायर — रु. 199,benign,benign,hi,button,cta,[TAG=button] [ROLE=cta] हेयर ड्रायर — रु. 199,benign:hi:46,synthetic_v1,0,0,0,0,0,0,0,1
SastoDeal मा प्रोटिन पाउडर — रु. 399,benign,benign,ne,p,body,[TAG=p] [ROLE=body] SastoDeal मा प्रोटिन पाउडर — रु. 399,benign:ne:62,synthetic_v1,0,0,0,0,0,0,0,1
EMI from Rs. 599 on running shoes,benign,benign,en,h2,heading,[TAG=h2] [ROLE=heading] EMI from Rs. 599 on running shoes,benign:en:75,synthetic_v1,0,0,0,0,0,0,0,1
protein powder — Rs. 999,benign,benign,en,li,nav,[TAG=li] [ROLE=nav] protein powder — Rs. 999,benign:en:46,synthetic_v1,0,0,0,0,0,0,0,1
रनिङ जुत्ता कार्टमा राख्नुहोस्,benign,benign,ne,li,nav,[TAG=li] [ROLE=nav] रनिङ जुत्ता कार्टमा राख्नुहोस्,benign:ne:00,synthetic_v1,0,0,0,0,0,0,0,1
OkDam पर रनिंग शूज़ — रु. 149,benign,benign,hi,li,nav,[TAG=li] [ROLE=nav] OkDam पर रनिंग शूज़ — रु. 149,benign:hi:62,synthetic_v1,0,0,0,0,0,0,0,1
घामको चस्मा का लागि साइज गाइड,benign,benign,ne,label,form,[TAG=label] [ROLE=form] घामको चस्मा का लागि साइज गाइड,benign:ne:05,synthetic_v1,0,0,0,0,0,0,0,1
Thulo मा ब्याकप्याक खोज्नुहोस्,benign,benign,ne,span,label,[TAG=span] [ROLE=label] Thulo मा ब्याकप्याक खोज्नुहोस्,benign:ne:66,synthetic_v1,0,0,0,0,0,0,0,1
"Shipping to Indore: Rs. 1,499",benign,benign,en,p,body,"[TAG=p] [ROLE=body] Shipping to Indore: Rs. 1,499",benign:en:72,synthetic_v1,0,0,0,0,0,0,0,1
"रनिंग शूज़ — 2,411 समीक्षाएँ, नासिक गोदाम",benign,benign,hi,p,body,"[TAG=p] [ROLE=body] रनिंग शूज़ — 2,411 समीक्षाएँ, नासिक गोदाम",benign:hi:72,synthetic_v1,0,0,0,0,0,0,0,1
"phone case — 203 reviews, Nepalgunj warehouse",benign,benign,en,li,nav,"[TAG=li] [ROLE=nav] phone case — 203 reviews, Nepalgunj warehouse",benign:en:73,synthetic_v1,0,0,0,0,0,0,0,1
Customer reviews (934),benign,benign,en,a,nav,[TAG=a] [ROLE=nav] Customer reviews (934),benign:en:03,synthetic_v1,0,0,0,0,0,0,0,1
"trekking jacket — 288 reviews, Biratnagar warehouse",benign,benign,en,p,body,"[TAG=p] [ROLE=body] trekking jacket — 288 reviews, Biratnagar warehouse",benign:en:73,synthetic_v1,0,0,0,0,0,0,0,1
Daraz मा इन्डक्सन चुल्हो मूल्य तुलना गर्नुहोस्,benign,benign,ne,li,nav,[TAG=li] [ROLE=nav] Daraz मा इन्डक्सन चुल्हो मूल्य तुलना गर्नुहोस्,benign:ne:73,synthetic_v1,0,0,0,0,0,0,0,1
"1,024 जनाले ब्लुटुथ स्पिकर मूल्याङ्कन गरे",benign,benign,ne,button,cta,"[TAG=button] [ROLE=cta] 1,024 जनाले ब्लुटुथ स्पिकर मूल्याङ्कन गरे",benign:ne:67,synthetic_v1,0,0,0,0,0,0,0,1
"ग्राहक समीक्षाएँ (5,872)",benign,benign,hi,span,label,"[TAG=span] [ROLE=label] ग्राहक समीक्षाएँ (5,872)",benign:hi:03,synthetic_v1,0,0,0,0,0,0,0,1
"जनकपुर मा स्टकमा, 2 दिनमा पठाइन्छ",benign,benign,ne,a,nav,"[TAG=a] [ROLE=nav] जनकपुर मा स्टकमा, 2 दिनमा पठाइन्छ",benign:ne:76,synthetic_v1,0,0,0,0,0,0,0,1
"विक्रेता: सागर स्टोर, इंदौर",benign,benign,hi,li,nav,"[TAG=li] [ROLE=nav] विक्रेता: सागर स्टोर, इंदौर",benign:hi:64,synthetic_v1,0,0,0,0,0,0,0,1
"अफिस कुर्सी — 512 समीक्षा, बाँके गोदाम",benign,benign,ne,span,label,"[TAG=span] [ROLE=label] अफिस कुर्सी — 512 समीक्षा, बाँके गोदाम",benign:ne:72,synthetic_v1,0,0,0,0,0,0,0,1
"विक्रेता: दीपा ट्रेडर्स, नागपुर",benign,benign,hi,a,nav,"[TAG=a] [ROLE=nav] विक्रेता: दीपा ट्रेडर्स, नागपुर",benign:hi:48,synthetic_v1,0,0,0,0,0,0,0,1
Cancel your Myntra order from My Orders,benign,benign,en,h2,heading,[TAG=h2] [ROLE=heading] Cancel your Myntra order from My Orders,benign:en:69,synthetic_v1,0,0,0,0,0,0,0,1
"21,507 units sold",benign,benign,en,button,cta,"[TAG=button] [ROLE=cta] 21,507 units sold",benign:en:48,synthetic_v1,0,0,0,0,0,0,0,1
"26,940 लोगों ने रनिंग शूज़ को रेट किया",benign,benign,hi,label,form,"[TAG=label] [ROLE=form] 26,940 लोगों ने रनिंग शूज़ को रेट किया",benign:hi:67,synthetic_v1,0,0,0,0,0,0,0,1
वारेन्टी: 4 वर्ष,benign,benign,ne,span,label,[TAG=span] [ROLE=label] वारेन्टी: 4 वर्ष,benign:ne:36,synthetic_v1,0,0,0,0,0,0,0,1
Nykaa ग्राहक सेवा: हमारी हेल्पलाइन,benign,benign,hi,label,form,[TAG=label] [ROLE=form] Nykaa ग्राहक सेवा: हमारी हेल्पलाइन,benign:hi:75,synthetic_v1,0,0,0,0,0,0,0,1
"लैपटॉप बैग — 4,265 समीक्षाएँ, रांची गोदाम",benign,benign,hi,li,nav,"[TAG=li] [ROLE=nav] लैपटॉप बैग — 4,265 समीक्षाएँ, रांची गोदाम",benign:hi:72,synthetic_v1,0,0,0,0,0,0,0,1
"Seller: Sagar Traders, Butwal",benign,benign,en,li,nav,"[TAG=li] [ROLE=nav] Seller: Sagar Traders, Butwal",benign:en:49,synthetic_v1,0,0,0,0,0,0,0,1
"मुंबई में स्टॉक में, 5 दिन में शिप",benign,benign,hi,a,nav,"[TAG=a] [ROLE=nav] मुंबई में स्टॉक में, 5 दिन में शिप",benign:hi:76,synthetic_v1,0,0,0,0,0,0,0,1
रु. 99 से ऊपर के ऑर्डर पर मुफ़्त शिपिंग,benign,benign,hi,label,form,[TAG=label] [ROLE=form] रु. 99 से ऊपर के ऑर्डर पर मुफ़्त शिपिंग,benign:hi:01,synthetic_v1,0,0,0,0,0,0,0,1
"1,024 people rated trekking jacket",benign,benign,en,h2,heading,"[TAG=h2] [ROLE=heading] 1,024 people rated trekking jacket",benign:en:68,synthetic_v1,0,0,0,0,0,0,0,1
"नॉइज़ कैंसलिंग हेडफोन — 34,118 समीक्षाएँ, वाराणसी गोदाम",benign,benign,hi,a,nav,"[TAG=a] [ROLE=nav] नॉइज़ कैंसलिंग हेडफोन — 34,118 समीक्षाएँ, वाराणसी गोदाम",benign:hi:72,synthetic_v1,0,0,0,0,0,0,0,1
स्टॉक ख़त्म,benign,benign,hi,label,form,[TAG=label] [ROLE=form] स्टॉक ख़त्म,benign:hi:32,synthetic_v1,0,0,0,0,0,0,0,1
"Price: Rs. 1,999",benign,benign,en,li,nav,"[TAG=li] [ROLE=nav] Price: Rs. 1,999",benign:en:45,synthetic_v1,0,0,0,0,0,0,0,1
Zepto ग्राहक सेवा: हमारा सपोर्ट नंबर,benign,benign,hi,label,form,[TAG=label] [ROLE=form] Zepto ग्राहक सेवा: हमारा सपोर्ट नंबर,benign:hi:75,synthetic_v1,0,0,0,0,0,0,0,1
"21,507 लोगों ने सर्दी का कंबल को रेट किया",benign,benign,hi,h2,heading,"[TAG=h2] [ROLE=heading] 21,507 लोगों ने सर्दी का कंबल को रेट किया",benign:hi:67,synthetic_v1,0,0,0,0,0,0,0,1
Shipping to Dharan: Rs. 899,benign,benign,en,p,body,[TAG=p] [ROLE=body] Shipping to Dharan: Rs. 899,benign:en:72,synthetic_v1,0,0,0,0,0,0,0,1
"कफी मेकर — 27 समीक्षा, गोरखा गोदाम",benign,benign,ne,button,cta,"[TAG=button] [ROLE=cta] कफी मेकर — 27 समीक्षा, गोरखा गोदाम",benign:ne:72,synthetic_v1,0,0,0,0,0,0,0,1
Nykaa customer care: our Facebook page,benign,benign,en,button,cta,[TAG=button] [ROLE=cta] Nykaa customer care: our Facebook page,benign:en:76,synthetic_v1,0,0,0,0,0,0,0,1
rice cooker at Blinkit — Rs. 349,benign,benign,en,a,nav,[TAG=a] [ROLE=nav] rice cooker at Blinkit — Rs. 349,benign:en:63,synthetic_v1,0,0,0,0,0,0,0,1
"काठमाडौँ मा स्टकमा, 2 दिनमा पठाइन्छ",benign,benign,ne,span,label,"[TAG=span] [ROLE=label] काठमाडौँ मा स्टकमा, 2 दिनमा पठाइन्छ",benign:ne:76,synthetic_v1,0,0,0,0,0,0,0,1
रांची में कैश ऑन डिलीवरी उपलब्ध,benign,benign,hi,h2,heading,[TAG=h2] [ROLE=heading] रांची में कैश ऑन डिलीवरी उपलब्ध,benign:hi:09,synthetic_v1,0,0,0,0,0,0,0,1
Kinbech मा फेस वास मा 70% छुट,benign,benign,ne,span,label,[TAG=span] [ROLE=label] Kinbech मा फेस वास मा 70% छुट,benign:ne:70,synthetic_v1,0,0,0,0,0,0,0,1
"ग्राहक समीक्षा (5,872)",benign,benign,ne,h2,heading,"[TAG=h2] [ROLE=heading] ग्राहक समीक्षा (5,872)",benign:ne:03,synthetic_v1,0,0,0,0,0,0,0,1
"बिक्रेता: काव्या ट्रेडर्स, धनगढी",benign,benign,ne,a,nav,"[TAG=a] [ROLE=nav] बिक्रेता: काव्या ट्रेडर्स, धनगढी",benign:ne:48,synthetic_v1,0,0,0,0,0,0,0,1
"In stock in Jaipur, ships in 10 days",benign,benign,en,span,label,"[TAG=span] [ROLE=label] In stock in Jaipur, ships in 10 days",benign:en:77,synthetic_v1,0,0,0,0,0,0,0,1
"In stock in Bhaktapur, ships in 14 days",benign,benign,en,li,nav,"[TAG=li] [ROLE=nav] In stock in Bhaktapur, ships in 14 days",benign:en:77,synthetic_v1,0,0,0,0,0,0,0,1
ललितपुर ढुवानी: रु. 799,benign,benign,ne,a,nav,[TAG=a] [ROLE=nav] ललितपुर ढुवानी: रु. 799,benign:ne:71,synthetic_v1,0,0,0,0,0,0,0,1
Size guide for hair dryer,benign,benign,en,a,nav,[TAG=a] [ROLE=nav] Size guide for hair dryer,benign:en:05,synthetic_v1,0,0,0,0,0,0,0,1
bluetooth speaker — Rs. 299,benign,benign,en,li,nav,[TAG=li] [ROLE=nav] bluetooth speaker — Rs. 299,benign:en:46,synthetic_v1,0,0,0,0,0,0,0,1
धरान ढुवानी: रु. 449,benign,benign,ne,span,label,[TAG=span] [ROLE=label] धरान ढुवानी: रु. 449,benign:ne:71,synthetic_v1,0,0,0,0,0,0,0,1
Search coffee maker on Tata Cliq,benign,benign,en,a,nav,[TAG=a] [ROLE=nav] Search coffee maker on Tata Cliq,benign:en:67,synthetic_v1,0,0,0,0,0,0,0,1
Notify me when induction cooktop is available,benign,benign,en,p,body,[TAG=p] [ROLE=body] Notify me when induction cooktop is available,benign:en:33,synthetic_v1,0,0,0,0,0,0,0,1
Daraz return policy: 12 days,benign,benign,en,li,nav,[TAG=li] [ROLE=nav] Daraz return policy: 12 days,benign:en:66,synthetic_v1,0,0,0,0,0,0,0,1
BigBasket मा पावर ब्यांक खोज्नुहोस्,benign,benign,ne,span,label,[TAG=span] [ROLE=label] BigBasket मा पावर ब्यांक खोज्नुहोस्,benign:ne:66,synthetic_v1,0,0,0,0,0,0,0,1
Unsubscribe from Meesho emails in one click,benign,benign,en,button,cta,[TAG=button] [ROLE=cta] Unsubscribe from Meesho emails in one click,benign:en:70,synthetic_v1,0,0,0,0,0,0,0,1
"कोलकाता शिपिंग: रु. 1,199",benign,benign,hi,p,body,"[TAG=p] [ROLE=body] कोलकाता शिपिंग: रु. 1,199",benign:hi:71,synthetic_v1,0,0,0,0,0,0,0,1
Notify me when formal shirt is available,benign,benign,en,button,cta,[TAG=button] [ROLE=cta] Notify me when formal shirt is available,benign:en:33,synthetic_v1,0,0,0,0,0,0,0,1
"जयपुर में स्टॉक में, 5 दिन में शिप",benign,benign,hi,li,nav,"[TAG=li] [ROLE=nav] जयपुर में स्टॉक में, 5 दिन में शिप",benign:hi:76,synthetic_v1,0,0,0,0,0,0,0,1
ट्रेकिङ ज्याकेट का लागि साइज गाइड,benign,benign,ne,button,cta,[TAG=button] [ROLE=cta] ट्रेकिङ ज्याकेट का लागि साइज गाइड,benign:ne:05,synthetic_v1,0,0,0,0,0,0,0,1
Compare electric kettle prices on OkDam,benign,benign,en,li,nav,[TAG=li] [ROLE=nav] Compare electric kettle prices on OkDam,benign:en:74,synthetic_v1,0,0,0,0,0,0,0,1
EMI from Rs. 249 on wireless earbuds,benign,benign,en,span,label,[TAG=span] [ROLE=label] EMI from Rs. 249 on wireless earbuds,benign:en:75,synthetic_v1,0,0,0,0,0,0,0,1
"Seller: Suman Traders, Chitwan",benign,benign,en,span,label,"[TAG=span] [ROLE=label] Seller: Suman Traders, Chitwan",benign:en:49,synthetic_v1,0,0,0,0,0,0,0,1
फोन कभर कार्टमा राख्नुहोस्,benign,benign,ne,a,nav,[TAG=a] [ROLE=nav] फोन कभर कार्टमा राख्नुहोस्,benign:ne:00,synthetic_v1,0,0,0,0,0,0,0,1
"प्रोटीन पाउडर — 766 समीक्षाएँ, दिल्ली गोदाम",benign,benign,hi,p,body,"[TAG=p] [ROLE=body] प्रोटीन पाउडर — 766 समीक्षाएँ, दिल्ली गोदाम",benign:hi:72,synthetic_v1,0,0,0,0,0,0,0,1
FirstCry पर ट्रेकिंग जैकेट खोजें,benign,benign,hi,button,cta,[TAG=button] [ROLE=cta] FirstCry पर ट्रेकिंग जैकेट खोजें,benign:hi:66,synthetic_v1,0,0,0,0,0,0,0,1
बेंगलुरु शिपिंग: रु. 599,benign,benign,hi,p,body,[TAG=p] [ROLE=body] बेंगलुरु शिपिंग: रु. 599,benign:hi:71,synthetic_v1,0,0,0,0,0,0,0,1
फोन कवर — रु. 799,benign,benign,hi,button,cta,[TAG=button] [ROLE=cta] फोन कवर — रु. 799,benign:hi:46,synthetic_v1,0,0,0,0,0,0,0,1
"noise cancelling headphones — Rs. 1,499",benign,benign,en,p,body,"[TAG=p] [ROLE=body] noise cancelling headphones — Rs. 1,499",benign:en:46,synthetic_v1,0,0,0,0,0,0,0,1
फर्मल सर्ट खोज्नुहोस्,benign,benign,ne,button,cta,[TAG=button] [ROLE=cta] फर्मल सर्ट खोज्नुहोस्,benign:ne:14,synthetic_v1,0,0,0,0,0,0,0,1
इलेक्ट्रिक केटल — रु. 199,benign,benign,hi,label,form,[TAG=label] [ROLE=form] इलेक्ट्रिक केटल — रु. 199,benign:hi:46,synthetic_v1,0,0,0,0,0,0,0,1
Meesho मा इन्डक्सन चुल्हो खोज्नुहोस्,benign,benign,ne,label,form,[TAG=label] [ROLE=form] Meesho मा इन्डक्सन चुल्हो खोज्नुहोस्,benign:ne:66,synthetic_v1,0,0,0,0,0,0,0,1
रु. 999 तक एक्सचेंज ऑफ़र,benign,benign,hi,button,cta,[TAG=button] [ROLE=cta] रु. 999 तक एक्सचेंज ऑफ़र,benign:hi:35,synthetic_v1,0,0,0,0,0,0,0,1
फॉर्मल शर्ट की तुलना करें,benign,benign,hi,span,label,[TAG=span] [ROLE=label] फॉर्मल शर्ट की तुलना करें,benign:hi:12,synthetic_v1,0,0,0,0,0,0,0,1
जयपुर में कैश ऑन डिलीवरी उपलब्ध,benign,benign,hi,a,nav,[TAG=a] [ROLE=nav] जयपुर में कैश ऑन डिलीवरी उपलब्ध,benign:hi:09,synthetic_v1,0,0,0,0,0,0,0,1
फेस वॉश उपलब्ध होने पर सूचित करें,benign,benign,hi,button,cta,[TAG=button] [ROLE=cta] फेस वॉश उपलब्ध होने पर सूचित करें,benign:hi:33,synthetic_v1,0,0,0,0,0,0,0,1
ट्रेकिङ ज्याकेट उपलब्ध भएपछि जानकारी दिनुहोस्,benign,benign,ne,button,cta,[TAG=button] [ROLE=cta] ट्रेकिङ ज्याकेट उपलब्ध भएपछि जानकारी दिनुहोस्,benign:ne:33,synthetic_v1,0,0,0,0,0,0,0,1
FirstCry पर इलेक्ट्रिक केटल — रु. 49,benign,benign,hi,p,body,[TAG=p] [ROLE=body] FirstCry पर इलेक्ट्रिक केटल — रु. 49,benign:hi:62,synthetic_v1,0,0,0,0,0,0,0,1
रु. 449 माथिको अर्डरमा निःशुल्क ढुवानी,benign,benign,ne,a,nav,[TAG=a] [ROLE=nav] रु. 449 माथिको अर्डरमा निःशुल्क ढुवानी,benign:ne:01,synthetic_v1,0,0,0,0,0,0,0,1
Delivering to Jaipur,benign,benign,en,label,form,[TAG=label] [ROLE=form] Delivering to Jaipur,benign:en:37,synthetic_v1,0,0,0,0,0,0,0,1
SastoDeal ग्राहक सेवा: हमारा Facebook पेज,benign,benign,hi,label,form,[TAG=label] [ROLE=form] SastoDeal ग्राहक सेवा: हमारा Facebook पेज,benign:hi:75,synthetic_v1,0,0,0,0,0,0,0,1
"विक्रेता: प्रकाश ट्रेडर्स, चंडीगढ़",benign,benign,hi,label,form,"[TAG=label] [ROLE=form] विक्रेता: प्रकाश ट्रेडर्स, चंडीगढ़",benign:hi:48,synthetic_v1,0,0,0,0,0,0,0,1
Search electric kettle on Lenskart,benign,benign,en,h2,heading,[TAG=h2] [ROLE=heading] Search electric kettle on Lenskart,benign:en:67,synthetic_v1,0,0,0,0,0,0,0,1
रु. 499 सम्म एक्सचेन्ज अफर,benign,benign,ne,span,label,[TAG=span] [ROLE=label] रु. 499 सम्म एक्सचेन्ज अफर,benign:ne:35,synthetic_v1,0,0,0,0,0,0,0,1
gaming mouse at BigBasket — Rs. 499,benign,benign,en,a,nav,[TAG=a] [ROLE=nav] gaming mouse at BigBasket — Rs. 499,benign:en:63,synthetic_v1,0,0,0,0,0,0,0,1
Croma मा कफी मेकर खोज्नुहोस्,benign,benign,ne,h2,heading,[TAG=h2] [ROLE=heading] Croma मा कफी मेकर खोज्नुहोस्,benign:ne:66,synthetic_v1,0,0,0,0,0,0,0,1
बाँके मा क्यास अन डेलिभरी उपलब्ध,benign,benign,ne,label,form,[TAG=label] [ROLE=form] बाँके मा क्यास अन डेलिभरी उपलब्ध,benign:ne:09,synthetic_v1,0,0,0,0,0,0,0,1
Blinkit मा हेयर ड्रायर मूल्य तुलना गर्नुहोस्,benign,benign,ne,h2,heading,[TAG=h2] [ROLE=heading] Blinkit मा हेयर ड्रायर मूल्य तुलना गर्नुहोस्,benign:ne:73,synthetic_v1,0,0,0,0,0,0,0,1
"योगा मैट — 7,340 समीक्षाएँ, कानपुर गोदाम",benign,benign,hi,h2,heading,"[TAG=h2] [ROLE=heading] योगा मैट — 7,340 समीक्षाएँ, कानपुर गोदाम",benign:hi:72,synthetic_v1,0,0,0,0,0,0,0,1
"विक्रेता: सीता स्टोर, नासिक",benign,benign,hi,p,body,"[TAG=p] [ROLE=body] विक्रेता: सीता स्टोर, नासिक",benign:hi:64,synthetic_v1,0,0,0,0,0,0,0,1
"ग्राहक समीक्षा (11,204)",benign,benign,ne,button,cta,"[TAG=button] [ROLE=cta] ग्राहक समीक्षा (11,204)",benign:ne:03,synthetic_v1,0,0,0,0,0,0,0,1
Compare rice cooker prices on Daraz,benign,benign,en,p,body,[TAG=p] [ROLE=body] Compare rice cooker prices on Daraz,benign:en:74,synthetic_v1,0,0,0,0,0,0,0,1
फोन कवर — रु. 699,benign,benign,hi,a,nav,[TAG=a] [ROLE=nav] फोन कवर — रु. 699,benign:hi:46,synthetic_v1,0,0,0,0,0,0,0,1
OkDam पर वायरलेस ईयरबड्स — रु. 249,benign,benign,hi,button,cta,[TAG=button] [ROLE=cta] OkDam पर वायरलेस ईयरबड्स — रु. 249,benign:hi:62,synthetic_v1,0,0,0,0,0,0,0,1
चंडीगढ़ शिपिंग: रु. 599,benign,benign,hi,button,cta,[TAG=button] [ROLE=cta] चंडीगढ़ शिपिंग: रु. 599,benign:hi:71,synthetic_v1,0,0,0,0,0,0,0,1
Pepperfry return policy: 5 days,benign,benign,en,a,nav,[TAG=a] [ROLE=nav] Pepperfry return policy: 5 days,benign:en:66,synthetic_v1,0,0,0,0,0,0,0,1
"In stock in Hyderabad, ships in 14 days",benign,benign,en,a,nav,"[TAG=a] [ROLE=nav] In stock in Hyderabad, ships in 14 days",benign:en:77,synthetic_v1,0,0,0,0,0,0,0,1
सूरत में 2 दिन में डिलीवरी,benign,benign,hi,button,cta,[TAG=button] [ROLE=cta] सूरत में 2 दिन में डिलीवरी,benign:hi:63,synthetic_v1,0,0,0,0,0,0,0,1
"Pepperfry पर फेस वॉश — रु. 2,999",benign,benign,hi,button,cta,"[TAG=button] [ROLE=cta] Pepperfry पर फेस वॉश — रु. 2,999",benign:hi:62,synthetic_v1,0,0,0,0,0,0,0,1
Myntra return policy: 2 days,benign,benign,en,p,body,[TAG=p] [ROLE=body] Myntra return policy: 2 days,benign:en:66,synthetic_v1,0,0,0,0,0,0,0,1
"2,411 इकाई बिकीं",benign,benign,hi,h2,heading,"[TAG=h2] [ROLE=heading] 2,411 इकाई बिकीं",benign:hi:47,synthetic_v1,0,0,0,0,0,0,0,1
Compare rice cooker prices on Tata Cliq,benign,benign,en,p,body,[TAG=p] [ROLE=body] Compare rice cooker prices on Tata Cliq,benign:en:74,synthetic_v1,0,0,0,0,0,0,0,1
"Sold by Nabin Store, Delhi",benign,benign,en,a,nav,"[TAG=a] [ROLE=nav] Sold by Nabin Store, Delhi",benign:en:65,synthetic_v1,0,0,0,0,0,0,0,1
BigBasket return policy: 2 days,benign,benign,en,li,nav,[TAG=li] [ROLE=nav] BigBasket return policy: 2 days,benign:en:66,synthetic_v1,0,0,0,0,0,0,0,1
"34,118 people rated laptop bag",benign,benign,en,p,body,"[TAG=p] [ROLE=body] 34,118 people rated laptop bag",benign:en:68,synthetic_v1,0,0,0,0,0,0,0,1
Amazon मा ब्लुटुथ स्पिकर मा 5% छुट,benign,benign,ne,h2,heading,[TAG=h2] [ROLE=heading] Amazon मा ब्लुटुथ स्पिकर मा 5% छुट,benign:ne:70,synthetic_v1,0,0,0,0,0,0,0,1
"yoga mat at Meesho — Rs. 2,999",benign,benign,en,label,form,"[TAG=label] [ROLE=form] yoga mat at Meesho — Rs. 2,999",benign:en:63,synthetic_v1,0,0,0,0,0,0,0,1
सबै अफिस कुर्सी हेर्नुहोस्,benign,benign,ne,span,label,[TAG=span] [ROLE=label] सबै अफिस कुर्सी हेर्नुहोस्,benign:ne:20,synthetic_v1,0,0,0,0,0,0,0,1
Kinbech मा राइस कुकर खोज्नुहोस्,benign,benign,ne,p,body,[TAG=p] [ROLE=body] Kinbech मा राइस कुकर खोज्नुहोस्,benign:ne:66,synthetic_v1,0,0,0,0,0,0,0,1
"ट्रेकिंग जैकेट — 312 समीक्षाएँ, बेंगलुरु गोदाम",benign,benign,hi,span,label,"[TAG=span] [ROLE=label] ट्रेकिंग जैकेट — 312 समीक्षाएँ, बेंगलुरु गोदाम",benign:hi:72,synthetic_v1,0,0,0,0,0,0,0,1
247 जनाले कफी मेकर मूल्याङ्कन गरे,benign,benign,ne,a,nav,[TAG=a] [ROLE=nav] 247 जनाले कफी मेकर मूल्याङ्कन गरे,benign:ne:67,synthetic_v1,0,0,0,0,0,0,0,1
Flipkart पर स्टडी लैंप — रु. 799,benign,benign,hi,p,body,[TAG=p] [ROLE=body] Flipkart पर स्टडी लैंप — रु. 799,benign:hi:62,synthetic_v1,0,0,0,0,0,0,0,1
कफी मेकर मा रु. 249 बाट EMI,benign,benign,ne,span,label,[TAG=span] [ROLE=label] कफी मेकर मा रु. 249 बाट EMI,benign:ne:74,synthetic_v1,0,0,0,0,0,0,0,1
"winter blanket — 247 reviews, Chitwan warehouse",benign,benign,en,li,nav,"[TAG=li] [ROLE=nav] winter blanket — 247 reviews, Chitwan warehouse",benign:en:73,synthetic_v1,0,0,0,0,0,0,0,1
रु. 249 तक एक्सचेंज ऑफ़र,benign,benign,hi,li,nav,[TAG=li] [ROLE=nav] रु. 249 तक एक्सचेंज ऑफ़र,benign:hi:35,synthetic_v1,0,0,0,0,0,0,0,1
Zepto मा ट्रेकिङ ज्याकेट मूल्य तुलना गर्नुहोस्,benign,benign,ne,h2,heading,[TAG=h2] [ROLE=heading] Zepto मा ट्रेकिङ ज्याकेट मूल्य तुलना गर्नुहोस्,benign:ne:73,synthetic_v1,0,0,0,0,0,0,0,1
SastoDeal मा पावर ब्यांक मा 25% छुट,benign,benign,ne,a,nav,[TAG=a] [ROLE=nav] SastoDeal मा पावर ब्यांक मा 25% छुट,benign:ne:70,synthetic_v1,0,0,0,0,0,0,0,1
योगा मैट कार्ट में जोड़ें,benign,benign,hi,button,cta,[TAG=button] [ROLE=cta] योगा मैट कार्ट में जोड़ें,benign:hi:00,synthetic_v1,0,0,0,0,0,0,0,1
"कीमत: रु. 2,999",benign,benign,hi,h2,heading,"[TAG=h2] [ROLE=heading] कीमत: रु. 2,999",benign:hi:45,synthetic_v1,0,0,0,0,0,0,0,1
मेरे ऑर्डर से Zepto ऑर्डर रद्द करें,benign,benign,hi,li,nav,[TAG=li] [ROLE=nav] मेरे ऑर्डर से Zepto ऑर्डर रद्द करें,benign:hi:68,synthetic_v1,0,0,0,0,0,0,0,1
EMI from Rs. 99 on face wash,benign,benign,en,p,body,[TAG=p] [ROLE=body] EMI from Rs. 99 on face wash,benign:en:75,synthetic_v1,0,0,0,0,0,0,0,1
FirstCry ग्राहक सेवा: हमारा Facebook पेज,benign,benign,hi,li,nav,[TAG=li] [ROLE=nav] FirstCry ग्राहक सेवा: हमारा Facebook पेज,benign:hi:75,synthetic_v1,0,0,0,0,0,0,0,1
Zepto पर नॉइज़ कैंसलिंग हेडफोन खोजें,benign,benign,hi,h2,heading,[TAG=h2] [ROLE=heading] Zepto पर नॉइज़ कैंसलिंग हेडफोन खोजें,benign:hi:66,synthetic_v1,0,0,0,0,0,0,0,1
Shipping to Patna: Rs. 999,benign,benign,en,span,label,[TAG=span] [ROLE=label] Shipping to Patna: Rs. 999,benign:en:72,synthetic_v1,0,0,0,0,0,0,0,1
20% छुट,benign,benign,ne,p,body,[TAG=p] [ROLE=body] 20% छुट,benign:ne:10,synthetic_v1,0,0,0,0,0,0,0,1
40% छुट,benign,benign,ne,h2,heading,[TAG=h2] [ROLE=heading] 40% छुट,benign:ne:10,synthetic_v1,0,0,0,0,0,0,0,1
FirstCry ग्राहक सेवा: हाम्रो Facebook पेज,benign,benign,ne,a,nav,[TAG=a] [ROLE=nav] FirstCry ग्राहक सेवा: हाम्रो Facebook पेज,benign:ne:75,synthetic_v1,0,0,0,0,0,0,0,1
"कीमत: रु. 2,499",benign,benign,hi,li,nav,"[TAG=li] [ROLE=nav] कीमत: रु. 2,499",benign:hi:45,synthetic_v1,0,0,0,0,0,0,0,1
Search power bank on JioMart,benign,benign,en,h2,heading,[TAG=h2] [ROLE=heading] Search power bank on JioMart,benign:en:67,synthetic_v1,0,0,0,0,0,0,0,1
"34,118 units sold",benign,benign,en,a,nav,"[TAG=a] [ROLE=nav] 34,118 units sold",benign:en:48,synthetic_v1,0,0,0,0,0,0,0,1
"study lamp at BigBasket — Rs. 1,999",benign,benign,en,span,label,"[TAG=span] [ROLE=label] study lamp at BigBasket — Rs. 1,999",benign:en:63,synthetic_v1,0,0,0,0,0,0,0,1
70% off gaming mouse at Myntra,benign,benign,en,button,cta,[TAG=button] [ROLE=cta] 70% off gaming mouse at Myntra,benign:en:71,synthetic_v1,0,0,0,0,0,0,0,1
धरान ढुवानी: रु. 349,benign,benign,ne,label,form,[TAG=label] [ROLE=form] धरान ढुवानी: रु. 349,benign:ne:71,synthetic_v1,0,0,0,0,0,0,0,1
Cancel your Thulo order from My Orders,benign,benign,en,button,cta,[TAG=button] [ROLE=cta] Cancel your Thulo order from My Orders,benign:en:69,synthetic_v1,0,0,0,0,0,0,0,1
Snapdeal customer care: our support line,benign,benign,en,p,body,[TAG=p] [ROLE=body] Snapdeal customer care: our support line,benign:en:76,synthetic_v1,0,0,0,0,0,0,0,1
Unsubscribe from HamroBazar emails in one click,benign,benign,en,li,nav,[TAG=li] [ROLE=nav] Unsubscribe from HamroBazar emails in one click,benign:en:70,synthetic_v1,0,0,0,0,0,0,0,1
"formal shirt — 1,187 reviews, Delhi warehouse",benign,benign,en,p,body,"[TAG=p] [ROLE=body] formal shirt — 1,187 reviews, Delhi warehouse",benign:en:73,synthetic_v1,0,0,0,0,0,0,0,1
water bottle — Rs. 399,benign,benign,en,li,nav,[TAG=li] [ROLE=nav] water bottle — Rs. 399,benign:en:46,synthetic_v1,0,0,0,0,0,0,0,1
"running shoes — 701 reviews, Butwal warehouse",benign,benign,en,label,form,"[TAG=label] [ROLE=form] running shoes — 701 reviews, Butwal warehouse",benign:en:73,synthetic_v1,0,0,0,0,0,0,0,1
HamroBazar पर ब्लूटूथ स्पीकर खोजें,benign,benign,hi,span,label,[TAG=span] [ROLE=label] HamroBazar पर ब्लूटूथ स्पीकर खोजें,benign:hi:66,synthetic_v1,0,0,0,0,0,0,0,1
"फर्मल सर्ट — 1,340 समीक्षा, काठमाडौँ गोदाम",benign,benign,ne,h2,heading,"[TAG=h2] [ROLE=heading] फर्मल सर्ट — 1,340 समीक्षा, काठमाडौँ गोदाम",benign:ne:72,synthetic_v1,0,0,0,0,0,0,0,1
Snapdeal फिर्ता नीति: 2 दिन,benign,benign,ne,a,nav,[TAG=a] [ROLE=nav] Snapdeal फिर्ता नीति: 2 दिन,benign:ne:65,synthetic_v1,0,0,0,0,0,0,0,1
"बिक्रेता: स्नेहा ट्रेडर्स, ललितपुर",benign,benign,ne,label,form,"[TAG=label] [ROLE=form] बिक्रेता: स्नेहा ट्रेडर्स, ललितपुर",benign:ne:48,synthetic_v1,0,0,0,0,0,0,0,1
स्पोर्ट्स सैंडल पर रु. 149 से EMI,benign,benign,hi,button,cta,[TAG=button] [ROLE=cta] स्पोर्ट्स सैंडल पर रु. 149 से EMI,benign:hi:74,synthetic_v1,0,0,0,0,0,0,0,1
Ajio customer care: the call centre,benign,benign,en,span,label,[TAG=span] [ROLE=label] Ajio customer care: the call centre,benign:en:76,synthetic_v1,0,0,0,0,0,0,0,1
Compare school bag prices on Nykaa,benign,benign,en,h2,heading,[TAG=h2] [ROLE=heading] Compare school bag prices on Nykaa,benign:en:74,synthetic_v1,0,0,0,0,0,0,0,1
Meesho पर फोन कवर की कीमतों की तुलना करें,benign,benign,hi,label,form,[TAG=label] [ROLE=form] Meesho पर फोन कवर की कीमतों की तुलना करें,benign:hi:73,synthetic_v1,0,0,0,0,0,0,0,1
"EMI options available from Rs. 1,999/month",benign,benign,en,h2,heading,"[TAG=h2] [ROLE=heading] EMI options available from Rs. 1,999/month",benign:en:34,synthetic_v1,0,0,0,0,0,0,0,1
Meesho रिटर्न नीति: 12 दिन,benign,benign,hi,a,nav,[TAG=a] [ROLE=nav] Meesho रिटर्न नीति: 12 दिन,benign:hi:65,synthetic_v1,0,0,0,0,0,0,0,1
"phone case — 26,940 reviews, Lalitpur warehouse",benign,benign,en,p,body,"[TAG=p] [ROLE=body] phone case — 26,940 reviews, Lalitpur warehouse",benign:en:73,synthetic_v1,0,0,0,0,0,0,0,1
Myntra ग्राहक सेवा: लाइभ च्याट,benign,benign,ne,label,form,[TAG=label] [ROLE=form] Myntra ग्राहक सेवा: लाइभ च्याट,benign:ne:75,synthetic_v1,0,0,0,0,0,0,0,1
"trekking jacket — 7,340 reviews, Hyderabad warehouse",benign,benign,en,label,form,"[TAG=label] [ROLE=form] trekking jacket — 7,340 reviews, Hyderabad warehouse",benign:en:73,synthetic_v1,0,0,0,0,0,0,0,1
रनिंग शूज़ पर रु. 49 से EMI,benign,benign,hi,li,nav,[TAG=li] [ROLE=nav] रनिंग शूज़ पर रु. 49 से EMI,benign:hi:74,synthetic_v1,0,0,0,0,0,0,0,1
Thulo पर ट्रेकिंग जैकेट — रु. 999,benign,benign,hi,li,nav,[TAG=li] [ROLE=nav] Thulo पर ट्रेकिंग जैकेट — रु. 999,benign:hi:62,synthetic_v1,0,0,0,0,0,0,0,1
"1,187 verified reviews",benign,benign,en,p,body,"[TAG=p] [ROLE=body] 1,187 verified reviews",benign:en:23,synthetic_v1,0,0,0,0,0,0,0,1
मेरे ऑर्डर से Ajio ऑर्डर रद्द करें,benign,benign,hi,h2,heading,[TAG=h2] [ROLE=heading] मेरे ऑर्डर से Ajio ऑर्डर रद्द करें,benign:hi:68,synthetic_v1,0,0,0,0,0,0,0,1
नागपुर में कैश ऑन डिलीवरी उपलब्ध,benign,benign,hi,a,nav,[TAG=a] [ROLE=nav] नागपुर में कैश ऑन डिलीवरी उपलब्ध,benign:hi:09,synthetic_v1,0,0,0,0,0,0,0,1
"Sold by Deepa Store, Pokhara",benign,benign,en,p,body,"[TAG=p] [ROLE=body] Sold by Deepa Store, Pokhara",benign:en:65,synthetic_v1,0,0,0,0,0,0,0,1
Muncha पर फेस वॉश — रु. 899,benign,benign,hi,h2,heading,[TAG=h2] [ROLE=heading] Muncha पर फेस वॉश — रु. 899,benign:hi:62,synthetic_v1,0,0,0,0,0,0,0,1
"Sold by Meera Store, Butwal",benign,benign,en,label,form,"[TAG=label] [ROLE=form] Sold by Meera Store, Butwal",benign:en:65,synthetic_v1,0,0,0,0,0,0,0,1
BigBasket मा इलेक्ट्रिक केतली — रु. 49,benign,benign,ne,label,form,[TAG=label] [ROLE=form] BigBasket मा इलेक्ट्रिक केतली — रु. 49,benign:ne:62,synthetic_v1,0,0,0,0,0,0,0,1
5% off sunglasses at Salesberry,benign,benign,en,button,cta,[TAG=button] [ROLE=cta] 5% off sunglasses at Salesberry,benign:en:71,synthetic_v1,0,0,0,0,0,0,0,1
Tata Cliq रिटर्न नीति: 10 दिन,benign,benign,hi,span,label,[TAG=span] [ROLE=label] Tata Cliq रिटर्न नीति: 10 दिन,benign:hi:65,synthetic_v1,0,0,0,0,0,0,0,1
Daraz return policy: 7 days,benign,benign,en,h2,heading,[TAG=h2] [ROLE=heading] Daraz return policy: 7 days,benign:en:66,synthetic_v1,0,0,0,0,0,0,0,1
BigBasket ग्राहक सेवा: हाम्रो इमेल डेस्क,benign,benign,ne,button,cta,[TAG=button] [ROLE=cta] BigBasket ग्राहक सेवा: हाम्रो इमेल डेस्क,benign:ne:75,synthetic_v1,0,0,0,0,0,0,0,1
"धनगढी मा स्टकमा, 4 दिनमा पठाइन्छ",benign,benign,ne,span,label,"[TAG=span] [ROLE=label] धनगढी मा स्टकमा, 4 दिनमा पठाइन्छ",benign:ne:76,synthetic_v1,0,0,0,0,0,0,0,1
Flipkart पर स्पोर्ट्स सैंडल — रु. 199,benign,benign,hi,h2,heading,[TAG=h2] [ROLE=heading] Flipkart पर स्पोर्ट्स सैंडल — रु. 199,benign:hi:62,synthetic_v1,0,0,0,0,0,0,0,1
हिउँदको ब्ल्याङ्केट — रु. 799,benign,benign,ne,li,nav,[TAG=li] [ROLE=nav] हिउँदको ब्ल्याङ्केट — रु. 799,benign:ne:46,synthetic_v1,0,0,0,0,0,0,0,1
"2,038 लोगों ने फॉर्मल शर्ट को रेट किया",benign,benign,hi,p,body,"[TAG=p] [ROLE=body] 2,038 लोगों ने फॉर्मल शर्ट को रेट किया",benign:hi:67,synthetic_v1,0,0,0,0,0,0,0,1
"14,860 लोगों ने एयर फ्रायर को रेट किया",benign,benign,hi,li,nav,"[TAG=li] [ROLE=nav] 14,860 लोगों ने एयर फ्रायर को रेट किया",benign:hi:67,synthetic_v1,0,0,0,0,0,0,0,1
"बिक्रेता: अनिता स्टोर, बाँके",benign,benign,ne,label,form,"[TAG=label] [ROLE=form] बिक्रेता: अनिता स्टोर, बाँके",benign:ne:64,synthetic_v1,0,0,0,0,0,0,0,1
Cash on delivery available in Nepalgunj,benign,benign,en,h2,heading,[TAG=h2] [ROLE=heading] Cash on delivery available in Nepalgunj,benign:en:09,synthetic_v1,0,0,0,0,0,0,0,1
FirstCry रिटर्न नीति: 2 दिन,benign,benign,hi,a,nav,[TAG=a] [ROLE=nav] FirstCry रिटर्न नीति: 2 दिन,benign:hi:65,synthetic_v1,0,0,0,0,0,0,0,1
उत्पादन विवरण,benign,benign,ne,p,body,[TAG=p] [ROLE=body] उत्पादन विवरण,benign:ne:02,synthetic_v1,0,0,0,0,0,0,0,1
Manage your subscription in Settings,benign,benign,en,p,body,[TAG=p] [ROLE=body] Manage your subscription in Settings,benign:en:41,synthetic_v1,0,0,0,0,0,0,0,1
Cancel your Gyapu order from My Orders,benign,benign,en,li,nav,[TAG=li] [ROLE=nav] Cancel your Gyapu order from My Orders,benign:en:69,synthetic_v1,0,0,0,0,0,0,0,1
SastoDeal return policy: 1 days,benign,benign,en,span,label,[TAG=span] [ROLE=label] SastoDeal return policy: 1 days,benign:en:66,synthetic_v1,0,0,0,0,0,0,0,1
889 जनाले फेस वास मूल्याङ्कन गरे,benign,benign,ne,span,label,[TAG=span] [ROLE=label] 889 जनाले फेस वास मूल्याङ्कन गरे,benign:ne:67,synthetic_v1,0,0,0,0,0,0,0,1
FirstCry मा ब्याकप्याक मा 30% छुट,benign,benign,ne,a,nav,[TAG=a] [ROLE=nav] FirstCry मा ब्याकप्याक मा 30% छुट,benign:ne:70,synthetic_v1,0,0,0,0,0,0,0,1
"9,118 प्रमाणित समीक्षा",benign,benign,ne,label,form,"[TAG=label] [ROLE=form] 9,118 प्रमाणित समीक्षा",benign:ne:23,synthetic_v1,0,0,0,0,0,0,0,1
4 दिनों में वापसी,benign,benign,hi,a,nav,[TAG=a] [ROLE=nav] 4 दिनों में वापसी,benign:hi:04,synthetic_v1,0,0,0,0,0,0,0,1
Cash on delivery available in Patna,benign,benign,en,label,form,[TAG=label] [ROLE=form] Cash on delivery available in Patna,benign:en:09,synthetic_v1,0,0,0,0,0,0,0,1
Gyapu ग्राहक सेवा: हाम्रो इमेल डेस्क,benign,benign,ne,p,body,[TAG=p] [ROLE=body] Gyapu ग्राहक सेवा: हाम्रो इमेल डेस्क,benign:ne:75,synthetic_v1,0,0,0,0,0,0,0,1
Size guide for electric kettle,benign,benign,en,h2,heading,[TAG=h2] [ROLE=heading] Size guide for electric kettle,benign:en:05,synthetic_v1,0,0,0,0,0,0,0,1
"फर्मल सर्ट — 889 समीक्षा, जनकपुर गोदाम",benign,benign,ne,span,label,"[TAG=span] [ROLE=label] फर्मल सर्ट — 889 समीक्षा, जनकपुर गोदाम",benign:ne:72,synthetic_v1,0,0,0,0,0,0,0,1
JioMart पर स्टडी लैंप की कीमतों की तुलना करें,benign,benign,hi,a,nav,[TAG=a] [ROLE=nav] JioMart पर स्टडी लैंप की कीमतों की तुलना करें,benign:hi:73,synthetic_v1,0,0,0,0,0,0,0,1
"पानी की बोतल — 149 समीक्षाएँ, नागपुर गोदाम",benign,benign,hi,li,nav,"[TAG=li] [ROLE=nav] पानी की बोतल — 149 समीक्षाएँ, नागपुर गोदाम",benign:hi:72,synthetic_v1,0,0,0,0,0,0,0,1
Muncha मा इन्डक्सन चुल्हो खोज्नुहोस्,benign,benign,ne,button,cta,[TAG=button] [ROLE=cta] Muncha मा इन्डक्सन चुल्हो खोज्नुहोस्,benign:ne:66,synthetic_v1,0,0,0,0,0,0,0,1
राइस कुकर — रु. 999,benign,benign,hi,p,body,[TAG=p] [ROLE=body] राइस कुकर — रु. 999,benign:hi:46,synthetic_v1,0,0,0,0,0,0,0,1
कीमत: रु. 299,benign,benign,hi,label,form,[TAG=label] [ROLE=form] कीमत: रु. 299,benign:hi:45,synthetic_v1,0,0,0,0,0,0,0,1
आगरा शिपिंग: रु. 699,benign,benign,hi,button,cta,[TAG=button] [ROLE=cta] आगरा शिपिंग: रु. 699,benign:hi:71,synthetic_v1,0,0,0,0,0,0,0,1
"कॉटन कुर्ता — 3,109 समीक्षाएँ, पुणे गोदाम",benign,benign,hi,li,nav,"[TAG=li] [ROLE=nav] कॉटन कुर्ता — 3,109 समीक्षाएँ, पुणे गोदाम",benign:hi:72,synthetic_v1,0,0,0,0,0,0,0,1
OkDam पर हेयर ड्रायर — रु. 599,benign,benign,hi,span,label,[TAG=span] [ROLE=label] OkDam पर हेयर ड्रायर — रु. 599,benign:hi:62,synthetic_v1,0,0,0,0,0,0,0,1
"विक्रेता: रेखा ट्रेडर्स, जयपुर",benign,benign,hi,button,cta,"[TAG=button] [ROLE=cta] विक्रेता: रेखा ट्रेडर्स, जयपुर",benign:hi:48,synthetic_v1,0,0,0,0,0,0,0,1
"EMI from Rs. 1,199 on backpack",benign,benign,en,label,form,"[TAG=label] [ROLE=form] EMI from Rs. 1,199 on backpack",benign:en:75,synthetic_v1,0,0,0,0,0,0,0,1
"ऑफिस चेयर — 9,118 समीक्षाएँ, कानपुर गोदाम",benign,benign,hi,li,nav,"[TAG=li] [ROLE=nav] ऑफिस चेयर — 9,118 समीक्षाएँ, कानपुर गोदाम",benign:hi:72,synthetic_v1,0,0,0,0,0,0,0,1
मेरे ऑर्डर से Meesho ऑर्डर रद्द करें,benign,benign,hi,a,nav,[TAG=a] [ROLE=nav] मेरे ऑर्डर से Meesho ऑर्डर रद्द करें,benign:hi:68,synthetic_v1,0,0,0,0,0,0,0,1
Tata Cliq पर फोन कवर पर 40% छूट,benign,benign,hi,span,label,[TAG=span] [ROLE=label] Tata Cliq पर फोन कवर पर 40% छूट,benign:hi:70,synthetic_v1,0,0,0,0,0,0,0,1
Lenskart पर स्कूल बैग की कीमतों की तुलना करें,benign,benign,hi,li,nav,[TAG=li] [ROLE=nav] Lenskart पर स्कूल बैग की कीमतों की तुलना करें,benign:hi:73,synthetic_v1,0,0,0,0,0,0,0,1
"बिक्रेता: पूजा स्टोर, धनगढी",benign,benign,ne,label,form,"[TAG=label] [ROLE=form] बिक्रेता: पूजा स्टोर, धनगढी",benign:ne:64,synthetic_v1,0,0,0,0,0,0,0,1
84 लोगों ने ऑफिस चेयर को रेट किया,benign,benign,hi,li,nav,[TAG=li] [ROLE=nav] 84 लोगों ने ऑफिस चेयर को रेट किया,benign:hi:67,synthetic_v1,0,0,0,0,0,0,0,1
"In stock in Biratnagar, ships in 10 days",benign,benign,en,button,cta,"[TAG=button] [ROLE=cta] In stock in Biratnagar, ships in 10 days",benign:en:77,synthetic_v1,0,0,0,0,0,0,0,1
सभी नॉइज़ कैंसलिंग हेडफोन देखें,benign,benign,hi,p,body,[TAG=p] [ROLE=body] सभी नॉइज़ कैंसलिंग हेडफोन देखें,benign:hi:20,synthetic_v1,0,0,0,0,0,0,0,1
"काठमाडौँ मा स्टकमा, 4 दिनमा पठाइन्छ",benign,benign,ne,h2,heading,"[TAG=h2] [ROLE=heading] काठमाडौँ मा स्टकमा, 4 दिनमा पठाइन्छ",benign:ne:76,synthetic_v1,0,0,0,0,0,0,0,1
Tata Cliq पर स्कूल बैग की कीमतों की तुलना करें,benign,benign,hi,span,label,[TAG=span] [ROLE=label] Tata Cliq पर स्कूल बैग की कीमतों की तुलना करें,benign:hi:73,synthetic_v1,0,0,0,0,0,0,0,1
BigBasket पर योगा मैट की कीमतों की तुलना करें,benign,benign,hi,button,cta,[TAG=button] [ROLE=cta] BigBasket पर योगा मैट की कीमतों की तुलना करें,benign:hi:73,synthetic_v1,0,0,0,0,0,0,0,1
सभी हेयर ड्रायर देखें,benign,benign,hi,button,cta,[TAG=button] [ROLE=cta] सभी हेयर ड्रायर देखें,benign:hi:20,synthetic_v1,0,0,0,0,0,0,0,1
"विक्रेता: रमेश स्टोर, पटना",benign,benign,hi,h2,heading,"[TAG=h2] [ROLE=heading] विक्रेता: रमेश स्टोर, पटना",benign:hi:64,synthetic_v1,0,0,0,0,0,0,0,1
Unsubscribe from Snapdeal emails in one click,benign,benign,en,p,body,[TAG=p] [ROLE=body] Unsubscribe from Snapdeal emails in one click,benign:en:70,synthetic_v1,0,0,0,0,0,0,0,1
wireless earbuds at Salesberry — Rs. 49,benign,benign,en,a,nav,[TAG=a] [ROLE=nav] wireless earbuds at Salesberry — Rs. 49,benign:en:63,synthetic_v1,0,0,0,0,0,0,0,1
"ब्लुटुथ स्पिकर — 701 समीक्षा, हेटौंडा गोदाम",benign,benign,ne,li,nav,"[TAG=li] [ROLE=nav] ब्लुटुथ स्पिकर — 701 समीक्षा, हेटौंडा गोदाम",benign:ne:72,synthetic_v1,0,0,0,0,0,0,0,1
Lenskart customer care: the call centre,benign,benign,en,span,label,[TAG=span] [ROLE=label] Lenskart customer care: the call centre,benign:en:76,synthetic_v1,0,0,0,0,0,0,0,1
Search protein powder on Nykaa,benign,benign,en,li,nav,[TAG=li] [ROLE=nav] Search protein powder on Nykaa,benign:en:67,synthetic_v1,0,0,0,0,0,0,0,1
hair dryer at Gyapu — Rs. 249,benign,benign,en,li,nav,[TAG=li] [ROLE=nav] hair dryer at Gyapu — Rs. 249,benign:en:63,synthetic_v1,0,0,0,0,0,0,0,1
वाराणसी शिपिंग: रु. 449,benign,benign,hi,h2,heading,[TAG=h2] [ROLE=heading] वाराणसी शिपिंग: रु. 449,benign:hi:71,synthetic_v1,0,0,0,0,0,0,0,1
"जयपुर में स्टॉक में, 3 दिन में शिप",benign,benign,hi,li,nav,"[TAG=li] [ROLE=nav] जयपुर में स्टॉक में, 3 दिन में शिप",benign:hi:76,synthetic_v1,0,0,0,0,0,0,0,1
"चंडीगढ़ शिपिंग: रु. 1,499",benign,benign,hi,h2,heading,"[TAG=h2] [ROLE=heading] चंडीगढ़ शिपिंग: रु. 1,499",benign:hi:71,synthetic_v1,0,0,0,0,0,0,0,1
203 थान बिक्री भयो,benign,benign,ne,span,label,[TAG=span] [ROLE=label] 203 थान बिक्री भयो,benign:ne:47,synthetic_v1,0,0,0,0,0,0,0,1
भोपाल में 3 दिन में डिलीवरी,benign,benign,hi,li,nav,[TAG=li] [ROLE=nav] भोपाल में 3 दिन में डिलीवरी,benign:hi:63,synthetic_v1,0,0,0,0,0,0,0,1
डेनिम जींस खोजें,benign,benign,hi,p,body,[TAG=p] [ROLE=body] डेनिम जींस खोजें,benign:hi:14,synthetic_v1,0,0,0,0,0,0,0,1
"स्मार्टवॉच — 2,411 समीक्षाएँ, रांची गोदाम",benign,benign,hi,h2,heading,"[TAG=h2] [ROLE=heading] स्मार्टवॉच — 2,411 समीक्षाएँ, रांची गोदाम",benign:hi:72,synthetic_v1,0,0,0,0,0,0,0,1
70% off school bag at JioMart,benign,benign,en,h2,heading,[TAG=h2] [ROLE=heading] 70% off school bag at JioMart,benign:en:71,synthetic_v1,0,0,0,0,0,0,0,1
Search winter blanket on Gyapu,benign,benign,en,li,nav,[TAG=li] [ROLE=nav] Search winter blanket on Gyapu,benign:en:67,synthetic_v1,0,0,0,0,0,0,0,1
रु. 399 तक एक्सचेंज ऑफ़र,benign,benign,hi,h2,heading,[TAG=h2] [ROLE=heading] रु. 399 तक एक्सचेंज ऑफ़र,benign:hi:35,synthetic_v1,0,0,0,0,0,0,0,1
Compare rice cooker,benign,benign,en,label,form,[TAG=label] [ROLE=form] Compare rice cooker,benign:en:12,synthetic_v1,0,0,0,0,0,0,0,1
Tata Cliq फिर्ता नीति: 3 दिन,benign,benign,ne,li,nav,[TAG=li] [ROLE=nav] Tata Cliq फिर्ता नीति: 3 दिन,benign:ne:65,synthetic_v1,0,0,0,0,0,0,0,1
"In stock in Dharan, ships in 3 days",benign,benign,en,p,body,"[TAG=p] [ROLE=body] In stock in Dharan, ships in 3 days",benign:en:77,synthetic_v1,0,0,0,0,0,0,0,1
Blinkit मा इन्डक्सन चुल्हो मा 5% छुट,benign,benign,ne,p,body,[TAG=p] [ROLE=body] Blinkit मा इन्डक्सन चुल्हो मा 5% छुट,benign:ne:70,synthetic_v1,0,0,0,0,0,0,0,1
"स्मार्टवाच मा रु. 2,499 बाट EMI",benign,benign,ne,span,label,"[TAG=span] [ROLE=label] स्मार्टवाच मा रु. 2,499 बाट EMI",benign:ne:74,synthetic_v1,0,0,0,0,0,0,0,1
पटना में 10 दिन में डिलीवरी,benign,benign,hi,h2,heading,[TAG=h2] [ROLE=heading] पटना में 10 दिन में डिलीवरी,benign:hi:63,synthetic_v1,0,0,0,0,0,0,0,1
JioMart return policy: 7 days,benign,benign,en,li,nav,[TAG=li] [ROLE=nav] JioMart return policy: 7 days,benign:en:66,synthetic_v1,0,0,0,0,0,0,0,1
कोलकाता में 4 दिन में डिलीवरी,benign,benign,hi,h2,heading,[TAG=h2] [ROLE=heading] कोलकाता में 4 दिन में डिलीवरी,benign:hi:63,synthetic_v1,0,0,0,0,0,0,0,1
JioMart ग्राहक सेवा: हाम्रो Facebook पेज,benign,benign,ne,h2,heading,[TAG=h2] [ROLE=heading] JioMart ग्राहक सेवा: हाम्रो Facebook पेज,benign:ne:75,synthetic_v1,0,0,0,0,0,0,0,1
View all denim jeans,benign,benign,en,button,cta,[TAG=button] [ROLE=cta] View all denim jeans,benign:en:20,synthetic_v1,0,0,0,0,0,0,0,1
"विक्रेता: सागर ट्रेडर्स, मुंबई",benign,benign,hi,a,nav,"[TAG=a] [ROLE=nav] विक्रेता: सागर ट्रेडर्स, मुंबई",benign:hi:48,synthetic_v1,0,0,0,0,0,0,0,1
ढुवानी शुल्क: रु. 599 (भुक्तानी अघि देखिने),benign,benign,ne,span,label,[TAG=span] [ROLE=label] ढुवानी शुल्क: रु. 599 (भुक्तानी अघि देखिने),benign:ne:43,synthetic_v1,0,0,0,0,0,0,0,1
नॉइज़ कैंसलिंग हेडफोन — रु. 299,benign,benign,hi,h2,heading,[TAG=h2] [ROLE=heading] नॉइज़ कैंसलिंग हेडफोन — रु. 299,benign:hi:46,synthetic_v1,0,0,0,0,0,0,0,1
FirstCry पर इंडक्शन चूल्हा — रु. 199,benign,benign,hi,span,label,[TAG=span] [ROLE=label] FirstCry पर इंडक्शन चूल्हा — रु. 199,benign:hi:62,synthetic_v1,0,0,0,0,0,0,0,1
Ajio पर फॉर्मल शर्ट पर 20% छूट,benign,benign,hi,p,body,[TAG=p] [ROLE=body] Ajio पर फॉर्मल शर्ट पर 20% छूट,benign:hi:70,synthetic_v1,0,0,0,0,0,0,0,1
288 प्रमाणित समीक्षा,benign,benign,ne,p,body,[TAG=p] [ROLE=body] 288 प्रमाणित समीक्षा,benign:ne:23,synthetic_v1,0,0,0,0,0,0,0,1
कफी मेकर का लागि साइज गाइड,benign,benign,ne,p,body,[TAG=p] [ROLE=body] कफी मेकर का लागि साइज गाइड,benign:ne:05,synthetic_v1,0,0,0,0,0,0,0,1
Add trekking jacket to cart,benign,benign,en,label,form,[TAG=label] [ROLE=form] Add trekking jacket to cart,benign:en:00,synthetic_v1,0,0,0,0,0,0,0,1
SastoDeal मा हेयर ड्रायर — रु. 399,benign,benign,ne,span,label,[TAG=span] [ROLE=label] SastoDeal मा हेयर ड्रायर — रु. 399,benign:ne:62,synthetic_v1,0,0,0,0,0,0,0,1
Shipping to Mumbai: Rs. 699,benign,benign,en,label,form,[TAG=label] [ROLE=form] Shipping to Mumbai: Rs. 699,benign:en:72,synthetic_v1,0,0,0,0,0,0,0,1
"फर्मल सर्ट — 889 समीक्षा, धनगढी गोदाम",benign,benign,ne,a,nav,"[TAG=a] [ROLE=nav] फर्मल सर्ट — 889 समीक्षा, धनगढी गोदाम",benign:ne:72,synthetic_v1,0,0,0,0,0,0,0,1
"कटन कुर्ता — 112 समीक्षा, ललितपुर गोदाम",benign,benign,ne,label,form,"[TAG=label] [ROLE=form] कटन कुर्ता — 112 समीक्षा, ललितपुर गोदाम",benign:ne:72,synthetic_v1,0,0,0,0,0,0,0,1
"भक्तपुर मा स्टकमा, 3 दिनमा पठाइन्छ",benign,benign,ne,button,cta,"[TAG=button] [ROLE=cta] भक्तपुर मा स्टकमा, 3 दिनमा पठाइन्छ",benign:ne:76,synthetic_v1,0,0,0,0,0,0,0,1
"1,765 जनाले ट्रेकिङ ज्याकेट मूल्याङ्कन गरे",benign,benign,ne,h2,heading,"[TAG=h2] [ROLE=heading] 1,765 जनाले ट्रेकिङ ज्याकेट मूल्याङ्कन गरे",benign:ne:67,synthetic_v1,0,0,0,0,0,0,0,1
मूल्य: रु. 449,benign,benign,ne,span,label,[TAG=span] [ROLE=label] मूल्य: रु. 449,benign:ne:45,synthetic_v1,0,0,0,0,0,0,0,1
स्मार्टवाच उपलब्ध भएपछि जानकारी दिनुहोस्,benign,benign,ne,span,label,[TAG=span] [ROLE=label] स्मार्टवाच उपलब्ध भएपछि जानकारी दिनुहोस्,benign:ne:33,synthetic_v1,0,0,0,0,0,0,0,1
Thulo मा ब्याकप्याक मूल्य तुलना गर्नुहोस्,benign,benign,ne,span,label,[TAG=span] [ROLE=label] Thulo मा ब्याकप्याक मूल्य तुलना गर्नुहोस्,benign:ne:73,synthetic_v1,0,0,0,0,0,0,0,1
Delivery to Pokhara in 2 days,benign,benign,en,li,nav,[TAG=li] [ROLE=nav] Delivery to Pokhara in 2 days,benign:en:64,synthetic_v1,0,0,0,0,0,0,0,1
"14,860 people rated winter blanket",benign,benign,en,span,label,"[TAG=span] [ROLE=label] 14,860 people rated winter blanket",benign:en:68,synthetic_v1,0,0,0,0,0,0,0,1
Notify me when phone case is available,benign,benign,en,span,label,[TAG=span] [ROLE=label] Notify me when phone case is available,benign:en:33,synthetic_v1,0,0,0,0,0,0,0,1
"34,118 सत्यापित समीक्षाएँ",benign,benign,hi,button,cta,"[TAG=button] [ROLE=cta] 34,118 सत्यापित समीक्षाएँ",benign:hi:23,synthetic_v1,0,0,0,0,0,0,0,1
Kinbech ग्राहक सेवा: हमारा WhatsApp नंबर,benign,benign,hi,li,nav,[TAG=li] [ROLE=nav] Kinbech ग्राहक सेवा: हमारा WhatsApp नंबर,benign:hi:75,synthetic_v1,0,0,0,0,0,0,0,1
तनहुँ मा 4 दिनमा डेलिभरी,benign,benign,ne,p,body,[TAG=p] [ROLE=body] तनहुँ मा 4 दिनमा डेलिभरी,benign:ne:63,synthetic_v1,0,0,0,0,0,0,0,1
चितवन ढुवानी: रु. 99,benign,benign,ne,span,label,[TAG=span] [ROLE=label] चितवन ढुवानी: रु. 99,benign:ne:71,synthetic_v1,0,0,0,0,0,0,0,1
Kinbech मा वायरलेस इयरबड्स — रु. 899,benign,benign,ne,button,cta,[TAG=button] [ROLE=cta] Kinbech मा वायरलेस इयरबड्स — रु. 899,benign:ne:62,synthetic_v1,0,0,0,0,0,0,0,1
प्रोटीन पाउडर पर रु. 899 से EMI,benign,benign,hi,button,cta,[TAG=button] [ROLE=cta] प्रोटीन पाउडर पर रु. 899 से EMI,benign:hi:74,synthetic_v1,0,0,0,0,0,0,0,1
अफिस कुर्सी खोज्नुहोस्,benign,benign,ne,h2,heading,[TAG=h2] [ROLE=heading] अफिस कुर्सी खोज्नुहोस्,benign:ne:14,synthetic_v1,0,0,0,0,0,0,0,1
स्मार्टवाच का लागि साइज गाइड,benign,benign,ne,a,nav,[TAG=a] [ROLE=nav] स्मार्टवाच का लागि साइज गाइड,benign:ne:05,synthetic_v1,0,0,0,0,0,0,0,1
Compare power bank prices on Blinkit,benign,benign,en,label,form,[TAG=label] [ROLE=form] Compare power bank prices on Blinkit,benign:en:74,synthetic_v1,0,0,0,0,0,0,0,1
हैदराबाद में 7 दिन में डिलीवरी,benign,benign,hi,li,nav,[TAG=li] [ROLE=nav] हैदराबाद में 7 दिन में डिलीवरी,benign:hi:63,synthetic_v1,0,0,0,0,0,0,0,1
आपका ऑर्डर दर्ज हो गया,benign,benign,hi,label,form,[TAG=label] [ROLE=form] आपका ऑर्डर दर्ज हो गया,benign:hi:25,synthetic_v1,0,0,0,0,0,0,0,1
701 लोगों ने ट्रेकिंग जैकेट को रेट किया,benign,benign,hi,h2,heading,[TAG=h2] [ROLE=heading] 701 लोगों ने ट्रेकिंग जैकेट को रेट किया,benign:hi:67,synthetic_v1,0,0,0,0,0,0,0,1
"विक्रेता: संजय स्टोर, जयपुर",benign,benign,hi,p,body,"[TAG=p] [ROLE=body] विक्रेता: संजय स्टोर, जयपुर",benign:hi:64,synthetic_v1,0,0,0,0,0,0,0,1
Delivering to Chitwan,benign,benign,en,a,nav,[TAG=a] [ROLE=nav] Delivering to Chitwan,benign:en:37,synthetic_v1,0,0,0,0,0,0,0,1
SastoDeal पर हेयर ड्रायर — रु. 399,benign,benign,hi,button,cta,[TAG=button] [ROLE=cta] SastoDeal पर हेयर ड्रायर — रु. 399,benign:hi:62,synthetic_v1,0,0,0,0,0,0,0,1
प्रोटिन पाउडर तुलना गर्नुहोस्,benign,benign,ne,h2,heading,[TAG=h2] [ROLE=heading] प्रोटिन पाउडर तुलना गर्नुहोस्,benign:ne:12,synthetic_v1,0,0,0,0,0,0,0,1
Compare backpack prices on Myntra,benign,benign,en,button,cta,[TAG=button] [ROLE=cta] Compare backpack prices on Myntra,benign:en:74,synthetic_v1,0,0,0,0,0,0,0,1
Search for yoga mat,benign,benign,en,h2,heading,[TAG=h2] [ROLE=heading] Search for yoga mat,benign:en:14,synthetic_v1,0,0,0,0,0,0,0,1
63 units sold,benign,benign,en,p,body,[TAG=p] [ROLE=body] 63 units sold,benign:en:48,synthetic_v1,0,0,0,0,0,0,0,1
"bluetooth speaker — 14,860 reviews, Patna warehouse",benign,benign,en,p,body,"[TAG=p] [ROLE=body] bluetooth speaker — 14,860 reviews, Patna warehouse",benign:en:73,synthetic_v1,0,0,0,0,0,0,0,1
JioMart रिटर्न नीति: 12 दिन,benign,benign,hi,li,nav,[TAG=li] [ROLE=nav] JioMart रिटर्न नीति: 12 दिन,benign:hi:65,synthetic_v1,0,0,0,0,0,0,0,1
"Seller: Kiran Traders, Dharan",benign,benign,en,button,cta,"[TAG=button] [ROLE=cta] Seller: Kiran Traders, Dharan",benign:en:49,synthetic_v1,0,0,0,0,0,0,0,1
Salesberry मा घामको चस्मा मा 30% छुट,benign,benign,ne,p,body,[TAG=p] [ROLE=body] Salesberry मा घामको चस्मा मा 30% छुट,benign:ne:70,synthetic_v1,0,0,0,0,0,0,0,1
इटहरी मा 4 दिनमा डेलिभरी,benign,benign,ne,a,nav,[TAG=a] [ROLE=nav] इटहरी मा 4 दिनमा डेलिभरी,benign:ne:63,synthetic_v1,0,0,0,0,0,0,0,1
"अहमदाबाद शिपिंग: रु. 1,499",benign,benign,hi,button,cta,"[TAG=button] [ROLE=cta] अहमदाबाद शिपिंग: रु. 1,499",benign:hi:71,synthetic_v1,0,0,0,0,0,0,0,1
OkDam पर योगा मैट पर 15% छूट,benign,benign,hi,button,cta,[TAG=button] [ROLE=cta] OkDam पर योगा मैट पर 15% छूट,benign:hi:70,synthetic_v1,0,0,0,0,0,0,0,1
अनुमानित डेलिभरी: 7 दिन,benign,benign,ne,label,form,[TAG=label] [ROLE=form] अनुमानित डेलिभरी: 7 दिन,benign:ne:24,synthetic_v1,0,0,0,0,0,0,0,1
ट्रेकिङ ज्याकेट मा रु. 99 बाट EMI,benign,benign,ne,p,body,[TAG=p] [ROLE=body] ट्रेकिङ ज्याकेट मा रु. 99 बाट EMI,benign:ne:74,synthetic_v1,0,0,0,0,0,0,0,1
Kinbech पर फोन कवर पर 15% छूट,benign,benign,hi,button,cta,[TAG=button] [ROLE=cta] Kinbech पर फोन कवर पर 15% छूट,benign:hi:70,synthetic_v1,0,0,0,0,0,0,0,1
"नोइज क्यान्सलिङ हेडफोन — 1,187 समीक्षा, भक्तपुर गोदाम",benign,benign,ne,li,nav,"[TAG=li] [ROLE=nav] नोइज क्यान्सलिङ हेडफोन — 1,187 समीक्षा, भक्तपुर गोदाम",benign:ne:72,synthetic_v1,0,0,0,0,0,0,0,1
Unsubscribe from Thulo emails in one click,benign,benign,en,p,body,[TAG=p] [ROLE=body] Unsubscribe from Thulo emails in one click,benign:en:70,synthetic_v1,0,0,0,0,0,0,0,1
"मुंबई में स्टॉक में, 4 दिन में शिप",benign,benign,hi,button,cta,"[TAG=button] [ROLE=cta] मुंबई में स्टॉक में, 4 दिन में शिप",benign:hi:76,synthetic_v1,0,0,0,0,0,0,0,1
84 units sold,benign,benign,en,p,body,[TAG=p] [ROLE=body] 84 units sold,benign:en:48,synthetic_v1,0,0,0,0,0,0,0,1
इटहरी मा 10 दिनमा डेलिभरी,benign,benign,ne,span,label,[TAG=span] [ROLE=label] इटहरी मा 10 दिनमा डेलिभरी,benign:ne:63,synthetic_v1,0,0,0,0,0,0,0,1
ग्राहक समीक्षाएँ (186),benign,benign,hi,button,cta,[TAG=button] [ROLE=cta] ग्राहक समीक्षाएँ (186),benign:hi:03,synthetic_v1,0,0,0,0,0,0,0,1
Delivery to Kolkata in 14 days,benign,benign,en,h2,heading,[TAG=h2] [ROLE=heading] Delivery to Kolkata in 14 days,benign:en:64,synthetic_v1,0,0,0,0,0,0,0,1
Gyapu पर कॉटन कुर्ता पर 50% छूट,benign,benign,hi,p,body,[TAG=p] [ROLE=body] Gyapu पर कॉटन कुर्ता पर 50% छूट,benign:hi:70,synthetic_v1,0,0,0,0,0,0,0,1
अफिस कुर्सी मा रु. 599 बाट EMI,benign,benign,ne,a,nav,[TAG=a] [ROLE=nav] अफिस कुर्सी मा रु. 599 बाट EMI,benign:ne:74,synthetic_v1,0,0,0,0,0,0,0,1
Croma पर स्पोर्ट्स सैंडल खोजें,benign,benign,hi,h2,heading,[TAG=h2] [ROLE=heading] Croma पर स्पोर्ट्स सैंडल खोजें,benign:hi:66,synthetic_v1,0,0,0,0,0,0,0,1
35% off bluetooth speaker at Meesho,benign,benign,en,li,nav,[TAG=li] [ROLE=nav] 35% off bluetooth speaker at Meesho,benign:en:71,synthetic_v1,0,0,0,0,0,0,0,1
hair dryer at Ajio — Rs. 899,benign,benign,en,a,nav,[TAG=a] [ROLE=nav] hair dryer at Ajio — Rs. 899,benign:en:63,synthetic_v1,0,0,0,0,0,0,0,1
"स्टडी लैंप — 63 समीक्षाएँ, सूरत गोदाम",benign,benign,hi,h2,heading,"[TAG=h2] [ROLE=heading] स्टडी लैंप — 63 समीक्षाएँ, सूरत गोदाम",benign:hi:72,synthetic_v1,0,0,0,0,0,0,0,1
Daraz रिटर्न नीति: 3 दिन,benign,benign,hi,a,nav,[TAG=a] [ROLE=nav] Daraz रिटर्न नीति: 3 दिन,benign:hi:65,synthetic_v1,0,0,0,0,0,0,0,1
Delivery to Nepalgunj in 4 days,benign,benign,en,p,body,[TAG=p] [ROLE=body] Delivery to Nepalgunj in 4 days,benign:en:64,synthetic_v1,0,0,0,0,0,0,0,1
Blinkit रिटर्न नीति: 3 दिन,benign,benign,hi,span,label,[TAG=span] [ROLE=label] Blinkit रिटर्न नीति: 3 दिन,benign:hi:65,synthetic_v1,0,0,0,0,0,0,0,1
सभी राइस कुकर देखें,benign,benign,hi,p,body,[TAG=p] [ROLE=body] सभी राइस कुकर देखें,benign:hi:20,synthetic_v1,0,0,0,0,0,0,0,1
"प्रोटिन पाउडर — 367 समीक्षा, भक्तपुर गोदाम",benign,benign,ne,label,form,"[TAG=label] [ROLE=form] प्रोटिन पाउडर — 367 समीक्षा, भक्तपुर गोदाम",benign:ne:72,synthetic_v1,0,0,0,0,0,0,0,1
Nykaa पर वायरलेस ईयरबड्स खोजें,benign,benign,hi,button,cta,[TAG=button] [ROLE=cta] Nykaa पर वायरलेस ईयरबड्स खोजें,benign:hi:66,synthetic_v1,0,0,0,0,0,0,0,1
367 people rated gaming mouse,benign,benign,en,button,cta,[TAG=button] [ROLE=cta] 367 people rated gaming mouse,benign:en:68,synthetic_v1,0,0,0,0,0,0,0,1
"1,502 प्रमाणित समीक्षा",benign,benign,ne,a,nav,"[TAG=a] [ROLE=nav] 1,502 प्रमाणित समीक्षा",benign:ne:23,synthetic_v1,0,0,0,0,0,0,0,1
योगा म्याट — रु. 299,benign,benign,ne,label,form,[TAG=label] [ROLE=form] योगा म्याट — रु. 299,benign:ne:46,synthetic_v1,0,0,0,0,0,0,0,1
634 सत्यापित समीक्षाएँ,benign,benign,hi,p,body,[TAG=p] [ROLE=body] 634 सत्यापित समीक्षाएँ,benign:hi:23,synthetic_v1,0,0,0,0,0,0,0,1
HamroBazar return policy: 8 days,benign,benign,en,h2,heading,[TAG=h2] [ROLE=heading] HamroBazar return policy: 8 days,benign:en:66,synthetic_v1,0,0,0,0,0,0,0,1
JioMart पर फॉर्मल शर्ट — रु. 149,benign,benign,hi,h2,heading,[TAG=h2] [ROLE=heading] JioMart पर फॉर्मल शर्ट — रु. 149,benign:hi:62,synthetic_v1,0,0,0,0,0,0,0,1
Cash on delivery available in Lalitpur,benign,benign,en,button,cta,[TAG=button] [ROLE=cta] Cash on delivery available in Lalitpur,benign:en:09,synthetic_v1,0,0,0,0,0,0,0,1
Compare protein powder prices on Lenskart,benign,benign,en,h2,heading,[TAG=h2] [ROLE=heading] Compare protein powder prices on Lenskart,benign:en:74,synthetic_v1,0,0,0,0,0,0,0,1
"2,411 लोगों ने सर्दी का कंबल को रेट किया",benign,benign,hi,button,cta,"[TAG=button] [ROLE=cta] 2,411 लोगों ने सर्दी का कंबल को रेट किया",benign:hi:67,synthetic_v1,0,0,0,0,0,0,0,1
Close,benign,benign,en,button,cta,[TAG=button] [ROLE=cta] Close,benign:en:54,synthetic_v1,0,0,0,0,0,0,0,1
मेरो अर्डरबाट Reliance Digital अर्डर रद्द गर्नुहोस्,benign,benign,ne,span,label,[TAG=span] [ROLE=label] मेरो अर्डरबाट Reliance Digital अर्डर रद्द गर्नुहोस्,benign:ne:68,synthetic_v1,0,0,0,0,0,0,0,1
"विक्रेता: सुमन स्टोर, पटना",benign,benign,hi,label,form,"[TAG=label] [ROLE=form] विक्रेता: सुमन स्टोर, पटना",benign:hi:64,synthetic_v1,0,0,0,0,0,0,0,1
प्रोटीन पाउडर — रु. 199,benign,benign,hi,label,form,[TAG=label] [ROLE=form] प्रोटीन पाउडर — रु. 199,benign:hi:46,synthetic_v1,0,0,0,0,0,0,0,1
Croma फिर्ता नीति: 9 दिन,benign,benign,ne,label,form,[TAG=label] [ROLE=form] Croma फिर्ता नीति: 9 दिन,benign:ne:65,synthetic_v1,0,0,0,0,0,0,0,1
Nykaa customer care: our email desk,benign,benign,en,span,label,[TAG=span] [ROLE=label] Nykaa customer care: our email desk,benign:en:76,synthetic_v1,0,0,0,0,0,0,0,1
Gyapu ग्राहक सेवा: लाइव चैट,benign,benign,hi,p,body,[TAG=p] [ROLE=body] Gyapu ग्राहक सेवा: लाइव चैट,benign:hi:75,synthetic_v1,0,0,0,0,0,0,0,1
Refund policy: refunds in 3 working days,benign,benign,en,span,label,[TAG=span] [ROLE=label] Refund policy: refunds in 3 working days,benign:en:60,synthetic_v1,0,0,0,0,0,0,0,1
yoga mat — Rs. 99,benign,benign,en,h2,heading,[TAG=h2] [ROLE=heading] yoga mat — Rs. 99,benign:en:46,synthetic_v1,0,0,0,0,0,0,0,1
402 लोगों ने इंडक्शन चूल्हा को रेट किया,benign,benign,hi,label,form,[TAG=label] [ROLE=form] 402 लोगों ने इंडक्शन चूल्हा को रेट किया,benign:hi:67,synthetic_v1,0,0,0,0,0,0,0,1
"बिक्रेता: रमेश स्टोर, हेटौंडा",benign,benign,ne,button,cta,"[TAG=button] [ROLE=cta] बिक्रेता: रमेश स्टोर, हेटौंडा",benign:ne:64,synthetic_v1,0,0,0,0,0,0,0,1
स्मार्टवॉच कार्ट में जोड़ें,benign,benign,hi,label,form,[TAG=label] [ROLE=form] स्मार्टवॉच कार्ट में जोड़ें,benign:hi:00,synthetic_v1,0,0,0,0,0,0,0,1
60% off denim jeans at Blinkit,benign,benign,en,h2,heading,[TAG=h2] [ROLE=heading] 60% off denim jeans at Blinkit,benign:en:71,synthetic_v1,0,0,0,0,0,0,0,1
सबै पावर ब्यांक हेर्नुहोस्,benign,benign,ne,label,form,[TAG=label] [ROLE=form] सबै पावर ब्यांक हेर्नुहोस्,benign:ne:20,synthetic_v1,0,0,0,0,0,0,0,1
Compare electric kettle prices on JioMart,benign,benign,en,span,label,[TAG=span] [ROLE=label] Compare electric kettle prices on JioMart,benign:en:74,synthetic_v1,0,0,0,0,0,0,0,1
Meesho पर स्कूल बैग की कीमतों की तुलना करें,benign,benign,hi,label,form,[TAG=label] [ROLE=form] Meesho पर स्कूल बैग की कीमतों की तुलना करें,benign:hi:73,synthetic_v1,0,0,0,0,0,0,0,1
Add air fryer to cart,benign,benign,en,li,nav,[TAG=li] [ROLE=nav] Add air fryer to cart,benign:en:00,synthetic_v1,0,0,0,0,0,0,0,1
Shipping to Bengaluru: Rs. 499,benign,benign,en,label,form,[TAG=label] [ROLE=form] Shipping to Bengaluru: Rs. 499,benign:en:72,synthetic_v1,0,0,0,0,0,0,0,1
"ट्रेकिङ ज्याकेट मा रु. 1,999 बाट EMI",benign,benign,ne,li,nav,"[TAG=li] [ROLE=nav] ट्रेकिङ ज्याकेट मा रु. 1,999 बाट EMI",benign:ne:74,synthetic_v1,0,0,0,0,0,0,0,1
"बेंगलुरु में स्टॉक में, 7 दिन में शिप",benign,benign,hi,li,nav,"[TAG=li] [ROLE=nav] बेंगलुरु में स्टॉक में, 7 दिन में शिप",benign:hi:76,synthetic_v1,0,0,0,0,0,0,0,1
"4,265 people rated rice cooker",benign,benign,en,li,nav,"[TAG=li] [ROLE=nav] 4,265 people rated rice cooker",benign:en:68,synthetic_v1,0,0,0,0,0,0,0,1
सर्दी का कंबल खोजें,benign,benign,hi,h2,heading,[TAG=h2] [ROLE=heading] सर्दी का कंबल खोजें,benign:hi:14,synthetic_v1,0,0,0,0,0,0,0,1
"Snapdeal मा स्मार्टवाच — रु. 1,499",benign,benign,ne,p,body,"[TAG=p] [ROLE=body] Snapdeal मा स्मार्टवाच — रु. 1,499",benign:ne:62,synthetic_v1,0,0,0,0,0,0,0,1
काठमाडौँ मा डेलिभरी,benign,benign,ne,label,form,[TAG=label] [ROLE=form] काठमाडौँ मा डेलिभरी,benign:ne:37,synthetic_v1,0,0,0,0,0,0,0,1
"डेनिम जिन्स — 63 समीक्षा, पोखरा गोदाम",benign,benign,ne,li,nav,"[TAG=li] [ROLE=nav] डेनिम जिन्स — 63 समीक्षा, पोखरा गोदाम",benign:ne:72,synthetic_v1,0,0,0,0,0,0,0,1
पोखरा मा 2 दिनमा डेलिभरी,benign,benign,ne,h2,heading,[TAG=h2] [ROLE=heading] पोखरा मा 2 दिनमा डेलिभरी,benign:ne:63,synthetic_v1,0,0,0,0,0,0,0,1
48 जनाले पानीको बोतल मूल्याङ्कन गरे,benign,benign,ne,a,nav,[TAG=a] [ROLE=nav] 48 जनाले पानीको बोतल मूल्याङ्कन गरे,benign:ne:67,synthetic_v1,0,0,0,0,0,0,0,1
HamroBazar पर फेस वॉश पर 10% छूट,benign,benign,hi,label,form,[TAG=label] [ROLE=form] HamroBazar पर फेस वॉश पर 10% छूट,benign:hi:70,synthetic_v1,0,0,0,0,0,0,0,1
"विक्रेता: स्नेहा स्टोर, अहमदाबाद",benign,benign,hi,label,form,"[TAG=label] [ROLE=form] विक्रेता: स्नेहा स्टोर, अहमदाबाद",benign:hi:64,synthetic_v1,0,0,0,0,0,0,0,1
BigBasket पर धूप का चश्मा — रु. 299,benign,benign,hi,p,body,[TAG=p] [ROLE=body] BigBasket पर धूप का चश्मा — रु. 299,benign:hi:62,synthetic_v1,0,0,0,0,0,0,0,1
Newsletter (optional),benign,benign,en,button,cta,[TAG=button] [ROLE=cta] Newsletter (optional),benign:en:61,synthetic_v1,0,0,0,0,0,0,0,1
Delivery to Chitwan in 2 days,benign,benign,en,label,form,[TAG=label] [ROLE=form] Delivery to Chitwan in 2 days,benign:en:64,synthetic_v1,0,0,0,0,0,0,0,1
ढुवानी शुल्क: रु. 899 (भुक्तानी अघि देखिने),benign,benign,ne,label,form,[TAG=label] [ROLE=form] ढुवानी शुल्क: रु. 899 (भुक्तानी अघि देखिने),benign:ne:43,synthetic_v1,0,0,0,0,0,0,0,1
"1,340 जनाले गेमिङ माउस मूल्याङ्कन गरे",benign,benign,ne,li,nav,"[TAG=li] [ROLE=nav] 1,340 जनाले गेमिङ माउस मूल्याङ्कन गरे",benign:ne:67,synthetic_v1,0,0,0,0,0,0,0,1
कीमत: रु. 149,benign,benign,hi,a,nav,[TAG=a] [ROLE=nav] कीमत: रु. 149,benign:hi:45,synthetic_v1,0,0,0,0,0,0,0,1
Tata Cliq return policy: 5 days,benign,benign,en,li,nav,[TAG=li] [ROLE=nav] Tata Cliq return policy: 5 days,benign:en:66,synthetic_v1,0,0,0,0,0,0,0,1
Lenskart रिटर्न नीति: 12 दिन,benign,benign,hi,span,label,[TAG=span] [ROLE=label] Lenskart रिटर्न नीति: 12 दिन,benign:hi:65,synthetic_v1,0,0,0,0,0,0,0,1
"1,340 लोगों ने डेनिम जींस को रेट किया",benign,benign,hi,li,nav,"[TAG=li] [ROLE=nav] 1,340 लोगों ने डेनिम जींस को रेट किया",benign:hi:67,synthetic_v1,0,0,0,0,0,0,0,1
धूप का चश्मा कार्ट में जोड़ें,benign,benign,hi,p,body,[TAG=p] [ROLE=body] धूप का चश्मा कार्ट में जोड़ें,benign:hi:00,synthetic_v1,0,0,0,0,0,0,0,1
"Sold by Dipesh Store, Hyderabad",benign,benign,en,span,label,"[TAG=span] [ROLE=label] Sold by Dipesh Store, Hyderabad",benign:en:65,synthetic_v1,0,0,0,0,0,0,0,1
"In stock in Delhi, ships in 7 days",benign,benign,en,p,body,"[TAG=p] [ROLE=body] In stock in Delhi, ships in 7 days",benign:en:77,synthetic_v1,0,0,0,0,0,0,0,1
"विक्रेता: रोहन स्टोर, कानपुर",benign,benign,hi,li,nav,"[TAG=li] [ROLE=nav] विक्रेता: रोहन स्टोर, कानपुर",benign:hi:64,synthetic_v1,0,0,0,0,0,0,0,1
फर्मल सर्ट मा रु. 249 बाट EMI,benign,benign,ne,span,label,[TAG=span] [ROLE=label] फर्मल सर्ट मा रु. 249 बाट EMI,benign:ne:74,synthetic_v1,0,0,0,0,0,0,0,1
Salesberry return policy: 2 days,benign,benign,en,h2,heading,[TAG=h2] [ROLE=heading] Salesberry return policy: 2 days,benign:en:66,synthetic_v1,0,0,0,0,0,0,0,1
"रनिङ जुत्ता — रु. 2,499",benign,benign,ne,button,cta,"[TAG=button] [ROLE=cta] रनिङ जुत्ता — रु. 2,499",benign:ne:46,synthetic_v1,0,0,0,0,0,0,0,1
running shoes at JioMart — Rs. 349,benign,benign,en,h2,heading,[TAG=h2] [ROLE=heading] running shoes at JioMart — Rs. 349,benign:en:63,synthetic_v1,0,0,0,0,0,0,0,1
Meesho मा नोइज क्यान्सलिङ हेडफोन मा 80% छुट,benign,benign,ne,label,form,[TAG=label] [ROLE=form] Meesho मा नोइज क्यान्सलिङ हेडफोन मा 80% छुट,benign:ne:70,synthetic_v1,0,0,0,0,0,0,0,1
15% off protein powder at Salesberry,benign,benign,en,h2,heading,[TAG=h2] [ROLE=heading] 15% off protein powder at Salesberry,benign:en:71,synthetic_v1,0,0,0,0,0,0,0,1
Blinkit return policy: 7 days,benign,benign,en,h2,heading,[TAG=h2] [ROLE=heading] Blinkit return policy: 7 days,benign:en:66,synthetic_v1,0,0,0,0,0,0,0,1
ब्रान्ड अनुसार फिल्टर गर्नुहोस्,benign,benign,ne,button,cta,[TAG=button] [ROLE=cta] ब्रान्ड अनुसार फिल्टर गर्नुहोस्,benign:ne:16,synthetic_v1,0,0,0,0,0,0,0,1
Reliance Digital customer care: our support line,benign,benign,en,li,nav,[TAG=li] [ROLE=nav] Reliance Digital customer care: our support line,benign:en:76,synthetic_v1,0,0,0,0,0,0,0,1
"Customer reviews (1,024)",benign,benign,en,label,form,"[TAG=label] [ROLE=form] Customer reviews (1,024)",benign:en:03,synthetic_v1,0,0,0,0,0,0,0,1
Compare formal shirt,benign,benign,en,p,body,[TAG=p] [ROLE=body] Compare formal shirt,benign:en:12,synthetic_v1,0,0,0,0,0,0,0,1
ढुवानी शुल्क: रु. 499 (भुक्तानी अघि देखिने),benign,benign,ne,a,nav,[TAG=a] [ROLE=nav] ढुवानी शुल्क: रु. 499 (भुक्तानी अघि देखिने),benign:ne:43,synthetic_v1,0,0,0,0,0,0,0,1
noise cancelling headphones at Flipkart — Rs. 399,benign,benign,en,p,body,[TAG=p] [ROLE=body] noise cancelling headphones at Flipkart — Rs. 399,benign:en:63,synthetic_v1,0,0,0,0,0,0,0,1
स्कुल ब्याग खोज्नुहोस्,benign,benign,ne,li,nav,[TAG=li] [ROLE=nav] स्कुल ब्याग खोज्नुहोस्,benign:ne:14,synthetic_v1,0,0,0,0,0,0,0,1
Search smartwatch on Lenskart,benign,benign,en,p,body,[TAG=p] [ROLE=body] Search smartwatch on Lenskart,benign:en:67,synthetic_v1,0,0,0,0,0,0,0,1
ग्राहक समीक्षा (149),benign,benign,ne,li,nav,[TAG=li] [ROLE=nav] ग्राहक समीक्षा (149),benign:ne:03,synthetic_v1,0,0,0,0,0,0,0,1
Add office chair to cart,benign,benign,en,li,nav,[TAG=li] [ROLE=nav] Add office chair to cart,benign:en:00,synthetic_v1,0,0,0,0,0,0,0,1
ब्लुटुथ स्पिकर खोज्नुहोस्,benign,benign,ne,button,cta,[TAG=button] [ROLE=cta] ब्लुटुथ स्पिकर खोज्नुहोस्,benign:ne:14,synthetic_v1,0,0,0,0,0,0,0,1
Search denim jeans on Snapdeal,benign,benign,en,span,label,[TAG=span] [ROLE=label] Search denim jeans on Snapdeal,benign:en:67,synthetic_v1,0,0,0,0,0,0,0,1
"formal shirt — Rs. 1,199",benign,benign,en,p,body,"[TAG=p] [ROLE=body] formal shirt — Rs. 1,199",benign:en:46,synthetic_v1,0,0,0,0,0,0,0,1
"विक्रेता: आरव स्टोर, सूरत",benign,benign,hi,li,nav,"[TAG=li] [ROLE=nav] विक्रेता: आरव स्टोर, सूरत",benign:hi:64,synthetic_v1,0,0,0,0,0,0,0,1
"विक्रेता: रेखा ट्रेडर्स, चंडीगढ़",benign,benign,hi,label,form,"[TAG=label] [ROLE=form] विक्रेता: रेखा ट्रेडर्स, चंडीगढ़",benign:hi:48,synthetic_v1,0,0,0,0,0,0,0,1
नोटिफिकेशन चालू करें? बाद में बदल सकते हैं,benign,benign,hi,li,nav,[TAG=li] [ROLE=nav] नोटिफिकेशन चालू करें? बाद में बदल सकते हैं,benign:hi:61,synthetic_v1,0,0,0,0,0,0,0,1
Croma ग्राहक सेवा: हमारा Viber सपोर्ट,benign,benign,hi,label,form,[TAG=label] [ROLE=form] Croma ग्राहक सेवा: हमारा Viber सपोर्ट,benign:hi:75,synthetic_v1,0,0,0,0,0,0,0,1
"Exchange offer up to Rs. 1,199",benign,benign,en,label,form,"[TAG=label] [ROLE=form] Exchange offer up to Rs. 1,199",benign:en:35,synthetic_v1,0,0,0,0,0,0,0,1
Delivery to Patna in 5 days,benign,benign,en,h2,heading,[TAG=h2] [ROLE=heading] Delivery to Patna in 5 days,benign:en:64,synthetic_v1,0,0,0,0,0,0,0,1
"trekking jacket — 26,940 reviews, Dharan warehouse",benign,benign,en,span,label,"[TAG=span] [ROLE=label] trekking jacket — 26,940 reviews, Dharan warehouse",benign:en:73,synthetic_v1,0,0,0,0,0,0,0,1
Compare noise cancelling headphones prices on Blinkit,benign,benign,en,p,body,[TAG=p] [ROLE=body] Compare noise cancelling headphones prices on Blinkit,benign:en:74,synthetic_v1,0,0,0,0,0,0,0,1
BigBasket मा गेमिङ माउस — रु. 49,benign,benign,ne,span,label,[TAG=span] [ROLE=label] BigBasket मा गेमिङ माउस — रु. 49,benign:ne:62,synthetic_v1,0,0,0,0,0,0,0,1
"electric kettle at JioMart — Rs. 2,999",benign,benign,en,a,nav,"[TAG=a] [ROLE=nav] electric kettle at JioMart — Rs. 2,999",benign:en:63,synthetic_v1,0,0,0,0,0,0,0,1
Muncha पर रनिंग शूज़ खोजें,benign,benign,hi,li,nav,[TAG=li] [ROLE=nav] Muncha पर रनिंग शूज़ खोजें,benign:hi:66,synthetic_v1,0,0,0,0,0,0,0,1
"1,502 people rated cotton kurta",benign,benign,en,h2,heading,"[TAG=h2] [ROLE=heading] 1,502 people rated cotton kurta",benign:en:68,synthetic_v1,0,0,0,0,0,0,0,1
Shipping to Indore: Rs. 49,benign,benign,en,li,nav,[TAG=li] [ROLE=nav] Shipping to Indore: Rs. 49,benign:en:72,synthetic_v1,0,0,0,0,0,0,0,1
Free shipping on orders above Rs. 49,benign,benign,en,span,label,[TAG=span] [ROLE=label] Free shipping on orders above Rs. 49,benign:en:01,synthetic_v1,0,0,0,0,0,0,0,1
"ढुवानी शुल्क: रु. 2,499 (भुक्तानी अघि देखिने)",benign,benign,ne,h2,heading,"[TAG=h2] [ROLE=heading] ढुवानी शुल्क: रु. 2,499 (भुक्तानी अघि देखिने)",benign:ne:43,synthetic_v1,0,0,0,0,0,0,0,1
बुटवल मा 5 दिनमा डेलिभरी,benign,benign,ne,p,body,[TAG=p] [ROLE=body] बुटवल मा 5 दिनमा डेलिभरी,benign:ne:63,synthetic_v1,0,0,0,0,0,0,0,1
"बागलुङ मा स्टकमा, 4 दिनमा पठाइन्छ",benign,benign,ne,label,form,"[TAG=label] [ROLE=form] बागलुङ मा स्टकमा, 4 दिनमा पठाइन्छ",benign:ne:76,synthetic_v1,0,0,0,0,0,0,0,1
EMI from Rs. 899 on electric kettle,benign,benign,en,li,nav,[TAG=li] [ROLE=nav] EMI from Rs. 899 on electric kettle,benign:en:75,synthetic_v1,0,0,0,0,0,0,0,1
"बिक्रेता: ज्योति ट्रेडर्स, जनकपुर",benign,benign,ne,label,form,"[TAG=label] [ROLE=form] बिक्रेता: ज्योति ट्रेडर्स, जनकपुर",benign:ne:48,synthetic_v1,0,0,0,0,0,0,0,1
"स्टडी लैंप — 9,118 समीक्षाएँ, चंडीगढ़ गोदाम",benign,benign,hi,button,cta,"[TAG=button] [ROLE=cta] स्टडी लैंप — 9,118 समीक्षाएँ, चंडीगढ़ गोदाम",benign:hi:72,synthetic_v1,0,0,0,0,0,0,0,1
hair dryer at SastoDeal — Rs. 349,benign,benign,en,li,nav,[TAG=li] [ROLE=nav] hair dryer at SastoDeal — Rs. 349,benign:en:63,synthetic_v1,0,0,0,0,0,0,0,1
शिपिंग शुल्क: रु. 149 (भुगतान से पहले दिखेगा),benign,benign,hi,span,label,[TAG=span] [ROLE=label] शिपिंग शुल्क: रु. 149 (भुगतान से पहले दिखेगा),benign:hi:43,synthetic_v1,0,0,0,0,0,0,0,1
कानपुर में 10 दिन में डिलीवरी,benign,benign,hi,li,nav,[TAG=li] [ROLE=nav] कानपुर में 10 दिन में डिलीवरी,benign:hi:63,synthetic_v1,0,0,0,0,0,0,0,1
अफिस कुर्सी कार्टमा राख्नुहोस्,benign,benign,ne,label,form,[TAG=label] [ROLE=form] अफिस कुर्सी कार्टमा राख्नुहोस्,benign:ne:00,synthetic_v1,0,0,0,0,0,0,0,1
Exchange offer up to Rs. 449,benign,benign,en,span,label,[TAG=span] [ROLE=label] Exchange offer up to Rs. 449,benign:en:35,synthetic_v1,0,0,0,0,0,0,0,1
Search for office chair,benign,benign,en,h2,heading,[TAG=h2] [ROLE=heading] Search for office chair,benign:en:14,synthetic_v1,0,0,0,0,0,0,0,1
डेनिम जींस — रु. 599,benign,benign,hi,a,nav,[TAG=a] [ROLE=nav] डेनिम जींस — रु. 599,benign:hi:46,synthetic_v1,0,0,0,0,0,0,0,1
Free shipping on orders above Rs. 499,benign,benign,en,a,nav,[TAG=a] [ROLE=nav] Free shipping on orders above Rs. 499,benign:en:01,synthetic_v1,0,0,0,0,0,0,0,1
"Seller: Nabin Traders, Nepalgunj",benign,benign,en,li,nav,"[TAG=li] [ROLE=nav] Seller: Nabin Traders, Nepalgunj",benign:en:49,synthetic_v1,0,0,0,0,0,0,0,1
Compare cotton kurta prices on Nykaa,benign,benign,en,h2,heading,[TAG=h2] [ROLE=heading] Compare cotton kurta prices on Nykaa,benign:en:74,synthetic_v1,0,0,0,0,0,0,0,1
Daraz पर नॉइज़ कैंसलिंग हेडफोन खोजें,benign,benign,hi,li,nav,[TAG=li] [ROLE=nav] Daraz पर नॉइज़ कैंसलिंग हेडफोन खोजें,benign:hi:66,synthetic_v1,0,0,0,0,0,0,0,1
राइस कुकर का लागि साइज गाइड,benign,benign,ne,p,body,[TAG=p] [ROLE=body] राइस कुकर का लागि साइज गाइड,benign:ne:05,synthetic_v1,0,0,0,0,0,0,0,1
JioMart पर स्कूल बैग पर 60% छूट,benign,benign,hi,a,nav,[TAG=a] [ROLE=nav] JioMart पर स्कूल बैग पर 60% छूट,benign:hi:70,synthetic_v1,0,0,0,0,0,0,0,1
Shipping to Bengaluru: Rs. 49,benign,benign,en,p,body,[TAG=p] [ROLE=body] Shipping to Bengaluru: Rs. 49,benign:en:72,synthetic_v1,0,0,0,0,0,0,0,1
Myntra मा ब्लुटुथ स्पिकर खोज्नुहोस्,benign,benign,ne,a,nav,[TAG=a] [ROLE=nav] Myntra मा ब्लुटुथ स्पिकर खोज्नुहोस्,benign:ne:66,synthetic_v1,0,0,0,0,0,0,0,1
Kinbech customer care: our WhatsApp number,benign,benign,en,h2,heading,[TAG=h2] [ROLE=heading] Kinbech customer care: our WhatsApp number,benign:en:76,synthetic_v1,0,0,0,0,0,0,0,1
FirstCry रिटर्न नीति: 9 दिन,benign,benign,hi,label,form,[TAG=label] [ROLE=form] FirstCry रिटर्न नीति: 9 दिन,benign:hi:65,synthetic_v1,0,0,0,0,0,0,0,1
इंडक्शन चूल्हा उपलब्ध होने पर सूचित करें,benign,benign,hi,label,form,[TAG=label] [ROLE=form] इंडक्शन चूल्हा उपलब्ध होने पर सूचित करें,benign:hi:33,synthetic_v1,0,0,0,0,0,0,0,1
186 लोगों ने पावर बैंक को रेट किया,benign,benign,hi,li,nav,[TAG=li] [ROLE=nav] 186 लोगों ने पावर बैंक को रेट किया,benign:hi:67,synthetic_v1,0,0,0,0,0,0,0,1
Compare noise cancelling headphones prices on Pepperfry,benign,benign,en,a,nav,[TAG=a] [ROLE=nav] Compare noise cancelling headphones prices on Pepperfry,benign:en:74,synthetic_v1,0,0,0,0,0,0,0,1
Size guide for denim jeans,benign,benign,en,h2,heading,[TAG=h2] [ROLE=heading] Size guide for denim jeans,benign:en:05,synthetic_v1,0,0,0,0,0,0,0,1
इटहरी मा 7 दिनमा डेलिभरी,benign,benign,ne,p,body,[TAG=p] [ROLE=body] इटहरी मा 7 दिनमा डेलिभरी,benign:ne:63,synthetic_v1,0,0,0,0,0,0,0,1
"विक्रेता: मीरा स्टोर, अहमदाबाद",benign,benign,hi,a,nav,"[TAG=a] [ROLE=nav] विक्रेता: मीरा स्टोर, अहमदाबाद",benign:hi:64,synthetic_v1,0,0,0,0,0,0,0,1
ग्राहक समीक्षा (402),benign,benign,ne,label,form,[TAG=label] [ROLE=form] ग्राहक समीक्षा (402),benign:ne:03,synthetic_v1,0,0,0,0,0,0,0,1
60% off hair dryer at OkDam,benign,benign,en,label,form,[TAG=label] [ROLE=form] 60% off hair dryer at OkDam,benign:en:71,synthetic_v1,0,0,0,0,0,0,0,1
घामको चस्मा मा रु. 49 बाट EMI,benign,benign,ne,label,form,[TAG=label] [ROLE=form] घामको चस्मा मा रु. 49 बाट EMI,benign:ne:74,synthetic_v1,0,0,0,0,0,0,0,1
Snapdeal पर ट्रेकिंग जैकेट — रु. 149,benign,benign,hi,label,form,[TAG=label] [ROLE=form] Snapdeal पर ट्रेकिंग जैकेट — रु. 149,benign:hi:62,synthetic_v1,0,0,0,0,0,0,0,1
"electric kettle — 186 reviews, Biratnagar warehouse",benign,benign,en,label,form,"[TAG=label] [ROLE=form] electric kettle — 186 reviews, Biratnagar warehouse",benign:en:73,synthetic_v1,0,0,0,0,0,0,0,1
Ajio इमेल एक क्लिकमा अनसब्स्क्राइब गर्नुहोस्,benign,benign,ne,label,form,[TAG=label] [ROLE=form] Ajio इमेल एक क्लिकमा अनसब्स्क्राइब गर्नुहोस्,benign:ne:69,synthetic_v1,0,0,0,0,0,0,0,1
Zepto पर ट्रेकिंग जैकेट खोजें,benign,benign,hi,h2,heading,[TAG=h2] [ROLE=heading] Zepto पर ट्रेकिंग जैकेट खोजें,benign:hi:66,synthetic_v1,0,0,0,0,0,0,0,1
नियम र सर्तहरू,benign,benign,ne,button,cta,[TAG=button] [ROLE=cta] नियम र सर्तहरू,benign:ne:58,synthetic_v1,0,0,0,0,0,0,0,1
धरान मा 14 दिनमा डेलिभरी,benign,benign,ne,li,nav,[TAG=li] [ROLE=nav] धरान मा 14 दिनमा डेलिभरी,benign:ne:63,synthetic_v1,0,0,0,0,0,0,0,1
Meesho मा इन्डक्सन चुल्हो मा 35% छुट,benign,benign,ne,li,nav,[TAG=li] [ROLE=nav] Meesho मा इन्डक्सन चुल्हो मा 35% छुट,benign:ne:70,synthetic_v1,0,0,0,0,0,0,0,1
ललितपुर ढुवानी: रु. 349,benign,benign,ne,p,body,[TAG=p] [ROLE=body] ललितपुर ढुवानी: रु. 349,benign:ne:71,synthetic_v1,0,0,0,0,0,0,0,1
Kinbech पर लैपटॉप बैग खोजें,benign,benign,hi,label,form,[TAG=label] [ROLE=form] Kinbech पर लैपटॉप बैग खोजें,benign:hi:66,synthetic_v1,0,0,0,0,0,0,0,1
"11,204 people rated face wash",benign,benign,en,h2,heading,"[TAG=h2] [ROLE=heading] 11,204 people rated face wash",benign:en:68,synthetic_v1,0,0,0,0,0,0,0,1
Shipping to Pune: Rs. 49,benign,benign,en,label,form,[TAG=label] [ROLE=form] Shipping to Pune: Rs. 49,benign:en:72,synthetic_v1,0,0,0,0,0,0,0,1
"बिक्रेता: सीता स्टोर, सुर्खेत",benign,benign,ne,a,nav,"[TAG=a] [ROLE=nav] बिक्रेता: सीता स्टोर, सुर्खेत",benign:ne:64,synthetic_v1,0,0,0,0,0,0,0,1
Croma पर इलेक्ट्रिक केटल की कीमतों की तुलना करें,benign,benign,hi,a,nav,[TAG=a] [ROLE=nav] Croma पर इलेक्ट्रिक केटल की कीमतों की तुलना करें,benign:hi:73,synthetic_v1,0,0,0,0,0,0,0,1
"11,204 people rated school bag",benign,benign,en,a,nav,"[TAG=a] [ROLE=nav] 11,204 people rated school bag",benign:en:68,synthetic_v1,0,0,0,0,0,0,0,1
"विक्रेता: अनीता स्टोर, चंडीगढ़",benign,benign,hi,p,body,"[TAG=p] [ROLE=body] विक्रेता: अनीता स्टोर, चंडीगढ़",benign:hi:64,synthetic_v1,0,0,0,0,0,0,0,1
Muncha पर फॉर्मल शर्ट — रु. 399,benign,benign,hi,li,nav,[TAG=li] [ROLE=nav] Muncha पर फॉर्मल शर्ट — रु. 399,benign:hi:62,synthetic_v1,0,0,0,0,0,0,0,1
Gyapu पर स्मार्टवॉच खोजें,benign,benign,hi,label,form,[TAG=label] [ROLE=form] Gyapu पर स्मार्टवॉच खोजें,benign:hi:66,synthetic_v1,0,0,0,0,0,0,0,1
Zepto ईमेल एक क्लिक में अनसब्सक्राइब करें,benign,benign,hi,label,form,[TAG=label] [ROLE=form] Zepto ईमेल एक क्लिक में अनसब्सक्राइब करें,benign:hi:69,synthetic_v1,0,0,0,0,0,0,0,1
Snapdeal फिर्ता नीति: 5 दिन,benign,benign,ne,label,form,[TAG=label] [ROLE=form] Snapdeal फिर्ता नीति: 5 दिन,benign:ne:65,synthetic_v1,0,0,0,0,0,0,0,1
"रु. 2,999 से ऊपर के ऑर्डर पर मुफ़्त शिपिंग",benign,benign,hi,p,body,"[TAG=p] [ROLE=body] रु. 2,999 से ऊपर के ऑर्डर पर मुफ़्त शिपिंग",benign:hi:01,synthetic_v1,0,0,0,0,0,0,0,1
रनिङ जुत्ता मा रु. 49 बाट EMI,benign,benign,ne,li,nav,[TAG=li] [ROLE=nav] रनिङ जुत्ता मा रु. 49 बाट EMI,benign:ne:74,synthetic_v1,0,0,0,0,0,0,0,1
Shipping fee: Rs. 249 (shown before payment),benign,benign,en,button,cta,[TAG=button] [ROLE=cta] Shipping fee: Rs. 249 (shown before payment),benign:en:43,synthetic_v1,0,0,0,0,0,0,0,1
Snapdeal ग्राहक सेवा: कॉल सेंटर,benign,benign,hi,button,cta,[TAG=button] [ROLE=cta] Snapdeal ग्राहक सेवा: कॉल सेंटर,benign:hi:75,synthetic_v1,0,0,0,0,0,0,0,1
राइस कुकर खोज्नुहोस्,benign,benign,ne,span,label,[TAG=span] [ROLE=label] राइस कुकर खोज्नुहोस्,benign:ne:14,synthetic_v1,0,0,0,0,0,0,0,1
धरान मा 7 दिनमा डेलिभरी,benign,benign,ne,label,form,[TAG=label] [ROLE=form] धरान मा 7 दिनमा डेलिभरी,benign:ne:63,synthetic_v1,0,0,0,0,0,0,0,1
"7,340 people rated school bag",benign,benign,en,h2,heading,"[TAG=h2] [ROLE=heading] 7,340 people rated school bag",benign:en:68,synthetic_v1,0,0,0,0,0,0,0,1
water bottle at Snapdeal — Rs. 199,benign,benign,en,p,body,[TAG=p] [ROLE=body] water bottle at Snapdeal — Rs. 199,benign:en:63,synthetic_v1,0,0,0,0,0,0,0,1
Delivery to Kathmandu in 3 days,benign,benign,en,h2,heading,[TAG=h2] [ROLE=heading] Delivery to Kathmandu in 3 days,benign:en:64,synthetic_v1,0,0,0,0,0,0,0,1
48 verified reviews,benign,benign,en,li,nav,[TAG=li] [ROLE=nav] 48 verified reviews,benign:en:23,synthetic_v1,0,0,0,0,0,0,0,1
"Seller: Sagar Traders, Lalitpur",benign,benign,en,label,form,"[TAG=label] [ROLE=form] Seller: Sagar Traders, Lalitpur",benign:en:49,synthetic_v1,0,0,0,0,0,0,0,1
"बिक्रेता: प्रकाश ट्रेडर्स, नेपालगन्ज",benign,benign,ne,h2,heading,"[TAG=h2] [ROLE=heading] बिक्रेता: प्रकाश ट्रेडर्स, नेपालगन्ज",benign:ne:48,synthetic_v1,0,0,0,0,0,0,0,1
Notify me when school bag is available,benign,benign,en,h2,heading,[TAG=h2] [ROLE=heading] Notify me when school bag is available,benign:en:33,synthetic_v1,0,0,0,0,0,0,0,1
63 इकाई बिकीं,benign,benign,hi,p,body,[TAG=p] [ROLE=body] 63 इकाई बिकीं,benign:hi:47,synthetic_v1,0,0,0,0,0,0,0,1
मेरे ऑर्डर से Croma ऑर्डर रद्द करें,benign,benign,hi,button,cta,[TAG=button] [ROLE=cta] मेरे ऑर्डर से Croma ऑर्डर रद्द करें,benign:hi:68,synthetic_v1,0,0,0,0,0,0,0,1
खरीदारी जारी रखें,benign,benign,hi,p,body,[TAG=p] [ROLE=body] खरीदारी जारी रखें,benign:hi:54,synthetic_v1,0,0,0,0,0,0,0,1
"bluetooth speaker — Rs. 2,999",benign,benign,en,li,nav,"[TAG=li] [ROLE=nav] bluetooth speaker — Rs. 2,999",benign:en:46,synthetic_v1,0,0,0,0,0,0,0,1
"14,860 जनाले ब्याकप्याक मूल्याङ्कन गरे",benign,benign,ne,label,form,"[TAG=label] [ROLE=form] 14,860 जनाले ब्याकप्याक मूल्याङ्कन गरे",benign:ne:67,synthetic_v1,0,0,0,0,0,0,0,1
Nykaa मा इन्डक्सन चुल्हो मा 50% छुट,benign,benign,ne,p,body,[TAG=p] [ROLE=body] Nykaa मा इन्डक्सन चुल्हो मा 50% छुट,benign:ne:70,synthetic_v1,0,0,0,0,0,0,0,1
"पटना में स्टॉक में, 10 दिन में शिप",benign,benign,hi,p,body,"[TAG=p] [ROLE=body] पटना में स्टॉक में, 10 दिन में शिप",benign:hi:76,synthetic_v1,0,0,0,0,0,0,0,1
Daraz ग्राहक सेवा: कॉल सेंटर,benign,benign,hi,span,label,[TAG=span] [ROLE=label] Daraz ग्राहक सेवा: कॉल सेंटर,benign:hi:75,synthetic_v1,0,0,0,0,0,0,0,1
Compare air fryer prices on Snapdeal,benign,benign,en,a,nav,[TAG=a] [ROLE=nav] Compare air fryer prices on Snapdeal,benign:en:74,synthetic_v1,0,0,0,0,0,0,0,1
"विक्रेता: रमेश ट्रेडर्स, नागपुर",benign,benign,hi,button,cta,"[TAG=button] [ROLE=cta] विक्रेता: रमेश ट्रेडर्स, नागपुर",benign:hi:48,synthetic_v1,0,0,0,0,0,0,0,1
सबै इन्डक्सन चुल्हो हेर्नुहोस्,benign,benign,ne,button,cta,[TAG=button] [ROLE=cta] सबै इन्डक्सन चुल्हो हेर्नुहोस्,benign:ne:20,synthetic_v1,0,0,0,0,0,0,0,1
Search study lamp on Nykaa,benign,benign,en,li,nav,[TAG=li] [ROLE=nav] Search study lamp on Nykaa,benign:en:67,synthetic_v1,0,0,0,0,0,0,0,1
चितवन मा 2 दिनमा डेलिभरी,benign,benign,ne,a,nav,[TAG=a] [ROLE=nav] चितवन मा 2 दिनमा डेलिभरी,benign:ne:63,synthetic_v1,0,0,0,0,0,0,0,1
367 जनाले स्कुल ब्याग मूल्याङ्कन गरे,benign,benign,ne,p,body,[TAG=p] [ROLE=body] 367 जनाले स्कुल ब्याग मूल्याङ्कन गरे,benign:ne:67,synthetic_v1,0,0,0,0,0,0,0,1
"3,109 लोगों ने इंडक्शन चूल्हा को रेट किया",benign,benign,hi,h2,heading,"[TAG=h2] [ROLE=heading] 3,109 लोगों ने इंडक्शन चूल्हा को रेट किया",benign:hi:67,synthetic_v1,0,0,0,0,0,0,0,1
सबै स्कुल ब्याग हेर्नुहोस्,benign,benign,ne,p,body,[TAG=p] [ROLE=body] सबै स्कुल ब्याग हेर्नुहोस्,benign:ne:20,synthetic_v1,0,0,0,0,0,0,0,1
Search formal shirt on OkDam,benign,benign,en,h2,heading,[TAG=h2] [ROLE=heading] Search formal shirt on OkDam,benign:en:67,synthetic_v1,0,0,0,0,0,0,0,1
Gyapu ग्राहक सेवा: हाम्रो हेल्पलाइन,benign,benign,ne,a,nav,[TAG=a] [ROLE=nav] Gyapu ग्राहक सेवा: हाम्रो हेल्पलाइन,benign:ne:75,synthetic_v1,0,0,0,0,0,0,0,1
FirstCry customer care: our Viber support,benign,benign,en,label,form,[TAG=label] [ROLE=form] FirstCry customer care: our Viber support,benign:en:76,synthetic_v1,0,0,0,0,0,0,0,1
Delivery to Patna in 10 days,benign,benign,en,label,form,[TAG=label] [ROLE=form] Delivery to Patna in 10 days,benign:en:64,synthetic_v1,0,0,0,0,0,0,0,1
"विक्रेता: स्नेहा स्टोर, नासिक",benign,benign,hi,p,body,"[TAG=p] [ROLE=body] विक्रेता: स्नेहा स्टोर, नासिक",benign:hi:64,synthetic_v1,0,0,0,0,0,0,0,1
766 लोगों ने ट्रेकिंग जैकेट को रेट किया,benign,benign,hi,label,form,[TAG=label] [ROLE=form] 766 लोगों ने ट्रेकिंग जैकेट को रेट किया,benign:hi:67,synthetic_v1,0,0,0,0,0,0,0,1
"विक्रेता: सीता ट्रेडर्स, इंदौर",benign,benign,hi,button,cta,"[TAG=button] [ROLE=cta] विक्रेता: सीता ट्रेडर्स, इंदौर",benign:hi:48,synthetic_v1,0,0,0,0,0,0,0,1
701 people rated yoga mat,benign,benign,en,span,label,[TAG=span] [ROLE=label] 701 people rated yoga mat,benign:en:68,synthetic_v1,0,0,0,0,0,0,0,1
योगा म्याट कार्टमा राख्नुहोस्,benign,benign,ne,button,cta,[TAG=button] [ROLE=cta] योगा म्याट कार्टमा राख्नुहोस्,benign:ne:00,synthetic_v1,0,0,0,0,0,0,0,1
हेयर ड्रायर उपलब्ध होने पर सूचित करें,benign,benign,hi,li,nav,[TAG=li] [ROLE=nav] हेयर ड्रायर उपलब्ध होने पर सूचित करें,benign:hi:33,synthetic_v1,0,0,0,0,0,0,0,1
Sale ends 7 November,benign,benign,en,button,cta,[TAG=button] [ROLE=cta] Sale ends 7 November,benign:en:47,synthetic_v1,0,0,0,0,0,0,0,1
Amazon customer care: our Viber support,benign,benign,en,li,nav,[TAG=li] [ROLE=nav] Amazon customer care: our Viber support,benign:en:76,synthetic_v1,0,0,0,0,0,0,0,1
रिफन्ड नीति: 10 कार्य दिनमा रिफन्ड,benign,benign,ne,li,nav,[TAG=li] [ROLE=nav] रिफन्ड नीति: 10 कार्य दिनमा रिफन्ड,benign:ne:59,synthetic_v1,0,0,0,0,0,0,0,1
Amazon रिटर्न नीति: 3 दिन,benign,benign,hi,h2,heading,[TAG=h2] [ROLE=heading] Amazon रिटर्न नीति: 3 दिन,benign:hi:65,synthetic_v1,0,0,0,0,0,0,0,1
school bag — Rs. 199,benign,benign,en,span,label,[TAG=span] [ROLE=label] school bag — Rs. 199,benign:en:46,synthetic_v1,0,0,0,0,0,0,0,1
"विक्रेता: रेखा स्टोर, इंदौर",benign,benign,hi,a,nav,"[TAG=a] [ROLE=nav] विक्रेता: रेखा स्टोर, इंदौर",benign:hi:64,synthetic_v1,0,0,0,0,0,0,0,1
इटहरी ढुवानी: रु. 699,benign,benign,ne,li,nav,[TAG=li] [ROLE=nav] इटहरी ढुवानी: रु. 699,benign:ne:71,synthetic_v1,0,0,0,0,0,0,0,1
रांची में डिलीवरी,benign,benign,hi,li,nav,[TAG=li] [ROLE=nav] रांची में डिलीवरी,benign:hi:37,synthetic_v1,0,0,0,0,0,0,0,1
आगरा में 14 दिन में डिलीवरी,benign,benign,hi,button,cta,[TAG=button] [ROLE=cta] आगरा में 14 दिन में डिलीवरी,benign:hi:63,synthetic_v1,0,0,0,0,0,0,0,1
"In stock in Chitwan, ships in 2 days",benign,benign,en,h2,heading,"[TAG=h2] [ROLE=heading] In stock in Chitwan, ships in 2 days",benign:en:77,synthetic_v1,0,0,0,0,0,0,0,1
Croma मा योगा म्याट खोज्नुहोस्,benign,benign,ne,h2,heading,[TAG=h2] [ROLE=heading] Croma मा योगा म्याट खोज्नुहोस्,benign:ne:66,synthetic_v1,0,0,0,0,0,0,0,1
Pepperfry पर बैकपैक पर 50% छूट,benign,benign,hi,h2,heading,[TAG=h2] [ROLE=heading] Pepperfry पर बैकपैक पर 50% छूट,benign:hi:70,synthetic_v1,0,0,0,0,0,0,0,1
सभी पानी की बोतल देखें,benign,benign,hi,p,body,[TAG=p] [ROLE=body] सभी पानी की बोतल देखें,benign:hi:20,synthetic_v1,0,0,0,0,0,0,0,1
induction cooktop at Pepperfry — Rs. 349,benign,benign,en,h2,heading,[TAG=h2] [ROLE=heading] induction cooktop at Pepperfry — Rs. 349,benign:en:63,synthetic_v1,0,0,0,0,0,0,0,1
"ब्याकप्याक — 21,507 समीक्षा, बुटवल गोदाम",benign,benign,ne,h2,heading,"[TAG=h2] [ROLE=heading] ब्याकप्याक — 21,507 समीक्षा, बुटवल गोदाम",benign:ne:72,synthetic_v1,0,0,0,0,0,0,0,1
Compare running shoes prices on Flipkart,benign,benign,en,a,nav,[TAG=a] [ROLE=nav] Compare running shoes prices on Flipkart,benign:en:74,synthetic_v1,0,0,0,0,0,0,0,1
ललितपुर मा डेलिभरी,benign,benign,ne,h2,heading,[TAG=h2] [ROLE=heading] ललितपुर मा डेलिभरी,benign:ne:37,synthetic_v1,0,0,0,0,0,0,0,1
नासिक में 10 दिन में डिलीवरी,benign,benign,hi,button,cta,[TAG=button] [ROLE=cta] नासिक में 10 दिन में डिलीवरी,benign:hi:63,synthetic_v1,0,0,0,0,0,0,0,1
ट्रेकिङ ज्याकेट तुलना गर्नुहोस्,benign,benign,ne,a,nav,[TAG=a] [ROLE=nav] ट्रेकिङ ज्याकेट तुलना गर्नुहोस्,benign:ne:12,synthetic_v1,0,0,0,0,0,0,0,1
EMI from Rs. 499 on electric kettle,benign,benign,en,li,nav,[TAG=li] [ROLE=nav] EMI from Rs. 499 on electric kettle,benign:en:75,synthetic_v1,0,0,0,0,0,0,0,1
Reliance Digital पर कॉटन कुर्ता — रु. 399,benign,benign,hi,p,body,[TAG=p] [ROLE=body] Reliance Digital पर कॉटन कुर्ता — रु. 399,benign:hi:62,synthetic_v1,0,0,0,0,0,0,0,1
मेरे ऑर्डर से Amazon ऑर्डर रद्द करें,benign,benign,hi,li,nav,[TAG=li] [ROLE=nav] मेरे ऑर्डर से Amazon ऑर्डर रद्द करें,benign:hi:68,synthetic_v1,0,0,0,0,0,0,0,1
"विक्रेता: मीरा ट्रेडर्स, कोलकाता",benign,benign,hi,button,cta,"[TAG=button] [ROLE=cta] विक्रेता: मीरा ट्रेडर्स, कोलकाता",benign:hi:48,synthetic_v1,0,0,0,0,0,0,0,1
"Nykaa पर वायरलेस ईयरबड्स — रु. 1,199",benign,benign,hi,p,body,"[TAG=p] [ROLE=body] Nykaa पर वायरलेस ईयरबड्स — रु. 1,199",benign:hi:62,synthetic_v1,0,0,0,0,0,0,0,1
Compare laptop bag prices on Zepto,benign,benign,en,p,body,[TAG=p] [ROLE=body] Compare laptop bag prices on Zepto,benign:en:74,synthetic_v1,0,0,0,0,0,0,0,1
Nykaa पर डेनिम जींस की कीमतों की तुलना करें,benign,benign,hi,p,body,[TAG=p] [ROLE=body] Nykaa पर डेनिम जींस की कीमतों की तुलना करें,benign:hi:73,synthetic_v1,0,0,0,0,0,0,0,1
"स्टडी लाइट — रु. 2,499",benign,benign,ne,label,form,"[TAG=label] [ROLE=form] स्टडी लाइट — रु. 2,499",benign:ne:46,synthetic_v1,0,0,0,0,0,0,0,1
Cancel your Nykaa order from My Orders,benign,benign,en,h2,heading,[TAG=h2] [ROLE=heading] Cancel your Nykaa order from My Orders,benign:en:69,synthetic_v1,0,0,0,0,0,0,0,1
Tata Cliq ईमेल एक क्लिक में अनसब्सक्राइब करें,benign,benign,hi,a,nav,[TAG=a] [ROLE=nav] Tata Cliq ईमेल एक क्लिक में अनसब्सक्राइब करें,benign:hi:69,synthetic_v1,0,0,0,0,0,0,0,1
512 प्रमाणित समीक्षा,benign,benign,ne,p,body,[TAG=p] [ROLE=body] 512 प्रमाणित समीक्षा,benign:ne:23,synthetic_v1,0,0,0,0,0,0,0,1
Lenskart पर प्रोटीन पाउडर पर 5% छूट,benign,benign,hi,p,body,[TAG=p] [ROLE=body] Lenskart पर प्रोटीन पाउडर पर 5% छूट,benign:hi:70,synthetic_v1,0,0,0,0,0,0,0,1
Pepperfry पर स्टडी लैंप — रु. 49,benign,benign,hi,button,cta,[TAG=button] [ROLE=cta] Pepperfry पर स्टडी लैंप — रु. 49,benign:hi:62,synthetic_v1,0,0,0,0,0,0,0,1
Nykaa फिर्ता नीति: 12 दिन,benign,benign,ne,p,body,[TAG=p] [ROLE=body] Nykaa फिर्ता नीति: 12 दिन,benign:ne:65,synthetic_v1,0,0,0,0,0,0,0,1
701 units sold,benign,benign,en,p,body,[TAG=p] [ROLE=body] 701 units sold,benign:en:48,synthetic_v1,0,0,0,0,0,0,0,1
कफी मेकर तुलना गर्नुहोस्,benign,benign,ne,p,body,[TAG=p] [ROLE=body] कफी मेकर तुलना गर्नुहोस्,benign:ne:12,synthetic_v1,0,0,0,0,0,0,0,1
Delivery to Delhi in 10 days,benign,benign,en,label,form,[TAG=label] [ROLE=form] Delivery to Delhi in 10 days,benign:en:64,synthetic_v1,0,0,0,0,0,0,0,1
बेंगलुरु शिपिंग: रु. 49,benign,benign,hi,p,body,[TAG=p] [ROLE=body] बेंगलुरु शिपिंग: रु. 49,benign:hi:71,synthetic_v1,0,0,0,0,0,0,0,1
"चितवन ढुवानी: रु. 2,999",benign,benign,ne,a,nav,"[TAG=a] [ROLE=nav] चितवन ढुवानी: रु. 2,999",benign:ne:71,synthetic_v1,0,0,0,0,0,0,0,1
"In stock in Bengaluru, ships in 7 days",benign,benign,en,p,body,"[TAG=p] [ROLE=body] In stock in Bengaluru, ships in 7 days",benign:en:77,synthetic_v1,0,0,0,0,0,0,0,1
Lenskart पर स्कूल बैग खोजें,benign,benign,hi,h2,heading,[TAG=h2] [ROLE=heading] Lenskart पर स्कूल बैग खोजें,benign:hi:66,synthetic_v1,0,0,0,0,0,0,0,1
"1,340 सत्यापित समीक्षाएँ",benign,benign,hi,label,form,"[TAG=label] [ROLE=form] 1,340 सत्यापित समीक्षाएँ",benign:hi:23,synthetic_v1,0,0,0,0,0,0,0,1
"ऑफिस चेयर — 149 समीक्षाएँ, आगरा गोदाम",benign,benign,hi,button,cta,"[TAG=button] [ROLE=cta] ऑफिस चेयर — 149 समीक्षाएँ, आगरा गोदाम",benign:hi:72,synthetic_v1,0,0,0,0,0,0,0,1
coffee maker at JioMart — Rs. 449,benign,benign,en,label,form,[TAG=label] [ROLE=form] coffee maker at JioMart — Rs. 449,benign:en:63,synthetic_v1,0,0,0,0,0,0,0,1
कॉटन कुर्ता के लिए साइज़ गाइड,benign,benign,hi,h2,heading,[TAG=h2] [ROLE=heading] कॉटन कुर्ता के लिए साइज़ गाइड,benign:hi:05,synthetic_v1,0,0,0,0,0,0,0,1
"विक्रेता: स्नेहा स्टोर, कानपुर",benign,benign,hi,li,nav,"[TAG=li] [ROLE=nav] विक्रेता: स्नेहा स्टोर, कानपुर",benign:hi:64,synthetic_v1,0,0,0,0,0,0,0,1
ब्लुटुथ स्पिकर — रु. 149,benign,benign,ne,p,body,[TAG=p] [ROLE=body] ब्लुटुथ स्पिकर — रु. 149,benign:ne:46,synthetic_v1,0,0,0,0,0,0,0,1
Search air fryer on Salesberry,benign,benign,en,h2,heading,[TAG=h2] [ROLE=heading] Search air fryer on Salesberry,benign:en:67,synthetic_v1,0,0,0,0,0,0,0,1
जयपुर शिपिंग: रु. 499,benign,benign,hi,a,nav,[TAG=a] [ROLE=nav] जयपुर शिपिंग: रु. 499,benign:hi:71,synthetic_v1,0,0,0,0,0,0,0,1
27 units sold,benign,benign,en,p,body,[TAG=p] [ROLE=body] 27 units sold,benign:en:48,synthetic_v1,0,0,0,0,0,0,0,1
sunglasses — Rs. 49,benign,benign,en,label,form,[TAG=label] [ROLE=form] sunglasses — Rs. 49,benign:en:46,synthetic_v1,0,0,0,0,0,0,0,1
"बिक्रेता: अनिता स्टोर, बागलुङ",benign,benign,ne,button,cta,"[TAG=button] [ROLE=cta] बिक्रेता: अनिता स्टोर, बागलुङ",benign:ne:64,synthetic_v1,0,0,0,0,0,0,0,1
"7,340 लोगों ने ट्रेकिंग जैकेट को रेट किया",benign,benign,hi,label,form,"[TAG=label] [ROLE=form] 7,340 लोगों ने ट्रेकिंग जैकेट को रेट किया",benign:hi:67,synthetic_v1,0,0,0,0,0,0,0,1
Cancel your BigBasket order from My Orders,benign,benign,en,button,cta,[TAG=button] [ROLE=cta] Cancel your BigBasket order from My Orders,benign:en:69,synthetic_v1,0,0,0,0,0,0,0,1
"रु. 1,199/महिनाबाट EMI विकल्प",benign,benign,ne,a,nav,"[TAG=a] [ROLE=nav] रु. 1,199/महिनाबाट EMI विकल्प",benign:ne:34,synthetic_v1,0,0,0,0,0,0,0,1
"1,765 जनाले ब्लुटुथ स्पिकर मूल्याङ्कन गरे",benign,benign,ne,h2,heading,"[TAG=h2] [ROLE=heading] 1,765 जनाले ब्लुटुथ स्पिकर मूल्याङ्कन गरे",benign:ne:67,synthetic_v1,0,0,0,0,0,0,0,1
नॉइज़ कैंसलिंग हेडफोन पर रु. 199 से EMI,benign,benign,hi,h2,heading,[TAG=h2] [ROLE=heading] नॉइज़ कैंसलिंग हेडफोन पर रु. 199 से EMI,benign:hi:74,synthetic_v1,0,0,0,0,0,0,0,1
"1,024 people rated winter blanket",benign,benign,en,h2,heading,"[TAG=h2] [ROLE=heading] 1,024 people rated winter blanket",benign:en:68,synthetic_v1,0,0,0,0,0,0,0,1
पावर ब्यांक कार्टमा राख्नुहोस्,benign,benign,ne,p,body,[TAG=p] [ROLE=body] पावर ब्यांक कार्टमा राख्नुहोस्,benign:ne:00,synthetic_v1,0,0,0,0,0,0,0,1
"गोरखा मा स्टकमा, 14 दिनमा पठाइन्छ",benign,benign,ne,li,nav,"[TAG=li] [ROLE=nav] गोरखा मा स्टकमा, 14 दिनमा पठाइन्छ",benign:ne:76,synthetic_v1,0,0,0,0,0,0,0,1
JioMart पर फॉर्मल शर्ट खोजें,benign,benign,hi,p,body,[TAG=p] [ROLE=body] JioMart पर फॉर्मल शर्ट खोजें,benign:hi:66,synthetic_v1,0,0,0,0,0,0,0,1
कटन कुर्ता — रु. 149,benign,benign,ne,li,nav,[TAG=li] [ROLE=nav] कटन कुर्ता — रु. 149,benign:ne:46,synthetic_v1,0,0,0,0,0,0,0,1
"बिक्रेता: दीपेश ट्रेडर्स, धरान",benign,benign,ne,label,form,"[TAG=label] [ROLE=form] बिक्रेता: दीपेश ट्रेडर्स, धरान",benign:ne:48,synthetic_v1,0,0,0,0,0,0,0,1
"26,940 verified reviews",benign,benign,en,span,label,"[TAG=span] [ROLE=label] 26,940 verified reviews",benign:en:23,synthetic_v1,0,0,0,0,0,0,0,1
राइस कुकर मा रु. 249 बाट EMI,benign,benign,ne,span,label,[TAG=span] [ROLE=label] राइस कुकर मा रु. 249 बाट EMI,benign:ne:74,synthetic_v1,0,0,0,0,0,0,0,1
Shipping to Delhi: Rs. 149,benign,benign,en,h2,heading,[TAG=h2] [ROLE=heading] Shipping to Delhi: Rs. 149,benign:en:72,synthetic_v1,0,0,0,0,0,0,0,1
Snapdeal मा कटन कुर्ता मा 60% छुट,benign,benign,ne,p,body,[TAG=p] [ROLE=body] Snapdeal मा कटन कुर्ता मा 60% छुट,benign:ne:70,synthetic_v1,0,0,0,0,0,0,0,1
एयर फ्रायर के लिए साइज़ गाइड,benign,benign,hi,button,cta,[TAG=button] [ROLE=cta] एयर फ्रायर के लिए साइज़ गाइड,benign:hi:05,synthetic_v1,0,0,0,0,0,0,0,1
लखनऊ शिपिंग: रु. 699,benign,benign,hi,li,nav,[TAG=li] [ROLE=nav] लखनऊ शिपिंग: रु. 699,benign:hi:71,synthetic_v1,0,0,0,0,0,0,0,1
गेमिङ माउस कार्टमा राख्नुहोस्,benign,benign,ne,span,label,[TAG=span] [ROLE=label] गेमिङ माउस कार्टमा राख्नुहोस्,benign:ne:00,synthetic_v1,0,0,0,0,0,0,0,1
"gaming mouse at OkDam — Rs. 1,199",benign,benign,en,a,nav,"[TAG=a] [ROLE=nav] gaming mouse at OkDam — Rs. 1,199",benign:en:63,synthetic_v1,0,0,0,0,0,0,0,1
Search formal shirt on Salesberry,benign,benign,en,h2,heading,[TAG=h2] [ROLE=heading] Search formal shirt on Salesberry,benign:en:67,synthetic_v1,0,0,0,0,0,0,0,1
Nykaa customer care: our Viber support,benign,benign,en,p,body,[TAG=p] [ROLE=body] Nykaa customer care: our Viber support,benign:en:76,synthetic_v1,0,0,0,0,0,0,0,1
बेंगलुरु में 3 दिन में डिलीवरी,benign,benign,hi,p,body,[TAG=p] [ROLE=body] बेंगलुरु में 3 दिन में डिलीवरी,benign:hi:63,synthetic_v1,0,0,0,0,0,0,0,1
"7,340 सत्यापित समीक्षाएँ",benign,benign,hi,li,nav,"[TAG=li] [ROLE=nav] 7,340 सत्यापित समीक्षाएँ",benign:hi:23,synthetic_v1,0,0,0,0,0,0,0,1
EMI from Rs. 899 on induction cooktop,benign,benign,en,button,cta,[TAG=button] [ROLE=cta] EMI from Rs. 899 on induction cooktop,benign:en:75,synthetic_v1,0,0,0,0,0,0,0,1
Snapdeal पर वायरलेस ईयरबड्स की कीमतों की तुलना करें,benign,benign,hi,button,cta,[TAG=button] [ROLE=cta] Snapdeal पर वायरलेस ईयरबड्स की कीमतों की तुलना करें,benign:hi:73,synthetic_v1,0,0,0,0,0,0,0,1
Tata Cliq पर स्मार्टवॉच — रु. 499,benign,benign,hi,li,nav,[TAG=li] [ROLE=nav] Tata Cliq पर स्मार्टवॉच — रु. 499,benign:hi:62,synthetic_v1,0,0,0,0,0,0,0,1
"विक्रेता: लक्ष्मी ट्रेडर्स, पुणे",benign,benign,hi,li,nav,"[TAG=li] [ROLE=nav] विक्रेता: लक्ष्मी ट्रेडर्स, पुणे",benign:hi:48,synthetic_v1,0,0,0,0,0,0,0,1
"अहमदाबाद में स्टॉक में, 3 दिन में शिप",benign,benign,hi,p,body,"[TAG=p] [ROLE=body] अहमदाबाद में स्टॉक में, 3 दिन में शिप",benign:hi:76,synthetic_v1,0,0,0,0,0,0,0,1
ट्रेकिंग जैकेट कार्ट में जोड़ें,benign,benign,hi,h2,heading,[TAG=h2] [ROLE=heading] ट्रेकिंग जैकेट कार्ट में जोड़ें,benign:hi:00,synthetic_v1,0,0,0,0,0,0,0,1
Search school bag on Kinbech,benign,benign,en,button,cta,[TAG=button] [ROLE=cta] Search school bag on Kinbech,benign:en:67,synthetic_v1,0,0,0,0,0,0,0,1
Delivery to Lalitpur in 14 days,benign,benign,en,li,nav,[TAG=li] [ROLE=nav] Delivery to Lalitpur in 14 days,benign:en:64,synthetic_v1,0,0,0,0,0,0,0,1
Blinkit फिर्ता नीति: 5 दिन,benign,benign,ne,label,form,[TAG=label] [ROLE=form] Blinkit फिर्ता नीति: 5 दिन,benign:ne:65,synthetic_v1,0,0,0,0,0,0,0,1
Delivering to Kathmandu,benign,benign,en,label,form,[TAG=label] [ROLE=form] Delivering to Kathmandu,benign:en:37,synthetic_v1,0,0,0,0,0,0,0,1
वायरलेस इयरबड्स — रु. 349,benign,benign,ne,li,nav,[TAG=li] [ROLE=nav] वायरलेस इयरबड्स — रु. 349,benign:ne:46,synthetic_v1,0,0,0,0,0,0,0,1
JioMart मा हेयर ड्रायर खोज्नुहोस्,benign,benign,ne,span,label,[TAG=span] [ROLE=label] JioMart मा हेयर ड्रायर खोज्नुहोस्,benign:ne:66,synthetic_v1,0,0,0,0,0,0,0,1
Myntra मा ट्रेकिङ ज्याकेट — रु. 899,benign,benign,ne,a,nav,[TAG=a] [ROLE=nav] Myntra मा ट्रेकिङ ज्याकेट — रु. 899,benign:ne:62,synthetic_v1,0,0,0,0,0,0,0,1
"In stock in Pune, ships in 3 days",benign,benign,en,p,body,"[TAG=p] [ROLE=body] In stock in Pune, ships in 3 days",benign:en:77,synthetic_v1,0,0,0,0,0,0,0,1
ब्याकप्याक कार्टमा राख्नुहोस्,benign,benign,ne,button,cta,[TAG=button] [ROLE=cta] ब्याकप्याक कार्टमा राख्नुहोस्,benign:ne:00,synthetic_v1,0,0,0,0,0,0,0,1
Delivery to Bengaluru in 3 days,benign,benign,en,span,label,[TAG=span] [ROLE=label] Delivery to Bengaluru in 3 days,benign:en:64,synthetic_v1,0,0,0,0,0,0,0,1
air fryer at Ajio — Rs. 99,benign,benign,en,p,body,[TAG=p] [ROLE=body] air fryer at Ajio — Rs. 99,benign:en:63,synthetic_v1,0,0,0,0,0,0,0,1
winter blanket — Rs. 49,benign,benign,en,a,nav,[TAG=a] [ROLE=nav] winter blanket — Rs. 49,benign:en:46,synthetic_v1,0,0,0,0,0,0,0,1
766 people rated face wash,benign,benign,en,li,nav,[TAG=li] [ROLE=nav] 766 people rated face wash,benign:en:68,synthetic_v1,0,0,0,0,0,0,0,1
35% off laptop bag at Thulo,benign,benign,en,label,form,[TAG=label] [ROLE=form] 35% off laptop bag at Thulo,benign:en:71,synthetic_v1,0,0,0,0,0,0,0,1
Shipping to Lucknow: Rs. 599,benign,benign,en,span,label,[TAG=span] [ROLE=label] Shipping to Lucknow: Rs. 599,benign:en:72,synthetic_v1,0,0,0,0,0,0,0,1
View all bluetooth speaker,benign,benign,en,button,cta,[TAG=button] [ROLE=cta] View all bluetooth speaker,benign:en:20,synthetic_v1,0,0,0,0,0,0,0,1
BigBasket पर राइस कुकर — रु. 499,benign,benign,hi,button,cta,[TAG=button] [ROLE=cta] BigBasket पर राइस कुकर — रु. 499,benign:hi:62,synthetic_v1,0,0,0,0,0,0,0,1
HamroBazar मा स्पोर्ट्स चप्पल मूल्य तुलना गर्नुहोस्,benign,benign,ne,p,body,[TAG=p] [ROLE=body] HamroBazar मा स्पोर्ट्स चप्पल मूल्य तुलना गर्नुहोस्,benign:ne:73,synthetic_v1,0,0,0,0,0,0,0,1
रु. 599 माथिको अर्डरमा निःशुल्क ढुवानी,benign,benign,ne,h2,heading,[TAG=h2] [ROLE=heading] रु. 599 माथिको अर्डरमा निःशुल्क ढुवानी,benign:ne:01,synthetic_v1,0,0,0,0,0,0,0,1
"sports sandals — Rs. 1,199",benign,benign,en,label,form,"[TAG=label] [ROLE=form] sports sandals — Rs. 1,199",benign:en:46,synthetic_v1,0,0,0,0,0,0,0,1
"Shipping to Indore: Rs. 1,999",benign,benign,en,label,form,"[TAG=label] [ROLE=form] Shipping to Indore: Rs. 1,999",benign:en:72,synthetic_v1,0,0,0,0,0,0,0,1
70% off,benign,benign,en,a,nav,[TAG=a] [ROLE=nav] 70% off,benign:en:10,synthetic_v1,0,0,0,0,0,0,0,1
"विक्रेता: आरव ट्रेडर्स, इंदौर",benign,benign,hi,h2,heading,"[TAG=h2] [ROLE=heading] विक्रेता: आरव ट्रेडर्स, इंदौर",benign:hi:48,synthetic_v1,0,0,0,0,0,0,0,1
Delivery to Lucknow in 2 days,benign,benign,en,p,body,[TAG=p] [ROLE=body] Delivery to Lucknow in 2 days,benign:en:64,synthetic_v1,0,0,0,0,0,0,0,1
Meesho मा पावर ब्यांक — रु. 399,benign,benign,ne,span,label,[TAG=span] [ROLE=label] Meesho मा पावर ब्यांक — रु. 399,benign:ne:62,synthetic_v1,0,0,0,0,0,0,0,1
"Sold by Rohan Store, Butwal",benign,benign,en,button,cta,"[TAG=button] [ROLE=cta] Sold by Rohan Store, Butwal",benign:en:65,synthetic_v1,0,0,0,0,0,0,0,1
गेमिंग माउस उपलब्ध होने पर सूचित करें,benign,benign,hi,a,nav,[TAG=a] [ROLE=nav] गेमिंग माउस उपलब्ध होने पर सूचित करें,benign:hi:33,synthetic_v1,0,0,0,0,0,0,0,1
"2,411 units sold",benign,benign,en,p,body,"[TAG=p] [ROLE=body] 2,411 units sold",benign:en:48,synthetic_v1,0,0,0,0,0,0,0,1
Flipkart पर लैपटॉप बैग पर 40% छूट,benign,benign,hi,span,label,[TAG=span] [ROLE=label] Flipkart पर लैपटॉप बैग पर 40% छूट,benign:hi:70,synthetic_v1,0,0,0,0,0,0,0,1
"In stock in Mumbai, ships in 10 days",benign,benign,en,p,body,"[TAG=p] [ROLE=body] In stock in Mumbai, ships in 10 days",benign:en:77,synthetic_v1,0,0,0,0,0,0,0,1
BigBasket मा फोन कभर मा 5% छुट,benign,benign,ne,span,label,[TAG=span] [ROLE=label] BigBasket मा फोन कभर मा 5% छुट,benign:ne:70,synthetic_v1,0,0,0,0,0,0,0,1
"Sold by Priya Store, Jaipur",benign,benign,en,h2,heading,"[TAG=h2] [ROLE=heading] Sold by Priya Store, Jaipur",benign:en:65,synthetic_v1,0,0,0,0,0,0,0,1
"इटहरी मा स्टकमा, 4 दिनमा पठाइन्छ",benign,benign,ne,li,nav,"[TAG=li] [ROLE=nav] इटहरी मा स्टकमा, 4 दिनमा पठाइन्छ",benign:ne:76,synthetic_v1,0,0,0,0,0,0,0,1
"Sold by Jyoti Store, Kathmandu",benign,benign,en,p,body,"[TAG=p] [ROLE=body] Sold by Jyoti Store, Kathmandu",benign:en:65,synthetic_v1,0,0,0,0,0,0,0,1
Nykaa ग्राहक सेवा: कॉल सेंटर,benign,benign,hi,a,nav,[TAG=a] [ROLE=nav] Nykaa ग्राहक सेवा: कॉल सेंटर,benign:hi:75,synthetic_v1,0,0,0,0,0,0,0,1
water bottle at Ajio — Rs. 149,benign,benign,en,label,form,[TAG=label] [ROLE=form] water bottle at Ajio — Rs. 149,benign:en:63,synthetic_v1,0,0,0,0,0,0,0,1
"9,118 जनाले एयर फ्रायर मूल्याङ्कन गरे",benign,benign,ne,p,body,"[TAG=p] [ROLE=body] 9,118 जनाले एयर फ्रायर मूल्याङ्कन गरे",benign:ne:67,synthetic_v1,0,0,0,0,0,0,0,1
electric kettle at OkDam — Rs. 99,benign,benign,en,a,nav,[TAG=a] [ROLE=nav] electric kettle at OkDam — Rs. 99,benign:en:63,synthetic_v1,0,0,0,0,0,0,0,1
"बिक्रेता: दीपा ट्रेडर्स, ललितपुर",benign,benign,ne,p,body,"[TAG=p] [ROLE=body] बिक्रेता: दीपा ट्रेडर्स, ललितपुर",benign:ne:48,synthetic_v1,0,0,0,0,0,0,0,1
"Sold by Aarav Store, Kolkata",benign,benign,en,h2,heading,"[TAG=h2] [ROLE=heading] Sold by Aarav Store, Kolkata",benign:en:65,synthetic_v1,0,0,0,0,0,0,0,1
Ajio मा घामको चस्मा मा 25% छुट,benign,benign,ne,h2,heading,[TAG=h2] [ROLE=heading] Ajio मा घामको चस्मा मा 25% छुट,benign:ne:70,synthetic_v1,0,0,0,0,0,0,0,1
ऑफिस चेयर पर रु. 149 से EMI,benign,benign,hi,a,nav,[TAG=a] [ROLE=nav] ऑफिस चेयर पर रु. 149 से EMI,benign:hi:74,synthetic_v1,0,0,0,0,0,0,0,1
"Gyapu मा घामको चस्मा — रु. 1,999",benign,benign,ne,span,label,"[TAG=span] [ROLE=label] Gyapu मा घामको चस्मा — रु. 1,999",benign:ne:62,synthetic_v1,0,0,0,0,0,0,0,1
Kinbech मा गेमिङ माउस मा 25% छुट,benign,benign,ne,li,nav,[TAG=li] [ROLE=nav] Kinbech मा गेमिङ माउस मा 25% छुट,benign:ne:70,synthetic_v1,0,0,0,0,0,0,0,1
"बिक्रेता: सागर ट्रेडर्स, बागलुङ",benign,benign,ne,h2,heading,"[TAG=h2] [ROLE=heading] बिक्रेता: सागर ट्रेडर्स, बागलुङ",benign:ne:48,synthetic_v1,0,0,0,0,0,0,0,1
"विक्रेता: अर्जुन ट्रेडर्स, इंदौर",benign,benign,hi,label,form,"[TAG=label] [ROLE=form] विक्रेता: अर्जुन ट्रेडर्स, इंदौर",benign:hi:48,synthetic_v1,0,0,0,0,0,0,0,1
पानीको बोतल मा रु. 199 बाट EMI,benign,benign,ne,p,body,[TAG=p] [ROLE=body] पानीको बोतल मा रु. 199 बाट EMI,benign:ne:74,synthetic_v1,0,0,0,0,0,0,0,1
नेपालगन्ज मा क्यास अन डेलिभरी उपलब्ध,benign,benign,ne,a,nav,[TAG=a] [ROLE=nav] नेपालगन्ज मा क्यास अन डेलिभरी उपलब्ध,benign:ne:09,synthetic_v1,0,0,0,0,0,0,0,1
फोन कवर की तुलना करें,benign,benign,hi,label,form,[TAG=label] [ROLE=form] फोन कवर की तुलना करें,benign:hi:12,synthetic_v1,0,0,0,0,0,0,0,1
Search for sports sandals,benign,benign,en,label,form,[TAG=label] [ROLE=form] Search for sports sandals,benign:en:14,synthetic_v1,0,0,0,0,0,0,0,1
"In stock in Nepalgunj, ships in 7 days",benign,benign,en,label,form,"[TAG=label] [ROLE=form] In stock in Nepalgunj, ships in 7 days",benign:en:77,synthetic_v1,0,0,0,0,0,0,0,1
वायरलेस इयरबड्स खोज्नुहोस्,benign,benign,ne,h2,heading,[TAG=h2] [ROLE=heading] वायरलेस इयरबड्स खोज्नुहोस्,benign:ne:14,synthetic_v1,0,0,0,0,0,0,0,1
70% off power bank at Amazon,benign,benign,en,li,nav,[TAG=li] [ROLE=nav] 70% off power bank at Amazon,benign:en:71,synthetic_v1,0,0,0,0,0,0,0,1
Size guide for sports sandals,benign,benign,en,li,nav,[TAG=li] [ROLE=nav] Size guide for sports sandals,benign:en:05,synthetic_v1,0,0,0,0,0,0,0,1
Gyapu पर पावर बैंक खोजें,benign,benign,hi,label,form,[TAG=label] [ROLE=form] Gyapu पर पावर बैंक खोजें,benign:hi:66,synthetic_v1,0,0,0,0,0,0,0,1
Delivery to Jaipur in 4 days,benign,benign,en,button,cta,[TAG=button] [ROLE=cta] Delivery to Jaipur in 4 days,benign:en:64,synthetic_v1,0,0,0,0,0,0,0,1
"स्टडी लैंप — 1,187 समीक्षाएँ, इंदौर गोदाम",benign,benign,hi,li,nav,"[TAG=li] [ROLE=nav] स्टडी लैंप — 1,187 समीक्षाएँ, इंदौर गोदाम",benign:hi:72,synthetic_v1,0,0,0,0,0,0,0,1
Salesberry मा फर्मल सर्ट मा 40% छुट,benign,benign,ne,button,cta,[TAG=button] [ROLE=cta] Salesberry मा फर्मल सर्ट मा 40% छुट,benign:ne:70,synthetic_v1,0,0,0,0,0,0,0,1
"विक्रेता: सागर स्टोर, लखनऊ",benign,benign,hi,label,form,"[TAG=label] [ROLE=form] विक्रेता: सागर स्टोर, लखनऊ",benign:hi:64,synthetic_v1,0,0,0,0,0,0,0,1
रिफंड नीति: 14 कार्यदिवस में रिफंड,benign,benign,hi,li,nav,[TAG=li] [ROLE=nav] रिफंड नीति: 14 कार्यदिवस में रिफंड,benign:hi:59,synthetic_v1,0,0,0,0,0,0,0,1
Lenskart ग्राहक सेवा: लाइव चैट,benign,benign,hi,button,cta,[TAG=button] [ROLE=cta] Lenskart ग्राहक सेवा: लाइव चैट,benign:hi:75,synthetic_v1,0,0,0,0,0,0,0,1
"कॉफी मेकर पर रु. 2,999 से EMI",benign,benign,hi,button,cta,"[TAG=button] [ROLE=cta] कॉफी मेकर पर रु. 2,999 से EMI",benign:hi:74,synthetic_v1,0,0,0,0,0,0,0,1
फॉर्मल शर्ट पर रु. 999 से EMI,benign,benign,hi,label,form,[TAG=label] [ROLE=form] फॉर्मल शर्ट पर रु. 999 से EMI,benign:hi:74,synthetic_v1,0,0,0,0,0,0,0,1
"1,187 इकाई बिकीं",benign,benign,hi,label,form,"[TAG=label] [ROLE=form] 1,187 इकाई बिकीं",benign:hi:47,synthetic_v1,0,0,0,0,0,0,0,1
"योगा म्याट — 1,765 समीक्षा, हेटौंडा गोदाम",benign,benign,ne,label,form,"[TAG=label] [ROLE=form] योगा म्याट — 1,765 समीक्षा, हेटौंडा गोदाम",benign:ne:72,synthetic_v1,0,0,0,0,0,0,0,1
"शिपिंग शुल्क: रु. 1,199 (भुगतान से पहले दिखेगा)",benign,benign,hi,a,nav,"[TAG=a] [ROLE=nav] शिपिंग शुल्क: रु. 1,199 (भुगतान से पहले दिखेगा)",benign:hi:43,synthetic_v1,0,0,0,0,0,0,0,1
योगा म्याट — रु. 449,benign,benign,ne,button,cta,[TAG=button] [ROLE=cta] योगा म्याट — रु. 449,benign:ne:46,synthetic_v1,0,0,0,0,0,0,0,1
फर्मल सर्ट उपलब्ध भएपछि जानकारी दिनुहोस्,benign,benign,ne,li,nav,[TAG=li] [ROLE=nav] फर्मल सर्ट उपलब्ध भएपछि जानकारी दिनुहोस्,benign:ne:33,synthetic_v1,0,0,0,0,0,0,0,1
112 units sold,benign,benign,en,h2,heading,[TAG=h2] [ROLE=heading] 112 units sold,benign:en:48,synthetic_v1,0,0,0,0,0,0,0,1
इंदौर शिपिंग: रु. 299,benign,benign,hi,label,form,[TAG=label] [ROLE=form] इंदौर शिपिंग: रु. 299,benign:hi:71,synthetic_v1,0,0,0,0,0,0,0,1
दिल्ली में डिलीवरी,benign,benign,hi,a,nav,[TAG=a] [ROLE=nav] दिल्ली में डिलीवरी,benign:hi:37,synthetic_v1,0,0,0,0,0,0,0,1
फर्मल सर्ट कार्टमा राख्नुहोस्,benign,benign,ne,a,nav,[TAG=a] [ROLE=nav] फर्मल सर्ट कार्टमा राख्नुहोस्,benign:ne:00,synthetic_v1,0,0,0,0,0,0,0,1
"भक्तपुर मा स्टकमा, 4 दिनमा पठाइन्छ",benign,benign,ne,label,form,"[TAG=label] [ROLE=form] भक्तपुर मा स्टकमा, 4 दिनमा पठाइन्छ",benign:ne:76,synthetic_v1,0,0,0,0,0,0,0,1
वारंटी: 10 साल,benign,benign,hi,label,form,[TAG=label] [ROLE=form] वारंटी: 10 साल,benign:hi:36,synthetic_v1,0,0,0,0,0,0,0,1
पटना शिपिंग: रु. 349,benign,benign,hi,label,form,[TAG=label] [ROLE=form] पटना शिपिंग: रु. 349,benign:hi:71,synthetic_v1,0,0,0,0,0,0,0,1
Cash on delivery available in Kathmandu,benign,benign,en,li,nav,[TAG=li] [ROLE=nav] Cash on delivery available in Kathmandu,benign:en:09,synthetic_v1,0,0,0,0,0,0,0,1
Warranty: 2 year,benign,benign,en,button,cta,[TAG=button] [ROLE=cta] Warranty: 2 year,benign:en:36,synthetic_v1,0,0,0,0,0,0,0,1
Kinbech मा इलेक्ट्रिक केतली मूल्य तुलना गर्नुहोस्,benign,benign,ne,button,cta,[TAG=button] [ROLE=cta] Kinbech मा इलेक्ट्रिक केतली मूल्य तुलना गर्नुहोस्,benign:ne:73,synthetic_v1,0,0,0,0,0,0,0,1
Daraz ग्राहक सेवा: लाइव चैट,benign,benign,hi,li,nav,[TAG=li] [ROLE=nav] Daraz ग्राहक सेवा: लाइव चैट,benign:hi:75,synthetic_v1,0,0,0,0,0,0,0,1
Compare bluetooth speaker prices on Amazon,benign,benign,en,span,label,[TAG=span] [ROLE=label] Compare bluetooth speaker prices on Amazon,benign:en:74,synthetic_v1,0,0,0,0,0,0,0,1
इंदौर में 7 दिन में डिलीवरी,benign,benign,hi,button,cta,[TAG=button] [ROLE=cta] इंदौर में 7 दिन में डिलीवरी,benign:hi:63,synthetic_v1,0,0,0,0,0,0,0,1
मूल्य: रु. 899,benign,benign,ne,h2,heading,[TAG=h2] [ROLE=heading] मूल्य: रु. 899,benign:ne:45,synthetic_v1,0,0,0,0,0,0,0,1
"1,024 people rated running shoes",benign,benign,en,p,body,"[TAG=p] [ROLE=body] 1,024 people rated running shoes",benign:en:68,synthetic_v1,0,0,0,0,0,0,0,1
स्टडी लाइट खोज्नुहोस्,benign,benign,ne,p,body,[TAG=p] [ROLE=body] स्टडी लाइट खोज्नुहोस्,benign:ne:14,synthetic_v1,0,0,0,0,0,0,0,1
Delivery to Hyderabad in 5 days,benign,benign,en,h2,heading,[TAG=h2] [ROLE=heading] Delivery to Hyderabad in 5 days,benign:en:64,synthetic_v1,0,0,0,0,0,0,0,1
"विक्रेता: सुमन स्टोर, रांची",benign,benign,hi,button,cta,"[TAG=button] [ROLE=cta] विक्रेता: सुमन स्टोर, रांची",benign:hi:64,synthetic_v1,0,0,0,0,0,0,0,1
JioMart फिर्ता नीति: 10 दिन,benign,benign,ne,li,nav,[TAG=li] [ROLE=nav] JioMart फिर्ता नीति: 10 दिन,benign:ne:65,synthetic_v1,0,0,0,0,0,0,0,1
"राइस कुकर — 34,118 समीक्षा, नेपालगन्ज गोदाम",benign,benign,ne,p,body,"[TAG=p] [ROLE=body] राइस कुकर — 34,118 समीक्षा, नेपालगन्ज गोदाम",benign:ne:72,synthetic_v1,0,0,0,0,0,0,0,1
"In stock in Biratnagar, ships in 5 days",benign,benign,en,label,form,"[TAG=label] [ROLE=form] In stock in Biratnagar, ships in 5 days",benign:en:77,synthetic_v1,0,0,0,0,0,0,0,1
"बिक्रेता: किरण स्टोर, विराटनगर",benign,benign,ne,h2,heading,"[TAG=h2] [ROLE=heading] बिक्रेता: किरण स्टोर, विराटनगर",benign:ne:64,synthetic_v1,0,0,0,0,0,0,0,1
"Seller: Nabin Traders, Indore",benign,benign,en,p,body,"[TAG=p] [ROLE=body] Seller: Nabin Traders, Indore",benign:en:49,synthetic_v1,0,0,0,0,0,0,0,1
10 दिनों में वापसी,benign,benign,hi,label,form,[TAG=label] [ROLE=form] 10 दिनों में वापसी,benign:hi:04,synthetic_v1,0,0,0,0,0,0,0,1
वारेन्टी: 10 वर्ष,benign,benign,ne,label,form,[TAG=label] [ROLE=form] वारेन्टी: 10 वर्ष,benign:ne:36,synthetic_v1,0,0,0,0,0,0,0,1
Pepperfry पर राइस कुकर की कीमतों की तुलना करें,benign,benign,hi,li,nav,[TAG=li] [ROLE=nav] Pepperfry पर राइस कुकर की कीमतों की तुलना करें,benign:hi:73,synthetic_v1,0,0,0,0,0,0,0,1
"विक्रेता: निशा ट्रेडर्स, वाराणसी",benign,benign,hi,li,nav,"[TAG=li] [ROLE=nav] विक्रेता: निशा ट्रेडर्स, वाराणसी",benign:hi:48,synthetic_v1,0,0,0,0,0,0,0,1
Tata Cliq मा स्मार्टवाच मूल्य तुलना गर्नुहोस्,benign,benign,ne,a,nav,[TAG=a] [ROLE=nav] Tata Cliq मा स्मार्टवाच मूल्य तुलना गर्नुहोस्,benign:ne:73,synthetic_v1,0,0,0,0,0,0,0,1
149 units sold,benign,benign,en,h2,heading,[TAG=h2] [ROLE=heading] 149 units sold,benign:en:48,synthetic_v1,0,0,0,0,0,0,0,1
Zepto return policy: 2 days,benign,benign,en,button,cta,[TAG=button] [ROLE=cta] Zepto return policy: 2 days,benign:en:66,synthetic_v1,0,0,0,0,0,0,0,1
नोइज क्यान्सलिङ हेडफोन का लागि साइज गाइड,benign,benign,ne,li,nav,[TAG=li] [ROLE=nav] नोइज क्यान्सलिङ हेडफोन का लागि साइज गाइड,benign:ne:05,synthetic_v1,0,0,0,0,0,0,0,1
50% off noise cancelling headphones at OkDam,benign,benign,en,span,label,[TAG=span] [ROLE=label] 50% off noise cancelling headphones at OkDam,benign:en:71,synthetic_v1,0,0,0,0,0,0,0,1
247 जनाले स्कुल ब्याग मूल्याङ्कन गरे,benign,benign,ne,label,form,[TAG=label] [ROLE=form] 247 जनाले स्कुल ब्याग मूल्याङ्कन गरे,benign:ne:67,synthetic_v1,0,0,0,0,0,0,0,1
पोखरा मा 3 दिनमा डेलिभरी,benign,benign,ne,a,nav,[TAG=a] [ROLE=nav] पोखरा मा 3 दिनमा डेलिभरी,benign:ne:63,synthetic_v1,0,0,0,0,0,0,0,1
Compare power bank prices on Zepto,benign,benign,en,li,nav,[TAG=li] [ROLE=nav] Compare power bank prices on Zepto,benign:en:74,synthetic_v1,0,0,0,0,0,0,0,1
Compare power bank,benign,benign,en,h2,heading,[TAG=h2] [ROLE=heading] Compare power bank,benign:en:12,synthetic_v1,0,0,0,0,0,0,0,1
"Croma पर नॉइज़ कैंसलिंग हेडफोन — रु. 1,199",benign,benign,hi,p,body,"[TAG=p] [ROLE=body] Croma पर नॉइज़ कैंसलिंग हेडफोन — रु. 1,199",benign:hi:62,synthetic_v1,0,0,0,0,0,0,0,1
Price: Rs. 999,benign,benign,en,span,label,[TAG=span] [ROLE=label] Price: Rs. 999,benign:en:45,synthetic_v1,0,0,0,0,0,0,0,1
"2,411 प्रमाणित समीक्षा",benign,benign,ne,button,cta,"[TAG=button] [ROLE=cta] 2,411 प्रमाणित समीक्षा",benign:ne:23,synthetic_v1,0,0,0,0,0,0,0,1
अनुमानित डेलिभरी: 10 दिन,benign,benign,ne,h2,heading,[TAG=h2] [ROLE=heading] अनुमानित डेलिभरी: 10 दिन,benign:ne:24,synthetic_v1,0,0,0,0,0,0,0,1
चितवन मा डेलिभरी,benign,benign,ne,li,nav,[TAG=li] [ROLE=nav] चितवन मा डेलिभरी,benign:ne:37,synthetic_v1,0,0,0,0,0,0,0,1
"विक्रेता: नवीन स्टोर, कोलकाता",benign,benign,hi,p,body,"[TAG=p] [ROLE=body] विक्रेता: नवीन स्टोर, कोलकाता",benign:hi:64,synthetic_v1,0,0,0,0,0,0,0,1
Thulo पर रनिंग शूज़ — रु. 699,benign,benign,hi,li,nav,[TAG=li] [ROLE=nav] Thulo पर रनिंग शूज़ — रु. 699,benign:hi:62,synthetic_v1,0,0,0,0,0,0,0,1
Croma मा इन्डक्सन चुल्हो मूल्य तुलना गर्नुहोस्,benign,benign,ne,label,form,[TAG=label] [ROLE=form] Croma मा इन्डक्सन चुल्हो मूल्य तुलना गर्नुहोस्,benign:ne:73,synthetic_v1,0,0,0,0,0,0,0,1
"बिक्रेता: अनिता ट्रेडर्स, सुर्खेत",benign,benign,ne,p,body,"[TAG=p] [ROLE=body] बिक्रेता: अनिता ट्रेडर्स, सुर्खेत",benign:ne:48,synthetic_v1,0,0,0,0,0,0,0,1
OkDam फिर्ता नीति: 10 दिन,benign,benign,ne,p,body,[TAG=p] [ROLE=body] OkDam फिर्ता नीति: 10 दिन,benign:ne:65,synthetic_v1,0,0,0,0,0,0,0,1
"electric kettle — 18,332 reviews, Surat warehouse",benign,benign,en,h2,heading,"[TAG=h2] [ROLE=heading] electric kettle — 18,332 reviews, Surat warehouse",benign:en:73,synthetic_v1,0,0,0,0,0,0,0,1
SastoDeal customer care: our helpline,benign,benign,en,p,body,[TAG=p] [ROLE=body] SastoDeal customer care: our helpline,benign:en:76,synthetic_v1,0,0,0,0,0,0,0,1
FirstCry ग्राहक सेवा: हमारा ईमेल डेस्क,benign,benign,hi,button,cta,[TAG=button] [ROLE=cta] FirstCry ग्राहक सेवा: हमारा ईमेल डेस्क,benign:hi:75,synthetic_v1,0,0,0,0,0,0,0,1
"Seller: Aarav Traders, Kolkata",benign,benign,en,button,cta,"[TAG=button] [ROLE=cta] Seller: Aarav Traders, Kolkata",benign:en:49,synthetic_v1,0,0,0,0,0,0,0,1
EMI from Rs. 799 on phone case,benign,benign,en,button,cta,[TAG=button] [ROLE=cta] EMI from Rs. 799 on phone case,benign:en:75,synthetic_v1,0,0,0,0,0,0,0,1
Refund policy: refunds in 14 working days,benign,benign,en,p,body,[TAG=p] [ROLE=body] Refund policy: refunds in 14 working days,benign:en:60,synthetic_v1,0,0,0,0,0,0,0,1
View all yoga mat,benign,benign,en,label,form,[TAG=label] [ROLE=form] View all yoga mat,benign:en:20,synthetic_v1,0,0,0,0,0,0,0,1
पावर बैंक — रु. 699,benign,benign,hi,label,form,[TAG=label] [ROLE=form] पावर बैंक — रु. 699,benign:hi:46,synthetic_v1,0,0,0,0,0,0,0,1
"3,109 प्रमाणित समीक्षा",benign,benign,ne,button,cta,"[TAG=button] [ROLE=cta] 3,109 प्रमाणित समीक्षा",benign:ne:23,synthetic_v1,0,0,0,0,0,0,0,1
भोपाल शिपिंग: रु. 249,benign,benign,hi,span,label,[TAG=span] [ROLE=label] भोपाल शिपिंग: रु. 249,benign:hi:71,synthetic_v1,0,0,0,0,0,0,0,1
मुंबई शिपिंग: रु. 499,benign,benign,hi,a,nav,[TAG=a] [ROLE=nav] मुंबई शिपिंग: रु. 499,benign:hi:71,synthetic_v1,0,0,0,0,0,0,0,1
face wash at Thulo — Rs. 899,benign,benign,en,a,nav,[TAG=a] [ROLE=nav] face wash at Thulo — Rs. 899,benign:en:63,synthetic_v1,0,0,0,0,0,0,0,1
Tata Cliq इमेल एक क्लिकमा अनसब्स्क्राइब गर्नुहोस्,benign,benign,ne,span,label,[TAG=span] [ROLE=label] Tata Cliq इमेल एक क्लिकमा अनसब्स्क्राइब गर्नुहोस्,benign:ne:69,synthetic_v1,0,0,0,0,0,0,0,1
Shipping to Hyderabad: Rs. 499,benign,benign,en,li,nav,[TAG=li] [ROLE=nav] Shipping to Hyderabad: Rs. 499,benign:en:72,synthetic_v1,0,0,0,0,0,0,0,1
Meesho पर कॉटन कुर्ता — रु. 899,benign,benign,hi,li,nav,[TAG=li] [ROLE=nav] Meesho पर कॉटन कुर्ता — रु. 899,benign:hi:62,synthetic_v1,0,0,0,0,0,0,0,1
स्टडी लैंप खोजें,benign,benign,hi,li,nav,[TAG=li] [ROLE=nav] स्टडी लैंप खोजें,benign:hi:14,synthetic_v1,0,0,0,0,0,0,0,1
"बिक्रेता: रमेश ट्रेडर्स, बुटवल",benign,benign,ne,span,label,"[TAG=span] [ROLE=label] बिक्रेता: रमेश ट्रेडर्स, बुटवल",benign:ne:48,synthetic_v1,0,0,0,0,0,0,0,1
"बिक्रेता: दीपा ट्रेडर्स, काठमाडौँ",benign,benign,ne,li,nav,"[TAG=li] [ROLE=nav] बिक्रेता: दीपा ट्रेडर्स, काठमाडौँ",benign:ne:48,synthetic_v1,0,0,0,0,0,0,0,1
"Sold by Manish Store, Pune",benign,benign,en,a,nav,"[TAG=a] [ROLE=nav] Sold by Manish Store, Pune",benign:en:65,synthetic_v1,0,0,0,0,0,0,0,1
Reliance Digital इमेल एक क्लिकमा अनसब्स्क्राइब गर्नुहोस्,benign,benign,ne,a,nav,[TAG=a] [ROLE=nav] Reliance Digital इमेल एक क्लिकमा अनसब्स्क्राइब गर्नुहोस्,benign:ne:69,synthetic_v1,0,0,0,0,0,0,0,1
एयर फ्रायर मा रु. 299 बाट EMI,benign,benign,ne,h2,heading,[TAG=h2] [ROLE=heading] एयर फ्रायर मा रु. 299 बाट EMI,benign:ne:74,synthetic_v1,0,0,0,0,0,0,0,1
"पोखरा मा स्टकमा, 5 दिनमा पठाइन्छ",benign,benign,ne,p,body,"[TAG=p] [ROLE=body] पोखरा मा स्टकमा, 5 दिनमा पठाइन्छ",benign:ne:76,synthetic_v1,0,0,0,0,0,0,0,1
Nykaa पर ट्रेकिंग जैकेट खोजें,benign,benign,hi,span,label,[TAG=span] [ROLE=label] Nykaa पर ट्रेकिंग जैकेट खोजें,benign:hi:66,synthetic_v1,0,0,0,0,0,0,0,1
View all air fryer,benign,benign,en,span,label,[TAG=span] [ROLE=label] View all air fryer,benign:en:20,synthetic_v1,0,0,0,0,0,0,0,1
वारंटी: 2 साल,benign,benign,hi,span,label,[TAG=span] [ROLE=label] वारंटी: 2 साल,benign:hi:36,synthetic_v1,0,0,0,0,0,0,0,1
Gyapu रिटर्न नीति: 3 दिन,benign,benign,hi,p,body,[TAG=p] [ROLE=body] Gyapu रिटर्न नीति: 3 दिन,benign:hi:65,synthetic_v1,0,0,0,0,0,0,0,1
फोन कवर — रु. 449,benign,benign,hi,li,nav,[TAG=li] [ROLE=nav] फोन कवर — रु. 449,benign:hi:46,synthetic_v1,0,0,0,0,0,0,0,1
Amazon मा फेस वास खोज्नुहोस्,benign,benign,ne,li,nav,[TAG=li] [ROLE=nav] Amazon मा फेस वास खोज्नुहोस्,benign:ne:66,synthetic_v1,0,0,0,0,0,0,0,1
"बिक्रेता: लक्ष्मी ट्रेडर्स, बागलुङ",benign,benign,ne,h2,heading,"[TAG=h2] [ROLE=heading] बिक्रेता: लक्ष्मी ट्रेडर्स, बागलुङ",benign:ne:48,synthetic_v1,0,0,0,0,0,0,0,1
"बिक्रेता: स्नेहा स्टोर, गोरखा",benign,benign,ne,h2,heading,"[TAG=h2] [ROLE=heading] बिक्रेता: स्नेहा स्टोर, गोरखा",benign:ne:64,synthetic_v1,0,0,0,0,0,0,0,1
नासिक में 14 दिन में डिलीवरी,benign,benign,hi,button,cta,[TAG=button] [ROLE=cta] नासिक में 14 दिन में डिलीवरी,benign:hi:63,synthetic_v1,0,0,0,0,0,0,0,1
"ग्राहक समीक्षाएँ (2,038)",benign,benign,hi,button,cta,"[TAG=button] [ROLE=cta] ग्राहक समीक्षाएँ (2,038)",benign:hi:03,synthetic_v1,0,0,0,0,0,0,0,1
OkDam मा स्पोर्ट्स चप्पल — रु. 599,benign,benign,ne,label,form,[TAG=label] [ROLE=form] OkDam मा स्पोर्ट्स चप्पल — रु. 599,benign:ne:62,synthetic_v1,0,0,0,0,0,0,0,1
"इंडक्शन चूल्हा — 9,118 समीक्षाएँ, लखनऊ गोदाम",benign,benign,hi,label,form,"[TAG=label] [ROLE=form] इंडक्शन चूल्हा — 9,118 समीक्षाएँ, लखनऊ गोदाम",benign:hi:72,synthetic_v1,0,0,0,0,0,0,0,1
Snapdeal ईमेल एक क्लिक में अनसब्सक्राइब करें,benign,benign,hi,span,label,[TAG=span] [ROLE=label] Snapdeal ईमेल एक क्लिक में अनसब्सक्राइब करें,benign:hi:69,synthetic_v1,0,0,0,0,0,0,0,1
"gaming mouse — Rs. 1,499",benign,benign,en,label,form,"[TAG=label] [ROLE=form] gaming mouse — Rs. 1,499",benign:en:46,synthetic_v1,0,0,0,0,0,0,0,1
Salesberry ग्राहक सेवा: हमारा ईमेल डेस्क,benign,benign,hi,button,cta,[TAG=button] [ROLE=cta] Salesberry ग्राहक सेवा: हमारा ईमेल डेस्क,benign:hi:75,synthetic_v1,0,0,0,0,0,0,0,1
Flipkart पर गेमिंग माउस की कीमतों की तुलना करें,benign,benign,hi,label,form,[TAG=label] [ROLE=form] Flipkart पर गेमिंग माउस की कीमतों की तुलना करें,benign:hi:73,synthetic_v1,0,0,0,0,0,0,0,1
इंदौर में 10 दिन में डिलीवरी,benign,benign,hi,li,nav,[TAG=li] [ROLE=nav] इंदौर में 10 दिन में डिलीवरी,benign:hi:63,synthetic_v1,0,0,0,0,0,0,0,1
Warranty: 8 year,benign,benign,en,p,body,[TAG=p] [ROLE=body] Warranty: 8 year,benign:en:36,synthetic_v1,0,0,0,0,0,0,0,1
JioMart customer care: our WhatsApp number,benign,benign,en,h2,heading,[TAG=h2] [ROLE=heading] JioMart customer care: our WhatsApp number,benign:en:76,synthetic_v1,0,0,0,0,0,0,0,1
10% off hair dryer at Kinbech,benign,benign,en,span,label,[TAG=span] [ROLE=label] 10% off hair dryer at Kinbech,benign:en:71,synthetic_v1,0,0,0,0,0,0,0,1
"विक्रेता: ज्योति ट्रेडर्स, वाराणसी",benign,benign,hi,label,form,"[TAG=label] [ROLE=form] विक्रेता: ज्योति ट्रेडर्स, वाराणसी",benign:hi:48,synthetic_v1,0,0,0,0,0,0,0,1
Meesho पर लैपटॉप बैग की कीमतों की तुलना करें,benign,benign,hi,span,label,[TAG=span] [ROLE=label] Meesho पर लैपटॉप बैग की कीमतों की तुलना करें,benign:hi:73,synthetic_v1,0,0,0,0,0,0,0,1
phone case — Rs. 349,benign,benign,en,h2,heading,[TAG=h2] [ROLE=heading] phone case — Rs. 349,benign:en:46,synthetic_v1,0,0,0,0,0,0,0,1
अर्डर रद्द गर्नुहोस्,benign,benign,ne,a,nav,[TAG=a] [ROLE=nav] अर्डर रद्द गर्नुहोस्,benign:ne:39,synthetic_v1,0,0,0,0,0,0,0,1
Amazon मा हेयर ड्रायर — रु. 99,benign,benign,ne,label,form,[TAG=label] [ROLE=form] Amazon मा हेयर ड्रायर — रु. 99,benign:ne:62,synthetic_v1,0,0,0,0,0,0,0,1
Compare face wash prices on Lenskart,benign,benign,en,p,body,[TAG=p] [ROLE=body] Compare face wash prices on Lenskart,benign:en:74,synthetic_v1,0,0,0,0,0,0,0,1
"बिक्रेता: सुमन स्टोर, वीरगन्ज",benign,benign,ne,label,form,"[TAG=label] [ROLE=form] बिक्रेता: सुमन स्टोर, वीरगन्ज",benign:ne:64,synthetic_v1,0,0,0,0,0,0,0,1
"बिक्रेता: मनिष स्टोर, सुर्खेत",benign,benign,ne,a,nav,"[TAG=a] [ROLE=nav] बिक्रेता: मनिष स्टोर, सुर्खेत",benign:ne:64,synthetic_v1,0,0,0,0,0,0,0,1
सूरत में 5 दिन में डिलीवरी,benign,benign,hi,h2,heading,[TAG=h2] [ROLE=heading] सूरत में 5 दिन में डिलीवरी,benign:hi:63,synthetic_v1,0,0,0,0,0,0,0,1
OkDam इमेल एक क्लिकमा अनसब्स्क्राइब गर्नुहोस्,benign,benign,ne,h2,heading,[TAG=h2] [ROLE=heading] OkDam इमेल एक क्लिकमा अनसब्स्क्राइब गर्नुहोस्,benign:ne:69,synthetic_v1,0,0,0,0,0,0,0,1
5 दिनों में वापसी,benign,benign,hi,a,nav,[TAG=a] [ROLE=nav] 5 दिनों में वापसी,benign:hi:04,synthetic_v1,0,0,0,0,0,0,0,1
air fryer at Lenskart — Rs. 99,benign,benign,en,label,form,[TAG=label] [ROLE=form] air fryer at Lenskart — Rs. 99,benign:en:63,synthetic_v1,0,0,0,0,0,0,0,1
"चंडीगढ़ में स्टॉक में, 2 दिन में शिप",benign,benign,hi,a,nav,"[TAG=a] [ROLE=nav] चंडीगढ़ में स्टॉक में, 2 दिन में शिप",benign:hi:76,synthetic_v1,0,0,0,0,0,0,0,1
Lenskart पर स्कूल बैग पर 80% छूट,benign,benign,hi,button,cta,[TAG=button] [ROLE=cta] Lenskart पर स्कूल बैग पर 80% छूट,benign:hi:70,synthetic_v1,0,0,0,0,0,0,0,1
स्टकमा उपलब्ध,benign,benign,ne,a,nav,[TAG=a] [ROLE=nav] स्टकमा उपलब्ध,benign:ne:08,synthetic_v1,0,0,0,0,0,0,0,1
"बिक्रेता: लक्ष्मी स्टोर, हेटौंडा",benign,benign,ne,li,nav,"[TAG=li] [ROLE=nav] बिक्रेता: लक्ष्मी स्टोर, हेटौंडा",benign:ne:64,synthetic_v1,0,0,0,0,0,0,0,1
"बिक्रेता: नवीन स्टोर, ललितपुर",benign,benign,ne,p,body,"[TAG=p] [ROLE=body] बिक्रेता: नवीन स्टोर, ललितपुर",benign:ne:64,synthetic_v1,0,0,0,0,0,0,0,1
934 जनाले कफी मेकर मूल्याङ्कन गरे,benign,benign,ne,button,cta,[TAG=button] [ROLE=cta] 934 जनाले कफी मेकर मूल्याङ्कन गरे,benign:ne:67,synthetic_v1,0,0,0,0,0,0,0,1
"प्रोटिन पाउडर — 889 समीक्षा, बुटवल गोदाम",benign,benign,ne,h2,heading,"[TAG=h2] [ROLE=heading] प्रोटिन पाउडर — 889 समीक्षा, बुटवल गोदाम",benign:ne:72,synthetic_v1,0,0,0,0,0,0,0,1
Delivery to Bengaluru in 2 days,benign,benign,en,button,cta,[TAG=button] [ROLE=cta] Delivery to Bengaluru in 2 days,benign:en:64,synthetic_v1,0,0,0,0,0,0,0,1
"Shipping to Pune: Rs. 2,999",benign,benign,en,p,body,"[TAG=p] [ROLE=body] Shipping to Pune: Rs. 2,999",benign:en:72,synthetic_v1,0,0,0,0,0,0,0,1
"ग्राहक समीक्षा (1,024)",benign,benign,ne,h2,heading,"[TAG=h2] [ROLE=heading] ग्राहक समीक्षा (1,024)",benign:ne:03,synthetic_v1,0,0,0,0,0,0,0,1
Search for noise cancelling headphones,benign,benign,en,span,label,[TAG=span] [ROLE=label] Search for noise cancelling headphones,benign:en:14,synthetic_v1,0,0,0,0,0,0,0,1
"formal shirt at Thulo — Rs. 2,499",benign,benign,en,li,nav,"[TAG=li] [ROLE=nav] formal shirt at Thulo — Rs. 2,499",benign:en:63,synthetic_v1,0,0,0,0,0,0,0,1
247 people rated cotton kurta,benign,benign,en,li,nav,[TAG=li] [ROLE=nav] 247 people rated cotton kurta,benign:en:68,synthetic_v1,0,0,0,0,0,0,0,1
"हेयर ड्रायर — रु. 2,999",benign,benign,hi,p,body,"[TAG=p] [ROLE=body] हेयर ड्रायर — रु. 2,999",benign:hi:46,synthetic_v1,0,0,0,0,0,0,0,1
Flipkart मा फर्मल सर्ट मा 25% छुट,benign,benign,ne,li,nav,[TAG=li] [ROLE=nav] Flipkart मा फर्मल सर्ट मा 25% छुट,benign:ne:70,synthetic_v1,0,0,0,0,0,0,0,1
फेस वॉश पर रु. 49 से EMI,benign,benign,hi,span,label,[TAG=span] [ROLE=label] फेस वॉश पर रु. 49 से EMI,benign:hi:74,synthetic_v1,0,0,0,0,0,0,0,1
Add study lamp to cart,benign,benign,en,h2,heading,[TAG=h2] [ROLE=heading] Add study lamp to cart,benign:en:00,synthetic_v1,0,0,0,0,0,0,0,1
ऑफिस चेयर उपलब्ध होने पर सूचित करें,benign,benign,hi,li,nav,[TAG=li] [ROLE=nav] ऑफिस चेयर उपलब्ध होने पर सूचित करें,benign:hi:33,synthetic_v1,0,0,0,0,0,0,0,1
"गोरखा मा स्टकमा, 5 दिनमा पठाइन्छ",benign,benign,ne,h2,heading,"[TAG=h2] [ROLE=heading] गोरखा मा स्टकमा, 5 दिनमा पठाइन्छ",benign:ne:76,synthetic_v1,0,0,0,0,0,0,0,1
gaming mouse — Rs. 499,benign,benign,en,button,cta,[TAG=button] [ROLE=cta] gaming mouse — Rs. 499,benign:en:46,synthetic_v1,0,0,0,0,0,0,0,1
Salesberry मा योगा म्याट — रु. 599,benign,benign,ne,li,nav,[TAG=li] [ROLE=nav] Salesberry मा योगा म्याट — रु. 599,benign:ne:62,synthetic_v1,0,0,0,0,0,0,0,1
10% off air fryer at Daraz,benign,benign,en,a,nav,[TAG=a] [ROLE=nav] 10% off air fryer at Daraz,benign:en:71,synthetic_v1,0,0,0,0,0,0,0,1
Search for study lamp,benign,benign,en,span,label,[TAG=span] [ROLE=label] Search for study lamp,benign:en:14,synthetic_v1,0,0,0,0,0,0,0,1
Delivery to Lalitpur in 2 days,benign,benign,en,span,label,[TAG=span] [ROLE=label] Delivery to Lalitpur in 2 days,benign:en:64,synthetic_v1,0,0,0,0,0,0,0,1
laptop bag at Thulo — Rs. 449,benign,benign,en,li,nav,[TAG=li] [ROLE=nav] laptop bag at Thulo — Rs. 449,benign:en:63,synthetic_v1,0,0,0,0,0,0,0,1
पर्दैन धन्यवाद,benign,benign,ne,span,label,[TAG=span] [ROLE=label] पर्दैन धन्यवाद,benign:ne:52,synthetic_v1,0,0,0,0,0,0,0,1
बुटवल मा 14 दिनमा डेलिभरी,benign,benign,ne,button,cta,[TAG=button] [ROLE=cta] बुटवल मा 14 दिनमा डेलिभरी,benign:ne:63,synthetic_v1,0,0,0,0,0,0,0,1
"स्मार्टवाच मा रु. 2,999 बाट EMI",benign,benign,ne,p,body,"[TAG=p] [ROLE=body] स्मार्टवाच मा रु. 2,999 बाट EMI",benign:ne:74,synthetic_v1,0,0,0,0,0,0,0,1
बुटवल मा 4 दिनमा डेलिभरी,benign,benign,ne,h2,heading,[TAG=h2] [ROLE=heading] बुटवल मा 4 दिनमा डेलिभरी,benign:ne:63,synthetic_v1,0,0,0,0,0,0,0,1
सुर्खेत मा 7 दिनमा डेलिभरी,benign,benign,ne,p,body,[TAG=p] [ROLE=body] सुर्खेत मा 7 दिनमा डेलिभरी,benign:ne:63,synthetic_v1,0,0,0,0,0,0,0,1
"चंडीगढ़ में स्टॉक में, 7 दिन में शिप",benign,benign,hi,span,label,"[TAG=span] [ROLE=label] चंडीगढ़ में स्टॉक में, 7 दिन में शिप",benign:hi:76,synthetic_v1,0,0,0,0,0,0,0,1
स्पोर्ट्स चप्पल का लागि साइज गाइड,benign,benign,ne,span,label,[TAG=span] [ROLE=label] स्पोर्ट्स चप्पल का लागि साइज गाइड,benign:ne:05,synthetic_v1,0,0,0,0,0,0,0,1
Delivery to Kolkata in 4 days,benign,benign,en,p,body,[TAG=p] [ROLE=body] Delivery to Kolkata in 4 days,benign:en:64,synthetic_v1,0,0,0,0,0,0,0,1
कीमत: रु. 399,benign,benign,hi,p,body,[TAG=p] [ROLE=body] कीमत: रु. 399,benign:hi:45,synthetic_v1,0,0,0,0,0,0,0,1
सँगै किनिने सामान,benign,benign,ne,label,form,[TAG=label] [ROLE=form] सँगै किनिने सामान,benign:ne:50,synthetic_v1,0,0,0,0,0,0,0,1
नासिक शिपिंग: रु. 899,benign,benign,hi,span,label,[TAG=span] [ROLE=label] नासिक शिपिंग: रु. 899,benign:hi:71,synthetic_v1,0,0,0,0,0,0,0,1
अफिस कुर्सी का लागि साइज गाइड,benign,benign,ne,label,form,[TAG=label] [ROLE=form] अफिस कुर्सी का लागि साइज गाइड,benign:ne:05,synthetic_v1,0,0,0,0,0,0,0,1
SastoDeal पर इलेक्ट्रिक केटल पर 80% छूट,benign,benign,hi,li,nav,[TAG=li] [ROLE=nav] SastoDeal पर इलेक्ट्रिक केटल पर 80% छूट,benign:hi:70,synthetic_v1,0,0,0,0,0,0,0,1
"In stock in Biratnagar, ships in 4 days",benign,benign,en,span,label,"[TAG=span] [ROLE=label] In stock in Biratnagar, ships in 4 days",benign:en:77,synthetic_v1,0,0,0,0,0,0,0,1
"Sold by Dipesh Store, Lalitpur",benign,benign,en,li,nav,"[TAG=li] [ROLE=nav] Sold by Dipesh Store, Lalitpur",benign:en:65,synthetic_v1,0,0,0,0,0,0,0,1
JioMart पर हेयर ड्रायर खोजें,benign,benign,hi,p,body,[TAG=p] [ROLE=body] JioMart पर हेयर ड्रायर खोजें,benign:hi:66,synthetic_v1,0,0,0,0,0,0,0,1
रनिङ जुत्ता उपलब्ध भएपछि जानकारी दिनुहोस्,benign,benign,ne,span,label,[TAG=span] [ROLE=label] रनिङ जुत्ता उपलब्ध भएपछि जानकारी दिनुहोस्,benign:ne:33,synthetic_v1,0,0,0,0,0,0,0,1
तनहुँ मा 2 दिनमा डेलिभरी,benign,benign,ne,li,nav,[TAG=li] [ROLE=nav] तनहुँ मा 2 दिनमा डेलिभरी,benign:ne:63,synthetic_v1,0,0,0,0,0,0,0,1
Search cotton kurta on Blinkit,benign,benign,en,label,form,[TAG=label] [ROLE=form] Search cotton kurta on Blinkit,benign:en:67,synthetic_v1,0,0,0,0,0,0,0,1
मूल्य: रु. 299,benign,benign,ne,a,nav,[TAG=a] [ROLE=nav] मूल्य: रु. 299,benign:ne:45,synthetic_v1,0,0,0,0,0,0,0,1
कटन कुर्ता का लागि साइज गाइड,benign,benign,ne,button,cta,[TAG=button] [ROLE=cta] कटन कुर्ता का लागि साइज गाइड,benign:ne:05,synthetic_v1,0,0,0,0,0,0,0,1
Search for water bottle,benign,benign,en,h2,heading,[TAG=h2] [ROLE=heading] Search for water bottle,benign:en:14,synthetic_v1,0,0,0,0,0,0,0,1
512 सत्यापित समीक्षाएँ,benign,benign,hi,h2,heading,[TAG=h2] [ROLE=heading] 512 सत्यापित समीक्षाएँ,benign:hi:23,synthetic_v1,0,0,0,0,0,0,0,1
फर्मल सर्ट मा रु. 149 बाट EMI,benign,benign,ne,h2,heading,[TAG=h2] [ROLE=heading] फर्मल सर्ट मा रु. 149 बाट EMI,benign:ne:74,synthetic_v1,0,0,0,0,0,0,0,1
Zepto मा कटन कुर्ता खोज्नुहोस्,benign,benign,ne,h2,heading,[TAG=h2] [ROLE=heading] Zepto मा कटन कुर्ता खोज्नुहोस्,benign:ne:66,synthetic_v1,0,0,0,0,0,0,0,1
Add gaming mouse to cart,benign,benign,en,span,label,[TAG=span] [ROLE=label] Add gaming mouse to cart,benign:en:00,synthetic_v1,0,0,0,0,0,0,0,1
HamroBazar customer care: the call centre,benign,benign,en,button,cta,[TAG=button] [ROLE=cta] HamroBazar customer care: the call centre,benign:en:76,synthetic_v1,0,0,0,0,0,0,0,1
"In stock in Mumbai, ships in 2 days",benign,benign,en,button,cta,"[TAG=button] [ROLE=cta] In stock in Mumbai, ships in 2 days",benign:en:77,synthetic_v1,0,0,0,0,0,0,0,1
अहिले होइन,benign,benign,ne,li,nav,[TAG=li] [ROLE=nav] अहिले होइन,benign:ne:56,synthetic_v1,0,0,0,0,0,0,0,1
"office chair — Rs. 1,999",benign,benign,en,li,nav,"[TAG=li] [ROLE=nav] office chair — Rs. 1,999",benign:en:46,synthetic_v1,0,0,0,0,0,0,0,1
"कटन कुर्ता — 5,872 समीक्षा, सुर्खेत गोदाम",benign,benign,ne,a,nav,"[TAG=a] [ROLE=nav] कटन कुर्ता — 5,872 समीक्षा, सुर्खेत गोदाम",benign:ne:72,synthetic_v1,0,0,0,0,0,0,0,1
Shipping to Bhaktapur: Rs. 499,benign,benign,en,li,nav,[TAG=li] [ROLE=nav] Shipping to Bhaktapur: Rs. 499,benign:en:72,synthetic_v1,0,0,0,0,0,0,0,1
"विक्रेता: आरव ट्रेडर्स, पटना",benign,benign,hi,li,nav,"[TAG=li] [ROLE=nav] विक्रेता: आरव ट्रेडर्स, पटना",benign:hi:48,synthetic_v1,0,0,0,0,0,0,0,1
"अफिस कुर्सी — 84 समीक्षा, गोरखा गोदाम",benign,benign,ne,span,label,"[TAG=span] [ROLE=label] अफिस कुर्सी — 84 समीक्षा, गोरखा गोदाम",benign:ne:72,synthetic_v1,0,0,0,0,0,0,0,1
सूरत में 4 दिन में डिलीवरी,benign,benign,hi,h2,heading,[TAG=h2] [ROLE=heading] सूरत में 4 दिन में डिलीवरी,benign:hi:63,synthetic_v1,0,0,0,0,0,0,0,1
Snapdeal ग्राहक सेवा: हाम्रो Facebook पेज,benign,benign,ne,a,nav,[TAG=a] [ROLE=nav] Snapdeal ग्राहक सेवा: हाम्रो Facebook पेज,benign:ne:75,synthetic_v1,0,0,0,0,0,0,0,1
भोपाल में 5 दिन में डिलीवरी,benign,benign,hi,p,body,[TAG=p] [ROLE=body] भोपाल में 5 दिन में डिलीवरी,benign:hi:63,synthetic_v1,0,0,0,0,0,0,0,1
Compare coffee maker prices on Nykaa,benign,benign,en,span,label,[TAG=span] [ROLE=label] Compare coffee maker prices on Nykaa,benign:en:74,synthetic_v1,0,0,0,0,0,0,0,1
Lenskart ग्राहक सेवा: कॉल सेंटर,benign,benign,hi,button,cta,[TAG=button] [ROLE=cta] Lenskart ग्राहक सेवा: कॉल सेंटर,benign:hi:75,synthetic_v1,0,0,0,0,0,0,0,1
Tata Cliq मा प्रोटिन पाउडर खोज्नुहोस्,benign,benign,ne,p,body,[TAG=p] [ROLE=body] Tata Cliq मा प्रोटिन पाउडर खोज्नुहोस्,benign:ne:66,synthetic_v1,0,0,0,0,0,0,0,1
"बिक्रेता: प्रकाश ट्रेडर्स, तनहुँ",benign,benign,ne,li,nav,"[TAG=li] [ROLE=nav] बिक्रेता: प्रकाश ट्रेडर्स, तनहुँ",benign:ne:48,synthetic_v1,0,0,0,0,0,0,0,1
"In stock in Pokhara, ships in 2 days",benign,benign,en,label,form,"[TAG=label] [ROLE=form] In stock in Pokhara, ships in 2 days",benign:en:77,synthetic_v1,0,0,0,0,0,0,0,1
ऑफिस चेयर के लिए साइज़ गाइड,benign,benign,hi,h2,heading,[TAG=h2] [ROLE=heading] ऑफिस चेयर के लिए साइज़ गाइड,benign:hi:05,synthetic_v1,0,0,0,0,0,0,0,1
"Sold by Kiran Store, Delhi",benign,benign,en,h2,heading,"[TAG=h2] [ROLE=heading] Sold by Kiran Store, Delhi",benign:en:65,synthetic_v1,0,0,0,0,0,0,0,1
Delivery to Surat in 10 days,benign,benign,en,span,label,[TAG=span] [ROLE=label] Delivery to Surat in 10 days,benign:en:64,synthetic_v1,0,0,0,0,0,0,0,1
Thulo मा डेनिम जिन्स मूल्य तुलना गर्नुहोस्,benign,benign,ne,label,form,[TAG=label] [ROLE=form] Thulo मा डेनिम जिन्स मूल्य तुलना गर्नुहोस्,benign:ne:73,synthetic_v1,0,0,0,0,0,0,0,1
"formal shirt — 84 reviews, Bengaluru warehouse",benign,benign,en,button,cta,"[TAG=button] [ROLE=cta] formal shirt — 84 reviews, Bengaluru warehouse",benign:en:73,synthetic_v1,0,0,0,0,0,0,0,1
"protein powder — 149 reviews, Bengaluru warehouse",benign,benign,en,h2,heading,"[TAG=h2] [ROLE=heading] protein powder — 149 reviews, Bengaluru warehouse",benign:en:73,synthetic_v1,0,0,0,0,0,0,0,1
247 जनाले ब्याकप्याक मूल्याङ्कन गरे,benign,benign,ne,a,nav,[TAG=a] [ROLE=nav] 247 जनाले ब्याकप्याक मूल्याङ्कन गरे,benign:ne:67,synthetic_v1,0,0,0,0,0,0,0,1
"बुटवल मा स्टकमा, 5 दिनमा पठाइन्छ",benign,benign,ne,p,body,"[TAG=p] [ROLE=body] बुटवल मा स्टकमा, 5 दिनमा पठाइन्छ",benign:ne:76,synthetic_v1,0,0,0,0,0,0,0,1
धरान मा डेलिभरी,benign,benign,ne,a,nav,[TAG=a] [ROLE=nav] धरान मा डेलिभरी,benign:ne:37,synthetic_v1,0,0,0,0,0,0,0,1
Lenskart पर वायरलेस ईयरबड्स खोजें,benign,benign,hi,li,nav,[TAG=li] [ROLE=nav] Lenskart पर वायरलेस ईयरबड्स खोजें,benign:hi:66,synthetic_v1,0,0,0,0,0,0,0,1
40% off air fryer at HamroBazar,benign,benign,en,h2,heading,[TAG=h2] [ROLE=heading] 40% off air fryer at HamroBazar,benign:en:71,synthetic_v1,0,0,0,0,0,0,0,1
"ग्राहक समीक्षा (1,502)",benign,benign,ne,h2,heading,"[TAG=h2] [ROLE=heading] ग्राहक समीक्षा (1,502)",benign:ne:03,synthetic_v1,0,0,0,0,0,0,0,1
induction cooktop at Myntra — Rs. 49,benign,benign,en,a,nav,[TAG=a] [ROLE=nav] induction cooktop at Myntra — Rs. 49,benign:en:63,synthetic_v1,0,0,0,0,0,0,0,1
"लखनऊ में स्टॉक में, 7 दिन में शिप",benign,benign,hi,li,nav,"[TAG=li] [ROLE=nav] लखनऊ में स्टॉक में, 7 दिन में शिप",benign:hi:76,synthetic_v1,0,0,0,0,0,0,0,1
इंडक्शन चूल्हा के लिए साइज़ गाइड,benign,benign,hi,label,form,[TAG=label] [ROLE=form] इंडक्शन चूल्हा के लिए साइज़ गाइड,benign:hi:05,synthetic_v1,0,0,0,0,0,0,0,1
"Sold by Manish Store, Nepalgunj",benign,benign,en,a,nav,"[TAG=a] [ROLE=nav] Sold by Manish Store, Nepalgunj",benign:en:65,synthetic_v1,0,0,0,0,0,0,0,1
"Seller: Priya Traders, Indore",benign,benign,en,li,nav,"[TAG=li] [ROLE=nav] Seller: Priya Traders, Indore",benign:en:49,synthetic_v1,0,0,0,0,0,0,0,1
Myntra पर नॉइज़ कैंसलिंग हेडफोन की कीमतों की तुलना करें,benign,benign,hi,span,label,[TAG=span] [ROLE=label] Myntra पर नॉइज़ कैंसलिंग हेडफोन की कीमतों की तुलना करें,benign:hi:73,synthetic_v1,0,0,0,0,0,0,0,1
JioMart मा घामको चस्मा खोज्नुहोस्,benign,benign,ne,li,nav,[TAG=li] [ROLE=nav] JioMart मा घामको चस्मा खोज्नुहोस्,benign:ne:66,synthetic_v1,0,0,0,0,0,0,0,1
रु. 299 सम्म एक्सचेन्ज अफर,benign,benign,ne,h2,heading,[TAG=h2] [ROLE=heading] रु. 299 सम्म एक्सचेन्ज अफर,benign:ne:35,synthetic_v1,0,0,0,0,0,0,0,1
Muncha पर प्रोटीन पाउडर खोजें,benign,benign,hi,li,nav,[TAG=li] [ROLE=nav] Muncha पर प्रोटीन पाउडर खोजें,benign:hi:66,synthetic_v1,0,0,0,0,0,0,0,1
इंदौर शिपिंग: रु. 349,benign,benign,hi,label,form,[TAG=label] [ROLE=form] इंदौर शिपिंग: रु. 349,benign:hi:71,synthetic_v1,0,0,0,0,0,0,0,1
Thulo मा स्मार्टवाच मूल्य तुलना गर्नुहोस्,benign,benign,ne,button,cta,[TAG=button] [ROLE=cta] Thulo मा स्मार्टवाच मूल्य तुलना गर्नुहोस्,benign:ne:73,synthetic_v1,0,0,0,0,0,0,0,1
"बिक्रेता: ज्योति ट्रेडर्स, धरान",benign,benign,ne,h2,heading,"[TAG=h2] [ROLE=heading] बिक्रेता: ज्योति ट्रेडर्स, धरान",benign:ne:48,synthetic_v1,0,0,0,0,0,0,0,1
Search wireless earbuds on Tata Cliq,benign,benign,en,label,form,[TAG=label] [ROLE=form] Search wireless earbuds on Tata Cliq,benign:en:67,synthetic_v1,0,0,0,0,0,0,0,1
Notify me when water bottle is available,benign,benign,en,li,nav,[TAG=li] [ROLE=nav] Notify me when water bottle is available,benign:en:33,synthetic_v1,0,0,0,0,0,0,0,1
"Sold by Prakash Store, Indore",benign,benign,en,span,label,"[TAG=span] [ROLE=label] Sold by Prakash Store, Indore",benign:en:65,synthetic_v1,0,0,0,0,0,0,0,1
रु. 599 तक एक्सचेंज ऑफ़र,benign,benign,hi,li,nav,[TAG=li] [ROLE=nav] रु. 599 तक एक्सचेंज ऑफ़र,benign:hi:35,synthetic_v1,0,0,0,0,0,0,0,1
Return within 12 days,benign,benign,en,a,nav,[TAG=a] [ROLE=nav] Return within 12 days,benign:en:04,synthetic_v1,0,0,0,0,0,0,0,1
Compare air fryer,benign,benign,en,span,label,[TAG=span] [ROLE=label] Compare air fryer,benign:en:12,synthetic_v1,0,0,0,0,0,0,0,1
"भोपाल शिपिंग: रु. 1,199",benign,benign,hi,li,nav,"[TAG=li] [ROLE=nav] भोपाल शिपिंग: रु. 1,199",benign:hi:71,synthetic_v1,0,0,0,0,0,0,0,1
"डेनिम जींस पर रु. 2,999 से EMI",benign,benign,hi,button,cta,"[TAG=button] [ROLE=cta] डेनिम जींस पर रु. 2,999 से EMI",benign:hi:74,synthetic_v1,0,0,0,0,0,0,0,1
ढुवानी शुल्क: रु. 99 (भुक्तानी अघि देखिने),benign,benign,ne,li,nav,[TAG=li] [ROLE=nav] ढुवानी शुल्क: रु. 99 (भुक्तानी अघि देखिने),benign:ne:43,synthetic_v1,0,0,0,0,0,0,0,1
ग्राहक समीक्षा (367),benign,benign,ne,h2,heading,[TAG=h2] [ROLE=heading] ग्राहक समीक्षा (367),benign:ne:03,synthetic_v1,0,0,0,0,0,0,0,1
Snapdeal पर नॉइज़ कैंसलिंग हेडफोन पर 15% छूट,benign,benign,hi,label,form,[TAG=label] [ROLE=form] Snapdeal पर नॉइज़ कैंसलिंग हेडफोन पर 15% छूट,benign:hi:70,synthetic_v1,0,0,0,0,0,0,0,1
काठमाडौँ ढुवानी: रु. 499,benign,benign,ne,li,nav,[TAG=li] [ROLE=nav] काठमाडौँ ढुवानी: रु. 499,benign:ne:71,synthetic_v1,0,0,0,0,0,0,0,1
पानीको बोतल तुलना गर्नुहोस्,benign,benign,ne,label,form,[TAG=label] [ROLE=form] पानीको बोतल तुलना गर्नुहोस्,benign:ne:12,synthetic_v1,0,0,0,0,0,0,0,1
"पटना में स्टॉक में, 14 दिन में शिप",benign,benign,hi,a,nav,"[TAG=a] [ROLE=nav] पटना में स्टॉक में, 14 दिन में शिप",benign:hi:76,synthetic_v1,0,0,0,0,0,0,0,1
"लैपटॉप बैग — 247 समीक्षाएँ, नागपुर गोदाम",benign,benign,hi,button,cta,"[TAG=button] [ROLE=cta] लैपटॉप बैग — 247 समीक्षाएँ, नागपुर गोदाम",benign:hi:72,synthetic_v1,0,0,0,0,0,0,0,1
"In stock in Hyderabad, ships in 7 days",benign,benign,en,li,nav,"[TAG=li] [ROLE=nav] In stock in Hyderabad, ships in 7 days",benign:en:77,synthetic_v1,0,0,0,0,0,0,0,1
"विक्रेता: ज्योति स्टोर, भोपाल",benign,benign,hi,h2,heading,"[TAG=h2] [ROLE=heading] विक्रेता: ज्योति स्टोर, भोपाल",benign:hi:64,synthetic_v1,0,0,0,0,0,0,0,1
Thulo मा हिउँदको ब्ल्याङ्केट मा 20% छुट,benign,benign,ne,a,nav,[TAG=a] [ROLE=nav] Thulo मा हिउँदको ब्ल्याङ्केट मा 20% छुट,benign:ne:70,synthetic_v1,0,0,0,0,0,0,0,1
Croma पर स्मार्टवॉच खोजें,benign,benign,hi,a,nav,[TAG=a] [ROLE=nav] Croma पर स्मार्टवॉच खोजें,benign:hi:66,synthetic_v1,0,0,0,0,0,0,0,1
Croma return policy: 2 days,benign,benign,en,button,cta,[TAG=button] [ROLE=cta] Croma return policy: 2 days,benign:en:66,synthetic_v1,0,0,0,0,0,0,0,1
OkDam पर इंडक्शन चूल्हा — रु. 49,benign,benign,hi,label,form,[TAG=label] [ROLE=form] OkDam पर इंडक्शन चूल्हा — रु. 49,benign:hi:62,synthetic_v1,0,0,0,0,0,0,0,1
ग्राहक समीक्षाएँ (63),benign,benign,hi,a,nav,[TAG=a] [ROLE=nav] ग्राहक समीक्षाएँ (63),benign:hi:03,synthetic_v1,0,0,0,0,0,0,0,1
"बिक्रेता: रेखा ट्रेडर्स, दमक",benign,benign,ne,h2,heading,"[TAG=h2] [ROLE=heading] बिक्रेता: रेखा ट्रेडर्स, दमक",benign:ne:48,synthetic_v1,0,0,0,0,0,0,0,1
"बिक्रेता: प्रिया ट्रेडर्स, नेपालगन्ज",benign,benign,ne,li,nav,"[TAG=li] [ROLE=nav] बिक्रेता: प्रिया ट्रेडर्स, नेपालगन्ज",benign:ne:48,synthetic_v1,0,0,0,0,0,0,0,1
"14,860 लोगों ने राइस कुकर को रेट किया",benign,benign,hi,a,nav,"[TAG=a] [ROLE=nav] 14,860 लोगों ने राइस कुकर को रेट किया",benign:hi:67,synthetic_v1,0,0,0,0,0,0,0,1
नॉइज़ कैंसलिंग हेडफोन — रु. 99,benign,benign,hi,a,nav,[TAG=a] [ROLE=nav] नॉइज़ कैंसलिंग हेडफोन — रु. 99,benign:hi:46,synthetic_v1,0,0,0,0,0,0,0,1
Salesberry customer care: our WhatsApp number,benign,benign,en,p,body,[TAG=p] [ROLE=body] Salesberry customer care: our WhatsApp number,benign:en:76,synthetic_v1,0,0,0,0,0,0,0,1
स्मार्टवॉच उपलब्ध होने पर सूचित करें,benign,benign,hi,a,nav,[TAG=a] [ROLE=nav] स्मार्टवॉच उपलब्ध होने पर सूचित करें,benign:hi:33,synthetic_v1,0,0,0,0,0,0,0,1
HamroBazar पर लैपटॉप बैग — रु. 249,benign,benign,hi,h2,heading,[TAG=h2] [ROLE=heading] HamroBazar पर लैपटॉप बैग — रु. 249,benign:hi:62,synthetic_v1,0,0,0,0,0,0,0,1
Free shipping on orders above Rs. 299,benign,benign,en,p,body,[TAG=p] [ROLE=body] Free shipping on orders above Rs. 299,benign:en:01,synthetic_v1,0,0,0,0,0,0,0,1
"ग्राहक समीक्षा (14,860)",benign,benign,ne,h2,heading,"[TAG=h2] [ROLE=heading] ग्राहक समीक्षा (14,860)",benign:ne:03,synthetic_v1,0,0,0,0,0,0,0,1
Lenskart पर फोन कवर खोजें,benign,benign,hi,label,form,[TAG=label] [ROLE=form] Lenskart पर फोन कवर खोजें,benign:hi:66,synthetic_v1,0,0,0,0,0,0,0,1
वारंटी: 7 साल,benign,benign,hi,label,form,[TAG=label] [ROLE=form] वारंटी: 7 साल,benign:hi:36,synthetic_v1,0,0,0,0,0,0,0,1
Search air fryer on Daraz,benign,benign,en,span,label,[TAG=span] [ROLE=label] Search air fryer on Daraz,benign:en:67,synthetic_v1,0,0,0,0,0,0,0,1
"बिक्रेता: प्रकाश ट्रेडर्स, जनकपुर",benign,benign,ne,li,nav,"[TAG=li] [ROLE=nav] बिक्रेता: प्रकाश ट्रेडर्स, जनकपुर",benign:ne:48,synthetic_v1,0,0,0,0,0,0,0,1
phone case at Meesho — Rs. 99,benign,benign,en,button,cta,[TAG=button] [ROLE=cta] phone case at Meesho — Rs. 99,benign:en:63,synthetic_v1,0,0,0,0,0,0,0,1
"फोन कभर — 14,860 समीक्षा, बाँके गोदाम",benign,benign,ne,a,nav,"[TAG=a] [ROLE=nav] फोन कभर — 14,860 समीक्षा, बाँके गोदाम",benign:ne:72,synthetic_v1,0,0,0,0,0,0,0,1
"बैकपैक पर रु. 1,499 से EMI",benign,benign,hi,h2,heading,"[TAG=h2] [ROLE=heading] बैकपैक पर रु. 1,499 से EMI",benign:hi:74,synthetic_v1,0,0,0,0,0,0,0,1
455 इकाई बिकीं,benign,benign,hi,span,label,[TAG=span] [ROLE=label] 455 इकाई बिकीं,benign:hi:47,synthetic_v1,0,0,0,0,0,0,0,1
60% छुट,benign,benign,ne,label,form,[TAG=label] [ROLE=form] 60% छुट,benign:ne:10,synthetic_v1,0,0,0,0,0,0,0,1
"विक्रेता: दीपा ट्रेडर्स, अहमदाबाद",benign,benign,hi,li,nav,"[TAG=li] [ROLE=nav] विक्रेता: दीपा ट्रेडर्स, अहमदाबाद",benign:hi:48,synthetic_v1,0,0,0,0,0,0,0,1
"In stock in Kolkata, ships in 5 days",benign,benign,en,span,label,"[TAG=span] [ROLE=label] In stock in Kolkata, ships in 5 days",benign:en:77,synthetic_v1,0,0,0,0,0,0,0,1
Meesho मा पावर ब्यांक खोज्नुहोस्,benign,benign,ne,a,nav,[TAG=a] [ROLE=nav] Meesho मा पावर ब्यांक खोज्नुहोस्,benign:ne:66,synthetic_v1,0,0,0,0,0,0,0,1
दमक मा 4 दिनमा डेलिभरी,benign,benign,ne,a,nav,[TAG=a] [ROLE=nav] दमक मा 4 दिनमा डेलिभरी,benign:ne:63,synthetic_v1,0,0,0,0,0,0,0,1
water bottle at HamroBazar — Rs. 349,benign,benign,en,a,nav,[TAG=a] [ROLE=nav] water bottle at HamroBazar — Rs. 349,benign:en:63,synthetic_v1,0,0,0,0,0,0,0,1
JioMart मा वायरलेस इयरबड्स मूल्य तुलना गर्नुहोस्,benign,benign,ne,span,label,[TAG=span] [ROLE=label] JioMart मा वायरलेस इयरबड्स मूल्य तुलना गर्नुहोस्,benign:ne:73,synthetic_v1,0,0,0,0,0,0,0,1
पावर बैंक उपलब्ध होने पर सूचित करें,benign,benign,hi,label,form,[TAG=label] [ROLE=form] पावर बैंक उपलब्ध होने पर सूचित करें,benign:hi:33,synthetic_v1,0,0,0,0,0,0,0,1
रनिंग शूज़ पर रु. 399 से EMI,benign,benign,hi,button,cta,[TAG=button] [ROLE=cta] रनिंग शूज़ पर रु. 399 से EMI,benign:hi:74,synthetic_v1,0,0,0,0,0,0,0,1
HamroBazar मा ट्रेकिङ ज्याकेट मूल्य तुलना गर्नुहोस्,benign,benign,ne,a,nav,[TAG=a] [ROLE=nav] HamroBazar मा ट्रेकिङ ज्याकेट मूल्य तुलना गर्नुहोस्,benign:ne:73,synthetic_v1,0,0,0,0,0,0,0,1
EMI from Rs. 49 on bluetooth speaker,benign,benign,en,li,nav,[TAG=li] [ROLE=nav] EMI from Rs. 49 on bluetooth speaker,benign:en:75,synthetic_v1,0,0,0,0,0,0,0,1
Zepto फिर्ता नीति: 4 दिन,benign,benign,ne,span,label,[TAG=span] [ROLE=label] Zepto फिर्ता नीति: 4 दिन,benign:ne:65,synthetic_v1,0,0,0,0,0,0,0,1
"BigBasket मा ट्रेकिङ ज्याकेट — रु. 1,199",benign,benign,ne,button,cta,"[TAG=button] [ROLE=cta] BigBasket मा ट्रेकिङ ज्याकेट — रु. 1,199",benign:ne:62,synthetic_v1,0,0,0,0,0,0,0,1
Compare face wash prices on HamroBazar,benign,benign,en,label,form,[TAG=label] [ROLE=form] Compare face wash prices on HamroBazar,benign:en:74,synthetic_v1,0,0,0,0,0,0,0,1
दिल्ली शिपिंग: रु. 599,benign,benign,hi,button,cta,[TAG=button] [ROLE=cta] दिल्ली शिपिंग: रु. 599,benign:hi:71,synthetic_v1,0,0,0,0,0,0,0,1
Delivering to Kolkata,benign,benign,en,h2,heading,[TAG=h2] [ROLE=heading] Delivering to Kolkata,benign:en:37,synthetic_v1,0,0,0,0,0,0,0,1
"11,204 जनाले अफिस कुर्सी मूल्याङ्कन गरे",benign,benign,ne,p,body,"[TAG=p] [ROLE=body] 11,204 जनाले अफिस कुर्सी मूल्याङ्कन गरे",benign:ne:67,synthetic_v1,0,0,0,0,0,0,0,1
"एयर फ्रायर — 1,187 समीक्षाएँ, नागपुर गोदाम",benign,benign,hi,label,form,"[TAG=label] [ROLE=form] एयर फ्रायर — 1,187 समीक्षाएँ, नागपुर गोदाम",benign:hi:72,synthetic_v1,0,0,0,0,0,0,0,1
Compare office chair prices on Meesho,benign,benign,en,a,nav,[TAG=a] [ROLE=nav] Compare office chair prices on Meesho,benign:en:74,synthetic_v1,0,0,0,0,0,0,0,1
"रु. 1,999 तक एक्सचेंज ऑफ़र",benign,benign,hi,button,cta,"[TAG=button] [ROLE=cta] रु. 1,999 तक एक्सचेंज ऑफ़र",benign:hi:35,synthetic_v1,0,0,0,0,0,0,0,1
Muncha रिटर्न नीति: 5 दिन,benign,benign,hi,p,body,[TAG=p] [ROLE=body] Muncha रिटर्न नीति: 5 दिन,benign:hi:65,synthetic_v1,0,0,0,0,0,0,0,1
"4,265 इकाई बिकीं",benign,benign,hi,a,nav,"[TAG=a] [ROLE=nav] 4,265 इकाई बिकीं",benign:hi:47,synthetic_v1,0,0,0,0,0,0,0,1
Delivery to Mumbai in 5 days,benign,benign,en,p,body,[TAG=p] [ROLE=body] Delivery to Mumbai in 5 days,benign:en:64,synthetic_v1,0,0,0,0,0,0,0,1
"Sold by Laxmi Store, Biratnagar",benign,benign,en,button,cta,"[TAG=button] [ROLE=cta] Sold by Laxmi Store, Biratnagar",benign:en:65,synthetic_v1,0,0,0,0,0,0,0,1
60% off induction cooktop at FirstCry,benign,benign,en,li,nav,[TAG=li] [ROLE=nav] 60% off induction cooktop at FirstCry,benign:en:71,synthetic_v1,0,0,0,0,0,0,0,1
Kinbech customer care: our helpline,benign,benign,en,li,nav,[TAG=li] [ROLE=nav] Kinbech customer care: our helpline,benign:en:76,synthetic_v1,0,0,0,0,0,0,0,1
Snapdeal पर फेस वॉश खोजें,benign,benign,hi,span,label,[TAG=span] [ROLE=label] Snapdeal पर फेस वॉश खोजें,benign:hi:66,synthetic_v1,0,0,0,0,0,0,0,1
Amazon मा वायरलेस इयरबड्स खोज्नुहोस्,benign,benign,ne,span,label,[TAG=span] [ROLE=label] Amazon मा वायरलेस इयरबड्स खोज्नुहोस्,benign:ne:66,synthetic_v1,0,0,0,0,0,0,0,1
"कोलकाता में स्टॉक में, 14 दिन में शिप",benign,benign,hi,button,cta,"[TAG=button] [ROLE=cta] कोलकाता में स्टॉक में, 14 दिन में शिप",benign:hi:76,synthetic_v1,0,0,0,0,0,0,0,1
coffee maker at Blinkit — Rs. 999,benign,benign,en,h2,heading,[TAG=h2] [ROLE=heading] coffee maker at Blinkit — Rs. 999,benign:en:63,synthetic_v1,0,0,0,0,0,0,0,1
"sports sandals — 288 reviews, Biratnagar warehouse",benign,benign,en,label,form,"[TAG=label] [ROLE=form] sports sandals — 288 reviews, Biratnagar warehouse",benign:en:73,synthetic_v1,0,0,0,0,0,0,0,1
स्पोर्ट्स सैंडल — रु. 99,benign,benign,hi,li,nav,[TAG=li] [ROLE=nav] स्पोर्ट्स सैंडल — रु. 99,benign:hi:46,synthetic_v1,0,0,0,0,0,0,0,1
"26,940 units sold",benign,benign,en,span,label,"[TAG=span] [ROLE=label] 26,940 units sold",benign:en:48,synthetic_v1,0,0,0,0,0,0,0,1
Pepperfry ग्राहक सेवा: कल सेन्टर,benign,benign,ne,label,form,[TAG=label] [ROLE=form] Pepperfry ग्राहक सेवा: कल सेन्टर,benign:ne:75,synthetic_v1,0,0,0,0,0,0,0,1
"Sold by Suman Store, Biratnagar",benign,benign,en,p,body,"[TAG=p] [ROLE=body] Sold by Suman Store, Biratnagar",benign:en:65,synthetic_v1,0,0,0,0,0,0,0,1
"बिक्रेता: विकास ट्रेडर्स, बाँके",benign,benign,ne,button,cta,"[TAG=button] [ROLE=cta] बिक्रेता: विकास ट्रेडर्स, बाँके",benign:ne:48,synthetic_v1,0,0,0,0,0,0,0,1
"इंदौर शिपिंग: रु. 2,999",benign,benign,hi,span,label,"[TAG=span] [ROLE=label] इंदौर शिपिंग: रु. 2,999",benign:hi:71,synthetic_v1,0,0,0,0,0,0,0,1
आज के ऑफ़र,benign,benign,hi,span,label,[TAG=span] [ROLE=label] आज के ऑफ़र,benign:hi:30,synthetic_v1,0,0,0,0,0,0,0,1
Reliance Digital customer care: the call centre,benign,benign,en,button,cta,[TAG=button] [ROLE=cta] Reliance Digital customer care: the call centre,benign:en:76,synthetic_v1,0,0,0,0,0,0,0,1
Salesberry ग्राहक सेवा: हाम्रो Viber सपोर्ट,benign,benign,ne,a,nav,[TAG=a] [ROLE=nav] Salesberry ग्राहक सेवा: हाम्रो Viber सपोर्ट,benign:ne:75,synthetic_v1,0,0,0,0,0,0,0,1
कोलकाता में कैश ऑन डिलीवरी उपलब्ध,benign,benign,hi,li,nav,[TAG=li] [ROLE=nav] कोलकाता में कैश ऑन डिलीवरी उपलब्ध,benign:hi:09,synthetic_v1,0,0,0,0,0,0,0,1
15% off gaming mouse at Meesho,benign,benign,en,h2,heading,[TAG=h2] [ROLE=heading] 15% off gaming mouse at Meesho,benign:en:71,synthetic_v1,0,0,0,0,0,0,0,1
"Sold by Rekha Store, Patna",benign,benign,en,label,form,"[TAG=label] [ROLE=form] Sold by Rekha Store, Patna",benign:en:65,synthetic_v1,0,0,0,0,0,0,0,1
View all winter blanket,benign,benign,en,h2,heading,[TAG=h2] [ROLE=heading] View all winter blanket,benign:en:20,synthetic_v1,0,0,0,0,0,0,0,1
Croma customer care: the call centre,benign,benign,en,li,nav,[TAG=li] [ROLE=nav] Croma customer care: the call centre,benign:en:76,synthetic_v1,0,0,0,0,0,0,0,1
Daraz customer care: our support line,benign,benign,en,span,label,[TAG=span] [ROLE=label] Daraz customer care: our support line,benign:en:76,synthetic_v1,0,0,0,0,0,0,0,1
लैपटॉप बैग के लिए साइज़ गाइड,benign,benign,hi,li,nav,[TAG=li] [ROLE=nav] लैपटॉप बैग के लिए साइज़ गाइड,benign:hi:05,synthetic_v1,0,0,0,0,0,0,0,1
Flipkart ईमेल एक क्लिक में अनसब्सक्राइब करें,benign,benign,hi,label,form,[TAG=label] [ROLE=form] Flipkart ईमेल एक क्लिक में अनसब्सक्राइब करें,benign:hi:69,synthetic_v1,0,0,0,0,0,0,0,1
सभी बैकपैक देखें,benign,benign,hi,h2,heading,[TAG=h2] [ROLE=heading] सभी बैकपैक देखें,benign:hi:20,synthetic_v1,0,0,0,0,0,0,0,1
हैदराबाद में 10 दिन में डिलीवरी,benign,benign,hi,span,label,[TAG=span] [ROLE=label] हैदराबाद में 10 दिन में डिलीवरी,benign:hi:63,synthetic_v1,0,0,0,0,0,0,0,1
Size guide for power bank,benign,benign,en,label,form,[TAG=label] [ROLE=form] Size guide for power bank,benign:en:05,synthetic_v1,0,0,0,0,0,0,0,1
Thulo ग्राहक सेवा: हमारा ईमेल डेस्क,benign,benign,hi,button,cta,[TAG=button] [ROLE=cta] Thulo ग्राहक सेवा: हमारा ईमेल डेस्क,benign:hi:75,synthetic_v1,0,0,0,0,0,0,0,1
Croma रिटर्न नीति: 1 दिन,benign,benign,hi,label,form,[TAG=label] [ROLE=form] Croma रिटर्न नीति: 1 दिन,benign:hi:65,synthetic_v1,0,0,0,0,0,0,0,1
312 people rated induction cooktop,benign,benign,en,a,nav,[TAG=a] [ROLE=nav] 312 people rated induction cooktop,benign:en:68,synthetic_v1,0,0,0,0,0,0,0,1
आगरा शिपिंग: रु. 399,benign,benign,hi,h2,heading,[TAG=h2] [ROLE=heading] आगरा शिपिंग: रु. 399,benign:hi:71,synthetic_v1,0,0,0,0,0,0,0,1
Thulo मा फर्मल सर्ट मूल्य तुलना गर्नुहोस्,benign,benign,ne,a,nav,[TAG=a] [ROLE=nav] Thulo मा फर्मल सर्ट मूल्य तुलना गर्नुहोस्,benign:ne:73,synthetic_v1,0,0,0,0,0,0,0,1
Free shipping on orders above Rs. 699,benign,benign,en,button,cta,[TAG=button] [ROLE=cta] Free shipping on orders above Rs. 699,benign:en:01,synthetic_v1,0,0,0,0,0,0,0,1
"बिक्रेता: लक्ष्मी स्टोर, तनहुँ",benign,benign,ne,label,form,"[TAG=label] [ROLE=form] बिक्रेता: लक्ष्मी स्टोर, तनहुँ",benign:ne:64,synthetic_v1,0,0,0,0,0,0,0,1
Delivery to Patna in 7 days,benign,benign,en,label,form,[TAG=label] [ROLE=form] Delivery to Patna in 7 days,benign:en:64,synthetic_v1,0,0,0,0,0,0,0,1
"विक्रेता: मनीष स्टोर, अहमदाबाद",benign,benign,hi,span,label,"[TAG=span] [ROLE=label] विक्रेता: मनीष स्टोर, अहमदाबाद",benign:hi:64,synthetic_v1,0,0,0,0,0,0,0,1
वारेन्टी: 12 वर्ष,benign,benign,ne,button,cta,[TAG=button] [ROLE=cta] वारेन्टी: 12 वर्ष,benign:ne:36,synthetic_v1,0,0,0,0,0,0,0,1
812 प्रमाणित समीक्षा,benign,benign,ne,label,form,[TAG=label] [ROLE=form] 812 प्रमाणित समीक्षा,benign:ne:23,synthetic_v1,0,0,0,0,0,0,0,1
बुटवल मा 3 दिनमा डेलिभरी,benign,benign,ne,h2,heading,[TAG=h2] [ROLE=heading] बुटवल मा 3 दिनमा डेलिभरी,benign:ne:63,synthetic_v1,0,0,0,0,0,0,0,1
"धरान मा स्टकमा, 4 दिनमा पठाइन्छ",benign,benign,ne,p,body,"[TAG=p] [ROLE=body] धरान मा स्टकमा, 4 दिनमा पठाइन्छ",benign:ne:76,synthetic_v1,0,0,0,0,0,0,0,1
"ग्राहक समीक्षा (7,340)",benign,benign,ne,li,nav,"[TAG=li] [ROLE=nav] ग्राहक समीक्षा (7,340)",benign:ne:03,synthetic_v1,0,0,0,0,0,0,0,1
Amazon पर कॉफी मेकर की कीमतों की तुलना करें,benign,benign,hi,h2,heading,[TAG=h2] [ROLE=heading] Amazon पर कॉफी मेकर की कीमतों की तुलना करें,benign:hi:73,synthetic_v1,0,0,0,0,0,0,0,1
Shipping to Hyderabad: Rs. 349,benign,benign,en,span,label,[TAG=span] [ROLE=label] Shipping to Hyderabad: Rs. 349,benign:en:72,synthetic_v1,0,0,0,0,0,0,0,1
रु. 199/महीना से EMI विकल्प,benign,benign,hi,p,body,[TAG=p] [ROLE=body] रु. 199/महीना से EMI विकल्प,benign:hi:34,synthetic_v1,0,0,0,0,0,0,0,1
कॉफी मेकर की तुलना करें,benign,benign,hi,button,cta,[TAG=button] [ROLE=cta] कॉफी मेकर की तुलना करें,benign:hi:12,synthetic_v1,0,0,0,0,0,0,0,1
"Ajio मा डेनिम जिन्स — रु. 1,199",benign,benign,ne,a,nav,"[TAG=a] [ROLE=nav] Ajio मा डेनिम जिन्स — रु. 1,199",benign:ne:62,synthetic_v1,0,0,0,0,0,0,0,1
रु. 99 तक एक्सचेंज ऑफ़र,benign,benign,hi,h2,heading,[TAG=h2] [ROLE=heading] रु. 99 तक एक्सचेंज ऑफ़र,benign:hi:35,synthetic_v1,0,0,0,0,0,0,0,1
तनहुँ ढुवानी: रु. 249,benign,benign,ne,button,cta,[TAG=button] [ROLE=cta] तनहुँ ढुवानी: रु. 249,benign:ne:71,synthetic_v1,0,0,0,0,0,0,0,1
70% off coffee maker at Flipkart,benign,benign,en,h2,heading,[TAG=h2] [ROLE=heading] 70% off coffee maker at Flipkart,benign:en:71,synthetic_v1,0,0,0,0,0,0,0,1
"school bag — 2,038 reviews, Jaipur warehouse",benign,benign,en,label,form,"[TAG=label] [ROLE=form] school bag — 2,038 reviews, Jaipur warehouse",benign:en:73,synthetic_v1,0,0,0,0,0,0,0,1
Delivery to Indore in 3 days,benign,benign,en,button,cta,[TAG=button] [ROLE=cta] Delivery to Indore in 3 days,benign:en:64,synthetic_v1,0,0,0,0,0,0,0,1
Croma फिर्ता नीति: 7 दिन,benign,benign,ne,button,cta,[TAG=button] [ROLE=cta] Croma फिर्ता नीति: 7 दिन,benign:ne:65,synthetic_v1,0,0,0,0,0,0,0,1
"प्रोटिन पाउडर — रु. 2,499",benign,benign,ne,span,label,"[TAG=span] [ROLE=label] प्रोटिन पाउडर — रु. 2,499",benign:ne:46,synthetic_v1,0,0,0,0,0,0,0,1
सूरत में 14 दिन में डिलीवरी,benign,benign,hi,span,label,[TAG=span] [ROLE=label] सूरत में 14 दिन में डिलीवरी,benign:hi:63,synthetic_v1,0,0,0,0,0,0,0,1
JioMart ईमेल एक क्लिक में अनसब्सक्राइब करें,benign,benign,hi,li,nav,[TAG=li] [ROLE=nav] JioMart ईमेल एक क्लिक में अनसब्सक्राइब करें,benign:hi:69,synthetic_v1,0,0,0,0,0,0,0,1
"रु. 2,499 तक एक्सचेंज ऑफ़र",benign,benign,hi,label,form,"[TAG=label] [ROLE=form] रु. 2,499 तक एक्सचेंज ऑफ़र",benign:hi:35,synthetic_v1,0,0,0,0,0,0,0,1
"विक्रेता: निशा ट्रेडर्स, चंडीगढ़",benign,benign,hi,a,nav,"[TAG=a] [ROLE=nav] विक्रेता: निशा ट्रेडर्स, चंडीगढ़",benign:hi:48,synthetic_v1,0,0,0,0,0,0,0,1
"विक्रेता: स्नेहा ट्रेडर्स, आगरा",benign,benign,hi,button,cta,"[TAG=button] [ROLE=cta] विक्रेता: स्नेहा ट्रेडर्स, आगरा",benign:hi:48,synthetic_v1,0,0,0,0,0,0,0,1
"14,860 units sold",benign,benign,en,span,label,"[TAG=span] [ROLE=label] 14,860 units sold",benign:en:48,synthetic_v1,0,0,0,0,0,0,0,1
Delivery to Butwal in 4 days,benign,benign,en,a,nav,[TAG=a] [ROLE=nav] Delivery to Butwal in 4 days,benign:en:64,synthetic_v1,0,0,0,0,0,0,0,1
Size guide for winter blanket,benign,benign,en,a,nav,[TAG=a] [ROLE=nav] Size guide for winter blanket,benign:en:05,synthetic_v1,0,0,0,0,0,0,0,1
"बिक्रेता: किरण स्टोर, धनगढी",benign,benign,ne,p,body,"[TAG=p] [ROLE=body] बिक्रेता: किरण स्टोर, धनगढी",benign:ne:64,synthetic_v1,0,0,0,0,0,0,0,1
"In stock in Lalitpur, ships in 5 days",benign,benign,en,button,cta,"[TAG=button] [ROLE=cta] In stock in Lalitpur, ships in 5 days",benign:en:77,synthetic_v1,0,0,0,0,0,0,0,1
367 verified reviews,benign,benign,en,button,cta,[TAG=button] [ROLE=cta] 367 verified reviews,benign:en:23,synthetic_v1,0,0,0,0,0,0,0,1
Nykaa रिटर्न नीति: 3 दिन,benign,benign,hi,button,cta,[TAG=button] [ROLE=cta] Nykaa रिटर्न नीति: 3 दिन,benign:hi:65,synthetic_v1,0,0,0,0,0,0,0,1
छोड़ें,benign,benign,hi,a,nav,[TAG=a] [ROLE=nav] छोड़ें,benign:hi:55,synthetic_v1,0,0,0,0,0,0,0,1
Add cotton kurta to cart,benign,benign,en,button,cta,[TAG=button] [ROLE=cta] Add cotton kurta to cart,benign:en:00,synthetic_v1,0,0,0,0,0,0,0,1
FirstCry ग्राहक सेवा: कल सेन्टर,benign,benign,ne,p,body,[TAG=p] [ROLE=body] FirstCry ग्राहक सेवा: कल सेन्टर,benign:ne:75,synthetic_v1,0,0,0,0,0,0,0,1
"हेयर ड्रायर — 34,118 समीक्षा, बाँके गोदाम",benign,benign,ne,li,nav,"[TAG=li] [ROLE=nav] हेयर ड्रायर — 34,118 समीक्षा, बाँके गोदाम",benign:ne:72,synthetic_v1,0,0,0,0,0,0,0,1
ढुवानी शुल्क: रु. 999 (भुक्तानी अघि देखिने),benign,benign,ne,h2,heading,[TAG=h2] [ROLE=heading] ढुवानी शुल्क: रु. 999 (भुक्तानी अघि देखिने),benign:ne:43,synthetic_v1,0,0,0,0,0,0,0,1
Flipkart ग्राहक सेवा: हमारी हेल्पलाइन,benign,benign,hi,span,label,[TAG=span] [ROLE=label] Flipkart ग्राहक सेवा: हमारी हेल्पलाइन,benign:hi:75,synthetic_v1,0,0,0,0,0,0,0,1
"बेंगलुरु में स्टॉक में, 14 दिन में शिप",benign,benign,hi,a,nav,"[TAG=a] [ROLE=nav] बेंगलुरु में स्टॉक में, 14 दिन में शिप",benign:hi:76,synthetic_v1,0,0,0,0,0,0,0,1
स्टडी लाइट तुलना गर्नुहोस्,benign,benign,ne,span,label,[TAG=span] [ROLE=label] स्टडी लाइट तुलना गर्नुहोस्,benign:ne:12,synthetic_v1,0,0,0,0,0,0,0,1
"Seller: Nisha Traders, Chitwan",benign,benign,en,p,body,"[TAG=p] [ROLE=body] Seller: Nisha Traders, Chitwan",benign:en:49,synthetic_v1,0,0,0,0,0,0,0,1
Search yoga mat on Ajio,benign,benign,en,span,label,[TAG=span] [ROLE=label] Search yoga mat on Ajio,benign:en:67,synthetic_v1,0,0,0,0,0,0,0,1
रु. 149 माथिको अर्डरमा निःशुल्क ढुवानी,benign,benign,ne,button,cta,[TAG=button] [ROLE=cta] रु. 149 माथिको अर्डरमा निःशुल्क ढुवानी,benign:ne:01,synthetic_v1,0,0,0,0,0,0,0,1
"इलेक्ट्रिक केतली — रु. 2,999",benign,benign,ne,h2,heading,"[TAG=h2] [ROLE=heading] इलेक्ट्रिक केतली — रु. 2,999",benign:ne:46,synthetic_v1,0,0,0,0,0,0,0,1
ट्रेकिंग जैकेट पर रु. 499 से EMI,benign,benign,hi,span,label,[TAG=span] [ROLE=label] ट्रेकिंग जैकेट पर रु. 499 से EMI,benign:hi:74,synthetic_v1,0,0,0,0,0,0,0,1
स्पोर्ट्स चप्पल मा रु. 249 बाट EMI,benign,benign,ne,span,label,[TAG=span] [ROLE=label] स्पोर्ट्स चप्पल मा रु. 249 बाट EMI,benign:ne:74,synthetic_v1,0,0,0,0,0,0,0,1
Track your order,benign,benign,en,span,label,[TAG=span] [ROLE=label] Track your order,benign:en:06,synthetic_v1,0,0,0,0,0,0,0,1
"7,340 जनाले फर्मल सर्ट मूल्याङ्कन गरे",benign,benign,ne,button,cta,"[TAG=button] [ROLE=cta] 7,340 जनाले फर्मल सर्ट मूल्याङ्कन गरे",benign:ne:67,synthetic_v1,0,0,0,0,0,0,0,1
"स्पोर्ट्स चप्पल — 812 समीक्षा, धरान गोदाम",benign,benign,ne,h2,heading,"[TAG=h2] [ROLE=heading] स्पोर्ट्स चप्पल — 812 समीक्षा, धरान गोदाम",benign:ne:72,synthetic_v1,0,0,0,0,0,0,0,1
"एयर फ्रायर — रु. 1,999",benign,benign,ne,label,form,"[TAG=label] [ROLE=form] एयर फ्रायर — रु. 1,999",benign:ne:46,synthetic_v1,0,0,0,0,0,0,0,1
Search electric kettle on Blinkit,benign,benign,en,li,nav,[TAG=li] [ROLE=nav] Search electric kettle on Blinkit,benign:en:67,synthetic_v1,0,0,0,0,0,0,0,1
मेरो अर्डरबाट Nykaa अर्डर रद्द गर्नुहोस्,benign,benign,ne,span,label,[TAG=span] [ROLE=label] मेरो अर्डरबाट Nykaa अर्डर रद्द गर्नुहोस्,benign:ne:68,synthetic_v1,0,0,0,0,0,0,0,1
"2,038 सत्यापित समीक्षाएँ",benign,benign,hi,li,nav,"[TAG=li] [ROLE=nav] 2,038 सत्यापित समीक्षाएँ",benign:hi:23,synthetic_v1,0,0,0,0,0,0,0,1
कॉफी मेकर खोजें,benign,benign,hi,li,nav,[TAG=li] [ROLE=nav] कॉफी मेकर खोजें,benign:hi:14,synthetic_v1,0,0,0,0,0,0,0,1
पोखरा ढुवानी: रु. 49,benign,benign,ne,a,nav,[TAG=a] [ROLE=nav] पोखरा ढुवानी: रु. 49,benign:ne:71,synthetic_v1,0,0,0,0,0,0,0,1
"denim jeans — 27 reviews, Butwal warehouse",benign,benign,en,h2,heading,"[TAG=h2] [ROLE=heading] denim jeans — 27 reviews, Butwal warehouse",benign:en:73,synthetic_v1,0,0,0,0,0,0,0,1
सर्दी का कंबल के लिए साइज़ गाइड,benign,benign,hi,label,form,[TAG=label] [ROLE=form] सर्दी का कंबल के लिए साइज़ गाइड,benign:hi:05,synthetic_v1,0,0,0,0,0,0,0,1
Shipping to Kathmandu: Rs. 99,benign,benign,en,button,cta,[TAG=button] [ROLE=cta] Shipping to Kathmandu: Rs. 99,benign:en:72,synthetic_v1,0,0,0,0,0,0,0,1
हेयर ड्रायर खोजें,benign,benign,hi,p,body,[TAG=p] [ROLE=body] हेयर ड्रायर खोजें,benign:hi:14,synthetic_v1,0,0,0,0,0,0,0,1
812 verified reviews,benign,benign,en,a,nav,[TAG=a] [ROLE=nav] 812 verified reviews,benign:en:23,synthetic_v1,0,0,0,0,0,0,0,1
सबै स्टडी लाइट हेर्नुहोस्,benign,benign,ne,button,cta,[TAG=button] [ROLE=cta] सबै स्टडी लाइट हेर्नुहोस्,benign:ne:20,synthetic_v1,0,0,0,0,0,0,0,1
OkDam पर फेस वॉश खोजें,benign,benign,hi,li,nav,[TAG=li] [ROLE=nav] OkDam पर फेस वॉश खोजें,benign:hi:66,synthetic_v1,0,0,0,0,0,0,0,1
Kinbech मा स्मार्टवाच — रु. 99,benign,benign,ne,h2,heading,[TAG=h2] [ROLE=heading] Kinbech मा स्मार्टवाच — रु. 99,benign:ne:62,synthetic_v1,0,0,0,0,0,0,0,1
"विक्रेता: सुमन स्टोर, आगरा",benign,benign,hi,h2,heading,"[TAG=h2] [ROLE=heading] विक्रेता: सुमन स्टोर, आगरा",benign:hi:64,synthetic_v1,0,0,0,0,0,0,0,1
186 जनाले फेस वास मूल्याङ्कन गरे,benign,benign,ne,h2,heading,[TAG=h2] [ROLE=heading] 186 जनाले फेस वास मूल्याङ्कन गरे,benign:ne:67,synthetic_v1,0,0,0,0,0,0,0,1
HamroBazar ग्राहक सेवा: हमारा WhatsApp नंबर,benign,benign,hi,span,label,[TAG=span] [ROLE=label] HamroBazar ग्राहक सेवा: हमारा WhatsApp नंबर,benign:hi:75,synthetic_v1,0,0,0,0,0,0,0,1
Search face wash on Nykaa,benign,benign,en,li,nav,[TAG=li] [ROLE=nav] Search face wash on Nykaa,benign:en:67,synthetic_v1,0,0,0,0,0,0,0,1
gaming mouse at Gyapu — Rs. 599,benign,benign,en,a,nav,[TAG=a] [ROLE=nav] gaming mouse at Gyapu — Rs. 599,benign:en:63,synthetic_v1,0,0,0,0,0,0,0,1
Myntra फिर्ता नीति: 3 दिन,benign,benign,ne,button,cta,[TAG=button] [ROLE=cta] Myntra फिर्ता नीति: 3 दिन,benign:ne:65,synthetic_v1,0,0,0,0,0,0,0,1
Unsubscribe from Lenskart emails in one click,benign,benign,en,p,body,[TAG=p] [ROLE=body] Unsubscribe from Lenskart emails in one click,benign:en:70,synthetic_v1,0,0,0,0,0,0,0,1
"फेस वास — रु. 1,499",benign,benign,ne,p,body,"[TAG=p] [ROLE=body] फेस वास — रु. 1,499",benign:ne:46,synthetic_v1,0,0,0,0,0,0,0,1
186 प्रमाणित समीक्षा,benign,benign,ne,button,cta,[TAG=button] [ROLE=cta] 186 प्रमाणित समीक्षा,benign:ne:23,synthetic_v1,0,0,0,0,0,0,0,1
रांची में 14 दिन में डिलीवरी,benign,benign,hi,p,body,[TAG=p] [ROLE=body] रांची में 14 दिन में डिलीवरी,benign:hi:63,synthetic_v1,0,0,0,0,0,0,0,1
रिफन्ड नीति: 7 कार्य दिनमा रिफन्ड,benign,benign,ne,h2,heading,[TAG=h2] [ROLE=heading] रिफन्ड नीति: 7 कार्य दिनमा रिफन्ड,benign:ne:59,synthetic_v1,0,0,0,0,0,0,0,1
Cancel your Pepperfry order from My Orders,benign,benign,en,li,nav,[TAG=li] [ROLE=nav] Cancel your Pepperfry order from My Orders,benign:en:69,synthetic_v1,0,0,0,0,0,0,0,1
पुणे में 14 दिन में डिलीवरी,benign,benign,hi,h2,heading,[TAG=h2] [ROLE=heading] पुणे में 14 दिन में डिलीवरी,benign:hi:63,synthetic_v1,0,0,0,0,0,0,0,1
"स्मार्टवाच — 11,204 समीक्षा, तनहुँ गोदाम",benign,benign,ne,li,nav,"[TAG=li] [ROLE=nav] स्मार्टवाच — 11,204 समीक्षा, तनहुँ गोदाम",benign:ne:72,synthetic_v1,0,0,0,0,0,0,0,1
"9,118 सत्यापित समीक्षाएँ",benign,benign,hi,button,cta,"[TAG=button] [ROLE=cta] 9,118 सत्यापित समीक्षाएँ",benign:hi:23,synthetic_v1,0,0,0,0,0,0,0,1
Amazon फिर्ता नीति: 2 दिन,benign,benign,ne,button,cta,[TAG=button] [ROLE=cta] Amazon फिर्ता नीति: 2 दिन,benign:ne:65,synthetic_v1,0,0,0,0,0,0,0,1
"बिक्रेता: किरण ट्रेडर्स, भक्तपुर",benign,benign,ne,label,form,"[TAG=label] [ROLE=form] बिक्रेता: किरण ट्रेडर्स, भक्तपुर",benign:ne:48,synthetic_v1,0,0,0,0,0,0,0,1
नोइज क्यान्सलिङ हेडफोन तुलना गर्नुहोस्,benign,benign,ne,button,cta,[TAG=button] [ROLE=cta] नोइज क्यान्सलिङ हेडफोन तुलना गर्नुहोस्,benign:ne:12,synthetic_v1,0,0,0,0,0,0,0,1
वाराणसी में 14 दिन में डिलीवरी,benign,benign,hi,li,nav,[TAG=li] [ROLE=nav] वाराणसी में 14 दिन में डिलीवरी,benign:hi:63,synthetic_v1,0,0,0,0,0,0,0,1
इंडक्शन चूल्हा — रु. 49,benign,benign,hi,button,cta,[TAG=button] [ROLE=cta] इंडक्शन चूल्हा — रु. 49,benign:hi:46,synthetic_v1,0,0,0,0,0,0,0,1
Gyapu return policy: 7 days,benign,benign,en,h2,heading,[TAG=h2] [ROLE=heading] Gyapu return policy: 7 days,benign:en:66,synthetic_v1,0,0,0,0,0,0,0,1
Delivery to Biratnagar in 10 days,benign,benign,en,a,nav,[TAG=a] [ROLE=nav] Delivery to Biratnagar in 10 days,benign:en:64,synthetic_v1,0,0,0,0,0,0,0,1
"फोन कभर — 634 समीक्षा, जनकपुर गोदाम",benign,benign,ne,label,form,"[TAG=label] [ROLE=form] फोन कभर — 634 समीक्षा, जनकपुर गोदाम",benign:ne:72,synthetic_v1,0,0,0,0,0,0,0,1
Reliance Digital return policy: 1 days,benign,benign,en,h2,heading,[TAG=h2] [ROLE=heading] Reliance Digital return policy: 1 days,benign:en:66,synthetic_v1,0,0,0,0,0,0,0,1
वारेन्टी: 2 वर्ष,benign,benign,ne,label,form,[TAG=label] [ROLE=form] वारेन्टी: 2 वर्ष,benign:ne:36,synthetic_v1,0,0,0,0,0,0,0,1
पावर बैंक खोजें,benign,benign,hi,p,body,[TAG=p] [ROLE=body] पावर बैंक खोजें,benign:hi:14,synthetic_v1,0,0,0,0,0,0,0,1
6 दिनों में वापसी,benign,benign,hi,a,nav,[TAG=a] [ROLE=nav] 6 दिनों में वापसी,benign:hi:04,synthetic_v1,0,0,0,0,0,0,0,1
"In stock in Lucknow, ships in 14 days",benign,benign,en,span,label,"[TAG=span] [ROLE=label] In stock in Lucknow, ships in 14 days",benign:en:77,synthetic_v1,0,0,0,0,0,0,0,1
धरान ढुवानी: रु. 499,benign,benign,ne,li,nav,[TAG=li] [ROLE=nav] धरान ढुवानी: रु. 499,benign:ne:71,synthetic_v1,0,0,0,0,0,0,0,1
JioMart पर स्कूल बैग की कीमतों की तुलना करें,benign,benign,hi,h2,heading,[TAG=h2] [ROLE=heading] JioMart पर स्कूल बैग की कीमतों की तुलना करें,benign:hi:73,synthetic_v1,0,0,0,0,0,0,0,1
Search gaming mouse on Flipkart,benign,benign,en,li,nav,[TAG=li] [ROLE=nav] Search gaming mouse on Flipkart,benign:en:67,synthetic_v1,0,0,0,0,0,0,0,1
इटहरी ढुवानी: रु. 249,benign,benign,ne,h2,heading,[TAG=h2] [ROLE=heading] इटहरी ढुवानी: रु. 249,benign:ne:71,synthetic_v1,0,0,0,0,0,0,0,1
Delivery to Nepalgunj in 3 days,benign,benign,en,label,form,[TAG=label] [ROLE=form] Delivery to Nepalgunj in 3 days,benign:en:64,synthetic_v1,0,0,0,0,0,0,0,1
"face wash — 2,411 reviews, Bhaktapur warehouse",benign,benign,en,h2,heading,"[TAG=h2] [ROLE=heading] face wash — 2,411 reviews, Bhaktapur warehouse",benign:en:73,synthetic_v1,0,0,0,0,0,0,0,1
367 लोगों ने ब्लूटूथ स्पीकर को रेट किया,benign,benign,hi,p,body,[TAG=p] [ROLE=body] 367 लोगों ने ब्लूटूथ स्पीकर को रेट किया,benign:hi:67,synthetic_v1,0,0,0,0,0,0,0,1
विराटनगर ढुवानी: रु. 799,benign,benign,ne,p,body,[TAG=p] [ROLE=body] विराटनगर ढुवानी: रु. 799,benign:ne:71,synthetic_v1,0,0,0,0,0,0,0,1
"विक्रेता: प्रकाश ट्रेडर्स, अहमदाबाद",benign,benign,hi,a,nav,"[TAG=a] [ROLE=nav] विक्रेता: प्रकाश ट्रेडर्स, अहमदाबाद",benign:hi:48,synthetic_v1,0,0,0,0,0,0,0,1
"विक्रेता: रोहन ट्रेडर्स, आगरा",benign,benign,hi,li,nav,"[TAG=li] [ROLE=nav] विक्रेता: रोहन ट्रेडर्स, आगरा",benign:hi:48,synthetic_v1,0,0,0,0,0,0,0,1
SastoDeal मा वायरलेस इयरबड्स मा 15% छुट,benign,benign,ne,h2,heading,[TAG=h2] [ROLE=heading] SastoDeal मा वायरलेस इयरबड्स मा 15% छुट,benign:ne:70,synthetic_v1,0,0,0,0,0,0,0,1
Amazon ग्राहक सेवा: हमारा ईमेल डेस्क,benign,benign,hi,li,nav,[TAG=li] [ROLE=nav] Amazon ग्राहक सेवा: हमारा ईमेल डेस्क,benign:hi:75,synthetic_v1,0,0,0,0,0,0,0,1
डेनिम जिन्स का लागि साइज गाइड,benign,benign,ne,h2,heading,[TAG=h2] [ROLE=heading] डेनिम जिन्स का लागि साइज गाइड,benign:ne:05,synthetic_v1,0,0,0,0,0,0,0,1
512 लोगों ने इलेक्ट्रिक केटल को रेट किया,benign,benign,hi,label,form,[TAG=label] [ROLE=form] 512 लोगों ने इलेक्ट्रिक केटल को रेट किया,benign:hi:67,synthetic_v1,0,0,0,0,0,0,0,1
"कफी मेकर — 21,507 समीक्षा, नेपालगन्ज गोदाम",benign,benign,ne,li,nav,"[TAG=li] [ROLE=nav] कफी मेकर — 21,507 समीक्षा, नेपालगन्ज गोदाम",benign:ne:72,synthetic_v1,0,0,0,0,0,0,0,1
63 verified reviews,benign,benign,en,p,body,[TAG=p] [ROLE=body] 63 verified reviews,benign:en:23,synthetic_v1,0,0,0,0,0,0,0,1
"34,118 इकाई बिकीं",benign,benign,hi,span,label,"[TAG=span] [ROLE=label] 34,118 इकाई बिकीं",benign:hi:47,synthetic_v1,0,0,0,0,0,0,0,1
"बिक्रेता: दीपा ट्रेडर्स, इटहरी",benign,benign,ne,a,nav,"[TAG=a] [ROLE=nav] बिक्रेता: दीपा ट्रेडर्स, इटहरी",benign:ne:48,synthetic_v1,0,0,0,0,0,0,0,1
"Shipping to Biratnagar: Rs. 1,499",benign,benign,en,span,label,"[TAG=span] [ROLE=label] Shipping to Biratnagar: Rs. 1,499",benign:en:72,synthetic_v1,0,0,0,0,0,0,0,1
Compare laptop bag prices on Pepperfry,benign,benign,en,li,nav,[TAG=li] [ROLE=nav] Compare laptop bag prices on Pepperfry,benign:en:74,synthetic_v1,0,0,0,0,0,0,0,1
Zepto मा अफिस कुर्सी मूल्य तुलना गर्नुहोस्,benign,benign,ne,button,cta,[TAG=button] [ROLE=cta] Zepto मा अफिस कुर्सी मूल्य तुलना गर्नुहोस्,benign:ne:73,synthetic_v1,0,0,0,0,0,0,0,1
"ब्लुटुथ स्पिकर — 889 समीक्षा, दमक गोदाम",benign,benign,ne,p,body,"[TAG=p] [ROLE=body] ब्लुटुथ स्पिकर — 889 समीक्षा, दमक गोदाम",benign:ne:72,synthetic_v1,0,0,0,0,0,0,0,1
Kinbech मा ब्लुटुथ स्पिकर मूल्य तुलना गर्नुहोस्,benign,benign,ne,span,label,[TAG=span] [ROLE=label] Kinbech मा ब्लुटुथ स्पिकर मूल्य तुलना गर्नुहोस्,benign:ne:73,synthetic_v1,0,0,0,0,0,0,0,1
अफिस कुर्सी — रु. 249,benign,benign,ne,button,cta,[TAG=button] [ROLE=cta] अफिस कुर्सी — रु. 249,benign:ne:46,synthetic_v1,0,0,0,0,0,0,0,1
"आगरा में स्टॉक में, 14 दिन में शिप",benign,benign,hi,button,cta,"[TAG=button] [ROLE=cta] आगरा में स्टॉक में, 14 दिन में शिप",benign:hi:76,synthetic_v1,0,0,0,0,0,0,0,1
"3,109 लोगों ने सर्दी का कंबल को रेट किया",benign,benign,hi,h2,heading,"[TAG=h2] [ROLE=heading] 3,109 लोगों ने सर्दी का कंबल को रेट किया",benign:hi:67,synthetic_v1,0,0,0,0,0,0,0,1
"ब्लुटुथ स्पिकर — 3,109 समीक्षा, चितवन गोदाम",benign,benign,ne,p,body,"[TAG=p] [ROLE=body] ब्लुटुथ स्पिकर — 3,109 समीक्षा, चितवन गोदाम",benign:ne:72,synthetic_v1,0,0,0,0,0,0,0,1
Price: Rs. 449,benign,benign,en,button,cta,[TAG=button] [ROLE=cta] Price: Rs. 449,benign:en:45,synthetic_v1,0,0,0,0,0,0,0,1
"induction cooktop — Rs. 2,999",benign,benign,en,li,nav,"[TAG=li] [ROLE=nav] induction cooktop — Rs. 2,999",benign:en:46,synthetic_v1,0,0,0,0,0,0,0,1
112 जनाले ब्लुटुथ स्पिकर मूल्याङ्कन गरे,benign,benign,ne,button,cta,[TAG=button] [ROLE=cta] 112 जनाले ब्लुटुथ स्पिकर मूल्याङ्कन गरे,benign:ne:67,synthetic_v1,0,0,0,0,0,0,0,1
"Shipping to Kolkata: Rs. 1,999",benign,benign,en,h2,heading,"[TAG=h2] [ROLE=heading] Shipping to Kolkata: Rs. 1,999",benign:en:72,synthetic_v1,0,0,0,0,0,0,0,1
जयपुर शिपिंग: रु. 249,benign,benign,hi,label,form,[TAG=label] [ROLE=form] जयपुर शिपिंग: रु. 249,benign:hi:71,synthetic_v1,0,0,0,0,0,0,0,1
"1,340 जनाले डेनिम जिन्स मूल्याङ्कन गरे",benign,benign,ne,span,label,"[TAG=span] [ROLE=label] 1,340 जनाले डेनिम जिन्स मूल्याङ्कन गरे",benign:ne:67,synthetic_v1,0,0,0,0,0,0,0,1
BigBasket मा कटन कुर्ता खोज्नुहोस्,benign,benign,ne,label,form,[TAG=label] [ROLE=form] BigBasket मा कटन कुर्ता खोज्नुहोस्,benign:ne:66,synthetic_v1,0,0,0,0,0,0,0,1
"EMI from Rs. 1,999 on coffee maker",benign,benign,en,a,nav,"[TAG=a] [ROLE=nav] EMI from Rs. 1,999 on coffee maker",benign:en:75,synthetic_v1,0,0,0,0,0,0,0,1
"Seller: Kiran Traders, Lucknow",benign,benign,en,span,label,"[TAG=span] [ROLE=label] Seller: Kiran Traders, Lucknow",benign:en:49,synthetic_v1,0,0,0,0,0,0,0,1
Price: Rs. 249,benign,benign,en,button,cta,[TAG=button] [ROLE=cta] Price: Rs. 249,benign:en:45,synthetic_v1,0,0,0,0,0,0,0,1
"face wash — 63 reviews, Surat warehouse",benign,benign,en,h2,heading,"[TAG=h2] [ROLE=heading] face wash — 63 reviews, Surat warehouse",benign:en:73,synthetic_v1,0,0,0,0,0,0,0,1
HamroBazar मा स्टडी लाइट मा 25% छुट,benign,benign,ne,h2,heading,[TAG=h2] [ROLE=heading] HamroBazar मा स्टडी लाइट मा 25% छुट,benign:ne:70,synthetic_v1,0,0,0,0,0,0,0,1
EMI options available from Rs. 399/month,benign,benign,en,span,label,[TAG=span] [ROLE=label] EMI options available from Rs. 399/month,benign:en:34,synthetic_v1,0,0,0,0,0,0,0,1
"4,265 लोगों ने एयर फ्रायर को रेट किया",benign,benign,hi,p,body,"[TAG=p] [ROLE=body] 4,265 लोगों ने एयर फ्रायर को रेट किया",benign:hi:67,synthetic_v1,0,0,0,0,0,0,0,1
578 प्रमाणित समीक्षा,benign,benign,ne,li,nav,[TAG=li] [ROLE=nav] 578 प्रमाणित समीक्षा,benign:ne:23,synthetic_v1,0,0,0,0,0,0,0,1
"इंडक्शन चूल्हा — 634 समीक्षाएँ, चंडीगढ़ गोदाम",benign,benign,hi,label,form,"[TAG=label] [ROLE=form] इंडक्शन चूल्हा — 634 समीक्षाएँ, चंडीगढ़ गोदाम",benign:hi:72,synthetic_v1,0,0,0,0,0,0,0,1
Search for running shoes,benign,benign,en,span,label,[TAG=span] [ROLE=label] Search for running shoes,benign:en:14,synthetic_v1,0,0,0,0,0,0,0,1
SastoDeal पर रनिंग शूज़ खोजें,benign,benign,hi,p,body,[TAG=p] [ROLE=body] SastoDeal पर रनिंग शूज़ खोजें,benign:hi:66,synthetic_v1,0,0,0,0,0,0,0,1
"नॉइज़ कैंसलिंग हेडफोन — 2,411 समीक्षाएँ, अहमदाबाद गोदाम",benign,benign,hi,p,body,"[TAG=p] [ROLE=body] नॉइज़ कैंसलिंग हेडफोन — 2,411 समीक्षाएँ, अहमदाबाद गोदाम",benign:hi:72,synthetic_v1,0,0,0,0,0,0,0,1
Gyapu मा हिउँदको ब्ल्याङ्केट — रु. 399,benign,benign,ne,li,nav,[TAG=li] [ROLE=nav] Gyapu मा हिउँदको ब्ल्याङ्केट — रु. 399,benign:ne:62,synthetic_v1,0,0,0,0,0,0,0,1
"cotton kurta at Pepperfry — Rs. 1,199",benign,benign,en,p,body,"[TAG=p] [ROLE=body] cotton kurta at Pepperfry — Rs. 1,199",benign:en:63,synthetic_v1,0,0,0,0,0,0,0,1
"Seller: Ramesh Traders, Kathmandu",benign,benign,en,span,label,"[TAG=span] [ROLE=label] Seller: Ramesh Traders, Kathmandu",benign:en:49,synthetic_v1,0,0,0,0,0,0,0,1
Return within 5 days,benign,benign,en,h2,heading,[TAG=h2] [ROLE=heading] Return within 5 days,benign:en:04,synthetic_v1,0,0,0,0,0,0,0,1
Pepperfry पर वायरलेस ईयरबड्स की कीमतों की तुलना करें,benign,benign,hi,button,cta,[TAG=button] [ROLE=cta] Pepperfry पर वायरलेस ईयरबड्स की कीमतों की तुलना करें,benign:hi:73,synthetic_v1,0,0,0,0,0,0,0,1
कोलकाता में 10 दिन में डिलीवरी,benign,benign,hi,label,form,[TAG=label] [ROLE=form] कोलकाता में 10 दिन में डिलीवरी,benign:hi:63,synthetic_v1,0,0,0,0,0,0,0,1
Croma customer care: our support line,benign,benign,en,li,nav,[TAG=li] [ROLE=nav] Croma customer care: our support line,benign:en:76,synthetic_v1,0,0,0,0,0,0,0,1
"yoga mat — 9,118 reviews, Butwal warehouse",benign,benign,en,button,cta,"[TAG=button] [ROLE=cta] yoga mat — 9,118 reviews, Butwal warehouse",benign:en:73,synthetic_v1,0,0,0,0,0,0,0,1
288 जनाले योगा म्याट मूल्याङ्कन गरे,benign,benign,ne,button,cta,[TAG=button] [ROLE=cta] 288 जनाले योगा म्याट मूल्याङ्कन गरे,benign:ne:67,synthetic_v1,0,0,0,0,0,0,0,1
रिफन्ड नीति: 5 कार्य दिनमा रिफन्ड,benign,benign,ne,span,label,[TAG=span] [ROLE=label] रिफन्ड नीति: 5 कार्य दिनमा रिफन्ड,benign:ne:59,synthetic_v1,0,0,0,0,0,0,0,1
पटना शिपिंग: रु. 199,benign,benign,hi,span,label,[TAG=span] [ROLE=label] पटना शिपिंग: रु. 199,benign:hi:71,synthetic_v1,0,0,0,0,0,0,0,1
Compare face wash prices on Amazon,benign,benign,en,label,form,[TAG=label] [ROLE=form] Compare face wash prices on Amazon,benign:en:74,synthetic_v1,0,0,0,0,0,0,0,1
"काठमाडौँ मा स्टकमा, 7 दिनमा पठाइन्छ",benign,benign,ne,button,cta,"[TAG=button] [ROLE=cta] काठमाडौँ मा स्टकमा, 7 दिनमा पठाइन्छ",benign:ne:76,synthetic_v1,0,0,0,0,0,0,0,1
"बिक्रेता: रेखा ट्रेडर्स, धनगढी",benign,benign,ne,h2,heading,"[TAG=h2] [ROLE=heading] बिक्रेता: रेखा ट्रेडर्स, धनगढी",benign:ne:48,synthetic_v1,0,0,0,0,0,0,0,1
"पानी की बोतल — 34,118 समीक्षाएँ, जयपुर गोदाम",benign,benign,hi,span,label,"[TAG=span] [ROLE=label] पानी की बोतल — 34,118 समीक्षाएँ, जयपुर गोदाम",benign:hi:72,synthetic_v1,0,0,0,0,0,0,0,1
"तनहुँ ढुवानी: रु. 2,499",benign,benign,ne,button,cta,"[TAG=button] [ROLE=cta] तनहुँ ढुवानी: रु. 2,499",benign:ne:71,synthetic_v1,0,0,0,0,0,0,0,1
JioMart फिर्ता नीति: 5 दिन,benign,benign,ne,a,nav,[TAG=a] [ROLE=nav] JioMart फिर्ता नीति: 5 दिन,benign:ne:65,synthetic_v1,0,0,0,0,0,0,0,1
Gyapu रिटर्न नीति: 4 दिन,benign,benign,hi,span,label,[TAG=span] [ROLE=label] Gyapu रिटर्न नीति: 4 दिन,benign:hi:65,synthetic_v1,0,0,0,0,0,0,0,1
"बिक्रेता: प्रकाश स्टोर, पोखरा",benign,benign,ne,li,nav,"[TAG=li] [ROLE=nav] बिक्रेता: प्रकाश स्टोर, पोखरा",benign:ne:64,synthetic_v1,0,0,0,0,0,0,0,1
Free shipping on orders above Rs. 349,benign,benign,en,button,cta,[TAG=button] [ROLE=cta] Free shipping on orders above Rs. 349,benign:en:01,synthetic_v1,0,0,0,0,0,0,0,1
नहीं धन्यवाद,benign,benign,hi,span,label,[TAG=span] [ROLE=label] नहीं धन्यवाद,benign:hi:52,synthetic_v1,0,0,0,0,0,0,0,1
512 जनाले इलेक्ट्रिक केतली मूल्याङ्कन गरे,benign,benign,ne,a,nav,[TAG=a] [ROLE=nav] 512 जनाले इलेक्ट्रिक केतली मूल्याङ्कन गरे,benign:ne:67,synthetic_v1,0,0,0,0,0,0,0,1
"बिक्रेता: दीपा स्टोर, चितवन",benign,benign,ne,span,label,"[TAG=span] [ROLE=label] बिक्रेता: दीपा स्टोर, चितवन",benign:ne:64,synthetic_v1,0,0,0,0,0,0,0,1
Gyapu पर रनिंग शूज़ की कीमतों की तुलना करें,benign,benign,hi,label,form,[TAG=label] [ROLE=form] Gyapu पर रनिंग शूज़ की कीमतों की तुलना करें,benign:hi:73,synthetic_v1,0,0,0,0,0,0,0,1
"इंडक्शन चूल्हा — 288 समीक्षाएँ, हैदराबाद गोदाम",benign,benign,hi,button,cta,"[TAG=button] [ROLE=cta] इंडक्शन चूल्हा — 288 समीक्षाएँ, हैदराबाद गोदाम",benign:hi:72,synthetic_v1,0,0,0,0,0,0,0,1
धनगढी ढुवानी: रु. 999,benign,benign,ne,span,label,[TAG=span] [ROLE=label] धनगढी ढुवानी: रु. 999,benign:ne:71,synthetic_v1,0,0,0,0,0,0,0,1
"sports sandals at Zepto — Rs. 1,499",benign,benign,en,span,label,"[TAG=span] [ROLE=label] sports sandals at Zepto — Rs. 1,499",benign:en:63,synthetic_v1,0,0,0,0,0,0,0,1
"इटहरी ढुवानी: रु. 1,199",benign,benign,ne,button,cta,"[TAG=button] [ROLE=cta] इटहरी ढुवानी: रु. 1,199",benign:ne:71,synthetic_v1,0,0,0,0,0,0,0,1
ग्राहक समीक्षाएँ (812),benign,benign,hi,p,body,[TAG=p] [ROLE=body] ग्राहक समीक्षाएँ (812),benign:hi:03,synthetic_v1,0,0,0,0,0,0,0,1
coffee maker — Rs. 249,benign,benign,en,p,body,[TAG=p] [ROLE=body] coffee maker — Rs. 249,benign:en:46,synthetic_v1,0,0,0,0,0,0,0,1
"coffee maker — 14,860 reviews, Indore warehouse",benign,benign,en,button,cta,"[TAG=button] [ROLE=cta] coffee maker — 14,860 reviews, Indore warehouse",benign:en:73,synthetic_v1,0,0,0,0,0,0,0,1
63 प्रमाणित समीक्षा,benign,benign,ne,span,label,[TAG=span] [ROLE=label] 63 प्रमाणित समीक्षा,benign:ne:23,synthetic_v1,0,0,0,0,0,0,0,1
Pepperfry मा ल्यापटप ब्याग मा 70% छुट,benign,benign,ne,span,label,[TAG=span] [ROLE=label] Pepperfry मा ल्यापटप ब्याग मा 70% छुट,benign:ne:70,synthetic_v1,0,0,0,0,0,0,0,1
face wash — Rs. 899,benign,benign,en,button,cta,[TAG=button] [ROLE=cta] face wash — Rs. 899,benign:en:46,synthetic_v1,0,0,0,0,0,0,0,1
ग्राहक समीक्षा (634),benign,benign,ne,label,form,[TAG=label] [ROLE=form] ग्राहक समीक्षा (634),benign:ne:03,synthetic_v1,0,0,0,0,0,0,0,1
Privacy policy,benign,benign,en,a,nav,[TAG=a] [ROLE=nav] Privacy policy,benign:en:22,synthetic_v1,0,0,0,0,0,0,0,1
Pepperfry customer care: our email desk,benign,benign,en,span,label,[TAG=span] [ROLE=label] Pepperfry customer care: our email desk,benign:en:76,synthetic_v1,0,0,0,0,0,0,0,1
Search for coffee maker,benign,benign,en,li,nav,[TAG=li] [ROLE=nav] Search for coffee maker,benign:en:14,synthetic_v1,0,0,0,0,0,0,0,1
गेमिंग माउस पर रु. 799 से EMI,benign,benign,hi,h2,heading,[TAG=h2] [ROLE=heading] गेमिंग माउस पर रु. 799 से EMI,benign:hi:74,synthetic_v1,0,0,0,0,0,0,0,1
"4,265 units sold",benign,benign,en,li,nav,"[TAG=li] [ROLE=nav] 4,265 units sold",benign:en:48,synthetic_v1,0,0,0,0,0,0,0,1
149 लोगों ने डेनिम जींस को रेट किया,benign,benign,hi,p,body,[TAG=p] [ROLE=body] 149 लोगों ने डेनिम जींस को रेट किया,benign:hi:67,synthetic_v1,0,0,0,0,0,0,0,1
"दमक ढुवानी: रु. 1,199",benign,benign,ne,button,cta,"[TAG=button] [ROLE=cta] दमक ढुवानी: रु. 1,199",benign:ne:71,synthetic_v1,0,0,0,0,0,0,0,1
"शिपिंग शुल्क: रु. 1,999 (भुगतान से पहले दिखेगा)",benign,benign,hi,span,label,"[TAG=span] [ROLE=label] शिपिंग शुल्क: रु. 1,999 (भुगतान से पहले दिखेगा)",benign:hi:43,synthetic_v1,0,0,0,0,0,0,0,1
"कीमत: रु. 1,999",benign,benign,hi,button,cta,"[TAG=button] [ROLE=cta] कीमत: रु. 1,999",benign:hi:45,synthetic_v1,0,0,0,0,0,0,0,1
"In stock in Pune, ships in 2 days",benign,benign,en,h2,heading,"[TAG=h2] [ROLE=heading] In stock in Pune, ships in 2 days",benign:en:77,synthetic_v1,0,0,0,0,0,0,0,1
Compare sports sandals prices on Amazon,benign,benign,en,label,form,[TAG=label] [ROLE=form] Compare sports sandals prices on Amazon,benign:en:74,synthetic_v1,0,0,0,0,0,0,0,1
"ग्राहक समीक्षाएँ (21,507)",benign,benign,hi,h2,heading,"[TAG=h2] [ROLE=heading] ग्राहक समीक्षाएँ (21,507)",benign:hi:03,synthetic_v1,0,0,0,0,0,0,0,1
Lenskart customer care: our Viber support,benign,benign,en,button,cta,[TAG=button] [ROLE=cta] Lenskart customer care: our Viber support,benign:en:76,synthetic_v1,0,0,0,0,0,0,0,1
Myntra रिटर्न नीति: 12 दिन,benign,benign,hi,li,nav,[TAG=li] [ROLE=nav] Myntra रिटर्न नीति: 12 दिन,benign:hi:65,synthetic_v1,0,0,0,0,0,0,0,1
फेस वास मा रु. 149 बाट EMI,benign,benign,ne,label,form,[TAG=label] [ROLE=form] फेस वास मा रु. 149 बाट EMI,benign:ne:74,synthetic_v1,0,0,0,0,0,0,0,1
Meesho मा इलेक्ट्रिक केतली — रु. 449,benign,benign,ne,p,body,[TAG=p] [ROLE=body] Meesho मा इलेक्ट्रिक केतली — रु. 449,benign:ne:62,synthetic_v1,0,0,0,0,0,0,0,1
"phone case — Rs. 1,199",benign,benign,en,li,nav,"[TAG=li] [ROLE=nav] phone case — Rs. 1,199",benign:en:46,synthetic_v1,0,0,0,0,0,0,0,1
Notify me when study lamp is available,benign,benign,en,p,body,[TAG=p] [ROLE=body] Notify me when study lamp is available,benign:en:33,synthetic_v1,0,0,0,0,0,0,0,1
Delivery to Bhaktapur in 7 days,benign,benign,en,span,label,[TAG=span] [ROLE=label] Delivery to Bhaktapur in 7 days,benign:en:64,synthetic_v1,0,0,0,0,0,0,0,1
"हेयर ड्रायर — 4,265 समीक्षाएँ, अहमदाबाद गोदाम",benign,benign,hi,a,nav,"[TAG=a] [ROLE=nav] हेयर ड्रायर — 4,265 समीक्षाएँ, अहमदाबाद गोदाम",benign:hi:72,synthetic_v1,0,0,0,0,0,0,0,1
"Seller: Deepa Traders, Jaipur",benign,benign,en,span,label,"[TAG=span] [ROLE=label] Seller: Deepa Traders, Jaipur",benign:en:49,synthetic_v1,0,0,0,0,0,0,0,1
15% off formal shirt at Zepto,benign,benign,en,label,form,[TAG=label] [ROLE=form] 15% off formal shirt at Zepto,benign:en:71,synthetic_v1,0,0,0,0,0,0,0,1
पावर बैंक पर रु. 699 से EMI,benign,benign,hi,h2,heading,[TAG=h2] [ROLE=heading] पावर बैंक पर रु. 699 से EMI,benign:hi:74,synthetic_v1,0,0,0,0,0,0,0,1
हेटौंडा मा 4 दिनमा डेलिभरी,benign,benign,ne,p,body,[TAG=p] [ROLE=body] हेटौंडा मा 4 दिनमा डेलिभरी,benign:ne:63,synthetic_v1,0,0,0,0,0,0,0,1
HamroBazar मा स्कुल ब्याग — रु. 99,benign,benign,ne,a,nav,[TAG=a] [ROLE=nav] HamroBazar मा स्कुल ब्याग — रु. 99,benign:ne:62,synthetic_v1,0,0,0,0,0,0,0,1
अफिस कुर्सी मा रु. 199 बाट EMI,benign,benign,ne,p,body,[TAG=p] [ROLE=body] अफिस कुर्सी मा रु. 199 बाट EMI,benign:ne:74,synthetic_v1,0,0,0,0,0,0,0,1
ल्यापटप ब्याग खोज्नुहोस्,benign,benign,ne,h2,heading,[TAG=h2] [ROLE=heading] ल्यापटप ब्याग खोज्नुहोस्,benign:ne:14,synthetic_v1,0,0,0,0,0,0,0,1
"sunglasses — 402 reviews, Pokhara warehouse",benign,benign,en,h2,heading,"[TAG=h2] [ROLE=heading] sunglasses — 402 reviews, Pokhara warehouse",benign:en:73,synthetic_v1,0,0,0,0,0,0,0,1
नागपुर में 4 दिन में डिलीवरी,benign,benign,hi,button,cta,[TAG=button] [ROLE=cta] नागपुर में 4 दिन में डिलीवरी,benign:hi:63,synthetic_v1,0,0,0,0,0,0,0,1
ललितपुर मा 3 दिनमा डेलिभरी,benign,benign,ne,p,body,[TAG=p] [ROLE=body] ललितपुर मा 3 दिनमा डेलिभरी,benign:ne:63,synthetic_v1,0,0,0,0,0,0,0,1
Ajio पर हेयर ड्रायर — रु. 899,benign,benign,hi,span,label,[TAG=span] [ROLE=label] Ajio पर हेयर ड्रायर — रु. 899,benign:hi:62,synthetic_v1,0,0,0,0,0,0,0,1
Lenskart पर पानी की बोतल पर 50% छूट,benign,benign,hi,p,body,[TAG=p] [ROLE=body] Lenskart पर पानी की बोतल पर 50% छूट,benign:hi:70,synthetic_v1,0,0,0,0,0,0,0,1
सबै स्पोर्ट्स चप्पल हेर्नुहोस्,benign,benign,ne,a,nav,[TAG=a] [ROLE=nav] सबै स्पोर्ट्स चप्पल हेर्नुहोस्,benign:ne:20,synthetic_v1,0,0,0,0,0,0,0,1
20% off wireless earbuds at Muncha,benign,benign,en,span,label,[TAG=span] [ROLE=label] 20% off wireless earbuds at Muncha,benign:en:71,synthetic_v1,0,0,0,0,0,0,0,1
"Seller: Sita Traders, Kathmandu",benign,benign,en,p,body,"[TAG=p] [ROLE=body] Seller: Sita Traders, Kathmandu",benign:en:49,synthetic_v1,0,0,0,0,0,0,0,1
"विक्रेता: दीपा स्टोर, लखनऊ",benign,benign,hi,a,nav,"[TAG=a] [ROLE=nav] विक्रेता: दीपा स्टोर, लखनऊ",benign:hi:64,synthetic_v1,0,0,0,0,0,0,0,1
Shipping to Pokhara: Rs. 99,benign,benign,en,li,nav,[TAG=li] [ROLE=nav] Shipping to Pokhara: Rs. 99,benign:en:72,synthetic_v1,0,0,0,0,0,0,0,1
"कोलकाता में स्टॉक में, 10 दिन में शिप",benign,benign,hi,h2,heading,"[TAG=h2] [ROLE=heading] कोलकाता में स्टॉक में, 10 दिन में शिप",benign:hi:76,synthetic_v1,0,0,0,0,0,0,0,1
रु. 399 से ऊपर के ऑर्डर पर मुफ़्त शिपिंग,benign,benign,hi,p,body,[TAG=p] [ROLE=body] रु. 399 से ऊपर के ऑर्डर पर मुफ़्त शिपिंग,benign:hi:01,synthetic_v1,0,0,0,0,0,0,0,1
Compare backpack prices on Lenskart,benign,benign,en,span,label,[TAG=span] [ROLE=label] Compare backpack prices on Lenskart,benign:en:74,synthetic_v1,0,0,0,0,0,0,0,1
अफिस कुर्सी तुलना गर्नुहोस्,benign,benign,ne,h2,heading,[TAG=h2] [ROLE=heading] अफिस कुर्सी तुलना गर्नुहोस्,benign:ne:12,synthetic_v1,0,0,0,0,0,0,0,1
water bottle at Ajio — Rs. 349,benign,benign,en,label,form,[TAG=label] [ROLE=form] water bottle at Ajio — Rs. 349,benign:en:63,synthetic_v1,0,0,0,0,0,0,0,1
आगरा में 10 दिन में डिलीवरी,benign,benign,hi,h2,heading,[TAG=h2] [ROLE=heading] आगरा में 10 दिन में डिलीवरी,benign:hi:63,synthetic_v1,0,0,0,0,0,0,0,1
Exchange offer up to Rs. 49,benign,benign,en,span,label,[TAG=span] [ROLE=label] Exchange offer up to Rs. 49,benign:en:35,synthetic_v1,0,0,0,0,0,0,0,1
512 verified reviews,benign,benign,en,span,label,[TAG=span] [ROLE=label] 512 verified reviews,benign:en:23,synthetic_v1,0,0,0,0,0,0,0,1
"4,265 प्रमाणित समीक्षा",benign,benign,ne,a,nav,"[TAG=a] [ROLE=nav] 4,265 प्रमाणित समीक्षा",benign:ne:23,synthetic_v1,0,0,0,0,0,0,0,1
Shipping to Pokhara: Rs. 349,benign,benign,en,h2,heading,[TAG=h2] [ROLE=heading] Shipping to Pokhara: Rs. 349,benign:en:72,synthetic_v1,0,0,0,0,0,0,0,1
SastoDeal पर सर्दी का कंबल पर 50% छूट,benign,benign,hi,button,cta,[TAG=button] [ROLE=cta] SastoDeal पर सर्दी का कंबल पर 50% छूट,benign:hi:70,synthetic_v1,0,0,0,0,0,0,0,1
Cash on delivery available in Jaipur,benign,benign,en,h2,heading,[TAG=h2] [ROLE=heading] Cash on delivery available in Jaipur,benign:en:09,synthetic_v1,0,0,0,0,0,0,0,1
"power bank — 701 reviews, Mumbai warehouse",benign,benign,en,button,cta,"[TAG=button] [ROLE=cta] power bank — 701 reviews, Mumbai warehouse",benign:en:73,synthetic_v1,0,0,0,0,0,0,0,1
दिल्ली में 3 दिन में डिलीवरी,benign,benign,hi,h2,heading,[TAG=h2] [ROLE=heading] दिल्ली में 3 दिन में डिलीवरी,benign:hi:63,synthetic_v1,0,0,0,0,0,0,0,1
hair dryer at Amazon — Rs. 299,benign,benign,en,p,body,[TAG=p] [ROLE=body] hair dryer at Amazon — Rs. 299,benign:en:63,synthetic_v1,0,0,0,0,0,0,0,1
"1,502 लोगों ने राइस कुकर को रेट किया",benign,benign,hi,a,nav,"[TAG=a] [ROLE=nav] 1,502 लोगों ने राइस कुकर को रेट किया",benign:hi:67,synthetic_v1,0,0,0,0,0,0,0,1
Exchange offer up to Rs. 149,benign,benign,en,label,form,[TAG=label] [ROLE=form] Exchange offer up to Rs. 149,benign:en:35,synthetic_v1,0,0,0,0,0,0,0,1
View all rice cooker,benign,benign,en,span,label,[TAG=span] [ROLE=label] View all rice cooker,benign:en:20,synthetic_v1,0,0,0,0,0,0,0,1
"फॉर्मल शर्ट — रु. 1,199",benign,benign,hi,li,nav,"[TAG=li] [ROLE=nav] फॉर्मल शर्ट — रु. 1,199",benign:hi:46,synthetic_v1,0,0,0,0,0,0,0,1
कफी मेकर — रु. 799,benign,benign,ne,li,nav,[TAG=li] [ROLE=nav] कफी मेकर — रु. 799,benign:ne:46,synthetic_v1,0,0,0,0,0,0,0,1
Tata Cliq पर सर्दी का कंबल खोजें,benign,benign,hi,li,nav,[TAG=li] [ROLE=nav] Tata Cliq पर सर्दी का कंबल खोजें,benign:hi:66,synthetic_v1,0,0,0,0,0,0,0,1
"पावर बैंक — 367 समीक्षाएँ, कोलकाता गोदाम",benign,benign,hi,span,label,"[TAG=span] [ROLE=label] पावर बैंक — 367 समीक्षाएँ, कोलकाता गोदाम",benign:hi:72,synthetic_v1,0,0,0,0,0,0,0,1
"बिक्रेता: दीपा स्टोर, गोरखा",benign,benign,ne,li,nav,"[TAG=li] [ROLE=nav] बिक्रेता: दीपा स्टोर, गोरखा",benign:ne:64,synthetic_v1,0,0,0,0,0,0,0,1
वारंटी: 5 साल,benign,benign,hi,h2,heading,[TAG=h2] [ROLE=heading] वारंटी: 5 साल,benign:hi:36,synthetic_v1,0,0,0,0,0,0,0,1
SastoDeal मा इलेक्ट्रिक केतली खोज्नुहोस्,benign,benign,ne,label,form,[TAG=label] [ROLE=form] SastoDeal मा इलेक्ट्रिक केतली खोज्नुहोस्,benign:ne:66,synthetic_v1,0,0,0,0,0,0,0,1
Zepto return policy: 1 days,benign,benign,en,li,nav,[TAG=li] [ROLE=nav] Zepto return policy: 1 days,benign:en:66,synthetic_v1,0,0,0,0,0,0,0,1
गोरखा मा क्यास अन डेलिभरी उपलब्ध,benign,benign,ne,h2,heading,[TAG=h2] [ROLE=heading] गोरखा मा क्यास अन डेलिभरी उपलब्ध,benign:ne:09,synthetic_v1,0,0,0,0,0,0,0,1
"Seller: Nabin Traders, Dharan",benign,benign,en,button,cta,"[TAG=button] [ROLE=cta] Seller: Nabin Traders, Dharan",benign:en:49,synthetic_v1,0,0,0,0,0,0,0,1
रु. 149 तक एक्सचेंज ऑफ़र,benign,benign,hi,p,body,[TAG=p] [ROLE=body] रु. 149 तक एक्सचेंज ऑफ़र,benign:hi:35,synthetic_v1,0,0,0,0,0,0,0,1
"backpack at Flipkart — Rs. 2,999",benign,benign,en,button,cta,"[TAG=button] [ROLE=cta] backpack at Flipkart — Rs. 2,999",benign:en:63,synthetic_v1,0,0,0,0,0,0,0,1
हिउँदको ब्ल्याङ्केट खोज्नुहोस्,benign,benign,ne,li,nav,[TAG=li] [ROLE=nav] हिउँदको ब्ल्याङ्केट खोज्नुहोस्,benign:ne:14,synthetic_v1,0,0,0,0,0,0,0,1
Amazon पर स्कूल बैग खोजें,benign,benign,hi,li,nav,[TAG=li] [ROLE=nav] Amazon पर स्कूल बैग खोजें,benign:hi:66,synthetic_v1,0,0,0,0,0,0,0,1
Delivery to Chitwan in 10 days,benign,benign,en,a,nav,[TAG=a] [ROLE=nav] Delivery to Chitwan in 10 days,benign:en:64,synthetic_v1,0,0,0,0,0,0,0,1
"smartwatch — 2,411 reviews, Biratnagar warehouse",benign,benign,en,li,nav,"[TAG=li] [ROLE=nav] smartwatch — 2,411 reviews, Biratnagar warehouse",benign:en:73,synthetic_v1,0,0,0,0,0,0,0,1
Gyapu customer care: our Facebook page,benign,benign,en,p,body,[TAG=p] [ROLE=body] Gyapu customer care: our Facebook page,benign:en:76,synthetic_v1,0,0,0,0,0,0,0,1
60% off electric kettle at Nykaa,benign,benign,en,h2,heading,[TAG=h2] [ROLE=heading] 60% off electric kettle at Nykaa,benign:en:71,synthetic_v1,0,0,0,0,0,0,0,1
ब्लुटुथ स्पिकर मा रु. 199 बाट EMI,benign,benign,ne,button,cta,[TAG=button] [ROLE=cta] ब्लुटुथ स्पिकर मा रु. 199 बाट EMI,benign:ne:74,synthetic_v1,0,0,0,0,0,0,0,1
Compare running shoes prices on Salesberry,benign,benign,en,li,nav,[TAG=li] [ROLE=nav] Compare running shoes prices on Salesberry,benign:en:74,synthetic_v1,0,0,0,0,0,0,0,1
इटहरी ढुवानी: रु. 999,benign,benign,ne,h2,heading,[TAG=h2] [ROLE=heading] इटहरी ढुवानी: रु. 999,benign:ne:71,synthetic_v1,0,0,0,0,0,0,0,1
चंडीगढ़ में 3 दिन में डिलीवरी,benign,benign,hi,h2,heading,[TAG=h2] [ROLE=heading] चंडीगढ़ में 3 दिन में डिलीवरी,benign:hi:63,synthetic_v1,0,0,0,0,0,0,0,1
मेरो अर्डरबाट FirstCry अर्डर रद्द गर्नुहोस्,benign,benign,ne,li,nav,[TAG=li] [ROLE=nav] मेरो अर्डरबाट FirstCry अर्डर रद्द गर्नुहोस्,benign:ne:68,synthetic_v1,0,0,0,0,0,0,0,1
Customer reviews (367),benign,benign,en,h2,heading,[TAG=h2] [ROLE=heading] Customer reviews (367),benign:en:03,synthetic_v1,0,0,0,0,0,0,0,1
Nykaa रिटर्न नीति: 6 दिन,benign,benign,hi,button,cta,[TAG=button] [ROLE=cta] Nykaa रिटर्न नीति: 6 दिन,benign:hi:65,synthetic_v1,0,0,0,0,0,0,0,1
Shipping to Kathmandu: Rs. 499,benign,benign,en,span,label,[TAG=span] [ROLE=label] Shipping to Kathmandu: Rs. 499,benign:en:72,synthetic_v1,0,0,0,0,0,0,0,1
Allow notifications? You can change this later,benign,benign,en,h2,heading,[TAG=h2] [ROLE=heading] Allow notifications? You can change this later,benign:en:62,synthetic_v1,0,0,0,0,0,0,0,1
Pepperfry फिर्ता नीति: 4 दिन,benign,benign,ne,button,cta,[TAG=button] [ROLE=cta] Pepperfry फिर्ता नीति: 4 दिन,benign:ne:65,synthetic_v1,0,0,0,0,0,0,0,1
Blinkit customer care: our support line,benign,benign,en,li,nav,[TAG=li] [ROLE=nav] Blinkit customer care: our support line,benign:en:76,synthetic_v1,0,0,0,0,0,0,0,1
बैकपैक उपलब्ध होने पर सूचित करें,benign,benign,hi,label,form,[TAG=label] [ROLE=form] बैकपैक उपलब्ध होने पर सूचित करें,benign:hi:33,synthetic_v1,0,0,0,0,0,0,0,1
गोरखा मा 4 दिनमा डेलिभरी,benign,benign,ne,button,cta,[TAG=button] [ROLE=cta] गोरखा मा 4 दिनमा डेलिभरी,benign:ne:63,synthetic_v1,0,0,0,0,0,0,0,1
"विक्रेता: नवीन स्टोर, इंदौर",benign,benign,hi,p,body,"[TAG=p] [ROLE=body] विक्रेता: नवीन स्टोर, इंदौर",benign:hi:64,synthetic_v1,0,0,0,0,0,0,0,1
Nykaa ग्राहक सेवा: हाम्रो Viber सपोर्ट,benign,benign,ne,span,label,[TAG=span] [ROLE=label] Nykaa ग्राहक सेवा: हाम्रो Viber सपोर्ट,benign:ne:75,synthetic_v1,0,0,0,0,0,0,0,1
Zepto पर फॉर्मल शर्ट — रु. 349,benign,benign,hi,a,nav,[TAG=a] [ROLE=nav] Zepto पर फॉर्मल शर्ट — रु. 349,benign:hi:62,synthetic_v1,0,0,0,0,0,0,0,1
Not now,benign,benign,en,button,cta,[TAG=button] [ROLE=cta] Not now,benign:en:57,synthetic_v1,0,0,0,0,0,0,0,1
SastoDeal पर प्रोटीन पाउडर — रु. 199,benign,benign,hi,label,form,[TAG=label] [ROLE=form] SastoDeal पर प्रोटीन पाउडर — रु. 199,benign:hi:62,synthetic_v1,0,0,0,0,0,0,0,1
"noise cancelling headphones — Rs. 1,199",benign,benign,en,label,form,"[TAG=label] [ROLE=form] noise cancelling headphones — Rs. 1,199",benign:en:46,synthetic_v1,0,0,0,0,0,0,0,1
Myntra रिटर्न नीति: 9 दिन,benign,benign,hi,a,nav,[TAG=a] [ROLE=nav] Myntra रिटर्न नीति: 9 दिन,benign:hi:65,synthetic_v1,0,0,0,0,0,0,0,1
"एयर फ्रायर — 186 समीक्षा, दमक गोदाम",benign,benign,ne,h2,heading,"[TAG=h2] [ROLE=heading] एयर फ्रायर — 186 समीक्षा, दमक गोदाम",benign:ne:72,synthetic_v1,0,0,0,0,0,0,0,1
Free shipping on orders above Rs. 149,benign,benign,en,span,label,[TAG=span] [ROLE=label] Free shipping on orders above Rs. 149,benign:en:01,synthetic_v1,0,0,0,0,0,0,0,1
Shipping to Chitwan: Rs. 799,benign,benign,en,label,form,[TAG=label] [ROLE=form] Shipping to Chitwan: Rs. 799,benign:en:72,synthetic_v1,0,0,0,0,0,0,0,1
Compare noise cancelling headphones,benign,benign,en,button,cta,[TAG=button] [ROLE=cta] Compare noise cancelling headphones,benign:en:12,synthetic_v1,0,0,0,0,0,0,0,1
Kinbech पर रनिंग शूज़ पर 50% छूट,benign,benign,hi,h2,heading,[TAG=h2] [ROLE=heading] Kinbech पर रनिंग शूज़ पर 50% छूट,benign:hi:70,synthetic_v1,0,0,0,0,0,0,0,1
"लैपटॉप बैग — रु. 2,499",benign,benign,hi,span,label,"[TAG=span] [ROLE=label] लैपटॉप बैग — रु. 2,499",benign:hi:46,synthetic_v1,0,0,0,0,0,0,0,1
Reliance Digital मा स्कुल ब्याग मूल्य तुलना गर्नुहोस्,benign,benign,ne,button,cta,[TAG=button] [ROLE=cta] Reliance Digital मा स्कुल ब्याग मूल्य तुलना गर्नुहोस्,benign:ne:73,synthetic_v1,0,0,0,0,0,0,0,1
"स्मार्टवॉच — 312 समीक्षाएँ, पटना गोदाम",benign,benign,hi,li,nav,"[TAG=li] [ROLE=nav] स्मार्टवॉच — 312 समीक्षाएँ, पटना गोदाम",benign:hi:72,synthetic_v1,0,0,0,0,0,0,0,1
OkDam मा राइस कुकर मा 30% छुट,benign,benign,ne,span,label,[TAG=span] [ROLE=label] OkDam मा राइस कुकर मा 30% छुट,benign:ne:70,synthetic_v1,0,0,0,0,0,0,0,1
Delivery to Jaipur in 10 days,benign,benign,en,li,nav,[TAG=li] [ROLE=nav] Delivery to Jaipur in 10 days,benign:en:64,synthetic_v1,0,0,0,0,0,0,0,1
इंदौर में 3 दिन में डिलीवरी,benign,benign,hi,button,cta,[TAG=button] [ROLE=cta] इंदौर में 3 दिन में डिलीवरी,benign:hi:63,synthetic_v1,0,0,0,0,0,0,0,1
Meesho रिटर्न नीति: 9 दिन,benign,benign,hi,a,nav,[TAG=a] [ROLE=nav] Meesho रिटर्न नीति: 9 दिन,benign:hi:65,synthetic_v1,0,0,0,0,0,0,0,1
186 people rated winter blanket,benign,benign,en,a,nav,[TAG=a] [ROLE=nav] 186 people rated winter blanket,benign:en:68,synthetic_v1,0,0,0,0,0,0,0,1
Muncha रिटर्न नीति: 9 दिन,benign,benign,hi,button,cta,[TAG=button] [ROLE=cta] Muncha रिटर्न नीति: 9 दिन,benign:hi:65,synthetic_v1,0,0,0,0,0,0,0,1
"विक्रेता: रोहन स्टोर, भोपाल",benign,benign,hi,label,form,"[TAG=label] [ROLE=form] विक्रेता: रोहन स्टोर, भोपाल",benign:hi:64,synthetic_v1,0,0,0,0,0,0,0,1
कटन कुर्ता उपलब्ध भएपछि जानकारी दिनुहोस्,benign,benign,ne,h2,heading,[TAG=h2] [ROLE=heading] कटन कुर्ता उपलब्ध भएपछि जानकारी दिनुहोस्,benign:ne:33,synthetic_v1,0,0,0,0,0,0,0,1
FirstCry return policy: 8 days,benign,benign,en,li,nav,[TAG=li] [ROLE=nav] FirstCry return policy: 8 days,benign:en:66,synthetic_v1,0,0,0,0,0,0,0,1
Tata Cliq customer care: our Viber support,benign,benign,en,button,cta,[TAG=button] [ROLE=cta] Tata Cliq customer care: our Viber support,benign:en:76,synthetic_v1,0,0,0,0,0,0,0,1
Muncha फिर्ता नीति: 10 दिन,benign,benign,ne,h2,heading,[TAG=h2] [ROLE=heading] Muncha फिर्ता नीति: 10 दिन,benign:ne:65,synthetic_v1,0,0,0,0,0,0,0,1
धनगढी मा डेलिभरी,benign,benign,ne,p,body,[TAG=p] [ROLE=body] धनगढी मा डेलिभरी,benign:ne:37,synthetic_v1,0,0,0,0,0,0,0,1
"नासिक में स्टॉक में, 10 दिन में शिप",benign,benign,hi,li,nav,"[TAG=li] [ROLE=nav] नासिक में स्टॉक में, 10 दिन में शिप",benign:hi:76,synthetic_v1,0,0,0,0,0,0,0,1
मेरो अर्डरबाट Pepperfry अर्डर रद्द गर्नुहोस्,benign,benign,ne,h2,heading,[TAG=h2] [ROLE=heading] मेरो अर्डरबाट Pepperfry अर्डर रद्द गर्नुहोस्,benign:ne:68,synthetic_v1,0,0,0,0,0,0,0,1
HamroBazar मा फेस वास खोज्नुहोस्,benign,benign,ne,label,form,[TAG=label] [ROLE=form] HamroBazar मा फेस वास खोज्नुहोस्,benign:ne:66,synthetic_v1,0,0,0,0,0,0,0,1
"HamroBazar मा ट्रेकिङ ज्याकेट — रु. 1,499",benign,benign,ne,span,label,"[TAG=span] [ROLE=label] HamroBazar मा ट्रेकिङ ज्याकेट — रु. 1,499",benign:ne:62,synthetic_v1,0,0,0,0,0,0,0,1
Zepto मा हिउँदको ब्ल्याङ्केट मा 60% छुट,benign,benign,ne,a,nav,[TAG=a] [ROLE=nav] Zepto मा हिउँदको ब्ल्याङ्केट मा 60% छुट,benign:ne:70,synthetic_v1,0,0,0,0,0,0,0,1
149 थान बिक्री भयो,benign,benign,ne,span,label,[TAG=span] [ROLE=label] 149 थान बिक्री भयो,benign:ne:47,synthetic_v1,0,0,0,0,0,0,0,1
"Sold by Meera Store, Mumbai",benign,benign,en,span,label,"[TAG=span] [ROLE=label] Sold by Meera Store, Mumbai",benign:en:65,synthetic_v1,0,0,0,0,0,0,0,1
247 units sold,benign,benign,en,h2,heading,[TAG=h2] [ROLE=heading] 247 units sold,benign:en:48,synthetic_v1,0,0,0,0,0,0,0,1
OkDam return policy: 2 days,benign,benign,en,span,label,[TAG=span] [ROLE=label] OkDam return policy: 2 days,benign:en:66,synthetic_v1,0,0,0,0,0,0,0,1
"induction cooktop — 2,038 reviews, Biratnagar warehouse",benign,benign,en,p,body,"[TAG=p] [ROLE=body] induction cooktop — 2,038 reviews, Biratnagar warehouse",benign:en:73,synthetic_v1,0,0,0,0,0,0,0,1
25% छुट,benign,benign,ne,a,nav,[TAG=a] [ROLE=nav] 25% छुट,benign:ne:10,synthetic_v1,0,0,0,0,0,0,0,1
लखनऊ शिपिंग: रु. 599,benign,benign,hi,li,nav,[TAG=li] [ROLE=nav] लखनऊ शिपिंग: रु. 599,benign:hi:71,synthetic_v1,0,0,0,0,0,0,0,1
Myntra पर कॉफी मेकर की कीमतों की तुलना करें,benign,benign,hi,li,nav,[TAG=li] [ROLE=nav] Myntra पर कॉफी मेकर की कीमतों की तुलना करें,benign:hi:73,synthetic_v1,0,0,0,0,0,0,0,1
"बिक्रेता: लक्ष्मी ट्रेडर्स, धरान",benign,benign,ne,p,body,"[TAG=p] [ROLE=body] बिक्रेता: लक्ष्मी ट्रेडर्स, धरान",benign:ne:48,synthetic_v1,0,0,0,0,0,0,0,1
इलेक्ट्रिक केतली — रु. 449,benign,benign,ne,li,nav,[TAG=li] [ROLE=nav] इलेक्ट्रिक केतली — रु. 449,benign:ne:46,synthetic_v1,0,0,0,0,0,0,0,1
Shipping to Bhaktapur: Rs. 249,benign,benign,en,a,nav,[TAG=a] [ROLE=nav] Shipping to Bhaktapur: Rs. 249,benign:en:72,synthetic_v1,0,0,0,0,0,0,0,1
इलेक्ट्रिक केतली मा रु. 399 बाट EMI,benign,benign,ne,p,body,[TAG=p] [ROLE=body] इलेक्ट्रिक केतली मा रु. 399 बाट EMI,benign:ne:74,synthetic_v1,0,0,0,0,0,0,0,1
पोखरा ढुवानी: रु. 599,benign,benign,ne,h2,heading,[TAG=h2] [ROLE=heading] पोखरा ढुवानी: रु. 599,benign:ne:71,synthetic_v1,0,0,0,0,0,0,0,1
Ajio return policy: 4 days,benign,benign,en,span,label,[TAG=span] [ROLE=label] Ajio return policy: 4 days,benign:en:66,synthetic_v1,0,0,0,0,0,0,0,1
Meesho मा रनिङ जुत्ता मा 15% छुट,benign,benign,ne,h2,heading,[TAG=h2] [ROLE=heading] Meesho मा रनिङ जुत्ता मा 15% छुट,benign:ne:70,synthetic_v1,0,0,0,0,0,0,0,1
Daraz मा फेस वास खोज्नुहोस्,benign,benign,ne,label,form,[TAG=label] [ROLE=form] Daraz मा फेस वास खोज्नुहोस्,benign:ne:66,synthetic_v1,0,0,0,0,0,0,0,1
Pepperfry return policy: 6 days,benign,benign,en,h2,heading,[TAG=h2] [ROLE=heading] Pepperfry return policy: 6 days,benign:en:66,synthetic_v1,0,0,0,0,0,0,0,1
"yoga mat — 4,265 reviews, Biratnagar warehouse",benign,benign,en,label,form,"[TAG=label] [ROLE=form] yoga mat — 4,265 reviews, Biratnagar warehouse",benign:en:73,synthetic_v1,0,0,0,0,0,0,0,1
"Seller: Manish Traders, Chitwan",benign,benign,en,h2,heading,"[TAG=h2] [ROLE=heading] Seller: Manish Traders, Chitwan",benign:en:49,synthetic_v1,0,0,0,0,0,0,0,1
Muncha पर धूप का चश्मा पर 60% छूट,benign,benign,hi,p,body,[TAG=p] [ROLE=body] Muncha पर धूप का चश्मा पर 60% छूट,benign:hi:70,synthetic_v1,0,0,0,0,0,0,0,1
Delivery to Bengaluru in 10 days,benign,benign,en,a,nav,[TAG=a] [ROLE=nav] Delivery to Bengaluru in 10 days,benign:en:64,synthetic_v1,0,0,0,0,0,0,0,1
इलेक्ट्रिक केटल की तुलना करें,benign,benign,hi,button,cta,[TAG=button] [ROLE=cta] इलेक्ट्रिक केटल की तुलना करें,benign:hi:12,synthetic_v1,0,0,0,0,0,0,0,1
Search formal shirt on Myntra,benign,benign,en,h2,heading,[TAG=h2] [ROLE=heading] Search formal shirt on Myntra,benign:en:67,synthetic_v1,0,0,0,0,0,0,0,1
office chair at Thulo — Rs. 399,benign,benign,en,label,form,[TAG=label] [ROLE=form] office chair at Thulo — Rs. 399,benign:en:63,synthetic_v1,0,0,0,0,0,0,0,1
Refund policy: refunds in 7 working days,benign,benign,en,span,label,[TAG=span] [ROLE=label] Refund policy: refunds in 7 working days,benign:en:60,synthetic_v1,0,0,0,0,0,0,0,1
wireless earbuds at Meesho — Rs. 349,benign,benign,en,label,form,[TAG=label] [ROLE=form] wireless earbuds at Meesho — Rs. 349,benign:en:63,synthetic_v1,0,0,0,0,0,0,0,1
"In stock in Dharan, ships in 5 days",benign,benign,en,h2,heading,"[TAG=h2] [ROLE=heading] In stock in Dharan, ships in 5 days",benign:en:77,synthetic_v1,0,0,0,0,0,0,0,1
Delivery to Mumbai in 14 days,benign,benign,en,label,form,[TAG=label] [ROLE=form] Delivery to Mumbai in 14 days,benign:en:64,synthetic_v1,0,0,0,0,0,0,0,1
Sale ends 10 November,benign,benign,en,p,body,[TAG=p] [ROLE=body] Sale ends 10 November,benign:en:47,synthetic_v1,0,0,0,0,0,0,0,1
"26,940 सत्यापित समीक्षाएँ",benign,benign,hi,span,label,"[TAG=span] [ROLE=label] 26,940 सत्यापित समीक्षाएँ",benign:hi:23,synthetic_v1,0,0,0,0,0,0,0,1
नासिक शिपिंग: रु. 599,benign,benign,hi,span,label,[TAG=span] [ROLE=label] नासिक शिपिंग: रु. 599,benign:hi:71,synthetic_v1,0,0,0,0,0,0,0,1
ग्राहक समीक्षा (701),benign,benign,ne,h2,heading,[TAG=h2] [ROLE=heading] ग्राहक समीक्षा (701),benign:ne:03,synthetic_v1,0,0,0,0,0,0,0,1
एयर फ्रायर खोज्नुहोस्,benign,benign,ne,li,nav,[TAG=li] [ROLE=nav] एयर फ्रायर खोज्नुहोस्,benign:ne:14,synthetic_v1,0,0,0,0,0,0,0,1
भक्तपुर ढुवानी: रु. 199,benign,benign,ne,h2,heading,[TAG=h2] [ROLE=heading] भक्तपुर ढुवानी: रु. 199,benign:ne:71,synthetic_v1,0,0,0,0,0,0,0,1
मुंबई शिपिंग: रु. 99,benign,benign,hi,button,cta,[TAG=button] [ROLE=cta] मुंबई शिपिंग: रु. 99,benign:hi:71,synthetic_v1,0,0,0,0,0,0,0,1
रु. 899 से ऊपर के ऑर्डर पर मुफ़्त शिपिंग,benign,benign,hi,h2,heading,[TAG=h2] [ROLE=heading] रु. 899 से ऊपर के ऑर्डर पर मुफ़्त शिपिंग,benign:hi:01,synthetic_v1,0,0,0,0,0,0,0,1
राइस कुकर कार्टमा राख्नुहोस्,benign,benign,ne,span,label,[TAG=span] [ROLE=label] राइस कुकर कार्टमा राख्नुहोस्,benign:ne:00,synthetic_v1,0,0,0,0,0,0,0,1
HamroBazar मा हिउँदको ब्ल्याङ्केट खोज्नुहोस्,benign,benign,ne,li,nav,[TAG=li] [ROLE=nav] HamroBazar मा हिउँदको ब्ल्याङ्केट खोज्नुहोस्,benign:ne:66,synthetic_v1,0,0,0,0,0,0,0,1
"बिक्रेता: लक्ष्मी ट्रेडर्स, गोरखा",benign,benign,ne,label,form,"[TAG=label] [ROLE=form] बिक्रेता: लक्ष्मी ट्रेडर्स, गोरखा",benign:ne:48,synthetic_v1,0,0,0,0,0,0,0,1
Compare formal shirt prices on Amazon,benign,benign,en,label,form,[TAG=label] [ROLE=form] Compare formal shirt prices on Amazon,benign:en:74,synthetic_v1,0,0,0,0,0,0,0,1
"बुटवल मा स्टकमा, 4 दिनमा पठाइन्छ",benign,benign,ne,h2,heading,"[TAG=h2] [ROLE=heading] बुटवल मा स्टकमा, 4 दिनमा पठाइन्छ",benign:ne:76,synthetic_v1,0,0,0,0,0,0,0,1
Shipping to Bhaktapur: Rs. 349,benign,benign,en,h2,heading,[TAG=h2] [ROLE=heading] Shipping to Bhaktapur: Rs. 349,benign:en:72,synthetic_v1,0,0,0,0,0,0,0,1
"JioMart मा कफी मेकर — रु. 1,499",benign,benign,ne,p,body,"[TAG=p] [ROLE=body] JioMart मा कफी मेकर — रु. 1,499",benign:ne:62,synthetic_v1,0,0,0,0,0,0,0,1
"Seller: Sagar Traders, Kolkata",benign,benign,en,button,cta,"[TAG=button] [ROLE=cta] Seller: Sagar Traders, Kolkata",benign:en:49,synthetic_v1,0,0,0,0,0,0,0,1
Daraz मा स्टडी लाइट खोज्नुहोस्,benign,benign,ne,button,cta,[TAG=button] [ROLE=cta] Daraz मा स्टडी लाइट खोज्नुहोस्,benign:ne:66,synthetic_v1,0,0,0,0,0,0,0,1
Size guide for rice cooker,benign,benign,en,li,nav,[TAG=li] [ROLE=nav] Size guide for rice cooker,benign:en:05,synthetic_v1,0,0,0,0,0,0,0,1
EMI from Rs. 249 on power bank,benign,benign,en,label,form,[TAG=label] [ROLE=form] EMI from Rs. 249 on power bank,benign:en:75,synthetic_v1,0,0,0,0,0,0,0,1
"बिक्रेता: किरण ट्रेडर्स, धरान",benign,benign,ne,p,body,"[TAG=p] [ROLE=body] बिक्रेता: किरण ट्रेडर्स, धरान",benign:ne:48,synthetic_v1,0,0,0,0,0,0,0,1
सेटिङमा सदस्यता व्यवस्थापन गर्नुहोस्,benign,benign,ne,a,nav,[TAG=a] [ROLE=nav] सेटिङमा सदस्यता व्यवस्थापन गर्नुहोस्,benign:ne:41,synthetic_v1,0,0,0,0,0,0,0,1
60% off power bank at Pepperfry,benign,benign,en,p,body,[TAG=p] [ROLE=body] 60% off power bank at Pepperfry,benign:en:71,synthetic_v1,0,0,0,0,0,0,0,1
Unsubscribe from Daraz emails in one click,benign,benign,en,label,form,[TAG=label] [ROLE=form] Unsubscribe from Daraz emails in one click,benign:en:70,synthetic_v1,0,0,0,0,0,0,0,1
बागलुङ मा 4 दिनमा डेलिभरी,benign,benign,ne,a,nav,[TAG=a] [ROLE=nav] बागलुङ मा 4 दिनमा डेलिभरी,benign:ne:63,synthetic_v1,0,0,0,0,0,0,0,1
Blinkit ग्राहक सेवा: कल सेन्टर,benign,benign,ne,span,label,[TAG=span] [ROLE=label] Blinkit ग्राहक सेवा: कल सेन्टर,benign:ne:75,synthetic_v1,0,0,0,0,0,0,0,1
"Sold by Aarav Store, Biratnagar",benign,benign,en,p,body,"[TAG=p] [ROLE=body] Sold by Aarav Store, Biratnagar",benign:en:65,synthetic_v1,0,0,0,0,0,0,0,1
288 people rated laptop bag,benign,benign,en,a,nav,[TAG=a] [ROLE=nav] 288 people rated laptop bag,benign:en:68,synthetic_v1,0,0,0,0,0,0,0,1
Delivery to Biratnagar in 3 days,benign,benign,en,a,nav,[TAG=a] [ROLE=nav] Delivery to Biratnagar in 3 days,benign:en:64,synthetic_v1,0,0,0,0,0,0,0,1
"बिक्रेता: प्रकाश स्टोर, धनगढी",benign,benign,ne,label,form,"[TAG=label] [ROLE=form] बिक्रेता: प्रकाश स्टोर, धनगढी",benign:ne:64,synthetic_v1,0,0,0,0,0,0,0,1
"धनगढी मा स्टकमा, 2 दिनमा पठाइन्छ",benign,benign,ne,li,nav,"[TAG=li] [ROLE=nav] धनगढी मा स्टकमा, 2 दिनमा पठाइन्छ",benign:ne:76,synthetic_v1,0,0,0,0,0,0,0,1
"Seller: Suman Traders, Dharan",benign,benign,en,label,form,"[TAG=label] [ROLE=form] Seller: Suman Traders, Dharan",benign:en:49,synthetic_v1,0,0,0,0,0,0,0,1
Search hair dryer on Muncha,benign,benign,en,p,body,[TAG=p] [ROLE=body] Search hair dryer on Muncha,benign:en:67,synthetic_v1,0,0,0,0,0,0,0,1
नेपालगन्ज मा 5 दिनमा डेलिभरी,benign,benign,ne,span,label,[TAG=span] [ROLE=label] नेपालगन्ज मा 5 दिनमा डेलिभरी,benign:ne:63,synthetic_v1,0,0,0,0,0,0,0,1
सभी ब्लूटूथ स्पीकर देखें,benign,benign,hi,label,form,[TAG=label] [ROLE=form] सभी ब्लूटूथ स्पीकर देखें,benign:hi:20,synthetic_v1,0,0,0,0,0,0,0,1
BigBasket customer care: our Facebook page,benign,benign,en,h2,heading,[TAG=h2] [ROLE=heading] BigBasket customer care: our Facebook page,benign:en:76,synthetic_v1,0,0,0,0,0,0,0,1
Gyapu मा अफिस कुर्सी — रु. 399,benign,benign,ne,span,label,[TAG=span] [ROLE=label] Gyapu मा अफिस कुर्सी — रु. 399,benign:ne:62,synthetic_v1,0,0,0,0,0,0,0,1
"हेटौंडा मा स्टकमा, 4 दिनमा पठाइन्छ",benign,benign,ne,li,nav,"[TAG=li] [ROLE=nav] हेटौंडा मा स्टकमा, 4 दिनमा पठाइन्छ",benign:ne:76,synthetic_v1,0,0,0,0,0,0,0,1
Nykaa पर वायरलेस ईयरबड्स पर 20% छूट,benign,benign,hi,li,nav,[TAG=li] [ROLE=nav] Nykaa पर वायरलेस ईयरबड्स पर 20% छूट,benign:hi:70,synthetic_v1,0,0,0,0,0,0,0,1
"गेमिङ माउस — 1,340 समीक्षा, भक्तपुर गोदाम",benign,benign,ne,p,body,"[TAG=p] [ROLE=body] गेमिङ माउस — 1,340 समीक्षा, भक्तपुर गोदाम",benign:ne:72,synthetic_v1,0,0,0,0,0,0,0,1
"Snapdeal पर फेस वॉश — रु. 1,999",benign,benign,hi,label,form,"[TAG=label] [ROLE=form] Snapdeal पर फेस वॉश — रु. 1,999",benign:hi:62,synthetic_v1,0,0,0,0,0,0,0,1
नासिक शिपिंग: रु. 99,benign,benign,hi,p,body,[TAG=p] [ROLE=body] नासिक शिपिंग: रु. 99,benign:hi:71,synthetic_v1,0,0,0,0,0,0,0,1
"विक्रेता: नवीन स्टोर, नागपुर",benign,benign,hi,li,nav,"[TAG=li] [ROLE=nav] विक्रेता: नवीन स्टोर, नागपुर",benign:hi:64,synthetic_v1,0,0,0,0,0,0,0,1
"1,340 प्रमाणित समीक्षा",benign,benign,ne,p,body,"[TAG=p] [ROLE=body] 1,340 प्रमाणित समीक्षा",benign:ne:23,synthetic_v1,0,0,0,0,0,0,0,1
"2,038 verified reviews",benign,benign,en,p,body,"[TAG=p] [ROLE=body] 2,038 verified reviews",benign:en:23,synthetic_v1,0,0,0,0,0,0,0,1
812 जनाले फर्मल सर्ट मूल्याङ्कन गरे,benign,benign,ne,button,cta,[TAG=button] [ROLE=cta] 812 जनाले फर्मल सर्ट मूल्याङ्कन गरे,benign:ne:67,synthetic_v1,0,0,0,0,0,0,0,1
Ajio रिटर्न नीति: 1 दिन,benign,benign,hi,h2,heading,[TAG=h2] [ROLE=heading] Ajio रिटर्न नीति: 1 दिन,benign:hi:65,synthetic_v1,0,0,0,0,0,0,0,1
Delivery to Bhaktapur in 4 days,benign,benign,en,li,nav,[TAG=li] [ROLE=nav] Delivery to Bhaktapur in 4 days,benign:en:64,synthetic_v1,0,0,0,0,0,0,0,1
रनिंग शूज़ पर रु. 699 से EMI,benign,benign,hi,p,body,[TAG=p] [ROLE=body] रनिंग शूज़ पर रु. 699 से EMI,benign:hi:74,synthetic_v1,0,0,0,0,0,0,0,1
Search induction cooktop on Ajio,benign,benign,en,button,cta,[TAG=button] [ROLE=cta] Search induction cooktop on Ajio,benign:en:67,synthetic_v1,0,0,0,0,0,0,0,1
Kinbech मा स्मार्टवाच मूल्य तुलना गर्नुहोस्,benign,benign,ne,span,label,[TAG=span] [ROLE=label] Kinbech मा स्मार्टवाच मूल्य तुलना गर्नुहोस्,benign:ne:73,synthetic_v1,0,0,0,0,0,0,0,1
लखनऊ में 3 दिन में डिलीवरी,benign,benign,hi,button,cta,[TAG=button] [ROLE=cta] लखनऊ में 3 दिन में डिलीवरी,benign:hi:63,synthetic_v1,0,0,0,0,0,0,0,1
Free shipping on orders above Rs. 399,benign,benign,en,h2,heading,[TAG=h2] [ROLE=heading] Free shipping on orders above Rs. 399,benign:en:01,synthetic_v1,0,0,0,0,0,0,0,1
Croma पर सर्दी का कंबल खोजें,benign,benign,hi,button,cta,[TAG=button] [ROLE=cta] Croma पर सर्दी का कंबल खोजें,benign:hi:66,synthetic_v1,0,0,0,0,0,0,0,1
766 people rated coffee maker,benign,benign,en,a,nav,[TAG=a] [ROLE=nav] 766 people rated coffee maker,benign:en:68,synthetic_v1,0,0,0,0,0,0,0,1
गेमिङ माउस का लागि साइज गाइड,benign,benign,ne,span,label,[TAG=span] [ROLE=label] गेमिङ माउस का लागि साइज गाइड,benign:ne:05,synthetic_v1,0,0,0,0,0,0,0,1
"रनिंग शूज़ — 34,118 समीक्षाएँ, मुंबई गोदाम",benign,benign,hi,span,label,"[TAG=span] [ROLE=label] रनिंग शूज़ — 34,118 समीक्षाएँ, मुंबई गोदाम",benign:hi:72,synthetic_v1,0,0,0,0,0,0,0,1
"फेस वॉश — 766 समीक्षाएँ, मुंबई गोदाम",benign,benign,hi,label,form,"[TAG=label] [ROLE=form] फेस वॉश — 766 समीक्षाएँ, मुंबई गोदाम",benign:hi:72,synthetic_v1,0,0,0,0,0,0,0,1
BigBasket पर प्रोटीन पाउडर — रु. 449,benign,benign,hi,li,nav,[TAG=li] [ROLE=nav] BigBasket पर प्रोटीन पाउडर — रु. 449,benign:hi:62,synthetic_v1,0,0,0,0,0,0,0,1
Salesberry मा स्पोर्ट्स चप्पल मा 25% छुट,benign,benign,ne,label,form,[TAG=label] [ROLE=form] Salesberry मा स्पोर्ट्स चप्पल मा 25% छुट,benign:ne:70,synthetic_v1,0,0,0,0,0,0,0,1
"पानी की बोतल — रु. 1,199",benign,benign,hi,span,label,"[TAG=span] [ROLE=label] पानी की बोतल — रु. 1,199",benign:hi:46,synthetic_v1,0,0,0,0,0,0,0,1
Delivery to Mumbai in 3 days,benign,benign,en,label,form,[TAG=label] [ROLE=form] Delivery to Mumbai in 3 days,benign:en:64,synthetic_v1,0,0,0,0,0,0,0,1
Nykaa पर ब्लूटूथ स्पीकर पर 20% छूट,benign,benign,hi,li,nav,[TAG=li] [ROLE=nav] Nykaa पर ब्लूटूथ स्पीकर पर 20% छूट,benign:hi:70,synthetic_v1,0,0,0,0,0,0,0,1
"बिक्रेता: सागर ट्रेडर्स, बुटवल",benign,benign,ne,p,body,"[TAG=p] [ROLE=body] बिक्रेता: सागर ट्रेडर्स, बुटवल",benign:ne:48,synthetic_v1,0,0,0,0,0,0,0,1
"भक्तपुर मा स्टकमा, 14 दिनमा पठाइन्छ",benign,benign,ne,h2,heading,"[TAG=h2] [ROLE=heading] भक्तपुर मा स्टकमा, 14 दिनमा पठाइन्छ",benign:ne:76,synthetic_v1,0,0,0,0,0,0,0,1
BigBasket रिटर्न नीति: 10 दिन,benign,benign,hi,h2,heading,[TAG=h2] [ROLE=heading] BigBasket रिटर्न नीति: 10 दिन,benign:hi:65,synthetic_v1,0,0,0,0,0,0,0,1
"14,860 people rated smartwatch",benign,benign,en,h2,heading,"[TAG=h2] [ROLE=heading] 14,860 people rated smartwatch",benign:en:68,synthetic_v1,0,0,0,0,0,0,0,1
EMI from Rs. 899 on school bag,benign,benign,en,button,cta,[TAG=button] [ROLE=cta] EMI from Rs. 899 on school bag,benign:en:75,synthetic_v1,0,0,0,0,0,0,0,1
"विक्रेता: रमेश ट्रेडर्स, दिल्ली",benign,benign,hi,p,body,"[TAG=p] [ROLE=body] विक्रेता: रमेश ट्रेडर्स, दिल्ली",benign:hi:48,synthetic_v1,0,0,0,0,0,0,0,1
रु. 49/महिनाबाट EMI विकल्प,benign,benign,ne,span,label,[TAG=span] [ROLE=label] रु. 49/महिनाबाट EMI विकल्प,benign:ne:34,synthetic_v1,0,0,0,0,0,0,0,1
इन्डक्सन चुल्हो मा रु. 149 बाट EMI,benign,benign,ne,p,body,[TAG=p] [ROLE=body] इन्डक्सन चुल्हो मा रु. 149 बाट EMI,benign:ne:74,synthetic_v1,0,0,0,0,0,0,0,1
80% off,benign,benign,en,label,form,[TAG=label] [ROLE=form] 80% off,benign:en:10,synthetic_v1,0,0,0,0,0,0,0,1
Reliance Digital मा प्रोटिन पाउडर खोज्नुहोस्,benign,benign,ne,p,body,[TAG=p] [ROLE=body] Reliance Digital मा प्रोटिन पाउडर खोज्नुहोस्,benign:ne:66,synthetic_v1,0,0,0,0,0,0,0,1
"1,340 लोगों ने हेयर ड्रायर को रेट किया",benign,benign,hi,button,cta,"[TAG=button] [ROLE=cta] 1,340 लोगों ने हेयर ड्रायर को रेट किया",benign:hi:67,synthetic_v1,0,0,0,0,0,0,0,1
40% off,benign,benign,en,button,cta,[TAG=button] [ROLE=cta] 40% off,benign:en:10,synthetic_v1,0,0,0,0,0,0,0,1
घामको चस्मा — रु. 599,benign,benign,ne,h2,heading,[TAG=h2] [ROLE=heading] घामको चस्मा — रु. 599,benign:ne:46,synthetic_v1,0,0,0,0,0,0,0,1
"Shipping to Delhi: Rs. 2,999",benign,benign,en,span,label,"[TAG=span] [ROLE=label] Shipping to Delhi: Rs. 2,999",benign:en:72,synthetic_v1,0,0,0,0,0,0,0,1
BigBasket पर रनिंग शूज़ पर 35% छूट,benign,benign,hi,button,cta,[TAG=button] [ROLE=cta] BigBasket पर रनिंग शूज़ पर 35% छूट,benign:hi:70,synthetic_v1,0,0,0,0,0,0,0,1
मुंबई में डिलीवरी,benign,benign,hi,p,body,[TAG=p] [ROLE=body] मुंबई में डिलीवरी,benign:hi:37,synthetic_v1,0,0,0,0,0,0,0,1
"डेनिम जींस — रु. 2,999",benign,benign,hi,a,nav,"[TAG=a] [ROLE=nav] डेनिम जींस — रु. 2,999",benign:hi:46,synthetic_v1,0,0,0,0,0,0,0,1
EMI options available from Rs. 349/month,benign,benign,en,li,nav,[TAG=li] [ROLE=nav] EMI options available from Rs. 349/month,benign:en:34,synthetic_v1,0,0,0,0,0,0,0,1
मुंबई में कैश ऑन डिलीवरी उपलब्ध,benign,benign,hi,a,nav,[TAG=a] [ROLE=nav] मुंबई में कैश ऑन डिलीवरी उपलब्ध,benign:hi:09,synthetic_v1,0,0,0,0,0,0,0,1
"हेयर ड्रायर — 149 समीक्षाएँ, कोलकाता गोदाम",benign,benign,hi,p,body,"[TAG=p] [ROLE=body] हेयर ड्रायर — 149 समीक्षाएँ, कोलकाता गोदाम",benign:hi:72,synthetic_v1,0,0,0,0,0,0,0,1
Search winter blanket on HamroBazar,benign,benign,en,a,nav,[TAG=a] [ROLE=nav] Search winter blanket on HamroBazar,benign:en:67,synthetic_v1,0,0,0,0,0,0,0,1
HamroBazar ग्राहक सेवा: हाम्रो इमेल डेस्क,benign,benign,ne,a,nav,[TAG=a] [ROLE=nav] HamroBazar ग्राहक सेवा: हाम्रो इमेल डेस्क,benign:ne:75,synthetic_v1,0,0,0,0,0,0,0,1
"Shipping to Patna: Rs. 2,499",benign,benign,en,span,label,"[TAG=span] [ROLE=label] Shipping to Patna: Rs. 2,499",benign:en:72,synthetic_v1,0,0,0,0,0,0,0,1
Notify me when power bank is available,benign,benign,en,span,label,[TAG=span] [ROLE=label] Notify me when power bank is available,benign:en:33,synthetic_v1,0,0,0,0,0,0,0,1
Thulo return policy: 2 days,benign,benign,en,button,cta,[TAG=button] [ROLE=cta] Thulo return policy: 2 days,benign:en:66,synthetic_v1,0,0,0,0,0,0,0,1
चंडीगढ़ में 5 दिन में डिलीवरी,benign,benign,hi,a,nav,[TAG=a] [ROLE=nav] चंडीगढ़ में 5 दिन में डिलीवरी,benign:hi:63,synthetic_v1,0,0,0,0,0,0,0,1
Exchange offer up to Rs. 699,benign,benign,en,p,body,[TAG=p] [ROLE=body] Exchange offer up to Rs. 699,benign:en:35,synthetic_v1,0,0,0,0,0,0,0,1
FirstCry मा हिउँदको ब्ल्याङ्केट मूल्य तुलना गर्नुहोस्,benign,benign,ne,button,cta,[TAG=button] [ROLE=cta] FirstCry मा हिउँदको ब्ल्याङ्केट मूल्य तुलना गर्नुहोस्,benign:ne:73,synthetic_v1,0,0,0,0,0,0,0,1
48 सत्यापित समीक्षाएँ,benign,benign,hi,h2,heading,[TAG=h2] [ROLE=heading] 48 सत्यापित समीक्षाएँ,benign:hi:23,synthetic_v1,0,0,0,0,0,0,0,1
Kinbech ग्राहक सेवा: हाम्रो इमेल डेस्क,benign,benign,ne,a,nav,[TAG=a] [ROLE=nav] Kinbech ग्राहक सेवा: हाम्रो इमेल डेस्क,benign:ne:75,synthetic_v1,0,0,0,0,0,0,0,1
"1,340 people rated rice cooker",benign,benign,en,label,form,"[TAG=label] [ROLE=form] 1,340 people rated rice cooker",benign:en:68,synthetic_v1,0,0,0,0,0,0,0,1
84 लोगों ने कॉटन कुर्ता को रेट किया,benign,benign,hi,li,nav,[TAG=li] [ROLE=nav] 84 लोगों ने कॉटन कुर्ता को रेट किया,benign:hi:67,synthetic_v1,0,0,0,0,0,0,0,1
Size guide for wireless earbuds,benign,benign,en,h2,heading,[TAG=h2] [ROLE=heading] Size guide for wireless earbuds,benign:en:05,synthetic_v1,0,0,0,0,0,0,0,1
578 इकाई बिकीं,benign,benign,hi,li,nav,[TAG=li] [ROLE=nav] 578 इकाई बिकीं,benign:hi:47,synthetic_v1,0,0,0,0,0,0,0,1
Pepperfry पर स्मार्टवॉच पर 60% छूट,benign,benign,hi,p,body,[TAG=p] [ROLE=body] Pepperfry पर स्मार्टवॉच पर 60% छूट,benign:hi:70,synthetic_v1,0,0,0,0,0,0,0,1
HamroBazar पर पावर बैंक खोजें,benign,benign,hi,li,nav,[TAG=li] [ROLE=nav] HamroBazar पर पावर बैंक खोजें,benign:hi:66,synthetic_v1,0,0,0,0,0,0,0,1
"पावर ब्यांक — 1,340 समीक्षा, सुर्खेत गोदाम",benign,benign,ne,span,label,"[TAG=span] [ROLE=label] पावर ब्यांक — 1,340 समीक्षा, सुर्खेत गोदाम",benign:ne:72,synthetic_v1,0,0,0,0,0,0,0,1
हेटौंडा मा 7 दिनमा डेलिभरी,benign,benign,ne,p,body,[TAG=p] [ROLE=body] हेटौंडा मा 7 दिनमा डेलिभरी,benign:ne:63,synthetic_v1,0,0,0,0,0,0,0,1
नागपुर शिपिंग: रु. 799,benign,benign,hi,h2,heading,[TAG=h2] [ROLE=heading] नागपुर शिपिंग: रु. 799,benign:hi:71,synthetic_v1,0,0,0,0,0,0,0,1
रु. 799 से ऊपर के ऑर्डर पर मुफ़्त शिपिंग,benign,benign,hi,li,nav,[TAG=li] [ROLE=nav] रु. 799 से ऊपर के ऑर्डर पर मुफ़्त शिपिंग,benign:hi:01,synthetic_v1,0,0,0,0,0,0,0,1
889 सत्यापित समीक्षाएँ,benign,benign,hi,p,body,[TAG=p] [ROLE=body] 889 सत्यापित समीक्षाएँ,benign:hi:23,synthetic_v1,0,0,0,0,0,0,0,1
ढुवानी शुल्क: रु. 699 (भुक्तानी अघि देखिने),benign,benign,ne,label,form,[TAG=label] [ROLE=form] ढुवानी शुल्क: रु. 699 (भुक्तानी अघि देखिने),benign:ne:43,synthetic_v1,0,0,0,0,0,0,0,1
FirstCry मा स्मार्टवाच मा 15% छुट,benign,benign,ne,label,form,[TAG=label] [ROLE=form] FirstCry मा स्मार्टवाच मा 15% छुट,benign:ne:70,synthetic_v1,0,0,0,0,0,0,0,1
पावर बैंक कार्ट में जोड़ें,benign,benign,hi,button,cta,[TAG=button] [ROLE=cta] पावर बैंक कार्ट में जोड़ें,benign:hi:00,synthetic_v1,0,0,0,0,0,0,0,1
जनकपुर मा 5 दिनमा डेलिभरी,benign,benign,ne,h2,heading,[TAG=h2] [ROLE=heading] जनकपुर मा 5 दिनमा डेलिभरी,benign:ne:63,synthetic_v1,0,0,0,0,0,0,0,1
ब्लूटूथ स्पीकर कार्ट में जोड़ें,benign,benign,hi,li,nav,[TAG=li] [ROLE=nav] ब्लूटूथ स्पीकर कार्ट में जोड़ें,benign:hi:00,synthetic_v1,0,0,0,0,0,0,0,1
गेमिङ माउस मा रु. 249 बाट EMI,benign,benign,ne,p,body,[TAG=p] [ROLE=body] गेमिङ माउस मा रु. 249 बाट EMI,benign:ne:74,synthetic_v1,0,0,0,0,0,0,0,1
Pepperfry मा हिउँदको ब्ल्याङ्केट मूल्य तुलना गर्नुहोस्,benign,benign,ne,h2,heading,[TAG=h2] [ROLE=heading] Pepperfry मा हिउँदको ब्ल्याङ्केट मूल्य तुलना गर्नुहोस्,benign:ne:73,synthetic_v1,0,0,0,0,0,0,0,1
Gyapu मा ब्लुटुथ स्पिकर मा 20% छुट,benign,benign,ne,span,label,[TAG=span] [ROLE=label] Gyapu मा ब्लुटुथ स्पिकर मा 20% छुट,benign:ne:70,synthetic_v1,0,0,0,0,0,0,0,1
ग्राहक समीक्षाएँ (701),benign,benign,hi,span,label,[TAG=span] [ROLE=label] ग्राहक समीक्षाएँ (701),benign:hi:03,synthetic_v1,0,0,0,0,0,0,0,1
Compare water bottle,benign,benign,en,label,form,[TAG=label] [ROLE=form] Compare water bottle,benign:en:12,synthetic_v1,0,0,0,0,0,0,0,1
Return within 2 days,benign,benign,en,a,nav,[TAG=a] [ROLE=nav] Return within 2 days,benign:en:04,synthetic_v1,0,0,0,0,0,0,0,1
Daraz पर नॉइज़ कैंसलिंग हेडफोन की कीमतों की तुलना करें,benign,benign,hi,span,label,[TAG=span] [ROLE=label] Daraz पर नॉइज़ कैंसलिंग हेडफोन की कीमतों की तुलना करें,benign:hi:73,synthetic_v1,0,0,0,0,0,0,0,1
"In stock in Patna, ships in 4 days",benign,benign,en,li,nav,"[TAG=li] [ROLE=nav] In stock in Patna, ships in 4 days",benign:en:77,synthetic_v1,0,0,0,0,0,0,0,1
"रु. 1,499 से ऊपर के ऑर्डर पर मुफ़्त शिपिंग",benign,benign,hi,p,body,"[TAG=p] [ROLE=body] रु. 1,499 से ऊपर के ऑर्डर पर मुफ़्त शिपिंग",benign:hi:01,synthetic_v1,0,0,0,0,0,0,0,1
हिउँदको ब्ल्याङ्केट कार्टमा राख्नुहोस्,benign,benign,ne,button,cta,[TAG=button] [ROLE=cta] हिउँदको ब्ल्याङ्केट कार्टमा राख्नुहोस्,benign:ne:00,synthetic_v1,0,0,0,0,0,0,0,1
Shipping to Indore: Rs. 299,benign,benign,en,li,nav,[TAG=li] [ROLE=nav] Shipping to Indore: Rs. 299,benign:en:72,synthetic_v1,0,0,0,0,0,0,0,1
BigBasket ग्राहक सेवा: हाम्रो सपोर्ट नम्बर,benign,benign,ne,button,cta,[TAG=button] [ROLE=cta] BigBasket ग्राहक सेवा: हाम्रो सपोर्ट नम्बर,benign:ne:75,synthetic_v1,0,0,0,0,0,0,0,1
Delivery to Pokhara in 7 days,benign,benign,en,button,cta,[TAG=button] [ROLE=cta] Delivery to Pokhara in 7 days,benign:en:64,synthetic_v1,0,0,0,0,0,0,0,1
"power bank — 578 reviews, Lalitpur warehouse",benign,benign,en,label,form,"[TAG=label] [ROLE=form] power bank — 578 reviews, Lalitpur warehouse",benign:en:73,synthetic_v1,0,0,0,0,0,0,0,1
"बिक्रेता: अर्जुन स्टोर, ललितपुर",benign,benign,ne,button,cta,"[TAG=button] [ROLE=cta] बिक्रेता: अर्जुन स्टोर, ललितपुर",benign:ne:64,synthetic_v1,0,0,0,0,0,0,0,1
"hair dryer — 21,507 reviews, Biratnagar warehouse",benign,benign,en,h2,heading,"[TAG=h2] [ROLE=heading] hair dryer — 21,507 reviews, Biratnagar warehouse",benign:en:73,synthetic_v1,0,0,0,0,0,0,0,1
"2,038 जनाले योगा म्याट मूल्याङ्कन गरे",benign,benign,ne,li,nav,"[TAG=li] [ROLE=nav] 2,038 जनाले योगा म्याट मूल्याङ्कन गरे",benign:ne:67,synthetic_v1,0,0,0,0,0,0,0,1
Reliance Digital मा नोइज क्यान्सलिङ हेडफोन मा 40% छुट,benign,benign,ne,h2,heading,[TAG=h2] [ROLE=heading] Reliance Digital मा नोइज क्यान्सलिङ हेडफोन मा 40% छुट,benign:ne:70,synthetic_v1,0,0,0,0,0,0,0,1
Myntra customer care: live chat,benign,benign,en,a,nav,[TAG=a] [ROLE=nav] Myntra customer care: live chat,benign:en:76,synthetic_v1,0,0,0,0,0,0,0,1
Tata Cliq customer care: our support line,benign,benign,en,button,cta,[TAG=button] [ROLE=cta] Tata Cliq customer care: our support line,benign:en:76,synthetic_v1,0,0,0,0,0,0,0,1
BigBasket ईमेल एक क्लिक में अनसब्सक्राइब करें,benign,benign,hi,button,cta,[TAG=button] [ROLE=cta] BigBasket ईमेल एक क्लिक में अनसब्सक्राइब करें,benign:hi:69,synthetic_v1,0,0,0,0,0,0,0,1
Compare denim jeans prices on Tata Cliq,benign,benign,en,h2,heading,[TAG=h2] [ROLE=heading] Compare denim jeans prices on Tata Cliq,benign:en:74,synthetic_v1,0,0,0,0,0,0,0,1
Delivery to Kathmandu in 10 days,benign,benign,en,span,label,[TAG=span] [ROLE=label] Delivery to Kathmandu in 10 days,benign:en:64,synthetic_v1,0,0,0,0,0,0,0,1
स्मार्टवॉच के लिए साइज़ गाइड,benign,benign,hi,label,form,[TAG=label] [ROLE=form] स्मार्टवॉच के लिए साइज़ गाइड,benign:hi:05,synthetic_v1,0,0,0,0,0,0,0,1
Croma पर स्पोर्ट्स सैंडल — रु. 499,benign,benign,hi,label,form,[TAG=label] [ROLE=form] Croma पर स्पोर्ट्स सैंडल — रु. 499,benign:hi:62,synthetic_v1,0,0,0,0,0,0,0,1
"कॉफी मेकर — 1,765 समीक्षाएँ, नासिक गोदाम",benign,benign,hi,span,label,"[TAG=span] [ROLE=label] कॉफी मेकर — 1,765 समीक्षाएँ, नासिक गोदाम",benign:hi:72,synthetic_v1,0,0,0,0,0,0,0,1
Ajio customer care: our WhatsApp number,benign,benign,en,h2,heading,[TAG=h2] [ROLE=heading] Ajio customer care: our WhatsApp number,benign:en:76,synthetic_v1,0,0,0,0,0,0,0,1
"रु. 1,999/महिनाबाट EMI विकल्प",benign,benign,ne,a,nav,"[TAG=a] [ROLE=nav] रु. 1,999/महिनाबाट EMI विकल्प",benign:ne:34,synthetic_v1,0,0,0,0,0,0,0,1
25% off coffee maker at Amazon,benign,benign,en,li,nav,[TAG=li] [ROLE=nav] 25% off coffee maker at Amazon,benign:en:71,synthetic_v1,0,0,0,0,0,0,0,1
मुंबई में 14 दिन में डिलीवरी,benign,benign,hi,p,body,[TAG=p] [ROLE=body] मुंबई में 14 दिन में डिलीवरी,benign:hi:63,synthetic_v1,0,0,0,0,0,0,0,1
Customer reviews (27),benign,benign,en,h2,heading,[TAG=h2] [ROLE=heading] Customer reviews (27),benign:en:03,synthetic_v1,0,0,0,0,0,0,0,1
"18,332 लोगों ने स्पोर्ट्स सैंडल को रेट किया",benign,benign,hi,li,nav,"[TAG=li] [ROLE=nav] 18,332 लोगों ने स्पोर्ट्स सैंडल को रेट किया",benign:hi:67,synthetic_v1,0,0,0,0,0,0,0,1
"मूल्य: रु. 1,999",benign,benign,ne,span,label,"[TAG=span] [ROLE=label] मूल्य: रु. 1,999",benign:ne:45,synthetic_v1,0,0,0,0,0,0,0,1
"In stock in Lucknow, ships in 5 days",benign,benign,en,li,nav,"[TAG=li] [ROLE=nav] In stock in Lucknow, ships in 5 days",benign:en:77,synthetic_v1,0,0,0,0,0,0,0,1
ललितपुर मा 7 दिनमा डेलिभरी,benign,benign,ne,span,label,[TAG=span] [ROLE=label] ललितपुर मा 7 दिनमा डेलिभरी,benign:ne:63,synthetic_v1,0,0,0,0,0,0,0,1
"धरान ढुवानी: रु. 1,499",benign,benign,ne,button,cta,"[TAG=button] [ROLE=cta] धरान ढुवानी: रु. 1,499",benign:ne:71,synthetic_v1,0,0,0,0,0,0,0,1
घामको चस्मा मा रु. 599 बाट EMI,benign,benign,ne,label,form,[TAG=label] [ROLE=form] घामको चस्मा मा रु. 599 बाट EMI,benign:ne:74,synthetic_v1,0,0,0,0,0,0,0,1
"इन्डक्सन चुल्हो — 1,024 समीक्षा, सुर्खेत गोदाम",benign,benign,ne,li,nav,"[TAG=li] [ROLE=nav] इन्डक्सन चुल्हो — 1,024 समीक्षा, सुर्खेत गोदाम",benign:ne:72,synthetic_v1,0,0,0,0,0,0,0,1
Daraz ग्राहक सेवा: हमारी हेल्पलाइन,benign,benign,hi,li,nav,[TAG=li] [ROLE=nav] Daraz ग्राहक सेवा: हमारी हेल्पलाइन,benign:hi:75,synthetic_v1,0,0,0,0,0,0,0,1
Blinkit पर कॉफी मेकर की कीमतों की तुलना करें,benign,benign,hi,span,label,[TAG=span] [ROLE=label] Blinkit पर कॉफी मेकर की कीमतों की तुलना करें,benign:hi:73,synthetic_v1,0,0,0,0,0,0,0,1
Reliance Digital पर इलेक्ट्रिक केटल पर 5% छूट,benign,benign,hi,h2,heading,[TAG=h2] [ROLE=heading] Reliance Digital पर इलेक्ट्रिक केटल पर 5% छूट,benign:hi:70,synthetic_v1,0,0,0,0,0,0,0,1
मूल्य: रु. 499,benign,benign,ne,button,cta,[TAG=button] [ROLE=cta] मूल्य: रु. 499,benign:ne:45,synthetic_v1,0,0,0,0,0,0,0,1
934 verified reviews,benign,benign,en,label,form,[TAG=label] [ROLE=form] 934 verified reviews,benign:en:23,synthetic_v1,0,0,0,0,0,0,0,1
"gaming mouse — 634 reviews, Biratnagar warehouse",benign,benign,en,span,label,"[TAG=span] [ROLE=label] gaming mouse — 634 reviews, Biratnagar warehouse",benign:en:73,synthetic_v1,0,0,0,0,0,0,0,1
FirstCry मा ब्याकप्याक — रु. 149,benign,benign,ne,button,cta,[TAG=button] [ROLE=cta] FirstCry मा ब्याकप्याक — रु. 149,benign:ne:62,synthetic_v1,0,0,0,0,0,0,0,1
सबै कफी मेकर हेर्नुहोस्,benign,benign,ne,h2,heading,[TAG=h2] [ROLE=heading] सबै कफी मेकर हेर्नुहोस्,benign:ne:20,synthetic_v1,0,0,0,0,0,0,0,1
"ग्राहक समीक्षा (34,118)",benign,benign,ne,p,body,"[TAG=p] [ROLE=body] ग्राहक समीक्षा (34,118)",benign:ne:03,synthetic_v1,0,0,0,0,0,0,0,1
इंदौर में 2 दिन में डिलीवरी,benign,benign,hi,label,form,[TAG=label] [ROLE=form] इंदौर में 2 दिन में डिलीवरी,benign:hi:63,synthetic_v1,0,0,0,0,0,0,0,1
Return within 9 days,benign,benign,en,h2,heading,[TAG=h2] [ROLE=heading] Return within 9 days,benign:en:04,synthetic_v1,0,0,0,0,0,0,0,1
सर्दी का कंबल — रु. 299,benign,benign,hi,li,nav,[TAG=li] [ROLE=nav] सर्दी का कंबल — रु. 299,benign:hi:46,synthetic_v1,0,0,0,0,0,0,0,1
HamroBazar मा रनिङ जुत्ता मा 80% छुट,benign,benign,ne,p,body,[TAG=p] [ROLE=body] HamroBazar मा रनिङ जुत्ता मा 80% छुट,benign:ne:70,synthetic_v1,0,0,0,0,0,0,0,1
Meesho इमेल एक क्लिकमा अनसब्स्क्राइब गर्नुहोस्,benign,benign,ne,p,body,[TAG=p] [ROLE=body] Meesho इमेल एक क्लिकमा अनसब्स्क्राइब गर्नुहोस्,benign:ne:69,synthetic_v1,0,0,0,0,0,0,0,1
FirstCry रिटर्न नीति: 7 दिन,benign,benign,hi,a,nav,[TAG=a] [ROLE=nav] FirstCry रिटर्न नीति: 7 दिन,benign:hi:65,synthetic_v1,0,0,0,0,0,0,0,1
Daraz ग्राहक सेवा: हाम्रो सपोर्ट नम्बर,benign,benign,ne,h2,heading,[TAG=h2] [ROLE=heading] Daraz ग्राहक सेवा: हाम्रो सपोर्ट नम्बर,benign:ne:75,synthetic_v1,0,0,0,0,0,0,0,1
"3,109 people rated trekking jacket",benign,benign,en,a,nav,"[TAG=a] [ROLE=nav] 3,109 people rated trekking jacket",benign:en:68,synthetic_v1,0,0,0,0,0,0,0,1
367 people rated power bank,benign,benign,en,span,label,[TAG=span] [ROLE=label] 367 people rated power bank,benign:en:68,synthetic_v1,0,0,0,0,0,0,0,1
Delivery to Hyderabad in 14 days,benign,benign,en,h2,heading,[TAG=h2] [ROLE=heading] Delivery to Hyderabad in 14 days,benign:en:64,synthetic_v1,0,0,0,0,0,0,0,1
"coffee maker — 112 reviews, Hyderabad warehouse",benign,benign,en,a,nav,"[TAG=a] [ROLE=nav] coffee maker — 112 reviews, Hyderabad warehouse",benign:en:73,synthetic_v1,0,0,0,0,0,0,0,1
Search gaming mouse on Reliance Digital,benign,benign,en,li,nav,[TAG=li] [ROLE=nav] Search gaming mouse on Reliance Digital,benign:en:67,synthetic_v1,0,0,0,0,0,0,0,1
Notify me when rice cooker is available,benign,benign,en,span,label,[TAG=span] [ROLE=label] Notify me when rice cooker is available,benign:en:33,synthetic_v1,0,0,0,0,0,0,0,1
"ग्राहक समीक्षाएँ (18,332)",benign,benign,hi,button,cta,"[TAG=button] [ROLE=cta] ग्राहक समीक्षाएँ (18,332)",benign:hi:03,synthetic_v1,0,0,0,0,0,0,0,1
"EMI from Rs. 1,199 on trekking jacket",benign,benign,en,p,body,"[TAG=p] [ROLE=body] EMI from Rs. 1,199 on trekking jacket",benign:en:75,synthetic_v1,0,0,0,0,0,0,0,1
Thulo इमेल एक क्लिकमा अनसब्स्क्राइब गर्नुहोस्,benign,benign,ne,span,label,[TAG=span] [ROLE=label] Thulo इमेल एक क्लिकमा अनसब्स्क्राइब गर्नुहोस्,benign:ne:69,synthetic_v1,0,0,0,0,0,0,0,1
Salesberry मा घामको चस्मा खोज्नुहोस्,benign,benign,ne,a,nav,[TAG=a] [ROLE=nav] Salesberry मा घामको चस्मा खोज्नुहोस्,benign:ne:66,synthetic_v1,0,0,0,0,0,0,0,1
"In stock in Indore, ships in 10 days",benign,benign,en,h2,heading,"[TAG=h2] [ROLE=heading] In stock in Indore, ships in 10 days",benign:en:77,synthetic_v1,0,0,0,0,0,0,0,1
578 verified reviews,benign,benign,en,button,cta,[TAG=button] [ROLE=cta] 578 verified reviews,benign:en:23,synthetic_v1,0,0,0,0,0,0,0,1
अभी खरीदें,benign,benign,hi,a,nav,[TAG=a] [ROLE=nav] अभी खरीदें,benign:hi:31,synthetic_v1,0,0,0,0,0,0,0,1
"विक्रेता: पूजा स्टोर, भोपाल",benign,benign,hi,a,nav,"[TAG=a] [ROLE=nav] विक्रेता: पूजा स्टोर, भोपाल",benign:hi:64,synthetic_v1,0,0,0,0,0,0,0,1
Cancel your Amazon order from My Orders,benign,benign,en,a,nav,[TAG=a] [ROLE=nav] Cancel your Amazon order from My Orders,benign:en:69,synthetic_v1,0,0,0,0,0,0,0,1
वारेन्टी: 7 वर्ष,benign,benign,ne,li,nav,[TAG=li] [ROLE=nav] वारेन्टी: 7 वर्ष,benign:ne:36,synthetic_v1,0,0,0,0,0,0,0,1
"4,265 people rated induction cooktop",benign,benign,en,h2,heading,"[TAG=h2] [ROLE=heading] 4,265 people rated induction cooktop",benign:en:68,synthetic_v1,0,0,0,0,0,0,0,1
Muncha फिर्ता नीति: 3 दिन,benign,benign,ne,label,form,[TAG=label] [ROLE=form] Muncha फिर्ता नीति: 3 दिन,benign:ne:65,synthetic_v1,0,0,0,0,0,0,0,1
Search study lamp on Kinbech,benign,benign,en,li,nav,[TAG=li] [ROLE=nav] Search study lamp on Kinbech,benign:en:67,synthetic_v1,0,0,0,0,0,0,0,1
288 जनाले राइस कुकर मूल्याङ्कन गरे,benign,benign,ne,span,label,[TAG=span] [ROLE=label] 288 जनाले राइस कुकर मूल्याङ्कन गरे,benign:ne:67,synthetic_v1,0,0,0,0,0,0,0,1
सबै डेनिम जिन्स हेर्नुहोस्,benign,benign,ne,p,body,[TAG=p] [ROLE=body] सबै डेनिम जिन्स हेर्नुहोस्,benign:ne:20,synthetic_v1,0,0,0,0,0,0,0,1
Exchange offer up to Rs. 299,benign,benign,en,li,nav,[TAG=li] [ROLE=nav] Exchange offer up to Rs. 299,benign:en:35,synthetic_v1,0,0,0,0,0,0,0,1
Add induction cooktop to cart,benign,benign,en,span,label,[TAG=span] [ROLE=label] Add induction cooktop to cart,benign:en:00,synthetic_v1,0,0,0,0,0,0,0,1
गोपनीयता नीति,benign,benign,hi,label,form,[TAG=label] [ROLE=form] गोपनीयता नीति,benign:hi:22,synthetic_v1,0,0,0,0,0,0,0,1
EMI from Rs. 249 on formal shirt,benign,benign,en,p,body,[TAG=p] [ROLE=body] EMI from Rs. 249 on formal shirt,benign:en:75,synthetic_v1,0,0,0,0,0,0,0,1
ललितपुर ढुवानी: रु. 599,benign,benign,ne,label,form,[TAG=label] [ROLE=form] ललितपुर ढुवानी: रु. 599,benign:ne:71,synthetic_v1,0,0,0,0,0,0,0,1
Nykaa फिर्ता नीति: 9 दिन,benign,benign,ne,label,form,[TAG=label] [ROLE=form] Nykaa फिर्ता नीति: 9 दिन,benign:ne:65,synthetic_v1,0,0,0,0,0,0,0,1
ब्लुटुथ स्पिकर तुलना गर्नुहोस्,benign,benign,ne,span,label,[TAG=span] [ROLE=label] ब्लुटुथ स्पिकर तुलना गर्नुहोस्,benign:ne:12,synthetic_v1,0,0,0,0,0,0,0,1
Salesberry रिटर्न नीति: 7 दिन,benign,benign,hi,p,body,[TAG=p] [ROLE=body] Salesberry रिटर्न नीति: 7 दिन,benign:hi:65,synthetic_v1,0,0,0,0,0,0,0,1
ग्राहक समीक्षा (288),benign,benign,ne,a,nav,[TAG=a] [ROLE=nav] ग्राहक समीक्षा (288),benign:ne:03,synthetic_v1,0,0,0,0,0,0,0,1
Ajio ईमेल एक क्लिक में अनसब्सक्राइब करें,benign,benign,hi,p,body,[TAG=p] [ROLE=body] Ajio ईमेल एक क्लिक में अनसब्सक्राइब करें,benign:hi:69,synthetic_v1,0,0,0,0,0,0,0,1
"विक्रेता: प्रकाश स्टोर, जयपुर",benign,benign,hi,h2,heading,"[TAG=h2] [ROLE=heading] विक्रेता: प्रकाश स्टोर, जयपुर",benign:hi:64,synthetic_v1,0,0,0,0,0,0,0,1
गोरखा मा 10 दिनमा डेलिभरी,benign,benign,ne,li,nav,[TAG=li] [ROLE=nav] गोरखा मा 10 दिनमा डेलिभरी,benign:ne:63,synthetic_v1,0,0,0,0,0,0,0,1
288 लोगों ने वायरलेस ईयरबड्स को रेट किया,benign,benign,hi,p,body,[TAG=p] [ROLE=body] 288 लोगों ने वायरलेस ईयरबड्स को रेट किया,benign:hi:67,synthetic_v1,0,0,0,0,0,0,0,1
203 people rated air fryer,benign,benign,en,a,nav,[TAG=a] [ROLE=nav] 203 people rated air fryer,benign:en:68,synthetic_v1,0,0,0,0,0,0,0,1
"coffee maker — 1,340 reviews, Pokhara warehouse",benign,benign,en,span,label,"[TAG=span] [ROLE=label] coffee maker — 1,340 reviews, Pokhara warehouse",benign:en:73,synthetic_v1,0,0,0,0,0,0,0,1
"भोपाल में स्टॉक में, 10 दिन में शिप",benign,benign,hi,p,body,"[TAG=p] [ROLE=body] भोपाल में स्टॉक में, 10 दिन में शिप",benign:hi:76,synthetic_v1,0,0,0,0,0,0,0,1
84 लोगों ने ब्लूटूथ स्पीकर को रेट किया,benign,benign,hi,p,body,[TAG=p] [ROLE=body] 84 लोगों ने ब्लूटूथ स्पीकर को रेट किया,benign:hi:67,synthetic_v1,0,0,0,0,0,0,0,1
"HamroBazar पर स्पोर्ट्स सैंडल — रु. 1,199",benign,benign,hi,p,body,"[TAG=p] [ROLE=body] HamroBazar पर स्पोर्ट्स सैंडल — रु. 1,199",benign:hi:62,synthetic_v1,0,0,0,0,0,0,0,1
934 जनाले ब्याकप्याक मूल्याङ्कन गरे,benign,benign,ne,button,cta,[TAG=button] [ROLE=cta] 934 जनाले ब्याकप्याक मूल्याङ्कन गरे,benign:ne:67,synthetic_v1,0,0,0,0,0,0,0,1
लखनऊ में कैश ऑन डिलीवरी उपलब्ध,benign,benign,hi,a,nav,[TAG=a] [ROLE=nav] लखनऊ में कैश ऑन डिलीवरी उपलब्ध,benign:hi:09,synthetic_v1,0,0,0,0,0,0,0,1
धनगढी मा क्यास अन डेलिभरी उपलब्ध,benign,benign,ne,span,label,[TAG=span] [ROLE=label] धनगढी मा क्यास अन डेलिभरी उपलब्ध,benign:ne:09,synthetic_v1,0,0,0,0,0,0,0,1
288 people rated gaming mouse,benign,benign,en,li,nav,[TAG=li] [ROLE=nav] 288 people rated gaming mouse,benign:en:68,synthetic_v1,0,0,0,0,0,0,0,1
Daraz पर गेमिंग माउस पर 70% छूट,benign,benign,hi,p,body,[TAG=p] [ROLE=body] Daraz पर गेमिंग माउस पर 70% छूट,benign:hi:70,synthetic_v1,0,0,0,0,0,0,0,1
"काठमाडौँ मा स्टकमा, 14 दिनमा पठाइन्छ",benign,benign,ne,h2,heading,"[TAG=h2] [ROLE=heading] काठमाडौँ मा स्टकमा, 14 दिनमा पठाइन्छ",benign:ne:76,synthetic_v1,0,0,0,0,0,0,0,1
ट्रेकिङ ज्याकेट मा रु. 199 बाट EMI,benign,benign,ne,h2,heading,[TAG=h2] [ROLE=heading] ट्रेकिङ ज्याकेट मा रु. 199 बाट EMI,benign:ne:74,synthetic_v1,0,0,0,0,0,0,0,1
Myntra रिटर्न नीति: 7 दिन,benign,benign,hi,p,body,[TAG=p] [ROLE=body] Myntra रिटर्न नीति: 7 दिन,benign:hi:65,synthetic_v1,0,0,0,0,0,0,0,1
Warranty: 1 year,benign,benign,en,p,body,[TAG=p] [ROLE=body] Warranty: 1 year,benign:en:36,synthetic_v1,0,0,0,0,0,0,0,1
Cancel your Reliance Digital order from My Orders,benign,benign,en,li,nav,[TAG=li] [ROLE=nav] Cancel your Reliance Digital order from My Orders,benign:en:69,synthetic_v1,0,0,0,0,0,0,0,1
EMI from Rs. 899 on running shoes,benign,benign,en,label,form,[TAG=label] [ROLE=form] EMI from Rs. 899 on running shoes,benign:en:75,synthetic_v1,0,0,0,0,0,0,0,1
Kinbech ग्राहक सेवा: हमारा Facebook पेज,benign,benign,hi,a,nav,[TAG=a] [ROLE=nav] Kinbech ग्राहक सेवा: हमारा Facebook पेज,benign:hi:75,synthetic_v1,0,0,0,0,0,0,0,1
288 people rated sports sandals,benign,benign,en,li,nav,[TAG=li] [ROLE=nav] 288 people rated sports sandals,benign:en:68,synthetic_v1,0,0,0,0,0,0,0,1
Reliance Digital customer care: our WhatsApp number,benign,benign,en,a,nav,[TAG=a] [ROLE=nav] Reliance Digital customer care: our WhatsApp number,benign:en:76,synthetic_v1,0,0,0,0,0,0,0,1
Thulo ईमेल एक क्लिक में अनसब्सक्राइब करें,benign,benign,hi,button,cta,[TAG=button] [ROLE=cta] Thulo ईमेल एक क्लिक में अनसब्सक्राइब करें,benign:hi:69,synthetic_v1,0,0,0,0,0,0,0,1
Customer reviews (812),benign,benign,en,a,nav,[TAG=a] [ROLE=nav] Customer reviews (812),benign:en:03,synthetic_v1,0,0,0,0,0,0,0,1
रनिंग शूज़ कार्ट में जोड़ें,benign,benign,hi,a,nav,[TAG=a] [ROLE=nav] रनिंग शूज़ कार्ट में जोड़ें,benign:hi:00,synthetic_v1,0,0,0,0,0,0,0,1
"विक्रेता: रेखा ट्रेडर्स, आगरा",benign,benign,hi,li,nav,"[TAG=li] [ROLE=nav] विक्रेता: रेखा ट्रेडर्स, आगरा",benign:hi:48,synthetic_v1,0,0,0,0,0,0,0,1
"गोरखा मा स्टकमा, 3 दिनमा पठाइन्छ",benign,benign,ne,li,nav,"[TAG=li] [ROLE=nav] गोरखा मा स्टकमा, 3 दिनमा पठाइन्छ",benign:ne:76,synthetic_v1,0,0,0,0,0,0,0,1
Cash on delivery available in Bengaluru,benign,benign,en,button,cta,[TAG=button] [ROLE=cta] Cash on delivery available in Bengaluru,benign:en:09,synthetic_v1,0,0,0,0,0,0,0,1
"बिक्रेता: आरव ट्रेडर्स, वीरगन्ज",benign,benign,ne,p,body,"[TAG=p] [ROLE=body] बिक्रेता: आरव ट्रेडर्स, वीरगन्ज",benign:ne:48,synthetic_v1,0,0,0,0,0,0,0,1
"9,118 जनाले पानीको बोतल मूल्याङ्कन गरे",benign,benign,ne,h2,heading,"[TAG=h2] [ROLE=heading] 9,118 जनाले पानीको बोतल मूल्याङ्कन गरे",benign:ne:67,synthetic_v1,0,0,0,0,0,0,0,1
वाराणसी में 4 दिन में डिलीवरी,benign,benign,hi,label,form,[TAG=label] [ROLE=form] वाराणसी में 4 दिन में डिलीवरी,benign:hi:63,synthetic_v1,0,0,0,0,0,0,0,1
काठमाडौँ मा 2 दिनमा डेलिभरी,benign,benign,ne,h2,heading,[TAG=h2] [ROLE=heading] काठमाडौँ मा 2 दिनमा डेलिभरी,benign:ne:63,synthetic_v1,0,0,0,0,0,0,0,1
Search for smartwatch,benign,benign,en,h2,heading,[TAG=h2] [ROLE=heading] Search for smartwatch,benign:en:14,synthetic_v1,0,0,0,0,0,0,0,1
50% off phone case at BigBasket,benign,benign,en,span,label,[TAG=span] [ROLE=label] 50% off phone case at BigBasket,benign:en:71,synthetic_v1,0,0,0,0,0,0,0,1
वाराणसी में कैश ऑन डिलीवरी उपलब्ध,benign,benign,hi,label,form,[TAG=label] [ROLE=form] वाराणसी में कैश ऑन डिलीवरी उपलब्ध,benign:hi:09,synthetic_v1,0,0,0,0,0,0,0,1
Snapdeal मा ट्रेकिङ ज्याकेट खोज्नुहोस्,benign,benign,ne,p,body,[TAG=p] [ROLE=body] Snapdeal मा ट्रेकिङ ज्याकेट खोज्नुहोस्,benign:ne:66,synthetic_v1,0,0,0,0,0,0,0,1
"Shipping to Pokhara: Rs. 2,499",benign,benign,en,p,body,"[TAG=p] [ROLE=body] Shipping to Pokhara: Rs. 2,499",benign:en:72,synthetic_v1,0,0,0,0,0,0,0,1
35% off air fryer at Thulo,benign,benign,en,a,nav,[TAG=a] [ROLE=nav] 35% off air fryer at Thulo,benign:en:71,synthetic_v1,0,0,0,0,0,0,0,1
"Flipkart मा प्रोटिन पाउडर — रु. 1,199",benign,benign,ne,a,nav,"[TAG=a] [ROLE=nav] Flipkart मा प्रोटिन पाउडर — रु. 1,199",benign:ne:62,synthetic_v1,0,0,0,0,0,0,0,1
"21,507 सत्यापित समीक्षाएँ",benign,benign,hi,a,nav,"[TAG=a] [ROLE=nav] 21,507 सत्यापित समीक्षाएँ",benign:hi:23,synthetic_v1,0,0,0,0,0,0,0,1
इंदौर शिपिंग: रु. 999,benign,benign,hi,span,label,[TAG=span] [ROLE=label] इंदौर शिपिंग: रु. 999,benign:hi:71,synthetic_v1,0,0,0,0,0,0,0,1
"इलेक्ट्रिक केतली मा रु. 2,999 बाट EMI",benign,benign,ne,span,label,"[TAG=span] [ROLE=label] इलेक्ट्रिक केतली मा रु. 2,999 बाट EMI",benign:ne:74,synthetic_v1,0,0,0,0,0,0,0,1
"बिक्रेता: विकास स्टोर, दमक",benign,benign,ne,p,body,"[TAG=p] [ROLE=body] बिक्रेता: विकास स्टोर, दमक",benign:ne:64,synthetic_v1,0,0,0,0,0,0,0,1
"हेयर ड्रायर मा रु. 2,499 बाट EMI",benign,benign,ne,label,form,"[TAG=label] [ROLE=form] हेयर ड्रायर मा रु. 2,499 बाट EMI",benign:ne:74,synthetic_v1,0,0,0,0,0,0,0,1
Customer reviews (247),benign,benign,en,button,cta,[TAG=button] [ROLE=cta] Customer reviews (247),benign:en:03,synthetic_v1,0,0,0,0,0,0,0,1
"OkDam मा कफी मेकर — रु. 2,499",benign,benign,ne,label,form,"[TAG=label] [ROLE=form] OkDam मा कफी मेकर — रु. 2,499",benign:ne:62,synthetic_v1,0,0,0,0,0,0,0,1
नासिक में 3 दिन में डिलीवरी,benign,benign,hi,p,body,[TAG=p] [ROLE=body] नासिक में 3 दिन में डिलीवरी,benign:hi:63,synthetic_v1,0,0,0,0,0,0,0,1
"Thulo मा एयर फ्रायर — रु. 2,499",benign,benign,ne,label,form,"[TAG=label] [ROLE=form] Thulo मा एयर फ्रायर — रु. 2,499",benign:ne:62,synthetic_v1,0,0,0,0,0,0,0,1
"विक्रेता: प्रिया ट्रेडर्स, हैदराबाद",benign,benign,hi,label,form,"[TAG=label] [ROLE=form] विक्रेता: प्रिया ट्रेडर्स, हैदराबाद",benign:hi:48,synthetic_v1,0,0,0,0,0,0,0,1
"विक्रेता: लक्ष्मी ट्रेडर्स, दिल्ली",benign,benign,hi,a,nav,"[TAG=a] [ROLE=nav] विक्रेता: लक्ष्मी ट्रेडर्स, दिल्ली",benign:hi:48,synthetic_v1,0,0,0,0,0,0,0,1
कीमत: रु. 699,benign,benign,hi,span,label,[TAG=span] [ROLE=label] कीमत: रु. 699,benign:hi:45,synthetic_v1,0,0,0,0,0,0,0,1
"विक्रेता: निशा स्टोर, रांची",benign,benign,hi,a,nav,"[TAG=a] [ROLE=nav] विक्रेता: निशा स्टोर, रांची",benign:hi:64,synthetic_v1,0,0,0,0,0,0,0,1
Pepperfry पर फॉर्मल शर्ट की कीमतों की तुलना करें,benign,benign,hi,h2,heading,[TAG=h2] [ROLE=heading] Pepperfry पर फॉर्मल शर्ट की कीमतों की तुलना करें,benign:hi:73,synthetic_v1,0,0,0,0,0,0,0,1
"जयपुर शिपिंग: रु. 2,499",benign,benign,hi,p,body,"[TAG=p] [ROLE=body] जयपुर शिपिंग: रु. 2,499",benign:hi:71,synthetic_v1,0,0,0,0,0,0,0,1
वारंटी: 4 साल,benign,benign,hi,label,form,[TAG=label] [ROLE=form] वारंटी: 4 साल,benign:hi:36,synthetic_v1,0,0,0,0,0,0,0,1
"26,940 people rated air fryer",benign,benign,en,span,label,"[TAG=span] [ROLE=label] 26,940 people rated air fryer",benign:en:68,synthetic_v1,0,0,0,0,0,0,0,1
"बिक्रेता: काव्या ट्रेडर्स, धरान",benign,benign,ne,p,body,"[TAG=p] [ROLE=body] बिक्रेता: काव्या ट्रेडर्स, धरान",benign:ne:48,synthetic_v1,0,0,0,0,0,0,0,1
Kinbech मा पावर ब्यांक — रु. 449,benign,benign,ne,li,nav,[TAG=li] [ROLE=nav] Kinbech मा पावर ब्यांक — रु. 449,benign:ne:62,synthetic_v1,0,0,0,0,0,0,0,1
विराटनगर मा डेलिभरी,benign,benign,ne,label,form,[TAG=label] [ROLE=form] विराटनगर मा डेलिभरी,benign:ne:37,synthetic_v1,0,0,0,0,0,0,0,1
"1,502 verified reviews",benign,benign,en,a,nav,"[TAG=a] [ROLE=nav] 1,502 verified reviews",benign:en:23,synthetic_v1,0,0,0,0,0,0,0,1
"हेटौंडा ढुवानी: रु. 2,499",benign,benign,ne,a,nav,"[TAG=a] [ROLE=nav] हेटौंडा ढुवानी: रु. 2,499",benign:ne:71,synthetic_v1,0,0,0,0,0,0,0,1
काठमाडौँ मा 5 दिनमा डेलिभरी,benign,benign,ne,button,cta,[TAG=button] [ROLE=cta] काठमाडौँ मा 5 दिनमा डेलिभरी,benign:ne:63,synthetic_v1,0,0,0,0,0,0,0,1
HamroBazar मा अफिस कुर्सी मा 40% छुट,benign,benign,ne,li,nav,[TAG=li] [ROLE=nav] HamroBazar मा अफिस कुर्सी मा 40% छुट,benign:ne:70,synthetic_v1,0,0,0,0,0,0,0,1
Search formal shirt on BigBasket,benign,benign,en,p,body,[TAG=p] [ROLE=body] Search formal shirt on BigBasket,benign:en:67,synthetic_v1,0,0,0,0,0,0,0,1
Salesberry ग्राहक सेवा: हमारा Facebook पेज,benign,benign,hi,h2,heading,[TAG=h2] [ROLE=heading] Salesberry ग्राहक सेवा: हमारा Facebook पेज,benign:hi:75,synthetic_v1,0,0,0,0,0,0,0,1
Compare office chair prices on Croma,benign,benign,en,h2,heading,[TAG=h2] [ROLE=heading] Compare office chair prices on Croma,benign:en:74,synthetic_v1,0,0,0,0,0,0,0,1
"चितवन मा स्टकमा, 2 दिनमा पठाइन्छ",benign,benign,ne,p,body,"[TAG=p] [ROLE=body] चितवन मा स्टकमा, 2 दिनमा पठाइन्छ",benign:ne:76,synthetic_v1,0,0,0,0,0,0,0,1
बागलुङ मा 3 दिनमा डेलिभरी,benign,benign,ne,button,cta,[TAG=button] [ROLE=cta] बागलुङ मा 3 दिनमा डेलिभरी,benign:ne:63,synthetic_v1,0,0,0,0,0,0,0,1
20% off formal shirt at Croma,benign,benign,en,button,cta,[TAG=button] [ROLE=cta] 20% off formal shirt at Croma,benign:en:71,synthetic_v1,0,0,0,0,0,0,0,1
पानी की बोतल — रु. 449,benign,benign,hi,li,nav,[TAG=li] [ROLE=nav] पानी की बोतल — रु. 449,benign:hi:46,synthetic_v1,0,0,0,0,0,0,0,1
"ग्राहक समीक्षा (9,118)",benign,benign,ne,h2,heading,"[TAG=h2] [ROLE=heading] ग्राहक समीक्षा (9,118)",benign:ne:03,synthetic_v1,0,0,0,0,0,0,0,1
"winter blanket — 18,332 reviews, Pokhara warehouse",benign,benign,en,p,body,"[TAG=p] [ROLE=body] winter blanket — 18,332 reviews, Pokhara warehouse",benign:en:73,synthetic_v1,0,0,0,0,0,0,0,1
"बिक्रेता: स्नेहा स्टोर, बागलुङ",benign,benign,ne,label,form,"[TAG=label] [ROLE=form] बिक्रेता: स्नेहा स्टोर, बागलुङ",benign:ne:64,synthetic_v1,0,0,0,0,0,0,0,1
"कॉफी मेकर — 766 समीक्षाएँ, चंडीगढ़ गोदाम",benign,benign,hi,h2,heading,"[TAG=h2] [ROLE=heading] कॉफी मेकर — 766 समीक्षाएँ, चंडीगढ़ गोदाम",benign:hi:72,synthetic_v1,0,0,0,0,0,0,0,1
मेरो अर्डरबाट SastoDeal अर्डर रद्द गर्नुहोस्,benign,benign,ne,p,body,[TAG=p] [ROLE=body] मेरो अर्डरबाट SastoDeal अर्डर रद्द गर्नुहोस्,benign:ne:68,synthetic_v1,0,0,0,0,0,0,0,1
FirstCry फिर्ता नीति: 9 दिन,benign,benign,ne,label,form,[TAG=label] [ROLE=form] FirstCry फिर्ता नीति: 9 दिन,benign:ne:65,synthetic_v1,0,0,0,0,0,0,0,1
"दिल्ली में स्टॉक में, 7 दिन में शिप",benign,benign,hi,label,form,"[TAG=label] [ROLE=form] दिल्ली में स्टॉक में, 7 दिन में शिप",benign:hi:76,synthetic_v1,0,0,0,0,0,0,0,1
"सूरत में स्टॉक में, 10 दिन में शिप",benign,benign,hi,p,body,"[TAG=p] [ROLE=body] सूरत में स्टॉक में, 10 दिन में शिप",benign:hi:76,synthetic_v1,0,0,0,0,0,0,0,1
27 सत्यापित समीक्षाएँ,benign,benign,hi,li,nav,[TAG=li] [ROLE=nav] 27 सत्यापित समीक्षाएँ,benign:hi:23,synthetic_v1,0,0,0,0,0,0,0,1
"बिक्रेता: रोहन ट्रेडर्स, बाँके",benign,benign,ne,span,label,"[TAG=span] [ROLE=label] बिक्रेता: रोहन ट्रेडर्स, बाँके",benign:ne:48,synthetic_v1,0,0,0,0,0,0,0,1
84 जनाले रनिङ जुत्ता मूल्याङ्कन गरे,benign,benign,ne,h2,heading,[TAG=h2] [ROLE=heading] 84 जनाले रनिङ जुत्ता मूल्याङ्कन गरे,benign:ne:67,synthetic_v1,0,0,0,0,0,0,0,1
"1,187 सत्यापित समीक्षाएँ",benign,benign,hi,li,nav,"[TAG=li] [ROLE=nav] 1,187 सत्यापित समीक्षाएँ",benign:hi:23,synthetic_v1,0,0,0,0,0,0,0,1
Lenskart मा प्रोटिन पाउडर खोज्नुहोस्,benign,benign,ne,p,body,[TAG=p] [ROLE=body] Lenskart मा प्रोटिन पाउडर खोज्नुहोस्,benign:ne:66,synthetic_v1,0,0,0,0,0,0,0,1
10 दिनभित्र फिर्ता,benign,benign,ne,label,form,[TAG=label] [ROLE=form] 10 दिनभित्र फिर्ता,benign:ne:04,synthetic_v1,0,0,0,0,0,0,0,1
Daraz पर फॉर्मल शर्ट पर 25% छूट,benign,benign,hi,span,label,[TAG=span] [ROLE=label] Daraz पर फॉर्मल शर्ट पर 25% छूट,benign:hi:70,synthetic_v1,0,0,0,0,0,0,0,1
Croma पर स्टडी लैंप की कीमतों की तुलना करें,benign,benign,hi,a,nav,[TAG=a] [ROLE=nav] Croma पर स्टडी लैंप की कीमतों की तुलना करें,benign:hi:73,synthetic_v1,0,0,0,0,0,0,0,1
Croma फिर्ता नीति: 3 दिन,benign,benign,ne,a,nav,[TAG=a] [ROLE=nav] Croma फिर्ता नीति: 3 दिन,benign:ne:65,synthetic_v1,0,0,0,0,0,0,0,1
नेपालगन्ज मा डेलिभरी,benign,benign,ne,a,nav,[TAG=a] [ROLE=nav] नेपालगन्ज मा डेलिभरी,benign:ne:37,synthetic_v1,0,0,0,0,0,0,0,1
"फोन कभर मा रु. 2,499 बाट EMI",benign,benign,ne,h2,heading,"[TAG=h2] [ROLE=heading] फोन कभर मा रु. 2,499 बाट EMI",benign:ne:74,synthetic_v1,0,0,0,0,0,0,0,1
JioMart रिटर्न नीति: 10 दिन,benign,benign,hi,a,nav,[TAG=a] [ROLE=nav] JioMart रिटर्न नीति: 10 दिन,benign:hi:65,synthetic_v1,0,0,0,0,0,0,0,1
EMI from Rs. 299 on winter blanket,benign,benign,en,li,nav,[TAG=li] [ROLE=nav] EMI from Rs. 299 on winter blanket,benign:en:75,synthetic_v1,0,0,0,0,0,0,0,1
Shipping to Pokhara: Rs. 699,benign,benign,en,label,form,[TAG=label] [ROLE=form] Shipping to Pokhara: Rs. 699,benign:en:72,synthetic_v1,0,0,0,0,0,0,0,1
247 इकाई बिकीं,benign,benign,hi,h2,heading,[TAG=h2] [ROLE=heading] 247 इकाई बिकीं,benign:hi:47,synthetic_v1,0,0,0,0,0,0,0,1
Search for school bag,benign,benign,en,label,form,[TAG=label] [ROLE=form] Search for school bag,benign:en:14,synthetic_v1,0,0,0,0,0,0,0,1
"Seller: Manish Traders, Biratnagar",benign,benign,en,span,label,"[TAG=span] [ROLE=label] Seller: Manish Traders, Biratnagar",benign:en:49,synthetic_v1,0,0,0,0,0,0,0,1
Thulo रिटर्न नीति: 10 दिन,benign,benign,hi,button,cta,[TAG=button] [ROLE=cta] Thulo रिटर्न नीति: 10 दिन,benign:hi:65,synthetic_v1,0,0,0,0,0,0,0,1
Size guide for coffee maker,benign,benign,en,li,nav,[TAG=li] [ROLE=nav] Size guide for coffee maker,benign:en:05,synthetic_v1,0,0,0,0,0,0,0,1
Zepto पर पानी की बोतल की कीमतों की तुलना करें,benign,benign,hi,label,form,[TAG=label] [ROLE=form] Zepto पर पानी की बोतल की कीमतों की तुलना करें,benign:hi:73,synthetic_v1,0,0,0,0,0,0,0,1
Ajio पर कॉफी मेकर की कीमतों की तुलना करें,benign,benign,hi,label,form,[TAG=label] [ROLE=form] Ajio पर कॉफी मेकर की कीमतों की तुलना करें,benign:hi:73,synthetic_v1,0,0,0,0,0,0,0,1
EMI from Rs. 149 on smartwatch,benign,benign,en,h2,heading,[TAG=h2] [ROLE=heading] EMI from Rs. 149 on smartwatch,benign:en:75,synthetic_v1,0,0,0,0,0,0,0,1
इलेक्ट्रिक केटल खोजें,benign,benign,hi,a,nav,[TAG=a] [ROLE=nav] इलेक्ट्रिक केटल खोजें,benign:hi:14,synthetic_v1,0,0,0,0,0,0,0,1
"बाँके मा स्टकमा, 14 दिनमा पठाइन्छ",benign,benign,ne,p,body,"[TAG=p] [ROLE=body] बाँके मा स्टकमा, 14 दिनमा पठाइन्छ",benign:ne:76,synthetic_v1,0,0,0,0,0,0,0,1
Salesberry पर हेयर ड्रायर — रु. 699,benign,benign,hi,p,body,[TAG=p] [ROLE=body] Salesberry पर हेयर ड्रायर — रु. 699,benign:hi:62,synthetic_v1,0,0,0,0,0,0,0,1
HamroBazar ग्राहक सेवा: कल सेन्टर,benign,benign,ne,button,cta,[TAG=button] [ROLE=cta] HamroBazar ग्राहक सेवा: कल सेन्टर,benign:ne:75,synthetic_v1,0,0,0,0,0,0,0,1
HamroBazar रिटर्न नीति: 1 दिन,benign,benign,hi,p,body,[TAG=p] [ROLE=body] HamroBazar रिटर्न नीति: 1 दिन,benign:hi:65,synthetic_v1,0,0,0,0,0,0,0,1
"पानी की बोतल — 1,340 समीक्षाएँ, रांची गोदाम",benign,benign,hi,h2,heading,"[TAG=h2] [ROLE=heading] पानी की बोतल — 1,340 समीक्षाएँ, रांची गोदाम",benign:hi:72,synthetic_v1,0,0,0,0,0,0,0,1
889 people rated cotton kurta,benign,benign,en,button,cta,[TAG=button] [ROLE=cta] 889 people rated cotton kurta,benign:en:68,synthetic_v1,0,0,0,0,0,0,0,1
एयर फ्रायर कार्ट में जोड़ें,benign,benign,hi,a,nav,[TAG=a] [ROLE=nav] एयर फ्रायर कार्ट में जोड़ें,benign:hi:00,synthetic_v1,0,0,0,0,0,0,0,1
25% off sports sandals at Snapdeal,benign,benign,en,p,body,[TAG=p] [ROLE=body] 25% off sports sandals at Snapdeal,benign:en:71,synthetic_v1,0,0,0,0,0,0,0,1
Blinkit पर स्टडी लैंप की कीमतों की तुलना करें,benign,benign,hi,li,nav,[TAG=li] [ROLE=nav] Blinkit पर स्टडी लैंप की कीमतों की तुलना करें,benign:hi:73,synthetic_v1,0,0,0,0,0,0,0,1
Flipkart रिटर्न नीति: 7 दिन,benign,benign,hi,button,cta,[TAG=button] [ROLE=cta] Flipkart रिटर्न नीति: 7 दिन,benign:hi:65,synthetic_v1,0,0,0,0,0,0,0,1
View all hair dryer,benign,benign,en,li,nav,[TAG=li] [ROLE=nav] View all hair dryer,benign:en:20,synthetic_v1,0,0,0,0,0,0,0,1
Flipkart पर एयर फ्रायर खोजें,benign,benign,hi,span,label,[TAG=span] [ROLE=label] Flipkart पर एयर फ्रायर खोजें,benign:hi:66,synthetic_v1,0,0,0,0,0,0,0,1
राइस कुकर पर रु. 449 से EMI,benign,benign,hi,a,nav,[TAG=a] [ROLE=nav] राइस कुकर पर रु. 449 से EMI,benign:hi:74,synthetic_v1,0,0,0,0,0,0,0,1
हिउँदको ब्ल्याङ्केट का लागि साइज गाइड,benign,benign,ne,li,nav,[TAG=li] [ROLE=nav] हिउँदको ब्ल्याङ्केट का लागि साइज गाइड,benign:ne:05,synthetic_v1,0,0,0,0,0,0,0,1
889 जनाले ब्याकप्याक मूल्याङ्कन गरे,benign,benign,ne,button,cta,[TAG=button] [ROLE=cta] 889 जनाले ब्याकप्याक मूल्याङ्कन गरे,benign:ne:67,synthetic_v1,0,0,0,0,0,0,0,1
Pepperfry customer care: live chat,benign,benign,en,h2,heading,[TAG=h2] [ROLE=heading] Pepperfry customer care: live chat,benign:en:76,synthetic_v1,0,0,0,0,0,0,0,1
Nykaa मा इन्डक्सन चुल्हो मा 20% छुट,benign,benign,ne,p,body,[TAG=p] [ROLE=body] Nykaa मा इन्डक्सन चुल्हो मा 20% छुट,benign:ne:70,synthetic_v1,0,0,0,0,0,0,0,1
"In stock in Kathmandu, ships in 4 days",benign,benign,en,a,nav,"[TAG=a] [ROLE=nav] In stock in Kathmandu, ships in 4 days",benign:en:77,synthetic_v1,0,0,0,0,0,0,0,1
Daraz फिर्ता नीति: 6 दिन,benign,benign,ne,p,body,[TAG=p] [ROLE=body] Daraz फिर्ता नीति: 6 दिन,benign:ne:65,synthetic_v1,0,0,0,0,0,0,0,1
सभी वायरलेस ईयरबड्स देखें,benign,benign,hi,a,nav,[TAG=a] [ROLE=nav] सभी वायरलेस ईयरबड्स देखें,benign:hi:20,synthetic_v1,0,0,0,0,0,0,0,1
"ट्रेकिंग जैकेट — 1,502 समीक्षाएँ, कोलकाता गोदाम",benign,benign,hi,span,label,"[TAG=span] [ROLE=label] ट्रेकिंग जैकेट — 1,502 समीक्षाएँ, कोलकाता गोदाम",benign:hi:72,synthetic_v1,0,0,0,0,0,0,0,1
"विक्रेता: संजय स्टोर, हैदराबाद",benign,benign,hi,a,nav,"[TAG=a] [ROLE=nav] विक्रेता: संजय स्टोर, हैदराबाद",benign:hi:64,synthetic_v1,0,0,0,0,0,0,0,1
मेरे ऑर्डर से Myntra ऑर्डर रद्द करें,benign,benign,hi,button,cta,[TAG=button] [ROLE=cta] मेरे ऑर्डर से Myntra ऑर्डर रद्द करें,benign:hi:68,synthetic_v1,0,0,0,0,0,0,0,1
ग्राहक समीक्षाएँ (84),benign,benign,hi,a,nav,[TAG=a] [ROLE=nav] ग्राहक समीक्षाएँ (84),benign:hi:03,synthetic_v1,0,0,0,0,0,0,0,1
Gyapu इमेल एक क्लिकमा अनसब्स्क्राइब गर्नुहोस्,benign,benign,ne,p,body,[TAG=p] [ROLE=body] Gyapu इमेल एक क्लिकमा अनसब्स्क्राइब गर्नुहोस्,benign:ne:69,synthetic_v1,0,0,0,0,0,0,0,1
Croma return policy: 12 days,benign,benign,en,p,body,[TAG=p] [ROLE=body] Croma return policy: 12 days,benign:en:66,synthetic_v1,0,0,0,0,0,0,0,1
Pepperfry ग्राहक सेवा: हमारा ईमेल डेस्क,benign,benign,hi,button,cta,[TAG=button] [ROLE=cta] Pepperfry ग्राहक सेवा: हमारा ईमेल डेस्क,benign:hi:75,synthetic_v1,0,0,0,0,0,0,0,1
Snapdeal पर ट्रेकिंग जैकेट की कीमतों की तुलना करें,benign,benign,hi,span,label,[TAG=span] [ROLE=label] Snapdeal पर ट्रेकिंग जैकेट की कीमतों की तुलना करें,benign:hi:73,synthetic_v1,0,0,0,0,0,0,0,1
70% off phone case at Pepperfry,benign,benign,en,p,body,[TAG=p] [ROLE=body] 70% off phone case at Pepperfry,benign:en:71,synthetic_v1,0,0,0,0,0,0,0,1
हेयर ड्रायर — रु. 49,benign,benign,ne,p,body,[TAG=p] [ROLE=body] हेयर ड्रायर — रु. 49,benign:ne:46,synthetic_v1,0,0,0,0,0,0,0,1
Flipkart ग्राहक सेवा: हाम्रो इमेल डेस्क,benign,benign,ne,button,cta,[TAG=button] [ROLE=cta] Flipkart ग्राहक सेवा: हाम्रो इमेल डेस्क,benign:ne:75,synthetic_v1,0,0,0,0,0,0,0,1
"जनकपुर ढुवानी: रु. 1,499",benign,benign,ne,p,body,"[TAG=p] [ROLE=body] जनकपुर ढुवानी: रु. 1,499",benign:ne:71,synthetic_v1,0,0,0,0,0,0,0,1
Compare sports sandals prices on Zepto,benign,benign,en,button,cta,[TAG=button] [ROLE=cta] Compare sports sandals prices on Zepto,benign:en:74,synthetic_v1,0,0,0,0,0,0,0,1
"फॉर्मल शर्ट पर रु. 1,999 से EMI",benign,benign,hi,label,form,"[TAG=label] [ROLE=form] फॉर्मल शर्ट पर रु. 1,999 से EMI",benign:hi:74,synthetic_v1,0,0,0,0,0,0,0,1
Lenskart मा स्पोर्ट्स चप्पल मूल्य तुलना गर्नुहोस्,benign,benign,ne,label,form,[TAG=label] [ROLE=form] Lenskart मा स्पोर्ट्स चप्पल मूल्य तुलना गर्नुहोस्,benign:ne:73,synthetic_v1,0,0,0,0,0,0,0,1
EMI from Rs. 449 on smartwatch,benign,benign,en,label,form,[TAG=label] [ROLE=form] EMI from Rs. 449 on smartwatch,benign:en:75,synthetic_v1,0,0,0,0,0,0,0,1
"विक्रेता: अर्जुन ट्रेडर्स, सूरत",benign,benign,hi,p,body,"[TAG=p] [ROLE=body] विक्रेता: अर्जुन ट्रेडर्स, सूरत",benign:hi:48,synthetic_v1,0,0,0,0,0,0,0,1
कटन कुर्ता मा रु. 199 बाट EMI,benign,benign,ne,button,cta,[TAG=button] [ROLE=cta] कटन कुर्ता मा रु. 199 बाट EMI,benign:ne:74,synthetic_v1,0,0,0,0,0,0,0,1
Cash on delivery available in Delhi,benign,benign,en,label,form,[TAG=label] [ROLE=form] Cash on delivery available in Delhi,benign:en:09,synthetic_v1,0,0,0,0,0,0,0,1
भक्तपुर मा 4 दिनमा डेलिभरी,benign,benign,ne,h2,heading,[TAG=h2] [ROLE=heading] भक्तपुर मा 4 दिनमा डेलिभरी,benign:ne:63,synthetic_v1,0,0,0,0,0,0,0,1
"सुर्खेत मा स्टकमा, 14 दिनमा पठाइन्छ",benign,benign,ne,button,cta,"[TAG=button] [ROLE=cta] सुर्खेत मा स्टकमा, 14 दिनमा पठाइन्छ",benign:ne:76,synthetic_v1,0,0,0,0,0,0,0,1
"In stock in Jaipur, ships in 2 days",benign,benign,en,span,label,"[TAG=span] [ROLE=label] In stock in Jaipur, ships in 2 days",benign:en:77,synthetic_v1,0,0,0,0,0,0,0,1
"तनहुँ मा स्टकमा, 14 दिनमा पठाइन्छ",benign,benign,ne,span,label,"[TAG=span] [ROLE=label] तनहुँ मा स्टकमा, 14 दिनमा पठाइन्छ",benign:ne:76,synthetic_v1,0,0,0,0,0,0,0,1
मेरो अर्डरबाट HamroBazar अर्डर रद्द गर्नुहोस्,benign,benign,ne,li,nav,[TAG=li] [ROLE=nav] मेरो अर्डरबाट HamroBazar अर्डर रद्द गर्नुहोस्,benign:ne:68,synthetic_v1,0,0,0,0,0,0,0,1
"Sold by Deepa Store, Bengaluru",benign,benign,en,label,form,"[TAG=label] [ROLE=form] Sold by Deepa Store, Bengaluru",benign:en:65,synthetic_v1,0,0,0,0,0,0,0,1
बैकपैक खोजें,benign,benign,hi,label,form,[TAG=label] [ROLE=form] बैकपैक खोजें,benign:hi:14,synthetic_v1,0,0,0,0,0,0,0,1
"बिक्रेता: काव्या स्टोर, चितवन",benign,benign,ne,button,cta,"[TAG=button] [ROLE=cta] बिक्रेता: काव्या स्टोर, चितवन",benign:ne:64,synthetic_v1,0,0,0,0,0,0,0,1
Unsubscribe from Amazon emails in one click,benign,benign,en,label,form,[TAG=label] [ROLE=form] Unsubscribe from Amazon emails in one click,benign:en:70,synthetic_v1,0,0,0,0,0,0,0,1
"बिक्रेता: नवीन स्टोर, हेटौंडा",benign,benign,ne,h2,heading,"[TAG=h2] [ROLE=heading] बिक्रेता: नवीन स्टोर, हेटौंडा",benign:ne:64,synthetic_v1,0,0,0,0,0,0,0,1
पोखरा मा 14 दिनमा डेलिभरी,benign,benign,ne,p,body,[TAG=p] [ROLE=body] पोखरा मा 14 दिनमा डेलिभरी,benign:ne:63,synthetic_v1,0,0,0,0,0,0,0,1
लैपटॉप बैग की तुलना करें,benign,benign,hi,li,nav,[TAG=li] [ROLE=nav] लैपटॉप बैग की तुलना करें,benign:hi:12,synthetic_v1,0,0,0,0,0,0,0,1
Lenskart मा कटन कुर्ता खोज्नुहोस्,benign,benign,ne,label,form,[TAG=label] [ROLE=form] Lenskart मा कटन कुर्ता खोज्नुहोस्,benign:ne:66,synthetic_v1,0,0,0,0,0,0,0,1
Gyapu मा ट्रेकिङ ज्याकेट मूल्य तुलना गर्नुहोस्,benign,benign,ne,label,form,[TAG=label] [ROLE=form] Gyapu मा ट्रेकिङ ज्याकेट मूल्य तुलना गर्नुहोस्,benign:ne:73,synthetic_v1,0,0,0,0,0,0,0,1
"एयर फ्रायर — 63 समीक्षाएँ, कोलकाता गोदाम",benign,benign,hi,h2,heading,"[TAG=h2] [ROLE=heading] एयर फ्रायर — 63 समीक्षाएँ, कोलकाता गोदाम",benign:hi:72,synthetic_v1,0,0,0,0,0,0,0,1
20% off induction cooktop at Pepperfry,benign,benign,en,label,form,[TAG=label] [ROLE=form] 20% off induction cooktop at Pepperfry,benign:en:71,synthetic_v1,0,0,0,0,0,0,0,1
Price: Rs. 349,benign,benign,en,li,nav,[TAG=li] [ROLE=nav] Price: Rs. 349,benign:en:45,synthetic_v1,0,0,0,0,0,0,0,1
Snapdeal पर ट्रेकिंग जैकेट पर 80% छूट,benign,benign,hi,button,cta,[TAG=button] [ROLE=cta] Snapdeal पर ट्रेकिंग जैकेट पर 80% छूट,benign:hi:70,synthetic_v1,0,0,0,0,0,0,0,1
पानी की बोतल के लिए साइज़ गाइड,benign,benign,hi,li,nav,[TAG=li] [ROLE=nav] पानी की बोतल के लिए साइज़ गाइड,benign:hi:05,synthetic_v1,0,0,0,0,0,0,0,1
Cancel your Snapdeal order from My Orders,benign,benign,en,p,body,[TAG=p] [ROLE=body] Cancel your Snapdeal order from My Orders,benign:en:69,synthetic_v1,0,0,0,0,0,0,0,1
Meesho फिर्ता नीति: 3 दिन,benign,benign,ne,button,cta,[TAG=button] [ROLE=cta] Meesho फिर्ता नीति: 3 दिन,benign:ne:65,synthetic_v1,0,0,0,0,0,0,0,1
Croma फिर्ता नीति: 1 दिन,benign,benign,ne,span,label,[TAG=span] [ROLE=label] Croma फिर्ता नीति: 1 दिन,benign:ne:65,synthetic_v1,0,0,0,0,0,0,0,1
मेरे ऑर्डर से FirstCry ऑर्डर रद्द करें,benign,benign,hi,p,body,[TAG=p] [ROLE=body] मेरे ऑर्डर से FirstCry ऑर्डर रद्द करें,benign:hi:68,synthetic_v1,0,0,0,0,0,0,0,1
ठेगाना सुरक्षित गर्नुहोस्,benign,benign,ne,span,label,[TAG=span] [ROLE=label] ठेगाना सुरक्षित गर्नुहोस्,benign:ne:17,synthetic_v1,0,0,0,0,0,0,0,1
"विक्रेता: सागर ट्रेडर्स, भोपाल",benign,benign,hi,h2,heading,"[TAG=h2] [ROLE=heading] विक्रेता: सागर ट्रेडर्स, भोपाल",benign:hi:48,synthetic_v1,0,0,0,0,0,0,0,1
स्कूल बैग की तुलना करें,benign,benign,hi,li,nav,[TAG=li] [ROLE=nav] स्कूल बैग की तुलना करें,benign:hi:12,synthetic_v1,0,0,0,0,0,0,0,1
Amazon पर एयर फ्रायर पर 50% छूट,benign,benign,hi,a,nav,[TAG=a] [ROLE=nav] Amazon पर एयर फ्रायर पर 50% छूट,benign:hi:70,synthetic_v1,0,0,0,0,0,0,0,1
"Sold by Rohan Store, Nepalgunj",benign,benign,en,li,nav,"[TAG=li] [ROLE=nav] Sold by Rohan Store, Nepalgunj",benign:en:65,synthetic_v1,0,0,0,0,0,0,0,1
ब्लूटूथ स्पीकर के लिए साइज़ गाइड,benign,benign,hi,a,nav,[TAG=a] [ROLE=nav] ब्लूटूथ स्पीकर के लिए साइज़ गाइड,benign:hi:05,synthetic_v1,0,0,0,0,0,0,0,1
electric kettle at Tata Cliq — Rs. 49,benign,benign,en,label,form,[TAG=label] [ROLE=form] electric kettle at Tata Cliq — Rs. 49,benign:en:63,synthetic_v1,0,0,0,0,0,0,0,1
"विक्रेता: मीरा स्टोर, बेंगलुरु",benign,benign,hi,li,nav,"[TAG=li] [ROLE=nav] विक्रेता: मीरा स्टोर, बेंगलुरु",benign:hi:64,synthetic_v1,0,0,0,0,0,0,0,1
ब्लूटूथ स्पीकर पर रु. 349 से EMI,benign,benign,hi,p,body,[TAG=p] [ROLE=body] ब्लूटूथ स्पीकर पर रु. 349 से EMI,benign:hi:74,synthetic_v1,0,0,0,0,0,0,0,1
सुर्खेत ढुवानी: रु. 699,benign,benign,ne,span,label,[TAG=span] [ROLE=label] सुर्खेत ढुवानी: रु. 699,benign:ne:71,synthetic_v1,0,0,0,0,0,0,0,1
पोखरा मा 10 दिनमा डेलिभरी,benign,benign,ne,a,nav,[TAG=a] [ROLE=nav] पोखरा मा 10 दिनमा डेलिभरी,benign:ne:63,synthetic_v1,0,0,0,0,0,0,0,1
प्रोटीन पाउडर पर रु. 399 से EMI,benign,benign,hi,button,cta,[TAG=button] [ROLE=cta] प्रोटीन पाउडर पर रु. 399 से EMI,benign:hi:74,synthetic_v1,0,0,0,0,0,0,0,1
"बिक्रेता: प्रकाश स्टोर, नेपालगन्ज",benign,benign,ne,p,body,"[TAG=p] [ROLE=body] बिक्रेता: प्रकाश स्टोर, नेपालगन्ज",benign:ne:64,synthetic_v1,0,0,0,0,0,0,0,1
ग्राहक समीक्षाएँ (766),benign,benign,hi,label,form,[TAG=label] [ROLE=form] ग्राहक समीक्षाएँ (766),benign:hi:03,synthetic_v1,0,0,0,0,0,0,0,1
"EMI from Rs. 1,499 on noise cancelling headphones",benign,benign,en,li,nav,"[TAG=li] [ROLE=nav] EMI from Rs. 1,499 on noise cancelling headphones",benign:en:75,synthetic_v1,0,0,0,0,0,0,0,1
Shipping to Pune: Rs. 449,benign,benign,en,button,cta,[TAG=button] [ROLE=cta] Shipping to Pune: Rs. 449,benign:en:72,synthetic_v1,0,0,0,0,0,0,0,1
Delivery to Dharan in 5 days,benign,benign,en,li,nav,[TAG=li] [ROLE=nav] Delivery to Dharan in 5 days,benign:en:64,synthetic_v1,0,0,0,0,0,0,0,1
"राइस कुकर पर रु. 1,199 से EMI",benign,benign,hi,li,nav,"[TAG=li] [ROLE=nav] राइस कुकर पर रु. 1,199 से EMI",benign:hi:74,synthetic_v1,0,0,0,0,0,0,0,1
दिल्ली में 10 दिन में डिलीवरी,benign,benign,hi,h2,heading,[TAG=h2] [ROLE=heading] दिल्ली में 10 दिन में डिलीवरी,benign:hi:63,synthetic_v1,0,0,0,0,0,0,0,1
Meesho पर ब्लूटूथ स्पीकर पर 10% छूट,benign,benign,hi,label,form,[TAG=label] [ROLE=form] Meesho पर ब्लूटूथ स्पीकर पर 10% छूट,benign:hi:70,synthetic_v1,0,0,0,0,0,0,0,1
winter blanket — Rs. 149,benign,benign,en,span,label,[TAG=span] [ROLE=label] winter blanket — Rs. 149,benign:en:46,synthetic_v1,0,0,0,0,0,0,0,1
Myntra पर सर्दी का कंबल खोजें,benign,benign,hi,li,nav,[TAG=li] [ROLE=nav] Myntra पर सर्दी का कंबल खोजें,benign:hi:66,synthetic_v1,0,0,0,0,0,0,0,1
402 थान बिक्री भयो,benign,benign,ne,button,cta,[TAG=button] [ROLE=cta] 402 थान बिक्री भयो,benign:ne:47,synthetic_v1,0,0,0,0,0,0,0,1
50% off winter blanket at HamroBazar,benign,benign,en,label,form,[TAG=label] [ROLE=form] 50% off winter blanket at HamroBazar,benign:en:71,synthetic_v1,0,0,0,0,0,0,0,1
एयर फ्रायर — रु. 699,benign,benign,hi,span,label,[TAG=span] [ROLE=label] एयर फ्रायर — रु. 699,benign:hi:46,synthetic_v1,0,0,0,0,0,0,0,1
"ब्लूटूथ स्पीकर पर रु. 2,999 से EMI",benign,benign,hi,li,nav,"[TAG=li] [ROLE=nav] ब्लूटूथ स्पीकर पर रु. 2,999 से EMI",benign:hi:74,synthetic_v1,0,0,0,0,0,0,0,1
कोलकाता में 3 दिन में डिलीवरी,benign,benign,hi,h2,heading,[TAG=h2] [ROLE=heading] कोलकाता में 3 दिन में डिलीवरी,benign:hi:63,synthetic_v1,0,0,0,0,0,0,0,1
स्टडी लाइट उपलब्ध भएपछि जानकारी दिनुहोस्,benign,benign,ne,a,nav,[TAG=a] [ROLE=nav] स्टडी लाइट उपलब्ध भएपछि जानकारी दिनुहोस्,benign:ne:33,synthetic_v1,0,0,0,0,0,0,0,1
Compare protein powder,benign,benign,en,a,nav,[TAG=a] [ROLE=nav] Compare protein powder,benign:en:12,synthetic_v1,0,0,0,0,0,0,0,1
"Sold by Kiran Store, Pune",benign,benign,en,label,form,"[TAG=label] [ROLE=form] Sold by Kiran Store, Pune",benign:en:65,synthetic_v1,0,0,0,0,0,0,0,1
Customer reviews (312),benign,benign,en,label,form,[TAG=label] [ROLE=form] Customer reviews (312),benign:en:03,synthetic_v1,0,0,0,0,0,0,0,1
इलेक्ट्रिक केतली खोज्नुहोस्,benign,benign,ne,p,body,[TAG=p] [ROLE=body] इलेक्ट्रिक केतली खोज्नुहोस्,benign:ne:14,synthetic_v1,0,0,0,0,0,0,0,1
कॉटन कुर्ता कार्ट में जोड़ें,benign,benign,hi,li,nav,[TAG=li] [ROLE=nav] कॉटन कुर्ता कार्ट में जोड़ें,benign:hi:00,synthetic_v1,0,0,0,0,0,0,0,1
Ajio फिर्ता नीति: 5 दिन,benign,benign,ne,button,cta,[TAG=button] [ROLE=cta] Ajio फिर्ता नीति: 5 दिन,benign:ne:65,synthetic_v1,0,0,0,0,0,0,0,1
पानीको बोतल — रु. 249,benign,benign,ne,a,nav,[TAG=a] [ROLE=nav] पानीको बोतल — रु. 249,benign:ne:46,synthetic_v1,0,0,0,0,0,0,0,1
30% off sunglasses at Zepto,benign,benign,en,button,cta,[TAG=button] [ROLE=cta] 30% off sunglasses at Zepto,benign:en:71,synthetic_v1,0,0,0,0,0,0,0,1
812 इकाई बिकीं,benign,benign,hi,p,body,[TAG=p] [ROLE=body] 812 इकाई बिकीं,benign:hi:47,synthetic_v1,0,0,0,0,0,0,0,1
SastoDeal ग्राहक सेवा: कॉल सेंटर,benign,benign,hi,span,label,[TAG=span] [ROLE=label] SastoDeal ग्राहक सेवा: कॉल सेंटर,benign:hi:75,synthetic_v1,0,0,0,0,0,0,0,1
"रांची में स्टॉक में, 5 दिन में शिप",benign,benign,hi,h2,heading,"[TAG=h2] [ROLE=heading] रांची में स्टॉक में, 5 दिन में शिप",benign:hi:76,synthetic_v1,0,0,0,0,0,0,0,1
induction cooktop — Rs. 999,benign,benign,en,h2,heading,[TAG=h2] [ROLE=heading] induction cooktop — Rs. 999,benign:en:46,synthetic_v1,0,0,0,0,0,0,0,1
"मुंबई शिपिंग: रु. 2,499",benign,benign,hi,p,body,"[TAG=p] [ROLE=body] मुंबई शिपिंग: रु. 2,499",benign:hi:71,synthetic_v1,0,0,0,0,0,0,0,1
Snapdeal मा एयर फ्रायर खोज्नुहोस्,benign,benign,ne,span,label,[TAG=span] [ROLE=label] Snapdeal मा एयर फ्रायर खोज्नुहोस्,benign:ne:66,synthetic_v1,0,0,0,0,0,0,0,1
Shipping fee: Rs. 49 (shown before payment),benign,benign,en,button,cta,[TAG=button] [ROLE=cta] Shipping fee: Rs. 49 (shown before payment),benign:en:43,synthetic_v1,0,0,0,0,0,0,0,1
चितवन मा क्यास अन डेलिभरी उपलब्ध,benign,benign,ne,p,body,[TAG=p] [ROLE=body] चितवन मा क्यास अन डेलिभरी उपलब्ध,benign:ne:09,synthetic_v1,0,0,0,0,0,0,0,1
701 verified reviews,benign,benign,en,label,form,[TAG=label] [ROLE=form] 701 verified reviews,benign:en:23,synthetic_v1,0,0,0,0,0,0,0,1
ललितपुर ढुवानी: रु. 699,benign,benign,ne,p,body,[TAG=p] [ROLE=body] ललितपुर ढुवानी: रु. 699,benign:ne:71,synthetic_v1,0,0,0,0,0,0,0,1
"11,204 जनाले एयर फ्रायर मूल्याङ्कन गरे",benign,benign,ne,button,cta,"[TAG=button] [ROLE=cta] 11,204 जनाले एयर फ्रायर मूल्याङ्कन गरे",benign:ne:67,synthetic_v1,0,0,0,0,0,0,0,1
कॉफी मेकर के लिए साइज़ गाइड,benign,benign,hi,li,nav,[TAG=li] [ROLE=nav] कॉफी मेकर के लिए साइज़ गाइड,benign:hi:05,synthetic_v1,0,0,0,0,0,0,0,1
"1,340 people rated phone case",benign,benign,en,a,nav,"[TAG=a] [ROLE=nav] 1,340 people rated phone case",benign:en:68,synthetic_v1,0,0,0,0,0,0,0,1
Muncha मा वायरलेस इयरबड्स खोज्नुहोस्,benign,benign,ne,p,body,[TAG=p] [ROLE=body] Muncha मा वायरलेस इयरबड्स खोज्नुहोस्,benign:ne:66,synthetic_v1,0,0,0,0,0,0,0,1
"बैकपैक — 1,024 समीक्षाएँ, चंडीगढ़ गोदाम",benign,benign,hi,span,label,"[TAG=span] [ROLE=label] बैकपैक — 1,024 समीक्षाएँ, चंडीगढ़ गोदाम",benign:hi:72,synthetic_v1,0,0,0,0,0,0,0,1
Shipping to Pune: Rs. 599,benign,benign,en,h2,heading,[TAG=h2] [ROLE=heading] Shipping to Pune: Rs. 599,benign:en:72,synthetic_v1,0,0,0,0,0,0,0,1
हेयर ड्रायर का लागि साइज गाइड,benign,benign,ne,label,form,[TAG=label] [ROLE=form] हेयर ड्रायर का लागि साइज गाइड,benign:ne:05,synthetic_v1,0,0,0,0,0,0,0,1
63 people rated smartwatch,benign,benign,en,button,cta,[TAG=button] [ROLE=cta] 63 people rated smartwatch,benign:en:68,synthetic_v1,0,0,0,0,0,0,0,1
Snapdeal रिटर्न नीति: 5 दिन,benign,benign,hi,h2,heading,[TAG=h2] [ROLE=heading] Snapdeal रिटर्न नीति: 5 दिन,benign:hi:65,synthetic_v1,0,0,0,0,0,0,0,1
35% छुट,benign,benign,ne,a,nav,[TAG=a] [ROLE=nav] 35% छुट,benign:ne:10,synthetic_v1,0,0,0,0,0,0,0,1
स्पोर्ट्स चप्पल मा रु. 599 बाट EMI,benign,benign,ne,li,nav,[TAG=li] [ROLE=nav] स्पोर्ट्स चप्पल मा रु. 599 बाट EMI,benign:ne:74,synthetic_v1,0,0,0,0,0,0,0,1
Nykaa मा फर्मल सर्ट मा 40% छुट,benign,benign,ne,span,label,[TAG=span] [ROLE=label] Nykaa मा फर्मल सर्ट मा 40% छुट,benign:ne:70,synthetic_v1,0,0,0,0,0,0,0,1
Cancel your Muncha order from My Orders,benign,benign,en,p,body,[TAG=p] [ROLE=body] Cancel your Muncha order from My Orders,benign:en:69,synthetic_v1,0,0,0,0,0,0,0,1
वायरलेस इयरबड्स कार्टमा राख्नुहोस्,benign,benign,ne,li,nav,[TAG=li] [ROLE=nav] वायरलेस इयरबड्स कार्टमा राख्नुहोस्,benign:ne:00,synthetic_v1,0,0,0,0,0,0,0,1
"बिक्रेता: रोहन स्टोर, गोरखा",benign,benign,ne,button,cta,"[TAG=button] [ROLE=cta] बिक्रेता: रोहन स्टोर, गोरखा",benign:ne:64,synthetic_v1,0,0,0,0,0,0,0,1
"विक्रेता: आरव स्टोर, वाराणसी",benign,benign,hi,a,nav,"[TAG=a] [ROLE=nav] विक्रेता: आरव स्टोर, वाराणसी",benign:hi:64,synthetic_v1,0,0,0,0,0,0,0,1
SastoDeal फिर्ता नीति: 5 दिन,benign,benign,ne,li,nav,[TAG=li] [ROLE=nav] SastoDeal फिर्ता नीति: 5 दिन,benign:ne:65,synthetic_v1,0,0,0,0,0,0,0,1
"Sold by Prakash Store, Nepalgunj",benign,benign,en,label,form,"[TAG=label] [ROLE=form] Sold by Prakash Store, Nepalgunj",benign:en:65,synthetic_v1,0,0,0,0,0,0,0,1
दमक मा 2 दिनमा डेलिभरी,benign,benign,ne,li,nav,[TAG=li] [ROLE=nav] दमक मा 2 दिनमा डेलिभरी,benign:ne:63,synthetic_v1,0,0,0,0,0,0,0,1
कटन कुर्ता तुलना गर्नुहोस्,benign,benign,ne,label,form,[TAG=label] [ROLE=form] कटन कुर्ता तुलना गर्नुहोस्,benign:ne:12,synthetic_v1,0,0,0,0,0,0,0,1
"Customer reviews (14,860)",benign,benign,en,a,nav,"[TAG=a] [ROLE=nav] Customer reviews (14,860)",benign:en:03,synthetic_v1,0,0,0,0,0,0,0,1
"In stock in Kathmandu, ships in 2 days",benign,benign,en,a,nav,"[TAG=a] [ROLE=nav] In stock in Kathmandu, ships in 2 days",benign:en:77,synthetic_v1,0,0,0,0,0,0,0,1
Meesho मा ब्लुटुथ स्पिकर — रु. 49,benign,benign,ne,p,body,[TAG=p] [ROLE=body] Meesho मा ब्लुटुथ स्पिकर — रु. 49,benign:ne:62,synthetic_v1,0,0,0,0,0,0,0,1
Compare bluetooth speaker,benign,benign,en,label,form,[TAG=label] [ROLE=form] Compare bluetooth speaker,benign:en:12,synthetic_v1,0,0,0,0,0,0,0,1
Search power bank on Pepperfry,benign,benign,en,li,nav,[TAG=li] [ROLE=nav] Search power bank on Pepperfry,benign:en:67,synthetic_v1,0,0,0,0,0,0,0,1
Compare electric kettle prices on Nykaa,benign,benign,en,button,cta,[TAG=button] [ROLE=cta] Compare electric kettle prices on Nykaa,benign:en:74,synthetic_v1,0,0,0,0,0,0,0,1
"5,872 प्रमाणित समीक्षा",benign,benign,ne,span,label,"[TAG=span] [ROLE=label] 5,872 प्रमाणित समीक्षा",benign:ne:23,synthetic_v1,0,0,0,0,0,0,0,1
"तनहुँ ढुवानी: रु. 1,199",benign,benign,ne,label,form,"[TAG=label] [ROLE=form] तनहुँ ढुवानी: रु. 1,199",benign:ne:71,synthetic_v1,0,0,0,0,0,0,0,1
BigBasket फिर्ता नीति: 1 दिन,benign,benign,ne,a,nav,[TAG=a] [ROLE=nav] BigBasket फिर्ता नीति: 1 दिन,benign:ne:65,synthetic_v1,0,0,0,0,0,0,0,1
रनिंग शूज़ उपलब्ध होने पर सूचित करें,benign,benign,hi,p,body,[TAG=p] [ROLE=body] रनिंग शूज़ उपलब्ध होने पर सूचित करें,benign:hi:33,synthetic_v1,0,0,0,0,0,0,0,1
Tata Cliq मा स्मार्टवाच मा 50% छुट,benign,benign,ne,p,body,[TAG=p] [ROLE=body] Tata Cliq मा स्मार्टवाच मा 50% छुट,benign:ne:70,synthetic_v1,0,0,0,0,0,0,0,1
634 लोगों ने वायरलेस ईयरबड्स को रेट किया,benign,benign,hi,li,nav,[TAG=li] [ROLE=nav] 634 लोगों ने वायरलेस ईयरबड्स को रेट किया,benign:hi:67,synthetic_v1,0,0,0,0,0,0,0,1
सबै स्मार्टवाच हेर्नुहोस्,benign,benign,ne,li,nav,[TAG=li] [ROLE=nav] सबै स्मार्टवाच हेर्नुहोस्,benign:ne:20,synthetic_v1,0,0,0,0,0,0,0,1
Meesho फिर्ता नीति: 4 दिन,benign,benign,ne,label,form,[TAG=label] [ROLE=form] Meesho फिर्ता नीति: 4 दिन,benign:ne:65,synthetic_v1,0,0,0,0,0,0,0,1
Reliance Digital ग्राहक सेवा: लाइभ च्याट,benign,benign,ne,label,form,[TAG=label] [ROLE=form] Reliance Digital ग्राहक सेवा: लाइभ च्याट,benign:ne:75,synthetic_v1,0,0,0,0,0,0,0,1
"बिक्रेता: अनिता ट्रेडर्स, चितवन",benign,benign,ne,p,body,"[TAG=p] [ROLE=body] बिक्रेता: अनिता ट्रेडर्स, चितवन",benign:ne:48,synthetic_v1,0,0,0,0,0,0,0,1
तनहुँ मा 14 दिनमा डेलिभरी,benign,benign,ne,h2,heading,[TAG=h2] [ROLE=heading] तनहुँ मा 14 दिनमा डेलिभरी,benign:ne:63,synthetic_v1,0,0,0,0,0,0,0,1
Croma customer care: our email desk,benign,benign,en,button,cta,[TAG=button] [ROLE=cta] Croma customer care: our email desk,benign:en:76,synthetic_v1,0,0,0,0,0,0,0,1
लैपटॉप बैग कार्ट में जोड़ें,benign,benign,hi,p,body,[TAG=p] [ROLE=body] लैपटॉप बैग कार्ट में जोड़ें,benign:hi:00,synthetic_v1,0,0,0,0,0,0,0,1
Daraz पर बैकपैक की कीमतों की तुलना करें,benign,benign,hi,button,cta,[TAG=button] [ROLE=cta] Daraz पर बैकपैक की कीमतों की तुलना करें,benign:hi:73,synthetic_v1,0,0,0,0,0,0,0,1
हैदराबाद शिपिंग: रु. 49,benign,benign,hi,h2,heading,[TAG=h2] [ROLE=heading] हैदराबाद शिपिंग: रु. 49,benign:hi:71,synthetic_v1,0,0,0,0,0,0,0,1
"1,765 जनाले इलेक्ट्रिक केतली मूल्याङ्कन गरे",benign,benign,ne,button,cta,"[TAG=button] [ROLE=cta] 1,765 जनाले इलेक्ट्रिक केतली मूल्याङ्कन गरे",benign:ne:67,synthetic_v1,0,0,0,0,0,0,0,1
40% off denim jeans at Ajio,benign,benign,en,p,body,[TAG=p] [ROLE=body] 40% off denim jeans at Ajio,benign:en:71,synthetic_v1,0,0,0,0,0,0,0,1
electric kettle at Muncha — Rs. 449,benign,benign,en,label,form,[TAG=label] [ROLE=form] electric kettle at Muncha — Rs. 449,benign:en:63,synthetic_v1,0,0,0,0,0,0,0,1
"स्मार्टवाच — 512 समीक्षा, सुर्खेत गोदाम",benign,benign,ne,a,nav,"[TAG=a] [ROLE=nav] स्मार्टवाच — 512 समीक्षा, सुर्खेत गोदाम",benign:ne:72,synthetic_v1,0,0,0,0,0,0,0,1
"EMI options available from Rs. 2,499/month",benign,benign,en,span,label,"[TAG=span] [ROLE=label] EMI options available from Rs. 2,499/month",benign:en:34,synthetic_v1,0,0,0,0,0,0,0,1
"बिक्रेता: ज्योति स्टोर, तनहुँ",benign,benign,ne,h2,heading,"[TAG=h2] [ROLE=heading] बिक्रेता: ज्योति स्टोर, तनहुँ",benign:ne:64,synthetic_v1,0,0,0,0,0,0,0,1
Salesberry रिटर्न नीति: 4 दिन,benign,benign,hi,p,body,[TAG=p] [ROLE=body] Salesberry रिटर्न नीति: 4 दिन,benign:hi:65,synthetic_v1,0,0,0,0,0,0,0,1
BigBasket पर धूप का चश्मा खोजें,benign,benign,hi,span,label,[TAG=span] [ROLE=label] BigBasket पर धूप का चश्मा खोजें,benign:hi:66,synthetic_v1,0,0,0,0,0,0,0,1
"9,118 लोगों ने गेमिंग माउस को रेट किया",benign,benign,hi,button,cta,"[TAG=button] [ROLE=cta] 9,118 लोगों ने गेमिंग माउस को रेट किया",benign:hi:67,synthetic_v1,0,0,0,0,0,0,0,1
वाराणसी शिपिंग: रु. 199,benign,benign,hi,p,body,[TAG=p] [ROLE=body] वाराणसी शिपिंग: रु. 199,benign:hi:71,synthetic_v1,0,0,0,0,0,0,0,1
Kinbech मा पावर ब्यांक खोज्नुहोस्,benign,benign,ne,h2,heading,[TAG=h2] [ROLE=heading] Kinbech मा पावर ब्यांक खोज्नुहोस्,benign:ne:66,synthetic_v1,0,0,0,0,0,0,0,1
"In stock in Mumbai, ships in 14 days",benign,benign,en,li,nav,"[TAG=li] [ROLE=nav] In stock in Mumbai, ships in 14 days",benign:en:77,synthetic_v1,0,0,0,0,0,0,0,1
ललितपुर ढुवानी: रु. 499,benign,benign,ne,button,cta,[TAG=button] [ROLE=cta] ललितपुर ढुवानी: रु. 499,benign:ne:71,synthetic_v1,0,0,0,0,0,0,0,1
"Sold by Deepa Store, Lalitpur",benign,benign,en,button,cta,"[TAG=button] [ROLE=cta] Sold by Deepa Store, Lalitpur",benign:en:65,synthetic_v1,0,0,0,0,0,0,0,1
Contact us,benign,benign,en,span,label,[TAG=span] [ROLE=label] Contact us,benign:en:21,synthetic_v1,0,0,0,0,0,0,0,1
धूप का चश्मा — रु. 249,benign,benign,hi,a,nav,[TAG=a] [ROLE=nav] धूप का चश्मा — रु. 249,benign:hi:46,synthetic_v1,0,0,0,0,0,0,0,1
वाराणसी शिपिंग: रु. 899,benign,benign,hi,li,nav,[TAG=li] [ROLE=nav] वाराणसी शिपिंग: रु. 899,benign:hi:71,synthetic_v1,0,0,0,0,0,0,0,1
"सुर्खेत मा स्टकमा, 3 दिनमा पठाइन्छ",benign,benign,ne,p,body,"[TAG=p] [ROLE=body] सुर्खेत मा स्टकमा, 3 दिनमा पठाइन्छ",benign:ne:76,synthetic_v1,0,0,0,0,0,0,0,1
Pepperfry पर ऑफिस चेयर की कीमतों की तुलना करें,benign,benign,hi,label,form,[TAG=label] [ROLE=form] Pepperfry पर ऑफिस चेयर की कीमतों की तुलना करें,benign:hi:73,synthetic_v1,0,0,0,0,0,0,0,1
512 people rated yoga mat,benign,benign,en,p,body,[TAG=p] [ROLE=body] 512 people rated yoga mat,benign:en:68,synthetic_v1,0,0,0,0,0,0,0,1
स्टडी लाइट — रु. 199,benign,benign,ne,li,nav,[TAG=li] [ROLE=nav] स्टडी लाइट — रु. 199,benign:ne:46,synthetic_v1,0,0,0,0,0,0,0,1
Reliance Digital ग्राहक सेवा: हमारा WhatsApp नंबर,benign,benign,hi,button,cta,[TAG=button] [ROLE=cta] Reliance Digital ग्राहक सेवा: हमारा WhatsApp नंबर,benign:hi:75,synthetic_v1,0,0,0,0,0,0,0,1
112 इकाई बिकीं,benign,benign,hi,label,form,[TAG=label] [ROLE=form] 112 इकाई बिकीं,benign:hi:47,synthetic_v1,0,0,0,0,0,0,0,1
"ग्राहक समीक्षा (26,940)",benign,benign,ne,p,body,"[TAG=p] [ROLE=body] ग्राहक समीक्षा (26,940)",benign:ne:03,synthetic_v1,0,0,0,0,0,0,0,1
Out of stock,benign,benign,en,a,nav,[TAG=a] [ROLE=nav] Out of stock,benign:en:32,synthetic_v1,0,0,0,0,0,0,0,1
जनकपुर मा 7 दिनमा डेलिभरी,benign,benign,ne,p,body,[TAG=p] [ROLE=body] जनकपुर मा 7 दिनमा डेलिभरी,benign:ne:63,synthetic_v1,0,0,0,0,0,0,0,1
Add winter blanket to cart,benign,benign,en,li,nav,[TAG=li] [ROLE=nav] Add winter blanket to cart,benign:en:00,synthetic_v1,0,0,0,0,0,0,0,1
फेस वास — रु. 449,benign,benign,ne,p,body,[TAG=p] [ROLE=body] फेस वास — रु. 449,benign:ne:46,synthetic_v1,0,0,0,0,0,0,0,1
"EMI from Rs. 1,499 on sunglasses",benign,benign,en,li,nav,"[TAG=li] [ROLE=nav] EMI from Rs. 1,499 on sunglasses",benign:en:75,synthetic_v1,0,0,0,0,0,0,0,1
स्पोर्ट्स सैंडल कार्ट में जोड़ें,benign,benign,hi,p,body,[TAG=p] [ROLE=body] स्पोर्ट्स सैंडल कार्ट में जोड़ें,benign:hi:00,synthetic_v1,0,0,0,0,0,0,0,1
"तनहुँ मा स्टकमा, 7 दिनमा पठाइन्छ",benign,benign,ne,h2,heading,"[TAG=h2] [ROLE=heading] तनहुँ मा स्टकमा, 7 दिनमा पठाइन्छ",benign:ne:76,synthetic_v1,0,0,0,0,0,0,0,1
ट्रेकिंग जैकेट पर रु. 699 से EMI,benign,benign,hi,label,form,[TAG=label] [ROLE=form] ट्रेकिंग जैकेट पर रु. 699 से EMI,benign:hi:74,synthetic_v1,0,0,0,0,0,0,0,1
"3,109 people rated sunglasses",benign,benign,en,li,nav,"[TAG=li] [ROLE=nav] 3,109 people rated sunglasses",benign:en:68,synthetic_v1,0,0,0,0,0,0,0,1
Buy now,benign,benign,en,li,nav,[TAG=li] [ROLE=nav] Buy now,benign:en:31,synthetic_v1,0,0,0,0,0,0,0,1
मूल्य: रु. 249,benign,benign,ne,p,body,[TAG=p] [ROLE=body] मूल्य: रु. 249,benign:ne:45,synthetic_v1,0,0,0,0,0,0,0,1
एयर फ्रायर मा रु. 449 बाट EMI,benign,benign,ne,h2,heading,[TAG=h2] [ROLE=heading] एयर फ्रायर मा रु. 449 बाट EMI,benign:ne:74,synthetic_v1,0,0,0,0,0,0,0,1
काठमाडौँ मा क्यास अन डेलिभरी उपलब्ध,benign,benign,ne,span,label,[TAG=span] [ROLE=label] काठमाडौँ मा क्यास अन डेलिभरी उपलब्ध,benign:ne:09,synthetic_v1,0,0,0,0,0,0,0,1
Notify me when running shoes is available,benign,benign,en,p,body,[TAG=p] [ROLE=body] Notify me when running shoes is available,benign:en:33,synthetic_v1,0,0,0,0,0,0,0,1
"विक्रेता: रमेश स्टोर, पुणे",benign,benign,hi,label,form,"[TAG=label] [ROLE=form] विक्रेता: रमेश स्टोर, पुणे",benign:hi:64,synthetic_v1,0,0,0,0,0,0,0,1
running shoes at OkDam — Rs. 499,benign,benign,en,button,cta,[TAG=button] [ROLE=cta] running shoes at OkDam — Rs. 499,benign:en:63,synthetic_v1,0,0,0,0,0,0,0,1
"34,118 लोगों ने योगा मैट को रेट किया",benign,benign,hi,li,nav,"[TAG=li] [ROLE=nav] 34,118 लोगों ने योगा मैट को रेट किया",benign:hi:67,synthetic_v1,0,0,0,0,0,0,0,1
"EMI options available from Rs. 1,499/month",benign,benign,en,button,cta,"[TAG=button] [ROLE=cta] EMI options available from Rs. 1,499/month",benign:en:34,synthetic_v1,0,0,0,0,0,0,0,1
63 लोगों ने प्रोटीन पाउडर को रेट किया,benign,benign,hi,li,nav,[TAG=li] [ROLE=nav] 63 लोगों ने प्रोटीन पाउडर को रेट किया,benign:hi:67,synthetic_v1,0,0,0,0,0,0,0,1
"विराटनगर मा स्टकमा, 5 दिनमा पठाइन्छ",benign,benign,ne,span,label,"[TAG=span] [ROLE=label] विराटनगर मा स्टकमा, 5 दिनमा पठाइन्छ",benign:ne:76,synthetic_v1,0,0,0,0,0,0,0,1
"office chair — Rs. 1,199",benign,benign,en,label,form,"[TAG=label] [ROLE=form] office chair — Rs. 1,199",benign:en:46,synthetic_v1,0,0,0,0,0,0,0,1
Snapdeal customer care: our helpline,benign,benign,en,a,nav,[TAG=a] [ROLE=nav] Snapdeal customer care: our helpline,benign:en:76,synthetic_v1,0,0,0,0,0,0,0,1
934 people rated phone case,benign,benign,en,span,label,[TAG=span] [ROLE=label] 934 people rated phone case,benign:en:68,synthetic_v1,0,0,0,0,0,0,0,1
"Seller: Nabin Traders, Lucknow",benign,benign,en,button,cta,"[TAG=button] [ROLE=cta] Seller: Nabin Traders, Lucknow",benign:en:49,synthetic_v1,0,0,0,0,0,0,0,1
"योगा मैट — 27 समीक्षाएँ, बेंगलुरु गोदाम",benign,benign,hi,label,form,"[TAG=label] [ROLE=form] योगा मैट — 27 समीक्षाएँ, बेंगलुरु गोदाम",benign:hi:72,synthetic_v1,0,0,0,0,0,0,0,1
"भोपाल में स्टॉक में, 2 दिन में शिप",benign,benign,hi,p,body,"[TAG=p] [ROLE=body] भोपाल में स्टॉक में, 2 दिन में शिप",benign:hi:76,synthetic_v1,0,0,0,0,0,0,0,1
Snapdeal मा राइस कुकर खोज्नुहोस्,benign,benign,ne,p,body,[TAG=p] [ROLE=body] Snapdeal मा राइस कुकर खोज्नुहोस्,benign:ne:66,synthetic_v1,0,0,0,0,0,0,0,1
"gaming mouse — 1,765 reviews, Patna warehouse",benign,benign,en,li,nav,"[TAG=li] [ROLE=nav] gaming mouse — 1,765 reviews, Patna warehouse",benign:en:73,synthetic_v1,0,0,0,0,0,0,0,1
"प्रोटीन पाउडर — 889 समीक्षाएँ, लखनऊ गोदाम",benign,benign,hi,label,form,"[TAG=label] [ROLE=form] प्रोटीन पाउडर — 889 समीक्षाएँ, लखनऊ गोदाम",benign:hi:72,synthetic_v1,0,0,0,0,0,0,0,1
203 सत्यापित समीक्षाएँ,benign,benign,hi,li,nav,[TAG=li] [ROLE=nav] 203 सत्यापित समीक्षाएँ,benign:hi:23,synthetic_v1,0,0,0,0,0,0,0,1
भक्तपुर मा 2 दिनमा डेलिभरी,benign,benign,ne,label,form,[TAG=label] [ROLE=form] भक्तपुर मा 2 दिनमा डेलिभरी,benign:ne:63,synthetic_v1,0,0,0,0,0,0,0,1
2 दिनों में वापसी,benign,benign,hi,a,nav,[TAG=a] [ROLE=nav] 2 दिनों में वापसी,benign:hi:04,synthetic_v1,0,0,0,0,0,0,0,1
Kinbech रिटर्न नीति: 10 दिन,benign,benign,hi,p,body,[TAG=p] [ROLE=body] Kinbech रिटर्न नीति: 10 दिन,benign:hi:65,synthetic_v1,0,0,0,0,0,0,0,1
BigBasket फिर्ता नीति: 3 दिन,benign,benign,ne,span,label,[TAG=span] [ROLE=label] BigBasket फिर्ता नीति: 3 दिन,benign:ne:65,synthetic_v1,0,0,0,0,0,0,0,1
फॉर्मल शर्ट — रु. 449,benign,benign,hi,h2,heading,[TAG=h2] [ROLE=heading] फॉर्मल शर्ट — रु. 449,benign:hi:46,synthetic_v1,0,0,0,0,0,0,0,1
वीरगन्ज मा डेलिभरी,benign,benign,ne,a,nav,[TAG=a] [ROLE=nav] वीरगन्ज मा डेलिभरी,benign:ne:37,synthetic_v1,0,0,0,0,0,0,0,1
Delivery to Delhi in 2 days,benign,benign,en,li,nav,[TAG=li] [ROLE=nav] Delivery to Delhi in 2 days,benign:en:64,synthetic_v1,0,0,0,0,0,0,0,1
Customer reviews (149),benign,benign,en,span,label,[TAG=span] [ROLE=label] Customer reviews (149),benign:en:03,synthetic_v1,0,0,0,0,0,0,0,1
Customer reviews (48),benign,benign,en,p,body,[TAG=p] [ROLE=body] Customer reviews (48),benign:en:03,synthetic_v1,0,0,0,0,0,0,0,1
"Shipping fee: Rs. 1,499 (shown before payment)",benign,benign,en,button,cta,"[TAG=button] [ROLE=cta] Shipping fee: Rs. 1,499 (shown before payment)",benign:en:43,synthetic_v1,0,0,0,0,0,0,0,1
"ब्याकप्याक — 5,872 समीक्षा, दमक गोदाम",benign,benign,ne,p,body,"[TAG=p] [ROLE=body] ब्याकप्याक — 5,872 समीक्षा, दमक गोदाम",benign:ne:72,synthetic_v1,0,0,0,0,0,0,0,1
"In stock in Bengaluru, ships in 14 days",benign,benign,en,span,label,"[TAG=span] [ROLE=label] In stock in Bengaluru, ships in 14 days",benign:en:77,synthetic_v1,0,0,0,0,0,0,0,1
Meesho पर सर्दी का कंबल पर 80% छूट,benign,benign,hi,button,cta,[TAG=button] [ROLE=cta] Meesho पर सर्दी का कंबल पर 80% छूट,benign:hi:70,synthetic_v1,0,0,0,0,0,0,0,1
फोन कभर उपलब्ध भएपछि जानकारी दिनुहोस्,benign,benign,ne,li,nav,[TAG=li] [ROLE=nav] फोन कभर उपलब्ध भएपछि जानकारी दिनुहोस्,benign:ne:33,synthetic_v1,0,0,0,0,0,0,0,1
Size guide for formal shirt,benign,benign,en,label,form,[TAG=label] [ROLE=form] Size guide for formal shirt,benign:en:05,synthetic_v1,0,0,0,0,0,0,0,1
Salesberry मा राइस कुकर मा 5% छुट,benign,benign,ne,a,nav,[TAG=a] [ROLE=nav] Salesberry मा राइस कुकर मा 5% छुट,benign:ne:70,synthetic_v1,0,0,0,0,0,0,0,1
study lamp — Rs. 399,benign,benign,en,label,form,[TAG=label] [ROLE=form] study lamp — Rs. 399,benign:en:46,synthetic_v1,0,0,0,0,0,0,0,1
512 people rated water bottle,benign,benign,en,p,body,[TAG=p] [ROLE=body] 512 people rated water bottle,benign:en:68,synthetic_v1,0,0,0,0,0,0,0,1
कॉटन कुर्ता पर रु. 399 से EMI,benign,benign,hi,span,label,[TAG=span] [ROLE=label] कॉटन कुर्ता पर रु. 399 से EMI,benign:hi:74,synthetic_v1,0,0,0,0,0,0,0,1
JioMart मा पानीको बोतल मूल्य तुलना गर्नुहोस्,benign,benign,ne,h2,heading,[TAG=h2] [ROLE=heading] JioMart मा पानीको बोतल मूल्य तुलना गर्नुहोस्,benign:ne:73,synthetic_v1,0,0,0,0,0,0,0,1
247 प्रमाणित समीक्षा,benign,benign,ne,li,nav,[TAG=li] [ROLE=nav] 247 प्रमाणित समीक्षा,benign:ne:23,synthetic_v1,0,0,0,0,0,0,0,1
BigBasket पर फॉर्मल शर्ट की कीमतों की तुलना करें,benign,benign,hi,h2,heading,[TAG=h2] [ROLE=heading] BigBasket पर फॉर्मल शर्ट की कीमतों की तुलना करें,benign:hi:73,synthetic_v1,0,0,0,0,0,0,0,1
शिपिंग शुल्क: रु. 499 (भुगतान से पहले दिखेगा),benign,benign,hi,label,form,[TAG=label] [ROLE=form] शिपिंग शुल्क: रु. 499 (भुगतान से पहले दिखेगा),benign:hi:43,synthetic_v1,0,0,0,0,0,0,0,1
protein powder at Lenskart — Rs. 499,benign,benign,en,h2,heading,[TAG=h2] [ROLE=heading] protein powder at Lenskart — Rs. 499,benign:en:63,synthetic_v1,0,0,0,0,0,0,0,1
Blinkit पर फोन कवर — रु. 899,benign,benign,hi,h2,heading,[TAG=h2] [ROLE=heading] Blinkit पर फोन कवर — रु. 899,benign:hi:62,synthetic_v1,0,0,0,0,0,0,0,1
मेरो अर्डरबाट Ajio अर्डर रद्द गर्नुहोस्,benign,benign,ne,button,cta,[TAG=button] [ROLE=cta] मेरो अर्डरबाट Ajio अर्डर रद्द गर्नुहोस्,benign:ne:68,synthetic_v1,0,0,0,0,0,0,0,1
"विक्रेता: प्रकाश ट्रेडर्स, दिल्ली",benign,benign,hi,label,form,"[TAG=label] [ROLE=form] विक्रेता: प्रकाश ट्रेडर्स, दिल्ली",benign:hi:48,synthetic_v1,0,0,0,0,0,0,0,1
Croma रिटर्न नीति: 2 दिन,benign,benign,hi,span,label,[TAG=span] [ROLE=label] Croma रिटर्न नीति: 2 दिन,benign:hi:65,synthetic_v1,0,0,0,0,0,0,0,1
"In stock in Lalitpur, ships in 4 days",benign,benign,en,li,nav,"[TAG=li] [ROLE=nav] In stock in Lalitpur, ships in 4 days",benign:en:77,synthetic_v1,0,0,0,0,0,0,0,1
"water bottle at Croma — Rs. 2,999",benign,benign,en,h2,heading,"[TAG=h2] [ROLE=heading] water bottle at Croma — Rs. 2,999",benign:en:63,synthetic_v1,0,0,0,0,0,0,0,1
EMI from Rs. 349 on trekking jacket,benign,benign,en,a,nav,[TAG=a] [ROLE=nav] EMI from Rs. 349 on trekking jacket,benign:en:75,synthetic_v1,0,0,0,0,0,0,0,1
"Sold by Anita Store, Kathmandu",benign,benign,en,p,body,"[TAG=p] [ROLE=body] Sold by Anita Store, Kathmandu",benign:en:65,synthetic_v1,0,0,0,0,0,0,0,1
अनुमानित डिलीवरी: 5 दिन,benign,benign,hi,a,nav,[TAG=a] [ROLE=nav] अनुमानित डिलीवरी: 5 दिन,benign:hi:24,synthetic_v1,0,0,0,0,0,0,0,1
Muncha customer care: our email desk,benign,benign,en,a,nav,[TAG=a] [ROLE=nav] Muncha customer care: our email desk,benign:en:76,synthetic_v1,0,0,0,0,0,0,0,1
Skip,benign,benign,en,h2,heading,[TAG=h2] [ROLE=heading] Skip,benign:en:56,synthetic_v1,0,0,0,0,0,0,0,1
Compare cotton kurta prices on Pepperfry,benign,benign,en,p,body,[TAG=p] [ROLE=body] Compare cotton kurta prices on Pepperfry,benign:en:74,synthetic_v1,0,0,0,0,0,0,0,1
"Seller: Priya Traders, Nepalgunj",benign,benign,en,button,cta,"[TAG=button] [ROLE=cta] Seller: Priya Traders, Nepalgunj",benign:en:49,synthetic_v1,0,0,0,0,0,0,0,1
पानी की बोतल — रु. 49,benign,benign,hi,label,form,[TAG=label] [ROLE=form] पानी की बोतल — रु. 49,benign:hi:46,synthetic_v1,0,0,0,0,0,0,0,1
Delivery to Butwal in 7 days,benign,benign,en,h2,heading,[TAG=h2] [ROLE=heading] Delivery to Butwal in 7 days,benign:en:64,synthetic_v1,0,0,0,0,0,0,0,1
स्मार्टवॉच — रु. 449,benign,benign,hi,p,body,[TAG=p] [ROLE=body] स्मार्टवॉच — रु. 449,benign:hi:46,synthetic_v1,0,0,0,0,0,0,0,1
एयर फ्रायर पर रु. 199 से EMI,benign,benign,hi,h2,heading,[TAG=h2] [ROLE=heading] एयर फ्रायर पर रु. 199 से EMI,benign:hi:74,synthetic_v1,0,0,0,0,0,0,0,1
Reliance Digital ग्राहक सेवा: हमारा ईमेल डेस्क,benign,benign,hi,h2,heading,[TAG=h2] [ROLE=heading] Reliance Digital ग्राहक सेवा: हमारा ईमेल डेस्क,benign:hi:75,synthetic_v1,0,0,0,0,0,0,0,1
Free shipping on orders above Rs. 599,benign,benign,en,a,nav,[TAG=a] [ROLE=nav] Free shipping on orders above Rs. 599,benign:en:01,synthetic_v1,0,0,0,0,0,0,0,1
Compare gaming mouse prices on Snapdeal,benign,benign,en,p,body,[TAG=p] [ROLE=body] Compare gaming mouse prices on Snapdeal,benign:en:74,synthetic_v1,0,0,0,0,0,0,0,1
"बिक्रेता: रेखा ट्रेडर्स, नेपालगन्ज",benign,benign,ne,span,label,"[TAG=span] [ROLE=label] बिक्रेता: रेखा ट्रेडर्स, नेपालगन्ज",benign:ne:48,synthetic_v1,0,0,0,0,0,0,0,1
योगा म्याट मा रु. 49 बाट EMI,benign,benign,ne,p,body,[TAG=p] [ROLE=body] योगा म्याट मा रु. 49 बाट EMI,benign:ne:74,synthetic_v1,0,0,0,0,0,0,0,1
इंडक्शन चूल्हा खोजें,benign,benign,hi,li,nav,[TAG=li] [ROLE=nav] इंडक्शन चूल्हा खोजें,benign:hi:14,synthetic_v1,0,0,0,0,0,0,0,1
Meesho return policy: 6 days,benign,benign,en,button,cta,[TAG=button] [ROLE=cta] Meesho return policy: 6 days,benign:en:66,synthetic_v1,0,0,0,0,0,0,0,1
coffee maker at Myntra — Rs. 99,benign,benign,en,a,nav,[TAG=a] [ROLE=nav] coffee maker at Myntra — Rs. 99,benign:en:63,synthetic_v1,0,0,0,0,0,0,0,1
Pepperfry फिर्ता नीति: 10 दिन,benign,benign,ne,button,cta,[TAG=button] [ROLE=cta] Pepperfry फिर्ता नीति: 10 दिन,benign:ne:65,synthetic_v1,0,0,0,0,0,0,0,1
Compare denim jeans prices on OkDam,benign,benign,en,button,cta,[TAG=button] [ROLE=cta] Compare denim jeans prices on OkDam,benign:en:74,synthetic_v1,0,0,0,0,0,0,0,1
Myntra मा स्कुल ब्याग मा 70% छुट,benign,benign,ne,label,form,[TAG=label] [ROLE=form] Myntra मा स्कुल ब्याग मा 70% छुट,benign:ne:70,synthetic_v1,0,0,0,0,0,0,0,1
149 प्रमाणित समीक्षा,benign,benign,ne,label,form,[TAG=label] [ROLE=form] 149 प्रमाणित समीक्षा,benign:ne:23,synthetic_v1,0,0,0,0,0,0,0,1
OkDam ग्राहक सेवा: हमारा ईमेल डेस्क,benign,benign,hi,li,nav,[TAG=li] [ROLE=nav] OkDam ग्राहक सेवा: हमारा ईमेल डेस्क,benign:hi:75,synthetic_v1,0,0,0,0,0,0,0,1
"21,507 people rated sports sandals",benign,benign,en,span,label,"[TAG=span] [ROLE=label] 21,507 people rated sports sandals",benign:en:68,synthetic_v1,0,0,0,0,0,0,0,1
Add bluetooth speaker to cart,benign,benign,en,a,nav,[TAG=a] [ROLE=nav] Add bluetooth speaker to cart,benign:en:00,synthetic_v1,0,0,0,0,0,0,0,1
"बिक्रेता: रेखा ट्रेडर्स, काठमाडौँ",benign,benign,ne,label,form,"[TAG=label] [ROLE=form] बिक्रेता: रेखा ट्रेडर्स, काठमाडौँ",benign:ne:48,synthetic_v1,0,0,0,0,0,0,0,1
312 people rated winter blanket,benign,benign,en,label,form,[TAG=label] [ROLE=form] 312 people rated winter blanket,benign:en:68,synthetic_v1,0,0,0,0,0,0,0,1
"विक्रेता: नवीन ट्रेडर्स, वाराणसी",benign,benign,hi,button,cta,"[TAG=button] [ROLE=cta] विक्रेता: नवीन ट्रेडर्स, वाराणसी",benign:hi:48,synthetic_v1,0,0,0,0,0,0,0,1
नेपालगन्ज मा 2 दिनमा डेलिभरी,benign,benign,ne,button,cta,[TAG=button] [ROLE=cta] नेपालगन्ज मा 2 दिनमा डेलिभरी,benign:ne:63,synthetic_v1,0,0,0,0,0,0,0,1
एयर फ्रायर — रु. 99,benign,benign,ne,h2,heading,[TAG=h2] [ROLE=heading] एयर फ्रायर — रु. 99,benign:ne:46,synthetic_v1,0,0,0,0,0,0,0,1
Compare cotton kurta,benign,benign,en,label,form,[TAG=label] [ROLE=form] Compare cotton kurta,benign:en:12,synthetic_v1,0,0,0,0,0,0,0,1
Estimated delivery: 5 days,benign,benign,en,label,form,[TAG=label] [ROLE=form] Estimated delivery: 5 days,benign:en:24,synthetic_v1,0,0,0,0,0,0,0,1
"2,038 जनाले फोन कभर मूल्याङ्कन गरे",benign,benign,ne,label,form,"[TAG=label] [ROLE=form] 2,038 जनाले फोन कभर मूल्याङ्कन गरे",benign:ne:67,synthetic_v1,0,0,0,0,0,0,0,1
सबै ब्लुटुथ स्पिकर हेर्नुहोस्,benign,benign,ne,p,body,[TAG=p] [ROLE=body] सबै ब्लुटुथ स्पिकर हेर्नुहोस्,benign:ne:20,synthetic_v1,0,0,0,0,0,0,0,1
कोलकाता में डिलीवरी,benign,benign,hi,span,label,[TAG=span] [ROLE=label] कोलकाता में डिलीवरी,benign:hi:37,synthetic_v1,0,0,0,0,0,0,0,1
35% off face wash at Pepperfry,benign,benign,en,li,nav,[TAG=li] [ROLE=nav] 35% off face wash at Pepperfry,benign:en:71,synthetic_v1,0,0,0,0,0,0,0,1
"5,872 people rated rice cooker",benign,benign,en,a,nav,"[TAG=a] [ROLE=nav] 5,872 people rated rice cooker",benign:en:68,synthetic_v1,0,0,0,0,0,0,0,1
"Seller: Prakash Traders, Lalitpur",benign,benign,en,h2,heading,"[TAG=h2] [ROLE=heading] Seller: Prakash Traders, Lalitpur",benign:en:49,synthetic_v1,0,0,0,0,0,0,0,1
ब्लुटुथ स्पिकर कार्टमा राख्नुहोस्,benign,benign,ne,h2,heading,[TAG=h2] [ROLE=heading] ब्लुटुथ स्पिकर कार्टमा राख्नुहोस्,benign:ne:00,synthetic_v1,0,0,0,0,0,0,0,1
Compare cotton kurta prices on HamroBazar,benign,benign,en,h2,heading,[TAG=h2] [ROLE=heading] Compare cotton kurta prices on HamroBazar,benign:en:74,synthetic_v1,0,0,0,0,0,0,0,1
गेमिङ माउस खोज्नुहोस्,benign,benign,ne,a,nav,[TAG=a] [ROLE=nav] गेमिङ माउस खोज्नुहोस्,benign:ne:14,synthetic_v1,0,0,0,0,0,0,0,1
"बिक्रेता: ज्योति स्टोर, काठमाडौँ",benign,benign,ne,p,body,"[TAG=p] [ROLE=body] बिक्रेता: ज्योति स्टोर, काठमाडौँ",benign:ne:64,synthetic_v1,0,0,0,0,0,0,0,1
578 सत्यापित समीक्षाएँ,benign,benign,hi,li,nav,[TAG=li] [ROLE=nav] 578 सत्यापित समीक्षाएँ,benign:hi:23,synthetic_v1,0,0,0,0,0,0,0,1
View all noise cancelling headphones,benign,benign,en,span,label,[TAG=span] [ROLE=label] View all noise cancelling headphones,benign:en:20,synthetic_v1,0,0,0,0,0,0,0,1
"बिक्रेता: सीता स्टोर, काठमाडौँ",benign,benign,ne,h2,heading,"[TAG=h2] [ROLE=heading] बिक्रेता: सीता स्टोर, काठमाडौँ",benign:ne:64,synthetic_v1,0,0,0,0,0,0,0,1
Add power bank to cart,benign,benign,en,p,body,[TAG=p] [ROLE=body] Add power bank to cart,benign:en:00,synthetic_v1,0,0,0,0,0,0,0,1
SastoDeal मा फेस वास मा 10% छुट,benign,benign,ne,li,nav,[TAG=li] [ROLE=nav] SastoDeal मा फेस वास मा 10% छुट,benign:ne:70,synthetic_v1,0,0,0,0,0,0,0,1
"गेमिंग माउस — 14,860 समीक्षाएँ, बेंगलुरु गोदाम",benign,benign,hi,span,label,"[TAG=span] [ROLE=label] गेमिंग माउस — 14,860 समीक्षाएँ, बेंगलुरु गोदाम",benign:hi:72,synthetic_v1,0,0,0,0,0,0,0,1
Meesho मा गेमिङ माउस — रु. 249,benign,benign,ne,a,nav,[TAG=a] [ROLE=nav] Meesho मा गेमिङ माउस — रु. 249,benign:ne:62,synthetic_v1,0,0,0,0,0,0,0,1
Amazon पर स्पोर्ट्स सैंडल पर 30% छूट,benign,benign,hi,span,label,[TAG=span] [ROLE=label] Amazon पर स्पोर्ट्स सैंडल पर 30% छूट,benign:hi:70,synthetic_v1,0,0,0,0,0,0,0,1
"विक्रेता: लक्ष्मी ट्रेडर्स, रांची",benign,benign,hi,button,cta,"[TAG=button] [ROLE=cta] विक्रेता: लक्ष्मी ट्रेडर्स, रांची",benign:hi:48,synthetic_v1,0,0,0,0,0,0,0,1
"2,038 units sold",benign,benign,en,span,label,"[TAG=span] [ROLE=label] 2,038 units sold",benign:en:48,synthetic_v1,0,0,0,0,0,0,0,1
"रु. 1,199 तक एक्सचेंज ऑफ़र",benign,benign,hi,label,form,"[TAG=label] [ROLE=form] रु. 1,199 तक एक्सचेंज ऑफ़र",benign:hi:35,synthetic_v1,0,0,0,0,0,0,0,1
Lenskart मा इन्डक्सन चुल्हो मा 30% छुट,benign,benign,ne,span,label,[TAG=span] [ROLE=label] Lenskart मा इन्डक्सन चुल्हो मा 30% छुट,benign:ne:70,synthetic_v1,0,0,0,0,0,0,0,1
"हेयर ड्रायर — 367 समीक्षाएँ, इंदौर गोदाम",benign,benign,hi,span,label,"[TAG=span] [ROLE=label] हेयर ड्रायर — 367 समीक्षाएँ, इंदौर गोदाम",benign:hi:72,synthetic_v1,0,0,0,0,0,0,0,1
BigBasket मा राइस कुकर मूल्य तुलना गर्नुहोस्,benign,benign,ne,label,form,[TAG=label] [ROLE=form] BigBasket मा राइस कुकर मूल्य तुलना गर्नुहोस्,benign:ne:73,synthetic_v1,0,0,0,0,0,0,0,1
HamroBazar फिर्ता नीति: 6 दिन,benign,benign,ne,a,nav,[TAG=a] [ROLE=nav] HamroBazar फिर्ता नीति: 6 दिन,benign:ne:65,synthetic_v1,0,0,0,0,0,0,0,1
Gyapu पर वायरलेस ईयरबड्स पर 5% छूट,benign,benign,hi,p,body,[TAG=p] [ROLE=body] Gyapu पर वायरलेस ईयरबड्स पर 5% छूट,benign:hi:70,synthetic_v1,0,0,0,0,0,0,0,1
दिल्ली शिपिंग: रु. 199,benign,benign,hi,label,form,[TAG=label] [ROLE=form] दिल्ली शिपिंग: रु. 199,benign:hi:71,synthetic_v1,0,0,0,0,0,0,0,1
"electric kettle — 4,265 reviews, Delhi warehouse",benign,benign,en,p,body,"[TAG=p] [ROLE=body] electric kettle — 4,265 reviews, Delhi warehouse",benign:en:73,synthetic_v1,0,0,0,0,0,0,0,1
अस्वीकार गर्नुहोस्,benign,benign,ne,li,nav,[TAG=li] [ROLE=nav] अस्वीकार गर्नुहोस्,benign:ne:57,synthetic_v1,0,0,0,0,0,0,0,1
HamroBazar return policy: 5 days,benign,benign,en,button,cta,[TAG=button] [ROLE=cta] HamroBazar return policy: 5 days,benign:en:66,synthetic_v1,0,0,0,0,0,0,0,1
राइस कुकर पर रु. 899 से EMI,benign,benign,hi,p,body,[TAG=p] [ROLE=body] राइस कुकर पर रु. 899 से EMI,benign:hi:74,synthetic_v1,0,0,0,0,0,0,0,1
Customer reviews (112),benign,benign,en,label,form,[TAG=label] [ROLE=form] Customer reviews (112),benign:en:03,synthetic_v1,0,0,0,0,0,0,0,1
पानी की बोतल की तुलना करें,benign,benign,hi,button,cta,[TAG=button] [ROLE=cta] पानी की बोतल की तुलना करें,benign:hi:12,synthetic_v1,0,0,0,0,0,0,0,1
"5,872 सत्यापित समीक्षाएँ",benign,benign,hi,button,cta,"[TAG=button] [ROLE=cta] 5,872 सत्यापित समीक्षाएँ",benign:hi:23,synthetic_v1,0,0,0,0,0,0,0,1
Refund policy: refunds in 4 working days,benign,benign,en,p,body,[TAG=p] [ROLE=body] Refund policy: refunds in 4 working days,benign:en:60,synthetic_v1,0,0,0,0,0,0,0,1
Cash on delivery available in Surat,benign,benign,en,a,nav,[TAG=a] [ROLE=nav] Cash on delivery available in Surat,benign:en:09,synthetic_v1,0,0,0,0,0,0,0,1
योगा मैट उपलब्ध होने पर सूचित करें,benign,benign,hi,h2,heading,[TAG=h2] [ROLE=heading] योगा मैट उपलब्ध होने पर सूचित करें,benign:hi:33,synthetic_v1,0,0,0,0,0,0,0,1
View all office chair,benign,benign,en,li,nav,[TAG=li] [ROLE=nav] View all office chair,benign:en:20,synthetic_v1,0,0,0,0,0,0,0,1
"दिल्ली में स्टॉक में, 2 दिन में शिप",benign,benign,hi,span,label,"[TAG=span] [ROLE=label] दिल्ली में स्टॉक में, 2 दिन में शिप",benign:hi:76,synthetic_v1,0,0,0,0,0,0,0,1
"बिक्रेता: सागर स्टोर, विराटनगर",benign,benign,ne,label,form,"[TAG=label] [ROLE=form] बिक्रेता: सागर स्टोर, विराटनगर",benign:ne:64,synthetic_v1,0,0,0,0,0,0,0,1
30% off rice cooker at Tata Cliq,benign,benign,en,button,cta,[TAG=button] [ROLE=cta] 30% off rice cooker at Tata Cliq,benign:en:71,synthetic_v1,0,0,0,0,0,0,0,1
स्मार्टवाच खोज्नुहोस्,benign,benign,ne,label,form,[TAG=label] [ROLE=form] स्मार्टवाच खोज्नुहोस्,benign:ne:14,synthetic_v1,0,0,0,0,0,0,0,1
"विक्रेता: अनीता स्टोर, कोलकाता",benign,benign,hi,a,nav,"[TAG=a] [ROLE=nav] विक्रेता: अनीता स्टोर, कोलकाता",benign:hi:64,synthetic_v1,0,0,0,0,0,0,0,1
office chair at Zepto — Rs. 199,benign,benign,en,span,label,[TAG=span] [ROLE=label] office chair at Zepto — Rs. 199,benign:en:63,synthetic_v1,0,0,0,0,0,0,0,1
"विक्रेता: संजय स्टोर, चंडीगढ़",benign,benign,hi,p,body,"[TAG=p] [ROLE=body] विक्रेता: संजय स्टोर, चंडीगढ़",benign:hi:64,synthetic_v1,0,0,0,0,0,0,0,1
"सूरत में स्टॉक में, 4 दिन में शिप",benign,benign,hi,span,label,"[TAG=span] [ROLE=label] सूरत में स्टॉक में, 4 दिन में शिप",benign:hi:76,synthetic_v1,0,0,0,0,0,0,0,1
"इलेक्ट्रिक केटल — 112 समीक्षाएँ, जयपुर गोदाम",benign,benign,hi,h2,heading,"[TAG=h2] [ROLE=heading] इलेक्ट्रिक केटल — 112 समीक्षाएँ, जयपुर गोदाम",benign:hi:72,synthetic_v1,0,0,0,0,0,0,0,1
फेस वास उपलब्ध भएपछि जानकारी दिनुहोस्,benign,benign,ne,h2,heading,[TAG=h2] [ROLE=heading] फेस वास उपलब्ध भएपछि जानकारी दिनुहोस्,benign:ne:33,synthetic_v1,0,0,0,0,0,0,0,1
"In stock in Patna, ships in 10 days",benign,benign,en,p,body,"[TAG=p] [ROLE=body] In stock in Patna, ships in 10 days",benign:en:77,synthetic_v1,0,0,0,0,0,0,0,1
"फोन कवर — 203 समीक्षाएँ, आगरा गोदाम",benign,benign,hi,span,label,"[TAG=span] [ROLE=label] फोन कवर — 203 समीक्षाएँ, आगरा गोदाम",benign:hi:72,synthetic_v1,0,0,0,0,0,0,0,1
कानपुर शिपिंग: रु. 49,benign,benign,hi,label,form,[TAG=label] [ROLE=form] कानपुर शिपिंग: रु. 49,benign:hi:71,synthetic_v1,0,0,0,0,0,0,0,1
BigBasket रिटर्न नीति: 8 दिन,benign,benign,hi,span,label,[TAG=span] [ROLE=label] BigBasket रिटर्न नीति: 8 दिन,benign:hi:65,synthetic_v1,0,0,0,0,0,0,0,1
"बिक्रेता: प्रिया ट्रेडर्स, काठमाडौँ",benign,benign,ne,a,nav,"[TAG=a] [ROLE=nav] बिक्रेता: प्रिया ट्रेडर्स, काठमाडौँ",benign:ne:48,synthetic_v1,0,0,0,0,0,0,0,1
Free shipping on orders above Rs. 799,benign,benign,en,p,body,[TAG=p] [ROLE=body] Free shipping on orders above Rs. 799,benign:en:01,synthetic_v1,0,0,0,0,0,0,0,1
"विक्रेता: प्रिया ट्रेडर्स, कानपुर",benign,benign,hi,span,label,"[TAG=span] [ROLE=label] विक्रेता: प्रिया ट्रेडर्स, कानपुर",benign:hi:48,synthetic_v1,0,0,0,0,0,0,0,1
Snapdeal पर बैकपैक की कीमतों की तुलना करें,benign,benign,hi,li,nav,[TAG=li] [ROLE=nav] Snapdeal पर बैकपैक की कीमतों की तुलना करें,benign:hi:73,synthetic_v1,0,0,0,0,0,0,0,1
ब्लूटूथ स्पीकर की तुलना करें,benign,benign,hi,p,body,[TAG=p] [ROLE=body] ब्लूटूथ स्पीकर की तुलना करें,benign:hi:12,synthetic_v1,0,0,0,0,0,0,0,1
10% छूट,benign,benign,hi,li,nav,[TAG=li] [ROLE=nav] 10% छूट,benign:hi:10,synthetic_v1,0,0,0,0,0,0,0,1
Delivery to Bhaktapur in 5 days,benign,benign,en,a,nav,[TAG=a] [ROLE=nav] Delivery to Bhaktapur in 5 days,benign:en:64,synthetic_v1,0,0,0,0,0,0,0,1
"बागलुङ मा स्टकमा, 14 दिनमा पठाइन्छ",benign,benign,ne,p,body,"[TAG=p] [ROLE=body] बागलुङ मा स्टकमा, 14 दिनमा पठाइन्छ",benign:ne:76,synthetic_v1,0,0,0,0,0,0,0,1
"11,204 जनाले डेनिम जिन्स मूल्याङ्कन गरे",benign,benign,ne,a,nav,"[TAG=a] [ROLE=nav] 11,204 जनाले डेनिम जिन्स मूल्याङ्कन गरे",benign:ne:67,synthetic_v1,0,0,0,0,0,0,0,1
Delivery to Pune in 10 days,benign,benign,en,button,cta,[TAG=button] [ROLE=cta] Delivery to Pune in 10 days,benign:en:64,synthetic_v1,0,0,0,0,0,0,0,1
पानीको बोतल खोज्नुहोस्,benign,benign,ne,a,nav,[TAG=a] [ROLE=nav] पानीको बोतल खोज्नुहोस्,benign:ne:14,synthetic_v1,0,0,0,0,0,0,0,1
Salesberry मा हिउँदको ब्ल्याङ्केट — रु. 799,benign,benign,ne,li,nav,[TAG=li] [ROLE=nav] Salesberry मा हिउँदको ब्ल्याङ्केट — रु. 799,benign:ne:62,synthetic_v1,0,0,0,0,0,0,0,1
Pepperfry रिटर्न नीति: 10 दिन,benign,benign,hi,a,nav,[TAG=a] [ROLE=nav] Pepperfry रिटर्न नीति: 10 दिन,benign:hi:65,synthetic_v1,0,0,0,0,0,0,0,1
84 people rated study lamp,benign,benign,en,a,nav,[TAG=a] [ROLE=nav] 84 people rated study lamp,benign:en:68,synthetic_v1,0,0,0,0,0,0,0,1
"ललितपुर मा स्टकमा, 14 दिनमा पठाइन्छ",benign,benign,ne,span,label,"[TAG=span] [ROLE=label] ललितपुर मा स्टकमा, 14 दिनमा पठाइन्छ",benign:ne:76,synthetic_v1,0,0,0,0,0,0,0,1
"रनिङ जुत्ता — 149 समीक्षा, धरान गोदाम",benign,benign,ne,h2,heading,"[TAG=h2] [ROLE=heading] रनिङ जुत्ता — 149 समीक्षा, धरान गोदाम",benign:ne:72,synthetic_v1,0,0,0,0,0,0,0,1
साथ में खरीदे जाते हैं,benign,benign,hi,span,label,[TAG=span] [ROLE=label] साथ में खरीदे जाते हैं,benign:hi:50,synthetic_v1,0,0,0,0,0,0,0,1
बागलुङ मा डेलिभरी,benign,benign,ne,h2,heading,[TAG=h2] [ROLE=heading] बागलुङ मा डेलिभरी,benign:ne:37,synthetic_v1,0,0,0,0,0,0,0,1
सभी स्कूल बैग देखें,benign,benign,hi,label,form,[TAG=label] [ROLE=form] सभी स्कूल बैग देखें,benign:hi:20,synthetic_v1,0,0,0,0,0,0,0,1
288 इकाई बिकीं,benign,benign,hi,span,label,[TAG=span] [ROLE=label] 288 इकाई बिकीं,benign:hi:47,synthetic_v1,0,0,0,0,0,0,0,1
"स्टडी लाइट — 5,872 समीक्षा, ललितपुर गोदाम",benign,benign,ne,h2,heading,"[TAG=h2] [ROLE=heading] स्टडी लाइट — 5,872 समीक्षा, ललितपुर गोदाम",benign:ne:72,synthetic_v1,0,0,0,0,0,0,0,1
Daraz पर फेस वॉश खोजें,benign,benign,hi,a,nav,[TAG=a] [ROLE=nav] Daraz पर फेस वॉश खोजें,benign:hi:66,synthetic_v1,0,0,0,0,0,0,0,1
Delivery to Pokhara in 10 days,benign,benign,en,label,form,[TAG=label] [ROLE=form] Delivery to Pokhara in 10 days,benign:en:64,synthetic_v1,0,0,0,0,0,0,0,1
"बिक्रेता: प्रिया स्टोर, बुटवल",benign,benign,ne,span,label,"[TAG=span] [ROLE=label] बिक्रेता: प्रिया स्टोर, बुटवल",benign:ne:64,synthetic_v1,0,0,0,0,0,0,0,1
"9,118 people rated cotton kurta",benign,benign,en,span,label,"[TAG=span] [ROLE=label] 9,118 people rated cotton kurta",benign:en:68,synthetic_v1,0,0,0,0,0,0,0,1
Blinkit मा फोन कभर मा 15% छुट,benign,benign,ne,button,cta,[TAG=button] [ROLE=cta] Blinkit मा फोन कभर मा 15% छुट,benign:ne:70,synthetic_v1,0,0,0,0,0,0,0,1
HamroBazar मा घामको चस्मा खोज्नुहोस्,benign,benign,ne,span,label,[TAG=span] [ROLE=label] HamroBazar मा घामको चस्मा खोज्नुहोस्,benign:ne:66,synthetic_v1,0,0,0,0,0,0,0,1
"योगा म्याट — 7,340 समीक्षा, सुर्खेत गोदाम",benign,benign,ne,label,form,"[TAG=label] [ROLE=form] योगा म्याट — 7,340 समीक्षा, सुर्खेत गोदाम",benign:ne:72,synthetic_v1,0,0,0,0,0,0,0,1
Compare laptop bag,benign,benign,en,li,nav,[TAG=li] [ROLE=nav] Compare laptop bag,benign:en:12,synthetic_v1,0,0,0,0,0,0,0,1
Nykaa पर फोन कवर खोजें,benign,benign,hi,li,nav,[TAG=li] [ROLE=nav] Nykaa पर फोन कवर खोजें,benign:hi:66,synthetic_v1,0,0,0,0,0,0,0,1
भोपाल शिपिंग: रु. 49,benign,benign,hi,li,nav,[TAG=li] [ROLE=nav] भोपाल शिपिंग: रु. 49,benign:hi:71,synthetic_v1,0,0,0,0,0,0,0,1
Ajio पर गेमिंग माउस — रु. 49,benign,benign,hi,label,form,[TAG=label] [ROLE=form] Ajio पर गेमिंग माउस — रु. 49,benign:hi:62,synthetic_v1,0,0,0,0,0,0,0,1
हैदराबाद में डिलीवरी,benign,benign,hi,li,nav,[TAG=li] [ROLE=nav] हैदराबाद में डिलीवरी,benign:hi:37,synthetic_v1,0,0,0,0,0,0,0,1
गोरखा मा 5 दिनमा डेलिभरी,benign,benign,ne,label,form,[TAG=label] [ROLE=form] गोरखा मा 5 दिनमा डेलिभरी,benign:ne:63,synthetic_v1,0,0,0,0,0,0,0,1
मेरो अर्डरबाट BigBasket अर्डर रद्द गर्नुहोस्,benign,benign,ne,li,nav,[TAG=li] [ROLE=nav] मेरो अर्डरबाट BigBasket अर्डर रद्द गर्नुहोस्,benign:ne:68,synthetic_v1,0,0,0,0,0,0,0,1
"बागलुङ मा स्टकमा, 3 दिनमा पठाइन्छ",benign,benign,ne,a,nav,"[TAG=a] [ROLE=nav] बागलुङ मा स्टकमा, 3 दिनमा पठाइन्छ",benign:ne:76,synthetic_v1,0,0,0,0,0,0,0,1
योगा म्याट तुलना गर्नुहोस्,benign,benign,ne,a,nav,[TAG=a] [ROLE=nav] योगा म्याट तुलना गर्नुहोस्,benign:ne:12,synthetic_v1,0,0,0,0,0,0,0,1
"बिक्रेता: नवीन ट्रेडर्स, ललितपुर",benign,benign,ne,li,nav,"[TAG=li] [ROLE=nav] बिक्रेता: नवीन ट्रेडर्स, ललितपुर",benign:ne:48,synthetic_v1,0,0,0,0,0,0,0,1
"नागपुर शिपिंग: रु. 1,499",benign,benign,hi,li,nav,"[TAG=li] [ROLE=nav] नागपुर शिपिंग: रु. 1,499",benign:hi:71,synthetic_v1,0,0,0,0,0,0,0,1
70% off phone case at Flipkart,benign,benign,en,li,nav,[TAG=li] [ROLE=nav] 70% off phone case at Flipkart,benign:en:71,synthetic_v1,0,0,0,0,0,0,0,1
Amazon मा घामको चस्मा खोज्नुहोस्,benign,benign,ne,label,form,[TAG=label] [ROLE=form] Amazon मा घामको चस्मा खोज्नुहोस्,benign:ne:66,synthetic_v1,0,0,0,0,0,0,0,1
"विक्रेता: अनीता ट्रेडर्स, हैदराबाद",benign,benign,hi,p,body,"[TAG=p] [ROLE=body] विक्रेता: अनीता ट्रेडर्स, हैदराबाद",benign:hi:48,synthetic_v1,0,0,0,0,0,0,0,1
शिपिंग शुल्क: रु. 799 (भुगतान से पहले दिखेगा),benign,benign,hi,label,form,[TAG=label] [ROLE=form] शिपिंग शुल्क: रु. 799 (भुगतान से पहले दिखेगा),benign:hi:43,synthetic_v1,0,0,0,0,0,0,0,1
Search backpack on Gyapu,benign,benign,en,span,label,[TAG=span] [ROLE=label] Search backpack on Gyapu,benign:en:67,synthetic_v1,0,0,0,0,0,0,0,1
"बिक्रेता: प्रकाश स्टोर, बाँके",benign,benign,ne,label,form,"[TAG=label] [ROLE=form] बिक्रेता: प्रकाश स्टोर, बाँके",benign:ne:64,synthetic_v1,0,0,0,0,0,0,0,1
कानपुर में 14 दिन में डिलीवरी,benign,benign,hi,button,cta,[TAG=button] [ROLE=cta] कानपुर में 14 दिन में डिलीवरी,benign:hi:63,synthetic_v1,0,0,0,0,0,0,0,1
Estimated delivery: 3 days,benign,benign,en,h2,heading,[TAG=h2] [ROLE=heading] Estimated delivery: 3 days,benign:en:24,synthetic_v1,0,0,0,0,0,0,0,1
गेमिंग माउस की तुलना करें,benign,benign,hi,li,nav,[TAG=li] [ROLE=nav] गेमिंग माउस की तुलना करें,benign:hi:12,synthetic_v1,0,0,0,0,0,0,0,1
चेकआउटमा जानुहोस्,benign,benign,ne,li,nav,[TAG=li] [ROLE=nav] चेकआउटमा जानुहोस्,benign:ne:13,synthetic_v1,0,0,0,0,0,0,0,1
"विक्रेता: रमेश ट्रेडर्स, इंदौर",benign,benign,hi,h2,heading,"[TAG=h2] [ROLE=heading] विक्रेता: रमेश ट्रेडर्स, इंदौर",benign:hi:48,synthetic_v1,0,0,0,0,0,0,0,1
बागलुङ मा 7 दिनमा डेलिभरी,benign,benign,ne,h2,heading,[TAG=h2] [ROLE=heading] बागलुङ मा 7 दिनमा डेलिभरी,benign:ne:63,synthetic_v1,0,0,0,0,0,0,0,1
denim jeans at Nykaa — Rs. 499,benign,benign,en,li,nav,[TAG=li] [ROLE=nav] denim jeans at Nykaa — Rs. 499,benign:en:63,synthetic_v1,0,0,0,0,0,0,0,1
"11,204 लोगों ने पावर बैंक को रेट किया",benign,benign,hi,p,body,"[TAG=p] [ROLE=body] 11,204 लोगों ने पावर बैंक को रेट किया",benign:hi:67,synthetic_v1,0,0,0,0,0,0,0,1
protein powder at Nykaa — Rs. 149,benign,benign,en,h2,heading,[TAG=h2] [ROLE=heading] protein powder at Nykaa — Rs. 149,benign:en:63,synthetic_v1,0,0,0,0,0,0,0,1
"भोपाल में स्टॉक में, 14 दिन में शिप",benign,benign,hi,h2,heading,"[TAG=h2] [ROLE=heading] भोपाल में स्टॉक में, 14 दिन में शिप",benign:hi:76,synthetic_v1,0,0,0,0,0,0,0,1
denim jeans — Rs. 599,benign,benign,en,li,nav,[TAG=li] [ROLE=nav] denim jeans — Rs. 599,benign:en:46,synthetic_v1,0,0,0,0,0,0,0,1
स्पोर्ट्स सैंडल की तुलना करें,benign,benign,hi,button,cta,[TAG=button] [ROLE=cta] स्पोर्ट्स सैंडल की तुलना करें,benign:hi:12,synthetic_v1,0,0,0,0,0,0,0,1
formal shirt at Amazon — Rs. 499,benign,benign,en,h2,heading,[TAG=h2] [ROLE=heading] formal shirt at Amazon — Rs. 499,benign:en:63,synthetic_v1,0,0,0,0,0,0,0,1
मेरो अर्डरबाट Gyapu अर्डर रद्द गर्नुहोस्,benign,benign,ne,span,label,[TAG=span] [ROLE=label] मेरो अर्डरबाट Gyapu अर्डर रद्द गर्नुहोस्,benign:ne:68,synthetic_v1,0,0,0,0,0,0,0,1
"Seller: Kavya Traders, Indore",benign,benign,en,li,nav,"[TAG=li] [ROLE=nav] Seller: Kavya Traders, Indore",benign:en:49,synthetic_v1,0,0,0,0,0,0,0,1
laptop bag — Rs. 149,benign,benign,en,li,nav,[TAG=li] [ROLE=nav] laptop bag — Rs. 149,benign:en:46,synthetic_v1,0,0,0,0,0,0,0,1
Zepto मा प्रोटिन पाउडर मूल्य तुलना गर्नुहोस्,benign,benign,ne,a,nav,[TAG=a] [ROLE=nav] Zepto मा प्रोटिन पाउडर मूल्य तुलना गर्नुहोस्,benign:ne:73,synthetic_v1,0,0,0,0,0,0,0,1
"गोरखा मा स्टकमा, 2 दिनमा पठाइन्छ",benign,benign,ne,label,form,"[TAG=label] [ROLE=form] गोरखा मा स्टकमा, 2 दिनमा पठाइन्छ",benign:ne:76,synthetic_v1,0,0,0,0,0,0,0,1
Salesberry मा नोइज क्यान्सलिङ हेडफोन — रु. 299,benign,benign,ne,button,cta,[TAG=button] [ROLE=cta] Salesberry मा नोइज क्यान्सलिङ हेडफोन — रु. 299,benign:ne:62,synthetic_v1,0,0,0,0,0,0,0,1
EMI from Rs. 199 on study lamp,benign,benign,en,h2,heading,[TAG=h2] [ROLE=heading] EMI from Rs. 199 on study lamp,benign:en:75,synthetic_v1,0,0,0,0,0,0,0,1
प्रोटीन पाउडर — रु. 399,benign,benign,hi,li,nav,[TAG=li] [ROLE=nav] प्रोटीन पाउडर — रु. 399,benign:hi:46,synthetic_v1,0,0,0,0,0,0,0,1
"चितवन मा स्टकमा, 3 दिनमा पठाइन्छ",benign,benign,ne,li,nav,"[TAG=li] [ROLE=nav] चितवन मा स्टकमा, 3 दिनमा पठाइन्छ",benign:ne:76,synthetic_v1,0,0,0,0,0,0,0,1
स्टडी लैंप पर रु. 149 से EMI,benign,benign,hi,span,label,[TAG=span] [ROLE=label] स्टडी लैंप पर रु. 149 से EMI,benign:hi:74,synthetic_v1,0,0,0,0,0,0,0,1
"Seller: Jyoti Traders, Pune",benign,benign,en,a,nav,"[TAG=a] [ROLE=nav] Seller: Jyoti Traders, Pune",benign:en:49,synthetic_v1,0,0,0,0,0,0,0,1
"आगरा शिपिंग: रु. 1,999",benign,benign,hi,li,nav,"[TAG=li] [ROLE=nav] आगरा शिपिंग: रु. 1,999",benign:hi:71,synthetic_v1,0,0,0,0,0,0,0,1
Blinkit return policy: 2 days,benign,benign,en,button,cta,[TAG=button] [ROLE=cta] Blinkit return policy: 2 days,benign:en:66,synthetic_v1,0,0,0,0,0,0,0,1
934 प्रमाणित समीक्षा,benign,benign,ne,h2,heading,[TAG=h2] [ROLE=heading] 934 प्रमाणित समीक्षा,benign:ne:23,synthetic_v1,0,0,0,0,0,0,0,1
नासिक में 2 दिन में डिलीवरी,benign,benign,hi,h2,heading,[TAG=h2] [ROLE=heading] नासिक में 2 दिन में डिलीवरी,benign:hi:63,synthetic_v1,0,0,0,0,0,0,0,1
"21,507 जनाले डेनिम जिन्स मूल्याङ्कन गरे",benign,benign,ne,li,nav,"[TAG=li] [ROLE=nav] 21,507 जनाले डेनिम जिन्स मूल्याङ्कन गरे",benign:ne:67,synthetic_v1,0,0,0,0,0,0,0,1
Delivering to Lucknow,benign,benign,en,a,nav,[TAG=a] [ROLE=nav] Delivering to Lucknow,benign:en:37,synthetic_v1,0,0,0,0,0,0,0,1
Size guide for induction cooktop,benign,benign,en,button,cta,[TAG=button] [ROLE=cta] Size guide for induction cooktop,benign:en:05,synthetic_v1,0,0,0,0,0,0,0,1
Muncha पर इलेक्ट्रिक केटल खोजें,benign,benign,hi,a,nav,[TAG=a] [ROLE=nav] Muncha पर इलेक्ट्रिक केटल खोजें,benign:hi:66,synthetic_v1,0,0,0,0,0,0,0,1
"2,038 थान बिक्री भयो",benign,benign,ne,button,cta,"[TAG=button] [ROLE=cta] 2,038 थान बिक्री भयो",benign:ne:47,synthetic_v1,0,0,0,0,0,0,0,1
स्टॉक में उपलब्ध,benign,benign,hi,li,nav,[TAG=li] [ROLE=nav] स्टॉक में उपलब्ध,benign:hi:08,synthetic_v1,0,0,0,0,0,0,0,1
"फेस वॉश — 1,024 समीक्षाएँ, दिल्ली गोदाम",benign,benign,hi,p,body,"[TAG=p] [ROLE=body] फेस वॉश — 1,024 समीक्षाएँ, दिल्ली गोदाम",benign:hi:72,synthetic_v1,0,0,0,0,0,0,0,1
"1,024 people rated water bottle",benign,benign,en,li,nav,"[TAG=li] [ROLE=nav] 1,024 people rated water bottle",benign:en:68,synthetic_v1,0,0,0,0,0,0,0,1
Free shipping on orders above Rs. 999,benign,benign,en,a,nav,[TAG=a] [ROLE=nav] Free shipping on orders above Rs. 999,benign:en:01,synthetic_v1,0,0,0,0,0,0,0,1
फेस वॉश की तुलना करें,benign,benign,hi,label,form,[TAG=label] [ROLE=form] फेस वॉश की तुलना करें,benign:hi:12,synthetic_v1,0,0,0,0,0,0,0,1
766 इकाई बिकीं,benign,benign,hi,h2,heading,[TAG=h2] [ROLE=heading] 766 इकाई बिकीं,benign:hi:47,synthetic_v1,0,0,0,0,0,0,0,1
हिउँदको ब्ल्याङ्केट मा रु. 999 बाट EMI,benign,benign,ne,button,cta,[TAG=button] [ROLE=cta] हिउँदको ब्ल्याङ्केट मा रु. 999 बाट EMI,benign:ne:74,synthetic_v1,0,0,0,0,0,0,0,1
"Seller: Suman Traders, Jaipur",benign,benign,en,span,label,"[TAG=span] [ROLE=label] Seller: Suman Traders, Jaipur",benign:en:49,synthetic_v1,0,0,0,0,0,0,0,1
Sale ends 4 November,benign,benign,en,a,nav,[TAG=a] [ROLE=nav] Sale ends 4 November,benign:en:47,synthetic_v1,0,0,0,0,0,0,0,1
हेटौंडा मा क्यास अन डेलिभरी उपलब्ध,benign,benign,ne,span,label,[TAG=span] [ROLE=label] हेटौंडा मा क्यास अन डेलिभरी उपलब्ध,benign:ne:09,synthetic_v1,0,0,0,0,0,0,0,1
सबै हेयर ड्रायर हेर्नुहोस्,benign,benign,ne,li,nav,[TAG=li] [ROLE=nav] सबै हेयर ड्रायर हेर्नुहोस्,benign:ne:20,synthetic_v1,0,0,0,0,0,0,0,1
FirstCry मा वायरलेस इयरबड्स — रु. 249,benign,benign,ne,span,label,[TAG=span] [ROLE=label] FirstCry मा वायरलेस इयरबड्स — रु. 249,benign:ne:62,synthetic_v1,0,0,0,0,0,0,0,1
"Customer reviews (26,940)",benign,benign,en,button,cta,"[TAG=button] [ROLE=cta] Customer reviews (26,940)",benign:en:03,synthetic_v1,0,0,0,0,0,0,0,1
Customer reviews (512),benign,benign,en,span,label,[TAG=span] [ROLE=label] Customer reviews (512),benign:en:03,synthetic_v1,0,0,0,0,0,0,0,1
35% off running shoes at Ajio,benign,benign,en,h2,heading,[TAG=h2] [ROLE=heading] 35% off running shoes at Ajio,benign:en:71,synthetic_v1,0,0,0,0,0,0,0,1
312 सत्यापित समीक्षाएँ,benign,benign,hi,h2,heading,[TAG=h2] [ROLE=heading] 312 सत्यापित समीक्षाएँ,benign:hi:23,synthetic_v1,0,0,0,0,0,0,0,1
"electric kettle — 7,340 reviews, Kolkata warehouse",benign,benign,en,h2,heading,"[TAG=h2] [ROLE=heading] electric kettle — 7,340 reviews, Kolkata warehouse",benign:en:73,synthetic_v1,0,0,0,0,0,0,0,1
डेनिम जींस कार्ट में जोड़ें,benign,benign,hi,p,body,[TAG=p] [ROLE=body] डेनिम जींस कार्ट में जोड़ें,benign:hi:00,synthetic_v1,0,0,0,0,0,0,0,1
पटना में कैश ऑन डिलीवरी उपलब्ध,benign,benign,hi,li,nav,[TAG=li] [ROLE=nav] पटना में कैश ऑन डिलीवरी उपलब्ध,benign:hi:09,synthetic_v1,0,0,0,0,0,0,0,1
JioMart मा स्कुल ब्याग मा 25% छुट,benign,benign,ne,h2,heading,[TAG=h2] [ROLE=heading] JioMart मा स्कुल ब्याग मा 25% छुट,benign:ne:70,synthetic_v1,0,0,0,0,0,0,0,1
न्यूजलेटर (वैकल्पिक),benign,benign,ne,a,nav,[TAG=a] [ROLE=nav] न्यूजलेटर (वैकल्पिक),benign:ne:60,synthetic_v1,0,0,0,0,0,0,0,1
"Sold by Laxmi Store, Kolkata",benign,benign,en,a,nav,"[TAG=a] [ROLE=nav] Sold by Laxmi Store, Kolkata",benign:en:65,synthetic_v1,0,0,0,0,0,0,0,1
ल्यापटप ब्याग का लागि साइज गाइड,benign,benign,ne,h2,heading,[TAG=h2] [ROLE=heading] ल्यापटप ब्याग का लागि साइज गाइड,benign:ne:05,synthetic_v1,0,0,0,0,0,0,0,1
रनिंग शूज़ पर रु. 999 से EMI,benign,benign,hi,h2,heading,[TAG=h2] [ROLE=heading] रनिंग शूज़ पर रु. 999 से EMI,benign:hi:74,synthetic_v1,0,0,0,0,0,0,0,1
"विक्रेता: संजय ट्रेडर्स, चंडीगढ़",benign,benign,hi,li,nav,"[TAG=li] [ROLE=nav] विक्रेता: संजय ट्रेडर्स, चंडीगढ़",benign:hi:48,synthetic_v1,0,0,0,0,0,0,0,1
कटन कुर्ता कार्टमा राख्नुहोस्,benign,benign,ne,p,body,[TAG=p] [ROLE=body] कटन कुर्ता कार्टमा राख्नुहोस्,benign:ne:00,synthetic_v1,0,0,0,0,0,0,0,1
एयर फ्रायर का लागि साइज गाइड,benign,benign,ne,li,nav,[TAG=li] [ROLE=nav] एयर फ्रायर का लागि साइज गाइड,benign:ne:05,synthetic_v1,0,0,0,0,0,0,0,1
"वाराणसी में स्टॉक में, 2 दिन में शिप",benign,benign,hi,span,label,"[TAG=span] [ROLE=label] वाराणसी में स्टॉक में, 2 दिन में शिप",benign:hi:76,synthetic_v1,0,0,0,0,0,0,0,1
"इलेक्ट्रिक केतली — रु. 2,499",benign,benign,ne,li,nav,"[TAG=li] [ROLE=nav] इलेक्ट्रिक केतली — रु. 2,499",benign:ne:46,synthetic_v1,0,0,0,0,0,0,0,1
Muncha पर डेनिम जींस पर 30% छूट,benign,benign,hi,a,nav,[TAG=a] [ROLE=nav] Muncha पर डेनिम जींस पर 30% छूट,benign:hi:70,synthetic_v1,0,0,0,0,0,0,0,1
Thulo पर प्रोटीन पाउडर की कीमतों की तुलना करें,benign,benign,hi,span,label,[TAG=span] [ROLE=label] Thulo पर प्रोटीन पाउडर की कीमतों की तुलना करें,benign:hi:73,synthetic_v1,0,0,0,0,0,0,0,1
"Meesho पर एयर फ्रायर — रु. 2,499",benign,benign,hi,label,form,"[TAG=label] [ROLE=form] Meesho पर एयर फ्रायर — रु. 2,499",benign:hi:62,synthetic_v1,0,0,0,0,0,0,0,1
OkDam फिर्ता नीति: 6 दिन,benign,benign,ne,p,body,[TAG=p] [ROLE=body] OkDam फिर्ता नीति: 6 दिन,benign:ne:65,synthetic_v1,0,0,0,0,0,0,0,1
Kinbech फिर्ता नीति: 1 दिन,benign,benign,ne,label,form,[TAG=label] [ROLE=form] Kinbech फिर्ता नीति: 1 दिन,benign:ne:65,synthetic_v1,0,0,0,0,0,0,0,1
"1,024 प्रमाणित समीक्षा",benign,benign,ne,label,form,"[TAG=label] [ROLE=form] 1,024 प्रमाणित समीक्षा",benign:ne:23,synthetic_v1,0,0,0,0,0,0,0,1
84 जनाले इलेक्ट्रिक केतली मूल्याङ्कन गरे,benign,benign,ne,span,label,[TAG=span] [ROLE=label] 84 जनाले इलेक्ट्रिक केतली मूल्याङ्कन गरे,benign:ne:67,synthetic_v1,0,0,0,0,0,0,0,1
"स्टडी लैंप — 766 समीक्षाएँ, पुणे गोदाम",benign,benign,hi,p,body,"[TAG=p] [ROLE=body] स्टडी लैंप — 766 समीक्षाएँ, पुणे गोदाम",benign:hi:72,synthetic_v1,0,0,0,0,0,0,0,1
EMI from Rs. 349 on backpack,benign,benign,en,a,nav,[TAG=a] [ROLE=nav] EMI from Rs. 349 on backpack,benign:en:75,synthetic_v1,0,0,0,0,0,0,0,1
स्कुल ब्याग तुलना गर्नुहोस्,benign,benign,ne,a,nav,[TAG=a] [ROLE=nav] स्कुल ब्याग तुलना गर्नुहोस्,benign:ne:12,synthetic_v1,0,0,0,0,0,0,0,1
तेज़ चेकआउट के लिए लॉगिन करें (वैकल्पिक),benign,benign,hi,h2,heading,[TAG=h2] [ROLE=heading] तेज़ चेकआउट के लिए लॉगिन करें (वैकल्पिक),benign:hi:51,synthetic_v1,0,0,0,0,0,0,0,1
Flipkart customer care: live chat,benign,benign,en,button,cta,[TAG=button] [ROLE=cta] Flipkart customer care: live chat,benign:en:76,synthetic_v1,0,0,0,0,0,0,0,1
Amazon customer care: our email desk,benign,benign,en,p,body,[TAG=p] [ROLE=body] Amazon customer care: our email desk,benign:en:76,synthetic_v1,0,0,0,0,0,0,0,1
Size guide for water bottle,benign,benign,en,p,body,[TAG=p] [ROLE=body] Size guide for water bottle,benign:en:05,synthetic_v1,0,0,0,0,0,0,0,1
766 जनाले इलेक्ट्रिक केतली मूल्याङ्कन गरे,benign,benign,ne,button,cta,[TAG=button] [ROLE=cta] 766 जनाले इलेक्ट्रिक केतली मूल्याङ्कन गरे,benign:ne:67,synthetic_v1,0,0,0,0,0,0,0,1
Gyapu मा हेयर ड्रायर मा 25% छुट,benign,benign,ne,button,cta,[TAG=button] [ROLE=cta] Gyapu मा हेयर ड्रायर मा 25% छुट,benign:ne:70,synthetic_v1,0,0,0,0,0,0,0,1
Size guide for school bag,benign,benign,en,p,body,[TAG=p] [ROLE=body] Size guide for school bag,benign:en:05,synthetic_v1,0,0,0,0,0,0,0,1
Snapdeal customer care: our email desk,benign,benign,en,li,nav,[TAG=li] [ROLE=nav] Snapdeal customer care: our email desk,benign:en:76,synthetic_v1,0,0,0,0,0,0,0,1
JioMart फिर्ता नीति: 6 दिन,benign,benign,ne,span,label,[TAG=span] [ROLE=label] JioMart फिर्ता नीति: 6 दिन,benign:ne:65,synthetic_v1,0,0,0,0,0,0,0,1
हेटौंडा मा 2 दिनमा डेलिभरी,benign,benign,ne,a,nav,[TAG=a] [ROLE=nav] हेटौंडा मा 2 दिनमा डेलिभरी,benign:ne:63,synthetic_v1,0,0,0,0,0,0,0,1
"denim jeans — Rs. 2,999",benign,benign,en,button,cta,"[TAG=button] [ROLE=cta] denim jeans — Rs. 2,999",benign:en:46,synthetic_v1,0,0,0,0,0,0,0,1
Myntra पर लैपटॉप बैग — रु. 799,benign,benign,hi,label,form,[TAG=label] [ROLE=form] Myntra पर लैपटॉप बैग — रु. 799,benign:hi:62,synthetic_v1,0,0,0,0,0,0,0,1
EMI from Rs. 299 on electric kettle,benign,benign,en,li,nav,[TAG=li] [ROLE=nav] EMI from Rs. 299 on electric kettle,benign:en:75,synthetic_v1,0,0,0,0,0,0,0,1
Sign in,benign,benign,en,label,form,[TAG=label] [ROLE=form] Sign in,benign:en:26,synthetic_v1,0,0,0,0,0,0,0,1
सबै फर्मल सर्ट हेर्नुहोस्,benign,benign,ne,button,cta,[TAG=button] [ROLE=cta] सबै फर्मल सर्ट हेर्नुहोस्,benign:ne:20,synthetic_v1,0,0,0,0,0,0,0,1
"स्टडी लाइट — 247 समीक्षा, गोरखा गोदाम",benign,benign,ne,h2,heading,"[TAG=h2] [ROLE=heading] स्टडी लाइट — 247 समीक्षा, गोरखा गोदाम",benign:ne:72,synthetic_v1,0,0,0,0,0,0,0,1
80% छूट,benign,benign,hi,button,cta,[TAG=button] [ROLE=cta] 80% छूट,benign:hi:10,synthetic_v1,0,0,0,0,0,0,0,1
"Blinkit मा स्कुल ब्याग — रु. 1,499",benign,benign,ne,p,body,"[TAG=p] [ROLE=body] Blinkit मा स्कुल ब्याग — रु. 1,499",benign:ne:62,synthetic_v1,0,0,0,0,0,0,0,1
"face wash — 288 reviews, Nepalgunj warehouse",benign,benign,en,button,cta,"[TAG=button] [ROLE=cta] face wash — 288 reviews, Nepalgunj warehouse",benign:en:73,synthetic_v1,0,0,0,0,0,0,0,1
"डेनिम जींस — रु. 1,999",benign,benign,hi,h2,heading,"[TAG=h2] [ROLE=heading] डेनिम जींस — रु. 1,999",benign:hi:46,synthetic_v1,0,0,0,0,0,0,0,1
"बिक्रेता: अनिता स्टोर, दमक",benign,benign,ne,button,cta,"[TAG=button] [ROLE=cta] बिक्रेता: अनिता स्टोर, दमक",benign:ne:64,synthetic_v1,0,0,0,0,0,0,0,1
पानीको बोतल — रु. 899,benign,benign,ne,p,body,[TAG=p] [ROLE=body] पानीको बोतल — रु. 899,benign:ne:46,synthetic_v1,0,0,0,0,0,0,0,1
Delivering to Butwal,benign,benign,en,li,nav,[TAG=li] [ROLE=nav] Delivering to Butwal,benign:en:37,synthetic_v1,0,0,0,0,0,0,0,1
"हेयर ड्रायर — 312 समीक्षाएँ, नासिक गोदाम",benign,benign,hi,li,nav,"[TAG=li] [ROLE=nav] हेयर ड्रायर — 312 समीक्षाएँ, नासिक गोदाम",benign:hi:72,synthetic_v1,0,0,0,0,0,0,0,1
Myntra पर वायरलेस ईयरबड्स खोजें,benign,benign,hi,button,cta,[TAG=button] [ROLE=cta] Myntra पर वायरलेस ईयरबड्स खोजें,benign:hi:66,synthetic_v1,0,0,0,0,0,0,0,1
राइस कुकर — रु. 599,benign,benign,ne,p,body,[TAG=p] [ROLE=body] राइस कुकर — रु. 599,benign:ne:46,synthetic_v1,0,0,0,0,0,0,0,1
डेनिम जिन्स उपलब्ध भएपछि जानकारी दिनुहोस्,benign,benign,ne,a,nav,[TAG=a] [ROLE=nav] डेनिम जिन्स उपलब्ध भएपछि जानकारी दिनुहोस्,benign:ne:33,synthetic_v1,0,0,0,0,0,0,0,1
"विराटनगर मा स्टकमा, 14 दिनमा पठाइन्छ",benign,benign,ne,button,cta,"[TAG=button] [ROLE=cta] विराटनगर मा स्टकमा, 14 दिनमा पठाइन्छ",benign:ne:76,synthetic_v1,0,0,0,0,0,0,0,1
साइन इन करें,benign,benign,hi,button,cta,[TAG=button] [ROLE=cta] साइन इन करें,benign:hi:26,synthetic_v1,0,0,0,0,0,0,0,1
Nykaa return policy: 10 days,benign,benign,en,label,form,[TAG=label] [ROLE=form] Nykaa return policy: 10 days,benign:en:66,synthetic_v1,0,0,0,0,0,0,0,1
Delivery to Biratnagar in 2 days,benign,benign,en,li,nav,[TAG=li] [ROLE=nav] Delivery to Biratnagar in 2 days,benign:en:64,synthetic_v1,0,0,0,0,0,0,0,1
"विक्रेता: अर्जुन ट्रेडर्स, नागपुर",benign,benign,hi,p,body,"[TAG=p] [ROLE=body] विक्रेता: अर्जुन ट्रेडर्स, नागपुर",benign:hi:48,synthetic_v1,0,0,0,0,0,0,0,1
Nykaa पर स्टडी लैंप खोजें,benign,benign,hi,label,form,[TAG=label] [ROLE=form] Nykaa पर स्टडी लैंप खोजें,benign:hi:66,synthetic_v1,0,0,0,0,0,0,0,1
"नासिक में स्टॉक में, 14 दिन में शिप",benign,benign,hi,span,label,"[TAG=span] [ROLE=label] नासिक में स्टॉक में, 14 दिन में शिप",benign:hi:76,synthetic_v1,0,0,0,0,0,0,0,1
बाँके मा 3 दिनमा डेलिभरी,benign,benign,ne,label,form,[TAG=label] [ROLE=form] बाँके मा 3 दिनमा डेलिभरी,benign:ne:63,synthetic_v1,0,0,0,0,0,0,0,1
SastoDeal पर धूप का चश्मा — रु. 499,benign,benign,hi,a,nav,[TAG=a] [ROLE=nav] SastoDeal पर धूप का चश्मा — रु. 499,benign:hi:62,synthetic_v1,0,0,0,0,0,0,0,1
Salesberry पर ब्लूटूथ स्पीकर की कीमतों की तुलना करें,benign,benign,hi,li,nav,[TAG=li] [ROLE=nav] Salesberry पर ब्लूटूथ स्पीकर की कीमतों की तुलना करें,benign:hi:73,synthetic_v1,0,0,0,0,0,0,0,1
HamroBazar फिर्ता नीति: 8 दिन,benign,benign,ne,button,cta,[TAG=button] [ROLE=cta] HamroBazar फिर्ता नीति: 8 दिन,benign:ne:65,synthetic_v1,0,0,0,0,0,0,0,1
"बिक्रेता: सञ्जय ट्रेडर्स, गोरखा",benign,benign,ne,button,cta,"[TAG=button] [ROLE=cta] बिक्रेता: सञ्जय ट्रेडर्स, गोरखा",benign:ne:48,synthetic_v1,0,0,0,0,0,0,0,1
"अफिस कुर्सी — 34,118 समीक्षा, नेपालगन्ज गोदाम",benign,benign,ne,a,nav,"[TAG=a] [ROLE=nav] अफिस कुर्सी — 34,118 समीक्षा, नेपालगन्ज गोदाम",benign:ne:72,synthetic_v1,0,0,0,0,0,0,0,1
Shipping to Delhi: Rs. 299,benign,benign,en,p,body,[TAG=p] [ROLE=body] Shipping to Delhi: Rs. 299,benign:en:72,synthetic_v1,0,0,0,0,0,0,0,1
"इन्डक्सन चुल्हो — 934 समीक्षा, गोरखा गोदाम",benign,benign,ne,button,cta,"[TAG=button] [ROLE=cta] इन्डक्सन चुल्हो — 934 समीक्षा, गोरखा गोदाम",benign:ne:72,synthetic_v1,0,0,0,0,0,0,0,1
"In stock in Mumbai, ships in 4 days",benign,benign,en,li,nav,"[TAG=li] [ROLE=nav] In stock in Mumbai, ships in 4 days",benign:en:77,synthetic_v1,0,0,0,0,0,0,0,1
"सुर्खेत मा स्टकमा, 7 दिनमा पठाइन्छ",benign,benign,ne,button,cta,"[TAG=button] [ROLE=cta] सुर्खेत मा स्टकमा, 7 दिनमा पठाइन्छ",benign:ne:76,synthetic_v1,0,0,0,0,0,0,0,1
पावर ब्यांक का लागि साइज गाइड,benign,benign,ne,h2,heading,[TAG=h2] [ROLE=heading] पावर ब्यांक का लागि साइज गाइड,benign:ne:05,synthetic_v1,0,0,0,0,0,0,0,1
766 units sold,benign,benign,en,label,form,[TAG=label] [ROLE=form] 766 units sold,benign:en:48,synthetic_v1,0,0,0,0,0,0,0,1
सभी स्मार्टवॉच देखें,benign,benign,hi,h2,heading,[TAG=h2] [ROLE=heading] सभी स्मार्टवॉच देखें,benign:hi:20,synthetic_v1,0,0,0,0,0,0,0,1
वीरगन्ज मा 7 दिनमा डेलिभरी,benign,benign,ne,a,nav,[TAG=a] [ROLE=nav] वीरगन्ज मा 7 दिनमा डेलिभरी,benign:ne:63,synthetic_v1,0,0,0,0,0,0,0,1
Flipkart रिटर्न नीति: 6 दिन,benign,benign,hi,h2,heading,[TAG=h2] [ROLE=heading] Flipkart रिटर्न नीति: 6 दिन,benign:hi:65,synthetic_v1,0,0,0,0,0,0,0,1
पावर ब्यांक — रु. 49,benign,benign,ne,li,nav,[TAG=li] [ROLE=nav] पावर ब्यांक — रु. 49,benign:ne:46,synthetic_v1,0,0,0,0,0,0,0,1
Tata Cliq ग्राहक सेवा: हमारी हेल्पलाइन,benign,benign,hi,h2,heading,[TAG=h2] [ROLE=heading] Tata Cliq ग्राहक सेवा: हमारी हेल्पलाइन,benign:hi:75,synthetic_v1,0,0,0,0,0,0,0,1
Tata Cliq return policy: 2 days,benign,benign,en,span,label,[TAG=span] [ROLE=label] Tata Cliq return policy: 2 days,benign:en:66,synthetic_v1,0,0,0,0,0,0,0,1
Zepto ग्राहक सेवा: लाइभ च्याट,benign,benign,ne,a,nav,[TAG=a] [ROLE=nav] Zepto ग्राहक सेवा: लाइभ च्याट,benign:ne:75,synthetic_v1,0,0,0,0,0,0,0,1
Daraz मा डेनिम जिन्स खोज्नुहोस्,benign,benign,ne,a,nav,[TAG=a] [ROLE=nav] Daraz मा डेनिम जिन्स खोज्नुहोस्,benign:ne:66,synthetic_v1,0,0,0,0,0,0,0,1
cotton kurta at Blinkit — Rs. 599,benign,benign,en,label,form,[TAG=label] [ROLE=form] cotton kurta at Blinkit — Rs. 599,benign:en:63,synthetic_v1,0,0,0,0,0,0,0,1
बागलुङ मा क्यास अन डेलिभरी उपलब्ध,benign,benign,ne,button,cta,[TAG=button] [ROLE=cta] बागलुङ मा क्यास अन डेलिभरी उपलब्ध,benign:ne:09,synthetic_v1,0,0,0,0,0,0,0,1
रु. 599 से ऊपर के ऑर्डर पर मुफ़्त शिपिंग,benign,benign,hi,p,body,[TAG=p] [ROLE=body] रु. 599 से ऊपर के ऑर्डर पर मुफ़्त शिपिंग,benign:hi:01,synthetic_v1,0,0,0,0,0,0,0,1
"21,507 लोगों ने कॉफी मेकर को रेट किया",benign,benign,hi,p,body,"[TAG=p] [ROLE=body] 21,507 लोगों ने कॉफी मेकर को रेट किया",benign:hi:67,synthetic_v1,0,0,0,0,0,0,0,1
ल्यापटप ब्याग तुलना गर्नुहोस्,benign,benign,ne,button,cta,[TAG=button] [ROLE=cta] ल्यापटप ब्याग तुलना गर्नुहोस्,benign:ne:12,synthetic_v1,0,0,0,0,0,0,0,1
View all laptop bag,benign,benign,en,a,nav,[TAG=a] [ROLE=nav] View all laptop bag,benign:en:20,synthetic_v1,0,0,0,0,0,0,0,1
Meesho मा ल्यापटप ब्याग खोज्नुहोस्,benign,benign,ne,button,cta,[TAG=button] [ROLE=cta] Meesho मा ल्यापटप ब्याग खोज्नुहोस्,benign:ne:66,synthetic_v1,0,0,0,0,0,0,0,1
25% off yoga mat at Tata Cliq,benign,benign,en,h2,heading,[TAG=h2] [ROLE=heading] 25% off yoga mat at Tata Cliq,benign:en:71,synthetic_v1,0,0,0,0,0,0,0,1
वारेन्टी: 5 वर्ष,benign,benign,ne,li,nav,[TAG=li] [ROLE=nav] वारेन्टी: 5 वर्ष,benign:ne:36,synthetic_v1,0,0,0,0,0,0,0,1
Kinbech पर सर्दी का कंबल की कीमतों की तुलना करें,benign,benign,hi,label,form,[TAG=label] [ROLE=form] Kinbech पर सर्दी का कंबल की कीमतों की तुलना करें,benign:hi:73,synthetic_v1,0,0,0,0,0,0,0,1
Lenskart मा ल्यापटप ब्याग मूल्य तुलना गर्नुहोस्,benign,benign,ne,h2,heading,[TAG=h2] [ROLE=heading] Lenskart मा ल्यापटप ब्याग मूल्य तुलना गर्नुहोस्,benign:ne:73,synthetic_v1,0,0,0,0,0,0,0,1
Salesberry return policy: 12 days,benign,benign,en,span,label,[TAG=span] [ROLE=label] Salesberry return policy: 12 days,benign:en:66,synthetic_v1,0,0,0,0,0,0,0,1
"In stock in Dharan, ships in 10 days",benign,benign,en,button,cta,"[TAG=button] [ROLE=cta] In stock in Dharan, ships in 10 days",benign:en:77,synthetic_v1,0,0,0,0,0,0,0,1
denim jeans — Rs. 349,benign,benign,en,button,cta,[TAG=button] [ROLE=cta] denim jeans — Rs. 349,benign:en:46,synthetic_v1,0,0,0,0,0,0,0,1
Daraz मा स्टडी लाइट मूल्य तुलना गर्नुहोस्,benign,benign,ne,h2,heading,[TAG=h2] [ROLE=heading] Daraz मा स्टडी लाइट मूल्य तुलना गर्नुहोस्,benign:ne:73,synthetic_v1,0,0,0,0,0,0,0,1
ढुवानी शुल्क: रु. 449 (भुक्तानी अघि देखिने),benign,benign,ne,label,form,[TAG=label] [ROLE=form] ढुवानी शुल्क: रु. 449 (भुक्तानी अघि देखिने),benign:ne:43,synthetic_v1,0,0,0,0,0,0,0,1
"बिक्रेता: आरव ट्रेडर्स, चितवन",benign,benign,ne,button,cta,"[TAG=button] [ROLE=cta] बिक्रेता: आरव ट्रेडर्स, चितवन",benign:ne:48,synthetic_v1,0,0,0,0,0,0,0,1
JioMart पर ऑफिस चेयर पर 80% छूट,benign,benign,hi,li,nav,[TAG=li] [ROLE=nav] JioMart पर ऑफिस चेयर पर 80% छूट,benign:hi:70,synthetic_v1,0,0,0,0,0,0,0,1
"Flipkart मा स्टडी लाइट — रु. 2,999",benign,benign,ne,li,nav,"[TAG=li] [ROLE=nav] Flipkart मा स्टडी लाइट — रु. 2,999",benign:ne:62,synthetic_v1,0,0,0,0,0,0,0,1
Delivery to Kathmandu in 7 days,benign,benign,en,button,cta,[TAG=button] [ROLE=cta] Delivery to Kathmandu in 7 days,benign:en:64,synthetic_v1,0,0,0,0,0,0,0,1
OkDam मा स्टडी लाइट मूल्य तुलना गर्नुहोस्,benign,benign,ne,span,label,[TAG=span] [ROLE=label] OkDam मा स्टडी लाइट मूल्य तुलना गर्नुहोस्,benign:ne:73,synthetic_v1,0,0,0,0,0,0,0,1
Recommended for you,benign,benign,en,button,cta,[TAG=button] [ROLE=cta] Recommended for you,benign:en:50,synthetic_v1,0,0,0,0,0,0,0,1
"बिक्रेता: अर्जुन ट्रेडर्स, धरान",benign,benign,ne,a,nav,"[TAG=a] [ROLE=nav] बिक्रेता: अर्जुन ट्रेडर्स, धरान",benign:ne:48,synthetic_v1,0,0,0,0,0,0,0,1
"In stock in Bengaluru, ships in 3 days",benign,benign,en,li,nav,"[TAG=li] [ROLE=nav] In stock in Bengaluru, ships in 3 days",benign:en:77,synthetic_v1,0,0,0,0,0,0,0,1
Compare yoga mat prices on Salesberry,benign,benign,en,button,cta,[TAG=button] [ROLE=cta] Compare yoga mat prices on Salesberry,benign:en:74,synthetic_v1,0,0,0,0,0,0,0,1
स्कूल बैग पर रु. 499 से EMI,benign,benign,hi,p,body,[TAG=p] [ROLE=body] स्कूल बैग पर रु. 499 से EMI,benign:hi:74,synthetic_v1,0,0,0,0,0,0,0,1
फेस वॉश के लिए साइज़ गाइड,benign,benign,hi,li,nav,[TAG=li] [ROLE=nav] फेस वॉश के लिए साइज़ गाइड,benign:hi:05,synthetic_v1,0,0,0,0,0,0,0,1
इंदौर शिपिंग: रु. 499,benign,benign,hi,h2,heading,[TAG=h2] [ROLE=heading] इंदौर शिपिंग: रु. 499,benign:hi:71,synthetic_v1,0,0,0,0,0,0,0,1
"विक्रेता: दीपा ट्रेडर्स, दिल्ली",benign,benign,hi,span,label,"[TAG=span] [ROLE=label] विक्रेता: दीपा ट्रेडर्स, दिल्ली",benign:hi:48,synthetic_v1,0,0,0,0,0,0,0,1
बुटवल मा क्यास अन डेलिभरी उपलब्ध,benign,benign,ne,p,body,[TAG=p] [ROLE=body] बुटवल मा क्यास अन डेलिभरी उपलब्ध,benign:ne:09,synthetic_v1,0,0,0,0,0,0,0,1
पानी की बोतल कार्ट में जोड़ें,benign,benign,hi,a,nav,[TAG=a] [ROLE=nav] पानी की बोतल कार्ट में जोड़ें,benign:hi:00,synthetic_v1,0,0,0,0,0,0,0,1
पावर बैंक पर रु. 149 से EMI,benign,benign,hi,h2,heading,[TAG=h2] [ROLE=heading] पावर बैंक पर रु. 149 से EMI,benign:hi:74,synthetic_v1,0,0,0,0,0,0,0,1
Gyapu मा ब्याकप्याक मूल्य तुलना गर्नुहोस्,benign,benign,ne,h2,heading,[TAG=h2] [ROLE=heading] Gyapu मा ब्याकप्याक मूल्य तुलना गर्नुहोस्,benign:ne:73,synthetic_v1,0,0,0,0,0,0,0,1
Amazon पर प्रोटीन पाउडर पर 20% छूट,benign,benign,hi,li,nav,[TAG=li] [ROLE=nav] Amazon पर प्रोटीन पाउडर पर 20% छूट,benign:hi:70,synthetic_v1,0,0,0,0,0,0,0,1
Search denim jeans on Myntra,benign,benign,en,p,body,[TAG=p] [ROLE=body] Search denim jeans on Myntra,benign:en:67,synthetic_v1,0,0,0,0,0,0,0,1
रु. 599/महीना से EMI विकल्प,benign,benign,hi,h2,heading,[TAG=h2] [ROLE=heading] रु. 599/महीना से EMI विकल्प,benign:hi:34,synthetic_v1,0,0,0,0,0,0,0,1
Croma मा इलेक्ट्रिक केतली खोज्नुहोस्,benign,benign,ne,button,cta,[TAG=button] [ROLE=cta] Croma मा इलेक्ट्रिक केतली खोज्नुहोस्,benign:ne:66,synthetic_v1,0,0,0,0,0,0,0,1
मुंबई में 4 दिन में डिलीवरी,benign,benign,hi,button,cta,[TAG=button] [ROLE=cta] मुंबई में 4 दिन में डिलीवरी,benign:hi:63,synthetic_v1,0,0,0,0,0,0,0,1
अहमदाबाद में कैश ऑन डिलीवरी उपलब्ध,benign,benign,hi,button,cta,[TAG=button] [ROLE=cta] अहमदाबाद में कैश ऑन डिलीवरी उपलब्ध,benign:hi:09,synthetic_v1,0,0,0,0,0,0,0,1
Delivery to Surat in 5 days,benign,benign,en,label,form,[TAG=label] [ROLE=form] Delivery to Surat in 5 days,benign:en:64,synthetic_v1,0,0,0,0,0,0,0,1
श्रेणीहरू,benign,benign,ne,span,label,[TAG=span] [ROLE=label] श्रेणीहरू,benign:ne:29,synthetic_v1,0,0,0,0,0,0,0,1
"विक्रेता: रोहन ट्रेडर्स, हैदराबाद",benign,benign,hi,button,cta,"[TAG=button] [ROLE=cta] विक्रेता: रोहन ट्रेडर्स, हैदराबाद",benign:hi:48,synthetic_v1,0,0,0,0,0,0,0,1
Shipping to Lalitpur: Rs. 999,benign,benign,en,li,nav,[TAG=li] [ROLE=nav] Shipping to Lalitpur: Rs. 999,benign:en:72,synthetic_v1,0,0,0,0,0,0,0,1
"Sold by Kavya Store, Biratnagar",benign,benign,en,p,body,"[TAG=p] [ROLE=body] Sold by Kavya Store, Biratnagar",benign:en:65,synthetic_v1,0,0,0,0,0,0,0,1
चंडीगढ़ में 14 दिन में डिलीवरी,benign,benign,hi,a,nav,[TAG=a] [ROLE=nav] चंडीगढ़ में 14 दिन में डिलीवरी,benign:hi:63,synthetic_v1,0,0,0,0,0,0,0,1
889 थान बिक्री भयो,benign,benign,ne,li,nav,[TAG=li] [ROLE=nav] 889 थान बिक्री भयो,benign:ne:47,synthetic_v1,0,0,0,0,0,0,0,1
"जयपुर में स्टॉक में, 2 दिन में शिप",benign,benign,hi,p,body,"[TAG=p] [ROLE=body] जयपुर में स्टॉक में, 2 दिन में शिप",benign:hi:76,synthetic_v1,0,0,0,0,0,0,0,1
बागलुङ ढुवानी: रु. 349,benign,benign,ne,span,label,[TAG=span] [ROLE=label] बागलुङ ढुवानी: रु. 349,benign:ne:71,synthetic_v1,0,0,0,0,0,0,0,1
30% off,benign,benign,en,span,label,[TAG=span] [ROLE=label] 30% off,benign:en:10,synthetic_v1,0,0,0,0,0,0,0,1
एयर फ्रायर पर रु. 999 से EMI,benign,benign,hi,a,nav,[TAG=a] [ROLE=nav] एयर फ्रायर पर रु. 999 से EMI,benign:hi:74,synthetic_v1,0,0,0,0,0,0,0,1
"26,940 people rated study lamp",benign,benign,en,a,nav,"[TAG=a] [ROLE=nav] 26,940 people rated study lamp",benign:en:68,synthetic_v1,0,0,0,0,0,0,0,1
"विक्रेता: रेखा स्टोर, बेंगलुरु",benign,benign,hi,span,label,"[TAG=span] [ROLE=label] विक्रेता: रेखा स्टोर, बेंगलुरु",benign:hi:64,synthetic_v1,0,0,0,0,0,0,0,1
EMI from Rs. 199 on school bag,benign,benign,en,label,form,[TAG=label] [ROLE=form] EMI from Rs. 199 on school bag,benign:en:75,synthetic_v1,0,0,0,0,0,0,0,1
"नागपुर में स्टॉक में, 4 दिन में शिप",benign,benign,hi,label,form,"[TAG=label] [ROLE=form] नागपुर में स्टॉक में, 4 दिन में शिप",benign:hi:76,synthetic_v1,0,0,0,0,0,0,0,1
"EMI from Rs. 1,499 on cotton kurta",benign,benign,en,li,nav,"[TAG=li] [ROLE=nav] EMI from Rs. 1,499 on cotton kurta",benign:en:75,synthetic_v1,0,0,0,0,0,0,0,1
Warranty: 5 year,benign,benign,en,p,body,[TAG=p] [ROLE=body] Warranty: 5 year,benign:en:36,synthetic_v1,0,0,0,0,0,0,0,1
"Pepperfry मा फेस वास — रु. 2,999",benign,benign,ne,span,label,"[TAG=span] [ROLE=label] Pepperfry मा फेस वास — रु. 2,999",benign:ne:62,synthetic_v1,0,0,0,0,0,0,0,1
"वाराणसी में स्टॉक में, 14 दिन में शिप",benign,benign,hi,button,cta,"[TAG=button] [ROLE=cta] वाराणसी में स्टॉक में, 14 दिन में शिप",benign:hi:76,synthetic_v1,0,0,0,0,0,0,0,1
Search coffee maker on Gyapu,benign,benign,en,p,body,[TAG=p] [ROLE=body] Search coffee maker on Gyapu,benign:en:67,synthetic_v1,0,0,0,0,0,0,0,1
149 verified reviews,benign,benign,en,a,nav,[TAG=a] [ROLE=nav] 149 verified reviews,benign:en:23,synthetic_v1,0,0,0,0,0,0,0,1
Kinbech ग्राहक सेवा: हाम्रो WhatsApp नम्बर,benign,benign,ne,span,label,[TAG=span] [ROLE=label] Kinbech ग्राहक सेवा: हाम्रो WhatsApp नम्बर,benign:ne:75,synthetic_v1,0,0,0,0,0,0,0,1
"ग्राहक समीक्षाएँ (11,204)",benign,benign,hi,p,body,"[TAG=p] [ROLE=body] ग्राहक समीक्षाएँ (11,204)",benign:hi:03,synthetic_v1,0,0,0,0,0,0,0,1
In stock,benign,benign,en,span,label,[TAG=span] [ROLE=label] In stock,benign:en:08,synthetic_v1,0,0,0,0,0,0,0,1
"विक्रेता: विकास स्टोर, वाराणसी",benign,benign,hi,label,form,"[TAG=label] [ROLE=form] विक्रेता: विकास स्टोर, वाराणसी",benign:hi:64,synthetic_v1,0,0,0,0,0,0,0,1
नासिक शिपिंग: रु. 799,benign,benign,hi,li,nav,[TAG=li] [ROLE=nav] नासिक शिपिंग: रु. 799,benign:hi:71,synthetic_v1,0,0,0,0,0,0,0,1
Warranty: 9 year,benign,benign,en,p,body,[TAG=p] [ROLE=body] Warranty: 9 year,benign:en:36,synthetic_v1,0,0,0,0,0,0,0,1
Kinbech इमेल एक क्लिकमा अनसब्स्क्राइब गर्नुहोस्,benign,benign,ne,li,nav,[TAG=li] [ROLE=nav] Kinbech इमेल एक क्लिकमा अनसब्स्क्राइब गर्नुहोस्,benign:ne:69,synthetic_v1,0,0,0,0,0,0,0,1
ग्राहक समीक्षाएँ (578),benign,benign,hi,span,label,[TAG=span] [ROLE=label] ग्राहक समीक्षाएँ (578),benign:hi:03,synthetic_v1,0,0,0,0,0,0,0,1
school bag — Rs. 799,benign,benign,en,p,body,[TAG=p] [ROLE=body] school bag — Rs. 799,benign:en:46,synthetic_v1,0,0,0,0,0,0,0,1
Flipkart फिर्ता नीति: 5 दिन,benign,benign,ne,li,nav,[TAG=li] [ROLE=nav] Flipkart फिर्ता नीति: 5 दिन,benign:ne:65,synthetic_v1,0,0,0,0,0,0,0,1
तनहुँ ढुवानी: रु. 999,benign,benign,ne,button,cta,[TAG=button] [ROLE=cta] तनहुँ ढुवानी: रु. 999,benign:ne:71,synthetic_v1,0,0,0,0,0,0,0,1
coffee maker at Ajio — Rs. 399,benign,benign,en,button,cta,[TAG=button] [ROLE=cta] coffee maker at Ajio — Rs. 399,benign:en:63,synthetic_v1,0,0,0,0,0,0,0,1
Snapdeal ग्राहक सेवा: हमारा Facebook पेज,benign,benign,hi,p,body,[TAG=p] [ROLE=body] Snapdeal ग्राहक सेवा: हमारा Facebook पेज,benign:hi:75,synthetic_v1,0,0,0,0,0,0,0,1
रु. 149/महीना से EMI विकल्प,benign,benign,hi,span,label,[TAG=span] [ROLE=label] रु. 149/महीना से EMI विकल्प,benign:hi:34,synthetic_v1,0,0,0,0,0,0,0,1
रु. 349 सम्म एक्सचेन्ज अफर,benign,benign,ne,p,body,[TAG=p] [ROLE=body] रु. 349 सम्म एक्सचेन्ज अफर,benign:ne:35,synthetic_v1,0,0,0,0,0,0,0,1
एयर फ्रायर उपलब्ध भएपछि जानकारी दिनुहोस्,benign,benign,ne,a,nav,[TAG=a] [ROLE=nav] एयर फ्रायर उपलब्ध भएपछि जानकारी दिनुहोस्,benign:ne:33,synthetic_v1,0,0,0,0,0,0,0,1
"राइस कुकर — रु. 1,199",benign,benign,hi,button,cta,"[TAG=button] [ROLE=cta] राइस कुकर — रु. 1,199",benign:hi:46,synthetic_v1,0,0,0,0,0,0,0,1
ग्राहक समीक्षा (112),benign,benign,ne,span,label,[TAG=span] [ROLE=label] ग्राहक समीक्षा (112),benign:ne:03,synthetic_v1,0,0,0,0,0,0,0,1
"18,332 people rated power bank",benign,benign,en,button,cta,"[TAG=button] [ROLE=cta] 18,332 people rated power bank",benign:en:68,synthetic_v1,0,0,0,0,0,0,0,1
Myntra ग्राहक सेवा: कल सेन्टर,benign,benign,ne,button,cta,[TAG=button] [ROLE=cta] Myntra ग्राहक सेवा: कल सेन्टर,benign:ne:75,synthetic_v1,0,0,0,0,0,0,0,1
अनुमानित डिलीवरी: 14 दिन,benign,benign,hi,li,nav,[TAG=li] [ROLE=nav] अनुमानित डिलीवरी: 14 दिन,benign:hi:24,synthetic_v1,0,0,0,0,0,0,0,1
"वायरलेस इयरबड्स — 455 समीक्षा, नेपालगन्ज गोदाम",benign,benign,ne,span,label,"[TAG=span] [ROLE=label] वायरलेस इयरबड्स — 455 समीक्षा, नेपालगन्ज गोदाम",benign:ne:72,synthetic_v1,0,0,0,0,0,0,0,1
OkDam पर ट्रेकिंग जैकेट पर 70% छूट,benign,benign,hi,p,body,[TAG=p] [ROLE=body] OkDam पर ट्रेकिंग जैकेट पर 70% छूट,benign:hi:70,synthetic_v1,0,0,0,0,0,0,0,1
Kinbech पर राइस कुकर खोजें,benign,benign,hi,span,label,[TAG=span] [ROLE=label] Kinbech पर राइस कुकर खोजें,benign:hi:66,synthetic_v1,0,0,0,0,0,0,0,1
फोन कभर तुलना गर्नुहोस्,benign,benign,ne,li,nav,[TAG=li] [ROLE=nav] फोन कभर तुलना गर्नुहोस्,benign:ne:12,synthetic_v1,0,0,0,0,0,0,0,1
Ajio customer care: our support line,benign,benign,en,button,cta,[TAG=button] [ROLE=cta] Ajio customer care: our support line,benign:en:76,synthetic_v1,0,0,0,0,0,0,0,1
Delivering to Pokhara,benign,benign,en,h2,heading,[TAG=h2] [ROLE=heading] Delivering to Pokhara,benign:en:37,synthetic_v1,0,0,0,0,0,0,0,1
रु. 499 से ऊपर के ऑर्डर पर मुफ़्त शिपिंग,benign,benign,hi,h2,heading,[TAG=h2] [ROLE=heading] रु. 499 से ऊपर के ऑर्डर पर मुफ़्त शिपिंग,benign:hi:01,synthetic_v1,0,0,0,0,0,0,0,1
सभी कॉफी मेकर देखें,benign,benign,hi,label,form,[TAG=label] [ROLE=form] सभी कॉफी मेकर देखें,benign:hi:20,synthetic_v1,0,0,0,0,0,0,0,1
Myntra मा ब्लुटुथ स्पिकर मूल्य तुलना गर्नुहोस्,benign,benign,ne,p,body,[TAG=p] [ROLE=body] Myntra मा ब्लुटुथ स्पिकर मूल्य तुलना गर्नुहोस्,benign:ne:73,synthetic_v1,0,0,0,0,0,0,0,1
Search power bank on Meesho,benign,benign,en,li,nav,[TAG=li] [ROLE=nav] Search power bank on Meesho,benign:en:67,synthetic_v1,0,0,0,0,0,0,0,1
Delivering to Nepalgunj,benign,benign,en,a,nav,[TAG=a] [ROLE=nav] Delivering to Nepalgunj,benign:en:37,synthetic_v1,0,0,0,0,0,0,0,1
Muncha ग्राहक सेवा: हाम्रो WhatsApp नम्बर,benign,benign,ne,h2,heading,[TAG=h2] [ROLE=heading] Muncha ग्राहक सेवा: हाम्रो WhatsApp नम्बर,benign:ne:75,synthetic_v1,0,0,0,0,0,0,0,1
लखनऊ शिपिंग: रु. 899,benign,benign,hi,button,cta,[TAG=button] [ROLE=cta] लखनऊ शिपिंग: रु. 899,benign:hi:71,synthetic_v1,0,0,0,0,0,0,0,1
Kinbech पर इंडक्शन चूल्हा खोजें,benign,benign,hi,button,cta,[TAG=button] [ROLE=cta] Kinbech पर इंडक्शन चूल्हा खोजें,benign:hi:66,synthetic_v1,0,0,0,0,0,0,0,1
Delivery to Pune in 4 days,benign,benign,en,label,form,[TAG=label] [ROLE=form] Delivery to Pune in 4 days,benign:en:64,synthetic_v1,0,0,0,0,0,0,0,1
कॉटन कुर्ता खोजें,benign,benign,hi,span,label,[TAG=span] [ROLE=label] कॉटन कुर्ता खोजें,benign:hi:14,synthetic_v1,0,0,0,0,0,0,0,1
फोन कभर का लागि साइज गाइड,benign,benign,ne,a,nav,[TAG=a] [ROLE=nav] फोन कभर का लागि साइज गाइड,benign:ne:05,synthetic_v1,0,0,0,0,0,0,0,1
Size guide for phone case,benign,benign,en,a,nav,[TAG=a] [ROLE=nav] Size guide for phone case,benign:en:05,synthetic_v1,0,0,0,0,0,0,0,1
Compare phone case prices on Blinkit,benign,benign,en,p,body,[TAG=p] [ROLE=body] Compare phone case prices on Blinkit,benign:en:74,synthetic_v1,0,0,0,0,0,0,0,1
Snapdeal मा स्पोर्ट्स चप्पल खोज्नुहोस्,benign,benign,ne,li,nav,[TAG=li] [ROLE=nav] Snapdeal मा स्पोर्ट्स चप्पल खोज्नुहोस्,benign:ne:66,synthetic_v1,0,0,0,0,0,0,0,1
सुर्खेत मा 5 दिनमा डेलिभरी,benign,benign,ne,button,cta,[TAG=button] [ROLE=cta] सुर्खेत मा 5 दिनमा डेलिभरी,benign:ne:63,synthetic_v1,0,0,0,0,0,0,0,1
"बिक्रेता: रेखा ट्रेडर्स, तनहुँ",benign,benign,ne,a,nav,"[TAG=a] [ROLE=nav] बिक्रेता: रेखा ट्रेडर्स, तनहुँ",benign:ne:48,synthetic_v1,0,0,0,0,0,0,0,1
"Reliance Digital पर वायरलेस ईयरबड्स — रु. 1,999",benign,benign,hi,label,form,"[TAG=label] [ROLE=form] Reliance Digital पर वायरलेस ईयरबड्स — रु. 1,999",benign:hi:62,synthetic_v1,0,0,0,0,0,0,0,1
OkDam मा गेमिङ माउस मा 80% छुट,benign,benign,ne,button,cta,[TAG=button] [ROLE=cta] OkDam मा गेमिङ माउस मा 80% छुट,benign:ne:70,synthetic_v1,0,0,0,0,0,0,0,1
मुंबई में 7 दिन में डिलीवरी,benign,benign,hi,p,body,[TAG=p] [ROLE=body] मुंबई में 7 दिन में डिलीवरी,benign:hi:63,synthetic_v1,0,0,0,0,0,0,0,1
Tata Cliq मा ब्लुटुथ स्पिकर — रु. 699,benign,benign,ne,p,body,[TAG=p] [ROLE=body] Tata Cliq मा ब्लुटुथ स्पिकर — रु. 699,benign:ne:62,synthetic_v1,0,0,0,0,0,0,0,1
backpack at Ajio — Rs. 399,benign,benign,en,span,label,[TAG=span] [ROLE=label] backpack at Ajio — Rs. 399,benign:en:63,synthetic_v1,0,0,0,0,0,0,0,1
Shipping fee: Rs. 699 (shown before payment),benign,benign,en,li,nav,[TAG=li] [ROLE=nav] Shipping fee: Rs. 699 (shown before payment),benign:en:43,synthetic_v1,0,0,0,0,0,0,0,1
दिल्ली शिपिंग: रु. 999,benign,benign,hi,h2,heading,[TAG=h2] [ROLE=heading] दिल्ली शिपिंग: रु. 999,benign:hi:71,synthetic_v1,0,0,0,0,0,0,0,1
"11,204 लोगों ने सर्दी का कंबल को रेट किया",benign,benign,hi,label,form,"[TAG=label] [ROLE=form] 11,204 लोगों ने सर्दी का कंबल को रेट किया",benign:hi:67,synthetic_v1,0,0,0,0,0,0,0,1
Gyapu रिटर्न नीति: 6 दिन,benign,benign,hi,a,nav,[TAG=a] [ROLE=nav] Gyapu रिटर्न नीति: 6 दिन,benign:hi:65,synthetic_v1,0,0,0,0,0,0,0,1
Free shipping on orders above Rs. 249,benign,benign,en,span,label,[TAG=span] [ROLE=label] Free shipping on orders above Rs. 249,benign:en:01,synthetic_v1,0,0,0,0,0,0,0,1
Gyapu पर प्रोटीन पाउडर की कीमतों की तुलना करें,benign,benign,hi,button,cta,[TAG=button] [ROLE=cta] Gyapu पर प्रोटीन पाउडर की कीमतों की तुलना करें,benign:hi:73,synthetic_v1,0,0,0,0,0,0,0,1
ब्लूटूथ स्पीकर उपलब्ध होने पर सूचित करें,benign,benign,hi,li,nav,[TAG=li] [ROLE=nav] ब्लूटूथ स्पीकर उपलब्ध होने पर सूचित करें,benign:hi:33,synthetic_v1,0,0,0,0,0,0,0,1
EMI from Rs. 349 on sports sandals,benign,benign,en,a,nav,[TAG=a] [ROLE=nav] EMI from Rs. 349 on sports sandals,benign:en:75,synthetic_v1,0,0,0,0,0,0,0,1
चंडीगढ़ में 10 दिन में डिलीवरी,benign,benign,hi,span,label,[TAG=span] [ROLE=label] चंडीगढ़ में 10 दिन में डिलीवरी,benign:hi:63,synthetic_v1,0,0,0,0,0,0,0,1
"गोरखा ढुवानी: रु. 1,199",benign,benign,ne,li,nav,"[TAG=li] [ROLE=nav] गोरखा ढुवानी: रु. 1,199",benign:ne:71,synthetic_v1,0,0,0,0,0,0,0,1
Search backpack on BigBasket,benign,benign,en,button,cta,[TAG=button] [ROLE=cta] Search backpack on BigBasket,benign:en:67,synthetic_v1,0,0,0,0,0,0,0,1
Meesho ग्राहक सेवा: हमारा Viber सपोर्ट,benign,benign,hi,span,label,[TAG=span] [ROLE=label] Meesho ग्राहक सेवा: हमारा Viber सपोर्ट,benign:hi:75,synthetic_v1,0,0,0,0,0,0,0,1
Thulo ग्राहक सेवा: हमारा WhatsApp नंबर,benign,benign,hi,label,form,[TAG=label] [ROLE=form] Thulo ग्राहक सेवा: हमारा WhatsApp नंबर,benign:hi:75,synthetic_v1,0,0,0,0,0,0,0,1
"रु. 1,999 सम्म एक्सचेन्ज अफर",benign,benign,ne,p,body,"[TAG=p] [ROLE=body] रु. 1,999 सम्म एक्सचेन्ज अफर",benign:ne:35,synthetic_v1,0,0,0,0,0,0,0,1
स्पोर्ट्स सैंडल पर रु. 899 से EMI,benign,benign,hi,a,nav,[TAG=a] [ROLE=nav] स्पोर्ट्स सैंडल पर रु. 899 से EMI,benign:hi:74,synthetic_v1,0,0,0,0,0,0,0,1
"ललितपुर मा स्टकमा, 10 दिनमा पठाइन्छ",benign,benign,ne,h2,heading,"[TAG=h2] [ROLE=heading] ललितपुर मा स्टकमा, 10 दिनमा पठाइन्छ",benign:ne:76,synthetic_v1,0,0,0,0,0,0,0,1
Shipping fee: Rs. 449 (shown before payment),benign,benign,en,li,nav,[TAG=li] [ROLE=nav] Shipping fee: Rs. 449 (shown before payment),benign:en:43,synthetic_v1,0,0,0,0,0,0,0,1
"Sold by Sita Store, Lucknow",benign,benign,en,label,form,"[TAG=label] [ROLE=form] Sold by Sita Store, Lucknow",benign:en:65,synthetic_v1,0,0,0,0,0,0,0,1
"विक्रेता: दीपेश ट्रेडर्स, आगरा",benign,benign,hi,li,nav,"[TAG=li] [ROLE=nav] विक्रेता: दीपेश ट्रेडर्स, आगरा",benign:hi:48,synthetic_v1,0,0,0,0,0,0,0,1
Nykaa पर स्कूल बैग पर 20% छूट,benign,benign,hi,a,nav,[TAG=a] [ROLE=nav] Nykaa पर स्कूल बैग पर 20% छूट,benign:hi:70,synthetic_v1,0,0,0,0,0,0,0,1
धनगढी मा 4 दिनमा डेलिभरी,benign,benign,ne,span,label,[TAG=span] [ROLE=label] धनगढी मा 4 दिनमा डेलिभरी,benign:ne:63,synthetic_v1,0,0,0,0,0,0,0,1
मूल्य: रु. 49,benign,benign,ne,a,nav,[TAG=a] [ROLE=nav] मूल्य: रु. 49,benign:ne:45,synthetic_v1,0,0,0,0,0,0,0,1
"In stock in Hyderabad, ships in 5 days",benign,benign,en,h2,heading,"[TAG=h2] [ROLE=heading] In stock in Hyderabad, ships in 5 days",benign:en:77,synthetic_v1,0,0,0,0,0,0,0,1
"दमक मा स्टकमा, 5 दिनमा पठाइन्छ",benign,benign,ne,li,nav,"[TAG=li] [ROLE=nav] दमक मा स्टकमा, 5 दिनमा पठाइन्छ",benign:ne:76,synthetic_v1,0,0,0,0,0,0,0,1
Cancel your Tata Cliq order from My Orders,benign,benign,en,label,form,[TAG=label] [ROLE=form] Cancel your Tata Cliq order from My Orders,benign:en:69,synthetic_v1,0,0,0,0,0,0,0,1
"7,340 इकाई बिकीं",benign,benign,hi,span,label,"[TAG=span] [ROLE=label] 7,340 इकाई बिकीं",benign:hi:47,synthetic_v1,0,0,0,0,0,0,0,1
Nykaa पर योगा मैट पर 60% छूट,benign,benign,hi,h2,heading,[TAG=h2] [ROLE=heading] Nykaa पर योगा मैट पर 60% छूट,benign:hi:70,synthetic_v1,0,0,0,0,0,0,0,1
"ग्राहक समीक्षा (3,109)",benign,benign,ne,span,label,"[TAG=span] [ROLE=label] ग्राहक समीक्षा (3,109)",benign:ne:03,synthetic_v1,0,0,0,0,0,0,0,1
Kinbech ग्राहक सेवा: हाम्रो सपोर्ट नम्बर,benign,benign,ne,a,nav,[TAG=a] [ROLE=nav] Kinbech ग्राहक सेवा: हाम्रो सपोर्ट नम्बर,benign:ne:75,synthetic_v1,0,0,0,0,0,0,0,1
367 इकाई बिकीं,benign,benign,hi,p,body,[TAG=p] [ROLE=body] 367 इकाई बिकीं,benign:hi:47,synthetic_v1,0,0,0,0,0,0,0,1
Free shipping on orders above Rs. 899,benign,benign,en,h2,heading,[TAG=h2] [ROLE=heading] Free shipping on orders above Rs. 899,benign:en:01,synthetic_v1,0,0,0,0,0,0,0,1
Kinbech रिटर्न नीति: 1 दिन,benign,benign,hi,li,nav,[TAG=li] [ROLE=nav] Kinbech रिटर्न नीति: 1 दिन,benign:hi:65,synthetic_v1,0,0,0,0,0,0,0,1
"Sold by Anita Store, Chitwan",benign,benign,en,h2,heading,"[TAG=h2] [ROLE=heading] Sold by Anita Store, Chitwan",benign:en:65,synthetic_v1,0,0,0,0,0,0,0,1
"विक्रेता: ज्योति स्टोर, नागपुर",benign,benign,hi,p,body,"[TAG=p] [ROLE=body] विक्रेता: ज्योति स्टोर, नागपुर",benign:hi:64,synthetic_v1,0,0,0,0,0,0,0,1
"Sold by Pooja Store, Bhaktapur",benign,benign,en,span,label,"[TAG=span] [ROLE=label] Sold by Pooja Store, Bhaktapur",benign:en:65,synthetic_v1,0,0,0,0,0,0,0,1
Flipkart रिटर्न नीति: 3 दिन,benign,benign,hi,p,body,[TAG=p] [ROLE=body] Flipkart रिटर्न नीति: 3 दिन,benign:hi:65,synthetic_v1,0,0,0,0,0,0,0,1
BigBasket मा स्कुल ब्याग मा 80% छुट,benign,benign,ne,p,body,[TAG=p] [ROLE=body] BigBasket मा स्कुल ब्याग मा 80% छुट,benign:ne:70,synthetic_v1,0,0,0,0,0,0,0,1
Thulo पर स्पोर्ट्स सैंडल — रु. 99,benign,benign,hi,span,label,[TAG=span] [ROLE=label] Thulo पर स्पोर्ट्स सैंडल — रु. 99,benign:hi:62,synthetic_v1,0,0,0,0,0,0,0,1
laptop bag at JioMart — Rs. 299,benign,benign,en,button,cta,[TAG=button] [ROLE=cta] laptop bag at JioMart — Rs. 299,benign:en:63,synthetic_v1,0,0,0,0,0,0,0,1
एयर फ्रायर तुलना गर्नुहोस्,benign,benign,ne,h2,heading,[TAG=h2] [ROLE=heading] एयर फ्रायर तुलना गर्नुहोस्,benign:ne:12,synthetic_v1,0,0,0,0,0,0,0,1
Nykaa फिर्ता नीति: 10 दिन,benign,benign,ne,li,nav,[TAG=li] [ROLE=nav] Nykaa फिर्ता नीति: 10 दिन,benign:ne:65,synthetic_v1,0,0,0,0,0,0,0,1
"ढुवानी शुल्क: रु. 1,499 (भुक्तानी अघि देखिने)",benign,benign,ne,button,cta,"[TAG=button] [ROLE=cta] ढुवानी शुल्क: रु. 1,499 (भुक्तानी अघि देखिने)",benign:ne:43,synthetic_v1,0,0,0,0,0,0,0,1
Tata Cliq मा फेस वास — रु. 249,benign,benign,ne,span,label,[TAG=span] [ROLE=label] Tata Cliq मा फेस वास — रु. 249,benign:ne:62,synthetic_v1,0,0,0,0,0,0,0,1
288 लोगों ने राइस कुकर को रेट किया,benign,benign,hi,button,cta,[TAG=button] [ROLE=cta] 288 लोगों ने राइस कुकर को रेट किया,benign:hi:67,synthetic_v1,0,0,0,0,0,0,0,1
Reliance Digital ग्राहक सेवा: कॉल सेंटर,benign,benign,hi,h2,heading,[TAG=h2] [ROLE=heading] Reliance Digital ग्राहक सेवा: कॉल सेंटर,benign:hi:75,synthetic_v1,0,0,0,0,0,0,0,1
27 verified reviews,benign,benign,en,li,nav,[TAG=li] [ROLE=nav] 27 verified reviews,benign:en:23,synthetic_v1,0,0,0,0,0,0,0,1
"34,118 जनाले स्मार्टवाच मूल्याङ्कन गरे",benign,benign,ne,label,form,"[TAG=label] [ROLE=form] 34,118 जनाले स्मार्टवाच मूल्याङ्कन गरे",benign:ne:67,synthetic_v1,0,0,0,0,0,0,0,1
"ल्यापटप ब्याग — रु. 1,199",benign,benign,ne,p,body,"[TAG=p] [ROLE=body] ल्यापटप ब्याग — रु. 1,199",benign:ne:46,synthetic_v1,0,0,0,0,0,0,0,1
गेमिंग माउस — रु. 699,benign,benign,hi,span,label,[TAG=span] [ROLE=label] गेमिंग माउस — रु. 699,benign:hi:46,synthetic_v1,0,0,0,0,0,0,0,1
Zepto return policy: 9 days,benign,benign,en,button,cta,[TAG=button] [ROLE=cta] Zepto return policy: 9 days,benign:en:66,synthetic_v1,0,0,0,0,0,0,0,1
Reliance Digital ग्राहक सेवा: लाइव चैट,benign,benign,hi,p,body,[TAG=p] [ROLE=body] Reliance Digital ग्राहक सेवा: लाइव चैट,benign:hi:75,synthetic_v1,0,0,0,0,0,0,0,1
दिल्ली में 7 दिन में डिलीवरी,benign,benign,hi,span,label,[TAG=span] [ROLE=label] दिल्ली में 7 दिन में डिलीवरी,benign:hi:63,synthetic_v1,0,0,0,0,0,0,0,1
Sale ends 3 November,benign,benign,en,p,body,[TAG=p] [ROLE=body] Sale ends 3 November,benign:en:47,synthetic_v1,0,0,0,0,0,0,0,1
SastoDeal ग्राहक सेवा: लाइव चैट,benign,benign,hi,h2,heading,[TAG=h2] [ROLE=heading] SastoDeal ग्राहक सेवा: लाइव चैट,benign:hi:75,synthetic_v1,0,0,0,0,0,0,0,1
BigBasket मा गेमिङ माउस — रु. 899,benign,benign,ne,a,nav,[TAG=a] [ROLE=nav] BigBasket मा गेमिङ माउस — रु. 899,benign:ne:62,synthetic_v1,0,0,0,0,0,0,0,1
Meesho मा घामको चस्मा खोज्नुहोस्,benign,benign,ne,span,label,[TAG=span] [ROLE=label] Meesho मा घामको चस्मा खोज्नुहोस्,benign:ne:66,synthetic_v1,0,0,0,0,0,0,0,1
Add running shoes to cart,benign,benign,en,a,nav,[TAG=a] [ROLE=nav] Add running shoes to cart,benign:en:00,synthetic_v1,0,0,0,0,0,0,0,1
"18,332 people rated trekking jacket",benign,benign,en,p,body,"[TAG=p] [ROLE=body] 18,332 people rated trekking jacket",benign:en:68,synthetic_v1,0,0,0,0,0,0,0,1
EMI options available from Rs. 49/month,benign,benign,en,a,nav,[TAG=a] [ROLE=nav] EMI options available from Rs. 49/month,benign:en:34,synthetic_v1,0,0,0,0,0,0,0,1
शिपिंग शुल्क: रु. 349 (भुगतान से पहले दिखेगा),benign,benign,hi,h2,heading,[TAG=h2] [ROLE=heading] शिपिंग शुल्क: रु. 349 (भुगतान से पहले दिखेगा),benign:hi:43,synthetic_v1,0,0,0,0,0,0,0,1
नासिक में कैश ऑन डिलीवरी उपलब्ध,benign,benign,hi,button,cta,[TAG=button] [ROLE=cta] नासिक में कैश ऑन डिलीवरी उपलब्ध,benign:hi:09,synthetic_v1,0,0,0,0,0,0,0,1
"study lamp — 1,340 reviews, Jaipur warehouse",benign,benign,en,span,label,"[TAG=span] [ROLE=label] study lamp — 1,340 reviews, Jaipur warehouse",benign:en:73,synthetic_v1,0,0,0,0,0,0,0,1
ग्राहक समीक्षा (812),benign,benign,ne,p,body,[TAG=p] [ROLE=body] ग्राहक समीक्षा (812),benign:ne:03,synthetic_v1,0,0,0,0,0,0,0,1
Lenskart इमेल एक क्लिकमा अनसब्स्क्राइब गर्नुहोस्,benign,benign,ne,button,cta,[TAG=button] [ROLE=cta] Lenskart इमेल एक क्लिकमा अनसब्स्क्राइब गर्नुहोस्,benign:ne:69,synthetic_v1,0,0,0,0,0,0,0,1
Muncha ग्राहक सेवा: लाइभ च्याट,benign,benign,ne,h2,heading,[TAG=h2] [ROLE=heading] Muncha ग्राहक सेवा: लाइभ च्याट,benign:ne:75,synthetic_v1,0,0,0,0,0,0,0,1
Gyapu return policy: 8 days,benign,benign,en,button,cta,[TAG=button] [ROLE=cta] Gyapu return policy: 8 days,benign:en:66,synthetic_v1,0,0,0,0,0,0,0,1
ईमेल से अनसब्सक्राइब करें,benign,benign,hi,li,nav,[TAG=li] [ROLE=nav] ईमेल से अनसब्सक्राइब करें,benign:hi:40,synthetic_v1,0,0,0,0,0,0,0,1
48 जनाले स्कुल ब्याग मूल्याङ्कन गरे,benign,benign,ne,button,cta,[TAG=button] [ROLE=cta] 48 जनाले स्कुल ब्याग मूल्याङ्कन गरे,benign:ne:67,synthetic_v1,0,0,0,0,0,0,0,1
इन्डक्सन चुल्हो का लागि साइज गाइड,benign,benign,ne,span,label,[TAG=span] [ROLE=label] इन्डक्सन चुल्हो का लागि साइज गाइड,benign:ne:05,synthetic_v1,0,0,0,0,0,0,0,1
बाँके मा 2 दिनमा डेलिभरी,benign,benign,ne,li,nav,[TAG=li] [ROLE=nav] बाँके मा 2 दिनमा डेलिभरी,benign:ne:63,synthetic_v1,0,0,0,0,0,0,0,1
सबै ल्यापटप ब्याग हेर्नुहोस्,benign,benign,ne,span,label,[TAG=span] [ROLE=label] सबै ल्यापटप ब्याग हेर्नुहोस्,benign:ne:20,synthetic_v1,0,0,0,0,0,0,0,1
Reliance Digital मा रनिङ जुत्ता — रु. 449,benign,benign,ne,h2,heading,[TAG=h2] [ROLE=heading] Reliance Digital मा रनिङ जुत्ता — रु. 449,benign:ne:62,synthetic_v1,0,0,0,0,0,0,0,1
JioMart ग्राहक सेवा: हाम्रो WhatsApp नम्बर,benign,benign,ne,label,form,[TAG=label] [ROLE=form] JioMart ग्राहक सेवा: हाम्रो WhatsApp नम्बर,benign:ne:75,synthetic_v1,0,0,0,0,0,0,0,1
स्मार्टवाच — रु. 999,benign,benign,ne,button,cta,[TAG=button] [ROLE=cta] स्मार्टवाच — रु. 999,benign:ne:46,synthetic_v1,0,0,0,0,0,0,0,1
Myntra मा हिउँदको ब्ल्याङ्केट — रु. 699,benign,benign,ne,a,nav,[TAG=a] [ROLE=nav] Myntra मा हिउँदको ब्ल्याङ्केट — रु. 699,benign:ne:62,synthetic_v1,0,0,0,0,0,0,0,1
"1,502 सत्यापित समीक्षाएँ",benign,benign,hi,a,nav,"[TAG=a] [ROLE=nav] 1,502 सत्यापित समीक्षाएँ",benign:hi:23,synthetic_v1,0,0,0,0,0,0,0,1
Snapdeal return policy: 5 days,benign,benign,en,button,cta,[TAG=button] [ROLE=cta] Snapdeal return policy: 5 days,benign:en:66,synthetic_v1,0,0,0,0,0,0,0,1
Flipkart मा फेस वास मा 80% छुट,benign,benign,ne,span,label,[TAG=span] [ROLE=label] Flipkart मा फेस वास मा 80% छुट,benign:ne:70,synthetic_v1,0,0,0,0,0,0,0,1
"ल्यापटप ब्याग — 766 समीक्षा, बुटवल गोदाम",benign,benign,ne,label,form,"[TAG=label] [ROLE=form] ल्यापटप ब्याग — 766 समीक्षा, बुटवल गोदाम",benign:ne:72,synthetic_v1,0,0,0,0,0,0,0,1
247 verified reviews,benign,benign,en,li,nav,[TAG=li] [ROLE=nav] 247 verified reviews,benign:en:23,synthetic_v1,0,0,0,0,0,0,0,1
Thulo पर राइस कुकर पर 10% छूट,benign,benign,hi,h2,heading,[TAG=h2] [ROLE=heading] Thulo पर राइस कुकर पर 10% छूट,benign:hi:70,synthetic_v1,0,0,0,0,0,0,0,1
रु. 699 तक एक्सचेंज ऑफ़र,benign,benign,hi,label,form,[TAG=label] [ROLE=form] रु. 699 तक एक्सचेंज ऑफ़र,benign:hi:35,synthetic_v1,0,0,0,0,0,0,0,1
"1,502 थान बिक्री भयो",benign,benign,ne,h2,heading,"[TAG=h2] [ROLE=heading] 1,502 थान बिक्री भयो",benign:ne:47,synthetic_v1,0,0,0,0,0,0,0,1
"बुटवल मा स्टकमा, 14 दिनमा पठाइन्छ",benign,benign,ne,span,label,"[TAG=span] [ROLE=label] बुटवल मा स्टकमा, 14 दिनमा पठाइन्छ",benign:ne:76,synthetic_v1,0,0,0,0,0,0,0,1
"विक्रेता: दीपेश स्टोर, कानपुर",benign,benign,hi,li,nav,"[TAG=li] [ROLE=nav] विक्रेता: दीपेश स्टोर, कानपुर",benign:hi:64,synthetic_v1,0,0,0,0,0,0,0,1
Return within 10 days,benign,benign,en,h2,heading,[TAG=h2] [ROLE=heading] Return within 10 days,benign:en:04,synthetic_v1,0,0,0,0,0,0,0,1
Compare trekking jacket prices on Reliance Digital,benign,benign,en,span,label,[TAG=span] [ROLE=label] Compare trekking jacket prices on Reliance Digital,benign:en:74,synthetic_v1,0,0,0,0,0,0,0,1
"फेस वॉश पर रु. 1,999 से EMI",benign,benign,hi,button,cta,"[TAG=button] [ROLE=cta] फेस वॉश पर रु. 1,999 से EMI",benign:hi:74,synthetic_v1,0,0,0,0,0,0,0,1
27 लोगों ने एयर फ्रायर को रेट किया,benign,benign,hi,p,body,[TAG=p] [ROLE=body] 27 लोगों ने एयर फ्रायर को रेट किया,benign:hi:67,synthetic_v1,0,0,0,0,0,0,0,1
Compare backpack prices on Pepperfry,benign,benign,en,p,body,[TAG=p] [ROLE=body] Compare backpack prices on Pepperfry,benign:en:74,synthetic_v1,0,0,0,0,0,0,0,1
Delivery to Pune in 7 days,benign,benign,en,li,nav,[TAG=li] [ROLE=nav] Delivery to Pune in 7 days,benign:en:64,synthetic_v1,0,0,0,0,0,0,0,1
हिउँदको ब्ल्याङ्केट — रु. 349,benign,benign,ne,a,nav,[TAG=a] [ROLE=nav] हिउँदको ब्ल्याङ्केट — रु. 349,benign:ne:46,synthetic_v1,0,0,0,0,0,0,0,1
Lenskart पर फेस वॉश — रु. 399,benign,benign,hi,span,label,[TAG=span] [ROLE=label] Lenskart पर फेस वॉश — रु. 399,benign:hi:62,synthetic_v1,0,0,0,0,0,0,0,1
नॉइज़ कैंसलिंग हेडफोन के लिए साइज़ गाइड,benign,benign,hi,label,form,[TAG=label] [ROLE=form] नॉइज़ कैंसलिंग हेडफोन के लिए साइज़ गाइड,benign:hi:05,synthetic_v1,0,0,0,0,0,0,0,1
View all school bag,benign,benign,en,h2,heading,[TAG=h2] [ROLE=heading] View all school bag,benign:en:20,synthetic_v1,0,0,0,0,0,0,0,1
"EMI from Rs. 1,999 on water bottle",benign,benign,en,a,nav,"[TAG=a] [ROLE=nav] EMI from Rs. 1,999 on water bottle",benign:en:75,synthetic_v1,0,0,0,0,0,0,0,1
राइस कुकर कार्ट में जोड़ें,benign,benign,hi,label,form,[TAG=label] [ROLE=form] राइस कुकर कार्ट में जोड़ें,benign:hi:00,synthetic_v1,0,0,0,0,0,0,0,1
Croma इमेल एक क्लिकमा अनसब्स्क्राइब गर्नुहोस्,benign,benign,ne,label,form,[TAG=label] [ROLE=form] Croma इमेल एक क्लिकमा अनसब्स्क्राइब गर्नुहोस्,benign:ne:69,synthetic_v1,0,0,0,0,0,0,0,1
Tata Cliq पर प्रोटीन पाउडर खोजें,benign,benign,hi,p,body,[TAG=p] [ROLE=body] Tata Cliq पर प्रोटीन पाउडर खोजें,benign:hi:66,synthetic_v1,0,0,0,0,0,0,0,1
हेयर ड्रायर के लिए साइज़ गाइड,benign,benign,hi,label,form,[TAG=label] [ROLE=form] हेयर ड्रायर के लिए साइज़ गाइड,benign:hi:05,synthetic_v1,0,0,0,0,0,0,0,1
Size guide for face wash,benign,benign,en,a,nav,[TAG=a] [ROLE=nav] Size guide for face wash,benign:en:05,synthetic_v1,0,0,0,0,0,0,0,1
Reliance Digital ग्राहक सेवा: हमारा Facebook पेज,benign,benign,hi,p,body,[TAG=p] [ROLE=body] Reliance Digital ग्राहक सेवा: हमारा Facebook पेज,benign:hi:75,synthetic_v1,0,0,0,0,0,0,0,1
ल्यापटप ब्याग मा रु. 249 बाट EMI,benign,benign,ne,span,label,[TAG=span] [ROLE=label] ल्यापटप ब्याग मा रु. 249 बाट EMI,benign:ne:74,synthetic_v1,0,0,0,0,0,0,0,1
"Sold by Laxmi Store, Jaipur",benign,benign,en,p,body,"[TAG=p] [ROLE=body] Sold by Laxmi Store, Jaipur",benign:en:65,synthetic_v1,0,0,0,0,0,0,0,1
Return within 8 days,benign,benign,en,li,nav,[TAG=li] [ROLE=nav] Return within 8 days,benign:en:04,synthetic_v1,0,0,0,0,0,0,0,1
Search school bag on Myntra,benign,benign,en,span,label,[TAG=span] [ROLE=label] Search school bag on Myntra,benign:en:67,synthetic_v1,0,0,0,0,0,0,0,1
"पोखरा मा स्टकमा, 10 दिनमा पठाइन्छ",benign,benign,ne,span,label,"[TAG=span] [ROLE=label] पोखरा मा स्टकमा, 10 दिनमा पठाइन्छ",benign:ne:76,synthetic_v1,0,0,0,0,0,0,0,1
Tata Cliq मा वायरलेस इयरबड्स मा 40% छुट,benign,benign,ne,button,cta,[TAG=button] [ROLE=cta] Tata Cliq मा वायरलेस इयरबड्स मा 40% छुट,benign:ne:70,synthetic_v1,0,0,0,0,0,0,0,1
Tata Cliq ग्राहक सेवा: हमारा ईमेल डेस्क,benign,benign,hi,li,nav,[TAG=li] [ROLE=nav] Tata Cliq ग्राहक सेवा: हमारा ईमेल डेस्क,benign:hi:75,synthetic_v1,0,0,0,0,0,0,0,1
"स्कुल ब्याग — 2,411 समीक्षा, विराटनगर गोदाम",benign,benign,ne,button,cta,"[TAG=button] [ROLE=cta] स्कुल ब्याग — 2,411 समीक्षा, विराटनगर गोदाम",benign:ne:72,synthetic_v1,0,0,0,0,0,0,0,1
"3,109 जनाले ट्रेकिङ ज्याकेट मूल्याङ्कन गरे",benign,benign,ne,label,form,"[TAG=label] [ROLE=form] 3,109 जनाले ट्रेकिङ ज्याकेट मूल्याङ्कन गरे",benign:ne:67,synthetic_v1,0,0,0,0,0,0,0,1
"वायरलेस इयरबड्स मा रु. 1,999 बाट EMI",benign,benign,ne,span,label,"[TAG=span] [ROLE=label] वायरलेस इयरबड्स मा रु. 1,999 बाट EMI",benign:ne:74,synthetic_v1,0,0,0,0,0,0,0,1
Nykaa पर रनिंग शूज़ खोजें,benign,benign,hi,label,form,[TAG=label] [ROLE=form] Nykaa पर रनिंग शूज़ खोजें,benign:hi:66,synthetic_v1,0,0,0,0,0,0,0,1
"In stock in Patna, ships in 14 days",benign,benign,en,h2,heading,"[TAG=h2] [ROLE=heading] In stock in Patna, ships in 14 days",benign:en:77,synthetic_v1,0,0,0,0,0,0,0,1
EMI options available from Rs. 449/month,benign,benign,en,a,nav,[TAG=a] [ROLE=nav] EMI options available from Rs. 449/month,benign:en:34,synthetic_v1,0,0,0,0,0,0,0,1
रु. 799 तक एक्सचेंज ऑफ़र,benign,benign,hi,button,cta,[TAG=button] [ROLE=cta] रु. 799 तक एक्सचेंज ऑफ़र,benign:hi:35,synthetic_v1,0,0,0,0,0,0,0,1
"EMI options available from Rs. 1,199/month",benign,benign,en,p,body,"[TAG=p] [ROLE=body] EMI options available from Rs. 1,199/month",benign:en:34,synthetic_v1,0,0,0,0,0,0,0,1
Myntra मा स्टडी लाइट मूल्य तुलना गर्नुहोस्,benign,benign,ne,span,label,[TAG=span] [ROLE=label] Myntra मा स्टडी लाइट मूल्य तुलना गर्नुहोस्,benign:ne:73,synthetic_v1,0,0,0,0,0,0,0,1
312 people rated gaming mouse,benign,benign,en,h2,heading,[TAG=h2] [ROLE=heading] 312 people rated gaming mouse,benign:en:68,synthetic_v1,0,0,0,0,0,0,0,1
विराटनगर मा 10 दिनमा डेलिभरी,benign,benign,ne,li,nav,[TAG=li] [ROLE=nav] विराटनगर मा 10 दिनमा डेलिभरी,benign:ne:63,synthetic_v1,0,0,0,0,0,0,0,1
हैदराबाद शिपिंग: रु. 199,benign,benign,hi,h2,heading,[TAG=h2] [ROLE=heading] हैदराबाद शिपिंग: रु. 199,benign:hi:71,synthetic_v1,0,0,0,0,0,0,0,1
प्रोटिन पाउडर खोज्नुहोस्,benign,benign,ne,h2,heading,[TAG=h2] [ROLE=heading] प्रोटिन पाउडर खोज्नुहोस्,benign:ne:14,synthetic_v1,0,0,0,0,0,0,0,1
Myntra रिटर्न नीति: 4 दिन,benign,benign,hi,span,label,[TAG=span] [ROLE=label] Myntra रिटर्न नीति: 4 दिन,benign:hi:65,synthetic_v1,0,0,0,0,0,0,0,1
Compare running shoes prices on BigBasket,benign,benign,en,a,nav,[TAG=a] [ROLE=nav] Compare running shoes prices on BigBasket,benign:en:74,synthetic_v1,0,0,0,0,0,0,0,1
Pepperfry return policy: 7 days,benign,benign,en,button,cta,[TAG=button] [ROLE=cta] Pepperfry return policy: 7 days,benign:en:66,synthetic_v1,0,0,0,0,0,0,0,1
नोइज क्यान्सलिङ हेडफोन खोज्नुहोस्,benign,benign,ne,li,nav,[TAG=li] [ROLE=nav] नोइज क्यान्सलिङ हेडफोन खोज्नुहोस्,benign:ne:14,synthetic_v1,0,0,0,0,0,0,0,1
प्रोटीन पाउडर पर रु. 799 से EMI,benign,benign,hi,h2,heading,[TAG=h2] [ROLE=heading] प्रोटीन पाउडर पर रु. 799 से EMI,benign:hi:74,synthetic_v1,0,0,0,0,0,0,0,1
ब्लुटुथ स्पिकर मा रु. 699 बाट EMI,benign,benign,ne,p,body,[TAG=p] [ROLE=body] ब्लुटुथ स्पिकर मा रु. 699 बाट EMI,benign:ne:74,synthetic_v1,0,0,0,0,0,0,0,1
Croma customer care: our Facebook page,benign,benign,en,p,body,[TAG=p] [ROLE=body] Croma customer care: our Facebook page,benign:en:76,synthetic_v1,0,0,0,0,0,0,0,1
Customer reviews (288),benign,benign,en,label,form,[TAG=label] [ROLE=form] Customer reviews (288),benign:en:03,synthetic_v1,0,0,0,0,0,0,0,1
20% off wireless earbuds at Daraz,benign,benign,en,button,cta,[TAG=button] [ROLE=cta] 20% off wireless earbuds at Daraz,benign:en:71,synthetic_v1,0,0,0,0,0,0,0,1
Kinbech मा हेयर ड्रायर — रु. 199,benign,benign,ne,h2,heading,[TAG=h2] [ROLE=heading] Kinbech मा हेयर ड्रायर — रु. 199,benign:ne:62,synthetic_v1,0,0,0,0,0,0,0,1
70% छुट,benign,benign,ne,p,body,[TAG=p] [ROLE=body] 70% छुट,benign:ne:10,synthetic_v1,0,0,0,0,0,0,0,1
Meesho पर राइस कुकर की कीमतों की तुलना करें,benign,benign,hi,p,body,[TAG=p] [ROLE=body] Meesho पर राइस कुकर की कीमतों की तुलना करें,benign:hi:73,synthetic_v1,0,0,0,0,0,0,0,1
ग्राहक समीक्षाएँ (48),benign,benign,hi,button,cta,[TAG=button] [ROLE=cta] ग्राहक समीक्षाएँ (48),benign:hi:03,synthetic_v1,0,0,0,0,0,0,0,1
10% off power bank at Nykaa,benign,benign,en,span,label,[TAG=span] [ROLE=label] 10% off power bank at Nykaa,benign:en:71,synthetic_v1,0,0,0,0,0,0,0,1
"नासिक में स्टॉक में, 7 दिन में शिप",benign,benign,hi,button,cta,"[TAG=button] [ROLE=cta] नासिक में स्टॉक में, 7 दिन में शिप",benign:hi:76,synthetic_v1,0,0,0,0,0,0,0,1
स्टडी लैंप की तुलना करें,benign,benign,hi,a,nav,[TAG=a] [ROLE=nav] स्टडी लैंप की तुलना करें,benign:hi:12,synthetic_v1,0,0,0,0,0,0,0,1
"कॉटन कुर्ता — 14,860 समीक्षाएँ, अहमदाबाद गोदाम",benign,benign,hi,label,form,"[TAG=label] [ROLE=form] कॉटन कुर्ता — 14,860 समीक्षाएँ, अहमदाबाद गोदाम",benign:hi:72,synthetic_v1,0,0,0,0,0,0,0,1
63 लोगों ने स्मार्टवॉच को रेट किया,benign,benign,hi,a,nav,[TAG=a] [ROLE=nav] 63 लोगों ने स्मार्टवॉच को रेट किया,benign:hi:67,synthetic_v1,0,0,0,0,0,0,0,1
"Seller: Rekha Traders, Butwal",benign,benign,en,span,label,"[TAG=span] [ROLE=label] Seller: Rekha Traders, Butwal",benign:en:49,synthetic_v1,0,0,0,0,0,0,0,1
Meesho ईमेल एक क्लिक में अनसब्सक्राइब करें,benign,benign,hi,li,nav,[TAG=li] [ROLE=nav] Meesho ईमेल एक क्लिक में अनसब्सक्राइब करें,benign:hi:69,synthetic_v1,0,0,0,0,0,0,0,1
"1,187 units sold",benign,benign,en,label,form,"[TAG=label] [ROLE=form] 1,187 units sold",benign:en:48,synthetic_v1,0,0,0,0,0,0,0,1
Kinbech मा स्टडी लाइट मा 30% छुट,benign,benign,ne,span,label,[TAG=span] [ROLE=label] Kinbech मा स्टडी लाइट मा 30% छुट,benign:ne:70,synthetic_v1,0,0,0,0,0,0,0,1
Decline,benign,benign,en,li,nav,[TAG=li] [ROLE=nav] Decline,benign:en:58,synthetic_v1,0,0,0,0,0,0,0,1
Cash on delivery available in Pokhara,benign,benign,en,a,nav,[TAG=a] [ROLE=nav] Cash on delivery available in Pokhara,benign:en:09,synthetic_v1,0,0,0,0,0,0,0,1
कटन कुर्ता — रु. 999,benign,benign,ne,span,label,[TAG=span] [ROLE=label] कटन कुर्ता — रु. 999,benign:ne:46,synthetic_v1,0,0,0,0,0,0,0,1
"नासिक में स्टॉक में, 5 दिन में शिप",benign,benign,hi,p,body,"[TAG=p] [ROLE=body] नासिक में स्टॉक में, 5 दिन में शिप",benign:hi:76,synthetic_v1,0,0,0,0,0,0,0,1
Thulo पर इलेक्ट्रिक केटल पर 25% छूट,benign,benign,hi,span,label,[TAG=span] [ROLE=label] Thulo पर इलेक्ट्रिक केटल पर 25% छूट,benign:hi:70,synthetic_v1,0,0,0,0,0,0,0,1
डेनिम जिन्स कार्टमा राख्नुहोस्,benign,benign,ne,label,form,[TAG=label] [ROLE=form] डेनिम जिन्स कार्टमा राख्नुहोस्,benign:ne:00,synthetic_v1,0,0,0,0,0,0,0,1
35% off hair dryer at Meesho,benign,benign,en,label,form,[TAG=label] [ROLE=form] 35% off hair dryer at Meesho,benign:en:71,synthetic_v1,0,0,0,0,0,0,0,1
Refund policy: refunds in 5 working days,benign,benign,en,label,form,[TAG=label] [ROLE=form] Refund policy: refunds in 5 working days,benign:en:60,synthetic_v1,0,0,0,0,0,0,0,1
Croma ग्राहक सेवा: लाइव चैट,benign,benign,hi,a,nav,[TAG=a] [ROLE=nav] Croma ग्राहक सेवा: लाइव चैट,benign:hi:75,synthetic_v1,0,0,0,0,0,0,0,1
नागपुर में 3 दिन में डिलीवरी,benign,benign,hi,h2,heading,[TAG=h2] [ROLE=heading] नागपुर में 3 दिन में डिलीवरी,benign:hi:63,synthetic_v1,0,0,0,0,0,0,0,1
"protein powder — 9,118 reviews, Bhaktapur warehouse",benign,benign,en,a,nav,"[TAG=a] [ROLE=nav] protein powder — 9,118 reviews, Bhaktapur warehouse",benign:en:73,synthetic_v1,0,0,0,0,0,0,0,1
स्मार्टवॉच — रु. 99,benign,benign,hi,a,nav,[TAG=a] [ROLE=nav] स्मार्टवॉच — रु. 99,benign:hi:46,synthetic_v1,0,0,0,0,0,0,0,1
smartwatch — Rs. 199,benign,benign,en,h2,heading,[TAG=h2] [ROLE=heading] smartwatch — Rs. 199,benign:en:46,synthetic_v1,0,0,0,0,0,0,0,1
Price: Rs. 49,benign,benign,en,span,label,[TAG=span] [ROLE=label] Price: Rs. 49,benign:en:45,synthetic_v1,0,0,0,0,0,0,0,1
"विक्रेता: अर्जुन ट्रेडर्स, बेंगलुरु",benign,benign,hi,h2,heading,"[TAG=h2] [ROLE=heading] विक्रेता: अर्जुन ट्रेडर्स, बेंगलुरु",benign:hi:48,synthetic_v1,0,0,0,0,0,0,0,1
ल्यापटप ब्याग मा रु. 399 बाट EMI,benign,benign,ne,button,cta,[TAG=button] [ROLE=cta] ल्यापटप ब्याग मा रु. 399 बाट EMI,benign:ne:74,synthetic_v1,0,0,0,0,0,0,0,1
Search cotton kurta on Meesho,benign,benign,en,label,form,[TAG=label] [ROLE=form] Search cotton kurta on Meesho,benign:en:67,synthetic_v1,0,0,0,0,0,0,0,1
Reliance Digital रिटर्न नीति: 9 दिन,benign,benign,hi,button,cta,[TAG=button] [ROLE=cta] Reliance Digital रिटर्न नीति: 9 दिन,benign:hi:65,synthetic_v1,0,0,0,0,0,0,0,1
"Sold by Rohan Store, Lucknow",benign,benign,en,label,form,"[TAG=label] [ROLE=form] Sold by Rohan Store, Lucknow",benign:en:65,synthetic_v1,0,0,0,0,0,0,0,1
186 लोगों ने फॉर्मल शर्ट को रेट किया,benign,benign,hi,li,nav,[TAG=li] [ROLE=nav] 186 लोगों ने फॉर्मल शर्ट को रेट किया,benign:hi:67,synthetic_v1,0,0,0,0,0,0,0,1
"चितवन मा स्टकमा, 14 दिनमा पठाइन्छ",benign,benign,ne,a,nav,"[TAG=a] [ROLE=nav] चितवन मा स्टकमा, 14 दिनमा पठाइन्छ",benign:ne:76,synthetic_v1,0,0,0,0,0,0,0,1
12 दिनभित्र फिर्ता,benign,benign,ne,a,nav,[TAG=a] [ROLE=nav] 12 दिनभित्र फिर्ता,benign:ne:04,synthetic_v1,0,0,0,0,0,0,0,1
Salesberry रिटर्न नीति: 1 दिन,benign,benign,hi,span,label,[TAG=span] [ROLE=label] Salesberry रिटर्न नीति: 1 दिन,benign:hi:65,synthetic_v1,0,0,0,0,0,0,0,1
"नासिक में स्टॉक में, 3 दिन में शिप",benign,benign,hi,label,form,"[TAG=label] [ROLE=form] नासिक में स्टॉक में, 3 दिन में शिप",benign:hi:76,synthetic_v1,0,0,0,0,0,0,0,1
Zepto ग्राहक सेवा: हाम्रो हेल्पलाइन,benign,benign,ne,a,nav,[TAG=a] [ROLE=nav] Zepto ग्राहक सेवा: हाम्रो हेल्पलाइन,benign:ne:75,synthetic_v1,0,0,0,0,0,0,0,1
"गेमिंग माउस पर रु. 1,199 से EMI",benign,benign,hi,button,cta,"[TAG=button] [ROLE=cta] गेमिंग माउस पर रु. 1,199 से EMI",benign:hi:74,synthetic_v1,0,0,0,0,0,0,0,1
स्कुल ब्याग का लागि साइज गाइड,benign,benign,ne,span,label,[TAG=span] [ROLE=label] स्कुल ब्याग का लागि साइज गाइड,benign:ne:05,synthetic_v1,0,0,0,0,0,0,0,1
"Price: Rs. 2,999",benign,benign,en,p,body,"[TAG=p] [ROLE=body] Price: Rs. 2,999",benign:en:45,synthetic_v1,0,0,0,0,0,0,0,1
"बिक्रेता: सागर ट्रेडर्स, दमक",benign,benign,ne,li,nav,"[TAG=li] [ROLE=nav] बिक्रेता: सागर ट्रेडर्स, दमक",benign:ne:48,synthetic_v1,0,0,0,0,0,0,0,1
रु. 349 से ऊपर के ऑर्डर पर मुफ़्त शिपिंग,benign,benign,hi,label,form,[TAG=label] [ROLE=form] रु. 349 से ऊपर के ऑर्डर पर मुफ़्त शिपिंग,benign:hi:01,synthetic_v1,0,0,0,0,0,0,0,1
203 जनाले स्पोर्ट्स चप्पल मूल्याङ्कन गरे,benign,benign,ne,p,body,[TAG=p] [ROLE=body] 203 जनाले स्पोर्ट्स चप्पल मूल्याङ्कन गरे,benign:ne:67,synthetic_v1,0,0,0,0,0,0,0,1
Blinkit फिर्ता नीति: 10 दिन,benign,benign,ne,label,form,[TAG=label] [ROLE=form] Blinkit फिर्ता नीति: 10 दिन,benign:ne:65,synthetic_v1,0,0,0,0,0,0,0,1
Shipping to Jaipur: Rs. 899,benign,benign,en,button,cta,[TAG=button] [ROLE=cta] Shipping to Jaipur: Rs. 899,benign:en:72,synthetic_v1,0,0,0,0,0,0,0,1
Nykaa ग्राहक सेवा: हाम्रो इमेल डेस्क,benign,benign,ne,span,label,[TAG=span] [ROLE=label] Nykaa ग्राहक सेवा: हाम्रो इमेल डेस्क,benign:ne:75,synthetic_v1,0,0,0,0,0,0,0,1
Daraz पर ब्लूटूथ स्पीकर — रु. 999,benign,benign,hi,label,form,[TAG=label] [ROLE=form] Daraz पर ब्लूटूथ स्पीकर — रु. 999,benign:hi:62,synthetic_v1,0,0,0,0,0,0,0,1
EMI from Rs. 299 on denim jeans,benign,benign,en,li,nav,[TAG=li] [ROLE=nav] EMI from Rs. 299 on denim jeans,benign:en:75,synthetic_v1,0,0,0,0,0,0,0,1
JioMart return policy: 12 days,benign,benign,en,span,label,[TAG=span] [ROLE=label] JioMart return policy: 12 days,benign:en:66,synthetic_v1,0,0,0,0,0,0,0,1
Blinkit इमेल एक क्लिकमा अनसब्स्क्राइब गर्नुहोस्,benign,benign,ne,h2,heading,[TAG=h2] [ROLE=heading] Blinkit इमेल एक क्लिकमा अनसब्स्क्राइब गर्नुहोस्,benign:ne:69,synthetic_v1,0,0,0,0,0,0,0,1
"EMI options available from Rs. 2,999/month",benign,benign,en,p,body,"[TAG=p] [ROLE=body] EMI options available from Rs. 2,999/month",benign:en:34,synthetic_v1,0,0,0,0,0,0,0,1
"2,411 verified reviews",benign,benign,en,a,nav,"[TAG=a] [ROLE=nav] 2,411 verified reviews",benign:en:23,synthetic_v1,0,0,0,0,0,0,0,1
"sunglasses — 14,860 reviews, Surat warehouse",benign,benign,en,span,label,"[TAG=span] [ROLE=label] sunglasses — 14,860 reviews, Surat warehouse",benign:en:73,synthetic_v1,0,0,0,0,0,0,0,1
"बिक्रेता: निशा ट्रेडर्स, भक्तपुर",benign,benign,ne,label,form,"[TAG=label] [ROLE=form] बिक्रेता: निशा ट्रेडर्स, भक्तपुर",benign:ne:48,synthetic_v1,0,0,0,0,0,0,0,1
स्पोर्ट्स चप्पल मा रु. 999 बाट EMI,benign,benign,ne,label,form,[TAG=label] [ROLE=form] स्पोर्ट्स चप्पल मा रु. 999 बाट EMI,benign:ne:74,synthetic_v1,0,0,0,0,0,0,0,1
512 थान बिक्री भयो,benign,benign,ne,a,nav,[TAG=a] [ROLE=nav] 512 थान बिक्री भयो,benign:ne:47,synthetic_v1,0,0,0,0,0,0,0,1
Meesho फिर्ता नीति: 10 दिन,benign,benign,ne,label,form,[TAG=label] [ROLE=form] Meesho फिर्ता नीति: 10 दिन,benign:ne:65,synthetic_v1,0,0,0,0,0,0,0,1
Snapdeal customer care: our Facebook page,benign,benign,en,h2,heading,[TAG=h2] [ROLE=heading] Snapdeal customer care: our Facebook page,benign:en:76,synthetic_v1,0,0,0,0,0,0,0,1
Apply coupon,benign,benign,en,button,cta,[TAG=button] [ROLE=cta] Apply coupon,benign:en:19,synthetic_v1,0,0,0,0,0,0,0,1
ग्राहक समीक्षाएँ (27),benign,benign,hi,h2,heading,[TAG=h2] [ROLE=heading] ग्राहक समीक्षाएँ (27),benign:hi:03,synthetic_v1,0,0,0,0,0,0,0,1
Unsubscribe from Kinbech emails in one click,benign,benign,en,p,body,[TAG=p] [ROLE=body] Unsubscribe from Kinbech emails in one click,benign:en:70,synthetic_v1,0,0,0,0,0,0,0,1
Size guide for running shoes,benign,benign,en,button,cta,[TAG=button] [ROLE=cta] Size guide for running shoes,benign:en:05,synthetic_v1,0,0,0,0,0,0,0,1
Amazon पर हेयर ड्रायर पर 25% छूट,benign,benign,hi,h2,heading,[TAG=h2] [ROLE=heading] Amazon पर हेयर ड्रायर पर 25% छूट,benign:hi:70,synthetic_v1,0,0,0,0,0,0,0,1
OkDam मा वायरलेस इयरबड्स — रु. 399,benign,benign,ne,button,cta,[TAG=button] [ROLE=cta] OkDam मा वायरलेस इयरबड्स — रु. 399,benign:ne:62,synthetic_v1,0,0,0,0,0,0,0,1
Lenskart पर प्रोटीन पाउडर पर 50% छूट,benign,benign,hi,a,nav,[TAG=a] [ROLE=nav] Lenskart पर प्रोटीन पाउडर पर 50% छूट,benign:hi:70,synthetic_v1,0,0,0,0,0,0,0,1
Croma ग्राहक सेवा: हाम्रो इमेल डेस्क,benign,benign,ne,span,label,[TAG=span] [ROLE=label] Croma ग्राहक सेवा: हाम्रो इमेल डेस्क,benign:ne:75,synthetic_v1,0,0,0,0,0,0,0,1
Muncha मा फोन कभर मूल्य तुलना गर्नुहोस्,benign,benign,ne,h2,heading,[TAG=h2] [ROLE=heading] Muncha मा फोन कभर मूल्य तुलना गर्नुहोस्,benign:ne:73,synthetic_v1,0,0,0,0,0,0,0,1
Amazon मा पानीको बोतल मूल्य तुलना गर्नुहोस्,benign,benign,ne,h2,heading,[TAG=h2] [ROLE=heading] Amazon मा पानीको बोतल मूल्य तुलना गर्नुहोस्,benign:ne:73,synthetic_v1,0,0,0,0,0,0,0,1
रनिंग शूज़ के लिए साइज़ गाइड,benign,benign,hi,button,cta,[TAG=button] [ROLE=cta] रनिंग शूज़ के लिए साइज़ गाइड,benign:hi:05,synthetic_v1,0,0,0,0,0,0,0,1
"बिक्रेता: लक्ष्मी ट्रेडर्स, पोखरा",benign,benign,ne,span,label,"[TAG=span] [ROLE=label] बिक्रेता: लक्ष्मी ट्रेडर्स, पोखरा",benign:ne:48,synthetic_v1,0,0,0,0,0,0,0,1
EMI from Rs. 349 on air fryer,benign,benign,en,span,label,[TAG=span] [ROLE=label] EMI from Rs. 349 on air fryer,benign:en:75,synthetic_v1,0,0,0,0,0,0,0,1
कुपन लागू गर्नुहोस्,benign,benign,ne,label,form,[TAG=label] [ROLE=form] कुपन लागू गर्नुहोस्,benign:ne:19,synthetic_v1,0,0,0,0,0,0,0,1
एयर फ्रायर पर रु. 449 से EMI,benign,benign,hi,a,nav,[TAG=a] [ROLE=nav] एयर फ्रायर पर रु. 449 से EMI,benign:hi:74,synthetic_v1,0,0,0,0,0,0,0,1
"Sold by Sanjay Store, Hyderabad",benign,benign,en,label,form,"[TAG=label] [ROLE=form] Sold by Sanjay Store, Hyderabad",benign:en:65,synthetic_v1,0,0,0,0,0,0,0,1
"विक्रेता: सुमन स्टोर, जयपुर",benign,benign,hi,label,form,"[TAG=label] [ROLE=form] विक्रेता: सुमन स्टोर, जयपुर",benign:hi:64,synthetic_v1,0,0,0,0,0,0,0,1
मेरा खाता हटाएं,benign,benign,hi,a,nav,[TAG=a] [ROLE=nav] मेरा खाता हटाएं,benign:hi:42,synthetic_v1,0,0,0,0,0,0,0,1
812 people rated protein powder,benign,benign,en,p,body,[TAG=p] [ROLE=body] 812 people rated protein powder,benign:en:68,synthetic_v1,0,0,0,0,0,0,0,1
FirstCry return policy: 5 days,benign,benign,en,h2,heading,[TAG=h2] [ROLE=heading] FirstCry return policy: 5 days,benign:en:66,synthetic_v1,0,0,0,0,0,0,0,1
"noise cancelling headphones — 578 reviews, Pokhara warehouse",benign,benign,en,li,nav,"[TAG=li] [ROLE=nav] noise cancelling headphones — 578 reviews, Pokhara warehouse",benign:en:73,synthetic_v1,0,0,0,0,0,0,0,1
"Sold by Kavya Store, Pune",benign,benign,en,h2,heading,"[TAG=h2] [ROLE=heading] Sold by Kavya Store, Pune",benign:en:65,synthetic_v1,0,0,0,0,0,0,0,1
Customer reviews (455),benign,benign,en,a,nav,[TAG=a] [ROLE=nav] Customer reviews (455),benign:en:03,synthetic_v1,0,0,0,0,0,0,0,1
Muncha रिटर्न नीति: 4 दिन,benign,benign,hi,span,label,[TAG=span] [ROLE=label] Muncha रिटर्न नीति: 4 दिन,benign:hi:65,synthetic_v1,0,0,0,0,0,0,0,1
"इंडक्शन चूल्हा — रु. 1,999",benign,benign,hi,span,label,"[TAG=span] [ROLE=label] इंडक्शन चूल्हा — रु. 1,999",benign:hi:46,synthetic_v1,0,0,0,0,0,0,0,1
"Sold by Suman Store, Dharan",benign,benign,en,li,nav,"[TAG=li] [ROLE=nav] Sold by Suman Store, Dharan",benign:en:65,synthetic_v1,0,0,0,0,0,0,0,1
"फेस वॉश — रु. 1,999",benign,benign,hi,span,label,"[TAG=span] [ROLE=label] फेस वॉश — रु. 1,999",benign:hi:46,synthetic_v1,0,0,0,0,0,0,0,1
"बिक्रेता: सागर ट्रेडर्स, सुर्खेत",benign,benign,ne,span,label,"[TAG=span] [ROLE=label] बिक्रेता: सागर ट्रेडर्स, सुर्खेत",benign:ne:48,synthetic_v1,0,0,0,0,0,0,0,1
फॉर्मल शर्ट उपलब्ध होने पर सूचित करें,benign,benign,hi,h2,heading,[TAG=h2] [ROLE=heading] फॉर्मल शर्ट उपलब्ध होने पर सूचित करें,benign:hi:33,synthetic_v1,0,0,0,0,0,0,0,1
"Seller: Nisha Traders, Pune",benign,benign,en,h2,heading,"[TAG=h2] [ROLE=heading] Seller: Nisha Traders, Pune",benign:en:49,synthetic_v1,0,0,0,0,0,0,0,1
"स्टडी लैंप — 1,024 समीक्षाएँ, हैदराबाद गोदाम",benign,benign,hi,button,cta,"[TAG=button] [ROLE=cta] स्टडी लैंप — 1,024 समीक्षाएँ, हैदराबाद गोदाम",benign:hi:72,synthetic_v1,0,0,0,0,0,0,0,1
श्रेणियाँ,benign,benign,hi,p,body,[TAG=p] [ROLE=body] श्रेणियाँ,benign:hi:29,synthetic_v1,0,0,0,0,0,0,0,1
35% off wireless earbuds at HamroBazar,benign,benign,en,li,nav,[TAG=li] [ROLE=nav] 35% off wireless earbuds at HamroBazar,benign:en:71,synthetic_v1,0,0,0,0,0,0,0,1
कानपुर में कैश ऑन डिलीवरी उपलब्ध,benign,benign,hi,p,body,[TAG=p] [ROLE=body] कानपुर में कैश ऑन डिलीवरी उपलब्ध,benign:hi:09,synthetic_v1,0,0,0,0,0,0,0,1
Lenskart मा डेनिम जिन्स खोज्नुहोस्,benign,benign,ne,button,cta,[TAG=button] [ROLE=cta] Lenskart मा डेनिम जिन्स खोज्नुहोस्,benign:ne:66,synthetic_v1,0,0,0,0,0,0,0,1
FirstCry पर लैपटॉप बैग — रु. 499,benign,benign,hi,button,cta,[TAG=button] [ROLE=cta] FirstCry पर लैपटॉप बैग — रु. 499,benign:hi:62,synthetic_v1,0,0,0,0,0,0,0,1
Salesberry पर नॉइज़ कैंसलिंग हेडफोन की कीमतों की तुलना करें,benign,benign,hi,button,cta,[TAG=button] [ROLE=cta] Salesberry पर नॉइज़ कैंसलिंग हेडफोन की कीमतों की तुलना करें,benign:hi:73,synthetic_v1,0,0,0,0,0,0,0,1
Price: Rs. 99,benign,benign,en,a,nav,[TAG=a] [ROLE=nav] Price: Rs. 99,benign:en:45,synthetic_v1,0,0,0,0,0,0,0,1
"हैदराबाद में स्टॉक में, 7 दिन में शिप",benign,benign,hi,span,label,"[TAG=span] [ROLE=label] हैदराबाद में स्टॉक में, 7 दिन में शिप",benign:hi:76,synthetic_v1,0,0,0,0,0,0,0,1
"Seller: Laxmi Traders, Dharan",benign,benign,en,a,nav,"[TAG=a] [ROLE=nav] Seller: Laxmi Traders, Dharan",benign:en:49,synthetic_v1,0,0,0,0,0,0,0,1
"बिक्रेता: ज्योति स्टोर, सुर्खेत",benign,benign,ne,li,nav,"[TAG=li] [ROLE=nav] बिक्रेता: ज्योति स्टोर, सुर्खेत",benign:ne:64,synthetic_v1,0,0,0,0,0,0,0,1
इंदौर में डिलीवरी,benign,benign,hi,li,nav,[TAG=li] [ROLE=nav] इंदौर में डिलीवरी,benign:hi:37,synthetic_v1,0,0,0,0,0,0,0,1
अनुमानित डेलिभरी: 4 दिन,benign,benign,ne,p,body,[TAG=p] [ROLE=body] अनुमानित डेलिभरी: 4 दिन,benign:ne:24,synthetic_v1,0,0,0,0,0,0,0,1
चंडीगढ़ में 7 दिन में डिलीवरी,benign,benign,hi,label,form,[TAG=label] [ROLE=form] चंडीगढ़ में 7 दिन में डिलीवरी,benign:hi:63,synthetic_v1,0,0,0,0,0,0,0,1
इंडक्शन चूल्हा — रु. 299,benign,benign,hi,button,cta,[TAG=button] [ROLE=cta] इंडक्शन चूल्हा — रु. 299,benign:hi:46,synthetic_v1,0,0,0,0,0,0,0,1
"विक्रेता: मनीष ट्रेडर्स, नागपुर",benign,benign,hi,p,body,"[TAG=p] [ROLE=body] विक्रेता: मनीष ट्रेडर्स, नागपुर",benign:hi:48,synthetic_v1,0,0,0,0,0,0,0,1
SastoDeal पर योगा मैट की कीमतों की तुलना करें,benign,benign,hi,button,cta,[TAG=button] [ROLE=cta] SastoDeal पर योगा मैट की कीमतों की तुलना करें,benign:hi:73,synthetic_v1,0,0,0,0,0,0,0,1
Muncha return policy: 8 days,benign,benign,en,a,nav,[TAG=a] [ROLE=nav] Muncha return policy: 8 days,benign:en:66,synthetic_v1,0,0,0,0,0,0,0,1
SastoDeal पर हेयर ड्रायर पर 10% छूट,benign,benign,hi,li,nav,[TAG=li] [ROLE=nav] SastoDeal पर हेयर ड्रायर पर 10% छूट,benign:hi:70,synthetic_v1,0,0,0,0,0,0,0,1
"phone case — 9,118 reviews, Pune warehouse",benign,benign,en,p,body,"[TAG=p] [ROLE=body] phone case — 9,118 reviews, Pune warehouse",benign:en:73,synthetic_v1,0,0,0,0,0,0,0,1
backpack at OkDam — Rs. 349,benign,benign,en,li,nav,[TAG=li] [ROLE=nav] backpack at OkDam — Rs. 349,benign:en:63,synthetic_v1,0,0,0,0,0,0,0,1
"सूरत शिपिंग: रु. 1,199",benign,benign,hi,a,nav,"[TAG=a] [ROLE=nav] सूरत शिपिंग: रु. 1,199",benign:hi:71,synthetic_v1,0,0,0,0,0,0,0,1
Zepto पर डेनिम जींस की कीमतों की तुलना करें,benign,benign,hi,li,nav,[TAG=li] [ROLE=nav] Zepto पर डेनिम जींस की कीमतों की तुलना करें,benign:hi:73,synthetic_v1,0,0,0,0,0,0,0,1
Gyapu पर स्टडी लैंप की कीमतों की तुलना करें,benign,benign,hi,li,nav,[TAG=li] [ROLE=nav] Gyapu पर स्टडी लैंप की कीमतों की तुलना करें,benign:hi:73,synthetic_v1,0,0,0,0,0,0,0,1
889 people rated school bag,benign,benign,en,button,cta,[TAG=button] [ROLE=cta] 889 people rated school bag,benign:en:68,synthetic_v1,0,0,0,0,0,0,0,1
"पोखरा मा स्टकमा, 7 दिनमा पठाइन्छ",benign,benign,ne,p,body,"[TAG=p] [ROLE=body] पोखरा मा स्टकमा, 7 दिनमा पठाइन्छ",benign:ne:76,synthetic_v1,0,0,0,0,0,0,0,1
प्रोटिन पाउडर — रु. 599,benign,benign,ne,p,body,[TAG=p] [ROLE=body] प्रोटिन पाउडर — रु. 599,benign:ne:46,synthetic_v1,0,0,0,0,0,0,0,1
हिउँदको ब्ल्याङ्केट उपलब्ध भएपछि जानकारी दिनुहोस्,benign,benign,ne,label,form,[TAG=label] [ROLE=form] हिउँदको ब्ल्याङ्केट उपलब्ध भएपछि जानकारी दिनुहोस्,benign:ne:33,synthetic_v1,0,0,0,0,0,0,0,1
Compare denim jeans prices on Nykaa,benign,benign,en,p,body,[TAG=p] [ROLE=body] Compare denim jeans prices on Nykaa,benign:en:74,synthetic_v1,0,0,0,0,0,0,0,1
लखनऊ में 5 दिन में डिलीवरी,benign,benign,hi,h2,heading,[TAG=h2] [ROLE=heading] लखनऊ में 5 दिन में डिलीवरी,benign:hi:63,synthetic_v1,0,0,0,0,0,0,0,1
"विक्रेता: सीता ट्रेडर्स, पटना",benign,benign,hi,span,label,"[TAG=span] [ROLE=label] विक्रेता: सीता ट्रेडर्स, पटना",benign:hi:48,synthetic_v1,0,0,0,0,0,0,0,1
Search for formal shirt,benign,benign,en,button,cta,[TAG=button] [ROLE=cta] Search for formal shirt,benign:en:14,synthetic_v1,0,0,0,0,0,0,0,1
578 people rated hair dryer,benign,benign,en,a,nav,[TAG=a] [ROLE=nav] 578 people rated hair dryer,benign:en:68,synthetic_v1,0,0,0,0,0,0,0,1
"मुंबई में स्टॉक में, 14 दिन में शिप",benign,benign,hi,h2,heading,"[TAG=h2] [ROLE=heading] मुंबई में स्टॉक में, 14 दिन में शिप",benign:hi:76,synthetic_v1,0,0,0,0,0,0,0,1
"Seller: Pooja Traders, Lucknow",benign,benign,en,button,cta,"[TAG=button] [ROLE=cta] Seller: Pooja Traders, Lucknow",benign:en:49,synthetic_v1,0,0,0,0,0,0,0,1
ललितपुर मा 5 दिनमा डेलिभरी,benign,benign,ne,h2,heading,[TAG=h2] [ROLE=heading] ललितपुर मा 5 दिनमा डेलिभरी,benign:ne:63,synthetic_v1,0,0,0,0,0,0,0,1
laptop bag at OkDam — Rs. 99,benign,benign,en,h2,heading,[TAG=h2] [ROLE=heading] laptop bag at OkDam — Rs. 99,benign:en:63,synthetic_v1,0,0,0,0,0,0,0,1
सबै फेस वास हेर्नुहोस्,benign,benign,ne,span,label,[TAG=span] [ROLE=label] सबै फेस वास हेर्नुहोस्,benign:ne:20,synthetic_v1,0,0,0,0,0,0,0,1
5 दिनभित्र फिर्ता,benign,benign,ne,button,cta,[TAG=button] [ROLE=cta] 5 दिनभित्र फिर्ता,benign:ne:04,synthetic_v1,0,0,0,0,0,0,0,1
EMI from Rs. 299 on bluetooth speaker,benign,benign,en,li,nav,[TAG=li] [ROLE=nav] EMI from Rs. 299 on bluetooth speaker,benign:en:75,synthetic_v1,0,0,0,0,0,0,0,1
Search formal shirt on Amazon,benign,benign,en,a,nav,[TAG=a] [ROLE=nav] Search formal shirt on Amazon,benign:en:67,synthetic_v1,0,0,0,0,0,0,0,1
इलेक्ट्रिक केटल उपलब्ध होने पर सूचित करें,benign,benign,hi,a,nav,[TAG=a] [ROLE=nav] इलेक्ट्रिक केटल उपलब्ध होने पर सूचित करें,benign:hi:33,synthetic_v1,0,0,0,0,0,0,0,1
View all water bottle,benign,benign,en,button,cta,[TAG=button] [ROLE=cta] View all water bottle,benign:en:20,synthetic_v1,0,0,0,0,0,0,0,1
"बिक्रेता: रोहन स्टोर, जनकपुर",benign,benign,ne,p,body,"[TAG=p] [ROLE=body] बिक्रेता: रोहन स्टोर, जनकपुर",benign:ne:64,synthetic_v1,0,0,0,0,0,0,0,1
जनकपुर ढुवानी: रु. 249,benign,benign,ne,button,cta,[TAG=button] [ROLE=cta] जनकपुर ढुवानी: रु. 249,benign:ne:71,synthetic_v1,0,0,0,0,0,0,0,1
"विक्रेता: सीता स्टोर, भोपाल",benign,benign,hi,span,label,"[TAG=span] [ROLE=label] विक्रेता: सीता स्टोर, भोपाल",benign:hi:64,synthetic_v1,0,0,0,0,0,0,0,1
Thulo फिर्ता नीति: 4 दिन,benign,benign,ne,p,body,[TAG=p] [ROLE=body] Thulo फिर्ता नीति: 4 दिन,benign:ne:65,synthetic_v1,0,0,0,0,0,0,0,1
Amazon पर स्कूल बैग पर 25% छूट,benign,benign,hi,p,body,[TAG=p] [ROLE=body] Amazon पर स्कूल बैग पर 25% छूट,benign:hi:70,synthetic_v1,0,0,0,0,0,0,0,1
View all protein powder,benign,benign,en,label,form,[TAG=label] [ROLE=form] View all protein powder,benign:en:20,synthetic_v1,0,0,0,0,0,0,0,1
25% off denim jeans at Blinkit,benign,benign,en,li,nav,[TAG=li] [ROLE=nav] 25% off denim jeans at Blinkit,benign:en:71,synthetic_v1,0,0,0,0,0,0,0,1
जयपुर शिपिंग: रु. 599,benign,benign,hi,label,form,[TAG=label] [ROLE=form] जयपुर शिपिंग: रु. 599,benign:hi:71,synthetic_v1,0,0,0,0,0,0,0,1
Shipping to Kolkata: Rs. 249,benign,benign,en,p,body,[TAG=p] [ROLE=body] Shipping to Kolkata: Rs. 249,benign:en:72,synthetic_v1,0,0,0,0,0,0,0,1
ब्याकप्याक खोज्नुहोस्,benign,benign,ne,li,nav,[TAG=li] [ROLE=nav] ब्याकप्याक खोज्नुहोस्,benign:ne:14,synthetic_v1,0,0,0,0,0,0,0,1
फोन कवर के लिए साइज़ गाइड,benign,benign,hi,p,body,[TAG=p] [ROLE=body] फोन कवर के लिए साइज़ गाइड,benign:hi:05,synthetic_v1,0,0,0,0,0,0,0,1
"Exchange offer up to Rs. 2,499",benign,benign,en,p,body,"[TAG=p] [ROLE=body] Exchange offer up to Rs. 2,499",benign:en:35,synthetic_v1,0,0,0,0,0,0,0,1
"बिक्रेता: रमेश ट्रेडर्स, सुर्खेत",benign,benign,ne,button,cta,"[TAG=button] [ROLE=cta] बिक्रेता: रमेश ट्रेडर्स, सुर्खेत",benign:ne:48,synthetic_v1,0,0,0,0,0,0,0,1
Compare laptop bag prices on Thulo,benign,benign,en,li,nav,[TAG=li] [ROLE=nav] Compare laptop bag prices on Thulo,benign:en:74,synthetic_v1,0,0,0,0,0,0,0,1
Add rice cooker to cart,benign,benign,en,span,label,[TAG=span] [ROLE=label] Add rice cooker to cart,benign:en:00,synthetic_v1,0,0,0,0,0,0,0,1
"रु. 2,499 से ऊपर के ऑर्डर पर मुफ़्त शिपिंग",benign,benign,hi,button,cta,"[TAG=button] [ROLE=cta] रु. 2,499 से ऊपर के ऑर्डर पर मुफ़्त शिपिंग",benign:hi:01,synthetic_v1,0,0,0,0,0,0,0,1
सबै ब्याकप्याक हेर्नुहोस्,benign,benign,ne,span,label,[TAG=span] [ROLE=label] सबै ब्याकप्याक हेर्नुहोस्,benign:ne:20,synthetic_v1,0,0,0,0,0,0,0,1
कॉटन कुर्ता उपलब्ध होने पर सूचित करें,benign,benign,hi,label,form,[TAG=label] [ROLE=form] कॉटन कुर्ता उपलब्ध होने पर सूचित करें,benign:hi:33,synthetic_v1,0,0,0,0,0,0,0,1
तनहुँ ढुवानी: रु. 449,benign,benign,ne,p,body,[TAG=p] [ROLE=body] तनहुँ ढुवानी: रु. 449,benign:ne:71,synthetic_v1,0,0,0,0,0,0,0,1
"Customer reviews (34,118)",benign,benign,en,p,body,"[TAG=p] [ROLE=body] Customer reviews (34,118)",benign:en:03,synthetic_v1,0,0,0,0,0,0,0,1
सुर्खेत मा 4 दिनमा डेलिभरी,benign,benign,ne,h2,heading,[TAG=h2] [ROLE=heading] सुर्खेत मा 4 दिनमा डेलिभरी,benign:ne:63,synthetic_v1,0,0,0,0,0,0,0,1
Salesberry customer care: live chat,benign,benign,en,span,label,[TAG=span] [ROLE=label] Salesberry customer care: live chat,benign:en:76,synthetic_v1,0,0,0,0,0,0,0,1
"वायरलेस ईयरबड्स — रु. 1,199",benign,benign,hi,label,form,"[TAG=label] [ROLE=form] वायरलेस ईयरबड्स — रु. 1,199",benign:hi:46,synthetic_v1,0,0,0,0,0,0,0,1
Shipping to Pokhara: Rs. 399,benign,benign,en,h2,heading,[TAG=h2] [ROLE=heading] Shipping to Pokhara: Rs. 399,benign:en:72,synthetic_v1,0,0,0,0,0,0,0,1
112 जनाले स्मार्टवाच मूल्याङ्कन गरे,benign,benign,ne,label,form,[TAG=label] [ROLE=form] 112 जनाले स्मार्टवाच मूल्याङ्कन गरे,benign:ne:67,synthetic_v1,0,0,0,0,0,0,0,1
पानीको बोतल मा रु. 499 बाट EMI,benign,benign,ne,p,body,[TAG=p] [ROLE=body] पानीको बोतल मा रु. 499 बाट EMI,benign:ne:74,synthetic_v1,0,0,0,0,0,0,0,1
BigBasket ग्राहक सेवा: हमारी हेल्पलाइन,benign,benign,hi,a,nav,[TAG=a] [ROLE=nav] BigBasket ग्राहक सेवा: हमारी हेल्पलाइन,benign:hi:75,synthetic_v1,0,0,0,0,0,0,0,1
सूचना अनुमति दिने? पछि परिवर्तन गर्न सकिन्छ,benign,benign,ne,span,label,[TAG=span] [ROLE=label] सूचना अनुमति दिने? पछि परिवर्तन गर्न सकिन्छ,benign:ne:61,synthetic_v1,0,0,0,0,0,0,0,1
"office chair — 26,940 reviews, Butwal warehouse",benign,benign,en,a,nav,"[TAG=a] [ROLE=nav] office chair — 26,940 reviews, Butwal warehouse",benign:en:73,synthetic_v1,0,0,0,0,0,0,0,1
induction cooktop at HamroBazar — Rs. 299,benign,benign,en,h2,heading,[TAG=h2] [ROLE=heading] induction cooktop at HamroBazar — Rs. 299,benign:en:63,synthetic_v1,0,0,0,0,0,0,0,1
Compare trekking jacket prices on Nykaa,benign,benign,en,h2,heading,[TAG=h2] [ROLE=heading] Compare trekking jacket prices on Nykaa,benign:en:74,synthetic_v1,0,0,0,0,0,0,0,1
80% off rice cooker at Daraz,benign,benign,en,button,cta,[TAG=button] [ROLE=cta] 80% off rice cooker at Daraz,benign:en:71,synthetic_v1,0,0,0,0,0,0,0,1
Reliance Digital return policy: 8 days,benign,benign,en,p,body,[TAG=p] [ROLE=body] Reliance Digital return policy: 8 days,benign:en:66,synthetic_v1,0,0,0,0,0,0,0,1
"स्टडी लैंप — रु. 2,999",benign,benign,hi,label,form,"[TAG=label] [ROLE=form] स्टडी लैंप — रु. 2,999",benign:hi:46,synthetic_v1,0,0,0,0,0,0,0,1
"laptop bag — 3,109 reviews, Jaipur warehouse",benign,benign,en,span,label,"[TAG=span] [ROLE=label] laptop bag — 3,109 reviews, Jaipur warehouse",benign:en:73,synthetic_v1,0,0,0,0,0,0,0,1
SastoDeal पर स्मार्टवॉच पर 25% छूट,benign,benign,hi,label,form,[TAG=label] [ROLE=form] SastoDeal पर स्मार्टवॉच पर 25% छूट,benign:hi:70,synthetic_v1,0,0,0,0,0,0,0,1
yoga mat — Rs. 899,benign,benign,en,label,form,[TAG=label] [ROLE=form] yoga mat — Rs. 899,benign:en:46,synthetic_v1,0,0,0,0,0,0,0,1
"Sold by Manish Store, Indore",benign,benign,en,label,form,"[TAG=label] [ROLE=form] Sold by Manish Store, Indore",benign:en:65,synthetic_v1,0,0,0,0,0,0,0,1
"Price: Rs. 2,499",benign,benign,en,a,nav,"[TAG=a] [ROLE=nav] Price: Rs. 2,499",benign:en:45,synthetic_v1,0,0,0,0,0,0,0,1
Daraz मा ब्लुटुथ स्पिकर मूल्य तुलना गर्नुहोस्,benign,benign,ne,h2,heading,[TAG=h2] [ROLE=heading] Daraz मा ब्लुटुथ स्पिकर मूल्य तुलना गर्नुहोस्,benign:ne:73,synthetic_v1,0,0,0,0,0,0,0,1
BigBasket मा डेनिम जिन्स खोज्नुहोस्,benign,benign,ne,a,nav,[TAG=a] [ROLE=nav] BigBasket मा डेनिम जिन्स खोज्नुहोस्,benign:ne:66,synthetic_v1,0,0,0,0,0,0,0,1
"घामको चस्मा — 312 समीक्षा, वीरगन्ज गोदाम",benign,benign,ne,span,label,"[TAG=span] [ROLE=label] घामको चस्मा — 312 समीक्षा, वीरगन्ज गोदाम",benign:ne:72,synthetic_v1,0,0,0,0,0,0,0,1
203 जनाले एयर फ्रायर मूल्याङ्कन गरे,benign,benign,ne,h2,heading,[TAG=h2] [ROLE=heading] 203 जनाले एयर फ्रायर मूल्याङ्कन गरे,benign:ne:67,synthetic_v1,0,0,0,0,0,0,0,1
वाराणसी में 2 दिन में डिलीवरी,benign,benign,hi,p,body,[TAG=p] [ROLE=body] वाराणसी में 2 दिन में डिलीवरी,benign:hi:63,synthetic_v1,0,0,0,0,0,0,0,1
Blinkit मा पावर ब्यांक — रु. 599,benign,benign,ne,button,cta,[TAG=button] [ROLE=cta] Blinkit मा पावर ब्यांक — रु. 599,benign:ne:62,synthetic_v1,0,0,0,0,0,0,0,1
ग्राहक समीक्षाएँ (247),benign,benign,hi,button,cta,[TAG=button] [ROLE=cta] ग्राहक समीक्षाएँ (247),benign:hi:03,synthetic_v1,0,0,0,0,0,0,0,1
HamroBazar मा ल्यापटप ब्याग मा 40% छुट,benign,benign,ne,p,body,[TAG=p] [ROLE=body] HamroBazar मा ल्यापटप ब्याग मा 40% छुट,benign:ne:70,synthetic_v1,0,0,0,0,0,0,0,1
367 people rated smartwatch,benign,benign,en,p,body,[TAG=p] [ROLE=body] 367 people rated smartwatch,benign:en:68,synthetic_v1,0,0,0,0,0,0,0,1
noise cancelling headphones at Snapdeal — Rs. 899,benign,benign,en,h2,heading,[TAG=h2] [ROLE=heading] noise cancelling headphones at Snapdeal — Rs. 899,benign:en:63,synthetic_v1,0,0,0,0,0,0,0,1
27 people rated study lamp,benign,benign,en,label,form,[TAG=label] [ROLE=form] 27 people rated study lamp,benign:en:68,synthetic_v1,0,0,0,0,0,0,0,1
power bank at Ajio — Rs. 249,benign,benign,en,button,cta,[TAG=button] [ROLE=cta] power bank at Ajio — Rs. 249,benign:en:63,synthetic_v1,0,0,0,0,0,0,0,1
Compare noise cancelling headphones prices on Myntra,benign,benign,en,p,body,[TAG=p] [ROLE=body] Compare noise cancelling headphones prices on Myntra,benign:en:74,synthetic_v1,0,0,0,0,0,0,0,1
"backpack — 7,340 reviews, Chitwan warehouse",benign,benign,en,p,body,"[TAG=p] [ROLE=body] backpack — 7,340 reviews, Chitwan warehouse",benign:en:73,synthetic_v1,0,0,0,0,0,0,0,1
Thulo मा नोइज क्यान्सलिङ हेडफोन खोज्नुहोस्,benign,benign,ne,h2,heading,[TAG=h2] [ROLE=heading] Thulo मा नोइज क्यान्सलिङ हेडफोन खोज्नुहोस्,benign:ne:66,synthetic_v1,0,0,0,0,0,0,0,1
Daraz ईमेल एक क्लिक में अनसब्सक्राइब करें,benign,benign,hi,a,nav,[TAG=a] [ROLE=nav] Daraz ईमेल एक क्लिक में अनसब्सक्राइब करें,benign:hi:69,synthetic_v1,0,0,0,0,0,0,0,1
BigBasket मा योगा म्याट मा 20% छुट,benign,benign,ne,a,nav,[TAG=a] [ROLE=nav] BigBasket मा योगा म्याट मा 20% छुट,benign:ne:70,synthetic_v1,0,0,0,0,0,0,0,1
Shipping to Mumbai: Rs. 349,benign,benign,en,span,label,[TAG=span] [ROLE=label] Shipping to Mumbai: Rs. 349,benign:en:72,synthetic_v1,0,0,0,0,0,0,0,1
सुर्खेत मा 3 दिनमा डेलिभरी,benign,benign,ne,label,form,[TAG=label] [ROLE=form] सुर्खेत मा 3 दिनमा डेलिभरी,benign:ne:63,synthetic_v1,0,0,0,0,0,0,0,1
"बिक्रेता: प्रिया स्टोर, पोखरा",benign,benign,ne,button,cta,"[TAG=button] [ROLE=cta] बिक्रेता: प्रिया स्टोर, पोखरा",benign:ne:64,synthetic_v1,0,0,0,0,0,0,0,1
Muncha पर स्टडी लैंप की कीमतों की तुलना करें,benign,benign,hi,label,form,[TAG=label] [ROLE=form] Muncha पर स्टडी लैंप की कीमतों की तुलना करें,benign:hi:73,synthetic_v1,0,0,0,0,0,0,0,1
"In stock in Lucknow, ships in 3 days",benign,benign,en,span,label,"[TAG=span] [ROLE=label] In stock in Lucknow, ships in 3 days",benign:en:77,synthetic_v1,0,0,0,0,0,0,0,1
367 people rated cotton kurta,benign,benign,en,a,nav,[TAG=a] [ROLE=nav] 367 people rated cotton kurta,benign:en:68,synthetic_v1,0,0,0,0,0,0,0,1
"चंडीगढ़ में स्टॉक में, 14 दिन में शिप",benign,benign,hi,button,cta,"[TAG=button] [ROLE=cta] चंडीगढ़ में स्टॉक में, 14 दिन में शिप",benign:hi:76,synthetic_v1,0,0,0,0,0,0,0,1
Croma return policy: 3 days,benign,benign,en,a,nav,[TAG=a] [ROLE=nav] Croma return policy: 3 days,benign:en:66,synthetic_v1,0,0,0,0,0,0,0,1
Snapdeal पर रनिंग शूज़ की कीमतों की तुलना करें,benign,benign,hi,label,form,[TAG=label] [ROLE=form] Snapdeal पर रनिंग शूज़ की कीमतों की तुलना करें,benign:hi:73,synthetic_v1,0,0,0,0,0,0,0,1
"power bank — 112 reviews, Patna warehouse",benign,benign,en,li,nav,"[TAG=li] [ROLE=nav] power bank — 112 reviews, Patna warehouse",benign:en:73,synthetic_v1,0,0,0,0,0,0,0,1
धनगढी मा 10 दिनमा डेलिभरी,benign,benign,ne,h2,heading,[TAG=h2] [ROLE=heading] धनगढी मा 10 दिनमा डेलिभरी,benign:ne:63,synthetic_v1,0,0,0,0,0,0,0,1
27 लोगों ने ट्रेकिंग जैकेट को रेट किया,benign,benign,hi,li,nav,[TAG=li] [ROLE=nav] 27 लोगों ने ट्रेकिंग जैकेट को रेट किया,benign:hi:67,synthetic_v1,0,0,0,0,0,0,0,1
नागपुर में 14 दिन में डिलीवरी,benign,benign,hi,span,label,[TAG=span] [ROLE=label] नागपुर में 14 दिन में डिलीवरी,benign:hi:63,synthetic_v1,0,0,0,0,0,0,0,1
"study lamp at Kinbech — Rs. 1,999",benign,benign,en,span,label,"[TAG=span] [ROLE=label] study lamp at Kinbech — Rs. 1,999",benign:en:63,synthetic_v1,0,0,0,0,0,0,0,1
मेरो अर्डरबाट Kinbech अर्डर रद्द गर्नुहोस्,benign,benign,ne,a,nav,[TAG=a] [ROLE=nav] मेरो अर्डरबाट Kinbech अर्डर रद्द गर्नुहोस्,benign:ne:68,synthetic_v1,0,0,0,0,0,0,0,1
नॉइज़ कैंसलिंग हेडफोन पर रु. 249 से EMI,benign,benign,hi,button,cta,[TAG=button] [ROLE=cta] नॉइज़ कैंसलिंग हेडफोन पर रु. 249 से EMI,benign:hi:74,synthetic_v1,0,0,0,0,0,0,0,1
कीमत: रु. 599,benign,benign,hi,label,form,[TAG=label] [ROLE=form] कीमत: रु. 599,benign:hi:45,synthetic_v1,0,0,0,0,0,0,0,1
"बिक्रेता: रेखा ट्रेडर्स, चितवन",benign,benign,ne,p,body,"[TAG=p] [ROLE=body] बिक्रेता: रेखा ट्रेडर्स, चितवन",benign:ne:48,synthetic_v1,0,0,0,0,0,0,0,1
"बिक्रेता: दीपेश स्टोर, धरान",benign,benign,ne,button,cta,"[TAG=button] [ROLE=cta] बिक्रेता: दीपेश स्टोर, धरान",benign:ne:64,synthetic_v1,0,0,0,0,0,0,0,1
जनकपुर मा 4 दिनमा डेलिभरी,benign,benign,ne,p,body,[TAG=p] [ROLE=body] जनकपुर मा 4 दिनमा डेलिभरी,benign:ne:63,synthetic_v1,0,0,0,0,0,0,0,1
Daraz ग्राहक सेवा: हाम्रो Viber सपोर्ट,benign,benign,ne,span,label,[TAG=span] [ROLE=label] Daraz ग्राहक सेवा: हाम्रो Viber सपोर्ट,benign:ne:75,synthetic_v1,0,0,0,0,0,0,0,1
"स्पोर्ट्स चप्पल — 203 समीक्षा, जनकपुर गोदाम",benign,benign,ne,li,nav,"[TAG=li] [ROLE=nav] स्पोर्ट्स चप्पल — 203 समीक्षा, जनकपुर गोदाम",benign:ne:72,synthetic_v1,0,0,0,0,0,0,0,1
office chair — Rs. 299,benign,benign,en,span,label,[TAG=span] [ROLE=label] office chair — Rs. 299,benign:en:46,synthetic_v1,0,0,0,0,0,0,0,1
60% छूट,benign,benign,hi,button,cta,[TAG=button] [ROLE=cta] 60% छूट,benign:hi:10,synthetic_v1,0,0,0,0,0,0,0,1
मूल्य: रु. 199,benign,benign,ne,button,cta,[TAG=button] [ROLE=cta] मूल्य: रु. 199,benign:ne:45,synthetic_v1,0,0,0,0,0,0,0,1
"formal shirt — 578 reviews, Kathmandu warehouse",benign,benign,en,li,nav,"[TAG=li] [ROLE=nav] formal shirt — 578 reviews, Kathmandu warehouse",benign:en:73,synthetic_v1,0,0,0,0,0,0,0,1
"14,860 people rated sports sandals",benign,benign,en,p,body,"[TAG=p] [ROLE=body] 14,860 people rated sports sandals",benign:en:68,synthetic_v1,0,0,0,0,0,0,0,1
Tata Cliq मा वायरलेस इयरबड्स खोज्नुहोस्,benign,benign,ne,a,nav,[TAG=a] [ROLE=nav] Tata Cliq मा वायरलेस इयरबड्स खोज्नुहोस्,benign:ne:66,synthetic_v1,0,0,0,0,0,0,0,1
योगा म्याट मा रु. 449 बाट EMI,benign,benign,ne,label,form,[TAG=label] [ROLE=form] योगा म्याट मा रु. 449 बाट EMI,benign:ne:74,synthetic_v1,0,0,0,0,0,0,0,1
कटन कुर्ता — रु. 249,benign,benign,ne,label,form,[TAG=label] [ROLE=form] कटन कुर्ता — रु. 249,benign:ne:46,synthetic_v1,0,0,0,0,0,0,0,1
"विक्रेता: स्नेहा स्टोर, बेंगलुरु",benign,benign,hi,button,cta,"[TAG=button] [ROLE=cta] विक्रेता: स्नेहा स्टोर, बेंगलुरु",benign:hi:64,synthetic_v1,0,0,0,0,0,0,0,1
डेनिम जिन्स मा रु. 349 बाट EMI,benign,benign,ne,p,body,[TAG=p] [ROLE=body] डेनिम जिन्स मा रु. 349 बाट EMI,benign:ne:74,synthetic_v1,0,0,0,0,0,0,0,1
Cancel your Daraz order from My Orders,benign,benign,en,a,nav,[TAG=a] [ROLE=nav] Cancel your Daraz order from My Orders,benign:en:69,synthetic_v1,0,0,0,0,0,0,0,1
Shipping to Patna: Rs. 249,benign,benign,en,li,nav,[TAG=li] [ROLE=nav] Shipping to Patna: Rs. 249,benign:en:72,synthetic_v1,0,0,0,0,0,0,0,1
"बिक्रेता: विकास स्टोर, काठमाडौँ",benign,benign,ne,button,cta,"[TAG=button] [ROLE=cta] बिक्रेता: विकास स्टोर, काठमाडौँ",benign:ne:64,synthetic_v1,0,0,0,0,0,0,0,1
OkDam customer care: live chat,benign,benign,en,li,nav,[TAG=li] [ROLE=nav] OkDam customer care: live chat,benign:en:76,synthetic_v1,0,0,0,0,0,0,0,1
रिफंड नीति: 7 कार्यदिवस में रिफंड,benign,benign,hi,label,form,[TAG=label] [ROLE=form] रिफंड नीति: 7 कार्यदिवस में रिफंड,benign:hi:59,synthetic_v1,0,0,0,0,0,0,0,1
Add hair dryer to cart,benign,benign,en,li,nav,[TAG=li] [ROLE=nav] Add hair dryer to cart,benign:en:00,synthetic_v1,0,0,0,0,0,0,0,1
Search running shoes on OkDam,benign,benign,en,li,nav,[TAG=li] [ROLE=nav] Search running shoes on OkDam,benign:en:67,synthetic_v1,0,0,0,0,0,0,0,1
FirstCry मा ब्लुटुथ स्पिकर मूल्य तुलना गर्नुहोस्,benign,benign,ne,label,form,[TAG=label] [ROLE=form] FirstCry मा ब्लुटुथ स्पिकर मूल्य तुलना गर्नुहोस्,benign:ne:73,synthetic_v1,0,0,0,0,0,0,0,1
"इलेक्ट्रिक केटल — रु. 2,999",benign,benign,hi,p,body,"[TAG=p] [ROLE=body] इलेक्ट्रिक केटल — रु. 2,999",benign:hi:46,synthetic_v1,0,0,0,0,0,0,0,1
455 प्रमाणित समीक्षा,benign,benign,ne,button,cta,[TAG=button] [ROLE=cta] 455 प्रमाणित समीक्षा,benign:ne:23,synthetic_v1,0,0,0,0,0,0,0,1
भोपाल में डिलीवरी,benign,benign,hi,a,nav,[TAG=a] [ROLE=nav] भोपाल में डिलीवरी,benign:hi:37,synthetic_v1,0,0,0,0,0,0,0,1
Cancel your SastoDeal order from My Orders,benign,benign,en,label,form,[TAG=label] [ROLE=form] Cancel your SastoDeal order from My Orders,benign:en:69,synthetic_v1,0,0,0,0,0,0,0,1
"1,187 थान बिक्री भयो",benign,benign,ne,label,form,"[TAG=label] [ROLE=form] 1,187 थान बिक्री भयो",benign:ne:47,synthetic_v1,0,0,0,0,0,0,0,1
Thulo मा प्रोटिन पाउडर मा 5% छुट,benign,benign,ne,a,nav,[TAG=a] [ROLE=nav] Thulo मा प्रोटिन पाउडर मा 5% छुट,benign:ne:70,synthetic_v1,0,0,0,0,0,0,0,1
सबै ट्रेकिङ ज्याकेट हेर्नुहोस्,benign,benign,ne,p,body,[TAG=p] [ROLE=body] सबै ट्रेकिङ ज्याकेट हेर्नुहोस्,benign:ne:20,synthetic_v1,0,0,0,0,0,0,0,1
Add noise cancelling headphones to cart,benign,benign,en,a,nav,[TAG=a] [ROLE=nav] Add noise cancelling headphones to cart,benign:en:00,synthetic_v1,0,0,0,0,0,0,0,1
"2,038 प्रमाणित समीक्षा",benign,benign,ne,a,nav,"[TAG=a] [ROLE=nav] 2,038 प्रमाणित समीक्षा",benign:ne:23,synthetic_v1,0,0,0,0,0,0,0,1
laptop bag — Rs. 99,benign,benign,en,label,form,[TAG=label] [ROLE=form] laptop bag — Rs. 99,benign:en:46,synthetic_v1,0,0,0,0,0,0,0,1
Compare sunglasses prices on OkDam,benign,benign,en,p,body,[TAG=p] [ROLE=body] Compare sunglasses prices on OkDam,benign:en:74,synthetic_v1,0,0,0,0,0,0,0,1
अहमदाबाद शिपिंग: रु. 249,benign,benign,hi,li,nav,[TAG=li] [ROLE=nav] अहमदाबाद शिपिंग: रु. 249,benign:hi:71,synthetic_v1,0,0,0,0,0,0,0,1
"बिक्रेता: अर्जुन स्टोर, तनहुँ",benign,benign,ne,h2,heading,"[TAG=h2] [ROLE=heading] बिक्रेता: अर्जुन स्टोर, तनहुँ",benign:ne:64,synthetic_v1,0,0,0,0,0,0,0,1
EMI from Rs. 199 on gaming mouse,benign,benign,en,a,nav,[TAG=a] [ROLE=nav] EMI from Rs. 199 on gaming mouse,benign:en:75,synthetic_v1,0,0,0,0,0,0,0,1
"डेनिम जींस — 149 समीक्षाएँ, वाराणसी गोदाम",benign,benign,hi,p,body,"[TAG=p] [ROLE=body] डेनिम जींस — 149 समीक्षाएँ, वाराणसी गोदाम",benign:hi:72,synthetic_v1,0,0,0,0,0,0,0,1
Ajio पर पावर बैंक पर 35% छूट,benign,benign,hi,li,nav,[TAG=li] [ROLE=nav] Ajio पर पावर बैंक पर 35% छूट,benign:hi:70,synthetic_v1,0,0,0,0,0,0,0,1
ग्राहक समीक्षा (455),benign,benign,ne,span,label,[TAG=span] [ROLE=label] ग्राहक समीक्षा (455),benign:ne:03,synthetic_v1,0,0,0,0,0,0,0,1
"11,204 इकाई बिकीं",benign,benign,hi,li,nav,"[TAG=li] [ROLE=nav] 11,204 इकाई बिकीं",benign:hi:47,synthetic_v1,0,0,0,0,0,0,0,1
अहमदाबाद में 7 दिन में डिलीवरी,benign,benign,hi,a,nav,[TAG=a] [ROLE=nav] अहमदाबाद में 7 दिन में डिलीवरी,benign:hi:63,synthetic_v1,0,0,0,0,0,0,0,1
फोन कवर खोजें,benign,benign,hi,a,nav,[TAG=a] [ROLE=nav] फोन कवर खोजें,benign:hi:14,synthetic_v1,0,0,0,0,0,0,0,1
"इंदौर में स्टॉक में, 10 दिन में शिप",benign,benign,hi,label,form,"[TAG=label] [ROLE=form] इंदौर में स्टॉक में, 10 दिन में शिप",benign:hi:76,synthetic_v1,0,0,0,0,0,0,0,1
"Seller: Priya Traders, Surat",benign,benign,en,span,label,"[TAG=span] [ROLE=label] Seller: Priya Traders, Surat",benign:en:49,synthetic_v1,0,0,0,0,0,0,0,1
Tata Cliq रिटर्न नीति: 8 दिन,benign,benign,hi,button,cta,[TAG=button] [ROLE=cta] Tata Cliq रिटर्न नीति: 8 दिन,benign:hi:65,synthetic_v1,0,0,0,0,0,0,0,1
"बिक्रेता: रोहन स्टोर, तनहुँ",benign,benign,ne,label,form,"[TAG=label] [ROLE=form] बिक्रेता: रोहन स्टोर, तनहुँ",benign:ne:64,synthetic_v1,0,0,0,0,0,0,0,1
"Seller: Nisha Traders, Bengaluru",benign,benign,en,a,nav,"[TAG=a] [ROLE=nav] Seller: Nisha Traders, Bengaluru",benign:en:49,synthetic_v1,0,0,0,0,0,0,0,1
हेटौंडा ढुवानी: रु. 999,benign,benign,ne,li,nav,[TAG=li] [ROLE=nav] हेटौंडा ढुवानी: रु. 999,benign:ne:71,synthetic_v1,0,0,0,0,0,0,0,1
Snapdeal मा गेमिङ माउस मूल्य तुलना गर्नुहोस्,benign,benign,ne,span,label,[TAG=span] [ROLE=label] Snapdeal मा गेमिङ माउस मूल्य तुलना गर्नुहोस्,benign:ne:73,synthetic_v1,0,0,0,0,0,0,0,1
दमक ढुवानी: रु. 299,benign,benign,ne,label,form,[TAG=label] [ROLE=form] दमक ढुवानी: रु. 299,benign:ne:71,synthetic_v1,0,0,0,0,0,0,0,1
"एयर फ्रायर — 14,860 समीक्षाएँ, अहमदाबाद गोदाम",benign,benign,hi,h2,heading,"[TAG=h2] [ROLE=heading] एयर फ्रायर — 14,860 समीक्षाएँ, अहमदाबाद गोदाम",benign:hi:72,synthetic_v1,0,0,0,0,0,0,0,1
"योगा म्याट — 149 समीक्षा, बुटवल गोदाम",benign,benign,ne,p,body,"[TAG=p] [ROLE=body] योगा म्याट — 149 समीक्षा, बुटवल गोदाम",benign:ne:72,synthetic_v1,0,0,0,0,0,0,0,1
ग्राहक समीक्षा (889),benign,benign,ne,span,label,[TAG=span] [ROLE=label] ग्राहक समीक्षा (889),benign:ne:03,synthetic_v1,0,0,0,0,0,0,0,1
Shipping to Dharan: Rs. 349,benign,benign,en,span,label,[TAG=span] [ROLE=label] Shipping to Dharan: Rs. 349,benign:en:72,synthetic_v1,0,0,0,0,0,0,0,1
EMI from Rs. 99 on winter blanket,benign,benign,en,span,label,[TAG=span] [ROLE=label] EMI from Rs. 99 on winter blanket,benign:en:75,synthetic_v1,0,0,0,0,0,0,0,1
Cash on delivery available in Hyderabad,benign,benign,en,label,form,[TAG=label] [ROLE=form] Cash on delivery available in Hyderabad,benign:en:09,synthetic_v1,0,0,0,0,0,0,0,1
दमक मा 5 दिनमा डेलिभरी,benign,benign,ne,a,nav,[TAG=a] [ROLE=nav] दमक मा 5 दिनमा डेलिभरी,benign:ne:63,synthetic_v1,0,0,0,0,0,0,0,1
Reliance Digital return policy: 2 days,benign,benign,en,p,body,[TAG=p] [ROLE=body] Reliance Digital return policy: 2 days,benign:en:66,synthetic_v1,0,0,0,0,0,0,0,1
"विक्रेता: लक्ष्मी स्टोर, इंदौर",benign,benign,hi,a,nav,"[TAG=a] [ROLE=nav] विक्रेता: लक्ष्मी स्टोर, इंदौर",benign:hi:64,synthetic_v1,0,0,0,0,0,0,0,1
Shipping to Indore: Rs. 399,benign,benign,en,button,cta,[TAG=button] [ROLE=cta] Shipping to Indore: Rs. 399,benign:en:72,synthetic_v1,0,0,0,0,0,0,0,1
"स्कुल ब्याग — 2,411 समीक्षा, धनगढी गोदाम",benign,benign,ne,button,cta,"[TAG=button] [ROLE=cta] स्कुल ब्याग — 2,411 समीक्षा, धनगढी गोदाम",benign:ne:72,synthetic_v1,0,0,0,0,0,0,0,1
Blinkit मा वायरलेस इयरबड्स मूल्य तुलना गर्नुहोस्,benign,benign,ne,button,cta,[TAG=button] [ROLE=cta] Blinkit मा वायरलेस इयरबड्स मूल्य तुलना गर्नुहोस्,benign:ne:73,synthetic_v1,0,0,0,0,0,0,0,1
JioMart customer care: live chat,benign,benign,en,a,nav,[TAG=a] [ROLE=nav] JioMart customer care: live chat,benign:en:76,synthetic_v1,0,0,0,0,0,0,0,1
Cancel your Croma order from My Orders,benign,benign,en,p,body,[TAG=p] [ROLE=body] Cancel your Croma order from My Orders,benign:en:69,synthetic_v1,0,0,0,0,0,0,0,1
Gyapu रिटर्न नीति: 2 दिन,benign,benign,hi,h2,heading,[TAG=h2] [ROLE=heading] Gyapu रिटर्न नीति: 2 दिन,benign:hi:65,synthetic_v1,0,0,0,0,0,0,0,1
Cash on delivery available in Chitwan,benign,benign,en,li,nav,[TAG=li] [ROLE=nav] Cash on delivery available in Chitwan,benign:en:09,synthetic_v1,0,0,0,0,0,0,0,1
OkDam मा गेमिङ माउस खोज्नुहोस्,benign,benign,ne,button,cta,[TAG=button] [ROLE=cta] OkDam मा गेमिङ माउस खोज्नुहोस्,benign:ne:66,synthetic_v1,0,0,0,0,0,0,0,1
मेरे ऑर्डर से Snapdeal ऑर्डर रद्द करें,benign,benign,hi,span,label,[TAG=span] [ROLE=label] मेरे ऑर्डर से Snapdeal ऑर्डर रद्द करें,benign:hi:68,synthetic_v1,0,0,0,0,0,0,0,1
Search hair dryer on Meesho,benign,benign,en,label,form,[TAG=label] [ROLE=form] Search hair dryer on Meesho,benign:en:67,synthetic_v1,0,0,0,0,0,0,0,1
"नागपुर शिपिंग: रु. 1,199",benign,benign,hi,p,body,"[TAG=p] [ROLE=body] नागपुर शिपिंग: रु. 1,199",benign:hi:71,synthetic_v1,0,0,0,0,0,0,0,1
"बैकपैक — रु. 1,499",benign,benign,hi,button,cta,"[TAG=button] [ROLE=cta] बैकपैक — रु. 1,499",benign:hi:46,synthetic_v1,0,0,0,0,0,0,0,1
Search for rice cooker,benign,benign,en,p,body,[TAG=p] [ROLE=body] Search for rice cooker,benign:en:14,synthetic_v1,0,0,0,0,0,0,0,1
149 जनाले स्कुल ब्याग मूल्याङ्कन गरे,benign,benign,ne,li,nav,[TAG=li] [ROLE=nav] 149 जनाले स्कुल ब्याग मूल्याङ्कन गरे,benign:ne:67,synthetic_v1,0,0,0,0,0,0,0,1
27 लोगों ने स्टडी लैंप को रेट किया,benign,benign,hi,a,nav,[TAG=a] [ROLE=nav] 27 लोगों ने स्टडी लैंप को रेट किया,benign:hi:67,synthetic_v1,0,0,0,0,0,0,0,1
Thulo मा फर्मल सर्ट खोज्नुहोस्,benign,benign,ne,h2,heading,[TAG=h2] [ROLE=heading] Thulo मा फर्मल सर्ट खोज्नुहोस्,benign:ne:66,synthetic_v1,0,0,0,0,0,0,0,1
"हेटौंडा मा स्टकमा, 2 दिनमा पठाइन्छ",benign,benign,ne,label,form,"[TAG=label] [ROLE=form] हेटौंडा मा स्टकमा, 2 दिनमा पठाइन्छ",benign:ne:76,synthetic_v1,0,0,0,0,0,0,0,1
Compare trekking jacket,benign,benign,en,a,nav,[TAG=a] [ROLE=nav] Compare trekking jacket,benign:en:12,synthetic_v1,0,0,0,0,0,0,0,1
Nykaa फिर्ता नीति: 1 दिन,benign,benign,ne,span,label,[TAG=span] [ROLE=label] Nykaa फिर्ता नीति: 1 दिन,benign:ne:65,synthetic_v1,0,0,0,0,0,0,0,1
"26,940 लोगों ने फोन कवर को रेट किया",benign,benign,hi,span,label,"[TAG=span] [ROLE=label] 26,940 लोगों ने फोन कवर को रेट किया",benign:hi:67,synthetic_v1,0,0,0,0,0,0,0,1
Flipkart मा पानीको बोतल मूल्य तुलना गर्नुहोस्,benign,benign,ne,h2,heading,[TAG=h2] [ROLE=heading] Flipkart मा पानीको बोतल मूल्य तुलना गर्नुहोस्,benign:ne:73,synthetic_v1,0,0,0,0,0,0,0,1
"ब्याकप्याक — रु. 2,499",benign,benign,ne,a,nav,"[TAG=a] [ROLE=nav] ब्याकप्याक — रु. 2,499",benign:ne:46,synthetic_v1,0,0,0,0,0,0,0,1
OkDam पर हेयर ड्रायर पर 80% छूट,benign,benign,hi,label,form,[TAG=label] [ROLE=form] OkDam पर हेयर ड्रायर पर 80% छूट,benign:hi:70,synthetic_v1,0,0,0,0,0,0,0,1
"रनिंग शूज़ — रु. 2,499",benign,benign,hi,button,cta,"[TAG=button] [ROLE=cta] रनिंग शूज़ — रु. 2,499",benign:hi:46,synthetic_v1,0,0,0,0,0,0,0,1
"Seller: Dipesh Traders, Delhi",benign,benign,en,a,nav,"[TAG=a] [ROLE=nav] Seller: Dipesh Traders, Delhi",benign:en:49,synthetic_v1,0,0,0,0,0,0,0,1
247 जनाले स्मार्टवाच मूल्याङ्कन गरे,benign,benign,ne,a,nav,[TAG=a] [ROLE=nav] 247 जनाले स्मार्टवाच मूल्याङ्कन गरे,benign:ne:67,synthetic_v1,0,0,0,0,0,0,0,1
"gaming mouse at Muncha — Rs. 1,499",benign,benign,en,button,cta,"[TAG=button] [ROLE=cta] gaming mouse at Muncha — Rs. 1,499",benign:en:63,synthetic_v1,0,0,0,0,0,0,0,1
"लखनऊ में स्टॉक में, 3 दिन में शिप",benign,benign,hi,label,form,"[TAG=label] [ROLE=form] लखनऊ में स्टॉक में, 3 दिन में शिप",benign:hi:76,synthetic_v1,0,0,0,0,0,0,0,1
Search trekking jacket on Lenskart,benign,benign,en,h2,heading,[TAG=h2] [ROLE=heading] Search trekking jacket on Lenskart,benign:en:67,synthetic_v1,0,0,0,0,0,0,0,1
634 थान बिक्री भयो,benign,benign,ne,label,form,[TAG=label] [ROLE=form] 634 थान बिक्री भयो,benign:ne:47,synthetic_v1,0,0,0,0,0,0,0,1
शिपिंग शुल्क: रु. 99 (भुगतान से पहले दिखेगा),benign,benign,hi,a,nav,[TAG=a] [ROLE=nav] शिपिंग शुल्क: रु. 99 (भुगतान से पहले दिखेगा),benign:hi:43,synthetic_v1,0,0,0,0,0,0,0,1
Zepto पर लैपटॉप बैग की कीमतों की तुलना करें,benign,benign,hi,a,nav,[TAG=a] [ROLE=nav] Zepto पर लैपटॉप बैग की कीमतों की तुलना करें,benign:hi:73,synthetic_v1,0,0,0,0,0,0,0,1
"बिक्रेता: रेखा स्टोर, ललितपुर",benign,benign,ne,button,cta,"[TAG=button] [ROLE=cta] बिक्रेता: रेखा स्टोर, ललितपुर",benign:ne:64,synthetic_v1,0,0,0,0,0,0,0,1
7 दिनों में वापसी,benign,benign,hi,a,nav,[TAG=a] [ROLE=nav] 7 दिनों में वापसी,benign:hi:04,synthetic_v1,0,0,0,0,0,0,0,1
"noise cancelling headphones — 7,340 reviews, Surat warehouse",benign,benign,en,button,cta,"[TAG=button] [ROLE=cta] noise cancelling headphones — 7,340 reviews, Surat warehouse",benign:en:73,synthetic_v1,0,0,0,0,0,0,0,1
"ग्राहक समीक्षा (1,340)",benign,benign,ne,label,form,"[TAG=label] [ROLE=form] ग्राहक समीक्षा (1,340)",benign:ne:03,synthetic_v1,0,0,0,0,0,0,0,1
Compare study lamp prices on Myntra,benign,benign,en,span,label,[TAG=span] [ROLE=label] Compare study lamp prices on Myntra,benign:en:74,synthetic_v1,0,0,0,0,0,0,0,1
Meesho पर पावर बैंक — रु. 699,benign,benign,hi,h2,heading,[TAG=h2] [ROLE=heading] Meesho पर पावर बैंक — रु. 699,benign:hi:62,synthetic_v1,0,0,0,0,0,0,0,1
ग्राहक समीक्षाएँ (934),benign,benign,hi,li,nav,[TAG=li] [ROLE=nav] ग्राहक समीक्षाएँ (934),benign:hi:03,synthetic_v1,0,0,0,0,0,0,0,1
"एयर फ्रायर — 634 समीक्षाएँ, कानपुर गोदाम",benign,benign,hi,p,body,"[TAG=p] [ROLE=body] एयर फ्रायर — 634 समीक्षाएँ, कानपुर गोदाम",benign:hi:72,synthetic_v1,0,0,0,0,0,0,0,1
Delete my account,benign,benign,en,span,label,[TAG=span] [ROLE=label] Delete my account,benign:en:42,synthetic_v1,0,0,0,0,0,0,0,1
धूप का चश्मा — रु. 49,benign,benign,hi,li,nav,[TAG=li] [ROLE=nav] धूप का चश्मा — रु. 49,benign:hi:46,synthetic_v1,0,0,0,0,0,0,0,1
"Seller: Arjun Traders, Chitwan",benign,benign,en,li,nav,"[TAG=li] [ROLE=nav] Seller: Arjun Traders, Chitwan",benign:en:49,synthetic_v1,0,0,0,0,0,0,0,1
455 थान बिक्री भयो,benign,benign,ne,li,nav,[TAG=li] [ROLE=nav] 455 थान बिक्री भयो,benign:ne:47,synthetic_v1,0,0,0,0,0,0,0,1
"विक्रेता: सीता ट्रेडर्स, नागपुर",benign,benign,hi,p,body,"[TAG=p] [ROLE=body] विक्रेता: सीता ट्रेडर्स, नागपुर",benign:hi:48,synthetic_v1,0,0,0,0,0,0,0,1
Shipping fee: Rs. 399 (shown before payment),benign,benign,en,span,label,[TAG=span] [ROLE=label] Shipping fee: Rs. 399 (shown before payment),benign:en:43,synthetic_v1,0,0,0,0,0,0,0,1
"विक्रेता: मीरा ट्रेडर्स, दिल्ली",benign,benign,hi,span,label,"[TAG=span] [ROLE=label] विक्रेता: मीरा ट्रेडर्स, दिल्ली",benign:hi:48,synthetic_v1,0,0,0,0,0,0,0,1
"Sold by Nabin Store, Mumbai",benign,benign,en,span,label,"[TAG=span] [ROLE=label] Sold by Nabin Store, Mumbai",benign:en:65,synthetic_v1,0,0,0,0,0,0,0,1
Free shipping on orders above Rs. 449,benign,benign,en,button,cta,[TAG=button] [ROLE=cta] Free shipping on orders above Rs. 449,benign:en:01,synthetic_v1,0,0,0,0,0,0,0,1
हेयर ड्रायर — रु. 349,benign,benign,ne,li,nav,[TAG=li] [ROLE=nav] हेयर ड्रायर — रु. 349,benign:ne:46,synthetic_v1,0,0,0,0,0,0,0,1
Ajio पर इलेक्ट्रिक केटल खोजें,benign,benign,hi,p,body,[TAG=p] [ROLE=body] Ajio पर इलेक्ट्रिक केटल खोजें,benign:hi:66,synthetic_v1,0,0,0,0,0,0,0,1
"ब्लुटुथ स्पिकर — 812 समीक्षा, विराटनगर गोदाम",benign,benign,ne,p,body,"[TAG=p] [ROLE=body] ब्लुटुथ स्पिकर — 812 समीक्षा, विराटनगर गोदाम",benign:ne:72,synthetic_v1,0,0,0,0,0,0,0,1
Shipping to Indore: Rs. 999,benign,benign,en,p,body,[TAG=p] [ROLE=body] Shipping to Indore: Rs. 999,benign:en:72,synthetic_v1,0,0,0,0,0,0,0,1
"Shipping to Hyderabad: Rs. 2,999",benign,benign,en,label,form,"[TAG=label] [ROLE=form] Shipping to Hyderabad: Rs. 2,999",benign:en:72,synthetic_v1,0,0,0,0,0,0,0,1
812 थान बिक्री भयो,benign,benign,ne,button,cta,[TAG=button] [ROLE=cta] 812 थान बिक्री भयो,benign:ne:47,synthetic_v1,0,0,0,0,0,0,0,1
Compare wireless earbuds,benign,benign,en,h2,heading,[TAG=h2] [ROLE=heading] Compare wireless earbuds,benign:en:12,synthetic_v1,0,0,0,0,0,0,0,1
मेरे ऑर्डर से JioMart ऑर्डर रद्द करें,benign,benign,hi,span,label,[TAG=span] [ROLE=label] मेरे ऑर्डर से JioMart ऑर्डर रद्द करें,benign:hi:68,synthetic_v1,0,0,0,0,0,0,0,1
Lenskart मा स्पोर्ट्स चप्पल खोज्नुहोस्,benign,benign,ne,p,body,[TAG=p] [ROLE=body] Lenskart मा स्पोर्ट्स चप्पल खोज्नुहोस्,benign:ne:66,synthetic_v1,0,0,0,0,0,0,0,1
"विक्रेता: आरव स्टोर, जयपुर",benign,benign,hi,h2,heading,"[TAG=h2] [ROLE=heading] विक्रेता: आरव स्टोर, जयपुर",benign:hi:64,synthetic_v1,0,0,0,0,0,0,0,1
Thulo customer care: our helpline,benign,benign,en,li,nav,[TAG=li] [ROLE=nav] Thulo customer care: our helpline,benign:en:76,synthetic_v1,0,0,0,0,0,0,0,1
"स्कूल बैग पर रु. 1,499 से EMI",benign,benign,hi,a,nav,"[TAG=a] [ROLE=nav] स्कूल बैग पर रु. 1,499 से EMI",benign:hi:74,synthetic_v1,0,0,0,0,0,0,0,1
FirstCry पर स्मार्टवॉच पर 40% छूट,benign,benign,hi,label,form,[TAG=label] [ROLE=form] FirstCry पर स्मार्टवॉच पर 40% छूट,benign:hi:70,synthetic_v1,0,0,0,0,0,0,0,1
Snapdeal मा स्मार्टवाच मा 10% छुट,benign,benign,ne,li,nav,[TAG=li] [ROLE=nav] Snapdeal मा स्मार्टवाच मा 10% छुट,benign:ne:70,synthetic_v1,0,0,0,0,0,0,0,1
Snapdeal पर लैपटॉप बैग की कीमतों की तुलना करें,benign,benign,hi,span,label,[TAG=span] [ROLE=label] Snapdeal पर लैपटॉप बैग की कीमतों की तुलना करें,benign:hi:73,synthetic_v1,0,0,0,0,0,0,0,1
रु. 449/महिनाबाट EMI विकल्प,benign,benign,ne,a,nav,[TAG=a] [ROLE=nav] रु. 449/महिनाबाट EMI विकल्प,benign:ne:34,synthetic_v1,0,0,0,0,0,0,0,1
"7,340 प्रमाणित समीक्षा",benign,benign,ne,p,body,"[TAG=p] [ROLE=body] 7,340 प्रमाणित समीक्षा",benign:ne:23,synthetic_v1,0,0,0,0,0,0,0,1
"पुणे में स्टॉक में, 3 दिन में शिप",benign,benign,hi,a,nav,"[TAG=a] [ROLE=nav] पुणे में स्टॉक में, 3 दिन में शिप",benign:hi:76,synthetic_v1,0,0,0,0,0,0,0,1
"एयर फ्रायर — 455 समीक्षाएँ, कानपुर गोदाम",benign,benign,hi,p,body,"[TAG=p] [ROLE=body] एयर फ्रायर — 455 समीक्षाएँ, कानपुर गोदाम",benign:hi:72,synthetic_v1,0,0,0,0,0,0,0,1
Myntra return policy: 5 days,benign,benign,en,li,nav,[TAG=li] [ROLE=nav] Myntra return policy: 5 days,benign:en:66,synthetic_v1,0,0,0,0,0,0,0,1
सर्दी का कंबल पर रु. 399 से EMI,benign,benign,hi,button,cta,[TAG=button] [ROLE=cta] सर्दी का कंबल पर रु. 399 से EMI,benign:hi:74,synthetic_v1,0,0,0,0,0,0,0,1
"3,109 जनाले कफी मेकर मूल्याङ्कन गरे",benign,benign,ne,p,body,"[TAG=p] [ROLE=body] 3,109 जनाले कफी मेकर मूल्याङ्कन गरे",benign:ne:67,synthetic_v1,0,0,0,0,0,0,0,1
"बिक्रेता: काव्या ट्रेडर्स, बाँके",benign,benign,ne,li,nav,"[TAG=li] [ROLE=nav] बिक्रेता: काव्या ट्रेडर्स, बाँके",benign:ne:48,synthetic_v1,0,0,0,0,0,0,0,1
701 people rated air fryer,benign,benign,en,a,nav,[TAG=a] [ROLE=nav] 701 people rated air fryer,benign:en:68,synthetic_v1,0,0,0,0,0,0,0,1
"विक्रेता: किरण ट्रेडर्स, मुंबई",benign,benign,hi,a,nav,"[TAG=a] [ROLE=nav] विक्रेता: किरण ट्रेडर्स, मुंबई",benign:hi:48,synthetic_v1,0,0,0,0,0,0,0,1
वारंटी: 3 साल,benign,benign,hi,h2,heading,[TAG=h2] [ROLE=heading] वारंटी: 3 साल,benign:hi:36,synthetic_v1,0,0,0,0,0,0,0,1
Amazon फिर्ता नीति: 3 दिन,benign,benign,ne,a,nav,[TAG=a] [ROLE=nav] Amazon फिर्ता नीति: 3 दिन,benign:ne:65,synthetic_v1,0,0,0,0,0,0,0,1
"विक्रेता: विकास स्टोर, दिल्ली",benign,benign,hi,span,label,"[TAG=span] [ROLE=label] विक्रेता: विकास स्टोर, दिल्ली",benign:hi:64,synthetic_v1,0,0,0,0,0,0,0,1
Muncha मा गेमिङ माउस खोज्नुहोस्,benign,benign,ne,a,nav,[TAG=a] [ROLE=nav] Muncha मा गेमिङ माउस खोज्नुहोस्,benign:ne:66,synthetic_v1,0,0,0,0,0,0,0,1
512 जनाले कफी मेकर मूल्याङ्कन गरे,benign,benign,ne,h2,heading,[TAG=h2] [ROLE=heading] 512 जनाले कफी मेकर मूल्याङ्कन गरे,benign:ne:67,synthetic_v1,0,0,0,0,0,0,0,1
Salesberry पर राइस कुकर की कीमतों की तुलना करें,benign,benign,hi,a,nav,[TAG=a] [ROLE=nav] Salesberry पर राइस कुकर की कीमतों की तुलना करें,benign:hi:73,synthetic_v1,0,0,0,0,0,0,0,1
"EMI from Rs. 1,999 on rice cooker",benign,benign,en,li,nav,"[TAG=li] [ROLE=nav] EMI from Rs. 1,999 on rice cooker",benign:en:75,synthetic_v1,0,0,0,0,0,0,0,1
"सुर्खेत मा स्टकमा, 10 दिनमा पठाइन्छ",benign,benign,ne,p,body,"[TAG=p] [ROLE=body] सुर्खेत मा स्टकमा, 10 दिनमा पठाइन्छ",benign:ne:76,synthetic_v1,0,0,0,0,0,0,0,1
"1,024 थान बिक्री भयो",benign,benign,ne,a,nav,"[TAG=a] [ROLE=nav] 1,024 थान बिक्री भयो",benign:ne:47,synthetic_v1,0,0,0,0,0,0,0,1
View all induction cooktop,benign,benign,en,a,nav,[TAG=a] [ROLE=nav] View all induction cooktop,benign:en:20,synthetic_v1,0,0,0,0,0,0,0,1
203 units sold,benign,benign,en,p,body,[TAG=p] [ROLE=body] 203 units sold,benign:en:48,synthetic_v1,0,0,0,0,0,0,0,1
"In stock in Delhi, ships in 5 days",benign,benign,en,a,nav,"[TAG=a] [ROLE=nav] In stock in Delhi, ships in 5 days",benign:en:77,synthetic_v1,0,0,0,0,0,0,0,1
Tata Cliq पर इलेक्ट्रिक केटल — रु. 699,benign,benign,hi,p,body,[TAG=p] [ROLE=body] Tata Cliq पर इलेक्ट्रिक केटल — रु. 699,benign:hi:62,synthetic_v1,0,0,0,0,0,0,0,1
Shipping to Butwal: Rs. 349,benign,benign,en,label,form,[TAG=label] [ROLE=form] Shipping to Butwal: Rs. 349,benign:en:72,synthetic_v1,0,0,0,0,0,0,0,1
"11,204 थान बिक्री भयो",benign,benign,ne,span,label,"[TAG=span] [ROLE=label] 11,204 थान बिक्री भयो",benign:ne:47,synthetic_v1,0,0,0,0,0,0,0,1
फर्मल सर्ट तुलना गर्नुहोस्,benign,benign,ne,label,form,[TAG=label] [ROLE=form] फर्मल सर्ट तुलना गर्नुहोस्,benign:ne:12,synthetic_v1,0,0,0,0,0,0,0,1
एयर फ्रायर पर रु. 249 से EMI,benign,benign,hi,p,body,[TAG=p] [ROLE=body] एयर फ्रायर पर रु. 249 से EMI,benign:hi:74,synthetic_v1,0,0,0,0,0,0,0,1
छिटो चेकआउटका लागि लगइन गर्नुहोस् (वैकल्पिक),benign,benign,ne,h2,heading,[TAG=h2] [ROLE=heading] छिटो चेकआउटका लागि लगइन गर्नुहोस् (वैकल्पिक),benign:ne:51,synthetic_v1,0,0,0,0,0,0,0,1
मेरो अर्डरबाट Blinkit अर्डर रद्द गर्नुहोस्,benign,benign,ne,p,body,[TAG=p] [ROLE=body] मेरो अर्डरबाट Blinkit अर्डर रद्द गर्नुहोस्,benign:ne:68,synthetic_v1,0,0,0,0,0,0,0,1
Croma मा डेनिम जिन्स खोज्नुहोस्,benign,benign,ne,li,nav,[TAG=li] [ROLE=nav] Croma मा डेनिम जिन्स खोज्नुहोस्,benign:ne:66,synthetic_v1,0,0,0,0,0,0,0,1
"डेनिम जिन्स मा रु. 1,199 बाट EMI",benign,benign,ne,a,nav,"[TAG=a] [ROLE=nav] डेनिम जिन्स मा रु. 1,199 बाट EMI",benign:ne:74,synthetic_v1,0,0,0,0,0,0,0,1
Compare sunglasses,benign,benign,en,p,body,[TAG=p] [ROLE=body] Compare sunglasses,benign:en:12,synthetic_v1,0,0,0,0,0,0,0,1
"office chair — 312 reviews, Hyderabad warehouse",benign,benign,en,span,label,"[TAG=span] [ROLE=label] office chair — 312 reviews, Hyderabad warehouse",benign:en:73,synthetic_v1,0,0,0,0,0,0,0,1
Search face wash on OkDam,benign,benign,en,li,nav,[TAG=li] [ROLE=nav] Search face wash on OkDam,benign:en:67,synthetic_v1,0,0,0,0,0,0,0,1
"34,118 verified reviews",benign,benign,en,button,cta,"[TAG=button] [ROLE=cta] 34,118 verified reviews",benign:en:23,synthetic_v1,0,0,0,0,0,0,0,1
Amazon फिर्ता नीति: 7 दिन,benign,benign,ne,button,cta,[TAG=button] [ROLE=cta] Amazon फिर्ता नीति: 7 दिन,benign:ne:65,synthetic_v1,0,0,0,0,0,0,0,1
दमक ढुवानी: रु. 799,benign,benign,ne,p,body,[TAG=p] [ROLE=body] दमक ढुवानी: रु. 799,benign:ne:71,synthetic_v1,0,0,0,0,0,0,0,1
"Seller: Ramesh Traders, Bhaktapur",benign,benign,en,h2,heading,"[TAG=h2] [ROLE=heading] Seller: Ramesh Traders, Bhaktapur",benign:en:49,synthetic_v1,0,0,0,0,0,0,0,1
सबै फोन कभर हेर्नुहोस्,benign,benign,ne,p,body,[TAG=p] [ROLE=body] सबै फोन कभर हेर्नुहोस्,benign:ne:20,synthetic_v1,0,0,0,0,0,0,0,1
JioMart ग्राहक सेवा: हमारी हेल्पलाइन,benign,benign,hi,button,cta,[TAG=button] [ROLE=cta] JioMart ग्राहक सेवा: हमारी हेल्पलाइन,benign:hi:75,synthetic_v1,0,0,0,0,0,0,0,1
Nykaa पर स्कूल बैग — रु. 599,benign,benign,hi,button,cta,[TAG=button] [ROLE=cta] Nykaa पर स्कूल बैग — रु. 599,benign:hi:62,synthetic_v1,0,0,0,0,0,0,0,1
Thulo return policy: 12 days,benign,benign,en,button,cta,[TAG=button] [ROLE=cta] Thulo return policy: 12 days,benign:en:66,synthetic_v1,0,0,0,0,0,0,0,1
Search hair dryer on Tata Cliq,benign,benign,en,a,nav,[TAG=a] [ROLE=nav] Search hair dryer on Tata Cliq,benign:en:67,synthetic_v1,0,0,0,0,0,0,0,1
मेरो अर्डरबाट Snapdeal अर्डर रद्द गर्नुहोस्,benign,benign,ne,li,nav,[TAG=li] [ROLE=nav] मेरो अर्डरबाट Snapdeal अर्डर रद्द गर्नुहोस्,benign:ne:68,synthetic_v1,0,0,0,0,0,0,0,1
Customer reviews (889),benign,benign,en,p,body,[TAG=p] [ROLE=body] Customer reviews (889),benign:en:03,synthetic_v1,0,0,0,0,0,0,0,1
"18,332 लोगों ने इलेक्ट्रिक केटल को रेट किया",benign,benign,hi,li,nav,"[TAG=li] [ROLE=nav] 18,332 लोगों ने इलेक्ट्रिक केटल को रेट किया",benign:hi:67,synthetic_v1,0,0,0,0,0,0,0,1
पटना में 2 दिन में डिलीवरी,benign,benign,hi,span,label,[TAG=span] [ROLE=label] पटना में 2 दिन में डिलीवरी,benign:hi:63,synthetic_v1,0,0,0,0,0,0,0,1
Delivery to Pokhara in 14 days,benign,benign,en,label,form,[TAG=label] [ROLE=form] Delivery to Pokhara in 14 days,benign:en:64,synthetic_v1,0,0,0,0,0,0,0,1
Delivery to Indore in 5 days,benign,benign,en,label,form,[TAG=label] [ROLE=form] Delivery to Indore in 5 days,benign:en:64,synthetic_v1,0,0,0,0,0,0,0,1
राइस कुकर की तुलना करें,benign,benign,hi,a,nav,[TAG=a] [ROLE=nav] राइस कुकर की तुलना करें,benign:hi:12,synthetic_v1,0,0,0,0,0,0,0,1
9 दिनभित्र फिर्ता,benign,benign,ne,span,label,[TAG=span] [ROLE=label] 9 दिनभित्र फिर्ता,benign:ne:04,synthetic_v1,0,0,0,0,0,0,0,1
"पावर ब्यांक — 26,940 समीक्षा, तनहुँ गोदाम",benign,benign,ne,h2,heading,"[TAG=h2] [ROLE=heading] पावर ब्यांक — 26,940 समीक्षा, तनहुँ गोदाम",benign:ne:72,synthetic_v1,0,0,0,0,0,0,0,1
running shoes — Rs. 499,benign,benign,en,button,cta,[TAG=button] [ROLE=cta] running shoes — Rs. 499,benign:en:46,synthetic_v1,0,0,0,0,0,0,0,1
Delivering to Lalitpur,benign,benign,en,a,nav,[TAG=a] [ROLE=nav] Delivering to Lalitpur,benign:en:37,synthetic_v1,0,0,0,0,0,0,0,1
20% off air fryer at Gyapu,benign,benign,en,span,label,[TAG=span] [ROLE=label] 20% off air fryer at Gyapu,benign:en:71,synthetic_v1,0,0,0,0,0,0,0,1
Zepto customer care: our email desk,benign,benign,en,a,nav,[TAG=a] [ROLE=nav] Zepto customer care: our email desk,benign:en:76,synthetic_v1,0,0,0,0,0,0,0,1
रु. 699/महिनाबाट EMI विकल्प,benign,benign,ne,li,nav,[TAG=li] [ROLE=nav] रु. 699/महिनाबाट EMI विकल्प,benign:ne:34,synthetic_v1,0,0,0,0,0,0,0,1
वायरलेस ईयरबड्स — रु. 199,benign,benign,hi,span,label,[TAG=span] [ROLE=label] वायरलेस ईयरबड्स — रु. 199,benign:hi:46,synthetic_v1,0,0,0,0,0,0,0,1
Amazon मा घामको चस्मा — रु. 399,benign,benign,ne,label,form,[TAG=label] [ROLE=form] Amazon मा घामको चस्मा — रु. 399,benign:ne:62,synthetic_v1,0,0,0,0,0,0,0,1
नियम और शर्तें,benign,benign,hi,a,nav,[TAG=a] [ROLE=nav] नियम और शर्तें,benign:hi:58,synthetic_v1,0,0,0,0,0,0,0,1
"Seller: Pooja Traders, Mumbai",benign,benign,en,h2,heading,"[TAG=h2] [ROLE=heading] Seller: Pooja Traders, Mumbai",benign:en:49,synthetic_v1,0,0,0,0,0,0,0,1
"1,502 people rated phone case",benign,benign,en,span,label,"[TAG=span] [ROLE=label] 1,502 people rated phone case",benign:en:68,synthetic_v1,0,0,0,0,0,0,0,1
934 units sold,benign,benign,en,p,body,[TAG=p] [ROLE=body] 934 units sold,benign:en:48,synthetic_v1,0,0,0,0,0,0,0,1
sports sandals — Rs. 499,benign,benign,en,li,nav,[TAG=li] [ROLE=nav] sports sandals — Rs. 499,benign:en:46,synthetic_v1,0,0,0,0,0,0,0,1
सबै इलेक्ट्रिक केतली हेर्नुहोस्,benign,benign,ne,a,nav,[TAG=a] [ROLE=nav] सबै इलेक्ट्रिक केतली हेर्नुहोस्,benign:ne:20,synthetic_v1,0,0,0,0,0,0,0,1
Salesberry मा एयर फ्रायर खोज्नुहोस्,benign,benign,ne,a,nav,[TAG=a] [ROLE=nav] Salesberry मा एयर फ्रायर खोज्नुहोस्,benign:ne:66,synthetic_v1,0,0,0,0,0,0,0,1
Salesberry ग्राहक सेवा: हमारा सपोर्ट नंबर,benign,benign,hi,li,nav,[TAG=li] [ROLE=nav] Salesberry ग्राहक सेवा: हमारा सपोर्ट नंबर,benign:hi:75,synthetic_v1,0,0,0,0,0,0,0,1
जनकपुर ढुवानी: रु. 149,benign,benign,ne,h2,heading,[TAG=h2] [ROLE=heading] जनकपुर ढुवानी: रु. 149,benign:ne:71,synthetic_v1,0,0,0,0,0,0,0,1
EMI from Rs. 349 on laptop bag,benign,benign,en,li,nav,[TAG=li] [ROLE=nav] EMI from Rs. 349 on laptop bag,benign:en:75,synthetic_v1,0,0,0,0,0,0,0,1
"hair dryer — 766 reviews, Hyderabad warehouse",benign,benign,en,p,body,"[TAG=p] [ROLE=body] hair dryer — 766 reviews, Hyderabad warehouse",benign:en:73,synthetic_v1,0,0,0,0,0,0,0,1
Muncha रिटर्न नीति: 3 दिन,benign,benign,hi,span,label,[TAG=span] [ROLE=label] Muncha रिटर्न नीति: 3 दिन,benign:hi:65,synthetic_v1,0,0,0,0,0,0,0,1
Meesho पर ट्रेकिंग जैकेट पर 5% छूट,benign,benign,hi,h2,heading,[TAG=h2] [ROLE=heading] Meesho पर ट्रेकिंग जैकेट पर 5% छूट,benign:hi:70,synthetic_v1,0,0,0,0,0,0,0,1
air fryer at Gyapu — Rs. 799,benign,benign,en,p,body,[TAG=p] [ROLE=body] air fryer at Gyapu — Rs. 799,benign:en:63,synthetic_v1,0,0,0,0,0,0,0,1
Amazon ग्राहक सेवा: हमारा सपोर्ट नंबर,benign,benign,hi,h2,heading,[TAG=h2] [ROLE=heading] Amazon ग्राहक सेवा: हमारा सपोर्ट नंबर,benign:hi:75,synthetic_v1,0,0,0,0,0,0,0,1
Delivery to Biratnagar in 14 days,benign,benign,en,li,nav,[TAG=li] [ROLE=nav] Delivery to Biratnagar in 14 days,benign:en:64,synthetic_v1,0,0,0,0,0,0,0,1
Search wireless earbuds on Myntra,benign,benign,en,a,nav,[TAG=a] [ROLE=nav] Search wireless earbuds on Myntra,benign:en:67,synthetic_v1,0,0,0,0,0,0,0,1
Tata Cliq पर लैपटॉप बैग खोजें,benign,benign,hi,li,nav,[TAG=li] [ROLE=nav] Tata Cliq पर लैपटॉप बैग खोजें,benign:hi:66,synthetic_v1,0,0,0,0,0,0,0,1
Blinkit ईमेल एक क्लिक में अनसब्सक्राइब करें,benign,benign,hi,button,cta,[TAG=button] [ROLE=cta] Blinkit ईमेल एक क्लिक में अनसब्सक्राइब करें,benign:hi:69,synthetic_v1,0,0,0,0,0,0,0,1
Snapdeal पर बैकपैक खोजें,benign,benign,hi,label,form,[TAG=label] [ROLE=form] Snapdeal पर बैकपैक खोजें,benign:hi:66,synthetic_v1,0,0,0,0,0,0,0,1
स्मार्टवॉच पर रु. 349 से EMI,benign,benign,hi,label,form,[TAG=label] [ROLE=form] स्मार्टवॉच पर रु. 349 से EMI,benign:hi:74,synthetic_v1,0,0,0,0,0,0,0,1
OkDam पर योगा मैट की कीमतों की तुलना करें,benign,benign,hi,label,form,[TAG=label] [ROLE=form] OkDam पर योगा मैट की कीमतों की तुलना करें,benign:hi:73,synthetic_v1,0,0,0,0,0,0,0,1
Meesho पर स्कूल बैग पर 35% छूट,benign,benign,hi,span,label,[TAG=span] [ROLE=label] Meesho पर स्कूल बैग पर 35% छूट,benign:hi:70,synthetic_v1,0,0,0,0,0,0,0,1
27 थान बिक्री भयो,benign,benign,ne,label,form,[TAG=label] [ROLE=form] 27 थान बिक्री भयो,benign:ne:47,synthetic_v1,0,0,0,0,0,0,0,1
Salesberry ग्राहक सेवा: हाम्रो Facebook पेज,benign,benign,ne,span,label,[TAG=span] [ROLE=label] Salesberry ग्राहक सेवा: हाम्रो Facebook पेज,benign:ne:75,synthetic_v1,0,0,0,0,0,0,0,1
"1,765 थान बिक्री भयो",benign,benign,ne,a,nav,"[TAG=a] [ROLE=nav] 1,765 थान बिक्री भयो",benign:ne:47,synthetic_v1,0,0,0,0,0,0,0,1
रु. 499 तक एक्सचेंज ऑफ़र,benign,benign,hi,button,cta,[TAG=button] [ROLE=cta] रु. 499 तक एक्सचेंज ऑफ़र,benign:hi:35,synthetic_v1,0,0,0,0,0,0,0,1
Lenskart फिर्ता नीति: 6 दिन,benign,benign,ne,li,nav,[TAG=li] [ROLE=nav] Lenskart फिर्ता नीति: 6 दिन,benign:ne:65,synthetic_v1,0,0,0,0,0,0,0,1
Pepperfry ग्राहक सेवा: हमारा Viber सपोर्ट,benign,benign,hi,p,body,[TAG=p] [ROLE=body] Pepperfry ग्राहक सेवा: हमारा Viber सपोर्ट,benign:hi:75,synthetic_v1,0,0,0,0,0,0,0,1
Delivery to Mumbai in 4 days,benign,benign,en,label,form,[TAG=label] [ROLE=form] Delivery to Mumbai in 4 days,benign:en:64,synthetic_v1,0,0,0,0,0,0,0,1
"Seller: Nisha Traders, Jaipur",benign,benign,en,p,body,"[TAG=p] [ROLE=body] Seller: Nisha Traders, Jaipur",benign:en:49,synthetic_v1,0,0,0,0,0,0,0,1
288 थान बिक्री भयो,benign,benign,ne,p,body,[TAG=p] [ROLE=body] 288 थान बिक्री भयो,benign:ne:47,synthetic_v1,0,0,0,0,0,0,0,1
JioMart ग्राहक सेवा: हाम्रो Viber सपोर्ट,benign,benign,ne,button,cta,[TAG=button] [ROLE=cta] JioMart ग्राहक सेवा: हाम्रो Viber सपोर्ट,benign:ne:75,synthetic_v1,0,0,0,0,0,0,0,1
"प्रोटीन पाउडर — 1,024 समीक्षाएँ, आगरा गोदाम",benign,benign,hi,button,cta,"[TAG=button] [ROLE=cta] प्रोटीन पाउडर — 1,024 समीक्षाएँ, आगरा गोदाम",benign:hi:72,synthetic_v1,0,0,0,0,0,0,0,1
Lenskart पर इंडक्शन चूल्हा खोजें,benign,benign,hi,p,body,[TAG=p] [ROLE=body] Lenskart पर इंडक्शन चूल्हा खोजें,benign:hi:66,synthetic_v1,0,0,0,0,0,0,0,1
Size guide for sunglasses,benign,benign,en,button,cta,[TAG=button] [ROLE=cta] Size guide for sunglasses,benign:en:05,synthetic_v1,0,0,0,0,0,0,0,1
"बिक्रेता: निशा ट्रेडर्स, नेपालगन्ज",benign,benign,ne,button,cta,"[TAG=button] [ROLE=cta] बिक्रेता: निशा ट्रेडर्स, नेपालगन्ज",benign:ne:48,synthetic_v1,0,0,0,0,0,0,0,1
Compare face wash,benign,benign,en,li,nav,[TAG=li] [ROLE=nav] Compare face wash,benign:en:12,synthetic_v1,0,0,0,0,0,0,0,1
"मूल्य: रु. 2,999",benign,benign,ne,li,nav,"[TAG=li] [ROLE=nav] मूल्य: रु. 2,999",benign:ne:45,synthetic_v1,0,0,0,0,0,0,0,1
30% छूट,benign,benign,hi,li,nav,[TAG=li] [ROLE=nav] 30% छूट,benign:hi:10,synthetic_v1,0,0,0,0,0,0,0,1
"noise cancelling headphones — 2,411 reviews, Butwal warehouse",benign,benign,en,span,label,"[TAG=span] [ROLE=label] noise cancelling headphones — 2,411 reviews, Butwal warehouse",benign:en:73,synthetic_v1,0,0,0,0,0,0,0,1
"Zepto पर लैपटॉप बैग — रु. 1,499",benign,benign,hi,h2,heading,"[TAG=h2] [ROLE=heading] Zepto पर लैपटॉप बैग — रु. 1,499",benign:hi:62,synthetic_v1,0,0,0,0,0,0,0,1
पुणे शिपिंग: रु. 499,benign,benign,hi,label,form,[TAG=label] [ROLE=form] पुणे शिपिंग: रु. 499,benign:hi:71,synthetic_v1,0,0,0,0,0,0,0,1
"गेमिंग माउस — 2,038 समीक्षाएँ, इंदौर गोदाम",benign,benign,hi,span,label,"[TAG=span] [ROLE=label] गेमिंग माउस — 2,038 समीक्षाएँ, इंदौर गोदाम",benign:hi:72,synthetic_v1,0,0,0,0,0,0,0,1
"Exchange offer up to Rs. 1,499",benign,benign,en,span,label,"[TAG=span] [ROLE=label] Exchange offer up to Rs. 1,499",benign:en:35,synthetic_v1,0,0,0,0,0,0,0,1
Kinbech मा पावर ब्यांक मूल्य तुलना गर्नुहोस्,benign,benign,ne,button,cta,[TAG=button] [ROLE=cta] Kinbech मा पावर ब्यांक मूल्य तुलना गर्नुहोस्,benign:ne:73,synthetic_v1,0,0,0,0,0,0,0,1
"Seller: Bikash Traders, Lucknow",benign,benign,en,h2,heading,"[TAG=h2] [ROLE=heading] Seller: Bikash Traders, Lucknow",benign:en:49,synthetic_v1,0,0,0,0,0,0,0,1
अनुमानित डिलीवरी: 4 दिन,benign,benign,hi,a,nav,[TAG=a] [ROLE=nav] अनुमानित डिलीवरी: 4 दिन,benign:hi:24,synthetic_v1,0,0,0,0,0,0,0,1
48 units sold,benign,benign,en,button,cta,[TAG=button] [ROLE=cta] 48 units sold,benign:en:48,synthetic_v1,0,0,0,0,0,0,0,1
योगा मैट की तुलना करें,benign,benign,hi,button,cta,[TAG=button] [ROLE=cta] योगा मैट की तुलना करें,benign:hi:12,synthetic_v1,0,0,0,0,0,0,0,1
"बिक्रेता: काव्या स्टोर, दमक",benign,benign,ne,h2,heading,"[TAG=h2] [ROLE=heading] बिक्रेता: काव्या स्टोर, दमक",benign:ne:64,synthetic_v1,0,0,0,0,0,0,0,1
"हैदराबाद में स्टॉक में, 10 दिन में शिप",benign,benign,hi,span,label,"[TAG=span] [ROLE=label] हैदराबाद में स्टॉक में, 10 दिन में शिप",benign:hi:76,synthetic_v1,0,0,0,0,0,0,0,1
FirstCry मा हेयर ड्रायर मा 10% छुट,benign,benign,ne,li,nav,[TAG=li] [ROLE=nav] FirstCry मा हेयर ड्रायर मा 10% छुट,benign:ne:70,synthetic_v1,0,0,0,0,0,0,0,1
वायरलेस इयरबड्स मा रु. 799 बाट EMI,benign,benign,ne,label,form,[TAG=label] [ROLE=form] वायरलेस इयरबड्स मा रु. 799 बाट EMI,benign:ne:74,synthetic_v1,0,0,0,0,0,0,0,1
चंडीगढ़ शिपिंग: रु. 49,benign,benign,hi,a,nav,[TAG=a] [ROLE=nav] चंडीगढ़ शिपिंग: रु. 49,benign:hi:71,synthetic_v1,0,0,0,0,0,0,0,1
Kinbech पर पानी की बोतल — रु. 799,benign,benign,hi,p,body,[TAG=p] [ROLE=body] Kinbech पर पानी की बोतल — रु. 799,benign:hi:62,synthetic_v1,0,0,0,0,0,0,0,1
एयर फ्रायर — रु. 899,benign,benign,hi,li,nav,[TAG=li] [ROLE=nav] एयर फ्रायर — रु. 899,benign:hi:46,synthetic_v1,0,0,0,0,0,0,0,1
"ग्राहक समीक्षाएँ (1,187)",benign,benign,hi,label,form,"[TAG=label] [ROLE=form] ग्राहक समीक्षाएँ (1,187)",benign:hi:03,synthetic_v1,0,0,0,0,0,0,0,1
934 सत्यापित समीक्षाएँ,benign,benign,hi,a,nav,[TAG=a] [ROLE=nav] 934 सत्यापित समीक्षाएँ,benign:hi:23,synthetic_v1,0,0,0,0,0,0,0,1
स्टक सकियो,benign,benign,ne,a,nav,[TAG=a] [ROLE=nav] स्टक सकियो,benign:ne:32,synthetic_v1,0,0,0,0,0,0,0,1
Blinkit ग्राहक सेवा: हाम्रो Facebook पेज,benign,benign,ne,li,nav,[TAG=li] [ROLE=nav] Blinkit ग्राहक सेवा: हाम्रो Facebook पेज,benign:ne:75,synthetic_v1,0,0,0,0,0,0,0,1
"राइस कुकर पर रु. 1,999 से EMI",benign,benign,hi,h2,heading,"[TAG=h2] [ROLE=heading] राइस कुकर पर रु. 1,999 से EMI",benign:hi:74,synthetic_v1,0,0,0,0,0,0,0,1
25% off induction cooktop at HamroBazar,benign,benign,en,label,form,[TAG=label] [ROLE=form] 25% off induction cooktop at HamroBazar,benign:en:71,synthetic_v1,0,0,0,0,0,0,0,1
"रु. 2,999 तक एक्सचेंज ऑफ़र",benign,benign,hi,a,nav,"[TAG=a] [ROLE=nav] रु. 2,999 तक एक्सचेंज ऑफ़र",benign:hi:35,synthetic_v1,0,0,0,0,0,0,0,1
कॉटन कुर्ता पर रु. 249 से EMI,benign,benign,hi,span,label,[TAG=span] [ROLE=label] कॉटन कुर्ता पर रु. 249 से EMI,benign:hi:74,synthetic_v1,0,0,0,0,0,0,0,1
Compare denim jeans,benign,benign,en,li,nav,[TAG=li] [ROLE=nav] Compare denim jeans,benign:en:12,synthetic_v1,0,0,0,0,0,0,0,1
ग्राहक समीक्षाएँ (203),benign,benign,hi,h2,heading,[TAG=h2] [ROLE=heading] ग्राहक समीक्षाएँ (203),benign:hi:03,synthetic_v1,0,0,0,0,0,0,0,1
OkDam रिटर्न नीति: 4 दिन,benign,benign,hi,button,cta,[TAG=button] [ROLE=cta] OkDam रिटर्न नीति: 4 दिन,benign:hi:65,synthetic_v1,0,0,0,0,0,0,0,1
Unsubscribe from Reliance Digital emails in one click,benign,benign,en,p,body,[TAG=p] [ROLE=body] Unsubscribe from Reliance Digital emails in one click,benign:en:70,synthetic_v1,0,0,0,0,0,0,0,1
योगा म्याट उपलब्ध भएपछि जानकारी दिनुहोस्,benign,benign,ne,h2,heading,[TAG=h2] [ROLE=heading] योगा म्याट उपलब्ध भएपछि जानकारी दिनुहोस्,benign:ne:33,synthetic_v1,0,0,0,0,0,0,0,1
"34,118 people rated rice cooker",benign,benign,en,h2,heading,"[TAG=h2] [ROLE=heading] 34,118 people rated rice cooker",benign:en:68,synthetic_v1,0,0,0,0,0,0,0,1
अपना ऑर्डर ट्रैक करें,benign,benign,hi,li,nav,[TAG=li] [ROLE=nav] अपना ऑर्डर ट्रैक करें,benign:hi:06,synthetic_v1,0,0,0,0,0,0,0,1
"रु. 2,499/महीना से EMI विकल्प",benign,benign,hi,h2,heading,"[TAG=h2] [ROLE=heading] रु. 2,499/महीना से EMI विकल्प",benign:hi:34,synthetic_v1,0,0,0,0,0,0,0,1
स्मार्टवॉच — रु. 149,benign,benign,hi,p,body,[TAG=p] [ROLE=body] स्मार्टवॉच — रु. 149,benign:hi:46,synthetic_v1,0,0,0,0,0,0,0,1
"रु. 1,199/महीना से EMI विकल्प",benign,benign,hi,h2,heading,"[TAG=h2] [ROLE=heading] रु. 1,199/महीना से EMI विकल्प",benign:hi:34,synthetic_v1,0,0,0,0,0,0,0,1
"मूल्य: रु. 2,499",benign,benign,ne,label,form,"[TAG=label] [ROLE=form] मूल्य: रु. 2,499",benign:ne:45,synthetic_v1,0,0,0,0,0,0,0,1
"backpack — Rs. 2,499",benign,benign,en,h2,heading,"[TAG=h2] [ROLE=heading] backpack — Rs. 2,499",benign:en:46,synthetic_v1,0,0,0,0,0,0,0,1
Croma मा वायरलेस इयरबड्स — रु. 699,benign,benign,ne,h2,heading,[TAG=h2] [ROLE=heading] Croma मा वायरलेस इयरबड्स — रु. 699,benign:ne:62,synthetic_v1,0,0,0,0,0,0,0,1
लखनऊ में 4 दिन में डिलीवरी,benign,benign,hi,p,body,[TAG=p] [ROLE=body] लखनऊ में 4 दिन में डिलीवरी,benign:hi:63,synthetic_v1,0,0,0,0,0,0,0,1
फोन कवर — रु. 299,benign,benign,hi,span,label,[TAG=span] [ROLE=label] फोन कवर — रु. 299,benign:hi:46,synthetic_v1,0,0,0,0,0,0,0,1
Salesberry मा फोन कभर — रु. 199,benign,benign,ne,label,form,[TAG=label] [ROLE=form] Salesberry मा फोन कभर — रु. 199,benign:ne:62,synthetic_v1,0,0,0,0,0,0,0,1
Compare induction cooktop prices on Myntra,benign,benign,en,span,label,[TAG=span] [ROLE=label] Compare induction cooktop prices on Myntra,benign:en:74,synthetic_v1,0,0,0,0,0,0,0,1
school bag — Rs. 999,benign,benign,en,h2,heading,[TAG=h2] [ROLE=heading] school bag — Rs. 999,benign:en:46,synthetic_v1,0,0,0,0,0,0,0,1
Thulo return policy: 8 days,benign,benign,en,a,nav,[TAG=a] [ROLE=nav] Thulo return policy: 8 days,benign:en:66,synthetic_v1,0,0,0,0,0,0,0,1
Notify me when cotton kurta is available,benign,benign,en,h2,heading,[TAG=h2] [ROLE=heading] Notify me when cotton kurta is available,benign:en:33,synthetic_v1,0,0,0,0,0,0,0,1
JioMart मा स्मार्टवाच मूल्य तुलना गर्नुहोस्,benign,benign,ne,span,label,[TAG=span] [ROLE=label] JioMart मा स्मार्टवाच मूल्य तुलना गर्नुहोस्,benign:ne:73,synthetic_v1,0,0,0,0,0,0,0,1
"Seller: Nisha Traders, Lalitpur",benign,benign,en,li,nav,"[TAG=li] [ROLE=nav] Seller: Nisha Traders, Lalitpur",benign:en:49,synthetic_v1,0,0,0,0,0,0,0,1
सुर्खेत मा 2 दिनमा डेलिभरी,benign,benign,ne,p,body,[TAG=p] [ROLE=body] सुर्खेत मा 2 दिनमा डेलिभरी,benign:ne:63,synthetic_v1,0,0,0,0,0,0,0,1
Kinbech मा ब्लुटुथ स्पिकर मा 15% छुट,benign,benign,ne,button,cta,[TAG=button] [ROLE=cta] Kinbech मा ब्लुटुथ स्पिकर मा 15% छुट,benign:ne:70,synthetic_v1,0,0,0,0,0,0,0,1
स्मार्टवॉच खोजें,benign,benign,hi,a,nav,[TAG=a] [ROLE=nav] स्मार्टवॉच खोजें,benign:hi:14,synthetic_v1,0,0,0,0,0,0,0,1
SastoDeal ग्राहक सेवा: हाम्रो हेल्पलाइन,benign,benign,ne,a,nav,[TAG=a] [ROLE=nav] SastoDeal ग्राहक सेवा: हाम्रो हेल्पलाइन,benign:ne:75,synthetic_v1,0,0,0,0,0,0,0,1
Ajio return policy: 6 days,benign,benign,en,button,cta,[TAG=button] [ROLE=cta] Ajio return policy: 6 days,benign:en:66,synthetic_v1,0,0,0,0,0,0,0,1
63 लोगों ने राइस कुकर को रेट किया,benign,benign,hi,button,cta,[TAG=button] [ROLE=cta] 63 लोगों ने राइस कुकर को रेट किया,benign:hi:67,synthetic_v1,0,0,0,0,0,0,0,1
Flipkart पर राइस कुकर की कीमतों की तुलना करें,benign,benign,hi,button,cta,[TAG=button] [ROLE=cta] Flipkart पर राइस कुकर की कीमतों की तुलना करें,benign:hi:73,synthetic_v1,0,0,0,0,0,0,0,1
Flipkart मा स्मार्टवाच मूल्य तुलना गर्नुहोस्,benign,benign,ne,span,label,[TAG=span] [ROLE=label] Flipkart मा स्मार्टवाच मूल्य तुलना गर्नुहोस्,benign:ne:73,synthetic_v1,0,0,0,0,0,0,0,1
अहिले किन्नुहोस्,benign,benign,ne,label,form,[TAG=label] [ROLE=form] अहिले किन्नुहोस्,benign:ne:31,synthetic_v1,0,0,0,0,0,0,0,1
Delivering to Dharan,benign,benign,en,li,nav,[TAG=li] [ROLE=nav] Delivering to Dharan,benign:en:37,synthetic_v1,0,0,0,0,0,0,0,1
Nykaa पर पानी की बोतल खोजें,benign,benign,hi,a,nav,[TAG=a] [ROLE=nav] Nykaa पर पानी की बोतल खोजें,benign:hi:66,synthetic_v1,0,0,0,0,0,0,0,1
"रु. 1,999 माथिको अर्डरमा निःशुल्क ढुवानी",benign,benign,ne,p,body,"[TAG=p] [ROLE=body] रु. 1,999 माथिको अर्डरमा निःशुल्क ढुवानी",benign:ne:01,synthetic_v1,0,0,0,0,0,0,0,1
Sale ends 5 November,benign,benign,en,p,body,[TAG=p] [ROLE=body] Sale ends 5 November,benign:en:47,synthetic_v1,0,0,0,0,0,0,0,1
"विक्रेता: सुमन स्टोर, कानपुर",benign,benign,hi,button,cta,"[TAG=button] [ROLE=cta] विक्रेता: सुमन स्टोर, कानपुर",benign:hi:64,synthetic_v1,0,0,0,0,0,0,0,1
Compare yoga mat prices on Kinbech,benign,benign,en,button,cta,[TAG=button] [ROLE=cta] Compare yoga mat prices on Kinbech,benign:en:74,synthetic_v1,0,0,0,0,0,0,0,1
"coffee maker — 21,507 reviews, Biratnagar warehouse",benign,benign,en,li,nav,"[TAG=li] [ROLE=nav] coffee maker — 21,507 reviews, Biratnagar warehouse",benign:en:73,synthetic_v1,0,0,0,0,0,0,0,1
"Shipping to Butwal: Rs. 1,499",benign,benign,en,span,label,"[TAG=span] [ROLE=label] Shipping to Butwal: Rs. 1,499",benign:en:72,synthetic_v1,0,0,0,0,0,0,0,1
"बेंगलुरु में स्टॉक में, 10 दिन में शिप",benign,benign,hi,a,nav,"[TAG=a] [ROLE=nav] बेंगलुरु में स्टॉक में, 10 दिन में शिप",benign:hi:76,synthetic_v1,0,0,0,0,0,0,0,1
ढुवानी शुल्क: रु. 799 (भुक्तानी अघि देखिने),benign,benign,ne,a,nav,[TAG=a] [ROLE=nav] ढुवानी शुल्क: रु. 799 (भुक्तानी अघि देखिने),benign:ne:43,synthetic_v1,0,0,0,0,0,0,0,1
अतिथिको रूपमा जारी राख्नुहोस्,benign,benign,ne,a,nav,[TAG=a] [ROLE=nav] अतिथिको रूपमा जारी राख्नुहोस्,benign:ne:28,synthetic_v1,0,0,0,0,0,0,0,1
Daraz मा रनिङ जुत्ता — रु. 49,benign,benign,ne,p,body,[TAG=p] [ROLE=body] Daraz मा रनिङ जुत्ता — रु. 49,benign:ne:62,synthetic_v1,0,0,0,0,0,0,0,1
स्पोर्ट्स चप्पल उपलब्ध भएपछि जानकारी दिनुहोस्,benign,benign,ne,p,body,[TAG=p] [ROLE=body] स्पोर्ट्स चप्पल उपलब्ध भएपछि जानकारी दिनुहोस्,benign:ne:33,synthetic_v1,0,0,0,0,0,0,0,1
रु. 99/महिनाबाट EMI विकल्प,benign,benign,ne,li,nav,[TAG=li] [ROLE=nav] रु. 99/महिनाबाट EMI विकल्प,benign:ne:34,synthetic_v1,0,0,0,0,0,0,0,1
20% off sports sandals at Gyapu,benign,benign,en,p,body,[TAG=p] [ROLE=body] 20% off sports sandals at Gyapu,benign:en:71,synthetic_v1,0,0,0,0,0,0,0,1
मेरे ऑर्डर से Kinbech ऑर्डर रद्द करें,benign,benign,hi,button,cta,[TAG=button] [ROLE=cta] मेरे ऑर्डर से Kinbech ऑर्डर रद्द करें,benign:hi:68,synthetic_v1,0,0,0,0,0,0,0,1
BigBasket return policy: 3 days,benign,benign,en,h2,heading,[TAG=h2] [ROLE=heading] BigBasket return policy: 3 days,benign:en:66,synthetic_v1,0,0,0,0,0,0,0,1
ट्रेकिङ ज्याकेट मा रु. 499 बाट EMI,benign,benign,ne,p,body,[TAG=p] [ROLE=body] ट्रेकिङ ज्याकेट मा रु. 499 बाट EMI,benign:ne:74,synthetic_v1,0,0,0,0,0,0,0,1
Shipping to Dharan: Rs. 199,benign,benign,en,span,label,[TAG=span] [ROLE=label] Shipping to Dharan: Rs. 199,benign:en:72,synthetic_v1,0,0,0,0,0,0,0,1
Cash on delivery available in Bhaktapur,benign,benign,en,label,form,[TAG=label] [ROLE=form] Cash on delivery available in Bhaktapur,benign:en:09,synthetic_v1,0,0,0,0,0,0,0,1
FirstCry पर सर्दी का कंबल पर 60% छूट,benign,benign,hi,a,nav,[TAG=a] [ROLE=nav] FirstCry पर सर्दी का कंबल पर 60% छूट,benign:hi:70,synthetic_v1,0,0,0,0,0,0,0,1
"नासिक शिपिंग: रु. 2,999",benign,benign,hi,label,form,"[TAG=label] [ROLE=form] नासिक शिपिंग: रु. 2,999",benign:hi:71,synthetic_v1,0,0,0,0,0,0,0,1
"योगा म्याट मा रु. 1,199 बाट EMI",benign,benign,ne,h2,heading,"[TAG=h2] [ROLE=heading] योगा म्याट मा रु. 1,199 बाट EMI",benign:ne:74,synthetic_v1,0,0,0,0,0,0,0,1
"Seller: Priya Traders, Mumbai",benign,benign,en,span,label,"[TAG=span] [ROLE=label] Seller: Priya Traders, Mumbai",benign:en:49,synthetic_v1,0,0,0,0,0,0,0,1
दिल्ली शिपिंग: रु. 899,benign,benign,hi,h2,heading,[TAG=h2] [ROLE=heading] दिल्ली शिपिंग: रु. 899,benign:hi:71,synthetic_v1,0,0,0,0,0,0,0,1
"हेयर ड्रायर — रु. 2,499",benign,benign,hi,p,body,"[TAG=p] [ROLE=body] हेयर ड्रायर — रु. 2,499",benign:hi:46,synthetic_v1,0,0,0,0,0,0,0,1
Flipkart मा प्रोटिन पाउडर खोज्नुहोस्,benign,benign,ne,a,nav,[TAG=a] [ROLE=nav] Flipkart मा प्रोटिन पाउडर खोज्नुहोस्,benign:ne:66,synthetic_v1,0,0,0,0,0,0,0,1
"विक्रेता: आरव स्टोर, कोलकाता",benign,benign,hi,li,nav,"[TAG=li] [ROLE=nav] विक्रेता: आरव स्टोर, कोलकाता",benign:hi:64,synthetic_v1,0,0,0,0,0,0,0,1
"गोरखा मा स्टकमा, 4 दिनमा पठाइन्छ",benign,benign,ne,span,label,"[TAG=span] [ROLE=label] गोरखा मा स्टकमा, 4 दिनमा पठाइन्छ",benign:ne:76,synthetic_v1,0,0,0,0,0,0,0,1
512 जनाले स्टडी लाइट मूल्याङ्कन गरे,benign,benign,ne,p,body,[TAG=p] [ROLE=body] 512 जनाले स्टडी लाइट मूल्याङ्कन गरे,benign:ne:67,synthetic_v1,0,0,0,0,0,0,0,1
Compare water bottle prices on Pepperfry,benign,benign,en,label,form,[TAG=label] [ROLE=form] Compare water bottle prices on Pepperfry,benign:en:74,synthetic_v1,0,0,0,0,0,0,0,1
स्कूल बैग — रु. 699,benign,benign,hi,p,body,[TAG=p] [ROLE=body] स्कूल बैग — रु. 699,benign:hi:46,synthetic_v1,0,0,0,0,0,0,0,1
"ग्राहक समीक्षाएँ (1,024)",benign,benign,hi,span,label,"[TAG=span] [ROLE=label] ग्राहक समीक्षाएँ (1,024)",benign:hi:03,synthetic_v1,0,0,0,0,0,0,0,1
"sports sandals — 21,507 reviews, Lalitpur warehouse",benign,benign,en,span,label,"[TAG=span] [ROLE=label] sports sandals — 21,507 reviews, Lalitpur warehouse",benign:en:73,synthetic_v1,0,0,0,0,0,0,0,1
"Sold by Sita Store, Surat",benign,benign,en,a,nav,"[TAG=a] [ROLE=nav] Sold by Sita Store, Surat",benign:en:65,synthetic_v1,0,0,0,0,0,0,0,1
Compare smartwatch prices on Muncha,benign,benign,en,button,cta,[TAG=button] [ROLE=cta] Compare smartwatch prices on Muncha,benign:en:74,synthetic_v1,0,0,0,0,0,0,0,1
Compare smartwatch prices on Flipkart,benign,benign,en,a,nav,[TAG=a] [ROLE=nav] Compare smartwatch prices on Flipkart,benign:en:74,synthetic_v1,0,0,0,0,0,0,0,1
Unsubscribe from Ajio emails in one click,benign,benign,en,button,cta,[TAG=button] [ROLE=cta] Unsubscribe from Ajio emails in one click,benign:en:70,synthetic_v1,0,0,0,0,0,0,0,1
455 verified reviews,benign,benign,en,button,cta,[TAG=button] [ROLE=cta] 455 verified reviews,benign:en:23,synthetic_v1,0,0,0,0,0,0,0,1
भोपाल में कैश ऑन डिलीवरी उपलब्ध,benign,benign,hi,span,label,[TAG=span] [ROLE=label] भोपाल में कैश ऑन डिलीवरी उपलब्ध,benign:hi:09,synthetic_v1,0,0,0,0,0,0,0,1
Zepto customer care: the call centre,benign,benign,en,a,nav,[TAG=a] [ROLE=nav] Zepto customer care: the call centre,benign:en:76,synthetic_v1,0,0,0,0,0,0,0,1
"विक्रेता: सीता ट्रेडर्स, नासिक",benign,benign,hi,span,label,"[TAG=span] [ROLE=label] विक्रेता: सीता ट्रेडर्स, नासिक",benign:hi:48,synthetic_v1,0,0,0,0,0,0,0,1
Compare trekking jacket prices on Snapdeal,benign,benign,en,span,label,[TAG=span] [ROLE=label] Compare trekking jacket prices on Snapdeal,benign:en:74,synthetic_v1,0,0,0,0,0,0,0,1
FirstCry पर इलेक्ट्रिक केटल पर 35% छूट,benign,benign,hi,h2,heading,[TAG=h2] [ROLE=heading] FirstCry पर इलेक्ट्रिक केटल पर 35% छूट,benign:hi:70,synthetic_v1,0,0,0,0,0,0,0,1
Myntra ग्राहक सेवा: हाम्रो सपोर्ट नम्बर,benign,benign,ne,a,nav,[TAG=a] [ROLE=nav] Myntra ग्राहक सेवा: हाम्रो सपोर्ट नम्बर,benign:ne:75,synthetic_v1,0,0,0,0,0,0,0,1
"विक्रेता: रमेश स्टोर, नागपुर",benign,benign,hi,p,body,"[TAG=p] [ROLE=body] विक्रेता: रमेश स्टोर, नागपुर",benign:hi:64,synthetic_v1,0,0,0,0,0,0,0,1
203 लोगों ने नॉइज़ कैंसलिंग हेडफोन को रेट किया,benign,benign,hi,button,cta,[TAG=button] [ROLE=cta] 203 लोगों ने नॉइज़ कैंसलिंग हेडफोन को रेट किया,benign:hi:67,synthetic_v1,0,0,0,0,0,0,0,1
OkDam मा स्मार्टवाच मूल्य तुलना गर्नुहोस्,benign,benign,ne,label,form,[TAG=label] [ROLE=form] OkDam मा स्मार्टवाच मूल्य तुलना गर्नुहोस्,benign:ne:73,synthetic_v1,0,0,0,0,0,0,0,1
EMI from Rs. 349 on bluetooth speaker,benign,benign,en,button,cta,[TAG=button] [ROLE=cta] EMI from Rs. 349 on bluetooth speaker,benign:en:75,synthetic_v1,0,0,0,0,0,0,0,1
रु. 699/महीना से EMI विकल्प,benign,benign,hi,h2,heading,[TAG=h2] [ROLE=heading] रु. 699/महीना से EMI विकल्प,benign:hi:34,synthetic_v1,0,0,0,0,0,0,0,1
पानीको बोतल कार्टमा राख्नुहोस्,benign,benign,ne,a,nav,[TAG=a] [ROLE=nav] पानीको बोतल कार्टमा राख्नुहोस्,benign:ne:00,synthetic_v1,0,0,0,0,0,0,0,1
"Seller: Manish Traders, Patna",benign,benign,en,button,cta,"[TAG=button] [ROLE=cta] Seller: Manish Traders, Patna",benign:en:49,synthetic_v1,0,0,0,0,0,0,0,1
Add phone case to cart,benign,benign,en,li,nav,[TAG=li] [ROLE=nav] Add phone case to cart,benign:en:00,synthetic_v1,0,0,0,0,0,0,0,1
Kinbech ईमेल एक क्लिक में अनसब्सक्राइब करें,benign,benign,hi,p,body,[TAG=p] [ROLE=body] Kinbech ईमेल एक क्लिक में अनसब्सक्राइब करें,benign:hi:69,synthetic_v1,0,0,0,0,0,0,0,1
"बिक्रेता: मनिष स्टोर, नेपालगन्ज",benign,benign,ne,p,body,"[TAG=p] [ROLE=body] बिक्रेता: मनिष स्टोर, नेपालगन्ज",benign:ne:64,synthetic_v1,0,0,0,0,0,0,0,1
Kinbech return policy: 10 days,benign,benign,en,li,nav,[TAG=li] [ROLE=nav] Kinbech return policy: 10 days,benign:en:66,synthetic_v1,0,0,0,0,0,0,0,1
"विक्रेता: प्रकाश स्टोर, आगरा",benign,benign,hi,button,cta,"[TAG=button] [ROLE=cta] विक्रेता: प्रकाश स्टोर, आगरा",benign:hi:64,synthetic_v1,0,0,0,0,0,0,0,1
"बिक्रेता: मीरा स्टोर, गोरखा",benign,benign,ne,label,form,"[TAG=label] [ROLE=form] बिक्रेता: मीरा स्टोर, गोरखा",benign:ne:64,synthetic_v1,0,0,0,0,0,0,0,1
नॉइज़ कैंसलिंग हेडफोन पर रु. 899 से EMI,benign,benign,hi,p,body,[TAG=p] [ROLE=body] नॉइज़ कैंसलिंग हेडफोन पर रु. 899 से EMI,benign:hi:74,synthetic_v1,0,0,0,0,0,0,0,1
"In stock in Kathmandu, ships in 14 days",benign,benign,en,a,nav,"[TAG=a] [ROLE=nav] In stock in Kathmandu, ships in 14 days",benign:en:77,synthetic_v1,0,0,0,0,0,0,0,1
Blinkit पर स्टडी लैंप — रु. 799,benign,benign,hi,a,nav,[TAG=a] [ROLE=nav] Blinkit पर स्टडी लैंप — रु. 799,benign:hi:62,synthetic_v1,0,0,0,0,0,0,0,1
"बिक्रेता: दीपेश स्टोर, पोखरा",benign,benign,ne,button,cta,"[TAG=button] [ROLE=cta] बिक्रेता: दीपेश स्टोर, पोखरा",benign:ne:64,synthetic_v1,0,0,0,0,0,0,0,1
3 दिनों में वापसी,benign,benign,hi,p,body,[TAG=p] [ROLE=body] 3 दिनों में वापसी,benign:hi:04,synthetic_v1,0,0,0,0,0,0,0,1
OkDam मा राइस कुकर खोज्नुहोस्,benign,benign,ne,h2,heading,[TAG=h2] [ROLE=heading] OkDam मा राइस कुकर खोज्नुहोस्,benign:ne:66,synthetic_v1,0,0,0,0,0,0,0,1
"Sold by Pooja Store, Chitwan",benign,benign,en,label,form,"[TAG=label] [ROLE=form] Sold by Pooja Store, Chitwan",benign:en:65,synthetic_v1,0,0,0,0,0,0,0,1
BigBasket मा स्पोर्ट्स चप्पल मा 5% छुट,benign,benign,ne,span,label,[TAG=span] [ROLE=label] BigBasket मा स्पोर्ट्स चप्पल मा 5% छुट,benign:ne:70,synthetic_v1,0,0,0,0,0,0,0,1
Blinkit मा राइस कुकर मा 10% छुट,benign,benign,ne,a,nav,[TAG=a] [ROLE=nav] Blinkit मा राइस कुकर मा 10% छुट,benign:ne:70,synthetic_v1,0,0,0,0,0,0,0,1
"इलेक्ट्रिक केतली — 934 समीक्षा, चितवन गोदाम",benign,benign,ne,a,nav,"[TAG=a] [ROLE=nav] इलेक्ट्रिक केतली — 934 समीक्षा, चितवन गोदाम",benign:ne:72,synthetic_v1,0,0,0,0,0,0,0,1
Snapdeal रिटर्न नीति: 1 दिन,benign,benign,hi,span,label,[TAG=span] [ROLE=label] Snapdeal रिटर्न नीति: 1 दिन,benign:hi:65,synthetic_v1,0,0,0,0,0,0,0,1
Blinkit पर डेनिम जींस पर 35% छूट,benign,benign,hi,p,body,[TAG=p] [ROLE=body] Blinkit पर डेनिम जींस पर 35% छूट,benign:hi:70,synthetic_v1,0,0,0,0,0,0,0,1
Compare electric kettle prices on Kinbech,benign,benign,en,li,nav,[TAG=li] [ROLE=nav] Compare electric kettle prices on Kinbech,benign:en:74,synthetic_v1,0,0,0,0,0,0,0,1
"विक्रेता: मीरा स्टोर, रांची",benign,benign,hi,button,cta,"[TAG=button] [ROLE=cta] विक्रेता: मीरा स्टोर, रांची",benign:hi:64,synthetic_v1,0,0,0,0,0,0,0,1
रनिङ जुत्ता — रु. 99,benign,benign,ne,a,nav,[TAG=a] [ROLE=nav] रनिङ जुत्ता — रु. 99,benign:ne:46,synthetic_v1,0,0,0,0,0,0,0,1
"एयर फ्रायर — रु. 1,999",benign,benign,hi,a,nav,"[TAG=a] [ROLE=nav] एयर फ्रायर — रु. 1,999",benign:hi:46,synthetic_v1,0,0,0,0,0,0,0,1
"1,340 थान बिक्री भयो",benign,benign,ne,button,cta,"[TAG=button] [ROLE=cta] 1,340 थान बिक्री भयो",benign:ne:47,synthetic_v1,0,0,0,0,0,0,0,1
रनिङ जुत्ता खोज्नुहोस्,benign,benign,ne,label,form,[TAG=label] [ROLE=form] रनिङ जुत्ता खोज्नुहोस्,benign:ne:14,synthetic_v1,0,0,0,0,0,0,0,1
Ajio ग्राहक सेवा: हमारा ईमेल डेस्क,benign,benign,hi,label,form,[TAG=label] [ROLE=form] Ajio ग्राहक सेवा: हमारा ईमेल डेस्क,benign:hi:75,synthetic_v1,0,0,0,0,0,0,0,1
"Gyapu पर ट्रेकिंग जैकेट — रु. 1,499",benign,benign,hi,span,label,"[TAG=span] [ROLE=label] Gyapu पर ट्रेकिंग जैकेट — रु. 1,499",benign:hi:62,synthetic_v1,0,0,0,0,0,0,0,1
"Shipping to Chitwan: Rs. 2,499",benign,benign,en,a,nav,"[TAG=a] [ROLE=nav] Shipping to Chitwan: Rs. 2,499",benign:en:72,synthetic_v1,0,0,0,0,0,0,0,1
पावर ब्यांक — रु. 499,benign,benign,ne,h2,heading,[TAG=h2] [ROLE=heading] पावर ब्यांक — रु. 499,benign:ne:46,synthetic_v1,0,0,0,0,0,0,0,1
सूरत शिपिंग: रु. 699,benign,benign,hi,span,label,[TAG=span] [ROLE=label] सूरत शिपिंग: रु. 699,benign:hi:71,synthetic_v1,0,0,0,0,0,0,0,1
Myntra मा इलेक्ट्रिक केतली — रु. 249,benign,benign,ne,li,nav,[TAG=li] [ROLE=nav] Myntra मा इलेक्ट्रिक केतली — रु. 249,benign:ne:62,synthetic_v1,0,0,0,0,0,0,0,1
Exchange offer up to Rs. 99,benign,benign,en,button,cta,[TAG=button] [ROLE=cta] Exchange offer up to Rs. 99,benign:en:35,synthetic_v1,0,0,0,0,0,0,0,1
Nykaa रिटर्न नीति: 8 दिन,benign,benign,hi,span,label,[TAG=span] [ROLE=label] Nykaa रिटर्न नीति: 8 दिन,benign:hi:65,synthetic_v1,0,0,0,0,0,0,0,1
राइस कुकर — रु. 449,benign,benign,hi,label,form,[TAG=label] [ROLE=form] राइस कुकर — रु. 449,benign:hi:46,synthetic_v1,0,0,0,0,0,0,0,1
"बिक्रेता: काव्या स्टोर, हेटौंडा",benign,benign,ne,a,nav,"[TAG=a] [ROLE=nav] बिक्रेता: काव्या स्टोर, हेटौंडा",benign:ne:64,synthetic_v1,0,0,0,0,0,0,0,1
जयपुर में 3 दिन में डिलीवरी,benign,benign,hi,li,nav,[TAG=li] [ROLE=nav] जयपुर में 3 दिन में डिलीवरी,benign:hi:63,synthetic_v1,0,0,0,0,0,0,0,1
"5,872 लोगों ने नॉइज़ कैंसलिंग हेडफोन को रेट किया",benign,benign,hi,h2,heading,"[TAG=h2] [ROLE=heading] 5,872 लोगों ने नॉइज़ कैंसलिंग हेडफोन को रेट किया",benign:hi:67,synthetic_v1,0,0,0,0,0,0,0,1
"एयर फ्रायर पर रु. 1,199 से EMI",benign,benign,hi,span,label,"[TAG=span] [ROLE=label] एयर फ्रायर पर रु. 1,199 से EMI",benign:hi:74,synthetic_v1,0,0,0,0,0,0,0,1
"1,502 units sold",benign,benign,en,label,form,"[TAG=label] [ROLE=form] 1,502 units sold",benign:en:48,synthetic_v1,0,0,0,0,0,0,0,1
"Sold by Rekha Store, Bhaktapur",benign,benign,en,button,cta,"[TAG=button] [ROLE=cta] Sold by Rekha Store, Bhaktapur",benign:en:65,synthetic_v1,0,0,0,0,0,0,0,1
Blinkit पर पानी की बोतल — रु. 199,benign,benign,hi,button,cta,[TAG=button] [ROLE=cta] Blinkit पर पानी की बोतल — रु. 199,benign:hi:62,synthetic_v1,0,0,0,0,0,0,0,1
"1,765 units sold",benign,benign,en,li,nav,"[TAG=li] [ROLE=nav] 1,765 units sold",benign:en:48,synthetic_v1,0,0,0,0,0,0,0,1
"अहमदाबाद में स्टॉक में, 2 दिन में शिप",benign,benign,hi,a,nav,"[TAG=a] [ROLE=nav] अहमदाबाद में स्टॉक में, 2 दिन में शिप",benign:hi:76,synthetic_v1,0,0,0,0,0,0,0,1
वाराणसी शिपिंग: रु. 349,benign,benign,hi,a,nav,[TAG=a] [ROLE=nav] वाराणसी शिपिंग: रु. 349,benign:hi:71,synthetic_v1,0,0,0,0,0,0,0,1
power bank at Pepperfry — Rs. 399,benign,benign,en,p,body,[TAG=p] [ROLE=body] power bank at Pepperfry — Rs. 399,benign:en:63,synthetic_v1,0,0,0,0,0,0,0,1
View all wireless earbuds,benign,benign,en,label,form,[TAG=label] [ROLE=form] View all wireless earbuds,benign:en:20,synthetic_v1,0,0,0,0,0,0,0,1
Delivery to Pokhara in 3 days,benign,benign,en,h2,heading,[TAG=h2] [ROLE=heading] Delivery to Pokhara in 3 days,benign:en:64,synthetic_v1,0,0,0,0,0,0,0,1
पोखरा मा क्यास अन डेलिभरी उपलब्ध,benign,benign,ne,button,cta,[TAG=button] [ROLE=cta] पोखरा मा क्यास अन डेलिभरी उपलब्ध,benign:ne:09,synthetic_v1,0,0,0,0,0,0,0,1
Search for phone case,benign,benign,en,h2,heading,[TAG=h2] [ROLE=heading] Search for phone case,benign:en:14,synthetic_v1,0,0,0,0,0,0,0,1
"EMI from Rs. 1,199 on power bank",benign,benign,en,a,nav,"[TAG=a] [ROLE=nav] EMI from Rs. 1,199 on power bank",benign:en:75,synthetic_v1,0,0,0,0,0,0,0,1
ग्राहक समीक्षा (63),benign,benign,ne,li,nav,[TAG=li] [ROLE=nav] ग्राहक समीक्षा (63),benign:ne:03,synthetic_v1,0,0,0,0,0,0,0,1
ग्राहक समीक्षाएँ (149),benign,benign,hi,label,form,[TAG=label] [ROLE=form] ग्राहक समीक्षाएँ (149),benign:hi:03,synthetic_v1,0,0,0,0,0,0,0,1
Meesho मा कटन कुर्ता खोज्नुहोस्,benign,benign,ne,p,body,[TAG=p] [ROLE=body] Meesho मा कटन कुर्ता खोज्नुहोस्,benign:ne:66,synthetic_v1,0,0,0,0,0,0,0,1
बेंगलुरु में डिलीवरी,benign,benign,hi,a,nav,[TAG=a] [ROLE=nav] बेंगलुरु में डिलीवरी,benign:hi:37,synthetic_v1,0,0,0,0,0,0,0,1
ढुवानी शुल्क: रु. 349 (भुक्तानी अघि देखिने),benign,benign,ne,span,label,[TAG=span] [ROLE=label] ढुवानी शुल्क: रु. 349 (भुक्तानी अघि देखिने),benign:ne:43,synthetic_v1,0,0,0,0,0,0,0,1
"14,860 जनाले इलेक्ट्रिक केतली मूल्याङ्कन गरे",benign,benign,ne,label,form,"[TAG=label] [ROLE=form] 14,860 जनाले इलेक्ट्रिक केतली मूल्याङ्कन गरे",benign:ne:67,synthetic_v1,0,0,0,0,0,0,0,1
934 people rated air fryer,benign,benign,en,button,cta,[TAG=button] [ROLE=cta] 934 people rated air fryer,benign:en:68,synthetic_v1,0,0,0,0,0,0,0,1
Delivering to Bengaluru,benign,benign,en,span,label,[TAG=span] [ROLE=label] Delivering to Bengaluru,benign:en:37,synthetic_v1,0,0,0,0,0,0,0,1
"सूरत में स्टॉक में, 7 दिन में शिप",benign,benign,hi,p,body,"[TAG=p] [ROLE=body] सूरत में स्टॉक में, 7 दिन में शिप",benign:hi:76,synthetic_v1,0,0,0,0,0,0,0,1
ढुवानी शुल्क: रु. 149 (भुक्तानी अघि देखिने),benign,benign,ne,li,nav,[TAG=li] [ROLE=nav] ढुवानी शुल्क: रु. 149 (भुक्तानी अघि देखिने),benign:ne:43,synthetic_v1,0,0,0,0,0,0,0,1
"बिक्रेता: विकास स्टोर, हेटौंडा",benign,benign,ne,p,body,"[TAG=p] [ROLE=body] बिक्रेता: विकास स्टोर, हेटौंडा",benign:ne:64,synthetic_v1,0,0,0,0,0,0,0,1
ब्रांड से फ़िल्टर करें,benign,benign,hi,label,form,[TAG=label] [ROLE=form] ब्रांड से फ़िल्टर करें,benign:hi:16,synthetic_v1,0,0,0,0,0,0,0,1
रिफंड नीति: 10 कार्यदिवस में रिफंड,benign,benign,hi,span,label,[TAG=span] [ROLE=label] रिफंड नीति: 10 कार्यदिवस में रिफंड,benign:hi:59,synthetic_v1,0,0,0,0,0,0,0,1
Cancel your FirstCry order from My Orders,benign,benign,en,p,body,[TAG=p] [ROLE=body] Cancel your FirstCry order from My Orders,benign:en:69,synthetic_v1,0,0,0,0,0,0,0,1
स्पोर्ट्स सैंडल खोजें,benign,benign,hi,button,cta,[TAG=button] [ROLE=cta] स्पोर्ट्स सैंडल खोजें,benign:hi:14,synthetic_v1,0,0,0,0,0,0,0,1
Unsubscribe from Myntra emails in one click,benign,benign,en,button,cta,[TAG=button] [ROLE=cta] Unsubscribe from Myntra emails in one click,benign:en:70,synthetic_v1,0,0,0,0,0,0,0,1
बाँके मा 4 दिनमा डेलिभरी,benign,benign,ne,span,label,[TAG=span] [ROLE=label] बाँके मा 4 दिनमा डेलिभरी,benign:ne:63,synthetic_v1,0,0,0,0,0,0,0,1
Kinbech मा वायरलेस इयरबड्स खोज्नुहोस्,benign,benign,ne,a,nav,[TAG=a] [ROLE=nav] Kinbech मा वायरलेस इयरबड्स खोज्नुहोस्,benign:ne:66,synthetic_v1,0,0,0,0,0,0,0,1
स्कूल बैग पर रु. 249 से EMI,benign,benign,hi,label,form,[TAG=label] [ROLE=form] स्कूल बैग पर रु. 249 से EMI,benign:hi:74,synthetic_v1,0,0,0,0,0,0,0,1
"backpack at Muncha — Rs. 1,199",benign,benign,en,p,body,"[TAG=p] [ROLE=body] backpack at Muncha — Rs. 1,199",benign:en:63,synthetic_v1,0,0,0,0,0,0,0,1
"9,118 units sold",benign,benign,en,span,label,"[TAG=span] [ROLE=label] 9,118 units sold",benign:en:48,synthetic_v1,0,0,0,0,0,0,0,1
छोड्नुहोस्,benign,benign,ne,p,body,[TAG=p] [ROLE=body] छोड्नुहोस्,benign:ne:55,synthetic_v1,0,0,0,0,0,0,0,1
"In stock in Nepalgunj, ships in 10 days",benign,benign,en,p,body,"[TAG=p] [ROLE=body] In stock in Nepalgunj, ships in 10 days",benign:en:77,synthetic_v1,0,0,0,0,0,0,0,1
wireless earbuds — Rs. 299,benign,benign,en,p,body,[TAG=p] [ROLE=body] wireless earbuds — Rs. 299,benign:en:46,synthetic_v1,0,0,0,0,0,0,0,1
वायरलेस ईयरबड्स — रु. 599,benign,benign,hi,span,label,[TAG=span] [ROLE=label] वायरलेस ईयरबड्स — रु. 599,benign:hi:46,synthetic_v1,0,0,0,0,0,0,0,1
Cancel your HamroBazar order from My Orders,benign,benign,en,p,body,[TAG=p] [ROLE=body] Cancel your HamroBazar order from My Orders,benign:en:69,synthetic_v1,0,0,0,0,0,0,0,1
Salesberry मा स्कुल ब्याग मूल्य तुलना गर्नुहोस्,benign,benign,ne,button,cta,[TAG=button] [ROLE=cta] Salesberry मा स्कुल ब्याग मूल्य तुलना गर्नुहोस्,benign:ne:73,synthetic_v1,0,0,0,0,0,0,0,1
Compare study lamp prices on HamroBazar,benign,benign,en,h2,heading,[TAG=h2] [ROLE=heading] Compare study lamp prices on HamroBazar,benign:en:74,synthetic_v1,0,0,0,0,0,0,0,1
812 सत्यापित समीक्षाएँ,benign,benign,hi,h2,heading,[TAG=h2] [ROLE=heading] 812 सत्यापित समीक्षाएँ,benign:hi:23,synthetic_v1,0,0,0,0,0,0,0,1
EMI from Rs. 449 on denim jeans,benign,benign,en,p,body,[TAG=p] [ROLE=body] EMI from Rs. 449 on denim jeans,benign:en:75,synthetic_v1,0,0,0,0,0,0,0,1
ग्राहक समीक्षाएँ (367),benign,benign,hi,h2,heading,[TAG=h2] [ROLE=heading] ग्राहक समीक्षाएँ (367),benign:hi:03,synthetic_v1,0,0,0,0,0,0,0,1
"हैदराबाद में स्टॉक में, 3 दिन में शिप",benign,benign,hi,h2,heading,"[TAG=h2] [ROLE=heading] हैदराबाद में स्टॉक में, 3 दिन में शिप",benign:hi:76,synthetic_v1,0,0,0,0,0,0,0,1
जनकपुर मा क्यास अन डेलिभरी उपलब्ध,benign,benign,ne,li,nav,[TAG=li] [ROLE=nav] जनकपुर मा क्यास अन डेलिभरी उपलब्ध,benign:ne:09,synthetic_v1,0,0,0,0,0,0,0,1
Gyapu मा स्पोर्ट्स चप्पल मूल्य तुलना गर्नुहोस्,benign,benign,ne,label,form,[TAG=label] [ROLE=form] Gyapu मा स्पोर्ट्स चप्पल मूल्य तुलना गर्नुहोस्,benign:ne:73,synthetic_v1,0,0,0,0,0,0,0,1
"1,187 लोगों ने सर्दी का कंबल को रेट किया",benign,benign,hi,p,body,"[TAG=p] [ROLE=body] 1,187 लोगों ने सर्दी का कंबल को रेट किया",benign:hi:67,synthetic_v1,0,0,0,0,0,0,0,1
367 units sold,benign,benign,en,a,nav,[TAG=a] [ROLE=nav] 367 units sold,benign:en:48,synthetic_v1,0,0,0,0,0,0,0,1
"face wash — Rs. 2,999",benign,benign,en,h2,heading,"[TAG=h2] [ROLE=heading] face wash — Rs. 2,999",benign:en:46,synthetic_v1,0,0,0,0,0,0,0,1
"विक्रेता: मीरा ट्रेडर्स, वाराणसी",benign,benign,hi,button,cta,"[TAG=button] [ROLE=cta] विक्रेता: मीरा ट्रेडर्स, वाराणसी",benign:hi:48,synthetic_v1,0,0,0,0,0,0,0,1
Shipping to Delhi: Rs. 699,benign,benign,en,h2,heading,[TAG=h2] [ROLE=heading] Shipping to Delhi: Rs. 699,benign:en:72,synthetic_v1,0,0,0,0,0,0,0,1
मेरे ऑर्डर से HamroBazar ऑर्डर रद्द करें,benign,benign,hi,button,cta,[TAG=button] [ROLE=cta] मेरे ऑर्डर से HamroBazar ऑर्डर रद्द करें,benign:hi:68,synthetic_v1,0,0,0,0,0,0,0,1
भोपाल में 14 दिन में डिलीवरी,benign,benign,hi,p,body,[TAG=p] [ROLE=body] भोपाल में 14 दिन में डिलीवरी,benign:hi:63,synthetic_v1,0,0,0,0,0,0,0,1
"Sold by Rohan Store, Jaipur",benign,benign,en,li,nav,"[TAG=li] [ROLE=nav] Sold by Rohan Store, Jaipur",benign:en:65,synthetic_v1,0,0,0,0,0,0,0,1
Compare study lamp prices on Snapdeal,benign,benign,en,a,nav,[TAG=a] [ROLE=nav] Compare study lamp prices on Snapdeal,benign:en:74,synthetic_v1,0,0,0,0,0,0,0,1
फेस वास खोज्नुहोस्,benign,benign,ne,span,label,[TAG=span] [ROLE=label] फेस वास खोज्नुहोस्,benign:ne:14,synthetic_v1,0,0,0,0,0,0,0,1
Pepperfry मा फर्मल सर्ट मूल्य तुलना गर्नुहोस्,benign,benign,ne,p,body,[TAG=p] [ROLE=body] Pepperfry मा फर्मल सर्ट मूल्य तुलना गर्नुहोस्,benign:ne:73,synthetic_v1,0,0,0,0,0,0,0,1
Search winter blanket on Salesberry,benign,benign,en,p,body,[TAG=p] [ROLE=body] Search winter blanket on Salesberry,benign:en:67,synthetic_v1,0,0,0,0,0,0,0,1
"3,109 थान बिक्री भयो",benign,benign,ne,p,body,"[TAG=p] [ROLE=body] 3,109 थान बिक्री भयो",benign:ne:47,synthetic_v1,0,0,0,0,0,0,0,1
Flipkart मा हिउँदको ब्ल्याङ्केट — रु. 799,benign,benign,ne,p,body,[TAG=p] [ROLE=body] Flipkart मा हिउँदको ब्ल्याङ्केट — रु. 799,benign:ne:62,synthetic_v1,0,0,0,0,0,0,0,1
OkDam return policy: 8 days,benign,benign,en,h2,heading,[TAG=h2] [ROLE=heading] OkDam return policy: 8 days,benign:en:66,synthetic_v1,0,0,0,0,0,0,0,1
Exchange offer up to Rs. 899,benign,benign,en,button,cta,[TAG=button] [ROLE=cta] Exchange offer up to Rs. 899,benign:en:35,synthetic_v1,0,0,0,0,0,0,0,1
स्मार्टवाच — रु. 349,benign,benign,ne,span,label,[TAG=span] [ROLE=label] स्मार्टवाच — रु. 349,benign:ne:46,synthetic_v1,0,0,0,0,0,0,0,1
"विक्रेता: स्नेहा ट्रेडर्स, नासिक",benign,benign,hi,label,form,"[TAG=label] [ROLE=form] विक्रेता: स्नेहा ट्रेडर्स, नासिक",benign:hi:48,synthetic_v1,0,0,0,0,0,0,0,1
Delivery to Mumbai in 2 days,benign,benign,en,label,form,[TAG=label] [ROLE=form] Delivery to Mumbai in 2 days,benign:en:64,synthetic_v1,0,0,0,0,0,0,0,1
30% off yoga mat at Meesho,benign,benign,en,a,nav,[TAG=a] [ROLE=nav] 30% off yoga mat at Meesho,benign:en:71,synthetic_v1,0,0,0,0,0,0,0,1
"school bag — 247 reviews, Lalitpur warehouse",benign,benign,en,label,form,"[TAG=label] [ROLE=form] school bag — 247 reviews, Lalitpur warehouse",benign:en:73,synthetic_v1,0,0,0,0,0,0,0,1
मेरे ऑर्डर से Muncha ऑर्डर रद्द करें,benign,benign,hi,span,label,[TAG=span] [ROLE=label] मेरे ऑर्डर से Muncha ऑर्डर रद्द करें,benign:hi:68,synthetic_v1,0,0,0,0,0,0,0,1
काठमाडौँ मा 4 दिनमा डेलिभरी,benign,benign,ne,span,label,[TAG=span] [ROLE=label] काठमाडौँ मा 4 दिनमा डेलिभरी,benign:ne:63,synthetic_v1,0,0,0,0,0,0,0,1
दिल्ली में 2 दिन में डिलीवरी,benign,benign,hi,label,form,[TAG=label] [ROLE=form] दिल्ली में 2 दिन में डिलीवरी,benign:hi:63,synthetic_v1,0,0,0,0,0,0,0,1
"बिक्रेता: स्नेहा ट्रेडर्स, भक्तपुर",benign,benign,ne,li,nav,"[TAG=li] [ROLE=nav] बिक्रेता: स्नेहा ट्रेडर्स, भक्तपुर",benign:ne:48,synthetic_v1,0,0,0,0,0,0,0,1
Size guide for smartwatch,benign,benign,en,button,cta,[TAG=button] [ROLE=cta] Size guide for smartwatch,benign:en:05,synthetic_v1,0,0,0,0,0,0,0,1
"बिक्रेता: सुमन स्टोर, धनगढी",benign,benign,ne,li,nav,"[TAG=li] [ROLE=nav] बिक्रेता: सुमन स्टोर, धनगढी",benign:ne:64,synthetic_v1,0,0,0,0,0,0,0,1
"coffee maker — Rs. 1,999",benign,benign,en,a,nav,"[TAG=a] [ROLE=nav] coffee maker — Rs. 1,999",benign:en:46,synthetic_v1,0,0,0,0,0,0,0,1
Shipping to Kathmandu: Rs. 249,benign,benign,en,h2,heading,[TAG=h2] [ROLE=heading] Shipping to Kathmandu: Rs. 249,benign:en:72,synthetic_v1,0,0,0,0,0,0,0,1
"phone case — 1,024 reviews, Dharan warehouse",benign,benign,en,button,cta,"[TAG=button] [ROLE=cta] phone case — 1,024 reviews, Dharan warehouse",benign:en:73,synthetic_v1,0,0,0,0,0,0,0,1
30% off school bag at Flipkart,benign,benign,en,h2,heading,[TAG=h2] [ROLE=heading] 30% off school bag at Flipkart,benign:en:71,synthetic_v1,0,0,0,0,0,0,0,1
वारंटी: 9 साल,benign,benign,hi,span,label,[TAG=span] [ROLE=label] वारंटी: 9 साल,benign:hi:36,synthetic_v1,0,0,0,0,0,0,0,1
"विक्रेता: मीरा ट्रेडर्स, रांची",benign,benign,hi,label,form,"[TAG=label] [ROLE=form] विक्रेता: मीरा ट्रेडर्स, रांची",benign:hi:48,synthetic_v1,0,0,0,0,0,0,0,1
"इलेक्ट्रिक केतली — 634 समीक्षा, विराटनगर गोदाम",benign,benign,ne,p,body,"[TAG=p] [ROLE=body] इलेक्ट्रिक केतली — 634 समीक्षा, विराटनगर गोदाम",benign:ne:72,synthetic_v1,0,0,0,0,0,0,0,1
"योगा म्याट — 27 समीक्षा, विराटनगर गोदाम",benign,benign,ne,button,cta,"[TAG=button] [ROLE=cta] योगा म्याट — 27 समीक्षा, विराटनगर गोदाम",benign:ne:72,synthetic_v1,0,0,0,0,0,0,0,1
"विक्रेता: अर्जुन स्टोर, जयपुर",benign,benign,hi,button,cta,"[TAG=button] [ROLE=cta] विक्रेता: अर्जुन स्टोर, जयपुर",benign:hi:64,synthetic_v1,0,0,0,0,0,0,0,1
"ग्राहक समीक्षा (2,411)",benign,benign,ne,a,nav,"[TAG=a] [ROLE=nav] ग्राहक समीक्षा (2,411)",benign:ne:03,synthetic_v1,0,0,0,0,0,0,0,1
Delivery to Butwal in 3 days,benign,benign,en,span,label,[TAG=span] [ROLE=label] Delivery to Butwal in 3 days,benign:en:64,synthetic_v1,0,0,0,0,0,0,0,1
Shipping to Lucknow: Rs. 399,benign,benign,en,h2,heading,[TAG=h2] [ROLE=heading] Shipping to Lucknow: Rs. 399,benign:en:72,synthetic_v1,0,0,0,0,0,0,0,1
"Sold by Laxmi Store, Indore",benign,benign,en,button,cta,"[TAG=button] [ROLE=cta] Sold by Laxmi Store, Indore",benign:en:65,synthetic_v1,0,0,0,0,0,0,0,1
राइस कुकर पर रु. 199 से EMI,benign,benign,hi,h2,heading,[TAG=h2] [ROLE=heading] राइस कुकर पर रु. 199 से EMI,benign:hi:74,synthetic_v1,0,0,0,0,0,0,0,1
डेनिम जींस की तुलना करें,benign,benign,hi,label,form,[TAG=label] [ROLE=form] डेनिम जींस की तुलना करें,benign:hi:12,synthetic_v1,0,0,0,0,0,0,0,1
FirstCry पर फोन कवर — रु. 499,benign,benign,hi,h2,heading,[TAG=h2] [ROLE=heading] FirstCry पर फोन कवर — रु. 499,benign:hi:62,synthetic_v1,0,0,0,0,0,0,0,1
"protein powder — 186 reviews, Lalitpur warehouse",benign,benign,en,label,form,"[TAG=label] [ROLE=form] protein powder — 186 reviews, Lalitpur warehouse",benign:en:73,synthetic_v1,0,0,0,0,0,0,0,1
"राइस कुकर — 9,118 समीक्षा, इटहरी गोदाम",benign,benign,ne,p,body,"[TAG=p] [ROLE=body] राइस कुकर — 9,118 समीक्षा, इटहरी गोदाम",benign:ne:72,synthetic_v1,0,0,0,0,0,0,0,1
Kinbech पर स्कूल बैग खोजें,benign,benign,hi,label,form,[TAG=label] [ROLE=form] Kinbech पर स्कूल बैग खोजें,benign:hi:66,synthetic_v1,0,0,0,0,0,0,0,1
FirstCry मा राइस कुकर — रु. 999,benign,benign,ne,a,nav,[TAG=a] [ROLE=nav] FirstCry मा राइस कुकर — रु. 999,benign:ne:62,synthetic_v1,0,0,0,0,0,0,0,1
फोन कवर उपलब्ध होने पर सूचित करें,benign,benign,hi,h2,heading,[TAG=h2] [ROLE=heading] फोन कवर उपलब्ध होने पर सूचित करें,benign:hi:33,synthetic_v1,0,0,0,0,0,0,0,1
35% off,benign,benign,en,li,nav,[TAG=li] [ROLE=nav] 35% off,benign:en:10,synthetic_v1,0,0,0,0,0,0,0,1
"बिक्रेता: रमेश ट्रेडर्स, ललितपुर",benign,benign,ne,span,label,"[TAG=span] [ROLE=label] बिक्रेता: रमेश ट्रेडर्स, ललितपुर",benign:ne:48,synthetic_v1,0,0,0,0,0,0,0,1
"In stock in Nepalgunj, ships in 5 days",benign,benign,en,li,nav,"[TAG=li] [ROLE=nav] In stock in Nepalgunj, ships in 5 days",benign:en:77,synthetic_v1,0,0,0,0,0,0,0,1
वाराणसी में 5 दिन में डिलीवरी,benign,benign,hi,button,cta,[TAG=button] [ROLE=cta] वाराणसी में 5 दिन में डिलीवरी,benign:hi:63,synthetic_v1,0,0,0,0,0,0,0,1
"1,340 units sold",benign,benign,en,label,form,"[TAG=label] [ROLE=form] 1,340 units sold",benign:en:48,synthetic_v1,0,0,0,0,0,0,0,1
"9,118 इकाई बिकीं",benign,benign,hi,p,body,"[TAG=p] [ROLE=body] 9,118 इकाई बिकीं",benign:hi:47,synthetic_v1,0,0,0,0,0,0,0,1
Meesho ग्राहक सेवा: हमारा सपोर्ट नंबर,benign,benign,hi,li,nav,[TAG=li] [ROLE=nav] Meesho ग्राहक सेवा: हमारा सपोर्ट नंबर,benign:hi:75,synthetic_v1,0,0,0,0,0,0,0,1
"Sold by Rekha Store, Pune",benign,benign,en,button,cta,"[TAG=button] [ROLE=cta] Sold by Rekha Store, Pune",benign:en:65,synthetic_v1,0,0,0,0,0,0,0,1
Flipkart customer care: our Viber support,benign,benign,en,p,body,[TAG=p] [ROLE=body] Flipkart customer care: our Viber support,benign:en:76,synthetic_v1,0,0,0,0,0,0,0,1
इमेलबाट अनसब्स्क्राइब गर्नुहोस्,benign,benign,ne,li,nav,[TAG=li] [ROLE=nav] इमेलबाट अनसब्स्क्राइब गर्नुहोस्,benign:ne:40,synthetic_v1,0,0,0,0,0,0,0,1
FirstCry ईमेल एक क्लिक में अनसब्सक्राइब करें,benign,benign,hi,button,cta,[TAG=button] [ROLE=cta] FirstCry ईमेल एक क्लिक में अनसब्सक्राइब करें,benign:hi:69,synthetic_v1,0,0,0,0,0,0,0,1
रु. 199 से ऊपर के ऑर्डर पर मुफ़्त शिपिंग,benign,benign,hi,label,form,[TAG=label] [ROLE=form] रु. 199 से ऊपर के ऑर्डर पर मुफ़्त शिपिंग,benign:hi:01,synthetic_v1,0,0,0,0,0,0,0,1
Shipping to Surat: Rs. 399,benign,benign,en,a,nav,[TAG=a] [ROLE=nav] Shipping to Surat: Rs. 399,benign:en:72,synthetic_v1,0,0,0,0,0,0,0,1
हैदराबाद में 14 दिन में डिलीवरी,benign,benign,hi,h2,heading,[TAG=h2] [ROLE=heading] हैदराबाद में 14 दिन में डिलीवरी,benign:hi:63,synthetic_v1,0,0,0,0,0,0,0,1
Snapdeal ग्राहक सेवा: कल सेन्टर,benign,benign,ne,button,cta,[TAG=button] [ROLE=cta] Snapdeal ग्राहक सेवा: कल सेन्टर,benign:ne:75,synthetic_v1,0,0,0,0,0,0,0,1
इलेक्ट्रिक केटल पर रु. 599 से EMI,benign,benign,hi,span,label,[TAG=span] [ROLE=label] इलेक्ट्रिक केटल पर रु. 599 से EMI,benign:hi:74,synthetic_v1,0,0,0,0,0,0,0,1
न्यूज़लेटर (वैकल्पिक),benign,benign,hi,h2,heading,[TAG=h2] [ROLE=heading] न्यूज़लेटर (वैकल्पिक),benign:hi:60,synthetic_v1,0,0,0,0,0,0,0,1
पानीको बोतल मा रु. 249 बाट EMI,benign,benign,ne,li,nav,[TAG=li] [ROLE=nav] पानीको बोतल मा रु. 249 बाट EMI,benign:ne:74,synthetic_v1,0,0,0,0,0,0,0,1
ग्राहक समीक्षाएँ (402),benign,benign,hi,label,form,[TAG=label] [ROLE=form] ग्राहक समीक्षाएँ (402),benign:hi:03,synthetic_v1,0,0,0,0,0,0,0,1
पानीको बोतल — रु. 999,benign,benign,ne,p,body,[TAG=p] [ROLE=body] पानीको बोतल — रु. 999,benign:ne:46,synthetic_v1,0,0,0,0,0,0,0,1
288 verified reviews,benign,benign,en,label,form,[TAG=label] [ROLE=form] 288 verified reviews,benign:en:23,synthetic_v1,0,0,0,0,0,0,0,1
"बिक्रेता: मनिष ट्रेडर्स, भक्तपुर",benign,benign,ne,h2,heading,"[TAG=h2] [ROLE=heading] बिक्रेता: मनिष ट्रेडर्स, भक्तपुर",benign:ne:48,synthetic_v1,0,0,0,0,0,0,0,1
राइस कुकर — रु. 799,benign,benign,ne,label,form,[TAG=label] [ROLE=form] राइस कुकर — रु. 799,benign:ne:46,synthetic_v1,0,0,0,0,0,0,0,1
"In stock in Kathmandu, ships in 7 days",benign,benign,en,p,body,"[TAG=p] [ROLE=body] In stock in Kathmandu, ships in 7 days",benign:en:77,synthetic_v1,0,0,0,0,0,0,0,1
सभी एयर फ्रायर देखें,benign,benign,hi,label,form,[TAG=label] [ROLE=form] सभी एयर फ्रायर देखें,benign:hi:20,synthetic_v1,0,0,0,0,0,0,0,1
रु. 899 सम्म एक्सचेन्ज अफर,benign,benign,ne,p,body,[TAG=p] [ROLE=body] रु. 899 सम्म एक्सचेन्ज अफर,benign:ne:35,synthetic_v1,0,0,0,0,0,0,0,1
Sort by price,benign,benign,en,li,nav,[TAG=li] [ROLE=nav] Sort by price,benign:en:15,synthetic_v1,0,0,0,0,0,0,0,1
Zepto इमेल एक क्लिकमा अनसब्स्क्राइब गर्नुहोस्,benign,benign,ne,li,nav,[TAG=li] [ROLE=nav] Zepto इमेल एक क्लिकमा अनसब्स्क्राइब गर्नुहोस्,benign:ne:69,synthetic_v1,0,0,0,0,0,0,0,1
Price: Rs. 699,benign,benign,en,label,form,[TAG=label] [ROLE=form] Price: Rs. 699,benign:en:45,synthetic_v1,0,0,0,0,0,0,0,1
Pepperfry मा कफी मेकर मूल्य तुलना गर्नुहोस्,benign,benign,ne,label,form,[TAG=label] [ROLE=form] Pepperfry मा कफी मेकर मूल्य तुलना गर्नुहोस्,benign:ne:73,synthetic_v1,0,0,0,0,0,0,0,1
"बिक्रेता: निशा ट्रेडर्स, जनकपुर",benign,benign,ne,li,nav,"[TAG=li] [ROLE=nav] बिक्रेता: निशा ट्रेडर्स, जनकपुर",benign:ne:48,synthetic_v1,0,0,0,0,0,0,0,1
312 people rated electric kettle,benign,benign,en,a,nav,[TAG=a] [ROLE=nav] 312 people rated electric kettle,benign:en:68,synthetic_v1,0,0,0,0,0,0,0,1
Delivery to Kathmandu in 4 days,benign,benign,en,button,cta,[TAG=button] [ROLE=cta] Delivery to Kathmandu in 4 days,benign:en:64,synthetic_v1,0,0,0,0,0,0,0,1
गेमिंग माउस के लिए साइज़ गाइड,benign,benign,hi,a,nav,[TAG=a] [ROLE=nav] गेमिंग माउस के लिए साइज़ गाइड,benign:hi:05,synthetic_v1,0,0,0,0,0,0,0,1
"Seller: Meera Traders, Delhi",benign,benign,en,p,body,"[TAG=p] [ROLE=body] Seller: Meera Traders, Delhi",benign:en:49,synthetic_v1,0,0,0,0,0,0,0,1
protein powder at Snapdeal — Rs. 199,benign,benign,en,button,cta,[TAG=button] [ROLE=cta] protein powder at Snapdeal — Rs. 199,benign:en:63,synthetic_v1,0,0,0,0,0,0,0,1
हेयर ड्रायर — रु. 99,benign,benign,ne,button,cta,[TAG=button] [ROLE=cta] हेयर ड्रायर — रु. 99,benign:ne:46,synthetic_v1,0,0,0,0,0,0,0,1
Blinkit return policy: 3 days,benign,benign,en,button,cta,[TAG=button] [ROLE=cta] Blinkit return policy: 3 days,benign:en:66,synthetic_v1,0,0,0,0,0,0,0,1
Shipping to Bhaktapur: Rs. 449,benign,benign,en,button,cta,[TAG=button] [ROLE=cta] Shipping to Bhaktapur: Rs. 449,benign:en:72,synthetic_v1,0,0,0,0,0,0,0,1
4 दिनभित्र फिर्ता,benign,benign,ne,button,cta,[TAG=button] [ROLE=cta] 4 दिनभित्र फिर्ता,benign:ne:04,synthetic_v1,0,0,0,0,0,0,0,1
"coffee maker — Rs. 2,499",benign,benign,en,button,cta,"[TAG=button] [ROLE=cta] coffee maker — Rs. 2,499",benign:en:46,synthetic_v1,0,0,0,0,0,0,0,1
"Shipping to Bhaktapur: Rs. 1,999",benign,benign,en,span,label,"[TAG=span] [ROLE=label] Shipping to Bhaktapur: Rs. 1,999",benign:en:72,synthetic_v1,0,0,0,0,0,0,0,1
Gyapu मा वायरलेस इयरबड्स मूल्य तुलना गर्नुहोस्,benign,benign,ne,p,body,[TAG=p] [ROLE=body] Gyapu मा वायरलेस इयरबड्स मूल्य तुलना गर्नुहोस्,benign:ne:73,synthetic_v1,0,0,0,0,0,0,0,1
गोरखा मा 2 दिनमा डेलिभरी,benign,benign,ne,button,cta,[TAG=button] [ROLE=cta] गोरखा मा 2 दिनमा डेलिभरी,benign:ne:63,synthetic_v1,0,0,0,0,0,0,0,1
OkDam पर गेमिंग माउस खोजें,benign,benign,hi,p,body,[TAG=p] [ROLE=body] OkDam पर गेमिंग माउस खोजें,benign:hi:66,synthetic_v1,0,0,0,0,0,0,0,1
रु. 249 सम्म एक्सचेन्ज अफर,benign,benign,ne,li,nav,[TAG=li] [ROLE=nav] रु. 249 सम्म एक्सचेन्ज अफर,benign:ne:35,synthetic_v1,0,0,0,0,0,0,0,1
"Seller: Meera Traders, Surat",benign,benign,en,p,body,"[TAG=p] [ROLE=body] Seller: Meera Traders, Surat",benign:en:49,synthetic_v1,0,0,0,0,0,0,0,1
"डेनिम जिन्स — 889 समीक्षा, पोखरा गोदाम",benign,benign,ne,li,nav,"[TAG=li] [ROLE=nav] डेनिम जिन्स — 889 समीक्षा, पोखरा गोदाम",benign:ne:72,synthetic_v1,0,0,0,0,0,0,0,1
पानीको बोतल मा रु. 49 बाट EMI,benign,benign,ne,li,nav,[TAG=li] [ROLE=nav] पानीको बोतल मा रु. 49 बाट EMI,benign:ne:74,synthetic_v1,0,0,0,0,0,0,0,1
Croma पर इंडक्शन चूल्हा पर 80% छूट,benign,benign,hi,a,nav,[TAG=a] [ROLE=nav] Croma पर इंडक्शन चूल्हा पर 80% छूट,benign:hi:70,synthetic_v1,0,0,0,0,0,0,0,1
"रु. 2,999 सम्म एक्सचेन्ज अफर",benign,benign,ne,button,cta,"[TAG=button] [ROLE=cta] रु. 2,999 सम्म एक्सचेन्ज अफर",benign:ne:35,synthetic_v1,0,0,0,0,0,0,0,1
पुणे में कैश ऑन डिलीवरी उपलब्ध,benign,benign,hi,a,nav,[TAG=a] [ROLE=nav] पुणे में कैश ऑन डिलीवरी उपलब्ध,benign:hi:09,synthetic_v1,0,0,0,0,0,0,0,1
भक्तपुर ढुवानी: रु. 799,benign,benign,ne,p,body,[TAG=p] [ROLE=body] भक्तपुर ढुवानी: रु. 799,benign:ne:71,synthetic_v1,0,0,0,0,0,0,0,1
"नॉइज़ कैंसलिंग हेडफोन — रु. 2,499",benign,benign,hi,p,body,"[TAG=p] [ROLE=body] नॉइज़ कैंसलिंग हेडफोन — रु. 2,499",benign:hi:46,synthetic_v1,0,0,0,0,0,0,0,1
"Price: Rs. 1,499",benign,benign,en,li,nav,"[TAG=li] [ROLE=nav] Price: Rs. 1,499",benign:en:45,synthetic_v1,0,0,0,0,0,0,0,1
"In stock in Lucknow, ships in 4 days",benign,benign,en,span,label,"[TAG=span] [ROLE=label] In stock in Lucknow, ships in 4 days",benign:en:77,synthetic_v1,0,0,0,0,0,0,0,1
Meesho पर ब्लूटूथ स्पीकर खोजें,benign,benign,hi,a,nav,[TAG=a] [ROLE=nav] Meesho पर ब्लूटूथ स्पीकर खोजें,benign:hi:66,synthetic_v1,0,0,0,0,0,0,0,1
BigBasket return policy: 8 days,benign,benign,en,p,body,[TAG=p] [ROLE=body] BigBasket return policy: 8 days,benign:en:66,synthetic_v1,0,0,0,0,0,0,0,1
Tata Cliq पर फोन कवर पर 60% छूट,benign,benign,hi,a,nav,[TAG=a] [ROLE=nav] Tata Cliq पर फोन कवर पर 60% छूट,benign:hi:70,synthetic_v1,0,0,0,0,0,0,0,1
सभी ट्रेकिंग जैकेट देखें,benign,benign,hi,label,form,[TAG=label] [ROLE=form] सभी ट्रेकिंग जैकेट देखें,benign:hi:20,synthetic_v1,0,0,0,0,0,0,0,1
नेपालगन्ज ढुवानी: रु. 99,benign,benign,ne,a,nav,[TAG=a] [ROLE=nav] नेपालगन्ज ढुवानी: रु. 99,benign:ne:71,synthetic_v1,0,0,0,0,0,0,0,1
वायरलेस इयरबड्स मा रु. 349 बाट EMI,benign,benign,ne,p,body,[TAG=p] [ROLE=body] वायरलेस इयरबड्स मा रु. 349 बाट EMI,benign:ne:74,synthetic_v1,0,0,0,0,0,0,0,1
Muncha इमेल एक क्लिकमा अनसब्स्क्राइब गर्नुहोस्,benign,benign,ne,li,nav,[TAG=li] [ROLE=nav] Muncha इमेल एक क्लिकमा अनसब्स्क्राइब गर्नुहोस्,benign:ne:69,synthetic_v1,0,0,0,0,0,0,0,1
Kinbech फिर्ता नीति: 5 दिन,benign,benign,ne,button,cta,[TAG=button] [ROLE=cta] Kinbech फिर्ता नीति: 5 दिन,benign:ne:65,synthetic_v1,0,0,0,0,0,0,0,1
EMI from Rs. 699 on sports sandals,benign,benign,en,h2,heading,[TAG=h2] [ROLE=heading] EMI from Rs. 699 on sports sandals,benign:en:75,synthetic_v1,0,0,0,0,0,0,0,1
Delivery to Chitwan in 4 days,benign,benign,en,label,form,[TAG=label] [ROLE=form] Delivery to Chitwan in 4 days,benign:en:64,synthetic_v1,0,0,0,0,0,0,0,1
"EMI from Rs. 1,999 on electric kettle",benign,benign,en,li,nav,"[TAG=li] [ROLE=nav] EMI from Rs. 1,999 on electric kettle",benign:en:75,synthetic_v1,0,0,0,0,0,0,0,1
एयर फ्रायर खोजें,benign,benign,hi,h2,heading,[TAG=h2] [ROLE=heading] एयर फ्रायर खोजें,benign:hi:14,synthetic_v1,0,0,0,0,0,0,0,1
Customer reviews (634),benign,benign,en,label,form,[TAG=label] [ROLE=form] Customer reviews (634),benign:en:03,synthetic_v1,0,0,0,0,0,0,0,1
चंडीगढ़ में कैश ऑन डिलीवरी उपलब्ध,benign,benign,hi,button,cta,[TAG=button] [ROLE=cta] चंडीगढ़ में कैश ऑन डिलीवरी उपलब्ध,benign:hi:09,synthetic_v1,0,0,0,0,0,0,0,1
Refund policy: refunds in 2 working days,benign,benign,en,span,label,[TAG=span] [ROLE=label] Refund policy: refunds in 2 working days,benign:en:60,synthetic_v1,0,0,0,0,0,0,0,1
जयपुर शिपिंग: रु. 149,benign,benign,hi,li,nav,[TAG=li] [ROLE=nav] जयपुर शिपिंग: रु. 149,benign:hi:71,synthetic_v1,0,0,0,0,0,0,0,1
"बिक्रेता: सुमन स्टोर, चितवन",benign,benign,ne,a,nav,"[TAG=a] [ROLE=nav] बिक्रेता: सुमन स्टोर, चितवन",benign:ne:64,synthetic_v1,0,0,0,0,0,0,0,1
634 लोगों ने इंडक्शन चूल्हा को रेट किया,benign,benign,hi,span,label,[TAG=span] [ROLE=label] 634 लोगों ने इंडक्शन चूल्हा को रेट किया,benign:hi:67,synthetic_v1,0,0,0,0,0,0,0,1
Pepperfry मा डेनिम जिन्स — रु. 449,benign,benign,ne,h2,heading,[TAG=h2] [ROLE=heading] Pepperfry मा डेनिम जिन्स — रु. 449,benign:ne:62,synthetic_v1,0,0,0,0,0,0,0,1
"4,265 जनाले वायरलेस इयरबड्स मूल्याङ्कन गरे",benign,benign,ne,a,nav,"[TAG=a] [ROLE=nav] 4,265 जनाले वायरलेस इयरबड्स मूल्याङ्कन गरे",benign:ne:67,synthetic_v1,0,0,0,0,0,0,0,1
Flipkart मा इन्डक्सन चुल्हो खोज्नुहोस्,benign,benign,ne,button,cta,[TAG=button] [ROLE=cta] Flipkart मा इन्डक्सन चुल्हो खोज्नुहोस्,benign:ne:66,synthetic_v1,0,0,0,0,0,0,0,1
Delivery to Lucknow in 10 days,benign,benign,en,h2,heading,[TAG=h2] [ROLE=heading] Delivery to Lucknow in 10 days,benign:en:64,synthetic_v1,0,0,0,0,0,0,0,1
रु. 49 माथिको अर्डरमा निःशुल्क ढुवानी,benign,benign,ne,li,nav,[TAG=li] [ROLE=nav] रु. 49 माथिको अर्डरमा निःशुल्क ढुवानी,benign:ne:01,synthetic_v1,0,0,0,0,0,0,0,1
कटन कुर्ता खोज्नुहोस्,benign,benign,ne,span,label,[TAG=span] [ROLE=label] कटन कुर्ता खोज्नुहोस्,benign:ne:14,synthetic_v1,0,0,0,0,0,0,0,1
"air fryer — Rs. 1,199",benign,benign,en,h2,heading,"[TAG=h2] [ROLE=heading] air fryer — Rs. 1,199",benign:en:46,synthetic_v1,0,0,0,0,0,0,0,1
"school bag at Zepto — Rs. 1,999",benign,benign,en,label,form,"[TAG=label] [ROLE=form] school bag at Zepto — Rs. 1,999",benign:en:63,synthetic_v1,0,0,0,0,0,0,0,1
OkDam पर ट्रेकिंग जैकेट की कीमतों की तुलना करें,benign,benign,hi,button,cta,[TAG=button] [ROLE=cta] OkDam पर ट्रेकिंग जैकेट की कीमतों की तुलना करें,benign:hi:73,synthetic_v1,0,0,0,0,0,0,0,1
"विक्रेता: स्नेहा स्टोर, मुंबई",benign,benign,hi,label,form,"[TAG=label] [ROLE=form] विक्रेता: स्नेहा स्टोर, मुंबई",benign:hi:64,synthetic_v1,0,0,0,0,0,0,0,1
नागपुर में 7 दिन में डिलीवरी,benign,benign,hi,li,nav,[TAG=li] [ROLE=nav] नागपुर में 7 दिन में डिलीवरी,benign:hi:63,synthetic_v1,0,0,0,0,0,0,0,1
वायरलेस ईयरबड्स की तुलना करें,benign,benign,hi,span,label,[TAG=span] [ROLE=label] वायरलेस ईयरबड्स की तुलना करें,benign:hi:12,synthetic_v1,0,0,0,0,0,0,0,1
Croma return policy: 9 days,benign,benign,en,h2,heading,[TAG=h2] [ROLE=heading] Croma return policy: 9 days,benign:en:66,synthetic_v1,0,0,0,0,0,0,0,1
"Sold by Rohan Store, Lalitpur",benign,benign,en,p,body,"[TAG=p] [ROLE=body] Sold by Rohan Store, Lalitpur",benign:en:65,synthetic_v1,0,0,0,0,0,0,0,1
Myntra पर स्मार्टवॉच की कीमतों की तुलना करें,benign,benign,hi,h2,heading,[TAG=h2] [ROLE=heading] Myntra पर स्मार्टवॉच की कीमतों की तुलना करें,benign:hi:73,synthetic_v1,0,0,0,0,0,0,0,1
ऑफिस चेयर की तुलना करें,benign,benign,hi,a,nav,[TAG=a] [ROLE=nav] ऑफिस चेयर की तुलना करें,benign:hi:12,synthetic_v1,0,0,0,0,0,0,0,1
शिपिंग शुल्क: रु. 249 (भुगतान से पहले दिखेगा),benign,benign,hi,span,label,[TAG=span] [ROLE=label] शिपिंग शुल्क: रु. 249 (भुगतान से पहले दिखेगा),benign:hi:43,synthetic_v1,0,0,0,0,0,0,0,1
Nykaa मा डेनिम जिन्स मूल्य तुलना गर्नुहोस्,benign,benign,ne,span,label,[TAG=span] [ROLE=label] Nykaa मा डेनिम जिन्स मूल्य तुलना गर्नुहोस्,benign:ne:73,synthetic_v1,0,0,0,0,0,0,0,1
"हेयर ड्रायर — 402 समीक्षा, हेटौंडा गोदाम",benign,benign,ne,a,nav,"[TAG=a] [ROLE=nav] हेयर ड्रायर — 402 समीक्षा, हेटौंडा गोदाम",benign:ne:72,synthetic_v1,0,0,0,0,0,0,0,1
मेरे ऑर्डर से OkDam ऑर्डर रद्द करें,benign,benign,hi,h2,heading,[TAG=h2] [ROLE=heading] मेरे ऑर्डर से OkDam ऑर्डर रद्द करें,benign:hi:68,synthetic_v1,0,0,0,0,0,0,0,1
Compare face wash prices on Salesberry,benign,benign,en,span,label,[TAG=span] [ROLE=label] Compare face wash prices on Salesberry,benign:en:74,synthetic_v1,0,0,0,0,0,0,0,1
HamroBazar रिटर्न नीति: 4 दिन,benign,benign,hi,label,form,[TAG=label] [ROLE=form] HamroBazar रिटर्न नीति: 4 दिन,benign:hi:65,synthetic_v1,0,0,0,0,0,0,0,1
Delivery to Butwal in 2 days,benign,benign,en,label,form,[TAG=label] [ROLE=form] Delivery to Butwal in 2 days,benign:en:64,synthetic_v1,0,0,0,0,0,0,0,1
Add laptop bag to cart,benign,benign,en,button,cta,[TAG=button] [ROLE=cta] Add laptop bag to cart,benign:en:00,synthetic_v1,0,0,0,0,0,0,0,1
35% off backpack at Gyapu,benign,benign,en,span,label,[TAG=span] [ROLE=label] 35% off backpack at Gyapu,benign:en:71,synthetic_v1,0,0,0,0,0,0,0,1
84 जनाले फर्मल सर्ट मूल्याङ्कन गरे,benign,benign,ne,p,body,[TAG=p] [ROLE=body] 84 जनाले फर्मल सर्ट मूल्याङ्कन गरे,benign:ne:67,synthetic_v1,0,0,0,0,0,0,0,1
डेनिम जिन्स मा रु. 449 बाट EMI,benign,benign,ne,a,nav,[TAG=a] [ROLE=nav] डेनिम जिन्स मा रु. 449 बाट EMI,benign:ne:74,synthetic_v1,0,0,0,0,0,0,0,1
"विराटनगर मा स्टकमा, 10 दिनमा पठाइन्छ",benign,benign,ne,span,label,"[TAG=span] [ROLE=label] विराटनगर मा स्टकमा, 10 दिनमा पठाइन्छ",benign:ne:76,synthetic_v1,0,0,0,0,0,0,0,1
SastoDeal मा ब्याकप्याक — रु. 49,benign,benign,ne,span,label,[TAG=span] [ROLE=label] SastoDeal मा ब्याकप्याक — रु. 49,benign:ne:62,synthetic_v1,0,0,0,0,0,0,0,1
"बिक्रेता: दीपेश ट्रेडर्स, दमक",benign,benign,ne,label,form,"[TAG=label] [ROLE=form] बिक्रेता: दीपेश ट्रेडर्स, दमक",benign:ne:48,synthetic_v1,0,0,0,0,0,0,0,1
"sports sandals — 1,765 reviews, Delhi warehouse",benign,benign,en,li,nav,"[TAG=li] [ROLE=nav] sports sandals — 1,765 reviews, Delhi warehouse",benign:en:73,synthetic_v1,0,0,0,0,0,0,0,1
"5,872 जनाले पावर ब्यांक मूल्याङ्कन गरे",benign,benign,ne,li,nav,"[TAG=li] [ROLE=nav] 5,872 जनाले पावर ब्यांक मूल्याङ्कन गरे",benign:ne:67,synthetic_v1,0,0,0,0,0,0,0,1
"रनिङ जुत्ता — 288 समीक्षा, जनकपुर गोदाम",benign,benign,ne,p,body,"[TAG=p] [ROLE=body] रनिङ जुत्ता — 288 समीक्षा, जनकपुर गोदाम",benign:ne:72,synthetic_v1,0,0,0,0,0,0,0,1
Delivery to Patna in 14 days,benign,benign,en,h2,heading,[TAG=h2] [ROLE=heading] Delivery to Patna in 14 days,benign:en:64,synthetic_v1,0,0,0,0,0,0,0,1
इंडक्शन चूल्हा की तुलना करें,benign,benign,hi,label,form,[TAG=label] [ROLE=form] इंडक्शन चूल्हा की तुलना करें,benign:hi:12,synthetic_v1,0,0,0,0,0,0,0,1
SastoDeal पर स्मार्टवॉच पर 5% छूट,benign,benign,hi,span,label,[TAG=span] [ROLE=label] SastoDeal पर स्मार्टवॉच पर 5% छूट,benign:hi:70,synthetic_v1,0,0,0,0,0,0,0,1
"दमक मा स्टकमा, 7 दिनमा पठाइन्छ",benign,benign,ne,label,form,"[TAG=label] [ROLE=form] दमक मा स्टकमा, 7 दिनमा पठाइन्छ",benign:ne:76,synthetic_v1,0,0,0,0,0,0,0,1
"Seller: Arjun Traders, Pokhara",benign,benign,en,a,nav,"[TAG=a] [ROLE=nav] Seller: Arjun Traders, Pokhara",benign:en:49,synthetic_v1,0,0,0,0,0,0,0,1
Search rice cooker on Salesberry,benign,benign,en,p,body,[TAG=p] [ROLE=body] Search rice cooker on Salesberry,benign:en:67,synthetic_v1,0,0,0,0,0,0,0,1
Search power bank on Thulo,benign,benign,en,button,cta,[TAG=button] [ROLE=cta] Search power bank on Thulo,benign:en:67,synthetic_v1,0,0,0,0,0,0,0,1
Compare phone case prices on Reliance Digital,benign,benign,en,a,nav,[TAG=a] [ROLE=nav] Compare phone case prices on Reliance Digital,benign:en:74,synthetic_v1,0,0,0,0,0,0,0,1
ढुवानी शुल्क: रु. 199 (भुक्तानी अघि देखिने),benign,benign,ne,a,nav,[TAG=a] [ROLE=nav] ढुवानी शुल्क: रु. 199 (भुक्तानी अघि देखिने),benign:ne:43,synthetic_v1,0,0,0,0,0,0,0,1
"9,118 थान बिक्री भयो",benign,benign,ne,p,body,"[TAG=p] [ROLE=body] 9,118 थान बिक्री भयो",benign:ne:47,synthetic_v1,0,0,0,0,0,0,0,1
84 लोगों ने स्मार्टवॉच को रेट किया,benign,benign,hi,span,label,[TAG=span] [ROLE=label] 84 लोगों ने स्मार्टवॉच को रेट किया,benign:hi:67,synthetic_v1,0,0,0,0,0,0,0,1
Blinkit रिटर्न नीति: 9 दिन,benign,benign,hi,a,nav,[TAG=a] [ROLE=nav] Blinkit रिटर्न नीति: 9 दिन,benign:hi:65,synthetic_v1,0,0,0,0,0,0,0,1
Kinbech पर स्मार्टवॉच खोजें,benign,benign,hi,button,cta,[TAG=button] [ROLE=cta] Kinbech पर स्मार्टवॉच खोजें,benign:hi:66,synthetic_v1,0,0,0,0,0,0,0,1
"आगरा में स्टॉक में, 7 दिन में शिप",benign,benign,hi,li,nav,"[TAG=li] [ROLE=nav] आगरा में स्टॉक में, 7 दिन में शिप",benign:hi:76,synthetic_v1,0,0,0,0,0,0,0,1
"विक्रेता: दीपेश स्टोर, सूरत",benign,benign,hi,p,body,"[TAG=p] [ROLE=body] विक्रेता: दीपेश स्टोर, सूरत",benign:hi:64,synthetic_v1,0,0,0,0,0,0,0,1
Exchange offer up to Rs. 499,benign,benign,en,span,label,[TAG=span] [ROLE=label] Exchange offer up to Rs. 499,benign:en:35,synthetic_v1,0,0,0,0,0,0,0,1
स्टडी लाइट कार्टमा राख्नुहोस्,benign,benign,ne,button,cta,[TAG=button] [ROLE=cta] स्टडी लाइट कार्टमा राख्नुहोस्,benign:ne:00,synthetic_v1,0,0,0,0,0,0,0,1
Nykaa पर हेयर ड्रायर — रु. 299,benign,benign,hi,a,nav,[TAG=a] [ROLE=nav] Nykaa पर हेयर ड्रायर — रु. 299,benign:hi:62,synthetic_v1,0,0,0,0,0,0,0,1
Delivery to Lalitpur in 5 days,benign,benign,en,button,cta,[TAG=button] [ROLE=cta] Delivery to Lalitpur in 5 days,benign:en:64,synthetic_v1,0,0,0,0,0,0,0,1
Zepto पर कॉटन कुर्ता — रु. 149,benign,benign,hi,button,cta,[TAG=button] [ROLE=cta] Zepto पर कॉटन कुर्ता — रु. 149,benign:hi:62,synthetic_v1,0,0,0,0,0,0,0,1
"Sold by Manish Store, Chitwan",benign,benign,en,span,label,"[TAG=span] [ROLE=label] Sold by Manish Store, Chitwan",benign:en:65,synthetic_v1,0,0,0,0,0,0,0,1
"विक्रेता: सुमन ट्रेडर्स, रांची",benign,benign,hi,h2,heading,"[TAG=h2] [ROLE=heading] विक्रेता: सुमन ट्रेडर्स, रांची",benign:hi:48,synthetic_v1,0,0,0,0,0,0,0,1
Meesho फिर्ता नीति: 7 दिन,benign,benign,ne,h2,heading,[TAG=h2] [ROLE=heading] Meesho फिर्ता नीति: 7 दिन,benign:ne:65,synthetic_v1,0,0,0,0,0,0,0,1
Shipping to Jaipur: Rs. 399,benign,benign,en,a,nav,[TAG=a] [ROLE=nav] Shipping to Jaipur: Rs. 399,benign:en:72,synthetic_v1,0,0,0,0,0,0,0,1
सभी रनिंग शूज़ देखें,benign,benign,hi,button,cta,[TAG=button] [ROLE=cta] सभी रनिंग शूज़ देखें,benign:hi:20,synthetic_v1,0,0,0,0,0,0,0,1
"मूल्य: रु. 1,199",benign,benign,ne,li,nav,"[TAG=li] [ROLE=nav] मूल्य: रु. 1,199",benign:ne:45,synthetic_v1,0,0,0,0,0,0,0,1
Meesho ग्राहक सेवा: हाम्रो WhatsApp नम्बर,benign,benign,ne,a,nav,[TAG=a] [ROLE=nav] Meesho ग्राहक सेवा: हाम्रो WhatsApp नम्बर,benign:ne:75,synthetic_v1,0,0,0,0,0,0,0,1
Delivery to Indore in 2 days,benign,benign,en,a,nav,[TAG=a] [ROLE=nav] Delivery to Indore in 2 days,benign:en:64,synthetic_v1,0,0,0,0,0,0,0,1
Meesho पर गेमिंग माउस की कीमतों की तुलना करें,benign,benign,hi,p,body,[TAG=p] [ROLE=body] Meesho पर गेमिंग माउस की कीमतों की तुलना करें,benign:hi:73,synthetic_v1,0,0,0,0,0,0,0,1
Daraz ग्राहक सेवा: हाम्रो WhatsApp नम्बर,benign,benign,ne,li,nav,[TAG=li] [ROLE=nav] Daraz ग्राहक सेवा: हाम्रो WhatsApp नम्बर,benign:ne:75,synthetic_v1,0,0,0,0,0,0,0,1
Flipkart पर योगा मैट खोजें,benign,benign,hi,span,label,[TAG=span] [ROLE=label] Flipkart पर योगा मैट खोजें,benign:hi:66,synthetic_v1,0,0,0,0,0,0,0,1
"स्टडी लाइट — रु. 1,499",benign,benign,ne,h2,heading,"[TAG=h2] [ROLE=heading] स्टडी लाइट — रु. 1,499",benign:ne:46,synthetic_v1,0,0,0,0,0,0,0,1
"EMI from Rs. 1,999 on bluetooth speaker",benign,benign,en,span,label,"[TAG=span] [ROLE=label] EMI from Rs. 1,999 on bluetooth speaker",benign:en:75,synthetic_v1,0,0,0,0,0,0,0,1
"14,860 प्रमाणित समीक्षा",benign,benign,ne,a,nav,"[TAG=a] [ROLE=nav] 14,860 प्रमाणित समीक्षा",benign:ne:23,synthetic_v1,0,0,0,0,0,0,0,1
फोन कभर — रु. 149,benign,benign,ne,button,cta,[TAG=button] [ROLE=cta] फोन कभर — रु. 149,benign:ne:46,synthetic_v1,0,0,0,0,0,0,0,1
Meesho पर स्मार्टवॉच की कीमतों की तुलना करें,benign,benign,hi,span,label,[TAG=span] [ROLE=label] Meesho पर स्मार्टवॉच की कीमतों की तुलना करें,benign:hi:73,synthetic_v1,0,0,0,0,0,0,0,1
Customer reviews (203),benign,benign,en,p,body,[TAG=p] [ROLE=body] Customer reviews (203),benign:en:03,synthetic_v1,0,0,0,0,0,0,0,1
"11,204 सत्यापित समीक्षाएँ",benign,benign,hi,li,nav,"[TAG=li] [ROLE=nav] 11,204 सत्यापित समीक्षाएँ",benign:hi:23,synthetic_v1,0,0,0,0,0,0,0,1
FirstCry customer care: our support line,benign,benign,en,a,nav,[TAG=a] [ROLE=nav] FirstCry customer care: our support line,benign:en:76,synthetic_v1,0,0,0,0,0,0,0,1
induction cooktop at Reliance Digital — Rs. 799,benign,benign,en,label,form,[TAG=label] [ROLE=form] induction cooktop at Reliance Digital — Rs. 799,benign:en:63,synthetic_v1,0,0,0,0,0,0,0,1
Pepperfry मा राइस कुकर मा 20% छुट,benign,benign,ne,p,body,[TAG=p] [ROLE=body] Pepperfry मा राइस कुकर मा 20% छुट,benign:ne:70,synthetic_v1,0,0,0,0,0,0,0,1
धनगढी ढुवानी: रु. 799,benign,benign,ne,h2,heading,[TAG=h2] [ROLE=heading] धनगढी ढुवानी: रु. 799,benign:ne:71,synthetic_v1,0,0,0,0,0,0,0,1
कफी मेकर मा रु. 99 बाट EMI,benign,benign,ne,li,nav,[TAG=li] [ROLE=nav] कफी मेकर मा रु. 99 बाट EMI,benign:ne:74,synthetic_v1,0,0,0,0,0,0,0,1
स्कुल ब्याग मा रु. 449 बाट EMI,benign,benign,ne,label,form,[TAG=label] [ROLE=form] स्कुल ब्याग मा रु. 449 बाट EMI,benign:ne:74,synthetic_v1,0,0,0,0,0,0,0,1
Zepto ग्राहक सेवा: कॉल सेंटर,benign,benign,hi,label,form,[TAG=label] [ROLE=form] Zepto ग्राहक सेवा: कॉल सेंटर,benign:hi:75,synthetic_v1,0,0,0,0,0,0,0,1
"1,765 लोगों ने स्कूल बैग को रेट किया",benign,benign,hi,p,body,"[TAG=p] [ROLE=body] 1,765 लोगों ने स्कूल बैग को रेट किया",benign:hi:67,synthetic_v1,0,0,0,0,0,0,0,1
ब्याकप्याक मा रु. 299 बाट EMI,benign,benign,ne,p,body,[TAG=p] [ROLE=body] ब्याकप्याक मा रु. 299 बाट EMI,benign:ne:74,synthetic_v1,0,0,0,0,0,0,0,1
EMI from Rs. 349 on coffee maker,benign,benign,en,button,cta,[TAG=button] [ROLE=cta] EMI from Rs. 349 on coffee maker,benign:en:75,synthetic_v1,0,0,0,0,0,0,0,1
Estimated delivery: 2 days,benign,benign,en,span,label,[TAG=span] [ROLE=label] Estimated delivery: 2 days,benign:en:24,synthetic_v1,0,0,0,0,0,0,0,1
हेयर ड्रायर मा रु. 449 बाट EMI,benign,benign,ne,a,nav,[TAG=a] [ROLE=nav] हेयर ड्रायर मा रु. 449 बाट EMI,benign:ne:74,synthetic_v1,0,0,0,0,0,0,0,1
ब्याकप्याक — रु. 399,benign,benign,ne,span,label,[TAG=span] [ROLE=label] ब्याकप्याक — रु. 399,benign:ne:46,synthetic_v1,0,0,0,0,0,0,0,1
Delivery to Indore in 14 days,benign,benign,en,span,label,[TAG=span] [ROLE=label] Delivery to Indore in 14 days,benign:en:64,synthetic_v1,0,0,0,0,0,0,0,1
school bag at JioMart — Rs. 999,benign,benign,en,a,nav,[TAG=a] [ROLE=nav] school bag at JioMart — Rs. 999,benign:en:63,synthetic_v1,0,0,0,0,0,0,0,1
70% off protein powder at Myntra,benign,benign,en,span,label,[TAG=span] [ROLE=label] 70% off protein powder at Myntra,benign:en:71,synthetic_v1,0,0,0,0,0,0,0,1
"Shipping fee: Rs. 1,199 (shown before payment)",benign,benign,en,button,cta,"[TAG=button] [ROLE=cta] Shipping fee: Rs. 1,199 (shown before payment)",benign:en:43,synthetic_v1,0,0,0,0,0,0,0,1
"नेपालगन्ज मा स्टकमा, 5 दिनमा पठाइन्छ",benign,benign,ne,a,nav,"[TAG=a] [ROLE=nav] नेपालगन्ज मा स्टकमा, 5 दिनमा पठाइन्छ",benign:ne:76,synthetic_v1,0,0,0,0,0,0,0,1
"ट्रेकिङ ज्याकेट — 812 समीक्षा, पोखरा गोदाम",benign,benign,ne,h2,heading,"[TAG=h2] [ROLE=heading] ट्रेकिङ ज्याकेट — 812 समीक्षा, पोखरा गोदाम",benign:ne:72,synthetic_v1,0,0,0,0,0,0,0,1
घामको चस्मा — रु. 799,benign,benign,ne,label,form,[TAG=label] [ROLE=form] घामको चस्मा — रु. 799,benign:ne:46,synthetic_v1,0,0,0,0,0,0,0,1
रिफन्ड नीति: 2 कार्य दिनमा रिफन्ड,benign,benign,ne,span,label,[TAG=span] [ROLE=label] रिफन्ड नीति: 2 कार्य दिनमा रिफन्ड,benign:ne:59,synthetic_v1,0,0,0,0,0,0,0,1
इंदौर में 5 दिन में डिलीवरी,benign,benign,hi,label,form,[TAG=label] [ROLE=form] इंदौर में 5 दिन में डिलीवरी,benign:hi:63,synthetic_v1,0,0,0,0,0,0,0,1
Reliance Digital पर इंडक्शन चूल्हा खोजें,benign,benign,hi,button,cta,[TAG=button] [ROLE=cta] Reliance Digital पर इंडक्शन चूल्हा खोजें,benign:hi:66,synthetic_v1,0,0,0,0,0,0,0,1
Tata Cliq मा पानीको बोतल मा 10% छुट,benign,benign,ne,p,body,[TAG=p] [ROLE=body] Tata Cliq मा पानीको बोतल मा 10% छुट,benign:ne:70,synthetic_v1,0,0,0,0,0,0,0,1
Exchange offer up to Rs. 399,benign,benign,en,a,nav,[TAG=a] [ROLE=nav] Exchange offer up to Rs. 399,benign:en:35,synthetic_v1,0,0,0,0,0,0,0,1
मेरे ऑर्डर से BigBasket ऑर्डर रद्द करें,benign,benign,hi,li,nav,[TAG=li] [ROLE=nav] मेरे ऑर्डर से BigBasket ऑर्डर रद्द करें,benign:hi:68,synthetic_v1,0,0,0,0,0,0,0,1
"4,265 सत्यापित समीक्षाएँ",benign,benign,hi,p,body,"[TAG=p] [ROLE=body] 4,265 सत्यापित समीक्षाएँ",benign:hi:23,synthetic_v1,0,0,0,0,0,0,0,1
बेंगलुरु में कैश ऑन डिलीवरी उपलब्ध,benign,benign,hi,h2,heading,[TAG=h2] [ROLE=heading] बेंगलुरु में कैश ऑन डिलीवरी उपलब्ध,benign:hi:09,synthetic_v1,0,0,0,0,0,0,0,1
EMI from Rs. 999 on phone case,benign,benign,en,h2,heading,[TAG=h2] [ROLE=heading] EMI from Rs. 999 on phone case,benign:en:75,synthetic_v1,0,0,0,0,0,0,0,1
Nykaa मा अफिस कुर्सी — रु. 399,benign,benign,ne,p,body,[TAG=p] [ROLE=body] Nykaa मा अफिस कुर्सी — रु. 399,benign:ne:62,synthetic_v1,0,0,0,0,0,0,0,1
मेरो अर्डरबाट JioMart अर्डर रद्द गर्नुहोस्,benign,benign,ne,button,cta,[TAG=button] [ROLE=cta] मेरो अर्डरबाट JioMart अर्डर रद्द गर्नुहोस्,benign:ne:68,synthetic_v1,0,0,0,0,0,0,0,1
Amazon पर ट्रेकिंग जैकेट पर 15% छूट,benign,benign,hi,p,body,[TAG=p] [ROLE=body] Amazon पर ट्रेकिंग जैकेट पर 15% छूट,benign:hi:70,synthetic_v1,0,0,0,0,0,0,0,1
Meesho मा ब्लुटुथ स्पिकर मा 10% छुट,benign,benign,ne,button,cta,[TAG=button] [ROLE=cta] Meesho मा ब्लुटुथ स्पिकर मा 10% छुट,benign:ne:70,synthetic_v1,0,0,0,0,0,0,0,1
"In stock in Kathmandu, ships in 3 days",benign,benign,en,a,nav,"[TAG=a] [ROLE=nav] In stock in Kathmandu, ships in 3 days",benign:en:77,synthetic_v1,0,0,0,0,0,0,0,1
योगा मैट पर रु. 99 से EMI,benign,benign,hi,li,nav,[TAG=li] [ROLE=nav] योगा मैट पर रु. 99 से EMI,benign:hi:74,synthetic_v1,0,0,0,0,0,0,0,1
विराटनगर ढुवानी: रु. 449,benign,benign,ne,a,nav,[TAG=a] [ROLE=nav] विराटनगर ढुवानी: रु. 449,benign:ne:71,synthetic_v1,0,0,0,0,0,0,0,1
"Sold by Rekha Store, Mumbai",benign,benign,en,label,form,"[TAG=label] [ROLE=form] Sold by Rekha Store, Mumbai",benign:en:65,synthetic_v1,0,0,0,0,0,0,0,1
Blinkit customer care: our email desk,benign,benign,en,h2,heading,[TAG=h2] [ROLE=heading] Blinkit customer care: our email desk,benign:en:76,synthetic_v1,0,0,0,0,0,0,0,1
सूरत शिपिंग: रु. 299,benign,benign,hi,li,nav,[TAG=li] [ROLE=nav] सूरत शिपिंग: रु. 299,benign:hi:71,synthetic_v1,0,0,0,0,0,0,0,1
Compare coffee maker prices on OkDam,benign,benign,en,h2,heading,[TAG=h2] [ROLE=heading] Compare coffee maker prices on OkDam,benign:en:74,synthetic_v1,0,0,0,0,0,0,0,1
"In stock in Patna, ships in 5 days",benign,benign,en,button,cta,"[TAG=button] [ROLE=cta] In stock in Patna, ships in 5 days",benign:en:77,synthetic_v1,0,0,0,0,0,0,0,1
स्कूल बैग के लिए साइज़ गाइड,benign,benign,hi,label,form,[TAG=label] [ROLE=form] स्कूल बैग के लिए साइज़ गाइड,benign:hi:05,synthetic_v1,0,0,0,0,0,0,0,1
ब्लूटूथ स्पीकर — रु. 249,benign,benign,hi,label,form,[TAG=label] [ROLE=form] ब्लूटूथ स्पीकर — रु. 249,benign:hi:46,synthetic_v1,0,0,0,0,0,0,0,1
ब्लुटुथ स्पिकर मा रु. 499 बाट EMI,benign,benign,ne,a,nav,[TAG=a] [ROLE=nav] ब्लुटुथ स्पिकर मा रु. 499 बाट EMI,benign:ne:74,synthetic_v1,0,0,0,0,0,0,0,1
247 थान बिक्री भयो,benign,benign,ne,li,nav,[TAG=li] [ROLE=nav] 247 थान बिक्री भयो,benign:ne:47,synthetic_v1,0,0,0,0,0,0,0,1
"रु. 1,499 सम्म एक्सचेन्ज अफर",benign,benign,ne,span,label,"[TAG=span] [ROLE=label] रु. 1,499 सम्म एक्सचेन्ज अफर",benign:ne:35,synthetic_v1,0,0,0,0,0,0,0,1
मेरे ऑर्डर से Blinkit ऑर्डर रद्द करें,benign,benign,hi,h2,heading,[TAG=h2] [ROLE=heading] मेरे ऑर्डर से Blinkit ऑर्डर रद्द करें,benign:hi:68,synthetic_v1,0,0,0,0,0,0,0,1
"In stock in Pune, ships in 4 days",benign,benign,en,span,label,"[TAG=span] [ROLE=label] In stock in Pune, ships in 4 days",benign:en:77,synthetic_v1,0,0,0,0,0,0,0,1
"बिक्रेता: विकास ट्रेडर्स, चितवन",benign,benign,ne,p,body,"[TAG=p] [ROLE=body] बिक्रेता: विकास ट्रेडर्स, चितवन",benign:ne:48,synthetic_v1,0,0,0,0,0,0,0,1
Blinkit पर इलेक्ट्रिक केटल खोजें,benign,benign,hi,p,body,[TAG=p] [ROLE=body] Blinkit पर इलेक्ट्रिक केटल खोजें,benign:hi:66,synthetic_v1,0,0,0,0,0,0,0,1
बैकपैक कार्ट में जोड़ें,benign,benign,hi,h2,heading,[TAG=h2] [ROLE=heading] बैकपैक कार्ट में जोड़ें,benign:hi:00,synthetic_v1,0,0,0,0,0,0,0,1
"विक्रेता: विकास स्टोर, बेंगलुरु",benign,benign,hi,h2,heading,"[TAG=h2] [ROLE=heading] विक्रेता: विकास स्टोर, बेंगलुरु",benign:hi:64,synthetic_v1,0,0,0,0,0,0,0,1
60% off sports sandals at Amazon,benign,benign,en,li,nav,[TAG=li] [ROLE=nav] 60% off sports sandals at Amazon,benign:en:71,synthetic_v1,0,0,0,0,0,0,0,1
फेस वॉश खोजें,benign,benign,hi,button,cta,[TAG=button] [ROLE=cta] फेस वॉश खोजें,benign:hi:14,synthetic_v1,0,0,0,0,0,0,0,1
"9,118 people rated face wash",benign,benign,en,label,form,"[TAG=label] [ROLE=form] 9,118 people rated face wash",benign:en:68,synthetic_v1,0,0,0,0,0,0,0,1
"Shipping to Butwal: Rs. 1,199",benign,benign,en,label,form,"[TAG=label] [ROLE=form] Shipping to Butwal: Rs. 1,199",benign:en:72,synthetic_v1,0,0,0,0,0,0,0,1
स्पोर्ट्स चप्पल तुलना गर्नुहोस्,benign,benign,ne,h2,heading,[TAG=h2] [ROLE=heading] स्पोर्ट्स चप्पल तुलना गर्नुहोस्,benign:ne:12,synthetic_v1,0,0,0,0,0,0,0,1
Search face wash on Ajio,benign,benign,en,label,form,[TAG=label] [ROLE=form] Search face wash on Ajio,benign:en:67,synthetic_v1,0,0,0,0,0,0,0,1
Customer reviews (701),benign,benign,en,span,label,[TAG=span] [ROLE=label] Customer reviews (701),benign:en:03,synthetic_v1,0,0,0,0,0,0,0,1
Snapdeal ग्राहक सेवा: हाम्रो इमेल डेस्क,benign,benign,ne,a,nav,[TAG=a] [ROLE=nav] Snapdeal ग्राहक सेवा: हाम्रो इमेल डेस्क,benign:ne:75,synthetic_v1,0,0,0,0,0,0,0,1
Flipkart return policy: 3 days,benign,benign,en,button,cta,[TAG=button] [ROLE=cta] Flipkart return policy: 3 days,benign:en:66,synthetic_v1,0,0,0,0,0,0,0,1
लैपटॉप बैग खोजें,benign,benign,hi,button,cta,[TAG=button] [ROLE=cta] लैपटॉप बैग खोजें,benign:hi:14,synthetic_v1,0,0,0,0,0,0,0,1
Salesberry फिर्ता नीति: 2 दिन,benign,benign,ne,label,form,[TAG=label] [ROLE=form] Salesberry फिर्ता नीति: 2 दिन,benign:ne:65,synthetic_v1,0,0,0,0,0,0,0,1
"21,507 verified reviews",benign,benign,en,p,body,"[TAG=p] [ROLE=body] 21,507 verified reviews",benign:en:23,synthetic_v1,0,0,0,0,0,0,0,1
10% off rice cooker at Zepto,benign,benign,en,span,label,[TAG=span] [ROLE=label] 10% off rice cooker at Zepto,benign:en:71,synthetic_v1,0,0,0,0,0,0,0,1
Tata Cliq customer care: our helpline,benign,benign,en,a,nav,[TAG=a] [ROLE=nav] Tata Cliq customer care: our helpline,benign:en:76,synthetic_v1,0,0,0,0,0,0,0,1
Myntra ग्राहक सेवा: हाम्रो हेल्पलाइन,benign,benign,ne,button,cta,[TAG=button] [ROLE=cta] Myntra ग्राहक सेवा: हाम्रो हेल्पलाइन,benign:ne:75,synthetic_v1,0,0,0,0,0,0,0,1
"Seller: Nabin Traders, Patna",benign,benign,en,h2,heading,"[TAG=h2] [ROLE=heading] Seller: Nabin Traders, Patna",benign:en:49,synthetic_v1,0,0,0,0,0,0,0,1
backpack — Rs. 349,benign,benign,en,h2,heading,[TAG=h2] [ROLE=heading] backpack — Rs. 349,benign:en:46,synthetic_v1,0,0,0,0,0,0,0,1
Compare study lamp prices on Amazon,benign,benign,en,span,label,[TAG=span] [ROLE=label] Compare study lamp prices on Amazon,benign:en:74,synthetic_v1,0,0,0,0,0,0,0,1
Muncha पर रनिंग शूज़ की कीमतों की तुलना करें,benign,benign,hi,p,body,[TAG=p] [ROLE=body] Muncha पर रनिंग शूज़ की कीमतों की तुलना करें,benign:hi:73,synthetic_v1,0,0,0,0,0,0,0,1
"बिक्रेता: सीता स्टोर, धनगढी",benign,benign,ne,button,cta,"[TAG=button] [ROLE=cta] बिक्रेता: सीता स्टोर, धनगढी",benign:ne:64,synthetic_v1,0,0,0,0,0,0,0,1
"Salesberry पर स्टडी लैंप — रु. 1,999",benign,benign,hi,button,cta,"[TAG=button] [ROLE=cta] Salesberry पर स्टडी लैंप — रु. 1,999",benign:hi:62,synthetic_v1,0,0,0,0,0,0,0,1
Muncha return policy: 2 days,benign,benign,en,li,nav,[TAG=li] [ROLE=nav] Muncha return policy: 2 days,benign:en:66,synthetic_v1,0,0,0,0,0,0,0,1
Tata Cliq ग्राहक सेवा: हाम्रो Viber सपोर्ट,benign,benign,ne,h2,heading,[TAG=h2] [ROLE=heading] Tata Cliq ग्राहक सेवा: हाम्रो Viber सपोर्ट,benign:ne:75,synthetic_v1,0,0,0,0,0,0,0,1
"विक्रेता: संजय स्टोर, पुणे",benign,benign,hi,button,cta,"[TAG=button] [ROLE=cta] विक्रेता: संजय स्टोर, पुणे",benign:hi:64,synthetic_v1,0,0,0,0,0,0,0,1
367 प्रमाणित समीक्षा,benign,benign,ne,p,body,[TAG=p] [ROLE=body] 367 प्रमाणित समीक्षा,benign:ne:23,synthetic_v1,0,0,0,0,0,0,0,1
Return within 7 days,benign,benign,en,h2,heading,[TAG=h2] [ROLE=heading] Return within 7 days,benign:en:04,synthetic_v1,0,0,0,0,0,0,0,1
Continue shopping,benign,benign,en,h2,heading,[TAG=h2] [ROLE=heading] Continue shopping,benign:en:55,synthetic_v1,0,0,0,0,0,0,0,1
रनिङ जुत्ता मा रु. 349 बाट EMI,benign,benign,ne,a,nav,[TAG=a] [ROLE=nav] रनिङ जुत्ता मा रु. 349 बाट EMI,benign:ne:74,synthetic_v1,0,0,0,0,0,0,0,1
Add yoga mat to cart,benign,benign,en,label,form,[TAG=label] [ROLE=form] Add yoga mat to cart,benign:en:00,synthetic_v1,0,0,0,0,0,0,0,1
"In stock in Pokhara, ships in 10 days",benign,benign,en,li,nav,"[TAG=li] [ROLE=nav] In stock in Pokhara, ships in 10 days",benign:en:77,synthetic_v1,0,0,0,0,0,0,0,1
रांची में 2 दिन में डिलीवरी,benign,benign,hi,a,nav,[TAG=a] [ROLE=nav] रांची में 2 दिन में डिलीवरी,benign:hi:63,synthetic_v1,0,0,0,0,0,0,0,1
अहमदाबाद में 10 दिन में डिलीवरी,benign,benign,hi,h2,heading,[TAG=h2] [ROLE=heading] अहमदाबाद में 10 दिन में डिलीवरी,benign:hi:63,synthetic_v1,0,0,0,0,0,0,0,1
Size guide for laptop bag,benign,benign,en,span,label,[TAG=span] [ROLE=label] Size guide for laptop bag,benign:en:05,synthetic_v1,0,0,0,0,0,0,0,1
"study lamp at Thulo — Rs. 2,499",benign,benign,en,label,form,"[TAG=label] [ROLE=form] study lamp at Thulo — Rs. 2,499",benign:en:63,synthetic_v1,0,0,0,0,0,0,0,1
Muncha ग्राहक सेवा: कॉल सेंटर,benign,benign,hi,span,label,[TAG=span] [ROLE=label] Muncha ग्राहक सेवा: कॉल सेंटर,benign:hi:75,synthetic_v1,0,0,0,0,0,0,0,1
"इटहरी मा स्टकमा, 5 दिनमा पठाइन्छ",benign,benign,ne,li,nav,"[TAG=li] [ROLE=nav] इटहरी मा स्टकमा, 5 दिनमा पठाइन्छ",benign:ne:76,synthetic_v1,0,0,0,0,0,0,0,1
रु. 699 माथिको अर्डरमा निःशुल्क ढुवानी,benign,benign,ne,li,nav,[TAG=li] [ROLE=nav] रु. 699 माथिको अर्डरमा निःशुल्क ढुवानी,benign:ne:01,synthetic_v1,0,0,0,0,0,0,0,1
"कानपुर में स्टॉक में, 4 दिन में शिप",benign,benign,hi,p,body,"[TAG=p] [ROLE=body] कानपुर में स्टॉक में, 4 दिन में शिप",benign:hi:76,synthetic_v1,0,0,0,0,0,0,0,1
60% off coffee maker at Gyapu,benign,benign,en,button,cta,[TAG=button] [ROLE=cta] 60% off coffee maker at Gyapu,benign:en:71,synthetic_v1,0,0,0,0,0,0,0,1
35% छूट,benign,benign,hi,p,body,[TAG=p] [ROLE=body] 35% छूट,benign:hi:10,synthetic_v1,0,0,0,0,0,0,0,1
Muncha फिर्ता नीति: 4 दिन,benign,benign,ne,p,body,[TAG=p] [ROLE=body] Muncha फिर्ता नीति: 4 दिन,benign:ne:65,synthetic_v1,0,0,0,0,0,0,0,1
Compare face wash prices on Daraz,benign,benign,en,span,label,[TAG=span] [ROLE=label] Compare face wash prices on Daraz,benign:en:74,synthetic_v1,0,0,0,0,0,0,0,1
"In stock in Lalitpur, ships in 3 days",benign,benign,en,span,label,"[TAG=span] [ROLE=label] In stock in Lalitpur, ships in 3 days",benign:en:77,synthetic_v1,0,0,0,0,0,0,0,1
wireless earbuds at Gyapu — Rs. 49,benign,benign,en,a,nav,[TAG=a] [ROLE=nav] wireless earbuds at Gyapu — Rs. 49,benign:en:63,synthetic_v1,0,0,0,0,0,0,0,1
578 लोगों ने बैकपैक को रेट किया,benign,benign,hi,h2,heading,[TAG=h2] [ROLE=heading] 578 लोगों ने बैकपैक को रेट किया,benign:hi:67,synthetic_v1,0,0,0,0,0,0,0,1
वायरलेस ईयरबड्स कार्ट में जोड़ें,benign,benign,hi,a,nav,[TAG=a] [ROLE=nav] वायरलेस ईयरबड्स कार्ट में जोड़ें,benign:hi:00,synthetic_v1,0,0,0,0,0,0,0,1
Warranty: 3 year,benign,benign,en,a,nav,[TAG=a] [ROLE=nav] Warranty: 3 year,benign:en:36,synthetic_v1,0,0,0,0,0,0,0,1
"गोरखा मा स्टकमा, 10 दिनमा पठाइन्छ",benign,benign,ne,h2,heading,"[TAG=h2] [ROLE=heading] गोरखा मा स्टकमा, 10 दिनमा पठाइन्छ",benign:ne:76,synthetic_v1,0,0,0,0,0,0,0,1
दिल्ली शिपिंग: रु. 99,benign,benign,hi,a,nav,[TAG=a] [ROLE=nav] दिल्ली शिपिंग: रु. 99,benign:hi:71,synthetic_v1,0,0,0,0,0,0,0,1
वीरगन्ज मा 14 दिनमा डेलिभरी,benign,benign,ne,p,body,[TAG=p] [ROLE=body] वीरगन्ज मा 14 दिनमा डेलिभरी,benign:ne:63,synthetic_v1,0,0,0,0,0,0,0,1
"रु. 2,999/महिनाबाट EMI विकल्प",benign,benign,ne,li,nav,"[TAG=li] [ROLE=nav] रु. 2,999/महिनाबाट EMI विकल्प",benign:ne:34,synthetic_v1,0,0,0,0,0,0,0,1
Ajio पर इंडक्शन चूल्हा — रु. 199,benign,benign,hi,h2,heading,[TAG=h2] [ROLE=heading] Ajio पर इंडक्शन चूल्हा — रु. 199,benign:hi:62,synthetic_v1,0,0,0,0,0,0,0,1
वीरगन्ज मा 4 दिनमा डेलिभरी,benign,benign,ne,a,nav,[TAG=a] [ROLE=nav] वीरगन्ज मा 4 दिनमा डेलिभरी,benign:ne:63,synthetic_v1,0,0,0,0,0,0,0,1
"बिक्रेता: निशा स्टोर, भक्तपुर",benign,benign,ne,button,cta,"[TAG=button] [ROLE=cta] बिक्रेता: निशा स्टोर, भक्तपुर",benign:ne:64,synthetic_v1,0,0,0,0,0,0,0,1
रनिंग शूज़ खोजें,benign,benign,hi,p,body,[TAG=p] [ROLE=body] रनिंग शूज़ खोजें,benign:hi:14,synthetic_v1,0,0,0,0,0,0,0,1
Amazon customer care: our Facebook page,benign,benign,en,a,nav,[TAG=a] [ROLE=nav] Amazon customer care: our Facebook page,benign:en:76,synthetic_v1,0,0,0,0,0,0,0,1
"Sold by Deepa Store, Patna",benign,benign,en,span,label,"[TAG=span] [ROLE=label] Sold by Deepa Store, Patna",benign:en:65,synthetic_v1,0,0,0,0,0,0,0,1
Search denim jeans on Muncha,benign,benign,en,a,nav,[TAG=a] [ROLE=nav] Search denim jeans on Muncha,benign:en:67,synthetic_v1,0,0,0,0,0,0,0,1
Nykaa पर योगा मैट — रु. 699,benign,benign,hi,h2,heading,[TAG=h2] [ROLE=heading] Nykaa पर योगा मैट — रु. 699,benign:hi:62,synthetic_v1,0,0,0,0,0,0,0,1
"JioMart पर डेनिम जींस — रु. 2,499",benign,benign,hi,p,body,"[TAG=p] [ROLE=body] JioMart पर डेनिम जींस — रु. 2,499",benign:hi:62,synthetic_v1,0,0,0,0,0,0,0,1
BigBasket मा कफी मेकर मा 80% छुट,benign,benign,ne,li,nav,[TAG=li] [ROLE=nav] BigBasket मा कफी मेकर मा 80% छुट,benign:ne:70,synthetic_v1,0,0,0,0,0,0,0,1
मेरे ऑर्डर से Gyapu ऑर्डर रद्द करें,benign,benign,hi,li,nav,[TAG=li] [ROLE=nav] मेरे ऑर्डर से Gyapu ऑर्डर रद्द करें,benign:hi:68,synthetic_v1,0,0,0,0,0,0,0,1
EMI from Rs. 49 on school bag,benign,benign,en,a,nav,[TAG=a] [ROLE=nav] EMI from Rs. 49 on school bag,benign:en:75,synthetic_v1,0,0,0,0,0,0,0,1
running shoes — Rs. 899,benign,benign,en,h2,heading,[TAG=h2] [ROLE=heading] running shoes — Rs. 899,benign:en:46,synthetic_v1,0,0,0,0,0,0,0,1
FirstCry मा फर्मल सर्ट खोज्नुहोस्,benign,benign,ne,p,body,[TAG=p] [ROLE=body] FirstCry मा फर्मल सर्ट खोज्नुहोस्,benign:ne:66,synthetic_v1,0,0,0,0,0,0,0,1
"running shoes — 63 reviews, Jaipur warehouse",benign,benign,en,span,label,"[TAG=span] [ROLE=label] running shoes — 63 reviews, Jaipur warehouse",benign:en:73,synthetic_v1,0,0,0,0,0,0,0,1
ढुवानी शुल्क: रु. 249 (भुक्तानी अघि देखिने),benign,benign,ne,p,body,[TAG=p] [ROLE=body] ढुवानी शुल्क: रु. 249 (भुक्तानी अघि देखिने),benign:ne:43,synthetic_v1,0,0,0,0,0,0,0,1
27 people rated phone case,benign,benign,en,span,label,[TAG=span] [ROLE=label] 27 people rated phone case,benign:en:68,synthetic_v1,0,0,0,0,0,0,0,1
Reliance Digital customer care: our email desk,benign,benign,en,a,nav,[TAG=a] [ROLE=nav] Reliance Digital customer care: our email desk,benign:en:76,synthetic_v1,0,0,0,0,0,0,0,1
288 सत्यापित समीक्षाएँ,benign,benign,hi,span,label,[TAG=span] [ROLE=label] 288 सत्यापित समीक्षाएँ,benign:hi:23,synthetic_v1,0,0,0,0,0,0,0,1
हेयर ड्रायर पर रु. 449 से EMI,benign,benign,hi,span,label,[TAG=span] [ROLE=label] हेयर ड्रायर पर रु. 449 से EMI,benign:hi:74,synthetic_v1,0,0,0,0,0,0,0,1
Reliance Digital return policy: 4 days,benign,benign,en,span,label,[TAG=span] [ROLE=label] Reliance Digital return policy: 4 days,benign:en:66,synthetic_v1,0,0,0,0,0,0,0,1
पटना में 3 दिन में डिलीवरी,benign,benign,hi,h2,heading,[TAG=h2] [ROLE=heading] पटना में 3 दिन में डिलीवरी,benign:hi:63,synthetic_v1,0,0,0,0,0,0,0,1
Myntra मा इन्डक्सन चुल्हो खोज्नुहोस्,benign,benign,ne,span,label,[TAG=span] [ROLE=label] Myntra मा इन्डक्सन चुल्हो खोज्नुहोस्,benign:ne:66,synthetic_v1,0,0,0,0,0,0,0,1
Snapdeal ग्राहक सेवा: हाम्रो Viber सपोर्ट,benign,benign,ne,li,nav,[TAG=li] [ROLE=nav] Snapdeal ग्राहक सेवा: हाम्रो Viber सपोर्ट,benign:ne:75,synthetic_v1,0,0,0,0,0,0,0,1
FirstCry रिटर्न नीति: 5 दिन,benign,benign,hi,label,form,[TAG=label] [ROLE=form] FirstCry रिटर्न नीति: 5 दिन,benign:hi:65,synthetic_v1,0,0,0,0,0,0,0,1
"In stock in Nepalgunj, ships in 14 days",benign,benign,en,p,body,"[TAG=p] [ROLE=body] In stock in Nepalgunj, ships in 14 days",benign:en:77,synthetic_v1,0,0,0,0,0,0,0,1
पुणे में डिलीवरी,benign,benign,hi,label,form,[TAG=label] [ROLE=form] पुणे में डिलीवरी,benign:hi:37,synthetic_v1,0,0,0,0,0,0,0,1
"Customer reviews (7,340)",benign,benign,en,label,form,"[TAG=label] [ROLE=form] Customer reviews (7,340)",benign:en:03,synthetic_v1,0,0,0,0,0,0,0,1
"कॉटन कुर्ता — 455 समीक्षाएँ, रांची गोदाम",benign,benign,hi,label,form,"[TAG=label] [ROLE=form] कॉटन कुर्ता — 455 समीक्षाएँ, रांची गोदाम",benign:hi:72,synthetic_v1,0,0,0,0,0,0,0,1
रु. 349 तक एक्सचेंज ऑफ़र,benign,benign,hi,p,body,[TAG=p] [ROLE=body] रु. 349 तक एक्सचेंज ऑफ़र,benign:hi:35,synthetic_v1,0,0,0,0,0,0,0,1
चंडीगढ़ में 4 दिन में डिलीवरी,benign,benign,hi,label,form,[TAG=label] [ROLE=form] चंडीगढ़ में 4 दिन में डिलीवरी,benign:hi:63,synthetic_v1,0,0,0,0,0,0,0,1
View all gaming mouse,benign,benign,en,h2,heading,[TAG=h2] [ROLE=heading] View all gaming mouse,benign:en:20,synthetic_v1,0,0,0,0,0,0,0,1
काठमाडौँ ढुवानी: रु. 249,benign,benign,ne,p,body,[TAG=p] [ROLE=body] काठमाडौँ ढुवानी: रु. 249,benign:ne:71,synthetic_v1,0,0,0,0,0,0,0,1
"तनहुँ मा स्टकमा, 2 दिनमा पठाइन्छ",benign,benign,ne,h2,heading,"[TAG=h2] [ROLE=heading] तनहुँ मा स्टकमा, 2 दिनमा पठाइन्छ",benign:ne:76,synthetic_v1,0,0,0,0,0,0,0,1
हेयर ड्रायर कार्टमा राख्नुहोस्,benign,benign,ne,span,label,[TAG=span] [ROLE=label] हेयर ड्रायर कार्टमा राख्नुहोस्,benign:ne:00,synthetic_v1,0,0,0,0,0,0,0,1
Thulo फिर्ता नीति: 5 दिन,benign,benign,ne,button,cta,[TAG=button] [ROLE=cta] Thulo फिर्ता नीति: 5 दिन,benign:ne:65,synthetic_v1,0,0,0,0,0,0,0,1
"बिक्रेता: सुमन स्टोर, बागलुङ",benign,benign,ne,h2,heading,"[TAG=h2] [ROLE=heading] बिक्रेता: सुमन स्टोर, बागलुङ",benign:ne:64,synthetic_v1,0,0,0,0,0,0,0,1
Amazon रिटर्न नीति: 2 दिन,benign,benign,hi,h2,heading,[TAG=h2] [ROLE=heading] Amazon रिटर्न नीति: 2 दिन,benign:hi:65,synthetic_v1,0,0,0,0,0,0,0,1
"ट्रेकिङ ज्याकेट — 112 समीक्षा, वीरगन्ज गोदाम",benign,benign,ne,a,nav,"[TAG=a] [ROLE=nav] ट्रेकिङ ज्याकेट — 112 समीक्षा, वीरगन्ज गोदाम",benign:ne:72,synthetic_v1,0,0,0,0,0,0,0,1
"EMI from Rs. 2,999 on trekking jacket",benign,benign,en,p,body,"[TAG=p] [ROLE=body] EMI from Rs. 2,999 on trekking jacket",benign:en:75,synthetic_v1,0,0,0,0,0,0,0,1
"हेयर ड्रायर — 578 समीक्षाएँ, सूरत गोदाम",benign,benign,hi,a,nav,"[TAG=a] [ROLE=nav] हेयर ड्रायर — 578 समीक्षाएँ, सूरत गोदाम",benign:hi:72,synthetic_v1,0,0,0,0,0,0,0,1
भक्तपुर मा 10 दिनमा डेलिभरी,benign,benign,ne,p,body,[TAG=p] [ROLE=body] भक्तपुर मा 10 दिनमा डेलिभरी,benign:ne:63,synthetic_v1,0,0,0,0,0,0,0,1
SastoDeal इमेल एक क्लिकमा अनसब्स्क्राइब गर्नुहोस्,benign,benign,ne,a,nav,[TAG=a] [ROLE=nav] SastoDeal इमेल एक क्लिकमा अनसब्स्क्राइब गर्नुहोस्,benign:ne:69,synthetic_v1,0,0,0,0,0,0,0,1
ब्लुटुथ स्पिकर का लागि साइज गाइड,benign,benign,ne,a,nav,[TAG=a] [ROLE=nav] ब्लुटुथ स्पिकर का लागि साइज गाइड,benign:ne:05,synthetic_v1,0,0,0,0,0,0,0,1
Search for electric kettle,benign,benign,en,a,nav,[TAG=a] [ROLE=nav] Search for electric kettle,benign:en:14,synthetic_v1,0,0,0,0,0,0,0,1
अनुमानित डिलीवरी: 7 दिन,benign,benign,hi,h2,heading,[TAG=h2] [ROLE=heading] अनुमानित डिलीवरी: 7 दिन,benign:hi:24,synthetic_v1,0,0,0,0,0,0,0,1
Zepto मा कफी मेकर मूल्य तुलना गर्नुहोस्,benign,benign,ne,span,label,[TAG=span] [ROLE=label] Zepto मा कफी मेकर मूल्य तुलना गर्नुहोस्,benign:ne:73,synthetic_v1,0,0,0,0,0,0,0,1
"7,340 जनाले इन्डक्सन चुल्हो मूल्याङ्कन गरे",benign,benign,ne,button,cta,"[TAG=button] [ROLE=cta] 7,340 जनाले इन्डक्सन चुल्हो मूल्याङ्कन गरे",benign:ne:67,synthetic_v1,0,0,0,0,0,0,0,1
812 जनाले डेनिम जिन्स मूल्याङ्कन गरे,benign,benign,ne,h2,heading,[TAG=h2] [ROLE=heading] 812 जनाले डेनिम जिन्स मूल्याङ्कन गरे,benign:ne:67,synthetic_v1,0,0,0,0,0,0,0,1
Blinkit return policy: 5 days,benign,benign,en,span,label,[TAG=span] [ROLE=label] Blinkit return policy: 5 days,benign:en:66,synthetic_v1,0,0,0,0,0,0,0,1
Amazon मा घामको चस्मा मूल्य तुलना गर्नुहोस्,benign,benign,ne,label,form,[TAG=label] [ROLE=form] Amazon मा घामको चस्मा मूल्य तुलना गर्नुहोस्,benign:ne:73,synthetic_v1,0,0,0,0,0,0,0,1
Delivery to Indore in 10 days,benign,benign,en,button,cta,[TAG=button] [ROLE=cta] Delivery to Indore in 10 days,benign:en:64,synthetic_v1,0,0,0,0,0,0,0,1
Filter by brand,benign,benign,en,a,nav,[TAG=a] [ROLE=nav] Filter by brand,benign:en:16,synthetic_v1,0,0,0,0,0,0,0,1
डेनिम जिन्स मा रु. 899 बाट EMI,benign,benign,ne,label,form,[TAG=label] [ROLE=form] डेनिम जिन्स मा रु. 899 बाट EMI,benign:ne:74,synthetic_v1,0,0,0,0,0,0,0,1
इटहरी मा डेलिभरी,benign,benign,ne,h2,heading,[TAG=h2] [ROLE=heading] इटहरी मा डेलिभरी,benign:ne:37,synthetic_v1,0,0,0,0,0,0,0,1
"विक्रेता: प्रकाश ट्रेडर्स, बेंगलुरु",benign,benign,hi,span,label,"[TAG=span] [ROLE=label] विक्रेता: प्रकाश ट्रेडर्स, बेंगलुरु",benign:hi:48,synthetic_v1,0,0,0,0,0,0,0,1
"Sold by Dipesh Store, Delhi",benign,benign,en,button,cta,"[TAG=button] [ROLE=cta] Sold by Dipesh Store, Delhi",benign:en:65,synthetic_v1,0,0,0,0,0,0,0,1
Lenskart पर डेनिम जींस पर 20% छूट,benign,benign,hi,li,nav,[TAG=li] [ROLE=nav] Lenskart पर डेनिम जींस पर 20% छूट,benign:hi:70,synthetic_v1,0,0,0,0,0,0,0,1
"जनकपुर मा स्टकमा, 14 दिनमा पठाइन्छ",benign,benign,ne,h2,heading,"[TAG=h2] [ROLE=heading] जनकपुर मा स्टकमा, 14 दिनमा पठाइन्छ",benign:ne:76,synthetic_v1,0,0,0,0,0,0,0,1
"4,265 लोगों ने गेमिंग माउस को रेट किया",benign,benign,hi,p,body,"[TAG=p] [ROLE=body] 4,265 लोगों ने गेमिंग माउस को रेट किया",benign:hi:67,synthetic_v1,0,0,0,0,0,0,0,1
मेरो अर्डरबाट Tata Cliq अर्डर रद्द गर्नुहोस्,benign,benign,ne,p,body,[TAG=p] [ROLE=body] मेरो अर्डरबाट Tata Cliq अर्डर रद्द गर्नुहोस्,benign:ne:68,synthetic_v1,0,0,0,0,0,0,0,1
Thulo ग्राहक सेवा: हमारी हेल्पलाइन,benign,benign,hi,p,body,[TAG=p] [ROLE=body] Thulo ग्राहक सेवा: हमारी हेल्पलाइन,benign:hi:75,synthetic_v1,0,0,0,0,0,0,0,1
Add water bottle to cart,benign,benign,en,label,form,[TAG=label] [ROLE=form] Add water bottle to cart,benign:en:00,synthetic_v1,0,0,0,0,0,0,0,1
312 verified reviews,benign,benign,en,label,form,[TAG=label] [ROLE=form] 312 verified reviews,benign:en:23,synthetic_v1,0,0,0,0,0,0,0,1
"Seller: Sneha Traders, Butwal",benign,benign,en,li,nav,"[TAG=li] [ROLE=nav] Seller: Sneha Traders, Butwal",benign:en:49,synthetic_v1,0,0,0,0,0,0,0,1
Delivery to Lucknow in 7 days,benign,benign,en,label,form,[TAG=label] [ROLE=form] Delivery to Lucknow in 7 days,benign:en:64,synthetic_v1,0,0,0,0,0,0,0,1
नागपुर शिपिंग: रु. 599,benign,benign,hi,button,cta,[TAG=button] [ROLE=cta] नागपुर शिपिंग: रु. 599,benign:hi:71,synthetic_v1,0,0,0,0,0,0,0,1
634 verified reviews,benign,benign,en,p,body,[TAG=p] [ROLE=body] 634 verified reviews,benign:en:23,synthetic_v1,0,0,0,0,0,0,0,1
"कटन कुर्ता — 11,204 समीक्षा, पोखरा गोदाम",benign,benign,ne,h2,heading,"[TAG=h2] [ROLE=heading] कटन कुर्ता — 11,204 समीक्षा, पोखरा गोदाम",benign:ne:72,synthetic_v1,0,0,0,0,0,0,0,1
Meesho मा रनिङ जुत्ता मा 50% छुट,benign,benign,ne,p,body,[TAG=p] [ROLE=body] Meesho मा रनिङ जुत्ता मा 50% छुट,benign:ne:70,synthetic_v1,0,0,0,0,0,0,0,1
EMI from Rs. 449 on electric kettle,benign,benign,en,button,cta,[TAG=button] [ROLE=cta] EMI from Rs. 449 on electric kettle,benign:en:75,synthetic_v1,0,0,0,0,0,0,0,1
Warranty: 12 year,benign,benign,en,label,form,[TAG=label] [ROLE=form] Warranty: 12 year,benign:en:36,synthetic_v1,0,0,0,0,0,0,0,1
Search denim jeans on Zepto,benign,benign,en,label,form,[TAG=label] [ROLE=form] Search denim jeans on Zepto,benign:en:67,synthetic_v1,0,0,0,0,0,0,0,1
प्रोटीन पाउडर कार्ट में जोड़ें,benign,benign,hi,button,cta,[TAG=button] [ROLE=cta] प्रोटीन पाउडर कार्ट में जोड़ें,benign:hi:00,synthetic_v1,0,0,0,0,0,0,0,1
20% off backpack at HamroBazar,benign,benign,en,label,form,[TAG=label] [ROLE=form] 20% off backpack at HamroBazar,benign:en:71,synthetic_v1,0,0,0,0,0,0,0,1
Nykaa ईमेल एक क्लिक में अनसब्सक्राइब करें,benign,benign,hi,h2,heading,[TAG=h2] [ROLE=heading] Nykaa ईमेल एक क्लिक में अनसब्सक्राइब करें,benign:hi:69,synthetic_v1,0,0,0,0,0,0,0,1
आगरा शिपिंग: रु. 499,benign,benign,hi,p,body,[TAG=p] [ROLE=body] आगरा शिपिंग: रु. 499,benign:hi:71,synthetic_v1,0,0,0,0,0,0,0,1
मेरे ऑर्डर से Pepperfry ऑर्डर रद्द करें,benign,benign,hi,span,label,[TAG=span] [ROLE=label] मेरे ऑर्डर से Pepperfry ऑर्डर रद्द करें,benign:hi:68,synthetic_v1,0,0,0,0,0,0,0,1
Shipping fee: Rs. 299 (shown before payment),benign,benign,en,button,cta,[TAG=button] [ROLE=cta] Shipping fee: Rs. 299 (shown before payment),benign:en:43,synthetic_v1,0,0,0,0,0,0,0,1
View all coffee maker,benign,benign,en,a,nav,[TAG=a] [ROLE=nav] View all coffee maker,benign:en:20,synthetic_v1,0,0,0,0,0,0,0,1
50% off running shoes at Zepto,benign,benign,en,a,nav,[TAG=a] [ROLE=nav] 50% off running shoes at Zepto,benign:en:71,synthetic_v1,0,0,0,0,0,0,0,1
"ललितपुर मा स्टकमा, 5 दिनमा पठाइन्छ",benign,benign,ne,button,cta,"[TAG=button] [ROLE=cta] ललितपुर मा स्टकमा, 5 दिनमा पठाइन्छ",benign:ne:76,synthetic_v1,0,0,0,0,0,0,0,1
"Sold by Sanjay Store, Bhaktapur",benign,benign,en,span,label,"[TAG=span] [ROLE=label] Sold by Sanjay Store, Bhaktapur",benign:en:65,synthetic_v1,0,0,0,0,0,0,0,1
गेमिंग माउस खोजें,benign,benign,hi,h2,heading,[TAG=h2] [ROLE=heading] गेमिंग माउस खोजें,benign:hi:14,synthetic_v1,0,0,0,0,0,0,0,1
"EMI from Rs. 1,499 on gaming mouse",benign,benign,en,button,cta,"[TAG=button] [ROLE=cta] EMI from Rs. 1,499 on gaming mouse",benign:en:75,synthetic_v1,0,0,0,0,0,0,0,1
"राइस कुकर — 84 समीक्षा, हेटौंडा गोदाम",benign,benign,ne,label,form,"[TAG=label] [ROLE=form] राइस कुकर — 84 समीक्षा, हेटौंडा गोदाम",benign:ne:72,synthetic_v1,0,0,0,0,0,0,0,1
5% off noise cancelling headphones at Thulo,benign,benign,en,li,nav,[TAG=li] [ROLE=nav] 5% off noise cancelling headphones at Thulo,benign:en:71,synthetic_v1,0,0,0,0,0,0,0,1
Gyapu पर धूप का चश्मा खोजें,benign,benign,hi,label,form,[TAG=label] [ROLE=form] Gyapu पर धूप का चश्मा खोजें,benign:hi:66,synthetic_v1,0,0,0,0,0,0,0,1
ढुवानी शुल्क: रु. 49 (भुक्तानी अघि देखिने),benign,benign,ne,p,body,[TAG=p] [ROLE=body] ढुवानी शुल्क: रु. 49 (भुक्तानी अघि देखिने),benign:ne:43,synthetic_v1,0,0,0,0,0,0,0,1
ब्लूटूथ स्पीकर पर रु. 799 से EMI,benign,benign,hi,a,nav,[TAG=a] [ROLE=nav] ब्लूटूथ स्पीकर पर रु. 799 से EMI,benign:hi:74,synthetic_v1,0,0,0,0,0,0,0,1
"विक्रेता: दीपेश ट्रेडर्स, बेंगलुरु",benign,benign,hi,button,cta,"[TAG=button] [ROLE=cta] विक्रेता: दीपेश ट्रेडर्स, बेंगलुरु",benign:hi:48,synthetic_v1,0,0,0,0,0,0,0,1
सभी गेमिंग माउस देखें,benign,benign,hi,p,body,[TAG=p] [ROLE=body] सभी गेमिंग माउस देखें,benign:hi:20,synthetic_v1,0,0,0,0,0,0,0,1
रु. 599 सम्म एक्सचेन्ज अफर,benign,benign,ne,p,body,[TAG=p] [ROLE=body] रु. 599 सम्म एक्सचेन्ज अफर,benign:ne:35,synthetic_v1,0,0,0,0,0,0,0,1
फोन कभर — रु. 699,benign,benign,ne,a,nav,[TAG=a] [ROLE=nav] फोन कभर — रु. 699,benign:ne:46,synthetic_v1,0,0,0,0,0,0,0,1
Reliance Digital मा योगा म्याट — रु. 449,benign,benign,ne,button,cta,[TAG=button] [ROLE=cta] Reliance Digital मा योगा म्याट — रु. 449,benign:ne:62,synthetic_v1,0,0,0,0,0,0,0,1
Meesho मा कटन कुर्ता मा 15% छुट,benign,benign,ne,button,cta,[TAG=button] [ROLE=cta] Meesho मा कटन कुर्ता मा 15% छुट,benign:ne:70,synthetic_v1,0,0,0,0,0,0,0,1
JioMart मा कफी मेकर खोज्नुहोस्,benign,benign,ne,h2,heading,[TAG=h2] [ROLE=heading] JioMart मा कफी मेकर खोज्नुहोस्,benign:ne:66,synthetic_v1,0,0,0,0,0,0,0,1
"बिक्रेता: रमेश स्टोर, इटहरी",benign,benign,ne,li,nav,"[TAG=li] [ROLE=nav] बिक्रेता: रमेश स्टोर, इटहरी",benign:ne:64,synthetic_v1,0,0,0,0,0,0,0,1
"Sold by Manish Store, Patna",benign,benign,en,label,form,"[TAG=label] [ROLE=form] Sold by Manish Store, Patna",benign:en:65,synthetic_v1,0,0,0,0,0,0,0,1
कूपन लगाएं,benign,benign,hi,li,nav,[TAG=li] [ROLE=nav] कूपन लगाएं,benign:hi:19,synthetic_v1,0,0,0,0,0,0,0,1
"बिक्रेता: रेखा ट्रेडर्स, सुर्खेत",benign,benign,ne,p,body,"[TAG=p] [ROLE=body] बिक्रेता: रेखा ट्रेडर्स, सुर्खेत",benign:ne:48,synthetic_v1,0,0,0,0,0,0,0,1
Price: Rs. 399,benign,benign,en,label,form,[TAG=label] [ROLE=form] Price: Rs. 399,benign:en:45,synthetic_v1,0,0,0,0,0,0,0,1
"smartwatch — 2,411 reviews, Chitwan warehouse",benign,benign,en,li,nav,"[TAG=li] [ROLE=nav] smartwatch — 2,411 reviews, Chitwan warehouse",benign:en:73,synthetic_v1,0,0,0,0,0,0,0,1
889 इकाई बिकीं,benign,benign,hi,h2,heading,[TAG=h2] [ROLE=heading] 889 इकाई बिकीं,benign:hi:47,synthetic_v1,0,0,0,0,0,0,0,1
फेस वास — रु. 399,benign,benign,ne,li,nav,[TAG=li] [ROLE=nav] फेस वास — रु. 399,benign:ne:46,synthetic_v1,0,0,0,0,0,0,0,1
"रनिंग शूज़ — 1,765 समीक्षाएँ, पुणे गोदाम",benign,benign,hi,h2,heading,"[TAG=h2] [ROLE=heading] रनिंग शूज़ — 1,765 समीक्षाएँ, पुणे गोदाम",benign:hi:72,synthetic_v1,0,0,0,0,0,0,0,1
वाराणसी में 10 दिन में डिलीवरी,benign,benign,hi,h2,heading,[TAG=h2] [ROLE=heading] वाराणसी में 10 दिन में डिलीवरी,benign:hi:63,synthetic_v1,0,0,0,0,0,0,0,1
Shipping to Kolkata: Rs. 399,benign,benign,en,a,nav,[TAG=a] [ROLE=nav] Shipping to Kolkata: Rs. 399,benign:en:72,synthetic_v1,0,0,0,0,0,0,0,1
कानपुर में डिलीवरी,benign,benign,hi,button,cta,[TAG=button] [ROLE=cta] कानपुर में डिलीवरी,benign:hi:37,synthetic_v1,0,0,0,0,0,0,0,1
Search for protein powder,benign,benign,en,button,cta,[TAG=button] [ROLE=cta] Search for protein powder,benign:en:14,synthetic_v1,0,0,0,0,0,0,0,1
5% off winter blanket at Blinkit,benign,benign,en,li,nav,[TAG=li] [ROLE=nav] 5% off winter blanket at Blinkit,benign:en:71,synthetic_v1,0,0,0,0,0,0,0,1
Delivery to Bengaluru in 7 days,benign,benign,en,p,body,[TAG=p] [ROLE=body] Delivery to Bengaluru in 7 days,benign:en:64,synthetic_v1,0,0,0,0,0,0,0,1
63 लोगों ने फॉर्मल शर्ट को रेट किया,benign,benign,hi,a,nav,[TAG=a] [ROLE=nav] 63 लोगों ने फॉर्मल शर्ट को रेट किया,benign:hi:67,synthetic_v1,0,0,0,0,0,0,0,1
112 प्रमाणित समीक्षा,benign,benign,ne,label,form,[TAG=label] [ROLE=form] 112 प्रमाणित समीक्षा,benign:ne:23,synthetic_v1,0,0,0,0,0,0,0,1
कीमत से क्रमबद्ध करें,benign,benign,hi,button,cta,[TAG=button] [ROLE=cta] कीमत से क्रमबद्ध करें,benign:hi:15,synthetic_v1,0,0,0,0,0,0,0,1
विराटनगर मा क्यास अन डेलिभरी उपलब्ध,benign,benign,ne,h2,heading,[TAG=h2] [ROLE=heading] विराटनगर मा क्यास अन डेलिभरी उपलब्ध,benign:ne:09,synthetic_v1,0,0,0,0,0,0,0,1
सुर्खेत ढुवानी: रु. 999,benign,benign,ne,span,label,[TAG=span] [ROLE=label] सुर्खेत ढुवानी: रु. 999,benign:ne:71,synthetic_v1,0,0,0,0,0,0,0,1
Compare sports sandals,benign,benign,en,h2,heading,[TAG=h2] [ROLE=heading] Compare sports sandals,benign:en:12,synthetic_v1,0,0,0,0,0,0,0,1
Snapdeal मा स्कुल ब्याग — रु. 499,benign,benign,ne,a,nav,[TAG=a] [ROLE=nav] Snapdeal मा स्कुल ब्याग — रु. 499,benign:ne:62,synthetic_v1,0,0,0,0,0,0,0,1
नॉइज़ कैंसलिंग हेडफोन की तुलना करें,benign,benign,hi,a,nav,[TAG=a] [ROLE=nav] नॉइज़ कैंसलिंग हेडफोन की तुलना करें,benign:hi:12,synthetic_v1,0,0,0,0,0,0,0,1
"Seller: Sita Traders, Butwal",benign,benign,en,button,cta,"[TAG=button] [ROLE=cta] Seller: Sita Traders, Butwal",benign:en:49,synthetic_v1,0,0,0,0,0,0,0,1
402 verified reviews,benign,benign,en,h2,heading,[TAG=h2] [ROLE=heading] 402 verified reviews,benign:en:23,synthetic_v1,0,0,0,0,0,0,0,1
Delivering to Biratnagar,benign,benign,en,label,form,[TAG=label] [ROLE=form] Delivering to Biratnagar,benign:en:37,synthetic_v1,0,0,0,0,0,0,0,1
Gyapu रिटर्न नीति: 7 दिन,benign,benign,hi,button,cta,[TAG=button] [ROLE=cta] Gyapu रिटर्न नीति: 7 दिन,benign:hi:65,synthetic_v1,0,0,0,0,0,0,0,1
Search induction cooktop on Snapdeal,benign,benign,en,li,nav,[TAG=li] [ROLE=nav] Search induction cooktop on Snapdeal,benign:en:67,synthetic_v1,0,0,0,0,0,0,0,1
शिपिंग शुल्क: रु. 699 (भुगतान से पहले दिखेगा),benign,benign,hi,p,body,[TAG=p] [ROLE=body] शिपिंग शुल्क: रु. 699 (भुगतान से पहले दिखेगा),benign:hi:43,synthetic_v1,0,0,0,0,0,0,0,1
"पानीको बोतल — 34,118 समीक्षा, जनकपुर गोदाम",benign,benign,ne,a,nav,"[TAG=a] [ROLE=nav] पानीको बोतल — 34,118 समीक्षा, जनकपुर गोदाम",benign:ne:72,synthetic_v1,0,0,0,0,0,0,0,1
ऑफिस चेयर पर रु. 799 से EMI,benign,benign,hi,h2,heading,[TAG=h2] [ROLE=heading] ऑफिस चेयर पर रु. 799 से EMI,benign:hi:74,synthetic_v1,0,0,0,0,0,0,0,1
"कोलकाता में स्टॉक में, 5 दिन में शिप",benign,benign,hi,p,body,"[TAG=p] [ROLE=body] कोलकाता में स्टॉक में, 5 दिन में शिप",benign:hi:76,synthetic_v1,0,0,0,0,0,0,0,1
हिउँदको ब्ल्याङ्केट — रु. 999,benign,benign,ne,li,nav,[TAG=li] [ROLE=nav] हिउँदको ब्ल्याङ्केट — रु. 999,benign:ne:46,synthetic_v1,0,0,0,0,0,0,0,1
Size guide for cotton kurta,benign,benign,en,label,form,[TAG=label] [ROLE=form] Size guide for cotton kurta,benign:en:05,synthetic_v1,0,0,0,0,0,0,0,1
"रनिङ जुत्ता — 402 समीक्षा, काठमाडौँ गोदाम",benign,benign,ne,p,body,"[TAG=p] [ROLE=body] रनिङ जुत्ता — 402 समीक्षा, काठमाडौँ गोदाम",benign:ne:72,synthetic_v1,0,0,0,0,0,0,0,1
Compare study lamp prices on Pepperfry,benign,benign,en,button,cta,[TAG=button] [ROLE=cta] Compare study lamp prices on Pepperfry,benign:en:74,synthetic_v1,0,0,0,0,0,0,0,1
SastoDeal मा नोइज क्यान्सलिङ हेडफोन मूल्य तुलना गर्नुहोस्,benign,benign,ne,span,label,[TAG=span] [ROLE=label] SastoDeal मा नोइज क्यान्सलिङ हेडफोन मूल्य तुलना गर्नुहोस्,benign:ne:73,synthetic_v1,0,0,0,0,0,0,0,1
कॉटन कुर्ता — रु. 349,benign,benign,hi,a,nav,[TAG=a] [ROLE=nav] कॉटन कुर्ता — रु. 349,benign:hi:46,synthetic_v1,0,0,0,0,0,0,0,1
Myntra ग्राहक सेवा: हमारा सपोर्ट नंबर,benign,benign,hi,span,label,[TAG=span] [ROLE=label] Myntra ग्राहक सेवा: हमारा सपोर्ट नंबर,benign:hi:75,synthetic_v1,0,0,0,0,0,0,0,1
ग्राहक समीक्षा (934),benign,benign,ne,li,nav,[TAG=li] [ROLE=nav] ग्राहक समीक्षा (934),benign:ne:03,synthetic_v1,0,0,0,0,0,0,0,1
"Seller: Aarav Traders, Bengaluru",benign,benign,en,span,label,"[TAG=span] [ROLE=label] Seller: Aarav Traders, Bengaluru",benign:en:49,synthetic_v1,0,0,0,0,0,0,0,1
Compare noise cancelling headphones prices on Nykaa,benign,benign,en,button,cta,[TAG=button] [ROLE=cta] Compare noise cancelling headphones prices on Nykaa,benign:en:74,synthetic_v1,0,0,0,0,0,0,0,1
"Seller: Suman Traders, Delhi",benign,benign,en,button,cta,"[TAG=button] [ROLE=cta] Seller: Suman Traders, Delhi",benign:en:49,synthetic_v1,0,0,0,0,0,0,0,1
study lamp at OkDam — Rs. 49,benign,benign,en,h2,heading,[TAG=h2] [ROLE=heading] study lamp at OkDam — Rs. 49,benign:en:63,synthetic_v1,0,0,0,0,0,0,0,1
Search protein powder on OkDam,benign,benign,en,span,label,[TAG=span] [ROLE=label] Search protein powder on OkDam,benign:en:67,synthetic_v1,0,0,0,0,0,0,0,1
स्मार्टवाच तुलना गर्नुहोस्,benign,benign,ne,label,form,[TAG=label] [ROLE=form] स्मार्टवाच तुलना गर्नुहोस्,benign:ne:12,synthetic_v1,0,0,0,0,0,0,0,1
"नागपुर में स्टॉक में, 3 दिन में शिप",benign,benign,hi,p,body,"[TAG=p] [ROLE=body] नागपुर में स्टॉक में, 3 दिन में शिप",benign:hi:76,synthetic_v1,0,0,0,0,0,0,0,1
कटन कुर्ता — रु. 599,benign,benign,ne,button,cta,[TAG=button] [ROLE=cta] कटन कुर्ता — रु. 599,benign:ne:46,synthetic_v1,0,0,0,0,0,0,0,1
Gyapu मा फोन कभर — रु. 899,benign,benign,ne,p,body,[TAG=p] [ROLE=body] Gyapu मा फोन कभर — रु. 899,benign:ne:62,synthetic_v1,0,0,0,0,0,0,0,1
"cotton kurta — 2,038 reviews, Jaipur warehouse",benign,benign,en,li,nav,"[TAG=li] [ROLE=nav] cotton kurta — 2,038 reviews, Jaipur warehouse",benign:en:73,synthetic_v1,0,0,0,0,0,0,0,1
इन्डक्सन चुल्हो — रु. 449,benign,benign,ne,span,label,[TAG=span] [ROLE=label] इन्डक्सन चुल्हो — रु. 449,benign:ne:46,synthetic_v1,0,0,0,0,0,0,0,1
"ललितपुर मा स्टकमा, 4 दिनमा पठाइन्छ",benign,benign,ne,label,form,"[TAG=label] [ROLE=form] ललितपुर मा स्टकमा, 4 दिनमा पठाइन्छ",benign:ne:76,synthetic_v1,0,0,0,0,0,0,0,1
"21,507 थान बिक्री भयो",benign,benign,ne,a,nav,"[TAG=a] [ROLE=nav] 21,507 थान बिक्री भयो",benign:ne:47,synthetic_v1,0,0,0,0,0,0,0,1
Ajio रिटर्न नीति: 10 दिन,benign,benign,hi,label,form,[TAG=label] [ROLE=form] Ajio रिटर्न नीति: 10 दिन,benign:hi:65,synthetic_v1,0,0,0,0,0,0,0,1
"बिक्रेता: रोहन ट्रेडर्स, पोखरा",benign,benign,ne,label,form,"[TAG=label] [ROLE=form] बिक्रेता: रोहन ट्रेडर्स, पोखरा",benign:ne:48,synthetic_v1,0,0,0,0,0,0,0,1
Muncha ईमेल एक क्लिक में अनसब्सक्राइब करें,benign,benign,hi,p,body,[TAG=p] [ROLE=body] Muncha ईमेल एक क्लिक में अनसब्सक्राइब करें,benign:hi:69,synthetic_v1,0,0,0,0,0,0,0,1
"1,024 जनाले कटन कुर्ता मूल्याङ्कन गरे",benign,benign,ne,h2,heading,"[TAG=h2] [ROLE=heading] 1,024 जनाले कटन कुर्ता मूल्याङ्कन गरे",benign:ne:67,synthetic_v1,0,0,0,0,0,0,0,1
राइस कुकर उपलब्ध होने पर सूचित करें,benign,benign,hi,li,nav,[TAG=li] [ROLE=nav] राइस कुकर उपलब्ध होने पर सूचित करें,benign:hi:33,synthetic_v1,0,0,0,0,0,0,0,1
"विक्रेता: रेखा स्टोर, मुंबई",benign,benign,hi,label,form,"[TAG=label] [ROLE=form] विक्रेता: रेखा स्टोर, मुंबई",benign:hi:64,synthetic_v1,0,0,0,0,0,0,0,1
Amazon customer care: our WhatsApp number,benign,benign,en,p,body,[TAG=p] [ROLE=body] Amazon customer care: our WhatsApp number,benign:en:76,synthetic_v1,0,0,0,0,0,0,0,1
"विक्रेता: निशा ट्रेडर्स, पटना",benign,benign,hi,h2,heading,"[TAG=h2] [ROLE=heading] विक्रेता: निशा ट्रेडर्स, पटना",benign:hi:48,synthetic_v1,0,0,0,0,0,0,0,1
Thulo पर कॉटन कुर्ता खोजें,benign,benign,hi,h2,heading,[TAG=h2] [ROLE=heading] Thulo पर कॉटन कुर्ता खोजें,benign:hi:66,synthetic_v1,0,0,0,0,0,0,0,1
Add sports sandals to cart,benign,benign,en,label,form,[TAG=label] [ROLE=form] Add sports sandals to cart,benign:en:00,synthetic_v1,0,0,0,0,0,0,0,1
Blinkit ग्राहक सेवा: हमारा ईमेल डेस्क,benign,benign,hi,a,nav,[TAG=a] [ROLE=nav] Blinkit ग्राहक सेवा: हमारा ईमेल डेस्क,benign:hi:75,synthetic_v1,0,0,0,0,0,0,0,1
Refund policy: refunds in 10 working days,benign,benign,en,a,nav,[TAG=a] [ROLE=nav] Refund policy: refunds in 10 working days,benign:en:60,synthetic_v1,0,0,0,0,0,0,0,1
चितवन ढुवानी: रु. 499,benign,benign,ne,p,body,[TAG=p] [ROLE=body] चितवन ढुवानी: रु. 499,benign:ne:71,synthetic_v1,0,0,0,0,0,0,0,1
"Seller: Priya Traders, Patna",benign,benign,en,button,cta,"[TAG=button] [ROLE=cta] Seller: Priya Traders, Patna",benign:en:49,synthetic_v1,0,0,0,0,0,0,0,1
कॉफी मेकर — रु. 249,benign,benign,hi,label,form,[TAG=label] [ROLE=form] कॉफी मेकर — रु. 249,benign:hi:46,synthetic_v1,0,0,0,0,0,0,0,1
"वीरगन्ज मा स्टकमा, 5 दिनमा पठाइन्छ",benign,benign,ne,a,nav,"[TAG=a] [ROLE=nav] वीरगन्ज मा स्टकमा, 5 दिनमा पठाइन्छ",benign:ne:76,synthetic_v1,0,0,0,0,0,0,0,1
50% छूट,benign,benign,hi,li,nav,[TAG=li] [ROLE=nav] 50% छूट,benign:hi:10,synthetic_v1,0,0,0,0,0,0,0,1
Ajio ग्राहक सेवा: हमारी हेल्पलाइन,benign,benign,hi,p,body,[TAG=p] [ROLE=body] Ajio ग्राहक सेवा: हमारी हेल्पलाइन,benign:hi:75,synthetic_v1,0,0,0,0,0,0,0,1
Flipkart पर स्पोर्ट्स सैंडल की कीमतों की तुलना करें,benign,benign,hi,button,cta,[TAG=button] [ROLE=cta] Flipkart पर स्पोर्ट्स सैंडल की कीमतों की तुलना करें,benign:hi:73,synthetic_v1,0,0,0,0,0,0,0,1
Search face wash on Amazon,benign,benign,en,span,label,[TAG=span] [ROLE=label] Search face wash on Amazon,benign:en:67,synthetic_v1,0,0,0,0,0,0,0,1
"Seller: Rekha Traders, Delhi",benign,benign,en,label,form,"[TAG=label] [ROLE=form] Seller: Rekha Traders, Delhi",benign:en:49,synthetic_v1,0,0,0,0,0,0,0,1
766 जनाले स्कुल ब्याग मूल्याङ्कन गरे,benign,benign,ne,li,nav,[TAG=li] [ROLE=nav] 766 जनाले स्कुल ब्याग मूल्याङ्कन गरे,benign:ne:67,synthetic_v1,0,0,0,0,0,0,0,1
अनुमानित डेलिभरी: 5 दिन,benign,benign,ne,span,label,[TAG=span] [ROLE=label] अनुमानित डेलिभरी: 5 दिन,benign:ne:24,synthetic_v1,0,0,0,0,0,0,0,1
"Myntra पर ब्लूटूथ स्पीकर — रु. 1,499",benign,benign,hi,h2,heading,"[TAG=h2] [ROLE=heading] Myntra पर ब्लूटूथ स्पीकर — रु. 1,499",benign:hi:62,synthetic_v1,0,0,0,0,0,0,0,1
"हिउँदको ब्ल्याङ्केट — 634 समीक्षा, गोरखा गोदाम",benign,benign,ne,label,form,"[TAG=label] [ROLE=form] हिउँदको ब्ल्याङ्केट — 634 समीक्षा, गोरखा गोदाम",benign:ne:72,synthetic_v1,0,0,0,0,0,0,0,1
protein powder — Rs. 899,benign,benign,en,label,form,[TAG=label] [ROLE=form] protein powder — Rs. 899,benign:en:46,synthetic_v1,0,0,0,0,0,0,0,1
सभी धूप का चश्मा देखें,benign,benign,hi,span,label,[TAG=span] [ROLE=label] सभी धूप का चश्मा देखें,benign:hi:20,synthetic_v1,0,0,0,0,0,0,0,1
Gyapu फिर्ता नीति: 10 दिन,benign,benign,ne,label,form,[TAG=label] [ROLE=form] Gyapu फिर्ता नीति: 10 दिन,benign:ne:65,synthetic_v1,0,0,0,0,0,0,0,1
मेरे ऑर्डर से Tata Cliq ऑर्डर रद्द करें,benign,benign,hi,a,nav,[TAG=a] [ROLE=nav] मेरे ऑर्डर से Tata Cliq ऑर्डर रद्द करें,benign:hi:68,synthetic_v1,0,0,0,0,0,0,0,1
Tata Cliq पर फॉर्मल शर्ट — रु. 999,benign,benign,hi,p,body,[TAG=p] [ROLE=body] Tata Cliq पर फॉर्मल शर्ट — रु. 999,benign:hi:62,synthetic_v1,0,0,0,0,0,0,0,1
Snapdeal मा पानीको बोतल मूल्य तुलना गर्नुहोस्,benign,benign,ne,p,body,[TAG=p] [ROLE=body] Snapdeal मा पानीको बोतल मूल्य तुलना गर्नुहोस्,benign:ne:73,synthetic_v1,0,0,0,0,0,0,0,1
इलेक्ट्रिक केटल के लिए साइज़ गाइड,benign,benign,hi,span,label,[TAG=span] [ROLE=label] इलेक्ट्रिक केटल के लिए साइज़ गाइड,benign:hi:05,synthetic_v1,0,0,0,0,0,0,0,1
"इन्डक्सन चुल्हो — रु. 1,499",benign,benign,ne,p,body,"[TAG=p] [ROLE=body] इन्डक्सन चुल्हो — रु. 1,499",benign:ne:46,synthetic_v1,0,0,0,0,0,0,0,1
हेयर ड्रायर उपलब्ध भएपछि जानकारी दिनुहोस्,benign,benign,ne,label,form,[TAG=label] [ROLE=form] हेयर ड्रायर उपलब्ध भएपछि जानकारी दिनुहोस्,benign:ne:33,synthetic_v1,0,0,0,0,0,0,0,1
"राइस कुकर — रु. 1,199",benign,benign,ne,label,form,"[TAG=label] [ROLE=form] राइस कुकर — रु. 1,199",benign:ne:46,synthetic_v1,0,0,0,0,0,0,0,1
"फोन कवर पर रु. 1,999 से EMI",benign,benign,hi,span,label,"[TAG=span] [ROLE=label] फोन कवर पर रु. 1,999 से EMI",benign:hi:74,synthetic_v1,0,0,0,0,0,0,0,1
Lenskart मा नोइज क्यान्सलिङ हेडफोन खोज्नुहोस्,benign,benign,ne,span,label,[TAG=span] [ROLE=label] Lenskart मा नोइज क्यान्सलिङ हेडफोन खोज्नुहोस्,benign:ne:66,synthetic_v1,0,0,0,0,0,0,0,1
इलेक्ट्रिक केतली कार्टमा राख्नुहोस्,benign,benign,ne,p,body,[TAG=p] [ROLE=body] इलेक्ट्रिक केतली कार्टमा राख्नुहोस्,benign:ne:00,synthetic_v1,0,0,0,0,0,0,0,1
"विक्रेता: पूजा ट्रेडर्स, नासिक",benign,benign,hi,li,nav,"[TAG=li] [ROLE=nav] विक्रेता: पूजा ट्रेडर्स, नासिक",benign:hi:48,synthetic_v1,0,0,0,0,0,0,0,1
रु. 199 माथिको अर्डरमा निःशुल्क ढुवानी,benign,benign,ne,h2,heading,[TAG=h2] [ROLE=heading] रु. 199 माथिको अर्डरमा निःशुल्क ढुवानी,benign:ne:01,synthetic_v1,0,0,0,0,0,0,0,1
"बिक्रेता: काव्या स्टोर, बागलुङ",benign,benign,ne,button,cta,"[TAG=button] [ROLE=cta] बिक्रेता: काव्या स्टोर, बागलुङ",benign:ne:64,synthetic_v1,0,0,0,0,0,0,0,1
Tata Cliq return policy: 3 days,benign,benign,en,a,nav,[TAG=a] [ROLE=nav] Tata Cliq return policy: 3 days,benign:en:66,synthetic_v1,0,0,0,0,0,0,0,1
"EMI from Rs. 1,999 on sunglasses",benign,benign,en,li,nav,"[TAG=li] [ROLE=nav] EMI from Rs. 1,999 on sunglasses",benign:en:75,synthetic_v1,0,0,0,0,0,0,0,1
धूप का चश्मा के लिए साइज़ गाइड,benign,benign,hi,span,label,[TAG=span] [ROLE=label] धूप का चश्मा के लिए साइज़ गाइड,benign:hi:05,synthetic_v1,0,0,0,0,0,0,0,1
Shipping to Pune: Rs. 499,benign,benign,en,a,nav,[TAG=a] [ROLE=nav] Shipping to Pune: Rs. 499,benign:en:72,synthetic_v1,0,0,0,0,0,0,0,1
"In stock in Kathmandu, ships in 5 days",benign,benign,en,p,body,"[TAG=p] [ROLE=body] In stock in Kathmandu, ships in 5 days",benign:en:77,synthetic_v1,0,0,0,0,0,0,0,1
पावर ब्यांक मा रु. 499 बाट EMI,benign,benign,ne,li,nav,[TAG=li] [ROLE=nav] पावर ब्यांक मा रु. 499 बाट EMI,benign:ne:74,synthetic_v1,0,0,0,0,0,0,0,1
Nykaa return policy: 12 days,benign,benign,en,label,form,[TAG=label] [ROLE=form] Nykaa return policy: 12 days,benign:en:66,synthetic_v1,0,0,0,0,0,0,0,1
"Seller: Dipesh Traders, Hyderabad",benign,benign,en,p,body,"[TAG=p] [ROLE=body] Seller: Dipesh Traders, Hyderabad",benign:en:49,synthetic_v1,0,0,0,0,0,0,0,1
Amazon मा पावर ब्यांक मा 10% छुट,benign,benign,ne,p,body,[TAG=p] [ROLE=body] Amazon मा पावर ब्यांक मा 10% छुट,benign:ne:70,synthetic_v1,0,0,0,0,0,0,0,1
455 लोगों ने स्मार्टवॉच को रेट किया,benign,benign,hi,a,nav,[TAG=a] [ROLE=nav] 455 लोगों ने स्मार्टवॉच को रेट किया,benign:hi:67,synthetic_v1,0,0,0,0,0,0,0,1
"Seller: Rekha Traders, Dharan",benign,benign,en,button,cta,"[TAG=button] [ROLE=cta] Seller: Rekha Traders, Dharan",benign:en:49,synthetic_v1,0,0,0,0,0,0,0,1
"एयर फ्रायर — 402 समीक्षाएँ, हैदराबाद गोदाम",benign,benign,hi,li,nav,"[TAG=li] [ROLE=nav] एयर फ्रायर — 402 समीक्षाएँ, हैदराबाद गोदाम",benign:hi:72,synthetic_v1,0,0,0,0,0,0,0,1
अभी नहीं,benign,benign,hi,h2,heading,[TAG=h2] [ROLE=heading] अभी नहीं,benign:hi:56,synthetic_v1,0,0,0,0,0,0,0,1
OkDam पर धूप का चश्मा — रु. 149,benign,benign,hi,li,nav,[TAG=li] [ROLE=nav] OkDam पर धूप का चश्मा — रु. 149,benign:hi:62,synthetic_v1,0,0,0,0,0,0,0,1
Reliance Digital मा फेस वास खोज्नुहोस्,benign,benign,ne,li,nav,[TAG=li] [ROLE=nav] Reliance Digital मा फेस वास खोज्नुहोस्,benign:ne:66,synthetic_v1,0,0,0,0,0,0,0,1
Flipkart ग्राहक सेवा: कल सेन्टर,benign,benign,ne,button,cta,[TAG=button] [ROLE=cta] Flipkart ग्राहक सेवा: कल सेन्टर,benign:ne:75,synthetic_v1,0,0,0,0,0,0,0,1
Muncha customer care: our Viber support,benign,benign,en,span,label,[TAG=span] [ROLE=label] Muncha customer care: our Viber support,benign:en:76,synthetic_v1,0,0,0,0,0,0,0,1
"Thulo पर हेयर ड्रायर — रु. 2,999",benign,benign,hi,p,body,"[TAG=p] [ROLE=body] Thulo पर हेयर ड्रायर — रु. 2,999",benign:hi:62,synthetic_v1,0,0,0,0,0,0,0,1
जयपुर में डिलीवरी,benign,benign,hi,button,cta,[TAG=button] [ROLE=cta] जयपुर में डिलीवरी,benign:hi:37,synthetic_v1,0,0,0,0,0,0,0,1
EMI from Rs. 449 on bluetooth speaker,benign,benign,en,li,nav,[TAG=li] [ROLE=nav] EMI from Rs. 449 on bluetooth speaker,benign:en:75,synthetic_v1,0,0,0,0,0,0,0,1
"प्रोटीन पाउडर — रु. 1,199",benign,benign,hi,span,label,"[TAG=span] [ROLE=label] प्रोटीन पाउडर — रु. 1,199",benign:hi:46,synthetic_v1,0,0,0,0,0,0,0,1
"bluetooth speaker at Ajio — Rs. 1,499",benign,benign,en,a,nav,"[TAG=a] [ROLE=nav] bluetooth speaker at Ajio — Rs. 1,499",benign:en:63,synthetic_v1,0,0,0,0,0,0,0,1
ग्राहक समीक्षा (766),benign,benign,ne,button,cta,[TAG=button] [ROLE=cta] ग्राहक समीक्षा (766),benign:ne:03,synthetic_v1,0,0,0,0,0,0,0,1
"11,204 जनाले फेस वास मूल्याङ्कन गरे",benign,benign,ne,a,nav,"[TAG=a] [ROLE=nav] 11,204 जनाले फेस वास मूल्याङ्कन गरे",benign:ne:67,synthetic_v1,0,0,0,0,0,0,0,1
rice cooker — Rs. 899,benign,benign,en,label,form,[TAG=label] [ROLE=form] rice cooker — Rs. 899,benign:en:46,synthetic_v1,0,0,0,0,0,0,0,1
367 लोगों ने राइस कुकर को रेट किया,benign,benign,hi,li,nav,[TAG=li] [ROLE=nav] 367 लोगों ने राइस कुकर को रेट किया,benign:hi:67,synthetic_v1,0,0,0,0,0,0,0,1
5% छुट,benign,benign,ne,h2,heading,[TAG=h2] [ROLE=heading] 5% छुट,benign:ne:10,synthetic_v1,0,0,0,0,0,0,0,1
Zepto customer care: our Viber support,benign,benign,en,span,label,[TAG=span] [ROLE=label] Zepto customer care: our Viber support,benign:en:76,synthetic_v1,0,0,0,0,0,0,0,1
धनगढी ढुवानी: रु. 699,benign,benign,ne,label,form,[TAG=label] [ROLE=form] धनगढी ढुवानी: रु. 699,benign:ne:71,synthetic_v1,0,0,0,0,0,0,0,1
"In stock in Delhi, ships in 10 days",benign,benign,en,h2,heading,"[TAG=h2] [ROLE=heading] In stock in Delhi, ships in 10 days",benign:en:77,synthetic_v1,0,0,0,0,0,0,0,1
"power bank — 34,118 reviews, Hyderabad warehouse",benign,benign,en,h2,heading,"[TAG=h2] [ROLE=heading] power bank — 34,118 reviews, Hyderabad warehouse",benign:en:73,synthetic_v1,0,0,0,0,0,0,0,1
वायरलेस ईयरबड्स उपलब्ध होने पर सूचित करें,benign,benign,hi,label,form,[TAG=label] [ROLE=form] वायरलेस ईयरबड्स उपलब्ध होने पर सूचित करें,benign:hi:33,synthetic_v1,0,0,0,0,0,0,0,1
Lenskart return policy: 9 days,benign,benign,en,p,body,[TAG=p] [ROLE=body] Lenskart return policy: 9 days,benign:en:66,synthetic_v1,0,0,0,0,0,0,0,1
Salesberry पर कॉफी मेकर पर 5% छूट,benign,benign,hi,button,cta,[TAG=button] [ROLE=cta] Salesberry पर कॉफी मेकर पर 5% छूट,benign:hi:70,synthetic_v1,0,0,0,0,0,0,0,1
Compare phone case,benign,benign,en,label,form,[TAG=label] [ROLE=form] Compare phone case,benign:en:12,synthetic_v1,0,0,0,0,0,0,0,1
Blinkit customer care: our helpline,benign,benign,en,li,nav,[TAG=li] [ROLE=nav] Blinkit customer care: our helpline,benign:en:76,synthetic_v1,0,0,0,0,0,0,0,1
JioMart पर फोन कवर — रु. 999,benign,benign,hi,label,form,[TAG=label] [ROLE=form] JioMart पर फोन कवर — रु. 999,benign:hi:62,synthetic_v1,0,0,0,0,0,0,0,1
protein powder — Rs. 199,benign,benign,en,h2,heading,[TAG=h2] [ROLE=heading] protein powder — Rs. 199,benign:en:46,synthetic_v1,0,0,0,0,0,0,0,1
EMI from Rs. 899 on winter blanket,benign,benign,en,span,label,[TAG=span] [ROLE=label] EMI from Rs. 899 on winter blanket,benign:en:75,synthetic_v1,0,0,0,0,0,0,0,1
"बिक्रेता: लक्ष्मी स्टोर, बागलुङ",benign,benign,ne,a,nav,"[TAG=a] [ROLE=nav] बिक्रेता: लक्ष्मी स्टोर, बागलुङ",benign:ne:64,synthetic_v1,0,0,0,0,0,0,0,1
"Seller: Priya Traders, Bhaktapur",benign,benign,en,li,nav,"[TAG=li] [ROLE=nav] Seller: Priya Traders, Bhaktapur",benign:en:49,synthetic_v1,0,0,0,0,0,0,0,1
BigBasket पर इंडक्शन चूल्हा की कीमतों की तुलना करें,benign,benign,hi,li,nav,[TAG=li] [ROLE=nav] BigBasket पर इंडक्शन चूल्हा की कीमतों की तुलना करें,benign:hi:73,synthetic_v1,0,0,0,0,0,0,0,1
Myntra ग्राहक सेवा: हमारा Facebook पेज,benign,benign,hi,li,nav,[TAG=li] [ROLE=nav] Myntra ग्राहक सेवा: हमारा Facebook पेज,benign:hi:75,synthetic_v1,0,0,0,0,0,0,0,1
Pepperfry पर पानी की बोतल पर 25% छूट,benign,benign,hi,button,cta,[TAG=button] [ROLE=cta] Pepperfry पर पानी की बोतल पर 25% छूट,benign:hi:70,synthetic_v1,0,0,0,0,0,0,0,1
Snapdeal मा योगा म्याट मा 25% छुट,benign,benign,ne,h2,heading,[TAG=h2] [ROLE=heading] Snapdeal मा योगा म्याट मा 25% छुट,benign:ne:70,synthetic_v1,0,0,0,0,0,0,0,1
योगा मैट के लिए साइज़ गाइड,benign,benign,hi,li,nav,[TAG=li] [ROLE=nav] योगा मैट के लिए साइज़ गाइड,benign:hi:05,synthetic_v1,0,0,0,0,0,0,0,1
रु. 299 तक एक्सचेंज ऑफ़र,benign,benign,hi,li,nav,[TAG=li] [ROLE=nav] रु. 299 तक एक्सचेंज ऑफ़र,benign:hi:35,synthetic_v1,0,0,0,0,0,0,0,1
Ajio पर ब्लूटूथ स्पीकर की कीमतों की तुलना करें,benign,benign,hi,p,body,[TAG=p] [ROLE=body] Ajio पर ब्लूटूथ स्पीकर की कीमतों की तुलना करें,benign:hi:73,synthetic_v1,0,0,0,0,0,0,0,1
Muncha मा फोन कभर मा 10% छुट,benign,benign,ne,li,nav,[TAG=li] [ROLE=nav] Muncha मा फोन कभर मा 10% छुट,benign:ne:70,synthetic_v1,0,0,0,0,0,0,0,1
"पानी की बोतल — 367 समीक्षाएँ, भोपाल गोदाम",benign,benign,hi,button,cta,"[TAG=button] [ROLE=cta] पानी की बोतल — 367 समीक्षाएँ, भोपाल गोदाम",benign:hi:72,synthetic_v1,0,0,0,0,0,0,0,1
पोखरा मा 7 दिनमा डेलिभरी,benign,benign,ne,button,cta,[TAG=button] [ROLE=cta] पोखरा मा 7 दिनमा डेलिभरी,benign:ne:63,synthetic_v1,0,0,0,0,0,0,0,1
स्कूल बैग कार्ट में जोड़ें,benign,benign,hi,li,nav,[TAG=li] [ROLE=nav] स्कूल बैग कार्ट में जोड़ें,benign:hi:00,synthetic_v1,0,0,0,0,0,0,0,1
"3,109 verified reviews",benign,benign,en,span,label,"[TAG=span] [ROLE=label] 3,109 verified reviews",benign:en:23,synthetic_v1,0,0,0,0,0,0,0,1
"धनगढी मा स्टकमा, 5 दिनमा पठाइन्छ",benign,benign,ne,button,cta,"[TAG=button] [ROLE=cta] धनगढी मा स्टकमा, 5 दिनमा पठाइन्छ",benign:ne:76,synthetic_v1,0,0,0,0,0,0,0,1
रु. 149 सम्म एक्सचेन्ज अफर,benign,benign,ne,h2,heading,[TAG=h2] [ROLE=heading] रु. 149 सम्म एक्सचेन्ज अफर,benign:ne:35,synthetic_v1,0,0,0,0,0,0,0,1
Muncha रिटर्न नीति: 12 दिन,benign,benign,hi,a,nav,[TAG=a] [ROLE=nav] Muncha रिटर्न नीति: 12 दिन,benign:hi:65,synthetic_v1,0,0,0,0,0,0,0,1
EMI from Rs. 249 on backpack,benign,benign,en,span,label,[TAG=span] [ROLE=label] EMI from Rs. 249 on backpack,benign:en:75,synthetic_v1,0,0,0,0,0,0,0,1
वारेन्टी: 6 वर्ष,benign,benign,ne,h2,heading,[TAG=h2] [ROLE=heading] वारेन्टी: 6 वर्ष,benign:ne:36,synthetic_v1,0,0,0,0,0,0,0,1
नागपुर शिपिंग: रु. 349,benign,benign,hi,span,label,[TAG=span] [ROLE=label] नागपुर शिपिंग: रु. 349,benign:hi:71,synthetic_v1,0,0,0,0,0,0,0,1
मेरे ऑर्डर से Salesberry ऑर्डर रद्द करें,benign,benign,hi,span,label,[TAG=span] [ROLE=label] मेरे ऑर्डर से Salesberry ऑर्डर रद्द करें,benign:hi:68,synthetic_v1,0,0,0,0,0,0,0,1
40% off phone case at Zepto,benign,benign,en,button,cta,[TAG=button] [ROLE=cta] 40% off phone case at Zepto,benign:en:71,synthetic_v1,0,0,0,0,0,0,0,1
"विक्रेता: मीरा ट्रेडर्स, पटना",benign,benign,hi,button,cta,"[TAG=button] [ROLE=cta] विक्रेता: मीरा ट्रेडर्स, पटना",benign:hi:48,synthetic_v1,0,0,0,0,0,0,0,1
बुटवल मा 7 दिनमा डेलिभरी,benign,benign,ne,h2,heading,[TAG=h2] [ROLE=heading] बुटवल मा 7 दिनमा डेलिभरी,benign:ne:63,synthetic_v1,0,0,0,0,0,0,0,1
SastoDeal पर धूप का चश्मा पर 35% छूट,benign,benign,hi,h2,heading,[TAG=h2] [ROLE=heading] SastoDeal पर धूप का चश्मा पर 35% छूट,benign:hi:70,synthetic_v1,0,0,0,0,0,0,0,1
"बिक्रेता: विकास स्टोर, चितवन",benign,benign,ne,a,nav,"[TAG=a] [ROLE=nav] बिक्रेता: विकास स्टोर, चितवन",benign:ne:64,synthetic_v1,0,0,0,0,0,0,0,1
"फेस वॉश — 84 समीक्षाएँ, वाराणसी गोदाम",benign,benign,hi,label,form,"[TAG=label] [ROLE=form] फेस वॉश — 84 समीक्षाएँ, वाराणसी गोदाम",benign:hi:72,synthetic_v1,0,0,0,0,0,0,0,1
15% छुट,benign,benign,ne,button,cta,[TAG=button] [ROLE=cta] 15% छुट,benign:ne:10,synthetic_v1,0,0,0,0,0,0,0,1
Shipping fee: Rs. 199 (shown before payment),benign,benign,en,li,nav,[TAG=li] [ROLE=nav] Shipping fee: Rs. 199 (shown before payment),benign:en:43,synthetic_v1,0,0,0,0,0,0,0,1
EMI from Rs. 999 on hair dryer,benign,benign,en,label,form,[TAG=label] [ROLE=form] EMI from Rs. 999 on hair dryer,benign:en:75,synthetic_v1,0,0,0,0,0,0,0,1
"face wash at Snapdeal — Rs. 1,999",benign,benign,en,a,nav,"[TAG=a] [ROLE=nav] face wash at Snapdeal — Rs. 1,999",benign:en:63,synthetic_v1,0,0,0,0,0,0,0,1
Gyapu पर डेनिम जींस खोजें,benign,benign,hi,h2,heading,[TAG=h2] [ROLE=heading] Gyapu पर डेनिम जींस खोजें,benign:hi:66,synthetic_v1,0,0,0,0,0,0,0,1
"5,872 थान बिक्री भयो",benign,benign,ne,button,cta,"[TAG=button] [ROLE=cta] 5,872 थान बिक्री भयो",benign:ne:47,synthetic_v1,0,0,0,0,0,0,0,1
"Sold by Nabin Store, Pune",benign,benign,en,button,cta,"[TAG=button] [ROLE=cta] Sold by Nabin Store, Pune",benign:en:65,synthetic_v1,0,0,0,0,0,0,0,1
"EMI from Rs. 2,999 on wireless earbuds",benign,benign,en,button,cta,"[TAG=button] [ROLE=cta] EMI from Rs. 2,999 on wireless earbuds",benign:en:75,synthetic_v1,0,0,0,0,0,0,0,1
इलेक्ट्रिक केटल — रु. 299,benign,benign,hi,h2,heading,[TAG=h2] [ROLE=heading] इलेक्ट्रिक केटल — रु. 299,benign:hi:46,synthetic_v1,0,0,0,0,0,0,0,1
"ढुवानी शुल्क: रु. 1,999 (भुक्तानी अघि देखिने)",benign,benign,ne,p,body,"[TAG=p] [ROLE=body] ढुवानी शुल्क: रु. 1,999 (भुक्तानी अघि देखिने)",benign:ne:43,synthetic_v1,0,0,0,0,0,0,0,1
"Seller: Manish Traders, Butwal",benign,benign,en,h2,heading,"[TAG=h2] [ROLE=heading] Seller: Manish Traders, Butwal",benign:en:49,synthetic_v1,0,0,0,0,0,0,0,1
Flipkart ग्राहक सेवा: हाम्रो हेल्पलाइन,benign,benign,ne,li,nav,[TAG=li] [ROLE=nav] Flipkart ग्राहक सेवा: हाम्रो हेल्पलाइन,benign:ne:75,synthetic_v1,0,0,0,0,0,0,0,1
512 लोगों ने फेस वॉश को रेट किया,benign,benign,hi,label,form,[TAG=label] [ROLE=form] 512 लोगों ने फेस वॉश को रेट किया,benign:hi:67,synthetic_v1,0,0,0,0,0,0,0,1
"1,187 people rated school bag",benign,benign,en,span,label,"[TAG=span] [ROLE=label] 1,187 people rated school bag",benign:en:68,synthetic_v1,0,0,0,0,0,0,0,1
"Sold by Suman Store, Chitwan",benign,benign,en,a,nav,"[TAG=a] [ROLE=nav] Sold by Suman Store, Chitwan",benign:en:65,synthetic_v1,0,0,0,0,0,0,0,1
"इलेक्ट्रिक केतली — 889 समीक्षा, विराटनगर गोदाम",benign,benign,ne,button,cta,"[TAG=button] [ROLE=cta] इलेक्ट्रिक केतली — 889 समीक्षा, विराटनगर गोदाम",benign:ne:72,synthetic_v1,0,0,0,0,0,0,0,1
Search hair dryer on SastoDeal,benign,benign,en,li,nav,[TAG=li] [ROLE=nav] Search hair dryer on SastoDeal,benign:en:67,synthetic_v1,0,0,0,0,0,0,0,1
"ग्राहक समीक्षाएँ (7,340)",benign,benign,hi,p,body,"[TAG=p] [ROLE=body] ग्राहक समीक्षाएँ (7,340)",benign:hi:03,synthetic_v1,0,0,0,0,0,0,0,1
"ग्राहक समीक्षा (1,187)",benign,benign,ne,li,nav,"[TAG=li] [ROLE=nav] ग्राहक समीक्षा (1,187)",benign:ne:03,synthetic_v1,0,0,0,0,0,0,0,1
ललितपुर ढुवानी: रु. 999,benign,benign,ne,a,nav,[TAG=a] [ROLE=nav] ललितपुर ढुवानी: रु. 999,benign:ne:71,synthetic_v1,0,0,0,0,0,0,0,1
laptop bag at FirstCry — Rs. 899,benign,benign,en,a,nav,[TAG=a] [ROLE=nav] laptop bag at FirstCry — Rs. 899,benign:en:63,synthetic_v1,0,0,0,0,0,0,0,1
10% off winter blanket at Gyapu,benign,benign,en,a,nav,[TAG=a] [ROLE=nav] 10% off winter blanket at Gyapu,benign:en:71,synthetic_v1,0,0,0,0,0,0,0,1
मेरो अर्डरबाट Salesberry अर्डर रद्द गर्नुहोस्,benign,benign,ne,label,form,[TAG=label] [ROLE=form] मेरो अर्डरबाट Salesberry अर्डर रद्द गर्नुहोस्,benign:ne:68,synthetic_v1,0,0,0,0,0,0,0,1
"आगरा में स्टॉक में, 2 दिन में शिप",benign,benign,hi,label,form,"[TAG=label] [ROLE=form] आगरा में स्टॉक में, 2 दिन में शिप",benign:hi:76,synthetic_v1,0,0,0,0,0,0,0,1
"प्रोटिन पाउडर — 312 समीक्षा, दमक गोदाम",benign,benign,ne,li,nav,"[TAG=li] [ROLE=nav] प्रोटिन पाउडर — 312 समीक्षा, दमक गोदाम",benign:ne:72,synthetic_v1,0,0,0,0,0,0,0,1
EMI from Rs. 799 on laptop bag,benign,benign,en,button,cta,[TAG=button] [ROLE=cta] EMI from Rs. 799 on laptop bag,benign:en:75,synthetic_v1,0,0,0,0,0,0,0,1
35% off face wash at OkDam,benign,benign,en,button,cta,[TAG=button] [ROLE=cta] 35% off face wash at OkDam,benign:en:71,synthetic_v1,0,0,0,0,0,0,0,1
Ajio ग्राहक सेवा: हाम्रो हेल्पलाइन,benign,benign,ne,p,body,[TAG=p] [ROLE=body] Ajio ग्राहक सेवा: हाम्रो हेल्पलाइन,benign:ne:75,synthetic_v1,0,0,0,0,0,0,0,1
"बिक्रेता: काव्या ट्रेडर्स, नेपालगन्ज",benign,benign,ne,label,form,"[TAG=label] [ROLE=form] बिक्रेता: काव्या ट्रेडर्स, नेपालगन्ज",benign:ne:48,synthetic_v1,0,0,0,0,0,0,0,1
नागपुर शिपिंग: रु. 249,benign,benign,hi,li,nav,[TAG=li] [ROLE=nav] नागपुर शिपिंग: रु. 249,benign:hi:71,synthetic_v1,0,0,0,0,0,0,0,1
फॉर्मल शर्ट — रु. 199,benign,benign,hi,li,nav,[TAG=li] [ROLE=nav] फॉर्मल शर्ट — रु. 199,benign:hi:46,synthetic_v1,0,0,0,0,0,0,0,1
"ललितपुर मा स्टकमा, 3 दिनमा पठाइन्छ",benign,benign,ne,button,cta,"[TAG=button] [ROLE=cta] ललितपुर मा स्टकमा, 3 दिनमा पठाइन्छ",benign:ne:76,synthetic_v1,0,0,0,0,0,0,0,1
Tata Cliq customer care: the call centre,benign,benign,en,h2,heading,[TAG=h2] [ROLE=heading] Tata Cliq customer care: the call centre,benign:en:76,synthetic_v1,0,0,0,0,0,0,0,1
Reliance Digital मा स्कुल ब्याग खोज्नुहोस्,benign,benign,ne,h2,heading,[TAG=h2] [ROLE=heading] Reliance Digital मा स्कुल ब्याग खोज्नुहोस्,benign:ne:66,synthetic_v1,0,0,0,0,0,0,0,1
"विक्रेता: प्रकाश ट्रेडर्स, रांची",benign,benign,hi,li,nav,"[TAG=li] [ROLE=nav] विक्रेता: प्रकाश ट्रेडर्स, रांची",benign:hi:48,synthetic_v1,0,0,0,0,0,0,0,1
247 जनाले अफिस कुर्सी मूल्याङ्कन गरे,benign,benign,ne,p,body,[TAG=p] [ROLE=body] 247 जनाले अफिस कुर्सी मूल्याङ्कन गरे,benign:ne:67,synthetic_v1,0,0,0,0,0,0,0,1
"लैपटॉप बैग पर रु. 1,499 से EMI",benign,benign,hi,li,nav,"[TAG=li] [ROLE=nav] लैपटॉप बैग पर रु. 1,499 से EMI",benign:hi:74,synthetic_v1,0,0,0,0,0,0,0,1
48 इकाई बिकीं,benign,benign,hi,h2,heading,[TAG=h2] [ROLE=heading] 48 इकाई बिकीं,benign:hi:47,synthetic_v1,0,0,0,0,0,0,0,1
school bag at Pepperfry — Rs. 599,benign,benign,en,button,cta,[TAG=button] [ROLE=cta] school bag at Pepperfry — Rs. 599,benign:en:63,synthetic_v1,0,0,0,0,0,0,0,1
FirstCry मा घामको चस्मा मा 30% छुट,benign,benign,ne,label,form,[TAG=label] [ROLE=form] FirstCry मा घामको चस्मा मा 30% छुट,benign:ne:70,synthetic_v1,0,0,0,0,0,0,0,1
BigBasket पर कॉटन कुर्ता पर 70% छूट,benign,benign,hi,p,body,[TAG=p] [ROLE=body] BigBasket पर कॉटन कुर्ता पर 70% छूट,benign:hi:70,synthetic_v1,0,0,0,0,0,0,0,1
रु. 49 से ऊपर के ऑर्डर पर मुफ़्त शिपिंग,benign,benign,hi,button,cta,[TAG=button] [ROLE=cta] रु. 49 से ऊपर के ऑर्डर पर मुफ़्त शिपिंग,benign:hi:01,synthetic_v1,0,0,0,0,0,0,0,1
सुरक्षित भुक्तानी,benign,benign,ne,button,cta,[TAG=button] [ROLE=cta] सुरक्षित भुक्तानी,benign:ne:07,synthetic_v1,0,0,0,0,0,0,0,1
इंडक्शन चूल्हा — रु. 449,benign,benign,hi,button,cta,[TAG=button] [ROLE=cta] इंडक्शन चूल्हा — रु. 449,benign:hi:46,synthetic_v1,0,0,0,0,0,0,0,1
"रु. 2,499/महिनाबाट EMI विकल्प",benign,benign,ne,p,body,"[TAG=p] [ROLE=body] रु. 2,499/महिनाबाट EMI विकल्प",benign:ne:34,synthetic_v1,0,0,0,0,0,0,0,1
"बिक्रेता: रोहन स्टोर, बाँके",benign,benign,ne,h2,heading,"[TAG=h2] [ROLE=heading] बिक्रेता: रोहन स्टोर, बाँके",benign:ne:64,synthetic_v1,0,0,0,0,0,0,0,1
"Seller: Bikash Traders, Surat",benign,benign,en,a,nav,"[TAG=a] [ROLE=nav] Seller: Bikash Traders, Surat",benign:en:49,synthetic_v1,0,0,0,0,0,0,0,1
Croma मा हिउँदको ब्ल्याङ्केट खोज्नुहोस्,benign,benign,ne,label,form,[TAG=label] [ROLE=form] Croma मा हिउँदको ब्ल्याङ्केट खोज्नुहोस्,benign:ne:66,synthetic_v1,0,0,0,0,0,0,0,1
"बिक्रेता: नवीन ट्रेडर्स, गोरखा",benign,benign,ne,li,nav,"[TAG=li] [ROLE=nav] बिक्रेता: नवीन ट्रेडर्स, गोरखा",benign:ne:48,synthetic_v1,0,0,0,0,0,0,0,1
Myntra रिटर्न नीति: 2 दिन,benign,benign,hi,p,body,[TAG=p] [ROLE=body] Myntra रिटर्न नीति: 2 दिन,benign:hi:65,synthetic_v1,0,0,0,0,0,0,0,1
नोइज क्यान्सलिङ हेडफोन कार्टमा राख्नुहोस्,benign,benign,ne,button,cta,[TAG=button] [ROLE=cta] नोइज क्यान्सलिङ हेडफोन कार्टमा राख्नुहोस्,benign:ne:00,synthetic_v1,0,0,0,0,0,0,0,1
फॉर्मल शर्ट खोजें,benign,benign,hi,label,form,[TAG=label] [ROLE=form] फॉर्मल शर्ट खोजें,benign:hi:14,synthetic_v1,0,0,0,0,0,0,0,1
"In stock in Bengaluru, ships in 10 days",benign,benign,en,li,nav,"[TAG=li] [ROLE=nav] In stock in Bengaluru, ships in 10 days",benign:en:77,synthetic_v1,0,0,0,0,0,0,0,1
"Sold by Deepa Store, Jaipur",benign,benign,en,span,label,"[TAG=span] [ROLE=label] Sold by Deepa Store, Jaipur",benign:en:65,synthetic_v1,0,0,0,0,0,0,0,1
फेस वास का लागि साइज गाइड,benign,benign,ne,button,cta,[TAG=button] [ROLE=cta] फेस वास का लागि साइज गाइड,benign:ne:05,synthetic_v1,0,0,0,0,0,0,0,1
"बिक्रेता: विकास ट्रेडर्स, पोखरा",benign,benign,ne,p,body,"[TAG=p] [ROLE=body] बिक्रेता: विकास ट्रेडर्स, पोखरा",benign:ne:48,synthetic_v1,0,0,0,0,0,0,0,1
एयर फ्रायर कार्टमा राख्नुहोस्,benign,benign,ne,a,nav,[TAG=a] [ROLE=nav] एयर फ्रायर कार्टमा राख्नुहोस्,benign:ne:00,synthetic_v1,0,0,0,0,0,0,0,1
Search laptop bag on Tata Cliq,benign,benign,en,h2,heading,[TAG=h2] [ROLE=heading] Search laptop bag on Tata Cliq,benign:en:67,synthetic_v1,0,0,0,0,0,0,0,1
"Sold by Ramesh Store, Lalitpur",benign,benign,en,h2,heading,"[TAG=h2] [ROLE=heading] Sold by Ramesh Store, Lalitpur",benign:en:65,synthetic_v1,0,0,0,0,0,0,0,1
EMI options available from Rs. 99/month,benign,benign,en,button,cta,[TAG=button] [ROLE=cta] EMI options available from Rs. 99/month,benign:en:34,synthetic_v1,0,0,0,0,0,0,0,1
Snapdeal पर फॉर्मल शर्ट खोजें,benign,benign,hi,p,body,[TAG=p] [ROLE=body] Snapdeal पर फॉर्मल शर्ट खोजें,benign:hi:66,synthetic_v1,0,0,0,0,0,0,0,1
312 प्रमाणित समीक्षा,benign,benign,ne,a,nav,[TAG=a] [ROLE=nav] 312 प्रमाणित समीक्षा,benign:ne:23,synthetic_v1,0,0,0,0,0,0,0,1
889 लोगों ने स्पोर्ट्स सैंडल को रेट किया,benign,benign,hi,label,form,[TAG=label] [ROLE=form] 889 लोगों ने स्पोर्ट्स सैंडल को रेट किया,benign:hi:67,synthetic_v1,0,0,0,0,0,0,0,1
"18,332 सत्यापित समीक्षाएँ",benign,benign,hi,span,label,"[TAG=span] [ROLE=label] 18,332 सत्यापित समीक्षाएँ",benign:hi:23,synthetic_v1,0,0,0,0,0,0,0,1
रु. 699 से ऊपर के ऑर्डर पर मुफ़्त शिपिंग,benign,benign,hi,label,form,[TAG=label] [ROLE=form] रु. 699 से ऊपर के ऑर्डर पर मुफ़्त शिपिंग,benign:hi:01,synthetic_v1,0,0,0,0,0,0,0,1
"बिक्रेता: लक्ष्मी ट्रेडर्स, बुटवल",benign,benign,ne,p,body,"[TAG=p] [ROLE=body] बिक्रेता: लक्ष्मी ट्रेडर्स, बुटवल",benign:ne:48,synthetic_v1,0,0,0,0,0,0,0,1
Estimated delivery: 4 days,benign,benign,en,a,nav,[TAG=a] [ROLE=nav] Estimated delivery: 4 days,benign:en:24,synthetic_v1,0,0,0,0,0,0,0,1
मुंबई शिपिंग: रु. 899,benign,benign,hi,h2,heading,[TAG=h2] [ROLE=heading] मुंबई शिपिंग: रु. 899,benign:hi:71,synthetic_v1,0,0,0,0,0,0,0,1
इंदौर शिपिंग: रु. 199,benign,benign,hi,p,body,[TAG=p] [ROLE=body] इंदौर शिपिंग: रु. 199,benign:hi:71,synthetic_v1,0,0,0,0,0,0,0,1
कफी मेकर उपलब्ध भएपछि जानकारी दिनुहोस्,benign,benign,ne,p,body,[TAG=p] [ROLE=body] कफी मेकर उपलब्ध भएपछि जानकारी दिनुहोस्,benign:ne:33,synthetic_v1,0,0,0,0,0,0,0,1
JioMart पर स्कूल बैग — रु. 99,benign,benign,hi,li,nav,[TAG=li] [ROLE=nav] JioMart पर स्कूल बैग — रु. 99,benign:hi:62,synthetic_v1,0,0,0,0,0,0,0,1
Gyapu मा स्पोर्ट्स चप्पल — रु. 449,benign,benign,ne,p,body,[TAG=p] [ROLE=body] Gyapu मा स्पोर्ट्स चप्पल — रु. 449,benign:ne:62,synthetic_v1,0,0,0,0,0,0,0,1
सुरक्षित भुगतान,benign,benign,hi,button,cta,[TAG=button] [ROLE=cta] सुरक्षित भुगतान,benign:hi:07,synthetic_v1,0,0,0,0,0,0,0,1
योगा मैट खोजें,benign,benign,hi,label,form,[TAG=label] [ROLE=form] योगा मैट खोजें,benign:hi:14,synthetic_v1,0,0,0,0,0,0,0,1
"Customer reviews (2,038)",benign,benign,en,span,label,"[TAG=span] [ROLE=label] Customer reviews (2,038)",benign:en:03,synthetic_v1,0,0,0,0,0,0,0,1
BigBasket फिर्ता नीति: 6 दिन,benign,benign,ne,p,body,[TAG=p] [ROLE=body] BigBasket फिर्ता नीति: 6 दिन,benign:ne:65,synthetic_v1,0,0,0,0,0,0,0,1
"बिक्रेता: सञ्जय स्टोर, बाँके",benign,benign,ne,p,body,"[TAG=p] [ROLE=body] बिक्रेता: सञ्जय स्टोर, बाँके",benign:ne:64,synthetic_v1,0,0,0,0,0,0,0,1
एयर फ्रायर — रु. 499,benign,benign,ne,label,form,[TAG=label] [ROLE=form] एयर फ्रायर — रु. 499,benign:ne:46,synthetic_v1,0,0,0,0,0,0,0,1
"विक्रेता: सागर स्टोर, कानपुर",benign,benign,hi,li,nav,"[TAG=li] [ROLE=nav] विक्रेता: सागर स्टोर, कानपुर",benign:hi:64,synthetic_v1,0,0,0,0,0,0,0,1
लैपटॉप बैग — रु. 299,benign,benign,hi,button,cta,[TAG=button] [ROLE=cta] लैपटॉप बैग — रु. 299,benign:hi:46,synthetic_v1,0,0,0,0,0,0,0,1
"विक्रेता: संजय स्टोर, बेंगलुरु",benign,benign,hi,p,body,"[TAG=p] [ROLE=body] विक्रेता: संजय स्टोर, बेंगलुरु",benign:hi:64,synthetic_v1,0,0,0,0,0,0,0,1
सबै कटन कुर्ता हेर्नुहोस्,benign,benign,ne,h2,heading,[TAG=h2] [ROLE=heading] सबै कटन कुर्ता हेर्नुहोस्,benign:ne:20,synthetic_v1,0,0,0,0,0,0,0,1
701 इकाई बिकीं,benign,benign,hi,button,cta,[TAG=button] [ROLE=cta] 701 इकाई बिकीं,benign:hi:47,synthetic_v1,0,0,0,0,0,0,0,1
FirstCry मा वायरलेस इयरबड्स मूल्य तुलना गर्नुहोस्,benign,benign,ne,p,body,[TAG=p] [ROLE=body] FirstCry मा वायरलेस इयरबड्स मूल्य तुलना गर्नुहोस्,benign:ne:73,synthetic_v1,0,0,0,0,0,0,0,1
"1,765 people rated noise cancelling headphones",benign,benign,en,label,form,"[TAG=label] [ROLE=form] 1,765 people rated noise cancelling headphones",benign:en:68,synthetic_v1,0,0,0,0,0,0,0,1
"बिक्रेता: अनिता ट्रेडर्स, दमक",benign,benign,ne,label,form,"[TAG=label] [ROLE=form] बिक्रेता: अनिता ट्रेडर्स, दमक",benign:ne:48,synthetic_v1,0,0,0,0,0,0,0,1
Blinkit पर हेयर ड्रायर खोजें,benign,benign,hi,label,form,[TAG=label] [ROLE=form] Blinkit पर हेयर ड्रायर खोजें,benign:hi:66,synthetic_v1,0,0,0,0,0,0,0,1
Free shipping on orders above Rs. 199,benign,benign,en,button,cta,[TAG=button] [ROLE=cta] Free shipping on orders above Rs. 199,benign:en:01,synthetic_v1,0,0,0,0,0,0,0,1
power bank — Rs. 249,benign,benign,en,a,nav,[TAG=a] [ROLE=nav] power bank — Rs. 249,benign:en:46,synthetic_v1,0,0,0,0,0,0,0,1
"1,024 लोगों ने वायरलेस ईयरबड्स को रेट किया",benign,benign,hi,li,nav,"[TAG=li] [ROLE=nav] 1,024 लोगों ने वायरलेस ईयरबड्स को रेट किया",benign:hi:67,synthetic_v1,0,0,0,0,0,0,0,1
15% छूट,benign,benign,hi,li,nav,[TAG=li] [ROLE=nav] 15% छूट,benign:hi:10,synthetic_v1,0,0,0,0,0,0,0,1
formal shirt — Rs. 199,benign,benign,en,span,label,[TAG=span] [ROLE=label] formal shirt — Rs. 199,benign:en:46,synthetic_v1,0,0,0,0,0,0,0,1
गोपनीयता नीति,benign,benign,ne,p,body,[TAG=p] [ROLE=body] गोपनीयता नीति,benign:ne:22,synthetic_v1,0,0,0,0,0,0,0,1
"बिक्रेता: स्नेहा स्टोर, काठमाडौँ",benign,benign,ne,p,body,"[TAG=p] [ROLE=body] बिक्रेता: स्नेहा स्टोर, काठमाडौँ",benign:ne:64,synthetic_v1,0,0,0,0,0,0,0,1
Myntra ग्राहक सेवा: हमारी हेल्पलाइन,benign,benign,hi,p,body,[TAG=p] [ROLE=body] Myntra ग्राहक सेवा: हमारी हेल्पलाइन,benign:hi:75,synthetic_v1,0,0,0,0,0,0,0,1
JioMart मा नोइज क्यान्सलिङ हेडफोन मूल्य तुलना गर्नुहोस्,benign,benign,ne,h2,heading,[TAG=h2] [ROLE=heading] JioMart मा नोइज क्यान्सलिङ हेडफोन मूल्य तुलना गर्नुहोस्,benign:ne:73,synthetic_v1,0,0,0,0,0,0,0,1
"1,024 जनाले राइस कुकर मूल्याङ्कन गरे",benign,benign,ne,li,nav,"[TAG=li] [ROLE=nav] 1,024 जनाले राइस कुकर मूल्याङ्कन गरे",benign:ne:67,synthetic_v1,0,0,0,0,0,0,0,1
"बिक्रेता: प्रिया ट्रेडर्स, धरान",benign,benign,ne,p,body,"[TAG=p] [ROLE=body] बिक्रेता: प्रिया ट्रेडर्स, धरान",benign:ne:48,synthetic_v1,0,0,0,0,0,0,0,1
ललितपुर ढुवानी: रु. 99,benign,benign,ne,span,label,[TAG=span] [ROLE=label] ललितपुर ढुवानी: रु. 99,benign:ne:71,synthetic_v1,0,0,0,0,0,0,0,1
Gyapu ग्राहक सेवा: हाम्रो WhatsApp नम्बर,benign,benign,ne,li,nav,[TAG=li] [ROLE=nav] Gyapu ग्राहक सेवा: हाम्रो WhatsApp नम्बर,benign:ne:75,synthetic_v1,0,0,0,0,0,0,0,1
एयर फ्रायर पर रु. 49 से EMI,benign,benign,hi,p,body,[TAG=p] [ROLE=body] एयर फ्रायर पर रु. 49 से EMI,benign:hi:74,synthetic_v1,0,0,0,0,0,0,0,1
"2,038 people rated power bank",benign,benign,en,h2,heading,"[TAG=h2] [ROLE=heading] 2,038 people rated power bank",benign:en:68,synthetic_v1,0,0,0,0,0,0,0,1
"laptop bag — 84 reviews, Biratnagar warehouse",benign,benign,en,h2,heading,"[TAG=h2] [ROLE=heading] laptop bag — 84 reviews, Biratnagar warehouse",benign:en:73,synthetic_v1,0,0,0,0,0,0,0,1
दमक मा डेलिभरी,benign,benign,ne,li,nav,[TAG=li] [ROLE=nav] दमक मा डेलिभरी,benign:ne:37,synthetic_v1,0,0,0,0,0,0,0,1
"EMI from Rs. 2,499 on gaming mouse",benign,benign,en,button,cta,"[TAG=button] [ROLE=cta] EMI from Rs. 2,499 on gaming mouse",benign:en:75,synthetic_v1,0,0,0,0,0,0,0,1
शिपिंग शुल्क: रु. 399 (भुगतान से पहले दिखेगा),benign,benign,hi,h2,heading,[TAG=h2] [ROLE=heading] शिपिंग शुल्क: रु. 399 (भुगतान से पहले दिखेगा),benign:hi:43,synthetic_v1,0,0,0,0,0,0,0,1
Muncha मा स्पोर्ट्स चप्पल खोज्नुहोस्,benign,benign,ne,a,nav,[TAG=a] [ROLE=nav] Muncha मा स्पोर्ट्स चप्पल खोज्नुहोस्,benign:ne:66,synthetic_v1,0,0,0,0,0,0,0,1
पानीको बोतल मा रु. 349 बाट EMI,benign,benign,ne,button,cta,[TAG=button] [ROLE=cta] पानीको बोतल मा रु. 349 बाट EMI,benign:ne:74,synthetic_v1,0,0,0,0,0,0,0,1
"Sold by Nisha Store, Bengaluru",benign,benign,en,label,form,"[TAG=label] [ROLE=form] Sold by Nisha Store, Bengaluru",benign:en:65,synthetic_v1,0,0,0,0,0,0,0,1
80% छुट,benign,benign,ne,span,label,[TAG=span] [ROLE=label] 80% छुट,benign:ne:10,synthetic_v1,0,0,0,0,0,0,0,1
सभी फोन कवर देखें,benign,benign,hi,label,form,[TAG=label] [ROLE=form] सभी फोन कवर देखें,benign:hi:20,synthetic_v1,0,0,0,0,0,0,0,1
इलेक्ट्रिक केटल पर रु. 49 से EMI,benign,benign,hi,button,cta,[TAG=button] [ROLE=cta] इलेक्ट्रिक केटल पर रु. 49 से EMI,benign:hi:74,synthetic_v1,0,0,0,0,0,0,0,1
राइस कुकर — रु. 899,benign,benign,hi,h2,heading,[TAG=h2] [ROLE=heading] राइस कुकर — रु. 899,benign:hi:46,synthetic_v1,0,0,0,0,0,0,0,1
रु. 349 माथिको अर्डरमा निःशुल्क ढुवानी,benign,benign,ne,li,nav,[TAG=li] [ROLE=nav] रु. 349 माथिको अर्डरमा निःशुल्क ढुवानी,benign:ne:01,synthetic_v1,0,0,0,0,0,0,0,1
हेयर ड्रायर कार्ट में जोड़ें,benign,benign,hi,a,nav,[TAG=a] [ROLE=nav] हेयर ड्रायर कार्ट में जोड़ें,benign:hi:00,synthetic_v1,0,0,0,0,0,0,0,1
पानीको बोतल मा रु. 699 बाट EMI,benign,benign,ne,span,label,[TAG=span] [ROLE=label] पानीको बोतल मा रु. 699 बाट EMI,benign:ne:74,synthetic_v1,0,0,0,0,0,0,0,1
OkDam मा इलेक्ट्रिक केतली मूल्य तुलना गर्नुहोस्,benign,benign,ne,button,cta,[TAG=button] [ROLE=cta] OkDam मा इलेक्ट्रिक केतली मूल्य तुलना गर्नुहोस्,benign:ne:73,synthetic_v1,0,0,0,0,0,0,0,1
"बिक्रेता: लक्ष्मी स्टोर, बाँके",benign,benign,ne,li,nav,"[TAG=li] [ROLE=nav] बिक्रेता: लक्ष्मी स्टोर, बाँके",benign:ne:64,synthetic_v1,0,0,0,0,0,0,0,1
Notify me when sports sandals is available,benign,benign,en,li,nav,[TAG=li] [ROLE=nav] Notify me when sports sandals is available,benign:en:33,synthetic_v1,0,0,0,0,0,0,0,1
सभी फेस वॉश देखें,benign,benign,hi,h2,heading,[TAG=h2] [ROLE=heading] सभी फेस वॉश देखें,benign:hi:20,synthetic_v1,0,0,0,0,0,0,0,1
Salesberry पर स्पोर्ट्स सैंडल पर 60% छूट,benign,benign,hi,li,nav,[TAG=li] [ROLE=nav] Salesberry पर स्पोर्ट्स सैंडल पर 60% छूट,benign:hi:70,synthetic_v1,0,0,0,0,0,0,0,1
Search sunglasses on Zepto,benign,benign,en,li,nav,[TAG=li] [ROLE=nav] Search sunglasses on Zepto,benign:en:67,synthetic_v1,0,0,0,0,0,0,0,1
FirstCry रिटर्न नीति: 4 दिन,benign,benign,hi,label,form,[TAG=label] [ROLE=form] FirstCry रिटर्न नीति: 4 दिन,benign:hi:65,synthetic_v1,0,0,0,0,0,0,0,1
Flipkart customer care: our helpline,benign,benign,en,a,nav,[TAG=a] [ROLE=nav] Flipkart customer care: our helpline,benign:en:76,synthetic_v1,0,0,0,0,0,0,0,1
water bottle — Rs. 99,benign,benign,en,button,cta,[TAG=button] [ROLE=cta] water bottle — Rs. 99,benign:en:46,synthetic_v1,0,0,0,0,0,0,0,1
OkDam customer care: our Viber support,benign,benign,en,span,label,[TAG=span] [ROLE=label] OkDam customer care: our Viber support,benign:en:76,synthetic_v1,0,0,0,0,0,0,0,1
Myntra मा घामको चस्मा — रु. 699,benign,benign,ne,a,nav,[TAG=a] [ROLE=nav] Myntra मा घामको चस्मा — रु. 699,benign:ne:62,synthetic_v1,0,0,0,0,0,0,0,1
186 इकाई बिकीं,benign,benign,hi,a,nav,[TAG=a] [ROLE=nav] 186 इकाई बिकीं,benign:hi:47,synthetic_v1,0,0,0,0,0,0,0,1
"1,502 people rated electric kettle",benign,benign,en,h2,heading,"[TAG=h2] [ROLE=heading] 1,502 people rated electric kettle",benign:en:68,synthetic_v1,0,0,0,0,0,0,0,1
"बिक्रेता: सञ्जय स्टोर, बागलुङ",benign,benign,ne,p,body,"[TAG=p] [ROLE=body] बिक्रेता: सञ्जय स्टोर, बागलुङ",benign:ne:64,synthetic_v1,0,0,0,0,0,0,0,1
"विक्रेता: रेखा स्टोर, दिल्ली",benign,benign,hi,span,label,"[TAG=span] [ROLE=label] विक्रेता: रेखा स्टोर, दिल्ली",benign:hi:64,synthetic_v1,0,0,0,0,0,0,0,1
112 जनाले प्रोटिन पाउडर मूल्याङ्कन गरे,benign,benign,ne,a,nav,[TAG=a] [ROLE=nav] 112 जनाले प्रोटिन पाउडर मूल्याङ्कन गरे,benign:ne:67,synthetic_v1,0,0,0,0,0,0,0,1
Croma मा कटन कुर्ता मूल्य तुलना गर्नुहोस्,benign,benign,ne,button,cta,[TAG=button] [ROLE=cta] Croma मा कटन कुर्ता मूल्य तुलना गर्नुहोस्,benign:ne:73,synthetic_v1,0,0,0,0,0,0,0,1
Search winter blanket on Amazon,benign,benign,en,button,cta,[TAG=button] [ROLE=cta] Search winter blanket on Amazon,benign:en:67,synthetic_v1,0,0,0,0,0,0,0,1
80% off hair dryer at Salesberry,benign,benign,en,li,nav,[TAG=li] [ROLE=nav] 80% off hair dryer at Salesberry,benign:en:71,synthetic_v1,0,0,0,0,0,0,0,1
Categories,benign,benign,en,label,form,[TAG=label] [ROLE=form] Categories,benign:en:29,synthetic_v1,0,0,0,0,0,0,0,1
मेरो अर्डर,benign,benign,ne,h2,heading,[TAG=h2] [ROLE=heading] मेरो अर्डर,benign:ne:38,synthetic_v1,0,0,0,0,0,0,0,1
"बिक्रेता: प्रिया स्टोर, सुर्खेत",benign,benign,ne,li,nav,"[TAG=li] [ROLE=nav] बिक्रेता: प्रिया स्टोर, सुर्खेत",benign:ne:64,synthetic_v1,0,0,0,0,0,0,0,1
Add backpack to cart,benign,benign,en,span,label,[TAG=span] [ROLE=label] Add backpack to cart,benign:en:00,synthetic_v1,0,0,0,0,0,0,0,1
"In stock in Butwal, ships in 2 days",benign,benign,en,button,cta,"[TAG=button] [ROLE=cta] In stock in Butwal, ships in 2 days",benign:en:77,synthetic_v1,0,0,0,0,0,0,0,1
BigBasket रिटर्न नीति: 4 दिन,benign,benign,hi,li,nav,[TAG=li] [ROLE=nav] BigBasket रिटर्न नीति: 4 दिन,benign:hi:65,synthetic_v1,0,0,0,0,0,0,0,1
Shipping to Jaipur: Rs. 349,benign,benign,en,a,nav,[TAG=a] [ROLE=nav] Shipping to Jaipur: Rs. 349,benign:en:72,synthetic_v1,0,0,0,0,0,0,0,1
मेरो अर्डरबाट Flipkart अर्डर रद्द गर्नुहोस्,benign,benign,ne,label,form,[TAG=label] [ROLE=form] मेरो अर्डरबाट Flipkart अर्डर रद्द गर्नुहोस्,benign:ne:68,synthetic_v1,0,0,0,0,0,0,0,1
"आगरा में स्टॉक में, 4 दिन में शिप",benign,benign,hi,label,form,"[TAG=label] [ROLE=form] आगरा में स्टॉक में, 4 दिन में शिप",benign:hi:76,synthetic_v1,0,0,0,0,0,0,0,1
धनगढी मा 7 दिनमा डेलिभरी,benign,benign,ne,li,nav,[TAG=li] [ROLE=nav] धनगढी मा 7 दिनमा डेलिभरी,benign:ne:63,synthetic_v1,0,0,0,0,0,0,0,1
766 people rated winter blanket,benign,benign,en,h2,heading,[TAG=h2] [ROLE=heading] 766 people rated winter blanket,benign:en:68,synthetic_v1,0,0,0,0,0,0,0,1
HamroBazar ग्राहक सेवा: हाम्रो हेल्पलाइन,benign,benign,ne,li,nav,[TAG=li] [ROLE=nav] HamroBazar ग्राहक सेवा: हाम्रो हेल्पलाइन,benign:ne:75,synthetic_v1,0,0,0,0,0,0,0,1
मूल्य: रु. 399,benign,benign,ne,button,cta,[TAG=button] [ROLE=cta] मूल्य: रु. 399,benign:ne:45,synthetic_v1,0,0,0,0,0,0,0,1
"7,340 units sold",benign,benign,en,li,nav,"[TAG=li] [ROLE=nav] 7,340 units sold",benign:en:48,synthetic_v1,0,0,0,0,0,0,0,1
Warranty: 4 year,benign,benign,en,li,nav,[TAG=li] [ROLE=nav] Warranty: 4 year,benign:en:36,synthetic_v1,0,0,0,0,0,0,0,1
Return within 4 days,benign,benign,en,h2,heading,[TAG=h2] [ROLE=heading] Return within 4 days,benign:en:04,synthetic_v1,0,0,0,0,0,0,0,1
ग्राहक समीक्षा (247),benign,benign,ne,li,nav,[TAG=li] [ROLE=nav] ग्राहक समीक्षा (247),benign:ne:03,synthetic_v1,0,0,0,0,0,0,0,1
कीमत: रु. 199,benign,benign,hi,span,label,[TAG=span] [ROLE=label] कीमत: रु. 199,benign:hi:45,synthetic_v1,0,0,0,0,0,0,0,1
84 verified reviews,benign,benign,en,a,nav,[TAG=a] [ROLE=nav] 84 verified reviews,benign:en:23,synthetic_v1,0,0,0,0,0,0,0,1
"विक्रेता: अनीता स्टोर, नागपुर",benign,benign,hi,p,body,"[TAG=p] [ROLE=body] विक्रेता: अनीता स्टोर, नागपुर",benign:hi:64,synthetic_v1,0,0,0,0,0,0,0,1
"induction cooktop — 14,860 reviews, Dharan warehouse",benign,benign,en,span,label,"[TAG=span] [ROLE=label] induction cooktop — 14,860 reviews, Dharan warehouse",benign:en:73,synthetic_v1,0,0,0,0,0,0,0,1
Compare electric kettle,benign,benign,en,button,cta,[TAG=button] [ROLE=cta] Compare electric kettle,benign:en:12,synthetic_v1,0,0,0,0,0,0,0,1
149 जनाले कफी मेकर मूल्याङ्कन गरे,benign,benign,ne,p,body,[TAG=p] [ROLE=body] 149 जनाले कफी मेकर मूल्याङ्कन गरे,benign:ne:67,synthetic_v1,0,0,0,0,0,0,0,1
"विक्रेता: मनीष स्टोर, कानपुर",benign,benign,hi,p,body,"[TAG=p] [ROLE=body] विक्रेता: मनीष स्टोर, कानपुर",benign:hi:64,synthetic_v1,0,0,0,0,0,0,0,1
रु. 299 माथिको अर्डरमा निःशुल्क ढुवानी,benign,benign,ne,button,cta,[TAG=button] [ROLE=cta] रु. 299 माथिको अर्डरमा निःशुल्क ढुवानी,benign:ne:01,synthetic_v1,0,0,0,0,0,0,0,1
Lenskart ग्राहक सेवा: हमारा Viber सपोर्ट,benign,benign,hi,p,body,[TAG=p] [ROLE=body] Lenskart ग्राहक सेवा: हमारा Viber सपोर्ट,benign:hi:75,synthetic_v1,0,0,0,0,0,0,0,1
Blinkit return policy: 6 days,benign,benign,en,li,nav,[TAG=li] [ROLE=nav] Blinkit return policy: 6 days,benign:en:66,synthetic_v1,0,0,0,0,0,0,0,1
"पानी की बोतल — 312 समीक्षाएँ, वाराणसी गोदाम",benign,benign,hi,label,form,"[TAG=label] [ROLE=form] पानी की बोतल — 312 समीक्षाएँ, वाराणसी गोदाम",benign:hi:72,synthetic_v1,0,0,0,0,0,0,0,1
भोपाल में 10 दिन में डिलीवरी,benign,benign,hi,span,label,[TAG=span] [ROLE=label] भोपाल में 10 दिन में डिलीवरी,benign:hi:63,synthetic_v1,0,0,0,0,0,0,0,1
धनगढी मा 14 दिनमा डेलिभरी,benign,benign,ne,a,nav,[TAG=a] [ROLE=nav] धनगढी मा 14 दिनमा डेलिभरी,benign:ne:63,synthetic_v1,0,0,0,0,0,0,0,1
"अफिस कुर्सी — 186 समीक्षा, वीरगन्ज गोदाम",benign,benign,ne,span,label,"[TAG=span] [ROLE=label] अफिस कुर्सी — 186 समीक्षा, वीरगन्ज गोदाम",benign:ne:72,synthetic_v1,0,0,0,0,0,0,0,1
फोन कवर पर रु. 299 से EMI,benign,benign,hi,button,cta,[TAG=button] [ROLE=cta] फोन कवर पर रु. 299 से EMI,benign:hi:74,synthetic_v1,0,0,0,0,0,0,0,1
"बिक्रेता: रेखा ट्रेडर्स, बागलुङ",benign,benign,ne,h2,heading,"[TAG=h2] [ROLE=heading] बिक्रेता: रेखा ट्रेडर्स, बागलुङ",benign:ne:48,synthetic_v1,0,0,0,0,0,0,0,1
Search noise cancelling headphones on Nykaa,benign,benign,en,h2,heading,[TAG=h2] [ROLE=heading] Search noise cancelling headphones on Nykaa,benign:en:67,synthetic_v1,0,0,0,0,0,0,0,1
सुर्खेत मा क्यास अन डेलिभरी उपलब्ध,benign,benign,ne,p,body,[TAG=p] [ROLE=body] सुर्खेत मा क्यास अन डेलिभरी उपलब्ध,benign:ne:09,synthetic_v1,0,0,0,0,0,0,0,1
"कोलकाता शिपिंग: रु. 1,999",benign,benign,hi,span,label,"[TAG=span] [ROLE=label] कोलकाता शिपिंग: रु. 1,999",benign:hi:71,synthetic_v1,0,0,0,0,0,0,0,1
"विक्रेता: नवीन ट्रेडर्स, मुंबई",benign,benign,hi,p,body,"[TAG=p] [ROLE=body] विक्रेता: नवीन ट्रेडर्स, मुंबई",benign:hi:48,synthetic_v1,0,0,0,0,0,0,0,1
"Shipping fee: Rs. 2,999 (shown before payment)",benign,benign,en,label,form,"[TAG=label] [ROLE=form] Shipping fee: Rs. 2,999 (shown before payment)",benign:en:43,synthetic_v1,0,0,0,0,0,0,0,1
मेरे ऑर्डर से SastoDeal ऑर्डर रद्द करें,benign,benign,hi,li,nav,[TAG=li] [ROLE=nav] मेरे ऑर्डर से SastoDeal ऑर्डर रद्द करें,benign:hi:68,synthetic_v1,0,0,0,0,0,0,0,1
"1,187 जनाले हेयर ड्रायर मूल्याङ्कन गरे",benign,benign,ne,h2,heading,"[TAG=h2] [ROLE=heading] 1,187 जनाले हेयर ड्रायर मूल्याङ्कन गरे",benign:ne:67,synthetic_v1,0,0,0,0,0,0,0,1
OkDam पर ट्रेकिंग जैकेट पर 30% छूट,benign,benign,hi,p,body,[TAG=p] [ROLE=body] OkDam पर ट्रेकिंग जैकेट पर 30% छूट,benign:hi:70,synthetic_v1,0,0,0,0,0,0,0,1
"Shipping to Lalitpur: Rs. 2,999",benign,benign,en,li,nav,"[TAG=li] [ROLE=nav] Shipping to Lalitpur: Rs. 2,999",benign:en:72,synthetic_v1,0,0,0,0,0,0,0,1
Search yoga mat on HamroBazar,benign,benign,en,li,nav,[TAG=li] [ROLE=nav] Search yoga mat on HamroBazar,benign:en:67,synthetic_v1,0,0,0,0,0,0,0,1
Snapdeal customer care: our WhatsApp number,benign,benign,en,a,nav,[TAG=a] [ROLE=nav] Snapdeal customer care: our WhatsApp number,benign:en:76,synthetic_v1,0,0,0,0,0,0,0,1
"1,187 जनाले हिउँदको ब्ल्याङ्केट मूल्याङ्कन गरे",benign,benign,ne,a,nav,"[TAG=a] [ROLE=nav] 1,187 जनाले हिउँदको ब्ल्याङ्केट मूल्याङ्कन गरे",benign:ne:67,synthetic_v1,0,0,0,0,0,0,0,1
रिफंड नीति: 2 कार्यदिवस में रिफंड,benign,benign,hi,h2,heading,[TAG=h2] [ROLE=heading] रिफंड नीति: 2 कार्यदिवस में रिफंड,benign:hi:59,synthetic_v1,0,0,0,0,0,0,0,1
कटन कुर्ता — रु. 199,benign,benign,ne,p,body,[TAG=p] [ROLE=body] कटन कुर्ता — रु. 199,benign:ne:46,synthetic_v1,0,0,0,0,0,0,0,1
"ग्राहक समीक्षाएँ (4,265)",benign,benign,hi,li,nav,"[TAG=li] [ROLE=nav] ग्राहक समीक्षाएँ (4,265)",benign:hi:03,synthetic_v1,0,0,0,0,0,0,0,1
Compare school bag prices on JioMart,benign,benign,en,li,nav,[TAG=li] [ROLE=nav] Compare school bag prices on JioMart,benign:en:74,synthetic_v1,0,0,0,0,0,0,0,1
View all sports sandals,benign,benign,en,a,nav,[TAG=a] [ROLE=nav] View all sports sandals,benign:en:20,synthetic_v1,0,0,0,0,0,0,0,1
EMI from Rs. 49 on smartwatch,benign,benign,en,button,cta,[TAG=button] [ROLE=cta] EMI from Rs. 49 on smartwatch,benign:en:75,synthetic_v1,0,0,0,0,0,0,0,1
Ajio मा कटन कुर्ता खोज्नुहोस्,benign,benign,ne,span,label,[TAG=span] [ROLE=label] Ajio मा कटन कुर्ता खोज्नुहोस्,benign:ne:66,synthetic_v1,0,0,0,0,0,0,0,1
"तनहुँ मा स्टकमा, 4 दिनमा पठाइन्छ",benign,benign,ne,li,nav,"[TAG=li] [ROLE=nav] तनहुँ मा स्टकमा, 4 दिनमा पठाइन्छ",benign:ne:76,synthetic_v1,0,0,0,0,0,0,0,1
Search yoga mat on Muncha,benign,benign,en,button,cta,[TAG=button] [ROLE=cta] Search yoga mat on Muncha,benign:en:67,synthetic_v1,0,0,0,0,0,0,0,1
"power bank — 18,332 reviews, Indore warehouse",benign,benign,en,button,cta,"[TAG=button] [ROLE=cta] power bank — 18,332 reviews, Indore warehouse",benign:en:73,synthetic_v1,0,0,0,0,0,0,0,1
"Seller: Bikash Traders, Butwal",benign,benign,en,h2,heading,"[TAG=h2] [ROLE=heading] Seller: Bikash Traders, Butwal",benign:en:49,synthetic_v1,0,0,0,0,0,0,0,1
डेनिम जींस पर रु. 599 से EMI,benign,benign,hi,span,label,[TAG=span] [ROLE=label] डेनिम जींस पर रु. 599 से EMI,benign:hi:74,synthetic_v1,0,0,0,0,0,0,0,1
HamroBazar मा स्कुल ब्याग — रु. 199,benign,benign,ne,li,nav,[TAG=li] [ROLE=nav] HamroBazar मा स्कुल ब्याग — रु. 199,benign:ne:62,synthetic_v1,0,0,0,0,0,0,0,1
48 लोगों ने फॉर्मल शर्ट को रेट किया,benign,benign,hi,span,label,[TAG=span] [ROLE=label] 48 लोगों ने फॉर्मल शर्ट को रेट किया,benign:hi:67,synthetic_v1,0,0,0,0,0,0,0,1
Reliance Digital पर योगा मैट — रु. 699,benign,benign,hi,label,form,[TAG=label] [ROLE=form] Reliance Digital पर योगा मैट — रु. 699,benign:hi:62,synthetic_v1,0,0,0,0,0,0,0,1
"1,024 जनाले फोन कभर मूल्याङ्कन गरे",benign,benign,ne,p,body,"[TAG=p] [ROLE=body] 1,024 जनाले फोन कभर मूल्याङ्कन गरे",benign:ne:67,synthetic_v1,0,0,0,0,0,0,0,1
"वायरलेस ईयरबड्स — 1,502 समीक्षाएँ, हैदराबाद गोदाम",benign,benign,hi,a,nav,"[TAG=a] [ROLE=nav] वायरलेस ईयरबड्स — 1,502 समीक्षाएँ, हैदराबाद गोदाम",benign:hi:72,synthetic_v1,0,0,0,0,0,0,0,1
JioMart पर इंडक्शन चूल्हा — रु. 149,benign,benign,hi,label,form,[TAG=label] [ROLE=form] JioMart पर इंडक्शन चूल्हा — रु. 149,benign:hi:62,synthetic_v1,0,0,0,0,0,0,0,1
Return within 3 days,benign,benign,en,button,cta,[TAG=button] [ROLE=cta] Return within 3 days,benign:en:04,synthetic_v1,0,0,0,0,0,0,0,1
गोरखा मा 3 दिनमा डेलिभरी,benign,benign,ne,p,body,[TAG=p] [ROLE=body] गोरखा मा 3 दिनमा डेलिभरी,benign:ne:63,synthetic_v1,0,0,0,0,0,0,0,1
"विक्रेता: दीपेश स्टोर, भोपाल",benign,benign,hi,li,nav,"[TAG=li] [ROLE=nav] विक्रेता: दीपेश स्टोर, भोपाल",benign:hi:64,synthetic_v1,0,0,0,0,0,0,0,1
"gaming mouse — 1,187 reviews, Pokhara warehouse",benign,benign,en,h2,heading,"[TAG=h2] [ROLE=heading] gaming mouse — 1,187 reviews, Pokhara warehouse",benign:en:73,synthetic_v1,0,0,0,0,0,0,0,1
नेपालगन्ज ढुवानी: रु. 999,benign,benign,ne,p,body,[TAG=p] [ROLE=body] नेपालगन्ज ढुवानी: रु. 999,benign:ne:71,synthetic_v1,0,0,0,0,0,0,0,1
Delivery to Surat in 2 days,benign,benign,en,button,cta,[TAG=button] [ROLE=cta] Delivery to Surat in 2 days,benign:en:64,synthetic_v1,0,0,0,0,0,0,0,1
Price: Rs. 599,benign,benign,en,label,form,[TAG=label] [ROLE=form] Price: Rs. 599,benign:en:45,synthetic_v1,0,0,0,0,0,0,0,1
इंडक्शन चूल्हा पर रु. 449 से EMI,benign,benign,hi,li,nav,[TAG=li] [ROLE=nav] इंडक्शन चूल्हा पर रु. 449 से EMI,benign:hi:74,synthetic_v1,0,0,0,0,0,0,0,1
15% off noise cancelling headphones at Zepto,benign,benign,en,h2,heading,[TAG=h2] [ROLE=heading] 15% off noise cancelling headphones at Zepto,benign:en:71,synthetic_v1,0,0,0,0,0,0,0,1
"1,024 verified reviews",benign,benign,en,span,label,"[TAG=span] [ROLE=label] 1,024 verified reviews",benign:en:23,synthetic_v1,0,0,0,0,0,0,0,1
"विक्रेता: स्नेहा स्टोर, नागपुर",benign,benign,hi,p,body,"[TAG=p] [ROLE=body] विक्रेता: स्नेहा स्टोर, नागपुर",benign:hi:64,synthetic_v1,0,0,0,0,0,0,0,1
Lenskart customer care: our email desk,benign,benign,en,h2,heading,[TAG=h2] [ROLE=heading] Lenskart customer care: our email desk,benign:en:76,synthetic_v1,0,0,0,0,0,0,0,1
Size guide for study lamp,benign,benign,en,label,form,[TAG=label] [ROLE=form] Size guide for study lamp,benign:en:05,synthetic_v1,0,0,0,0,0,0,0,1
"In stock in Hyderabad, ships in 4 days",benign,benign,en,label,form,"[TAG=label] [ROLE=form] In stock in Hyderabad, ships in 4 days",benign:en:77,synthetic_v1,0,0,0,0,0,0,0,1
Snapdeal फिर्ता नीति: 4 दिन,benign,benign,ne,button,cta,[TAG=button] [ROLE=cta] Snapdeal फिर्ता नीति: 4 दिन,benign:ne:65,synthetic_v1,0,0,0,0,0,0,0,1
"बिक्रेता: मीरा ट्रेडर्स, विराटनगर",benign,benign,ne,span,label,"[TAG=span] [ROLE=label] बिक्रेता: मीरा ट्रेडर्स, विराटनगर",benign:ne:48,synthetic_v1,0,0,0,0,0,0,0,1
"पानीको बोतल — 149 समीक्षा, चितवन गोदाम",benign,benign,ne,label,form,"[TAG=label] [ROLE=form] पानीको बोतल — 149 समीक्षा, चितवन गोदाम",benign:ne:72,synthetic_v1,0,0,0,0,0,0,0,1
701 people rated electric kettle,benign,benign,en,button,cta,[TAG=button] [ROLE=cta] 701 people rated electric kettle,benign:en:68,synthetic_v1,0,0,0,0,0,0,0,1
फॉर्मल शर्ट कार्ट में जोड़ें,benign,benign,hi,a,nav,[TAG=a] [ROLE=nav] फॉर्मल शर्ट कार्ट में जोड़ें,benign:hi:00,synthetic_v1,0,0,0,0,0,0,0,1
Delivery to Nepalgunj in 2 days,benign,benign,en,li,nav,[TAG=li] [ROLE=nav] Delivery to Nepalgunj in 2 days,benign:en:64,synthetic_v1,0,0,0,0,0,0,0,1
"बिक्रेता: अनिता ट्रेडर्स, नेपालगन्ज",benign,benign,ne,li,nav,"[TAG=li] [ROLE=nav] बिक्रेता: अनिता ट्रेडर्स, नेपालगन्ज",benign:ne:48,synthetic_v1,0,0,0,0,0,0,0,1
No thanks,benign,benign,en,a,nav,[TAG=a] [ROLE=nav] No thanks,benign:en:53,synthetic_v1,0,0,0,0,0,0,0,1
मूल्य: रु. 699,benign,benign,ne,h2,heading,[TAG=h2] [ROLE=heading] मूल्य: रु. 699,benign:ne:45,synthetic_v1,0,0,0,0,0,0,0,1
"14,860 लोगों ने गेमिंग माउस को रेट किया",benign,benign,hi,a,nav,"[TAG=a] [ROLE=nav] 14,860 लोगों ने गेमिंग माउस को रेट किया",benign:hi:67,synthetic_v1,0,0,0,0,0,0,0,1
Tata Cliq मा फेस वास मा 30% छुट,benign,benign,ne,p,body,[TAG=p] [ROLE=body] Tata Cliq मा फेस वास मा 30% छुट,benign:ne:70,synthetic_v1,0,0,0,0,0,0,0,1
"4,265 लोगों ने डेनिम जींस को रेट किया",benign,benign,hi,p,body,"[TAG=p] [ROLE=body] 4,265 लोगों ने डेनिम जींस को रेट किया",benign:hi:67,synthetic_v1,0,0,0,0,0,0,0,1
wireless earbuds — Rs. 599,benign,benign,en,li,nav,[TAG=li] [ROLE=nav] wireless earbuds — Rs. 599,benign:en:46,synthetic_v1,0,0,0,0,0,0,0,1
"जनकपुर मा स्टकमा, 3 दिनमा पठाइन्छ",benign,benign,ne,a,nav,"[TAG=a] [ROLE=nav] जनकपुर मा स्टकमा, 3 दिनमा पठाइन्छ",benign:ne:76,synthetic_v1,0,0,0,0,0,0,0,1
नॉइज़ कैंसलिंग हेडफोन खोजें,benign,benign,hi,li,nav,[TAG=li] [ROLE=nav] नॉइज़ कैंसलिंग हेडफोन खोजें,benign:hi:14,synthetic_v1,0,0,0,0,0,0,0,1
sports sandals — Rs. 449,benign,benign,en,button,cta,[TAG=button] [ROLE=cta] sports sandals — Rs. 449,benign:en:46,synthetic_v1,0,0,0,0,0,0,0,1
Flipkart रिटर्न नीति: 5 दिन,benign,benign,hi,li,nav,[TAG=li] [ROLE=nav] Flipkart रिटर्न नीति: 5 दिन,benign:hi:65,synthetic_v1,0,0,0,0,0,0,0,1
रु. 499/महिनाबाट EMI विकल्प,benign,benign,ne,button,cta,[TAG=button] [ROLE=cta] रु. 499/महिनाबाट EMI विकल्प,benign:ne:34,synthetic_v1,0,0,0,0,0,0,0,1
डेनिम जिन्स — रु. 999,benign,benign,ne,button,cta,[TAG=button] [ROLE=cta] डेनिम जिन्स — रु. 999,benign:ne:46,synthetic_v1,0,0,0,0,0,0,0,1
Lenskart मा फेस वास मा 40% छुट,benign,benign,ne,a,nav,[TAG=a] [ROLE=nav] Lenskart मा फेस वास मा 40% छुट,benign:ne:70,synthetic_v1,0,0,0,0,0,0,0,1
EMI from Rs. 899 on protein powder,benign,benign,en,p,body,[TAG=p] [ROLE=body] EMI from Rs. 899 on protein powder,benign:en:75,synthetic_v1,0,0,0,0,0,0,0,1
Thulo मा फेस वास मा 25% छुट,benign,benign,ne,label,form,[TAG=label] [ROLE=form] Thulo मा फेस वास मा 25% छुट,benign:ne:70,synthetic_v1,0,0,0,0,0,0,0,1
Search laptop bag on Ajio,benign,benign,en,span,label,[TAG=span] [ROLE=label] Search laptop bag on Ajio,benign:en:67,synthetic_v1,0,0,0,0,0,0,0,1
रांची शिपिंग: रु. 899,benign,benign,hi,p,body,[TAG=p] [ROLE=body] रांची शिपिंग: रु. 899,benign:hi:71,synthetic_v1,0,0,0,0,0,0,0,1
766 थान बिक्री भयो,benign,benign,ne,label,form,[TAG=label] [ROLE=form] 766 थान बिक्री भयो,benign:ne:47,synthetic_v1,0,0,0,0,0,0,0,1
"बिक्रेता: प्रिया ट्रेडर्स, जनकपुर",benign,benign,ne,a,nav,"[TAG=a] [ROLE=nav] बिक्रेता: प्रिया ट्रेडर्स, जनकपुर",benign:ne:48,synthetic_v1,0,0,0,0,0,0,0,1
पानीको बोतल उपलब्ध भएपछि जानकारी दिनुहोस्,benign,benign,ne,li,nav,[TAG=li] [ROLE=nav] पानीको बोतल उपलब्ध भएपछि जानकारी दिनुहोस्,benign:ne:33,synthetic_v1,0,0,0,0,0,0,0,1
Snapdeal पर स्मार्टवॉच की कीमतों की तुलना करें,benign,benign,hi,a,nav,[TAG=a] [ROLE=nav] Snapdeal पर स्मार्टवॉच की कीमतों की तुलना करें,benign:hi:73,synthetic_v1,0,0,0,0,0,0,0,1
EMI from Rs. 49 on denim jeans,benign,benign,en,a,nav,[TAG=a] [ROLE=nav] EMI from Rs. 49 on denim jeans,benign:en:75,synthetic_v1,0,0,0,0,0,0,0,1
SastoDeal पर स्मार्टवॉच पर 10% छूट,benign,benign,hi,a,nav,[TAG=a] [ROLE=nav] SastoDeal पर स्मार्टवॉच पर 10% छूट,benign:hi:70,synthetic_v1,0,0,0,0,0,0,0,1
प्रोटीन पाउडर की तुलना करें,benign,benign,hi,h2,heading,[TAG=h2] [ROLE=heading] प्रोटीन पाउडर की तुलना करें,benign:hi:12,synthetic_v1,0,0,0,0,0,0,0,1
Reliance Digital ईमेल एक क्लिक में अनसब्सक्राइब करें,benign,benign,hi,span,label,[TAG=span] [ROLE=label] Reliance Digital ईमेल एक क्लिक में अनसब्सक्राइब करें,benign:hi:69,synthetic_v1,0,0,0,0,0,0,0,1
मेरो अर्डरबाट Croma अर्डर रद्द गर्नुहोस्,benign,benign,ne,span,label,[TAG=span] [ROLE=label] मेरो अर्डरबाट Croma अर्डर रद्द गर्नुहोस्,benign:ne:68,synthetic_v1,0,0,0,0,0,0,0,1
Lenskart return policy: 10 days,benign,benign,en,button,cta,[TAG=button] [ROLE=cta] Lenskart return policy: 10 days,benign:en:66,synthetic_v1,0,0,0,0,0,0,0,1
Meesho return policy: 9 days,benign,benign,en,h2,heading,[TAG=h2] [ROLE=heading] Meesho return policy: 9 days,benign:en:66,synthetic_v1,0,0,0,0,0,0,0,1
HamroBazar पर लैपटॉप बैग खोजें,benign,benign,hi,a,nav,[TAG=a] [ROLE=nav] HamroBazar पर लैपटॉप बैग खोजें,benign:hi:66,synthetic_v1,0,0,0,0,0,0,0,1
Muncha customer care: our Facebook page,benign,benign,en,p,body,[TAG=p] [ROLE=body] Muncha customer care: our Facebook page,benign:en:76,synthetic_v1,0,0,0,0,0,0,0,1
Delivery to Dharan in 7 days,benign,benign,en,span,label,[TAG=span] [ROLE=label] Delivery to Dharan in 7 days,benign:en:64,synthetic_v1,0,0,0,0,0,0,0,1
"Seller: Priya Traders, Kathmandu",benign,benign,en,button,cta,"[TAG=button] [ROLE=cta] Seller: Priya Traders, Kathmandu",benign:en:49,synthetic_v1,0,0,0,0,0,0,0,1
आगरा में कैश ऑन डिलीवरी उपलब्ध,benign,benign,hi,li,nav,[TAG=li] [ROLE=nav] आगरा में कैश ऑन डिलीवरी उपलब्ध,benign:hi:09,synthetic_v1,0,0,0,0,0,0,0,1
View all face wash,benign,benign,en,a,nav,[TAG=a] [ROLE=nav] View all face wash,benign:en:20,synthetic_v1,0,0,0,0,0,0,0,1
Croma मा अफिस कुर्सी खोज्नुहोस्,benign,benign,ne,button,cta,[TAG=button] [ROLE=cta] Croma मा अफिस कुर्सी खोज्नुहोस्,benign:ne:66,synthetic_v1,0,0,0,0,0,0,0,1
"Seller: Sita Traders, Kolkata",benign,benign,en,span,label,"[TAG=span] [ROLE=label] Seller: Sita Traders, Kolkata",benign:en:49,synthetic_v1,0,0,0,0,0,0,0,1
"बिक्रेता: प्रकाश ट्रेडर्स, बाँके",benign,benign,ne,button,cta,"[TAG=button] [ROLE=cta] बिक्रेता: प्रकाश ट्रेडर्स, बाँके",benign:ne:48,synthetic_v1,0,0,0,0,0,0,0,1
भोपाल शिपिंग: रु. 599,benign,benign,hi,span,label,[TAG=span] [ROLE=label] भोपाल शिपिंग: रु. 599,benign:hi:71,synthetic_v1,0,0,0,0,0,0,0,1
"In stock in Surat, ships in 7 days",benign,benign,en,a,nav,"[TAG=a] [ROLE=nav] In stock in Surat, ships in 7 days",benign:en:77,synthetic_v1,0,0,0,0,0,0,0,1
EMI options available from Rs. 799/month,benign,benign,en,p,body,[TAG=p] [ROLE=body] EMI options available from Rs. 799/month,benign:en:34,synthetic_v1,0,0,0,0,0,0,0,1
63 लोगों ने एयर फ्रायर को रेट किया,benign,benign,hi,li,nav,[TAG=li] [ROLE=nav] 63 लोगों ने एयर फ्रायर को रेट किया,benign:hi:67,synthetic_v1,0,0,0,0,0,0,0,1
"Exchange offer up to Rs. 1,999",benign,benign,en,a,nav,"[TAG=a] [ROLE=nav] Exchange offer up to Rs. 1,999",benign:en:35,synthetic_v1,0,0,0,0,0,0,0,1
Nykaa पर पानी की बोतल की कीमतों की तुलना करें,benign,benign,hi,label,form,[TAG=label] [ROLE=form] Nykaa पर पानी की बोतल की कीमतों की तुलना करें,benign:hi:73,synthetic_v1,0,0,0,0,0,0,0,1
63 सत्यापित समीक्षाएँ,benign,benign,hi,label,form,[TAG=label] [ROLE=form] 63 सत्यापित समीक्षाएँ,benign:hi:23,synthetic_v1,0,0,0,0,0,0,0,1
SastoDeal मा स्कुल ब्याग मूल्य तुलना गर्नुहोस्,benign,benign,ne,p,body,[TAG=p] [ROLE=body] SastoDeal मा स्कुल ब्याग मूल्य तुलना गर्नुहोस्,benign:ne:73,synthetic_v1,0,0,0,0,0,0,0,1
wireless earbuds — Rs. 249,benign,benign,en,label,form,[TAG=label] [ROLE=form] wireless earbuds — Rs. 249,benign:en:46,synthetic_v1,0,0,0,0,0,0,0,1
Pepperfry ग्राहक सेवा: हाम्रो सपोर्ट नम्बर,benign,benign,ne,label,form,[TAG=label] [ROLE=form] Pepperfry ग्राहक सेवा: हाम्रो सपोर्ट नम्बर,benign:ne:75,synthetic_v1,0,0,0,0,0,0,0,1
running shoes — Rs. 199,benign,benign,en,span,label,[TAG=span] [ROLE=label] running shoes — Rs. 199,benign:en:46,synthetic_v1,0,0,0,0,0,0,0,1
"winter blanket — Rs. 1,499",benign,benign,en,label,form,"[TAG=label] [ROLE=form] winter blanket — Rs. 1,499",benign:en:46,synthetic_v1,0,0,0,0,0,0,0,1
Cancel your OkDam order from My Orders,benign,benign,en,li,nav,[TAG=li] [ROLE=nav] Cancel your OkDam order from My Orders,benign:en:69,synthetic_v1,0,0,0,0,0,0,0,1
धरान मा क्यास अन डेलिभरी उपलब्ध,benign,benign,ne,span,label,[TAG=span] [ROLE=label] धरान मा क्यास अन डेलिभरी उपलब्ध,benign:ne:09,synthetic_v1,0,0,0,0,0,0,0,1
सर्दी का कंबल की तुलना करें,benign,benign,hi,p,body,[TAG=p] [ROLE=body] सर्दी का कंबल की तुलना करें,benign:hi:12,synthetic_v1,0,0,0,0,0,0,0,1
112 थान बिक्री भयो,benign,benign,ne,span,label,[TAG=span] [ROLE=label] 112 थान बिक्री भयो,benign:ne:47,synthetic_v1,0,0,0,0,0,0,0,1
FirstCry पर धूप का चश्मा खोजें,benign,benign,hi,button,cta,[TAG=button] [ROLE=cta] FirstCry पर धूप का चश्मा खोजें,benign:hi:66,synthetic_v1,0,0,0,0,0,0,0,1
इंडक्शन चूल्हा — रु. 99,benign,benign,hi,span,label,[TAG=span] [ROLE=label] इंडक्शन चूल्हा — रु. 99,benign:hi:46,synthetic_v1,0,0,0,0,0,0,0,1
Ajio return policy: 10 days,benign,benign,en,li,nav,[TAG=li] [ROLE=nav] Ajio return policy: 10 days,benign:en:66,synthetic_v1,0,0,0,0,0,0,0,1
Size guide for noise cancelling headphones,benign,benign,en,a,nav,[TAG=a] [ROLE=nav] Size guide for noise cancelling headphones,benign:en:05,synthetic_v1,0,0,0,0,0,0,0,1
"विक्रेता: आरव स्टोर, पुणे",benign,benign,hi,h2,heading,"[TAG=h2] [ROLE=heading] विक्रेता: आरव स्टोर, पुणे",benign:hi:64,synthetic_v1,0,0,0,0,0,0,0,1
"कानपुर में स्टॉक में, 7 दिन में शिप",benign,benign,hi,li,nav,"[TAG=li] [ROLE=nav] कानपुर में स्टॉक में, 7 दिन में शिप",benign:hi:76,synthetic_v1,0,0,0,0,0,0,0,1
भक्तपुर ढुवानी: रु. 599,benign,benign,ne,h2,heading,[TAG=h2] [ROLE=heading] भक्तपुर ढुवानी: रु. 599,benign:ne:71,synthetic_v1,0,0,0,0,0,0,0,1
पावर ब्यांक मा रु. 249 बाट EMI,benign,benign,ne,li,nav,[TAG=li] [ROLE=nav] पावर ब्यांक मा रु. 249 बाट EMI,benign:ne:74,synthetic_v1,0,0,0,0,0,0,0,1
आप कभी भी अपने खाते से रद्द कर सकते हैं,benign,benign,hi,span,label,[TAG=span] [ROLE=label] आप कभी भी अपने खाते से रद्द कर सकते हैं,benign:hi:44,synthetic_v1,0,0,0,0,0,0,0,1
288 लोगों ने रनिंग शूज़ को रेट किया,benign,benign,hi,p,body,[TAG=p] [ROLE=body] 288 लोगों ने रनिंग शूज़ को रेट किया,benign:hi:67,synthetic_v1,0,0,0,0,0,0,0,1
"बैकपैक — रु. 1,999",benign,benign,hi,p,body,"[TAG=p] [ROLE=body] बैकपैक — रु. 1,999",benign:hi:46,synthetic_v1,0,0,0,0,0,0,0,1
"धनगढी मा स्टकमा, 7 दिनमा पठाइन्छ",benign,benign,ne,button,cta,"[TAG=button] [ROLE=cta] धनगढी मा स्टकमा, 7 दिनमा पठाइन्छ",benign:ne:76,synthetic_v1,0,0,0,0,0,0,0,1
112 सत्यापित समीक्षाएँ,benign,benign,hi,p,body,[TAG=p] [ROLE=body] 112 सत्यापित समीक्षाएँ,benign:hi:23,synthetic_v1,0,0,0,0,0,0,0,1
Shipping to Patna: Rs. 899,benign,benign,en,a,nav,[TAG=a] [ROLE=nav] Shipping to Patna: Rs. 899,benign:en:72,synthetic_v1,0,0,0,0,0,0,0,1
Pepperfry पर स्मार्टवॉच की कीमतों की तुलना करें,benign,benign,hi,button,cta,[TAG=button] [ROLE=cta] Pepperfry पर स्मार्टवॉच की कीमतों की तुलना करें,benign:hi:73,synthetic_v1,0,0,0,0,0,0,0,1
रु. 99/महीना से EMI विकल्प,benign,benign,hi,label,form,[TAG=label] [ROLE=form] रु. 99/महीना से EMI विकल्प,benign:hi:34,synthetic_v1,0,0,0,0,0,0,0,1
"Snapdeal पर डेनिम जींस — रु. 1,499",benign,benign,hi,span,label,"[TAG=span] [ROLE=label] Snapdeal पर डेनिम जींस — रु. 1,499",benign:hi:62,synthetic_v1,0,0,0,0,0,0,0,1
प्रोटीन पाउडर खोजें,benign,benign,hi,button,cta,[TAG=button] [ROLE=cta] प्रोटीन पाउडर खोजें,benign:hi:14,synthetic_v1,0,0,0,0,0,0,0,1
Gyapu मा ब्याकप्याक मा 80% छुट,benign,benign,ne,p,body,[TAG=p] [ROLE=body] Gyapu मा ब्याकप्याक मा 80% छुट,benign:ne:70,synthetic_v1,0,0,0,0,0,0,0,1
Gyapu मा गेमिङ माउस — रु. 799,benign,benign,ne,button,cta,[TAG=button] [ROLE=cta] Gyapu मा गेमिङ माउस — रु. 799,benign:ne:62,synthetic_v1,0,0,0,0,0,0,0,1
Ajio मा कटन कुर्ता मूल्य तुलना गर्नुहोस्,benign,benign,ne,span,label,[TAG=span] [ROLE=label] Ajio मा कटन कुर्ता मूल्य तुलना गर्नुहोस्,benign:ne:73,synthetic_v1,0,0,0,0,0,0,0,1
सबै वायरलेस इयरबड्स हेर्नुहोस्,benign,benign,ne,button,cta,[TAG=button] [ROLE=cta] सबै वायरलेस इयरबड्स हेर्नुहोस्,benign:ne:20,synthetic_v1,0,0,0,0,0,0,0,1
Search office chair on SastoDeal,benign,benign,en,label,form,[TAG=label] [ROLE=form] Search office chair on SastoDeal,benign:en:67,synthetic_v1,0,0,0,0,0,0,0,1
Size guide for bluetooth speaker,benign,benign,en,p,body,[TAG=p] [ROLE=body] Size guide for bluetooth speaker,benign:en:05,synthetic_v1,0,0,0,0,0,0,0,1
"11,204 people rated formal shirt",benign,benign,en,button,cta,"[TAG=button] [ROLE=cta] 11,204 people rated formal shirt",benign:en:68,synthetic_v1,0,0,0,0,0,0,0,1
पटना शिपिंग: रु. 599,benign,benign,hi,label,form,[TAG=label] [ROLE=form] पटना शिपिंग: रु. 599,benign:hi:71,synthetic_v1,0,0,0,0,0,0,0,1
"ऑफिस चेयर — 7,340 समीक्षाएँ, पुणे गोदाम",benign,benign,hi,h2,heading,"[TAG=h2] [ROLE=heading] ऑफिस चेयर — 7,340 समीक्षाएँ, पुणे गोदाम",benign:hi:72,synthetic_v1,0,0,0,0,0,0,0,1
"बिक्रेता: किरण स्टोर, बागलुङ",benign,benign,ne,p,body,"[TAG=p] [ROLE=body] बिक्रेता: किरण स्टोर, बागलुङ",benign:ne:64,synthetic_v1,0,0,0,0,0,0,0,1
Nykaa फिर्ता नीति: 6 दिन,benign,benign,ne,span,label,[TAG=span] [ROLE=label] Nykaa फिर्ता नीति: 6 दिन,benign:ne:65,synthetic_v1,0,0,0,0,0,0,0,1
भक्तपुर मा डेलिभरी,benign,benign,ne,li,nav,[TAG=li] [ROLE=nav] भक्तपुर मा डेलिभरी,benign:ne:37,synthetic_v1,0,0,0,0,0,0,0,1
Muncha मा फेस वास मूल्य तुलना गर्नुहोस्,benign,benign,ne,span,label,[TAG=span] [ROLE=label] Muncha मा फेस वास मूल्य तुलना गर्नुहोस्,benign:ne:73,synthetic_v1,0,0,0,0,0,0,0,1
मेरे ऑर्डर से Thulo ऑर्डर रद्द करें,benign,benign,hi,p,body,[TAG=p] [ROLE=body] मेरे ऑर्डर से Thulo ऑर्डर रद्द करें,benign:hi:68,synthetic_v1,0,0,0,0,0,0,0,1
FirstCry पर कॉफी मेकर की कीमतों की तुलना करें,benign,benign,hi,span,label,[TAG=span] [ROLE=label] FirstCry पर कॉफी मेकर की कीमतों की तुलना करें,benign:hi:73,synthetic_v1,0,0,0,0,0,0,0,1
एयर फ्रायर पर रु. 499 से EMI,benign,benign,hi,a,nav,[TAG=a] [ROLE=nav] एयर फ्रायर पर रु. 499 से EMI,benign:hi:74,synthetic_v1,0,0,0,0,0,0,0,1
बुटवल मा डेलिभरी,benign,benign,ne,a,nav,[TAG=a] [ROLE=nav] बुटवल मा डेलिभरी,benign:ne:37,synthetic_v1,0,0,0,0,0,0,0,1
"शिपिंग शुल्क: रु. 2,499 (भुगतान से पहले दिखेगा)",benign,benign,hi,h2,heading,"[TAG=h2] [ROLE=heading] शिपिंग शुल्क: रु. 2,499 (भुगतान से पहले दिखेगा)",benign:hi:43,synthetic_v1,0,0,0,0,0,0,0,1
आगरा में 7 दिन में डिलीवरी,benign,benign,hi,label,form,[TAG=label] [ROLE=form] आगरा में 7 दिन में डिलीवरी,benign:hi:63,synthetic_v1,0,0,0,0,0,0,0,1
25% off backpack at Salesberry,benign,benign,en,p,body,[TAG=p] [ROLE=body] 25% off backpack at Salesberry,benign:en:71,synthetic_v1,0,0,0,0,0,0,0,1
Myntra customer care: our WhatsApp number,benign,benign,en,button,cta,[TAG=button] [ROLE=cta] Myntra customer care: our WhatsApp number,benign:en:76,synthetic_v1,0,0,0,0,0,0,0,1
"ल्यापटप ब्याग — रु. 1,499",benign,benign,ne,p,body,"[TAG=p] [ROLE=body] ल्यापटप ब्याग — रु. 1,499",benign:ne:46,synthetic_v1,0,0,0,0,0,0,0,1
"Shipping to Dharan: Rs. 1,499",benign,benign,en,p,body,"[TAG=p] [ROLE=body] Shipping to Dharan: Rs. 1,499",benign:en:72,synthetic_v1,0,0,0,0,0,0,0,1
वीरगन्ज ढुवानी: रु. 399,benign,benign,ne,label,form,[TAG=label] [ROLE=form] वीरगन्ज ढुवानी: रु. 399,benign:ne:71,synthetic_v1,0,0,0,0,0,0,0,1
rice cooker — Rs. 199,benign,benign,en,h2,heading,[TAG=h2] [ROLE=heading] rice cooker — Rs. 199,benign:en:46,synthetic_v1,0,0,0,0,0,0,0,1
EMI from Rs. 599 on sports sandals,benign,benign,en,span,label,[TAG=span] [ROLE=label] EMI from Rs. 599 on sports sandals,benign:en:75,synthetic_v1,0,0,0,0,0,0,0,1
"बिक्रेता: किरण स्टोर, चितवन",benign,benign,ne,label,form,"[TAG=label] [ROLE=form] बिक्रेता: किरण स्टोर, चितवन",benign:ne:64,synthetic_v1,0,0,0,0,0,0,0,1
SastoDeal पर सर्दी का कंबल पर 35% छूट,benign,benign,hi,p,body,[TAG=p] [ROLE=body] SastoDeal पर सर्दी का कंबल पर 35% छूट,benign:hi:70,synthetic_v1,0,0,0,0,0,0,0,1
Compare gaming mouse,benign,benign,en,label,form,[TAG=label] [ROLE=form] Compare gaming mouse,benign:en:12,synthetic_v1,0,0,0,0,0,0,0,1
JioMart फिर्ता नीति: 7 दिन,benign,benign,ne,li,nav,[TAG=li] [ROLE=nav] JioMart फिर्ता नीति: 7 दिन,benign:ne:65,synthetic_v1,0,0,0,0,0,0,0,1
"In stock in Lalitpur, ships in 14 days",benign,benign,en,p,body,"[TAG=p] [ROLE=body] In stock in Lalitpur, ships in 14 days",benign:en:77,synthetic_v1,0,0,0,0,0,0,0,1
हेयर ड्रायर — रु. 599,benign,benign,ne,a,nav,[TAG=a] [ROLE=nav] हेयर ड्रायर — रु. 599,benign:ne:46,synthetic_v1,0,0,0,0,0,0,0,1
रिफन्ड नीति: 14 कार्य दिनमा रिफन्ड,benign,benign,ne,h2,heading,[TAG=h2] [ROLE=heading] रिफन्ड नीति: 14 कार्य दिनमा रिफन्ड,benign:ne:59,synthetic_v1,0,0,0,0,0,0,0,1
"ब्लूटूथ स्पीकर पर रु. 1,999 से EMI",benign,benign,hi,li,nav,"[TAG=li] [ROLE=nav] ब्लूटूथ स्पीकर पर रु. 1,999 से EMI",benign:hi:74,synthetic_v1,0,0,0,0,0,0,0,1
धूप का चश्मा की तुलना करें,benign,benign,hi,p,body,[TAG=p] [ROLE=body] धूप का चश्मा की तुलना करें,benign:hi:12,synthetic_v1,0,0,0,0,0,0,0,1
इलेक्ट्रिक केतली का लागि साइज गाइड,benign,benign,ne,h2,heading,[TAG=h2] [ROLE=heading] इलेक्ट्रिक केतली का लागि साइज गाइड,benign:ne:05,synthetic_v1,0,0,0,0,0,0,0,1
"21,507 प्रमाणित समीक्षा",benign,benign,ne,button,cta,"[TAG=button] [ROLE=cta] 21,507 प्रमाणित समीक्षा",benign:ne:23,synthetic_v1,0,0,0,0,0,0,0,1
Nykaa customer care: our WhatsApp number,benign,benign,en,button,cta,[TAG=button] [ROLE=cta] Nykaa customer care: our WhatsApp number,benign:en:76,synthetic_v1,0,0,0,0,0,0,0,1
साइन इन गर्नुहोस्,benign,benign,ne,a,nav,[TAG=a] [ROLE=nav] साइन इन गर्नुहोस्,benign:ne:26,synthetic_v1,0,0,0,0,0,0,0,1
लखनऊ शिपिंग: रु. 999,benign,benign,hi,button,cta,[TAG=button] [ROLE=cta] लखनऊ शिपिंग: रु. 999,benign:hi:71,synthetic_v1,0,0,0,0,0,0,0,1
"BigBasket मा फर्मल सर्ट — रु. 2,499",benign,benign,ne,label,form,"[TAG=label] [ROLE=form] BigBasket मा फर्मल सर्ट — रु. 2,499",benign:ne:62,synthetic_v1,0,0,0,0,0,0,0,1
Search winter blanket on Blinkit,benign,benign,en,a,nav,[TAG=a] [ROLE=nav] Search winter blanket on Blinkit,benign:en:67,synthetic_v1,0,0,0,0,0,0,0,1
"रु. 1,199 माथिको अर्डरमा निःशुल्क ढुवानी",benign,benign,ne,p,body,"[TAG=p] [ROLE=body] रु. 1,199 माथिको अर्डरमा निःशुल्क ढुवानी",benign:ne:01,synthetic_v1,0,0,0,0,0,0,0,1
Snapdeal पर स्पोर्ट्स सैंडल पर 10% छूट,benign,benign,hi,li,nav,[TAG=li] [ROLE=nav] Snapdeal पर स्पोर्ट्स सैंडल पर 10% छूट,benign:hi:70,synthetic_v1,0,0,0,0,0,0,0,1
Zepto रिटर्न नीति: 2 दिन,benign,benign,hi,button,cta,[TAG=button] [ROLE=cta] Zepto रिटर्न नीति: 2 दिन,benign:hi:65,synthetic_v1,0,0,0,0,0,0,0,1
Search rice cooker on Gyapu,benign,benign,en,button,cta,[TAG=button] [ROLE=cta] Search rice cooker on Gyapu,benign:en:67,synthetic_v1,0,0,0,0,0,0,0,1
फेस वॉश कार्ट में जोड़ें,benign,benign,hi,li,nav,[TAG=li] [ROLE=nav] फेस वॉश कार्ट में जोड़ें,benign:hi:00,synthetic_v1,0,0,0,0,0,0,0,1
Meesho मा नोइज क्यान्सलिङ हेडफोन — रु. 599,benign,benign,ne,h2,heading,[TAG=h2] [ROLE=heading] Meesho मा नोइज क्यान्सलिङ हेडफोन — रु. 599,benign:ne:62,synthetic_v1,0,0,0,0,0,0,0,1
लखनऊ शिपिंग: रु. 199,benign,benign,hi,h2,heading,[TAG=h2] [ROLE=heading] लखनऊ शिपिंग: रु. 199,benign:hi:71,synthetic_v1,0,0,0,0,0,0,0,1
Customer reviews (63),benign,benign,en,p,body,[TAG=p] [ROLE=body] Customer reviews (63),benign:en:03,synthetic_v1,0,0,0,0,0,0,0,1
"विक्रेता: आरव स्टोर, भोपाल",benign,benign,hi,li,nav,"[TAG=li] [ROLE=nav] विक्रेता: आरव स्टोर, भोपाल",benign:hi:64,synthetic_v1,0,0,0,0,0,0,0,1
"बिक्रेता: सञ्जय स्टोर, दमक",benign,benign,ne,p,body,"[TAG=p] [ROLE=body] बिक्रेता: सञ्जय स्टोर, दमक",benign:ne:64,synthetic_v1,0,0,0,0,0,0,0,1
Pepperfry पर नॉइज़ कैंसलिंग हेडफोन की कीमतों की तुलना करें,benign,benign,hi,label,form,[TAG=label] [ROLE=form] Pepperfry पर नॉइज़ कैंसलिंग हेडफोन की कीमतों की तुलना करें,benign:hi:73,synthetic_v1,0,0,0,0,0,0,0,1
Compare school bag prices on Pepperfry,benign,benign,en,p,body,[TAG=p] [ROLE=body] Compare school bag prices on Pepperfry,benign:en:74,synthetic_v1,0,0,0,0,0,0,0,1
"In stock in Hyderabad, ships in 10 days",benign,benign,en,li,nav,"[TAG=li] [ROLE=nav] In stock in Hyderabad, ships in 10 days",benign:en:77,synthetic_v1,0,0,0,0,0,0,0,1
"बिक्रेता: सुमन स्टोर, जनकपुर",benign,benign,ne,li,nav,"[TAG=li] [ROLE=nav] बिक्रेता: सुमन स्टोर, जनकपुर",benign:ne:64,synthetic_v1,0,0,0,0,0,0,0,1
gaming mouse — Rs. 349,benign,benign,en,label,form,[TAG=label] [ROLE=form] gaming mouse — Rs. 349,benign:en:46,synthetic_v1,0,0,0,0,0,0,0,1
766 जनाले पानीको बोतल मूल्याङ्कन गरे,benign,benign,ne,a,nav,[TAG=a] [ROLE=nav] 766 जनाले पानीको बोतल मूल्याङ्कन गरे,benign:ne:67,synthetic_v1,0,0,0,0,0,0,0,1
Croma मा फेस वास खोज्नुहोस्,benign,benign,ne,a,nav,[TAG=a] [ROLE=nav] Croma मा फेस वास खोज्नुहोस्,benign:ne:66,synthetic_v1,0,0,0,0,0,0,0,1
"रांची में स्टॉक में, 10 दिन में शिप",benign,benign,hi,label,form,"[TAG=label] [ROLE=form] रांची में स्टॉक में, 10 दिन में शिप",benign:hi:76,synthetic_v1,0,0,0,0,0,0,0,1
"Shipping to Chitwan: Rs. 1,199",benign,benign,en,h2,heading,"[TAG=h2] [ROLE=heading] Shipping to Chitwan: Rs. 1,199",benign:en:72,synthetic_v1,0,0,0,0,0,0,0,1
"विक्रेता: सागर ट्रेडर्स, रांची",benign,benign,hi,a,nav,"[TAG=a] [ROLE=nav] विक्रेता: सागर ट्रेडर्स, रांची",benign:hi:48,synthetic_v1,0,0,0,0,0,0,0,1
कीमत: रु. 249,benign,benign,hi,a,nav,[TAG=a] [ROLE=nav] कीमत: रु. 249,benign:hi:45,synthetic_v1,0,0,0,0,0,0,0,1
प्रोटिन पाउडर उपलब्ध भएपछि जानकारी दिनुहोस्,benign,benign,ne,a,nav,[TAG=a] [ROLE=nav] प्रोटिन पाउडर उपलब्ध भएपछि जानकारी दिनुहोस्,benign:ne:33,synthetic_v1,0,0,0,0,0,0,0,1
Cancel your Zepto order from My Orders,benign,benign,en,label,form,[TAG=label] [ROLE=form] Cancel your Zepto order from My Orders,benign:en:69,synthetic_v1,0,0,0,0,0,0,0,1
"1,024 सत्यापित समीक्षाएँ",benign,benign,hi,p,body,"[TAG=p] [ROLE=body] 1,024 सत्यापित समीक्षाएँ",benign:hi:23,synthetic_v1,0,0,0,0,0,0,0,1
Salesberry ईमेल एक क्लिक में अनसब्सक्राइब करें,benign,benign,hi,button,cta,[TAG=button] [ROLE=cta] Salesberry ईमेल एक क्लिक में अनसब्सक्राइब करें,benign:hi:69,synthetic_v1,0,0,0,0,0,0,0,1
SastoDeal मा स्मार्टवाच — रु. 799,benign,benign,ne,li,nav,[TAG=li] [ROLE=nav] SastoDeal मा स्मार्टवाच — रु. 799,benign:ne:62,synthetic_v1,0,0,0,0,0,0,0,1
Salesberry मा ल्यापटप ब्याग मूल्य तुलना गर्नुहोस्,benign,benign,ne,li,nav,[TAG=li] [ROLE=nav] Salesberry मा ल्यापटप ब्याग मूल्य तुलना गर्नुहोस्,benign:ne:73,synthetic_v1,0,0,0,0,0,0,0,1
"Sold by Jyoti Store, Bhaktapur",benign,benign,en,p,body,"[TAG=p] [ROLE=body] Sold by Jyoti Store, Bhaktapur",benign:en:65,synthetic_v1,0,0,0,0,0,0,0,1
"14,860 verified reviews",benign,benign,en,li,nav,"[TAG=li] [ROLE=nav] 14,860 verified reviews",benign:en:23,synthetic_v1,0,0,0,0,0,0,0,1
EMI from Rs. 699 on wireless earbuds,benign,benign,en,p,body,[TAG=p] [ROLE=body] EMI from Rs. 699 on wireless earbuds,benign:en:75,synthetic_v1,0,0,0,0,0,0,0,1
जयपुर शिपिंग: रु. 799,benign,benign,hi,li,nav,[TAG=li] [ROLE=nav] जयपुर शिपिंग: रु. 799,benign:hi:71,synthetic_v1,0,0,0,0,0,0,0,1
ललितपुर ढुवानी: रु. 449,benign,benign,ne,p,body,[TAG=p] [ROLE=body] ललितपुर ढुवानी: रु. 449,benign:ne:71,synthetic_v1,0,0,0,0,0,0,0,1
Search running shoes on Blinkit,benign,benign,en,span,label,[TAG=span] [ROLE=label] Search running shoes on Blinkit,benign:en:67,synthetic_v1,0,0,0,0,0,0,0,1
701 सत्यापित समीक्षाएँ,benign,benign,hi,button,cta,[TAG=button] [ROLE=cta] 701 सत्यापित समीक्षाएँ,benign:hi:23,synthetic_v1,0,0,0,0,0,0,0,1
"चितवन ढुवानी: रु. 1,199",benign,benign,ne,a,nav,"[TAG=a] [ROLE=nav] चितवन ढुवानी: रु. 1,199",benign:ne:71,synthetic_v1,0,0,0,0,0,0,0,1
"स्कुल ब्याग — रु. 2,999",benign,benign,ne,label,form,"[TAG=label] [ROLE=form] स्कुल ब्याग — रु. 2,999",benign:ne:46,synthetic_v1,0,0,0,0,0,0,0,1
ल्यापटप ब्याग मा रु. 49 बाट EMI,benign,benign,ne,span,label,[TAG=span] [ROLE=label] ल्यापटप ब्याग मा रु. 49 बाट EMI,benign:ne:74,synthetic_v1,0,0,0,0,0,0,0,1
"air fryer — Rs. 2,999",benign,benign,en,label,form,"[TAG=label] [ROLE=form] air fryer — Rs. 2,999",benign:en:46,synthetic_v1,0,0,0,0,0,0,0,1
तपाईंको अर्डर ट्रयाक गर्नुहोस्,benign,benign,ne,h2,heading,[TAG=h2] [ROLE=heading] तपाईंको अर्डर ट्रयाक गर्नुहोस्,benign:ne:06,synthetic_v1,0,0,0,0,0,0,0,1
Shipping to Jaipur: Rs. 199,benign,benign,en,label,form,[TAG=label] [ROLE=form] Shipping to Jaipur: Rs. 199,benign:en:72,synthetic_v1,0,0,0,0,0,0,0,1
50% off hair dryer at Meesho,benign,benign,en,button,cta,[TAG=button] [ROLE=cta] 50% off hair dryer at Meesho,benign:en:71,synthetic_v1,0,0,0,0,0,0,0,1
"cotton kurta — 26,940 reviews, Delhi warehouse",benign,benign,en,span,label,"[TAG=span] [ROLE=label] cotton kurta — 26,940 reviews, Delhi warehouse",benign:en:73,synthetic_v1,0,0,0,0,0,0,0,1
डेनिम जींस — रु. 399,benign,benign,hi,label,form,[TAG=label] [ROLE=form] डेनिम जींस — रु. 399,benign:hi:46,synthetic_v1,0,0,0,0,0,0,0,1
Shipping to Nepalgunj: Rs. 599,benign,benign,en,a,nav,[TAG=a] [ROLE=nav] Shipping to Nepalgunj: Rs. 599,benign:en:72,synthetic_v1,0,0,0,0,0,0,0,1
Amazon रिटर्न नीति: 6 दिन,benign,benign,hi,p,body,[TAG=p] [ROLE=body] Amazon रिटर्न नीति: 6 दिन,benign:hi:65,synthetic_v1,0,0,0,0,0,0,0,1
8 दिनों में वापसी,benign,benign,hi,label,form,[TAG=label] [ROLE=form] 8 दिनों में वापसी,benign:hi:04,synthetic_v1,0,0,0,0,0,0,0,1
कॉफी मेकर — रु. 899,benign,benign,hi,button,cta,[TAG=button] [ROLE=cta] कॉफी मेकर — रु. 899,benign:hi:46,synthetic_v1,0,0,0,0,0,0,0,1
रु. 149 से ऊपर के ऑर्डर पर मुफ़्त शिपिंग,benign,benign,hi,a,nav,[TAG=a] [ROLE=nav] रु. 149 से ऊपर के ऑर्डर पर मुफ़्त शिपिंग,benign:hi:01,synthetic_v1,0,0,0,0,0,0,0,1
Nykaa पर फोन कवर — रु. 499,benign,benign,hi,h2,heading,[TAG=h2] [ROLE=heading] Nykaa पर फोन कवर — रु. 499,benign:hi:62,synthetic_v1,0,0,0,0,0,0,0,1
सूरत में 10 दिन में डिलीवरी,benign,benign,hi,a,nav,[TAG=a] [ROLE=nav] सूरत में 10 दिन में डिलीवरी,benign:hi:63,synthetic_v1,0,0,0,0,0,0,0,1
power bank at Daraz — Rs. 199,benign,benign,en,label,form,[TAG=label] [ROLE=form] power bank at Daraz — Rs. 199,benign:en:63,synthetic_v1,0,0,0,0,0,0,0,1
कोलकाता शिपिंग: रु. 199,benign,benign,hi,a,nav,[TAG=a] [ROLE=nav] कोलकाता शिपिंग: रु. 199,benign:hi:71,synthetic_v1,0,0,0,0,0,0,0,1
"2,038 जनाले पावर ब्यांक मूल्याङ्कन गरे",benign,benign,ne,a,nav,"[TAG=a] [ROLE=nav] 2,038 जनाले पावर ब्यांक मूल्याङ्कन गरे",benign:ne:67,synthetic_v1,0,0,0,0,0,0,0,1
Salesberry ग्राहक सेवा: हाम्रो हेल्पलाइन,benign,benign,ne,p,body,[TAG=p] [ROLE=body] Salesberry ग्राहक सेवा: हाम्रो हेल्पलाइन,benign:ne:75,synthetic_v1,0,0,0,0,0,0,0,1
"Seller: Laxmi Traders, Butwal",benign,benign,en,label,form,"[TAG=label] [ROLE=form] Seller: Laxmi Traders, Butwal",benign:en:49,synthetic_v1,0,0,0,0,0,0,0,1
BigBasket return policy: 10 days,benign,benign,en,p,body,[TAG=p] [ROLE=body] BigBasket return policy: 10 days,benign:en:66,synthetic_v1,0,0,0,0,0,0,0,1
गोरखा मा डेलिभरी,benign,benign,ne,button,cta,[TAG=button] [ROLE=cta] गोरखा मा डेलिभरी,benign:ne:37,synthetic_v1,0,0,0,0,0,0,0,1
"भक्तपुर मा स्टकमा, 2 दिनमा पठाइन्छ",benign,benign,ne,p,body,"[TAG=p] [ROLE=body] भक्तपुर मा स्टकमा, 2 दिनमा पठाइन्छ",benign:ne:76,synthetic_v1,0,0,0,0,0,0,0,1
गेमिंग माउस — रु. 799,benign,benign,hi,label,form,[TAG=label] [ROLE=form] गेमिंग माउस — रु. 799,benign:hi:46,synthetic_v1,0,0,0,0,0,0,0,1
डेनिम जींस के लिए साइज़ गाइड,benign,benign,hi,li,nav,[TAG=li] [ROLE=nav] डेनिम जींस के लिए साइज़ गाइड,benign:hi:05,synthetic_v1,0,0,0,0,0,0,0,1
Tata Cliq ग्राहक सेवा: लाइभ च्याट,benign,benign,ne,span,label,[TAG=span] [ROLE=label] Tata Cliq ग्राहक सेवा: लाइभ च्याट,benign:ne:75,synthetic_v1,0,0,0,0,0,0,0,1
रु. 49/महीना से EMI विकल्प,benign,benign,hi,p,body,[TAG=p] [ROLE=body] रु. 49/महीना से EMI विकल्प,benign:hi:34,synthetic_v1,0,0,0,0,0,0,0,1
Snapdeal मा हिउँदको ब्ल्याङ्केट मा 10% छुट,benign,benign,ne,li,nav,[TAG=li] [ROLE=nav] Snapdeal मा हिउँदको ब्ल्याङ्केट मा 10% छुट,benign:ne:70,synthetic_v1,0,0,0,0,0,0,0,1
ट्रेकिंग जैकेट पर रु. 799 से EMI,benign,benign,hi,p,body,[TAG=p] [ROLE=body] ट्रेकिंग जैकेट पर रु. 799 से EMI,benign:hi:74,synthetic_v1,0,0,0,0,0,0,0,1
भोपाल शिपिंग: रु. 349,benign,benign,hi,label,form,[TAG=label] [ROLE=form] भोपाल शिपिंग: रु. 349,benign:hi:71,synthetic_v1,0,0,0,0,0,0,0,1
HamroBazar पर वायरलेस ईयरबड्स पर 25% छूट,benign,benign,hi,span,label,[TAG=span] [ROLE=label] HamroBazar पर वायरलेस ईयरबड्स पर 25% छूट,benign:hi:70,synthetic_v1,0,0,0,0,0,0,0,1
"Customer reviews (5,872)",benign,benign,en,button,cta,"[TAG=button] [ROLE=cta] Customer reviews (5,872)",benign:en:03,synthetic_v1,0,0,0,0,0,0,0,1
"विक्रेता: विकास ट्रेडर्स, रांची",benign,benign,hi,span,label,"[TAG=span] [ROLE=label] विक्रेता: विकास ट्रेडर्स, रांची",benign:hi:48,synthetic_v1,0,0,0,0,0,0,0,1
"बुटवल मा स्टकमा, 10 दिनमा पठाइन्छ",benign,benign,ne,a,nav,"[TAG=a] [ROLE=nav] बुटवल मा स्टकमा, 10 दिनमा पठाइन्छ",benign:ne:76,synthetic_v1,0,0,0,0,0,0,0,1
"ग्राहक समीक्षा (1,765)",benign,benign,ne,button,cta,"[TAG=button] [ROLE=cta] ग्राहक समीक्षा (1,765)",benign:ne:03,synthetic_v1,0,0,0,0,0,0,0,1
70% off air fryer at Snapdeal,benign,benign,en,label,form,[TAG=label] [ROLE=form] 70% off air fryer at Snapdeal,benign:en:71,synthetic_v1,0,0,0,0,0,0,0,1
Exchange offer up to Rs. 999,benign,benign,en,a,nav,[TAG=a] [ROLE=nav] Exchange offer up to Rs. 999,benign:en:35,synthetic_v1,0,0,0,0,0,0,0,1
"In stock in Biratnagar, ships in 3 days",benign,benign,en,p,body,"[TAG=p] [ROLE=body] In stock in Biratnagar, ships in 3 days",benign:en:77,synthetic_v1,0,0,0,0,0,0,0,1
"7,340 people rated laptop bag",benign,benign,en,label,form,"[TAG=label] [ROLE=form] 7,340 people rated laptop bag",benign:en:68,synthetic_v1,0,0,0,0,0,0,0,1
"इलेक्ट्रिक केतली — 186 समीक्षा, बागलुङ गोदाम",benign,benign,ne,p,body,"[TAG=p] [ROLE=body] इलेक्ट्रिक केतली — 186 समीक्षा, बागलुङ गोदाम",benign:ne:72,synthetic_v1,0,0,0,0,0,0,0,1
SastoDeal ग्राहक सेवा: कल सेन्टर,benign,benign,ne,h2,heading,[TAG=h2] [ROLE=heading] SastoDeal ग्राहक सेवा: कल सेन्टर,benign:ne:75,synthetic_v1,0,0,0,0,0,0,0,1
Compare cotton kurta prices on Tata Cliq,benign,benign,en,p,body,[TAG=p] [ROLE=body] Compare cotton kurta prices on Tata Cliq,benign:en:74,synthetic_v1,0,0,0,0,0,0,0,1
"Sold by Priya Store, Kolkata",benign,benign,en,button,cta,"[TAG=button] [ROLE=cta] Sold by Priya Store, Kolkata",benign:en:65,synthetic_v1,0,0,0,0,0,0,0,1
512 लोगों ने ऑफिस चेयर को रेट किया,benign,benign,hi,button,cta,[TAG=button] [ROLE=cta] 512 लोगों ने ऑफिस चेयर को रेट किया,benign:hi:67,synthetic_v1,0,0,0,0,0,0,0,1
"Seller: Bikash Traders, Pokhara",benign,benign,en,span,label,"[TAG=span] [ROLE=label] Seller: Bikash Traders, Pokhara",benign:en:49,synthetic_v1,0,0,0,0,0,0,0,1
Cash on delivery available in Biratnagar,benign,benign,en,p,body,[TAG=p] [ROLE=body] Cash on delivery available in Biratnagar,benign:en:09,synthetic_v1,0,0,0,0,0,0,0,1
SastoDeal ग्राहक सेवा: हाम्रो इमेल डेस्क,benign,benign,ne,a,nav,[TAG=a] [ROLE=nav] SastoDeal ग्राहक सेवा: हाम्रो इमेल डेस्क,benign:ne:75,synthetic_v1,0,0,0,0,0,0,0,1
Salesberry ग्राहक सेवा: हाम्रो इमेल डेस्क,benign,benign,ne,p,body,[TAG=p] [ROLE=body] Salesberry ग्राहक सेवा: हाम्रो इमेल डेस्क,benign:ne:75,synthetic_v1,0,0,0,0,0,0,0,1
Blinkit फिर्ता नीति: 4 दिन,benign,benign,ne,button,cta,[TAG=button] [ROLE=cta] Blinkit फिर्ता नीति: 4 दिन,benign:ne:65,synthetic_v1,0,0,0,0,0,0,0,1
रु. 399/महिनाबाट EMI विकल्प,benign,benign,ne,h2,heading,[TAG=h2] [ROLE=heading] रु. 399/महिनाबाट EMI विकल्प,benign:ne:34,synthetic_v1,0,0,0,0,0,0,0,1
FirstCry फिर्ता नीति: 6 दिन,benign,benign,ne,h2,heading,[TAG=h2] [ROLE=heading] FirstCry फिर्ता नीति: 6 दिन,benign:ne:65,synthetic_v1,0,0,0,0,0,0,0,1
"In stock in Kolkata, ships in 14 days",benign,benign,en,button,cta,"[TAG=button] [ROLE=cta] In stock in Kolkata, ships in 14 days",benign:en:77,synthetic_v1,0,0,0,0,0,0,0,1
Myntra पर ऑफिस चेयर पर 5% छूट,benign,benign,hi,span,label,[TAG=span] [ROLE=label] Myntra पर ऑफिस चेयर पर 5% छूट,benign:hi:70,synthetic_v1,0,0,0,0,0,0,0,1
पुणे में 5 दिन में डिलीवरी,benign,benign,hi,span,label,[TAG=span] [ROLE=label] पुणे में 5 दिन में डिलीवरी,benign:hi:63,synthetic_v1,0,0,0,0,0,0,0,1
BigBasket फिर्ता नीति: 8 दिन,benign,benign,ne,span,label,[TAG=span] [ROLE=label] BigBasket फिर्ता नीति: 8 दिन,benign:ne:65,synthetic_v1,0,0,0,0,0,0,0,1
455 जनाले रनिङ जुत्ता मूल्याङ्कन गरे,benign,benign,ne,h2,heading,[TAG=h2] [ROLE=heading] 455 जनाले रनिङ जुत्ता मूल्याङ्कन गरे,benign:ne:67,synthetic_v1,0,0,0,0,0,0,0,1
5% off cotton kurta at Amazon,benign,benign,en,li,nav,[TAG=li] [ROLE=nav] 5% off cotton kurta at Amazon,benign:en:71,synthetic_v1,0,0,0,0,0,0,0,1
"Seller: Sneha Traders, Delhi",benign,benign,en,li,nav,"[TAG=li] [ROLE=nav] Seller: Sneha Traders, Delhi",benign:en:49,synthetic_v1,0,0,0,0,0,0,0,1
"डेनिम जिन्स मा रु. 2,999 बाट EMI",benign,benign,ne,label,form,"[TAG=label] [ROLE=form] डेनिम जिन्स मा रु. 2,999 बाट EMI",benign:ne:74,synthetic_v1,0,0,0,0,0,0,0,1
"बिक्रेता: दीपा ट्रेडर्स, तनहुँ",benign,benign,ne,button,cta,"[TAG=button] [ROLE=cta] बिक्रेता: दीपा ट्रेडर्स, तनहुँ",benign:ne:48,synthetic_v1,0,0,0,0,0,0,0,1
"भक्तपुर ढुवानी: रु. 1,199",benign,benign,ne,a,nav,"[TAG=a] [ROLE=nav] भक्तपुर ढुवानी: रु. 1,199",benign:ne:71,synthetic_v1,0,0,0,0,0,0,0,1
"EMI from Rs. 1,499 on yoga mat",benign,benign,en,p,body,"[TAG=p] [ROLE=body] EMI from Rs. 1,499 on yoga mat",benign:en:75,synthetic_v1,0,0,0,0,0,0,0,1
दमक मा 3 दिनमा डेलिभरी,benign,benign,ne,p,body,[TAG=p] [ROLE=body] दमक मा 3 दिनमा डेलिभरी,benign:ne:63,synthetic_v1,0,0,0,0,0,0,0,1
BigBasket मा स्मार्टवाच खोज्नुहोस्,benign,benign,ne,button,cta,[TAG=button] [ROLE=cta] BigBasket मा स्मार्टवाच खोज्नुहोस्,benign:ne:66,synthetic_v1,0,0,0,0,0,0,0,1
"स्मार्टवॉच पर रु. 1,999 से EMI",benign,benign,hi,span,label,"[TAG=span] [ROLE=label] स्मार्टवॉच पर रु. 1,999 से EMI",benign:hi:74,synthetic_v1,0,0,0,0,0,0,0,1
766 जनाले ट्रेकिङ ज्याकेट मूल्याङ्कन गरे,benign,benign,ne,li,nav,[TAG=li] [ROLE=nav] 766 जनाले ट्रेकिङ ज्याकेट मूल्याङ्कन गरे,benign:ne:67,synthetic_v1,0,0,0,0,0,0,0,1
पानी की बोतल पर रु. 799 से EMI,benign,benign,hi,button,cta,[TAG=button] [ROLE=cta] पानी की बोतल पर रु. 799 से EMI,benign:hi:74,synthetic_v1,0,0,0,0,0,0,0,1
View all sunglasses,benign,benign,en,label,form,[TAG=label] [ROLE=form] View all sunglasses,benign:en:20,synthetic_v1,0,0,0,0,0,0,0,1
Notify me when noise cancelling headphones is available,benign,benign,en,h2,heading,[TAG=h2] [ROLE=heading] Notify me when noise cancelling headphones is available,benign:en:33,synthetic_v1,0,0,0,0,0,0,0,1
सर्दी का कंबल — रु. 799,benign,benign,hi,button,cta,[TAG=button] [ROLE=cta] सर्दी का कंबल — रु. 799,benign:hi:46,synthetic_v1,0,0,0,0,0,0,0,1
इलेक्ट्रिक केतली तुलना गर्नुहोस्,benign,benign,ne,span,label,[TAG=span] [ROLE=label] इलेक्ट्रिक केतली तुलना गर्नुहोस्,benign:ne:12,synthetic_v1,0,0,0,0,0,0,0,1
Delivering to Patna,benign,benign,en,span,label,[TAG=span] [ROLE=label] Delivering to Patna,benign:en:37,synthetic_v1,0,0,0,0,0,0,0,1
"14,860 people rated hair dryer",benign,benign,en,p,body,"[TAG=p] [ROLE=body] 14,860 people rated hair dryer",benign:en:68,synthetic_v1,0,0,0,0,0,0,0,1
"विक्रेता: प्रकाश स्टोर, कोलकाता",benign,benign,hi,h2,heading,"[TAG=h2] [ROLE=heading] विक्रेता: प्रकाश स्टोर, कोलकाता",benign:hi:64,synthetic_v1,0,0,0,0,0,0,0,1
149 सत्यापित समीक्षाएँ,benign,benign,hi,span,label,[TAG=span] [ROLE=label] 149 सत्यापित समीक्षाएँ,benign:hi:23,synthetic_v1,0,0,0,0,0,0,0,1
रु. 299/महीना से EMI विकल्प,benign,benign,hi,span,label,[TAG=span] [ROLE=label] रु. 299/महीना से EMI विकल्प,benign:hi:34,synthetic_v1,0,0,0,0,0,0,0,1
वीरगन्ज ढुवानी: रु. 249,benign,benign,ne,h2,heading,[TAG=h2] [ROLE=heading] वीरगन्ज ढुवानी: रु. 249,benign:ne:71,synthetic_v1,0,0,0,0,0,0,0,1
Delivery to Lalitpur in 10 days,benign,benign,en,label,form,[TAG=label] [ROLE=form] Delivery to Lalitpur in 10 days,benign:en:64,synthetic_v1,0,0,0,0,0,0,0,1
Zepto मा फर्मल सर्ट मूल्य तुलना गर्नुहोस्,benign,benign,ne,a,nav,[TAG=a] [ROLE=nav] Zepto मा फर्मल सर्ट मूल्य तुलना गर्नुहोस्,benign:ne:73,synthetic_v1,0,0,0,0,0,0,0,1
लखनऊ में डिलीवरी,benign,benign,hi,li,nav,[TAG=li] [ROLE=nav] लखनऊ में डिलीवरी,benign:hi:37,synthetic_v1,0,0,0,0,0,0,0,1
"विक्रेता: प्रिया ट्रेडर्स, जयपुर",benign,benign,hi,label,form,"[TAG=label] [ROLE=form] विक्रेता: प्रिया ट्रेडर्स, जयपुर",benign:hi:48,synthetic_v1,0,0,0,0,0,0,0,1
OkDam ईमेल एक क्लिक में अनसब्सक्राइब करें,benign,benign,hi,h2,heading,[TAG=h2] [ROLE=heading] OkDam ईमेल एक क्लिक में अनसब्सक्राइब करें,benign:hi:69,synthetic_v1,0,0,0,0,0,0,0,1
ग्राहक समीक्षाएँ (112),benign,benign,hi,h2,heading,[TAG=h2] [ROLE=heading] ग्राहक समीक्षाएँ (112),benign:hi:03,synthetic_v1,0,0,0,0,0,0,0,1
Delivery to Delhi in 4 days,benign,benign,en,label,form,[TAG=label] [ROLE=form] Delivery to Delhi in 4 days,benign:en:64,synthetic_v1,0,0,0,0,0,0,0,1
"बिक्रेता: मनिष स्टोर, चितवन",benign,benign,ne,li,nav,"[TAG=li] [ROLE=nav] बिक्रेता: मनिष स्टोर, चितवन",benign:ne:64,synthetic_v1,0,0,0,0,0,0,0,1
Compare gaming mouse prices on Flipkart,benign,benign,en,label,form,[TAG=label] [ROLE=form] Compare gaming mouse prices on Flipkart,benign:en:74,synthetic_v1,0,0,0,0,0,0,0,1
"formal shirt — 312 reviews, Pokhara warehouse",benign,benign,en,p,body,"[TAG=p] [ROLE=body] formal shirt — 312 reviews, Pokhara warehouse",benign:en:73,synthetic_v1,0,0,0,0,0,0,0,1
Shipping to Patna: Rs. 499,benign,benign,en,h2,heading,[TAG=h2] [ROLE=heading] Shipping to Patna: Rs. 499,benign:en:72,synthetic_v1,0,0,0,0,0,0,0,1
एयर फ्रायर — रु. 149,benign,benign,hi,button,cta,[TAG=button] [ROLE=cta] एयर फ्रायर — रु. 149,benign:hi:46,synthetic_v1,0,0,0,0,0,0,0,1
Thulo ग्राहक सेवा: हमारा सपोर्ट नंबर,benign,benign,hi,h2,heading,[TAG=h2] [ROLE=heading] Thulo ग्राहक सेवा: हमारा सपोर्ट नंबर,benign:hi:75,synthetic_v1,0,0,0,0,0,0,0,1
"वीरगन्ज मा स्टकमा, 7 दिनमा पठाइन्छ",benign,benign,ne,a,nav,"[TAG=a] [ROLE=nav] वीरगन्ज मा स्टकमा, 7 दिनमा पठाइन्छ",benign:ne:76,synthetic_v1,0,0,0,0,0,0,0,1
HamroBazar customer care: our Facebook page,benign,benign,en,label,form,[TAG=label] [ROLE=form] HamroBazar customer care: our Facebook page,benign:en:76,synthetic_v1,0,0,0,0,0,0,0,1
तपाईंको अर्डर दर्ता भयो,benign,benign,ne,p,body,[TAG=p] [ROLE=body] तपाईंको अर्डर दर्ता भयो,benign:ne:25,synthetic_v1,0,0,0,0,0,0,0,1
मूल्य: रु. 149,benign,benign,ne,button,cta,[TAG=button] [ROLE=cta] मूल्य: रु. 149,benign:ne:45,synthetic_v1,0,0,0,0,0,0,0,1
"EMI from Rs. 1,199 on water bottle",benign,benign,en,h2,heading,"[TAG=h2] [ROLE=heading] EMI from Rs. 1,199 on water bottle",benign:en:75,synthetic_v1,0,0,0,0,0,0,0,1
"कोलकाता में स्टॉक में, 3 दिन में शिप",benign,benign,hi,span,label,"[TAG=span] [ROLE=label] कोलकाता में स्टॉक में, 3 दिन में शिप",benign:hi:76,synthetic_v1,0,0,0,0,0,0,0,1
ग्राहक समीक्षा (578),benign,benign,ne,label,form,[TAG=label] [ROLE=form] ग्राहक समीक्षा (578),benign:ne:03,synthetic_v1,0,0,0,0,0,0,0,1
रु. 999 से ऊपर के ऑर्डर पर मुफ़्त शिपिंग,benign,benign,hi,label,form,[TAG=label] [ROLE=form] रु. 999 से ऊपर के ऑर्डर पर मुफ़्त शिपिंग,benign:hi:01,synthetic_v1,0,0,0,0,0,0,0,1
इंदौर में कैश ऑन डिलीवरी उपलब्ध,benign,benign,hi,a,nav,[TAG=a] [ROLE=nav] इंदौर में कैश ऑन डिलीवरी उपलब्ध,benign:hi:09,synthetic_v1,0,0,0,0,0,0,0,1
"योगा म्याट — रु. 1,199",benign,benign,ne,label,form,"[TAG=label] [ROLE=form] योगा म्याट — रु. 1,199",benign:ne:46,synthetic_v1,0,0,0,0,0,0,0,1
Blinkit ग्राहक सेवा: लाइव चैट,benign,benign,hi,a,nav,[TAG=a] [ROLE=nav] Blinkit ग्राहक सेवा: लाइव चैट,benign:hi:75,synthetic_v1,0,0,0,0,0,0,0,1
"Free shipping on orders above Rs. 2,999",benign,benign,en,button,cta,"[TAG=button] [ROLE=cta] Free shipping on orders above Rs. 2,999",benign:en:01,synthetic_v1,0,0,0,0,0,0,0,1
Tata Cliq रिटर्न नीति: 4 दिन,benign,benign,hi,h2,heading,[TAG=h2] [ROLE=heading] Tata Cliq रिटर्न नीति: 4 दिन,benign:hi:65,synthetic_v1,0,0,0,0,0,0,0,1
Delivery to Nepalgunj in 7 days,benign,benign,en,p,body,[TAG=p] [ROLE=body] Delivery to Nepalgunj in 7 days,benign:en:64,synthetic_v1,0,0,0,0,0,0,0,1
सभी ऑफिस चेयर देखें,benign,benign,hi,h2,heading,[TAG=h2] [ROLE=heading] सभी ऑफिस चेयर देखें,benign:hi:20,synthetic_v1,0,0,0,0,0,0,0,1
हेटौंडा मा 10 दिनमा डेलिभरी,benign,benign,ne,button,cta,[TAG=button] [ROLE=cta] हेटौंडा मा 10 दिनमा डेलिभरी,benign:ne:63,synthetic_v1,0,0,0,0,0,0,0,1
"5,872 units sold",benign,benign,en,label,form,"[TAG=label] [ROLE=form] 5,872 units sold",benign:en:48,synthetic_v1,0,0,0,0,0,0,0,1
Ajio return policy: 9 days,benign,benign,en,span,label,[TAG=span] [ROLE=label] Ajio return policy: 9 days,benign:en:66,synthetic_v1,0,0,0,0,0,0,0,1
288 units sold,benign,benign,en,p,body,[TAG=p] [ROLE=body] 288 units sold,benign:en:48,synthetic_v1,0,0,0,0,0,0,0,1
प्रोटिन पाउडर का लागि साइज गाइड,benign,benign,ne,p,body,[TAG=p] [ROLE=body] प्रोटिन पाउडर का लागि साइज गाइड,benign:ne:05,synthetic_v1,0,0,0,0,0,0,0,1
"2,411 जनाले स्मार्टवाच मूल्याङ्कन गरे",benign,benign,ne,p,body,"[TAG=p] [ROLE=body] 2,411 जनाले स्मार्टवाच मूल्याङ्कन गरे",benign:ne:67,synthetic_v1,0,0,0,0,0,0,0,1
12 दिनों में वापसी,benign,benign,hi,label,form,[TAG=label] [ROLE=form] 12 दिनों में वापसी,benign:hi:04,synthetic_v1,0,0,0,0,0,0,0,1
"रु. 2,999/महीना से EMI विकल्प",benign,benign,hi,button,cta,"[TAG=button] [ROLE=cta] रु. 2,999/महीना से EMI विकल्प",benign:hi:34,synthetic_v1,0,0,0,0,0,0,0,1
"सूरत में स्टॉक में, 3 दिन में शिप",benign,benign,hi,h2,heading,"[TAG=h2] [ROLE=heading] सूरत में स्टॉक में, 3 दिन में शिप",benign:hi:76,synthetic_v1,0,0,0,0,0,0,0,1
"बिक्रेता: आरव ट्रेडर्स, बाँके",benign,benign,ne,li,nav,"[TAG=li] [ROLE=nav] बिक्रेता: आरव ट्रेडर्स, बाँके",benign:ne:48,synthetic_v1,0,0,0,0,0,0,0,1
"बिक्रेता: निशा ट्रेडर्स, बागलुङ",benign,benign,ne,a,nav,"[TAG=a] [ROLE=nav] बिक्रेता: निशा ट्रेडर्स, बागलुङ",benign:ne:48,synthetic_v1,0,0,0,0,0,0,0,1
"Shipping to Butwal: Rs. 2,999",benign,benign,en,a,nav,"[TAG=a] [ROLE=nav] Shipping to Butwal: Rs. 2,999",benign:en:72,synthetic_v1,0,0,0,0,0,0,0,1
Pepperfry मा इन्डक्सन चुल्हो मूल्य तुलना गर्नुहोस्,benign,benign,ne,a,nav,[TAG=a] [ROLE=nav] Pepperfry मा इन्डक्सन चुल्हो मूल्य तुलना गर्नुहोस्,benign:ne:73,synthetic_v1,0,0,0,0,0,0,0,1
मेरे ऑर्डर से Lenskart ऑर्डर रद्द करें,benign,benign,hi,label,form,[TAG=label] [ROLE=form] मेरे ऑर्डर से Lenskart ऑर्डर रद्द करें,benign:hi:68,synthetic_v1,0,0,0,0,0,0,0,1
"In stock in Bhaktapur, ships in 10 days",benign,benign,en,li,nav,"[TAG=li] [ROLE=nav] In stock in Bhaktapur, ships in 10 days",benign:en:77,synthetic_v1,0,0,0,0,0,0,0,1
Your order has been placed,benign,benign,en,a,nav,[TAG=a] [ROLE=nav] Your order has been placed,benign:en:25,synthetic_v1,0,0,0,0,0,0,0,1
"बिक्रेता: रमेश ट्रेडर्स, नेपालगन्ज",benign,benign,ne,h2,heading,"[TAG=h2] [ROLE=heading] बिक्रेता: रमेश ट्रेडर्स, नेपालगन्ज",benign:ne:48,synthetic_v1,0,0,0,0,0,0,0,1
प्रोटीन पाउडर उपलब्ध होने पर सूचित करें,benign,benign,hi,li,nav,[TAG=li] [ROLE=nav] प्रोटीन पाउडर उपलब्ध होने पर सूचित करें,benign:hi:33,synthetic_v1,0,0,0,0,0,0,0,1
कीमत: रु. 99,benign,benign,hi,label,form,[TAG=label] [ROLE=form] कीमत: रु. 99,benign:hi:45,synthetic_v1,0,0,0,0,0,0,0,1
ट्रेकिङ ज्याकेट मा रु. 399 बाट EMI,benign,benign,ne,p,body,[TAG=p] [ROLE=body] ट्रेकिङ ज्याकेट मा रु. 399 बाट EMI,benign:ne:74,synthetic_v1,0,0,0,0,0,0,0,1
"Seller: Kiran Traders, Jaipur",benign,benign,en,p,body,"[TAG=p] [ROLE=body] Seller: Kiran Traders, Jaipur",benign:en:49,synthetic_v1,0,0,0,0,0,0,0,1
"Sold by Sita Store, Nepalgunj",benign,benign,en,span,label,"[TAG=span] [ROLE=label] Sold by Sita Store, Nepalgunj",benign:en:65,synthetic_v1,0,0,0,0,0,0,0,1
Compare yoga mat,benign,benign,en,label,form,[TAG=label] [ROLE=form] Compare yoga mat,benign:en:12,synthetic_v1,0,0,0,0,0,0,0,1
"धूप का चश्मा — 27 समीक्षाएँ, कानपुर गोदाम",benign,benign,hi,label,form,"[TAG=label] [ROLE=form] धूप का चश्मा — 27 समीक्षाएँ, कानपुर गोदाम",benign:hi:72,synthetic_v1,0,0,0,0,0,0,0,1
Zepto ग्राहक सेवा: हाम्रो Facebook पेज,benign,benign,ne,label,form,[TAG=label] [ROLE=form] Zepto ग्राहक सेवा: हाम्रो Facebook पेज,benign:ne:75,synthetic_v1,0,0,0,0,0,0,0,1
अहमदाबाद में 14 दिन में डिलीवरी,benign,benign,hi,button,cta,[TAG=button] [ROLE=cta] अहमदाबाद में 14 दिन में डिलीवरी,benign:hi:63,synthetic_v1,0,0,0,0,0,0,0,1
Snapdeal पर स्टडी लैंप पर 20% छूट,benign,benign,hi,label,form,[TAG=label] [ROLE=form] Snapdeal पर स्टडी लैंप पर 20% छूट,benign:hi:70,synthetic_v1,0,0,0,0,0,0,0,1
कीमत: रु. 999,benign,benign,hi,span,label,[TAG=span] [ROLE=label] कीमत: रु. 999,benign:hi:45,synthetic_v1,0,0,0,0,0,0,0,1
नोइज क्यान्सलिङ हेडफोन उपलब्ध भएपछि जानकारी दिनुहोस्,benign,benign,ne,li,nav,[TAG=li] [ROLE=nav] नोइज क्यान्सलिङ हेडफोन उपलब्ध भएपछि जानकारी दिनुहोस्,benign:ne:33,synthetic_v1,0,0,0,0,0,0,0,1
"विक्रेता: नवीन ट्रेडर्स, हैदराबाद",benign,benign,hi,button,cta,"[TAG=button] [ROLE=cta] विक्रेता: नवीन ट्रेडर्स, हैदराबाद",benign:hi:48,synthetic_v1,0,0,0,0,0,0,0,1
rice cooker — Rs. 399,benign,benign,en,a,nav,[TAG=a] [ROLE=nav] rice cooker — Rs. 399,benign:en:46,synthetic_v1,0,0,0,0,0,0,0,1
BigBasket customer care: our WhatsApp number,benign,benign,en,a,nav,[TAG=a] [ROLE=nav] BigBasket customer care: our WhatsApp number,benign:en:76,synthetic_v1,0,0,0,0,0,0,0,1
"Sold by Kavya Store, Kathmandu",benign,benign,en,li,nav,"[TAG=li] [ROLE=nav] Sold by Kavya Store, Kathmandu",benign:en:65,synthetic_v1,0,0,0,0,0,0,0,1
FirstCry पर लैपटॉप बैग पर 5% छूट,benign,benign,hi,span,label,[TAG=span] [ROLE=label] FirstCry पर लैपटॉप बैग पर 5% छूट,benign:hi:70,synthetic_v1,0,0,0,0,0,0,0,1
"Sold by Rohan Store, Patna",benign,benign,en,li,nav,"[TAG=li] [ROLE=nav] Sold by Rohan Store, Patna",benign:en:65,synthetic_v1,0,0,0,0,0,0,0,1
बैकपैक की तुलना करें,benign,benign,hi,li,nav,[TAG=li] [ROLE=nav] बैकपैक की तुलना करें,benign:hi:12,synthetic_v1,0,0,0,0,0,0,0,1
Pepperfry पर ब्लूटूथ स्पीकर पर 15% छूट,benign,benign,hi,a,nav,[TAG=a] [ROLE=nav] Pepperfry पर ब्लूटूथ स्पीकर पर 15% छूट,benign:hi:70,synthetic_v1,0,0,0,0,0,0,0,1
"बिक्रेता: मनिष ट्रेडर्स, दमक",benign,benign,ne,span,label,"[TAG=span] [ROLE=label] बिक्रेता: मनिष ट्रेडर्स, दमक",benign:ne:48,synthetic_v1,0,0,0,0,0,0,0,1
25% off,benign,benign,en,h2,heading,[TAG=h2] [ROLE=heading] 25% off,benign:en:10,synthetic_v1,0,0,0,0,0,0,0,1
"4,265 people rated laptop bag",benign,benign,en,span,label,"[TAG=span] [ROLE=label] 4,265 people rated laptop bag",benign:en:68,synthetic_v1,0,0,0,0,0,0,0,1
बागलुङ मा 14 दिनमा डेलिभरी,benign,benign,ne,h2,heading,[TAG=h2] [ROLE=heading] बागलुङ मा 14 दिनमा डेलिभरी,benign:ne:63,synthetic_v1,0,0,0,0,0,0,0,1
"रु. 2,499 सम्म एक्सचेन्ज अफर",benign,benign,ne,label,form,"[TAG=label] [ROLE=form] रु. 2,499 सम्म एक्सचेन्ज अफर",benign:ne:35,synthetic_v1,0,0,0,0,0,0,0,1
power bank — Rs. 899,benign,benign,en,span,label,[TAG=span] [ROLE=label] power bank — Rs. 899,benign:en:46,synthetic_v1,0,0,0,0,0,0,0,1
Thulo मा योगा म्याट खोज्नुहोस्,benign,benign,ne,label,form,[TAG=label] [ROLE=form] Thulo मा योगा म्याट खोज्नुहोस्,benign:ne:66,synthetic_v1,0,0,0,0,0,0,0,1
Cash on delivery available in Lucknow,benign,benign,en,label,form,[TAG=label] [ROLE=form] Cash on delivery available in Lucknow,benign:en:09,synthetic_v1,0,0,0,0,0,0,0,1
"ब्लुटुथ स्पिकर मा रु. 1,199 बाट EMI",benign,benign,ne,span,label,"[TAG=span] [ROLE=label] ब्लुटुथ स्पिकर मा रु. 1,199 बाट EMI",benign:ne:74,synthetic_v1,0,0,0,0,0,0,0,1
"सर्दी का कंबल पर रु. 1,199 से EMI",benign,benign,hi,label,form,"[TAG=label] [ROLE=form] सर्दी का कंबल पर रु. 1,199 से EMI",benign:hi:74,synthetic_v1,0,0,0,0,0,0,0,1
5% off school bag at Lenskart,benign,benign,en,span,label,[TAG=span] [ROLE=label] 5% off school bag at Lenskart,benign:en:71,synthetic_v1,0,0,0,0,0,0,0,1
"2,411 सत्यापित समीक्षाएँ",benign,benign,hi,button,cta,"[TAG=button] [ROLE=cta] 2,411 सत्यापित समीक्षाएँ",benign:hi:23,synthetic_v1,0,0,0,0,0,0,0,1
"smartwatch — Rs. 2,499",benign,benign,en,span,label,"[TAG=span] [ROLE=label] smartwatch — Rs. 2,499",benign:en:46,synthetic_v1,0,0,0,0,0,0,0,1
फेस वास — रु. 49,benign,benign,ne,h2,heading,[TAG=h2] [ROLE=heading] फेस वास — रु. 49,benign:ne:46,synthetic_v1,0,0,0,0,0,0,0,1
"इटहरी ढुवानी: रु. 2,499",benign,benign,ne,p,body,"[TAG=p] [ROLE=body] इटहरी ढुवानी: रु. 2,499",benign:ne:71,synthetic_v1,0,0,0,0,0,0,0,1
Zepto फिर्ता नीति: 10 दिन,benign,benign,ne,button,cta,[TAG=button] [ROLE=cta] Zepto फिर्ता नीति: 10 दिन,benign:ne:65,synthetic_v1,0,0,0,0,0,0,0,1
ट्रेकिङ ज्याकेट मा रु. 799 बाट EMI,benign,benign,ne,span,label,[TAG=span] [ROLE=label] ट्रेकिङ ज्याकेट मा रु. 799 बाट EMI,benign:ne:74,synthetic_v1,0,0,0,0,0,0,0,1
सबै राइस कुकर हेर्नुहोस्,benign,benign,ne,label,form,[TAG=label] [ROLE=form] सबै राइस कुकर हेर्नुहोस्,benign:ne:20,synthetic_v1,0,0,0,0,0,0,0,1
अहमदाबाद शिपिंग: रु. 199,benign,benign,hi,button,cta,[TAG=button] [ROLE=cta] अहमदाबाद शिपिंग: रु. 199,benign:hi:71,synthetic_v1,0,0,0,0,0,0,0,1
10% छुट,benign,benign,ne,p,body,[TAG=p] [ROLE=body] 10% छुट,benign:ne:10,synthetic_v1,0,0,0,0,0,0,0,1
Snapdeal मा गेमिङ माउस — रु. 699,benign,benign,ne,li,nav,[TAG=li] [ROLE=nav] Snapdeal मा गेमिङ माउस — रु. 699,benign:ne:62,synthetic_v1,0,0,0,0,0,0,0,1
Kinbech मा हेयर ड्रायर मूल्य तुलना गर्नुहोस्,benign,benign,ne,label,form,[TAG=label] [ROLE=form] Kinbech मा हेयर ड्रायर मूल्य तुलना गर्नुहोस्,benign:ne:73,synthetic_v1,0,0,0,0,0,0,0,1
BigBasket मा रनिङ जुत्ता मा 15% छुट,benign,benign,ne,label,form,[TAG=label] [ROLE=form] BigBasket मा रनिङ जुत्ता मा 15% छुट,benign:ne:70,synthetic_v1,0,0,0,0,0,0,0,1
"11,204 verified reviews",benign,benign,en,a,nav,"[TAG=a] [ROLE=nav] 11,204 verified reviews",benign:en:23,synthetic_v1,0,0,0,0,0,0,0,1
"21,507 लोगों ने प्रोटीन पाउडर को रेट किया",benign,benign,hi,a,nav,"[TAG=a] [ROLE=nav] 21,507 लोगों ने प्रोटीन पाउडर को रेट किया",benign:hi:67,synthetic_v1,0,0,0,0,0,0,0,1
Salesberry मा घामको चस्मा मूल्य तुलना गर्नुहोस्,benign,benign,ne,span,label,[TAG=span] [ROLE=label] Salesberry मा घामको चस्मा मूल्य तुलना गर्नुहोस्,benign:ne:73,synthetic_v1,0,0,0,0,0,0,0,1
Delivery to Pune in 5 days,benign,benign,en,label,form,[TAG=label] [ROLE=form] Delivery to Pune in 5 days,benign:en:64,synthetic_v1,0,0,0,0,0,0,0,1
Continue as guest,benign,benign,en,a,nav,[TAG=a] [ROLE=nav] Continue as guest,benign:en:28,synthetic_v1,0,0,0,0,0,0,0,1
"2,038 जनाले अफिस कुर्सी मूल्याङ्कन गरे",benign,benign,ne,p,body,"[TAG=p] [ROLE=body] 2,038 जनाले अफिस कुर्सी मूल्याङ्कन गरे",benign:ne:67,synthetic_v1,0,0,0,0,0,0,0,1
Tata Cliq मा रनिङ जुत्ता मा 60% छुट,benign,benign,ne,h2,heading,[TAG=h2] [ROLE=heading] Tata Cliq मा रनिङ जुत्ता मा 60% छुट,benign:ne:70,synthetic_v1,0,0,0,0,0,0,0,1
6 दिनभित्र फिर्ता,benign,benign,ne,a,nav,[TAG=a] [ROLE=nav] 6 दिनभित्र फिर्ता,benign:ne:04,synthetic_v1,0,0,0,0,0,0,0,1
स्कुल ब्याग उपलब्ध भएपछि जानकारी दिनुहोस्,benign,benign,ne,span,label,[TAG=span] [ROLE=label] स्कुल ब्याग उपलब्ध भएपछि जानकारी दिनुहोस्,benign:ne:33,synthetic_v1,0,0,0,0,0,0,0,1
"एयर फ्रायर — 9,118 समीक्षाएँ, पुणे गोदाम",benign,benign,hi,span,label,"[TAG=span] [ROLE=label] एयर फ्रायर — 9,118 समीक्षाएँ, पुणे गोदाम",benign:hi:72,synthetic_v1,0,0,0,0,0,0,0,1
"Customer reviews (1,187)",benign,benign,en,h2,heading,"[TAG=h2] [ROLE=heading] Customer reviews (1,187)",benign:en:03,synthetic_v1,0,0,0,0,0,0,0,1
Notify me when trekking jacket is available,benign,benign,en,h2,heading,[TAG=h2] [ROLE=heading] Notify me when trekking jacket is available,benign:en:33,synthetic_v1,0,0,0,0,0,0,0,1
Add coffee maker to cart,benign,benign,en,span,label,[TAG=span] [ROLE=label] Add coffee maker to cart,benign:en:00,synthetic_v1,0,0,0,0,0,0,0,1
84 लोगों ने रनिंग शूज़ को रेट किया,benign,benign,hi,h2,heading,[TAG=h2] [ROLE=heading] 84 लोगों ने रनिंग शूज़ को रेट किया,benign:hi:67,synthetic_v1,0,0,0,0,0,0,0,1
"In stock in Mumbai, ships in 7 days",benign,benign,en,button,cta,"[TAG=button] [ROLE=cta] In stock in Mumbai, ships in 7 days",benign:en:77,synthetic_v1,0,0,0,0,0,0,0,1
Search wireless earbuds on Reliance Digital,benign,benign,en,p,body,[TAG=p] [ROLE=body] Search wireless earbuds on Reliance Digital,benign:en:67,synthetic_v1,0,0,0,0,0,0,0,1
"बिक्रेता: दीपा ट्रेडर्स, वीरगन्ज",benign,benign,ne,a,nav,"[TAG=a] [ROLE=nav] बिक्रेता: दीपा ट्रेडर्स, वीरगन्ज",benign:ne:48,synthetic_v1,0,0,0,0,0,0,0,1
"Seller: Sanjay Traders, Kathmandu",benign,benign,en,h2,heading,"[TAG=h2] [ROLE=heading] Seller: Sanjay Traders, Kathmandu",benign:en:49,synthetic_v1,0,0,0,0,0,0,0,1
Snapdeal पर कॉटन कुर्ता खोजें,benign,benign,hi,p,body,[TAG=p] [ROLE=body] Snapdeal पर कॉटन कुर्ता खोजें,benign:hi:66,synthetic_v1,0,0,0,0,0,0,0,1
रु. 899/महीना से EMI विकल्प,benign,benign,hi,li,nav,[TAG=li] [ROLE=nav] रु. 899/महीना से EMI विकल्प,benign:hi:34,synthetic_v1,0,0,0,0,0,0,0,1
Search office chair on Tata Cliq,benign,benign,en,label,form,[TAG=label] [ROLE=form] Search office chair on Tata Cliq,benign:en:67,synthetic_v1,0,0,0,0,0,0,0,1
934 इकाई बिकीं,benign,benign,hi,p,body,[TAG=p] [ROLE=body] 934 इकाई बिकीं,benign:hi:47,synthetic_v1,0,0,0,0,0,0,0,1
ढुवानी शुल्क: रु. 299 (भुक्तानी अघि देखिने),benign,benign,ne,li,nav,[TAG=li] [ROLE=nav] ढुवानी शुल्क: रु. 299 (भुक्तानी अघि देखिने),benign:ne:43,synthetic_v1,0,0,0,0,0,0,0,1
Search rice cooker on Muncha,benign,benign,en,button,cta,[TAG=button] [ROLE=cta] Search rice cooker on Muncha,benign:en:67,synthetic_v1,0,0,0,0,0,0,0,1
48 people rated phone case,benign,benign,en,span,label,[TAG=span] [ROLE=label] 48 people rated phone case,benign:en:68,synthetic_v1,0,0,0,0,0,0,0,1
नॉइज़ कैंसलिंग हेडफोन कार्ट में जोड़ें,benign,benign,hi,a,nav,[TAG=a] [ROLE=nav] नॉइज़ कैंसलिंग हेडफोन कार्ट में जोड़ें,benign:hi:00,synthetic_v1,0,0,0,0,0,0,0,1
"हिउँदको ब्ल्याङ्केट — 21,507 समीक्षा, जनकपुर गोदाम",benign,benign,ne,button,cta,"[TAG=button] [ROLE=cta] हिउँदको ब्ल्याङ्केट — 21,507 समीक्षा, जनकपुर गोदाम",benign:ne:72,synthetic_v1,0,0,0,0,0,0,0,1
"रु. 1,499/महीना से EMI विकल्प",benign,benign,hi,p,body,"[TAG=p] [ROLE=body] रु. 1,499/महीना से EMI विकल्प",benign:hi:34,synthetic_v1,0,0,0,0,0,0,0,1
Search school bag on Zepto,benign,benign,en,li,nav,[TAG=li] [ROLE=nav] Search school bag on Zepto,benign:en:67,synthetic_v1,0,0,0,0,0,0,0,1
"बिक्रेता: लक्ष्मी स्टोर, काठमाडौँ",benign,benign,ne,label,form,"[TAG=label] [ROLE=form] बिक्रेता: लक्ष्मी स्टोर, काठमाडौँ",benign:ne:64,synthetic_v1,0,0,0,0,0,0,0,1
रु. 199 तक एक्सचेंज ऑफ़र,benign,benign,hi,label,form,[TAG=label] [ROLE=form] रु. 199 तक एक्सचेंज ऑफ़र,benign:hi:35,synthetic_v1,0,0,0,0,0,0,0,1
मेरो अर्डरबाट Daraz अर्डर रद्द गर्नुहोस्,benign,benign,ne,span,label,[TAG=span] [ROLE=label] मेरो अर्डरबाट Daraz अर्डर रद्द गर्नुहोस्,benign:ne:68,synthetic_v1,0,0,0,0,0,0,0,1
"21,507 इकाई बिकीं",benign,benign,hi,p,body,"[TAG=p] [ROLE=body] 21,507 इकाई बिकीं",benign:hi:47,synthetic_v1,0,0,0,0,0,0,0,1
"7,340 थान बिक्री भयो",benign,benign,ne,a,nav,"[TAG=a] [ROLE=nav] 7,340 थान बिक्री भयो",benign:ne:47,synthetic_v1,0,0,0,0,0,0,0,1
48 लोगों ने स्टडी लैंप को रेट किया,benign,benign,hi,label,form,[TAG=label] [ROLE=form] 48 लोगों ने स्टडी लैंप को रेट किया,benign:hi:67,synthetic_v1,0,0,0,0,0,0,0,1
"बिक्रेता: सुमन स्टोर, भक्तपुर",benign,benign,ne,span,label,"[TAG=span] [ROLE=label] बिक्रेता: सुमन स्टोर, भक्तपुर",benign:ne:64,synthetic_v1,0,0,0,0,0,0,0,1
Daraz रिटर्न नीति: 1 दिन,benign,benign,hi,label,form,[TAG=label] [ROLE=form] Daraz रिटर्न नीति: 1 दिन,benign:hi:65,synthetic_v1,0,0,0,0,0,0,0,1
Search running shoes on Muncha,benign,benign,en,button,cta,[TAG=button] [ROLE=cta] Search running shoes on Muncha,benign:en:67,synthetic_v1,0,0,0,0,0,0,0,1
"विक्रेता: सीता ट्रेडर्स, कानपुर",benign,benign,hi,label,form,"[TAG=label] [ROLE=form] विक्रेता: सीता ट्रेडर्स, कानपुर",benign:hi:48,synthetic_v1,0,0,0,0,0,0,0,1
EMI from Rs. 249 on smartwatch,benign,benign,en,p,body,[TAG=p] [ROLE=body] EMI from Rs. 249 on smartwatch,benign:en:75,synthetic_v1,0,0,0,0,0,0,0,1
पानीको बोतल मा रु. 899 बाट EMI,benign,benign,ne,button,cta,[TAG=button] [ROLE=cta] पानीको बोतल मा रु. 899 बाट EMI,benign:ne:74,synthetic_v1,0,0,0,0,0,0,0,1
Gyapu मा प्रोटिन पाउडर मा 50% छुट,benign,benign,ne,h2,heading,[TAG=h2] [ROLE=heading] Gyapu मा प्रोटिन पाउडर मा 50% छुट,benign:ne:70,synthetic_v1,0,0,0,0,0,0,0,1
"अफिस कुर्सी मा रु. 1,999 बाट EMI",benign,benign,ne,h2,heading,"[TAG=h2] [ROLE=heading] अफिस कुर्सी मा रु. 1,999 बाट EMI",benign:ne:74,synthetic_v1,0,0,0,0,0,0,0,1
Add face wash to cart,benign,benign,en,h2,heading,[TAG=h2] [ROLE=heading] Add face wash to cart,benign:en:00,synthetic_v1,0,0,0,0,0,0,0,1
"Sold by Laxmi Store, Lalitpur",benign,benign,en,button,cta,"[TAG=button] [ROLE=cta] Sold by Laxmi Store, Lalitpur",benign:en:65,synthetic_v1,0,0,0,0,0,0,0,1
"Sold by Prakash Store, Lucknow",benign,benign,en,h2,heading,"[TAG=h2] [ROLE=heading] Sold by Prakash Store, Lucknow",benign:en:65,synthetic_v1,0,0,0,0,0,0,0,1
Zepto ग्राहक सेवा: कल सेन्टर,benign,benign,ne,button,cta,[TAG=button] [ROLE=cta] Zepto ग्राहक सेवा: कल सेन्टर,benign:ne:75,synthetic_v1,0,0,0,0,0,0,0,1
वारंटी: 12 साल,benign,benign,hi,a,nav,[TAG=a] [ROLE=nav] वारंटी: 12 साल,benign:hi:36,synthetic_v1,0,0,0,0,0,0,0,1
Exchange offer up to Rs. 349,benign,benign,en,span,label,[TAG=span] [ROLE=label] Exchange offer up to Rs. 349,benign:en:35,synthetic_v1,0,0,0,0,0,0,0,1
186 people rated backpack,benign,benign,en,span,label,[TAG=span] [ROLE=label] 186 people rated backpack,benign:en:68,synthetic_v1,0,0,0,0,0,0,0,1
अनुमानित डिलीवरी: 3 दिन,benign,benign,hi,span,label,[TAG=span] [ROLE=label] अनुमानित डिलीवरी: 3 दिन,benign:hi:24,synthetic_v1,0,0,0,0,0,0,0,1
Shipping to Pokhara: Rs. 899,benign,benign,en,button,cta,[TAG=button] [ROLE=cta] Shipping to Pokhara: Rs. 899,benign:en:72,synthetic_v1,0,0,0,0,0,0,0,1
Search for denim jeans,benign,benign,en,h2,heading,[TAG=h2] [ROLE=heading] Search for denim jeans,benign:en:14,synthetic_v1,0,0,0,0,0,0,0,1
घामको चस्मा — रु. 499,benign,benign,ne,li,nav,[TAG=li] [ROLE=nav] घामको चस्मा — रु. 499,benign:ne:46,synthetic_v1,0,0,0,0,0,0,0,1
"हेयर ड्रायर — 5,872 समीक्षाएँ, रांची गोदाम",benign,benign,hi,button,cta,"[TAG=button] [ROLE=cta] हेयर ड्रायर — 5,872 समीक्षाएँ, रांची गोदाम",benign:hi:72,synthetic_v1,0,0,0,0,0,0,0,1
"winter blanket — Rs. 1,999",benign,benign,en,p,body,"[TAG=p] [ROLE=body] winter blanket — Rs. 1,999",benign:en:46,synthetic_v1,0,0,0,0,0,0,0,1
Compare backpack prices on Blinkit,benign,benign,en,span,label,[TAG=span] [ROLE=label] Compare backpack prices on Blinkit,benign:en:74,synthetic_v1,0,0,0,0,0,0,0,1
"बिक्रेता: दीपा स्टोर, बागलुङ",benign,benign,ne,p,body,"[TAG=p] [ROLE=body] बिक्रेता: दीपा स्टोर, बागलुङ",benign:ne:64,synthetic_v1,0,0,0,0,0,0,0,1
"स्टडी लैंप पर रु. 2,499 से EMI",benign,benign,hi,li,nav,"[TAG=li] [ROLE=nav] स्टडी लैंप पर रु. 2,499 से EMI",benign:hi:74,synthetic_v1,0,0,0,0,0,0,0,1
मेरो अर्डरबाट Amazon अर्डर रद्द गर्नुहोस्,benign,benign,ne,label,form,[TAG=label] [ROLE=form] मेरो अर्डरबाट Amazon अर्डर रद्द गर्नुहोस्,benign:ne:68,synthetic_v1,0,0,0,0,0,0,0,1
"बिक्रेता: पूजा स्टोर, चितवन",benign,benign,ne,p,body,"[TAG=p] [ROLE=body] बिक्रेता: पूजा स्टोर, चितवन",benign:ne:64,synthetic_v1,0,0,0,0,0,0,0,1
ट्रेकिंग जैकेट उपलब्ध होने पर सूचित करें,benign,benign,hi,button,cta,[TAG=button] [ROLE=cta] ट्रेकिंग जैकेट उपलब्ध होने पर सूचित करें,benign:hi:33,synthetic_v1,0,0,0,0,0,0,0,1
BigBasket रिटर्न नीति: 9 दिन,benign,benign,hi,button,cta,[TAG=button] [ROLE=cta] BigBasket रिटर्न नीति: 9 दिन,benign:hi:65,synthetic_v1,0,0,0,0,0,0,0,1
Zepto मा स्मार्टवाच खोज्नुहोस्,benign,benign,ne,h2,heading,[TAG=h2] [ROLE=heading] Zepto मा स्मार्टवाच खोज्नुहोस्,benign:ne:66,synthetic_v1,0,0,0,0,0,0,0,1
"Seller: Suman Traders, Indore",benign,benign,en,h2,heading,"[TAG=h2] [ROLE=heading] Seller: Suman Traders, Indore",benign:en:49,synthetic_v1,0,0,0,0,0,0,0,1
Order summary,benign,benign,en,li,nav,[TAG=li] [ROLE=nav] Order summary,benign:en:18,synthetic_v1,0,0,0,0,0,0,0,1
ब्याकप्याक — रु. 49,benign,benign,ne,span,label,[TAG=span] [ROLE=label] ब्याकप्याक — रु. 49,benign:ne:46,synthetic_v1,0,0,0,0,0,0,0,1
Kinbech पर कॉटन कुर्ता पर 5% छूट,benign,benign,hi,h2,heading,[TAG=h2] [ROLE=heading] Kinbech पर कॉटन कुर्ता पर 5% छूट,benign:hi:70,synthetic_v1,0,0,0,0,0,0,0,1
BigBasket इमेल एक क्लिकमा अनसब्स्क्राइब गर्नुहोस्,benign,benign,ne,li,nav,[TAG=li] [ROLE=nav] BigBasket इमेल एक क्लिकमा अनसब्स्क्राइब गर्नुहोस्,benign:ne:69,synthetic_v1,0,0,0,0,0,0,0,1
"winter blanket at FirstCry — Rs. 2,499",benign,benign,en,span,label,"[TAG=span] [ROLE=label] winter blanket at FirstCry — Rs. 2,499",benign:en:63,synthetic_v1,0,0,0,0,0,0,0,1
HamroBazar मा कफी मेकर मूल्य तुलना गर्नुहोस्,benign,benign,ne,span,label,[TAG=span] [ROLE=label] HamroBazar मा कफी मेकर मूल्य तुलना गर्नुहोस्,benign:ne:73,synthetic_v1,0,0,0,0,0,0,0,1
कॉटन कुर्ता — रु. 499,benign,benign,hi,button,cta,[TAG=button] [ROLE=cta] कॉटन कुर्ता — रु. 499,benign:hi:46,synthetic_v1,0,0,0,0,0,0,0,1
OkDam ग्राहक सेवा: हाम्रो इमेल डेस्क,benign,benign,ne,h2,heading,[TAG=h2] [ROLE=heading] OkDam ग्राहक सेवा: हाम्रो इमेल डेस्क,benign:ne:75,synthetic_v1,0,0,0,0,0,0,0,1
766 people rated air fryer,benign,benign,en,h2,heading,[TAG=h2] [ROLE=heading] 766 people rated air fryer,benign:en:68,synthetic_v1,0,0,0,0,0,0,0,1
"बिक्रेता: विकास स्टोर, गोरखा",benign,benign,ne,li,nav,"[TAG=li] [ROLE=nav] बिक्रेता: विकास स्टोर, गोरखा",benign:ne:64,synthetic_v1,0,0,0,0,0,0,0,1
"बिक्रेता: लक्ष्मी ट्रेडर्स, धनगढी",benign,benign,ne,a,nav,"[TAG=a] [ROLE=nav] बिक्रेता: लक्ष्मी ट्रेडर्स, धनगढी",benign:ne:48,synthetic_v1,0,0,0,0,0,0,0,1
10% off face wash at Kinbech,benign,benign,en,span,label,[TAG=span] [ROLE=label] 10% off face wash at Kinbech,benign:en:71,synthetic_v1,0,0,0,0,0,0,0,1
Salesberry customer care: our helpline,benign,benign,en,button,cta,[TAG=button] [ROLE=cta] Salesberry customer care: our helpline,benign:en:76,synthetic_v1,0,0,0,0,0,0,0,1
OkDam मा घामको चस्मा मा 50% छुट,benign,benign,ne,label,form,[TAG=label] [ROLE=form] OkDam मा घामको चस्मा मा 50% छुट,benign:ne:70,synthetic_v1,0,0,0,0,0,0,0,1
Add denim jeans to cart,benign,benign,en,label,form,[TAG=label] [ROLE=form] Add denim jeans to cart,benign:en:00,synthetic_v1,0,0,0,0,0,0,0,1
वीरगन्ज मा क्यास अन डेलिभरी उपलब्ध,benign,benign,ne,span,label,[TAG=span] [ROLE=label] वीरगन्ज मा क्यास अन डेलिभरी उपलब्ध,benign:ne:09,synthetic_v1,0,0,0,0,0,0,0,1
डेनिम जिन्स — रु. 349,benign,benign,ne,h2,heading,[TAG=h2] [ROLE=heading] डेनिम जिन्स — रु. 349,benign:ne:46,synthetic_v1,0,0,0,0,0,0,0,1
Blinkit पर रनिंग शूज़ — रु. 49,benign,benign,hi,h2,heading,[TAG=h2] [ROLE=heading] Blinkit पर रनिंग शूज़ — रु. 49,benign:hi:62,synthetic_v1,0,0,0,0,0,0,0,1
20% छूट,benign,benign,hi,h2,heading,[TAG=h2] [ROLE=heading] 20% छूट,benign:hi:10,synthetic_v1,0,0,0,0,0,0,0,1
Tata Cliq मा घामको चस्मा मूल्य तुलना गर्नुहोस्,benign,benign,ne,span,label,[TAG=span] [ROLE=label] Tata Cliq मा घामको चस्मा मूल्य तुलना गर्नुहोस्,benign:ne:73,synthetic_v1,0,0,0,0,0,0,0,1
डेनिम जिन्स तुलना गर्नुहोस्,benign,benign,ne,li,nav,[TAG=li] [ROLE=nav] डेनिम जिन्स तुलना गर्नुहोस्,benign:ne:12,synthetic_v1,0,0,0,0,0,0,0,1
Blinkit पर प्रोटीन पाउडर पर 15% छूट,benign,benign,hi,button,cta,[TAG=button] [ROLE=cta] Blinkit पर प्रोटीन पाउडर पर 15% छूट,benign:hi:70,synthetic_v1,0,0,0,0,0,0,0,1
"बिक्रेता: अर्जुन स्टोर, हेटौंडा",benign,benign,ne,button,cta,"[TAG=button] [ROLE=cta] बिक्रेता: अर्जुन स्टोर, हेटौंडा",benign:ne:64,synthetic_v1,0,0,0,0,0,0,0,1
पानी की बोतल उपलब्ध होने पर सूचित करें,benign,benign,hi,li,nav,[TAG=li] [ROLE=nav] पानी की बोतल उपलब्ध होने पर सूचित करें,benign:hi:33,synthetic_v1,0,0,0,0,0,0,0,1
Kinbech ग्राहक सेवा: हाम्रो हेल्पलाइन,benign,benign,ne,p,body,[TAG=p] [ROLE=body] Kinbech ग्राहक सेवा: हाम्रो हेल्पलाइन,benign:ne:75,synthetic_v1,0,0,0,0,0,0,0,1
रु. 899 तक एक्सचेंज ऑफ़र,benign,benign,hi,label,form,[TAG=label] [ROLE=form] रु. 899 तक एक्सचेंज ऑफ़र,benign:hi:35,synthetic_v1,0,0,0,0,0,0,0,1
EMI from Rs. 49 on study lamp,benign,benign,en,p,body,[TAG=p] [ROLE=body] EMI from Rs. 49 on study lamp,benign:en:75,synthetic_v1,0,0,0,0,0,0,0,1
काठमाडौँ मा 14 दिनमा डेलिभरी,benign,benign,ne,button,cta,[TAG=button] [ROLE=cta] काठमाडौँ मा 14 दिनमा डेलिभरी,benign:ne:63,synthetic_v1,0,0,0,0,0,0,0,1
"हेयर ड्रायर — रु. 1,999",benign,benign,ne,label,form,"[TAG=label] [ROLE=form] हेयर ड्रायर — रु. 1,999",benign:ne:46,synthetic_v1,0,0,0,0,0,0,0,1
312 units sold,benign,benign,en,button,cta,[TAG=button] [ROLE=cta] 312 units sold,benign:en:48,synthetic_v1,0,0,0,0,0,0,0,1
रु. 49 तक एक्सचेंज ऑफ़र,benign,benign,hi,button,cta,[TAG=button] [ROLE=cta] रु. 49 तक एक्सचेंज ऑफ़र,benign:hi:35,synthetic_v1,0,0,0,0,0,0,0,1
Daraz ग्राहक सेवा: हमारा ईमेल डेस्क,benign,benign,hi,a,nav,[TAG=a] [ROLE=nav] Daraz ग्राहक सेवा: हमारा ईमेल डेस्क,benign:hi:75,synthetic_v1,0,0,0,0,0,0,0,1
दिल्ली में 4 दिन में डिलीवरी,benign,benign,hi,button,cta,[TAG=button] [ROLE=cta] दिल्ली में 4 दिन में डिलीवरी,benign:hi:63,synthetic_v1,0,0,0,0,0,0,0,1
"Customer reviews (11,204)",benign,benign,en,button,cta,"[TAG=button] [ROLE=cta] Customer reviews (11,204)",benign:en:03,synthetic_v1,0,0,0,0,0,0,0,1
जनकपुर मा 2 दिनमा डेलिभरी,benign,benign,ne,a,nav,[TAG=a] [ROLE=nav] जनकपुर मा 2 दिनमा डेलिभरी,benign:ne:63,synthetic_v1,0,0,0,0,0,0,0,1
"1,340 जनाले अफिस कुर्सी मूल्याङ्कन गरे",benign,benign,ne,button,cta,"[TAG=button] [ROLE=cta] 1,340 जनाले अफिस कुर्सी मूल्याङ्कन गरे",benign:ne:67,synthetic_v1,0,0,0,0,0,0,0,1
"ग्राहक समीक्षाएँ (14,860)",benign,benign,hi,li,nav,"[TAG=li] [ROLE=nav] ग्राहक समीक्षाएँ (14,860)",benign:hi:03,synthetic_v1,0,0,0,0,0,0,0,1
Delivery to Surat in 4 days,benign,benign,en,h2,heading,[TAG=h2] [ROLE=heading] Delivery to Surat in 4 days,benign:en:64,synthetic_v1,0,0,0,0,0,0,0,1
186 थान बिक्री भयो,benign,benign,ne,button,cta,[TAG=button] [ROLE=cta] 186 थान बिक्री भयो,benign:ne:47,synthetic_v1,0,0,0,0,0,0,0,1
Salesberry customer care: our Facebook page,benign,benign,en,label,form,[TAG=label] [ROLE=form] Salesberry customer care: our Facebook page,benign:en:76,synthetic_v1,0,0,0,0,0,0,0,1
रु. 399 माथिको अर्डरमा निःशुल्क ढुवानी,benign,benign,ne,span,label,[TAG=span] [ROLE=label] रु. 399 माथिको अर्डरमा निःशुल्क ढुवानी,benign:ne:01,synthetic_v1,0,0,0,0,0,0,0,1
Flipkart मा स्पोर्ट्स चप्पल मूल्य तुलना गर्नुहोस्,benign,benign,ne,h2,heading,[TAG=h2] [ROLE=heading] Flipkart मा स्पोर्ट्स चप्पल मूल्य तुलना गर्नुहोस्,benign:ne:73,synthetic_v1,0,0,0,0,0,0,0,1
स्टडी लैंप — रु. 99,benign,benign,hi,a,nav,[TAG=a] [ROLE=nav] स्टडी लैंप — रु. 99,benign:hi:46,synthetic_v1,0,0,0,0,0,0,0,1
Compare induction cooktop,benign,benign,en,a,nav,[TAG=a] [ROLE=nav] Compare induction cooktop,benign:en:12,synthetic_v1,0,0,0,0,0,0,0,1
"Seller: Meera Traders, Bengaluru",benign,benign,en,p,body,"[TAG=p] [ROLE=body] Seller: Meera Traders, Bengaluru",benign:en:49,synthetic_v1,0,0,0,0,0,0,0,1
"विक्रेता: निशा ट्रेडर्स, कानपुर",benign,benign,hi,label,form,"[TAG=label] [ROLE=form] विक्रेता: निशा ट्रेडर्स, कानपुर",benign:hi:48,synthetic_v1,0,0,0,0,0,0,0,1
विशलिस्ट में जोड़ें,benign,benign,hi,button,cta,[TAG=button] [ROLE=cta] विशलिस्ट में जोड़ें,benign:hi:11,synthetic_v1,0,0,0,0,0,0,0,1
"पटना में स्टॉक में, 2 दिन में शिप",benign,benign,hi,span,label,"[TAG=span] [ROLE=label] पटना में स्टॉक में, 2 दिन में शिप",benign:hi:76,synthetic_v1,0,0,0,0,0,0,0,1
"Seller: Prakash Traders, Lucknow",benign,benign,en,li,nav,"[TAG=li] [ROLE=nav] Seller: Prakash Traders, Lucknow",benign:en:49,synthetic_v1,0,0,0,0,0,0,0,1
Amazon फिर्ता नीति: 10 दिन,benign,benign,ne,p,body,[TAG=p] [ROLE=body] Amazon फिर्ता नीति: 10 दिन,benign:ne:65,synthetic_v1,0,0,0,0,0,0,0,1
"विक्रेता: लक्ष्मी ट्रेडर्स, मुंबई",benign,benign,hi,label,form,"[TAG=label] [ROLE=form] विक्रेता: लक्ष्मी ट्रेडर्स, मुंबई",benign:hi:48,synthetic_v1,0,0,0,0,0,0,0,1
नोइज क्यान्सलिङ हेडफोन — रु. 699,benign,benign,ne,li,nav,[TAG=li] [ROLE=nav] नोइज क्यान्सलिङ हेडफोन — रु. 699,benign:ne:46,synthetic_v1,0,0,0,0,0,0,0,1
Zepto रिटर्न नीति: 6 दिन,benign,benign,hi,a,nav,[TAG=a] [ROLE=nav] Zepto रिटर्न नीति: 6 दिन,benign:hi:65,synthetic_v1,0,0,0,0,0,0,0,1
"विक्रेता: दीपा स्टोर, वाराणसी",benign,benign,hi,a,nav,"[TAG=a] [ROLE=nav] विक्रेता: दीपा स्टोर, वाराणसी",benign:hi:64,synthetic_v1,0,0,0,0,0,0,0,1
Tata Cliq return policy: 4 days,benign,benign,en,button,cta,[TAG=button] [ROLE=cta] Tata Cliq return policy: 4 days,benign:en:66,synthetic_v1,0,0,0,0,0,0,0,1
27 इकाई बिकीं,benign,benign,hi,span,label,[TAG=span] [ROLE=label] 27 इकाई बिकीं,benign:hi:47,synthetic_v1,0,0,0,0,0,0,0,1
school bag — Rs. 449,benign,benign,en,h2,heading,[TAG=h2] [ROLE=heading] school bag — Rs. 449,benign:en:46,synthetic_v1,0,0,0,0,0,0,0,1
"एयर फ्रायर — 634 समीक्षाएँ, आगरा गोदाम",benign,benign,hi,p,body,"[TAG=p] [ROLE=body] एयर फ्रायर — 634 समीक्षाएँ, आगरा गोदाम",benign:hi:72,synthetic_v1,0,0,0,0,0,0,0,1
"4,265 थान बिक्री भयो",benign,benign,ne,p,body,"[TAG=p] [ROLE=body] 4,265 थान बिक्री भयो",benign:ne:47,synthetic_v1,0,0,0,0,0,0,0,1
"Seller: Dipesh Traders, Pune",benign,benign,en,button,cta,"[TAG=button] [ROLE=cta] Seller: Dipesh Traders, Pune",benign:en:49,synthetic_v1,0,0,0,0,0,0,0,1
Customer reviews (186),benign,benign,en,label,form,[TAG=label] [ROLE=form] Customer reviews (186),benign:en:03,synthetic_v1,0,0,0,0,0,0,0,1
"4,265 people rated formal shirt",benign,benign,en,p,body,"[TAG=p] [ROLE=body] 4,265 people rated formal shirt",benign:en:68,synthetic_v1,0,0,0,0,0,0,0,1
Kinbech पर नॉइज़ कैंसलिंग हेडफोन पर 40% छूट,benign,benign,hi,a,nav,[TAG=a] [ROLE=nav] Kinbech पर नॉइज़ कैंसलिंग हेडफोन पर 40% छूट,benign:hi:70,synthetic_v1,0,0,0,0,0,0,0,1
"विक्रेता: स्नेहा स्टोर, कोलकाता",benign,benign,hi,span,label,"[TAG=span] [ROLE=label] विक्रेता: स्नेहा स्टोर, कोलकाता",benign:hi:64,synthetic_v1,0,0,0,0,0,0,0,1
"बिक्रेता: रमेश ट्रेडर्स, भक्तपुर",benign,benign,ne,a,nav,"[TAG=a] [ROLE=nav] बिक्रेता: रमेश ट्रेडर्स, भक्तपुर",benign:ne:48,synthetic_v1,0,0,0,0,0,0,0,1
812 लोगों ने ब्लूटूथ स्पीकर को रेट किया,benign,benign,hi,span,label,[TAG=span] [ROLE=label] 812 लोगों ने ब्लूटूथ स्पीकर को रेट किया,benign:hi:67,synthetic_v1,0,0,0,0,0,0,0,1
"काठमाडौँ मा स्टकमा, 10 दिनमा पठाइन्छ",benign,benign,ne,li,nav,"[TAG=li] [ROLE=nav] काठमाडौँ मा स्टकमा, 10 दिनमा पठाइन्छ",benign:ne:76,synthetic_v1,0,0,0,0,0,0,0,1
"BigBasket मा फोन कभर — रु. 1,999",benign,benign,ne,span,label,"[TAG=span] [ROLE=label] BigBasket मा फोन कभर — रु. 1,999",benign:ne:62,synthetic_v1,0,0,0,0,0,0,0,1
EMI from Rs. 49 on face wash,benign,benign,en,li,nav,[TAG=li] [ROLE=nav] EMI from Rs. 49 on face wash,benign:en:75,synthetic_v1,0,0,0,0,0,0,0,1
EMI from Rs. 499 on cotton kurta,benign,benign,en,h2,heading,[TAG=h2] [ROLE=heading] EMI from Rs. 499 on cotton kurta,benign:en:75,synthetic_v1,0,0,0,0,0,0,0,1
पटना में 7 दिन में डिलीवरी,benign,benign,hi,p,body,[TAG=p] [ROLE=body] पटना में 7 दिन में डिलीवरी,benign:hi:63,synthetic_v1,0,0,0,0,0,0,0,1
"विक्रेता: रेखा ट्रेडर्स, लखनऊ",benign,benign,hi,a,nav,"[TAG=a] [ROLE=nav] विक्रेता: रेखा ट्रेडर्स, लखनऊ",benign:hi:48,synthetic_v1,0,0,0,0,0,0,0,1
"बिक्रेता: रमेश स्टोर, भक्तपुर",benign,benign,ne,a,nav,"[TAG=a] [ROLE=nav] बिक्रेता: रमेश स्टोर, भक्तपुर",benign:ne:64,synthetic_v1,0,0,0,0,0,0,0,1
"34,118 प्रमाणित समीक्षा",benign,benign,ne,h2,heading,"[TAG=h2] [ROLE=heading] 34,118 प्रमाणित समीक्षा",benign:ne:23,synthetic_v1,0,0,0,0,0,0,0,1
"राइस कुकर — 766 समीक्षा, दमक गोदाम",benign,benign,ne,li,nav,"[TAG=li] [ROLE=nav] राइस कुकर — 766 समीक्षा, दमक गोदाम",benign:ne:72,synthetic_v1,0,0,0,0,0,0,0,1
ट्रेकिङ ज्याकेट खोज्नुहोस्,benign,benign,ne,p,body,[TAG=p] [ROLE=body] ट्रेकिङ ज्याकेट खोज्नुहोस्,benign:ne:14,synthetic_v1,0,0,0,0,0,0,0,1
"स्मार्टवॉच — 512 समीक्षाएँ, पटना गोदाम",benign,benign,hi,button,cta,"[TAG=button] [ROLE=cta] स्मार्टवॉच — 512 समीक्षाएँ, पटना गोदाम",benign:hi:72,synthetic_v1,0,0,0,0,0,0,0,1
80% off coffee maker at Ajio,benign,benign,en,h2,heading,[TAG=h2] [ROLE=heading] 80% off coffee maker at Ajio,benign:en:71,synthetic_v1,0,0,0,0,0,0,0,1
Search for induction cooktop,benign,benign,en,p,body,[TAG=p] [ROLE=body] Search for induction cooktop,benign:en:14,synthetic_v1,0,0,0,0,0,0,0,1
भक्तपुर ढुवानी: रु. 449,benign,benign,ne,button,cta,[TAG=button] [ROLE=cta] भक्तपुर ढुवानी: रु. 449,benign:ne:71,synthetic_v1,0,0,0,0,0,0,0,1
चंडीगढ़ शिपिंग: रु. 699,benign,benign,hi,li,nav,[TAG=li] [ROLE=nav] चंडीगढ़ शिपिंग: रु. 699,benign:hi:71,synthetic_v1,0,0,0,0,0,0,0,1
OkDam पर धूप का चश्मा की कीमतों की तुलना करें,benign,benign,hi,label,form,[TAG=label] [ROLE=form] OkDam पर धूप का चश्मा की कीमतों की तुलना करें,benign:hi:73,synthetic_v1,0,0,0,0,0,0,0,1
गेमिङ माउस — रु. 349,benign,benign,ne,span,label,[TAG=span] [ROLE=label] गेमिङ माउस — रु. 349,benign:ne:46,synthetic_v1,0,0,0,0,0,0,0,1
"In stock in Kolkata, ships in 10 days",benign,benign,en,span,label,"[TAG=span] [ROLE=label] In stock in Kolkata, ships in 10 days",benign:en:77,synthetic_v1,0,0,0,0,0,0,0,1
Nykaa पर ब्लूटूथ स्पीकर पर 10% छूट,benign,benign,hi,a,nav,[TAG=a] [ROLE=nav] Nykaa पर ब्लूटूथ स्पीकर पर 10% छूट,benign:hi:70,synthetic_v1,0,0,0,0,0,0,0,1
ग्राहक समीक्षा (48),benign,benign,ne,a,nav,[TAG=a] [ROLE=nav] ग्राहक समीक्षा (48),benign:ne:03,synthetic_v1,0,0,0,0,0,0,0,1
Myntra पर योगा मैट की कीमतों की तुलना करें,benign,benign,hi,label,form,[TAG=label] [ROLE=form] Myntra पर योगा मैट की कीमतों की तुलना करें,benign:hi:73,synthetic_v1,0,0,0,0,0,0,0,1
वाराणसी में डिलीवरी,benign,benign,hi,li,nav,[TAG=li] [ROLE=nav] वाराणसी में डिलीवरी,benign:hi:37,synthetic_v1,0,0,0,0,0,0,0,1
Reliance Digital पर डेनिम जींस की कीमतों की तुलना करें,benign,benign,hi,p,body,[TAG=p] [ROLE=body] Reliance Digital पर डेनिम जींस की कीमतों की तुलना करें,benign:hi:73,synthetic_v1,0,0,0,0,0,0,0,1
योगा म्याट — रु. 199,benign,benign,ne,p,body,[TAG=p] [ROLE=body] योगा म्याट — रु. 199,benign:ne:46,synthetic_v1,0,0,0,0,0,0,0,1
"विक्रेता: रोहन ट्रेडर्स, मुंबई",benign,benign,hi,a,nav,"[TAG=a] [ROLE=nav] विक्रेता: रोहन ट्रेडर्स, मुंबई",benign:hi:48,synthetic_v1,0,0,0,0,0,0,0,1
रु. 899/महिनाबाट EMI विकल्प,benign,benign,ne,button,cta,[TAG=button] [ROLE=cta] रु. 899/महिनाबाट EMI विकल्प,benign:ne:34,synthetic_v1,0,0,0,0,0,0,0,1
OkDam रिटर्न नीति: 9 दिन,benign,benign,hi,li,nav,[TAG=li] [ROLE=nav] OkDam रिटर्न नीति: 9 दिन,benign:hi:65,synthetic_v1,0,0,0,0,0,0,0,1
70% off bluetooth speaker at Tata Cliq,benign,benign,en,li,nav,[TAG=li] [ROLE=nav] 70% off bluetooth speaker at Tata Cliq,benign:en:71,synthetic_v1,0,0,0,0,0,0,0,1
Tata Cliq ग्राहक सेवा: हमारा WhatsApp नंबर,benign,benign,hi,button,cta,[TAG=button] [ROLE=cta] Tata Cliq ग्राहक सेवा: हमारा WhatsApp नंबर,benign:hi:75,synthetic_v1,0,0,0,0,0,0,0,1
Shipping to Hyderabad: Rs. 99,benign,benign,en,label,form,[TAG=label] [ROLE=form] Shipping to Hyderabad: Rs. 99,benign:en:72,synthetic_v1,0,0,0,0,0,0,0,1
रिफंड नीति: 5 कार्यदिवस में रिफंड,benign,benign,hi,label,form,[TAG=label] [ROLE=form] रिफंड नीति: 5 कार्यदिवस में रिफंड,benign:hi:59,synthetic_v1,0,0,0,0,0,0,0,1
FirstCry ग्राहक सेवा: हमारा WhatsApp नंबर,benign,benign,hi,span,label,[TAG=span] [ROLE=label] FirstCry ग्राहक सेवा: हमारा WhatsApp नंबर,benign:hi:75,synthetic_v1,0,0,0,0,0,0,0,1
"नॉइज़ कैंसलिंग हेडफोन — 1,187 समीक्षाएँ, वाराणसी गोदाम",benign,benign,hi,label,form,"[TAG=label] [ROLE=form] नॉइज़ कैंसलिंग हेडफोन — 1,187 समीक्षाएँ, वाराणसी गोदाम",benign:hi:72,synthetic_v1,0,0,0,0,0,0,0,1
Pepperfry मा स्पोर्ट्स चप्पल मा 60% छुट,benign,benign,ne,label,form,[TAG=label] [ROLE=form] Pepperfry मा स्पोर्ट्स चप्पल मा 60% छुट,benign:ne:70,synthetic_v1,0,0,0,0,0,0,0,1
OkDam फिर्ता नीति: 2 दिन,benign,benign,ne,li,nav,[TAG=li] [ROLE=nav] OkDam फिर्ता नीति: 2 दिन,benign:ne:65,synthetic_v1,0,0,0,0,0,0,0,1
"Sold by Suman Store, Lalitpur",benign,benign,en,label,form,"[TAG=label] [ROLE=form] Sold by Suman Store, Lalitpur",benign:en:65,synthetic_v1,0,0,0,0,0,0,0,1
"Shipping to Kathmandu: Rs. 2,499",benign,benign,en,span,label,"[TAG=span] [ROLE=label] Shipping to Kathmandu: Rs. 2,499",benign:en:72,synthetic_v1,0,0,0,0,0,0,0,1
"आगरा में स्टॉक में, 3 दिन में शिप",benign,benign,hi,span,label,"[TAG=span] [ROLE=label] आगरा में स्टॉक में, 3 दिन में शिप",benign:hi:76,synthetic_v1,0,0,0,0,0,0,0,1
Nykaa ग्राहक सेवा: हाम्रो Facebook पेज,benign,benign,ne,p,body,[TAG=p] [ROLE=body] Nykaa ग्राहक सेवा: हाम्रो Facebook पेज,benign:ne:75,synthetic_v1,0,0,0,0,0,0,0,1
EMI from Rs. 149 on phone case,benign,benign,en,span,label,[TAG=span] [ROLE=label] EMI from Rs. 149 on phone case,benign:en:75,synthetic_v1,0,0,0,0,0,0,0,1
फर्मल सर्ट मा रु. 799 बाट EMI,benign,benign,ne,p,body,[TAG=p] [ROLE=body] फर्मल सर्ट मा रु. 799 बाट EMI,benign:ne:74,synthetic_v1,0,0,0,0,0,0,0,1
मूल्य अनुसार क्रमबद्ध गर्नुहोस्,benign,benign,ne,li,nav,[TAG=li] [ROLE=nav] मूल्य अनुसार क्रमबद्ध गर्नुहोस्,benign:ne:15,synthetic_v1,0,0,0,0,0,0,0,1
इन्डक्सन चुल्हो कार्टमा राख्नुहोस्,benign,benign,ne,button,cta,[TAG=button] [ROLE=cta] इन्डक्सन चुल्हो कार्टमा राख्नुहोस्,benign:ne:00,synthetic_v1,0,0,0,0,0,0,0,1
EMI from Rs. 399 on running shoes,benign,benign,en,li,nav,[TAG=li] [ROLE=nav] EMI from Rs. 399 on running shoes,benign:en:75,synthetic_v1,0,0,0,0,0,0,0,1
"noise cancelling headphones — 312 reviews, Hyderabad warehouse",benign,benign,en,button,cta,"[TAG=button] [ROLE=cta] noise cancelling headphones — 312 reviews, Hyderabad warehouse",benign:en:73,synthetic_v1,0,0,0,0,0,0,0,1
"Meesho मा स्कुल ब्याग — रु. 1,999",benign,benign,ne,label,form,"[TAG=label] [ROLE=form] Meesho मा स्कुल ब्याग — रु. 1,999",benign:ne:62,synthetic_v1,0,0,0,0,0,0,0,1
"कटन कुर्ता मा रु. 2,999 बाट EMI",benign,benign,ne,p,body,"[TAG=p] [ROLE=body] कटन कुर्ता मा रु. 2,999 बाट EMI",benign:ne:74,synthetic_v1,0,0,0,0,0,0,0,1
"रनिङ जुत्ता — 4,265 समीक्षा, बुटवल गोदाम",benign,benign,ne,a,nav,"[TAG=a] [ROLE=nav] रनिङ जुत्ता — 4,265 समीक्षा, बुटवल गोदाम",benign:ne:72,synthetic_v1,0,0,0,0,0,0,0,1
"Seller: Sanjay Traders, Hyderabad",benign,benign,en,li,nav,"[TAG=li] [ROLE=nav] Seller: Sanjay Traders, Hyderabad",benign:en:49,synthetic_v1,0,0,0,0,0,0,0,1
"sports sandals — Rs. 1,499",benign,benign,en,li,nav,"[TAG=li] [ROLE=nav] sports sandals — Rs. 1,499",benign:en:46,synthetic_v1,0,0,0,0,0,0,0,1
634 इकाई बिकीं,benign,benign,hi,button,cta,[TAG=button] [ROLE=cta] 634 इकाई बिकीं,benign:hi:47,synthetic_v1,0,0,0,0,0,0,0,1
Search noise cancelling headphones on Myntra,benign,benign,en,li,nav,[TAG=li] [ROLE=nav] Search noise cancelling headphones on Myntra,benign:en:67,synthetic_v1,0,0,0,0,0,0,0,1
प्रोटीन पाउडर के लिए साइज़ गाइड,benign,benign,hi,p,body,[TAG=p] [ROLE=body] प्रोटीन पाउडर के लिए साइज़ गाइड,benign:hi:05,synthetic_v1,0,0,0,0,0,0,0,1
वायरलेस इयरबड्स का लागि साइज गाइड,benign,benign,ne,a,nav,[TAG=a] [ROLE=nav] वायरलेस इयरबड्स का लागि साइज गाइड,benign:ne:05,synthetic_v1,0,0,0,0,0,0,0,1
2 दिनभित्र फिर्ता,benign,benign,ne,label,form,[TAG=label] [ROLE=form] 2 दिनभित्र फिर्ता,benign:ne:04,synthetic_v1,0,0,0,0,0,0,0,1
JioMart मा हेयर ड्रायर मूल्य तुलना गर्नुहोस्,benign,benign,ne,span,label,[TAG=span] [ROLE=label] JioMart मा हेयर ड्रायर मूल्य तुलना गर्नुहोस्,benign:ne:73,synthetic_v1,0,0,0,0,0,0,0,1
स्मार्टवाच — रु. 499,benign,benign,ne,a,nav,[TAG=a] [ROLE=nav] स्मार्टवाच — रु. 499,benign:ne:46,synthetic_v1,0,0,0,0,0,0,0,1
"In stock in Bengaluru, ships in 4 days",benign,benign,en,a,nav,"[TAG=a] [ROLE=nav] In stock in Bengaluru, ships in 4 days",benign:en:77,synthetic_v1,0,0,0,0,0,0,0,1
512 लोगों ने धूप का चश्मा को रेट किया,benign,benign,hi,li,nav,[TAG=li] [ROLE=nav] 512 लोगों ने धूप का चश्मा को रेट किया,benign:hi:67,synthetic_v1,0,0,0,0,0,0,0,1
कीमत: रु. 899,benign,benign,hi,p,body,[TAG=p] [ROLE=body] कीमत: रु. 899,benign:hi:45,synthetic_v1,0,0,0,0,0,0,0,1
ल्यापटप ब्याग — रु. 799,benign,benign,ne,span,label,[TAG=span] [ROLE=label] ल्यापटप ब्याग — रु. 799,benign:ne:46,synthetic_v1,0,0,0,0,0,0,0,1
Flipkart ग्राहक सेवा: हमारा ईमेल डेस्क,benign,benign,hi,span,label,[TAG=span] [ROLE=label] Flipkart ग्राहक सेवा: हमारा ईमेल डेस्क,benign:hi:75,synthetic_v1,0,0,0,0,0,0,0,1
"Sold by Meera Store, Lucknow",benign,benign,en,button,cta,"[TAG=button] [ROLE=cta] Sold by Meera Store, Lucknow",benign:en:65,synthetic_v1,0,0,0,0,0,0,0,1
मेरे ऑर्डर से Nykaa ऑर्डर रद्द करें,benign,benign,hi,button,cta,[TAG=button] [ROLE=cta] मेरे ऑर्डर से Nykaa ऑर्डर रद्द करें,benign:hi:68,synthetic_v1,0,0,0,0,0,0,0,1
"विक्रेता: निशा ट्रेडर्स, पुणे",benign,benign,hi,button,cta,"[TAG=button] [ROLE=cta] विक्रेता: निशा ट्रेडर्स, पुणे",benign:hi:48,synthetic_v1,0,0,0,0,0,0,0,1
"In stock in Kolkata, ships in 2 days",benign,benign,en,button,cta,"[TAG=button] [ROLE=cta] In stock in Kolkata, ships in 2 days",benign:en:77,synthetic_v1,0,0,0,0,0,0,0,1
Thulo customer care: live chat,benign,benign,en,a,nav,[TAG=a] [ROLE=nav] Thulo customer care: live chat,benign:en:76,synthetic_v1,0,0,0,0,0,0,0,1
5% छूट,benign,benign,hi,a,nav,[TAG=a] [ROLE=nav] 5% छूट,benign:hi:10,synthetic_v1,0,0,0,0,0,0,0,1
wireless earbuds — Rs. 399,benign,benign,en,span,label,[TAG=span] [ROLE=label] wireless earbuds — Rs. 399,benign:en:46,synthetic_v1,0,0,0,0,0,0,0,1
Meesho पर एयर फ्रायर खोजें,benign,benign,hi,span,label,[TAG=span] [ROLE=label] Meesho पर एयर फ्रायर खोजें,benign:hi:66,synthetic_v1,0,0,0,0,0,0,0,1
5% off air fryer at Ajio,benign,benign,en,a,nav,[TAG=a] [ROLE=nav] 5% off air fryer at Ajio,benign:en:71,synthetic_v1,0,0,0,0,0,0,0,1
HamroBazar मा ल्यापटप ब्याग — रु. 349,benign,benign,ne,label,form,[TAG=label] [ROLE=form] HamroBazar मा ल्यापटप ब्याग — रु. 349,benign:ne:62,synthetic_v1,0,0,0,0,0,0,0,1
"18,332 जनाले हेयर ड्रायर मूल्याङ्कन गरे",benign,benign,ne,li,nav,"[TAG=li] [ROLE=nav] 18,332 जनाले हेयर ड्रायर मूल्याङ्कन गरे",benign:ne:67,synthetic_v1,0,0,0,0,0,0,0,1
Delivering to Surat,benign,benign,en,li,nav,[TAG=li] [ROLE=nav] Delivering to Surat,benign:en:37,synthetic_v1,0,0,0,0,0,0,0,1
48 प्रमाणित समीक्षा,benign,benign,ne,span,label,[TAG=span] [ROLE=label] 48 प्रमाणित समीक्षा,benign:ne:23,synthetic_v1,0,0,0,0,0,0,0,1
Salesberry मा कटन कुर्ता — रु. 499,benign,benign,ne,a,nav,[TAG=a] [ROLE=nav] Salesberry मा कटन कुर्ता — रु. 499,benign:ne:62,synthetic_v1,0,0,0,0,0,0,0,1
कीमत: रु. 499,benign,benign,hi,a,nav,[TAG=a] [ROLE=nav] कीमत: रु. 499,benign:hi:45,synthetic_v1,0,0,0,0,0,0,0,1
Salesberry पर स्कूल बैग खोजें,benign,benign,hi,p,body,[TAG=p] [ROLE=body] Salesberry पर स्कूल बैग खोजें,benign:hi:66,synthetic_v1,0,0,0,0,0,0,0,1
Lenskart पर योगा मैट की कीमतों की तुलना करें,benign,benign,hi,h2,heading,[TAG=h2] [ROLE=heading] Lenskart पर योगा मैट की कीमतों की तुलना करें,benign:hi:73,synthetic_v1,0,0,0,0,0,0,0,1
"विक्रेता: काव्या स्टोर, हैदराबाद",benign,benign,hi,label,form,"[TAG=label] [ROLE=form] विक्रेता: काव्या स्टोर, हैदराबाद",benign:hi:64,synthetic_v1,0,0,0,0,0,0,0,1
SastoDeal मा राइस कुकर खोज्नुहोस्,benign,benign,ne,button,cta,[TAG=button] [ROLE=cta] SastoDeal मा राइस कुकर खोज्नुहोस्,benign:ne:66,synthetic_v1,0,0,0,0,0,0,0,1
Notify me when laptop bag is available,benign,benign,en,label,form,[TAG=label] [ROLE=form] Notify me when laptop bag is available,benign:en:33,synthetic_v1,0,0,0,0,0,0,0,1
Thulo मा स्पोर्ट्स चप्पल मा 30% छुट,benign,benign,ne,li,nav,[TAG=li] [ROLE=nav] Thulo मा स्पोर्ट्स चप्पल मा 30% छुट,benign:ne:70,synthetic_v1,0,0,0,0,0,0,0,1
Warranty: 7 year,benign,benign,en,h2,heading,[TAG=h2] [ROLE=heading] Warranty: 7 year,benign:en:36,synthetic_v1,0,0,0,0,0,0,0,1
HamroBazar customer care: our WhatsApp number,benign,benign,en,h2,heading,[TAG=h2] [ROLE=heading] HamroBazar customer care: our WhatsApp number,benign:en:76,synthetic_v1,0,0,0,0,0,0,0,1
Lenskart फिर्ता नीति: 10 दिन,benign,benign,ne,span,label,[TAG=span] [ROLE=label] Lenskart फिर्ता नीति: 10 दिन,benign:ne:65,synthetic_v1,0,0,0,0,0,0,0,1
Notify me when wireless earbuds is available,benign,benign,en,h2,heading,[TAG=h2] [ROLE=heading] Notify me when wireless earbuds is available,benign:en:33,synthetic_v1,0,0,0,0,0,0,0,1
ऑर्डर रद्द करें,benign,benign,hi,li,nav,[TAG=li] [ROLE=nav] ऑर्डर रद्द करें,benign:hi:39,synthetic_v1,0,0,0,0,0,0,0,1
"रु. 1,499/महिनाबाट EMI विकल्प",benign,benign,ne,li,nav,"[TAG=li] [ROLE=nav] रु. 1,499/महिनाबाट EMI विकल्प",benign:ne:34,synthetic_v1,0,0,0,0,0,0,0,1
"बिक्रेता: दीपा स्टोर, बुटवल",benign,benign,ne,span,label,"[TAG=span] [ROLE=label] बिक्रेता: दीपा स्टोर, बुटवल",benign:ne:64,synthetic_v1,0,0,0,0,0,0,0,1
"18,332 थान बिक्री भयो",benign,benign,ne,li,nav,"[TAG=li] [ROLE=nav] 18,332 थान बिक्री भयो",benign:ne:47,synthetic_v1,0,0,0,0,0,0,0,1
"मुंबई में स्टॉक में, 3 दिन में शिप",benign,benign,hi,label,form,"[TAG=label] [ROLE=form] मुंबई में स्टॉक में, 3 दिन में शिप",benign:hi:76,synthetic_v1,0,0,0,0,0,0,0,1
63 थान बिक्री भयो,benign,benign,ne,p,body,[TAG=p] [ROLE=body] 63 थान बिक्री भयो,benign:ne:47,synthetic_v1,0,0,0,0,0,0,0,1
"ढुवानी शुल्क: रु. 2,999 (भुक्तानी अघि देखिने)",benign,benign,ne,p,body,"[TAG=p] [ROLE=body] ढुवानी शुल्क: रु. 2,999 (भुक्तानी अघि देखिने)",benign:ne:43,synthetic_v1,0,0,0,0,0,0,0,1
"ढुवानी शुल्क: रु. 1,199 (भुक्तानी अघि देखिने)",benign,benign,ne,label,form,"[TAG=label] [ROLE=form] ढुवानी शुल्क: रु. 1,199 (भुक्तानी अघि देखिने)",benign:ne:43,synthetic_v1,0,0,0,0,0,0,0,1
बैकपैक — रु. 449,benign,benign,hi,a,nav,[TAG=a] [ROLE=nav] बैकपैक — रु. 449,benign:hi:46,synthetic_v1,0,0,0,0,0,0,0,1
Zepto ग्राहक सेवा: हाम्रो सपोर्ट नम्बर,benign,benign,ne,span,label,[TAG=span] [ROLE=label] Zepto ग्राहक सेवा: हाम्रो सपोर्ट नम्बर,benign:ne:75,synthetic_v1,0,0,0,0,0,0,0,1
Kinbech फिर्ता नीति: 6 दिन,benign,benign,ne,span,label,[TAG=span] [ROLE=label] Kinbech फिर्ता नीति: 6 दिन,benign:ne:65,synthetic_v1,0,0,0,0,0,0,0,1
पोखरा मा डेलिभरी,benign,benign,ne,li,nav,[TAG=li] [ROLE=nav] पोखरा मा डेलिभरी,benign:ne:37,synthetic_v1,0,0,0,0,0,0,0,1
Ajio मा वायरलेस इयरबड्स मूल्य तुलना गर्नुहोस्,benign,benign,ne,a,nav,[TAG=a] [ROLE=nav] Ajio मा वायरलेस इयरबड्स मूल्य तुलना गर्नुहोस्,benign:ne:73,synthetic_v1,0,0,0,0,0,0,0,1
30% off rice cooker at Snapdeal,benign,benign,en,p,body,[TAG=p] [ROLE=body] 30% off rice cooker at Snapdeal,benign:en:71,synthetic_v1,0,0,0,0,0,0,0,1
FirstCry इमेल एक क्लिकमा अनसब्स्क्राइब गर्नुहोस्,benign,benign,ne,h2,heading,[TAG=h2] [ROLE=heading] FirstCry इमेल एक क्लिकमा अनसब्स्क्राइब गर्नुहोस्,benign:ne:69,synthetic_v1,0,0,0,0,0,0,0,1
Meesho फिर्ता नीति: 8 दिन,benign,benign,ne,a,nav,[TAG=a] [ROLE=nav] Meesho फिर्ता नीति: 8 दिन,benign:ne:65,synthetic_v1,0,0,0,0,0,0,0,1
Tata Cliq मा रनिङ जुत्ता — रु. 499,benign,benign,ne,li,nav,[TAG=li] [ROLE=nav] Tata Cliq मा रनिङ जुत्ता — रु. 499,benign:ne:62,synthetic_v1,0,0,0,0,0,0,0,1
स्मार्टवाच — रु. 449,benign,benign,ne,label,form,[TAG=label] [ROLE=form] स्मार्टवाच — रु. 449,benign:ne:46,synthetic_v1,0,0,0,0,0,0,0,1
"34,118 थान बिक्री भयो",benign,benign,ne,li,nav,"[TAG=li] [ROLE=nav] 34,118 थान बिक्री भयो",benign:ne:47,synthetic_v1,0,0,0,0,0,0,0,1
Gyapu ईमेल एक क्लिक में अनसब्सक्राइब करें,benign,benign,hi,a,nav,[TAG=a] [ROLE=nav] Gyapu ईमेल एक क्लिक में अनसब्सक्राइब करें,benign:hi:69,synthetic_v1,0,0,0,0,0,0,0,1
"नॉइज़ कैंसलिंग हेडफोन — 3,109 समीक्षाएँ, लखनऊ गोदाम",benign,benign,hi,label,form,"[TAG=label] [ROLE=form] नॉइज़ कैंसलिंग हेडफोन — 3,109 समीक्षाएँ, लखनऊ गोदाम",benign:hi:72,synthetic_v1,0,0,0,0,0,0,0,1
Zepto फिर्ता नीति: 9 दिन,benign,benign,ne,a,nav,[TAG=a] [ROLE=nav] Zepto फिर्ता नीति: 9 दिन,benign:ne:65,synthetic_v1,0,0,0,0,0,0,0,1
View all study lamp,benign,benign,en,h2,heading,[TAG=h2] [ROLE=heading] View all study lamp,benign:en:20,synthetic_v1,0,0,0,0,0,0,0,1
Amazon पर पानी की बोतल खोजें,benign,benign,hi,h2,heading,[TAG=h2] [ROLE=heading] Amazon पर पानी की बोतल खोजें,benign:hi:66,synthetic_v1,0,0,0,0,0,0,0,1
"In stock in Lalitpur, ships in 7 days",benign,benign,en,label,form,"[TAG=label] [ROLE=form] In stock in Lalitpur, ships in 7 days",benign:en:77,synthetic_v1,0,0,0,0,0,0,0,1
"1,765 जनाले एयर फ्रायर मूल्याङ्कन गरे",benign,benign,ne,span,label,"[TAG=span] [ROLE=label] 1,765 जनाले एयर फ्रायर मूल्याङ्कन गरे",benign:ne:67,synthetic_v1,0,0,0,0,0,0,0,1
"In stock in Jaipur, ships in 7 days",benign,benign,en,label,form,"[TAG=label] [ROLE=form] In stock in Jaipur, ships in 7 days",benign:en:77,synthetic_v1,0,0,0,0,0,0,0,1
FirstCry पर स्टडी लैंप की कीमतों की तुलना करें,benign,benign,hi,button,cta,[TAG=button] [ROLE=cta] FirstCry पर स्टडी लैंप की कीमतों की तुलना करें,benign:hi:73,synthetic_v1,0,0,0,0,0,0,0,1
Shipping to Bengaluru: Rs. 99,benign,benign,en,span,label,[TAG=span] [ROLE=label] Shipping to Bengaluru: Rs. 99,benign:en:72,synthetic_v1,0,0,0,0,0,0,0,1
"trekking jacket — 11,204 reviews, Bhaktapur warehouse",benign,benign,en,span,label,"[TAG=span] [ROLE=label] trekking jacket — 11,204 reviews, Bhaktapur warehouse",benign:en:73,synthetic_v1,0,0,0,0,0,0,0,1
"office chair — 4,265 reviews, Mumbai warehouse",benign,benign,en,button,cta,"[TAG=button] [ROLE=cta] office chair — 4,265 reviews, Mumbai warehouse",benign:en:73,synthetic_v1,0,0,0,0,0,0,0,1
Meesho मा वायरलेस इयरबड्स मा 5% छुट,benign,benign,ne,button,cta,[TAG=button] [ROLE=cta] Meesho मा वायरलेस इयरबड्स मा 5% छुट,benign:ne:70,synthetic_v1,0,0,0,0,0,0,0,1
455 सत्यापित समीक्षाएँ,benign,benign,hi,label,form,[TAG=label] [ROLE=form] 455 सत्यापित समीक्षाएँ,benign:hi:23,synthetic_v1,0,0,0,0,0,0,0,1
Salesberry पर स्टडी लैंप की कीमतों की तुलना करें,benign,benign,hi,span,label,[TAG=span] [ROLE=label] Salesberry पर स्टडी लैंप की कीमतों की तुलना करें,benign:hi:73,synthetic_v1,0,0,0,0,0,0,0,1
मेरो अर्डरबाट Thulo अर्डर रद्द गर्नुहोस्,benign,benign,ne,h2,heading,[TAG=h2] [ROLE=heading] मेरो अर्डरबाट Thulo अर्डर रद्द गर्नुहोस्,benign:ne:68,synthetic_v1,0,0,0,0,0,0,0,1
Thulo रिटर्न नीति: 3 दिन,benign,benign,hi,button,cta,[TAG=button] [ROLE=cta] Thulo रिटर्न नीति: 3 दिन,benign:hi:65,synthetic_v1,0,0,0,0,0,0,0,1
Thulo मा एयर फ्रायर मा 15% छुट,benign,benign,ne,a,nav,[TAG=a] [ROLE=nav] Thulo मा एयर फ्रायर मा 15% छुट,benign:ne:70,synthetic_v1,0,0,0,0,0,0,0,1
"नेपालगन्ज मा स्टकमा, 2 दिनमा पठाइन्छ",benign,benign,ne,h2,heading,"[TAG=h2] [ROLE=heading] नेपालगन्ज मा स्टकमा, 2 दिनमा पठाइन्छ",benign:ne:76,synthetic_v1,0,0,0,0,0,0,0,1
Croma return policy: 4 days,benign,benign,en,p,body,[TAG=p] [ROLE=body] Croma return policy: 4 days,benign:en:66,synthetic_v1,0,0,0,0,0,0,0,1
SastoDeal customer care: our Viber support,benign,benign,en,label,form,[TAG=label] [ROLE=form] SastoDeal customer care: our Viber support,benign:en:76,synthetic_v1,0,0,0,0,0,0,0,1
फेस वॉश — रु. 249,benign,benign,hi,p,body,[TAG=p] [ROLE=body] फेस वॉश — रु. 249,benign:hi:46,synthetic_v1,0,0,0,0,0,0,0,1
"गेमिंग माउस — रु. 2,499",benign,benign,hi,a,nav,"[TAG=a] [ROLE=nav] गेमिंग माउस — रु. 2,499",benign:hi:46,synthetic_v1,0,0,0,0,0,0,0,1
हैदराबाद में 4 दिन में डिलीवरी,benign,benign,hi,button,cta,[TAG=button] [ROLE=cta] हैदराबाद में 4 दिन में डिलीवरी,benign:hi:63,synthetic_v1,0,0,0,0,0,0,0,1
noise cancelling headphones — Rs. 299,benign,benign,en,button,cta,[TAG=button] [ROLE=cta] noise cancelling headphones — Rs. 299,benign:en:46,synthetic_v1,0,0,0,0,0,0,0,1
पुणे में 3 दिन में डिलीवरी,benign,benign,hi,li,nav,[TAG=li] [ROLE=nav] पुणे में 3 दिन में डिलीवरी,benign:hi:63,synthetic_v1,0,0,0,0,0,0,0,1
Add smartwatch to cart,benign,benign,en,label,form,[TAG=label] [ROLE=form] Add smartwatch to cart,benign:en:00,synthetic_v1,0,0,0,0,0,0,0,1
Search for winter blanket,benign,benign,en,p,body,[TAG=p] [ROLE=body] Search for winter blanket,benign:en:14,synthetic_v1,0,0,0,0,0,0,0,1
ग्राहक समीक्षाएँ (512),benign,benign,hi,li,nav,[TAG=li] [ROLE=nav] ग्राहक समीक्षाएँ (512),benign:hi:03,synthetic_v1,0,0,0,0,0,0,0,1
Ajio पर पावर बैंक खोजें,benign,benign,hi,label,form,[TAG=label] [ROLE=form] Ajio पर पावर बैंक खोजें,benign:hi:66,synthetic_v1,0,0,0,0,0,0,0,1
BigBasket मा कटन कुर्ता मूल्य तुलना गर्नुहोस्,benign,benign,ne,li,nav,[TAG=li] [ROLE=nav] BigBasket मा कटन कुर्ता मूल्य तुलना गर्नुहोस्,benign:ne:73,synthetic_v1,0,0,0,0,0,0,0,1
office chair — Rs. 199,benign,benign,en,li,nav,[TAG=li] [ROLE=nav] office chair — Rs. 199,benign:en:46,synthetic_v1,0,0,0,0,0,0,0,1
"बिक्रेता: नवीन स्टोर, तनहुँ",benign,benign,ne,button,cta,"[TAG=button] [ROLE=cta] बिक्रेता: नवीन स्टोर, तनहुँ",benign:ne:64,synthetic_v1,0,0,0,0,0,0,0,1
Size guide for gaming mouse,benign,benign,en,p,body,[TAG=p] [ROLE=body] Size guide for gaming mouse,benign:en:05,synthetic_v1,0,0,0,0,0,0,0,1
कफी मेकर कार्टमा राख्नुहोस्,benign,benign,ne,li,nav,[TAG=li] [ROLE=nav] कफी मेकर कार्टमा राख्नुहोस्,benign:ne:00,synthetic_v1,0,0,0,0,0,0,0,1
सभी प्रोटीन पाउडर देखें,benign,benign,hi,a,nav,[TAG=a] [ROLE=nav] सभी प्रोटीन पाउडर देखें,benign:hi:20,synthetic_v1,0,0,0,0,0,0,0,1
JioMart मा अफिस कुर्सी मा 70% छुट,benign,benign,ne,span,label,[TAG=span] [ROLE=label] JioMart मा अफिस कुर्सी मा 70% छुट,benign:ne:70,synthetic_v1,0,0,0,0,0,0,0,1
स्कुल ब्याग कार्टमा राख्नुहोस्,benign,benign,ne,span,label,[TAG=span] [ROLE=label] स्कुल ब्याग कार्टमा राख्नुहोस्,benign:ne:00,synthetic_v1,0,0,0,0,0,0,0,1
766 प्रमाणित समीक्षा,benign,benign,ne,h2,heading,[TAG=h2] [ROLE=heading] 766 प्रमाणित समीक्षा,benign:ne:23,synthetic_v1,0,0,0,0,0,0,0,1
Cancel your Blinkit order from My Orders,benign,benign,en,p,body,[TAG=p] [ROLE=body] Cancel your Blinkit order from My Orders,benign:en:69,synthetic_v1,0,0,0,0,0,0,0,1
हेयर ड्रायर तुलना गर्नुहोस्,benign,benign,ne,h2,heading,[TAG=h2] [ROLE=heading] हेयर ड्रायर तुलना गर्नुहोस्,benign:ne:12,synthetic_v1,0,0,0,0,0,0,0,1
बुटवल मा 10 दिनमा डेलिभरी,benign,benign,ne,p,body,[TAG=p] [ROLE=body] बुटवल मा 10 दिनमा डेलिभरी,benign:ne:63,synthetic_v1,0,0,0,0,0,0,0,1
"वीरगन्ज मा स्टकमा, 14 दिनमा पठाइन्छ",benign,benign,ne,span,label,"[TAG=span] [ROLE=label] वीरगन्ज मा स्टकमा, 14 दिनमा पठाइन्छ",benign:ne:76,synthetic_v1,0,0,0,0,0,0,0,1
नेपालगन्ज मा 7 दिनमा डेलिभरी,benign,benign,ne,button,cta,[TAG=button] [ROLE=cta] नेपालगन्ज मा 7 दिनमा डेलिभरी,benign:ne:63,synthetic_v1,0,0,0,0,0,0,0,1
फर्मल सर्ट — रु. 49,benign,benign,ne,button,cta,[TAG=button] [ROLE=cta] फर्मल सर्ट — रु. 49,benign:ne:46,synthetic_v1,0,0,0,0,0,0,0,1
रु. 299 से ऊपर के ऑर्डर पर मुफ़्त शिपिंग,benign,benign,hi,h2,heading,[TAG=h2] [ROLE=heading] रु. 299 से ऊपर के ऑर्डर पर मुफ़्त शिपिंग,benign:hi:01,synthetic_v1,0,0,0,0,0,0,0,1
203 verified reviews,benign,benign,en,p,body,[TAG=p] [ROLE=body] 203 verified reviews,benign:en:23,synthetic_v1,0,0,0,0,0,0,0,1
Compare yoga mat prices on Gyapu,benign,benign,en,a,nav,[TAG=a] [ROLE=nav] Compare yoga mat prices on Gyapu,benign:en:74,synthetic_v1,0,0,0,0,0,0,0,1
"ऑफिस चेयर — रु. 2,499",benign,benign,hi,p,body,"[TAG=p] [ROLE=body] ऑफिस चेयर — रु. 2,499",benign:hi:46,synthetic_v1,0,0,0,0,0,0,0,1
Compare school bag prices on Kinbech,benign,benign,en,button,cta,[TAG=button] [ROLE=cta] Compare school bag prices on Kinbech,benign:en:74,synthetic_v1,0,0,0,0,0,0,0,1
Notify me when winter blanket is available,benign,benign,en,li,nav,[TAG=li] [ROLE=nav] Notify me when winter blanket is available,benign:en:33,synthetic_v1,0,0,0,0,0,0,0,1
Compare backpack,benign,benign,en,li,nav,[TAG=li] [ROLE=nav] Compare backpack,benign:en:12,synthetic_v1,0,0,0,0,0,0,0,1
Meesho पर सर्दी का कंबल की कीमतों की तुलना करें,benign,benign,hi,a,nav,[TAG=a] [ROLE=nav] Meesho पर सर्दी का कंबल की कीमतों की तुलना करें,benign:hi:73,synthetic_v1,0,0,0,0,0,0,0,1
"विक्रेता: ज्योति ट्रेडर्स, भोपाल",benign,benign,hi,li,nav,"[TAG=li] [ROLE=nav] विक्रेता: ज्योति ट्रेडर्स, भोपाल",benign:hi:48,synthetic_v1,0,0,0,0,0,0,0,1
बेंगलुरु में 4 दिन में डिलीवरी,benign,benign,hi,a,nav,[TAG=a] [ROLE=nav] बेंगलुरु में 4 दिन में डिलीवरी,benign:hi:63,synthetic_v1,0,0,0,0,0,0,0,1
"विक्रेता: ज्योति ट्रेडर्स, नासिक",benign,benign,hi,h2,heading,"[TAG=h2] [ROLE=heading] विक्रेता: ज्योति ट्रेडर्स, नासिक",benign:hi:48,synthetic_v1,0,0,0,0,0,0,0,1
Daraz ग्राहक सेवा: हमारा सपोर्ट नंबर,benign,benign,hi,p,body,[TAG=p] [ROLE=body] Daraz ग्राहक सेवा: हमारा सपोर्ट नंबर,benign:hi:75,synthetic_v1,0,0,0,0,0,0,0,1
"Seller: Dipesh Traders, Patna",benign,benign,en,p,body,"[TAG=p] [ROLE=body] Seller: Dipesh Traders, Patna",benign:en:49,synthetic_v1,0,0,0,0,0,0,0,1
Cash on delivery available in Kolkata,benign,benign,en,li,nav,[TAG=li] [ROLE=nav] Cash on delivery available in Kolkata,benign:en:09,synthetic_v1,0,0,0,0,0,0,0,1
Search for laptop bag,benign,benign,en,button,cta,[TAG=button] [ROLE=cta] Search for laptop bag,benign:en:14,synthetic_v1,0,0,0,0,0,0,0,1
Myntra पर पानी की बोतल की कीमतों की तुलना करें,benign,benign,hi,button,cta,[TAG=button] [ROLE=cta] Myntra पर पानी की बोतल की कीमतों की तुलना करें,benign:hi:73,synthetic_v1,0,0,0,0,0,0,0,1
हैदराबाद में 5 दिन में डिलीवरी,benign,benign,hi,h2,heading,[TAG=h2] [ROLE=heading] हैदराबाद में 5 दिन में डिलीवरी,benign:hi:63,synthetic_v1,0,0,0,0,0,0,0,1
Search school bag on Amazon,benign,benign,en,h2,heading,[TAG=h2] [ROLE=heading] Search school bag on Amazon,benign:en:67,synthetic_v1,0,0,0,0,0,0,0,1
ललितपुर मा 4 दिनमा डेलिभरी,benign,benign,ne,span,label,[TAG=span] [ROLE=label] ललितपुर मा 4 दिनमा डेलिभरी,benign:ne:63,synthetic_v1,0,0,0,0,0,0,0,1
"इंदौर शिपिंग: रु. 1,499",benign,benign,hi,h2,heading,"[TAG=h2] [ROLE=heading] इंदौर शिपिंग: रु. 1,499",benign:hi:71,synthetic_v1,0,0,0,0,0,0,0,1
Shipping to Patna: Rs. 299,benign,benign,en,a,nav,[TAG=a] [ROLE=nav] Shipping to Patna: Rs. 299,benign:en:72,synthetic_v1,0,0,0,0,0,0,0,1
"गेमिंग माउस पर रु. 1,499 से EMI",benign,benign,hi,p,body,"[TAG=p] [ROLE=body] गेमिंग माउस पर रु. 1,499 से EMI",benign:hi:74,synthetic_v1,0,0,0,0,0,0,0,1
30% off sports sandals at Kinbech,benign,benign,en,label,form,[TAG=label] [ROLE=form] 30% off sports sandals at Kinbech,benign:en:71,synthetic_v1,0,0,0,0,0,0,0,1
"Sold by Meera Store, Nepalgunj",benign,benign,en,h2,heading,"[TAG=h2] [ROLE=heading] Sold by Meera Store, Nepalgunj",benign:en:65,synthetic_v1,0,0,0,0,0,0,0,1
Unsubscribe from JioMart emails in one click,benign,benign,en,label,form,[TAG=label] [ROLE=form] Unsubscribe from JioMart emails in one click,benign:en:70,synthetic_v1,0,0,0,0,0,0,0,1
"जयपुर में स्टॉक में, 10 दिन में शिप",benign,benign,hi,h2,heading,"[TAG=h2] [ROLE=heading] जयपुर में स्टॉक में, 10 दिन में शिप",benign:hi:76,synthetic_v1,0,0,0,0,0,0,0,1
FirstCry पर गेमिंग माउस खोजें,benign,benign,hi,h2,heading,[TAG=h2] [ROLE=heading] FirstCry पर गेमिंग माउस खोजें,benign:hi:66,synthetic_v1,0,0,0,0,0,0,0,1
रनिङ जुत्ता तुलना गर्नुहोस्,benign,benign,ne,span,label,[TAG=span] [ROLE=label] रनिङ जुत्ता तुलना गर्नुहोस्,benign:ne:12,synthetic_v1,0,0,0,0,0,0,0,1
Shipping to Mumbai: Rs. 449,benign,benign,en,li,nav,[TAG=li] [ROLE=nav] Shipping to Mumbai: Rs. 449,benign:en:72,synthetic_v1,0,0,0,0,0,0,0,1
"Customer reviews (1,340)",benign,benign,en,li,nav,"[TAG=li] [ROLE=nav] Customer reviews (1,340)",benign:en:03,synthetic_v1,0,0,0,0,0,0,0,1
View all backpack,benign,benign,en,p,body,[TAG=p] [ROLE=body] View all backpack,benign:en:20,synthetic_v1,0,0,0,0,0,0,0,1
Shipping to Lalitpur: Rs. 249,benign,benign,en,button,cta,[TAG=button] [ROLE=cta] Shipping to Lalitpur: Rs. 249,benign:en:72,synthetic_v1,0,0,0,0,0,0,0,1
ग्राहक समीक्षा (186),benign,benign,ne,li,nav,[TAG=li] [ROLE=nav] ग्राहक समीक्षा (186),benign:ne:03,synthetic_v1,0,0,0,0,0,0,0,1
Compare sports sandals prices on Nykaa,benign,benign,en,span,label,[TAG=span] [ROLE=label] Compare sports sandals prices on Nykaa,benign:en:74,synthetic_v1,0,0,0,0,0,0,0,1
"In stock in Pune, ships in 7 days",benign,benign,en,button,cta,"[TAG=button] [ROLE=cta] In stock in Pune, ships in 7 days",benign:en:77,synthetic_v1,0,0,0,0,0,0,0,1
"EMI from Rs. 2,999 on cotton kurta",benign,benign,en,p,body,"[TAG=p] [ROLE=body] EMI from Rs. 2,999 on cotton kurta",benign:en:75,synthetic_v1,0,0,0,0,0,0,0,1
"Sold by Aarav Store, Mumbai",benign,benign,en,li,nav,"[TAG=li] [ROLE=nav] Sold by Aarav Store, Mumbai",benign:en:65,synthetic_v1,0,0,0,0,0,0,0,1
"Customer reviews (3,109)",benign,benign,en,label,form,"[TAG=label] [ROLE=form] Customer reviews (3,109)",benign:en:03,synthetic_v1,0,0,0,0,0,0,0,1
वायरलेस ईयरबड्स के लिए साइज़ गाइड,benign,benign,hi,span,label,[TAG=span] [ROLE=label] वायरलेस ईयरबड्स के लिए साइज़ गाइड,benign:hi:05,synthetic_v1,0,0,0,0,0,0,0,1
"ब्लुटुथ स्पिकर मा रु. 1,499 बाट EMI",benign,benign,ne,p,body,"[TAG=p] [ROLE=body] ब्लुटुथ स्पिकर मा रु. 1,499 बाट EMI",benign:ne:74,synthetic_v1,0,0,0,0,0,0,0,1
Reliance Digital पर एयर फ्रायर की कीमतों की तुलना करें,benign,benign,hi,span,label,[TAG=span] [ROLE=label] Reliance Digital पर एयर फ्रायर की कीमतों की तुलना करें,benign:hi:73,synthetic_v1,0,0,0,0,0,0,0,1
"Seller: Jyoti Traders, Lucknow",benign,benign,en,button,cta,"[TAG=button] [ROLE=cta] Seller: Jyoti Traders, Lucknow",benign:en:49,synthetic_v1,0,0,0,0,0,0,0,1
Thulo ग्राहक सेवा: हाम्रो Facebook पेज,benign,benign,ne,p,body,[TAG=p] [ROLE=body] Thulo ग्राहक सेवा: हाम्रो Facebook पेज,benign:ne:75,synthetic_v1,0,0,0,0,0,0,0,1
"विक्रेता: दीपेश स्टोर, लखनऊ",benign,benign,hi,label,form,"[TAG=label] [ROLE=form] विक्रेता: दीपेश स्टोर, लखनऊ",benign:hi:64,synthetic_v1,0,0,0,0,0,0,0,1
FirstCry मा इलेक्ट्रिक केतली मा 15% छुट,benign,benign,ne,button,cta,[TAG=button] [ROLE=cta] FirstCry मा इलेक्ट्रिक केतली मा 15% छुट,benign:ne:70,synthetic_v1,0,0,0,0,0,0,0,1
"सर्दी का कंबल — रु. 1,999",benign,benign,hi,a,nav,"[TAG=a] [ROLE=nav] सर्दी का कंबल — रु. 1,999",benign:hi:46,synthetic_v1,0,0,0,0,0,0,0,1
Muncha ग्राहक सेवा: हमारा WhatsApp नंबर,benign,benign,hi,label,form,[TAG=label] [ROLE=form] Muncha ग्राहक सेवा: हमारा WhatsApp नंबर,benign:hi:75,synthetic_v1,0,0,0,0,0,0,0,1
"Seller: Sita Traders, Bengaluru",benign,benign,en,button,cta,"[TAG=button] [ROLE=cta] Seller: Sita Traders, Bengaluru",benign:en:49,synthetic_v1,0,0,0,0,0,0,0,1
हैदराबाद शिपिंग: रु. 899,benign,benign,hi,label,form,[TAG=label] [ROLE=form] हैदराबाद शिपिंग: रु. 899,benign:hi:71,synthetic_v1,0,0,0,0,0,0,0,1
योगा म्याट खोज्नुहोस्,benign,benign,ne,label,form,[TAG=label] [ROLE=form] योगा म्याट खोज्नुहोस्,benign:ne:14,synthetic_v1,0,0,0,0,0,0,0,1
Gyapu पर स्कूल बैग खोजें,benign,benign,hi,span,label,[TAG=span] [ROLE=label] Gyapu पर स्कूल बैग खोजें,benign:hi:66,synthetic_v1,0,0,0,0,0,0,0,1
Customer reviews (578),benign,benign,en,button,cta,[TAG=button] [ROLE=cta] Customer reviews (578),benign:en:03,synthetic_v1,0,0,0,0,0,0,0,1
"स्टडी लैंप — 889 समीक्षाएँ, दिल्ली गोदाम",benign,benign,hi,button,cta,"[TAG=button] [ROLE=cta] स्टडी लैंप — 889 समीक्षाएँ, दिल्ली गोदाम",benign:hi:72,synthetic_v1,0,0,0,0,0,0,0,1
367 लोगों ने वायरलेस ईयरबड्स को रेट किया,benign,benign,hi,li,nav,[TAG=li] [ROLE=nav] 367 लोगों ने वायरलेस ईयरबड्स को रेट किया,benign:hi:67,synthetic_v1,0,0,0,0,0,0,0,1
ग्राहक समीक्षा (27),benign,benign,ne,label,form,[TAG=label] [ROLE=form] ग्राहक समीक्षा (27),benign:ne:03,synthetic_v1,0,0,0,0,0,0,0,1
घामको चस्मा कार्टमा राख्नुहोस्,benign,benign,ne,span,label,[TAG=span] [ROLE=label] घामको चस्मा कार्टमा राख्नुहोस्,benign:ne:00,synthetic_v1,0,0,0,0,0,0,0,1
राइस कुकर के लिए साइज़ गाइड,benign,benign,hi,button,cta,[TAG=button] [ROLE=cta] राइस कुकर के लिए साइज़ गाइड,benign:hi:05,synthetic_v1,0,0,0,0,0,0,0,1
"फॉर्मल शर्ट — रु. 1,499",benign,benign,hi,span,label,"[TAG=span] [ROLE=label] फॉर्मल शर्ट — रु. 1,499",benign:hi:46,synthetic_v1,0,0,0,0,0,0,0,1
Shipping to Kolkata: Rs. 699,benign,benign,en,label,form,[TAG=label] [ROLE=form] Shipping to Kolkata: Rs. 699,benign:en:72,synthetic_v1,0,0,0,0,0,0,0,1
View all power bank,benign,benign,en,span,label,[TAG=span] [ROLE=label] View all power bank,benign:en:20,synthetic_v1,0,0,0,0,0,0,0,1
ल्यापटप ब्याग कार्टमा राख्नुहोस्,benign,benign,ne,li,nav,[TAG=li] [ROLE=nav] ल्यापटप ब्याग कार्टमा राख्नुहोस्,benign:ne:00,synthetic_v1,0,0,0,0,0,0,0,1
Unsubscribe from Zepto emails in one click,benign,benign,en,label,form,[TAG=label] [ROLE=form] Unsubscribe from Zepto emails in one click,benign:en:70,synthetic_v1,0,0,0,0,0,0,0,1
Pepperfry फिर्ता नीति: 9 दिन,benign,benign,ne,a,nav,[TAG=a] [ROLE=nav] Pepperfry फिर्ता नीति: 9 दिन,benign:ne:65,synthetic_v1,0,0,0,0,0,0,0,1
दमक मा 10 दिनमा डेलिभरी,benign,benign,ne,p,body,[TAG=p] [ROLE=body] दमक मा 10 दिनमा डेलिभरी,benign:ne:63,synthetic_v1,0,0,0,0,0,0,0,1
FirstCry ग्राहक सेवा: हाम्रो हेल्पलाइन,benign,benign,ne,h2,heading,[TAG=h2] [ROLE=heading] FirstCry ग्राहक सेवा: हाम्रो हेल्पलाइन,benign:ne:75,synthetic_v1,0,0,0,0,0,0,0,1
रु. 599/महिनाबाट EMI विकल्प,benign,benign,ne,span,label,[TAG=span] [ROLE=label] रु. 599/महिनाबाट EMI विकल्प,benign:ne:34,synthetic_v1,0,0,0,0,0,0,0,1
पोखरा ढुवानी: रु. 699,benign,benign,ne,p,body,[TAG=p] [ROLE=body] पोखरा ढुवानी: रु. 699,benign:ne:71,synthetic_v1,0,0,0,0,0,0,0,1
402 लोगों ने स्कूल बैग को रेट किया,benign,benign,hi,button,cta,[TAG=button] [ROLE=cta] 402 लोगों ने स्कूल बैग को रेट किया,benign:hi:67,synthetic_v1,0,0,0,0,0,0,0,1
जनकपुर मा 14 दिनमा डेलिभरी,benign,benign,ne,a,nav,[TAG=a] [ROLE=nav] जनकपुर मा 14 दिनमा डेलिभरी,benign:ne:63,synthetic_v1,0,0,0,0,0,0,0,1
"हैदराबाद शिपिंग: रु. 1,499",benign,benign,hi,li,nav,"[TAG=li] [ROLE=nav] हैदराबाद शिपिंग: रु. 1,499",benign:hi:71,synthetic_v1,0,0,0,0,0,0,0,1
सबै योगा म्याट हेर्नुहोस्,benign,benign,ne,span,label,[TAG=span] [ROLE=label] सबै योगा म्याट हेर्नुहोस्,benign:ne:20,synthetic_v1,0,0,0,0,0,0,0,1
राइस कुकर — रु. 99,benign,benign,ne,label,form,[TAG=label] [ROLE=form] राइस कुकर — रु. 99,benign:ne:46,synthetic_v1,0,0,0,0,0,0,0,1
10% off sunglasses at Zepto,benign,benign,en,button,cta,[TAG=button] [ROLE=cta] 10% off sunglasses at Zepto,benign:en:71,synthetic_v1,0,0,0,0,0,0,0,1
"विक्रेता: मनीष स्टोर, बेंगलुरु",benign,benign,hi,label,form,"[TAG=label] [ROLE=form] विक्रेता: मनीष स्टोर, बेंगलुरु",benign:hi:64,synthetic_v1,0,0,0,0,0,0,0,1
"EMI from Rs. 1,499 on denim jeans",benign,benign,en,p,body,"[TAG=p] [ROLE=body] EMI from Rs. 1,499 on denim jeans",benign:en:75,synthetic_v1,0,0,0,0,0,0,0,1
Daraz फिर्ता नीति: 9 दिन,benign,benign,ne,button,cta,[TAG=button] [ROLE=cta] Daraz फिर्ता नीति: 9 दिन,benign:ne:65,synthetic_v1,0,0,0,0,0,0,0,1
Notify me when office chair is available,benign,benign,en,label,form,[TAG=label] [ROLE=form] Notify me when office chair is available,benign:en:33,synthetic_v1,0,0,0,0,0,0,0,1
BigBasket पर डेनिम जींस खोजें,benign,benign,hi,button,cta,[TAG=button] [ROLE=cta] BigBasket पर डेनिम जींस खोजें,benign:hi:66,synthetic_v1,0,0,0,0,0,0,0,1
"बिक्रेता: सीता स्टोर, नेपालगन्ज",benign,benign,ne,button,cta,"[TAG=button] [ROLE=cta] बिक्रेता: सीता स्टोर, नेपालगन्ज",benign:ne:64,synthetic_v1,0,0,0,0,0,0,0,1
"विक्रेता: अनीता स्टोर, अहमदाबाद",benign,benign,hi,h2,heading,"[TAG=h2] [ROLE=heading] विक्रेता: अनीता स्टोर, अहमदाबाद",benign:hi:64,synthetic_v1,0,0,0,0,0,0,0,1
रु. 399/महीना से EMI विकल्प,benign,benign,hi,button,cta,[TAG=button] [ROLE=cta] रु. 399/महीना से EMI विकल्प,benign:hi:34,synthetic_v1,0,0,0,0,0,0,0,1
मूल्य: रु. 799,benign,benign,ne,p,body,[TAG=p] [ROLE=body] मूल्य: रु. 799,benign:ne:45,synthetic_v1,0,0,0,0,0,0,0,1
Gyapu पर ट्रेकिंग जैकेट — रु. 599,benign,benign,hi,button,cta,[TAG=button] [ROLE=cta] Gyapu पर ट्रेकिंग जैकेट — रु. 599,benign:hi:62,synthetic_v1,0,0,0,0,0,0,0,1
Lenskart मा हेयर ड्रायर मा 60% छुट,benign,benign,ne,span,label,[TAG=span] [ROLE=label] Lenskart मा हेयर ड्रायर मा 60% छुट,benign:ne:70,synthetic_v1,0,0,0,0,0,0,0,1
Snapdeal इमेल एक क्लिकमा अनसब्स्क्राइब गर्नुहोस्,benign,benign,ne,h2,heading,[TAG=h2] [ROLE=heading] Snapdeal इमेल एक क्लिकमा अनसब्स्क्राइब गर्नुहोस्,benign:ne:69,synthetic_v1,0,0,0,0,0,0,0,1
"Sold by Dipesh Store, Pune",benign,benign,en,label,form,"[TAG=label] [ROLE=form] Sold by Dipesh Store, Pune",benign:en:65,synthetic_v1,0,0,0,0,0,0,0,1
Reliance Digital पर गेमिंग माउस खोजें,benign,benign,hi,h2,heading,[TAG=h2] [ROLE=heading] Reliance Digital पर गेमिंग माउस खोजें,benign:hi:66,synthetic_v1,0,0,0,0,0,0,0,1
Flipkart पर नॉइज़ कैंसलिंग हेडफोन खोजें,benign,benign,hi,h2,heading,[TAG=h2] [ROLE=heading] Flipkart पर नॉइज़ कैंसलिंग हेडफोन खोजें,benign:hi:66,synthetic_v1,0,0,0,0,0,0,0,1
"गेमिंग माउस — रु. 1,499",benign,benign,hi,li,nav,"[TAG=li] [ROLE=nav] गेमिंग माउस — रु. 1,499",benign:hi:46,synthetic_v1,0,0,0,0,0,0,0,1
पटना में डिलीवरी,benign,benign,hi,p,body,[TAG=p] [ROLE=body] पटना में डिलीवरी,benign:hi:37,synthetic_v1,0,0,0,0,0,0,0,1
चितवन मा 5 दिनमा डेलिभरी,benign,benign,ne,p,body,[TAG=p] [ROLE=body] चितवन मा 5 दिनमा डेलिभरी,benign:ne:63,synthetic_v1,0,0,0,0,0,0,0,1
"नासिक में स्टॉक में, 2 दिन में शिप",benign,benign,hi,label,form,"[TAG=label] [ROLE=form] नासिक में स्टॉक में, 2 दिन में शिप",benign:hi:76,synthetic_v1,0,0,0,0,0,0,0,1
48 थान बिक्री भयो,benign,benign,ne,label,form,[TAG=label] [ROLE=form] 48 थान बिक्री भयो,benign:ne:47,synthetic_v1,0,0,0,0,0,0,0,1
Proceed to checkout,benign,benign,en,li,nav,[TAG=li] [ROLE=nav] Proceed to checkout,benign:en:13,synthetic_v1,0,0,0,0,0,0,0,1
"पोखरा मा स्टकमा, 14 दिनमा पठाइन्छ",benign,benign,ne,span,label,"[TAG=span] [ROLE=label] पोखरा मा स्टकमा, 14 दिनमा पठाइन्छ",benign:ne:76,synthetic_v1,0,0,0,0,0,0,0,1
Myntra मा हिउँदको ब्ल्याङ्केट मूल्य तुलना गर्नुहोस्,benign,benign,ne,a,nav,[TAG=a] [ROLE=nav] Myntra मा हिउँदको ब्ल्याङ्केट मूल्य तुलना गर्नुहोस्,benign:ne:73,synthetic_v1,0,0,0,0,0,0,0,1
Compare hair dryer,benign,benign,en,button,cta,[TAG=button] [ROLE=cta] Compare hair dryer,benign:en:12,synthetic_v1,0,0,0,0,0,0,0,1
JioMart रिटर्न नीति: 5 दिन,benign,benign,hi,button,cta,[TAG=button] [ROLE=cta] JioMart रिटर्न नीति: 5 दिन,benign:hi:65,synthetic_v1,0,0,0,0,0,0,0,1
"धरान मा स्टकमा, 10 दिनमा पठाइन्छ",benign,benign,ne,button,cta,"[TAG=button] [ROLE=cta] धरान मा स्टकमा, 10 दिनमा पठाइन्छ",benign:ne:76,synthetic_v1,0,0,0,0,0,0,0,1
डेनिम जींस उपलब्ध होने पर सूचित करें,benign,benign,hi,li,nav,[TAG=li] [ROLE=nav] डेनिम जींस उपलब्ध होने पर सूचित करें,benign:hi:33,synthetic_v1,0,0,0,0,0,0,0,1
84 प्रमाणित समीक्षा,benign,benign,ne,label,form,[TAG=label] [ROLE=form] 84 प्रमाणित समीक्षा,benign:ne:23,synthetic_v1,0,0,0,0,0,0,0,1
hair dryer at Muncha — Rs. 899,benign,benign,en,label,form,[TAG=label] [ROLE=form] hair dryer at Muncha — Rs. 899,benign:en:63,synthetic_v1,0,0,0,0,0,0,0,1
चितवन मा 4 दिनमा डेलिभरी,benign,benign,ne,h2,heading,[TAG=h2] [ROLE=heading] चितवन मा 4 दिनमा डेलिभरी,benign:ne:63,synthetic_v1,0,0,0,0,0,0,0,1
Delivery to Kolkata in 3 days,benign,benign,en,label,form,[TAG=label] [ROLE=form] Delivery to Kolkata in 3 days,benign:en:64,synthetic_v1,0,0,0,0,0,0,0,1
Compare running shoes,benign,benign,en,button,cta,[TAG=button] [ROLE=cta] Compare running shoes,benign:en:12,synthetic_v1,0,0,0,0,0,0,0,1
Daraz पर पानी की बोतल की कीमतों की तुलना करें,benign,benign,hi,button,cta,[TAG=button] [ROLE=cta] Daraz पर पानी की बोतल की कीमतों की तुलना करें,benign:hi:73,synthetic_v1,0,0,0,0,0,0,0,1
ब्लुटुथ स्पिकर उपलब्ध भएपछि जानकारी दिनुहोस्,benign,benign,ne,h2,heading,[TAG=h2] [ROLE=heading] ब्लुटुथ स्पिकर उपलब्ध भएपछि जानकारी दिनुहोस्,benign:ne:33,synthetic_v1,0,0,0,0,0,0,0,1
hair dryer at SastoDeal — Rs. 99,benign,benign,en,a,nav,[TAG=a] [ROLE=nav] hair dryer at SastoDeal — Rs. 99,benign:en:63,synthetic_v1,0,0,0,0,0,0,0,1
50% off running shoes at Pepperfry,benign,benign,en,h2,heading,[TAG=h2] [ROLE=heading] 50% off running shoes at Pepperfry,benign:en:71,synthetic_v1,0,0,0,0,0,0,0,1
रु. 799 माथिको अर्डरमा निःशुल्क ढुवानी,benign,benign,ne,li,nav,[TAG=li] [ROLE=nav] रु. 799 माथिको अर्डरमा निःशुल्क ढुवानी,benign:ne:01,synthetic_v1,0,0,0,0,0,0,0,1
EMI from Rs. 349 on office chair,benign,benign,en,a,nav,[TAG=a] [ROLE=nav] EMI from Rs. 349 on office chair,benign:en:75,synthetic_v1,0,0,0,0,0,0,0,1
Search for sunglasses,benign,benign,en,span,label,[TAG=span] [ROLE=label] Search for sunglasses,benign:en:14,synthetic_v1,0,0,0,0,0,0,0,1
Pepperfry ईमेल एक क्लिक में अनसब्सक्राइब करें,benign,benign,hi,p,body,[TAG=p] [ROLE=body] Pepperfry ईमेल एक क्लिक में अनसब्सक्राइब करें,benign:hi:69,synthetic_v1,0,0,0,0,0,0,0,1
455 जनाले अफिस कुर्सी मूल्याङ्कन गरे,benign,benign,ne,h2,heading,[TAG=h2] [ROLE=heading] 455 जनाले अफिस कुर्सी मूल्याङ्कन गरे,benign:ne:67,synthetic_v1,0,0,0,0,0,0,0,1
BigBasket return policy: 7 days,benign,benign,en,button,cta,[TAG=button] [ROLE=cta] BigBasket return policy: 7 days,benign:en:66,synthetic_v1,0,0,0,0,0,0,0,1
Lenskart मा वायरलेस इयरबड्स मा 50% छुट,benign,benign,ne,span,label,[TAG=span] [ROLE=label] Lenskart मा वायरलेस इयरबड्स मा 50% छुट,benign:ne:70,synthetic_v1,0,0,0,0,0,0,0,1
84 इकाई बिकीं,benign,benign,hi,li,nav,[TAG=li] [ROLE=nav] 84 इकाई बिकीं,benign:hi:47,synthetic_v1,0,0,0,0,0,0,0,1
"बिक्रेता: आरव ट्रेडर्स, धनगढी",benign,benign,ne,span,label,"[TAG=span] [ROLE=label] बिक्रेता: आरव ट्रेडर्स, धनगढी",benign:ne:48,synthetic_v1,0,0,0,0,0,0,0,1
Ajio रिटर्न नीति: 4 दिन,benign,benign,hi,a,nav,[TAG=a] [ROLE=nav] Ajio रिटर्न नीति: 4 दिन,benign:hi:65,synthetic_v1,0,0,0,0,0,0,0,1
Delivery to Bhaktapur in 3 days,benign,benign,en,li,nav,[TAG=li] [ROLE=nav] Delivery to Bhaktapur in 3 days,benign:en:64,synthetic_v1,0,0,0,0,0,0,0,1
HamroBazar पर स्कूल बैग की कीमतों की तुलना करें,benign,benign,hi,li,nav,[TAG=li] [ROLE=nav] HamroBazar पर स्कूल बैग की कीमतों की तुलना करें,benign:hi:73,synthetic_v1,0,0,0,0,0,0,0,1
"ललितपुर ढुवानी: रु. 1,499",benign,benign,ne,a,nav,"[TAG=a] [ROLE=nav] ललितपुर ढुवानी: रु. 1,499",benign:ne:71,synthetic_v1,0,0,0,0,0,0,0,1
"ब्लुटुथ स्पिकर — रु. 2,999",benign,benign,ne,button,cta,"[TAG=button] [ROLE=cta] ब्लुटुथ स्पिकर — रु. 2,999",benign:ne:46,synthetic_v1,0,0,0,0,0,0,0,1
Pepperfry return policy: 9 days,benign,benign,en,p,body,[TAG=p] [ROLE=body] Pepperfry return policy: 9 days,benign:en:66,synthetic_v1,0,0,0,0,0,0,0,1
Muncha मा ब्लुटुथ स्पिकर — रु. 49,benign,benign,ne,p,body,[TAG=p] [ROLE=body] Muncha मा ब्लुटुथ स्पिकर — रु. 49,benign:ne:62,synthetic_v1,0,0,0,0,0,0,0,1
backpack at HamroBazar — Rs. 249,benign,benign,en,span,label,[TAG=span] [ROLE=label] backpack at HamroBazar — Rs. 249,benign:en:63,synthetic_v1,0,0,0,0,0,0,0,1
रु. 249/महीना से EMI विकल्प,benign,benign,hi,span,label,[TAG=span] [ROLE=label] रु. 249/महीना से EMI विकल्प,benign:hi:34,synthetic_v1,0,0,0,0,0,0,0,1
"gaming mouse — 701 reviews, Delhi warehouse",benign,benign,en,h2,heading,"[TAG=h2] [ROLE=heading] gaming mouse — 701 reviews, Delhi warehouse",benign:en:73,synthetic_v1,0,0,0,0,0,0,0,1
"रांची में स्टॉक में, 3 दिन में शिप",benign,benign,hi,a,nav,"[TAG=a] [ROLE=nav] रांची में स्टॉक में, 3 दिन में शिप",benign:hi:76,synthetic_v1,0,0,0,0,0,0,0,1
"विक्रेता: प्रकाश स्टोर, लखनऊ",benign,benign,hi,label,form,"[TAG=label] [ROLE=form] विक्रेता: प्रकाश स्टोर, लखनऊ",benign:hi:64,synthetic_v1,0,0,0,0,0,0,0,1
"ब्लुटुथ स्पिकर — 2,411 समीक्षा, जनकपुर गोदाम",benign,benign,ne,span,label,"[TAG=span] [ROLE=label] ब्लुटुथ स्पिकर — 2,411 समीक्षा, जनकपुर गोदाम",benign:ne:72,synthetic_v1,0,0,0,0,0,0,0,1
"स्कुल ब्याग — 455 समीक्षा, गोरखा गोदाम",benign,benign,ne,a,nav,"[TAG=a] [ROLE=nav] स्कुल ब्याग — 455 समीक्षा, गोरखा गोदाम",benign:ne:72,synthetic_v1,0,0,0,0,0,0,0,1
Meesho पर प्रोटीन पाउडर — रु. 349,benign,benign,hi,h2,heading,[TAG=h2] [ROLE=heading] Meesho पर प्रोटीन पाउडर — रु. 349,benign:hi:62,synthetic_v1,0,0,0,0,0,0,0,1
रु. 349/महीना से EMI विकल्प,benign,benign,hi,span,label,[TAG=span] [ROLE=label] रु. 349/महीना से EMI विकल्प,benign:hi:34,synthetic_v1,0,0,0,0,0,0,0,1
"विक्रेता: संजय ट्रेडर्स, इंदौर",benign,benign,hi,label,form,"[TAG=label] [ROLE=form] विक्रेता: संजय ट्रेडर्स, इंदौर",benign:hi:48,synthetic_v1,0,0,0,0,0,0,0,1
दमक ढुवानी: रु. 899,benign,benign,ne,li,nav,[TAG=li] [ROLE=nav] दमक ढुवानी: रु. 899,benign:ne:71,synthetic_v1,0,0,0,0,0,0,0,1
Size guide for backpack,benign,benign,en,h2,heading,[TAG=h2] [ROLE=heading] Size guide for backpack,benign:en:05,synthetic_v1,0,0,0,0,0,0,0,1
"In stock in Pune, ships in 5 days",benign,benign,en,h2,heading,"[TAG=h2] [ROLE=heading] In stock in Pune, ships in 5 days",benign:en:77,synthetic_v1,0,0,0,0,0,0,0,1
Notify me when bluetooth speaker is available,benign,benign,en,p,body,[TAG=p] [ROLE=body] Notify me when bluetooth speaker is available,benign:en:33,synthetic_v1,0,0,0,0,0,0,0,1
"Sold by Meera Store, Jaipur",benign,benign,en,button,cta,"[TAG=button] [ROLE=cta] Sold by Meera Store, Jaipur",benign:en:65,synthetic_v1,0,0,0,0,0,0,0,1
Search for face wash,benign,benign,en,button,cta,[TAG=button] [ROLE=cta] Search for face wash,benign:en:14,synthetic_v1,0,0,0,0,0,0,0,1
Meesho मा पानीको बोतल खोज्नुहोस्,benign,benign,ne,label,form,[TAG=label] [ROLE=form] Meesho मा पानीको बोतल खोज्नुहोस्,benign:ne:66,synthetic_v1,0,0,0,0,0,0,0,1
"7,340 people rated face wash",benign,benign,en,li,nav,"[TAG=li] [ROLE=nav] 7,340 people rated face wash",benign:en:68,synthetic_v1,0,0,0,0,0,0,0,1
"Croma मा ट्रेकिङ ज्याकेट — रु. 1,499",benign,benign,ne,h2,heading,"[TAG=h2] [ROLE=heading] Croma मा ट्रेकिङ ज्याकेट — रु. 1,499",benign:ne:62,synthetic_v1,0,0,0,0,0,0,0,1
"4,265 जनाले हेयर ड्रायर मूल्याङ्कन गरे",benign,benign,ne,span,label,"[TAG=span] [ROLE=label] 4,265 जनाले हेयर ड्रायर मूल्याङ्कन गरे",benign:ne:67,synthetic_v1,0,0,0,0,0,0,0,1
"नेपालगन्ज ढुवानी: रु. 1,499",benign,benign,ne,li,nav,"[TAG=li] [ROLE=nav] नेपालगन्ज ढुवानी: रु. 1,499",benign:ne:71,synthetic_v1,0,0,0,0,0,0,0,1
"18,332 verified reviews",benign,benign,en,a,nav,"[TAG=a] [ROLE=nav] 18,332 verified reviews",benign:en:23,synthetic_v1,0,0,0,0,0,0,0,1
Lenskart पर हेयर ड्रायर की कीमतों की तुलना करें,benign,benign,hi,button,cta,[TAG=button] [ROLE=cta] Lenskart पर हेयर ड्रायर की कीमतों की तुलना करें,benign:hi:73,synthetic_v1,0,0,0,0,0,0,0,1
455 units sold,benign,benign,en,h2,heading,[TAG=h2] [ROLE=heading] 455 units sold,benign:en:48,synthetic_v1,0,0,0,0,0,0,0,1
"noise cancelling headphones at Croma — Rs. 1,499",benign,benign,en,label,form,"[TAG=label] [ROLE=form] noise cancelling headphones at Croma — Rs. 1,499",benign:en:63,synthetic_v1,0,0,0,0,0,0,0,1
बागलुङ ढुवानी: रु. 599,benign,benign,ne,a,nav,[TAG=a] [ROLE=nav] बागलुङ ढुवानी: रु. 599,benign:ne:71,synthetic_v1,0,0,0,0,0,0,0,1
Meesho पर ब्लूटूथ स्पीकर पर 15% छूट,benign,benign,hi,label,form,[TAG=label] [ROLE=form] Meesho पर ब्लूटूथ स्पीकर पर 15% छूट,benign:hi:70,synthetic_v1,0,0,0,0,0,0,0,1
सभी स्टडी लैंप देखें,benign,benign,hi,p,body,[TAG=p] [ROLE=body] सभी स्टडी लैंप देखें,benign:hi:20,synthetic_v1,0,0,0,0,0,0,0,1
Zepto पर डेनिम जींस — रु. 699,benign,benign,hi,label,form,[TAG=label] [ROLE=form] Zepto पर डेनिम जींस — रु. 699,benign:hi:62,synthetic_v1,0,0,0,0,0,0,0,1
"बिक्रेता: निशा स्टोर, नेपालगन्ज",benign,benign,ne,a,nav,"[TAG=a] [ROLE=nav] बिक्रेता: निशा स्टोर, नेपालगन्ज",benign:ne:64,synthetic_v1,0,0,0,0,0,0,0,1
"बिक्रेता: निशा स्टोर, सुर्खेत",benign,benign,ne,button,cta,"[TAG=button] [ROLE=cta] बिक्रेता: निशा स्टोर, सुर्खेत",benign:ne:64,synthetic_v1,0,0,0,0,0,0,0,1
Search for trekking jacket,benign,benign,en,h2,heading,[TAG=h2] [ROLE=heading] Search for trekking jacket,benign:en:14,synthetic_v1,0,0,0,0,0,0,0,1
"नॉइज़ कैंसलिंग हेडफोन — 112 समीक्षाएँ, पुणे गोदाम",benign,benign,hi,h2,heading,"[TAG=h2] [ROLE=heading] नॉइज़ कैंसलिंग हेडफोन — 112 समीक्षाएँ, पुणे गोदाम",benign:hi:72,synthetic_v1,0,0,0,0,0,0,0,1
"Exchange offer up to Rs. 2,999",benign,benign,en,h2,heading,"[TAG=h2] [ROLE=heading] Exchange offer up to Rs. 2,999",benign:en:35,synthetic_v1,0,0,0,0,0,0,0,1
फेस वास तुलना गर्नुहोस्,benign,benign,ne,button,cta,[TAG=button] [ROLE=cta] फेस वास तुलना गर्नुहोस्,benign:ne:12,synthetic_v1,0,0,0,0,0,0,0,1
Kinbech ग्राहक सेवा: कॉल सेंटर,benign,benign,hi,h2,heading,[TAG=h2] [ROLE=heading] Kinbech ग्राहक सेवा: कॉल सेंटर,benign:hi:75,synthetic_v1,0,0,0,0,0,0,0,1
Compare laptop bag prices on Croma,benign,benign,en,label,form,[TAG=label] [ROLE=form] Compare laptop bag prices on Croma,benign:en:74,synthetic_v1,0,0,0,0,0,0,0,1
"Sold by Priya Store, Hyderabad",benign,benign,en,span,label,"[TAG=span] [ROLE=label] Sold by Priya Store, Hyderabad",benign:en:65,synthetic_v1,0,0,0,0,0,0,0,1
कॉटन कुर्ता की तुलना करें,benign,benign,hi,li,nav,[TAG=li] [ROLE=nav] कॉटन कुर्ता की तुलना करें,benign:hi:12,synthetic_v1,0,0,0,0,0,0,0,1
Estimated delivery: 14 days,benign,benign,en,button,cta,[TAG=button] [ROLE=cta] Estimated delivery: 14 days,benign:en:24,synthetic_v1,0,0,0,0,0,0,0,1
Shipping fee: Rs. 799 (shown before payment),benign,benign,en,h2,heading,[TAG=h2] [ROLE=heading] Shipping fee: Rs. 799 (shown before payment),benign:en:43,synthetic_v1,0,0,0,0,0,0,0,1
"बिक्रेता: सुमन ट्रेडर्स, ललितपुर",benign,benign,ne,label,form,"[TAG=label] [ROLE=form] बिक्रेता: सुमन ट्रेडर्स, ललितपुर",benign:ne:48,synthetic_v1,0,0,0,0,0,0,0,1
Delivery to Butwal in 5 days,benign,benign,en,a,nav,[TAG=a] [ROLE=nav] Delivery to Butwal in 5 days,benign:en:64,synthetic_v1,0,0,0,0,0,0,0,1
"induction cooktop at Flipkart — Rs. 1,199",benign,benign,en,h2,heading,"[TAG=h2] [ROLE=heading] induction cooktop at Flipkart — Rs. 1,199",benign:en:63,synthetic_v1,0,0,0,0,0,0,0,1
"ब्याकप्याक — 84 समीक्षा, दमक गोदाम",benign,benign,ne,li,nav,"[TAG=li] [ROLE=nav] ब्याकप्याक — 84 समीक्षा, दमक गोदाम",benign:ne:72,synthetic_v1,0,0,0,0,0,0,0,1
Return within 6 days,benign,benign,en,p,body,[TAG=p] [ROLE=body] Return within 6 days,benign:en:04,synthetic_v1,0,0,0,0,0,0,0,1
84 थान बिक्री भयो,benign,benign,ne,p,body,[TAG=p] [ROLE=body] 84 थान बिक्री भयो,benign:ne:47,synthetic_v1,0,0,0,0,0,0,0,1
काठमाडौँ ढुवानी: रु. 699,benign,benign,ne,h2,heading,[TAG=h2] [ROLE=heading] काठमाडौँ ढुवानी: रु. 699,benign:ne:71,synthetic_v1,0,0,0,0,0,0,0,1
Thulo return policy: 1 days,benign,benign,en,p,body,[TAG=p] [ROLE=body] Thulo return policy: 1 days,benign:en:66,synthetic_v1,0,0,0,0,0,0,0,1
25% off backpack at SastoDeal,benign,benign,en,button,cta,[TAG=button] [ROLE=cta] 25% off backpack at SastoDeal,benign:en:71,synthetic_v1,0,0,0,0,0,0,0,1
"Sold by Pooja Store, Lucknow",benign,benign,en,h2,heading,"[TAG=h2] [ROLE=heading] Sold by Pooja Store, Lucknow",benign:en:65,synthetic_v1,0,0,0,0,0,0,0,1
मूल्य: रु. 599,benign,benign,ne,a,nav,[TAG=a] [ROLE=nav] मूल्य: रु. 599,benign:ne:45,synthetic_v1,0,0,0,0,0,0,0,1
"पटना में स्टॉक में, 7 दिन में शिप",benign,benign,hi,a,nav,"[TAG=a] [ROLE=nav] पटना में स्टॉक में, 7 दिन में शिप",benign:hi:76,synthetic_v1,0,0,0,0,0,0,0,1
Myntra ग्राहक सेवा: हमारा Viber सपोर्ट,benign,benign,hi,p,body,[TAG=p] [ROLE=body] Myntra ग्राहक सेवा: हमारा Viber सपोर्ट,benign:hi:75,synthetic_v1,0,0,0,0,0,0,0,1
पटना शिपिंग: रु. 399,benign,benign,hi,span,label,[TAG=span] [ROLE=label] पटना शिपिंग: रु. 399,benign:hi:71,synthetic_v1,0,0,0,0,0,0,0,1
"बिक्रेता: सीता ट्रेडर्स, धनगढी",benign,benign,ne,p,body,"[TAG=p] [ROLE=body] बिक्रेता: सीता ट्रेडर्स, धनगढी",benign:ne:48,synthetic_v1,0,0,0,0,0,0,0,1
ट्रेकिङ ज्याकेट कार्टमा राख्नुहोस्,benign,benign,ne,li,nav,[TAG=li] [ROLE=nav] ट्रेकिङ ज्याकेट कार्टमा राख्नुहोस्,benign:ne:00,synthetic_v1,0,0,0,0,0,0,0,1
Pepperfry पर स्टडी लैंप खोजें,benign,benign,hi,label,form,[TAG=label] [ROLE=form] Pepperfry पर स्टडी लैंप खोजें,benign:hi:66,synthetic_v1,0,0,0,0,0,0,0,1
बेंगलुरु शिपिंग: रु. 899,benign,benign,hi,h2,heading,[TAG=h2] [ROLE=heading] बेंगलुरु शिपिंग: रु. 899,benign:hi:71,synthetic_v1,0,0,0,0,0,0,0,1
Nykaa ग्राहक सेवा: हाम्रो हेल्पलाइन,benign,benign,ne,label,form,[TAG=label] [ROLE=form] Nykaa ग्राहक सेवा: हाम्रो हेल्पलाइन,benign:ne:75,synthetic_v1,0,0,0,0,0,0,0,1
"नागपुर में स्टॉक में, 10 दिन में शिप",benign,benign,hi,h2,heading,"[TAG=h2] [ROLE=heading] नागपुर में स्टॉक में, 10 दिन में शिप",benign:hi:76,synthetic_v1,0,0,0,0,0,0,0,1
Search wireless earbuds on Amazon,benign,benign,en,h2,heading,[TAG=h2] [ROLE=heading] Search wireless earbuds on Amazon,benign:en:67,synthetic_v1,0,0,0,0,0,0,0,1
Delivery to Nepalgunj in 10 days,benign,benign,en,span,label,[TAG=span] [ROLE=label] Delivery to Nepalgunj in 10 days,benign:en:64,synthetic_v1,0,0,0,0,0,0,0,1
Shipping fee: Rs. 99 (shown before payment),benign,benign,en,p,body,[TAG=p] [ROLE=body] Shipping fee: Rs. 99 (shown before payment),benign:en:43,synthetic_v1,0,0,0,0,0,0,0,1
"In stock in Kolkata, ships in 4 days",benign,benign,en,li,nav,"[TAG=li] [ROLE=nav] In stock in Kolkata, ships in 4 days",benign:en:77,synthetic_v1,0,0,0,0,0,0,0,1
"Customer reviews (2,411)",benign,benign,en,button,cta,"[TAG=button] [ROLE=cta] Customer reviews (2,411)",benign:en:03,synthetic_v1,0,0,0,0,0,0,0,1
Snapdeal ग्राहक सेवा: हमारा WhatsApp नंबर,benign,benign,hi,h2,heading,[TAG=h2] [ROLE=heading] Snapdeal ग्राहक सेवा: हमारा WhatsApp नंबर,benign:hi:75,synthetic_v1,0,0,0,0,0,0,0,1
Shipping to Mumbai: Rs. 799,benign,benign,en,p,body,[TAG=p] [ROLE=body] Shipping to Mumbai: Rs. 799,benign:en:72,synthetic_v1,0,0,0,0,0,0,0,1
Gyapu ग्राहक सेवा: हमारा सपोर्ट नंबर,benign,benign,hi,button,cta,[TAG=button] [ROLE=cta] Gyapu ग्राहक सेवा: हमारा सपोर्ट नंबर,benign:hi:75,synthetic_v1,0,0,0,0,0,0,0,1
"रांची में स्टॉक में, 4 दिन में शिप",benign,benign,hi,a,nav,"[TAG=a] [ROLE=nav] रांची में स्टॉक में, 4 दिन में शिप",benign:hi:76,synthetic_v1,0,0,0,0,0,0,0,1
OkDam पर स्कूल बैग — रु. 999,benign,benign,hi,p,body,[TAG=p] [ROLE=body] OkDam पर स्कूल बैग — रु. 999,benign:hi:62,synthetic_v1,0,0,0,0,0,0,0,1
"बिक्रेता: सागर ट्रेडर्स, काठमाडौँ",benign,benign,ne,h2,heading,"[TAG=h2] [ROLE=heading] बिक्रेता: सागर ट्रेडर्स, काठमाडौँ",benign:ne:48,synthetic_v1,0,0,0,0,0,0,0,1
"रु. 1,999 से ऊपर के ऑर्डर पर मुफ़्त शिपिंग",benign,benign,hi,label,form,"[TAG=label] [ROLE=form] रु. 1,999 से ऊपर के ऑर्डर पर मुफ़्त शिपिंग",benign:hi:01,synthetic_v1,0,0,0,0,0,0,0,1
Lenskart return policy: 4 days,benign,benign,en,label,form,[TAG=label] [ROLE=form] Lenskart return policy: 4 days,benign:en:66,synthetic_v1,0,0,0,0,0,0,0,1
अफिस कुर्सी मा रु. 249 बाट EMI,benign,benign,ne,button,cta,[TAG=button] [ROLE=cta] अफिस कुर्सी मा रु. 249 बाट EMI,benign:ne:74,synthetic_v1,0,0,0,0,0,0,0,1
कोलकाता शिपिंग: रु. 299,benign,benign,hi,span,label,[TAG=span] [ROLE=label] कोलकाता शिपिंग: रु. 299,benign:hi:71,synthetic_v1,0,0,0,0,0,0,0,1
Delivery to Lucknow in 3 days,benign,benign,en,span,label,[TAG=span] [ROLE=label] Delivery to Lucknow in 3 days,benign:en:64,synthetic_v1,0,0,0,0,0,0,0,1
BigBasket ग्राहक सेवा: लाइभ च्याट,benign,benign,ne,p,body,[TAG=p] [ROLE=body] BigBasket ग्राहक सेवा: लाइभ च्याट,benign:ne:75,synthetic_v1,0,0,0,0,0,0,0,1
कॉफी मेकर पर रु. 899 से EMI,benign,benign,hi,p,body,[TAG=p] [ROLE=body] कॉफी मेकर पर रु. 899 से EMI,benign:hi:74,synthetic_v1,0,0,0,0,0,0,0,1
डेनिम जींस — रु. 199,benign,benign,hi,a,nav,[TAG=a] [ROLE=nav] डेनिम जींस — रु. 199,benign:hi:46,synthetic_v1,0,0,0,0,0,0,0,1
"रु. 1,199 सम्म एक्सचेन्ज अफर",benign,benign,ne,label,form,"[TAG=label] [ROLE=form] रु. 1,199 सम्म एक्सचेन्ज अफर",benign:ne:35,synthetic_v1,0,0,0,0,0,0,0,1
Cash on delivery available in Dharan,benign,benign,en,p,body,[TAG=p] [ROLE=body] Cash on delivery available in Dharan,benign:en:09,synthetic_v1,0,0,0,0,0,0,0,1
गेमिङ माउस मा रु. 499 बाट EMI,benign,benign,ne,li,nav,[TAG=li] [ROLE=nav] गेमिङ माउस मा रु. 499 बाट EMI,benign:ne:74,synthetic_v1,0,0,0,0,0,0,0,1
गेमिंग माउस कार्ट में जोड़ें,benign,benign,hi,p,body,[TAG=p] [ROLE=body] गेमिंग माउस कार्ट में जोड़ें,benign:hi:00,synthetic_v1,0,0,0,0,0,0,0,1
"स्मार्टवॉच पर रु. 2,999 से EMI",benign,benign,hi,a,nav,"[TAG=a] [ROLE=nav] स्मार्टवॉच पर रु. 2,999 से EMI",benign:hi:74,synthetic_v1,0,0,0,0,0,0,0,1
विराटनगर मा 2 दिनमा डेलिभरी,benign,benign,ne,label,form,[TAG=label] [ROLE=form] विराटनगर मा 2 दिनमा डेलिभरी,benign:ne:63,synthetic_v1,0,0,0,0,0,0,0,1
sports sandals — Rs. 249,benign,benign,en,button,cta,[TAG=button] [ROLE=cta] sports sandals — Rs. 249,benign:en:46,synthetic_v1,0,0,0,0,0,0,0,1
"इलेक्ट्रिक केतली — 7,340 समीक्षा, गोरखा गोदाम",benign,benign,ne,a,nav,"[TAG=a] [ROLE=nav] इलेक्ट्रिक केतली — 7,340 समीक्षा, गोरखा गोदाम",benign:ne:72,synthetic_v1,0,0,0,0,0,0,0,1
"1,765 verified reviews",benign,benign,en,span,label,"[TAG=span] [ROLE=label] 1,765 verified reviews",benign:en:23,synthetic_v1,0,0,0,0,0,0,0,1
सेटिंग्स में सब्सक्रिप्शन प्रबंधित करें,benign,benign,hi,a,nav,[TAG=a] [ROLE=nav] सेटिंग्स में सब्सक्रिप्शन प्रबंधित करें,benign:hi:41,synthetic_v1,0,0,0,0,0,0,0,1
10% off yoga mat at Flipkart,benign,benign,en,li,nav,[TAG=li] [ROLE=nav] 10% off yoga mat at Flipkart,benign:en:71,synthetic_v1,0,0,0,0,0,0,0,1
Kinbech मा स्टडी लाइट मा 40% छुट,benign,benign,ne,a,nav,[TAG=a] [ROLE=nav] Kinbech मा स्टडी लाइट मा 40% छुट,benign:ne:70,synthetic_v1,0,0,0,0,0,0,0,1
कफी मेकर मा रु. 599 बाट EMI,benign,benign,ne,a,nav,[TAG=a] [ROLE=nav] कफी मेकर मा रु. 599 बाट EMI,benign:ne:74,synthetic_v1,0,0,0,0,0,0,0,1
Unsubscribe from Nykaa emails in one click,benign,benign,en,button,cta,[TAG=button] [ROLE=cta] Unsubscribe from Nykaa emails in one click,benign:en:70,synthetic_v1,0,0,0,0,0,0,0,1
Ajio मा गेमिङ माउस खोज्नुहोस्,benign,benign,ne,button,cta,[TAG=button] [ROLE=cta] Ajio मा गेमिङ माउस खोज्नुहोस्,benign:ne:66,synthetic_v1,0,0,0,0,0,0,0,1
1 दिनों में वापसी,benign,benign,hi,a,nav,[TAG=a] [ROLE=nav] 1 दिनों में वापसी,benign:hi:04,synthetic_v1,0,0,0,0,0,0,0,1
40% off power bank at Gyapu,benign,benign,en,a,nav,[TAG=a] [ROLE=nav] 40% off power bank at Gyapu,benign:en:71,synthetic_v1,0,0,0,0,0,0,0,1
Shipping to Nepalgunj: Rs. 399,benign,benign,en,p,body,[TAG=p] [ROLE=body] Shipping to Nepalgunj: Rs. 399,benign:en:72,synthetic_v1,0,0,0,0,0,0,0,1
इलेक्ट्रिक केटल पर रु. 99 से EMI,benign,benign,hi,span,label,[TAG=span] [ROLE=label] इलेक्ट्रिक केटल पर रु. 99 से EMI,benign:hi:74,synthetic_v1,0,0,0,0,0,0,0,1
Cancel your Lenskart order from My Orders,benign,benign,en,span,label,[TAG=span] [ROLE=label] Cancel your Lenskart order from My Orders,benign:en:69,synthetic_v1,0,0,0,0,0,0,0,1
149 people rated noise cancelling headphones,benign,benign,en,a,nav,[TAG=a] [ROLE=nav] 149 people rated noise cancelling headphones,benign:en:68,synthetic_v1,0,0,0,0,0,0,0,1
ट्रेकिङ ज्याकेट मा रु. 249 बाट EMI,benign,benign,ne,li,nav,[TAG=li] [ROLE=nav] ट्रेकिङ ज्याकेट मा रु. 249 बाट EMI,benign:ne:74,synthetic_v1,0,0,0,0,0,0,0,1
Unsubscribe from OkDam emails in one click,benign,benign,en,button,cta,[TAG=button] [ROLE=cta] Unsubscribe from OkDam emails in one click,benign:en:70,synthetic_v1,0,0,0,0,0,0,0,1
Snapdeal रिटर्न नीति: 2 दिन,benign,benign,hi,button,cta,[TAG=button] [ROLE=cta] Snapdeal रिटर्न नीति: 2 दिन,benign:hi:65,synthetic_v1,0,0,0,0,0,0,0,1
गोरखा ढुवानी: रु. 599,benign,benign,ne,a,nav,[TAG=a] [ROLE=nav] गोरखा ढुवानी: रु. 599,benign:ne:71,synthetic_v1,0,0,0,0,0,0,0,1
"बिक्रेता: सुमन ट्रेडर्स, इटहरी",benign,benign,ne,a,nav,"[TAG=a] [ROLE=nav] बिक्रेता: सुमन ट्रेडर्स, इटहरी",benign:ne:48,synthetic_v1,0,0,0,0,0,0,0,1
घामको चस्मा — रु. 49,benign,benign,ne,h2,heading,[TAG=h2] [ROLE=heading] घामको चस्मा — रु. 49,benign:ne:46,synthetic_v1,0,0,0,0,0,0,0,1
शिपिंग शुल्क: रु. 199 (भुगतान से पहले दिखेगा),benign,benign,hi,label,form,[TAG=label] [ROLE=form] शिपिंग शुल्क: रु. 199 (भुगतान से पहले दिखेगा),benign:hi:43,synthetic_v1,0,0,0,0,0,0,0,1
मूल्य: रु. 99,benign,benign,ne,li,nav,[TAG=li] [ROLE=nav] मूल्य: रु. 99,benign:ne:45,synthetic_v1,0,0,0,0,0,0,0,1
नेपालगन्ज ढुवानी: रु. 399,benign,benign,ne,label,form,[TAG=label] [ROLE=form] नेपालगन्ज ढुवानी: रु. 399,benign:ne:71,synthetic_v1,0,0,0,0,0,0,0,1
सबै घामको चस्मा हेर्नुहोस्,benign,benign,ne,li,nav,[TAG=li] [ROLE=nav] सबै घामको चस्मा हेर्नुहोस्,benign:ne:20,synthetic_v1,0,0,0,0,0,0,0,1
Lenskart मा प्रोटिन पाउडर — रु. 249,benign,benign,ne,button,cta,[TAG=button] [ROLE=cta] Lenskart मा प्रोटिन पाउडर — रु. 249,benign:ne:62,synthetic_v1,0,0,0,0,0,0,0,1
"विक्रेता: पूजा ट्रेडर्स, मुंबई",benign,benign,hi,a,nav,"[TAG=a] [ROLE=nav] विक्रेता: पूजा ट्रेडर्स, मुंबई",benign:hi:48,synthetic_v1,0,0,0,0,0,0,0,1
कानपुर शिपिंग: रु. 199,benign,benign,hi,label,form,[TAG=label] [ROLE=form] कानपुर शिपिंग: रु. 199,benign:hi:71,synthetic_v1,0,0,0,0,0,0,0,1
Search phone case on Myntra,benign,benign,en,h2,heading,[TAG=h2] [ROLE=heading] Search phone case on Myntra,benign:en:67,synthetic_v1,0,0,0,0,0,0,0,1
Salesberry फिर्ता नीति: 10 दिन,benign,benign,ne,a,nav,[TAG=a] [ROLE=nav] Salesberry फिर्ता नीति: 10 दिन,benign:ne:65,synthetic_v1,0,0,0,0,0,0,0,1
school bag at OkDam — Rs. 799,benign,benign,en,p,body,[TAG=p] [ROLE=body] school bag at OkDam — Rs. 799,benign:en:63,synthetic_v1,0,0,0,0,0,0,0,1
स्टडी लैंप कार्ट में जोड़ें,benign,benign,hi,button,cta,[TAG=button] [ROLE=cta] स्टडी लैंप कार्ट में जोड़ें,benign:hi:00,synthetic_v1,0,0,0,0,0,0,0,1
Size guide for air fryer,benign,benign,en,li,nav,[TAG=li] [ROLE=nav] Size guide for air fryer,benign:en:05,synthetic_v1,0,0,0,0,0,0,0,1
इंदौर में 4 दिन में डिलीवरी,benign,benign,hi,li,nav,[TAG=li] [ROLE=nav] इंदौर में 4 दिन में डिलीवरी,benign:hi:63,synthetic_v1,0,0,0,0,0,0,0,1
Blinkit रिटर्न नीति: 6 दिन,benign,benign,hi,li,nav,[TAG=li] [ROLE=nav] Blinkit रिटर्न नीति: 6 दिन,benign:hi:65,synthetic_v1,0,0,0,0,0,0,0,1
"विक्रेता: दीपा ट्रेडर्स, कोलकाता",benign,benign,hi,label,form,"[TAG=label] [ROLE=form] विक्रेता: दीपा ट्रेडर्स, कोलकाता",benign:hi:48,synthetic_v1,0,0,0,0,0,0,0,1
"Sold by Sita Store, Pune",benign,benign,en,li,nav,"[TAG=li] [ROLE=nav] Sold by Sita Store, Pune",benign:en:65,synthetic_v1,0,0,0,0,0,0,0,1
Lenskart फिर्ता नीति: 9 दिन,benign,benign,ne,button,cta,[TAG=button] [ROLE=cta] Lenskart फिर्ता नीति: 9 दिन,benign:ne:65,synthetic_v1,0,0,0,0,0,0,0,1
812 जनाले प्रोटिन पाउडर मूल्याङ्कन गरे,benign,benign,ne,h2,heading,[TAG=h2] [ROLE=heading] 812 जनाले प्रोटिन पाउडर मूल्याङ्कन गरे,benign:ne:67,synthetic_v1,0,0,0,0,0,0,0,1
रु. 149/महिनाबाट EMI विकल्प,benign,benign,ne,a,nav,[TAG=a] [ROLE=nav] रु. 149/महिनाबाट EMI विकल्प,benign:ne:34,synthetic_v1,0,0,0,0,0,0,0,1
Zepto पर स्मार्टवॉच की कीमतों की तुलना करें,benign,benign,hi,span,label,[TAG=span] [ROLE=label] Zepto पर स्मार्टवॉच की कीमतों की तुलना करें,benign:hi:73,synthetic_v1,0,0,0,0,0,0,0,1
Search rice cooker on FirstCry,benign,benign,en,li,nav,[TAG=li] [ROLE=nav] Search rice cooker on FirstCry,benign:en:67,synthetic_v1,0,0,0,0,0,0,0,1
"विक्रेता: निशा स्टोर, दिल्ली",benign,benign,hi,label,form,"[TAG=label] [ROLE=form] विक्रेता: निशा स्टोर, दिल्ली",benign:hi:64,synthetic_v1,0,0,0,0,0,0,0,1
सभी स्पोर्ट्स सैंडल देखें,benign,benign,hi,label,form,[TAG=label] [ROLE=form] सभी स्पोर्ट्स सैंडल देखें,benign:hi:20,synthetic_v1,0,0,0,0,0,0,0,1
50% off wireless earbuds at Zepto,benign,benign,en,button,cta,[TAG=button] [ROLE=cta] 50% off wireless earbuds at Zepto,benign:en:71,synthetic_v1,0,0,0,0,0,0,0,1
हेयर ड्रायर मा रु. 399 बाट EMI,benign,benign,ne,a,nav,[TAG=a] [ROLE=nav] हेयर ड्रायर मा रु. 399 बाट EMI,benign:ne:74,synthetic_v1,0,0,0,0,0,0,0,1
बागलुङ ढुवानी: रु. 299,benign,benign,ne,p,body,[TAG=p] [ROLE=body] बागलुङ ढुवानी: रु. 299,benign:ne:71,synthetic_v1,0,0,0,0,0,0,0,1
Search face wash on Muncha,benign,benign,en,p,body,[TAG=p] [ROLE=body] Search face wash on Muncha,benign:en:67,synthetic_v1,0,0,0,0,0,0,0,1
"Customer reviews (9,118)",benign,benign,en,button,cta,"[TAG=button] [ROLE=cta] Customer reviews (9,118)",benign:en:03,synthetic_v1,0,0,0,0,0,0,0,1
Size guide for protein powder,benign,benign,en,label,form,[TAG=label] [ROLE=form] Size guide for protein powder,benign:en:05,synthetic_v1,0,0,0,0,0,0,0,1
Tata Cliq पर सर्दी का कंबल की कीमतों की तुलना करें,benign,benign,hi,a,nav,[TAG=a] [ROLE=nav] Tata Cliq पर सर्दी का कंबल की कीमतों की तुलना करें,benign:hi:73,synthetic_v1,0,0,0,0,0,0,0,1
247 लोगों ने इंडक्शन चूल्हा को रेट किया,benign,benign,hi,li,nav,[TAG=li] [ROLE=nav] 247 लोगों ने इंडक्शन चूल्हा को रेट किया,benign:hi:67,synthetic_v1,0,0,0,0,0,0,0,1
ब्याकप्याक उपलब्ध भएपछि जानकारी दिनुहोस्,benign,benign,ne,h2,heading,[TAG=h2] [ROLE=heading] ब्याकप्याक उपलब्ध भएपछि जानकारी दिनुहोस्,benign:ne:33,synthetic_v1,0,0,0,0,0,0,0,1
धूप का चश्मा खोजें,benign,benign,hi,button,cta,[TAG=button] [ROLE=cta] धूप का चश्मा खोजें,benign:hi:14,synthetic_v1,0,0,0,0,0,0,0,1
Shipping to Surat: Rs. 299,benign,benign,en,a,nav,[TAG=a] [ROLE=nav] Shipping to Surat: Rs. 299,benign:en:72,synthetic_v1,0,0,0,0,0,0,0,1
Myntra रिटर्न नीति: 8 दिन,benign,benign,hi,button,cta,[TAG=button] [ROLE=cta] Myntra रिटर्न नीति: 8 दिन,benign:hi:65,synthetic_v1,0,0,0,0,0,0,0,1
राइस कुकर — रु. 49,benign,benign,hi,a,nav,[TAG=a] [ROLE=nav] राइस कुकर — रु. 49,benign:hi:46,synthetic_v1,0,0,0,0,0,0,0,1
Shipping to Hyderabad: Rs. 249,benign,benign,en,button,cta,[TAG=button] [ROLE=cta] Shipping to Hyderabad: Rs. 249,benign:en:72,synthetic_v1,0,0,0,0,0,0,0,1
Pepperfry पर फेस वॉश की कीमतों की तुलना करें,benign,benign,hi,p,body,[TAG=p] [ROLE=body] Pepperfry पर फेस वॉश की कीमतों की तुलना करें,benign:hi:73,synthetic_v1,0,0,0,0,0,0,0,1
"विक्रेता: ज्योति स्टोर, मुंबई",benign,benign,hi,span,label,"[TAG=span] [ROLE=label] विक्रेता: ज्योति स्टोर, मुंबई",benign:hi:64,synthetic_v1,0,0,0,0,0,0,0,1
"trekking jacket — 288 reviews, Nepalgunj warehouse",benign,benign,en,p,body,"[TAG=p] [ROLE=body] trekking jacket — 288 reviews, Nepalgunj warehouse",benign:en:73,synthetic_v1,0,0,0,0,0,0,0,1
सबै गेमिङ माउस हेर्नुहोस्,benign,benign,ne,li,nav,[TAG=li] [ROLE=nav] सबै गेमिङ माउस हेर्नुहोस्,benign:ne:20,synthetic_v1,0,0,0,0,0,0,0,1
"coffee maker — 48 reviews, Pune warehouse",benign,benign,en,li,nav,"[TAG=li] [ROLE=nav] coffee maker — 48 reviews, Pune warehouse",benign:en:73,synthetic_v1,0,0,0,0,0,0,0,1
Search electric kettle on Thulo,benign,benign,en,li,nav,[TAG=li] [ROLE=nav] Search electric kettle on Thulo,benign:en:67,synthetic_v1,0,0,0,0,0,0,0,1
Pepperfry ग्राहक सेवा: हमारा Facebook पेज,benign,benign,hi,a,nav,[TAG=a] [ROLE=nav] Pepperfry ग्राहक सेवा: हमारा Facebook पेज,benign:hi:75,synthetic_v1,0,0,0,0,0,0,0,1
"लैपटॉप बैग — 1,340 समीक्षाएँ, चंडीगढ़ गोदाम",benign,benign,hi,button,cta,"[TAG=button] [ROLE=cta] लैपटॉप बैग — 1,340 समीक्षाएँ, चंडीगढ़ गोदाम",benign:hi:72,synthetic_v1,0,0,0,0,0,0,0,1
"Seller: Ramesh Traders, Mumbai",benign,benign,en,a,nav,"[TAG=a] [ROLE=nav] Seller: Ramesh Traders, Mumbai",benign:en:49,synthetic_v1,0,0,0,0,0,0,0,1
186 people rated face wash,benign,benign,en,label,form,[TAG=label] [ROLE=form] 186 people rated face wash,benign:en:68,synthetic_v1,0,0,0,0,0,0,0,1
धूप का चश्मा पर रु. 449 से EMI,benign,benign,hi,a,nav,[TAG=a] [ROLE=nav] धूप का चश्मा पर रु. 449 से EMI,benign:hi:74,synthetic_v1,0,0,0,0,0,0,0,1
Notify me when sunglasses is available,benign,benign,en,label,form,[TAG=label] [ROLE=form] Notify me when sunglasses is available,benign:en:33,synthetic_v1,0,0,0,0,0,0,0,1
FirstCry customer care: our WhatsApp number,benign,benign,en,button,cta,[TAG=button] [ROLE=cta] FirstCry customer care: our WhatsApp number,benign:en:76,synthetic_v1,0,0,0,0,0,0,0,1
Return within 1 days,benign,benign,en,label,form,[TAG=label] [ROLE=form] Return within 1 days,benign:en:04,synthetic_v1,0,0,0,0,0,0,0,1
5% off denim jeans at Salesberry,benign,benign,en,button,cta,[TAG=button] [ROLE=cta] 5% off denim jeans at Salesberry,benign:en:71,synthetic_v1,0,0,0,0,0,0,0,1
protein powder — Rs. 99,benign,benign,en,li,nav,[TAG=li] [ROLE=nav] protein powder — Rs. 99,benign:en:46,synthetic_v1,0,0,0,0,0,0,0,1
"विक्रेता: सुमन स्टोर, नासिक",benign,benign,hi,a,nav,"[TAG=a] [ROLE=nav] विक्रेता: सुमन स्टोर, नासिक",benign:hi:64,synthetic_v1,0,0,0,0,0,0,0,1
"Sold by Ramesh Store, Kathmandu",benign,benign,en,button,cta,"[TAG=button] [ROLE=cta] Sold by Ramesh Store, Kathmandu",benign:en:65,synthetic_v1,0,0,0,0,0,0,0,1
Tata Cliq पर ब्लूटूथ स्पीकर — रु. 999,benign,benign,hi,a,nav,[TAG=a] [ROLE=nav] Tata Cliq पर ब्लूटूथ स्पीकर — रु. 999,benign:hi:62,synthetic_v1,0,0,0,0,0,0,0,1
ब्लूटूथ स्पीकर पर रु. 999 से EMI,benign,benign,hi,a,nav,[TAG=a] [ROLE=nav] ब्लूटूथ स्पीकर पर रु. 999 से EMI,benign:hi:74,synthetic_v1,0,0,0,0,0,0,0,1
Muncha पर नॉइज़ कैंसलिंग हेडफोन खोजें,benign,benign,hi,h2,heading,[TAG=h2] [ROLE=heading] Muncha पर नॉइज़ कैंसलिंग हेडफोन खोजें,benign:hi:66,synthetic_v1,0,0,0,0,0,0,0,1
Amazon ईमेल एक क्लिक में अनसब्सक्राइब करें,benign,benign,hi,h2,heading,[TAG=h2] [ROLE=heading] Amazon ईमेल एक क्लिक में अनसब्सक्राइब करें,benign:hi:69,synthetic_v1,0,0,0,0,0,0,0,1
Lenskart return policy: 7 days,benign,benign,en,p,body,[TAG=p] [ROLE=body] Lenskart return policy: 7 days,benign:en:66,synthetic_v1,0,0,0,0,0,0,0,1
गेमिंग माउस पर रु. 199 से EMI,benign,benign,hi,li,nav,[TAG=li] [ROLE=nav] गेमिंग माउस पर रु. 199 से EMI,benign:hi:74,synthetic_v1,0,0,0,0,0,0,0,1
Compare school bag,benign,benign,en,p,body,[TAG=p] [ROLE=body] Compare school bag,benign:en:12,synthetic_v1,0,0,0,0,0,0,0,1
"वीरगन्ज मा स्टकमा, 4 दिनमा पठाइन्छ",benign,benign,ne,li,nav,"[TAG=li] [ROLE=nav] वीरगन्ज मा स्टकमा, 4 दिनमा पठाइन्छ",benign:ne:76,synthetic_v1,0,0,0,0,0,0,0,1
"Seller: Meera Traders, Butwal",benign,benign,en,span,label,"[TAG=span] [ROLE=label] Seller: Meera Traders, Butwal",benign:en:49,synthetic_v1,0,0,0,0,0,0,0,1
Delivering to Mumbai,benign,benign,en,li,nav,[TAG=li] [ROLE=nav] Delivering to Mumbai,benign:en:37,synthetic_v1,0,0,0,0,0,0,0,1
Tata Cliq मा इन्डक्सन चुल्हो — रु. 899,benign,benign,ne,h2,heading,[TAG=h2] [ROLE=heading] Tata Cliq मा इन्डक्सन चुल्हो — रु. 899,benign:ne:62,synthetic_v1,0,0,0,0,0,0,0,1
Ajio ग्राहक सेवा: हाम्रो WhatsApp नम्बर,benign,benign,ne,li,nav,[TAG=li] [ROLE=nav] Ajio ग्राहक सेवा: हाम्रो WhatsApp नम्बर,benign:ne:75,synthetic_v1,0,0,0,0,0,0,0,1
Shipping fee: Rs. 149 (shown before payment),benign,benign,en,li,nav,[TAG=li] [ROLE=nav] Shipping fee: Rs. 149 (shown before payment),benign:en:43,synthetic_v1,0,0,0,0,0,0,0,1
स्पोर्ट्स चप्पल कार्टमा राख्नुहोस्,benign,benign,ne,h2,heading,[TAG=h2] [ROLE=heading] स्पोर्ट्स चप्पल कार्टमा राख्नुहोस्,benign:ne:00,synthetic_v1,0,0,0,0,0,0,0,1
हेटौंडा ढुवानी: रु. 499,benign,benign,ne,span,label,[TAG=span] [ROLE=label] हेटौंडा ढुवानी: रु. 499,benign:ne:71,synthetic_v1,0,0,0,0,0,0,0,1
Myntra इमेल एक क्लिकमा अनसब्स्क्राइब गर्नुहोस्,benign,benign,ne,p,body,[TAG=p] [ROLE=body] Myntra इमेल एक क्लिकमा अनसब्स्क्राइब गर्नुहोस्,benign:ne:69,synthetic_v1,0,0,0,0,0,0,0,1
"ग्राहक समीक्षाएँ (2,411)",benign,benign,hi,p,body,"[TAG=p] [ROLE=body] ग्राहक समीक्षाएँ (2,411)",benign:hi:03,synthetic_v1,0,0,0,0,0,0,0,1
Daraz पर स्मार्टवॉच की कीमतों की तुलना करें,benign,benign,hi,h2,heading,[TAG=h2] [ROLE=heading] Daraz पर स्मार्टवॉच की कीमतों की तुलना करें,benign:hi:73,synthetic_v1,0,0,0,0,0,0,0,1
मुंबई शिपिंग: रु. 199,benign,benign,hi,a,nav,[TAG=a] [ROLE=nav] मुंबई शिपिंग: रु. 199,benign:hi:71,synthetic_v1,0,0,0,0,0,0,0,1
"एयर फ्रायर — 634 समीक्षा, ललितपुर गोदाम",benign,benign,ne,li,nav,"[TAG=li] [ROLE=nav] एयर फ्रायर — 634 समीक्षा, ललितपुर गोदाम",benign:ne:72,synthetic_v1,0,0,0,0,0,0,0,1
"सुर्खेत ढुवानी: रु. 1,999",benign,benign,ne,li,nav,"[TAG=li] [ROLE=nav] सुर्खेत ढुवानी: रु. 1,999",benign:ne:71,synthetic_v1,0,0,0,0,0,0,0,1
Delivering to Hyderabad,benign,benign,en,li,nav,[TAG=li] [ROLE=nav] Delivering to Hyderabad,benign:en:37,synthetic_v1,0,0,0,0,0,0,0,1
FirstCry customer care: the call centre,benign,benign,en,a,nav,[TAG=a] [ROLE=nav] FirstCry customer care: the call centre,benign:en:76,synthetic_v1,0,0,0,0,0,0,0,1
Kinbech फिर्ता नीति: 10 दिन,benign,benign,ne,a,nav,[TAG=a] [ROLE=nav] Kinbech फिर्ता नीति: 10 दिन,benign:ne:65,synthetic_v1,0,0,0,0,0,0,0,1
वीरगन्ज मा 5 दिनमा डेलिभरी,benign,benign,ne,a,nav,[TAG=a] [ROLE=nav] वीरगन्ज मा 5 दिनमा डेलिभरी,benign:ne:63,synthetic_v1,0,0,0,0,0,0,0,1
Kinbech रिटर्न नीति: 5 दिन,benign,benign,hi,a,nav,[TAG=a] [ROLE=nav] Kinbech रिटर्न नीति: 5 दिन,benign:hi:65,synthetic_v1,0,0,0,0,0,0,0,1
Ajio पर डेनिम जींस — रु. 599,benign,benign,hi,a,nav,[TAG=a] [ROLE=nav] Ajio पर डेनिम जींस — रु. 599,benign:hi:62,synthetic_v1,0,0,0,0,0,0,0,1
"Seller: Priya Traders, Hyderabad",benign,benign,en,p,body,"[TAG=p] [ROLE=body] Seller: Priya Traders, Hyderabad",benign:en:49,synthetic_v1,0,0,0,0,0,0,0,1
Search office chair on OkDam,benign,benign,en,button,cta,[TAG=button] [ROLE=cta] Search office chair on OkDam,benign:en:67,synthetic_v1,0,0,0,0,0,0,0,1
Notify me when coffee maker is available,benign,benign,en,p,body,[TAG=p] [ROLE=body] Notify me when coffee maker is available,benign:en:33,synthetic_v1,0,0,0,0,0,0,0,1
Ajio ग्राहक सेवा: हमारा WhatsApp नंबर,benign,benign,hi,label,form,[TAG=label] [ROLE=form] Ajio ग्राहक सेवा: हमारा WhatsApp नंबर,benign:hi:75,synthetic_v1,0,0,0,0,0,0,0,1
winter blanket — Rs. 999,benign,benign,en,span,label,[TAG=span] [ROLE=label] winter blanket — Rs. 999,benign:en:46,synthetic_v1,0,0,0,0,0,0,0,1
Unsubscribe from Blinkit emails in one click,benign,benign,en,a,nav,[TAG=a] [ROLE=nav] Unsubscribe from Blinkit emails in one click,benign:en:70,synthetic_v1,0,0,0,0,0,0,0,1
27 प्रमाणित समीक्षा,benign,benign,ne,h2,heading,[TAG=h2] [ROLE=heading] 27 प्रमाणित समीक्षा,benign:ne:23,synthetic_v1,0,0,0,0,0,0,0,1
"4,265 लोगों ने बैकपैक को रेट किया",benign,benign,hi,li,nav,"[TAG=li] [ROLE=nav] 4,265 लोगों ने बैकपैक को रेट किया",benign:hi:67,synthetic_v1,0,0,0,0,0,0,0,1
Compare smartwatch,benign,benign,en,li,nav,[TAG=li] [ROLE=nav] Compare smartwatch,benign:en:12,synthetic_v1,0,0,0,0,0,0,0,1
सर्दी का कंबल — रु. 999,benign,benign,hi,span,label,[TAG=span] [ROLE=label] सर्दी का कंबल — रु. 999,benign:hi:46,synthetic_v1,0,0,0,0,0,0,0,1
"बिक्रेता: आरव स्टोर, नेपालगन्ज",benign,benign,ne,li,nav,"[TAG=li] [ROLE=nav] बिक्रेता: आरव स्टोर, नेपालगन्ज",benign:ne:64,synthetic_v1,0,0,0,0,0,0,0,1
Muncha ग्राहक सेवा: कल सेन्टर,benign,benign,ne,h2,heading,[TAG=h2] [ROLE=heading] Muncha ग्राहक सेवा: कल सेन्टर,benign:ne:75,synthetic_v1,0,0,0,0,0,0,0,1
अस्वीकार करें,benign,benign,hi,p,body,[TAG=p] [ROLE=body] अस्वीकार करें,benign:hi:57,synthetic_v1,0,0,0,0,0,0,0,1
"1,187 प्रमाणित समीक्षा",benign,benign,ne,span,label,"[TAG=span] [ROLE=label] 1,187 प्रमाणित समीक्षा",benign:ne:23,synthetic_v1,0,0,0,0,0,0,0,1
HamroBazar इमेल एक क्लिकमा अनसब्स्क्राइब गर्नुहोस्,benign,benign,ne,li,nav,[TAG=li] [ROLE=nav] HamroBazar इमेल एक क्लिकमा अनसब्स्क्राइब गर्नुहोस्,benign:ne:69,synthetic_v1,0,0,0,0,0,0,0,1
Search for backpack,benign,benign,en,li,nav,[TAG=li] [ROLE=nav] Search for backpack,benign:en:14,synthetic_v1,0,0,0,0,0,0,0,1
शिपिंग शुल्क: रु. 899 (भुगतान से पहले दिखेगा),benign,benign,hi,span,label,[TAG=span] [ROLE=label] शिपिंग शुल्क: रु. 899 (भुगतान से पहले दिखेगा),benign:hi:43,synthetic_v1,0,0,0,0,0,0,0,1
"1,024 units sold",benign,benign,en,label,form,"[TAG=label] [ROLE=form] 1,024 units sold",benign:en:48,synthetic_v1,0,0,0,0,0,0,0,1
84 जनाले ब्याकप्याक मूल्याङ्कन गरे,benign,benign,ne,button,cta,[TAG=button] [ROLE=cta] 84 जनाले ब्याकप्याक मूल्याङ्कन गरे,benign:ne:67,synthetic_v1,0,0,0,0,0,0,0,1
Snapdeal पर ब्लूटूथ स्पीकर की कीमतों की तुलना करें,benign,benign,hi,label,form,[TAG=label] [ROLE=form] Snapdeal पर ब्लूटूथ स्पीकर की कीमतों की तुलना करें,benign:hi:73,synthetic_v1,0,0,0,0,0,0,0,1
BigBasket रिटर्न नीति: 2 दिन,benign,benign,hi,span,label,[TAG=span] [ROLE=label] BigBasket रिटर्न नीति: 2 दिन,benign:hi:65,synthetic_v1,0,0,0,0,0,0,0,1
Flipkart मा रनिङ जुत्ता मा 80% छुट,benign,benign,ne,h2,heading,[TAG=h2] [ROLE=heading] Flipkart मा रनिङ जुत्ता मा 80% छुट,benign:ne:70,synthetic_v1,0,0,0,0,0,0,0,1
मुंबई में 10 दिन में डिलीवरी,benign,benign,hi,h2,heading,[TAG=h2] [ROLE=heading] मुंबई में 10 दिन में डिलीवरी,benign:hi:63,synthetic_v1,0,0,0,0,0,0,0,1
"ट्रेकिंग जैकेट — 634 समीक्षाएँ, इंदौर गोदाम",benign,benign,hi,li,nav,"[TAG=li] [ROLE=nav] ट्रेकिंग जैकेट — 634 समीक्षाएँ, इंदौर गोदाम",benign:hi:72,synthetic_v1,0,0,0,0,0,0,0,1
ग्राहक समीक्षा (512),benign,benign,ne,button,cta,[TAG=button] [ROLE=cta] ग्राहक समीक्षा (512),benign:ne:03,synthetic_v1,0,0,0,0,0,0,0,1
आजका अफरहरू,benign,benign,ne,a,nav,[TAG=a] [ROLE=nav] आजका अफरहरू,benign:ne:30,synthetic_v1,0,0,0,0,0,0,0,1
"डेनिम जिन्स — 48 समीक्षा, धरान गोदाम",benign,benign,ne,li,nav,"[TAG=li] [ROLE=nav] डेनिम जिन्स — 48 समीक्षा, धरान गोदाम",benign:ne:72,synthetic_v1,0,0,0,0,0,0,0,1
ढुवानी शुल्क: रु. 399 (भुक्तानी अघि देखिने),benign,benign,ne,p,body,[TAG=p] [ROLE=body] ढुवानी शुल्क: रु. 399 (भुक्तानी अघि देखिने),benign:ne:43,synthetic_v1,0,0,0,0,0,0,0,1
Ajio मा हेयर ड्रायर खोज्नुहोस्,benign,benign,ne,p,body,[TAG=p] [ROLE=body] Ajio मा हेयर ड्रायर खोज्नुहोस्,benign:ne:66,synthetic_v1,0,0,0,0,0,0,0,1
चंडीगढ़ शिपिंग: रु. 199,benign,benign,hi,a,nav,[TAG=a] [ROLE=nav] चंडीगढ़ शिपिंग: रु. 199,benign:hi:71,synthetic_v1,0,0,0,0,0,0,0,1
हेयर ड्रायर मा रु. 799 बाट EMI,benign,benign,ne,h2,heading,[TAG=h2] [ROLE=heading] हेयर ड्रायर मा रु. 799 बाट EMI,benign:ne:74,synthetic_v1,0,0,0,0,0,0,0,1
"घामको चस्मा — 578 समीक्षा, सुर्खेत गोदाम",benign,benign,ne,p,body,"[TAG=p] [ROLE=body] घामको चस्मा — 578 समीक्षा, सुर्खेत गोदाम",benign:ne:72,synthetic_v1,0,0,0,0,0,0,0,1
Lenskart पर इंडक्शन चूल्हा — रु. 999,benign,benign,hi,li,nav,[TAG=li] [ROLE=nav] Lenskart पर इंडक्शन चूल्हा — रु. 999,benign:hi:62,synthetic_v1,0,0,0,0,0,0,0,1
"Sold by Anita Store, Kolkata",benign,benign,en,span,label,"[TAG=span] [ROLE=label] Sold by Anita Store, Kolkata",benign:en:65,synthetic_v1,0,0,0,0,0,0,0,1
पानीको बोतल का लागि साइज गाइड,benign,benign,ne,span,label,[TAG=span] [ROLE=label] पानीको बोतल का लागि साइज गाइड,benign:ne:05,synthetic_v1,0,0,0,0,0,0,0,1
Compare smartwatch prices on Gyapu,benign,benign,en,p,body,[TAG=p] [ROLE=body] Compare smartwatch prices on Gyapu,benign:en:74,synthetic_v1,0,0,0,0,0,0,0,1
"Shipping fee: Rs. 2,499 (shown before payment)",benign,benign,en,p,body,"[TAG=p] [ROLE=body] Shipping fee: Rs. 2,499 (shown before payment)",benign:en:43,synthetic_v1,0,0,0,0,0,0,0,1
Salesberry पर ब्लूटूथ स्पीकर खोजें,benign,benign,hi,button,cta,[TAG=button] [ROLE=cta] Salesberry पर ब्लूटूथ स्पीकर खोजें,benign:hi:66,synthetic_v1,0,0,0,0,0,0,0,1
288 जनाले नोइज क्यान्सलिङ हेडफोन मूल्याङ्कन गरे,benign,benign,ne,a,nav,[TAG=a] [ROLE=nav] 288 जनाले नोइज क्यान्सलिङ हेडफोन मूल्याङ्कन गरे,benign:ne:67,synthetic_v1,0,0,0,0,0,0,0,1
फर्मल सर्ट — रु. 899,benign,benign,ne,h2,heading,[TAG=h2] [ROLE=heading] फर्मल सर्ट — रु. 899,benign:ne:46,synthetic_v1,0,0,0,0,0,0,0,1
"रु. 2,999 माथिको अर्डरमा निःशुल्क ढुवानी",benign,benign,ne,li,nav,"[TAG=li] [ROLE=nav] रु. 2,999 माथिको अर्डरमा निःशुल्क ढुवानी",benign:ne:01,synthetic_v1,0,0,0,0,0,0,0,1
Delivery to Kolkata in 10 days,benign,benign,en,li,nav,[TAG=li] [ROLE=nav] Delivery to Kolkata in 10 days,benign:en:64,synthetic_v1,0,0,0,0,0,0,0,1
"कीमत: रु. 1,499",benign,benign,hi,label,form,"[TAG=label] [ROLE=form] कीमत: रु. 1,499",benign:hi:45,synthetic_v1,0,0,0,0,0,0,0,1
"9,118 verified reviews",benign,benign,en,label,form,"[TAG=label] [ROLE=form] 9,118 verified reviews",benign:en:23,synthetic_v1,0,0,0,0,0,0,0,1
शिपिंग शुल्क: रु. 999 (भुगतान से पहले दिखेगा),benign,benign,hi,h2,heading,[TAG=h2] [ROLE=heading] शिपिंग शुल्क: रु. 999 (भुगतान से पहले दिखेगा),benign:hi:43,synthetic_v1,0,0,0,0,0,0,0,1
"rice cooker — 11,204 reviews, Pokhara warehouse",benign,benign,en,h2,heading,"[TAG=h2] [ROLE=heading] rice cooker — 11,204 reviews, Pokhara warehouse",benign:en:73,synthetic_v1,0,0,0,0,0,0,0,1
"1,187 people rated gaming mouse",benign,benign,en,p,body,"[TAG=p] [ROLE=body] 1,187 people rated gaming mouse",benign:en:68,synthetic_v1,0,0,0,0,0,0,0,1
induction cooktop — Rs. 199,benign,benign,en,span,label,[TAG=span] [ROLE=label] induction cooktop — Rs. 199,benign:en:46,synthetic_v1,0,0,0,0,0,0,0,1
50% छुट,benign,benign,ne,h2,heading,[TAG=h2] [ROLE=heading] 50% छुट,benign:ne:10,synthetic_v1,0,0,0,0,0,0,0,1
"denim jeans — 455 reviews, Lucknow warehouse",benign,benign,en,h2,heading,"[TAG=h2] [ROLE=heading] denim jeans — 455 reviews, Lucknow warehouse",benign:en:73,synthetic_v1,0,0,0,0,0,0,0,1
"1,502 लोगों ने स्पोर्ट्स सैंडल को रेट किया",benign,benign,hi,label,form,"[TAG=label] [ROLE=form] 1,502 लोगों ने स्पोर्ट्स सैंडल को रेट किया",benign:hi:67,synthetic_v1,0,0,0,0,0,0,0,1
induction cooktop — Rs. 499,benign,benign,en,p,body,[TAG=p] [ROLE=body] induction cooktop — Rs. 499,benign:en:46,synthetic_v1,0,0,0,0,0,0,0,1
Ajio पर इंडक्शन चूल्हा पर 10% छूट,benign,benign,hi,li,nav,[TAG=li] [ROLE=nav] Ajio पर इंडक्शन चूल्हा पर 10% छूट,benign:hi:70,synthetic_v1,0,0,0,0,0,0,0,1
विराटनगर मा 3 दिनमा डेलिभरी,benign,benign,ne,span,label,[TAG=span] [ROLE=label] विराटनगर मा 3 दिनमा डेलिभरी,benign:ne:63,synthetic_v1,0,0,0,0,0,0,0,1
"कीमत: रु. 1,199",benign,benign,hi,span,label,"[TAG=span] [ROLE=label] कीमत: रु. 1,199",benign:hi:45,synthetic_v1,0,0,0,0,0,0,0,1
"Seller: Sneha Traders, Indore",benign,benign,en,a,nav,"[TAG=a] [ROLE=nav] Seller: Sneha Traders, Indore",benign:en:49,synthetic_v1,0,0,0,0,0,0,0,1
हेयर ड्रायर पर रु. 49 से EMI,benign,benign,hi,span,label,[TAG=span] [ROLE=label] हेयर ड्रायर पर रु. 49 से EMI,benign:hi:74,synthetic_v1,0,0,0,0,0,0,0,1
Delivery to Jaipur in 7 days,benign,benign,en,span,label,[TAG=span] [ROLE=label] Delivery to Jaipur in 7 days,benign:en:64,synthetic_v1,0,0,0,0,0,0,0,1
Tata Cliq फिर्ता नीति: 10 दिन,benign,benign,ne,label,form,[TAG=label] [ROLE=form] Tata Cliq फिर्ता नीति: 10 दिन,benign:ne:65,synthetic_v1,0,0,0,0,0,0,0,1
नेपालगन्ज मा 3 दिनमा डेलिभरी,benign,benign,ne,li,nav,[TAG=li] [ROLE=nav] नेपालगन्ज मा 3 दिनमा डेलिभरी,benign:ne:63,synthetic_v1,0,0,0,0,0,0,0,1
Snapdeal ग्राहक सेवा: हाम्रो WhatsApp नम्बर,benign,benign,ne,p,body,[TAG=p] [ROLE=body] Snapdeal ग्राहक सेवा: हाम्रो WhatsApp नम्बर,benign:ne:75,synthetic_v1,0,0,0,0,0,0,0,1
Snapdeal ग्राहक सेवा: हमारा ईमेल डेस्क,benign,benign,hi,span,label,[TAG=span] [ROLE=label] Snapdeal ग्राहक सेवा: हमारा ईमेल डेस्क,benign:hi:75,synthetic_v1,0,0,0,0,0,0,0,1
नोइज क्यान्सलिङ हेडफोन मा रु. 499 बाट EMI,benign,benign,ne,li,nav,[TAG=li] [ROLE=nav] नोइज क्यान्सलिङ हेडफोन मा रु. 499 बाट EMI,benign:ne:74,synthetic_v1,0,0,0,0,0,0,0,1
149 लोगों ने कॉटन कुर्ता को रेट किया,benign,benign,hi,p,body,[TAG=p] [ROLE=body] 149 लोगों ने कॉटन कुर्ता को रेट किया,benign:hi:67,synthetic_v1,0,0,0,0,0,0,0,1
मेरो अर्डरबाट OkDam अर्डर रद्द गर्नुहोस्,benign,benign,ne,button,cta,[TAG=button] [ROLE=cta] मेरो अर्डरबाट OkDam अर्डर रद्द गर्नुहोस्,benign:ne:68,synthetic_v1,0,0,0,0,0,0,0,1
HamroBazar ग्राहक सेवा: लाइव चैट,benign,benign,hi,label,form,[TAG=label] [ROLE=form] HamroBazar ग्राहक सेवा: लाइव चैट,benign:hi:75,synthetic_v1,0,0,0,0,0,0,0,1
"In stock in Pokhara, ships in 14 days",benign,benign,en,li,nav,"[TAG=li] [ROLE=nav] In stock in Pokhara, ships in 14 days",benign:en:77,synthetic_v1,0,0,0,0,0,0,0,1
84 people rated water bottle,benign,benign,en,p,body,[TAG=p] [ROLE=body] 84 people rated water bottle,benign:en:68,synthetic_v1,0,0,0,0,0,0,0,1
"Sold by Priya Store, Lalitpur",benign,benign,en,button,cta,"[TAG=button] [ROLE=cta] Sold by Priya Store, Lalitpur",benign:en:65,synthetic_v1,0,0,0,0,0,0,0,1
"noise cancelling headphones — 7,340 reviews, Dharan warehouse",benign,benign,en,p,body,"[TAG=p] [ROLE=body] noise cancelling headphones — 7,340 reviews, Dharan warehouse",benign:en:73,synthetic_v1,0,0,0,0,0,0,0,1
सर्दी का कंबल — रु. 599,benign,benign,hi,span,label,[TAG=span] [ROLE=label] सर्दी का कंबल — रु. 599,benign:hi:46,synthetic_v1,0,0,0,0,0,0,0,1
पुणे में 2 दिन में डिलीवरी,benign,benign,hi,a,nav,[TAG=a] [ROLE=nav] पुणे में 2 दिन में डिलीवरी,benign:hi:63,synthetic_v1,0,0,0,0,0,0,0,1
455 people rated backpack,benign,benign,en,li,nav,[TAG=li] [ROLE=nav] 455 people rated backpack,benign:en:68,synthetic_v1,0,0,0,0,0,0,0,1
"लैपटॉप बैग — 48 समीक्षाएँ, दिल्ली गोदाम",benign,benign,hi,span,label,"[TAG=span] [ROLE=label] लैपटॉप बैग — 48 समीक्षाएँ, दिल्ली गोदाम",benign:hi:72,synthetic_v1,0,0,0,0,0,0,0,1
फेस वास मा रु. 49 बाट EMI,benign,benign,ne,button,cta,[TAG=button] [ROLE=cta] फेस वास मा रु. 49 बाट EMI,benign:ne:74,synthetic_v1,0,0,0,0,0,0,0,1
शिपिंग शुल्क: रु. 299 (भुगतान से पहले दिखेगा),benign,benign,hi,h2,heading,[TAG=h2] [ROLE=heading] शिपिंग शुल्क: रु. 299 (भुगतान से पहले दिखेगा),benign:hi:43,synthetic_v1,0,0,0,0,0,0,0,1
"विक्रेता: अर्जुन स्टोर, नागपुर",benign,benign,hi,span,label,"[TAG=span] [ROLE=label] विक्रेता: अर्जुन स्टोर, नागपुर",benign:hi:64,synthetic_v1,0,0,0,0,0,0,0,1
"विक्रेता: सीता ट्रेडर्स, जयपुर",benign,benign,hi,p,body,"[TAG=p] [ROLE=body] विक्रेता: सीता ट्रेडर्स, जयपुर",benign:hi:48,synthetic_v1,0,0,0,0,0,0,0,1
"Seller: Nisha Traders, Bhaktapur",benign,benign,en,button,cta,"[TAG=button] [ROLE=cta] Seller: Nisha Traders, Bhaktapur",benign:en:49,synthetic_v1,0,0,0,0,0,0,0,1
"गेमिङ माउस मा रु. 2,499 बाट EMI",benign,benign,ne,h2,heading,"[TAG=h2] [ROLE=heading] गेमिङ माउस मा रु. 2,499 बाट EMI",benign:ne:74,synthetic_v1,0,0,0,0,0,0,0,1
अनुमानित डेलिभरी: 14 दिन,benign,benign,ne,label,form,[TAG=label] [ROLE=form] अनुमानित डेलिभरी: 14 दिन,benign:ne:24,synthetic_v1,0,0,0,0,0,0,0,1
Tata Cliq पर नॉइज़ कैंसलिंग हेडफोन — रु. 149,benign,benign,hi,span,label,[TAG=span] [ROLE=label] Tata Cliq पर नॉइज़ कैंसलिंग हेडफोन — रु. 149,benign:hi:62,synthetic_v1,0,0,0,0,0,0,0,1
फेस वास कार्टमा राख्नुहोस्,benign,benign,ne,button,cta,[TAG=button] [ROLE=cta] फेस वास कार्टमा राख्नुहोस्,benign:ne:00,synthetic_v1,0,0,0,0,0,0,0,1
Zepto पर हेयर ड्रायर की कीमतों की तुलना करें,benign,benign,hi,li,nav,[TAG=li] [ROLE=nav] Zepto पर हेयर ड्रायर की कीमतों की तुलना करें,benign:hi:73,synthetic_v1,0,0,0,0,0,0,0,1
मेरे ऑर्डर,benign,benign,hi,li,nav,[TAG=li] [ROLE=nav] मेरे ऑर्डर,benign:hi:38,synthetic_v1,0,0,0,0,0,0,0,1
634 प्रमाणित समीक्षा,benign,benign,ne,span,label,[TAG=span] [ROLE=label] 634 प्रमाणित समीक्षा,benign:ne:23,synthetic_v1,0,0,0,0,0,0,0,1
Delivery to Biratnagar in 5 days,benign,benign,en,label,form,[TAG=label] [ROLE=form] Delivery to Biratnagar in 5 days,benign:en:64,synthetic_v1,0,0,0,0,0,0,0,1
"कॉटन कुर्ता — रु. 1,999",benign,benign,hi,p,body,"[TAG=p] [ROLE=body] कॉटन कुर्ता — रु. 1,999",benign:hi:46,synthetic_v1,0,0,0,0,0,0,0,1
शिपिंग शुल्क: रु. 449 (भुगतान से पहले दिखेगा),benign,benign,hi,label,form,[TAG=label] [ROLE=form] शिपिंग शुल्क: रु. 449 (भुगतान से पहले दिखेगा),benign:hi:43,synthetic_v1,0,0,0,0,0,0,0,1
"गेमिंग माउस — 63 समीक्षाएँ, रांची गोदाम",benign,benign,hi,a,nav,"[TAG=a] [ROLE=nav] गेमिंग माउस — 63 समीक्षाएँ, रांची गोदाम",benign:hi:72,synthetic_v1,0,0,0,0,0,0,0,1
Compare smartwatch prices on Amazon,benign,benign,en,li,nav,[TAG=li] [ROLE=nav] Compare smartwatch prices on Amazon,benign:en:74,synthetic_v1,0,0,0,0,0,0,0,1
HamroBazar पर कॉफी मेकर पर 40% छूट,benign,benign,hi,button,cta,[TAG=button] [ROLE=cta] HamroBazar पर कॉफी मेकर पर 40% छूट,benign:hi:70,synthetic_v1,0,0,0,0,0,0,0,1
Sale ends 2 November,benign,benign,en,a,nav,[TAG=a] [ROLE=nav] Sale ends 2 November,benign:en:47,synthetic_v1,0,0,0,0,0,0,0,1
"Sold by Sneha Store, Surat",benign,benign,en,label,form,"[TAG=label] [ROLE=form] Sold by Sneha Store, Surat",benign:en:65,synthetic_v1,0,0,0,0,0,0,0,1
"1,765 इकाई बिकीं",benign,benign,hi,span,label,"[TAG=span] [ROLE=label] 1,765 इकाई बिकीं",benign:hi:47,synthetic_v1,0,0,0,0,0,0,0,1
मेरो अर्डरबाट Lenskart अर्डर रद्द गर्नुहोस्,benign,benign,ne,span,label,[TAG=span] [ROLE=label] मेरो अर्डरबाट Lenskart अर्डर रद्द गर्नुहोस्,benign:ne:68,synthetic_v1,0,0,0,0,0,0,0,1
Lenskart customer care: our Facebook page,benign,benign,en,label,form,[TAG=label] [ROLE=form] Lenskart customer care: our Facebook page,benign:en:76,synthetic_v1,0,0,0,0,0,0,0,1
सभी सर्दी का कंबल देखें,benign,benign,hi,p,body,[TAG=p] [ROLE=body] सभी सर्दी का कंबल देखें,benign:hi:20,synthetic_v1,0,0,0,0,0,0,0,1
Nykaa पर वायरलेस ईयरबड्स पर 60% छूट,benign,benign,hi,span,label,[TAG=span] [ROLE=label] Nykaa पर वायरलेस ईयरबड्स पर 60% छूट,benign:hi:70,synthetic_v1,0,0,0,0,0,0,0,1
Shipping fee: Rs. 349 (shown before payment),benign,benign,en,h2,heading,[TAG=h2] [ROLE=heading] Shipping fee: Rs. 349 (shown before payment),benign:en:43,synthetic_v1,0,0,0,0,0,0,0,1
"In stock in Nepalgunj, ships in 2 days",benign,benign,en,span,label,"[TAG=span] [ROLE=label] In stock in Nepalgunj, ships in 2 days",benign:en:77,synthetic_v1,0,0,0,0,0,0,0,1
Estimated delivery: 7 days,benign,benign,en,span,label,[TAG=span] [ROLE=label] Estimated delivery: 7 days,benign:en:24,synthetic_v1,0,0,0,0,0,0,0,1
578 थान बिक्री भयो,benign,benign,ne,label,form,[TAG=label] [ROLE=form] 578 थान बिक्री भयो,benign:ne:47,synthetic_v1,0,0,0,0,0,0,0,1
Compare winter blanket,benign,benign,en,p,body,[TAG=p] [ROLE=body] Compare winter blanket,benign:en:12,synthetic_v1,0,0,0,0,0,0,0,1
Salesberry मा डेनिम जिन्स खोज्नुहोस्,benign,benign,ne,a,nav,[TAG=a] [ROLE=nav] Salesberry मा डेनिम जिन्स खोज्नुहोस्,benign:ne:66,synthetic_v1,0,0,0,0,0,0,0,1
Notify me when yoga mat is available,benign,benign,en,p,body,[TAG=p] [ROLE=body] Notify me when yoga mat is available,benign:en:33,synthetic_v1,0,0,0,0,0,0,0,1
112 people rated air fryer,benign,benign,en,h2,heading,[TAG=h2] [ROLE=heading] 112 people rated air fryer,benign:en:68,synthetic_v1,0,0,0,0,0,0,0,1
Zepto return policy: 3 days,benign,benign,en,label,form,[TAG=label] [ROLE=form] Zepto return policy: 3 days,benign:en:66,synthetic_v1,0,0,0,0,0,0,0,1
"पुणे में स्टॉक में, 10 दिन में शिप",benign,benign,hi,h2,heading,"[TAG=h2] [ROLE=heading] पुणे में स्टॉक में, 10 दिन में शिप",benign:hi:76,synthetic_v1,0,0,0,0,0,0,0,1
रु. 399 सम्म एक्सचेन्ज अफर,benign,benign,ne,button,cta,[TAG=button] [ROLE=cta] रु. 399 सम्म एक्सचेन्ज अफर,benign:ne:35,synthetic_v1,0,0,0,0,0,0,0,1
"Seller: Bikash Traders, Chitwan",benign,benign,en,a,nav,"[TAG=a] [ROLE=nav] Seller: Bikash Traders, Chitwan",benign:en:49,synthetic_v1,0,0,0,0,0,0,0,1
Daraz पर कॉफी मेकर खोजें,benign,benign,hi,label,form,[TAG=label] [ROLE=form] Daraz पर कॉफी मेकर खोजें,benign:hi:66,synthetic_v1,0,0,0,0,0,0,0,1
भक्तपुर मा 14 दिनमा डेलिभरी,benign,benign,ne,a,nav,[TAG=a] [ROLE=nav] भक्तपुर मा 14 दिनमा डेलिभरी,benign:ne:63,synthetic_v1,0,0,0,0,0,0,0,1
"ऑफिस चेयर — 812 समीक्षाएँ, आगरा गोदाम",benign,benign,hi,a,nav,"[TAG=a] [ROLE=nav] ऑफिस चेयर — 812 समीक्षाएँ, आगरा गोदाम",benign:hi:72,synthetic_v1,0,0,0,0,0,0,0,1
20% off hair dryer at JioMart,benign,benign,en,label,form,[TAG=label] [ROLE=form] 20% off hair dryer at JioMart,benign:en:71,synthetic_v1,0,0,0,0,0,0,0,1
"अहमदाबाद में स्टॉक में, 14 दिन में शिप",benign,benign,hi,span,label,"[TAG=span] [ROLE=label] अहमदाबाद में स्टॉक में, 14 दिन में शिप",benign:hi:76,synthetic_v1,0,0,0,0,0,0,0,1
Reliance Digital पर कॉफी मेकर पर 40% छूट,benign,benign,hi,button,cta,[TAG=button] [ROLE=cta] Reliance Digital पर कॉफी मेकर पर 40% छूट,benign:hi:70,synthetic_v1,0,0,0,0,0,0,0,1
Croma ग्राहक सेवा: हाम्रो सपोर्ट नम्बर,benign,benign,ne,p,body,[TAG=p] [ROLE=body] Croma ग्राहक सेवा: हाम्रो सपोर्ट नम्बर,benign:ne:75,synthetic_v1,0,0,0,0,0,0,0,1
पोखरा ढुवानी: रु. 99,benign,benign,ne,span,label,[TAG=span] [ROLE=label] पोखरा ढुवानी: रु. 99,benign:ne:71,synthetic_v1,0,0,0,0,0,0,0,1
48 people rated office chair,benign,benign,en,p,body,[TAG=p] [ROLE=body] 48 people rated office chair,benign:en:68,synthetic_v1,0,0,0,0,0,0,0,1
"Sold by Bikash Store, Delhi",benign,benign,en,li,nav,"[TAG=li] [ROLE=nav] Sold by Bikash Store, Delhi",benign:en:65,synthetic_v1,0,0,0,0,0,0,0,1
"विक्रेता: प्रकाश ट्रेडर्स, नासिक",benign,benign,hi,a,nav,"[TAG=a] [ROLE=nav] विक्रेता: प्रकाश ट्रेडर्स, नासिक",benign:hi:48,synthetic_v1,0,0,0,0,0,0,0,1
"In stock in Jaipur, ships in 14 days",benign,benign,en,label,form,"[TAG=label] [ROLE=form] In stock in Jaipur, ships in 14 days",benign:en:77,synthetic_v1,0,0,0,0,0,0,0,1
"बिक्रेता: प्रकाश स्टोर, विराटनगर",benign,benign,ne,p,body,"[TAG=p] [ROLE=body] बिक्रेता: प्रकाश स्टोर, विराटनगर",benign:ne:64,synthetic_v1,0,0,0,0,0,0,0,1
"In stock in Delhi, ships in 14 days",benign,benign,en,button,cta,"[TAG=button] [ROLE=cta] In stock in Delhi, ships in 14 days",benign:en:77,synthetic_v1,0,0,0,0,0,0,0,1
"बाँके मा स्टकमा, 2 दिनमा पठाइन्छ",benign,benign,ne,button,cta,"[TAG=button] [ROLE=cta] बाँके मा स्टकमा, 2 दिनमा पठाइन्छ",benign:ne:76,synthetic_v1,0,0,0,0,0,0,0,1
50% off,benign,benign,en,p,body,[TAG=p] [ROLE=body] 50% off,benign:en:10,synthetic_v1,0,0,0,0,0,0,0,1
राइस कुकर — रु. 199,benign,benign,ne,label,form,[TAG=label] [ROLE=form] राइस कुकर — रु. 199,benign:ne:46,synthetic_v1,0,0,0,0,0,0,0,1
Notify me when face wash is available,benign,benign,en,button,cta,[TAG=button] [ROLE=cta] Notify me when face wash is available,benign:en:33,synthetic_v1,0,0,0,0,0,0,0,1
face wash — Rs. 399,benign,benign,en,span,label,[TAG=span] [ROLE=label] face wash — Rs. 399,benign:en:46,synthetic_v1,0,0,0,0,0,0,0,1
"Salesberry पर इंडक्शन चूल्हा — रु. 1,999",benign,benign,hi,a,nav,"[TAG=a] [ROLE=nav] Salesberry पर इंडक्शन चूल्हा — रु. 1,999",benign:hi:62,synthetic_v1,0,0,0,0,0,0,0,1
Salesberry return policy: 8 days,benign,benign,en,span,label,[TAG=span] [ROLE=label] Salesberry return policy: 8 days,benign:en:66,synthetic_v1,0,0,0,0,0,0,0,1
"1,187 जनाले कटन कुर्ता मूल्याङ्कन गरे",benign,benign,ne,label,form,"[TAG=label] [ROLE=form] 1,187 जनाले कटन कुर्ता मूल्याङ्कन गरे",benign:ne:67,synthetic_v1,0,0,0,0,0,0,0,1
"बिक्रेता: प्रिया ट्रेडर्स, धनगढी",benign,benign,ne,span,label,"[TAG=span] [ROLE=label] बिक्रेता: प्रिया ट्रेडर्स, धनगढी",benign:ne:48,synthetic_v1,0,0,0,0,0,0,0,1
"विक्रेता: प्रकाश ट्रेडर्स, पुणे",benign,benign,hi,button,cta,"[TAG=button] [ROLE=cta] विक्रेता: प्रकाश ट्रेडर्स, पुणे",benign:hi:48,synthetic_v1,0,0,0,0,0,0,0,1
9 दिनों में वापसी,benign,benign,hi,a,nav,[TAG=a] [ROLE=nav] 9 दिनों में वापसी,benign:hi:04,synthetic_v1,0,0,0,0,0,0,0,1
फॉर्मल शर्ट पर रु. 799 से EMI,benign,benign,hi,li,nav,[TAG=li] [ROLE=nav] फॉर्मल शर्ट पर रु. 799 से EMI,benign:hi:74,synthetic_v1,0,0,0,0,0,0,0,1
Croma return policy: 6 days,benign,benign,en,span,label,[TAG=span] [ROLE=label] Croma return policy: 6 days,benign:en:66,synthetic_v1,0,0,0,0,0,0,0,1
"Sold by Ramesh Store, Indore",benign,benign,en,a,nav,"[TAG=a] [ROLE=nav] Sold by Ramesh Store, Indore",benign:en:65,synthetic_v1,0,0,0,0,0,0,0,1
84 सत्यापित समीक्षाएँ,benign,benign,hi,button,cta,[TAG=button] [ROLE=cta] 84 सत्यापित समीक्षाएँ,benign:hi:23,synthetic_v1,0,0,0,0,0,0,0,1
ब्लुटुथ स्पिकर मा रु. 149 बाट EMI,benign,benign,ne,h2,heading,[TAG=h2] [ROLE=heading] ब्लुटुथ स्पिकर मा रु. 149 बाट EMI,benign:ne:74,synthetic_v1,0,0,0,0,0,0,0,1
"2,411 थान बिक्री भयो",benign,benign,ne,p,body,"[TAG=p] [ROLE=body] 2,411 थान बिक्री भयो",benign:ne:47,synthetic_v1,0,0,0,0,0,0,0,1
राइस कुकर मा रु. 449 बाट EMI,benign,benign,ne,button,cta,[TAG=button] [ROLE=cta] राइस कुकर मा रु. 449 बाट EMI,benign:ne:74,synthetic_v1,0,0,0,0,0,0,0,1
View all smartwatch,benign,benign,en,label,form,[TAG=label] [ROLE=form] View all smartwatch,benign:en:20,synthetic_v1,0,0,0,0,0,0,0,1
फेस वॉश पर रु. 399 से EMI,benign,benign,hi,label,form,[TAG=label] [ROLE=form] फेस वॉश पर रु. 399 से EMI,benign:hi:74,synthetic_v1,0,0,0,0,0,0,0,1
"बिक्रेता: विकास स्टोर, इटहरी",benign,benign,ne,button,cta,"[TAG=button] [ROLE=cta] बिक्रेता: विकास स्टोर, इटहरी",benign:ne:64,synthetic_v1,0,0,0,0,0,0,0,1
"18,332 units sold",benign,benign,en,label,form,"[TAG=label] [ROLE=form] 18,332 units sold",benign:en:48,synthetic_v1,0,0,0,0,0,0,0,1
20% off cotton kurta at Lenskart,benign,benign,en,a,nav,[TAG=a] [ROLE=nav] 20% off cotton kurta at Lenskart,benign:en:71,synthetic_v1,0,0,0,0,0,0,0,1
"ग्राहक समीक्षा (21,507)",benign,benign,ne,a,nav,"[TAG=a] [ROLE=nav] ग्राहक समीक्षा (21,507)",benign:ne:03,synthetic_v1,0,0,0,0,0,0,0,1
578 people rated smartwatch,benign,benign,en,h2,heading,[TAG=h2] [ROLE=heading] 578 people rated smartwatch,benign:en:68,synthetic_v1,0,0,0,0,0,0,0,1
इंडक्शन चूल्हा कार्ट में जोड़ें,benign,benign,hi,li,nav,[TAG=li] [ROLE=nav] इंडक्शन चूल्हा कार्ट में जोड़ें,benign:hi:00,synthetic_v1,0,0,0,0,0,0,0,1
"बिक्रेता: काव्या ट्रेडर्स, तनहुँ",benign,benign,ne,button,cta,"[TAG=button] [ROLE=cta] बिक्रेता: काव्या ट्रेडर्स, तनहुँ",benign:ne:48,synthetic_v1,0,0,0,0,0,0,0,1
50% off school bag at Thulo,benign,benign,en,a,nav,[TAG=a] [ROLE=nav] 50% off school bag at Thulo,benign:en:71,synthetic_v1,0,0,0,0,0,0,0,1
"रांची में स्टॉक में, 14 दिन में शिप",benign,benign,hi,a,nav,"[TAG=a] [ROLE=nav] रांची में स्टॉक में, 14 दिन में शिप",benign:hi:76,synthetic_v1,0,0,0,0,0,0,0,1
"कानपुर शिपिंग: रु. 2,999",benign,benign,hi,p,body,"[TAG=p] [ROLE=body] कानपुर शिपिंग: रु. 2,999",benign:hi:71,synthetic_v1,0,0,0,0,0,0,0,1
"Seller: Laxmi Traders, Chitwan",benign,benign,en,span,label,"[TAG=span] [ROLE=label] Seller: Laxmi Traders, Chitwan",benign:en:49,synthetic_v1,0,0,0,0,0,0,0,1
Myntra पर फोन कवर पर 70% छूट,benign,benign,hi,span,label,[TAG=span] [ROLE=label] Myntra पर फोन कवर पर 70% छूट,benign:hi:70,synthetic_v1,0,0,0,0,0,0,0,1
"sports sandals — 186 reviews, Chitwan warehouse",benign,benign,en,p,body,"[TAG=p] [ROLE=body] sports sandals — 186 reviews, Chitwan warehouse",benign:en:73,synthetic_v1,0,0,0,0,0,0,0,1
BigBasket मा रनिङ जुत्ता खोज्नुहोस्,benign,benign,ne,h2,heading,[TAG=h2] [ROLE=heading] BigBasket मा रनिङ जुत्ता खोज्नुहोस्,benign:ne:66,synthetic_v1,0,0,0,0,0,0,0,1
Thulo फिर्ता नीति: 2 दिन,benign,benign,ne,li,nav,[TAG=li] [ROLE=nav] Thulo फिर्ता नीति: 2 दिन,benign:ne:65,synthetic_v1,0,0,0,0,0,0,0,1
You can cancel anytime from your account page,benign,benign,en,h2,heading,[TAG=h2] [ROLE=heading] You can cancel anytime from your account page,benign:en:44,synthetic_v1,0,0,0,0,0,0,0,1
203 people rated hair dryer,benign,benign,en,p,body,[TAG=p] [ROLE=body] 203 people rated hair dryer,benign:en:68,synthetic_v1,0,0,0,0,0,0,0,1
कोलकाता में 5 दिन में डिलीवरी,benign,benign,hi,li,nav,[TAG=li] [ROLE=nav] कोलकाता में 5 दिन में डिलीवरी,benign:hi:63,synthetic_v1,0,0,0,0,0,0,0,1
EMI from Rs. 699 on cotton kurta,benign,benign,en,li,nav,[TAG=li] [ROLE=nav] EMI from Rs. 699 on cotton kurta,benign:en:75,synthetic_v1,0,0,0,0,0,0,0,1
Meesho पर स्पोर्ट्स सैंडल खोजें,benign,benign,hi,h2,heading,[TAG=h2] [ROLE=heading] Meesho पर स्पोर्ट्स सैंडल खोजें,benign:hi:66,synthetic_v1,0,0,0,0,0,0,0,1
इन्डक्सन चुल्हो तुलना गर्नुहोस्,benign,benign,ne,button,cta,[TAG=button] [ROLE=cta] इन्डक्सन चुल्हो तुलना गर्नुहोस्,benign:ne:12,synthetic_v1,0,0,0,0,0,0,0,1
"In stock in Pokhara, ships in 4 days",benign,benign,en,p,body,"[TAG=p] [ROLE=body] In stock in Pokhara, ships in 4 days",benign:en:77,synthetic_v1,0,0,0,0,0,0,0,1
Unsubscribe from Tata Cliq emails in one click,benign,benign,en,p,body,[TAG=p] [ROLE=body] Unsubscribe from Tata Cliq emails in one click,benign:en:70,synthetic_v1,0,0,0,0,0,0,0,1
गेमिङ माउस तुलना गर्नुहोस्,benign,benign,ne,button,cta,[TAG=button] [ROLE=cta] गेमिङ माउस तुलना गर्नुहोस्,benign:ne:12,synthetic_v1,0,0,0,0,0,0,0,1
"11,204 प्रमाणित समीक्षा",benign,benign,ne,h2,heading,"[TAG=h2] [ROLE=heading] 11,204 प्रमाणित समीक्षा",benign:ne:23,synthetic_v1,0,0,0,0,0,0,0,1
Snapdeal मा रनिङ जुत्ता मा 70% छुट,benign,benign,ne,a,nav,[TAG=a] [ROLE=nav] Snapdeal मा रनिङ जुत्ता मा 70% छुट,benign:ne:70,synthetic_v1,0,0,0,0,0,0,0,1
Lenskart ग्राहक सेवा: हमारा ईमेल डेस्क,benign,benign,hi,h2,heading,[TAG=h2] [ROLE=heading] Lenskart ग्राहक सेवा: हमारा ईमेल डेस्क,benign:hi:75,synthetic_v1,0,0,0,0,0,0,0,1
25% off denim jeans at Ajio,benign,benign,en,label,form,[TAG=label] [ROLE=form] 25% off denim jeans at Ajio,benign:en:71,synthetic_v1,0,0,0,0,0,0,0,1
Meesho ग्राहक सेवा: हमारा Facebook पेज,benign,benign,hi,label,form,[TAG=label] [ROLE=form] Meesho ग्राहक सेवा: हमारा Facebook पेज,benign:hi:75,synthetic_v1,0,0,0,0,0,0,0,1
"Free shipping on orders above Rs. 1,999",benign,benign,en,label,form,"[TAG=label] [ROLE=form] Free shipping on orders above Rs. 1,999",benign:en:01,synthetic_v1,0,0,0,0,0,0,0,1
फोन कभर — रु. 799,benign,benign,ne,p,body,[TAG=p] [ROLE=body] फोन कभर — रु. 799,benign:ne:46,synthetic_v1,0,0,0,0,0,0,0,1
"एयर फ्रायर — 203 समीक्षा, बाँके गोदाम",benign,benign,ne,li,nav,"[TAG=li] [ROLE=nav] एयर फ्रायर — 203 समीक्षा, बाँके गोदाम",benign:ne:72,synthetic_v1,0,0,0,0,0,0,0,1
स्टडी लाइट का लागि साइज गाइड,benign,benign,ne,span,label,[TAG=span] [ROLE=label] स्टडी लाइट का लागि साइज गाइड,benign:ne:05,synthetic_v1,0,0,0,0,0,0,0,1
"EMI from Rs. 2,999 on sports sandals",benign,benign,en,span,label,"[TAG=span] [ROLE=label] EMI from Rs. 2,999 on sports sandals",benign:en:75,synthetic_v1,0,0,0,0,0,0,0,1
455 लोगों ने बैकपैक को रेट किया,benign,benign,hi,button,cta,[TAG=button] [ROLE=cta] 455 लोगों ने बैकपैक को रेट किया,benign:hi:67,synthetic_v1,0,0,0,0,0,0,0,1
दिल्ली में कैश ऑन डिलीवरी उपलब्ध,benign,benign,hi,p,body,[TAG=p] [ROLE=body] दिल्ली में कैश ऑन डिलीवरी उपलब्ध,benign:hi:09,synthetic_v1,0,0,0,0,0,0,0,1
EMI options available from Rs. 599/month,benign,benign,en,button,cta,[TAG=button] [ROLE=cta] EMI options available from Rs. 599/month,benign:en:34,synthetic_v1,0,0,0,0,0,0,0,1
"विक्रेता: प्रिया ट्रेडर्स, नासिक",benign,benign,hi,button,cta,"[TAG=button] [ROLE=cta] विक्रेता: प्रिया ट्रेडर्स, नासिक",benign:hi:48,synthetic_v1,0,0,0,0,0,0,0,1
Daraz मा घामको चस्मा मा 15% छुट,benign,benign,ne,label,form,[TAG=label] [ROLE=form] Daraz मा घामको चस्मा मा 15% छुट,benign:ne:70,synthetic_v1,0,0,0,0,0,0,0,1
"दमक मा स्टकमा, 14 दिनमा पठाइन्छ",benign,benign,ne,li,nav,"[TAG=li] [ROLE=nav] दमक मा स्टकमा, 14 दिनमा पठाइन्छ",benign:ne:76,synthetic_v1,0,0,0,0,0,0,0,1
Unsubscribe from Pepperfry emails in one click,benign,benign,en,span,label,[TAG=span] [ROLE=label] Unsubscribe from Pepperfry emails in one click,benign:en:70,synthetic_v1,0,0,0,0,0,0,0,1
सर्दी का कंबल पर रु. 599 से EMI,benign,benign,hi,label,form,[TAG=label] [ROLE=form] सर्दी का कंबल पर रु. 599 से EMI,benign:hi:74,synthetic_v1,0,0,0,0,0,0,0,1
Add sunglasses to cart,benign,benign,en,button,cta,[TAG=button] [ROLE=cta] Add sunglasses to cart,benign:en:00,synthetic_v1,0,0,0,0,0,0,0,1
"ग्राहक समीक्षाएँ (3,109)",benign,benign,hi,button,cta,"[TAG=button] [ROLE=cta] ग्राहक समीक्षाएँ (3,109)",benign:hi:03,synthetic_v1,0,0,0,0,0,0,0,1
"नोइज क्यान्सलिङ हेडफोन — 512 समीक्षा, इटहरी गोदाम",benign,benign,ne,label,form,"[TAG=label] [ROLE=form] नोइज क्यान्सलिङ हेडफोन — 512 समीक्षा, इटहरी गोदाम",benign:ne:72,synthetic_v1,0,0,0,0,0,0,0,1
बैकपैक के लिए साइज़ गाइड,benign,benign,hi,button,cta,[TAG=button] [ROLE=cta] बैकपैक के लिए साइज़ गाइड,benign:hi:05,synthetic_v1,0,0,0,0,0,0,0,1
"3,109 units sold",benign,benign,en,p,body,"[TAG=p] [ROLE=body] 3,109 units sold",benign:en:48,synthetic_v1,0,0,0,0,0,0,0,1
Compare induction cooktop prices on SastoDeal,benign,benign,en,li,nav,[TAG=li] [ROLE=nav] Compare induction cooktop prices on SastoDeal,benign:en:74,synthetic_v1,0,0,0,0,0,0,0,1
"ब्लूटूथ स्पीकर पर रु. 1,499 से EMI",benign,benign,hi,a,nav,"[TAG=a] [ROLE=nav] ब्लूटूथ स्पीकर पर रु. 1,499 से EMI",benign:hi:74,synthetic_v1,0,0,0,0,0,0,0,1
Shipping to Biratnagar: Rs. 49,benign,benign,en,p,body,[TAG=p] [ROLE=body] Shipping to Biratnagar: Rs. 49,benign:en:72,synthetic_v1,0,0,0,0,0,0,0,1
सबै हिउँदको ब्ल्याङ्केट हेर्नुहोस्,benign,benign,ne,button,cta,[TAG=button] [ROLE=cta] सबै हिउँदको ब्ल्याङ्केट हेर्नुहोस्,benign:ne:20,synthetic_v1,0,0,0,0,0,0,0,1
"Croma मा ल्यापटप ब्याग — रु. 2,499",benign,benign,ne,span,label,"[TAG=span] [ROLE=label] Croma मा ल्यापटप ब्याग — रु. 2,499",benign:ne:62,synthetic_v1,0,0,0,0,0,0,0,1
"3,109 इकाई बिकीं",benign,benign,hi,span,label,"[TAG=span] [ROLE=label] 3,109 इकाई बिकीं",benign:hi:47,synthetic_v1,0,0,0,0,0,0,0,1
Muncha फिर्ता नीति: 2 दिन,benign,benign,ne,li,nav,[TAG=li] [ROLE=nav] Muncha फिर्ता नीति: 2 दिन,benign:ne:65,synthetic_v1,0,0,0,0,0,0,0,1
"विक्रेता: मीरा ट्रेडर्स, जयपुर",benign,benign,hi,span,label,"[TAG=span] [ROLE=label] विक्रेता: मीरा ट्रेडर्स, जयपुर",benign:hi:48,synthetic_v1,0,0,0,0,0,0,0,1
Search sunglasses on Reliance Digital,benign,benign,en,button,cta,[TAG=button] [ROLE=cta] Search sunglasses on Reliance Digital,benign:en:67,synthetic_v1,0,0,0,0,0,0,0,1
"विक्रेता: विकास ट्रेडर्स, बेंगलुरु",benign,benign,hi,li,nav,"[TAG=li] [ROLE=nav] विक्रेता: विकास ट्रेडर्स, बेंगलुरु",benign:hi:48,synthetic_v1,0,0,0,0,0,0,0,1
Reliance Digital रिटर्न नीति: 2 दिन,benign,benign,hi,span,label,[TAG=span] [ROLE=label] Reliance Digital रिटर्न नीति: 2 दिन,benign:hi:65,synthetic_v1,0,0,0,0,0,0,0,1
Cash on delivery available in Pune,benign,benign,en,span,label,[TAG=span] [ROLE=label] Cash on delivery available in Pune,benign:en:09,synthetic_v1,0,0,0,0,0,0,0,1
Notify me when gaming mouse is available,benign,benign,en,p,body,[TAG=p] [ROLE=body] Notify me when gaming mouse is available,benign:en:33,synthetic_v1,0,0,0,0,0,0,0,1
Croma पर वायरलेस ईयरबड्स — रु. 899,benign,benign,hi,span,label,[TAG=span] [ROLE=label] Croma पर वायरलेस ईयरबड्स — रु. 899,benign:hi:62,synthetic_v1,0,0,0,0,0,0,0,1
वीरगन्ज मा 2 दिनमा डेलिभरी,benign,benign,ne,li,nav,[TAG=li] [ROLE=nav] वीरगन्ज मा 2 दिनमा डेलिभरी,benign:ne:63,synthetic_v1,0,0,0,0,0,0,0,1
Nykaa return policy: 1 days,benign,benign,en,li,nav,[TAG=li] [ROLE=nav] Nykaa return policy: 1 days,benign:en:66,synthetic_v1,0,0,0,0,0,0,0,1
"लखनऊ में स्टॉक में, 5 दिन में शिप",benign,benign,hi,span,label,"[TAG=span] [ROLE=label] लखनऊ में स्टॉक में, 5 दिन में शिप",benign:hi:76,synthetic_v1,0,0,0,0,0,0,0,1
"बिक्रेता: काव्या स्टोर, इटहरी",benign,benign,ne,a,nav,"[TAG=a] [ROLE=nav] बिक्रेता: काव्या स्टोर, इटहरी",benign:ne:64,synthetic_v1,0,0,0,0,0,0,0,1
"sunglasses — 889 reviews, Jaipur warehouse",benign,benign,en,p,body,"[TAG=p] [ROLE=body] sunglasses — 889 reviews, Jaipur warehouse",benign:en:73,synthetic_v1,0,0,0,0,0,0,0,1
Price: Rs. 149,benign,benign,en,button,cta,[TAG=button] [ROLE=cta] Price: Rs. 149,benign:en:45,synthetic_v1,0,0,0,0,0,0,0,1
Meesho return policy: 8 days,benign,benign,en,li,nav,[TAG=li] [ROLE=nav] Meesho return policy: 8 days,benign:en:66,synthetic_v1,0,0,0,0,0,0,0,1
Ajio पर कॉफी मेकर — रु. 699,benign,benign,hi,span,label,[TAG=span] [ROLE=label] Ajio पर कॉफी मेकर — रु. 699,benign:hi:62,synthetic_v1,0,0,0,0,0,0,0,1
Thulo फिर्ता नीति: 7 दिन,benign,benign,ne,span,label,[TAG=span] [ROLE=label] Thulo फिर्ता नीति: 7 दिन,benign:ne:65,synthetic_v1,0,0,0,0,0,0,0,1
HamroBazar मा प्रोटिन पाउडर खोज्नुहोस्,benign,benign,ne,h2,heading,[TAG=h2] [ROLE=heading] HamroBazar मा प्रोटिन पाउडर खोज्नुहोस्,benign:ne:66,synthetic_v1,0,0,0,0,0,0,0,1
"Seller: Bikash Traders, Jaipur",benign,benign,en,li,nav,"[TAG=li] [ROLE=nav] Seller: Bikash Traders, Jaipur",benign:en:49,synthetic_v1,0,0,0,0,0,0,0,1
स्पोर्ट्स सैंडल के लिए साइज़ गाइड,benign,benign,hi,li,nav,[TAG=li] [ROLE=nav] स्पोर्ट्स सैंडल के लिए साइज़ गाइड,benign:hi:05,synthetic_v1,0,0,0,0,0,0,0,1
ट्रेकिङ ज्याकेट मा रु. 999 बाट EMI,benign,benign,ne,p,body,[TAG=p] [ROLE=body] ट्रेकिङ ज्याकेट मा रु. 999 बाट EMI,benign:ne:74,synthetic_v1,0,0,0,0,0,0,0,1
Tata Cliq रिटर्न नीति: 7 दिन,benign,benign,hi,span,label,[TAG=span] [ROLE=label] Tata Cliq रिटर्न नीति: 7 दिन,benign:hi:65,synthetic_v1,0,0,0,0,0,0,0,1
"विक्रेता: मीरा ट्रेडर्स, सूरत",benign,benign,hi,span,label,"[TAG=span] [ROLE=label] विक्रेता: मीरा ट्रेडर्स, सूरत",benign:hi:48,synthetic_v1,0,0,0,0,0,0,0,1
Kinbech पर स्मार्टवॉच की कीमतों की तुलना करें,benign,benign,hi,label,form,[TAG=label] [ROLE=form] Kinbech पर स्मार्टवॉच की कीमतों की तुलना करें,benign:hi:73,synthetic_v1,0,0,0,0,0,0,0,1
"In stock in Delhi, ships in 3 days",benign,benign,en,li,nav,"[TAG=li] [ROLE=nav] In stock in Delhi, ships in 3 days",benign:en:77,synthetic_v1,0,0,0,0,0,0,0,1
Cash on delivery available in Indore,benign,benign,en,p,body,[TAG=p] [ROLE=body] Cash on delivery available in Indore,benign:en:09,synthetic_v1,0,0,0,0,0,0,0,1
OkDam पर कॉफी मेकर पर 70% छूट,benign,benign,hi,label,form,[TAG=label] [ROLE=form] OkDam पर कॉफी मेकर पर 70% छूट,benign:hi:70,synthetic_v1,0,0,0,0,0,0,0,1
JioMart मा स्पोर्ट्स चप्पल खोज्नुहोस्,benign,benign,ne,p,body,[TAG=p] [ROLE=body] JioMart मा स्पोर्ट्स चप्पल खोज्नुहोस्,benign:ne:66,synthetic_v1,0,0,0,0,0,0,0,1
BigBasket मा राइस कुकर खोज्नुहोस्,benign,benign,ne,button,cta,[TAG=button] [ROLE=cta] BigBasket मा राइस कुकर खोज्नुहोस्,benign:ne:66,synthetic_v1,0,0,0,0,0,0,0,1
Customer reviews (766),benign,benign,en,p,body,[TAG=p] [ROLE=body] Customer reviews (766),benign:en:03,synthetic_v1,0,0,0,0,0,0,0,1
Meesho customer care: our helpline,benign,benign,en,p,body,[TAG=p] [ROLE=body] Meesho customer care: our helpline,benign:en:76,synthetic_v1,0,0,0,0,0,0,0,1
वारेन्टी: 1 वर्ष,benign,benign,ne,label,form,[TAG=label] [ROLE=form] वारेन्टी: 1 वर्ष,benign:ne:36,synthetic_v1,0,0,0,0,0,0,0,1
"Sold by Aarav Store, Pokhara",benign,benign,en,h2,heading,"[TAG=h2] [ROLE=heading] Sold by Aarav Store, Pokhara",benign:en:65,synthetic_v1,0,0,0,0,0,0,0,1
"1,024 लोगों ने हेयर ड्रायर को रेट किया",benign,benign,hi,span,label,"[TAG=span] [ROLE=label] 1,024 लोगों ने हेयर ड्रायर को रेट किया",benign:hi:67,synthetic_v1,0,0,0,0,0,0,0,1
View all electric kettle,benign,benign,en,h2,heading,[TAG=h2] [ROLE=heading] View all electric kettle,benign:en:20,synthetic_v1,0,0,0,0,0,0,0,1
Zepto मा डेनिम जिन्स खोज्नुहोस्,benign,benign,ne,span,label,[TAG=span] [ROLE=label] Zepto मा डेनिम जिन्स खोज्नुहोस्,benign:ne:66,synthetic_v1,0,0,0,0,0,0,0,1
"गेमिंग माउस — 3,109 समीक्षाएँ, जयपुर गोदाम",benign,benign,hi,span,label,"[TAG=span] [ROLE=label] गेमिंग माउस — 3,109 समीक्षाएँ, जयपुर गोदाम",benign:hi:72,synthetic_v1,0,0,0,0,0,0,0,1
EMI options available from Rs. 699/month,benign,benign,en,li,nav,[TAG=li] [ROLE=nav] EMI options available from Rs. 699/month,benign:en:34,synthetic_v1,0,0,0,0,0,0,0,1
Daraz पर गेमिंग माउस खोजें,benign,benign,hi,span,label,[TAG=span] [ROLE=label] Daraz पर गेमिंग माउस खोजें,benign:hi:66,synthetic_v1,0,0,0,0,0,0,0,1
Shipping to Patna: Rs. 199,benign,benign,en,label,form,[TAG=label] [ROLE=form] Shipping to Patna: Rs. 199,benign:en:72,synthetic_v1,0,0,0,0,0,0,0,1
"बिक्रेता: दीपा स्टोर, बाँके",benign,benign,ne,li,nav,"[TAG=li] [ROLE=nav] बिक्रेता: दीपा स्टोर, बाँके",benign:ne:64,synthetic_v1,0,0,0,0,0,0,0,1
OkDam ग्राहक सेवा: हाम्रो Facebook पेज,benign,benign,ne,li,nav,[TAG=li] [ROLE=nav] OkDam ग्राहक सेवा: हाम्रो Facebook पेज,benign:ne:75,synthetic_v1,0,0,0,0,0,0,0,1
प्रोटिन पाउडर कार्टमा राख्नुहोस्,benign,benign,ne,a,nav,[TAG=a] [ROLE=nav] प्रोटिन पाउडर कार्टमा राख्नुहोस्,benign:ne:00,synthetic_v1,0,0,0,0,0,0,0,1
रु. 349/महिनाबाट EMI विकल्प,benign,benign,ne,button,cta,[TAG=button] [ROLE=cta] रु. 349/महिनाबाट EMI विकल्प,benign:ne:34,synthetic_v1,0,0,0,0,0,0,0,1
Cancel your Salesberry order from My Orders,benign,benign,en,a,nav,[TAG=a] [ROLE=nav] Cancel your Salesberry order from My Orders,benign:en:69,synthetic_v1,0,0,0,0,0,0,0,1
"जनकपुर मा स्टकमा, 4 दिनमा पठाइन्छ",benign,benign,ne,p,body,"[TAG=p] [ROLE=body] जनकपुर मा स्टकमा, 4 दिनमा पठाइन्छ",benign:ne:76,synthetic_v1,0,0,0,0,0,0,0,1
"Sold by Arjun Store, Pune",benign,benign,en,h2,heading,"[TAG=h2] [ROLE=heading] Sold by Arjun Store, Pune",benign:en:65,synthetic_v1,0,0,0,0,0,0,0,1
Myntra मा ल्यापटप ब्याग मा 80% छुट,benign,benign,ne,p,body,[TAG=p] [ROLE=body] Myntra मा ल्यापटप ब्याग मा 80% छुट,benign:ne:70,synthetic_v1,0,0,0,0,0,0,0,1
ग्राहक समीक्षा (312),benign,benign,ne,label,form,[TAG=label] [ROLE=form] ग्राहक समीक्षा (312),benign:ne:03,synthetic_v1,0,0,0,0,0,0,0,1
Reliance Digital मा वायरलेस इयरबड्स खोज्नुहोस्,benign,benign,ne,li,nav,[TAG=li] [ROLE=nav] Reliance Digital मा वायरलेस इयरबड्स खोज्नुहोस्,benign:ne:66,synthetic_v1,0,0,0,0,0,0,0,1
"1,502 इकाई बिकीं",benign,benign,hi,h2,heading,"[TAG=h2] [ROLE=heading] 1,502 इकाई बिकीं",benign:hi:47,synthetic_v1,0,0,0,0,0,0,0,1
Search for bluetooth speaker,benign,benign,en,li,nav,[TAG=li] [ROLE=nav] Search for bluetooth speaker,benign:en:14,synthetic_v1,0,0,0,0,0,0,0,1
मेरो अर्डरबाट Muncha अर्डर रद्द गर्नुहोस्,benign,benign,ne,label,form,[TAG=label] [ROLE=form] मेरो अर्डरबाट Muncha अर्डर रद्द गर्नुहोस्,benign:ne:68,synthetic_v1,0,0,0,0,0,0,0,1
EMI from Rs. 799 on coffee maker,benign,benign,en,button,cta,[TAG=button] [ROLE=cta] EMI from Rs. 799 on coffee maker,benign:en:75,synthetic_v1,0,0,0,0,0,0,0,1
Exchange offer up to Rs. 599,benign,benign,en,p,body,[TAG=p] [ROLE=body] Exchange offer up to Rs. 599,benign:en:35,synthetic_v1,0,0,0,0,0,0,0,1
धूप का चश्मा उपलब्ध होने पर सूचित करें,benign,benign,hi,li,nav,[TAG=li] [ROLE=nav] धूप का चश्मा उपलब्ध होने पर सूचित करें,benign:hi:33,synthetic_v1,0,0,0,0,0,0,0,1
Daraz मा स्कुल ब्याग मूल्य तुलना गर्नुहोस्,benign,benign,ne,p,body,[TAG=p] [ROLE=body] Daraz मा स्कुल ब्याग मूल्य तुलना गर्नुहोस्,benign:ne:73,synthetic_v1,0,0,0,0,0,0,0,1
Kinbech रिटर्न नीति: 9 दिन,benign,benign,hi,button,cta,[TAG=button] [ROLE=cta] Kinbech रिटर्न नीति: 9 दिन,benign:hi:65,synthetic_v1,0,0,0,0,0,0,0,1
BigBasket return policy: 9 days,benign,benign,en,span,label,[TAG=span] [ROLE=label] BigBasket return policy: 9 days,benign:en:66,synthetic_v1,0,0,0,0,0,0,0,1
Unsubscribe from Flipkart emails in one click,benign,benign,en,h2,heading,[TAG=h2] [ROLE=heading] Unsubscribe from Flipkart emails in one click,benign:en:70,synthetic_v1,0,0,0,0,0,0,0,1
Salesberry मा स्मार्टवाच — रु. 999,benign,benign,ne,p,body,[TAG=p] [ROLE=body] Salesberry मा स्मार्टवाच — रु. 999,benign:ne:62,synthetic_v1,0,0,0,0,0,0,0,1
लखनऊ में 14 दिन में डिलीवरी,benign,benign,hi,button,cta,[TAG=button] [ROLE=cta] लखनऊ में 14 दिन में डिलीवरी,benign:hi:63,synthetic_v1,0,0,0,0,0,0,0,1
सर्दी का कंबल कार्ट में जोड़ें,benign,benign,hi,a,nav,[TAG=a] [ROLE=nav] सर्दी का कंबल कार्ट में जोड़ें,benign:hi:00,synthetic_v1,0,0,0,0,0,0,0,1
भोपाल में 7 दिन में डिलीवरी,benign,benign,hi,label,form,[TAG=label] [ROLE=form] भोपाल में 7 दिन में डिलीवरी,benign:hi:63,synthetic_v1,0,0,0,0,0,0,0,1
"4,265 verified reviews",benign,benign,en,p,body,"[TAG=p] [ROLE=body] 4,265 verified reviews",benign:en:23,synthetic_v1,0,0,0,0,0,0,0,1
View all trekking jacket,benign,benign,en,h2,heading,[TAG=h2] [ROLE=heading] View all trekking jacket,benign:en:20,synthetic_v1,0,0,0,0,0,0,0,1
ऑफिस चेयर कार्ट में जोड़ें,benign,benign,hi,a,nav,[TAG=a] [ROLE=nav] ऑफिस चेयर कार्ट में जोड़ें,benign:hi:00,synthetic_v1,0,0,0,0,0,0,0,1
Shipping to Bhaktapur: Rs. 149,benign,benign,en,button,cta,[TAG=button] [ROLE=cta] Shipping to Bhaktapur: Rs. 149,benign:en:72,synthetic_v1,0,0,0,0,0,0,0,1
मेरो अर्डरबाट Myntra अर्डर रद्द गर्नुहोस्,benign,benign,ne,button,cta,[TAG=button] [ROLE=cta] मेरो अर्डरबाट Myntra अर्डर रद्द गर्नुहोस्,benign:ne:68,synthetic_v1,0,0,0,0,0,0,0,1
"बेंगलुरु में स्टॉक में, 3 दिन में शिप",benign,benign,hi,h2,heading,"[TAG=h2] [ROLE=heading] बेंगलुरु में स्टॉक में, 3 दिन में शिप",benign:hi:76,synthetic_v1,0,0,0,0,0,0,0,1
Cancel your Flipkart order from My Orders,benign,benign,en,h2,heading,[TAG=h2] [ROLE=heading] Cancel your Flipkart order from My Orders,benign:en:69,synthetic_v1,0,0,0,0,0,0,0,1
"Price: Rs. 1,199",benign,benign,en,label,form,"[TAG=label] [ROLE=form] Price: Rs. 1,199",benign:en:45,synthetic_v1,0,0,0,0,0,0,0,1
"In stock in Bengaluru, ships in 2 days",benign,benign,en,label,form,"[TAG=label] [ROLE=form] In stock in Bengaluru, ships in 2 days",benign:en:77,synthetic_v1,0,0,0,0,0,0,0,1
"बिक्रेता: आरव ट्रेडर्स, सुर्खेत",benign,benign,ne,h2,heading,"[TAG=h2] [ROLE=heading] बिक्रेता: आरव ट्रेडर्स, सुर्खेत",benign:ne:48,synthetic_v1,0,0,0,0,0,0,0,1
"नागपुर में स्टॉक में, 2 दिन में शिप",benign,benign,hi,button,cta,"[TAG=button] [ROLE=cta] नागपुर में स्टॉक में, 2 दिन में शिप",benign:hi:76,synthetic_v1,0,0,0,0,0,0,0,1
"26,940 प्रमाणित समीक्षा",benign,benign,ne,span,label,"[TAG=span] [ROLE=label] 26,940 प्रमाणित समीक्षा",benign:ne:23,synthetic_v1,0,0,0,0,0,0,0,1
सुर्खेत मा 14 दिनमा डेलिभरी,benign,benign,ne,span,label,[TAG=span] [ROLE=label] सुर्खेत मा 14 दिनमा डेलिभरी,benign:ne:63,synthetic_v1,0,0,0,0,0,0,0,1
FirstCry पर कॉफी मेकर — रु. 149,benign,benign,hi,a,nav,[TAG=a] [ROLE=nav] FirstCry पर कॉफी मेकर — रु. 149,benign:hi:62,synthetic_v1,0,0,0,0,0,0,0,1
"रु. 1,499 माथिको अर्डरमा निःशुल्क ढुवानी",benign,benign,ne,span,label,"[TAG=span] [ROLE=label] रु. 1,499 माथिको अर्डरमा निःशुल्क ढुवानी",benign:ne:01,synthetic_v1,0,0,0,0,0,0,0,1
Blinkit फिर्ता नीति: 9 दिन,benign,benign,ne,label,form,[TAG=label] [ROLE=form] Blinkit फिर्ता नीति: 9 दिन,benign:ne:65,synthetic_v1,0,0,0,0,0,0,0,1
Muncha पर हेयर ड्रायर खोजें,benign,benign,hi,span,label,[TAG=span] [ROLE=label] Muncha पर हेयर ड्रायर खोजें,benign:hi:66,synthetic_v1,0,0,0,0,0,0,0,1
312 थान बिक्री भयो,benign,benign,ne,h2,heading,[TAG=h2] [ROLE=heading] 312 थान बिक्री भयो,benign:ne:47,synthetic_v1,0,0,0,0,0,0,0,1
"ग्राहक समीक्षा (2,038)",benign,benign,ne,li,nav,"[TAG=li] [ROLE=nav] ग्राहक समीक्षा (2,038)",benign:ne:03,synthetic_v1,0,0,0,0,0,0,0,1
योगा म्याट का लागि साइज गाइड,benign,benign,ne,label,form,[TAG=label] [ROLE=form] योगा म्याट का लागि साइज गाइड,benign:ne:05,synthetic_v1,0,0,0,0,0,0,0,1
"Zepto पर सर्दी का कंबल — रु. 2,499",benign,benign,hi,button,cta,"[TAG=button] [ROLE=cta] Zepto पर सर्दी का कंबल — रु. 2,499",benign:hi:62,synthetic_v1,0,0,0,0,0,0,0,1
"विक्रेता: अर्जुन स्टोर, लखनऊ",benign,benign,hi,h2,heading,"[TAG=h2] [ROLE=heading] विक्रेता: अर्जुन स्टोर, लखनऊ",benign:hi:64,synthetic_v1,0,0,0,0,0,0,0,1
induction cooktop — Rs. 249,benign,benign,en,label,form,[TAG=label] [ROLE=form] induction cooktop — Rs. 249,benign:en:46,synthetic_v1,0,0,0,0,0,0,0,1
"26,940 थान बिक्री भयो",benign,benign,ne,button,cta,"[TAG=button] [ROLE=cta] 26,940 थान बिक्री भयो",benign:ne:47,synthetic_v1,0,0,0,0,0,0,0,1
"बिक्रेता: प्रिया स्टोर, तनहुँ",benign,benign,ne,li,nav,"[TAG=li] [ROLE=nav] बिक्रेता: प्रिया स्टोर, तनहुँ",benign:ne:64,synthetic_v1,0,0,0,0,0,0,0,1
ब्याकप्याक का लागि साइज गाइड,benign,benign,ne,button,cta,[TAG=button] [ROLE=cta] ब्याकप्याक का लागि साइज गाइड,benign:ne:05,synthetic_v1,0,0,0,0,0,0,0,1
Amazon पर एयर फ्रायर खोजें,benign,benign,hi,span,label,[TAG=span] [ROLE=label] Amazon पर एयर फ्रायर खोजें,benign:hi:66,synthetic_v1,0,0,0,0,0,0,0,1
स्मार्टवॉच पर रु. 99 से EMI,benign,benign,hi,label,form,[TAG=label] [ROLE=form] स्मार्टवॉच पर रु. 99 से EMI,benign:hi:74,synthetic_v1,0,0,0,0,0,0,0,1
Salesberry रिटर्न नीति: 9 दिन,benign,benign,hi,label,form,[TAG=label] [ROLE=form] Salesberry रिटर्न नीति: 9 दिन,benign:hi:65,synthetic_v1,0,0,0,0,0,0,0,1
Zepto ग्राहक सेवा: हमारी हेल्पलाइन,benign,benign,hi,li,nav,[TAG=li] [ROLE=nav] Zepto ग्राहक सेवा: हमारी हेल्पलाइन,benign:hi:75,synthetic_v1,0,0,0,0,0,0,0,1
"Seller: Laxmi Traders, Patna",benign,benign,en,label,form,"[TAG=label] [ROLE=form] Seller: Laxmi Traders, Patna",benign:en:49,synthetic_v1,0,0,0,0,0,0,0,1
"सूरत में स्टॉक में, 2 दिन में शिप",benign,benign,hi,label,form,"[TAG=label] [ROLE=form] सूरत में स्टॉक में, 2 दिन में शिप",benign:hi:76,synthetic_v1,0,0,0,0,0,0,0,1
"wireless earbuds — Rs. 1,199",benign,benign,en,h2,heading,"[TAG=h2] [ROLE=heading] wireless earbuds — Rs. 1,199",benign:en:46,synthetic_v1,0,0,0,0,0,0,0,1
Compare study lamp prices on Nykaa,benign,benign,en,li,nav,[TAG=li] [ROLE=nav] Compare study lamp prices on Nykaa,benign:en:74,synthetic_v1,0,0,0,0,0,0,0,1
Gyapu फिर्ता नीति: 3 दिन,benign,benign,ne,li,nav,[TAG=li] [ROLE=nav] Gyapu फिर्ता नीति: 3 दिन,benign:ne:65,synthetic_v1,0,0,0,0,0,0,0,1
"धरान मा स्टकमा, 2 दिनमा पठाइन्छ",benign,benign,ne,label,form,"[TAG=label] [ROLE=form] धरान मा स्टकमा, 2 दिनमा पठाइन्छ",benign:ne:76,synthetic_v1,0,0,0,0,0,0,0,1
"विक्रेता: अनीता स्टोर, हैदराबाद",benign,benign,hi,button,cta,"[TAG=button] [ROLE=cta] विक्रेता: अनीता स्टोर, हैदराबाद",benign:hi:64,synthetic_v1,0,0,0,0,0,0,0,1
ग्राहक समीक्षा (203),benign,benign,ne,li,nav,[TAG=li] [ROLE=nav] ग्राहक समीक्षा (203),benign:ne:03,synthetic_v1,0,0,0,0,0,0,0,1
"बिक्रेता: लक्ष्मी ट्रेडर्स, बाँके",benign,benign,ne,span,label,"[TAG=span] [ROLE=label] बिक्रेता: लक्ष्मी ट्रेडर्स, बाँके",benign:ne:48,synthetic_v1,0,0,0,0,0,0,0,1
कॉफी मेकर उपलब्ध होने पर सूचित करें,benign,benign,hi,h2,heading,[TAG=h2] [ROLE=heading] कॉफी मेकर उपलब्ध होने पर सूचित करें,benign:hi:33,synthetic_v1,0,0,0,0,0,0,0,1
"protein powder — 34,118 reviews, Mumbai warehouse",benign,benign,en,span,label,"[TAG=span] [ROLE=label] protein powder — 34,118 reviews, Mumbai warehouse",benign:en:73,synthetic_v1,0,0,0,0,0,0,0,1
राइस कुकर पर रु. 299 से EMI,benign,benign,hi,li,nav,[TAG=li] [ROLE=nav] राइस कुकर पर रु. 299 से EMI,benign:hi:74,synthetic_v1,0,0,0,0,0,0,0,1
"cotton kurta — 34,118 reviews, Surat warehouse",benign,benign,en,li,nav,"[TAG=li] [ROLE=nav] cotton kurta — 34,118 reviews, Surat warehouse",benign:en:73,synthetic_v1,0,0,0,0,0,0,0,1
889 जनाले ल्यापटप ब्याग मूल्याङ्कन गरे,benign,benign,ne,span,label,[TAG=span] [ROLE=label] 889 जनाले ल्यापटप ब्याग मूल्याङ्कन गरे,benign:ne:67,synthetic_v1,0,0,0,0,0,0,0,1
बाँके ढुवानी: रु. 299,benign,benign,ne,li,nav,[TAG=li] [ROLE=nav] बाँके ढुवानी: रु. 299,benign:ne:71,synthetic_v1,0,0,0,0,0,0,0,1
पावर ब्यांक मा रु. 99 बाट EMI,benign,benign,ne,button,cta,[TAG=button] [ROLE=cta] पावर ब्यांक मा रु. 99 बाट EMI,benign:ne:74,synthetic_v1,0,0,0,0,0,0,0,1
