text,labels,primary_label,lang,tag,role,model_input,template_id,source,y_confirmshaming,y_false_urgency,y_forced_action,y_obstruction,y_scarcity,y_sneaking,y_social_proof,y_benign
ऑटो-रिन्यूअल बंद करने के लिए 3 दिन में हमारा ईमेल डेस्क से संपर्क करें,obstruction,obstruction,hi,p,help_text,[TAG=p] [ROLE=help_text] ऑटो-रिन्यूअल बंद करने के लिए 3 दिन में हमारा ईमेल डेस्क से संपर्क करें,obstruction:hi:21,synthetic_v1,0,0,0,1,0,0,0,0
"To stop auto-renewal, contact our helpline within 7 days",obstruction,obstruction,en,a,support_link,"[TAG=a] [ROLE=support_link] To stop auto-renewal, contact our helpline within 7 days",obstruction:en:21,synthetic_v1,0,0,0,1,0,0,0,0
डेनिम जिन्स अर्डरबाट हटाउन हाम्रो सपोर्ट नम्बर मा सम्पर्क गर्नुहोस्,obstruction,obstruction,ne,div,modal_text,[TAG=div] [ROLE=modal_text] डेनिम जिन्स अर्डरबाट हटाउन हाम्रो सपोर्ट नम्बर मा सम्पर्क गर्नुहोस्,obstruction:ne:19,synthetic_v1,0,0,0,1,0,0,0,0
"To cancel your Lenskart order, contact our support line",obstruction,obstruction,en,a,support_link,"[TAG=a] [ROLE=support_link] To cancel your Lenskart order, contact our support line",obstruction:en:15,synthetic_v1,0,0,0,1,0,0,0,0
डेनिम जिन्स सट्टा अनुरोध हाम्रो इमेल डेस्क बाट मात्र हुन्छ,obstruction,obstruction,ne,div,modal_text,[TAG=div] [ROLE=modal_text] डेनिम जिन्स सट्टा अनुरोध हाम्रो इमेल डेस्क बाट मात्र हुन्छ,obstruction:ne:25,synthetic_v1,0,0,0,1,0,0,0,0
Meesho अर्डर रद्द गर्न लाइभ च्याट मा सम्पर्क गर्नुहोस्,obstruction,obstruction,ne,a,support_link,[TAG=a] [ROLE=support_link] Meesho अर्डर रद्द गर्न लाइभ च्याट मा सम्पर्क गर्नुहोस्,obstruction:ne:15,synthetic_v1,0,0,0,1,0,0,0,0
"To close your Amazon account, write to our Facebook page",obstruction,obstruction,en,a,support_link,"[TAG=a] [ROLE=support_link] To close your Amazon account, write to our Facebook page",obstruction:en:17,synthetic_v1,0,0,0,1,0,0,0,0
Returning bluetooth speaker? Please call our Facebook page first,obstruction,obstruction,en,a,support_link,[TAG=a] [ROLE=support_link] Returning bluetooth speaker? Please call our Facebook page first,obstruction:en:22,synthetic_v1,0,0,0,1,0,0,0,0
Returning rice cooker? Please call our WhatsApp number first,obstruction,obstruction,en,div,modal_text,[TAG=div] [ROLE=modal_text] Returning rice cooker? Please call our WhatsApp number first,obstruction:en:22,synthetic_v1,0,0,0,1,0,0,0,0
फोन कवर को ऑर्डर से हटाने के लिए हमारा WhatsApp नंबर से संपर्क करें,obstruction,obstruction,hi,div,modal_text,[TAG=div] [ROLE=modal_text] फोन कवर को ऑर्डर से हटाने के लिए हमारा WhatsApp नंबर से संपर्क करें,obstruction:hi:19,synthetic_v1,0,0,0,1,0,0,0,0
Ajio रद्दीकरणका लागि कल सेन्टर बाट प्रमाणीकरण आवश्यक छ,obstruction,obstruction,ne,a,support_link,[TAG=a] [ROLE=support_link] Ajio रद्दीकरणका लागि कल सेन्टर बाट प्रमाणीकरण आवश्यक छ,obstruction:ne:20,synthetic_v1,0,0,0,1,0,0,0,0
पानी की बोतल एक्सचेंज अनुरोध केवल हमारी हेल्पलाइन से होगा,obstruction,obstruction,hi,p,help_text,[TAG=p] [ROLE=help_text] पानी की बोतल एक्सचेंज अनुरोध केवल हमारी हेल्पलाइन से होगा,obstruction:hi:25,synthetic_v1,0,0,0,1,0,0,0,0
Salesberry मा सदस्यता परिवर्तन लाइभ च्याट बाट मात्र सम्भव छ,obstruction,obstruction,ne,div,modal_text,[TAG=div] [ROLE=modal_text] Salesberry मा सदस्यता परिवर्तन लाइभ च्याट बाट मात्र सम्भव छ,obstruction:ne:18,synthetic_v1,0,0,0,1,0,0,0,0
Pepperfry डेटा हटाने के लिए हमारा Viber सपोर्ट को लिखित अनुरोध भेजें,obstruction,obstruction,hi,a,support_link,[TAG=a] [ROLE=support_link] Pepperfry डेटा हटाने के लिए हमारा Viber सपोर्ट को लिखित अनुरोध भेजें,obstruction:hi:24,synthetic_v1,0,0,0,1,0,0,0,0
ब्याकप्याक को रिफन्ड हाम्रो इमेल डेस्क मार्फत मात्र माग्नुहोस्,obstruction,obstruction,ne,div,modal_text,[TAG=div] [ROLE=modal_text] ब्याकप्याक को रिफन्ड हाम्रो इमेल डेस्क मार्फत मात्र माग्नुहोस्,obstruction:ne:16,synthetic_v1,0,0,0,1,0,0,0,0
Reach our Facebook page to remove cotton kurta from your order,obstruction,obstruction,en,a,support_link,[TAG=a] [ROLE=support_link] Reach our Facebook page to remove cotton kurta from your order,obstruction:en:19,synthetic_v1,0,0,0,1,0,0,0,0
Myntra रिफन्डका लागि हाम्रो इमेल डेस्क को स्वीकृति चाहिन्छ,obstruction,obstruction,ne,a,support_link,[TAG=a] [ROLE=support_link] Myntra रिफन्डका लागि हाम्रो इमेल डेस्क को स्वीकृति चाहिन्छ,obstruction:ne:23,synthetic_v1,0,0,0,1,0,0,0,0
"To cancel your Snapdeal order, contact our helpline",obstruction,obstruction,en,p,help_text,"[TAG=p] [ROLE=help_text] To cancel your Snapdeal order, contact our helpline",obstruction:en:15,synthetic_v1,0,0,0,1,0,0,0,0
"To stop auto-renewal, contact our Facebook page within 5 days",obstruction,obstruction,en,p,help_text,"[TAG=p] [ROLE=help_text] To stop auto-renewal, contact our Facebook page within 5 days",obstruction:en:21,synthetic_v1,0,0,0,1,0,0,0,0
Gyapu पर सब्सक्रिप्शन बदलाव केवल हमारा Viber सपोर्ट से संभव है,obstruction,obstruction,hi,p,help_text,[TAG=p] [ROLE=help_text] Gyapu पर सब्सक्रिप्शन बदलाव केवल हमारा Viber सपोर्ट से संभव है,obstruction:hi:18,synthetic_v1,0,0,0,1,0,0,0,0
स्मार्टवाच को रिफन्ड लाइभ च्याट मार्फत मात्र माग्नुहोस्,obstruction,obstruction,ne,a,support_link,[TAG=a] [ROLE=support_link] स्मार्टवाच को रिफन्ड लाइभ च्याट मार्फत मात्र माग्नुहोस्,obstruction:ne:16,synthetic_v1,0,0,0,1,0,0,0,0
Salesberry डेटा हटाने के लिए हमारा Facebook पेज को लिखित अनुरोध भेजें,obstruction,obstruction,hi,div,modal_text,[TAG=div] [ROLE=modal_text] Salesberry डेटा हटाने के लिए हमारा Facebook पेज को लिखित अनुरोध भेजें,obstruction:hi:24,synthetic_v1,0,0,0,1,0,0,0,0
प्लान बदलने के लिए डेस्कटॉप साइट पर जाएं,obstruction,obstruction,hi,a,support_link,[TAG=a] [ROLE=support_link] प्लान बदलने के लिए डेस्कटॉप साइट पर जाएं,obstruction:hi:09,synthetic_v1,0,0,0,1,0,0,0,0
Salesberry डेटा हटाने के लिए लाइव चैट को लिखित अनुरोध भेजें,obstruction,obstruction,hi,div,modal_text,[TAG=div] [ROLE=modal_text] Salesberry डेटा हटाने के लिए लाइव चैट को लिखित अनुरोध भेजें,obstruction:hi:24,synthetic_v1,0,0,0,1,0,0,0,0
"To downgrade, submit a request from the Kolkata office portal",obstruction,obstruction,en,div,modal_text,"[TAG=div] [ROLE=modal_text] To downgrade, submit a request from the Kolkata office portal",obstruction:en:12,synthetic_v1,0,0,0,1,0,0,0,0
Kinbech खाता बन्द गर्न लाइभ च्याट लाई लेख्नुहोस्,obstruction,obstruction,ne,a,support_link,[TAG=a] [ROLE=support_link] Kinbech खाता बन्द गर्न लाइभ च्याट लाई लेख्नुहोस्,obstruction:ne:17,synthetic_v1,0,0,0,1,0,0,0,0
वायरलेस ईयरबड्स लौटाना है? पहले हमारा Viber सपोर्ट पर कॉल करें,obstruction,obstruction,hi,a,support_link,[TAG=a] [ROLE=support_link] वायरलेस ईयरबड्स लौटाना है? पहले हमारा Viber सपोर्ट पर कॉल करें,obstruction:hi:22,synthetic_v1,0,0,0,1,0,0,0,0
Refunds for denim jeans must be requested through our Viber support,obstruction,obstruction,en,div,modal_text,[TAG=div] [ROLE=modal_text] Refunds for denim jeans must be requested through our Viber support,obstruction:en:16,synthetic_v1,0,0,0,1,0,0,0,0
ब्याकप्याक अर्डरबाट हटाउन हाम्रो Viber सपोर्ट मा सम्पर्क गर्नुहोस्,obstruction,obstruction,ne,p,help_text,[TAG=p] [ROLE=help_text] ब्याकप्याक अर्डरबाट हटाउन हाम्रो Viber सपोर्ट मा सम्पर्क गर्नुहोस्,obstruction:ne:19,synthetic_v1,0,0,0,1,0,0,0,0
Reliance Digital खाता बंद करने के लिए हमारी हेल्पलाइन को लिखें,obstruction,obstruction,hi,a,support_link,[TAG=a] [ROLE=support_link] Reliance Digital खाता बंद करने के लिए हमारी हेल्पलाइन को लिखें,obstruction:hi:17,synthetic_v1,0,0,0,1,0,0,0,0
Flipkart डाटा हटाउन हाम्रो हेल्पलाइन लाई लिखित अनुरोध पठाउनुहोस्,obstruction,obstruction,ne,a,support_link,[TAG=a] [ROLE=support_link] Flipkart डाटा हटाउन हाम्रो हेल्पलाइन लाई लिखित अनुरोध पठाउनुहोस्,obstruction:ne:24,synthetic_v1,0,0,0,1,0,0,0,0
"To close your Meesho account, write to the call centre",obstruction,obstruction,en,div,modal_text,"[TAG=div] [ROLE=modal_text] To close your Meesho account, write to the call centre",obstruction:en:17,synthetic_v1,0,0,0,1,0,0,0,0
Salesberry रिफंड के लिए हमारा सपोर्ट नंबर की मंज़ूरी चाहिए,obstruction,obstruction,hi,a,support_link,[TAG=a] [ROLE=support_link] Salesberry रिफंड के लिए हमारा सपोर्ट नंबर की मंज़ूरी चाहिए,obstruction:hi:23,synthetic_v1,0,0,0,1,0,0,0,0
Please contact us within 4 business days to cancel,obstruction,obstruction,en,a,support_link,[TAG=a] [ROLE=support_link] Please contact us within 4 business days to cancel,obstruction:en:05,synthetic_v1,0,0,0,1,0,0,0,0
स्कूल बैग लौटाना है? पहले हमारा ईमेल डेस्क पर कॉल करें,obstruction,obstruction,hi,div,modal_text,[TAG=div] [ROLE=modal_text] स्कूल बैग लौटाना है? पहले हमारा ईमेल डेस्क पर कॉल करें,obstruction:hi:22,synthetic_v1,0,0,0,1,0,0,0,0
"To cancel your Meesho order, contact our Facebook page",obstruction,obstruction,en,a,support_link,"[TAG=a] [ROLE=support_link] To cancel your Meesho order, contact our Facebook page",obstruction:en:15,synthetic_v1,0,0,0,1,0,0,0,0
फिर्ता अनुरोध 4 दिनभित्र फोनबाट गर्नुपर्छ,obstruction,obstruction,ne,a,support_link,[TAG=a] [ROLE=support_link] फिर्ता अनुरोध 4 दिनभित्र फोनबाट गर्नुपर्छ,obstruction:ne:13,synthetic_v1,0,0,0,1,0,0,0,0
"To stop auto-renewal, contact our Facebook page within 1 days",obstruction,obstruction,en,div,modal_text,"[TAG=div] [ROLE=modal_text] To stop auto-renewal, contact our Facebook page within 1 days",obstruction:en:21,synthetic_v1,0,0,0,1,0,0,0,0
Meesho रिफन्डका लागि हाम्रो Facebook पेज को स्वीकृति चाहिन्छ,obstruction,obstruction,ne,div,modal_text,[TAG=div] [ROLE=modal_text] Meesho रिफन्डका लागि हाम्रो Facebook पेज को स्वीकृति चाहिन्छ,obstruction:ne:23,synthetic_v1,0,0,0,1,0,0,0,0
Subscription changes at BigBasket are only possible via our WhatsApp number,obstruction,obstruction,en,a,support_link,[TAG=a] [ROLE=support_link] Subscription changes at BigBasket are only possible via our WhatsApp number,obstruction:en:18,synthetic_v1,0,0,0,1,0,0,0,0
Muncha cancellations require verification through live chat,obstruction,obstruction,en,div,modal_text,[TAG=div] [ROLE=modal_text] Muncha cancellations require verification through live chat,obstruction:en:20,synthetic_v1,0,0,0,1,0,0,0,0
noise cancelling headphones exchange requests go through live chat only,obstruction,obstruction,en,a,support_link,[TAG=a] [ROLE=support_link] noise cancelling headphones exchange requests go through live chat only,obstruction:en:25,synthetic_v1,0,0,0,1,0,0,0,0
power bank exchange requests go through live chat only,obstruction,obstruction,en,p,help_text,[TAG=p] [ROLE=help_text] power bank exchange requests go through live chat only,obstruction:en:25,synthetic_v1,0,0,0,1,0,0,0,0
Muncha रिफन्डका लागि हाम्रो Facebook पेज को स्वीकृति चाहिन्छ,obstruction,obstruction,ne,p,help_text,[TAG=p] [ROLE=help_text] Muncha रिफन्डका लागि हाम्रो Facebook पेज को स्वीकृति चाहिन्छ,obstruction:ne:23,synthetic_v1,0,0,0,1,0,0,0,0
"To stop auto-renewal, contact live chat within 7 days",obstruction,obstruction,en,a,support_link,"[TAG=a] [ROLE=support_link] To stop auto-renewal, contact live chat within 7 days",obstruction:en:21,synthetic_v1,0,0,0,1,0,0,0,0
Are you sure? Continue to step 3 to cancel,obstruction,obstruction,en,p,help_text,[TAG=p] [ROLE=help_text] Are you sure? Continue to step 3 to cancel,obstruction:en:10,synthetic_v1,0,0,0,1,0,0,0,0
Your Muncha refund needs approval from our email desk,obstruction,obstruction,en,div,modal_text,[TAG=div] [ROLE=modal_text] Your Muncha refund needs approval from our email desk,obstruction:en:23,synthetic_v1,0,0,0,1,0,0,0,0
JioMart मा सदस्यता परिवर्तन कल सेन्टर बाट मात्र सम्भव छ,obstruction,obstruction,ne,p,help_text,[TAG=p] [ROLE=help_text] JioMart मा सदस्यता परिवर्तन कल सेन्टर बाट मात्र सम्भव छ,obstruction:ne:18,synthetic_v1,0,0,0,1,0,0,0,0
Lenskart खाता बंद करने के लिए कॉल सेंटर को लिखें,obstruction,obstruction,hi,p,help_text,[TAG=p] [ROLE=help_text] Lenskart खाता बंद करने के लिए कॉल सेंटर को लिखें,obstruction:hi:17,synthetic_v1,0,0,0,1,0,0,0,0
रद्द करने के लिए 6 कार्यदिवस में संपर्क करें,obstruction,obstruction,hi,div,modal_text,[TAG=div] [ROLE=modal_text] रद्द करने के लिए 6 कार्यदिवस में संपर्क करें,obstruction:hi:05,synthetic_v1,0,0,0,1,0,0,0,0
कॉफी मेकर का रिफंड हमारी हेल्पलाइन के ज़रिये ही मांगें,obstruction,obstruction,hi,p,help_text,[TAG=p] [ROLE=help_text] कॉफी मेकर का रिफंड हमारी हेल्पलाइन के ज़रिये ही मांगें,obstruction:hi:16,synthetic_v1,0,0,0,1,0,0,0,0
"To cancel your Croma order, contact our email desk",obstruction,obstruction,en,div,modal_text,"[TAG=div] [ROLE=modal_text] To cancel your Croma order, contact our email desk",obstruction:en:15,synthetic_v1,0,0,0,1,0,0,0,0
Meesho डाटा हटाउन हाम्रो Facebook पेज लाई लिखित अनुरोध पठाउनुहोस्,obstruction,obstruction,ne,a,support_link,[TAG=a] [ROLE=support_link] Meesho डाटा हटाउन हाम्रो Facebook पेज लाई लिखित अनुरोध पठाउनुहोस्,obstruction:ne:24,synthetic_v1,0,0,0,1,0,0,0,0
Your Pepperfry refund needs approval from the call centre,obstruction,obstruction,en,div,modal_text,[TAG=div] [ROLE=modal_text] Your Pepperfry refund needs approval from the call centre,obstruction:en:23,synthetic_v1,0,0,0,1,0,0,0,0
Kinbech मा सदस्यता परिवर्तन कल सेन्टर बाट मात्र सम्भव छ,obstruction,obstruction,ne,div,modal_text,[TAG=div] [ROLE=modal_text] Kinbech मा सदस्यता परिवर्तन कल सेन्टर बाट मात्र सम्भव छ,obstruction:ne:18,synthetic_v1,0,0,0,1,0,0,0,0
Blinkit cancellations require verification through our email desk,obstruction,obstruction,en,div,modal_text,[TAG=div] [ROLE=modal_text] Blinkit cancellations require verification through our email desk,obstruction:en:20,synthetic_v1,0,0,0,1,0,0,0,0
घामको चस्मा अर्डरबाट हटाउन हाम्रो इमेल डेस्क मा सम्पर्क गर्नुहोस्,obstruction,obstruction,ne,a,support_link,[TAG=a] [ROLE=support_link] घामको चस्मा अर्डरबाट हटाउन हाम्रो इमेल डेस्क मा सम्पर्क गर्नुहोस्,obstruction:ne:19,synthetic_v1,0,0,0,1,0,0,0,0
"To downgrade your Pro plan at Tata Cliq, contact our Facebook page",obstruction,obstruction,en,p,help_text,"[TAG=p] [ROLE=help_text] To downgrade your Pro plan at Tata Cliq, contact our Facebook page",obstruction:en:26,synthetic_v1,0,0,0,1,0,0,0,0
ऑटो-रिन्यूअल बंद करने के लिए 1 दिन में हमारा सपोर्ट नंबर से संपर्क करें,obstruction,obstruction,hi,div,modal_text,[TAG=div] [ROLE=modal_text] ऑटो-रिन्यूअल बंद करने के लिए 1 दिन में हमारा सपोर्ट नंबर से संपर्क करें,obstruction:hi:21,synthetic_v1,0,0,0,1,0,0,0,0
डेनिम जींस लौटाना है? पहले हमारा Facebook पेज पर कॉल करें,obstruction,obstruction,hi,p,help_text,[TAG=p] [ROLE=help_text] डेनिम जींस लौटाना है? पहले हमारा Facebook पेज पर कॉल करें,obstruction:hi:22,synthetic_v1,0,0,0,1,0,0,0,0
OkDam खाता बन्द गर्न लाइभ च्याट लाई लेख्नुहोस्,obstruction,obstruction,ne,div,modal_text,[TAG=div] [ROLE=modal_text] OkDam खाता बन्द गर्न लाइभ च्याट लाई लेख्नुहोस्,obstruction:ne:17,synthetic_v1,0,0,0,1,0,0,0,0
स्वतः नवीकरण बन्द गर्न 6 दिनभित्र हाम्रो सपोर्ट नम्बर मा सम्पर्क गर्नुहोस्,obstruction,obstruction,ne,a,support_link,[TAG=a] [ROLE=support_link] स्वतः नवीकरण बन्द गर्न 6 दिनभित्र हाम्रो सपोर्ट नम्बर मा सम्पर्क गर्नुहोस्,obstruction:ne:21,synthetic_v1,0,0,0,1,0,0,0,0
Meesho खाता बंद करने के लिए हमारा ईमेल डेस्क को लिखें,obstruction,obstruction,hi,div,modal_text,[TAG=div] [ROLE=modal_text] Meesho खाता बंद करने के लिए हमारा ईमेल डेस्क को लिखें,obstruction:hi:17,synthetic_v1,0,0,0,1,0,0,0,0
इंडक्शन चूल्हा का रिफंड हमारा Viber सपोर्ट के ज़रिये ही मांगें,obstruction,obstruction,hi,div,modal_text,[TAG=div] [ROLE=modal_text] इंडक्शन चूल्हा का रिफंड हमारा Viber सपोर्ट के ज़रिये ही मांगें,obstruction:hi:16,synthetic_v1,0,0,0,1,0,0,0,0
Deleting your Thulo data requires a written request to our helpline,obstruction,obstruction,en,div,modal_text,[TAG=div] [ROLE=modal_text] Deleting your Thulo data requires a written request to our helpline,obstruction:en:24,synthetic_v1,0,0,0,1,0,0,0,0
BigBasket मा प्राइम प्लान डाउनग्रेड गर्न हाम्रो सपोर्ट नम्बर मा सम्पर्क गर्नुहोस्,obstruction,obstruction,ne,p,help_text,[TAG=p] [ROLE=help_text] BigBasket मा प्राइम प्लान डाउनग्रेड गर्न हाम्रो सपोर्ट नम्बर मा सम्पर्क गर्नुहोस्,obstruction:ne:26,synthetic_v1,0,0,0,1,0,0,0,0
धूप का चश्मा लौटाना है? पहले हमारा सपोर्ट नंबर पर कॉल करें,obstruction,obstruction,hi,div,modal_text,[TAG=div] [ROLE=modal_text] धूप का चश्मा लौटाना है? पहले हमारा सपोर्ट नंबर पर कॉल करें,obstruction:hi:22,synthetic_v1,0,0,0,1,0,0,0,0
"To cancel your Nykaa order, contact our support line",obstruction,obstruction,en,p,help_text,"[TAG=p] [ROLE=help_text] To cancel your Nykaa order, contact our support line",obstruction:en:15,synthetic_v1,0,0,0,1,0,0,0,0
ऑटो-रिन्यूअल बंद करने के लिए 6 दिन में कॉल सेंटर से संपर्क करें,obstruction,obstruction,hi,a,support_link,[TAG=a] [ROLE=support_link] ऑटो-रिन्यूअल बंद करने के लिए 6 दिन में कॉल सेंटर से संपर्क करें,obstruction:hi:21,synthetic_v1,0,0,0,1,0,0,0,0
Salesberry रद्दीकरण के लिए हमारा Viber सपोर्ट से सत्यापन ज़रूरी है,obstruction,obstruction,hi,p,help_text,[TAG=p] [ROLE=help_text] Salesberry रद्दीकरण के लिए हमारा Viber सपोर्ट से सत्यापन ज़रूरी है,obstruction:hi:20,synthetic_v1,0,0,0,1,0,0,0,0
bluetooth speaker exchange requests go through our Viber support only,obstruction,obstruction,en,p,help_text,[TAG=p] [ROLE=help_text] bluetooth speaker exchange requests go through our Viber support only,obstruction:en:25,synthetic_v1,0,0,0,1,0,0,0,0
फॉर्मल शर्ट को ऑर्डर से हटाने के लिए कॉल सेंटर से संपर्क करें,obstruction,obstruction,hi,div,modal_text,[TAG=div] [ROLE=modal_text] फॉर्मल शर्ट को ऑर्डर से हटाने के लिए कॉल सेंटर से संपर्क करें,obstruction:hi:19,synthetic_v1,0,0,0,1,0,0,0,0
कटन कुर्ता सट्टा अनुरोध हाम्रो Facebook पेज बाट मात्र हुन्छ,obstruction,obstruction,ne,div,modal_text,[TAG=div] [ROLE=modal_text] कटन कुर्ता सट्टा अनुरोध हाम्रो Facebook पेज बाट मात्र हुन्छ,obstruction:ne:25,synthetic_v1,0,0,0,1,0,0,0,0
Snapdeal मा प्रो प्लान डाउनग्रेड गर्न कल सेन्टर मा सम्पर्क गर्नुहोस्,obstruction,obstruction,ne,a,support_link,[TAG=a] [ROLE=support_link] Snapdeal मा प्रो प्लान डाउनग्रेड गर्न कल सेन्टर मा सम्पर्क गर्नुहोस्,obstruction:ne:26,synthetic_v1,0,0,0,1,0,0,0,0
Tata Cliq पर सब्सक्रिप्शन बदलाव केवल हमारा ईमेल डेस्क से संभव है,obstruction,obstruction,hi,p,help_text,[TAG=p] [ROLE=help_text] Tata Cliq पर सब्सक्रिप्शन बदलाव केवल हमारा ईमेल डेस्क से संभव है,obstruction:hi:18,synthetic_v1,0,0,0,1,0,0,0,0
Myntra रद्दीकरणका लागि हाम्रो Viber सपोर्ट बाट प्रमाणीकरण आवश्यक छ,obstruction,obstruction,ne,a,support_link,[TAG=a] [ROLE=support_link] Myntra रद्दीकरणका लागि हाम्रो Viber सपोर्ट बाट प्रमाणीकरण आवश्यक छ,obstruction:ne:20,synthetic_v1,0,0,0,1,0,0,0,0
Your JioMart refund needs approval from live chat,obstruction,obstruction,en,p,help_text,[TAG=p] [ROLE=help_text] Your JioMart refund needs approval from live chat,obstruction:en:23,synthetic_v1,0,0,0,1,0,0,0,0
राइस कुकर एक्सचेंज अनुरोध केवल कॉल सेंटर से होगा,obstruction,obstruction,hi,div,modal_text,[TAG=div] [ROLE=modal_text] राइस कुकर एक्सचेंज अनुरोध केवल कॉल सेंटर से होगा,obstruction:hi:25,synthetic_v1,0,0,0,1,0,0,0,0
Your Tata Cliq refund needs approval from our Viber support,obstruction,obstruction,en,p,help_text,[TAG=p] [ROLE=help_text] Your Tata Cliq refund needs approval from our Viber support,obstruction:en:23,synthetic_v1,0,0,0,1,0,0,0,0
इन्डक्सन चुल्हो को रिफन्ड हाम्रो हेल्पलाइन मार्फत मात्र माग्नुहोस्,obstruction,obstruction,ne,div,modal_text,[TAG=div] [ROLE=modal_text] इन्डक्सन चुल्हो को रिफन्ड हाम्रो हेल्पलाइन मार्फत मात्र माग्नुहोस्,obstruction:ne:16,synthetic_v1,0,0,0,1,0,0,0,0
Muncha पर सब्सक्रिप्शन बदलाव केवल हमारा Facebook पेज से संभव है,obstruction,obstruction,hi,a,support_link,[TAG=a] [ROLE=support_link] Muncha पर सब्सक्रिप्शन बदलाव केवल हमारा Facebook पेज से संभव है,obstruction:hi:18,synthetic_v1,0,0,0,1,0,0,0,0
OkDam खाता बंद करने के लिए हमारा Facebook पेज को लिखें,obstruction,obstruction,hi,a,support_link,[TAG=a] [ROLE=support_link] OkDam खाता बंद करने के लिए हमारा Facebook पेज को लिखें,obstruction:hi:17,synthetic_v1,0,0,0,1,0,0,0,0
योगा मैट एक्सचेंज अनुरोध केवल हमारा Viber सपोर्ट से होगा,obstruction,obstruction,hi,div,modal_text,[TAG=div] [ROLE=modal_text] योगा मैट एक्सचेंज अनुरोध केवल हमारा Viber सपोर्ट से होगा,obstruction:hi:25,synthetic_v1,0,0,0,1,0,0,0,0
Flipkart डेटा हटाने के लिए हमारा Viber सपोर्ट को लिखित अनुरोध भेजें,obstruction,obstruction,hi,p,help_text,[TAG=p] [ROLE=help_text] Flipkart डेटा हटाने के लिए हमारा Viber सपोर्ट को लिखित अनुरोध भेजें,obstruction:hi:24,synthetic_v1,0,0,0,1,0,0,0,0
Salesberry अर्डर रद्द गर्न हाम्रो इमेल डेस्क मा सम्पर्क गर्नुहोस्,obstruction,obstruction,ne,a,support_link,[TAG=a] [ROLE=support_link] Salesberry अर्डर रद्द गर्न हाम्रो इमेल डेस्क मा सम्पर्क गर्नुहोस्,obstruction:ne:15,synthetic_v1,0,0,0,1,0,0,0,0
Please contact us within 7 business days to cancel,obstruction,obstruction,en,p,help_text,[TAG=p] [ROLE=help_text] Please contact us within 7 business days to cancel,obstruction:en:05,synthetic_v1,0,0,0,1,0,0,0,0
Daraz रिफन्डका लागि हाम्रो सपोर्ट नम्बर को स्वीकृति चाहिन्छ,obstruction,obstruction,ne,a,support_link,[TAG=a] [ROLE=support_link] Daraz रिफन्डका लागि हाम्रो सपोर्ट नम्बर को स्वीकृति चाहिन्छ,obstruction:ne:23,synthetic_v1,0,0,0,1,0,0,0,0
राइस कुकर अर्डरबाट हटाउन हाम्रो Facebook पेज मा सम्पर्क गर्नुहोस्,obstruction,obstruction,ne,div,modal_text,[TAG=div] [ROLE=modal_text] राइस कुकर अर्डरबाट हटाउन हाम्रो Facebook पेज मा सम्पर्क गर्नुहोस्,obstruction:ne:19,synthetic_v1,0,0,0,1,0,0,0,0
Nykaa मा प्लस प्लान डाउनग्रेड गर्न हाम्रो Facebook पेज मा सम्पर्क गर्नुहोस्,obstruction,obstruction,ne,a,support_link,[TAG=a] [ROLE=support_link] Nykaa मा प्लस प्लान डाउनग्रेड गर्न हाम्रो Facebook पेज मा सम्पर्क गर्नुहोस्,obstruction:ne:26,synthetic_v1,0,0,0,1,0,0,0,0
Muncha मा सदस्यता परिवर्तन कल सेन्टर बाट मात्र सम्भव छ,obstruction,obstruction,ne,div,modal_text,[TAG=div] [ROLE=modal_text] Muncha मा सदस्यता परिवर्तन कल सेन्टर बाट मात्र सम्भव छ,obstruction:ne:18,synthetic_v1,0,0,0,1,0,0,0,0
Myntra रिफंड के लिए कॉल सेंटर की मंज़ूरी चाहिए,obstruction,obstruction,hi,p,help_text,[TAG=p] [ROLE=help_text] Myntra रिफंड के लिए कॉल सेंटर की मंज़ूरी चाहिए,obstruction:hi:23,synthetic_v1,0,0,0,1,0,0,0,0
"To cancel your BigBasket order, contact our Facebook page",obstruction,obstruction,en,a,support_link,"[TAG=a] [ROLE=support_link] To cancel your BigBasket order, contact our Facebook page",obstruction:en:15,synthetic_v1,0,0,0,1,0,0,0,0
इलेक्ट्रिक केटल लौटाना है? पहले कॉल सेंटर पर कॉल करें,obstruction,obstruction,hi,p,help_text,[TAG=p] [ROLE=help_text] इलेक्ट्रिक केटल लौटाना है? पहले कॉल सेंटर पर कॉल करें,obstruction:hi:22,synthetic_v1,0,0,0,1,0,0,0,0
Muncha पर प्रीमियम प्लान डाउनग्रेड करने के लिए कॉल सेंटर से संपर्क करें,obstruction,obstruction,hi,div,modal_text,[TAG=div] [ROLE=modal_text] Muncha पर प्रीमियम प्लान डाउनग्रेड करने के लिए कॉल सेंटर से संपर्क करें,obstruction:hi:26,synthetic_v1,0,0,0,1,0,0,0,0
Tata Cliq ऑर्डर रद्द करने के लिए कॉल सेंटर से संपर्क करें,obstruction,obstruction,hi,p,help_text,[TAG=p] [ROLE=help_text] Tata Cliq ऑर्डर रद्द करने के लिए कॉल सेंटर से संपर्क करें,obstruction:hi:15,synthetic_v1,0,0,0,1,0,0,0,0
SastoDeal पर सब्सक्रिप्शन बदलाव केवल लाइव चैट से संभव है,obstruction,obstruction,hi,p,help_text,[TAG=p] [ROLE=help_text] SastoDeal पर सब्सक्रिप्शन बदलाव केवल लाइव चैट से संभव है,obstruction:hi:18,synthetic_v1,0,0,0,1,0,0,0,0
Pepperfry खाता बंद करने के लिए लाइव चैट को लिखें,obstruction,obstruction,hi,div,modal_text,[TAG=div] [ROLE=modal_text] Pepperfry खाता बंद करने के लिए लाइव चैट को लिखें,obstruction:hi:17,synthetic_v1,0,0,0,1,0,0,0,0
sunglasses exchange requests go through our Facebook page only,obstruction,obstruction,en,div,modal_text,[TAG=div] [ROLE=modal_text] sunglasses exchange requests go through our Facebook page only,obstruction:en:25,synthetic_v1,0,0,0,1,0,0,0,0
फिर्ता अनुरोध 3 दिनभित्र फोनबाट गर्नुपर्छ,obstruction,obstruction,ne,p,help_text,[TAG=p] [ROLE=help_text] फिर्ता अनुरोध 3 दिनभित्र फोनबाट गर्नुपर्छ,obstruction:ne:13,synthetic_v1,0,0,0,1,0,0,0,0
Croma पर सब्सक्रिप्शन बदलाव केवल हमारी हेल्पलाइन से संभव है,obstruction,obstruction,hi,a,support_link,[TAG=a] [ROLE=support_link] Croma पर सब्सक्रिप्शन बदलाव केवल हमारी हेल्पलाइन से संभव है,obstruction:hi:18,synthetic_v1,0,0,0,1,0,0,0,0
Return requests must be raised by phone within 5 days,obstruction,obstruction,en,a,support_link,[TAG=a] [ROLE=support_link] Return requests must be raised by phone within 5 days,obstruction:en:13,synthetic_v1,0,0,0,1,0,0,0,0
प्रोटीन पाउडर लौटाना है? पहले हमारा Facebook पेज पर कॉल करें,obstruction,obstruction,hi,a,support_link,[TAG=a] [ROLE=support_link] प्रोटीन पाउडर लौटाना है? पहले हमारा Facebook पेज पर कॉल करें,obstruction:hi:22,synthetic_v1,0,0,0,1,0,0,0,0
"To cancel your Snapdeal order, contact our Viber support",obstruction,obstruction,en,div,modal_text,"[TAG=div] [ROLE=modal_text] To cancel your Snapdeal order, contact our Viber support",obstruction:en:15,synthetic_v1,0,0,0,1,0,0,0,0
Daraz रिफंड के लिए हमारा WhatsApp नंबर की मंज़ूरी चाहिए,obstruction,obstruction,hi,p,help_text,[TAG=p] [ROLE=help_text] Daraz रिफंड के लिए हमारा WhatsApp नंबर की मंज़ूरी चाहिए,obstruction:hi:23,synthetic_v1,0,0,0,1,0,0,0,0
Your FirstCry refund needs approval from our WhatsApp number,obstruction,obstruction,en,a,support_link,[TAG=a] [ROLE=support_link] Your FirstCry refund needs approval from our WhatsApp number,obstruction:en:23,synthetic_v1,0,0,0,1,0,0,0,0
Reach our support line to remove rice cooker from your order,obstruction,obstruction,en,p,help_text,[TAG=p] [ROLE=help_text] Reach our support line to remove rice cooker from your order,obstruction:en:19,synthetic_v1,0,0,0,1,0,0,0,0
Flipkart अर्डर रद्द गर्न कल सेन्टर मा सम्पर्क गर्नुहोस्,obstruction,obstruction,ne,p,help_text,[TAG=p] [ROLE=help_text] Flipkart अर्डर रद्द गर्न कल सेन्टर मा सम्पर्क गर्नुहोस्,obstruction:ne:15,synthetic_v1,0,0,0,1,0,0,0,0
"To cancel your Thulo order, contact our WhatsApp number",obstruction,obstruction,en,p,help_text,"[TAG=p] [ROLE=help_text] To cancel your Thulo order, contact our WhatsApp number",obstruction:en:15,synthetic_v1,0,0,0,1,0,0,0,0
"To close your Snapdeal account, write to the call centre",obstruction,obstruction,en,div,modal_text,"[TAG=div] [ROLE=modal_text] To close your Snapdeal account, write to the call centre",obstruction:en:17,synthetic_v1,0,0,0,1,0,0,0,0
"To downgrade your Premium plan at BigBasket, contact live chat",obstruction,obstruction,en,p,help_text,"[TAG=p] [ROLE=help_text] To downgrade your Premium plan at BigBasket, contact live chat",obstruction:en:26,synthetic_v1,0,0,0,1,0,0,0,0
Muncha ऑर्डर रद्द करने के लिए हमारा WhatsApp नंबर से संपर्क करें,obstruction,obstruction,hi,p,help_text,[TAG=p] [ROLE=help_text] Muncha ऑर्डर रद्द करने के लिए हमारा WhatsApp नंबर से संपर्क करें,obstruction:hi:15,synthetic_v1,0,0,0,1,0,0,0,0
FirstCry डेटा हटाने के लिए हमारा Viber सपोर्ट को लिखित अनुरोध भेजें,obstruction,obstruction,hi,div,modal_text,[TAG=div] [ROLE=modal_text] FirstCry डेटा हटाने के लिए हमारा Viber सपोर्ट को लिखित अनुरोध भेजें,obstruction:hi:24,synthetic_v1,0,0,0,1,0,0,0,0
Your refund request requires 10 additional steps,obstruction,obstruction,en,a,support_link,[TAG=a] [ROLE=support_link] Your refund request requires 10 additional steps,obstruction:en:04,synthetic_v1,0,0,0,1,0,0,0,0
"To stop auto-renewal, contact our WhatsApp number within 9 days",obstruction,obstruction,en,div,modal_text,"[TAG=div] [ROLE=modal_text] To stop auto-renewal, contact our WhatsApp number within 9 days",obstruction:en:21,synthetic_v1,0,0,0,1,0,0,0,0
Blinkit cancellations require verification through our support line,obstruction,obstruction,en,a,support_link,[TAG=a] [ROLE=support_link] Blinkit cancellations require verification through our support line,obstruction:en:20,synthetic_v1,0,0,0,1,0,0,0,0
Croma पर सब्सक्रिप्शन बदलाव केवल लाइव चैट से संभव है,obstruction,obstruction,hi,p,help_text,[TAG=p] [ROLE=help_text] Croma पर सब्सक्रिप्शन बदलाव केवल लाइव चैट से संभव है,obstruction:hi:18,synthetic_v1,0,0,0,1,0,0,0,0
कॉटन कुर्ता एक्सचेंज अनुरोध केवल हमारी हेल्पलाइन से होगा,obstruction,obstruction,hi,a,support_link,[TAG=a] [ROLE=support_link] कॉटन कुर्ता एक्सचेंज अनुरोध केवल हमारी हेल्पलाइन से होगा,obstruction:hi:25,synthetic_v1,0,0,0,1,0,0,0,0
Are you sure? Continue to step 5 to cancel,obstruction,obstruction,en,div,modal_text,[TAG=div] [ROLE=modal_text] Are you sure? Continue to step 5 to cancel,obstruction:en:10,synthetic_v1,0,0,0,1,0,0,0,0
डाउनग्रेड के लिए पुणे कार्यालय पोर्टल से अनुरोध करें,obstruction,obstruction,hi,div,modal_text,[TAG=div] [ROLE=modal_text] डाउनग्रेड के लिए पुणे कार्यालय पोर्टल से अनुरोध करें,obstruction:hi:12,synthetic_v1,0,0,0,1,0,0,0,0
Flipkart खाता बन्द गर्न लाइभ च्याट लाई लेख्नुहोस्,obstruction,obstruction,ne,p,help_text,[TAG=p] [ROLE=help_text] Flipkart खाता बन्द गर्न लाइभ च्याट लाई लेख्नुहोस्,obstruction:ne:17,synthetic_v1,0,0,0,1,0,0,0,0
रद्द गर्न 9 कार्य दिनभित्र सम्पर्क गर्नुहोस्,obstruction,obstruction,ne,p,help_text,[TAG=p] [ROLE=help_text] रद्द गर्न 9 कार्य दिनभित्र सम्पर्क गर्नुहोस्,obstruction:ne:05,synthetic_v1,0,0,0,1,0,0,0,0
स्टडी लैंप एक्सचेंज अनुरोध केवल कॉल सेंटर से होगा,obstruction,obstruction,hi,p,help_text,[TAG=p] [ROLE=help_text] स्टडी लैंप एक्सचेंज अनुरोध केवल कॉल सेंटर से होगा,obstruction:hi:25,synthetic_v1,0,0,0,1,0,0,0,0
"To downgrade your Prime plan at Myntra, contact our WhatsApp number",obstruction,obstruction,en,p,help_text,"[TAG=p] [ROLE=help_text] To downgrade your Prime plan at Myntra, contact our WhatsApp number",obstruction:en:26,synthetic_v1,0,0,0,1,0,0,0,0
"To stop auto-renewal, contact the call centre within 12 days",obstruction,obstruction,en,p,help_text,"[TAG=p] [ROLE=help_text] To stop auto-renewal, contact the call centre within 12 days",obstruction:en:21,synthetic_v1,0,0,0,1,0,0,0,0
school bag exchange requests go through our email desk only,obstruction,obstruction,en,a,support_link,[TAG=a] [ROLE=support_link] school bag exchange requests go through our email desk only,obstruction:en:25,synthetic_v1,0,0,0,1,0,0,0,0
OkDam ऑर्डर रद्द करने के लिए हमारा Facebook पेज से संपर्क करें,obstruction,obstruction,hi,p,help_text,[TAG=p] [ROLE=help_text] OkDam ऑर्डर रद्द करने के लिए हमारा Facebook पेज से संपर्क करें,obstruction:hi:15,synthetic_v1,0,0,0,1,0,0,0,0
इलेक्ट्रिक केतली को रिफन्ड लाइभ च्याट मार्फत मात्र माग्नुहोस्,obstruction,obstruction,ne,p,help_text,[TAG=p] [ROLE=help_text] इलेक्ट्रिक केतली को रिफन्ड लाइभ च्याट मार्फत मात्र माग्नुहोस्,obstruction:ne:16,synthetic_v1,0,0,0,1,0,0,0,0
OkDam रद्दीकरणका लागि हाम्रो इमेल डेस्क बाट प्रमाणीकरण आवश्यक छ,obstruction,obstruction,ne,a,support_link,[TAG=a] [ROLE=support_link] OkDam रद्दीकरणका लागि हाम्रो इमेल डेस्क बाट प्रमाणीकरण आवश्यक छ,obstruction:ne:20,synthetic_v1,0,0,0,1,0,0,0,0
ब्लुटुथ स्पिकर अर्डरबाट हटाउन हाम्रो इमेल डेस्क मा सम्पर्क गर्नुहोस्,obstruction,obstruction,ne,p,help_text,[TAG=p] [ROLE=help_text] ब्लुटुथ स्पिकर अर्डरबाट हटाउन हाम्रो इमेल डेस्क मा सम्पर्क गर्नुहोस्,obstruction:ne:19,synthetic_v1,0,0,0,1,0,0,0,0
Your refund request requires 8 additional steps,obstruction,obstruction,en,div,modal_text,[TAG=div] [ROLE=modal_text] Your refund request requires 8 additional steps,obstruction:en:04,synthetic_v1,0,0,0,1,0,0,0,0
Flipkart डाटा हटाउन हाम्रो सपोर्ट नम्बर लाई लिखित अनुरोध पठाउनुहोस्,obstruction,obstruction,ne,a,support_link,[TAG=a] [ROLE=support_link] Flipkart डाटा हटाउन हाम्रो सपोर्ट नम्बर लाई लिखित अनुरोध पठाउनुहोस्,obstruction:ne:24,synthetic_v1,0,0,0,1,0,0,0,0
Reach our Viber support to remove face wash from your order,obstruction,obstruction,en,a,support_link,[TAG=a] [ROLE=support_link] Reach our Viber support to remove face wash from your order,obstruction:en:19,synthetic_v1,0,0,0,1,0,0,0,0
"To cancel your Salesberry order, contact live chat",obstruction,obstruction,en,div,modal_text,"[TAG=div] [ROLE=modal_text] To cancel your Salesberry order, contact live chat",obstruction:en:15,synthetic_v1,0,0,0,1,0,0,0,0
स्मार्टवॉच को ऑर्डर से हटाने के लिए हमारा सपोर्ट नंबर से संपर्क करें,obstruction,obstruction,hi,div,modal_text,[TAG=div] [ROLE=modal_text] स्मार्टवॉच को ऑर्डर से हटाने के लिए हमारा सपोर्ट नंबर से संपर्क करें,obstruction:hi:19,synthetic_v1,0,0,0,1,0,0,0,0
"To stop auto-renewal, contact live chat within 1 days",obstruction,obstruction,en,p,help_text,"[TAG=p] [ROLE=help_text] To stop auto-renewal, contact live chat within 1 days",obstruction:en:21,synthetic_v1,0,0,0,1,0,0,0,0
Reach the call centre to remove school bag from your order,obstruction,obstruction,en,a,support_link,[TAG=a] [ROLE=support_link] Reach the call centre to remove school bag from your order,obstruction:en:19,synthetic_v1,0,0,0,1,0,0,0,0
फिर्ता अनुरोध 6 दिनभित्र फोनबाट गर्नुपर्छ,obstruction,obstruction,ne,div,modal_text,[TAG=div] [ROLE=modal_text] फिर्ता अनुरोध 6 दिनभित्र फोनबाट गर्नुपर्छ,obstruction:ne:13,synthetic_v1,0,0,0,1,0,0,0,0
Deleting your BigBasket data requires a written request to the call centre,obstruction,obstruction,en,p,help_text,[TAG=p] [ROLE=help_text] Deleting your BigBasket data requires a written request to the call centre,obstruction:en:24,synthetic_v1,0,0,0,1,0,0,0,0
FirstCry अर्डर रद्द गर्न हाम्रो सपोर्ट नम्बर मा सम्पर्क गर्नुहोस्,obstruction,obstruction,ne,p,help_text,[TAG=p] [ROLE=help_text] FirstCry अर्डर रद्द गर्न हाम्रो सपोर्ट नम्बर मा सम्पर्क गर्नुहोस्,obstruction:ne:15,synthetic_v1,0,0,0,1,0,0,0,0
पावर ब्यांक अर्डरबाट हटाउन हाम्रो सपोर्ट नम्बर मा सम्पर्क गर्नुहोस्,obstruction,obstruction,ne,div,modal_text,[TAG=div] [ROLE=modal_text] पावर ब्यांक अर्डरबाट हटाउन हाम्रो सपोर्ट नम्बर मा सम्पर्क गर्नुहोस्,obstruction:ne:19,synthetic_v1,0,0,0,1,0,0,0,0
Subscription changes at Flipkart are only possible via live chat,obstruction,obstruction,en,a,support_link,[TAG=a] [ROLE=support_link] Subscription changes at Flipkart are only possible via live chat,obstruction:en:18,synthetic_v1,0,0,0,1,0,0,0,0
Your refund request requires 5 additional steps,obstruction,obstruction,en,div,modal_text,[TAG=div] [ROLE=modal_text] Your refund request requires 5 additional steps,obstruction:en:04,synthetic_v1,0,0,0,1,0,0,0,0
फोन कवर का रिफंड लाइव चैट के ज़रिये ही मांगें,obstruction,obstruction,hi,div,modal_text,[TAG=div] [ROLE=modal_text] फोन कवर का रिफंड लाइव चैट के ज़रिये ही मांगें,obstruction:hi:16,synthetic_v1,0,0,0,1,0,0,0,0
रनिङ जुत्ता को रिफन्ड लाइभ च्याट मार्फत मात्र माग्नुहोस्,obstruction,obstruction,ne,div,modal_text,[TAG=div] [ROLE=modal_text] रनिङ जुत्ता को रिफन्ड लाइभ च्याट मार्फत मात्र माग्नुहोस्,obstruction:ne:16,synthetic_v1,0,0,0,1,0,0,0,0
पानी की बोतल को ऑर्डर से हटाने के लिए हमारा WhatsApp नंबर से संपर्क करें,obstruction,obstruction,hi,a,support_link,[TAG=a] [ROLE=support_link] पानी की बोतल को ऑर्डर से हटाने के लिए हमारा WhatsApp नंबर से संपर्क करें,obstruction:hi:19,synthetic_v1,0,0,0,1,0,0,0,0
Ajio रिफन्डका लागि हाम्रो Facebook पेज को स्वीकृति चाहिन्छ,obstruction,obstruction,ne,p,help_text,[TAG=p] [ROLE=help_text] Ajio रिफन्डका लागि हाम्रो Facebook पेज को स्वीकृति चाहिन्छ,obstruction:ne:23,synthetic_v1,0,0,0,1,0,0,0,0
वायरलेस ईयरबड्स एक्सचेंज अनुरोध केवल कॉल सेंटर से होगा,obstruction,obstruction,hi,p,help_text,[TAG=p] [ROLE=help_text] वायरलेस ईयरबड्स एक्सचेंज अनुरोध केवल कॉल सेंटर से होगा,obstruction:hi:25,synthetic_v1,0,0,0,1,0,0,0,0
Zepto खाता बंद करने के लिए हमारा WhatsApp नंबर को लिखें,obstruction,obstruction,hi,a,support_link,[TAG=a] [ROLE=support_link] Zepto खाता बंद करने के लिए हमारा WhatsApp नंबर को लिखें,obstruction:hi:17,synthetic_v1,0,0,0,1,0,0,0,0
Zepto रद्दीकरण के लिए हमारा WhatsApp नंबर से सत्यापन ज़रूरी है,obstruction,obstruction,hi,div,modal_text,[TAG=div] [ROLE=modal_text] Zepto रद्दीकरण के लिए हमारा WhatsApp नंबर से सत्यापन ज़रूरी है,obstruction:hi:20,synthetic_v1,0,0,0,1,0,0,0,0
air fryer exchange requests go through our WhatsApp number only,obstruction,obstruction,en,a,support_link,[TAG=a] [ROLE=support_link] air fryer exchange requests go through our WhatsApp number only,obstruction:en:25,synthetic_v1,0,0,0,1,0,0,0,0
Reach our support line to remove denim jeans from your order,obstruction,obstruction,en,div,modal_text,[TAG=div] [ROLE=modal_text] Reach our support line to remove denim jeans from your order,obstruction:en:19,synthetic_v1,0,0,0,1,0,0,0,0
स्कुल ब्याग को रिफन्ड कल सेन्टर मार्फत मात्र माग्नुहोस्,obstruction,obstruction,ne,div,modal_text,[TAG=div] [ROLE=modal_text] स्कुल ब्याग को रिफन्ड कल सेन्टर मार्फत मात्र माग्नुहोस्,obstruction:ne:16,synthetic_v1,0,0,0,1,0,0,0,0
Deleting your Salesberry data requires a written request to our Facebook page,obstruction,obstruction,en,a,support_link,[TAG=a] [ROLE=support_link] Deleting your Salesberry data requires a written request to our Facebook page,obstruction:en:24,synthetic_v1,0,0,0,1,0,0,0,0
Thulo खाता बन्द गर्न हाम्रो Facebook पेज लाई लेख्नुहोस्,obstruction,obstruction,ne,p,help_text,[TAG=p] [ROLE=help_text] Thulo खाता बन्द गर्न हाम्रो Facebook पेज लाई लेख्नुहोस्,obstruction:ne:17,synthetic_v1,0,0,0,1,0,0,0,0
Refunds for water bottle must be requested through our WhatsApp number,obstruction,obstruction,en,a,support_link,[TAG=a] [ROLE=support_link] Refunds for water bottle must be requested through our WhatsApp number,obstruction:en:16,synthetic_v1,0,0,0,1,0,0,0,0
Refunds for power bank must be requested through our Viber support,obstruction,obstruction,en,a,support_link,[TAG=a] [ROLE=support_link] Refunds for power bank must be requested through our Viber support,obstruction:en:16,synthetic_v1,0,0,0,1,0,0,0,0
Zepto डेटा हटाने के लिए कॉल सेंटर को लिखित अनुरोध भेजें,obstruction,obstruction,hi,p,help_text,[TAG=p] [ROLE=help_text] Zepto डेटा हटाने के लिए कॉल सेंटर को लिखित अनुरोध भेजें,obstruction:hi:24,synthetic_v1,0,0,0,1,0,0,0,0
Thulo मा सदस्यता परिवर्तन हाम्रो Facebook पेज बाट मात्र सम्भव छ,obstruction,obstruction,ne,a,support_link,[TAG=a] [ROLE=support_link] Thulo मा सदस्यता परिवर्तन हाम्रो Facebook पेज बाट मात्र सम्भव छ,obstruction:ne:18,synthetic_v1,0,0,0,1,0,0,0,0
Return requests must be raised by phone within 8 days,obstruction,obstruction,en,p,help_text,[TAG=p] [ROLE=help_text] Return requests must be raised by phone within 8 days,obstruction:en:13,synthetic_v1,0,0,0,1,0,0,0,0
एयर फ्रायर लौटाना है? पहले कॉल सेंटर पर कॉल करें,obstruction,obstruction,hi,a,support_link,[TAG=a] [ROLE=support_link] एयर फ्रायर लौटाना है? पहले कॉल सेंटर पर कॉल करें,obstruction:hi:22,synthetic_v1,0,0,0,1,0,0,0,0
स्पोर्ट्स चप्पल फिर्ता गर्नु छ? पहिले हाम्रो हेल्पलाइन मा फोन गर्नुहोस्,obstruction,obstruction,ne,a,support_link,[TAG=a] [ROLE=support_link] स्पोर्ट्स चप्पल फिर्ता गर्नु छ? पहिले हाम्रो हेल्पलाइन मा फोन गर्नुहोस्,obstruction:ne:22,synthetic_v1,0,0,0,1,0,0,0,0
लैपटॉप बैग एक्सचेंज अनुरोध केवल हमारा Viber सपोर्ट से होगा,obstruction,obstruction,hi,p,help_text,[TAG=p] [ROLE=help_text] लैपटॉप बैग एक्सचेंज अनुरोध केवल हमारा Viber सपोर्ट से होगा,obstruction:hi:25,synthetic_v1,0,0,0,1,0,0,0,0
Myntra cancellations require verification through our support line,obstruction,obstruction,en,p,help_text,[TAG=p] [ROLE=help_text] Myntra cancellations require verification through our support line,obstruction:en:20,synthetic_v1,0,0,0,1,0,0,0,0
Deleting your Tata Cliq data requires a written request to our email desk,obstruction,obstruction,en,div,modal_text,[TAG=div] [ROLE=modal_text] Deleting your Tata Cliq data requires a written request to our email desk,obstruction:en:24,synthetic_v1,0,0,0,1,0,0,0,0
Reach live chat to remove sports sandals from your order,obstruction,obstruction,en,a,support_link,[TAG=a] [ROLE=support_link] Reach live chat to remove sports sandals from your order,obstruction:en:19,synthetic_v1,0,0,0,1,0,0,0,0
स्वतः नवीकरण बन्द गर्न 3 दिनभित्र हाम्रो Facebook पेज मा सम्पर्क गर्नुहोस्,obstruction,obstruction,ne,a,support_link,[TAG=a] [ROLE=support_link] स्वतः नवीकरण बन्द गर्न 3 दिनभित्र हाम्रो Facebook पेज मा सम्पर्क गर्नुहोस्,obstruction:ne:21,synthetic_v1,0,0,0,1,0,0,0,0
गेमिङ माउस फिर्ता गर्नु छ? पहिले हाम्रो सपोर्ट नम्बर मा फोन गर्नुहोस्,obstruction,obstruction,ne,p,help_text,[TAG=p] [ROLE=help_text] गेमिङ माउस फिर्ता गर्नु छ? पहिले हाम्रो सपोर्ट नम्बर मा फोन गर्नुहोस्,obstruction:ne:22,synthetic_v1,0,0,0,1,0,0,0,0
Amazon डाटा हटाउन हाम्रो WhatsApp नम्बर लाई लिखित अनुरोध पठाउनुहोस्,obstruction,obstruction,ne,div,modal_text,[TAG=div] [ROLE=modal_text] Amazon डाटा हटाउन हाम्रो WhatsApp नम्बर लाई लिखित अनुरोध पठाउनुहोस्,obstruction:ne:24,synthetic_v1,0,0,0,1,0,0,0,0
सर्दी का कंबल का रिफंड लाइव चैट के ज़रिये ही मांगें,obstruction,obstruction,hi,a,support_link,[TAG=a] [ROLE=support_link] सर्दी का कंबल का रिफंड लाइव चैट के ज़रिये ही मांगें,obstruction:hi:16,synthetic_v1,0,0,0,1,0,0,0,0
सुरक्षित गरिएको कार्ड हटाउन हामीलाई लेख्नुहोस्,obstruction,obstruction,ne,div,modal_text,[TAG=div] [ROLE=modal_text] सुरक्षित गरिएको कार्ड हटाउन हामीलाई लेख्नुहोस्,obstruction:ne:07,synthetic_v1,0,0,0,1,0,0,0,0
Reach our Facebook page to remove trekking jacket from your order,obstruction,obstruction,en,a,support_link,[TAG=a] [ROLE=support_link] Reach our Facebook page to remove trekking jacket from your order,obstruction:en:19,synthetic_v1,0,0,0,1,0,0,0,0
Your Pepperfry refund needs approval from our helpline,obstruction,obstruction,en,a,support_link,[TAG=a] [ROLE=support_link] Your Pepperfry refund needs approval from our helpline,obstruction:en:23,synthetic_v1,0,0,0,1,0,0,0,0
Reliance Digital रिफंड के लिए लाइव चैट की मंज़ूरी चाहिए,obstruction,obstruction,hi,div,modal_text,[TAG=div] [ROLE=modal_text] Reliance Digital रिफंड के लिए लाइव चैट की मंज़ूरी चाहिए,obstruction:hi:23,synthetic_v1,0,0,0,1,0,0,0,0
धूप का चश्मा को ऑर्डर से हटाने के लिए हमारा WhatsApp नंबर से संपर्क करें,obstruction,obstruction,hi,p,help_text,[TAG=p] [ROLE=help_text] धूप का चश्मा को ऑर्डर से हटाने के लिए हमारा WhatsApp नंबर से संपर्क करें,obstruction:hi:19,synthetic_v1,0,0,0,1,0,0,0,0
स्वतः नवीकरण बन्द गर्न 5 दिनभित्र हाम्रो Facebook पेज मा सम्पर्क गर्नुहोस्,obstruction,obstruction,ne,div,modal_text,[TAG=div] [ROLE=modal_text] स्वतः नवीकरण बन्द गर्न 5 दिनभित्र हाम्रो Facebook पेज मा सम्पर्क गर्नुहोस्,obstruction:ne:21,synthetic_v1,0,0,0,1,0,0,0,0
ऑटो-रिन्यूअल बंद करने के लिए 5 दिन में हमारा WhatsApp नंबर से संपर्क करें,obstruction,obstruction,hi,p,help_text,[TAG=p] [ROLE=help_text] ऑटो-रिन्यूअल बंद करने के लिए 5 दिन में हमारा WhatsApp नंबर से संपर्क करें,obstruction:hi:21,synthetic_v1,0,0,0,1,0,0,0,0
Myntra रद्दीकरणका लागि हाम्रो WhatsApp नम्बर बाट प्रमाणीकरण आवश्यक छ,obstruction,obstruction,ne,div,modal_text,[TAG=div] [ROLE=modal_text] Myntra रद्दीकरणका लागि हाम्रो WhatsApp नम्बर बाट प्रमाणीकरण आवश्यक छ,obstruction:ne:20,synthetic_v1,0,0,0,1,0,0,0,0
"To downgrade your Pro plan at OkDam, contact live chat",obstruction,obstruction,en,a,support_link,"[TAG=a] [ROLE=support_link] To downgrade your Pro plan at OkDam, contact live chat",obstruction:en:26,synthetic_v1,0,0,0,1,0,0,0,0
"To downgrade your Prime plan at Myntra, contact our helpline",obstruction,obstruction,en,div,modal_text,"[TAG=div] [ROLE=modal_text] To downgrade your Prime plan at Myntra, contact our helpline",obstruction:en:26,synthetic_v1,0,0,0,1,0,0,0,0
पावर बैंक को ऑर्डर से हटाने के लिए हमारा Facebook पेज से संपर्क करें,obstruction,obstruction,hi,div,modal_text,[TAG=div] [ROLE=modal_text] पावर बैंक को ऑर्डर से हटाने के लिए हमारा Facebook पेज से संपर्क करें,obstruction:hi:19,synthetic_v1,0,0,0,1,0,0,0,0
लैपटॉप बैग को ऑर्डर से हटाने के लिए हमारी हेल्पलाइन से संपर्क करें,obstruction,obstruction,hi,div,modal_text,[TAG=div] [ROLE=modal_text] लैपटॉप बैग को ऑर्डर से हटाने के लिए हमारी हेल्पलाइन से संपर्क करें,obstruction:hi:19,synthetic_v1,0,0,0,1,0,0,0,0
"To cancel your Muncha order, contact our Facebook page",obstruction,obstruction,en,p,help_text,"[TAG=p] [ROLE=help_text] To cancel your Muncha order, contact our Facebook page",obstruction:en:15,synthetic_v1,0,0,0,1,0,0,0,0
स्वतः नवीकरण बन्द गर्न 9 दिनभित्र हाम्रो WhatsApp नम्बर मा सम्पर्क गर्नुहोस्,obstruction,obstruction,ne,p,help_text,[TAG=p] [ROLE=help_text] स्वतः नवीकरण बन्द गर्न 9 दिनभित्र हाम्रो WhatsApp नम्बर मा सम्पर्क गर्नुहोस्,obstruction:ne:21,synthetic_v1,0,0,0,1,0,0,0,0
स्वतः नवीकरण बन्द गर्न 5 दिनभित्र हाम्रो सपोर्ट नम्बर मा सम्पर्क गर्नुहोस्,obstruction,obstruction,ne,div,modal_text,[TAG=div] [ROLE=modal_text] स्वतः नवीकरण बन्द गर्न 5 दिनभित्र हाम्रो सपोर्ट नम्बर मा सम्पर्क गर्नुहोस्,obstruction:ne:21,synthetic_v1,0,0,0,1,0,0,0,0
स्टडी लाइट अर्डरबाट हटाउन हाम्रो WhatsApp नम्बर मा सम्पर्क गर्नुहोस्,obstruction,obstruction,ne,p,help_text,[TAG=p] [ROLE=help_text] स्टडी लाइट अर्डरबाट हटाउन हाम्रो WhatsApp नम्बर मा सम्पर्क गर्नुहोस्,obstruction:ne:19,synthetic_v1,0,0,0,1,0,0,0,0
Deleting your Pepperfry data requires a written request to our support line,obstruction,obstruction,en,div,modal_text,[TAG=div] [ROLE=modal_text] Deleting your Pepperfry data requires a written request to our support line,obstruction:en:24,synthetic_v1,0,0,0,1,0,0,0,0
ऑटो-रिन्यूअल बंद करने के लिए 10 दिन में हमारा ईमेल डेस्क से संपर्क करें,obstruction,obstruction,hi,div,modal_text,[TAG=div] [ROLE=modal_text] ऑटो-रिन्यूअल बंद करने के लिए 10 दिन में हमारा ईमेल डेस्क से संपर्क करें,obstruction:hi:21,synthetic_v1,0,0,0,1,0,0,0,0
स्वतः नवीकरण बन्द गर्न 6 दिनभित्र हाम्रो Facebook पेज मा सम्पर्क गर्नुहोस्,obstruction,obstruction,ne,p,help_text,[TAG=p] [ROLE=help_text] स्वतः नवीकरण बन्द गर्न 6 दिनभित्र हाम्रो Facebook पेज मा सम्पर्क गर्नुहोस्,obstruction:ne:21,synthetic_v1,0,0,0,1,0,0,0,0
Reach our Viber support to remove trekking jacket from your order,obstruction,obstruction,en,p,help_text,[TAG=p] [ROLE=help_text] Reach our Viber support to remove trekking jacket from your order,obstruction:en:19,synthetic_v1,0,0,0,1,0,0,0,0
रनिंग शूज़ एक्सचेंज अनुरोध केवल हमारा WhatsApp नंबर से होगा,obstruction,obstruction,hi,div,modal_text,[TAG=div] [ROLE=modal_text] रनिंग शूज़ एक्सचेंज अनुरोध केवल हमारा WhatsApp नंबर से होगा,obstruction:hi:25,synthetic_v1,0,0,0,1,0,0,0,0
Blinkit पर सब्सक्रिप्शन बदलाव केवल कॉल सेंटर से संभव है,obstruction,obstruction,hi,p,help_text,[TAG=p] [ROLE=help_text] Blinkit पर सब्सक्रिप्शन बदलाव केवल कॉल सेंटर से संभव है,obstruction:hi:18,synthetic_v1,0,0,0,1,0,0,0,0
SastoDeal cancellations require verification through our support line,obstruction,obstruction,en,a,support_link,[TAG=a] [ROLE=support_link] SastoDeal cancellations require verification through our support line,obstruction:en:20,synthetic_v1,0,0,0,1,0,0,0,0
"To downgrade your Plus plan at Pepperfry, contact our Viber support",obstruction,obstruction,en,p,help_text,"[TAG=p] [ROLE=help_text] To downgrade your Plus plan at Pepperfry, contact our Viber support",obstruction:en:26,synthetic_v1,0,0,0,1,0,0,0,0
बैकपैक एक्सचेंज अनुरोध केवल कॉल सेंटर से होगा,obstruction,obstruction,hi,a,support_link,[TAG=a] [ROLE=support_link] बैकपैक एक्सचेंज अनुरोध केवल कॉल सेंटर से होगा,obstruction:hi:25,synthetic_v1,0,0,0,1,0,0,0,0
Thulo पर सब्सक्रिप्शन बदलाव केवल कॉल सेंटर से संभव है,obstruction,obstruction,hi,div,modal_text,[TAG=div] [ROLE=modal_text] Thulo पर सब्सक्रिप्शन बदलाव केवल कॉल सेंटर से संभव है,obstruction:hi:18,synthetic_v1,0,0,0,1,0,0,0,0
डाउनग्रेड के लिए चंडीगढ़ कार्यालय पोर्टल से अनुरोध करें,obstruction,obstruction,hi,p,help_text,[TAG=p] [ROLE=help_text] डाउनग्रेड के लिए चंडीगढ़ कार्यालय पोर्टल से अनुरोध करें,obstruction:hi:12,synthetic_v1,0,0,0,1,0,0,0,0
Zepto पर सब्सक्रिप्शन बदलाव केवल हमारा Facebook पेज से संभव है,obstruction,obstruction,hi,div,modal_text,[TAG=div] [ROLE=modal_text] Zepto पर सब्सक्रिप्शन बदलाव केवल हमारा Facebook पेज से संभव है,obstruction:hi:18,synthetic_v1,0,0,0,1,0,0,0,0
Flipkart रद्दीकरणका लागि हाम्रो WhatsApp नम्बर बाट प्रमाणीकरण आवश्यक छ,obstruction,obstruction,ne,div,modal_text,[TAG=div] [ROLE=modal_text] Flipkart रद्दीकरणका लागि हाम्रो WhatsApp नम्बर बाट प्रमाणीकरण आवश्यक छ,obstruction:ne:20,synthetic_v1,0,0,0,1,0,0,0,0
Myntra डाटा हटाउन हाम्रो Facebook पेज लाई लिखित अनुरोध पठाउनुहोस्,obstruction,obstruction,ne,a,support_link,[TAG=a] [ROLE=support_link] Myntra डाटा हटाउन हाम्रो Facebook पेज लाई लिखित अनुरोध पठाउनुहोस्,obstruction:ne:24,synthetic_v1,0,0,0,1,0,0,0,0
HamroBazar डाटा हटाउन लाइभ च्याट लाई लिखित अनुरोध पठाउनुहोस्,obstruction,obstruction,ne,p,help_text,[TAG=p] [ROLE=help_text] HamroBazar डाटा हटाउन लाइभ च्याट लाई लिखित अनुरोध पठाउनुहोस्,obstruction:ne:24,synthetic_v1,0,0,0,1,0,0,0,0
फर्मल सर्ट को रिफन्ड हाम्रो सपोर्ट नम्बर मार्फत मात्र माग्नुहोस्,obstruction,obstruction,ne,a,support_link,[TAG=a] [ROLE=support_link] फर्मल सर्ट को रिफन्ड हाम्रो सपोर्ट नम्बर मार्फत मात्र माग्नुहोस्,obstruction:ne:16,synthetic_v1,0,0,0,1,0,0,0,0
Thulo मा प्रिमियम प्लान डाउनग्रेड गर्न लाइभ च्याट मा सम्पर्क गर्नुहोस्,obstruction,obstruction,ne,div,modal_text,[TAG=div] [ROLE=modal_text] Thulo मा प्रिमियम प्लान डाउनग्रेड गर्न लाइभ च्याट मा सम्पर्क गर्नुहोस्,obstruction:ne:26,synthetic_v1,0,0,0,1,0,0,0,0
Pepperfry मा प्राइम प्लान डाउनग्रेड गर्न हाम्रो हेल्पलाइन मा सम्पर्क गर्नुहोस्,obstruction,obstruction,ne,a,support_link,[TAG=a] [ROLE=support_link] Pepperfry मा प्राइम प्लान डाउनग्रेड गर्न हाम्रो हेल्पलाइन मा सम्पर्क गर्नुहोस्,obstruction:ne:26,synthetic_v1,0,0,0,1,0,0,0,0
"To close your Salesberry account, write to our Facebook page",obstruction,obstruction,en,a,support_link,"[TAG=a] [ROLE=support_link] To close your Salesberry account, write to our Facebook page",obstruction:en:17,synthetic_v1,0,0,0,1,0,0,0,0
पावर ब्यांक को रिफन्ड हाम्रो सपोर्ट नम्बर मार्फत मात्र माग्नुहोस्,obstruction,obstruction,ne,a,support_link,[TAG=a] [ROLE=support_link] पावर ब्यांक को रिफन्ड हाम्रो सपोर्ट नम्बर मार्फत मात्र माग्नुहोस्,obstruction:ne:16,synthetic_v1,0,0,0,1,0,0,0,0
Thulo रिफंड के लिए हमारा Viber सपोर्ट की मंज़ूरी चाहिए,obstruction,obstruction,hi,p,help_text,[TAG=p] [ROLE=help_text] Thulo रिफंड के लिए हमारा Viber सपोर्ट की मंज़ूरी चाहिए,obstruction:hi:23,synthetic_v1,0,0,0,1,0,0,0,0
"To close your Meesho account, write to our support line",obstruction,obstruction,en,p,help_text,"[TAG=p] [ROLE=help_text] To close your Meesho account, write to our support line",obstruction:en:17,synthetic_v1,0,0,0,1,0,0,0,0
Amazon रद्दीकरणका लागि कल सेन्टर बाट प्रमाणीकरण आवश्यक छ,obstruction,obstruction,ne,p,help_text,[TAG=p] [ROLE=help_text] Amazon रद्दीकरणका लागि कल सेन्टर बाट प्रमाणीकरण आवश्यक छ,obstruction:ne:20,synthetic_v1,0,0,0,1,0,0,0,0
"To cancel your Zepto order, contact our support line",obstruction,obstruction,en,a,support_link,"[TAG=a] [ROLE=support_link] To cancel your Zepto order, contact our support line",obstruction:en:15,synthetic_v1,0,0,0,1,0,0,0,0
इंडक्शन चूल्हा एक्सचेंज अनुरोध केवल हमारा Facebook पेज से होगा,obstruction,obstruction,hi,p,help_text,[TAG=p] [ROLE=help_text] इंडक्शन चूल्हा एक्सचेंज अनुरोध केवल हमारा Facebook पेज से होगा,obstruction:hi:25,synthetic_v1,0,0,0,1,0,0,0,0
डाउनग्रेड के लिए इंदौर कार्यालय पोर्टल से अनुरोध करें,obstruction,obstruction,hi,a,support_link,[TAG=a] [ROLE=support_link] डाउनग्रेड के लिए इंदौर कार्यालय पोर्टल से अनुरोध करें,obstruction:hi:12,synthetic_v1,0,0,0,1,0,0,0,0
Snapdeal अर्डर रद्द गर्न हाम्रो इमेल डेस्क मा सम्पर्क गर्नुहोस्,obstruction,obstruction,ne,a,support_link,[TAG=a] [ROLE=support_link] Snapdeal अर्डर रद्द गर्न हाम्रो इमेल डेस्क मा सम्पर्क गर्नुहोस्,obstruction:ne:15,synthetic_v1,0,0,0,1,0,0,0,0
नोइज क्यान्सलिङ हेडफोन सट्टा अनुरोध हाम्रो इमेल डेस्क बाट मात्र हुन्छ,obstruction,obstruction,ne,a,support_link,[TAG=a] [ROLE=support_link] नोइज क्यान्सलिङ हेडफोन सट्टा अनुरोध हाम्रो इमेल डेस्क बाट मात्र हुन्छ,obstruction:ne:25,synthetic_v1,0,0,0,1,0,0,0,0
"To close your Flipkart account, write to our support line",obstruction,obstruction,en,a,support_link,"[TAG=a] [ROLE=support_link] To close your Flipkart account, write to our support line",obstruction:en:17,synthetic_v1,0,0,0,1,0,0,0,0
फेस वॉश एक्सचेंज अनुरोध केवल हमारा Viber सपोर्ट से होगा,obstruction,obstruction,hi,div,modal_text,[TAG=div] [ROLE=modal_text] फेस वॉश एक्सचेंज अनुरोध केवल हमारा Viber सपोर्ट से होगा,obstruction:hi:25,synthetic_v1,0,0,0,1,0,0,0,0
Returning trekking jacket? Please call our email desk first,obstruction,obstruction,en,a,support_link,[TAG=a] [ROLE=support_link] Returning trekking jacket? Please call our email desk first,obstruction:en:22,synthetic_v1,0,0,0,1,0,0,0,0
Blinkit डाटा हटाउन कल सेन्टर लाई लिखित अनुरोध पठाउनुहोस्,obstruction,obstruction,ne,p,help_text,[TAG=p] [ROLE=help_text] Blinkit डाटा हटाउन कल सेन्टर लाई लिखित अनुरोध पठाउनुहोस्,obstruction:ne:24,synthetic_v1,0,0,0,1,0,0,0,0
स्मार्टवॉच का रिफंड कॉल सेंटर के ज़रिये ही मांगें,obstruction,obstruction,hi,a,support_link,[TAG=a] [ROLE=support_link] स्मार्टवॉच का रिफंड कॉल सेंटर के ज़रिये ही मांगें,obstruction:hi:16,synthetic_v1,0,0,0,1,0,0,0,0
Your Amazon refund needs approval from our Facebook page,obstruction,obstruction,en,div,modal_text,[TAG=div] [ROLE=modal_text] Your Amazon refund needs approval from our Facebook page,obstruction:en:23,synthetic_v1,0,0,0,1,0,0,0,0
Subscription changes at HamroBazar are only possible via our WhatsApp number,obstruction,obstruction,en,p,help_text,[TAG=p] [ROLE=help_text] Subscription changes at HamroBazar are only possible via our WhatsApp number,obstruction:en:18,synthetic_v1,0,0,0,1,0,0,0,0
प्रोटिन पाउडर को रिफन्ड कल सेन्टर मार्फत मात्र माग्नुहोस्,obstruction,obstruction,ne,div,modal_text,[TAG=div] [ROLE=modal_text] प्रोटिन पाउडर को रिफन्ड कल सेन्टर मार्फत मात्र माग्नुहोस्,obstruction:ne:16,synthetic_v1,0,0,0,1,0,0,0,0
Myntra डाटा हटाउन कल सेन्टर लाई लिखित अनुरोध पठाउनुहोस्,obstruction,obstruction,ne,a,support_link,[TAG=a] [ROLE=support_link] Myntra डाटा हटाउन कल सेन्टर लाई लिखित अनुरोध पठाउनुहोस्,obstruction:ne:24,synthetic_v1,0,0,0,1,0,0,0,0
Returning phone case? Please call our Facebook page first,obstruction,obstruction,en,p,help_text,[TAG=p] [ROLE=help_text] Returning phone case? Please call our Facebook page first,obstruction:en:22,synthetic_v1,0,0,0,1,0,0,0,0
SastoDeal अर्डर रद्द गर्न हाम्रो हेल्पलाइन मा सम्पर्क गर्नुहोस्,obstruction,obstruction,ne,p,help_text,[TAG=p] [ROLE=help_text] SastoDeal अर्डर रद्द गर्न हाम्रो हेल्पलाइन मा सम्पर्क गर्नुहोस्,obstruction:ne:15,synthetic_v1,0,0,0,1,0,0,0,0
Kinbech मा सदस्यता परिवर्तन हाम्रो Viber सपोर्ट बाट मात्र सम्भव छ,obstruction,obstruction,ne,div,modal_text,[TAG=div] [ROLE=modal_text] Kinbech मा सदस्यता परिवर्तन हाम्रो Viber सपोर्ट बाट मात्र सम्भव छ,obstruction:ne:18,synthetic_v1,0,0,0,1,0,0,0,0
ऑटो-रिन्यूअल बंद करने के लिए 7 दिन में हमारी हेल्पलाइन से संपर्क करें,obstruction,obstruction,hi,p,help_text,[TAG=p] [ROLE=help_text] ऑटो-रिन्यूअल बंद करने के लिए 7 दिन में हमारी हेल्पलाइन से संपर्क करें,obstruction:hi:21,synthetic_v1,0,0,0,1,0,0,0,0
Daraz पर सब्सक्रिप्शन बदलाव केवल हमारा WhatsApp नंबर से संभव है,obstruction,obstruction,hi,div,modal_text,[TAG=div] [ROLE=modal_text] Daraz पर सब्सक्रिप्शन बदलाव केवल हमारा WhatsApp नंबर से संभव है,obstruction:hi:18,synthetic_v1,0,0,0,1,0,0,0,0
स्पोर्ट्स सैंडल एक्सचेंज अनुरोध केवल हमारी हेल्पलाइन से होगा,obstruction,obstruction,hi,div,modal_text,[TAG=div] [ROLE=modal_text] स्पोर्ट्स सैंडल एक्सचेंज अनुरोध केवल हमारी हेल्पलाइन से होगा,obstruction:hi:25,synthetic_v1,0,0,0,1,0,0,0,0
HamroBazar रद्दीकरण के लिए हमारा सपोर्ट नंबर से सत्यापन ज़रूरी है,obstruction,obstruction,hi,p,help_text,[TAG=p] [ROLE=help_text] HamroBazar रद्दीकरण के लिए हमारा सपोर्ट नंबर से सत्यापन ज़रूरी है,obstruction:hi:20,synthetic_v1,0,0,0,1,0,0,0,0
Your Flipkart refund needs approval from our Facebook page,obstruction,obstruction,en,div,modal_text,[TAG=div] [ROLE=modal_text] Your Flipkart refund needs approval from our Facebook page,obstruction:en:23,synthetic_v1,0,0,0,1,0,0,0,0
Zepto खाता बंद करने के लिए हमारी हेल्पलाइन को लिखें,obstruction,obstruction,hi,a,support_link,[TAG=a] [ROLE=support_link] Zepto खाता बंद करने के लिए हमारी हेल्पलाइन को लिखें,obstruction:hi:17,synthetic_v1,0,0,0,1,0,0,0,0
रनिङ जुत्ता फिर्ता गर्नु छ? पहिले हाम्रो इमेल डेस्क मा फोन गर्नुहोस्,obstruction,obstruction,ne,p,help_text,[TAG=p] [ROLE=help_text] रनिङ जुत्ता फिर्ता गर्नु छ? पहिले हाम्रो इमेल डेस्क मा फोन गर्नुहोस्,obstruction:ne:22,synthetic_v1,0,0,0,1,0,0,0,0
Kinbech रिफन्डका लागि हाम्रो WhatsApp नम्बर को स्वीकृति चाहिन्छ,obstruction,obstruction,ne,a,support_link,[TAG=a] [ROLE=support_link] Kinbech रिफन्डका लागि हाम्रो WhatsApp नम्बर को स्वीकृति चाहिन्छ,obstruction:ne:23,synthetic_v1,0,0,0,1,0,0,0,0
Return requests must be raised by phone within 6 days,obstruction,obstruction,en,div,modal_text,[TAG=div] [ROLE=modal_text] Return requests must be raised by phone within 6 days,obstruction:en:13,synthetic_v1,0,0,0,1,0,0,0,0
स्वतः नवीकरण बन्द गर्न 1 दिनभित्र हाम्रो Facebook पेज मा सम्पर्क गर्नुहोस्,obstruction,obstruction,ne,div,modal_text,[TAG=div] [ROLE=modal_text] स्वतः नवीकरण बन्द गर्न 1 दिनभित्र हाम्रो Facebook पेज मा सम्पर्क गर्नुहोस्,obstruction:ne:21,synthetic_v1,0,0,0,1,0,0,0,0
अनसब्स्क्राइब गर्न लगइन गरी प्राथमिकता पृष्ठमा जानुहोस्,obstruction,obstruction,ne,p,help_text,[TAG=p] [ROLE=help_text] अनसब्स्क्राइब गर्न लगइन गरी प्राथमिकता पृष्ठमा जानुहोस्,obstruction:ne:03,synthetic_v1,0,0,0,1,0,0,0,0
Your Muncha refund needs approval from the call centre,obstruction,obstruction,en,p,help_text,[TAG=p] [ROLE=help_text] Your Muncha refund needs approval from the call centre,obstruction:en:23,synthetic_v1,0,0,0,1,0,0,0,0
Your Amazon refund needs approval from our helpline,obstruction,obstruction,en,div,modal_text,[TAG=div] [ROLE=modal_text] Your Amazon refund needs approval from our helpline,obstruction:en:23,synthetic_v1,0,0,0,1,0,0,0,0
SastoDeal खाता बंद करने के लिए हमारा सपोर्ट नंबर को लिखें,obstruction,obstruction,hi,p,help_text,[TAG=p] [ROLE=help_text] SastoDeal खाता बंद करने के लिए हमारा सपोर्ट नंबर को लिखें,obstruction:hi:17,synthetic_v1,0,0,0,1,0,0,0,0
Tata Cliq अर्डर रद्द गर्न हाम्रो WhatsApp नम्बर मा सम्पर्क गर्नुहोस्,obstruction,obstruction,ne,a,support_link,[TAG=a] [ROLE=support_link] Tata Cliq अर्डर रद्द गर्न हाम्रो WhatsApp नम्बर मा सम्पर्क गर्नुहोस्,obstruction:ne:15,synthetic_v1,0,0,0,1,0,0,0,0
FirstCry रद्दीकरण के लिए हमारी हेल्पलाइन से सत्यापन ज़रूरी है,obstruction,obstruction,hi,a,support_link,[TAG=a] [ROLE=support_link] FirstCry रद्दीकरण के लिए हमारी हेल्पलाइन से सत्यापन ज़रूरी है,obstruction:hi:20,synthetic_v1,0,0,0,1,0,0,0,0
Subscription changes at Blinkit are only possible via the call centre,obstruction,obstruction,en,p,help_text,[TAG=p] [ROLE=help_text] Subscription changes at Blinkit are only possible via the call centre,obstruction:en:18,synthetic_v1,0,0,0,1,0,0,0,0
कटन कुर्ता सट्टा अनुरोध हाम्रो इमेल डेस्क बाट मात्र हुन्छ,obstruction,obstruction,ne,a,support_link,[TAG=a] [ROLE=support_link] कटन कुर्ता सट्टा अनुरोध हाम्रो इमेल डेस्क बाट मात्र हुन्छ,obstruction:ne:25,synthetic_v1,0,0,0,1,0,0,0,0
स्टडी लाइट को रिफन्ड हाम्रो Facebook पेज मार्फत मात्र माग्नुहोस्,obstruction,obstruction,ne,div,modal_text,[TAG=div] [ROLE=modal_text] स्टडी लाइट को रिफन्ड हाम्रो Facebook पेज मार्फत मात्र माग्नुहोस्,obstruction:ne:16,synthetic_v1,0,0,0,1,0,0,0,0
राइस कुकर एक्सचेंज अनुरोध केवल हमारा Viber सपोर्ट से होगा,obstruction,obstruction,hi,div,modal_text,[TAG=div] [ROLE=modal_text] राइस कुकर एक्सचेंज अनुरोध केवल हमारा Viber सपोर्ट से होगा,obstruction:hi:25,synthetic_v1,0,0,0,1,0,0,0,0
"To cancel, call our support line during business hours",obstruction,obstruction,en,a,support_link,"[TAG=a] [ROLE=support_link] To cancel, call our support line during business hours",obstruction:en:00,synthetic_v1,0,0,0,1,0,0,0,0
Croma डेटा हटाने के लिए हमारा Viber सपोर्ट को लिखित अनुरोध भेजें,obstruction,obstruction,hi,div,modal_text,[TAG=div] [ROLE=modal_text] Croma डेटा हटाने के लिए हमारा Viber सपोर्ट को लिखित अनुरोध भेजें,obstruction:hi:24,synthetic_v1,0,0,0,1,0,0,0,0
ऑफिस चेयर लौटाना है? पहले हमारा सपोर्ट नंबर पर कॉल करें,obstruction,obstruction,hi,div,modal_text,[TAG=div] [ROLE=modal_text] ऑफिस चेयर लौटाना है? पहले हमारा सपोर्ट नंबर पर कॉल करें,obstruction:hi:22,synthetic_v1,0,0,0,1,0,0,0,0
"To cancel your Muncha order, contact our Viber support",obstruction,obstruction,en,a,support_link,"[TAG=a] [ROLE=support_link] To cancel your Muncha order, contact our Viber support",obstruction:en:15,synthetic_v1,0,0,0,1,0,0,0,0
HamroBazar मा सदस्यता परिवर्तन हाम्रो Facebook पेज बाट मात्र सम्भव छ,obstruction,obstruction,ne,p,help_text,[TAG=p] [ROLE=help_text] HamroBazar मा सदस्यता परिवर्तन हाम्रो Facebook पेज बाट मात्र सम्भव छ,obstruction:ne:18,synthetic_v1,0,0,0,1,0,0,0,0
OkDam खाता बंद करने के लिए लाइव चैट को लिखें,obstruction,obstruction,hi,div,modal_text,[TAG=div] [ROLE=modal_text] OkDam खाता बंद करने के लिए लाइव चैट को लिखें,obstruction:hi:17,synthetic_v1,0,0,0,1,0,0,0,0
Daraz मा गोल्ड प्लान डाउनग्रेड गर्न हाम्रो हेल्पलाइन मा सम्पर्क गर्नुहोस्,obstruction,obstruction,ne,p,help_text,[TAG=p] [ROLE=help_text] Daraz मा गोल्ड प्लान डाउनग्रेड गर्न हाम्रो हेल्पलाइन मा सम्पर्क गर्नुहोस्,obstruction:ne:26,synthetic_v1,0,0,0,1,0,0,0,0
एयर फ्रायर को ऑर्डर से हटाने के लिए हमारा Viber सपोर्ट से संपर्क करें,obstruction,obstruction,hi,a,support_link,[TAG=a] [ROLE=support_link] एयर फ्रायर को ऑर्डर से हटाने के लिए हमारा Viber सपोर्ट से संपर्क करें,obstruction:hi:19,synthetic_v1,0,0,0,1,0,0,0,0
सर्दी का कंबल का रिफंड हमारा WhatsApp नंबर के ज़रिये ही मांगें,obstruction,obstruction,hi,div,modal_text,[TAG=div] [ROLE=modal_text] सर्दी का कंबल का रिफंड हमारा WhatsApp नंबर के ज़रिये ही मांगें,obstruction:hi:16,synthetic_v1,0,0,0,1,0,0,0,0
Contact support to delete your account,obstruction,obstruction,en,p,help_text,[TAG=p] [ROLE=help_text] Contact support to delete your account,obstruction:en:02,synthetic_v1,0,0,0,1,0,0,0,0
Snapdeal खाता बंद करने के लिए कॉल सेंटर को लिखें,obstruction,obstruction,hi,p,help_text,[TAG=p] [ROLE=help_text] Snapdeal खाता बंद करने के लिए कॉल सेंटर को लिखें,obstruction:hi:17,synthetic_v1,0,0,0,1,0,0,0,0
ऑफिस चेयर को ऑर्डर से हटाने के लिए हमारा सपोर्ट नंबर से संपर्क करें,obstruction,obstruction,hi,a,support_link,[TAG=a] [ROLE=support_link] ऑफिस चेयर को ऑर्डर से हटाने के लिए हमारा सपोर्ट नंबर से संपर्क करें,obstruction:hi:19,synthetic_v1,0,0,0,1,0,0,0,0
स्टडी लैंप को ऑर्डर से हटाने के लिए हमारी हेल्पलाइन से संपर्क करें,obstruction,obstruction,hi,div,modal_text,[TAG=div] [ROLE=modal_text] स्टडी लैंप को ऑर्डर से हटाने के लिए हमारी हेल्पलाइन से संपर्क करें,obstruction:hi:19,synthetic_v1,0,0,0,1,0,0,0,0
Salesberry खाता बंद करने के लिए हमारा सपोर्ट नंबर को लिखें,obstruction,obstruction,hi,div,modal_text,[TAG=div] [ROLE=modal_text] Salesberry खाता बंद करने के लिए हमारा सपोर्ट नंबर को लिखें,obstruction:hi:17,synthetic_v1,0,0,0,1,0,0,0,0
BigBasket पर प्राइम प्लान डाउनग्रेड करने के लिए कॉल सेंटर से संपर्क करें,obstruction,obstruction,hi,p,help_text,[TAG=p] [ROLE=help_text] BigBasket पर प्राइम प्लान डाउनग्रेड करने के लिए कॉल सेंटर से संपर्क करें,obstruction:hi:26,synthetic_v1,0,0,0,1,0,0,0,0
HamroBazar ऑर्डर रद्द करने के लिए हमारा Viber सपोर्ट से संपर्क करें,obstruction,obstruction,hi,a,support_link,[TAG=a] [ROLE=support_link] HamroBazar ऑर्डर रद्द करने के लिए हमारा Viber सपोर्ट से संपर्क करें,obstruction:hi:15,synthetic_v1,0,0,0,1,0,0,0,0
Flipkart ऑर्डर रद्द करने के लिए हमारा Viber सपोर्ट से संपर्क करें,obstruction,obstruction,hi,div,modal_text,[TAG=div] [ROLE=modal_text] Flipkart ऑर्डर रद्द करने के लिए हमारा Viber सपोर्ट से संपर्क करें,obstruction:hi:15,synthetic_v1,0,0,0,1,0,0,0,0
"To close your Daraz account, write to our Facebook page",obstruction,obstruction,en,div,modal_text,"[TAG=div] [ROLE=modal_text] To close your Daraz account, write to our Facebook page",obstruction:en:17,synthetic_v1,0,0,0,1,0,0,0,0
SastoDeal रिफन्डका लागि हाम्रो हेल्पलाइन को स्वीकृति चाहिन्छ,obstruction,obstruction,ne,p,help_text,[TAG=p] [ROLE=help_text] SastoDeal रिफन्डका लागि हाम्रो हेल्पलाइन को स्वीकृति चाहिन्छ,obstruction:ne:23,synthetic_v1,0,0,0,1,0,0,0,0
Kinbech रिफन्डका लागि कल सेन्टर को स्वीकृति चाहिन्छ,obstruction,obstruction,ne,p,help_text,[TAG=p] [ROLE=help_text] Kinbech रिफन्डका लागि कल सेन्टर को स्वीकृति चाहिन्छ,obstruction:ne:23,synthetic_v1,0,0,0,1,0,0,0,0
रिफंड के लिए 2 अतिरिक्त चरण पूरे करें,obstruction,obstruction,hi,a,support_link,[TAG=a] [ROLE=support_link] रिफंड के लिए 2 अतिरिक्त चरण पूरे करें,obstruction:hi:04,synthetic_v1,0,0,0,1,0,0,0,0
स्कूल बैग एक्सचेंज अनुरोध केवल हमारा Facebook पेज से होगा,obstruction,obstruction,hi,a,support_link,[TAG=a] [ROLE=support_link] स्कूल बैग एक्सचेंज अनुरोध केवल हमारा Facebook पेज से होगा,obstruction:hi:25,synthetic_v1,0,0,0,1,0,0,0,0
Reach our Facebook page to remove yoga mat from your order,obstruction,obstruction,en,div,modal_text,[TAG=div] [ROLE=modal_text] Reach our Facebook page to remove yoga mat from your order,obstruction:en:19,synthetic_v1,0,0,0,1,0,0,0,0
नोइज क्यान्सलिङ हेडफोन फिर्ता गर्नु छ? पहिले हाम्रो इमेल डेस्क मा फोन गर्नुहोस्,obstruction,obstruction,ne,a,support_link,[TAG=a] [ROLE=support_link] नोइज क्यान्सलिङ हेडफोन फिर्ता गर्नु छ? पहिले हाम्रो इमेल डेस्क मा फोन गर्नुहोस्,obstruction:ne:22,synthetic_v1,0,0,0,1,0,0,0,0
"To downgrade, submit a request from the Pune office portal",obstruction,obstruction,en,p,help_text,"[TAG=p] [ROLE=help_text] To downgrade, submit a request from the Pune office portal",obstruction:en:12,synthetic_v1,0,0,0,1,0,0,0,0
Muncha रद्दीकरणका लागि हाम्रो Facebook पेज बाट प्रमाणीकरण आवश्यक छ,obstruction,obstruction,ne,a,support_link,[TAG=a] [ROLE=support_link] Muncha रद्दीकरणका लागि हाम्रो Facebook पेज बाट प्रमाणीकरण आवश्यक छ,obstruction:ne:20,synthetic_v1,0,0,0,1,0,0,0,0
ब्लुटुथ स्पिकर फिर्ता गर्नु छ? पहिले हाम्रो हेल्पलाइन मा फोन गर्नुहोस्,obstruction,obstruction,ne,a,support_link,[TAG=a] [ROLE=support_link] ब्लुटुथ स्पिकर फिर्ता गर्नु छ? पहिले हाम्रो हेल्पलाइन मा फोन गर्नुहोस्,obstruction:ne:22,synthetic_v1,0,0,0,1,0,0,0,0
Reliance Digital मा सदस्यता परिवर्तन हाम्रो WhatsApp नम्बर बाट मात्र सम्भव छ,obstruction,obstruction,ne,a,support_link,[TAG=a] [ROLE=support_link] Reliance Digital मा सदस्यता परिवर्तन हाम्रो WhatsApp नम्बर बाट मात्र सम्भव छ,obstruction:ne:18,synthetic_v1,0,0,0,1,0,0,0,0
Blinkit पर गोल्ड प्लान डाउनग्रेड करने के लिए हमारा सपोर्ट नंबर से संपर्क करें,obstruction,obstruction,hi,a,support_link,[TAG=a] [ROLE=support_link] Blinkit पर गोल्ड प्लान डाउनग्रेड करने के लिए हमारा सपोर्ट नंबर से संपर्क करें,obstruction:hi:26,synthetic_v1,0,0,0,1,0,0,0,0
फिर्ता अनुरोध 7 दिनभित्र फोनबाट गर्नुपर्छ,obstruction,obstruction,ne,div,modal_text,[TAG=div] [ROLE=modal_text] फिर्ता अनुरोध 7 दिनभित्र फोनबाट गर्नुपर्छ,obstruction:ne:13,synthetic_v1,0,0,0,1,0,0,0,0
Nykaa खाता बंद करने के लिए हमारा ईमेल डेस्क को लिखें,obstruction,obstruction,hi,a,support_link,[TAG=a] [ROLE=support_link] Nykaa खाता बंद करने के लिए हमारा ईमेल डेस्क को लिखें,obstruction:hi:17,synthetic_v1,0,0,0,1,0,0,0,0
डाउनग्रेड के लिए नासिक कार्यालय पोर्टल से अनुरोध करें,obstruction,obstruction,hi,p,help_text,[TAG=p] [ROLE=help_text] डाउनग्रेड के लिए नासिक कार्यालय पोर्टल से अनुरोध करें,obstruction:hi:12,synthetic_v1,0,0,0,1,0,0,0,0
Return requests must be raised by phone within 3 days,obstruction,obstruction,en,a,support_link,[TAG=a] [ROLE=support_link] Return requests must be raised by phone within 3 days,obstruction:en:13,synthetic_v1,0,0,0,1,0,0,0,0
स्वतः नवीकरण बन्द गर्न 10 दिनभित्र हाम्रो सपोर्ट नम्बर मा सम्पर्क गर्नुहोस्,obstruction,obstruction,ne,p,help_text,[TAG=p] [ROLE=help_text] स्वतः नवीकरण बन्द गर्न 10 दिनभित्र हाम्रो सपोर्ट नम्बर मा सम्पर्क गर्नुहोस्,obstruction:ne:21,synthetic_v1,0,0,0,1,0,0,0,0
Reach our email desk to remove formal shirt from your order,obstruction,obstruction,en,p,help_text,[TAG=p] [ROLE=help_text] Reach our email desk to remove formal shirt from your order,obstruction:en:19,synthetic_v1,0,0,0,1,0,0,0,0
Muncha डाटा हटाउन हाम्रो इमेल डेस्क लाई लिखित अनुरोध पठाउनुहोस्,obstruction,obstruction,ne,div,modal_text,[TAG=div] [ROLE=modal_text] Muncha डाटा हटाउन हाम्रो इमेल डेस्क लाई लिखित अनुरोध पठाउनुहोस्,obstruction:ne:24,synthetic_v1,0,0,0,1,0,0,0,0
Muncha मा प्राइम प्लान डाउनग्रेड गर्न हाम्रो WhatsApp नम्बर मा सम्पर्क गर्नुहोस्,obstruction,obstruction,ne,p,help_text,[TAG=p] [ROLE=help_text] Muncha मा प्राइम प्लान डाउनग्रेड गर्न हाम्रो WhatsApp नम्बर मा सम्पर्क गर्नुहोस्,obstruction:ne:26,synthetic_v1,0,0,0,1,0,0,0,0
स्टडी लाइट अर्डरबाट हटाउन लाइभ च्याट मा सम्पर्क गर्नुहोस्,obstruction,obstruction,ne,p,help_text,[TAG=p] [ROLE=help_text] स्टडी लाइट अर्डरबाट हटाउन लाइभ च्याट मा सम्पर्क गर्नुहोस्,obstruction:ne:19,synthetic_v1,0,0,0,1,0,0,0,0
OkDam डाटा हटाउन लाइभ च्याट लाई लिखित अनुरोध पठाउनुहोस्,obstruction,obstruction,ne,div,modal_text,[TAG=div] [ROLE=modal_text] OkDam डाटा हटाउन लाइभ च्याट लाई लिखित अनुरोध पठाउनुहोस्,obstruction:ne:24,synthetic_v1,0,0,0,1,0,0,0,0
"To downgrade, submit a request from the Surat office portal",obstruction,obstruction,en,div,modal_text,"[TAG=div] [ROLE=modal_text] To downgrade, submit a request from the Surat office portal",obstruction:en:12,synthetic_v1,0,0,0,1,0,0,0,0
स्वतः नवीकरण बन्द गर्न 12 दिनभित्र हाम्रो Viber सपोर्ट मा सम्पर्क गर्नुहोस्,obstruction,obstruction,ne,a,support_link,[TAG=a] [ROLE=support_link] स्वतः नवीकरण बन्द गर्न 12 दिनभित्र हाम्रो Viber सपोर्ट मा सम्पर्क गर्नुहोस्,obstruction:ne:21,synthetic_v1,0,0,0,1,0,0,0,0
office chair exchange requests go through our email desk only,obstruction,obstruction,en,div,modal_text,[TAG=div] [ROLE=modal_text] office chair exchange requests go through our email desk only,obstruction:en:25,synthetic_v1,0,0,0,1,0,0,0,0
स्टडी लाइट को रिफन्ड हाम्रो सपोर्ट नम्बर मार्फत मात्र माग्नुहोस्,obstruction,obstruction,ne,div,modal_text,[TAG=div] [ROLE=modal_text] स्टडी लाइट को रिफन्ड हाम्रो सपोर्ट नम्बर मार्फत मात्र माग्नुहोस्,obstruction:ne:16,synthetic_v1,0,0,0,1,0,0,0,0
डाउनग्रेड गर्न भक्तपुर कार्यालय पोर्टलबाट अनुरोध गर्नुहोस्,obstruction,obstruction,ne,a,support_link,[TAG=a] [ROLE=support_link] डाउनग्रेड गर्न भक्तपुर कार्यालय पोर्टलबाट अनुरोध गर्नुहोस्,obstruction:ne:12,synthetic_v1,0,0,0,1,0,0,0,0
Tata Cliq खाता बन्द गर्न हाम्रो Viber सपोर्ट लाई लेख्नुहोस्,obstruction,obstruction,ne,a,support_link,[TAG=a] [ROLE=support_link] Tata Cliq खाता बन्द गर्न हाम्रो Viber सपोर्ट लाई लेख्नुहोस्,obstruction:ne:17,synthetic_v1,0,0,0,1,0,0,0,0
Reliance Digital पर सब्सक्रिप्शन बदलाव केवल हमारा WhatsApp नंबर से संभव है,obstruction,obstruction,hi,a,support_link,[TAG=a] [ROLE=support_link] Reliance Digital पर सब्सक्रिप्शन बदलाव केवल हमारा WhatsApp नंबर से संभव है,obstruction:hi:18,synthetic_v1,0,0,0,1,0,0,0,0
प्रोटिन पाउडर फिर्ता गर्नु छ? पहिले हाम्रो WhatsApp नम्बर मा फोन गर्नुहोस्,obstruction,obstruction,ne,p,help_text,[TAG=p] [ROLE=help_text] प्रोटिन पाउडर फिर्ता गर्नु छ? पहिले हाम्रो WhatsApp नम्बर मा फोन गर्नुहोस्,obstruction:ne:22,synthetic_v1,0,0,0,1,0,0,0,0
Subscription changes at BigBasket are only possible via our Facebook page,obstruction,obstruction,en,div,modal_text,[TAG=div] [ROLE=modal_text] Subscription changes at BigBasket are only possible via our Facebook page,obstruction:en:18,synthetic_v1,0,0,0,1,0,0,0,0
फेस वास फिर्ता गर्नु छ? पहिले हाम्रो सपोर्ट नम्बर मा फोन गर्नुहोस्,obstruction,obstruction,ne,a,support_link,[TAG=a] [ROLE=support_link] फेस वास फिर्ता गर्नु छ? पहिले हाम्रो सपोर्ट नम्बर मा फोन गर्नुहोस्,obstruction:ne:22,synthetic_v1,0,0,0,1,0,0,0,0
Subscription changes at JioMart are only possible via our Facebook page,obstruction,obstruction,en,p,help_text,[TAG=p] [ROLE=help_text] Subscription changes at JioMart are only possible via our Facebook page,obstruction:en:18,synthetic_v1,0,0,0,1,0,0,0,0
hair dryer exchange requests go through our Facebook page only,obstruction,obstruction,en,p,help_text,[TAG=p] [ROLE=help_text] hair dryer exchange requests go through our Facebook page only,obstruction:en:25,synthetic_v1,0,0,0,1,0,0,0,0
Are you sure? Continue to step 4 to cancel,obstruction,obstruction,en,a,support_link,[TAG=a] [ROLE=support_link] Are you sure? Continue to step 4 to cancel,obstruction:en:10,synthetic_v1,0,0,0,1,0,0,0,0
Returning winter blanket? Please call our WhatsApp number first,obstruction,obstruction,en,div,modal_text,[TAG=div] [ROLE=modal_text] Returning winter blanket? Please call our WhatsApp number first,obstruction:en:22,synthetic_v1,0,0,0,1,0,0,0,0
Reliance Digital खाता बन्द गर्न हाम्रो WhatsApp नम्बर लाई लेख्नुहोस्,obstruction,obstruction,ne,p,help_text,[TAG=p] [ROLE=help_text] Reliance Digital खाता बन्द गर्न हाम्रो WhatsApp नम्बर लाई लेख्नुहोस्,obstruction:ne:17,synthetic_v1,0,0,0,1,0,0,0,0
Daraz रद्दीकरणका लागि हाम्रो सपोर्ट नम्बर बाट प्रमाणीकरण आवश्यक छ,obstruction,obstruction,ne,a,support_link,[TAG=a] [ROLE=support_link] Daraz रद्दीकरणका लागि हाम्रो सपोर्ट नम्बर बाट प्रमाणीकरण आवश्यक छ,obstruction:ne:20,synthetic_v1,0,0,0,1,0,0,0,0
बैकपैक का रिफंड हमारा ईमेल डेस्क के ज़रिये ही मांगें,obstruction,obstruction,hi,a,support_link,[TAG=a] [ROLE=support_link] बैकपैक का रिफंड हमारा ईमेल डेस्क के ज़रिये ही मांगें,obstruction:hi:16,synthetic_v1,0,0,0,1,0,0,0,0
"To close your Salesberry account, write to our support line",obstruction,obstruction,en,a,support_link,"[TAG=a] [ROLE=support_link] To close your Salesberry account, write to our support line",obstruction:en:17,synthetic_v1,0,0,0,1,0,0,0,0
Muncha खाता बंद करने के लिए कॉल सेंटर को लिखें,obstruction,obstruction,hi,a,support_link,[TAG=a] [ROLE=support_link] Muncha खाता बंद करने के लिए कॉल सेंटर को लिखें,obstruction:hi:17,synthetic_v1,0,0,0,1,0,0,0,0
Returning induction cooktop? Please call live chat first,obstruction,obstruction,en,p,help_text,[TAG=p] [ROLE=help_text] Returning induction cooktop? Please call live chat first,obstruction:en:22,synthetic_v1,0,0,0,1,0,0,0,0
Nykaa रद्दीकरण के लिए हमारा Facebook पेज से सत्यापन ज़रूरी है,obstruction,obstruction,hi,a,support_link,[TAG=a] [ROLE=support_link] Nykaa रद्दीकरण के लिए हमारा Facebook पेज से सत्यापन ज़रूरी है,obstruction:hi:20,synthetic_v1,0,0,0,1,0,0,0,0
राइस कुकर एक्सचेंज अनुरोध केवल हमारी हेल्पलाइन से होगा,obstruction,obstruction,hi,a,support_link,[TAG=a] [ROLE=support_link] राइस कुकर एक्सचेंज अनुरोध केवल हमारी हेल्पलाइन से होगा,obstruction:hi:25,synthetic_v1,0,0,0,1,0,0,0,0
लैपटॉप बैग को ऑर्डर से हटाने के लिए हमारा Viber सपोर्ट से संपर्क करें,obstruction,obstruction,hi,p,help_text,[TAG=p] [ROLE=help_text] लैपटॉप बैग को ऑर्डर से हटाने के लिए हमारा Viber सपोर्ट से संपर्क करें,obstruction:hi:19,synthetic_v1,0,0,0,1,0,0,0,0
Reach our support line to remove air fryer from your order,obstruction,obstruction,en,div,modal_text,[TAG=div] [ROLE=modal_text] Reach our support line to remove air fryer from your order,obstruction:en:19,synthetic_v1,0,0,0,1,0,0,0,0
फोन कवर का रिफंड हमारी हेल्पलाइन के ज़रिये ही मांगें,obstruction,obstruction,hi,p,help_text,[TAG=p] [ROLE=help_text] फोन कवर का रिफंड हमारी हेल्पलाइन के ज़रिये ही मांगें,obstruction:hi:16,synthetic_v1,0,0,0,1,0,0,0,0
Tata Cliq खाता बन्द गर्न हाम्रो हेल्पलाइन लाई लेख्नुहोस्,obstruction,obstruction,ne,p,help_text,[TAG=p] [ROLE=help_text] Tata Cliq खाता बन्द गर्न हाम्रो हेल्पलाइन लाई लेख्नुहोस्,obstruction:ne:17,synthetic_v1,0,0,0,1,0,0,0,0
Snapdeal पर प्रीमियम प्लान डाउनग्रेड करने के लिए हमारा Facebook पेज से संपर्क करें,obstruction,obstruction,hi,a,support_link,[TAG=a] [ROLE=support_link] Snapdeal पर प्रीमियम प्लान डाउनग्रेड करने के लिए हमारा Facebook पेज से संपर्क करें,obstruction:hi:26,synthetic_v1,0,0,0,1,0,0,0,0
Subscription changes at Amazon are only possible via the call centre,obstruction,obstruction,en,div,modal_text,[TAG=div] [ROLE=modal_text] Subscription changes at Amazon are only possible via the call centre,obstruction:en:18,synthetic_v1,0,0,0,1,0,0,0,0
इन्डक्सन चुल्हो फिर्ता गर्नु छ? पहिले हाम्रो Facebook पेज मा फोन गर्नुहोस्,obstruction,obstruction,ne,div,modal_text,[TAG=div] [ROLE=modal_text] इन्डक्सन चुल्हो फिर्ता गर्नु छ? पहिले हाम्रो Facebook पेज मा फोन गर्नुहोस्,obstruction:ne:22,synthetic_v1,0,0,0,1,0,0,0,0
Your Zepto refund needs approval from the call centre,obstruction,obstruction,en,a,support_link,[TAG=a] [ROLE=support_link] Your Zepto refund needs approval from the call centre,obstruction:en:23,synthetic_v1,0,0,0,1,0,0,0,0
OkDam रिफन्डका लागि हाम्रो इमेल डेस्क को स्वीकृति चाहिन्छ,obstruction,obstruction,ne,p,help_text,[TAG=p] [ROLE=help_text] OkDam रिफन्डका लागि हाम्रो इमेल डेस्क को स्वीकृति चाहिन्छ,obstruction:ne:23,synthetic_v1,0,0,0,1,0,0,0,0
FirstCry पर गोल्ड प्लान डाउनग्रेड करने के लिए हमारा ईमेल डेस्क से संपर्क करें,obstruction,obstruction,hi,a,support_link,[TAG=a] [ROLE=support_link] FirstCry पर गोल्ड प्लान डाउनग्रेड करने के लिए हमारा ईमेल डेस्क से संपर्क करें,obstruction:hi:26,synthetic_v1,0,0,0,1,0,0,0,0
डाउनग्रेड के लिए मुंबई कार्यालय पोर्टल से अनुरोध करें,obstruction,obstruction,hi,p,help_text,[TAG=p] [ROLE=help_text] डाउनग्रेड के लिए मुंबई कार्यालय पोर्टल से अनुरोध करें,obstruction:hi:12,synthetic_v1,0,0,0,1,0,0,0,0
"To close your Ajio account, write to the call centre",obstruction,obstruction,en,div,modal_text,"[TAG=div] [ROLE=modal_text] To close your Ajio account, write to the call centre",obstruction:en:17,synthetic_v1,0,0,0,1,0,0,0,0
"To downgrade your Pro plan at Kinbech, contact our email desk",obstruction,obstruction,en,a,support_link,"[TAG=a] [ROLE=support_link] To downgrade your Pro plan at Kinbech, contact our email desk",obstruction:en:26,synthetic_v1,0,0,0,1,0,0,0,0
ट्रेकिङ ज्याकेट को रिफन्ड लाइभ च्याट मार्फत मात्र माग्नुहोस्,obstruction,obstruction,ne,a,support_link,[TAG=a] [ROLE=support_link] ट्रेकिङ ज्याकेट को रिफन्ड लाइभ च्याट मार्फत मात्र माग्नुहोस्,obstruction:ne:16,synthetic_v1,0,0,0,1,0,0,0,0
SastoDeal मा प्रो प्लान डाउनग्रेड गर्न कल सेन्टर मा सम्पर्क गर्नुहोस्,obstruction,obstruction,ne,p,help_text,[TAG=p] [ROLE=help_text] SastoDeal मा प्रो प्लान डाउनग्रेड गर्न कल सेन्टर मा सम्पर्क गर्नुहोस्,obstruction:ne:26,synthetic_v1,0,0,0,1,0,0,0,0
Nykaa खाता बन्द गर्न हाम्रो WhatsApp नम्बर लाई लेख्नुहोस्,obstruction,obstruction,ne,a,support_link,[TAG=a] [ROLE=support_link] Nykaa खाता बन्द गर्न हाम्रो WhatsApp नम्बर लाई लेख्नुहोस्,obstruction:ne:17,synthetic_v1,0,0,0,1,0,0,0,0
Daraz अर्डर रद्द गर्न हाम्रो Facebook पेज मा सम्पर्क गर्नुहोस्,obstruction,obstruction,ne,p,help_text,[TAG=p] [ROLE=help_text] Daraz अर्डर रद्द गर्न हाम्रो Facebook पेज मा सम्पर्क गर्नुहोस्,obstruction:ne:15,synthetic_v1,0,0,0,1,0,0,0,0
Daraz खाता बंद करने के लिए हमारी हेल्पलाइन को लिखें,obstruction,obstruction,hi,div,modal_text,[TAG=div] [ROLE=modal_text] Daraz खाता बंद करने के लिए हमारी हेल्पलाइन को लिखें,obstruction:hi:17,synthetic_v1,0,0,0,1,0,0,0,0
Returning bluetooth speaker? Please call our WhatsApp number first,obstruction,obstruction,en,div,modal_text,[TAG=div] [ROLE=modal_text] Returning bluetooth speaker? Please call our WhatsApp number first,obstruction:en:22,synthetic_v1,0,0,0,1,0,0,0,0
Reach our Viber support to remove backpack from your order,obstruction,obstruction,en,a,support_link,[TAG=a] [ROLE=support_link] Reach our Viber support to remove backpack from your order,obstruction:en:19,synthetic_v1,0,0,0,1,0,0,0,0
ऑटो-रिन्यूअल बंद करने के लिए 9 दिन में हमारा सपोर्ट नंबर से संपर्क करें,obstruction,obstruction,hi,div,modal_text,[TAG=div] [ROLE=modal_text] ऑटो-रिन्यूअल बंद करने के लिए 9 दिन में हमारा सपोर्ट नंबर से संपर्क करें,obstruction:hi:21,synthetic_v1,0,0,0,1,0,0,0,0
BigBasket मा सदस्यता परिवर्तन हाम्रो Viber सपोर्ट बाट मात्र सम्भव छ,obstruction,obstruction,ne,a,support_link,[TAG=a] [ROLE=support_link] BigBasket मा सदस्यता परिवर्तन हाम्रो Viber सपोर्ट बाट मात्र सम्भव छ,obstruction:ne:18,synthetic_v1,0,0,0,1,0,0,0,0
Croma रद्दीकरण के लिए हमारा Viber सपोर्ट से सत्यापन ज़रूरी है,obstruction,obstruction,hi,a,support_link,[TAG=a] [ROLE=support_link] Croma रद्दीकरण के लिए हमारा Viber सपोर्ट से सत्यापन ज़रूरी है,obstruction:hi:20,synthetic_v1,0,0,0,1,0,0,0,0
योगा म्याट अर्डरबाट हटाउन हाम्रो Viber सपोर्ट मा सम्पर्क गर्नुहोस्,obstruction,obstruction,ne,div,modal_text,[TAG=div] [ROLE=modal_text] योगा म्याट अर्डरबाट हटाउन हाम्रो Viber सपोर्ट मा सम्पर्क गर्नुहोस्,obstruction:ne:19,synthetic_v1,0,0,0,1,0,0,0,0
Refunds for school bag must be requested through the call centre,obstruction,obstruction,en,div,modal_text,[TAG=div] [ROLE=modal_text] Refunds for school bag must be requested through the call centre,obstruction:en:16,synthetic_v1,0,0,0,1,0,0,0,0
Subscription changes at Meesho are only possible via live chat,obstruction,obstruction,en,p,help_text,[TAG=p] [ROLE=help_text] Subscription changes at Meesho are only possible via live chat,obstruction:en:18,synthetic_v1,0,0,0,1,0,0,0,0
JioMart मा सदस्यता परिवर्तन हाम्रो इमेल डेस्क बाट मात्र सम्भव छ,obstruction,obstruction,ne,a,support_link,[TAG=a] [ROLE=support_link] JioMart मा सदस्यता परिवर्तन हाम्रो इमेल डेस्क बाट मात्र सम्भव छ,obstruction:ne:18,synthetic_v1,0,0,0,1,0,0,0,0
Flipkart रिफन्डका लागि हाम्रो Facebook पेज को स्वीकृति चाहिन्छ,obstruction,obstruction,ne,p,help_text,[TAG=p] [ROLE=help_text] Flipkart रिफन्डका लागि हाम्रो Facebook पेज को स्वीकृति चाहिन्छ,obstruction:ne:23,synthetic_v1,0,0,0,1,0,0,0,0
Daraz अर्डर रद्द गर्न हाम्रो हेल्पलाइन मा सम्पर्क गर्नुहोस्,obstruction,obstruction,ne,div,modal_text,[TAG=div] [ROLE=modal_text] Daraz अर्डर रद्द गर्न हाम्रो हेल्पलाइन मा सम्पर्क गर्नुहोस्,obstruction:ne:15,synthetic_v1,0,0,0,1,0,0,0,0
Kinbech cancellations require verification through our WhatsApp number,obstruction,obstruction,en,div,modal_text,[TAG=div] [ROLE=modal_text] Kinbech cancellations require verification through our WhatsApp number,obstruction:en:20,synthetic_v1,0,0,0,1,0,0,0,0
डाउनग्रेड गर्न बागलुङ कार्यालय पोर्टलबाट अनुरोध गर्नुहोस्,obstruction,obstruction,ne,p,help_text,[TAG=p] [ROLE=help_text] डाउनग्रेड गर्न बागलुङ कार्यालय पोर्टलबाट अनुरोध गर्नुहोस्,obstruction:ne:12,synthetic_v1,0,0,0,1,0,0,0,0
SastoDeal अर्डर रद्द गर्न हाम्रो सपोर्ट नम्बर मा सम्पर्क गर्नुहोस्,obstruction,obstruction,ne,div,modal_text,[TAG=div] [ROLE=modal_text] SastoDeal अर्डर रद्द गर्न हाम्रो सपोर्ट नम्बर मा सम्पर्क गर्नुहोस्,obstruction:ne:15,synthetic_v1,0,0,0,1,0,0,0,0
फेस वास सट्टा अनुरोध हाम्रो Viber सपोर्ट बाट मात्र हुन्छ,obstruction,obstruction,ne,div,modal_text,[TAG=div] [ROLE=modal_text] फेस वास सट्टा अनुरोध हाम्रो Viber सपोर्ट बाट मात्र हुन्छ,obstruction:ne:25,synthetic_v1,0,0,0,1,0,0,0,0
डाउनग्रेड के लिए भोपाल कार्यालय पोर्टल से अनुरोध करें,obstruction,obstruction,hi,div,modal_text,[TAG=div] [ROLE=modal_text] डाउनग्रेड के लिए भोपाल कार्यालय पोर्टल से अनुरोध करें,obstruction:hi:12,synthetic_v1,0,0,0,1,0,0,0,0
"To downgrade your Prime plan at HamroBazar, contact our Viber support",obstruction,obstruction,en,a,support_link,"[TAG=a] [ROLE=support_link] To downgrade your Prime plan at HamroBazar, contact our Viber support",obstruction:en:26,synthetic_v1,0,0,0,1,0,0,0,0
स्वतः नवीकरण बन्द गर्न 9 दिनभित्र हाम्रो Facebook पेज मा सम्पर्क गर्नुहोस्,obstruction,obstruction,ne,a,support_link,[TAG=a] [ROLE=support_link] स्वतः नवीकरण बन्द गर्न 9 दिनभित्र हाम्रो Facebook पेज मा सम्पर्क गर्नुहोस्,obstruction:ne:21,synthetic_v1,0,0,0,1,0,0,0,0
Myntra रद्दीकरणका लागि हाम्रो सपोर्ट नम्बर बाट प्रमाणीकरण आवश्यक छ,obstruction,obstruction,ne,div,modal_text,[TAG=div] [ROLE=modal_text] Myntra रद्दीकरणका लागि हाम्रो सपोर्ट नम्बर बाट प्रमाणीकरण आवश्यक छ,obstruction:ne:20,synthetic_v1,0,0,0,1,0,0,0,0
Kinbech पर प्लस प्लान डाउनग्रेड करने के लिए कॉल सेंटर से संपर्क करें,obstruction,obstruction,hi,div,modal_text,[TAG=div] [ROLE=modal_text] Kinbech पर प्लस प्लान डाउनग्रेड करने के लिए कॉल सेंटर से संपर्क करें,obstruction:hi:26,synthetic_v1,0,0,0,1,0,0,0,0
Amazon खाता बन्द गर्न हाम्रो इमेल डेस्क लाई लेख्नुहोस्,obstruction,obstruction,ne,a,support_link,[TAG=a] [ROLE=support_link] Amazon खाता बन्द गर्न हाम्रो इमेल डेस्क लाई लेख्नुहोस्,obstruction:ne:17,synthetic_v1,0,0,0,1,0,0,0,0
Your Lenskart refund needs approval from our Facebook page,obstruction,obstruction,en,p,help_text,[TAG=p] [ROLE=help_text] Your Lenskart refund needs approval from our Facebook page,obstruction:en:23,synthetic_v1,0,0,0,1,0,0,0,0
Ajio रद्दीकरण के लिए हमारा Facebook पेज से सत्यापन ज़रूरी है,obstruction,obstruction,hi,p,help_text,[TAG=p] [ROLE=help_text] Ajio रद्दीकरण के लिए हमारा Facebook पेज से सत्यापन ज़रूरी है,obstruction:hi:20,synthetic_v1,0,0,0,1,0,0,0,0
स्पोर्ट्स चप्पल को रिफन्ड लाइभ च्याट मार्फत मात्र माग्नुहोस्,obstruction,obstruction,ne,div,modal_text,[TAG=div] [ROLE=modal_text] स्पोर्ट्स चप्पल को रिफन्ड लाइभ च्याट मार्फत मात्र माग्नुहोस्,obstruction:ne:16,synthetic_v1,0,0,0,1,0,0,0,0
"To cancel your SastoDeal order, contact live chat",obstruction,obstruction,en,a,support_link,"[TAG=a] [ROLE=support_link] To cancel your SastoDeal order, contact live chat",obstruction:en:15,synthetic_v1,0,0,0,1,0,0,0,0
प्रोटिन पाउडर फिर्ता गर्नु छ? पहिले हाम्रो हेल्पलाइन मा फोन गर्नुहोस्,obstruction,obstruction,ne,p,help_text,[TAG=p] [ROLE=help_text] प्रोटिन पाउडर फिर्ता गर्नु छ? पहिले हाम्रो हेल्पलाइन मा फोन गर्नुहोस्,obstruction:ne:22,synthetic_v1,0,0,0,1,0,0,0,0
स्वतः नवीकरण बन्द गर्न 7 दिनभित्र हाम्रो हेल्पलाइन मा सम्पर्क गर्नुहोस्,obstruction,obstruction,ne,div,modal_text,[TAG=div] [ROLE=modal_text] स्वतः नवीकरण बन्द गर्न 7 दिनभित्र हाम्रो हेल्पलाइन मा सम्पर्क गर्नुहोस्,obstruction:ne:21,synthetic_v1,0,0,0,1,0,0,0,0
Croma ऑर्डर रद्द करने के लिए हमारा WhatsApp नंबर से संपर्क करें,obstruction,obstruction,hi,div,modal_text,[TAG=div] [ROLE=modal_text] Croma ऑर्डर रद्द करने के लिए हमारा WhatsApp नंबर से संपर्क करें,obstruction:hi:15,synthetic_v1,0,0,0,1,0,0,0,0
प्रोटीन पाउडर लौटाना है? पहले लाइव चैट पर कॉल करें,obstruction,obstruction,hi,div,modal_text,[TAG=div] [ROLE=modal_text] प्रोटीन पाउडर लौटाना है? पहले लाइव चैट पर कॉल करें,obstruction:hi:22,synthetic_v1,0,0,0,1,0,0,0,0
Reach our support line to remove water bottle from your order,obstruction,obstruction,en,p,help_text,[TAG=p] [ROLE=help_text] Reach our support line to remove water bottle from your order,obstruction:en:19,synthetic_v1,0,0,0,1,0,0,0,0
Refunds for office chair must be requested through our helpline,obstruction,obstruction,en,a,support_link,[TAG=a] [ROLE=support_link] Refunds for office chair must be requested through our helpline,obstruction:en:16,synthetic_v1,0,0,0,1,0,0,0,0
Your JioMart refund needs approval from our support line,obstruction,obstruction,en,div,modal_text,[TAG=div] [ROLE=modal_text] Your JioMart refund needs approval from our support line,obstruction:en:23,synthetic_v1,0,0,0,1,0,0,0,0
ऑटो-रिन्यूअल बंद करने के लिए 6 दिन में हमारा सपोर्ट नंबर से संपर्क करें,obstruction,obstruction,hi,p,help_text,[TAG=p] [ROLE=help_text] ऑटो-रिन्यूअल बंद करने के लिए 6 दिन में हमारा सपोर्ट नंबर से संपर्क करें,obstruction:hi:21,synthetic_v1,0,0,0,1,0,0,0,0
Are you sure? Continue to step 8 to cancel,obstruction,obstruction,en,div,modal_text,[TAG=div] [ROLE=modal_text] Are you sure? Continue to step 8 to cancel,obstruction:en:10,synthetic_v1,0,0,0,1,0,0,0,0
Refunds for smartwatch must be requested through live chat,obstruction,obstruction,en,p,help_text,[TAG=p] [ROLE=help_text] Refunds for smartwatch must be requested through live chat,obstruction:en:16,synthetic_v1,0,0,0,1,0,0,0,0
स्टडी लैंप एक्सचेंज अनुरोध केवल लाइव चैट से होगा,obstruction,obstruction,hi,div,modal_text,[TAG=div] [ROLE=modal_text] स्टडी लैंप एक्सचेंज अनुरोध केवल लाइव चैट से होगा,obstruction:hi:25,synthetic_v1,0,0,0,1,0,0,0,0
Daraz डेटा हटाने के लिए लाइव चैट को लिखित अनुरोध भेजें,obstruction,obstruction,hi,p,help_text,[TAG=p] [ROLE=help_text] Daraz डेटा हटाने के लिए लाइव चैट को लिखित अनुरोध भेजें,obstruction:hi:24,synthetic_v1,0,0,0,1,0,0,0,0
"To cancel your Lenskart order, contact our Facebook page",obstruction,obstruction,en,p,help_text,"[TAG=p] [ROLE=help_text] To cancel your Lenskart order, contact our Facebook page",obstruction:en:15,synthetic_v1,0,0,0,1,0,0,0,0
रद्द गर्न 10 कार्य दिनभित्र सम्पर्क गर्नुहोस्,obstruction,obstruction,ne,div,modal_text,[TAG=div] [ROLE=modal_text] रद्द गर्न 10 कार्य दिनभित्र सम्पर्क गर्नुहोस्,obstruction:ne:05,synthetic_v1,0,0,0,1,0,0,0,0
OkDam मा प्राइम प्लान डाउनग्रेड गर्न हाम्रो WhatsApp नम्बर मा सम्पर्क गर्नुहोस्,obstruction,obstruction,ne,a,support_link,[TAG=a] [ROLE=support_link] OkDam मा प्राइम प्लान डाउनग्रेड गर्न हाम्रो WhatsApp नम्बर मा सम्पर्क गर्नुहोस्,obstruction:ne:26,synthetic_v1,0,0,0,1,0,0,0,0
Lenskart मा प्रो प्लान डाउनग्रेड गर्न कल सेन्टर मा सम्पर्क गर्नुहोस्,obstruction,obstruction,ne,div,modal_text,[TAG=div] [ROLE=modal_text] Lenskart मा प्रो प्लान डाउनग्रेड गर्न कल सेन्टर मा सम्पर्क गर्नुहोस्,obstruction:ne:26,synthetic_v1,0,0,0,1,0,0,0,0
JioMart ऑर्डर रद्द करने के लिए हमारी हेल्पलाइन से संपर्क करें,obstruction,obstruction,hi,div,modal_text,[TAG=div] [ROLE=modal_text] JioMart ऑर्डर रद्द करने के लिए हमारी हेल्पलाइन से संपर्क करें,obstruction:hi:15,synthetic_v1,0,0,0,1,0,0,0,0
Nykaa खाता बन्द गर्न हाम्रो Viber सपोर्ट लाई लेख्नुहोस्,obstruction,obstruction,ne,div,modal_text,[TAG=div] [ROLE=modal_text] Nykaa खाता बन्द गर्न हाम्रो Viber सपोर्ट लाई लेख्नुहोस्,obstruction:ne:17,synthetic_v1,0,0,0,1,0,0,0,0
धूप का चश्मा का रिफंड हमारा WhatsApp नंबर के ज़रिये ही मांगें,obstruction,obstruction,hi,div,modal_text,[TAG=div] [ROLE=modal_text] धूप का चश्मा का रिफंड हमारा WhatsApp नंबर के ज़रिये ही मांगें,obstruction:hi:16,synthetic_v1,0,0,0,1,0,0,0,0
"To downgrade your Premium plan at FirstCry, contact our support line",obstruction,obstruction,en,p,help_text,"[TAG=p] [ROLE=help_text] To downgrade your Premium plan at FirstCry, contact our support line",obstruction:en:26,synthetic_v1,0,0,0,1,0,0,0,0
"To stop auto-renewal, contact our Viber support within 5 days",obstruction,obstruction,en,a,support_link,"[TAG=a] [ROLE=support_link] To stop auto-renewal, contact our Viber support within 5 days",obstruction:en:21,synthetic_v1,0,0,0,1,0,0,0,0
"To cancel your Gyapu order, contact the call centre",obstruction,obstruction,en,p,help_text,"[TAG=p] [ROLE=help_text] To cancel your Gyapu order, contact the call centre",obstruction:en:15,synthetic_v1,0,0,0,1,0,0,0,0
FirstCry cancellations require verification through our Facebook page,obstruction,obstruction,en,div,modal_text,[TAG=div] [ROLE=modal_text] FirstCry cancellations require verification through our Facebook page,obstruction:en:20,synthetic_v1,0,0,0,1,0,0,0,0
राइस कुकर को रिफन्ड लाइभ च्याट मार्फत मात्र माग्नुहोस्,obstruction,obstruction,ne,p,help_text,[TAG=p] [ROLE=help_text] राइस कुकर को रिफन्ड लाइभ च्याट मार्फत मात्र माग्नुहोस्,obstruction:ne:16,synthetic_v1,0,0,0,1,0,0,0,0
SastoDeal रद्दीकरणका लागि लाइभ च्याट बाट प्रमाणीकरण आवश्यक छ,obstruction,obstruction,ne,a,support_link,[TAG=a] [ROLE=support_link] SastoDeal रद्दीकरणका लागि लाइभ च्याट बाट प्रमाणीकरण आवश्यक छ,obstruction:ne:20,synthetic_v1,0,0,0,1,0,0,0,0
"To close your FirstCry account, write to our WhatsApp number",obstruction,obstruction,en,div,modal_text,"[TAG=div] [ROLE=modal_text] To close your FirstCry account, write to our WhatsApp number",obstruction:en:17,synthetic_v1,0,0,0,1,0,0,0,0
OkDam रद्दीकरणका लागि हाम्रो सपोर्ट नम्बर बाट प्रमाणीकरण आवश्यक छ,obstruction,obstruction,ne,p,help_text,[TAG=p] [ROLE=help_text] OkDam रद्दीकरणका लागि हाम्रो सपोर्ट नम्बर बाट प्रमाणीकरण आवश्यक छ,obstruction:ne:20,synthetic_v1,0,0,0,1,0,0,0,0
Nykaa मा सदस्यता परिवर्तन कल सेन्टर बाट मात्र सम्भव छ,obstruction,obstruction,ne,p,help_text,[TAG=p] [ROLE=help_text] Nykaa मा सदस्यता परिवर्तन कल सेन्टर बाट मात्र सम्भव छ,obstruction:ne:18,synthetic_v1,0,0,0,1,0,0,0,0
"To downgrade your Pro plan at Ajio, contact live chat",obstruction,obstruction,en,a,support_link,"[TAG=a] [ROLE=support_link] To downgrade your Pro plan at Ajio, contact live chat",obstruction:en:26,synthetic_v1,0,0,0,1,0,0,0,0
Gyapu रद्दीकरणका लागि हाम्रो Facebook पेज बाट प्रमाणीकरण आवश्यक छ,obstruction,obstruction,ne,a,support_link,[TAG=a] [ROLE=support_link] Gyapu रद्दीकरणका लागि हाम्रो Facebook पेज बाट प्रमाणीकरण आवश्यक छ,obstruction:ne:20,synthetic_v1,0,0,0,1,0,0,0,0
FirstCry रिफंड के लिए हमारी हेल्पलाइन की मंज़ूरी चाहिए,obstruction,obstruction,hi,a,support_link,[TAG=a] [ROLE=support_link] FirstCry रिफंड के लिए हमारी हेल्पलाइन की मंज़ूरी चाहिए,obstruction:hi:23,synthetic_v1,0,0,0,1,0,0,0,0
ऑटो-रिन्यूअल बंद करने के लिए 10 दिन में हमारी हेल्पलाइन से संपर्क करें,obstruction,obstruction,hi,p,help_text,[TAG=p] [ROLE=help_text] ऑटो-रिन्यूअल बंद करने के लिए 10 दिन में हमारी हेल्पलाइन से संपर्क करें,obstruction:hi:21,synthetic_v1,0,0,0,1,0,0,0,0
फिर्ता अनुरोध 5 दिनभित्र फोनबाट गर्नुपर्छ,obstruction,obstruction,ne,p,help_text,[TAG=p] [ROLE=help_text] फिर्ता अनुरोध 5 दिनभित्र फोनबाट गर्नुपर्छ,obstruction:ne:13,synthetic_v1,0,0,0,1,0,0,0,0
गेमिंग माउस को ऑर्डर से हटाने के लिए हमारा Facebook पेज से संपर्क करें,obstruction,obstruction,hi,div,modal_text,[TAG=div] [ROLE=modal_text] गेमिंग माउस को ऑर्डर से हटाने के लिए हमारा Facebook पेज से संपर्क करें,obstruction:hi:19,synthetic_v1,0,0,0,1,0,0,0,0
SastoDeal डाटा हटाउन हाम्रो Facebook पेज लाई लिखित अनुरोध पठाउनुहोस्,obstruction,obstruction,ne,div,modal_text,[TAG=div] [ROLE=modal_text] SastoDeal डाटा हटाउन हाम्रो Facebook पेज लाई लिखित अनुरोध पठाउनुहोस्,obstruction:ne:24,synthetic_v1,0,0,0,1,0,0,0,0
"To downgrade your Plus plan at Kinbech, contact the call centre",obstruction,obstruction,en,a,support_link,"[TAG=a] [ROLE=support_link] To downgrade your Plus plan at Kinbech, contact the call centre",obstruction:en:26,synthetic_v1,0,0,0,1,0,0,0,0
Reliance Digital डाटा हटाउन हाम्रो सपोर्ट नम्बर लाई लिखित अनुरोध पठाउनुहोस्,obstruction,obstruction,ne,div,modal_text,[TAG=div] [ROLE=modal_text] Reliance Digital डाटा हटाउन हाम्रो सपोर्ट नम्बर लाई लिखित अनुरोध पठाउनुहोस्,obstruction:ne:24,synthetic_v1,0,0,0,1,0,0,0,0
ऑटो-रिन्यूअल बंद करने के लिए 5 दिन में हमारा Facebook पेज से संपर्क करें,obstruction,obstruction,hi,div,modal_text,[TAG=div] [ROLE=modal_text] ऑटो-रिन्यूअल बंद करने के लिए 5 दिन में हमारा Facebook पेज से संपर्क करें,obstruction:hi:21,synthetic_v1,0,0,0,1,0,0,0,0
"To downgrade your Plus plan at Flipkart, contact the call centre",obstruction,obstruction,en,a,support_link,"[TAG=a] [ROLE=support_link] To downgrade your Plus plan at Flipkart, contact the call centre",obstruction:en:26,synthetic_v1,0,0,0,1,0,0,0,0
SastoDeal मा प्लस प्लान डाउनग्रेड गर्न हाम्रो इमेल डेस्क मा सम्पर्क गर्नुहोस्,obstruction,obstruction,ne,div,modal_text,[TAG=div] [ROLE=modal_text] SastoDeal मा प्लस प्लान डाउनग्रेड गर्न हाम्रो इमेल डेस्क मा सम्पर्क गर्नुहोस्,obstruction:ne:26,synthetic_v1,0,0,0,1,0,0,0,0
Thulo पर प्लस प्लान डाउनग्रेड करने के लिए हमारा Facebook पेज से संपर्क करें,obstruction,obstruction,hi,p,help_text,[TAG=p] [ROLE=help_text] Thulo पर प्लस प्लान डाउनग्रेड करने के लिए हमारा Facebook पेज से संपर्क करें,obstruction:hi:26,synthetic_v1,0,0,0,1,0,0,0,0
रद्द गर्न 4 कार्य दिनभित्र सम्पर्क गर्नुहोस्,obstruction,obstruction,ne,div,modal_text,[TAG=div] [ROLE=modal_text] रद्द गर्न 4 कार्य दिनभित्र सम्पर्क गर्नुहोस्,obstruction:ne:05,synthetic_v1,0,0,0,1,0,0,0,0
Zepto पर प्रीमियम प्लान डाउनग्रेड करने के लिए हमारा ईमेल डेस्क से संपर्क करें,obstruction,obstruction,hi,a,support_link,[TAG=a] [ROLE=support_link] Zepto पर प्रीमियम प्लान डाउनग्रेड करने के लिए हमारा ईमेल डेस्क से संपर्क करें,obstruction:hi:26,synthetic_v1,0,0,0,1,0,0,0,0
OkDam खाता बंद करने के लिए हमारी हेल्पलाइन को लिखें,obstruction,obstruction,hi,p,help_text,[TAG=p] [ROLE=help_text] OkDam खाता बंद करने के लिए हमारी हेल्पलाइन को लिखें,obstruction:hi:17,synthetic_v1,0,0,0,1,0,0,0,0
Croma डेटा हटाने के लिए हमारा WhatsApp नंबर को लिखित अनुरोध भेजें,obstruction,obstruction,hi,p,help_text,[TAG=p] [ROLE=help_text] Croma डेटा हटाने के लिए हमारा WhatsApp नंबर को लिखित अनुरोध भेजें,obstruction:hi:24,synthetic_v1,0,0,0,1,0,0,0,0
Returning denim jeans? Please call our WhatsApp number first,obstruction,obstruction,en,a,support_link,[TAG=a] [ROLE=support_link] Returning denim jeans? Please call our WhatsApp number first,obstruction:en:22,synthetic_v1,0,0,0,1,0,0,0,0
Kinbech मा प्लस प्लान डाउनग्रेड गर्न कल सेन्टर मा सम्पर्क गर्नुहोस्,obstruction,obstruction,ne,p,help_text,[TAG=p] [ROLE=help_text] Kinbech मा प्लस प्लान डाउनग्रेड गर्न कल सेन्टर मा सम्पर्क गर्नुहोस्,obstruction:ne:26,synthetic_v1,0,0,0,1,0,0,0,0
Salesberry रिफन्डका लागि हाम्रो Viber सपोर्ट को स्वीकृति चाहिन्छ,obstruction,obstruction,ne,div,modal_text,[TAG=div] [ROLE=modal_text] Salesberry रिफन्डका लागि हाम्रो Viber सपोर्ट को स्वीकृति चाहिन्छ,obstruction:ne:23,synthetic_v1,0,0,0,1,0,0,0,0
इलेक्ट्रिक केटल एक्सचेंज अनुरोध केवल हमारा WhatsApp नंबर से होगा,obstruction,obstruction,hi,a,support_link,[TAG=a] [ROLE=support_link] इलेक्ट्रिक केटल एक्सचेंज अनुरोध केवल हमारा WhatsApp नंबर से होगा,obstruction:hi:25,synthetic_v1,0,0,0,1,0,0,0,0
Pepperfry रिफन्डका लागि लाइभ च्याट को स्वीकृति चाहिन्छ,obstruction,obstruction,ne,div,modal_text,[TAG=div] [ROLE=modal_text] Pepperfry रिफन्डका लागि लाइभ च्याट को स्वीकृति चाहिन्छ,obstruction:ne:23,synthetic_v1,0,0,0,1,0,0,0,0
स्वतः नवीकरण बन्द गर्न 4 दिनभित्र हाम्रो WhatsApp नम्बर मा सम्पर्क गर्नुहोस्,obstruction,obstruction,ne,div,modal_text,[TAG=div] [ROLE=modal_text] स्वतः नवीकरण बन्द गर्न 4 दिनभित्र हाम्रो WhatsApp नम्बर मा सम्पर्क गर्नुहोस्,obstruction:ne:21,synthetic_v1,0,0,0,1,0,0,0,0
Blinkit रिफन्डका लागि हाम्रो सपोर्ट नम्बर को स्वीकृति चाहिन्छ,obstruction,obstruction,ne,p,help_text,[TAG=p] [ROLE=help_text] Blinkit रिफन्डका लागि हाम्रो सपोर्ट नम्बर को स्वीकृति चाहिन्छ,obstruction:ne:23,synthetic_v1,0,0,0,1,0,0,0,0
"To stop auto-renewal, contact our WhatsApp number within 1 days",obstruction,obstruction,en,a,support_link,"[TAG=a] [ROLE=support_link] To stop auto-renewal, contact our WhatsApp number within 1 days",obstruction:en:21,synthetic_v1,0,0,0,1,0,0,0,0
"To cancel your Salesberry order, contact our Viber support",obstruction,obstruction,en,p,help_text,"[TAG=p] [ROLE=help_text] To cancel your Salesberry order, contact our Viber support",obstruction:en:15,synthetic_v1,0,0,0,1,0,0,0,0
स्टडी लैंप लौटाना है? पहले लाइव चैट पर कॉल करें,obstruction,obstruction,hi,a,support_link,[TAG=a] [ROLE=support_link] स्टडी लैंप लौटाना है? पहले लाइव चैट पर कॉल करें,obstruction:hi:22,synthetic_v1,0,0,0,1,0,0,0,0
"To downgrade your Prime plan at Zepto, contact live chat",obstruction,obstruction,en,p,help_text,"[TAG=p] [ROLE=help_text] To downgrade your Prime plan at Zepto, contact live chat",obstruction:en:26,synthetic_v1,0,0,0,1,0,0,0,0
Nykaa पर प्लस प्लान डाउनग्रेड करने के लिए हमारा सपोर्ट नंबर से संपर्क करें,obstruction,obstruction,hi,a,support_link,[TAG=a] [ROLE=support_link] Nykaa पर प्लस प्लान डाउनग्रेड करने के लिए हमारा सपोर्ट नंबर से संपर्क करें,obstruction:hi:26,synthetic_v1,0,0,0,1,0,0,0,0
स्वतः नवीकरण बन्द गर्न 6 दिनभित्र हाम्रो हेल्पलाइन मा सम्पर्क गर्नुहोस्,obstruction,obstruction,ne,a,support_link,[TAG=a] [ROLE=support_link] स्वतः नवीकरण बन्द गर्न 6 दिनभित्र हाम्रो हेल्पलाइन मा सम्पर्क गर्नुहोस्,obstruction:ne:21,synthetic_v1,0,0,0,1,0,0,0,0
ल्यापटप ब्याग फिर्ता गर्नु छ? पहिले हाम्रो Viber सपोर्ट मा फोन गर्नुहोस्,obstruction,obstruction,ne,a,support_link,[TAG=a] [ROLE=support_link] ल्यापटप ब्याग फिर्ता गर्नु छ? पहिले हाम्रो Viber सपोर्ट मा फोन गर्नुहोस्,obstruction:ne:22,synthetic_v1,0,0,0,1,0,0,0,0
Returning winter blanket? Please call our helpline first,obstruction,obstruction,en,p,help_text,[TAG=p] [ROLE=help_text] Returning winter blanket? Please call our helpline first,obstruction:en:22,synthetic_v1,0,0,0,1,0,0,0,0
"To stop auto-renewal, contact our email desk within 2 days",obstruction,obstruction,en,p,help_text,"[TAG=p] [ROLE=help_text] To stop auto-renewal, contact our email desk within 2 days",obstruction:en:21,synthetic_v1,0,0,0,1,0,0,0,0
Lenskart अर्डर रद्द गर्न हाम्रो हेल्पलाइन मा सम्पर्क गर्नुहोस्,obstruction,obstruction,ne,p,help_text,[TAG=p] [ROLE=help_text] Lenskart अर्डर रद्द गर्न हाम्रो हेल्पलाइन मा सम्पर्क गर्नुहोस्,obstruction:ne:15,synthetic_v1,0,0,0,1,0,0,0,0
Returning running shoes? Please call our WhatsApp number first,obstruction,obstruction,en,div,modal_text,[TAG=div] [ROLE=modal_text] Returning running shoes? Please call our WhatsApp number first,obstruction:en:22,synthetic_v1,0,0,0,1,0,0,0,0
"To downgrade your Pro plan at Zepto, contact our Facebook page",obstruction,obstruction,en,a,support_link,"[TAG=a] [ROLE=support_link] To downgrade your Pro plan at Zepto, contact our Facebook page",obstruction:en:26,synthetic_v1,0,0,0,1,0,0,0,0
Myntra डेटा हटाने के लिए हमारा ईमेल डेस्क को लिखित अनुरोध भेजें,obstruction,obstruction,hi,a,support_link,[TAG=a] [ROLE=support_link] Myntra डेटा हटाने के लिए हमारा ईमेल डेस्क को लिखित अनुरोध भेजें,obstruction:hi:24,synthetic_v1,0,0,0,1,0,0,0,0
"To close your Reliance Digital account, write to the call centre",obstruction,obstruction,en,div,modal_text,"[TAG=div] [ROLE=modal_text] To close your Reliance Digital account, write to the call centre",obstruction:en:17,synthetic_v1,0,0,0,1,0,0,0,0
SastoDeal मा प्लस प्लान डाउनग्रेड गर्न कल सेन्टर मा सम्पर्क गर्नुहोस्,obstruction,obstruction,ne,div,modal_text,[TAG=div] [ROLE=modal_text] SastoDeal मा प्लस प्लान डाउनग्रेड गर्न कल सेन्टर मा सम्पर्क गर्नुहोस्,obstruction:ne:26,synthetic_v1,0,0,0,1,0,0,0,0
स्वतः नवीकरण बन्द गर्न 1 दिनभित्र हाम्रो WhatsApp नम्बर मा सम्पर्क गर्नुहोस्,obstruction,obstruction,ne,div,modal_text,[TAG=div] [ROLE=modal_text] स्वतः नवीकरण बन्द गर्न 1 दिनभित्र हाम्रो WhatsApp नम्बर मा सम्पर्क गर्नुहोस्,obstruction:ne:21,synthetic_v1,0,0,0,1,0,0,0,0
"To stop auto-renewal, contact live chat within 6 days",obstruction,obstruction,en,a,support_link,"[TAG=a] [ROLE=support_link] To stop auto-renewal, contact live chat within 6 days",obstruction:en:21,synthetic_v1,0,0,0,1,0,0,0,0
Tata Cliq रिफंड के लिए हमारी हेल्पलाइन की मंज़ूरी चाहिए,obstruction,obstruction,hi,a,support_link,[TAG=a] [ROLE=support_link] Tata Cliq रिफंड के लिए हमारी हेल्पलाइन की मंज़ूरी चाहिए,obstruction:hi:23,synthetic_v1,0,0,0,1,0,0,0,0
Croma मा सदस्यता परिवर्तन हाम्रो WhatsApp नम्बर बाट मात्र सम्भव छ,obstruction,obstruction,ne,a,support_link,[TAG=a] [ROLE=support_link] Croma मा सदस्यता परिवर्तन हाम्रो WhatsApp नम्बर बाट मात्र सम्भव छ,obstruction:ne:18,synthetic_v1,0,0,0,1,0,0,0,0
Meesho खाता बन्द गर्न कल सेन्टर लाई लेख्नुहोस्,obstruction,obstruction,ne,a,support_link,[TAG=a] [ROLE=support_link] Meesho खाता बन्द गर्न कल सेन्टर लाई लेख्नुहोस्,obstruction:ne:17,synthetic_v1,0,0,0,1,0,0,0,0
"To cancel your Gyapu order, contact our Viber support",obstruction,obstruction,en,p,help_text,"[TAG=p] [ROLE=help_text] To cancel your Gyapu order, contact our Viber support",obstruction:en:15,synthetic_v1,0,0,0,1,0,0,0,0
Amazon रिफन्डका लागि लाइभ च्याट को स्वीकृति चाहिन्छ,obstruction,obstruction,ne,div,modal_text,[TAG=div] [ROLE=modal_text] Amazon रिफन्डका लागि लाइभ च्याट को स्वीकृति चाहिन्छ,obstruction:ne:23,synthetic_v1,0,0,0,1,0,0,0,0
Muncha डाटा हटाउन हाम्रो हेल्पलाइन लाई लिखित अनुरोध पठाउनुहोस्,obstruction,obstruction,ne,a,support_link,[TAG=a] [ROLE=support_link] Muncha डाटा हटाउन हाम्रो हेल्पलाइन लाई लिखित अनुरोध पठाउनुहोस्,obstruction:ne:24,synthetic_v1,0,0,0,1,0,0,0,0
रद्द गर्न 8 कार्य दिनभित्र सम्पर्क गर्नुहोस्,obstruction,obstruction,ne,a,support_link,[TAG=a] [ROLE=support_link] रद्द गर्न 8 कार्य दिनभित्र सम्पर्क गर्नुहोस्,obstruction:ne:05,synthetic_v1,0,0,0,1,0,0,0,0
SastoDeal डेटा हटाने के लिए हमारा Viber सपोर्ट को लिखित अनुरोध भेजें,obstruction,obstruction,hi,div,modal_text,[TAG=div] [ROLE=modal_text] SastoDeal डेटा हटाने के लिए हमारा Viber सपोर्ट को लिखित अनुरोध भेजें,obstruction:hi:24,synthetic_v1,0,0,0,1,0,0,0,0
SastoDeal खाता बंद करने के लिए लाइव चैट को लिखें,obstruction,obstruction,hi,p,help_text,[TAG=p] [ROLE=help_text] SastoDeal खाता बंद करने के लिए लाइव चैट को लिखें,obstruction:hi:17,synthetic_v1,0,0,0,1,0,0,0,0
JioMart रिफन्डका लागि हाम्रो Facebook पेज को स्वीकृति चाहिन्छ,obstruction,obstruction,ne,a,support_link,[TAG=a] [ROLE=support_link] JioMart रिफन्डका लागि हाम्रो Facebook पेज को स्वीकृति चाहिन्छ,obstruction:ne:23,synthetic_v1,0,0,0,1,0,0,0,0
Flipkart खाता बंद करने के लिए हमारा Facebook पेज को लिखें,obstruction,obstruction,hi,div,modal_text,[TAG=div] [ROLE=modal_text] Flipkart खाता बंद करने के लिए हमारा Facebook पेज को लिखें,obstruction:hi:17,synthetic_v1,0,0,0,1,0,0,0,0
Subscription changes at Blinkit are only possible via our email desk,obstruction,obstruction,en,p,help_text,[TAG=p] [ROLE=help_text] Subscription changes at Blinkit are only possible via our email desk,obstruction:en:18,synthetic_v1,0,0,0,1,0,0,0,0
Flipkart खाता बन्द गर्न कल सेन्टर लाई लेख्नुहोस्,obstruction,obstruction,ne,div,modal_text,[TAG=div] [ROLE=modal_text] Flipkart खाता बन्द गर्न कल सेन्टर लाई लेख्नुहोस्,obstruction:ne:17,synthetic_v1,0,0,0,1,0,0,0,0
Nykaa रिफन्डका लागि हाम्रो Viber सपोर्ट को स्वीकृति चाहिन्छ,obstruction,obstruction,ne,a,support_link,[TAG=a] [ROLE=support_link] Nykaa रिफन्डका लागि हाम्रो Viber सपोर्ट को स्वीकृति चाहिन्छ,obstruction:ne:23,synthetic_v1,0,0,0,1,0,0,0,0
"To close your Pepperfry account, write to our Facebook page",obstruction,obstruction,en,div,modal_text,"[TAG=div] [ROLE=modal_text] To close your Pepperfry account, write to our Facebook page",obstruction:en:17,synthetic_v1,0,0,0,1,0,0,0,0
डाउनग्रेड के लिए वाराणसी कार्यालय पोर्टल से अनुरोध करें,obstruction,obstruction,hi,a,support_link,[TAG=a] [ROLE=support_link] डाउनग्रेड के लिए वाराणसी कार्यालय पोर्टल से अनुरोध करें,obstruction:hi:12,synthetic_v1,0,0,0,1,0,0,0,0
Gyapu रद्दीकरणका लागि हाम्रो सपोर्ट नम्बर बाट प्रमाणीकरण आवश्यक छ,obstruction,obstruction,ne,p,help_text,[TAG=p] [ROLE=help_text] Gyapu रद्दीकरणका लागि हाम्रो सपोर्ट नम्बर बाट प्रमाणीकरण आवश्यक छ,obstruction:ne:20,synthetic_v1,0,0,0,1,0,0,0,0
स्मार्टवाच फिर्ता गर्नु छ? पहिले कल सेन्टर मा फोन गर्नुहोस्,obstruction,obstruction,ne,p,help_text,[TAG=p] [ROLE=help_text] स्मार्टवाच फिर्ता गर्नु छ? पहिले कल सेन्टर मा फोन गर्नुहोस्,obstruction:ne:22,synthetic_v1,0,0,0,1,0,0,0,0
SastoDeal मा सदस्यता परिवर्तन लाइभ च्याट बाट मात्र सम्भव छ,obstruction,obstruction,ne,p,help_text,[TAG=p] [ROLE=help_text] SastoDeal मा सदस्यता परिवर्तन लाइभ च्याट बाट मात्र सम्भव छ,obstruction:ne:18,synthetic_v1,0,0,0,1,0,0,0,0
स्पोर्ट्स सैंडल का रिफंड हमारा Viber सपोर्ट के ज़रिये ही मांगें,obstruction,obstruction,hi,p,help_text,[TAG=p] [ROLE=help_text] स्पोर्ट्स सैंडल का रिफंड हमारा Viber सपोर्ट के ज़रिये ही मांगें,obstruction:hi:16,synthetic_v1,0,0,0,1,0,0,0,0
हेयर ड्रायर सट्टा अनुरोध हाम्रो WhatsApp नम्बर बाट मात्र हुन्छ,obstruction,obstruction,ne,p,help_text,[TAG=p] [ROLE=help_text] हेयर ड्रायर सट्टा अनुरोध हाम्रो WhatsApp नम्बर बाट मात्र हुन्छ,obstruction:ne:25,synthetic_v1,0,0,0,1,0,0,0,0
Your Gyapu refund needs approval from our email desk,obstruction,obstruction,en,p,help_text,[TAG=p] [ROLE=help_text] Your Gyapu refund needs approval from our email desk,obstruction:en:23,synthetic_v1,0,0,0,1,0,0,0,0
Salesberry रद्दीकरण के लिए हमारा WhatsApp नंबर से सत्यापन ज़रूरी है,obstruction,obstruction,hi,div,modal_text,[TAG=div] [ROLE=modal_text] Salesberry रद्दीकरण के लिए हमारा WhatsApp नंबर से सत्यापन ज़रूरी है,obstruction:hi:20,synthetic_v1,0,0,0,1,0,0,0,0
क्या आप निश्चित हैं? रद्द करने के लिए चरण 3 पर जाएं,obstruction,obstruction,hi,a,support_link,[TAG=a] [ROLE=support_link] क्या आप निश्चित हैं? रद्द करने के लिए चरण 3 पर जाएं,obstruction:hi:10,synthetic_v1,0,0,0,1,0,0,0,0
JioMart पर गोल्ड प्लान डाउनग्रेड करने के लिए हमारा Viber सपोर्ट से संपर्क करें,obstruction,obstruction,hi,a,support_link,[TAG=a] [ROLE=support_link] JioMart पर गोल्ड प्लान डाउनग्रेड करने के लिए हमारा Viber सपोर्ट से संपर्क करें,obstruction:hi:26,synthetic_v1,0,0,0,1,0,0,0,0
प्रोटिन पाउडर अर्डरबाट हटाउन लाइभ च्याट मा सम्पर्क गर्नुहोस्,obstruction,obstruction,ne,p,help_text,[TAG=p] [ROLE=help_text] प्रोटिन पाउडर अर्डरबाट हटाउन लाइभ च्याट मा सम्पर्क गर्नुहोस्,obstruction:ne:19,synthetic_v1,0,0,0,1,0,0,0,0
कॉटन कुर्ता लौटाना है? पहले हमारा सपोर्ट नंबर पर कॉल करें,obstruction,obstruction,hi,div,modal_text,[TAG=div] [ROLE=modal_text] कॉटन कुर्ता लौटाना है? पहले हमारा सपोर्ट नंबर पर कॉल करें,obstruction:hi:22,synthetic_v1,0,0,0,1,0,0,0,0
Ajio खाता बंद करने के लिए कॉल सेंटर को लिखें,obstruction,obstruction,hi,p,help_text,[TAG=p] [ROLE=help_text] Ajio खाता बंद करने के लिए कॉल सेंटर को लिखें,obstruction:hi:17,synthetic_v1,0,0,0,1,0,0,0,0
Reliance Digital डाटा हटाउन कल सेन्टर लाई लिखित अनुरोध पठाउनुहोस्,obstruction,obstruction,ne,p,help_text,[TAG=p] [ROLE=help_text] Reliance Digital डाटा हटाउन कल सेन्टर लाई लिखित अनुरोध पठाउनुहोस्,obstruction:ne:24,synthetic_v1,0,0,0,1,0,0,0,0
Gyapu ऑर्डर रद्द करने के लिए लाइव चैट से संपर्क करें,obstruction,obstruction,hi,p,help_text,[TAG=p] [ROLE=help_text] Gyapu ऑर्डर रद्द करने के लिए लाइव चैट से संपर्क करें,obstruction:hi:15,synthetic_v1,0,0,0,1,0,0,0,0
Ajio रिफन्डका लागि हाम्रो Viber सपोर्ट को स्वीकृति चाहिन्छ,obstruction,obstruction,ne,div,modal_text,[TAG=div] [ROLE=modal_text] Ajio रिफन्डका लागि हाम्रो Viber सपोर्ट को स्वीकृति चाहिन्छ,obstruction:ne:23,synthetic_v1,0,0,0,1,0,0,0,0
Muncha डाटा हटाउन हाम्रो Viber सपोर्ट लाई लिखित अनुरोध पठाउनुहोस्,obstruction,obstruction,ne,a,support_link,[TAG=a] [ROLE=support_link] Muncha डाटा हटाउन हाम्रो Viber सपोर्ट लाई लिखित अनुरोध पठाउनुहोस्,obstruction:ne:24,synthetic_v1,0,0,0,1,0,0,0,0
पानीको बोतल को रिफन्ड हाम्रो इमेल डेस्क मार्फत मात्र माग्नुहोस्,obstruction,obstruction,ne,div,modal_text,[TAG=div] [ROLE=modal_text] पानीको बोतल को रिफन्ड हाम्रो इमेल डेस्क मार्फत मात्र माग्नुहोस्,obstruction:ne:16,synthetic_v1,0,0,0,1,0,0,0,0
Salesberry डाटा हटाउन हाम्रो Viber सपोर्ट लाई लिखित अनुरोध पठाउनुहोस्,obstruction,obstruction,ne,p,help_text,[TAG=p] [ROLE=help_text] Salesberry डाटा हटाउन हाम्रो Viber सपोर्ट लाई लिखित अनुरोध पठाउनुहोस्,obstruction:ne:24,synthetic_v1,0,0,0,1,0,0,0,0
Refunds for sunglasses must be requested through our email desk,obstruction,obstruction,en,div,modal_text,[TAG=div] [ROLE=modal_text] Refunds for sunglasses must be requested through our email desk,obstruction:en:16,synthetic_v1,0,0,0,1,0,0,0,0
Snapdeal cancellations require verification through our helpline,obstruction,obstruction,en,a,support_link,[TAG=a] [ROLE=support_link] Snapdeal cancellations require verification through our helpline,obstruction:en:20,synthetic_v1,0,0,0,1,0,0,0,0
गेमिङ माउस सट्टा अनुरोध हाम्रो Facebook पेज बाट मात्र हुन्छ,obstruction,obstruction,ne,a,support_link,[TAG=a] [ROLE=support_link] गेमिङ माउस सट्टा अनुरोध हाम्रो Facebook पेज बाट मात्र हुन्छ,obstruction:ne:25,synthetic_v1,0,0,0,1,0,0,0,0
Croma पर सब्सक्रिप्शन बदलाव केवल हमारा ईमेल डेस्क से संभव है,obstruction,obstruction,hi,div,modal_text,[TAG=div] [ROLE=modal_text] Croma पर सब्सक्रिप्शन बदलाव केवल हमारा ईमेल डेस्क से संभव है,obstruction:hi:18,synthetic_v1,0,0,0,1,0,0,0,0
डेनिम जींस का रिफंड हमारा सपोर्ट नंबर के ज़रिये ही मांगें,obstruction,obstruction,hi,div,modal_text,[TAG=div] [ROLE=modal_text] डेनिम जींस का रिफंड हमारा सपोर्ट नंबर के ज़रिये ही मांगें,obstruction:hi:16,synthetic_v1,0,0,0,1,0,0,0,0
Deleting your Salesberry data requires a written request to our WhatsApp number,obstruction,obstruction,en,a,support_link,[TAG=a] [ROLE=support_link] Deleting your Salesberry data requires a written request to our WhatsApp number,obstruction:en:24,synthetic_v1,0,0,0,1,0,0,0,0
घामको चस्मा अर्डरबाट हटाउन कल सेन्टर मा सम्पर्क गर्नुहोस्,obstruction,obstruction,ne,p,help_text,[TAG=p] [ROLE=help_text] घामको चस्मा अर्डरबाट हटाउन कल सेन्टर मा सम्पर्क गर्नुहोस्,obstruction:ne:19,synthetic_v1,0,0,0,1,0,0,0,0
Reliance Digital डेटा हटाने के लिए हमारा सपोर्ट नंबर को लिखित अनुरोध भेजें,obstruction,obstruction,hi,a,support_link,[TAG=a] [ROLE=support_link] Reliance Digital डेटा हटाने के लिए हमारा सपोर्ट नंबर को लिखित अनुरोध भेजें,obstruction:hi:24,synthetic_v1,0,0,0,1,0,0,0,0
JioMart अर्डर रद्द गर्न हाम्रो Viber सपोर्ट मा सम्पर्क गर्नुहोस्,obstruction,obstruction,ne,p,help_text,[TAG=p] [ROLE=help_text] JioMart अर्डर रद्द गर्न हाम्रो Viber सपोर्ट मा सम्पर्क गर्नुहोस्,obstruction:ne:15,synthetic_v1,0,0,0,1,0,0,0,0
Your Zepto refund needs approval from live chat,obstruction,obstruction,en,p,help_text,[TAG=p] [ROLE=help_text] Your Zepto refund needs approval from live chat,obstruction:en:23,synthetic_v1,0,0,0,1,0,0,0,0
फोन कभर फिर्ता गर्नु छ? पहिले हाम्रो WhatsApp नम्बर मा फोन गर्नुहोस्,obstruction,obstruction,ne,div,modal_text,[TAG=div] [ROLE=modal_text] फोन कभर फिर्ता गर्नु छ? पहिले हाम्रो WhatsApp नम्बर मा फोन गर्नुहोस्,obstruction:ne:22,synthetic_v1,0,0,0,1,0,0,0,0
Muncha पर सब्सक्रिप्शन बदलाव केवल हमारा WhatsApp नंबर से संभव है,obstruction,obstruction,hi,a,support_link,[TAG=a] [ROLE=support_link] Muncha पर सब्सक्रिप्शन बदलाव केवल हमारा WhatsApp नंबर से संभव है,obstruction:hi:18,synthetic_v1,0,0,0,1,0,0,0,0
डाउनग्रेड गर्न तनहुँ कार्यालय पोर्टलबाट अनुरोध गर्नुहोस्,obstruction,obstruction,ne,p,help_text,[TAG=p] [ROLE=help_text] डाउनग्रेड गर्न तनहुँ कार्यालय पोर्टलबाट अनुरोध गर्नुहोस्,obstruction:ne:12,synthetic_v1,0,0,0,1,0,0,0,0
Your Muncha refund needs approval from our Viber support,obstruction,obstruction,en,p,help_text,[TAG=p] [ROLE=help_text] Your Muncha refund needs approval from our Viber support,obstruction:en:23,synthetic_v1,0,0,0,1,0,0,0,0
पावर बैंक को ऑर्डर से हटाने के लिए हमारा WhatsApp नंबर से संपर्क करें,obstruction,obstruction,hi,div,modal_text,[TAG=div] [ROLE=modal_text] पावर बैंक को ऑर्डर से हटाने के लिए हमारा WhatsApp नंबर से संपर्क करें,obstruction:hi:19,synthetic_v1,0,0,0,1,0,0,0,0
इलेक्ट्रिक केतली अर्डरबाट हटाउन लाइभ च्याट मा सम्पर्क गर्नुहोस्,obstruction,obstruction,ne,p,help_text,[TAG=p] [ROLE=help_text] इलेक्ट्रिक केतली अर्डरबाट हटाउन लाइभ च्याट मा सम्पर्क गर्नुहोस्,obstruction:ne:19,synthetic_v1,0,0,0,1,0,0,0,0
हेयर ड्रायर को ऑर्डर से हटाने के लिए हमारा सपोर्ट नंबर से संपर्क करें,obstruction,obstruction,hi,a,support_link,[TAG=a] [ROLE=support_link] हेयर ड्रायर को ऑर्डर से हटाने के लिए हमारा सपोर्ट नंबर से संपर्क करें,obstruction:hi:19,synthetic_v1,0,0,0,1,0,0,0,0
Myntra पर प्राइम प्लान डाउनग्रेड करने के लिए हमारा WhatsApp नंबर से संपर्क करें,obstruction,obstruction,hi,a,support_link,[TAG=a] [ROLE=support_link] Myntra पर प्राइम प्लान डाउनग्रेड करने के लिए हमारा WhatsApp नंबर से संपर्क करें,obstruction:hi:26,synthetic_v1,0,0,0,1,0,0,0,0
स्वतः नवीकरण बन्द गर्न 1 दिनभित्र लाइभ च्याट मा सम्पर्क गर्नुहोस्,obstruction,obstruction,ne,a,support_link,[TAG=a] [ROLE=support_link] स्वतः नवीकरण बन्द गर्न 1 दिनभित्र लाइभ च्याट मा सम्पर्क गर्नुहोस्,obstruction:ne:21,synthetic_v1,0,0,0,1,0,0,0,0
Amazon cancellations require verification through our email desk,obstruction,obstruction,en,a,support_link,[TAG=a] [ROLE=support_link] Amazon cancellations require verification through our email desk,obstruction:en:20,synthetic_v1,0,0,0,1,0,0,0,0
Your Daraz refund needs approval from live chat,obstruction,obstruction,en,div,modal_text,[TAG=div] [ROLE=modal_text] Your Daraz refund needs approval from live chat,obstruction:en:23,synthetic_v1,0,0,0,1,0,0,0,0
Deleting your Croma data requires a written request to our support line,obstruction,obstruction,en,a,support_link,[TAG=a] [ROLE=support_link] Deleting your Croma data requires a written request to our support line,obstruction:en:24,synthetic_v1,0,0,0,1,0,0,0,0
फॉर्मल शर्ट लौटाना है? पहले हमारा Viber सपोर्ट पर कॉल करें,obstruction,obstruction,hi,a,support_link,[TAG=a] [ROLE=support_link] फॉर्मल शर्ट लौटाना है? पहले हमारा Viber सपोर्ट पर कॉल करें,obstruction:hi:22,synthetic_v1,0,0,0,1,0,0,0,0
डाउनग्रेड के लिए आगरा कार्यालय पोर्टल से अनुरोध करें,obstruction,obstruction,hi,p,help_text,[TAG=p] [ROLE=help_text] डाउनग्रेड के लिए आगरा कार्यालय पोर्टल से अनुरोध करें,obstruction:hi:12,synthetic_v1,0,0,0,1,0,0,0,0
Subscription changes at Thulo are only possible via our helpline,obstruction,obstruction,en,a,support_link,[TAG=a] [ROLE=support_link] Subscription changes at Thulo are only possible via our helpline,obstruction:en:18,synthetic_v1,0,0,0,1,0,0,0,0
Salesberry रद्दीकरणका लागि हाम्रो सपोर्ट नम्बर बाट प्रमाणीकरण आवश्यक छ,obstruction,obstruction,ne,p,help_text,[TAG=p] [ROLE=help_text] Salesberry रद्दीकरणका लागि हाम्रो सपोर्ट नम्बर बाट प्रमाणीकरण आवश्यक छ,obstruction:ne:20,synthetic_v1,0,0,0,1,0,0,0,0
Zepto अर्डर रद्द गर्न हाम्रो हेल्पलाइन मा सम्पर्क गर्नुहोस्,obstruction,obstruction,ne,div,modal_text,[TAG=div] [ROLE=modal_text] Zepto अर्डर रद्द गर्न हाम्रो हेल्पलाइन मा सम्पर्क गर्नुहोस्,obstruction:ne:15,synthetic_v1,0,0,0,1,0,0,0,0
ट्रेकिङ ज्याकेट सट्टा अनुरोध हाम्रो Facebook पेज बाट मात्र हुन्छ,obstruction,obstruction,ne,div,modal_text,[TAG=div] [ROLE=modal_text] ट्रेकिङ ज्याकेट सट्टा अनुरोध हाम्रो Facebook पेज बाट मात्र हुन्छ,obstruction:ne:25,synthetic_v1,0,0,0,1,0,0,0,0
Refunds for phone case must be requested through our Facebook page,obstruction,obstruction,en,p,help_text,[TAG=p] [ROLE=help_text] Refunds for phone case must be requested through our Facebook page,obstruction:en:16,synthetic_v1,0,0,0,1,0,0,0,0
Thulo मा सदस्यता परिवर्तन कल सेन्टर बाट मात्र सम्भव छ,obstruction,obstruction,ne,p,help_text,[TAG=p] [ROLE=help_text] Thulo मा सदस्यता परिवर्तन कल सेन्टर बाट मात्र सम्भव छ,obstruction:ne:18,synthetic_v1,0,0,0,1,0,0,0,0
JioMart ऑर्डर रद्द करने के लिए हमारा सपोर्ट नंबर से संपर्क करें,obstruction,obstruction,hi,p,help_text,[TAG=p] [ROLE=help_text] JioMart ऑर्डर रद्द करने के लिए हमारा सपोर्ट नंबर से संपर्क करें,obstruction:hi:15,synthetic_v1,0,0,0,1,0,0,0,0
Please contact us within 8 business days to cancel,obstruction,obstruction,en,div,modal_text,[TAG=div] [ROLE=modal_text] Please contact us within 8 business days to cancel,obstruction:en:05,synthetic_v1,0,0,0,1,0,0,0,0
वायरलेस इयरबड्स अर्डरबाट हटाउन लाइभ च्याट मा सम्पर्क गर्नुहोस्,obstruction,obstruction,ne,p,help_text,[TAG=p] [ROLE=help_text] वायरलेस इयरबड्स अर्डरबाट हटाउन लाइभ च्याट मा सम्पर्क गर्नुहोस्,obstruction:ne:19,synthetic_v1,0,0,0,1,0,0,0,0
"To cancel your Thulo order, contact our email desk",obstruction,obstruction,en,a,support_link,"[TAG=a] [ROLE=support_link] To cancel your Thulo order, contact our email desk",obstruction:en:15,synthetic_v1,0,0,0,1,0,0,0,0
Returning air fryer? Please call our email desk first,obstruction,obstruction,en,div,modal_text,[TAG=div] [ROLE=modal_text] Returning air fryer? Please call our email desk first,obstruction:en:22,synthetic_v1,0,0,0,1,0,0,0,0
Reach the call centre to remove yoga mat from your order,obstruction,obstruction,en,div,modal_text,[TAG=div] [ROLE=modal_text] Reach the call centre to remove yoga mat from your order,obstruction:en:19,synthetic_v1,0,0,0,1,0,0,0,0
रनिंग शूज़ का रिफंड हमारा WhatsApp नंबर के ज़रिये ही मांगें,obstruction,obstruction,hi,p,help_text,[TAG=p] [ROLE=help_text] रनिंग शूज़ का रिफंड हमारा WhatsApp नंबर के ज़रिये ही मांगें,obstruction:hi:16,synthetic_v1,0,0,0,1,0,0,0,0
Muncha cancellations require verification through our Facebook page,obstruction,obstruction,en,p,help_text,[TAG=p] [ROLE=help_text] Muncha cancellations require verification through our Facebook page,obstruction:en:20,synthetic_v1,0,0,0,1,0,0,0,0
ऑफिस चेयर एक्सचेंज अनुरोध केवल हमारा WhatsApp नंबर से होगा,obstruction,obstruction,hi,p,help_text,[TAG=p] [ROLE=help_text] ऑफिस चेयर एक्सचेंज अनुरोध केवल हमारा WhatsApp नंबर से होगा,obstruction:hi:25,synthetic_v1,0,0,0,1,0,0,0,0
Your refund request requires 6 additional steps,obstruction,obstruction,en,div,modal_text,[TAG=div] [ROLE=modal_text] Your refund request requires 6 additional steps,obstruction:en:04,synthetic_v1,0,0,0,1,0,0,0,0
योगा मैट लौटाना है? पहले कॉल सेंटर पर कॉल करें,obstruction,obstruction,hi,div,modal_text,[TAG=div] [ROLE=modal_text] योगा मैट लौटाना है? पहले कॉल सेंटर पर कॉल करें,obstruction:hi:22,synthetic_v1,0,0,0,1,0,0,0,0
"To downgrade your Pro plan at Salesberry, contact live chat",obstruction,obstruction,en,p,help_text,"[TAG=p] [ROLE=help_text] To downgrade your Pro plan at Salesberry, contact live chat",obstruction:en:26,synthetic_v1,0,0,0,1,0,0,0,0
FirstCry cancellations require verification through our support line,obstruction,obstruction,en,div,modal_text,[TAG=div] [ROLE=modal_text] FirstCry cancellations require verification through our support line,obstruction:en:20,synthetic_v1,0,0,0,1,0,0,0,0
"To downgrade, submit a request from the Dharan office portal",obstruction,obstruction,en,p,help_text,"[TAG=p] [ROLE=help_text] To downgrade, submit a request from the Dharan office portal",obstruction:en:12,synthetic_v1,0,0,0,1,0,0,0,0
स्टडी लाइट को रिफन्ड हाम्रो WhatsApp नम्बर मार्फत मात्र माग्नुहोस्,obstruction,obstruction,ne,a,support_link,[TAG=a] [ROLE=support_link] स्टडी लाइट को रिफन्ड हाम्रो WhatsApp नम्बर मार्फत मात्र माग्नुहोस्,obstruction:ne:16,synthetic_v1,0,0,0,1,0,0,0,0
running shoes exchange requests go through our Viber support only,obstruction,obstruction,en,a,support_link,[TAG=a] [ROLE=support_link] running shoes exchange requests go through our Viber support only,obstruction:en:25,synthetic_v1,0,0,0,1,0,0,0,0
Ajio मा प्राइम प्लान डाउनग्रेड गर्न हाम्रो सपोर्ट नम्बर मा सम्पर्क गर्नुहोस्,obstruction,obstruction,ne,div,modal_text,[TAG=div] [ROLE=modal_text] Ajio मा प्राइम प्लान डाउनग्रेड गर्न हाम्रो सपोर्ट नम्बर मा सम्पर्क गर्नुहोस्,obstruction:ne:26,synthetic_v1,0,0,0,1,0,0,0,0
Refunds for winter blanket must be requested through our helpline,obstruction,obstruction,en,p,help_text,[TAG=p] [ROLE=help_text] Refunds for winter blanket must be requested through our helpline,obstruction:en:16,synthetic_v1,0,0,0,1,0,0,0,0
Your Snapdeal refund needs approval from live chat,obstruction,obstruction,en,a,support_link,[TAG=a] [ROLE=support_link] Your Snapdeal refund needs approval from live chat,obstruction:en:23,synthetic_v1,0,0,0,1,0,0,0,0
Reach our helpline to remove winter blanket from your order,obstruction,obstruction,en,div,modal_text,[TAG=div] [ROLE=modal_text] Reach our helpline to remove winter blanket from your order,obstruction:en:19,synthetic_v1,0,0,0,1,0,0,0,0
Snapdeal खाता बंद करने के लिए हमारी हेल्पलाइन को लिखें,obstruction,obstruction,hi,div,modal_text,[TAG=div] [ROLE=modal_text] Snapdeal खाता बंद करने के लिए हमारी हेल्पलाइन को लिखें,obstruction:hi:17,synthetic_v1,0,0,0,1,0,0,0,0
Reach the call centre to remove wireless earbuds from your order,obstruction,obstruction,en,a,support_link,[TAG=a] [ROLE=support_link] Reach the call centre to remove wireless earbuds from your order,obstruction:en:19,synthetic_v1,0,0,0,1,0,0,0,0
Myntra खाता बंद करने के लिए हमारा ईमेल डेस्क को लिखें,obstruction,obstruction,hi,p,help_text,[TAG=p] [ROLE=help_text] Myntra खाता बंद करने के लिए हमारा ईमेल डेस्क को लिखें,obstruction:hi:17,synthetic_v1,0,0,0,1,0,0,0,0
Croma cancellations require verification through our helpline,obstruction,obstruction,en,a,support_link,[TAG=a] [ROLE=support_link] Croma cancellations require verification through our helpline,obstruction:en:20,synthetic_v1,0,0,0,1,0,0,0,0
फॉर्मल शर्ट एक्सचेंज अनुरोध केवल हमारा Viber सपोर्ट से होगा,obstruction,obstruction,hi,a,support_link,[TAG=a] [ROLE=support_link] फॉर्मल शर्ट एक्सचेंज अनुरोध केवल हमारा Viber सपोर्ट से होगा,obstruction:hi:25,synthetic_v1,0,0,0,1,0,0,0,0
Pepperfry डेटा हटाने के लिए लाइव चैट को लिखित अनुरोध भेजें,obstruction,obstruction,hi,div,modal_text,[TAG=div] [ROLE=modal_text] Pepperfry डेटा हटाने के लिए लाइव चैट को लिखित अनुरोध भेजें,obstruction:hi:24,synthetic_v1,0,0,0,1,0,0,0,0
Zepto खाता बन्द गर्न हाम्रो सपोर्ट नम्बर लाई लेख्नुहोस्,obstruction,obstruction,ne,div,modal_text,[TAG=div] [ROLE=modal_text] Zepto खाता बन्द गर्न हाम्रो सपोर्ट नम्बर लाई लेख्नुहोस्,obstruction:ne:17,synthetic_v1,0,0,0,1,0,0,0,0
wireless earbuds exchange requests go through the call centre only,obstruction,obstruction,en,p,help_text,[TAG=p] [ROLE=help_text] wireless earbuds exchange requests go through the call centre only,obstruction:en:25,synthetic_v1,0,0,0,1,0,0,0,0
सेव किया कार्ड हटाने के लिए हमें लिखें,obstruction,obstruction,hi,a,support_link,[TAG=a] [ROLE=support_link] सेव किया कार्ड हटाने के लिए हमें लिखें,obstruction:hi:07,synthetic_v1,0,0,0,1,0,0,0,0
Refunds for hair dryer must be requested through our WhatsApp number,obstruction,obstruction,en,a,support_link,[TAG=a] [ROLE=support_link] Refunds for hair dryer must be requested through our WhatsApp number,obstruction:en:16,synthetic_v1,0,0,0,1,0,0,0,0
रद्द करने के लिए 3 कार्यदिवस में संपर्क करें,obstruction,obstruction,hi,a,support_link,[TAG=a] [ROLE=support_link] रद्द करने के लिए 3 कार्यदिवस में संपर्क करें,obstruction:hi:05,synthetic_v1,0,0,0,1,0,0,0,0
Subscription changes at Croma are only possible via our WhatsApp number,obstruction,obstruction,en,div,modal_text,[TAG=div] [ROLE=modal_text] Subscription changes at Croma are only possible via our WhatsApp number,obstruction:en:18,synthetic_v1,0,0,0,1,0,0,0,0
ब्लूटूथ स्पीकर का रिफंड हमारी हेल्पलाइन के ज़रिये ही मांगें,obstruction,obstruction,hi,a,support_link,[TAG=a] [ROLE=support_link] ब्लूटूथ स्पीकर का रिफंड हमारी हेल्पलाइन के ज़रिये ही मांगें,obstruction:hi:16,synthetic_v1,0,0,0,1,0,0,0,0
Refunds for electric kettle must be requested through the call centre,obstruction,obstruction,en,div,modal_text,[TAG=div] [ROLE=modal_text] Refunds for electric kettle must be requested through the call centre,obstruction:en:16,synthetic_v1,0,0,0,1,0,0,0,0
Deleting your Kinbech data requires a written request to our WhatsApp number,obstruction,obstruction,en,div,modal_text,[TAG=div] [ROLE=modal_text] Deleting your Kinbech data requires a written request to our WhatsApp number,obstruction:en:24,synthetic_v1,0,0,0,1,0,0,0,0
रिफंड के लिए 1 अतिरिक्त चरण पूरे करें,obstruction,obstruction,hi,p,help_text,[TAG=p] [ROLE=help_text] रिफंड के लिए 1 अतिरिक्त चरण पूरे करें,obstruction:hi:04,synthetic_v1,0,0,0,1,0,0,0,0
डेनिम जींस एक्सचेंज अनुरोध केवल कॉल सेंटर से होगा,obstruction,obstruction,hi,div,modal_text,[TAG=div] [ROLE=modal_text] डेनिम जींस एक्सचेंज अनुरोध केवल कॉल सेंटर से होगा,obstruction:hi:25,synthetic_v1,0,0,0,1,0,0,0,0
"To cancel your Croma order, contact our WhatsApp number",obstruction,obstruction,en,div,modal_text,"[TAG=div] [ROLE=modal_text] To cancel your Croma order, contact our WhatsApp number",obstruction:en:15,synthetic_v1,0,0,0,1,0,0,0,0
Pepperfry मा सदस्यता परिवर्तन कल सेन्टर बाट मात्र सम्भव छ,obstruction,obstruction,ne,div,modal_text,[TAG=div] [ROLE=modal_text] Pepperfry मा सदस्यता परिवर्तन कल सेन्टर बाट मात्र सम्भव छ,obstruction:ne:18,synthetic_v1,0,0,0,1,0,0,0,0
"To cancel your Thulo order, contact our Facebook page",obstruction,obstruction,en,a,support_link,"[TAG=a] [ROLE=support_link] To cancel your Thulo order, contact our Facebook page",obstruction:en:15,synthetic_v1,0,0,0,1,0,0,0,0
ऑटो-रिन्यूअल बंद करने के लिए 12 दिन में हमारा सपोर्ट नंबर से संपर्क करें,obstruction,obstruction,hi,a,support_link,[TAG=a] [ROLE=support_link] ऑटो-रिन्यूअल बंद करने के लिए 12 दिन में हमारा सपोर्ट नंबर से संपर्क करें,obstruction:hi:21,synthetic_v1,0,0,0,1,0,0,0,0
Kinbech रिफन्डका लागि लाइभ च्याट को स्वीकृति चाहिन्छ,obstruction,obstruction,ne,p,help_text,[TAG=p] [ROLE=help_text] Kinbech रिफन्डका लागि लाइभ च्याट को स्वीकृति चाहिन्छ,obstruction:ne:23,synthetic_v1,0,0,0,1,0,0,0,0
Subscription changes at Snapdeal are only possible via our Viber support,obstruction,obstruction,en,div,modal_text,[TAG=div] [ROLE=modal_text] Subscription changes at Snapdeal are only possible via our Viber support,obstruction:en:18,synthetic_v1,0,0,0,1,0,0,0,0
"To downgrade your Plus plan at Meesho, contact our WhatsApp number",obstruction,obstruction,en,p,help_text,"[TAG=p] [ROLE=help_text] To downgrade your Plus plan at Meesho, contact our WhatsApp number",obstruction:en:26,synthetic_v1,0,0,0,1,0,0,0,0
पानी की बोतल को ऑर्डर से हटाने के लिए हमारा Facebook पेज से संपर्क करें,obstruction,obstruction,hi,a,support_link,[TAG=a] [ROLE=support_link] पानी की बोतल को ऑर्डर से हटाने के लिए हमारा Facebook पेज से संपर्क करें,obstruction:hi:19,synthetic_v1,0,0,0,1,0,0,0,0
Blinkit पर प्रीमियम प्लान डाउनग्रेड करने के लिए हमारा WhatsApp नंबर से संपर्क करें,obstruction,obstruction,hi,div,modal_text,[TAG=div] [ROLE=modal_text] Blinkit पर प्रीमियम प्लान डाउनग्रेड करने के लिए हमारा WhatsApp नंबर से संपर्क करें,obstruction:hi:26,synthetic_v1,0,0,0,1,0,0,0,0
प्रोटीन पाउडर एक्सचेंज अनुरोध केवल कॉल सेंटर से होगा,obstruction,obstruction,hi,div,modal_text,[TAG=div] [ROLE=modal_text] प्रोटीन पाउडर एक्सचेंज अनुरोध केवल कॉल सेंटर से होगा,obstruction:hi:25,synthetic_v1,0,0,0,1,0,0,0,0
"To downgrade, submit a request from the Biratnagar office portal",obstruction,obstruction,en,div,modal_text,"[TAG=div] [ROLE=modal_text] To downgrade, submit a request from the Biratnagar office portal",obstruction:en:12,synthetic_v1,0,0,0,1,0,0,0,0
cotton kurta exchange requests go through our WhatsApp number only,obstruction,obstruction,en,div,modal_text,[TAG=div] [ROLE=modal_text] cotton kurta exchange requests go through our WhatsApp number only,obstruction:en:25,synthetic_v1,0,0,0,1,0,0,0,0
पक्का हो? रद्द गर्न चरण 7 मा जानुहोस्,obstruction,obstruction,ne,p,help_text,[TAG=p] [ROLE=help_text] पक्का हो? रद्द गर्न चरण 7 मा जानुहोस्,obstruction:ne:10,synthetic_v1,0,0,0,1,0,0,0,0
"To downgrade your Pro plan at Ajio, contact our Facebook page",obstruction,obstruction,en,a,support_link,"[TAG=a] [ROLE=support_link] To downgrade your Pro plan at Ajio, contact our Facebook page",obstruction:en:26,synthetic_v1,0,0,0,1,0,0,0,0
रद्द गर्ने अनुरोध इमेलबाट पठाउनु अनिवार्य छ,obstruction,obstruction,ne,a,support_link,[TAG=a] [ROLE=support_link] रद्द गर्ने अनुरोध इमेलबाट पठाउनु अनिवार्य छ,obstruction:ne:01,synthetic_v1,0,0,0,1,0,0,0,0
Your BigBasket refund needs approval from the call centre,obstruction,obstruction,en,a,support_link,[TAG=a] [ROLE=support_link] Your BigBasket refund needs approval from the call centre,obstruction:en:23,synthetic_v1,0,0,0,1,0,0,0,0
Returning laptop bag? Please call live chat first,obstruction,obstruction,en,a,support_link,[TAG=a] [ROLE=support_link] Returning laptop bag? Please call live chat first,obstruction:en:22,synthetic_v1,0,0,0,1,0,0,0,0
BigBasket डेटा हटाने के लिए हमारी हेल्पलाइन को लिखित अनुरोध भेजें,obstruction,obstruction,hi,a,support_link,[TAG=a] [ROLE=support_link] BigBasket डेटा हटाने के लिए हमारी हेल्पलाइन को लिखित अनुरोध भेजें,obstruction:hi:24,synthetic_v1,0,0,0,1,0,0,0,0
JioMart खाता बन्द गर्न कल सेन्टर लाई लेख्नुहोस्,obstruction,obstruction,ne,div,modal_text,[TAG=div] [ROLE=modal_text] JioMart खाता बन्द गर्न कल सेन्टर लाई लेख्नुहोस्,obstruction:ne:17,synthetic_v1,0,0,0,1,0,0,0,0
पक्का हो? रद्द गर्न चरण 4 मा जानुहोस्,obstruction,obstruction,ne,p,help_text,[TAG=p] [ROLE=help_text] पक्का हो? रद्द गर्न चरण 4 मा जानुहोस्,obstruction:ne:10,synthetic_v1,0,0,0,1,0,0,0,0
Please contact us within 12 business days to cancel,obstruction,obstruction,en,p,help_text,[TAG=p] [ROLE=help_text] Please contact us within 12 business days to cancel,obstruction:en:05,synthetic_v1,0,0,0,1,0,0,0,0
वायरलेस ईयरबड्स को ऑर्डर से हटाने के लिए हमारा ईमेल डेस्क से संपर्क करें,obstruction,obstruction,hi,p,help_text,[TAG=p] [ROLE=help_text] वायरलेस ईयरबड्स को ऑर्डर से हटाने के लिए हमारा ईमेल डेस्क से संपर्क करें,obstruction:hi:19,synthetic_v1,0,0,0,1,0,0,0,0
रिफन्डका लागि 12 थप चरण पूरा गर्नुहोस्,obstruction,obstruction,ne,a,support_link,[TAG=a] [ROLE=support_link] रिफन्डका लागि 12 थप चरण पूरा गर्नुहोस्,obstruction:ne:04,synthetic_v1,0,0,0,1,0,0,0,0
वायरलेस इयरबड्स फिर्ता गर्नु छ? पहिले हाम्रो सपोर्ट नम्बर मा फोन गर्नुहोस्,obstruction,obstruction,ne,a,support_link,[TAG=a] [ROLE=support_link] वायरलेस इयरबड्स फिर्ता गर्नु छ? पहिले हाम्रो सपोर्ट नम्बर मा फोन गर्नुहोस्,obstruction:ne:22,synthetic_v1,0,0,0,1,0,0,0,0
राइस कुकर को रिफन्ड हाम्रो इमेल डेस्क मार्फत मात्र माग्नुहोस्,obstruction,obstruction,ne,a,support_link,[TAG=a] [ROLE=support_link] राइस कुकर को रिफन्ड हाम्रो इमेल डेस्क मार्फत मात्र माग्नुहोस्,obstruction:ne:16,synthetic_v1,0,0,0,1,0,0,0,0
Snapdeal खाता बंद करने के लिए हमारा WhatsApp नंबर को लिखें,obstruction,obstruction,hi,div,modal_text,[TAG=div] [ROLE=modal_text] Snapdeal खाता बंद करने के लिए हमारा WhatsApp नंबर को लिखें,obstruction:hi:17,synthetic_v1,0,0,0,1,0,0,0,0
Amazon ऑर्डर रद्द करने के लिए हमारा Viber सपोर्ट से संपर्क करें,obstruction,obstruction,hi,p,help_text,[TAG=p] [ROLE=help_text] Amazon ऑर्डर रद्द करने के लिए हमारा Viber सपोर्ट से संपर्क करें,obstruction:hi:15,synthetic_v1,0,0,0,1,0,0,0,0
Muncha पर सब्सक्रिप्शन बदलाव केवल कॉल सेंटर से संभव है,obstruction,obstruction,hi,div,modal_text,[TAG=div] [ROLE=modal_text] Muncha पर सब्सक्रिप्शन बदलाव केवल कॉल सेंटर से संभव है,obstruction:hi:18,synthetic_v1,0,0,0,1,0,0,0,0
Amazon रद्दीकरणका लागि हाम्रो WhatsApp नम्बर बाट प्रमाणीकरण आवश्यक छ,obstruction,obstruction,ne,a,support_link,[TAG=a] [ROLE=support_link] Amazon रद्दीकरणका लागि हाम्रो WhatsApp नम्बर बाट प्रमाणीकरण आवश्यक छ,obstruction:ne:20,synthetic_v1,0,0,0,1,0,0,0,0
ऑफिस चेयर एक्सचेंज अनुरोध केवल हमारा Viber सपोर्ट से होगा,obstruction,obstruction,hi,a,support_link,[TAG=a] [ROLE=support_link] ऑफिस चेयर एक्सचेंज अनुरोध केवल हमारा Viber सपोर्ट से होगा,obstruction:hi:25,synthetic_v1,0,0,0,1,0,0,0,0
Zepto रद्दीकरणका लागि कल सेन्टर बाट प्रमाणीकरण आवश्यक छ,obstruction,obstruction,ne,a,support_link,[TAG=a] [ROLE=support_link] Zepto रद्दीकरणका लागि कल सेन्टर बाट प्रमाणीकरण आवश्यक छ,obstruction:ne:20,synthetic_v1,0,0,0,1,0,0,0,0
OkDam डाटा हटाउन हाम्रो Facebook पेज लाई लिखित अनुरोध पठाउनुहोस्,obstruction,obstruction,ne,div,modal_text,[TAG=div] [ROLE=modal_text] OkDam डाटा हटाउन हाम्रो Facebook पेज लाई लिखित अनुरोध पठाउनुहोस्,obstruction:ne:24,synthetic_v1,0,0,0,1,0,0,0,0
Amazon मा सदस्यता परिवर्तन कल सेन्टर बाट मात्र सम्भव छ,obstruction,obstruction,ne,p,help_text,[TAG=p] [ROLE=help_text] Amazon मा सदस्यता परिवर्तन कल सेन्टर बाट मात्र सम्भव छ,obstruction:ne:18,synthetic_v1,0,0,0,1,0,0,0,0
स्मार्टवॉच को ऑर्डर से हटाने के लिए हमारा Facebook पेज से संपर्क करें,obstruction,obstruction,hi,div,modal_text,[TAG=div] [ROLE=modal_text] स्मार्टवॉच को ऑर्डर से हटाने के लिए हमारा Facebook पेज से संपर्क करें,obstruction:hi:19,synthetic_v1,0,0,0,1,0,0,0,0
JioMart पर सब्सक्रिप्शन बदलाव केवल हमारा ईमेल डेस्क से संभव है,obstruction,obstruction,hi,p,help_text,[TAG=p] [ROLE=help_text] JioMart पर सब्सक्रिप्शन बदलाव केवल हमारा ईमेल डेस्क से संभव है,obstruction:hi:18,synthetic_v1,0,0,0,1,0,0,0,0
Returning water bottle? Please call our helpline first,obstruction,obstruction,en,a,support_link,[TAG=a] [ROLE=support_link] Returning water bottle? Please call our helpline first,obstruction:en:22,synthetic_v1,0,0,0,1,0,0,0,0
ऑटो-रिन्यूअल बंद करने के लिए 3 दिन में हमारा WhatsApp नंबर से संपर्क करें,obstruction,obstruction,hi,p,help_text,[TAG=p] [ROLE=help_text] ऑटो-रिन्यूअल बंद करने के लिए 3 दिन में हमारा WhatsApp नंबर से संपर्क करें,obstruction:hi:21,synthetic_v1,0,0,0,1,0,0,0,0
Subscription changes at OkDam are only possible via our WhatsApp number,obstruction,obstruction,en,div,modal_text,[TAG=div] [ROLE=modal_text] Subscription changes at OkDam are only possible via our WhatsApp number,obstruction:en:18,synthetic_v1,0,0,0,1,0,0,0,0
Meesho डाटा हटाउन हाम्रो इमेल डेस्क लाई लिखित अनुरोध पठाउनुहोस्,obstruction,obstruction,ne,div,modal_text,[TAG=div] [ROLE=modal_text] Meesho डाटा हटाउन हाम्रो इमेल डेस्क लाई लिखित अनुरोध पठाउनुहोस्,obstruction:ne:24,synthetic_v1,0,0,0,1,0,0,0,0
Your refund request requires 3 additional steps,obstruction,obstruction,en,a,support_link,[TAG=a] [ROLE=support_link] Your refund request requires 3 additional steps,obstruction:en:04,synthetic_v1,0,0,0,1,0,0,0,0
Amazon डेटा हटाने के लिए लाइव चैट को लिखित अनुरोध भेजें,obstruction,obstruction,hi,a,support_link,[TAG=a] [ROLE=support_link] Amazon डेटा हटाने के लिए लाइव चैट को लिखित अनुरोध भेजें,obstruction:hi:24,synthetic_v1,0,0,0,1,0,0,0,0
Refunds for study lamp must be requested through live chat,obstruction,obstruction,en,p,help_text,[TAG=p] [ROLE=help_text] Refunds for study lamp must be requested through live chat,obstruction:en:16,synthetic_v1,0,0,0,1,0,0,0,0
FirstCry पर गोल्ड प्लान डाउनग्रेड करने के लिए हमारा सपोर्ट नंबर से संपर्क करें,obstruction,obstruction,hi,div,modal_text,[TAG=div] [ROLE=modal_text] FirstCry पर गोल्ड प्लान डाउनग्रेड करने के लिए हमारा सपोर्ट नंबर से संपर्क करें,obstruction:hi:26,synthetic_v1,0,0,0,1,0,0,0,0
रद्द गर्न 7 कार्य दिनभित्र सम्पर्क गर्नुहोस्,obstruction,obstruction,ne,p,help_text,[TAG=p] [ROLE=help_text] रद्द गर्न 7 कार्य दिनभित्र सम्पर्क गर्नुहोस्,obstruction:ne:05,synthetic_v1,0,0,0,1,0,0,0,0
सदस्यता बन्द गर्न एजेन्टसँग च्याट गर्नुहोस्,obstruction,obstruction,ne,div,modal_text,[TAG=div] [ROLE=modal_text] सदस्यता बन्द गर्न एजेन्टसँग च्याट गर्नुहोस्,obstruction:ne:08,synthetic_v1,0,0,0,1,0,0,0,0
"To close your JioMart account, write to our Facebook page",obstruction,obstruction,en,p,help_text,"[TAG=p] [ROLE=help_text] To close your JioMart account, write to our Facebook page",obstruction:en:17,synthetic_v1,0,0,0,1,0,0,0,0
फेस वॉश एक्सचेंज अनुरोध केवल लाइव चैट से होगा,obstruction,obstruction,hi,a,support_link,[TAG=a] [ROLE=support_link] फेस वॉश एक्सचेंज अनुरोध केवल लाइव चैट से होगा,obstruction:hi:25,synthetic_v1,0,0,0,1,0,0,0,0
Deleting your Thulo data requires a written request to our Viber support,obstruction,obstruction,en,a,support_link,[TAG=a] [ROLE=support_link] Deleting your Thulo data requires a written request to our Viber support,obstruction:en:24,synthetic_v1,0,0,0,1,0,0,0,0
"To downgrade your Pro plan at FirstCry, contact our Facebook page",obstruction,obstruction,en,a,support_link,"[TAG=a] [ROLE=support_link] To downgrade your Pro plan at FirstCry, contact our Facebook page",obstruction:en:26,synthetic_v1,0,0,0,1,0,0,0,0
प्रोटीन पाउडर का रिफंड हमारा सपोर्ट नंबर के ज़रिये ही मांगें,obstruction,obstruction,hi,div,modal_text,[TAG=div] [ROLE=modal_text] प्रोटीन पाउडर का रिफंड हमारा सपोर्ट नंबर के ज़रिये ही मांगें,obstruction:hi:16,synthetic_v1,0,0,0,1,0,0,0,0
डेनिम जिन्स अर्डरबाट हटाउन हाम्रो इमेल डेस्क मा सम्पर्क गर्नुहोस्,obstruction,obstruction,ne,p,help_text,[TAG=p] [ROLE=help_text] डेनिम जिन्स अर्डरबाट हटाउन हाम्रो इमेल डेस्क मा सम्पर्क गर्नुहोस्,obstruction:ne:19,synthetic_v1,0,0,0,1,0,0,0,0
Deleting your Ajio data requires a written request to our Facebook page,obstruction,obstruction,en,div,modal_text,[TAG=div] [ROLE=modal_text] Deleting your Ajio data requires a written request to our Facebook page,obstruction:en:24,synthetic_v1,0,0,0,1,0,0,0,0
BigBasket खाता बन्द गर्न लाइभ च्याट लाई लेख्नुहोस्,obstruction,obstruction,ne,a,support_link,[TAG=a] [ROLE=support_link] BigBasket खाता बन्द गर्न लाइभ च्याट लाई लेख्नुहोस्,obstruction:ne:17,synthetic_v1,0,0,0,1,0,0,0,0
"To cancel your Nykaa order, contact our email desk",obstruction,obstruction,en,p,help_text,"[TAG=p] [ROLE=help_text] To cancel your Nykaa order, contact our email desk",obstruction:en:15,synthetic_v1,0,0,0,1,0,0,0,0
इलेक्ट्रिक केटल लौटाना है? पहले हमारा ईमेल डेस्क पर कॉल करें,obstruction,obstruction,hi,a,support_link,[TAG=a] [ROLE=support_link] इलेक्ट्रिक केटल लौटाना है? पहले हमारा ईमेल डेस्क पर कॉल करें,obstruction:hi:22,synthetic_v1,0,0,0,1,0,0,0,0
Snapdeal रद्दीकरण के लिए कॉल सेंटर से सत्यापन ज़रूरी है,obstruction,obstruction,hi,div,modal_text,[TAG=div] [ROLE=modal_text] Snapdeal रद्दीकरण के लिए कॉल सेंटर से सत्यापन ज़रूरी है,obstruction:hi:20,synthetic_v1,0,0,0,1,0,0,0,0
Kinbech खाता बन्द गर्न हाम्रो इमेल डेस्क लाई लेख्नुहोस्,obstruction,obstruction,ne,p,help_text,[TAG=p] [ROLE=help_text] Kinbech खाता बन्द गर्न हाम्रो इमेल डेस्क लाई लेख्नुहोस्,obstruction:ne:17,synthetic_v1,0,0,0,1,0,0,0,0
Flipkart खाता बन्द गर्न हाम्रो Facebook पेज लाई लेख्नुहोस्,obstruction,obstruction,ne,p,help_text,[TAG=p] [ROLE=help_text] Flipkart खाता बन्द गर्न हाम्रो Facebook पेज लाई लेख्नुहोस्,obstruction:ne:17,synthetic_v1,0,0,0,1,0,0,0,0
Ajio डेटा हटाने के लिए हमारा सपोर्ट नंबर को लिखित अनुरोध भेजें,obstruction,obstruction,hi,p,help_text,[TAG=p] [ROLE=help_text] Ajio डेटा हटाने के लिए हमारा सपोर्ट नंबर को लिखित अनुरोध भेजें,obstruction:hi:24,synthetic_v1,0,0,0,1,0,0,0,0
Your Gyapu refund needs approval from our support line,obstruction,obstruction,en,a,support_link,[TAG=a] [ROLE=support_link] Your Gyapu refund needs approval from our support line,obstruction:en:23,synthetic_v1,0,0,0,1,0,0,0,0
FirstCry रद्दीकरणका लागि कल सेन्टर बाट प्रमाणीकरण आवश्यक छ,obstruction,obstruction,ne,a,support_link,[TAG=a] [ROLE=support_link] FirstCry रद्दीकरणका लागि कल सेन्टर बाट प्रमाणीकरण आवश्यक छ,obstruction:ne:20,synthetic_v1,0,0,0,1,0,0,0,0
पावर ब्यांक फिर्ता गर्नु छ? पहिले हाम्रो इमेल डेस्क मा फोन गर्नुहोस्,obstruction,obstruction,ne,a,support_link,[TAG=a] [ROLE=support_link] पावर ब्यांक फिर्ता गर्नु छ? पहिले हाम्रो इमेल डेस्क मा फोन गर्नुहोस्,obstruction:ne:22,synthetic_v1,0,0,0,1,0,0,0,0
HamroBazar रिफंड के लिए हमारा ईमेल डेस्क की मंज़ूरी चाहिए,obstruction,obstruction,hi,a,support_link,[TAG=a] [ROLE=support_link] HamroBazar रिफंड के लिए हमारा ईमेल डेस्क की मंज़ूरी चाहिए,obstruction:hi:23,synthetic_v1,0,0,0,1,0,0,0,0
Zepto रद्दीकरण के लिए कॉल सेंटर से सत्यापन ज़रूरी है,obstruction,obstruction,hi,a,support_link,[TAG=a] [ROLE=support_link] Zepto रद्दीकरण के लिए कॉल सेंटर से सत्यापन ज़रूरी है,obstruction:hi:20,synthetic_v1,0,0,0,1,0,0,0,0
रिफन्डका लागि 6 थप चरण पूरा गर्नुहोस्,obstruction,obstruction,ne,a,support_link,[TAG=a] [ROLE=support_link] रिफन्डका लागि 6 थप चरण पूरा गर्नुहोस्,obstruction:ne:04,synthetic_v1,0,0,0,1,0,0,0,0
JioMart रद्दीकरण के लिए हमारा Viber सपोर्ट से सत्यापन ज़रूरी है,obstruction,obstruction,hi,p,help_text,[TAG=p] [ROLE=help_text] JioMart रद्दीकरण के लिए हमारा Viber सपोर्ट से सत्यापन ज़रूरी है,obstruction:hi:20,synthetic_v1,0,0,0,1,0,0,0,0
OkDam डेटा हटाने के लिए कॉल सेंटर को लिखित अनुरोध भेजें,obstruction,obstruction,hi,p,help_text,[TAG=p] [ROLE=help_text] OkDam डेटा हटाने के लिए कॉल सेंटर को लिखित अनुरोध भेजें,obstruction:hi:24,synthetic_v1,0,0,0,1,0,0,0,0
Salesberry मा सदस्यता परिवर्तन हाम्रो सपोर्ट नम्बर बाट मात्र सम्भव छ,obstruction,obstruction,ne,a,support_link,[TAG=a] [ROLE=support_link] Salesberry मा सदस्यता परिवर्तन हाम्रो सपोर्ट नम्बर बाट मात्र सम्भव छ,obstruction:ne:18,synthetic_v1,0,0,0,1,0,0,0,0
Meesho मा सदस्यता परिवर्तन हाम्रो सपोर्ट नम्बर बाट मात्र सम्भव छ,obstruction,obstruction,ne,p,help_text,[TAG=p] [ROLE=help_text] Meesho मा सदस्यता परिवर्तन हाम्रो सपोर्ट नम्बर बाट मात्र सम्भव छ,obstruction:ne:18,synthetic_v1,0,0,0,1,0,0,0,0
ब्लूटूथ स्पीकर लौटाना है? पहले हमारा ईमेल डेस्क पर कॉल करें,obstruction,obstruction,hi,a,support_link,[TAG=a] [ROLE=support_link] ब्लूटूथ स्पीकर लौटाना है? पहले हमारा ईमेल डेस्क पर कॉल करें,obstruction:hi:22,synthetic_v1,0,0,0,1,0,0,0,0
स्वतः नवीकरण बन्द गर्न 12 दिनभित्र हाम्रो सपोर्ट नम्बर मा सम्पर्क गर्नुहोस्,obstruction,obstruction,ne,a,support_link,[TAG=a] [ROLE=support_link] स्वतः नवीकरण बन्द गर्न 12 दिनभित्र हाम्रो सपोर्ट नम्बर मा सम्पर्क गर्नुहोस्,obstruction:ne:21,synthetic_v1,0,0,0,1,0,0,0,0
स्वतः नवीकरण बन्द गर्न 4 दिनभित्र हाम्रो Viber सपोर्ट मा सम्पर्क गर्नुहोस्,obstruction,obstruction,ne,p,help_text,[TAG=p] [ROLE=help_text] स्वतः नवीकरण बन्द गर्न 4 दिनभित्र हाम्रो Viber सपोर्ट मा सम्पर्क गर्नुहोस्,obstruction:ne:21,synthetic_v1,0,0,0,1,0,0,0,0
"To downgrade your Prime plan at Lenskart, contact live chat",obstruction,obstruction,en,p,help_text,"[TAG=p] [ROLE=help_text] To downgrade your Prime plan at Lenskart, contact live chat",obstruction:en:26,synthetic_v1,0,0,0,1,0,0,0,0
राइस कुकर का रिफंड हमारा सपोर्ट नंबर के ज़रिये ही मांगें,obstruction,obstruction,hi,p,help_text,[TAG=p] [ROLE=help_text] राइस कुकर का रिफंड हमारा सपोर्ट नंबर के ज़रिये ही मांगें,obstruction:hi:16,synthetic_v1,0,0,0,1,0,0,0,0
Nykaa cancellations require verification through our Viber support,obstruction,obstruction,en,a,support_link,[TAG=a] [ROLE=support_link] Nykaa cancellations require verification through our Viber support,obstruction:en:20,synthetic_v1,0,0,0,1,0,0,0,0
SastoDeal डेटा हटाने के लिए लाइव चैट को लिखित अनुरोध भेजें,obstruction,obstruction,hi,a,support_link,[TAG=a] [ROLE=support_link] SastoDeal डेटा हटाने के लिए लाइव चैट को लिखित अनुरोध भेजें,obstruction:hi:24,synthetic_v1,0,0,0,1,0,0,0,0
Flipkart खाता बंद करने के लिए कॉल सेंटर को लिखें,obstruction,obstruction,hi,p,help_text,[TAG=p] [ROLE=help_text] Flipkart खाता बंद करने के लिए कॉल सेंटर को लिखें,obstruction:hi:17,synthetic_v1,0,0,0,1,0,0,0,0
स्वतः नवीकरण बन्द गर्न 6 दिनभित्र हाम्रो WhatsApp नम्बर मा सम्पर्क गर्नुहोस्,obstruction,obstruction,ne,p,help_text,[TAG=p] [ROLE=help_text] स्वतः नवीकरण बन्द गर्न 6 दिनभित्र हाम्रो WhatsApp नम्बर मा सम्पर्क गर्नुहोस्,obstruction:ne:21,synthetic_v1,0,0,0,1,0,0,0,0
Reach our WhatsApp number to remove school bag from your order,obstruction,obstruction,en,a,support_link,[TAG=a] [ROLE=support_link] Reach our WhatsApp number to remove school bag from your order,obstruction:en:19,synthetic_v1,0,0,0,1,0,0,0,0
रिटर्न अनुरोध 3 दिनों में फोन से करना होगा,obstruction,obstruction,hi,div,modal_text,[TAG=div] [ROLE=modal_text] रिटर्न अनुरोध 3 दिनों में फोन से करना होगा,obstruction:hi:13,synthetic_v1,0,0,0,1,0,0,0,0
Subscription changes at Daraz are only possible via our email desk,obstruction,obstruction,en,a,support_link,[TAG=a] [ROLE=support_link] Subscription changes at Daraz are only possible via our email desk,obstruction:en:18,synthetic_v1,0,0,0,1,0,0,0,0
Subscription changes at Salesberry are only possible via the call centre,obstruction,obstruction,en,p,help_text,[TAG=p] [ROLE=help_text] Subscription changes at Salesberry are only possible via the call centre,obstruction:en:18,synthetic_v1,0,0,0,1,0,0,0,0
कॉफी मेकर लौटाना है? पहले हमारा WhatsApp नंबर पर कॉल करें,obstruction,obstruction,hi,p,help_text,[TAG=p] [ROLE=help_text] कॉफी मेकर लौटाना है? पहले हमारा WhatsApp नंबर पर कॉल करें,obstruction:hi:22,synthetic_v1,0,0,0,1,0,0,0,0
राइस कुकर फिर्ता गर्नु छ? पहिले हाम्रो इमेल डेस्क मा फोन गर्नुहोस्,obstruction,obstruction,ne,div,modal_text,[TAG=div] [ROLE=modal_text] राइस कुकर फिर्ता गर्नु छ? पहिले हाम्रो इमेल डेस्क मा फोन गर्नुहोस्,obstruction:ne:22,synthetic_v1,0,0,0,1,0,0,0,0
Zepto खाता बंद करने के लिए हमारा ईमेल डेस्क को लिखें,obstruction,obstruction,hi,p,help_text,[TAG=p] [ROLE=help_text] Zepto खाता बंद करने के लिए हमारा ईमेल डेस्क को लिखें,obstruction:hi:17,synthetic_v1,0,0,0,1,0,0,0,0
Muncha डेटा हटाने के लिए हमारा सपोर्ट नंबर को लिखित अनुरोध भेजें,obstruction,obstruction,hi,p,help_text,[TAG=p] [ROLE=help_text] Muncha डेटा हटाने के लिए हमारा सपोर्ट नंबर को लिखित अनुरोध भेजें,obstruction:hi:24,synthetic_v1,0,0,0,1,0,0,0,0
Subscription changes at BigBasket are only possible via live chat,obstruction,obstruction,en,div,modal_text,[TAG=div] [ROLE=modal_text] Subscription changes at BigBasket are only possible via live chat,obstruction:en:18,synthetic_v1,0,0,0,1,0,0,0,0
SastoDeal डेटा हटाने के लिए हमारा ईमेल डेस्क को लिखित अनुरोध भेजें,obstruction,obstruction,hi,p,help_text,[TAG=p] [ROLE=help_text] SastoDeal डेटा हटाने के लिए हमारा ईमेल डेस्क को लिखित अनुरोध भेजें,obstruction:hi:24,synthetic_v1,0,0,0,1,0,0,0,0
Flipkart खाता बंद करने के लिए लाइव चैट को लिखें,obstruction,obstruction,hi,a,support_link,[TAG=a] [ROLE=support_link] Flipkart खाता बंद करने के लिए लाइव चैट को लिखें,obstruction:hi:17,synthetic_v1,0,0,0,1,0,0,0,0
Returning power bank? Please call our helpline first,obstruction,obstruction,en,a,support_link,[TAG=a] [ROLE=support_link] Returning power bank? Please call our helpline first,obstruction:en:22,synthetic_v1,0,0,0,1,0,0,0,0
एयर फ्रायर फिर्ता गर्नु छ? पहिले हाम्रो WhatsApp नम्बर मा फोन गर्नुहोस्,obstruction,obstruction,ne,div,modal_text,[TAG=div] [ROLE=modal_text] एयर फ्रायर फिर्ता गर्नु छ? पहिले हाम्रो WhatsApp नम्बर मा फोन गर्नुहोस्,obstruction:ne:22,synthetic_v1,0,0,0,1,0,0,0,0
स्मार्टवॉच लौटाना है? पहले हमारा Viber सपोर्ट पर कॉल करें,obstruction,obstruction,hi,a,support_link,[TAG=a] [ROLE=support_link] स्मार्टवॉच लौटाना है? पहले हमारा Viber सपोर्ट पर कॉल करें,obstruction:hi:22,synthetic_v1,0,0,0,1,0,0,0,0
Blinkit ऑर्डर रद्द करने के लिए हमारा ईमेल डेस्क से संपर्क करें,obstruction,obstruction,hi,p,help_text,[TAG=p] [ROLE=help_text] Blinkit ऑर्डर रद्द करने के लिए हमारा ईमेल डेस्क से संपर्क करें,obstruction:hi:15,synthetic_v1,0,0,0,1,0,0,0,0
JioMart अर्डर रद्द गर्न हाम्रो सपोर्ट नम्बर मा सम्पर्क गर्नुहोस्,obstruction,obstruction,ne,a,support_link,[TAG=a] [ROLE=support_link] JioMart अर्डर रद्द गर्न हाम्रो सपोर्ट नम्बर मा सम्पर्क गर्नुहोस्,obstruction:ne:15,synthetic_v1,0,0,0,1,0,0,0,0
Snapdeal रद्दीकरणका लागि लाइभ च्याट बाट प्रमाणीकरण आवश्यक छ,obstruction,obstruction,ne,div,modal_text,[TAG=div] [ROLE=modal_text] Snapdeal रद्दीकरणका लागि लाइभ च्याट बाट प्रमाणीकरण आवश्यक छ,obstruction:ne:20,synthetic_v1,0,0,0,1,0,0,0,0
"To close your Muncha account, write to our helpline",obstruction,obstruction,en,div,modal_text,"[TAG=div] [ROLE=modal_text] To close your Muncha account, write to our helpline",obstruction:en:17,synthetic_v1,0,0,0,1,0,0,0,0
Flipkart अर्डर रद्द गर्न हाम्रो Facebook पेज मा सम्पर्क गर्नुहोस्,obstruction,obstruction,ne,div,modal_text,[TAG=div] [ROLE=modal_text] Flipkart अर्डर रद्द गर्न हाम्रो Facebook पेज मा सम्पर्क गर्नुहोस्,obstruction:ne:15,synthetic_v1,0,0,0,1,0,0,0,0
"To cancel your Amazon order, contact our support line",obstruction,obstruction,en,div,modal_text,"[TAG=div] [ROLE=modal_text] To cancel your Amazon order, contact our support line",obstruction:en:15,synthetic_v1,0,0,0,1,0,0,0,0
हेयर ड्रायर अर्डरबाट हटाउन हाम्रो WhatsApp नम्बर मा सम्पर्क गर्नुहोस्,obstruction,obstruction,ne,p,help_text,[TAG=p] [ROLE=help_text] हेयर ड्रायर अर्डरबाट हटाउन हाम्रो WhatsApp नम्बर मा सम्पर्क गर्नुहोस्,obstruction:ne:19,synthetic_v1,0,0,0,1,0,0,0,0
डाउनग्रेड के लिए कानपुर कार्यालय पोर्टल से अनुरोध करें,obstruction,obstruction,hi,p,help_text,[TAG=p] [ROLE=help_text] डाउनग्रेड के लिए कानपुर कार्यालय पोर्टल से अनुरोध करें,obstruction:hi:12,synthetic_v1,0,0,0,1,0,0,0,0
Croma डेटा हटाने के लिए लाइव चैट को लिखित अनुरोध भेजें,obstruction,obstruction,hi,div,modal_text,[TAG=div] [ROLE=modal_text] Croma डेटा हटाने के लिए लाइव चैट को लिखित अनुरोध भेजें,obstruction:hi:24,synthetic_v1,0,0,0,1,0,0,0,0
Reach our Viber support to remove air fryer from your order,obstruction,obstruction,en,p,help_text,[TAG=p] [ROLE=help_text] Reach our Viber support to remove air fryer from your order,obstruction:en:19,synthetic_v1,0,0,0,1,0,0,0,0
Blinkit मा प्लस प्लान डाउनग्रेड गर्न हाम्रो इमेल डेस्क मा सम्पर्क गर्नुहोस्,obstruction,obstruction,ne,a,support_link,[TAG=a] [ROLE=support_link] Blinkit मा प्लस प्लान डाउनग्रेड गर्न हाम्रो इमेल डेस्क मा सम्पर्क गर्नुहोस्,obstruction:ne:26,synthetic_v1,0,0,0,1,0,0,0,0
Nykaa अर्डर रद्द गर्न हाम्रो Viber सपोर्ट मा सम्पर्क गर्नुहोस्,obstruction,obstruction,ne,div,modal_text,[TAG=div] [ROLE=modal_text] Nykaa अर्डर रद्द गर्न हाम्रो Viber सपोर्ट मा सम्पर्क गर्नुहोस्,obstruction:ne:15,synthetic_v1,0,0,0,1,0,0,0,0
ऑटो-रिन्यूअल बंद करने के लिए 5 दिन में हमारा Viber सपोर्ट से संपर्क करें,obstruction,obstruction,hi,p,help_text,[TAG=p] [ROLE=help_text] ऑटो-रिन्यूअल बंद करने के लिए 5 दिन में हमारा Viber सपोर्ट से संपर्क करें,obstruction:hi:21,synthetic_v1,0,0,0,1,0,0,0,0
"To close your FirstCry account, write to the call centre",obstruction,obstruction,en,div,modal_text,"[TAG=div] [ROLE=modal_text] To close your FirstCry account, write to the call centre",obstruction:en:17,synthetic_v1,0,0,0,1,0,0,0,0
Myntra cancellations require verification through live chat,obstruction,obstruction,en,p,help_text,[TAG=p] [ROLE=help_text] Myntra cancellations require verification through live chat,obstruction:en:20,synthetic_v1,0,0,0,1,0,0,0,0
Myntra ऑर्डर रद्द करने के लिए हमारी हेल्पलाइन से संपर्क करें,obstruction,obstruction,hi,div,modal_text,[TAG=div] [ROLE=modal_text] Myntra ऑर्डर रद्द करने के लिए हमारी हेल्पलाइन से संपर्क करें,obstruction:hi:15,synthetic_v1,0,0,0,1,0,0,0,0
"To close your Zepto account, write to live chat",obstruction,obstruction,en,a,support_link,"[TAG=a] [ROLE=support_link] To close your Zepto account, write to live chat",obstruction:en:17,synthetic_v1,0,0,0,1,0,0,0,0
Your Ajio refund needs approval from our Facebook page,obstruction,obstruction,en,a,support_link,[TAG=a] [ROLE=support_link] Your Ajio refund needs approval from our Facebook page,obstruction:en:23,synthetic_v1,0,0,0,1,0,0,0,0
रनिङ जुत्ता अर्डरबाट हटाउन हाम्रो Facebook पेज मा सम्पर्क गर्नुहोस्,obstruction,obstruction,ne,p,help_text,[TAG=p] [ROLE=help_text] रनिङ जुत्ता अर्डरबाट हटाउन हाम्रो Facebook पेज मा सम्पर्क गर्नुहोस्,obstruction:ne:19,synthetic_v1,0,0,0,1,0,0,0,0
"To stop auto-renewal, contact the call centre within 3 days",obstruction,obstruction,en,p,help_text,"[TAG=p] [ROLE=help_text] To stop auto-renewal, contact the call centre within 3 days",obstruction:en:21,synthetic_v1,0,0,0,1,0,0,0,0
Refunds for yoga mat must be requested through our Viber support,obstruction,obstruction,en,div,modal_text,[TAG=div] [ROLE=modal_text] Refunds for yoga mat must be requested through our Viber support,obstruction:en:16,synthetic_v1,0,0,0,1,0,0,0,0
"To cancel your Snapdeal order, contact our support line",obstruction,obstruction,en,p,help_text,"[TAG=p] [ROLE=help_text] To cancel your Snapdeal order, contact our support line",obstruction:en:15,synthetic_v1,0,0,0,1,0,0,0,0
Daraz पर प्लस प्लान डाउनग्रेड करने के लिए हमारी हेल्पलाइन से संपर्क करें,obstruction,obstruction,hi,p,help_text,[TAG=p] [ROLE=help_text] Daraz पर प्लस प्लान डाउनग्रेड करने के लिए हमारी हेल्पलाइन से संपर्क करें,obstruction:hi:26,synthetic_v1,0,0,0,1,0,0,0,0
Flipkart पर सब्सक्रिप्शन बदलाव केवल हमारा ईमेल डेस्क से संभव है,obstruction,obstruction,hi,div,modal_text,[TAG=div] [ROLE=modal_text] Flipkart पर सब्सक्रिप्शन बदलाव केवल हमारा ईमेल डेस्क से संभव है,obstruction:hi:18,synthetic_v1,0,0,0,1,0,0,0,0
फॉर्मल शर्ट लौटाना है? पहले हमारा सपोर्ट नंबर पर कॉल करें,obstruction,obstruction,hi,a,support_link,[TAG=a] [ROLE=support_link] फॉर्मल शर्ट लौटाना है? पहले हमारा सपोर्ट नंबर पर कॉल करें,obstruction:hi:22,synthetic_v1,0,0,0,1,0,0,0,0
Nykaa cancellations require verification through our helpline,obstruction,obstruction,en,a,support_link,[TAG=a] [ROLE=support_link] Nykaa cancellations require verification through our helpline,obstruction:en:20,synthetic_v1,0,0,0,1,0,0,0,0
Refunds for formal shirt must be requested through our helpline,obstruction,obstruction,en,div,modal_text,[TAG=div] [ROLE=modal_text] Refunds for formal shirt must be requested through our helpline,obstruction:en:16,synthetic_v1,0,0,0,1,0,0,0,0
water bottle exchange requests go through our Viber support only,obstruction,obstruction,en,a,support_link,[TAG=a] [ROLE=support_link] water bottle exchange requests go through our Viber support only,obstruction:en:25,synthetic_v1,0,0,0,1,0,0,0,0
फेस वास को रिफन्ड हाम्रो इमेल डेस्क मार्फत मात्र माग्नुहोस्,obstruction,obstruction,ne,div,modal_text,[TAG=div] [ROLE=modal_text] फेस वास को रिफन्ड हाम्रो इमेल डेस्क मार्फत मात्र माग्नुहोस्,obstruction:ne:16,synthetic_v1,0,0,0,1,0,0,0,0
Myntra पर प्राइम प्लान डाउनग्रेड करने के लिए हमारा Facebook पेज से संपर्क करें,obstruction,obstruction,hi,div,modal_text,[TAG=div] [ROLE=modal_text] Myntra पर प्राइम प्लान डाउनग्रेड करने के लिए हमारा Facebook पेज से संपर्क करें,obstruction:hi:26,synthetic_v1,0,0,0,1,0,0,0,0
Blinkit रिफन्डका लागि हाम्रो Viber सपोर्ट को स्वीकृति चाहिन्छ,obstruction,obstruction,ne,a,support_link,[TAG=a] [ROLE=support_link] Blinkit रिफन्डका लागि हाम्रो Viber सपोर्ट को स्वीकृति चाहिन्छ,obstruction:ne:23,synthetic_v1,0,0,0,1,0,0,0,0
डाउनग्रेड गर्न धनगढी कार्यालय पोर्टलबाट अनुरोध गर्नुहोस्,obstruction,obstruction,ne,a,support_link,[TAG=a] [ROLE=support_link] डाउनग्रेड गर्न धनगढी कार्यालय पोर्टलबाट अनुरोध गर्नुहोस्,obstruction:ne:12,synthetic_v1,0,0,0,1,0,0,0,0
"To cancel your HamroBazar order, contact our WhatsApp number",obstruction,obstruction,en,p,help_text,"[TAG=p] [ROLE=help_text] To cancel your HamroBazar order, contact our WhatsApp number",obstruction:en:15,synthetic_v1,0,0,0,1,0,0,0,0
"To downgrade your Prime plan at Amazon, contact our support line",obstruction,obstruction,en,p,help_text,"[TAG=p] [ROLE=help_text] To downgrade your Prime plan at Amazon, contact our support line",obstruction:en:26,synthetic_v1,0,0,0,1,0,0,0,0
ऑफिस चेयर को ऑर्डर से हटाने के लिए लाइव चैट से संपर्क करें,obstruction,obstruction,hi,div,modal_text,[TAG=div] [ROLE=modal_text] ऑफिस चेयर को ऑर्डर से हटाने के लिए लाइव चैट से संपर्क करें,obstruction:hi:19,synthetic_v1,0,0,0,1,0,0,0,0
Tata Cliq मा सदस्यता परिवर्तन हाम्रो इमेल डेस्क बाट मात्र सम्भव छ,obstruction,obstruction,ne,a,support_link,[TAG=a] [ROLE=support_link] Tata Cliq मा सदस्यता परिवर्तन हाम्रो इमेल डेस्क बाट मात्र सम्भव छ,obstruction:ne:18,synthetic_v1,0,0,0,1,0,0,0,0
"To stop auto-renewal, contact live chat within 2 days",obstruction,obstruction,en,p,help_text,"[TAG=p] [ROLE=help_text] To stop auto-renewal, contact live chat within 2 days",obstruction:en:21,synthetic_v1,0,0,0,1,0,0,0,0
Deleting your Lenskart data requires a written request to live chat,obstruction,obstruction,en,p,help_text,[TAG=p] [ROLE=help_text] Deleting your Lenskart data requires a written request to live chat,obstruction:en:24,synthetic_v1,0,0,0,1,0,0,0,0
स्पोर्ट्स चप्पल को रिफन्ड हाम्रो WhatsApp नम्बर मार्फत मात्र माग्नुहोस्,obstruction,obstruction,ne,div,modal_text,[TAG=div] [ROLE=modal_text] स्पोर्ट्स चप्पल को रिफन्ड हाम्रो WhatsApp नम्बर मार्फत मात्र माग्नुहोस्,obstruction:ne:16,synthetic_v1,0,0,0,1,0,0,0,0
gaming mouse exchange requests go through our email desk only,obstruction,obstruction,en,div,modal_text,[TAG=div] [ROLE=modal_text] gaming mouse exchange requests go through our email desk only,obstruction:en:25,synthetic_v1,0,0,0,1,0,0,0,0
वायरलेस ईयरबड्स का रिफंड लाइव चैट के ज़रिये ही मांगें,obstruction,obstruction,hi,p,help_text,[TAG=p] [ROLE=help_text] वायरलेस ईयरबड्स का रिफंड लाइव चैट के ज़रिये ही मांगें,obstruction:hi:16,synthetic_v1,0,0,0,1,0,0,0,0
Croma रिफंड के लिए हमारा Facebook पेज की मंज़ूरी चाहिए,obstruction,obstruction,hi,p,help_text,[TAG=p] [ROLE=help_text] Croma रिफंड के लिए हमारा Facebook पेज की मंज़ूरी चाहिए,obstruction:hi:23,synthetic_v1,0,0,0,1,0,0,0,0
"To cancel your OkDam order, contact our email desk",obstruction,obstruction,en,div,modal_text,"[TAG=div] [ROLE=modal_text] To cancel your OkDam order, contact our email desk",obstruction:en:15,synthetic_v1,0,0,0,1,0,0,0,0
Please contact us within 6 business days to cancel,obstruction,obstruction,en,p,help_text,[TAG=p] [ROLE=help_text] Please contact us within 6 business days to cancel,obstruction:en:05,synthetic_v1,0,0,0,1,0,0,0,0
फेस वॉश को ऑर्डर से हटाने के लिए हमारी हेल्पलाइन से संपर्क करें,obstruction,obstruction,hi,a,support_link,[TAG=a] [ROLE=support_link] फेस वॉश को ऑर्डर से हटाने के लिए हमारी हेल्पलाइन से संपर्क करें,obstruction:hi:19,synthetic_v1,0,0,0,1,0,0,0,0
FirstCry रिफन्डका लागि लाइभ च्याट को स्वीकृति चाहिन्छ,obstruction,obstruction,ne,a,support_link,[TAG=a] [ROLE=support_link] FirstCry रिफन्डका लागि लाइभ च्याट को स्वीकृति चाहिन्छ,obstruction:ne:23,synthetic_v1,0,0,0,1,0,0,0,0
"To cancel your Muncha order, contact our WhatsApp number",obstruction,obstruction,en,a,support_link,"[TAG=a] [ROLE=support_link] To cancel your Muncha order, contact our WhatsApp number",obstruction:en:15,synthetic_v1,0,0,0,1,0,0,0,0
Gyapu डेटा हटाने के लिए हमारा Viber सपोर्ट को लिखित अनुरोध भेजें,obstruction,obstruction,hi,a,support_link,[TAG=a] [ROLE=support_link] Gyapu डेटा हटाने के लिए हमारा Viber सपोर्ट को लिखित अनुरोध भेजें,obstruction:hi:24,synthetic_v1,0,0,0,1,0,0,0,0
Nykaa रिफंड के लिए हमारा Facebook पेज की मंज़ूरी चाहिए,obstruction,obstruction,hi,p,help_text,[TAG=p] [ROLE=help_text] Nykaa रिफंड के लिए हमारा Facebook पेज की मंज़ूरी चाहिए,obstruction:hi:23,synthetic_v1,0,0,0,1,0,0,0,0
SastoDeal डाटा हटाउन लाइभ च्याट लाई लिखित अनुरोध पठाउनुहोस्,obstruction,obstruction,ne,div,modal_text,[TAG=div] [ROLE=modal_text] SastoDeal डाटा हटाउन लाइभ च्याट लाई लिखित अनुरोध पठाउनुहोस्,obstruction:ne:24,synthetic_v1,0,0,0,1,0,0,0,0
इंडक्शन चूल्हा का रिफंड हमारा WhatsApp नंबर के ज़रिये ही मांगें,obstruction,obstruction,hi,div,modal_text,[TAG=div] [ROLE=modal_text] इंडक्शन चूल्हा का रिफंड हमारा WhatsApp नंबर के ज़रिये ही मांगें,obstruction:hi:16,synthetic_v1,0,0,0,1,0,0,0,0
Lenskart डेटा हटाने के लिए हमारा WhatsApp नंबर को लिखित अनुरोध भेजें,obstruction,obstruction,hi,a,support_link,[TAG=a] [ROLE=support_link] Lenskart डेटा हटाने के लिए हमारा WhatsApp नंबर को लिखित अनुरोध भेजें,obstruction:hi:24,synthetic_v1,0,0,0,1,0,0,0,0
Nykaa पर प्राइम प्लान डाउनग्रेड करने के लिए हमारा Facebook पेज से संपर्क करें,obstruction,obstruction,hi,div,modal_text,[TAG=div] [ROLE=modal_text] Nykaa पर प्राइम प्लान डाउनग्रेड करने के लिए हमारा Facebook पेज से संपर्क करें,obstruction:hi:26,synthetic_v1,0,0,0,1,0,0,0,0
Lenskart अर्डर रद्द गर्न हाम्रो इमेल डेस्क मा सम्पर्क गर्नुहोस्,obstruction,obstruction,ne,p,help_text,[TAG=p] [ROLE=help_text] Lenskart अर्डर रद्द गर्न हाम्रो इमेल डेस्क मा सम्पर्क गर्नुहोस्,obstruction:ne:15,synthetic_v1,0,0,0,1,0,0,0,0
"To stop auto-renewal, contact our Viber support within 6 days",obstruction,obstruction,en,a,support_link,"[TAG=a] [ROLE=support_link] To stop auto-renewal, contact our Viber support within 6 days",obstruction:en:21,synthetic_v1,0,0,0,1,0,0,0,0
Nykaa रिफन्डका लागि हाम्रो WhatsApp नम्बर को स्वीकृति चाहिन्छ,obstruction,obstruction,ne,p,help_text,[TAG=p] [ROLE=help_text] Nykaa रिफन्डका लागि हाम्रो WhatsApp नम्बर को स्वीकृति चाहिन्छ,obstruction:ne:23,synthetic_v1,0,0,0,1,0,0,0,0
रिफंड 7 दिन की समीक्षा के बाद ही होगा,obstruction,obstruction,hi,div,modal_text,[TAG=div] [ROLE=modal_text] रिफंड 7 दिन की समीक्षा के बाद ही होगा,obstruction:hi:11,synthetic_v1,0,0,0,1,0,0,0,0
Croma डाटा हटाउन हाम्रो इमेल डेस्क लाई लिखित अनुरोध पठाउनुहोस्,obstruction,obstruction,ne,a,support_link,[TAG=a] [ROLE=support_link] Croma डाटा हटाउन हाम्रो इमेल डेस्क लाई लिखित अनुरोध पठाउनुहोस्,obstruction:ne:24,synthetic_v1,0,0,0,1,0,0,0,0
Thulo पर प्राइम प्लान डाउनग्रेड करने के लिए हमारा Facebook पेज से संपर्क करें,obstruction,obstruction,hi,a,support_link,[TAG=a] [ROLE=support_link] Thulo पर प्राइम प्लान डाउनग्रेड करने के लिए हमारा Facebook पेज से संपर्क करें,obstruction:hi:26,synthetic_v1,0,0,0,1,0,0,0,0
Meesho रद्दीकरणका लागि हाम्रो हेल्पलाइन बाट प्रमाणीकरण आवश्यक छ,obstruction,obstruction,ne,p,help_text,[TAG=p] [ROLE=help_text] Meesho रद्दीकरणका लागि हाम्रो हेल्पलाइन बाट प्रमाणीकरण आवश्यक छ,obstruction:ne:20,synthetic_v1,0,0,0,1,0,0,0,0
"To close your Amazon account, write to our Viber support",obstruction,obstruction,en,a,support_link,"[TAG=a] [ROLE=support_link] To close your Amazon account, write to our Viber support",obstruction:en:17,synthetic_v1,0,0,0,1,0,0,0,0
स्पोर्ट्स सैंडल एक्सचेंज अनुरोध केवल कॉल सेंटर से होगा,obstruction,obstruction,hi,a,support_link,[TAG=a] [ROLE=support_link] स्पोर्ट्स सैंडल एक्सचेंज अनुरोध केवल कॉल सेंटर से होगा,obstruction:hi:25,synthetic_v1,0,0,0,1,0,0,0,0
हेयर ड्रायर को ऑर्डर से हटाने के लिए हमारा ईमेल डेस्क से संपर्क करें,obstruction,obstruction,hi,p,help_text,[TAG=p] [ROLE=help_text] हेयर ड्रायर को ऑर्डर से हटाने के लिए हमारा ईमेल डेस्क से संपर्क करें,obstruction:hi:19,synthetic_v1,0,0,0,1,0,0,0,0
Ajio डाटा हटाउन हाम्रो इमेल डेस्क लाई लिखित अनुरोध पठाउनुहोस्,obstruction,obstruction,ne,p,help_text,[TAG=p] [ROLE=help_text] Ajio डाटा हटाउन हाम्रो इमेल डेस्क लाई लिखित अनुरोध पठाउनुहोस्,obstruction:ne:24,synthetic_v1,0,0,0,1,0,0,0,0
इन्डक्सन चुल्हो सट्टा अनुरोध हाम्रो हेल्पलाइन बाट मात्र हुन्छ,obstruction,obstruction,ne,p,help_text,[TAG=p] [ROLE=help_text] इन्डक्सन चुल्हो सट्टा अनुरोध हाम्रो हेल्पलाइन बाट मात्र हुन्छ,obstruction:ne:25,synthetic_v1,0,0,0,1,0,0,0,0
"To cancel your HamroBazar order, contact our support line",obstruction,obstruction,en,p,help_text,"[TAG=p] [ROLE=help_text] To cancel your HamroBazar order, contact our support line",obstruction:en:15,synthetic_v1,0,0,0,1,0,0,0,0
trekking jacket exchange requests go through our WhatsApp number only,obstruction,obstruction,en,p,help_text,[TAG=p] [ROLE=help_text] trekking jacket exchange requests go through our WhatsApp number only,obstruction:en:25,synthetic_v1,0,0,0,1,0,0,0,0
"To stop auto-renewal, contact our Facebook page within 10 days",obstruction,obstruction,en,p,help_text,"[TAG=p] [ROLE=help_text] To stop auto-renewal, contact our Facebook page within 10 days",obstruction:en:21,synthetic_v1,0,0,0,1,0,0,0,0
Tata Cliq रद्दीकरण के लिए हमारा सपोर्ट नंबर से सत्यापन ज़रूरी है,obstruction,obstruction,hi,a,support_link,[TAG=a] [ROLE=support_link] Tata Cliq रद्दीकरण के लिए हमारा सपोर्ट नंबर से सत्यापन ज़रूरी है,obstruction:hi:20,synthetic_v1,0,0,0,1,0,0,0,0
office chair exchange requests go through the call centre only,obstruction,obstruction,en,div,modal_text,[TAG=div] [ROLE=modal_text] office chair exchange requests go through the call centre only,obstruction:en:25,synthetic_v1,0,0,0,1,0,0,0,0
Daraz रद्दीकरण के लिए कॉल सेंटर से सत्यापन ज़रूरी है,obstruction,obstruction,hi,a,support_link,[TAG=a] [ROLE=support_link] Daraz रद्दीकरण के लिए कॉल सेंटर से सत्यापन ज़रूरी है,obstruction:hi:20,synthetic_v1,0,0,0,1,0,0,0,0
"To close your Gyapu account, write to our email desk",obstruction,obstruction,en,div,modal_text,"[TAG=div] [ROLE=modal_text] To close your Gyapu account, write to our email desk",obstruction:en:17,synthetic_v1,0,0,0,1,0,0,0,0
ब्लुटुथ स्पिकर को रिफन्ड हाम्रो इमेल डेस्क मार्फत मात्र माग्नुहोस्,obstruction,obstruction,ne,p,help_text,[TAG=p] [ROLE=help_text] ब्लुटुथ स्पिकर को रिफन्ड हाम्रो इमेल डेस्क मार्फत मात्र माग्नुहोस्,obstruction:ne:16,synthetic_v1,0,0,0,1,0,0,0,0
स्पोर्ट्स सैंडल का रिफंड हमारी हेल्पलाइन के ज़रिये ही मांगें,obstruction,obstruction,hi,p,help_text,[TAG=p] [ROLE=help_text] स्पोर्ट्स सैंडल का रिफंड हमारी हेल्पलाइन के ज़रिये ही मांगें,obstruction:hi:16,synthetic_v1,0,0,0,1,0,0,0,0
Croma रद्दीकरणका लागि हाम्रो WhatsApp नम्बर बाट प्रमाणीकरण आवश्यक छ,obstruction,obstruction,ne,p,help_text,[TAG=p] [ROLE=help_text] Croma रद्दीकरणका लागि हाम्रो WhatsApp नम्बर बाट प्रमाणीकरण आवश्यक छ,obstruction:ne:20,synthetic_v1,0,0,0,1,0,0,0,0
Your refund request requires 2 additional steps,obstruction,obstruction,en,p,help_text,[TAG=p] [ROLE=help_text] Your refund request requires 2 additional steps,obstruction:en:04,synthetic_v1,0,0,0,1,0,0,0,0
Muncha खाता बन्द गर्न हाम्रो Facebook पेज लाई लेख्नुहोस्,obstruction,obstruction,ne,div,modal_text,[TAG=div] [ROLE=modal_text] Muncha खाता बन्द गर्न हाम्रो Facebook पेज लाई लेख्नुहोस्,obstruction:ne:17,synthetic_v1,0,0,0,1,0,0,0,0
"To cancel your Flipkart order, contact our email desk",obstruction,obstruction,en,a,support_link,"[TAG=a] [ROLE=support_link] To cancel your Flipkart order, contact our email desk",obstruction:en:15,synthetic_v1,0,0,0,1,0,0,0,0
"To downgrade your Prime plan at Lenskart, contact the call centre",obstruction,obstruction,en,a,support_link,"[TAG=a] [ROLE=support_link] To downgrade your Prime plan at Lenskart, contact the call centre",obstruction:en:26,synthetic_v1,0,0,0,1,0,0,0,0
Subscription changes at FirstCry are only possible via the call centre,obstruction,obstruction,en,a,support_link,[TAG=a] [ROLE=support_link] Subscription changes at FirstCry are only possible via the call centre,obstruction:en:18,synthetic_v1,0,0,0,1,0,0,0,0
Deleting your Ajio data requires a written request to the call centre,obstruction,obstruction,en,p,help_text,[TAG=p] [ROLE=help_text] Deleting your Ajio data requires a written request to the call centre,obstruction:en:24,synthetic_v1,0,0,0,1,0,0,0,0
फेस वास अर्डरबाट हटाउन हाम्रो Viber सपोर्ट मा सम्पर्क गर्नुहोस्,obstruction,obstruction,ne,a,support_link,[TAG=a] [ROLE=support_link] फेस वास अर्डरबाट हटाउन हाम्रो Viber सपोर्ट मा सम्पर्क गर्नुहोस्,obstruction:ne:19,synthetic_v1,0,0,0,1,0,0,0,0
"To downgrade, submit a request from the Lalitpur office portal",obstruction,obstruction,en,div,modal_text,"[TAG=div] [ROLE=modal_text] To downgrade, submit a request from the Lalitpur office portal",obstruction:en:12,synthetic_v1,0,0,0,1,0,0,0,0
नॉइज़ कैंसलिंग हेडफोन लौटाना है? पहले हमारा WhatsApp नंबर पर कॉल करें,obstruction,obstruction,hi,p,help_text,[TAG=p] [ROLE=help_text] नॉइज़ कैंसलिंग हेडफोन लौटाना है? पहले हमारा WhatsApp नंबर पर कॉल करें,obstruction:hi:22,synthetic_v1,0,0,0,1,0,0,0,0
स्वतः नवीकरण बन्द गर्न 4 दिनभित्र हाम्रो Facebook पेज मा सम्पर्क गर्नुहोस्,obstruction,obstruction,ne,div,modal_text,[TAG=div] [ROLE=modal_text] स्वतः नवीकरण बन्द गर्न 4 दिनभित्र हाम्रो Facebook पेज मा सम्पर्क गर्नुहोस्,obstruction:ne:21,synthetic_v1,0,0,0,1,0,0,0,0
Meesho रिफंड के लिए हमारा WhatsApp नंबर की मंज़ूरी चाहिए,obstruction,obstruction,hi,a,support_link,[TAG=a] [ROLE=support_link] Meesho रिफंड के लिए हमारा WhatsApp नंबर की मंज़ूरी चाहिए,obstruction:hi:23,synthetic_v1,0,0,0,1,0,0,0,0
"To close your SastoDeal account, write to our WhatsApp number",obstruction,obstruction,en,div,modal_text,"[TAG=div] [ROLE=modal_text] To close your SastoDeal account, write to our WhatsApp number",obstruction:en:17,synthetic_v1,0,0,0,1,0,0,0,0
Deleting your Blinkit data requires a written request to our WhatsApp number,obstruction,obstruction,en,a,support_link,[TAG=a] [ROLE=support_link] Deleting your Blinkit data requires a written request to our WhatsApp number,obstruction:en:24,synthetic_v1,0,0,0,1,0,0,0,0
"To cancel your Lenskart order, contact our email desk",obstruction,obstruction,en,div,modal_text,"[TAG=div] [ROLE=modal_text] To cancel your Lenskart order, contact our email desk",obstruction:en:15,synthetic_v1,0,0,0,1,0,0,0,0
रद्द गर्न कार्यालय समयमा सपोर्ट नम्बरमा फोन गर्नुहोस्,obstruction,obstruction,ne,a,support_link,[TAG=a] [ROLE=support_link] रद्द गर्न कार्यालय समयमा सपोर्ट नम्बरमा फोन गर्नुहोस्,obstruction:ne:00,synthetic_v1,0,0,0,1,0,0,0,0
स्कुल ब्याग अर्डरबाट हटाउन कल सेन्टर मा सम्पर्क गर्नुहोस्,obstruction,obstruction,ne,a,support_link,[TAG=a] [ROLE=support_link] स्कुल ब्याग अर्डरबाट हटाउन कल सेन्टर मा सम्पर्क गर्नुहोस्,obstruction:ne:19,synthetic_v1,0,0,0,1,0,0,0,0
Pepperfry ऑर्डर रद्द करने के लिए हमारा Facebook पेज से संपर्क करें,obstruction,obstruction,hi,div,modal_text,[TAG=div] [ROLE=modal_text] Pepperfry ऑर्डर रद्द करने के लिए हमारा Facebook पेज से संपर्क करें,obstruction:hi:15,synthetic_v1,0,0,0,1,0,0,0,0
JioMart खाता बन्द गर्न लाइभ च्याट लाई लेख्नुहोस्,obstruction,obstruction,ne,a,support_link,[TAG=a] [ROLE=support_link] JioMart खाता बन्द गर्न लाइभ च्याट लाई लेख्नुहोस्,obstruction:ne:17,synthetic_v1,0,0,0,1,0,0,0,0
Subscription changes at Snapdeal are only possible via the call centre,obstruction,obstruction,en,p,help_text,[TAG=p] [ROLE=help_text] Subscription changes at Snapdeal are only possible via the call centre,obstruction:en:18,synthetic_v1,0,0,0,1,0,0,0,0
Subscription changes at Salesberry are only possible via our support line,obstruction,obstruction,en,a,support_link,[TAG=a] [ROLE=support_link] Subscription changes at Salesberry are only possible via our support line,obstruction:en:18,synthetic_v1,0,0,0,1,0,0,0,0
JioMart cancellations require verification through the call centre,obstruction,obstruction,en,div,modal_text,[TAG=div] [ROLE=modal_text] JioMart cancellations require verification through the call centre,obstruction:en:20,synthetic_v1,0,0,0,1,0,0,0,0
Blinkit मा सदस्यता परिवर्तन हाम्रो हेल्पलाइन बाट मात्र सम्भव छ,obstruction,obstruction,ne,p,help_text,[TAG=p] [ROLE=help_text] Blinkit मा सदस्यता परिवर्तन हाम्रो हेल्पलाइन बाट मात्र सम्भव छ,obstruction:ne:18,synthetic_v1,0,0,0,1,0,0,0,0
स्वतः नवीकरण बन्द गर्न 8 दिनभित्र हाम्रो Facebook पेज मा सम्पर्क गर्नुहोस्,obstruction,obstruction,ne,p,help_text,[TAG=p] [ROLE=help_text] स्वतः नवीकरण बन्द गर्न 8 दिनभित्र हाम्रो Facebook पेज मा सम्पर्क गर्नुहोस्,obstruction:ne:21,synthetic_v1,0,0,0,1,0,0,0,0
Your refund request requires 7 additional steps,obstruction,obstruction,en,p,help_text,[TAG=p] [ROLE=help_text] Your refund request requires 7 additional steps,obstruction:en:04,synthetic_v1,0,0,0,1,0,0,0,0
FirstCry रिफन्डका लागि हाम्रो इमेल डेस्क को स्वीकृति चाहिन्छ,obstruction,obstruction,ne,p,help_text,[TAG=p] [ROLE=help_text] FirstCry रिफन्डका लागि हाम्रो इमेल डेस्क को स्वीकृति चाहिन्छ,obstruction:ne:23,synthetic_v1,0,0,0,1,0,0,0,0
प्रोटीन पाउडर एक्सचेंज अनुरोध केवल हमारा Viber सपोर्ट से होगा,obstruction,obstruction,hi,div,modal_text,[TAG=div] [ROLE=modal_text] प्रोटीन पाउडर एक्सचेंज अनुरोध केवल हमारा Viber सपोर्ट से होगा,obstruction:hi:25,synthetic_v1,0,0,0,1,0,0,0,0
Deleting your Muncha data requires a written request to our email desk,obstruction,obstruction,en,div,modal_text,[TAG=div] [ROLE=modal_text] Deleting your Muncha data requires a written request to our email desk,obstruction:en:24,synthetic_v1,0,0,0,1,0,0,0,0
Snapdeal रद्दीकरणका लागि कल सेन्टर बाट प्रमाणीकरण आवश्यक छ,obstruction,obstruction,ne,p,help_text,[TAG=p] [ROLE=help_text] Snapdeal रद्दीकरणका लागि कल सेन्टर बाट प्रमाणीकरण आवश्यक छ,obstruction:ne:20,synthetic_v1,0,0,0,1,0,0,0,0
ऑटो-रिन्यूअल बंद करने के लिए 6 दिन में हमारा ईमेल डेस्क से संपर्क करें,obstruction,obstruction,hi,div,modal_text,[TAG=div] [ROLE=modal_text] ऑटो-रिन्यूअल बंद करने के लिए 6 दिन में हमारा ईमेल डेस्क से संपर्क करें,obstruction:hi:21,synthetic_v1,0,0,0,1,0,0,0,0
Subscription changes at Snapdeal are only possible via our helpline,obstruction,obstruction,en,p,help_text,[TAG=p] [ROLE=help_text] Subscription changes at Snapdeal are only possible via our helpline,obstruction:en:18,synthetic_v1,0,0,0,1,0,0,0,0
Blinkit डाटा हटाउन हाम्रो हेल्पलाइन लाई लिखित अनुरोध पठाउनुहोस्,obstruction,obstruction,ne,div,modal_text,[TAG=div] [ROLE=modal_text] Blinkit डाटा हटाउन हाम्रो हेल्पलाइन लाई लिखित अनुरोध पठाउनुहोस्,obstruction:ne:24,synthetic_v1,0,0,0,1,0,0,0,0
Amazon मा प्लस प्लान डाउनग्रेड गर्न हाम्रो हेल्पलाइन मा सम्पर्क गर्नुहोस्,obstruction,obstruction,ne,div,modal_text,[TAG=div] [ROLE=modal_text] Amazon मा प्लस प्लान डाउनग्रेड गर्न हाम्रो हेल्पलाइन मा सम्पर्क गर्नुहोस्,obstruction:ne:26,synthetic_v1,0,0,0,1,0,0,0,0
नॉइज़ कैंसलिंग हेडफोन को ऑर्डर से हटाने के लिए हमारा Facebook पेज से संपर्क करें,obstruction,obstruction,hi,a,support_link,[TAG=a] [ROLE=support_link] नॉइज़ कैंसलिंग हेडफोन को ऑर्डर से हटाने के लिए हमारा Facebook पेज से संपर्क करें,obstruction:hi:19,synthetic_v1,0,0,0,1,0,0,0,0
noise cancelling headphones exchange requests go through our email desk only,obstruction,obstruction,en,div,modal_text,[TAG=div] [ROLE=modal_text] noise cancelling headphones exchange requests go through our email desk only,obstruction:en:25,synthetic_v1,0,0,0,1,0,0,0,0
Daraz रद्दीकरण के लिए हमारा WhatsApp नंबर से सत्यापन ज़रूरी है,obstruction,obstruction,hi,div,modal_text,[TAG=div] [ROLE=modal_text] Daraz रद्दीकरण के लिए हमारा WhatsApp नंबर से सत्यापन ज़रूरी है,obstruction:hi:20,synthetic_v1,0,0,0,1,0,0,0,0
Reach our helpline to remove rice cooker from your order,obstruction,obstruction,en,a,support_link,[TAG=a] [ROLE=support_link] Reach our helpline to remove rice cooker from your order,obstruction:en:19,synthetic_v1,0,0,0,1,0,0,0,0
Muncha cancellations require verification through our support line,obstruction,obstruction,en,a,support_link,[TAG=a] [ROLE=support_link] Muncha cancellations require verification through our support line,obstruction:en:20,synthetic_v1,0,0,0,1,0,0,0,0
सर्दी का कंबल लौटाना है? पहले हमारा WhatsApp नंबर पर कॉल करें,obstruction,obstruction,hi,div,modal_text,[TAG=div] [ROLE=modal_text] सर्दी का कंबल लौटाना है? पहले हमारा WhatsApp नंबर पर कॉल करें,obstruction:hi:22,synthetic_v1,0,0,0,1,0,0,0,0
Refunds are processed only after 14 days of review,obstruction,obstruction,en,a,support_link,[TAG=a] [ROLE=support_link] Refunds are processed only after 14 days of review,obstruction:en:11,synthetic_v1,0,0,0,1,0,0,0,0
Thulo पर प्रो प्लान डाउनग्रेड करने के लिए हमारा Viber सपोर्ट से संपर्क करें,obstruction,obstruction,hi,a,support_link,[TAG=a] [ROLE=support_link] Thulo पर प्रो प्लान डाउनग्रेड करने के लिए हमारा Viber सपोर्ट से संपर्क करें,obstruction:hi:26,synthetic_v1,0,0,0,1,0,0,0,0
Flipkart डेटा हटाने के लिए हमारा WhatsApp नंबर को लिखित अनुरोध भेजें,obstruction,obstruction,hi,div,modal_text,[TAG=div] [ROLE=modal_text] Flipkart डेटा हटाने के लिए हमारा WhatsApp नंबर को लिखित अनुरोध भेजें,obstruction:hi:24,synthetic_v1,0,0,0,1,0,0,0,0
"To close your BigBasket account, write to the call centre",obstruction,obstruction,en,a,support_link,"[TAG=a] [ROLE=support_link] To close your BigBasket account, write to the call centre",obstruction:en:17,synthetic_v1,0,0,0,1,0,0,0,0
Please contact us within 2 business days to cancel,obstruction,obstruction,en,a,support_link,[TAG=a] [ROLE=support_link] Please contact us within 2 business days to cancel,obstruction:en:05,synthetic_v1,0,0,0,1,0,0,0,0
"To cancel your Pepperfry order, contact our Viber support",obstruction,obstruction,en,p,help_text,"[TAG=p] [ROLE=help_text] To cancel your Pepperfry order, contact our Viber support",obstruction:en:15,synthetic_v1,0,0,0,1,0,0,0,0
JioMart खाता बंद करने के लिए हमारी हेल्पलाइन को लिखें,obstruction,obstruction,hi,a,support_link,[TAG=a] [ROLE=support_link] JioMart खाता बंद करने के लिए हमारी हेल्पलाइन को लिखें,obstruction:hi:17,synthetic_v1,0,0,0,1,0,0,0,0
ऑटो-रिन्यूअल बंद करने के लिए 5 दिन में कॉल सेंटर से संपर्क करें,obstruction,obstruction,hi,p,help_text,[TAG=p] [ROLE=help_text] ऑटो-रिन्यूअल बंद करने के लिए 5 दिन में कॉल सेंटर से संपर्क करें,obstruction:hi:21,synthetic_v1,0,0,0,1,0,0,0,0
Lenskart मा गोल्ड प्लान डाउनग्रेड गर्न हाम्रो हेल्पलाइन मा सम्पर्क गर्नुहोस्,obstruction,obstruction,ne,a,support_link,[TAG=a] [ROLE=support_link] Lenskart मा गोल्ड प्लान डाउनग्रेड गर्न हाम्रो हेल्पलाइन मा सम्पर्क गर्नुहोस्,obstruction:ne:26,synthetic_v1,0,0,0,1,0,0,0,0
JioMart पर प्रीमियम प्लान डाउनग्रेड करने के लिए हमारा Viber सपोर्ट से संपर्क करें,obstruction,obstruction,hi,a,support_link,[TAG=a] [ROLE=support_link] JioMart पर प्रीमियम प्लान डाउनग्रेड करने के लिए हमारा Viber सपोर्ट से संपर्क करें,obstruction:hi:26,synthetic_v1,0,0,0,1,0,0,0,0
"To cancel your JioMart order, contact our WhatsApp number",obstruction,obstruction,en,div,modal_text,"[TAG=div] [ROLE=modal_text] To cancel your JioMart order, contact our WhatsApp number",obstruction:en:15,synthetic_v1,0,0,0,1,0,0,0,0
रिफंड के लिए 5 अतिरिक्त चरण पूरे करें,obstruction,obstruction,hi,p,help_text,[TAG=p] [ROLE=help_text] रिफंड के लिए 5 अतिरिक्त चरण पूरे करें,obstruction:hi:04,synthetic_v1,0,0,0,1,0,0,0,0
Meesho मा प्रो प्लान डाउनग्रेड गर्न हाम्रो Viber सपोर्ट मा सम्पर्क गर्नुहोस्,obstruction,obstruction,ne,a,support_link,[TAG=a] [ROLE=support_link] Meesho मा प्रो प्लान डाउनग्रेड गर्न हाम्रो Viber सपोर्ट मा सम्पर्क गर्नुहोस्,obstruction:ne:26,synthetic_v1,0,0,0,1,0,0,0,0
Ajio रिफन्डका लागि हाम्रो हेल्पलाइन को स्वीकृति चाहिन्छ,obstruction,obstruction,ne,p,help_text,[TAG=p] [ROLE=help_text] Ajio रिफन्डका लागि हाम्रो हेल्पलाइन को स्वीकृति चाहिन्छ,obstruction:ne:23,synthetic_v1,0,0,0,1,0,0,0,0
Gyapu पर सब्सक्रिप्शन बदलाव केवल कॉल सेंटर से संभव है,obstruction,obstruction,hi,p,help_text,[TAG=p] [ROLE=help_text] Gyapu पर सब्सक्रिप्शन बदलाव केवल कॉल सेंटर से संभव है,obstruction:hi:18,synthetic_v1,0,0,0,1,0,0,0,0
क्या आप निश्चित हैं? रद्द करने के लिए चरण 4 पर जाएं,obstruction,obstruction,hi,div,modal_text,[TAG=div] [ROLE=modal_text] क्या आप निश्चित हैं? रद्द करने के लिए चरण 4 पर जाएं,obstruction:hi:10,synthetic_v1,0,0,0,1,0,0,0,0
Muncha रद्दीकरणका लागि कल सेन्टर बाट प्रमाणीकरण आवश्यक छ,obstruction,obstruction,ne,a,support_link,[TAG=a] [ROLE=support_link] Muncha रद्दीकरणका लागि कल सेन्टर बाट प्रमाणीकरण आवश्यक छ,obstruction:ne:20,synthetic_v1,0,0,0,1,0,0,0,0
Deleting your Salesberry data requires a written request to our helpline,obstruction,obstruction,en,p,help_text,[TAG=p] [ROLE=help_text] Deleting your Salesberry data requires a written request to our helpline,obstruction:en:24,synthetic_v1,0,0,0,1,0,0,0,0
Deleting your HamroBazar data requires a written request to our WhatsApp number,obstruction,obstruction,en,div,modal_text,[TAG=div] [ROLE=modal_text] Deleting your HamroBazar data requires a written request to our WhatsApp number,obstruction:en:24,synthetic_v1,0,0,0,1,0,0,0,0
Lenskart मा सदस्यता परिवर्तन हाम्रो WhatsApp नम्बर बाट मात्र सम्भव छ,obstruction,obstruction,ne,a,support_link,[TAG=a] [ROLE=support_link] Lenskart मा सदस्यता परिवर्तन हाम्रो WhatsApp नम्बर बाट मात्र सम्भव छ,obstruction:ne:18,synthetic_v1,0,0,0,1,0,0,0,0
Refunds for gaming mouse must be requested through our helpline,obstruction,obstruction,en,div,modal_text,[TAG=div] [ROLE=modal_text] Refunds for gaming mouse must be requested through our helpline,obstruction:en:16,synthetic_v1,0,0,0,1,0,0,0,0
रिफन्ड 10 दिनको समीक्षापछि मात्र हुनेछ,obstruction,obstruction,ne,a,support_link,[TAG=a] [ROLE=support_link] रिफन्ड 10 दिनको समीक्षापछि मात्र हुनेछ,obstruction:ne:11,synthetic_v1,0,0,0,1,0,0,0,0
हेयर ड्रायर एक्सचेंज अनुरोध केवल हमारा सपोर्ट नंबर से होगा,obstruction,obstruction,hi,a,support_link,[TAG=a] [ROLE=support_link] हेयर ड्रायर एक्सचेंज अनुरोध केवल हमारा सपोर्ट नंबर से होगा,obstruction:hi:25,synthetic_v1,0,0,0,1,0,0,0,0
Reliance Digital डाटा हटाउन लाइभ च्याट लाई लिखित अनुरोध पठाउनुहोस्,obstruction,obstruction,ne,div,modal_text,[TAG=div] [ROLE=modal_text] Reliance Digital डाटा हटाउन लाइभ च्याट लाई लिखित अनुरोध पठाउनुहोस्,obstruction:ne:24,synthetic_v1,0,0,0,1,0,0,0,0
"To cancel your Tata Cliq order, contact our email desk",obstruction,obstruction,en,p,help_text,"[TAG=p] [ROLE=help_text] To cancel your Tata Cliq order, contact our email desk",obstruction:en:15,synthetic_v1,0,0,0,1,0,0,0,0
Lenskart पर सब्सक्रिप्शन बदलाव केवल लाइव चैट से संभव है,obstruction,obstruction,hi,a,support_link,[TAG=a] [ROLE=support_link] Lenskart पर सब्सक्रिप्शन बदलाव केवल लाइव चैट से संभव है,obstruction:hi:18,synthetic_v1,0,0,0,1,0,0,0,0
ऑटो-रिन्यूअल बंद करने के लिए 12 दिन में लाइव चैट से संपर्क करें,obstruction,obstruction,hi,p,help_text,[TAG=p] [ROLE=help_text] ऑटो-रिन्यूअल बंद करने के लिए 12 दिन में लाइव चैट से संपर्क करें,obstruction:hi:21,synthetic_v1,0,0,0,1,0,0,0,0
FirstCry खाता बन्द गर्न हाम्रो Viber सपोर्ट लाई लेख्नुहोस्,obstruction,obstruction,ne,a,support_link,[TAG=a] [ROLE=support_link] FirstCry खाता बन्द गर्न हाम्रो Viber सपोर्ट लाई लेख्नुहोस्,obstruction:ne:17,synthetic_v1,0,0,0,1,0,0,0,0
इन्डक्सन चुल्हो फिर्ता गर्नु छ? पहिले लाइभ च्याट मा फोन गर्नुहोस्,obstruction,obstruction,ne,p,help_text,[TAG=p] [ROLE=help_text] इन्डक्सन चुल्हो फिर्ता गर्नु छ? पहिले लाइभ च्याट मा फोन गर्नुहोस्,obstruction:ne:22,synthetic_v1,0,0,0,1,0,0,0,0
"To stop auto-renewal, contact our Facebook page within 3 days",obstruction,obstruction,en,a,support_link,"[TAG=a] [ROLE=support_link] To stop auto-renewal, contact our Facebook page within 3 days",obstruction:en:21,synthetic_v1,0,0,0,1,0,0,0,0
Blinkit खाता बंद करने के लिए हमारा WhatsApp नंबर को लिखें,obstruction,obstruction,hi,div,modal_text,[TAG=div] [ROLE=modal_text] Blinkit खाता बंद करने के लिए हमारा WhatsApp नंबर को लिखें,obstruction:hi:17,synthetic_v1,0,0,0,1,0,0,0,0
Croma खाता बंद करने के लिए हमारी हेल्पलाइन को लिखें,obstruction,obstruction,hi,a,support_link,[TAG=a] [ROLE=support_link] Croma खाता बंद करने के लिए हमारी हेल्पलाइन को लिखें,obstruction:hi:17,synthetic_v1,0,0,0,1,0,0,0,0
Zepto खाता बन्द गर्न हाम्रो Viber सपोर्ट लाई लेख्नुहोस्,obstruction,obstruction,ne,a,support_link,[TAG=a] [ROLE=support_link] Zepto खाता बन्द गर्न हाम्रो Viber सपोर्ट लाई लेख्नुहोस्,obstruction:ne:17,synthetic_v1,0,0,0,1,0,0,0,0
Ajio अर्डर रद्द गर्न हाम्रो Viber सपोर्ट मा सम्पर्क गर्नुहोस्,obstruction,obstruction,ne,p,help_text,[TAG=p] [ROLE=help_text] Ajio अर्डर रद्द गर्न हाम्रो Viber सपोर्ट मा सम्पर्क गर्नुहोस्,obstruction:ne:15,synthetic_v1,0,0,0,1,0,0,0,0
Returning denim jeans? Please call our email desk first,obstruction,obstruction,en,div,modal_text,[TAG=div] [ROLE=modal_text] Returning denim jeans? Please call our email desk first,obstruction:en:22,synthetic_v1,0,0,0,1,0,0,0,0
Myntra रद्दीकरण के लिए हमारा WhatsApp नंबर से सत्यापन ज़रूरी है,obstruction,obstruction,hi,div,modal_text,[TAG=div] [ROLE=modal_text] Myntra रद्दीकरण के लिए हमारा WhatsApp नंबर से सत्यापन ज़रूरी है,obstruction:hi:20,synthetic_v1,0,0,0,1,0,0,0,0
HamroBazar डेटा हटाने के लिए हमारा WhatsApp नंबर को लिखित अनुरोध भेजें,obstruction,obstruction,hi,div,modal_text,[TAG=div] [ROLE=modal_text] HamroBazar डेटा हटाने के लिए हमारा WhatsApp नंबर को लिखित अनुरोध भेजें,obstruction:hi:24,synthetic_v1,0,0,0,1,0,0,0,0
Croma डाटा हटाउन हाम्रो सपोर्ट नम्बर लाई लिखित अनुरोध पठाउनुहोस्,obstruction,obstruction,ne,div,modal_text,[TAG=div] [ROLE=modal_text] Croma डाटा हटाउन हाम्रो सपोर्ट नम्बर लाई लिखित अनुरोध पठाउनुहोस्,obstruction:ne:24,synthetic_v1,0,0,0,1,0,0,0,0
Account deletion is not available online,obstruction,obstruction,en,a,support_link,[TAG=a] [ROLE=support_link] Account deletion is not available online,obstruction:en:06,synthetic_v1,0,0,0,1,0,0,0,0
Pepperfry रद्दीकरण के लिए हमारा Facebook पेज से सत्यापन ज़रूरी है,obstruction,obstruction,hi,p,help_text,[TAG=p] [ROLE=help_text] Pepperfry रद्दीकरण के लिए हमारा Facebook पेज से सत्यापन ज़रूरी है,obstruction:hi:20,synthetic_v1,0,0,0,1,0,0,0,0
"To downgrade your Premium plan at FirstCry, contact the call centre",obstruction,obstruction,en,a,support_link,"[TAG=a] [ROLE=support_link] To downgrade your Premium plan at FirstCry, contact the call centre",obstruction:en:26,synthetic_v1,0,0,0,1,0,0,0,0
क्या आप निश्चित हैं? रद्द करने के लिए चरण 8 पर जाएं,obstruction,obstruction,hi,p,help_text,[TAG=p] [ROLE=help_text] क्या आप निश्चित हैं? रद्द करने के लिए चरण 8 पर जाएं,obstruction:hi:10,synthetic_v1,0,0,0,1,0,0,0,0
"To cancel your Ajio order, contact live chat",obstruction,obstruction,en,a,support_link,"[TAG=a] [ROLE=support_link] To cancel your Ajio order, contact live chat",obstruction:en:15,synthetic_v1,0,0,0,1,0,0,0,0
Croma रिफंड के लिए कॉल सेंटर की मंज़ूरी चाहिए,obstruction,obstruction,hi,a,support_link,[TAG=a] [ROLE=support_link] Croma रिफंड के लिए कॉल सेंटर की मंज़ूरी चाहिए,obstruction:hi:23,synthetic_v1,0,0,0,1,0,0,0,0
Reach live chat to remove office chair from your order,obstruction,obstruction,en,div,modal_text,[TAG=div] [ROLE=modal_text] Reach live chat to remove office chair from your order,obstruction:en:19,synthetic_v1,0,0,0,1,0,0,0,0
"To stop auto-renewal, contact our helpline within 6 days",obstruction,obstruction,en,a,support_link,"[TAG=a] [ROLE=support_link] To stop auto-renewal, contact our helpline within 6 days",obstruction:en:21,synthetic_v1,0,0,0,1,0,0,0,0
नोइज क्यान्सलिङ हेडफोन को रिफन्ड हाम्रो हेल्पलाइन मार्फत मात्र माग्नुहोस्,obstruction,obstruction,ne,a,support_link,[TAG=a] [ROLE=support_link] नोइज क्यान्सलिङ हेडफोन को रिफन्ड हाम्रो हेल्पलाइन मार्फत मात्र माग्नुहोस्,obstruction:ne:16,synthetic_v1,0,0,0,1,0,0,0,0
Amazon डेटा हटाने के लिए हमारी हेल्पलाइन को लिखित अनुरोध भेजें,obstruction,obstruction,hi,p,help_text,[TAG=p] [ROLE=help_text] Amazon डेटा हटाने के लिए हमारी हेल्पलाइन को लिखित अनुरोध भेजें,obstruction:hi:24,synthetic_v1,0,0,0,1,0,0,0,0
Nykaa खाता बंद करने के लिए हमारी हेल्पलाइन को लिखें,obstruction,obstruction,hi,a,support_link,[TAG=a] [ROLE=support_link] Nykaa खाता बंद करने के लिए हमारी हेल्पलाइन को लिखें,obstruction:hi:17,synthetic_v1,0,0,0,1,0,0,0,0
Refunds for hair dryer must be requested through our helpline,obstruction,obstruction,en,a,support_link,[TAG=a] [ROLE=support_link] Refunds for hair dryer must be requested through our helpline,obstruction:en:16,synthetic_v1,0,0,0,1,0,0,0,0
Reach our Facebook page to remove air fryer from your order,obstruction,obstruction,en,p,help_text,[TAG=p] [ROLE=help_text] Reach our Facebook page to remove air fryer from your order,obstruction:en:19,synthetic_v1,0,0,0,1,0,0,0,0
Nykaa रद्दीकरण के लिए कॉल सेंटर से सत्यापन ज़रूरी है,obstruction,obstruction,hi,p,help_text,[TAG=p] [ROLE=help_text] Nykaa रद्दीकरण के लिए कॉल सेंटर से सत्यापन ज़रूरी है,obstruction:hi:20,synthetic_v1,0,0,0,1,0,0,0,0
Thulo मा प्रिमियम प्लान डाउनग्रेड गर्न हाम्रो Viber सपोर्ट मा सम्पर्क गर्नुहोस्,obstruction,obstruction,ne,div,modal_text,[TAG=div] [ROLE=modal_text] Thulo मा प्रिमियम प्लान डाउनग्रेड गर्न हाम्रो Viber सपोर्ट मा सम्पर्क गर्नुहोस्,obstruction:ne:26,synthetic_v1,0,0,0,1,0,0,0,0
BigBasket पर प्लस प्लान डाउनग्रेड करने के लिए लाइव चैट से संपर्क करें,obstruction,obstruction,hi,p,help_text,[TAG=p] [ROLE=help_text] BigBasket पर प्लस प्लान डाउनग्रेड करने के लिए लाइव चैट से संपर्क करें,obstruction:hi:26,synthetic_v1,0,0,0,1,0,0,0,0
ऑटो-रिन्यूअल बंद करने के लिए 5 दिन में लाइव चैट से संपर्क करें,obstruction,obstruction,hi,a,support_link,[TAG=a] [ROLE=support_link] ऑटो-रिन्यूअल बंद करने के लिए 5 दिन में लाइव चैट से संपर्क करें,obstruction:hi:21,synthetic_v1,0,0,0,1,0,0,0,0
वायरलेस ईयरबड्स का रिफंड कॉल सेंटर के ज़रिये ही मांगें,obstruction,obstruction,hi,p,help_text,[TAG=p] [ROLE=help_text] वायरलेस ईयरबड्स का रिफंड कॉल सेंटर के ज़रिये ही मांगें,obstruction:hi:16,synthetic_v1,0,0,0,1,0,0,0,0
पक्का हो? रद्द गर्न चरण 10 मा जानुहोस्,obstruction,obstruction,ne,a,support_link,[TAG=a] [ROLE=support_link] पक्का हो? रद्द गर्न चरण 10 मा जानुहोस्,obstruction:ne:10,synthetic_v1,0,0,0,1,0,0,0,0
स्वतः नवीकरण बन्द गर्न 3 दिनभित्र हाम्रो इमेल डेस्क मा सम्पर्क गर्नुहोस्,obstruction,obstruction,ne,p,help_text,[TAG=p] [ROLE=help_text] स्वतः नवीकरण बन्द गर्न 3 दिनभित्र हाम्रो इमेल डेस्क मा सम्पर्क गर्नुहोस्,obstruction:ne:21,synthetic_v1,0,0,0,1,0,0,0,0
प्रोटीन पाउडर लौटाना है? पहले हमारी हेल्पलाइन पर कॉल करें,obstruction,obstruction,hi,p,help_text,[TAG=p] [ROLE=help_text] प्रोटीन पाउडर लौटाना है? पहले हमारी हेल्पलाइन पर कॉल करें,obstruction:hi:22,synthetic_v1,0,0,0,1,0,0,0,0
Nykaa पर प्राइम प्लान डाउनग्रेड करने के लिए कॉल सेंटर से संपर्क करें,obstruction,obstruction,hi,p,help_text,[TAG=p] [ROLE=help_text] Nykaa पर प्राइम प्लान डाउनग्रेड करने के लिए कॉल सेंटर से संपर्क करें,obstruction:hi:26,synthetic_v1,0,0,0,1,0,0,0,0
Gyapu रद्दीकरण के लिए लाइव चैट से सत्यापन ज़रूरी है,obstruction,obstruction,hi,p,help_text,[TAG=p] [ROLE=help_text] Gyapu रद्दीकरण के लिए लाइव चैट से सत्यापन ज़रूरी है,obstruction:hi:20,synthetic_v1,0,0,0,1,0,0,0,0
Amazon ऑर्डर रद्द करने के लिए हमारा सपोर्ट नंबर से संपर्क करें,obstruction,obstruction,hi,p,help_text,[TAG=p] [ROLE=help_text] Amazon ऑर्डर रद्द करने के लिए हमारा सपोर्ट नंबर से संपर्क करें,obstruction:hi:15,synthetic_v1,0,0,0,1,0,0,0,0
"To downgrade your Prime plan at Kinbech, contact our WhatsApp number",obstruction,obstruction,en,a,support_link,"[TAG=a] [ROLE=support_link] To downgrade your Prime plan at Kinbech, contact our WhatsApp number",obstruction:en:26,synthetic_v1,0,0,0,1,0,0,0,0
फेस वॉश को ऑर्डर से हटाने के लिए हमारा Facebook पेज से संपर्क करें,obstruction,obstruction,hi,p,help_text,[TAG=p] [ROLE=help_text] फेस वॉश को ऑर्डर से हटाने के लिए हमारा Facebook पेज से संपर्क करें,obstruction:hi:19,synthetic_v1,0,0,0,1,0,0,0,0
सब्सक्रिप्शन बंद करने के लिए एजेंट से चैट करें,obstruction,obstruction,hi,p,help_text,[TAG=p] [ROLE=help_text] सब्सक्रिप्शन बंद करने के लिए एजेंट से चैट करें,obstruction:hi:08,synthetic_v1,0,0,0,1,0,0,0,0
"To downgrade your Gold plan at Nykaa, contact live chat",obstruction,obstruction,en,a,support_link,"[TAG=a] [ROLE=support_link] To downgrade your Gold plan at Nykaa, contact live chat",obstruction:en:26,synthetic_v1,0,0,0,1,0,0,0,0
Daraz अर्डर रद्द गर्न हाम्रो WhatsApp नम्बर मा सम्पर्क गर्नुहोस्,obstruction,obstruction,ne,div,modal_text,[TAG=div] [ROLE=modal_text] Daraz अर्डर रद्द गर्न हाम्रो WhatsApp नम्बर मा सम्पर्क गर्नुहोस्,obstruction:ne:15,synthetic_v1,0,0,0,1,0,0,0,0
Returning protein powder? Please call our WhatsApp number first,obstruction,obstruction,en,div,modal_text,[TAG=div] [ROLE=modal_text] Returning protein powder? Please call our WhatsApp number first,obstruction:en:22,synthetic_v1,0,0,0,1,0,0,0,0
laptop bag exchange requests go through our email desk only,obstruction,obstruction,en,p,help_text,[TAG=p] [ROLE=help_text] laptop bag exchange requests go through our email desk only,obstruction:en:25,synthetic_v1,0,0,0,1,0,0,0,0
रनिङ जुत्ता को रिफन्ड हाम्रो हेल्पलाइन मार्फत मात्र माग्नुहोस्,obstruction,obstruction,ne,a,support_link,[TAG=a] [ROLE=support_link] रनिङ जुत्ता को रिफन्ड हाम्रो हेल्पलाइन मार्फत मात्र माग्नुहोस्,obstruction:ne:16,synthetic_v1,0,0,0,1,0,0,0,0
running shoes exchange requests go through live chat only,obstruction,obstruction,en,p,help_text,[TAG=p] [ROLE=help_text] running shoes exchange requests go through live chat only,obstruction:en:25,synthetic_v1,0,0,0,1,0,0,0,0
Reach our email desk to remove winter blanket from your order,obstruction,obstruction,en,p,help_text,[TAG=p] [ROLE=help_text] Reach our email desk to remove winter blanket from your order,obstruction:en:19,synthetic_v1,0,0,0,1,0,0,0,0
Returning sports sandals? Please call our email desk first,obstruction,obstruction,en,a,support_link,[TAG=a] [ROLE=support_link] Returning sports sandals? Please call our email desk first,obstruction:en:22,synthetic_v1,0,0,0,1,0,0,0,0
Salesberry मा प्रो प्लान डाउनग्रेड गर्न कल सेन्टर मा सम्पर्क गर्नुहोस्,obstruction,obstruction,ne,p,help_text,[TAG=p] [ROLE=help_text] Salesberry मा प्रो प्लान डाउनग्रेड गर्न कल सेन्टर मा सम्पर्क गर्नुहोस्,obstruction:ne:26,synthetic_v1,0,0,0,1,0,0,0,0
Your Flipkart refund needs approval from our email desk,obstruction,obstruction,en,p,help_text,[TAG=p] [ROLE=help_text] Your Flipkart refund needs approval from our email desk,obstruction:en:23,synthetic_v1,0,0,0,1,0,0,0,0
Deleting your Ajio data requires a written request to our email desk,obstruction,obstruction,en,div,modal_text,[TAG=div] [ROLE=modal_text] Deleting your Ajio data requires a written request to our email desk,obstruction:en:24,synthetic_v1,0,0,0,1,0,0,0,0
Reach our support line to remove electric kettle from your order,obstruction,obstruction,en,a,support_link,[TAG=a] [ROLE=support_link] Reach our support line to remove electric kettle from your order,obstruction:en:19,synthetic_v1,0,0,0,1,0,0,0,0
Nykaa ऑर्डर रद्द करने के लिए कॉल सेंटर से संपर्क करें,obstruction,obstruction,hi,p,help_text,[TAG=p] [ROLE=help_text] Nykaa ऑर्डर रद्द करने के लिए कॉल सेंटर से संपर्क करें,obstruction:hi:15,synthetic_v1,0,0,0,1,0,0,0,0
BigBasket डाटा हटाउन हाम्रो इमेल डेस्क लाई लिखित अनुरोध पठाउनुहोस्,obstruction,obstruction,ne,p,help_text,[TAG=p] [ROLE=help_text] BigBasket डाटा हटाउन हाम्रो इमेल डेस्क लाई लिखित अनुरोध पठाउनुहोस्,obstruction:ne:24,synthetic_v1,0,0,0,1,0,0,0,0
Salesberry ऑर्डर रद्द करने के लिए कॉल सेंटर से संपर्क करें,obstruction,obstruction,hi,p,help_text,[TAG=p] [ROLE=help_text] Salesberry ऑर्डर रद्द करने के लिए कॉल सेंटर से संपर्क करें,obstruction:hi:15,synthetic_v1,0,0,0,1,0,0,0,0
Nykaa cancellations require verification through our Facebook page,obstruction,obstruction,en,a,support_link,[TAG=a] [ROLE=support_link] Nykaa cancellations require verification through our Facebook page,obstruction:en:20,synthetic_v1,0,0,0,1,0,0,0,0
Gyapu मा सदस्यता परिवर्तन हाम्रो WhatsApp नम्बर बाट मात्र सम्भव छ,obstruction,obstruction,ne,p,help_text,[TAG=p] [ROLE=help_text] Gyapu मा सदस्यता परिवर्तन हाम्रो WhatsApp नम्बर बाट मात्र सम्भव छ,obstruction:ne:18,synthetic_v1,0,0,0,1,0,0,0,0
Ajio पर प्राइम प्लान डाउनग्रेड करने के लिए हमारा Facebook पेज से संपर्क करें,obstruction,obstruction,hi,p,help_text,[TAG=p] [ROLE=help_text] Ajio पर प्राइम प्लान डाउनग्रेड करने के लिए हमारा Facebook पेज से संपर्क करें,obstruction:hi:26,synthetic_v1,0,0,0,1,0,0,0,0
Lenskart खाता बन्द गर्न हाम्रो Facebook पेज लाई लेख्नुहोस्,obstruction,obstruction,ne,p,help_text,[TAG=p] [ROLE=help_text] Lenskart खाता बन्द गर्न हाम्रो Facebook पेज लाई लेख्नुहोस्,obstruction:ne:17,synthetic_v1,0,0,0,1,0,0,0,0
Reach our Facebook page to remove study lamp from your order,obstruction,obstruction,en,a,support_link,[TAG=a] [ROLE=support_link] Reach our Facebook page to remove study lamp from your order,obstruction:en:19,synthetic_v1,0,0,0,1,0,0,0,0
Tata Cliq अर्डर रद्द गर्न हाम्रो Viber सपोर्ट मा सम्पर्क गर्नुहोस्,obstruction,obstruction,ne,a,support_link,[TAG=a] [ROLE=support_link] Tata Cliq अर्डर रद्द गर्न हाम्रो Viber सपोर्ट मा सम्पर्क गर्नुहोस्,obstruction:ne:15,synthetic_v1,0,0,0,1,0,0,0,0
योगा म्याट सट्टा अनुरोध हाम्रो Facebook पेज बाट मात्र हुन्छ,obstruction,obstruction,ne,div,modal_text,[TAG=div] [ROLE=modal_text] योगा म्याट सट्टा अनुरोध हाम्रो Facebook पेज बाट मात्र हुन्छ,obstruction:ne:25,synthetic_v1,0,0,0,1,0,0,0,0
"To stop auto-renewal, contact our support line within 12 days",obstruction,obstruction,en,div,modal_text,"[TAG=div] [ROLE=modal_text] To stop auto-renewal, contact our support line within 12 days",obstruction:en:21,synthetic_v1,0,0,0,1,0,0,0,0
कफी मेकर सट्टा अनुरोध हाम्रो हेल्पलाइन बाट मात्र हुन्छ,obstruction,obstruction,ne,p,help_text,[TAG=p] [ROLE=help_text] कफी मेकर सट्टा अनुरोध हाम्रो हेल्पलाइन बाट मात्र हुन्छ,obstruction:ne:25,synthetic_v1,0,0,0,1,0,0,0,0
denim jeans exchange requests go through our email desk only,obstruction,obstruction,en,div,modal_text,[TAG=div] [ROLE=modal_text] denim jeans exchange requests go through our email desk only,obstruction:en:25,synthetic_v1,0,0,0,1,0,0,0,0
ब्याकप्याक फिर्ता गर्नु छ? पहिले हाम्रो Viber सपोर्ट मा फोन गर्नुहोस्,obstruction,obstruction,ne,div,modal_text,[TAG=div] [ROLE=modal_text] ब्याकप्याक फिर्ता गर्नु छ? पहिले हाम्रो Viber सपोर्ट मा फोन गर्नुहोस्,obstruction:ne:22,synthetic_v1,0,0,0,1,0,0,0,0
"To stop auto-renewal, contact our WhatsApp number within 2 days",obstruction,obstruction,en,p,help_text,"[TAG=p] [ROLE=help_text] To stop auto-renewal, contact our WhatsApp number within 2 days",obstruction:en:21,synthetic_v1,0,0,0,1,0,0,0,0
Your Daraz refund needs approval from our helpline,obstruction,obstruction,en,p,help_text,[TAG=p] [ROLE=help_text] Your Daraz refund needs approval from our helpline,obstruction:en:23,synthetic_v1,0,0,0,1,0,0,0,0
FirstCry मा सदस्यता परिवर्तन हाम्रो Viber सपोर्ट बाट मात्र सम्भव छ,obstruction,obstruction,ne,div,modal_text,[TAG=div] [ROLE=modal_text] FirstCry मा सदस्यता परिवर्तन हाम्रो Viber सपोर्ट बाट मात्र सम्भव छ,obstruction:ne:18,synthetic_v1,0,0,0,1,0,0,0,0
"To close your Thulo account, write to our Viber support",obstruction,obstruction,en,div,modal_text,"[TAG=div] [ROLE=modal_text] To close your Thulo account, write to our Viber support",obstruction:en:17,synthetic_v1,0,0,0,1,0,0,0,0
Deleting your Croma data requires a written request to our email desk,obstruction,obstruction,en,a,support_link,[TAG=a] [ROLE=support_link] Deleting your Croma data requires a written request to our email desk,obstruction:en:24,synthetic_v1,0,0,0,1,0,0,0,0
ऑटो-रिन्यूअल बंद करने के लिए 2 दिन में हमारा सपोर्ट नंबर से संपर्क करें,obstruction,obstruction,hi,a,support_link,[TAG=a] [ROLE=support_link] ऑटो-रिन्यूअल बंद करने के लिए 2 दिन में हमारा सपोर्ट नंबर से संपर्क करें,obstruction:hi:21,synthetic_v1,0,0,0,1,0,0,0,0
हिउँदको ब्ल्याङ्केट अर्डरबाट हटाउन कल सेन्टर मा सम्पर्क गर्नुहोस्,obstruction,obstruction,ne,a,support_link,[TAG=a] [ROLE=support_link] हिउँदको ब्ल्याङ्केट अर्डरबाट हटाउन कल सेन्टर मा सम्पर्क गर्नुहोस्,obstruction:ne:19,synthetic_v1,0,0,0,1,0,0,0,0
स्वतः नवीकरण बन्द गर्न 8 दिनभित्र कल सेन्टर मा सम्पर्क गर्नुहोस्,obstruction,obstruction,ne,div,modal_text,[TAG=div] [ROLE=modal_text] स्वतः नवीकरण बन्द गर्न 8 दिनभित्र कल सेन्टर मा सम्पर्क गर्नुहोस्,obstruction:ne:21,synthetic_v1,0,0,0,1,0,0,0,0
Reliance Digital अर्डर रद्द गर्न हाम्रो Facebook पेज मा सम्पर्क गर्नुहोस्,obstruction,obstruction,ne,a,support_link,[TAG=a] [ROLE=support_link] Reliance Digital अर्डर रद्द गर्न हाम्रो Facebook पेज मा सम्पर्क गर्नुहोस्,obstruction:ne:15,synthetic_v1,0,0,0,1,0,0,0,0
योगा मैट का रिफंड लाइव चैट के ज़रिये ही मांगें,obstruction,obstruction,hi,a,support_link,[TAG=a] [ROLE=support_link] योगा मैट का रिफंड लाइव चैट के ज़रिये ही मांगें,obstruction:hi:16,synthetic_v1,0,0,0,1,0,0,0,0
स्वतः नवीकरण बन्द गर्न 10 दिनभित्र हाम्रो हेल्पलाइन मा सम्पर्क गर्नुहोस्,obstruction,obstruction,ne,p,help_text,[TAG=p] [ROLE=help_text] स्वतः नवीकरण बन्द गर्न 10 दिनभित्र हाम्रो हेल्पलाइन मा सम्पर्क गर्नुहोस्,obstruction:ne:21,synthetic_v1,0,0,0,1,0,0,0,0
ल्यापटप ब्याग सट्टा अनुरोध हाम्रो इमेल डेस्क बाट मात्र हुन्छ,obstruction,obstruction,ne,a,support_link,[TAG=a] [ROLE=support_link] ल्यापटप ब्याग सट्टा अनुरोध हाम्रो इमेल डेस्क बाट मात्र हुन्छ,obstruction:ne:25,synthetic_v1,0,0,0,1,0,0,0,0
वायरलेस ईयरबड्स लौटाना है? पहले हमारा Facebook पेज पर कॉल करें,obstruction,obstruction,hi,p,help_text,[TAG=p] [ROLE=help_text] वायरलेस ईयरबड्स लौटाना है? पहले हमारा Facebook पेज पर कॉल करें,obstruction:hi:22,synthetic_v1,0,0,0,1,0,0,0,0
Refunds for winter blanket must be requested through the call centre,obstruction,obstruction,en,p,help_text,[TAG=p] [ROLE=help_text] Refunds for winter blanket must be requested through the call centre,obstruction:en:16,synthetic_v1,0,0,0,1,0,0,0,0
ब्लूटूथ स्पीकर का रिफंड हमारा ईमेल डेस्क के ज़रिये ही मांगें,obstruction,obstruction,hi,p,help_text,[TAG=p] [ROLE=help_text] ब्लूटूथ स्पीकर का रिफंड हमारा ईमेल डेस्क के ज़रिये ही मांगें,obstruction:hi:16,synthetic_v1,0,0,0,1,0,0,0,0
योगा म्याट को रिफन्ड हाम्रो Facebook पेज मार्फत मात्र माग्नुहोस्,obstruction,obstruction,ne,a,support_link,[TAG=a] [ROLE=support_link] योगा म्याट को रिफन्ड हाम्रो Facebook पेज मार्फत मात्र माग्नुहोस्,obstruction:ne:16,synthetic_v1,0,0,0,1,0,0,0,0
Returning winter blanket? Please call our Facebook page first,obstruction,obstruction,en,p,help_text,[TAG=p] [ROLE=help_text] Returning winter blanket? Please call our Facebook page first,obstruction:en:22,synthetic_v1,0,0,0,1,0,0,0,0
बैकपैक लौटाना है? पहले हमारी हेल्पलाइन पर कॉल करें,obstruction,obstruction,hi,div,modal_text,[TAG=div] [ROLE=modal_text] बैकपैक लौटाना है? पहले हमारी हेल्पलाइन पर कॉल करें,obstruction:hi:22,synthetic_v1,0,0,0,1,0,0,0,0
Refunds for sunglasses must be requested through our Viber support,obstruction,obstruction,en,p,help_text,[TAG=p] [ROLE=help_text] Refunds for sunglasses must be requested through our Viber support,obstruction:en:16,synthetic_v1,0,0,0,1,0,0,0,0
FirstCry रिफन्डका लागि हाम्रो हेल्पलाइन को स्वीकृति चाहिन्छ,obstruction,obstruction,ne,a,support_link,[TAG=a] [ROLE=support_link] FirstCry रिफन्डका लागि हाम्रो हेल्पलाइन को स्वीकृति चाहिन्छ,obstruction:ne:23,synthetic_v1,0,0,0,1,0,0,0,0
denim jeans exchange requests go through our support line only,obstruction,obstruction,en,p,help_text,[TAG=p] [ROLE=help_text] denim jeans exchange requests go through our support line only,obstruction:en:25,synthetic_v1,0,0,0,1,0,0,0,0
Tata Cliq ऑर्डर रद्द करने के लिए हमारा सपोर्ट नंबर से संपर्क करें,obstruction,obstruction,hi,p,help_text,[TAG=p] [ROLE=help_text] Tata Cliq ऑर्डर रद्द करने के लिए हमारा सपोर्ट नंबर से संपर्क करें,obstruction:hi:15,synthetic_v1,0,0,0,1,0,0,0,0
ऑटो-रिन्यूअल बंद करने के लिए 8 दिन में हमारी हेल्पलाइन से संपर्क करें,obstruction,obstruction,hi,a,support_link,[TAG=a] [ROLE=support_link] ऑटो-रिन्यूअल बंद करने के लिए 8 दिन में हमारी हेल्पलाइन से संपर्क करें,obstruction:hi:21,synthetic_v1,0,0,0,1,0,0,0,0
Reliance Digital ऑर्डर रद्द करने के लिए हमारा Viber सपोर्ट से संपर्क करें,obstruction,obstruction,hi,div,modal_text,[TAG=div] [ROLE=modal_text] Reliance Digital ऑर्डर रद्द करने के लिए हमारा Viber सपोर्ट से संपर्क करें,obstruction:hi:15,synthetic_v1,0,0,0,1,0,0,0,0
Gyapu खाता बंद करने के लिए हमारा सपोर्ट नंबर को लिखें,obstruction,obstruction,hi,div,modal_text,[TAG=div] [ROLE=modal_text] Gyapu खाता बंद करने के लिए हमारा सपोर्ट नंबर को लिखें,obstruction:hi:17,synthetic_v1,0,0,0,1,0,0,0,0
रिफन्ड 4 दिनको समीक्षापछि मात्र हुनेछ,obstruction,obstruction,ne,a,support_link,[TAG=a] [ROLE=support_link] रिफन्ड 4 दिनको समीक्षापछि मात्र हुनेछ,obstruction:ne:11,synthetic_v1,0,0,0,1,0,0,0,0
एयर फ्रायर अर्डरबाट हटाउन हाम्रो Facebook पेज मा सम्पर्क गर्नुहोस्,obstruction,obstruction,ne,a,support_link,[TAG=a] [ROLE=support_link] एयर फ्रायर अर्डरबाट हटाउन हाम्रो Facebook पेज मा सम्पर्क गर्नुहोस्,obstruction:ne:19,synthetic_v1,0,0,0,1,0,0,0,0
Your FirstCry refund needs approval from our helpline,obstruction,obstruction,en,p,help_text,[TAG=p] [ROLE=help_text] Your FirstCry refund needs approval from our helpline,obstruction:en:23,synthetic_v1,0,0,0,1,0,0,0,0
Refunds for rice cooker must be requested through our helpline,obstruction,obstruction,en,p,help_text,[TAG=p] [ROLE=help_text] Refunds for rice cooker must be requested through our helpline,obstruction:en:16,synthetic_v1,0,0,0,1,0,0,0,0
Reach our Facebook page to remove coffee maker from your order,obstruction,obstruction,en,a,support_link,[TAG=a] [ROLE=support_link] Reach our Facebook page to remove coffee maker from your order,obstruction:en:19,synthetic_v1,0,0,0,1,0,0,0,0
Zepto डाटा हटाउन लाइभ च्याट लाई लिखित अनुरोध पठाउनुहोस्,obstruction,obstruction,ne,p,help_text,[TAG=p] [ROLE=help_text] Zepto डाटा हटाउन लाइभ च्याट लाई लिखित अनुरोध पठाउनुहोस्,obstruction:ne:24,synthetic_v1,0,0,0,1,0,0,0,0
Refunds for induction cooktop must be requested through the call centre,obstruction,obstruction,en,div,modal_text,[TAG=div] [ROLE=modal_text] Refunds for induction cooktop must be requested through the call centre,obstruction:en:16,synthetic_v1,0,0,0,1,0,0,0,0
Croma डेटा हटाने के लिए हमारा ईमेल डेस्क को लिखित अनुरोध भेजें,obstruction,obstruction,hi,p,help_text,[TAG=p] [ROLE=help_text] Croma डेटा हटाने के लिए हमारा ईमेल डेस्क को लिखित अनुरोध भेजें,obstruction:hi:24,synthetic_v1,0,0,0,1,0,0,0,0
Salesberry डाटा हटाउन हाम्रो Facebook पेज लाई लिखित अनुरोध पठाउनुहोस्,obstruction,obstruction,ne,p,help_text,[TAG=p] [ROLE=help_text] Salesberry डाटा हटाउन हाम्रो Facebook पेज लाई लिखित अनुरोध पठाउनुहोस्,obstruction:ne:24,synthetic_v1,0,0,0,1,0,0,0,0
"To close your Salesberry account, write to our WhatsApp number",obstruction,obstruction,en,p,help_text,"[TAG=p] [ROLE=help_text] To close your Salesberry account, write to our WhatsApp number",obstruction:en:17,synthetic_v1,0,0,0,1,0,0,0,0
Lenskart खाता बन्द गर्न हाम्रो सपोर्ट नम्बर लाई लेख्नुहोस्,obstruction,obstruction,ne,a,support_link,[TAG=a] [ROLE=support_link] Lenskart खाता बन्द गर्न हाम्रो सपोर्ट नम्बर लाई लेख्नुहोस्,obstruction:ne:17,synthetic_v1,0,0,0,1,0,0,0,0
"To cancel your Snapdeal order, contact the call centre",obstruction,obstruction,en,a,support_link,"[TAG=a] [ROLE=support_link] To cancel your Snapdeal order, contact the call centre",obstruction:en:15,synthetic_v1,0,0,0,1,0,0,0,0
Are you sure? Continue to step 6 to cancel,obstruction,obstruction,en,a,support_link,[TAG=a] [ROLE=support_link] Are you sure? Continue to step 6 to cancel,obstruction:en:10,synthetic_v1,0,0,0,1,0,0,0,0
wireless earbuds exchange requests go through our support line only,obstruction,obstruction,en,div,modal_text,[TAG=div] [ROLE=modal_text] wireless earbuds exchange requests go through our support line only,obstruction:en:25,synthetic_v1,0,0,0,1,0,0,0,0
Returning school bag? Please call our WhatsApp number first,obstruction,obstruction,en,div,modal_text,[TAG=div] [ROLE=modal_text] Returning school bag? Please call our WhatsApp number first,obstruction:en:22,synthetic_v1,0,0,0,1,0,0,0,0
घामको चस्मा अर्डरबाट हटाउन हाम्रो Viber सपोर्ट मा सम्पर्क गर्नुहोस्,obstruction,obstruction,ne,p,help_text,[TAG=p] [ROLE=help_text] घामको चस्मा अर्डरबाट हटाउन हाम्रो Viber सपोर्ट मा सम्पर्क गर्नुहोस्,obstruction:ne:19,synthetic_v1,0,0,0,1,0,0,0,0
Pepperfry रद्दीकरणका लागि लाइभ च्याट बाट प्रमाणीकरण आवश्यक छ,obstruction,obstruction,ne,p,help_text,[TAG=p] [ROLE=help_text] Pepperfry रद्दीकरणका लागि लाइभ च्याट बाट प्रमाणीकरण आवश्यक छ,obstruction:ne:20,synthetic_v1,0,0,0,1,0,0,0,0
Salesberry रद्दीकरण के लिए हमारी हेल्पलाइन से सत्यापन ज़रूरी है,obstruction,obstruction,hi,p,help_text,[TAG=p] [ROLE=help_text] Salesberry रद्दीकरण के लिए हमारी हेल्पलाइन से सत्यापन ज़रूरी है,obstruction:hi:20,synthetic_v1,0,0,0,1,0,0,0,0
winter blanket exchange requests go through our email desk only,obstruction,obstruction,en,div,modal_text,[TAG=div] [ROLE=modal_text] winter blanket exchange requests go through our email desk only,obstruction:en:25,synthetic_v1,0,0,0,1,0,0,0,0
रिटर्न अनुरोध 4 दिनों में फोन से करना होगा,obstruction,obstruction,hi,div,modal_text,[TAG=div] [ROLE=modal_text] रिटर्न अनुरोध 4 दिनों में फोन से करना होगा,obstruction:hi:13,synthetic_v1,0,0,0,1,0,0,0,0
"To downgrade your Gold plan at Meesho, contact our Facebook page",obstruction,obstruction,en,p,help_text,"[TAG=p] [ROLE=help_text] To downgrade your Gold plan at Meesho, contact our Facebook page",obstruction:en:26,synthetic_v1,0,0,0,1,0,0,0,0
"To stop auto-renewal, contact our WhatsApp number within 12 days",obstruction,obstruction,en,a,support_link,"[TAG=a] [ROLE=support_link] To stop auto-renewal, contact our WhatsApp number within 12 days",obstruction:en:21,synthetic_v1,0,0,0,1,0,0,0,0
Blinkit रद्दीकरणका लागि कल सेन्टर बाट प्रमाणीकरण आवश्यक छ,obstruction,obstruction,ne,a,support_link,[TAG=a] [ROLE=support_link] Blinkit रद्दीकरणका लागि कल सेन्टर बाट प्रमाणीकरण आवश्यक छ,obstruction:ne:20,synthetic_v1,0,0,0,1,0,0,0,0
Deleting your Ajio data requires a written request to our WhatsApp number,obstruction,obstruction,en,a,support_link,[TAG=a] [ROLE=support_link] Deleting your Ajio data requires a written request to our WhatsApp number,obstruction:en:24,synthetic_v1,0,0,0,1,0,0,0,0
स्टडी लैंप का रिफंड हमारा WhatsApp नंबर के ज़रिये ही मांगें,obstruction,obstruction,hi,div,modal_text,[TAG=div] [ROLE=modal_text] स्टडी लैंप का रिफंड हमारा WhatsApp नंबर के ज़रिये ही मांगें,obstruction:hi:16,synthetic_v1,0,0,0,1,0,0,0,0
Reach the call centre to remove study lamp from your order,obstruction,obstruction,en,p,help_text,[TAG=p] [ROLE=help_text] Reach the call centre to remove study lamp from your order,obstruction:en:19,synthetic_v1,0,0,0,1,0,0,0,0
डाउनग्रेड गर्न दमक कार्यालय पोर्टलबाट अनुरोध गर्नुहोस्,obstruction,obstruction,ne,p,help_text,[TAG=p] [ROLE=help_text] डाउनग्रेड गर्न दमक कार्यालय पोर्टलबाट अनुरोध गर्नुहोस्,obstruction:ne:12,synthetic_v1,0,0,0,1,0,0,0,0
Chat with an agent to stop your subscription,obstruction,obstruction,en,a,support_link,[TAG=a] [ROLE=support_link] Chat with an agent to stop your subscription,obstruction:en:08,synthetic_v1,0,0,0,1,0,0,0,0
पावर ब्यांक सट्टा अनुरोध हाम्रो Facebook पेज बाट मात्र हुन्छ,obstruction,obstruction,ne,p,help_text,[TAG=p] [ROLE=help_text] पावर ब्यांक सट्टा अनुरोध हाम्रो Facebook पेज बाट मात्र हुन्छ,obstruction:ne:25,synthetic_v1,0,0,0,1,0,0,0,0
पानी की बोतल लौटाना है? पहले हमारा WhatsApp नंबर पर कॉल करें,obstruction,obstruction,hi,a,support_link,[TAG=a] [ROLE=support_link] पानी की बोतल लौटाना है? पहले हमारा WhatsApp नंबर पर कॉल करें,obstruction:hi:22,synthetic_v1,0,0,0,1,0,0,0,0
Reach our email desk to remove face wash from your order,obstruction,obstruction,en,div,modal_text,[TAG=div] [ROLE=modal_text] Reach our email desk to remove face wash from your order,obstruction:en:19,synthetic_v1,0,0,0,1,0,0,0,0
इंडक्शन चूल्हा लौटाना है? पहले हमारी हेल्पलाइन पर कॉल करें,obstruction,obstruction,hi,p,help_text,[TAG=p] [ROLE=help_text] इंडक्शन चूल्हा लौटाना है? पहले हमारी हेल्पलाइन पर कॉल करें,obstruction:hi:22,synthetic_v1,0,0,0,1,0,0,0,0
"To cancel your Reliance Digital order, contact our Viber support",obstruction,obstruction,en,div,modal_text,"[TAG=div] [ROLE=modal_text] To cancel your Reliance Digital order, contact our Viber support",obstruction:en:15,synthetic_v1,0,0,0,1,0,0,0,0
JioMart पर प्लस प्लान डाउनग्रेड करने के लिए हमारा Facebook पेज से संपर्क करें,obstruction,obstruction,hi,a,support_link,[TAG=a] [ROLE=support_link] JioMart पर प्लस प्लान डाउनग्रेड करने के लिए हमारा Facebook पेज से संपर्क करें,obstruction:hi:26,synthetic_v1,0,0,0,1,0,0,0,0
Amazon पर प्रो प्लान डाउनग्रेड करने के लिए कॉल सेंटर से संपर्क करें,obstruction,obstruction,hi,a,support_link,[TAG=a] [ROLE=support_link] Amazon पर प्रो प्लान डाउनग्रेड करने के लिए कॉल सेंटर से संपर्क करें,obstruction:hi:26,synthetic_v1,0,0,0,1,0,0,0,0
Meesho रद्दीकरण के लिए लाइव चैट से सत्यापन ज़रूरी है,obstruction,obstruction,hi,div,modal_text,[TAG=div] [ROLE=modal_text] Meesho रद्दीकरण के लिए लाइव चैट से सत्यापन ज़रूरी है,obstruction:hi:20,synthetic_v1,0,0,0,1,0,0,0,0
इलेक्ट्रिक केटल को ऑर्डर से हटाने के लिए हमारा सपोर्ट नंबर से संपर्क करें,obstruction,obstruction,hi,p,help_text,[TAG=p] [ROLE=help_text] इलेक्ट्रिक केटल को ऑर्डर से हटाने के लिए हमारा सपोर्ट नंबर से संपर्क करें,obstruction:hi:19,synthetic_v1,0,0,0,1,0,0,0,0
Refunds for sports sandals must be requested through our helpline,obstruction,obstruction,en,a,support_link,[TAG=a] [ROLE=support_link] Refunds for sports sandals must be requested through our helpline,obstruction:en:16,synthetic_v1,0,0,0,1,0,0,0,0
Subscription changes at Gyapu are only possible via our helpline,obstruction,obstruction,en,div,modal_text,[TAG=div] [ROLE=modal_text] Subscription changes at Gyapu are only possible via our helpline,obstruction:en:18,synthetic_v1,0,0,0,1,0,0,0,0
SastoDeal डेटा हटाने के लिए कॉल सेंटर को लिखित अनुरोध भेजें,obstruction,obstruction,hi,p,help_text,[TAG=p] [ROLE=help_text] SastoDeal डेटा हटाने के लिए कॉल सेंटर को लिखित अनुरोध भेजें,obstruction:hi:24,synthetic_v1,0,0,0,1,0,0,0,0
Reliance Digital अर्डर रद्द गर्न हाम्रो सपोर्ट नम्बर मा सम्पर्क गर्नुहोस्,obstruction,obstruction,ne,a,support_link,[TAG=a] [ROLE=support_link] Reliance Digital अर्डर रद्द गर्न हाम्रो सपोर्ट नम्बर मा सम्पर्क गर्नुहोस्,obstruction:ne:15,synthetic_v1,0,0,0,1,0,0,0,0
ऑफिस चेयर को ऑर्डर से हटाने के लिए हमारा Facebook पेज से संपर्क करें,obstruction,obstruction,hi,p,help_text,[TAG=p] [ROLE=help_text] ऑफिस चेयर को ऑर्डर से हटाने के लिए हमारा Facebook पेज से संपर्क करें,obstruction:hi:19,synthetic_v1,0,0,0,1,0,0,0,0
Refunds for hair dryer must be requested through live chat,obstruction,obstruction,en,p,help_text,[TAG=p] [ROLE=help_text] Refunds for hair dryer must be requested through live chat,obstruction:en:16,synthetic_v1,0,0,0,1,0,0,0,0
"To cancel your Myntra order, contact our Facebook page",obstruction,obstruction,en,a,support_link,"[TAG=a] [ROLE=support_link] To cancel your Myntra order, contact our Facebook page",obstruction:en:15,synthetic_v1,0,0,0,1,0,0,0,0
Refunds for water bottle must be requested through our Viber support,obstruction,obstruction,en,a,support_link,[TAG=a] [ROLE=support_link] Refunds for water bottle must be requested through our Viber support,obstruction:en:16,synthetic_v1,0,0,0,1,0,0,0,0
Muncha पर सब्सक्रिप्शन बदलाव केवल हमारा सपोर्ट नंबर से संभव है,obstruction,obstruction,hi,a,support_link,[TAG=a] [ROLE=support_link] Muncha पर सब्सक्रिप्शन बदलाव केवल हमारा सपोर्ट नंबर से संभव है,obstruction:hi:18,synthetic_v1,0,0,0,1,0,0,0,0
सर्दी का कंबल को ऑर्डर से हटाने के लिए हमारा ईमेल डेस्क से संपर्क करें,obstruction,obstruction,hi,p,help_text,[TAG=p] [ROLE=help_text] सर्दी का कंबल को ऑर्डर से हटाने के लिए हमारा ईमेल डेस्क से संपर्क करें,obstruction:hi:19,synthetic_v1,0,0,0,1,0,0,0,0
Croma पर सब्सक्रिप्शन बदलाव केवल हमारा Facebook पेज से संभव है,obstruction,obstruction,hi,p,help_text,[TAG=p] [ROLE=help_text] Croma पर सब्सक्रिप्शन बदलाव केवल हमारा Facebook पेज से संभव है,obstruction:hi:18,synthetic_v1,0,0,0,1,0,0,0,0
स्वतः नवीकरण बन्द गर्न 9 दिनभित्र हाम्रो Viber सपोर्ट मा सम्पर्क गर्नुहोस्,obstruction,obstruction,ne,p,help_text,[TAG=p] [ROLE=help_text] स्वतः नवीकरण बन्द गर्न 9 दिनभित्र हाम्रो Viber सपोर्ट मा सम्पर्क गर्नुहोस्,obstruction:ne:21,synthetic_v1,0,0,0,1,0,0,0,0
Refunds for rice cooker must be requested through our WhatsApp number,obstruction,obstruction,en,div,modal_text,[TAG=div] [ROLE=modal_text] Refunds for rice cooker must be requested through our WhatsApp number,obstruction:en:16,synthetic_v1,0,0,0,1,0,0,0,0
ट्रेकिंग जैकेट को ऑर्डर से हटाने के लिए हमारी हेल्पलाइन से संपर्क करें,obstruction,obstruction,hi,div,modal_text,[TAG=div] [ROLE=modal_text] ट्रेकिंग जैकेट को ऑर्डर से हटाने के लिए हमारी हेल्पलाइन से संपर्क करें,obstruction:hi:19,synthetic_v1,0,0,0,1,0,0,0,0
"To downgrade your Premium plan at Pepperfry, contact our email desk",obstruction,obstruction,en,a,support_link,"[TAG=a] [ROLE=support_link] To downgrade your Premium plan at Pepperfry, contact our email desk",obstruction:en:26,synthetic_v1,0,0,0,1,0,0,0,0
Refunds for gaming mouse must be requested through our support line,obstruction,obstruction,en,p,help_text,[TAG=p] [ROLE=help_text] Refunds for gaming mouse must be requested through our support line,obstruction:en:16,synthetic_v1,0,0,0,1,0,0,0,0
Meesho cancellations require verification through our WhatsApp number,obstruction,obstruction,en,p,help_text,[TAG=p] [ROLE=help_text] Meesho cancellations require verification through our WhatsApp number,obstruction:en:20,synthetic_v1,0,0,0,1,0,0,0,0
Returning noise cancelling headphones? Please call the call centre first,obstruction,obstruction,en,p,help_text,[TAG=p] [ROLE=help_text] Returning noise cancelling headphones? Please call the call centre first,obstruction:en:22,synthetic_v1,0,0,0,1,0,0,0,0
Subscription changes at Kinbech are only possible via our Facebook page,obstruction,obstruction,en,p,help_text,[TAG=p] [ROLE=help_text] Subscription changes at Kinbech are only possible via our Facebook page,obstruction:en:18,synthetic_v1,0,0,0,1,0,0,0,0
Flipkart पर सब्सक्रिप्शन बदलाव केवल हमारा WhatsApp नंबर से संभव है,obstruction,obstruction,hi,a,support_link,[TAG=a] [ROLE=support_link] Flipkart पर सब्सक्रिप्शन बदलाव केवल हमारा WhatsApp नंबर से संभव है,obstruction:hi:18,synthetic_v1,0,0,0,1,0,0,0,0
स्मार्टवाच फिर्ता गर्नु छ? पहिले हाम्रो WhatsApp नम्बर मा फोन गर्नुहोस्,obstruction,obstruction,ne,a,support_link,[TAG=a] [ROLE=support_link] स्मार्टवाच फिर्ता गर्नु छ? पहिले हाम्रो WhatsApp नम्बर मा फोन गर्नुहोस्,obstruction:ne:22,synthetic_v1,0,0,0,1,0,0,0,0
Flipkart पर सब्सक्रिप्शन बदलाव केवल हमारी हेल्पलाइन से संभव है,obstruction,obstruction,hi,p,help_text,[TAG=p] [ROLE=help_text] Flipkart पर सब्सक्रिप्शन बदलाव केवल हमारी हेल्पलाइन से संभव है,obstruction:hi:18,synthetic_v1,0,0,0,1,0,0,0,0
OkDam डेटा हटाने के लिए हमारा WhatsApp नंबर को लिखित अनुरोध भेजें,obstruction,obstruction,hi,div,modal_text,[TAG=div] [ROLE=modal_text] OkDam डेटा हटाने के लिए हमारा WhatsApp नंबर को लिखित अनुरोध भेजें,obstruction:hi:24,synthetic_v1,0,0,0,1,0,0,0,0
Daraz पर सब्सक्रिप्शन बदलाव केवल हमारी हेल्पलाइन से संभव है,obstruction,obstruction,hi,a,support_link,[TAG=a] [ROLE=support_link] Daraz पर सब्सक्रिप्शन बदलाव केवल हमारी हेल्पलाइन से संभव है,obstruction:hi:18,synthetic_v1,0,0,0,1,0,0,0,0
Daraz रद्दीकरणका लागि लाइभ च्याट बाट प्रमाणीकरण आवश्यक छ,obstruction,obstruction,ne,div,modal_text,[TAG=div] [ROLE=modal_text] Daraz रद्दीकरणका लागि लाइभ च्याट बाट प्रमाणीकरण आवश्यक छ,obstruction:ne:20,synthetic_v1,0,0,0,1,0,0,0,0
Myntra रिफन्डका लागि हाम्रो Facebook पेज को स्वीकृति चाहिन्छ,obstruction,obstruction,ne,a,support_link,[TAG=a] [ROLE=support_link] Myntra रिफन्डका लागि हाम्रो Facebook पेज को स्वीकृति चाहिन्छ,obstruction:ne:23,synthetic_v1,0,0,0,1,0,0,0,0
पानी की बोतल को ऑर्डर से हटाने के लिए हमारी हेल्पलाइन से संपर्क करें,obstruction,obstruction,hi,p,help_text,[TAG=p] [ROLE=help_text] पानी की बोतल को ऑर्डर से हटाने के लिए हमारी हेल्पलाइन से संपर्क करें,obstruction:hi:19,synthetic_v1,0,0,0,1,0,0,0,0
Returning school bag? Please call our helpline first,obstruction,obstruction,en,div,modal_text,[TAG=div] [ROLE=modal_text] Returning school bag? Please call our helpline first,obstruction:en:22,synthetic_v1,0,0,0,1,0,0,0,0
Daraz मा सदस्यता परिवर्तन हाम्रो हेल्पलाइन बाट मात्र सम्भव छ,obstruction,obstruction,ne,p,help_text,[TAG=p] [ROLE=help_text] Daraz मा सदस्यता परिवर्तन हाम्रो हेल्पलाइन बाट मात्र सम्भव छ,obstruction:ne:18,synthetic_v1,0,0,0,1,0,0,0,0
Reach our helpline to remove denim jeans from your order,obstruction,obstruction,en,div,modal_text,[TAG=div] [ROLE=modal_text] Reach our helpline to remove denim jeans from your order,obstruction:en:19,synthetic_v1,0,0,0,1,0,0,0,0
Snapdeal अर्डर रद्द गर्न हाम्रो हेल्पलाइन मा सम्पर्क गर्नुहोस्,obstruction,obstruction,ne,p,help_text,[TAG=p] [ROLE=help_text] Snapdeal अर्डर रद्द गर्न हाम्रो हेल्पलाइन मा सम्पर्क गर्नुहोस्,obstruction:ne:15,synthetic_v1,0,0,0,1,0,0,0,0
फोन कभर अर्डरबाट हटाउन हाम्रो Viber सपोर्ट मा सम्पर्क गर्नुहोस्,obstruction,obstruction,ne,a,support_link,[TAG=a] [ROLE=support_link] फोन कभर अर्डरबाट हटाउन हाम्रो Viber सपोर्ट मा सम्पर्क गर्नुहोस्,obstruction:ne:19,synthetic_v1,0,0,0,1,0,0,0,0
Returning face wash? Please call our support line first,obstruction,obstruction,en,a,support_link,[TAG=a] [ROLE=support_link] Returning face wash? Please call our support line first,obstruction:en:22,synthetic_v1,0,0,0,1,0,0,0,0
OkDam डाटा हटाउन हाम्रो हेल्पलाइन लाई लिखित अनुरोध पठाउनुहोस्,obstruction,obstruction,ne,p,help_text,[TAG=p] [ROLE=help_text] OkDam डाटा हटाउन हाम्रो हेल्पलाइन लाई लिखित अनुरोध पठाउनुहोस्,obstruction:ne:24,synthetic_v1,0,0,0,1,0,0,0,0
Pepperfry अर्डर रद्द गर्न हाम्रो WhatsApp नम्बर मा सम्पर्क गर्नुहोस्,obstruction,obstruction,ne,a,support_link,[TAG=a] [ROLE=support_link] Pepperfry अर्डर रद्द गर्न हाम्रो WhatsApp नम्बर मा सम्पर्क गर्नुहोस्,obstruction:ne:15,synthetic_v1,0,0,0,1,0,0,0,0
पानी की बोतल का रिफंड कॉल सेंटर के ज़रिये ही मांगें,obstruction,obstruction,hi,div,modal_text,[TAG=div] [ROLE=modal_text] पानी की बोतल का रिफंड कॉल सेंटर के ज़रिये ही मांगें,obstruction:hi:16,synthetic_v1,0,0,0,1,0,0,0,0
Reach our helpline to remove sports sandals from your order,obstruction,obstruction,en,div,modal_text,[TAG=div] [ROLE=modal_text] Reach our helpline to remove sports sandals from your order,obstruction:en:19,synthetic_v1,0,0,0,1,0,0,0,0
"To stop auto-renewal, contact our Viber support within 3 days",obstruction,obstruction,en,a,support_link,"[TAG=a] [ROLE=support_link] To stop auto-renewal, contact our Viber support within 3 days",obstruction:en:21,synthetic_v1,0,0,0,1,0,0,0,0
JioMart खाता बंद करने के लिए कॉल सेंटर को लिखें,obstruction,obstruction,hi,div,modal_text,[TAG=div] [ROLE=modal_text] JioMart खाता बंद करने के लिए कॉल सेंटर को लिखें,obstruction:hi:17,synthetic_v1,0,0,0,1,0,0,0,0
Meesho पर सब्सक्रिप्शन बदलाव केवल हमारा ईमेल डेस्क से संभव है,obstruction,obstruction,hi,p,help_text,[TAG=p] [ROLE=help_text] Meesho पर सब्सक्रिप्शन बदलाव केवल हमारा ईमेल डेस्क से संभव है,obstruction:hi:18,synthetic_v1,0,0,0,1,0,0,0,0
राइस कुकर सट्टा अनुरोध हाम्रो हेल्पलाइन बाट मात्र हुन्छ,obstruction,obstruction,ne,p,help_text,[TAG=p] [ROLE=help_text] राइस कुकर सट्टा अनुरोध हाम्रो हेल्पलाइन बाट मात्र हुन्छ,obstruction:ne:25,synthetic_v1,0,0,0,1,0,0,0,0
ऑटो-रिन्यूअल बंद करने के लिए 5 दिन में हमारा ईमेल डेस्क से संपर्क करें,obstruction,obstruction,hi,a,support_link,[TAG=a] [ROLE=support_link] ऑटो-रिन्यूअल बंद करने के लिए 5 दिन में हमारा ईमेल डेस्क से संपर्क करें,obstruction:hi:21,synthetic_v1,0,0,0,1,0,0,0,0
गेमिंग माउस को ऑर्डर से हटाने के लिए हमारा ईमेल डेस्क से संपर्क करें,obstruction,obstruction,hi,a,support_link,[TAG=a] [ROLE=support_link] गेमिंग माउस को ऑर्डर से हटाने के लिए हमारा ईमेल डेस्क से संपर्क करें,obstruction:hi:19,synthetic_v1,0,0,0,1,0,0,0,0
स्कूल बैग को ऑर्डर से हटाने के लिए हमारा ईमेल डेस्क से संपर्क करें,obstruction,obstruction,hi,p,help_text,[TAG=p] [ROLE=help_text] स्कूल बैग को ऑर्डर से हटाने के लिए हमारा ईमेल डेस्क से संपर्क करें,obstruction:hi:19,synthetic_v1,0,0,0,1,0,0,0,0
इंडक्शन चूल्हा लौटाना है? पहले हमारा Viber सपोर्ट पर कॉल करें,obstruction,obstruction,hi,div,modal_text,[TAG=div] [ROLE=modal_text] इंडक्शन चूल्हा लौटाना है? पहले हमारा Viber सपोर्ट पर कॉल करें,obstruction:hi:22,synthetic_v1,0,0,0,1,0,0,0,0
ब्लुटुथ स्पिकर अर्डरबाट हटाउन हाम्रो हेल्पलाइन मा सम्पर्क गर्नुहोस्,obstruction,obstruction,ne,p,help_text,[TAG=p] [ROLE=help_text] ब्लुटुथ स्पिकर अर्डरबाट हटाउन हाम्रो हेल्पलाइन मा सम्पर्क गर्नुहोस्,obstruction:ne:19,synthetic_v1,0,0,0,1,0,0,0,0
Reach our support line to remove school bag from your order,obstruction,obstruction,en,div,modal_text,[TAG=div] [ROLE=modal_text] Reach our support line to remove school bag from your order,obstruction:en:19,synthetic_v1,0,0,0,1,0,0,0,0
"To stop auto-renewal, contact live chat within 8 days",obstruction,obstruction,en,p,help_text,"[TAG=p] [ROLE=help_text] To stop auto-renewal, contact live chat within 8 days",obstruction:en:21,synthetic_v1,0,0,0,1,0,0,0,0
Pepperfry cancellations require verification through our helpline,obstruction,obstruction,en,a,support_link,[TAG=a] [ROLE=support_link] Pepperfry cancellations require verification through our helpline,obstruction:en:20,synthetic_v1,0,0,0,1,0,0,0,0
Kinbech खाता बंद करने के लिए हमारा Viber सपोर्ट को लिखें,obstruction,obstruction,hi,p,help_text,[TAG=p] [ROLE=help_text] Kinbech खाता बंद करने के लिए हमारा Viber सपोर्ट को लिखें,obstruction:hi:17,synthetic_v1,0,0,0,1,0,0,0,0
Blinkit पर प्रीमियम प्लान डाउनग्रेड करने के लिए हमारा सपोर्ट नंबर से संपर्क करें,obstruction,obstruction,hi,a,support_link,[TAG=a] [ROLE=support_link] Blinkit पर प्रीमियम प्लान डाउनग्रेड करने के लिए हमारा सपोर्ट नंबर से संपर्क करें,obstruction:hi:26,synthetic_v1,0,0,0,1,0,0,0,0
रनिंग शूज़ को ऑर्डर से हटाने के लिए हमारा WhatsApp नंबर से संपर्क करें,obstruction,obstruction,hi,div,modal_text,[TAG=div] [ROLE=modal_text] रनिंग शूज़ को ऑर्डर से हटाने के लिए हमारा WhatsApp नंबर से संपर्क करें,obstruction:hi:19,synthetic_v1,0,0,0,1,0,0,0,0
Refunds for air fryer must be requested through our Viber support,obstruction,obstruction,en,a,support_link,[TAG=a] [ROLE=support_link] Refunds for air fryer must be requested through our Viber support,obstruction:en:16,synthetic_v1,0,0,0,1,0,0,0,0
अनलाइन खाता हटाउने सुविधा उपलब्ध छैन,obstruction,obstruction,ne,div,modal_text,[TAG=div] [ROLE=modal_text] अनलाइन खाता हटाउने सुविधा उपलब्ध छैन,obstruction:ne:06,synthetic_v1,0,0,0,1,0,0,0,0
ट्रेकिंग जैकेट एक्सचेंज अनुरोध केवल कॉल सेंटर से होगा,obstruction,obstruction,hi,p,help_text,[TAG=p] [ROLE=help_text] ट्रेकिंग जैकेट एक्सचेंज अनुरोध केवल कॉल सेंटर से होगा,obstruction:hi:25,synthetic_v1,0,0,0,1,0,0,0,0
कॉफी मेकर लौटाना है? पहले हमारा Facebook पेज पर कॉल करें,obstruction,obstruction,hi,a,support_link,[TAG=a] [ROLE=support_link] कॉफी मेकर लौटाना है? पहले हमारा Facebook पेज पर कॉल करें,obstruction:hi:22,synthetic_v1,0,0,0,1,0,0,0,0
Kinbech मा सदस्यता परिवर्तन हाम्रो WhatsApp नम्बर बाट मात्र सम्भव छ,obstruction,obstruction,ne,p,help_text,[TAG=p] [ROLE=help_text] Kinbech मा सदस्यता परिवर्तन हाम्रो WhatsApp नम्बर बाट मात्र सम्भव छ,obstruction:ne:18,synthetic_v1,0,0,0,1,0,0,0,0
Flipkart रद्दीकरण के लिए हमारा Viber सपोर्ट से सत्यापन ज़रूरी है,obstruction,obstruction,hi,p,help_text,[TAG=p] [ROLE=help_text] Flipkart रद्दीकरण के लिए हमारा Viber सपोर्ट से सत्यापन ज़रूरी है,obstruction:hi:20,synthetic_v1,0,0,0,1,0,0,0,0
Reach our Viber support to remove formal shirt from your order,obstruction,obstruction,en,p,help_text,[TAG=p] [ROLE=help_text] Reach our Viber support to remove formal shirt from your order,obstruction:en:19,synthetic_v1,0,0,0,1,0,0,0,0
Nykaa ऑर्डर रद्द करने के लिए हमारा ईमेल डेस्क से संपर्क करें,obstruction,obstruction,hi,div,modal_text,[TAG=div] [ROLE=modal_text] Nykaa ऑर्डर रद्द करने के लिए हमारा ईमेल डेस्क से संपर्क करें,obstruction:hi:15,synthetic_v1,0,0,0,1,0,0,0,0
इलेक्ट्रिक केतली अर्डरबाट हटाउन हाम्रो Facebook पेज मा सम्पर्क गर्नुहोस्,obstruction,obstruction,ne,a,support_link,[TAG=a] [ROLE=support_link] इलेक्ट्रिक केतली अर्डरबाट हटाउन हाम्रो Facebook पेज मा सम्पर्क गर्नुहोस्,obstruction:ne:19,synthetic_v1,0,0,0,1,0,0,0,0
Amazon ऑर्डर रद्द करने के लिए कॉल सेंटर से संपर्क करें,obstruction,obstruction,hi,p,help_text,[TAG=p] [ROLE=help_text] Amazon ऑर्डर रद्द करने के लिए कॉल सेंटर से संपर्क करें,obstruction:hi:15,synthetic_v1,0,0,0,1,0,0,0,0
sports sandals exchange requests go through our Facebook page only,obstruction,obstruction,en,p,help_text,[TAG=p] [ROLE=help_text] sports sandals exchange requests go through our Facebook page only,obstruction:en:25,synthetic_v1,0,0,0,1,0,0,0,0
Your Kinbech refund needs approval from live chat,obstruction,obstruction,en,a,support_link,[TAG=a] [ROLE=support_link] Your Kinbech refund needs approval from live chat,obstruction:en:23,synthetic_v1,0,0,0,1,0,0,0,0
Meesho मा गोल्ड प्लान डाउनग्रेड गर्न हाम्रो इमेल डेस्क मा सम्पर्क गर्नुहोस्,obstruction,obstruction,ne,p,help_text,[TAG=p] [ROLE=help_text] Meesho मा गोल्ड प्लान डाउनग्रेड गर्न हाम्रो इमेल डेस्क मा सम्पर्क गर्नुहोस्,obstruction:ne:26,synthetic_v1,0,0,0,1,0,0,0,0
Deleting your Daraz data requires a written request to our Viber support,obstruction,obstruction,en,a,support_link,[TAG=a] [ROLE=support_link] Deleting your Daraz data requires a written request to our Viber support,obstruction:en:24,synthetic_v1,0,0,0,1,0,0,0,0
Subscription changes at Thulo are only possible via our Viber support,obstruction,obstruction,en,a,support_link,[TAG=a] [ROLE=support_link] Subscription changes at Thulo are only possible via our Viber support,obstruction:en:18,synthetic_v1,0,0,0,1,0,0,0,0
Salesberry खाता बंद करने के लिए हमारा ईमेल डेस्क को लिखें,obstruction,obstruction,hi,p,help_text,[TAG=p] [ROLE=help_text] Salesberry खाता बंद करने के लिए हमारा ईमेल डेस्क को लिखें,obstruction:hi:17,synthetic_v1,0,0,0,1,0,0,0,0
फोन कभर अर्डरबाट हटाउन हाम्रो Facebook पेज मा सम्पर्क गर्नुहोस्,obstruction,obstruction,ne,a,support_link,[TAG=a] [ROLE=support_link] फोन कभर अर्डरबाट हटाउन हाम्रो Facebook पेज मा सम्पर्क गर्नुहोस्,obstruction:ne:19,synthetic_v1,0,0,0,1,0,0,0,0
Pepperfry खाता बंद करने के लिए हमारा Facebook पेज को लिखें,obstruction,obstruction,hi,div,modal_text,[TAG=div] [ROLE=modal_text] Pepperfry खाता बंद करने के लिए हमारा Facebook पेज को लिखें,obstruction:hi:17,synthetic_v1,0,0,0,1,0,0,0,0
Your Muncha refund needs approval from our WhatsApp number,obstruction,obstruction,en,div,modal_text,[TAG=div] [ROLE=modal_text] Your Muncha refund needs approval from our WhatsApp number,obstruction:en:23,synthetic_v1,0,0,0,1,0,0,0,0
Reliance Digital रिफन्डका लागि हाम्रो सपोर्ट नम्बर को स्वीकृति चाहिन्छ,obstruction,obstruction,ne,div,modal_text,[TAG=div] [ROLE=modal_text] Reliance Digital रिफन्डका लागि हाम्रो सपोर्ट नम्बर को स्वीकृति चाहिन्छ,obstruction:ne:23,synthetic_v1,0,0,0,1,0,0,0,0
कॉफी मेकर लौटाना है? पहले हमारा सपोर्ट नंबर पर कॉल करें,obstruction,obstruction,hi,div,modal_text,[TAG=div] [ROLE=modal_text] कॉफी मेकर लौटाना है? पहले हमारा सपोर्ट नंबर पर कॉल करें,obstruction:hi:22,synthetic_v1,0,0,0,1,0,0,0,0
इन्डक्सन चुल्हो अर्डरबाट हटाउन हाम्रो Facebook पेज मा सम्पर्क गर्नुहोस्,obstruction,obstruction,ne,div,modal_text,[TAG=div] [ROLE=modal_text] इन्डक्सन चुल्हो अर्डरबाट हटाउन हाम्रो Facebook पेज मा सम्पर्क गर्नुहोस्,obstruction:ne:19,synthetic_v1,0,0,0,1,0,0,0,0
Refunds for formal shirt must be requested through our Viber support,obstruction,obstruction,en,a,support_link,[TAG=a] [ROLE=support_link] Refunds for formal shirt must be requested through our Viber support,obstruction:en:16,synthetic_v1,0,0,0,1,0,0,0,0
BigBasket cancellations require verification through our email desk,obstruction,obstruction,en,p,help_text,[TAG=p] [ROLE=help_text] BigBasket cancellations require verification through our email desk,obstruction:en:20,synthetic_v1,0,0,0,1,0,0,0,0
Subscription changes at Thulo are only possible via our WhatsApp number,obstruction,obstruction,en,a,support_link,[TAG=a] [ROLE=support_link] Subscription changes at Thulo are only possible via our WhatsApp number,obstruction:en:18,synthetic_v1,0,0,0,1,0,0,0,0
Flipkart डेटा हटाने के लिए लाइव चैट को लिखित अनुरोध भेजें,obstruction,obstruction,hi,div,modal_text,[TAG=div] [ROLE=modal_text] Flipkart डेटा हटाने के लिए लाइव चैट को लिखित अनुरोध भेजें,obstruction:hi:24,synthetic_v1,0,0,0,1,0,0,0,0
Meesho मा गोल्ड प्लान डाउनग्रेड गर्न हाम्रो WhatsApp नम्बर मा सम्पर्क गर्नुहोस्,obstruction,obstruction,ne,p,help_text,[TAG=p] [ROLE=help_text] Meesho मा गोल्ड प्लान डाउनग्रेड गर्न हाम्रो WhatsApp नम्बर मा सम्पर्क गर्नुहोस्,obstruction:ne:26,synthetic_v1,0,0,0,1,0,0,0,0
Thulo रिफन्डका लागि हाम्रो सपोर्ट नम्बर को स्वीकृति चाहिन्छ,obstruction,obstruction,ne,div,modal_text,[TAG=div] [ROLE=modal_text] Thulo रिफन्डका लागि हाम्रो सपोर्ट नम्बर को स्वीकृति चाहिन्छ,obstruction:ne:23,synthetic_v1,0,0,0,1,0,0,0,0
इलेक्ट्रिक केतली फिर्ता गर्नु छ? पहिले हाम्रो सपोर्ट नम्बर मा फोन गर्नुहोस्,obstruction,obstruction,ne,a,support_link,[TAG=a] [ROLE=support_link] इलेक्ट्रिक केतली फिर्ता गर्नु छ? पहिले हाम्रो सपोर्ट नम्बर मा फोन गर्नुहोस्,obstruction:ne:22,synthetic_v1,0,0,0,1,0,0,0,0
Croma खाता बन्द गर्न लाइभ च्याट लाई लेख्नुहोस्,obstruction,obstruction,ne,div,modal_text,[TAG=div] [ROLE=modal_text] Croma खाता बन्द गर्न लाइभ च्याट लाई लेख्नुहोस्,obstruction:ne:17,synthetic_v1,0,0,0,1,0,0,0,0
Subscription changes at SastoDeal are only possible via our WhatsApp number,obstruction,obstruction,en,a,support_link,[TAG=a] [ROLE=support_link] Subscription changes at SastoDeal are only possible via our WhatsApp number,obstruction:en:18,synthetic_v1,0,0,0,1,0,0,0,0
Ajio cancellations require verification through our WhatsApp number,obstruction,obstruction,en,div,modal_text,[TAG=div] [ROLE=modal_text] Ajio cancellations require verification through our WhatsApp number,obstruction:en:20,synthetic_v1,0,0,0,1,0,0,0,0
Blinkit रिफन्डका लागि हाम्रो इमेल डेस्क को स्वीकृति चाहिन्छ,obstruction,obstruction,ne,a,support_link,[TAG=a] [ROLE=support_link] Blinkit रिफन्डका लागि हाम्रो इमेल डेस्क को स्वीकृति चाहिन्छ,obstruction:ne:23,synthetic_v1,0,0,0,1,0,0,0,0
Refunds for bluetooth speaker must be requested through our support line,obstruction,obstruction,en,p,help_text,[TAG=p] [ROLE=help_text] Refunds for bluetooth speaker must be requested through our support line,obstruction:en:16,synthetic_v1,0,0,0,1,0,0,0,0
OkDam मा सदस्यता परिवर्तन लाइभ च्याट बाट मात्र सम्भव छ,obstruction,obstruction,ne,a,support_link,[TAG=a] [ROLE=support_link] OkDam मा सदस्यता परिवर्तन लाइभ च्याट बाट मात्र सम्भव छ,obstruction:ne:18,synthetic_v1,0,0,0,1,0,0,0,0
फोन कभर सट्टा अनुरोध लाइभ च्याट बाट मात्र हुन्छ,obstruction,obstruction,ne,div,modal_text,[TAG=div] [ROLE=modal_text] फोन कभर सट्टा अनुरोध लाइभ च्याट बाट मात्र हुन्छ,obstruction:ne:25,synthetic_v1,0,0,0,1,0,0,0,0
HamroBazar डाटा हटाउन हाम्रो WhatsApp नम्बर लाई लिखित अनुरोध पठाउनुहोस्,obstruction,obstruction,ne,p,help_text,[TAG=p] [ROLE=help_text] HamroBazar डाटा हटाउन हाम्रो WhatsApp नम्बर लाई लिखित अनुरोध पठाउनुहोस्,obstruction:ne:24,synthetic_v1,0,0,0,1,0,0,0,0
SastoDeal अर्डर रद्द गर्न हाम्रो Viber सपोर्ट मा सम्पर्क गर्नुहोस्,obstruction,obstruction,ne,a,support_link,[TAG=a] [ROLE=support_link] SastoDeal अर्डर रद्द गर्न हाम्रो Viber सपोर्ट मा सम्पर्क गर्नुहोस्,obstruction:ne:15,synthetic_v1,0,0,0,1,0,0,0,0
"To stop auto-renewal, contact our Facebook page within 4 days",obstruction,obstruction,en,div,modal_text,"[TAG=div] [ROLE=modal_text] To stop auto-renewal, contact our Facebook page within 4 days",obstruction:en:21,synthetic_v1,0,0,0,1,0,0,0,0
Returning protein powder? Please call live chat first,obstruction,obstruction,en,p,help_text,[TAG=p] [ROLE=help_text] Returning protein powder? Please call live chat first,obstruction:en:22,synthetic_v1,0,0,0,1,0,0,0,0
OkDam खाता बंद करने के लिए हमारा ईमेल डेस्क को लिखें,obstruction,obstruction,hi,a,support_link,[TAG=a] [ROLE=support_link] OkDam खाता बंद करने के लिए हमारा ईमेल डेस्क को लिखें,obstruction:hi:17,synthetic_v1,0,0,0,1,0,0,0,0
Reach our email desk to remove sports sandals from your order,obstruction,obstruction,en,p,help_text,[TAG=p] [ROLE=help_text] Reach our email desk to remove sports sandals from your order,obstruction:en:19,synthetic_v1,0,0,0,1,0,0,0,0
OkDam पर सब्सक्रिप्शन बदलाव केवल हमारा Facebook पेज से संभव है,obstruction,obstruction,hi,div,modal_text,[TAG=div] [ROLE=modal_text] OkDam पर सब्सक्रिप्शन बदलाव केवल हमारा Facebook पेज से संभव है,obstruction:hi:18,synthetic_v1,0,0,0,1,0,0,0,0
Muncha cancellations require verification through our email desk,obstruction,obstruction,en,div,modal_text,[TAG=div] [ROLE=modal_text] Muncha cancellations require verification through our email desk,obstruction:en:20,synthetic_v1,0,0,0,1,0,0,0,0
JioMart रिफन्डका लागि हाम्रो Viber सपोर्ट को स्वीकृति चाहिन्छ,obstruction,obstruction,ne,p,help_text,[TAG=p] [ROLE=help_text] JioMart रिफन्डका लागि हाम्रो Viber सपोर्ट को स्वीकृति चाहिन्छ,obstruction:ne:23,synthetic_v1,0,0,0,1,0,0,0,0
Reliance Digital मा प्लस प्लान डाउनग्रेड गर्न हाम्रो WhatsApp नम्बर मा सम्पर्क गर्नुहोस्,obstruction,obstruction,ne,a,support_link,[TAG=a] [ROLE=support_link] Reliance Digital मा प्लस प्लान डाउनग्रेड गर्न हाम्रो WhatsApp नम्बर मा सम्पर्क गर्नुहोस्,obstruction:ne:26,synthetic_v1,0,0,0,1,0,0,0,0
Snapdeal ऑर्डर रद्द करने के लिए हमारा WhatsApp नंबर से संपर्क करें,obstruction,obstruction,hi,p,help_text,[TAG=p] [ROLE=help_text] Snapdeal ऑर्डर रद्द करने के लिए हमारा WhatsApp नंबर से संपर्क करें,obstruction:hi:15,synthetic_v1,0,0,0,1,0,0,0,0
एयर फ्रायर का रिफंड हमारा Facebook पेज के ज़रिये ही मांगें,obstruction,obstruction,hi,p,help_text,[TAG=p] [ROLE=help_text] एयर फ्रायर का रिफंड हमारा Facebook पेज के ज़रिये ही मांगें,obstruction:hi:16,synthetic_v1,0,0,0,1,0,0,0,0
Snapdeal रद्दीकरण के लिए हमारा Facebook पेज से सत्यापन ज़रूरी है,obstruction,obstruction,hi,a,support_link,[TAG=a] [ROLE=support_link] Snapdeal रद्दीकरण के लिए हमारा Facebook पेज से सत्यापन ज़रूरी है,obstruction:hi:20,synthetic_v1,0,0,0,1,0,0,0,0
Nykaa cancellations require verification through our email desk,obstruction,obstruction,en,p,help_text,[TAG=p] [ROLE=help_text] Nykaa cancellations require verification through our email desk,obstruction:en:20,synthetic_v1,0,0,0,1,0,0,0,0
"To downgrade your Premium plan at Kinbech, contact our WhatsApp number",obstruction,obstruction,en,a,support_link,"[TAG=a] [ROLE=support_link] To downgrade your Premium plan at Kinbech, contact our WhatsApp number",obstruction:en:26,synthetic_v1,0,0,0,1,0,0,0,0
Blinkit डाटा हटाउन हाम्रो सपोर्ट नम्बर लाई लिखित अनुरोध पठाउनुहोस्,obstruction,obstruction,ne,p,help_text,[TAG=p] [ROLE=help_text] Blinkit डाटा हटाउन हाम्रो सपोर्ट नम्बर लाई लिखित अनुरोध पठाउनुहोस्,obstruction:ne:24,synthetic_v1,0,0,0,1,0,0,0,0
फर्मल सर्ट सट्टा अनुरोध हाम्रो Facebook पेज बाट मात्र हुन्छ,obstruction,obstruction,ne,a,support_link,[TAG=a] [ROLE=support_link] फर्मल सर्ट सट्टा अनुरोध हाम्रो Facebook पेज बाट मात्र हुन्छ,obstruction:ne:25,synthetic_v1,0,0,0,1,0,0,0,0
स्वतः नवीकरण बन्द गर्न 1 दिनभित्र हाम्रो Viber सपोर्ट मा सम्पर्क गर्नुहोस्,obstruction,obstruction,ne,a,support_link,[TAG=a] [ROLE=support_link] स्वतः नवीकरण बन्द गर्न 1 दिनभित्र हाम्रो Viber सपोर्ट मा सम्पर्क गर्नुहोस्,obstruction:ne:21,synthetic_v1,0,0,0,1,0,0,0,0
Pepperfry रद्दीकरण के लिए कॉल सेंटर से सत्यापन ज़रूरी है,obstruction,obstruction,hi,div,modal_text,[TAG=div] [ROLE=modal_text] Pepperfry रद्दीकरण के लिए कॉल सेंटर से सत्यापन ज़रूरी है,obstruction:hi:20,synthetic_v1,0,0,0,1,0,0,0,0
JioMart रिफंड के लिए हमारा ईमेल डेस्क की मंज़ूरी चाहिए,obstruction,obstruction,hi,a,support_link,[TAG=a] [ROLE=support_link] JioMart रिफंड के लिए हमारा ईमेल डेस्क की मंज़ूरी चाहिए,obstruction:hi:23,synthetic_v1,0,0,0,1,0,0,0,0
प्रोटीन पाउडर को ऑर्डर से हटाने के लिए हमारा WhatsApp नंबर से संपर्क करें,obstruction,obstruction,hi,p,help_text,[TAG=p] [ROLE=help_text] प्रोटीन पाउडर को ऑर्डर से हटाने के लिए हमारा WhatsApp नंबर से संपर्क करें,obstruction:hi:19,synthetic_v1,0,0,0,1,0,0,0,0
"To cancel your Ajio order, contact our Facebook page",obstruction,obstruction,en,div,modal_text,"[TAG=div] [ROLE=modal_text] To cancel your Ajio order, contact our Facebook page",obstruction:en:15,synthetic_v1,0,0,0,1,0,0,0,0
Muncha मा प्राइम प्लान डाउनग्रेड गर्न लाइभ च्याट मा सम्पर्क गर्नुहोस्,obstruction,obstruction,ne,div,modal_text,[TAG=div] [ROLE=modal_text] Muncha मा प्राइम प्लान डाउनग्रेड गर्न लाइभ च्याट मा सम्पर्क गर्नुहोस्,obstruction:ne:26,synthetic_v1,0,0,0,1,0,0,0,0
फोन कभर को रिफन्ड हाम्रो इमेल डेस्क मार्फत मात्र माग्नुहोस्,obstruction,obstruction,ne,div,modal_text,[TAG=div] [ROLE=modal_text] फोन कभर को रिफन्ड हाम्रो इमेल डेस्क मार्फत मात्र माग्नुहोस्,obstruction:ne:16,synthetic_v1,0,0,0,1,0,0,0,0
"To downgrade, submit a request from the Patna office portal",obstruction,obstruction,en,a,support_link,"[TAG=a] [ROLE=support_link] To downgrade, submit a request from the Patna office portal",obstruction:en:12,synthetic_v1,0,0,0,1,0,0,0,0
Returning running shoes? Please call our Facebook page first,obstruction,obstruction,en,div,modal_text,[TAG=div] [ROLE=modal_text] Returning running shoes? Please call our Facebook page first,obstruction:en:22,synthetic_v1,0,0,0,1,0,0,0,0
Refunds are processed only after 10 days of review,obstruction,obstruction,en,a,support_link,[TAG=a] [ROLE=support_link] Refunds are processed only after 10 days of review,obstruction:en:11,synthetic_v1,0,0,0,1,0,0,0,0
Ajio पर सब्सक्रिप्शन बदलाव केवल कॉल सेंटर से संभव है,obstruction,obstruction,hi,a,support_link,[TAG=a] [ROLE=support_link] Ajio पर सब्सक्रिप्शन बदलाव केवल कॉल सेंटर से संभव है,obstruction:hi:18,synthetic_v1,0,0,0,1,0,0,0,0
रिफंड के लिए 7 अतिरिक्त चरण पूरे करें,obstruction,obstruction,hi,div,modal_text,[TAG=div] [ROLE=modal_text] रिफंड के लिए 7 अतिरिक्त चरण पूरे करें,obstruction:hi:04,synthetic_v1,0,0,0,1,0,0,0,0
Nykaa डेटा हटाने के लिए हमारा Facebook पेज को लिखित अनुरोध भेजें,obstruction,obstruction,hi,a,support_link,[TAG=a] [ROLE=support_link] Nykaa डेटा हटाने के लिए हमारा Facebook पेज को लिखित अनुरोध भेजें,obstruction:hi:24,synthetic_v1,0,0,0,1,0,0,0,0
Myntra पर सब्सक्रिप्शन बदलाव केवल कॉल सेंटर से संभव है,obstruction,obstruction,hi,a,support_link,[TAG=a] [ROLE=support_link] Myntra पर सब्सक्रिप्शन बदलाव केवल कॉल सेंटर से संभव है,obstruction:hi:18,synthetic_v1,0,0,0,1,0,0,0,0
Reliance Digital मा प्रो प्लान डाउनग्रेड गर्न हाम्रो सपोर्ट नम्बर मा सम्पर्क गर्नुहोस्,obstruction,obstruction,ne,p,help_text,[TAG=p] [ROLE=help_text] Reliance Digital मा प्रो प्लान डाउनग्रेड गर्न हाम्रो सपोर्ट नम्बर मा सम्पर्क गर्नुहोस्,obstruction:ne:26,synthetic_v1,0,0,0,1,0,0,0,0
Refunds for coffee maker must be requested through live chat,obstruction,obstruction,en,a,support_link,[TAG=a] [ROLE=support_link] Refunds for coffee maker must be requested through live chat,obstruction:en:16,synthetic_v1,0,0,0,1,0,0,0,0
Your BigBasket refund needs approval from our Facebook page,obstruction,obstruction,en,p,help_text,[TAG=p] [ROLE=help_text] Your BigBasket refund needs approval from our Facebook page,obstruction:en:23,synthetic_v1,0,0,0,1,0,0,0,0
Zepto रिफंड के लिए हमारी हेल्पलाइन की मंज़ूरी चाहिए,obstruction,obstruction,hi,p,help_text,[TAG=p] [ROLE=help_text] Zepto रिफंड के लिए हमारी हेल्पलाइन की मंज़ूरी चाहिए,obstruction:hi:23,synthetic_v1,0,0,0,1,0,0,0,0
"To cancel your Reliance Digital order, contact our helpline",obstruction,obstruction,en,p,help_text,"[TAG=p] [ROLE=help_text] To cancel your Reliance Digital order, contact our helpline",obstruction:en:15,synthetic_v1,0,0,0,1,0,0,0,0
"To downgrade your Premium plan at Zepto, contact the call centre",obstruction,obstruction,en,div,modal_text,"[TAG=div] [ROLE=modal_text] To downgrade your Premium plan at Zepto, contact the call centre",obstruction:en:26,synthetic_v1,0,0,0,1,0,0,0,0
ट्रेकिङ ज्याकेट को रिफन्ड हाम्रो Viber सपोर्ट मार्फत मात्र माग्नुहोस्,obstruction,obstruction,ne,a,support_link,[TAG=a] [ROLE=support_link] ट्रेकिङ ज्याकेट को रिफन्ड हाम्रो Viber सपोर्ट मार्फत मात्र माग्नुहोस्,obstruction:ne:16,synthetic_v1,0,0,0,1,0,0,0,0
Deleting your Reliance Digital data requires a written request to our email desk,obstruction,obstruction,en,a,support_link,[TAG=a] [ROLE=support_link] Deleting your Reliance Digital data requires a written request to our email desk,obstruction:en:24,synthetic_v1,0,0,0,1,0,0,0,0
गेमिङ माउस को रिफन्ड लाइभ च्याट मार्फत मात्र माग्नुहोस्,obstruction,obstruction,ne,div,modal_text,[TAG=div] [ROLE=modal_text] गेमिङ माउस को रिफन्ड लाइभ च्याट मार्फत मात्र माग्नुहोस्,obstruction:ne:16,synthetic_v1,0,0,0,1,0,0,0,0
HamroBazar अर्डर रद्द गर्न हाम्रो Facebook पेज मा सम्पर्क गर्नुहोस्,obstruction,obstruction,ne,a,support_link,[TAG=a] [ROLE=support_link] HamroBazar अर्डर रद्द गर्न हाम्रो Facebook पेज मा सम्पर्क गर्नुहोस्,obstruction:ne:15,synthetic_v1,0,0,0,1,0,0,0,0
Refunds for protein powder must be requested through our email desk,obstruction,obstruction,en,div,modal_text,[TAG=div] [ROLE=modal_text] Refunds for protein powder must be requested through our email desk,obstruction:en:16,synthetic_v1,0,0,0,1,0,0,0,0
Tata Cliq मा प्रिमियम प्लान डाउनग्रेड गर्न हाम्रो Facebook पेज मा सम्पर्क गर्नुहोस्,obstruction,obstruction,ne,p,help_text,[TAG=p] [ROLE=help_text] Tata Cliq मा प्रिमियम प्लान डाउनग्रेड गर्न हाम्रो Facebook पेज मा सम्पर्क गर्नुहोस्,obstruction:ne:26,synthetic_v1,0,0,0,1,0,0,0,0
Subscription changes at Nykaa are only possible via live chat,obstruction,obstruction,en,div,modal_text,[TAG=div] [ROLE=modal_text] Subscription changes at Nykaa are only possible via live chat,obstruction:en:18,synthetic_v1,0,0,0,1,0,0,0,0
hair dryer exchange requests go through our Viber support only,obstruction,obstruction,en,a,support_link,[TAG=a] [ROLE=support_link] hair dryer exchange requests go through our Viber support only,obstruction:en:25,synthetic_v1,0,0,0,1,0,0,0,0
Returning hair dryer? Please call our WhatsApp number first,obstruction,obstruction,en,a,support_link,[TAG=a] [ROLE=support_link] Returning hair dryer? Please call our WhatsApp number first,obstruction:en:22,synthetic_v1,0,0,0,1,0,0,0,0
OkDam खाता बन्द गर्न हाम्रो Viber सपोर्ट लाई लेख्नुहोस्,obstruction,obstruction,ne,a,support_link,[TAG=a] [ROLE=support_link] OkDam खाता बन्द गर्न हाम्रो Viber सपोर्ट लाई लेख्नुहोस्,obstruction:ne:17,synthetic_v1,0,0,0,1,0,0,0,0
"To close your Snapdeal account, write to our Facebook page",obstruction,obstruction,en,p,help_text,"[TAG=p] [ROLE=help_text] To close your Snapdeal account, write to our Facebook page",obstruction:en:17,synthetic_v1,0,0,0,1,0,0,0,0
Myntra मा सदस्यता परिवर्तन लाइभ च्याट बाट मात्र सम्भव छ,obstruction,obstruction,ne,p,help_text,[TAG=p] [ROLE=help_text] Myntra मा सदस्यता परिवर्तन लाइभ च्याट बाट मात्र सम्भव छ,obstruction:ne:18,synthetic_v1,0,0,0,1,0,0,0,0
Subscription changes at SastoDeal are only possible via our Viber support,obstruction,obstruction,en,div,modal_text,[TAG=div] [ROLE=modal_text] Subscription changes at SastoDeal are only possible via our Viber support,obstruction:en:18,synthetic_v1,0,0,0,1,0,0,0,0
रिफन्डका लागि 8 थप चरण पूरा गर्नुहोस्,obstruction,obstruction,ne,a,support_link,[TAG=a] [ROLE=support_link] रिफन्डका लागि 8 थप चरण पूरा गर्नुहोस्,obstruction:ne:04,synthetic_v1,0,0,0,1,0,0,0,0
JioMart अर्डर रद्द गर्न कल सेन्टर मा सम्पर्क गर्नुहोस्,obstruction,obstruction,ne,div,modal_text,[TAG=div] [ROLE=modal_text] JioMart अर्डर रद्द गर्न कल सेन्टर मा सम्पर्क गर्नुहोस्,obstruction:ne:15,synthetic_v1,0,0,0,1,0,0,0,0
Return requests must be raised by phone within 9 days,obstruction,obstruction,en,a,support_link,[TAG=a] [ROLE=support_link] Return requests must be raised by phone within 9 days,obstruction:en:13,synthetic_v1,0,0,0,1,0,0,0,0
Your Ajio refund needs approval from our WhatsApp number,obstruction,obstruction,en,div,modal_text,[TAG=div] [ROLE=modal_text] Your Ajio refund needs approval from our WhatsApp number,obstruction:en:23,synthetic_v1,0,0,0,1,0,0,0,0
एयर फ्रायर का रिफंड हमारा Viber सपोर्ट के ज़रिये ही मांगें,obstruction,obstruction,hi,div,modal_text,[TAG=div] [ROLE=modal_text] एयर फ्रायर का रिफंड हमारा Viber सपोर्ट के ज़रिये ही मांगें,obstruction:hi:16,synthetic_v1,0,0,0,1,0,0,0,0
Reliance Digital मा सदस्यता परिवर्तन कल सेन्टर बाट मात्र सम्भव छ,obstruction,obstruction,ne,a,support_link,[TAG=a] [ROLE=support_link] Reliance Digital मा सदस्यता परिवर्तन कल सेन्टर बाट मात्र सम्भव छ,obstruction:ne:18,synthetic_v1,0,0,0,1,0,0,0,0
अफिस कुर्सी फिर्ता गर्नु छ? पहिले हाम्रो हेल्पलाइन मा फोन गर्नुहोस्,obstruction,obstruction,ne,a,support_link,[TAG=a] [ROLE=support_link] अफिस कुर्सी फिर्ता गर्नु छ? पहिले हाम्रो हेल्पलाइन मा फोन गर्नुहोस्,obstruction:ne:22,synthetic_v1,0,0,0,1,0,0,0,0
अफिस कुर्सी अर्डरबाट हटाउन हाम्रो हेल्पलाइन मा सम्पर्क गर्नुहोस्,obstruction,obstruction,ne,p,help_text,[TAG=p] [ROLE=help_text] अफिस कुर्सी अर्डरबाट हटाउन हाम्रो हेल्पलाइन मा सम्पर्क गर्नुहोस्,obstruction:ne:19,synthetic_v1,0,0,0,1,0,0,0,0
yoga mat exchange requests go through the call centre only,obstruction,obstruction,en,a,support_link,[TAG=a] [ROLE=support_link] yoga mat exchange requests go through the call centre only,obstruction:en:25,synthetic_v1,0,0,0,1,0,0,0,0
ब्लूटूथ स्पीकर एक्सचेंज अनुरोध केवल हमारा Facebook पेज से होगा,obstruction,obstruction,hi,a,support_link,[TAG=a] [ROLE=support_link] ब्लूटूथ स्पीकर एक्सचेंज अनुरोध केवल हमारा Facebook पेज से होगा,obstruction:hi:25,synthetic_v1,0,0,0,1,0,0,0,0
Returning running shoes? Please call our support line first,obstruction,obstruction,en,div,modal_text,[TAG=div] [ROLE=modal_text] Returning running shoes? Please call our support line first,obstruction:en:22,synthetic_v1,0,0,0,1,0,0,0,0
इन्डक्सन चुल्हो अर्डरबाट हटाउन हाम्रो इमेल डेस्क मा सम्पर्क गर्नुहोस्,obstruction,obstruction,ne,div,modal_text,[TAG=div] [ROLE=modal_text] इन्डक्सन चुल्हो अर्डरबाट हटाउन हाम्रो इमेल डेस्क मा सम्पर्क गर्नुहोस्,obstruction:ne:19,synthetic_v1,0,0,0,1,0,0,0,0
"To stop auto-renewal, contact the call centre within 2 days",obstruction,obstruction,en,div,modal_text,"[TAG=div] [ROLE=modal_text] To stop auto-renewal, contact the call centre within 2 days",obstruction:en:21,synthetic_v1,0,0,0,1,0,0,0,0
Muncha खाता बन्द गर्न हाम्रो इमेल डेस्क लाई लेख्नुहोस्,obstruction,obstruction,ne,a,support_link,[TAG=a] [ROLE=support_link] Muncha खाता बन्द गर्न हाम्रो इमेल डेस्क लाई लेख्नुहोस्,obstruction:ne:17,synthetic_v1,0,0,0,1,0,0,0,0
"To cancel your Myntra order, contact our email desk",obstruction,obstruction,en,p,help_text,"[TAG=p] [ROLE=help_text] To cancel your Myntra order, contact our email desk",obstruction:en:15,synthetic_v1,0,0,0,1,0,0,0,0
"To downgrade, submit a request from the Hyderabad office portal",obstruction,obstruction,en,a,support_link,"[TAG=a] [ROLE=support_link] To downgrade, submit a request from the Hyderabad office portal",obstruction:en:12,synthetic_v1,0,0,0,1,0,0,0,0
अफिस कुर्सी सट्टा अनुरोध कल सेन्टर बाट मात्र हुन्छ,obstruction,obstruction,ne,p,help_text,[TAG=p] [ROLE=help_text] अफिस कुर्सी सट्टा अनुरोध कल सेन्टर बाट मात्र हुन्छ,obstruction:ne:25,synthetic_v1,0,0,0,1,0,0,0,0
Nykaa खाता बंद करने के लिए हमारा Viber सपोर्ट को लिखें,obstruction,obstruction,hi,a,support_link,[TAG=a] [ROLE=support_link] Nykaa खाता बंद करने के लिए हमारा Viber सपोर्ट को लिखें,obstruction:hi:17,synthetic_v1,0,0,0,1,0,0,0,0
"To cancel your Thulo order, contact live chat",obstruction,obstruction,en,a,support_link,"[TAG=a] [ROLE=support_link] To cancel your Thulo order, contact live chat",obstruction:en:15,synthetic_v1,0,0,0,1,0,0,0,0
प्रोटीन पाउडर एक्सचेंज अनुरोध केवल हमारा ईमेल डेस्क से होगा,obstruction,obstruction,hi,div,modal_text,[TAG=div] [ROLE=modal_text] प्रोटीन पाउडर एक्सचेंज अनुरोध केवल हमारा ईमेल डेस्क से होगा,obstruction:hi:25,synthetic_v1,0,0,0,1,0,0,0,0
पानीको बोतल फिर्ता गर्नु छ? पहिले कल सेन्टर मा फोन गर्नुहोस्,obstruction,obstruction,ne,a,support_link,[TAG=a] [ROLE=support_link] पानीको बोतल फिर्ता गर्नु छ? पहिले कल सेन्टर मा फोन गर्नुहोस्,obstruction:ne:22,synthetic_v1,0,0,0,1,0,0,0,0
"To stop auto-renewal, contact our support line within 7 days",obstruction,obstruction,en,a,support_link,"[TAG=a] [ROLE=support_link] To stop auto-renewal, contact our support line within 7 days",obstruction:en:21,synthetic_v1,0,0,0,1,0,0,0,0
HamroBazar cancellations require verification through our Facebook page,obstruction,obstruction,en,div,modal_text,[TAG=div] [ROLE=modal_text] HamroBazar cancellations require verification through our Facebook page,obstruction:en:20,synthetic_v1,0,0,0,1,0,0,0,0
SastoDeal पर प्राइम प्लान डाउनग्रेड करने के लिए हमारा WhatsApp नंबर से संपर्क करें,obstruction,obstruction,hi,div,modal_text,[TAG=div] [ROLE=modal_text] SastoDeal पर प्राइम प्लान डाउनग्रेड करने के लिए हमारा WhatsApp नंबर से संपर्क करें,obstruction:hi:26,synthetic_v1,0,0,0,1,0,0,0,0
ल्यापटप ब्याग को रिफन्ड हाम्रो हेल्पलाइन मार्फत मात्र माग्नुहोस्,obstruction,obstruction,ne,div,modal_text,[TAG=div] [ROLE=modal_text] ल्यापटप ब्याग को रिफन्ड हाम्रो हेल्पलाइन मार्फत मात्र माग्नुहोस्,obstruction:ne:16,synthetic_v1,0,0,0,1,0,0,0,0
Salesberry ऑर्डर रद्द करने के लिए हमारा सपोर्ट नंबर से संपर्क करें,obstruction,obstruction,hi,div,modal_text,[TAG=div] [ROLE=modal_text] Salesberry ऑर्डर रद्द करने के लिए हमारा सपोर्ट नंबर से संपर्क करें,obstruction:hi:15,synthetic_v1,0,0,0,1,0,0,0,0
"To close your Reliance Digital account, write to our Viber support",obstruction,obstruction,en,div,modal_text,"[TAG=div] [ROLE=modal_text] To close your Reliance Digital account, write to our Viber support",obstruction:en:17,synthetic_v1,0,0,0,1,0,0,0,0
Pepperfry रद्दीकरण के लिए लाइव चैट से सत्यापन ज़रूरी है,obstruction,obstruction,hi,a,support_link,[TAG=a] [ROLE=support_link] Pepperfry रद्दीकरण के लिए लाइव चैट से सत्यापन ज़रूरी है,obstruction:hi:20,synthetic_v1,0,0,0,1,0,0,0,0
Blinkit ऑर्डर रद्द करने के लिए कॉल सेंटर से संपर्क करें,obstruction,obstruction,hi,p,help_text,[TAG=p] [ROLE=help_text] Blinkit ऑर्डर रद्द करने के लिए कॉल सेंटर से संपर्क करें,obstruction:hi:15,synthetic_v1,0,0,0,1,0,0,0,0
Reach the call centre to remove sunglasses from your order,obstruction,obstruction,en,p,help_text,[TAG=p] [ROLE=help_text] Reach the call centre to remove sunglasses from your order,obstruction:en:19,synthetic_v1,0,0,0,1,0,0,0,0
लैपटॉप बैग का रिफंड हमारा WhatsApp नंबर के ज़रिये ही मांगें,obstruction,obstruction,hi,div,modal_text,[TAG=div] [ROLE=modal_text] लैपटॉप बैग का रिफंड हमारा WhatsApp नंबर के ज़रिये ही मांगें,obstruction:hi:16,synthetic_v1,0,0,0,1,0,0,0,0
Your Lenskart refund needs approval from our helpline,obstruction,obstruction,en,p,help_text,[TAG=p] [ROLE=help_text] Your Lenskart refund needs approval from our helpline,obstruction:en:23,synthetic_v1,0,0,0,1,0,0,0,0
Nykaa पर सब्सक्रिप्शन बदलाव केवल कॉल सेंटर से संभव है,obstruction,obstruction,hi,a,support_link,[TAG=a] [ROLE=support_link] Nykaa पर सब्सक्रिप्शन बदलाव केवल कॉल सेंटर से संभव है,obstruction:hi:18,synthetic_v1,0,0,0,1,0,0,0,0
स्वतः नवीकरण बन्द गर्न 7 दिनभित्र हाम्रो सपोर्ट नम्बर मा सम्पर्क गर्नुहोस्,obstruction,obstruction,ne,p,help_text,[TAG=p] [ROLE=help_text] स्वतः नवीकरण बन्द गर्न 7 दिनभित्र हाम्रो सपोर्ट नम्बर मा सम्पर्क गर्नुहोस्,obstruction:ne:21,synthetic_v1,0,0,0,1,0,0,0,0
स्टडी लैंप लौटाना है? पहले हमारा WhatsApp नंबर पर कॉल करें,obstruction,obstruction,hi,div,modal_text,[TAG=div] [ROLE=modal_text] स्टडी लैंप लौटाना है? पहले हमारा WhatsApp नंबर पर कॉल करें,obstruction:hi:22,synthetic_v1,0,0,0,1,0,0,0,0
Muncha रिफन्डका लागि हाम्रो Viber सपोर्ट को स्वीकृति चाहिन्छ,obstruction,obstruction,ne,div,modal_text,[TAG=div] [ROLE=modal_text] Muncha रिफन्डका लागि हाम्रो Viber सपोर्ट को स्वीकृति चाहिन्छ,obstruction:ne:23,synthetic_v1,0,0,0,1,0,0,0,0
कॉटन कुर्ता एक्सचेंज अनुरोध केवल कॉल सेंटर से होगा,obstruction,obstruction,hi,a,support_link,[TAG=a] [ROLE=support_link] कॉटन कुर्ता एक्सचेंज अनुरोध केवल कॉल सेंटर से होगा,obstruction:hi:25,synthetic_v1,0,0,0,1,0,0,0,0
"To close your Blinkit account, write to live chat",obstruction,obstruction,en,a,support_link,"[TAG=a] [ROLE=support_link] To close your Blinkit account, write to live chat",obstruction:en:17,synthetic_v1,0,0,0,1,0,0,0,0
Nykaa डाटा हटाउन हाम्रो Viber सपोर्ट लाई लिखित अनुरोध पठाउनुहोस्,obstruction,obstruction,ne,p,help_text,[TAG=p] [ROLE=help_text] Nykaa डाटा हटाउन हाम्रो Viber सपोर्ट लाई लिखित अनुरोध पठाउनुहोस्,obstruction:ne:24,synthetic_v1,0,0,0,1,0,0,0,0
Thulo cancellations require verification through the call centre,obstruction,obstruction,en,a,support_link,[TAG=a] [ROLE=support_link] Thulo cancellations require verification through the call centre,obstruction:en:20,synthetic_v1,0,0,0,1,0,0,0,0
"To cancel your Daraz order, contact our helpline",obstruction,obstruction,en,p,help_text,"[TAG=p] [ROLE=help_text] To cancel your Daraz order, contact our helpline",obstruction:en:15,synthetic_v1,0,0,0,1,0,0,0,0
Reliance Digital पर गोल्ड प्लान डाउनग्रेड करने के लिए हमारी हेल्पलाइन से संपर्क करें,obstruction,obstruction,hi,div,modal_text,[TAG=div] [ROLE=modal_text] Reliance Digital पर गोल्ड प्लान डाउनग्रेड करने के लिए हमारी हेल्पलाइन से संपर्क करें,obstruction:hi:26,synthetic_v1,0,0,0,1,0,0,0,0
"To downgrade your Gold plan at Ajio, contact live chat",obstruction,obstruction,en,div,modal_text,"[TAG=div] [ROLE=modal_text] To downgrade your Gold plan at Ajio, contact live chat",obstruction:en:26,synthetic_v1,0,0,0,1,0,0,0,0
Deleting your Tata Cliq data requires a written request to live chat,obstruction,obstruction,en,a,support_link,[TAG=a] [ROLE=support_link] Deleting your Tata Cliq data requires a written request to live chat,obstruction:en:24,synthetic_v1,0,0,0,1,0,0,0,0
FirstCry रिफंड के लिए हमारा ईमेल डेस्क की मंज़ूरी चाहिए,obstruction,obstruction,hi,p,help_text,[TAG=p] [ROLE=help_text] FirstCry रिफंड के लिए हमारा ईमेल डेस्क की मंज़ूरी चाहिए,obstruction:hi:23,synthetic_v1,0,0,0,1,0,0,0,0
Snapdeal ऑर्डर रद्द करने के लिए हमारा Facebook पेज से संपर्क करें,obstruction,obstruction,hi,p,help_text,[TAG=p] [ROLE=help_text] Snapdeal ऑर्डर रद्द करने के लिए हमारा Facebook पेज से संपर्क करें,obstruction:hi:15,synthetic_v1,0,0,0,1,0,0,0,0
Nykaa रिफंड के लिए हमारा WhatsApp नंबर की मंज़ूरी चाहिए,obstruction,obstruction,hi,a,support_link,[TAG=a] [ROLE=support_link] Nykaa रिफंड के लिए हमारा WhatsApp नंबर की मंज़ूरी चाहिए,obstruction:hi:23,synthetic_v1,0,0,0,1,0,0,0,0
Meesho रद्दीकरणका लागि हाम्रो सपोर्ट नम्बर बाट प्रमाणीकरण आवश्यक छ,obstruction,obstruction,ne,a,support_link,[TAG=a] [ROLE=support_link] Meesho रद्दीकरणका लागि हाम्रो सपोर्ट नम्बर बाट प्रमाणीकरण आवश्यक छ,obstruction:ne:20,synthetic_v1,0,0,0,1,0,0,0,0
JioMart रिफंड के लिए हमारा WhatsApp नंबर की मंज़ूरी चाहिए,obstruction,obstruction,hi,div,modal_text,[TAG=div] [ROLE=modal_text] JioMart रिफंड के लिए हमारा WhatsApp नंबर की मंज़ूरी चाहिए,obstruction:hi:23,synthetic_v1,0,0,0,1,0,0,0,0
पक्का हो? रद्द गर्न चरण 12 मा जानुहोस्,obstruction,obstruction,ne,p,help_text,[TAG=p] [ROLE=help_text] पक्का हो? रद्द गर्न चरण 12 मा जानुहोस्,obstruction:ne:10,synthetic_v1,0,0,0,1,0,0,0,0
Tata Cliq मा सदस्यता परिवर्तन हाम्रो सपोर्ट नम्बर बाट मात्र सम्भव छ,obstruction,obstruction,ne,div,modal_text,[TAG=div] [ROLE=modal_text] Tata Cliq मा सदस्यता परिवर्तन हाम्रो सपोर्ट नम्बर बाट मात्र सम्भव छ,obstruction:ne:18,synthetic_v1,0,0,0,1,0,0,0,0
ऑटो-रिन्यूअल बंद करने के लिए 7 दिन में हमारा Viber सपोर्ट से संपर्क करें,obstruction,obstruction,hi,p,help_text,[TAG=p] [ROLE=help_text] ऑटो-रिन्यूअल बंद करने के लिए 7 दिन में हमारा Viber सपोर्ट से संपर्क करें,obstruction:hi:21,synthetic_v1,0,0,0,1,0,0,0,0
Thulo खाता बन्द गर्न हाम्रो सपोर्ट नम्बर लाई लेख्नुहोस्,obstruction,obstruction,ne,a,support_link,[TAG=a] [ROLE=support_link] Thulo खाता बन्द गर्न हाम्रो सपोर्ट नम्बर लाई लेख्नुहोस्,obstruction:ne:17,synthetic_v1,0,0,0,1,0,0,0,0
"To downgrade your Pro plan at Blinkit, contact our Facebook page",obstruction,obstruction,en,p,help_text,"[TAG=p] [ROLE=help_text] To downgrade your Pro plan at Blinkit, contact our Facebook page",obstruction:en:26,synthetic_v1,0,0,0,1,0,0,0,0
Pepperfry अर्डर रद्द गर्न लाइभ च्याट मा सम्पर्क गर्नुहोस्,obstruction,obstruction,ne,a,support_link,[TAG=a] [ROLE=support_link] Pepperfry अर्डर रद्द गर्न लाइभ च्याट मा सम्पर्क गर्नुहोस्,obstruction:ne:15,synthetic_v1,0,0,0,1,0,0,0,0
"To close your Blinkit account, write to our WhatsApp number",obstruction,obstruction,en,a,support_link,"[TAG=a] [ROLE=support_link] To close your Blinkit account, write to our WhatsApp number",obstruction:en:17,synthetic_v1,0,0,0,1,0,0,0,0
Daraz ऑर्डर रद्द करने के लिए हमारा Viber सपोर्ट से संपर्क करें,obstruction,obstruction,hi,p,help_text,[TAG=p] [ROLE=help_text] Daraz ऑर्डर रद्द करने के लिए हमारा Viber सपोर्ट से संपर्क करें,obstruction:hi:15,synthetic_v1,0,0,0,1,0,0,0,0
Ajio खाता बंद करने के लिए हमारा सपोर्ट नंबर को लिखें,obstruction,obstruction,hi,div,modal_text,[TAG=div] [ROLE=modal_text] Ajio खाता बंद करने के लिए हमारा सपोर्ट नंबर को लिखें,obstruction:hi:17,synthetic_v1,0,0,0,1,0,0,0,0
इन्डक्सन चुल्हो को रिफन्ड हाम्रो सपोर्ट नम्बर मार्फत मात्र माग्नुहोस्,obstruction,obstruction,ne,a,support_link,[TAG=a] [ROLE=support_link] इन्डक्सन चुल्हो को रिफन्ड हाम्रो सपोर्ट नम्बर मार्फत मात्र माग्नुहोस्,obstruction:ne:16,synthetic_v1,0,0,0,1,0,0,0,0
Gyapu पर सब्सक्रिप्शन बदलाव केवल हमारा सपोर्ट नंबर से संभव है,obstruction,obstruction,hi,div,modal_text,[TAG=div] [ROLE=modal_text] Gyapu पर सब्सक्रिप्शन बदलाव केवल हमारा सपोर्ट नंबर से संभव है,obstruction:hi:18,synthetic_v1,0,0,0,1,0,0,0,0
Refunds for power bank must be requested through our helpline,obstruction,obstruction,en,a,support_link,[TAG=a] [ROLE=support_link] Refunds for power bank must be requested through our helpline,obstruction:en:16,synthetic_v1,0,0,0,1,0,0,0,0
प्रोटिन पाउडर को रिफन्ड हाम्रो WhatsApp नम्बर मार्फत मात्र माग्नुहोस्,obstruction,obstruction,ne,a,support_link,[TAG=a] [ROLE=support_link] प्रोटिन पाउडर को रिफन्ड हाम्रो WhatsApp नम्बर मार्फत मात्र माग्नुहोस्,obstruction:ne:16,synthetic_v1,0,0,0,1,0,0,0,0
कटन कुर्ता सट्टा अनुरोध लाइभ च्याट बाट मात्र हुन्छ,obstruction,obstruction,ne,div,modal_text,[TAG=div] [ROLE=modal_text] कटन कुर्ता सट्टा अनुरोध लाइभ च्याट बाट मात्र हुन्छ,obstruction:ne:25,synthetic_v1,0,0,0,1,0,0,0,0
Meesho रद्दीकरण के लिए हमारा ईमेल डेस्क से सत्यापन ज़रूरी है,obstruction,obstruction,hi,a,support_link,[TAG=a] [ROLE=support_link] Meesho रद्दीकरण के लिए हमारा ईमेल डेस्क से सत्यापन ज़रूरी है,obstruction:hi:20,synthetic_v1,0,0,0,1,0,0,0,0
HamroBazar खाता बन्द गर्न कल सेन्टर लाई लेख्नुहोस्,obstruction,obstruction,ne,a,support_link,[TAG=a] [ROLE=support_link] HamroBazar खाता बन्द गर्न कल सेन्टर लाई लेख्नुहोस्,obstruction:ne:17,synthetic_v1,0,0,0,1,0,0,0,0
Reliance Digital रद्दीकरण के लिए हमारा ईमेल डेस्क से सत्यापन ज़रूरी है,obstruction,obstruction,hi,a,support_link,[TAG=a] [ROLE=support_link] Reliance Digital रद्दीकरण के लिए हमारा ईमेल डेस्क से सत्यापन ज़रूरी है,obstruction:hi:20,synthetic_v1,0,0,0,1,0,0,0,0
Reach our WhatsApp number to remove smartwatch from your order,obstruction,obstruction,en,p,help_text,[TAG=p] [ROLE=help_text] Reach our WhatsApp number to remove smartwatch from your order,obstruction:en:19,synthetic_v1,0,0,0,1,0,0,0,0
Salesberry रद्दीकरणका लागि हाम्रो WhatsApp नम्बर बाट प्रमाणीकरण आवश्यक छ,obstruction,obstruction,ne,div,modal_text,[TAG=div] [ROLE=modal_text] Salesberry रद्दीकरणका लागि हाम्रो WhatsApp नम्बर बाट प्रमाणीकरण आवश्यक छ,obstruction:ne:20,synthetic_v1,0,0,0,1,0,0,0,0
रिफन्डका लागि 10 थप चरण पूरा गर्नुहोस्,obstruction,obstruction,ne,div,modal_text,[TAG=div] [ROLE=modal_text] रिफन्डका लागि 10 थप चरण पूरा गर्नुहोस्,obstruction:ne:04,synthetic_v1,0,0,0,1,0,0,0,0
Your Snapdeal refund needs approval from our WhatsApp number,obstruction,obstruction,en,p,help_text,[TAG=p] [ROLE=help_text] Your Snapdeal refund needs approval from our WhatsApp number,obstruction:en:23,synthetic_v1,0,0,0,1,0,0,0,0
फिर्ता अनुरोध 9 दिनभित्र फोनबाट गर्नुपर्छ,obstruction,obstruction,ne,p,help_text,[TAG=p] [ROLE=help_text] फिर्ता अनुरोध 9 दिनभित्र फोनबाट गर्नुपर्छ,obstruction:ne:13,synthetic_v1,0,0,0,1,0,0,0,0
SastoDeal खाता बन्द गर्न हाम्रो सपोर्ट नम्बर लाई लेख्नुहोस्,obstruction,obstruction,ne,p,help_text,[TAG=p] [ROLE=help_text] SastoDeal खाता बन्द गर्न हाम्रो सपोर्ट नम्बर लाई लेख्नुहोस्,obstruction:ne:17,synthetic_v1,0,0,0,1,0,0,0,0
स्पोर्ट्स सैंडल एक्सचेंज अनुरोध केवल हमारा सपोर्ट नंबर से होगा,obstruction,obstruction,hi,p,help_text,[TAG=p] [ROLE=help_text] स्पोर्ट्स सैंडल एक्सचेंज अनुरोध केवल हमारा सपोर्ट नंबर से होगा,obstruction:hi:25,synthetic_v1,0,0,0,1,0,0,0,0
स्वतः नवीकरण बन्द गर्न 5 दिनभित्र हाम्रो इमेल डेस्क मा सम्पर्क गर्नुहोस्,obstruction,obstruction,ne,div,modal_text,[TAG=div] [ROLE=modal_text] स्वतः नवीकरण बन्द गर्न 5 दिनभित्र हाम्रो इमेल डेस्क मा सम्पर्क गर्नुहोस्,obstruction:ne:21,synthetic_v1,0,0,0,1,0,0,0,0
स्कुल ब्याग सट्टा अनुरोध लाइभ च्याट बाट मात्र हुन्छ,obstruction,obstruction,ne,div,modal_text,[TAG=div] [ROLE=modal_text] स्कुल ब्याग सट्टा अनुरोध लाइभ च्याट बाट मात्र हुन्छ,obstruction:ne:25,synthetic_v1,0,0,0,1,0,0,0,0
Tata Cliq अर्डर रद्द गर्न कल सेन्टर मा सम्पर्क गर्नुहोस्,obstruction,obstruction,ne,p,help_text,[TAG=p] [ROLE=help_text] Tata Cliq अर्डर रद्द गर्न कल सेन्टर मा सम्पर्क गर्नुहोस्,obstruction:ne:15,synthetic_v1,0,0,0,1,0,0,0,0
ऑटो-रिन्यूअल बंद करने के लिए 12 दिन में हमारी हेल्पलाइन से संपर्क करें,obstruction,obstruction,hi,div,modal_text,[TAG=div] [ROLE=modal_text] ऑटो-रिन्यूअल बंद करने के लिए 12 दिन में हमारी हेल्पलाइन से संपर्क करें,obstruction:hi:21,synthetic_v1,0,0,0,1,0,0,0,0
Snapdeal रद्दीकरणका लागि हाम्रो Facebook पेज बाट प्रमाणीकरण आवश्यक छ,obstruction,obstruction,ne,a,support_link,[TAG=a] [ROLE=support_link] Snapdeal रद्दीकरणका लागि हाम्रो Facebook पेज बाट प्रमाणीकरण आवश्यक छ,obstruction:ne:20,synthetic_v1,0,0,0,1,0,0,0,0
वायरलेस इयरबड्स फिर्ता गर्नु छ? पहिले हाम्रो Facebook पेज मा फोन गर्नुहोस्,obstruction,obstruction,ne,p,help_text,[TAG=p] [ROLE=help_text] वायरलेस इयरबड्स फिर्ता गर्नु छ? पहिले हाम्रो Facebook पेज मा फोन गर्नुहोस्,obstruction:ne:22,synthetic_v1,0,0,0,1,0,0,0,0
Muncha पर प्राइम प्लान डाउनग्रेड करने के लिए लाइव चैट से संपर्क करें,obstruction,obstruction,hi,a,support_link,[TAG=a] [ROLE=support_link] Muncha पर प्राइम प्लान डाउनग्रेड करने के लिए लाइव चैट से संपर्क करें,obstruction:hi:26,synthetic_v1,0,0,0,1,0,0,0,0
एयर फ्रायर को ऑर्डर से हटाने के लिए हमारी हेल्पलाइन से संपर्क करें,obstruction,obstruction,hi,div,modal_text,[TAG=div] [ROLE=modal_text] एयर फ्रायर को ऑर्डर से हटाने के लिए हमारी हेल्पलाइन से संपर्क करें,obstruction:hi:19,synthetic_v1,0,0,0,1,0,0,0,0
एयर फ्रायर को रिफन्ड हाम्रो Facebook पेज मार्फत मात्र माग्नुहोस्,obstruction,obstruction,ne,p,help_text,[TAG=p] [ROLE=help_text] एयर फ्रायर को रिफन्ड हाम्रो Facebook पेज मार्फत मात्र माग्नुहोस्,obstruction:ne:16,synthetic_v1,0,0,0,1,0,0,0,0
Deleting your Muncha data requires a written request to live chat,obstruction,obstruction,en,div,modal_text,[TAG=div] [ROLE=modal_text] Deleting your Muncha data requires a written request to live chat,obstruction:en:24,synthetic_v1,0,0,0,1,0,0,0,0
"To cancel your Gyapu order, contact live chat",obstruction,obstruction,en,div,modal_text,"[TAG=div] [ROLE=modal_text] To cancel your Gyapu order, contact live chat",obstruction:en:15,synthetic_v1,0,0,0,1,0,0,0,0
Your Meesho refund needs approval from our helpline,obstruction,obstruction,en,div,modal_text,[TAG=div] [ROLE=modal_text] Your Meesho refund needs approval from our helpline,obstruction:en:23,synthetic_v1,0,0,0,1,0,0,0,0
Subscription changes at Meesho are only possible via our Viber support,obstruction,obstruction,en,a,support_link,[TAG=a] [ROLE=support_link] Subscription changes at Meesho are only possible via our Viber support,obstruction:en:18,synthetic_v1,0,0,0,1,0,0,0,0
Reach our WhatsApp number to remove power bank from your order,obstruction,obstruction,en,div,modal_text,[TAG=div] [ROLE=modal_text] Reach our WhatsApp number to remove power bank from your order,obstruction:en:19,synthetic_v1,0,0,0,1,0,0,0,0
Refunds for coffee maker must be requested through our Facebook page,obstruction,obstruction,en,div,modal_text,[TAG=div] [ROLE=modal_text] Refunds for coffee maker must be requested through our Facebook page,obstruction:en:16,synthetic_v1,0,0,0,1,0,0,0,0
HamroBazar डेटा हटाने के लिए हमारा सपोर्ट नंबर को लिखित अनुरोध भेजें,obstruction,obstruction,hi,a,support_link,[TAG=a] [ROLE=support_link] HamroBazar डेटा हटाने के लिए हमारा सपोर्ट नंबर को लिखित अनुरोध भेजें,obstruction:hi:24,synthetic_v1,0,0,0,1,0,0,0,0
Your Croma refund needs approval from our Viber support,obstruction,obstruction,en,div,modal_text,[TAG=div] [ROLE=modal_text] Your Croma refund needs approval from our Viber support,obstruction:en:23,synthetic_v1,0,0,0,1,0,0,0,0
OkDam मा सदस्यता परिवर्तन हाम्रो Facebook पेज बाट मात्र सम्भव छ,obstruction,obstruction,ne,p,help_text,[TAG=p] [ROLE=help_text] OkDam मा सदस्यता परिवर्तन हाम्रो Facebook पेज बाट मात्र सम्भव छ,obstruction:ne:18,synthetic_v1,0,0,0,1,0,0,0,0
Myntra रद्दीकरण के लिए हमारा Viber सपोर्ट से सत्यापन ज़रूरी है,obstruction,obstruction,hi,a,support_link,[TAG=a] [ROLE=support_link] Myntra रद्दीकरण के लिए हमारा Viber सपोर्ट से सत्यापन ज़रूरी है,obstruction:hi:20,synthetic_v1,0,0,0,1,0,0,0,0
योगा म्याट अर्डरबाट हटाउन हाम्रो सपोर्ट नम्बर मा सम्पर्क गर्नुहोस्,obstruction,obstruction,ne,div,modal_text,[TAG=div] [ROLE=modal_text] योगा म्याट अर्डरबाट हटाउन हाम्रो सपोर्ट नम्बर मा सम्पर्क गर्नुहोस्,obstruction:ne:19,synthetic_v1,0,0,0,1,0,0,0,0
इलेक्ट्रिक केतली सट्टा अनुरोध हाम्रो सपोर्ट नम्बर बाट मात्र हुन्छ,obstruction,obstruction,ne,p,help_text,[TAG=p] [ROLE=help_text] इलेक्ट्रिक केतली सट्टा अनुरोध हाम्रो सपोर्ट नम्बर बाट मात्र हुन्छ,obstruction:ne:25,synthetic_v1,0,0,0,1,0,0,0,0
डेनिम जिन्स फिर्ता गर्नु छ? पहिले हाम्रो Viber सपोर्ट मा फोन गर्नुहोस्,obstruction,obstruction,ne,p,help_text,[TAG=p] [ROLE=help_text] डेनिम जिन्स फिर्ता गर्नु छ? पहिले हाम्रो Viber सपोर्ट मा फोन गर्नुहोस्,obstruction:ne:22,synthetic_v1,0,0,0,1,0,0,0,0
SastoDeal खाता बन्द गर्न हाम्रो Viber सपोर्ट लाई लेख्नुहोस्,obstruction,obstruction,ne,p,help_text,[TAG=p] [ROLE=help_text] SastoDeal खाता बन्द गर्न हाम्रो Viber सपोर्ट लाई लेख्नुहोस्,obstruction:ne:17,synthetic_v1,0,0,0,1,0,0,0,0
Meesho मा सदस्यता परिवर्तन हाम्रो Viber सपोर्ट बाट मात्र सम्भव छ,obstruction,obstruction,ne,a,support_link,[TAG=a] [ROLE=support_link] Meesho मा सदस्यता परिवर्तन हाम्रो Viber सपोर्ट बाट मात्र सम्भव छ,obstruction:ne:18,synthetic_v1,0,0,0,1,0,0,0,0
Your Daraz refund needs approval from our support line,obstruction,obstruction,en,a,support_link,[TAG=a] [ROLE=support_link] Your Daraz refund needs approval from our support line,obstruction:en:23,synthetic_v1,0,0,0,1,0,0,0,0
कटन कुर्ता अर्डरबाट हटाउन हाम्रो Facebook पेज मा सम्पर्क गर्नुहोस्,obstruction,obstruction,ne,p,help_text,[TAG=p] [ROLE=help_text] कटन कुर्ता अर्डरबाट हटाउन हाम्रो Facebook पेज मा सम्पर्क गर्नुहोस्,obstruction:ne:19,synthetic_v1,0,0,0,1,0,0,0,0
कटन कुर्ता अर्डरबाट हटाउन हाम्रो हेल्पलाइन मा सम्पर्क गर्नुहोस्,obstruction,obstruction,ne,div,modal_text,[TAG=div] [ROLE=modal_text] कटन कुर्ता अर्डरबाट हटाउन हाम्रो हेल्पलाइन मा सम्पर्क गर्नुहोस्,obstruction:ne:19,synthetic_v1,0,0,0,1,0,0,0,0
"To downgrade your Pro plan at Nykaa, contact our support line",obstruction,obstruction,en,div,modal_text,"[TAG=div] [ROLE=modal_text] To downgrade your Pro plan at Nykaa, contact our support line",obstruction:en:26,synthetic_v1,0,0,0,1,0,0,0,0
Lenskart डेटा हटाने के लिए हमारी हेल्पलाइन को लिखित अनुरोध भेजें,obstruction,obstruction,hi,a,support_link,[TAG=a] [ROLE=support_link] Lenskart डेटा हटाने के लिए हमारी हेल्पलाइन को लिखित अनुरोध भेजें,obstruction:hi:24,synthetic_v1,0,0,0,1,0,0,0,0
Kinbech ऑर्डर रद्द करने के लिए हमारा ईमेल डेस्क से संपर्क करें,obstruction,obstruction,hi,a,support_link,[TAG=a] [ROLE=support_link] Kinbech ऑर्डर रद्द करने के लिए हमारा ईमेल डेस्क से संपर्क करें,obstruction:hi:15,synthetic_v1,0,0,0,1,0,0,0,0
Kinbech अर्डर रद्द गर्न हाम्रो Facebook पेज मा सम्पर्क गर्नुहोस्,obstruction,obstruction,ne,p,help_text,[TAG=p] [ROLE=help_text] Kinbech अर्डर रद्द गर्न हाम्रो Facebook पेज मा सम्पर्क गर्नुहोस्,obstruction:ne:15,synthetic_v1,0,0,0,1,0,0,0,0
नोइज क्यान्सलिङ हेडफोन फिर्ता गर्नु छ? पहिले हाम्रो WhatsApp नम्बर मा फोन गर्नुहोस्,obstruction,obstruction,ne,div,modal_text,[TAG=div] [ROLE=modal_text] नोइज क्यान्सलिङ हेडफोन फिर्ता गर्नु छ? पहिले हाम्रो WhatsApp नम्बर मा फोन गर्नुहोस्,obstruction:ne:22,synthetic_v1,0,0,0,1,0,0,0,0
स्वतः नवीकरण बन्द गर्न 8 दिनभित्र हाम्रो इमेल डेस्क मा सम्पर्क गर्नुहोस्,obstruction,obstruction,ne,a,support_link,[TAG=a] [ROLE=support_link] स्वतः नवीकरण बन्द गर्न 8 दिनभित्र हाम्रो इमेल डेस्क मा सम्पर्क गर्नुहोस्,obstruction:ne:21,synthetic_v1,0,0,0,1,0,0,0,0
"To stop auto-renewal, contact our helpline within 10 days",obstruction,obstruction,en,div,modal_text,"[TAG=div] [ROLE=modal_text] To stop auto-renewal, contact our helpline within 10 days",obstruction:en:21,synthetic_v1,0,0,0,1,0,0,0,0
"To downgrade your Gold plan at OkDam, contact our WhatsApp number",obstruction,obstruction,en,p,help_text,"[TAG=p] [ROLE=help_text] To downgrade your Gold plan at OkDam, contact our WhatsApp number",obstruction:en:26,synthetic_v1,0,0,0,1,0,0,0,0
hair dryer exchange requests go through live chat only,obstruction,obstruction,en,a,support_link,[TAG=a] [ROLE=support_link] hair dryer exchange requests go through live chat only,obstruction:en:25,synthetic_v1,0,0,0,1,0,0,0,0
Myntra ऑर्डर रद्द करने के लिए हमारा WhatsApp नंबर से संपर्क करें,obstruction,obstruction,hi,div,modal_text,[TAG=div] [ROLE=modal_text] Myntra ऑर्डर रद्द करने के लिए हमारा WhatsApp नंबर से संपर्क करें,obstruction:hi:15,synthetic_v1,0,0,0,1,0,0,0,0
Nykaa ऑर्डर रद्द करने के लिए हमारा सपोर्ट नंबर से संपर्क करें,obstruction,obstruction,hi,p,help_text,[TAG=p] [ROLE=help_text] Nykaa ऑर्डर रद्द करने के लिए हमारा सपोर्ट नंबर से संपर्क करें,obstruction:hi:15,synthetic_v1,0,0,0,1,0,0,0,0
Subscription changes at Myntra are only possible via our Facebook page,obstruction,obstruction,en,div,modal_text,[TAG=div] [ROLE=modal_text] Subscription changes at Myntra are only possible via our Facebook page,obstruction:en:18,synthetic_v1,0,0,0,1,0,0,0,0
Returning running shoes? Please call our helpline first,obstruction,obstruction,en,div,modal_text,[TAG=div] [ROLE=modal_text] Returning running shoes? Please call our helpline first,obstruction:en:22,synthetic_v1,0,0,0,1,0,0,0,0
SastoDeal मा प्रो प्लान डाउनग्रेड गर्न हाम्रो सपोर्ट नम्बर मा सम्पर्क गर्नुहोस्,obstruction,obstruction,ne,div,modal_text,[TAG=div] [ROLE=modal_text] SastoDeal मा प्रो प्लान डाउनग्रेड गर्न हाम्रो सपोर्ट नम्बर मा सम्पर्क गर्नुहोस्,obstruction:ne:26,synthetic_v1,0,0,0,1,0,0,0,0
Reliance Digital मा सदस्यता परिवर्तन हाम्रो Facebook पेज बाट मात्र सम्भव छ,obstruction,obstruction,ne,div,modal_text,[TAG=div] [ROLE=modal_text] Reliance Digital मा सदस्यता परिवर्तन हाम्रो Facebook पेज बाट मात्र सम्भव छ,obstruction:ne:18,synthetic_v1,0,0,0,1,0,0,0,0
स्टडी लाइट सट्टा अनुरोध हाम्रो Facebook पेज बाट मात्र हुन्छ,obstruction,obstruction,ne,a,support_link,[TAG=a] [ROLE=support_link] स्टडी लाइट सट्टा अनुरोध हाम्रो Facebook पेज बाट मात्र हुन्छ,obstruction:ne:25,synthetic_v1,0,0,0,1,0,0,0,0
Reach our helpline to remove electric kettle from your order,obstruction,obstruction,en,p,help_text,[TAG=p] [ROLE=help_text] Reach our helpline to remove electric kettle from your order,obstruction:en:19,synthetic_v1,0,0,0,1,0,0,0,0
yoga mat exchange requests go through our support line only,obstruction,obstruction,en,div,modal_text,[TAG=div] [ROLE=modal_text] yoga mat exchange requests go through our support line only,obstruction:en:25,synthetic_v1,0,0,0,1,0,0,0,0
Meesho खाता बंद करने के लिए कॉल सेंटर को लिखें,obstruction,obstruction,hi,a,support_link,[TAG=a] [ROLE=support_link] Meesho खाता बंद करने के लिए कॉल सेंटर को लिखें,obstruction:hi:17,synthetic_v1,0,0,0,1,0,0,0,0
"To stop auto-renewal, contact our Facebook page within 12 days",obstruction,obstruction,en,div,modal_text,"[TAG=div] [ROLE=modal_text] To stop auto-renewal, contact our Facebook page within 12 days",obstruction:en:21,synthetic_v1,0,0,0,1,0,0,0,0
Zepto रिफंड के लिए हमारा Viber सपोर्ट की मंज़ूरी चाहिए,obstruction,obstruction,hi,div,modal_text,[TAG=div] [ROLE=modal_text] Zepto रिफंड के लिए हमारा Viber सपोर्ट की मंज़ूरी चाहिए,obstruction:hi:23,synthetic_v1,0,0,0,1,0,0,0,0
ल्यापटप ब्याग को रिफन्ड हाम्रो WhatsApp नम्बर मार्फत मात्र माग्नुहोस्,obstruction,obstruction,ne,p,help_text,[TAG=p] [ROLE=help_text] ल्यापटप ब्याग को रिफन्ड हाम्रो WhatsApp नम्बर मार्फत मात्र माग्नुहोस्,obstruction:ne:16,synthetic_v1,0,0,0,1,0,0,0,0
Thulo खाता बंद करने के लिए हमारा Viber सपोर्ट को लिखें,obstruction,obstruction,hi,a,support_link,[TAG=a] [ROLE=support_link] Thulo खाता बंद करने के लिए हमारा Viber सपोर्ट को लिखें,obstruction:hi:17,synthetic_v1,0,0,0,1,0,0,0,0
BigBasket रिफंड के लिए लाइव चैट की मंज़ूरी चाहिए,obstruction,obstruction,hi,a,support_link,[TAG=a] [ROLE=support_link] BigBasket रिफंड के लिए लाइव चैट की मंज़ूरी चाहिए,obstruction:hi:23,synthetic_v1,0,0,0,1,0,0,0,0
डेनिम जिन्स को रिफन्ड कल सेन्टर मार्फत मात्र माग्नुहोस्,obstruction,obstruction,ne,a,support_link,[TAG=a] [ROLE=support_link] डेनिम जिन्स को रिफन्ड कल सेन्टर मार्फत मात्र माग्नुहोस्,obstruction:ne:16,synthetic_v1,0,0,0,1,0,0,0,0
ट्रेकिङ ज्याकेट अर्डरबाट हटाउन हाम्रो Viber सपोर्ट मा सम्पर्क गर्नुहोस्,obstruction,obstruction,ne,div,modal_text,[TAG=div] [ROLE=modal_text] ट्रेकिङ ज्याकेट अर्डरबाट हटाउन हाम्रो Viber सपोर्ट मा सम्पर्क गर्नुहोस्,obstruction:ne:19,synthetic_v1,0,0,0,1,0,0,0,0
Croma ऑर्डर रद्द करने के लिए हमारा ईमेल डेस्क से संपर्क करें,obstruction,obstruction,hi,a,support_link,[TAG=a] [ROLE=support_link] Croma ऑर्डर रद्द करने के लिए हमारा ईमेल डेस्क से संपर्क करें,obstruction:hi:15,synthetic_v1,0,0,0,1,0,0,0,0
Your Myntra refund needs approval from our Viber support,obstruction,obstruction,en,a,support_link,[TAG=a] [ROLE=support_link] Your Myntra refund needs approval from our Viber support,obstruction:en:23,synthetic_v1,0,0,0,1,0,0,0,0
"To close your Blinkit account, write to our Facebook page",obstruction,obstruction,en,a,support_link,"[TAG=a] [ROLE=support_link] To close your Blinkit account, write to our Facebook page",obstruction:en:17,synthetic_v1,0,0,0,1,0,0,0,0
Your OkDam refund needs approval from our Facebook page,obstruction,obstruction,en,div,modal_text,[TAG=div] [ROLE=modal_text] Your OkDam refund needs approval from our Facebook page,obstruction:en:23,synthetic_v1,0,0,0,1,0,0,0,0
Ajio डेटा हटाने के लिए हमारा Viber सपोर्ट को लिखित अनुरोध भेजें,obstruction,obstruction,hi,a,support_link,[TAG=a] [ROLE=support_link] Ajio डेटा हटाने के लिए हमारा Viber सपोर्ट को लिखित अनुरोध भेजें,obstruction:hi:24,synthetic_v1,0,0,0,1,0,0,0,0
फोन कवर लौटाना है? पहले कॉल सेंटर पर कॉल करें,obstruction,obstruction,hi,a,support_link,[TAG=a] [ROLE=support_link] फोन कवर लौटाना है? पहले कॉल सेंटर पर कॉल करें,obstruction:hi:22,synthetic_v1,0,0,0,1,0,0,0,0
Gyapu ऑर्डर रद्द करने के लिए हमारा Facebook पेज से संपर्क करें,obstruction,obstruction,hi,a,support_link,[TAG=a] [ROLE=support_link] Gyapu ऑर्डर रद्द करने के लिए हमारा Facebook पेज से संपर्क करें,obstruction:hi:15,synthetic_v1,0,0,0,1,0,0,0,0
Are you sure? Continue to step 2 to cancel,obstruction,obstruction,en,div,modal_text,[TAG=div] [ROLE=modal_text] Are you sure? Continue to step 2 to cancel,obstruction:en:10,synthetic_v1,0,0,0,1,0,0,0,0
Kinbech खाता बंद करने के लिए हमारा WhatsApp नंबर को लिखें,obstruction,obstruction,hi,div,modal_text,[TAG=div] [ROLE=modal_text] Kinbech खाता बंद करने के लिए हमारा WhatsApp नंबर को लिखें,obstruction:hi:17,synthetic_v1,0,0,0,1,0,0,0,0
स्कूल बैग का रिफंड कॉल सेंटर के ज़रिये ही मांगें,obstruction,obstruction,hi,p,help_text,[TAG=p] [ROLE=help_text] स्कूल बैग का रिफंड कॉल सेंटर के ज़रिये ही मांगें,obstruction:hi:16,synthetic_v1,0,0,0,1,0,0,0,0
ऑटो-रिन्यूअल बंद करने के लिए 2 दिन में हमारा Facebook पेज से संपर्क करें,obstruction,obstruction,hi,p,help_text,[TAG=p] [ROLE=help_text] ऑटो-रिन्यूअल बंद करने के लिए 2 दिन में हमारा Facebook पेज से संपर्क करें,obstruction:hi:21,synthetic_v1,0,0,0,1,0,0,0,0
Reach live chat to remove noise cancelling headphones from your order,obstruction,obstruction,en,a,support_link,[TAG=a] [ROLE=support_link] Reach live chat to remove noise cancelling headphones from your order,obstruction:en:19,synthetic_v1,0,0,0,1,0,0,0,0
"To downgrade your Prime plan at FirstCry, contact our Facebook page",obstruction,obstruction,en,div,modal_text,"[TAG=div] [ROLE=modal_text] To downgrade your Prime plan at FirstCry, contact our Facebook page",obstruction:en:26,synthetic_v1,0,0,0,1,0,0,0,0
Subscription changes at Meesho are only possible via our email desk,obstruction,obstruction,en,a,support_link,[TAG=a] [ROLE=support_link] Subscription changes at Meesho are only possible via our email desk,obstruction:en:18,synthetic_v1,0,0,0,1,0,0,0,0
"To stop auto-renewal, contact our Viber support within 2 days",obstruction,obstruction,en,a,support_link,"[TAG=a] [ROLE=support_link] To stop auto-renewal, contact our Viber support within 2 days",obstruction:en:21,synthetic_v1,0,0,0,1,0,0,0,0
रिफन्ड 3 दिनको समीक्षापछि मात्र हुनेछ,obstruction,obstruction,ne,a,support_link,[TAG=a] [ROLE=support_link] रिफन्ड 3 दिनको समीक्षापछि मात्र हुनेछ,obstruction:ne:11,synthetic_v1,0,0,0,1,0,0,0,0
laptop bag exchange requests go through our WhatsApp number only,obstruction,obstruction,en,a,support_link,[TAG=a] [ROLE=support_link] laptop bag exchange requests go through our WhatsApp number only,obstruction:en:25,synthetic_v1,0,0,0,1,0,0,0,0
Your Gyapu refund needs approval from the call centre,obstruction,obstruction,en,p,help_text,[TAG=p] [ROLE=help_text] Your Gyapu refund needs approval from the call centre,obstruction:en:23,synthetic_v1,0,0,0,1,0,0,0,0
Tata Cliq खाता बन्द गर्न कल सेन्टर लाई लेख्नुहोस्,obstruction,obstruction,ne,div,modal_text,[TAG=div] [ROLE=modal_text] Tata Cliq खाता बन्द गर्न कल सेन्टर लाई लेख्नुहोस्,obstruction:ne:17,synthetic_v1,0,0,0,1,0,0,0,0
राइस कुकर को रिफन्ड हाम्रो हेल्पलाइन मार्फत मात्र माग्नुहोस्,obstruction,obstruction,ne,a,support_link,[TAG=a] [ROLE=support_link] राइस कुकर को रिफन्ड हाम्रो हेल्पलाइन मार्फत मात्र माग्नुहोस्,obstruction:ne:16,synthetic_v1,0,0,0,1,0,0,0,0
स्वतः नवीकरण बन्द गर्न 6 दिनभित्र हाम्रो Viber सपोर्ट मा सम्पर्क गर्नुहोस्,obstruction,obstruction,ne,p,help_text,[TAG=p] [ROLE=help_text] स्वतः नवीकरण बन्द गर्न 6 दिनभित्र हाम्रो Viber सपोर्ट मा सम्पर्क गर्नुहोस्,obstruction:ne:21,synthetic_v1,0,0,0,1,0,0,0,0
"To close your Salesberry account, write to the call centre",obstruction,obstruction,en,a,support_link,"[TAG=a] [ROLE=support_link] To close your Salesberry account, write to the call centre",obstruction:en:17,synthetic_v1,0,0,0,1,0,0,0,0
स्वतः नवीकरण बन्द गर्न 2 दिनभित्र कल सेन्टर मा सम्पर्क गर्नुहोस्,obstruction,obstruction,ne,p,help_text,[TAG=p] [ROLE=help_text] स्वतः नवीकरण बन्द गर्न 2 दिनभित्र कल सेन्टर मा सम्पर्क गर्नुहोस्,obstruction:ne:21,synthetic_v1,0,0,0,1,0,0,0,0
Lenskart पर प्लस प्लान डाउनग्रेड करने के लिए हमारा WhatsApp नंबर से संपर्क करें,obstruction,obstruction,hi,a,support_link,[TAG=a] [ROLE=support_link] Lenskart पर प्लस प्लान डाउनग्रेड करने के लिए हमारा WhatsApp नंबर से संपर्क करें,obstruction:hi:26,synthetic_v1,0,0,0,1,0,0,0,0
JioMart मा प्रिमियम प्लान डाउनग्रेड गर्न हाम्रो Viber सपोर्ट मा सम्पर्क गर्नुहोस्,obstruction,obstruction,ne,div,modal_text,[TAG=div] [ROLE=modal_text] JioMart मा प्रिमियम प्लान डाउनग्रेड गर्न हाम्रो Viber सपोर्ट मा सम्पर्क गर्नुहोस्,obstruction:ne:26,synthetic_v1,0,0,0,1,0,0,0,0
Lenskart मा प्रो प्लान डाउनग्रेड गर्न लाइभ च्याट मा सम्पर्क गर्नुहोस्,obstruction,obstruction,ne,a,support_link,[TAG=a] [ROLE=support_link] Lenskart मा प्रो प्लान डाउनग्रेड गर्न लाइभ च्याट मा सम्पर्क गर्नुहोस्,obstruction:ne:26,synthetic_v1,0,0,0,1,0,0,0,0
ट्रेकिंग जैकेट एक्सचेंज अनुरोध केवल हमारा WhatsApp नंबर से होगा,obstruction,obstruction,hi,p,help_text,[TAG=p] [ROLE=help_text] ट्रेकिंग जैकेट एक्सचेंज अनुरोध केवल हमारा WhatsApp नंबर से होगा,obstruction:hi:25,synthetic_v1,0,0,0,1,0,0,0,0
Kinbech cancellations require verification through our email desk,obstruction,obstruction,en,div,modal_text,[TAG=div] [ROLE=modal_text] Kinbech cancellations require verification through our email desk,obstruction:en:20,synthetic_v1,0,0,0,1,0,0,0,0
"To downgrade your Pro plan at Lenskart, contact the call centre",obstruction,obstruction,en,a,support_link,"[TAG=a] [ROLE=support_link] To downgrade your Pro plan at Lenskart, contact the call centre",obstruction:en:26,synthetic_v1,0,0,0,1,0,0,0,0
OkDam ऑर्डर रद्द करने के लिए लाइव चैट से संपर्क करें,obstruction,obstruction,hi,p,help_text,[TAG=p] [ROLE=help_text] OkDam ऑर्डर रद्द करने के लिए लाइव चैट से संपर्क करें,obstruction:hi:15,synthetic_v1,0,0,0,1,0,0,0,0
FirstCry रद्दीकरणका लागि हाम्रो Viber सपोर्ट बाट प्रमाणीकरण आवश्यक छ,obstruction,obstruction,ne,a,support_link,[TAG=a] [ROLE=support_link] FirstCry रद्दीकरणका लागि हाम्रो Viber सपोर्ट बाट प्रमाणीकरण आवश्यक छ,obstruction:ne:20,synthetic_v1,0,0,0,1,0,0,0,0
Subscription changes at Kinbech are only possible via our support line,obstruction,obstruction,en,a,support_link,[TAG=a] [ROLE=support_link] Subscription changes at Kinbech are only possible via our support line,obstruction:en:18,synthetic_v1,0,0,0,1,0,0,0,0
स्टडी लैंप एक्सचेंज अनुरोध केवल हमारा Facebook पेज से होगा,obstruction,obstruction,hi,p,help_text,[TAG=p] [ROLE=help_text] स्टडी लैंप एक्सचेंज अनुरोध केवल हमारा Facebook पेज से होगा,obstruction:hi:25,synthetic_v1,0,0,0,1,0,0,0,0
Croma रद्दीकरणका लागि कल सेन्टर बाट प्रमाणीकरण आवश्यक छ,obstruction,obstruction,ne,p,help_text,[TAG=p] [ROLE=help_text] Croma रद्दीकरणका लागि कल सेन्टर बाट प्रमाणीकरण आवश्यक छ,obstruction:ne:20,synthetic_v1,0,0,0,1,0,0,0,0
ब्लुटुथ स्पिकर को रिफन्ड हाम्रो WhatsApp नम्बर मार्फत मात्र माग्नुहोस्,obstruction,obstruction,ne,a,support_link,[TAG=a] [ROLE=support_link] ब्लुटुथ स्पिकर को रिफन्ड हाम्रो WhatsApp नम्बर मार्फत मात्र माग्नुहोस्,obstruction:ne:16,synthetic_v1,0,0,0,1,0,0,0,0
Reach our email desk to remove denim jeans from your order,obstruction,obstruction,en,a,support_link,[TAG=a] [ROLE=support_link] Reach our email desk to remove denim jeans from your order,obstruction:en:19,synthetic_v1,0,0,0,1,0,0,0,0
ट्रेकिंग जैकेट लौटाना है? पहले कॉल सेंटर पर कॉल करें,obstruction,obstruction,hi,a,support_link,[TAG=a] [ROLE=support_link] ट्रेकिंग जैकेट लौटाना है? पहले कॉल सेंटर पर कॉल करें,obstruction:hi:22,synthetic_v1,0,0,0,1,0,0,0,0
BigBasket खाता बन्द गर्न हाम्रो हेल्पलाइन लाई लेख्नुहोस्,obstruction,obstruction,ne,div,modal_text,[TAG=div] [ROLE=modal_text] BigBasket खाता बन्द गर्न हाम्रो हेल्पलाइन लाई लेख्नुहोस्,obstruction:ne:17,synthetic_v1,0,0,0,1,0,0,0,0
Myntra डाटा हटाउन हाम्रो Viber सपोर्ट लाई लिखित अनुरोध पठाउनुहोस्,obstruction,obstruction,ne,p,help_text,[TAG=p] [ROLE=help_text] Myntra डाटा हटाउन हाम्रो Viber सपोर्ट लाई लिखित अनुरोध पठाउनुहोस्,obstruction:ne:24,synthetic_v1,0,0,0,1,0,0,0,0
HamroBazar मा सदस्यता परिवर्तन हाम्रो Viber सपोर्ट बाट मात्र सम्भव छ,obstruction,obstruction,ne,div,modal_text,[TAG=div] [ROLE=modal_text] HamroBazar मा सदस्यता परिवर्तन हाम्रो Viber सपोर्ट बाट मात्र सम्भव छ,obstruction:ne:18,synthetic_v1,0,0,0,1,0,0,0,0
डाउनग्रेड गर्न वीरगन्ज कार्यालय पोर्टलबाट अनुरोध गर्नुहोस्,obstruction,obstruction,ne,p,help_text,[TAG=p] [ROLE=help_text] डाउनग्रेड गर्न वीरगन्ज कार्यालय पोर्टलबाट अनुरोध गर्नुहोस्,obstruction:ne:12,synthetic_v1,0,0,0,1,0,0,0,0
Ajio खाता बंद करने के लिए हमारा Facebook पेज को लिखें,obstruction,obstruction,hi,a,support_link,[TAG=a] [ROLE=support_link] Ajio खाता बंद करने के लिए हमारा Facebook पेज को लिखें,obstruction:hi:17,synthetic_v1,0,0,0,1,0,0,0,0
SastoDeal रद्दीकरणका लागि कल सेन्टर बाट प्रमाणीकरण आवश्यक छ,obstruction,obstruction,ne,p,help_text,[TAG=p] [ROLE=help_text] SastoDeal रद्दीकरणका लागि कल सेन्टर बाट प्रमाणीकरण आवश्यक छ,obstruction:ne:20,synthetic_v1,0,0,0,1,0,0,0,0
पावर बैंक एक्सचेंज अनुरोध केवल कॉल सेंटर से होगा,obstruction,obstruction,hi,a,support_link,[TAG=a] [ROLE=support_link] पावर बैंक एक्सचेंज अनुरोध केवल कॉल सेंटर से होगा,obstruction:hi:25,synthetic_v1,0,0,0,1,0,0,0,0
Amazon डाटा हटाउन लाइभ च्याट लाई लिखित अनुरोध पठाउनुहोस्,obstruction,obstruction,ne,div,modal_text,[TAG=div] [ROLE=modal_text] Amazon डाटा हटाउन लाइभ च्याट लाई लिखित अनुरोध पठाउनुहोस्,obstruction:ne:24,synthetic_v1,0,0,0,1,0,0,0,0
Muncha खाता बंद करने के लिए हमारा सपोर्ट नंबर को लिखें,obstruction,obstruction,hi,a,support_link,[TAG=a] [ROLE=support_link] Muncha खाता बंद करने के लिए हमारा सपोर्ट नंबर को लिखें,obstruction:hi:17,synthetic_v1,0,0,0,1,0,0,0,0
Lenskart cancellations require verification through live chat,obstruction,obstruction,en,a,support_link,[TAG=a] [ROLE=support_link] Lenskart cancellations require verification through live chat,obstruction:en:20,synthetic_v1,0,0,0,1,0,0,0,0
ऑटो-रिन्यूअल बंद करने के लिए 1 दिन में लाइव चैट से संपर्क करें,obstruction,obstruction,hi,a,support_link,[TAG=a] [ROLE=support_link] ऑटो-रिन्यूअल बंद करने के लिए 1 दिन में लाइव चैट से संपर्क करें,obstruction:hi:21,synthetic_v1,0,0,0,1,0,0,0,0
रद्द करने के लिए 8 कार्यदिवस में संपर्क करें,obstruction,obstruction,hi,a,support_link,[TAG=a] [ROLE=support_link] रद्द करने के लिए 8 कार्यदिवस में संपर्क करें,obstruction:hi:05,synthetic_v1,0,0,0,1,0,0,0,0
Blinkit अर्डर रद्द गर्न हाम्रो Facebook पेज मा सम्पर्क गर्नुहोस्,obstruction,obstruction,ne,div,modal_text,[TAG=div] [ROLE=modal_text] Blinkit अर्डर रद्द गर्न हाम्रो Facebook पेज मा सम्पर्क गर्नुहोस्,obstruction:ne:15,synthetic_v1,0,0,0,1,0,0,0,0
Reach our Facebook page to remove water bottle from your order,obstruction,obstruction,en,div,modal_text,[TAG=div] [ROLE=modal_text] Reach our Facebook page to remove water bottle from your order,obstruction:en:19,synthetic_v1,0,0,0,1,0,0,0,0
Refunds for yoga mat must be requested through our Facebook page,obstruction,obstruction,en,p,help_text,[TAG=p] [ROLE=help_text] Refunds for yoga mat must be requested through our Facebook page,obstruction:en:16,synthetic_v1,0,0,0,1,0,0,0,0
Subscription changes at Nykaa are only possible via our support line,obstruction,obstruction,en,a,support_link,[TAG=a] [ROLE=support_link] Subscription changes at Nykaa are only possible via our support line,obstruction:en:18,synthetic_v1,0,0,0,1,0,0,0,0
Ajio रद्दीकरण के लिए हमारी हेल्पलाइन से सत्यापन ज़रूरी है,obstruction,obstruction,hi,p,help_text,[TAG=p] [ROLE=help_text] Ajio रद्दीकरण के लिए हमारी हेल्पलाइन से सत्यापन ज़रूरी है,obstruction:hi:20,synthetic_v1,0,0,0,1,0,0,0,0
ऑटो-रिन्यूअल बंद करने के लिए 1 दिन में हमारा WhatsApp नंबर से संपर्क करें,obstruction,obstruction,hi,p,help_text,[TAG=p] [ROLE=help_text] ऑटो-रिन्यूअल बंद करने के लिए 1 दिन में हमारा WhatsApp नंबर से संपर्क करें,obstruction:hi:21,synthetic_v1,0,0,0,1,0,0,0,0
Returning office chair? Please call our email desk first,obstruction,obstruction,en,div,modal_text,[TAG=div] [ROLE=modal_text] Returning office chair? Please call our email desk first,obstruction:en:22,synthetic_v1,0,0,0,1,0,0,0,0
Subscription changes at Salesberry are only possible via our email desk,obstruction,obstruction,en,a,support_link,[TAG=a] [ROLE=support_link] Subscription changes at Salesberry are only possible via our email desk,obstruction:en:18,synthetic_v1,0,0,0,1,0,0,0,0
Refunds are processed only after 4 days of review,obstruction,obstruction,en,a,support_link,[TAG=a] [ROLE=support_link] Refunds are processed only after 4 days of review,obstruction:en:11,synthetic_v1,0,0,0,1,0,0,0,0
Refunds for sunglasses must be requested through the call centre,obstruction,obstruction,en,a,support_link,[TAG=a] [ROLE=support_link] Refunds for sunglasses must be requested through the call centre,obstruction:en:16,synthetic_v1,0,0,0,1,0,0,0,0
प्रोटिन पाउडर अर्डरबाट हटाउन हाम्रो सपोर्ट नम्बर मा सम्पर्क गर्नुहोस्,obstruction,obstruction,ne,p,help_text,[TAG=p] [ROLE=help_text] प्रोटिन पाउडर अर्डरबाट हटाउन हाम्रो सपोर्ट नम्बर मा सम्पर्क गर्नुहोस्,obstruction:ne:19,synthetic_v1,0,0,0,1,0,0,0,0
Muncha डेटा हटाने के लिए हमारी हेल्पलाइन को लिखित अनुरोध भेजें,obstruction,obstruction,hi,a,support_link,[TAG=a] [ROLE=support_link] Muncha डेटा हटाने के लिए हमारी हेल्पलाइन को लिखित अनुरोध भेजें,obstruction:hi:24,synthetic_v1,0,0,0,1,0,0,0,0
Deleting your Snapdeal data requires a written request to our helpline,obstruction,obstruction,en,p,help_text,[TAG=p] [ROLE=help_text] Deleting your Snapdeal data requires a written request to our helpline,obstruction:en:24,synthetic_v1,0,0,0,1,0,0,0,0
Refunds for office chair must be requested through our support line,obstruction,obstruction,en,a,support_link,[TAG=a] [ROLE=support_link] Refunds for office chair must be requested through our support line,obstruction:en:16,synthetic_v1,0,0,0,1,0,0,0,0
Lenskart मा प्लस प्लान डाउनग्रेड गर्न हाम्रो Facebook पेज मा सम्पर्क गर्नुहोस्,obstruction,obstruction,ne,p,help_text,[TAG=p] [ROLE=help_text] Lenskart मा प्लस प्लान डाउनग्रेड गर्न हाम्रो Facebook पेज मा सम्पर्क गर्नुहोस्,obstruction:ne:26,synthetic_v1,0,0,0,1,0,0,0,0
डाउनग्रेड के लिए लखनऊ कार्यालय पोर्टल से अनुरोध करें,obstruction,obstruction,hi,a,support_link,[TAG=a] [ROLE=support_link] डाउनग्रेड के लिए लखनऊ कार्यालय पोर्टल से अनुरोध करें,obstruction:hi:12,synthetic_v1,0,0,0,1,0,0,0,0
"To cancel your Flipkart order, contact our helpline",obstruction,obstruction,en,p,help_text,"[TAG=p] [ROLE=help_text] To cancel your Flipkart order, contact our helpline",obstruction:en:15,synthetic_v1,0,0,0,1,0,0,0,0
Reach our Facebook page to remove sunglasses from your order,obstruction,obstruction,en,p,help_text,[TAG=p] [ROLE=help_text] Reach our Facebook page to remove sunglasses from your order,obstruction:en:19,synthetic_v1,0,0,0,1,0,0,0,0
Lenskart रद्दीकरणका लागि हाम्रो WhatsApp नम्बर बाट प्रमाणीकरण आवश्यक छ,obstruction,obstruction,ne,div,modal_text,[TAG=div] [ROLE=modal_text] Lenskart रद्दीकरणका लागि हाम्रो WhatsApp नम्बर बाट प्रमाणीकरण आवश्यक छ,obstruction:ne:20,synthetic_v1,0,0,0,1,0,0,0,0
वायरलेस ईयरबड्स का रिफंड हमारा Viber सपोर्ट के ज़रिये ही मांगें,obstruction,obstruction,hi,div,modal_text,[TAG=div] [ROLE=modal_text] वायरलेस ईयरबड्स का रिफंड हमारा Viber सपोर्ट के ज़रिये ही मांगें,obstruction:hi:16,synthetic_v1,0,0,0,1,0,0,0,0
स्पोर्ट्स सैंडल का रिफंड हमारा सपोर्ट नंबर के ज़रिये ही मांगें,obstruction,obstruction,hi,div,modal_text,[TAG=div] [ROLE=modal_text] स्पोर्ट्स सैंडल का रिफंड हमारा सपोर्ट नंबर के ज़रिये ही मांगें,obstruction:hi:16,synthetic_v1,0,0,0,1,0,0,0,0
कटन कुर्ता को रिफन्ड हाम्रो हेल्पलाइन मार्फत मात्र माग्नुहोस्,obstruction,obstruction,ne,p,help_text,[TAG=p] [ROLE=help_text] कटन कुर्ता को रिफन्ड हाम्रो हेल्पलाइन मार्फत मात्र माग्नुहोस्,obstruction:ne:16,synthetic_v1,0,0,0,1,0,0,0,0
Reach our email desk to remove power bank from your order,obstruction,obstruction,en,p,help_text,[TAG=p] [ROLE=help_text] Reach our email desk to remove power bank from your order,obstruction:en:19,synthetic_v1,0,0,0,1,0,0,0,0
Deleting your Muncha data requires a written request to our helpline,obstruction,obstruction,en,p,help_text,[TAG=p] [ROLE=help_text] Deleting your Muncha data requires a written request to our helpline,obstruction:en:24,synthetic_v1,0,0,0,1,0,0,0,0
Lenskart पर सब्सक्रिप्शन बदलाव केवल हमारा Facebook पेज से संभव है,obstruction,obstruction,hi,a,support_link,[TAG=a] [ROLE=support_link] Lenskart पर सब्सक्रिप्शन बदलाव केवल हमारा Facebook पेज से संभव है,obstruction:hi:18,synthetic_v1,0,0,0,1,0,0,0,0
Your Croma refund needs approval from the call centre,obstruction,obstruction,en,p,help_text,[TAG=p] [ROLE=help_text] Your Croma refund needs approval from the call centre,obstruction:en:23,synthetic_v1,0,0,0,1,0,0,0,0
BigBasket पर सब्सक्रिप्शन बदलाव केवल कॉल सेंटर से संभव है,obstruction,obstruction,hi,p,help_text,[TAG=p] [ROLE=help_text] BigBasket पर सब्सक्रिप्शन बदलाव केवल कॉल सेंटर से संभव है,obstruction:hi:18,synthetic_v1,0,0,0,1,0,0,0,0
Daraz रिफंड के लिए हमारी हेल्पलाइन की मंज़ूरी चाहिए,obstruction,obstruction,hi,a,support_link,[TAG=a] [ROLE=support_link] Daraz रिफंड के लिए हमारी हेल्पलाइन की मंज़ूरी चाहिए,obstruction:hi:23,synthetic_v1,0,0,0,1,0,0,0,0
FirstCry डाटा हटाउन हाम्रो Facebook पेज लाई लिखित अनुरोध पठाउनुहोस्,obstruction,obstruction,ne,p,help_text,[TAG=p] [ROLE=help_text] FirstCry डाटा हटाउन हाम्रो Facebook पेज लाई लिखित अनुरोध पठाउनुहोस्,obstruction:ne:24,synthetic_v1,0,0,0,1,0,0,0,0
"To downgrade your Pro plan at Thulo, contact our Viber support",obstruction,obstruction,en,p,help_text,"[TAG=p] [ROLE=help_text] To downgrade your Pro plan at Thulo, contact our Viber support",obstruction:en:26,synthetic_v1,0,0,0,1,0,0,0,0
Daraz रद्दीकरण के लिए हमारा Facebook पेज से सत्यापन ज़रूरी है,obstruction,obstruction,hi,div,modal_text,[TAG=div] [ROLE=modal_text] Daraz रद्दीकरण के लिए हमारा Facebook पेज से सत्यापन ज़रूरी है,obstruction:hi:20,synthetic_v1,0,0,0,1,0,0,0,0
"To cancel your SastoDeal order, contact our helpline",obstruction,obstruction,en,a,support_link,"[TAG=a] [ROLE=support_link] To cancel your SastoDeal order, contact our helpline",obstruction:en:15,synthetic_v1,0,0,0,1,0,0,0,0
सर्दी का कंबल का रिफंड कॉल सेंटर के ज़रिये ही मांगें,obstruction,obstruction,hi,p,help_text,[TAG=p] [ROLE=help_text] सर्दी का कंबल का रिफंड कॉल सेंटर के ज़रिये ही मांगें,obstruction:hi:16,synthetic_v1,0,0,0,1,0,0,0,0
रिटर्न अनुरोध 10 दिनों में फोन से करना होगा,obstruction,obstruction,hi,a,support_link,[TAG=a] [ROLE=support_link] रिटर्न अनुरोध 10 दिनों में फोन से करना होगा,obstruction:hi:13,synthetic_v1,0,0,0,1,0,0,0,0
gaming mouse exchange requests go through our Viber support only,obstruction,obstruction,en,a,support_link,[TAG=a] [ROLE=support_link] gaming mouse exchange requests go through our Viber support only,obstruction:en:25,synthetic_v1,0,0,0,1,0,0,0,0
Subscription changes at Lenskart are only possible via our Facebook page,obstruction,obstruction,en,p,help_text,[TAG=p] [ROLE=help_text] Subscription changes at Lenskart are only possible via our Facebook page,obstruction:en:18,synthetic_v1,0,0,0,1,0,0,0,0
हेयर ड्रायर को ऑर्डर से हटाने के लिए हमारी हेल्पलाइन से संपर्क करें,obstruction,obstruction,hi,div,modal_text,[TAG=div] [ROLE=modal_text] हेयर ड्रायर को ऑर्डर से हटाने के लिए हमारी हेल्पलाइन से संपर्क करें,obstruction:hi:19,synthetic_v1,0,0,0,1,0,0,0,0
Blinkit रद्दीकरणका लागि हाम्रो इमेल डेस्क बाट प्रमाणीकरण आवश्यक छ,obstruction,obstruction,ne,div,modal_text,[TAG=div] [ROLE=modal_text] Blinkit रद्दीकरणका लागि हाम्रो इमेल डेस्क बाट प्रमाणीकरण आवश्यक छ,obstruction:ne:20,synthetic_v1,0,0,0,1,0,0,0,0
Gyapu रिफंड के लिए लाइव चैट की मंज़ूरी चाहिए,obstruction,obstruction,hi,a,support_link,[TAG=a] [ROLE=support_link] Gyapu रिफंड के लिए लाइव चैट की मंज़ूरी चाहिए,obstruction:hi:23,synthetic_v1,0,0,0,1,0,0,0,0
"To cancel your Croma order, contact the call centre",obstruction,obstruction,en,p,help_text,"[TAG=p] [ROLE=help_text] To cancel your Croma order, contact the call centre",obstruction:en:15,synthetic_v1,0,0,0,1,0,0,0,0
HamroBazar पर सब्सक्रिप्शन बदलाव केवल हमारा Facebook पेज से संभव है,obstruction,obstruction,hi,a,support_link,[TAG=a] [ROLE=support_link] HamroBazar पर सब्सक्रिप्शन बदलाव केवल हमारा Facebook पेज से संभव है,obstruction:hi:18,synthetic_v1,0,0,0,1,0,0,0,0
Amazon ऑर्डर रद्द करने के लिए हमारी हेल्पलाइन से संपर्क करें,obstruction,obstruction,hi,a,support_link,[TAG=a] [ROLE=support_link] Amazon ऑर्डर रद्द करने के लिए हमारी हेल्पलाइन से संपर्क करें,obstruction:hi:15,synthetic_v1,0,0,0,1,0,0,0,0
वायरलेस ईयरबड्स को ऑर्डर से हटाने के लिए हमारा Viber सपोर्ट से संपर्क करें,obstruction,obstruction,hi,div,modal_text,[TAG=div] [ROLE=modal_text] वायरलेस ईयरबड्स को ऑर्डर से हटाने के लिए हमारा Viber सपोर्ट से संपर्क करें,obstruction:hi:19,synthetic_v1,0,0,0,1,0,0,0,0
Pepperfry रद्दीकरण के लिए हमारा WhatsApp नंबर से सत्यापन ज़रूरी है,obstruction,obstruction,hi,div,modal_text,[TAG=div] [ROLE=modal_text] Pepperfry रद्दीकरण के लिए हमारा WhatsApp नंबर से सत्यापन ज़रूरी है,obstruction:hi:20,synthetic_v1,0,0,0,1,0,0,0,0
Deleting your Gyapu data requires a written request to our email desk,obstruction,obstruction,en,a,support_link,[TAG=a] [ROLE=support_link] Deleting your Gyapu data requires a written request to our email desk,obstruction:en:24,synthetic_v1,0,0,0,1,0,0,0,0
कॉफी मेकर एक्सचेंज अनुरोध केवल हमारा ईमेल डेस्क से होगा,obstruction,obstruction,hi,div,modal_text,[TAG=div] [ROLE=modal_text] कॉफी मेकर एक्सचेंज अनुरोध केवल हमारा ईमेल डेस्क से होगा,obstruction:hi:25,synthetic_v1,0,0,0,1,0,0,0,0
Gyapu पर प्लस प्लान डाउनग्रेड करने के लिए हमारा Viber सपोर्ट से संपर्क करें,obstruction,obstruction,hi,a,support_link,[TAG=a] [ROLE=support_link] Gyapu पर प्लस प्लान डाउनग्रेड करने के लिए हमारा Viber सपोर्ट से संपर्क करें,obstruction:hi:26,synthetic_v1,0,0,0,1,0,0,0,0
Zepto ऑर्डर रद्द करने के लिए हमारा Viber सपोर्ट से संपर्क करें,obstruction,obstruction,hi,a,support_link,[TAG=a] [ROLE=support_link] Zepto ऑर्डर रद्द करने के लिए हमारा Viber सपोर्ट से संपर्क करें,obstruction:hi:15,synthetic_v1,0,0,0,1,0,0,0,0
"To stop auto-renewal, contact our WhatsApp number within 6 days",obstruction,obstruction,en,p,help_text,"[TAG=p] [ROLE=help_text] To stop auto-renewal, contact our WhatsApp number within 6 days",obstruction:en:21,synthetic_v1,0,0,0,1,0,0,0,0
"To stop auto-renewal, contact live chat within 4 days",obstruction,obstruction,en,div,modal_text,"[TAG=div] [ROLE=modal_text] To stop auto-renewal, contact live chat within 4 days",obstruction:en:21,synthetic_v1,0,0,0,1,0,0,0,0
Kinbech डेटा हटाने के लिए हमारा ईमेल डेस्क को लिखित अनुरोध भेजें,obstruction,obstruction,hi,div,modal_text,[TAG=div] [ROLE=modal_text] Kinbech डेटा हटाने के लिए हमारा ईमेल डेस्क को लिखित अनुरोध भेजें,obstruction:hi:24,synthetic_v1,0,0,0,1,0,0,0,0
Meesho रिफन्डका लागि हाम्रो सपोर्ट नम्बर को स्वीकृति चाहिन्छ,obstruction,obstruction,ne,p,help_text,[TAG=p] [ROLE=help_text] Meesho रिफन्डका लागि हाम्रो सपोर्ट नम्बर को स्वीकृति चाहिन्छ,obstruction:ne:23,synthetic_v1,0,0,0,1,0,0,0,0
नॉइज़ कैंसलिंग हेडफोन का रिफंड कॉल सेंटर के ज़रिये ही मांगें,obstruction,obstruction,hi,p,help_text,[TAG=p] [ROLE=help_text] नॉइज़ कैंसलिंग हेडफोन का रिफंड कॉल सेंटर के ज़रिये ही मांगें,obstruction:hi:16,synthetic_v1,0,0,0,1,0,0,0,0
Gyapu मा सदस्यता परिवर्तन हाम्रो सपोर्ट नम्बर बाट मात्र सम्भव छ,obstruction,obstruction,ne,a,support_link,[TAG=a] [ROLE=support_link] Gyapu मा सदस्यता परिवर्तन हाम्रो सपोर्ट नम्बर बाट मात्र सम्भव छ,obstruction:ne:18,synthetic_v1,0,0,0,1,0,0,0,0
Croma रद्दीकरण के लिए हमारा ईमेल डेस्क से सत्यापन ज़रूरी है,obstruction,obstruction,hi,a,support_link,[TAG=a] [ROLE=support_link] Croma रद्दीकरण के लिए हमारा ईमेल डेस्क से सत्यापन ज़रूरी है,obstruction:hi:20,synthetic_v1,0,0,0,1,0,0,0,0
Zepto डाटा हटाउन हाम्रो सपोर्ट नम्बर लाई लिखित अनुरोध पठाउनुहोस्,obstruction,obstruction,ne,div,modal_text,[TAG=div] [ROLE=modal_text] Zepto डाटा हटाउन हाम्रो सपोर्ट नम्बर लाई लिखित अनुरोध पठाउनुहोस्,obstruction:ne:24,synthetic_v1,0,0,0,1,0,0,0,0
HamroBazar रद्दीकरणका लागि हाम्रो Facebook पेज बाट प्रमाणीकरण आवश्यक छ,obstruction,obstruction,ne,p,help_text,[TAG=p] [ROLE=help_text] HamroBazar रद्दीकरणका लागि हाम्रो Facebook पेज बाट प्रमाणीकरण आवश्यक छ,obstruction:ne:20,synthetic_v1,0,0,0,1,0,0,0,0
Thulo रद्दीकरणका लागि हाम्रो सपोर्ट नम्बर बाट प्रमाणीकरण आवश्यक छ,obstruction,obstruction,ne,a,support_link,[TAG=a] [ROLE=support_link] Thulo रद्दीकरणका लागि हाम्रो सपोर्ट नम्बर बाट प्रमाणीकरण आवश्यक छ,obstruction:ne:20,synthetic_v1,0,0,0,1,0,0,0,0
स्वतः नवीकरण बन्द गर्न 12 दिनभित्र कल सेन्टर मा सम्पर्क गर्नुहोस्,obstruction,obstruction,ne,a,support_link,[TAG=a] [ROLE=support_link] स्वतः नवीकरण बन्द गर्न 12 दिनभित्र कल सेन्टर मा सम्पर्क गर्नुहोस्,obstruction:ne:21,synthetic_v1,0,0,0,1,0,0,0,0
Pepperfry ऑर्डर रद्द करने के लिए हमारा Viber सपोर्ट से संपर्क करें,obstruction,obstruction,hi,a,support_link,[TAG=a] [ROLE=support_link] Pepperfry ऑर्डर रद्द करने के लिए हमारा Viber सपोर्ट से संपर्क करें,obstruction:hi:15,synthetic_v1,0,0,0,1,0,0,0,0
ब्लूटूथ स्पीकर लौटाना है? पहले हमारी हेल्पलाइन पर कॉल करें,obstruction,obstruction,hi,p,help_text,[TAG=p] [ROLE=help_text] ब्लूटूथ स्पीकर लौटाना है? पहले हमारी हेल्पलाइन पर कॉल करें,obstruction:hi:22,synthetic_v1,0,0,0,1,0,0,0,0
Tata Cliq रिफंड के लिए लाइव चैट की मंज़ूरी चाहिए,obstruction,obstruction,hi,div,modal_text,[TAG=div] [ROLE=modal_text] Tata Cliq रिफंड के लिए लाइव चैट की मंज़ूरी चाहिए,obstruction:hi:23,synthetic_v1,0,0,0,1,0,0,0,0
Zepto खाता बन्द गर्न कल सेन्टर लाई लेख्नुहोस्,obstruction,obstruction,ne,a,support_link,[TAG=a] [ROLE=support_link] Zepto खाता बन्द गर्न कल सेन्टर लाई लेख्नुहोस्,obstruction:ne:17,synthetic_v1,0,0,0,1,0,0,0,0
Subscription changes at OkDam are only possible via our support line,obstruction,obstruction,en,p,help_text,[TAG=p] [ROLE=help_text] Subscription changes at OkDam are only possible via our support line,obstruction:en:18,synthetic_v1,0,0,0,1,0,0,0,0
Thulo cancellations require verification through our helpline,obstruction,obstruction,en,div,modal_text,[TAG=div] [ROLE=modal_text] Thulo cancellations require verification through our helpline,obstruction:en:20,synthetic_v1,0,0,0,1,0,0,0,0
BigBasket रद्दीकरणका लागि हाम्रो सपोर्ट नम्बर बाट प्रमाणीकरण आवश्यक छ,obstruction,obstruction,ne,div,modal_text,[TAG=div] [ROLE=modal_text] BigBasket रद्दीकरणका लागि हाम्रो सपोर्ट नम्बर बाट प्रमाणीकरण आवश्यक छ,obstruction:ne:20,synthetic_v1,0,0,0,1,0,0,0,0
ब्लुटुथ स्पिकर फिर्ता गर्नु छ? पहिले हाम्रो इमेल डेस्क मा फोन गर्नुहोस्,obstruction,obstruction,ne,a,support_link,[TAG=a] [ROLE=support_link] ब्लुटुथ स्पिकर फिर्ता गर्नु छ? पहिले हाम्रो इमेल डेस्क मा फोन गर्नुहोस्,obstruction:ne:22,synthetic_v1,0,0,0,1,0,0,0,0
Subscription changes at Meesho are only possible via the call centre,obstruction,obstruction,en,p,help_text,[TAG=p] [ROLE=help_text] Subscription changes at Meesho are only possible via the call centre,obstruction:en:18,synthetic_v1,0,0,0,1,0,0,0,0
स्वतः नवीकरण बन्द गर्न 4 दिनभित्र कल सेन्टर मा सम्पर्क गर्नुहोस्,obstruction,obstruction,ne,div,modal_text,[TAG=div] [ROLE=modal_text] स्वतः नवीकरण बन्द गर्न 4 दिनभित्र कल सेन्टर मा सम्पर्क गर्नुहोस्,obstruction:ne:21,synthetic_v1,0,0,0,1,0,0,0,0
Subscription changes at JioMart are only possible via live chat,obstruction,obstruction,en,div,modal_text,[TAG=div] [ROLE=modal_text] Subscription changes at JioMart are only possible via live chat,obstruction:en:18,synthetic_v1,0,0,0,1,0,0,0,0
"To stop auto-renewal, contact live chat within 3 days",obstruction,obstruction,en,a,support_link,"[TAG=a] [ROLE=support_link] To stop auto-renewal, contact live chat within 3 days",obstruction:en:21,synthetic_v1,0,0,0,1,0,0,0,0
"To stop auto-renewal, contact our email desk within 5 days",obstruction,obstruction,en,p,help_text,"[TAG=p] [ROLE=help_text] To stop auto-renewal, contact our email desk within 5 days",obstruction:en:21,synthetic_v1,0,0,0,1,0,0,0,0
Refunds for noise cancelling headphones must be requested through our Facebook page,obstruction,obstruction,en,a,support_link,[TAG=a] [ROLE=support_link] Refunds for noise cancelling headphones must be requested through our Facebook page,obstruction:en:16,synthetic_v1,0,0,0,1,0,0,0,0
स्कुल ब्याग फिर्ता गर्नु छ? पहिले हाम्रो सपोर्ट नम्बर मा फोन गर्नुहोस्,obstruction,obstruction,ne,a,support_link,[TAG=a] [ROLE=support_link] स्कुल ब्याग फिर्ता गर्नु छ? पहिले हाम्रो सपोर्ट नम्बर मा फोन गर्नुहोस्,obstruction:ne:22,synthetic_v1,0,0,0,1,0,0,0,0
"To downgrade, submit a request from the Mumbai office portal",obstruction,obstruction,en,p,help_text,"[TAG=p] [ROLE=help_text] To downgrade, submit a request from the Mumbai office portal",obstruction:en:12,synthetic_v1,0,0,0,1,0,0,0,0
Thulo डाटा हटाउन हाम्रो हेल्पलाइन लाई लिखित अनुरोध पठाउनुहोस्,obstruction,obstruction,ne,div,modal_text,[TAG=div] [ROLE=modal_text] Thulo डाटा हटाउन हाम्रो हेल्पलाइन लाई लिखित अनुरोध पठाउनुहोस्,obstruction:ne:24,synthetic_v1,0,0,0,1,0,0,0,0
Nykaa अर्डर रद्द गर्न हाम्रो सपोर्ट नम्बर मा सम्पर्क गर्नुहोस्,obstruction,obstruction,ne,p,help_text,[TAG=p] [ROLE=help_text] Nykaa अर्डर रद्द गर्न हाम्रो सपोर्ट नम्बर मा सम्पर्क गर्नुहोस्,obstruction:ne:15,synthetic_v1,0,0,0,1,0,0,0,0
"To stop auto-renewal, contact the call centre within 1 days",obstruction,obstruction,en,p,help_text,"[TAG=p] [ROLE=help_text] To stop auto-renewal, contact the call centre within 1 days",obstruction:en:21,synthetic_v1,0,0,0,1,0,0,0,0
Refunds for air fryer must be requested through our helpline,obstruction,obstruction,en,a,support_link,[TAG=a] [ROLE=support_link] Refunds for air fryer must be requested through our helpline,obstruction:en:16,synthetic_v1,0,0,0,1,0,0,0,0
Nykaa cancellations require verification through the call centre,obstruction,obstruction,en,p,help_text,[TAG=p] [ROLE=help_text] Nykaa cancellations require verification through the call centre,obstruction:en:20,synthetic_v1,0,0,0,1,0,0,0,0
FirstCry पर सब्सक्रिप्शन बदलाव केवल हमारा सपोर्ट नंबर से संभव है,obstruction,obstruction,hi,a,support_link,[TAG=a] [ROLE=support_link] FirstCry पर सब्सक्रिप्शन बदलाव केवल हमारा सपोर्ट नंबर से संभव है,obstruction:hi:18,synthetic_v1,0,0,0,1,0,0,0,0
ऑटो-रिन्यूअल बंद करने के लिए 9 दिन में हमारा Facebook पेज से संपर्क करें,obstruction,obstruction,hi,div,modal_text,[TAG=div] [ROLE=modal_text] ऑटो-रिन्यूअल बंद करने के लिए 9 दिन में हमारा Facebook पेज से संपर्क करें,obstruction:hi:21,synthetic_v1,0,0,0,1,0,0,0,0
Kinbech पर सब्सक्रिप्शन बदलाव केवल हमारा सपोर्ट नंबर से संभव है,obstruction,obstruction,hi,a,support_link,[TAG=a] [ROLE=support_link] Kinbech पर सब्सक्रिप्शन बदलाव केवल हमारा सपोर्ट नंबर से संभव है,obstruction:hi:18,synthetic_v1,0,0,0,1,0,0,0,0
स्वतः नवीकरण बन्द गर्न 2 दिनभित्र हाम्रो इमेल डेस्क मा सम्पर्क गर्नुहोस्,obstruction,obstruction,ne,p,help_text,[TAG=p] [ROLE=help_text] स्वतः नवीकरण बन्द गर्न 2 दिनभित्र हाम्रो इमेल डेस्क मा सम्पर्क गर्नुहोस्,obstruction:ne:21,synthetic_v1,0,0,0,1,0,0,0,0
फोन कभर को रिफन्ड लाइभ च्याट मार्फत मात्र माग्नुहोस्,obstruction,obstruction,ne,p,help_text,[TAG=p] [ROLE=help_text] फोन कभर को रिफन्ड लाइभ च्याट मार्फत मात्र माग्नुहोस्,obstruction:ne:16,synthetic_v1,0,0,0,1,0,0,0,0
वायरलेस ईयरबड्स लौटाना है? पहले हमारा सपोर्ट नंबर पर कॉल करें,obstruction,obstruction,hi,p,help_text,[TAG=p] [ROLE=help_text] वायरलेस ईयरबड्स लौटाना है? पहले हमारा सपोर्ट नंबर पर कॉल करें,obstruction:hi:22,synthetic_v1,0,0,0,1,0,0,0,0
JioMart पर सब्सक्रिप्शन बदलाव केवल हमारी हेल्पलाइन से संभव है,obstruction,obstruction,hi,p,help_text,[TAG=p] [ROLE=help_text] JioMart पर सब्सक्रिप्शन बदलाव केवल हमारी हेल्पलाइन से संभव है,obstruction:hi:18,synthetic_v1,0,0,0,1,0,0,0,0
Gyapu खाता बन्द गर्न हाम्रो Facebook पेज लाई लेख्नुहोस्,obstruction,obstruction,ne,div,modal_text,[TAG=div] [ROLE=modal_text] Gyapu खाता बन्द गर्न हाम्रो Facebook पेज लाई लेख्नुहोस्,obstruction:ne:17,synthetic_v1,0,0,0,1,0,0,0,0
हेयर ड्रायर अर्डरबाट हटाउन हाम्रो Facebook पेज मा सम्पर्क गर्नुहोस्,obstruction,obstruction,ne,p,help_text,[TAG=p] [ROLE=help_text] हेयर ड्रायर अर्डरबाट हटाउन हाम्रो Facebook पेज मा सम्पर्क गर्नुहोस्,obstruction:ne:19,synthetic_v1,0,0,0,1,0,0,0,0
Lenskart खाता बन्द गर्न हाम्रो Viber सपोर्ट लाई लेख्नुहोस्,obstruction,obstruction,ne,div,modal_text,[TAG=div] [ROLE=modal_text] Lenskart खाता बन्द गर्न हाम्रो Viber सपोर्ट लाई लेख्नुहोस्,obstruction:ne:17,synthetic_v1,0,0,0,1,0,0,0,0
Flipkart पर सब्सक्रिप्शन बदलाव केवल कॉल सेंटर से संभव है,obstruction,obstruction,hi,div,modal_text,[TAG=div] [ROLE=modal_text] Flipkart पर सब्सक्रिप्शन बदलाव केवल कॉल सेंटर से संभव है,obstruction:hi:18,synthetic_v1,0,0,0,1,0,0,0,0
HamroBazar डेटा हटाने के लिए लाइव चैट को लिखित अनुरोध भेजें,obstruction,obstruction,hi,div,modal_text,[TAG=div] [ROLE=modal_text] HamroBazar डेटा हटाने के लिए लाइव चैट को लिखित अनुरोध भेजें,obstruction:hi:24,synthetic_v1,0,0,0,1,0,0,0,0
हेयर ड्रायर फिर्ता गर्नु छ? पहिले कल सेन्टर मा फोन गर्नुहोस्,obstruction,obstruction,ne,p,help_text,[TAG=p] [ROLE=help_text] हेयर ड्रायर फिर्ता गर्नु छ? पहिले कल सेन्टर मा फोन गर्नुहोस्,obstruction:ne:22,synthetic_v1,0,0,0,1,0,0,0,0
स्मार्टवाच को रिफन्ड हाम्रो Viber सपोर्ट मार्फत मात्र माग्नुहोस्,obstruction,obstruction,ne,a,support_link,[TAG=a] [ROLE=support_link] स्मार्टवाच को रिफन्ड हाम्रो Viber सपोर्ट मार्फत मात्र माग्नुहोस्,obstruction:ne:16,synthetic_v1,0,0,0,1,0,0,0,0
इंडक्शन चूल्हा को ऑर्डर से हटाने के लिए हमारा WhatsApp नंबर से संपर्क करें,obstruction,obstruction,hi,a,support_link,[TAG=a] [ROLE=support_link] इंडक्शन चूल्हा को ऑर्डर से हटाने के लिए हमारा WhatsApp नंबर से संपर्क करें,obstruction:hi:19,synthetic_v1,0,0,0,1,0,0,0,0
Blinkit डेटा हटाने के लिए हमारा सपोर्ट नंबर को लिखित अनुरोध भेजें,obstruction,obstruction,hi,p,help_text,[TAG=p] [ROLE=help_text] Blinkit डेटा हटाने के लिए हमारा सपोर्ट नंबर को लिखित अनुरोध भेजें,obstruction:hi:24,synthetic_v1,0,0,0,1,0,0,0,0
OkDam खाता बन्द गर्न हाम्रो इमेल डेस्क लाई लेख्नुहोस्,obstruction,obstruction,ne,div,modal_text,[TAG=div] [ROLE=modal_text] OkDam खाता बन्द गर्न हाम्रो इमेल डेस्क लाई लेख्नुहोस्,obstruction:ne:17,synthetic_v1,0,0,0,1,0,0,0,0
Pepperfry मा सदस्यता परिवर्तन हाम्रो WhatsApp नम्बर बाट मात्र सम्भव छ,obstruction,obstruction,ne,p,help_text,[TAG=p] [ROLE=help_text] Pepperfry मा सदस्यता परिवर्तन हाम्रो WhatsApp नम्बर बाट मात्र सम्भव छ,obstruction:ne:18,synthetic_v1,0,0,0,1,0,0,0,0
"To cancel your Lenskart order, contact live chat",obstruction,obstruction,en,a,support_link,"[TAG=a] [ROLE=support_link] To cancel your Lenskart order, contact live chat",obstruction:en:15,synthetic_v1,0,0,0,1,0,0,0,0
राइस कुकर अर्डरबाट हटाउन कल सेन्टर मा सम्पर्क गर्नुहोस्,obstruction,obstruction,ne,a,support_link,[TAG=a] [ROLE=support_link] राइस कुकर अर्डरबाट हटाउन कल सेन्टर मा सम्पर्क गर्नुहोस्,obstruction:ne:19,synthetic_v1,0,0,0,1,0,0,0,0
Reach our Viber support to remove coffee maker from your order,obstruction,obstruction,en,p,help_text,[TAG=p] [ROLE=help_text] Reach our Viber support to remove coffee maker from your order,obstruction:en:19,synthetic_v1,0,0,0,1,0,0,0,0
SastoDeal पर प्रो प्लान डाउनग्रेड करने के लिए हमारा WhatsApp नंबर से संपर्क करें,obstruction,obstruction,hi,a,support_link,[TAG=a] [ROLE=support_link] SastoDeal पर प्रो प्लान डाउनग्रेड करने के लिए हमारा WhatsApp नंबर से संपर्क करें,obstruction:hi:26,synthetic_v1,0,0,0,1,0,0,0,0
स्वतः नवीकरण बन्द गर्न 9 दिनभित्र हाम्रो इमेल डेस्क मा सम्पर्क गर्नुहोस्,obstruction,obstruction,ne,p,help_text,[TAG=p] [ROLE=help_text] स्वतः नवीकरण बन्द गर्न 9 दिनभित्र हाम्रो इमेल डेस्क मा सम्पर्क गर्नुहोस्,obstruction:ne:21,synthetic_v1,0,0,0,1,0,0,0,0
डाउनग्रेड के लिए दिल्ली कार्यालय पोर्टल से अनुरोध करें,obstruction,obstruction,hi,div,modal_text,[TAG=div] [ROLE=modal_text] डाउनग्रेड के लिए दिल्ली कार्यालय पोर्टल से अनुरोध करें,obstruction:hi:12,synthetic_v1,0,0,0,1,0,0,0,0
ऑटो-रिन्यूअल बंद करने के लिए 10 दिन में हमारा सपोर्ट नंबर से संपर्क करें,obstruction,obstruction,hi,p,help_text,[TAG=p] [ROLE=help_text] ऑटो-रिन्यूअल बंद करने के लिए 10 दिन में हमारा सपोर्ट नंबर से संपर्क करें,obstruction:hi:21,synthetic_v1,0,0,0,1,0,0,0,0
Reach our Viber support to remove induction cooktop from your order,obstruction,obstruction,en,p,help_text,[TAG=p] [ROLE=help_text] Reach our Viber support to remove induction cooktop from your order,obstruction:en:19,synthetic_v1,0,0,0,1,0,0,0,0
रद्द करने के लिए 9 कार्यदिवस में संपर्क करें,obstruction,obstruction,hi,div,modal_text,[TAG=div] [ROLE=modal_text] रद्द करने के लिए 9 कार्यदिवस में संपर्क करें,obstruction:hi:05,synthetic_v1,0,0,0,1,0,0,0,0
Subscription changes at Kinbech are only possible via our helpline,obstruction,obstruction,en,p,help_text,[TAG=p] [ROLE=help_text] Subscription changes at Kinbech are only possible via our helpline,obstruction:en:18,synthetic_v1,0,0,0,1,0,0,0,0
Refunds are processed only after 5 days of review,obstruction,obstruction,en,a,support_link,[TAG=a] [ROLE=support_link] Refunds are processed only after 5 days of review,obstruction:en:11,synthetic_v1,0,0,0,1,0,0,0,0
"To cancel your Gyapu order, contact our email desk",obstruction,obstruction,en,div,modal_text,"[TAG=div] [ROLE=modal_text] To cancel your Gyapu order, contact our email desk",obstruction:en:15,synthetic_v1,0,0,0,1,0,0,0,0
राइस कुकर को ऑर्डर से हटाने के लिए लाइव चैट से संपर्क करें,obstruction,obstruction,hi,a,support_link,[TAG=a] [ROLE=support_link] राइस कुकर को ऑर्डर से हटाने के लिए लाइव चैट से संपर्क करें,obstruction:hi:19,synthetic_v1,0,0,0,1,0,0,0,0
Blinkit रिफन्डका लागि कल सेन्टर को स्वीकृति चाहिन्छ,obstruction,obstruction,ne,p,help_text,[TAG=p] [ROLE=help_text] Blinkit रिफन्डका लागि कल सेन्टर को स्वीकृति चाहिन्छ,obstruction:ne:23,synthetic_v1,0,0,0,1,0,0,0,0
Returning noise cancelling headphones? Please call our support line first,obstruction,obstruction,en,p,help_text,[TAG=p] [ROLE=help_text] Returning noise cancelling headphones? Please call our support line first,obstruction:en:22,synthetic_v1,0,0,0,1,0,0,0,0
नॉइज़ कैंसलिंग हेडफोन को ऑर्डर से हटाने के लिए हमारा ईमेल डेस्क से संपर्क करें,obstruction,obstruction,hi,a,support_link,[TAG=a] [ROLE=support_link] नॉइज़ कैंसलिंग हेडफोन को ऑर्डर से हटाने के लिए हमारा ईमेल डेस्क से संपर्क करें,obstruction:hi:19,synthetic_v1,0,0,0,1,0,0,0,0
Your Gyapu refund needs approval from our Facebook page,obstruction,obstruction,en,p,help_text,[TAG=p] [ROLE=help_text] Your Gyapu refund needs approval from our Facebook page,obstruction:en:23,synthetic_v1,0,0,0,1,0,0,0,0
Deleting your Lenskart data requires a written request to our Facebook page,obstruction,obstruction,en,p,help_text,[TAG=p] [ROLE=help_text] Deleting your Lenskart data requires a written request to our Facebook page,obstruction:en:24,synthetic_v1,0,0,0,1,0,0,0,0
Lenskart खाता बंद करने के लिए हमारा Facebook पेज को लिखें,obstruction,obstruction,hi,p,help_text,[TAG=p] [ROLE=help_text] Lenskart खाता बंद करने के लिए हमारा Facebook पेज को लिखें,obstruction:hi:17,synthetic_v1,0,0,0,1,0,0,0,0
फॉर्मल शर्ट एक्सचेंज अनुरोध केवल हमारा ईमेल डेस्क से होगा,obstruction,obstruction,hi,a,support_link,[TAG=a] [ROLE=support_link] फॉर्मल शर्ट एक्सचेंज अनुरोध केवल हमारा ईमेल डेस्क से होगा,obstruction:hi:25,synthetic_v1,0,0,0,1,0,0,0,0
Deleting your Flipkart data requires a written request to our WhatsApp number,obstruction,obstruction,en,a,support_link,[TAG=a] [ROLE=support_link] Deleting your Flipkart data requires a written request to our WhatsApp number,obstruction:en:24,synthetic_v1,0,0,0,1,0,0,0,0
नोइज क्यान्सलिङ हेडफोन को रिफन्ड हाम्रो सपोर्ट नम्बर मार्फत मात्र माग्नुहोस्,obstruction,obstruction,ne,a,support_link,[TAG=a] [ROLE=support_link] नोइज क्यान्सलिङ हेडफोन को रिफन्ड हाम्रो सपोर्ट नम्बर मार्फत मात्र माग्नुहोस्,obstruction:ne:16,synthetic_v1,0,0,0,1,0,0,0,0
इंडक्शन चूल्हा को ऑर्डर से हटाने के लिए हमारा ईमेल डेस्क से संपर्क करें,obstruction,obstruction,hi,a,support_link,[TAG=a] [ROLE=support_link] इंडक्शन चूल्हा को ऑर्डर से हटाने के लिए हमारा ईमेल डेस्क से संपर्क करें,obstruction:hi:19,synthetic_v1,0,0,0,1,0,0,0,0
डाउनग्रेड गर्न बुटवल कार्यालय पोर्टलबाट अनुरोध गर्नुहोस्,obstruction,obstruction,ne,a,support_link,[TAG=a] [ROLE=support_link] डाउनग्रेड गर्न बुटवल कार्यालय पोर्टलबाट अनुरोध गर्नुहोस्,obstruction:ne:12,synthetic_v1,0,0,0,1,0,0,0,0
ल्यापटप ब्याग सट्टा अनुरोध कल सेन्टर बाट मात्र हुन्छ,obstruction,obstruction,ne,div,modal_text,[TAG=div] [ROLE=modal_text] ल्यापटप ब्याग सट्टा अनुरोध कल सेन्टर बाट मात्र हुन्छ,obstruction:ne:25,synthetic_v1,0,0,0,1,0,0,0,0
"To cancel your BigBasket order, contact live chat",obstruction,obstruction,en,a,support_link,"[TAG=a] [ROLE=support_link] To cancel your BigBasket order, contact live chat",obstruction:en:15,synthetic_v1,0,0,0,1,0,0,0,0
स्पोर्ट्स चप्पल को रिफन्ड हाम्रो हेल्पलाइन मार्फत मात्र माग्नुहोस्,obstruction,obstruction,ne,p,help_text,[TAG=p] [ROLE=help_text] स्पोर्ट्स चप्पल को रिफन्ड हाम्रो हेल्पलाइन मार्फत मात्र माग्नुहोस्,obstruction:ne:16,synthetic_v1,0,0,0,1,0,0,0,0
SastoDeal cancellations require verification through live chat,obstruction,obstruction,en,div,modal_text,[TAG=div] [ROLE=modal_text] SastoDeal cancellations require verification through live chat,obstruction:en:20,synthetic_v1,0,0,0,1,0,0,0,0
Reach our Facebook page to remove hair dryer from your order,obstruction,obstruction,en,a,support_link,[TAG=a] [ROLE=support_link] Reach our Facebook page to remove hair dryer from your order,obstruction:en:19,synthetic_v1,0,0,0,1,0,0,0,0
Daraz खाता बंद करने के लिए कॉल सेंटर को लिखें,obstruction,obstruction,hi,div,modal_text,[TAG=div] [ROLE=modal_text] Daraz खाता बंद करने के लिए कॉल सेंटर को लिखें,obstruction:hi:17,synthetic_v1,0,0,0,1,0,0,0,0
Reliance Digital cancellations require verification through live chat,obstruction,obstruction,en,a,support_link,[TAG=a] [ROLE=support_link] Reliance Digital cancellations require verification through live chat,obstruction:en:20,synthetic_v1,0,0,0,1,0,0,0,0
Deleting your Snapdeal data requires a written request to the call centre,obstruction,obstruction,en,p,help_text,[TAG=p] [ROLE=help_text] Deleting your Snapdeal data requires a written request to the call centre,obstruction:en:24,synthetic_v1,0,0,0,1,0,0,0,0
Flipkart खाता बंद करने के लिए हमारा Viber सपोर्ट को लिखें,obstruction,obstruction,hi,p,help_text,[TAG=p] [ROLE=help_text] Flipkart खाता बंद करने के लिए हमारा Viber सपोर्ट को लिखें,obstruction:hi:17,synthetic_v1,0,0,0,1,0,0,0,0
Tata Cliq रद्दीकरण के लिए हमारा WhatsApp नंबर से सत्यापन ज़रूरी है,obstruction,obstruction,hi,a,support_link,[TAG=a] [ROLE=support_link] Tata Cliq रद्दीकरण के लिए हमारा WhatsApp नंबर से सत्यापन ज़रूरी है,obstruction:hi:20,synthetic_v1,0,0,0,1,0,0,0,0
Your Tata Cliq refund needs approval from the call centre,obstruction,obstruction,en,p,help_text,[TAG=p] [ROLE=help_text] Your Tata Cliq refund needs approval from the call centre,obstruction:en:23,synthetic_v1,0,0,0,1,0,0,0,0
BigBasket खाता बन्द गर्न हाम्रो Facebook पेज लाई लेख्नुहोस्,obstruction,obstruction,ne,p,help_text,[TAG=p] [ROLE=help_text] BigBasket खाता बन्द गर्न हाम्रो Facebook पेज लाई लेख्नुहोस्,obstruction:ne:17,synthetic_v1,0,0,0,1,0,0,0,0
Nykaa डेटा हटाने के लिए हमारा ईमेल डेस्क को लिखित अनुरोध भेजें,obstruction,obstruction,hi,p,help_text,[TAG=p] [ROLE=help_text] Nykaa डेटा हटाने के लिए हमारा ईमेल डेस्क को लिखित अनुरोध भेजें,obstruction:hi:24,synthetic_v1,0,0,0,1,0,0,0,0
Amazon रद्दीकरणका लागि हाम्रो इमेल डेस्क बाट प्रमाणीकरण आवश्यक छ,obstruction,obstruction,ne,p,help_text,[TAG=p] [ROLE=help_text] Amazon रद्दीकरणका लागि हाम्रो इमेल डेस्क बाट प्रमाणीकरण आवश्यक छ,obstruction:ne:20,synthetic_v1,0,0,0,1,0,0,0,0
फोन कवर का रिफंड हमारा WhatsApp नंबर के ज़रिये ही मांगें,obstruction,obstruction,hi,a,support_link,[TAG=a] [ROLE=support_link] फोन कवर का रिफंड हमारा WhatsApp नंबर के ज़रिये ही मांगें,obstruction:hi:16,synthetic_v1,0,0,0,1,0,0,0,0
Snapdeal रद्दीकरणका लागि हाम्रो सपोर्ट नम्बर बाट प्रमाणीकरण आवश्यक छ,obstruction,obstruction,ne,div,modal_text,[TAG=div] [ROLE=modal_text] Snapdeal रद्दीकरणका लागि हाम्रो सपोर्ट नम्बर बाट प्रमाणीकरण आवश्यक छ,obstruction:ne:20,synthetic_v1,0,0,0,1,0,0,0,0
"To stop auto-renewal, contact our email desk within 7 days",obstruction,obstruction,en,a,support_link,"[TAG=a] [ROLE=support_link] To stop auto-renewal, contact our email desk within 7 days",obstruction:en:21,synthetic_v1,0,0,0,1,0,0,0,0
Returning running shoes? Please call the call centre first,obstruction,obstruction,en,a,support_link,[TAG=a] [ROLE=support_link] Returning running shoes? Please call the call centre first,obstruction:en:22,synthetic_v1,0,0,0,1,0,0,0,0
स्वतः नवीकरण बन्द गर्न 7 दिनभित्र हाम्रो WhatsApp नम्बर मा सम्पर्क गर्नुहोस्,obstruction,obstruction,ne,a,support_link,[TAG=a] [ROLE=support_link] स्वतः नवीकरण बन्द गर्न 7 दिनभित्र हाम्रो WhatsApp नम्बर मा सम्पर्क गर्नुहोस्,obstruction:ne:21,synthetic_v1,0,0,0,1,0,0,0,0
Snapdeal खाता बंद करने के लिए हमारा ईमेल डेस्क को लिखें,obstruction,obstruction,hi,div,modal_text,[TAG=div] [ROLE=modal_text] Snapdeal खाता बंद करने के लिए हमारा ईमेल डेस्क को लिखें,obstruction:hi:17,synthetic_v1,0,0,0,1,0,0,0,0
Returning coffee maker? Please call our support line first,obstruction,obstruction,en,p,help_text,[TAG=p] [ROLE=help_text] Returning coffee maker? Please call our support line first,obstruction:en:22,synthetic_v1,0,0,0,1,0,0,0,0
ऑटो-रिन्यूअल बंद करने के लिए 9 दिन में हमारा Viber सपोर्ट से संपर्क करें,obstruction,obstruction,hi,p,help_text,[TAG=p] [ROLE=help_text] ऑटो-रिन्यूअल बंद करने के लिए 9 दिन में हमारा Viber सपोर्ट से संपर्क करें,obstruction:hi:21,synthetic_v1,0,0,0,1,0,0,0,0
Pepperfry खाता बन्द गर्न हाम्रो Viber सपोर्ट लाई लेख्नुहोस्,obstruction,obstruction,ne,div,modal_text,[TAG=div] [ROLE=modal_text] Pepperfry खाता बन्द गर्न हाम्रो Viber सपोर्ट लाई लेख्नुहोस्,obstruction:ne:17,synthetic_v1,0,0,0,1,0,0,0,0
Snapdeal खाता बन्द गर्न लाइभ च्याट लाई लेख्नुहोस्,obstruction,obstruction,ne,p,help_text,[TAG=p] [ROLE=help_text] Snapdeal खाता बन्द गर्न लाइभ च्याट लाई लेख्नुहोस्,obstruction:ne:17,synthetic_v1,0,0,0,1,0,0,0,0
फोन कवर एक्सचेंज अनुरोध केवल हमारा Viber सपोर्ट से होगा,obstruction,obstruction,hi,a,support_link,[TAG=a] [ROLE=support_link] फोन कवर एक्सचेंज अनुरोध केवल हमारा Viber सपोर्ट से होगा,obstruction:hi:25,synthetic_v1,0,0,0,1,0,0,0,0
योगा म्याट अर्डरबाट हटाउन लाइभ च्याट मा सम्पर्क गर्नुहोस्,obstruction,obstruction,ne,p,help_text,[TAG=p] [ROLE=help_text] योगा म्याट अर्डरबाट हटाउन लाइभ च्याट मा सम्पर्क गर्नुहोस्,obstruction:ne:19,synthetic_v1,0,0,0,1,0,0,0,0
Croma अर्डर रद्द गर्न लाइभ च्याट मा सम्पर्क गर्नुहोस्,obstruction,obstruction,ne,p,help_text,[TAG=p] [ROLE=help_text] Croma अर्डर रद्द गर्न लाइभ च्याट मा सम्पर्क गर्नुहोस्,obstruction:ne:15,synthetic_v1,0,0,0,1,0,0,0,0
ट्रेकिंग जैकेट लौटाना है? पहले हमारा सपोर्ट नंबर पर कॉल करें,obstruction,obstruction,hi,a,support_link,[TAG=a] [ROLE=support_link] ट्रेकिंग जैकेट लौटाना है? पहले हमारा सपोर्ट नंबर पर कॉल करें,obstruction:hi:22,synthetic_v1,0,0,0,1,0,0,0,0
"To stop auto-renewal, contact our email desk within 1 days",obstruction,obstruction,en,a,support_link,"[TAG=a] [ROLE=support_link] To stop auto-renewal, contact our email desk within 1 days",obstruction:en:21,synthetic_v1,0,0,0,1,0,0,0,0
Refunds are processed only after 7 days of review,obstruction,obstruction,en,div,modal_text,[TAG=div] [ROLE=modal_text] Refunds are processed only after 7 days of review,obstruction:en:11,synthetic_v1,0,0,0,1,0,0,0,0
Snapdeal cancellations require verification through our email desk,obstruction,obstruction,en,p,help_text,[TAG=p] [ROLE=help_text] Snapdeal cancellations require verification through our email desk,obstruction:en:20,synthetic_v1,0,0,0,1,0,0,0,0
इलेक्ट्रिक केतली फिर्ता गर्नु छ? पहिले कल सेन्टर मा फोन गर्नुहोस्,obstruction,obstruction,ne,div,modal_text,[TAG=div] [ROLE=modal_text] इलेक्ट्रिक केतली फिर्ता गर्नु छ? पहिले कल सेन्टर मा फोन गर्नुहोस्,obstruction:ne:22,synthetic_v1,0,0,0,1,0,0,0,0
इलेक्ट्रिक केटल लौटाना है? पहले हमारी हेल्पलाइन पर कॉल करें,obstruction,obstruction,hi,p,help_text,[TAG=p] [ROLE=help_text] इलेक्ट्रिक केटल लौटाना है? पहले हमारी हेल्पलाइन पर कॉल करें,obstruction:hi:22,synthetic_v1,0,0,0,1,0,0,0,0
Reliance Digital अर्डर रद्द गर्न हाम्रो WhatsApp नम्बर मा सम्पर्क गर्नुहोस्,obstruction,obstruction,ne,a,support_link,[TAG=a] [ROLE=support_link] Reliance Digital अर्डर रद्द गर्न हाम्रो WhatsApp नम्बर मा सम्पर्क गर्नुहोस्,obstruction:ne:15,synthetic_v1,0,0,0,1,0,0,0,0
Nykaa रिफन्डका लागि कल सेन्टर को स्वीकृति चाहिन्छ,obstruction,obstruction,ne,div,modal_text,[TAG=div] [ROLE=modal_text] Nykaa रिफन्डका लागि कल सेन्टर को स्वीकृति चाहिन्छ,obstruction:ne:23,synthetic_v1,0,0,0,1,0,0,0,0
FirstCry पर सब्सक्रिप्शन बदलाव केवल हमारा WhatsApp नंबर से संभव है,obstruction,obstruction,hi,p,help_text,[TAG=p] [ROLE=help_text] FirstCry पर सब्सक्रिप्शन बदलाव केवल हमारा WhatsApp नंबर से संभव है,obstruction:hi:18,synthetic_v1,0,0,0,1,0,0,0,0
Lenskart पर सब्सक्रिप्शन बदलाव केवल हमारा ईमेल डेस्क से संभव है,obstruction,obstruction,hi,p,help_text,[TAG=p] [ROLE=help_text] Lenskart पर सब्सक्रिप्शन बदलाव केवल हमारा ईमेल डेस्क से संभव है,obstruction:hi:18,synthetic_v1,0,0,0,1,0,0,0,0
रनिंग शूज़ एक्सचेंज अनुरोध केवल हमारी हेल्पलाइन से होगा,obstruction,obstruction,hi,a,support_link,[TAG=a] [ROLE=support_link] रनिंग शूज़ एक्सचेंज अनुरोध केवल हमारी हेल्पलाइन से होगा,obstruction:hi:25,synthetic_v1,0,0,0,1,0,0,0,0
wireless earbuds exchange requests go through our helpline only,obstruction,obstruction,en,a,support_link,[TAG=a] [ROLE=support_link] wireless earbuds exchange requests go through our helpline only,obstruction:en:25,synthetic_v1,0,0,0,1,0,0,0,0
Ajio अर्डर रद्द गर्न हाम्रो Facebook पेज मा सम्पर्क गर्नुहोस्,obstruction,obstruction,ne,a,support_link,[TAG=a] [ROLE=support_link] Ajio अर्डर रद्द गर्न हाम्रो Facebook पेज मा सम्पर्क गर्नुहोस्,obstruction:ne:15,synthetic_v1,0,0,0,1,0,0,0,0
"To stop auto-renewal, contact the call centre within 6 days",obstruction,obstruction,en,a,support_link,"[TAG=a] [ROLE=support_link] To stop auto-renewal, contact the call centre within 6 days",obstruction:en:21,synthetic_v1,0,0,0,1,0,0,0,0
कॉफी मेकर को ऑर्डर से हटाने के लिए हमारा ईमेल डेस्क से संपर्क करें,obstruction,obstruction,hi,div,modal_text,[TAG=div] [ROLE=modal_text] कॉफी मेकर को ऑर्डर से हटाने के लिए हमारा ईमेल डेस्क से संपर्क करें,obstruction:hi:19,synthetic_v1,0,0,0,1,0,0,0,0
इलेक्ट्रिक केतली को रिफन्ड हाम्रो सपोर्ट नम्बर मार्फत मात्र माग्नुहोस्,obstruction,obstruction,ne,a,support_link,[TAG=a] [ROLE=support_link] इलेक्ट्रिक केतली को रिफन्ड हाम्रो सपोर्ट नम्बर मार्फत मात्र माग्नुहोस्,obstruction:ne:16,synthetic_v1,0,0,0,1,0,0,0,0
इलेक्ट्रिक केतली को रिफन्ड हाम्रो हेल्पलाइन मार्फत मात्र माग्नुहोस्,obstruction,obstruction,ne,p,help_text,[TAG=p] [ROLE=help_text] इलेक्ट्रिक केतली को रिफन्ड हाम्रो हेल्पलाइन मार्फत मात्र माग्नुहोस्,obstruction:ne:16,synthetic_v1,0,0,0,1,0,0,0,0
Lenskart रद्दीकरण के लिए हमारा WhatsApp नंबर से सत्यापन ज़रूरी है,obstruction,obstruction,hi,p,help_text,[TAG=p] [ROLE=help_text] Lenskart रद्दीकरण के लिए हमारा WhatsApp नंबर से सत्यापन ज़रूरी है,obstruction:hi:20,synthetic_v1,0,0,0,1,0,0,0,0
Reach our email desk to remove noise cancelling headphones from your order,obstruction,obstruction,en,p,help_text,[TAG=p] [ROLE=help_text] Reach our email desk to remove noise cancelling headphones from your order,obstruction:en:19,synthetic_v1,0,0,0,1,0,0,0,0
प्रोटिन पाउडर सट्टा अनुरोध हाम्रो Facebook पेज बाट मात्र हुन्छ,obstruction,obstruction,ne,div,modal_text,[TAG=div] [ROLE=modal_text] प्रोटिन पाउडर सट्टा अनुरोध हाम्रो Facebook पेज बाट मात्र हुन्छ,obstruction:ne:25,synthetic_v1,0,0,0,1,0,0,0,0
Tata Cliq रिफन्डका लागि हाम्रो Facebook पेज को स्वीकृति चाहिन्छ,obstruction,obstruction,ne,a,support_link,[TAG=a] [ROLE=support_link] Tata Cliq रिफन्डका लागि हाम्रो Facebook पेज को स्वीकृति चाहिन्छ,obstruction:ne:23,synthetic_v1,0,0,0,1,0,0,0,0
Deleting your SastoDeal data requires a written request to live chat,obstruction,obstruction,en,div,modal_text,[TAG=div] [ROLE=modal_text] Deleting your SastoDeal data requires a written request to live chat,obstruction:en:24,synthetic_v1,0,0,0,1,0,0,0,0
रद्द करने के लिए 12 कार्यदिवस में संपर्क करें,obstruction,obstruction,hi,p,help_text,[TAG=p] [ROLE=help_text] रद्द करने के लिए 12 कार्यदिवस में संपर्क करें,obstruction:hi:05,synthetic_v1,0,0,0,1,0,0,0,0
डेनिम जिन्स को रिफन्ड हाम्रो Facebook पेज मार्फत मात्र माग्नुहोस्,obstruction,obstruction,ne,a,support_link,[TAG=a] [ROLE=support_link] डेनिम जिन्स को रिफन्ड हाम्रो Facebook पेज मार्फत मात्र माग्नुहोस्,obstruction:ne:16,synthetic_v1,0,0,0,1,0,0,0,0
क्या आप निश्चित हैं? रद्द करने के लिए चरण 1 पर जाएं,obstruction,obstruction,hi,p,help_text,[TAG=p] [ROLE=help_text] क्या आप निश्चित हैं? रद्द करने के लिए चरण 1 पर जाएं,obstruction:hi:10,synthetic_v1,0,0,0,1,0,0,0,0
डाउनग्रेड गर्न बाँके कार्यालय पोर्टलबाट अनुरोध गर्नुहोस्,obstruction,obstruction,ne,p,help_text,[TAG=p] [ROLE=help_text] डाउनग्रेड गर्न बाँके कार्यालय पोर्टलबाट अनुरोध गर्नुहोस्,obstruction:ne:12,synthetic_v1,0,0,0,1,0,0,0,0
"To stop auto-renewal, contact our email desk within 6 days",obstruction,obstruction,en,div,modal_text,"[TAG=div] [ROLE=modal_text] To stop auto-renewal, contact our email desk within 6 days",obstruction:en:21,synthetic_v1,0,0,0,1,0,0,0,0
OkDam cancellations require verification through our WhatsApp number,obstruction,obstruction,en,div,modal_text,[TAG=div] [ROLE=modal_text] OkDam cancellations require verification through our WhatsApp number,obstruction:en:20,synthetic_v1,0,0,0,1,0,0,0,0
Thulo पर सब्सक्रिप्शन बदलाव केवल हमारा ईमेल डेस्क से संभव है,obstruction,obstruction,hi,div,modal_text,[TAG=div] [ROLE=modal_text] Thulo पर सब्सक्रिप्शन बदलाव केवल हमारा ईमेल डेस्क से संभव है,obstruction:hi:18,synthetic_v1,0,0,0,1,0,0,0,0
Reliance Digital पर सब्सक्रिप्शन बदलाव केवल हमारा ईमेल डेस्क से संभव है,obstruction,obstruction,hi,div,modal_text,[TAG=div] [ROLE=modal_text] Reliance Digital पर सब्सक्रिप्शन बदलाव केवल हमारा ईमेल डेस्क से संभव है,obstruction:hi:18,synthetic_v1,0,0,0,1,0,0,0,0
"To unsubscribe, log in and visit your preferences page",obstruction,obstruction,en,a,support_link,"[TAG=a] [ROLE=support_link] To unsubscribe, log in and visit your preferences page",obstruction:en:03,synthetic_v1,0,0,0,1,0,0,0,0
Kinbech अर्डर रद्द गर्न लाइभ च्याट मा सम्पर्क गर्नुहोस्,obstruction,obstruction,ne,a,support_link,[TAG=a] [ROLE=support_link] Kinbech अर्डर रद्द गर्न लाइभ च्याट मा सम्पर्क गर्नुहोस्,obstruction:ne:15,synthetic_v1,0,0,0,1,0,0,0,0
Amazon अर्डर रद्द गर्न हाम्रो हेल्पलाइन मा सम्पर्क गर्नुहोस्,obstruction,obstruction,ne,a,support_link,[TAG=a] [ROLE=support_link] Amazon अर्डर रद्द गर्न हाम्रो हेल्पलाइन मा सम्पर्क गर्नुहोस्,obstruction:ne:15,synthetic_v1,0,0,0,1,0,0,0,0
"To stop auto-renewal, contact the call centre within 5 days",obstruction,obstruction,en,a,support_link,"[TAG=a] [ROLE=support_link] To stop auto-renewal, contact the call centre within 5 days",obstruction:en:21,synthetic_v1,0,0,0,1,0,0,0,0
SastoDeal खाता बन्द गर्न लाइभ च्याट लाई लेख्नुहोस्,obstruction,obstruction,ne,div,modal_text,[TAG=div] [ROLE=modal_text] SastoDeal खाता बन्द गर्न लाइभ च्याट लाई लेख्नुहोस्,obstruction:ne:17,synthetic_v1,0,0,0,1,0,0,0,0
denim jeans exchange requests go through the call centre only,obstruction,obstruction,en,div,modal_text,[TAG=div] [ROLE=modal_text] denim jeans exchange requests go through the call centre only,obstruction:en:25,synthetic_v1,0,0,0,1,0,0,0,0
रिटर्न अनुरोध 1 दिनों में फोन से करना होगा,obstruction,obstruction,hi,div,modal_text,[TAG=div] [ROLE=modal_text] रिटर्न अनुरोध 1 दिनों में फोन से करना होगा,obstruction:hi:13,synthetic_v1,0,0,0,1,0,0,0,0
"To close your Myntra account, write to our helpline",obstruction,obstruction,en,a,support_link,"[TAG=a] [ROLE=support_link] To close your Myntra account, write to our helpline",obstruction:en:17,synthetic_v1,0,0,0,1,0,0,0,0
Tata Cliq रिफन्डका लागि हाम्रो सपोर्ट नम्बर को स्वीकृति चाहिन्छ,obstruction,obstruction,ne,a,support_link,[TAG=a] [ROLE=support_link] Tata Cliq रिफन्डका लागि हाम्रो सपोर्ट नम्बर को स्वीकृति चाहिन्छ,obstruction:ne:23,synthetic_v1,0,0,0,1,0,0,0,0
Your Meesho refund needs approval from live chat,obstruction,obstruction,en,p,help_text,[TAG=p] [ROLE=help_text] Your Meesho refund needs approval from live chat,obstruction:en:23,synthetic_v1,0,0,0,1,0,0,0,0
Salesberry पर सब्सक्रिप्शन बदलाव केवल लाइव चैट से संभव है,obstruction,obstruction,hi,div,modal_text,[TAG=div] [ROLE=modal_text] Salesberry पर सब्सक्रिप्शन बदलाव केवल लाइव चैट से संभव है,obstruction:hi:18,synthetic_v1,0,0,0,1,0,0,0,0
Reach our WhatsApp number to remove formal shirt from your order,obstruction,obstruction,en,a,support_link,[TAG=a] [ROLE=support_link] Reach our WhatsApp number to remove formal shirt from your order,obstruction:en:19,synthetic_v1,0,0,0,1,0,0,0,0
Daraz रद्दीकरणका लागि हाम्रो WhatsApp नम्बर बाट प्रमाणीकरण आवश्यक छ,obstruction,obstruction,ne,div,modal_text,[TAG=div] [ROLE=modal_text] Daraz रद्दीकरणका लागि हाम्रो WhatsApp नम्बर बाट प्रमाणीकरण आवश्यक छ,obstruction:ne:20,synthetic_v1,0,0,0,1,0,0,0,0
HamroBazar पर सब्सक्रिप्शन बदलाव केवल हमारा Viber सपोर्ट से संभव है,obstruction,obstruction,hi,div,modal_text,[TAG=div] [ROLE=modal_text] HamroBazar पर सब्सक्रिप्शन बदलाव केवल हमारा Viber सपोर्ट से संभव है,obstruction:hi:18,synthetic_v1,0,0,0,1,0,0,0,0
"To downgrade your Gold plan at Tata Cliq, contact the call centre",obstruction,obstruction,en,div,modal_text,"[TAG=div] [ROLE=modal_text] To downgrade your Gold plan at Tata Cliq, contact the call centre",obstruction:en:26,synthetic_v1,0,0,0,1,0,0,0,0
वायरलेस ईयरबड्स को ऑर्डर से हटाने के लिए कॉल सेंटर से संपर्क करें,obstruction,obstruction,hi,div,modal_text,[TAG=div] [ROLE=modal_text] वायरलेस ईयरबड्स को ऑर्डर से हटाने के लिए कॉल सेंटर से संपर्क करें,obstruction:hi:19,synthetic_v1,0,0,0,1,0,0,0,0
Pepperfry रिफंड के लिए लाइव चैट की मंज़ूरी चाहिए,obstruction,obstruction,hi,p,help_text,[TAG=p] [ROLE=help_text] Pepperfry रिफंड के लिए लाइव चैट की मंज़ूरी चाहिए,obstruction:hi:23,synthetic_v1,0,0,0,1,0,0,0,0
Reach live chat to remove trekking jacket from your order,obstruction,obstruction,en,div,modal_text,[TAG=div] [ROLE=modal_text] Reach live chat to remove trekking jacket from your order,obstruction:en:19,synthetic_v1,0,0,0,1,0,0,0,0
Reach live chat to remove backpack from your order,obstruction,obstruction,en,p,help_text,[TAG=p] [ROLE=help_text] Reach live chat to remove backpack from your order,obstruction:en:19,synthetic_v1,0,0,0,1,0,0,0,0
Blinkit रद्दीकरणका लागि हाम्रो WhatsApp नम्बर बाट प्रमाणीकरण आवश्यक छ,obstruction,obstruction,ne,div,modal_text,[TAG=div] [ROLE=modal_text] Blinkit रद्दीकरणका लागि हाम्रो WhatsApp नम्बर बाट प्रमाणीकरण आवश्यक छ,obstruction:ne:20,synthetic_v1,0,0,0,1,0,0,0,0
HamroBazar मा सदस्यता परिवर्तन कल सेन्टर बाट मात्र सम्भव छ,obstruction,obstruction,ne,div,modal_text,[TAG=div] [ROLE=modal_text] HamroBazar मा सदस्यता परिवर्तन कल सेन्टर बाट मात्र सम्भव छ,obstruction:ne:18,synthetic_v1,0,0,0,1,0,0,0,0
Meesho मा प्लस प्लान डाउनग्रेड गर्न हाम्रो इमेल डेस्क मा सम्पर्क गर्नुहोस्,obstruction,obstruction,ne,p,help_text,[TAG=p] [ROLE=help_text] Meesho मा प्लस प्लान डाउनग्रेड गर्न हाम्रो इमेल डेस्क मा सम्पर्क गर्नुहोस्,obstruction:ne:26,synthetic_v1,0,0,0,1,0,0,0,0
"To stop auto-renewal, contact our WhatsApp number within 7 days",obstruction,obstruction,en,p,help_text,"[TAG=p] [ROLE=help_text] To stop auto-renewal, contact our WhatsApp number within 7 days",obstruction:en:21,synthetic_v1,0,0,0,1,0,0,0,0
"To downgrade, submit a request from the Bhaktapur office portal",obstruction,obstruction,en,div,modal_text,"[TAG=div] [ROLE=modal_text] To downgrade, submit a request from the Bhaktapur office portal",obstruction:en:12,synthetic_v1,0,0,0,1,0,0,0,0
Salesberry अर्डर रद्द गर्न हाम्रो हेल्पलाइन मा सम्पर्क गर्नुहोस्,obstruction,obstruction,ne,p,help_text,[TAG=p] [ROLE=help_text] Salesberry अर्डर रद्द गर्न हाम्रो हेल्पलाइन मा सम्पर्क गर्नुहोस्,obstruction:ne:15,synthetic_v1,0,0,0,1,0,0,0,0
Zepto रद्दीकरण के लिए हमारी हेल्पलाइन से सत्यापन ज़रूरी है,obstruction,obstruction,hi,div,modal_text,[TAG=div] [ROLE=modal_text] Zepto रद्दीकरण के लिए हमारी हेल्पलाइन से सत्यापन ज़रूरी है,obstruction:hi:20,synthetic_v1,0,0,0,1,0,0,0,0
घामको चस्मा अर्डरबाट हटाउन हाम्रो सपोर्ट नम्बर मा सम्पर्क गर्नुहोस्,obstruction,obstruction,ne,p,help_text,[TAG=p] [ROLE=help_text] घामको चस्मा अर्डरबाट हटाउन हाम्रो सपोर्ट नम्बर मा सम्पर्क गर्नुहोस्,obstruction:ne:19,synthetic_v1,0,0,0,1,0,0,0,0
क्या आप निश्चित हैं? रद्द करने के लिए चरण 6 पर जाएं,obstruction,obstruction,hi,p,help_text,[TAG=p] [ROLE=help_text] क्या आप निश्चित हैं? रद्द करने के लिए चरण 6 पर जाएं,obstruction:hi:10,synthetic_v1,0,0,0,1,0,0,0,0
Returning study lamp? Please call the call centre first,obstruction,obstruction,en,div,modal_text,[TAG=div] [ROLE=modal_text] Returning study lamp? Please call the call centre first,obstruction:en:22,synthetic_v1,0,0,0,1,0,0,0,0
Thulo खाता बंद करने के लिए हमारा ईमेल डेस्क को लिखें,obstruction,obstruction,hi,div,modal_text,[TAG=div] [ROLE=modal_text] Thulo खाता बंद करने के लिए हमारा ईमेल डेस्क को लिखें,obstruction:hi:17,synthetic_v1,0,0,0,1,0,0,0,0
Refunds for yoga mat must be requested through our helpline,obstruction,obstruction,en,a,support_link,[TAG=a] [ROLE=support_link] Refunds for yoga mat must be requested through our helpline,obstruction:en:16,synthetic_v1,0,0,0,1,0,0,0,0
रद्द गर्न 5 कार्य दिनभित्र सम्पर्क गर्नुहोस्,obstruction,obstruction,ne,p,help_text,[TAG=p] [ROLE=help_text] रद्द गर्न 5 कार्य दिनभित्र सम्पर्क गर्नुहोस्,obstruction:ne:05,synthetic_v1,0,0,0,1,0,0,0,0
Salesberry रिफंड के लिए हमारा ईमेल डेस्क की मंज़ूरी चाहिए,obstruction,obstruction,hi,div,modal_text,[TAG=div] [ROLE=modal_text] Salesberry रिफंड के लिए हमारा ईमेल डेस्क की मंज़ूरी चाहिए,obstruction:hi:23,synthetic_v1,0,0,0,1,0,0,0,0
Blinkit रिफंड के लिए हमारा Facebook पेज की मंज़ूरी चाहिए,obstruction,obstruction,hi,a,support_link,[TAG=a] [ROLE=support_link] Blinkit रिफंड के लिए हमारा Facebook पेज की मंज़ूरी चाहिए,obstruction:hi:23,synthetic_v1,0,0,0,1,0,0,0,0
धूप का चश्मा को ऑर्डर से हटाने के लिए हमारा सपोर्ट नंबर से संपर्क करें,obstruction,obstruction,hi,p,help_text,[TAG=p] [ROLE=help_text] धूप का चश्मा को ऑर्डर से हटाने के लिए हमारा सपोर्ट नंबर से संपर्क करें,obstruction:hi:19,synthetic_v1,0,0,0,1,0,0,0,0
Refunds are processed only after 3 days of review,obstruction,obstruction,en,a,support_link,[TAG=a] [ROLE=support_link] Refunds are processed only after 3 days of review,obstruction:en:11,synthetic_v1,0,0,0,1,0,0,0,0
HamroBazar अर्डर रद्द गर्न कल सेन्टर मा सम्पर्क गर्नुहोस्,obstruction,obstruction,ne,div,modal_text,[TAG=div] [ROLE=modal_text] HamroBazar अर्डर रद्द गर्न कल सेन्टर मा सम्पर्क गर्नुहोस्,obstruction:ne:15,synthetic_v1,0,0,0,1,0,0,0,0
"To downgrade your Prime plan at Meesho, contact our Viber support",obstruction,obstruction,en,a,support_link,"[TAG=a] [ROLE=support_link] To downgrade your Prime plan at Meesho, contact our Viber support",obstruction:en:26,synthetic_v1,0,0,0,1,0,0,0,0
इलेक्ट्रिक केटल का रिफंड हमारा ईमेल डेस्क के ज़रिये ही मांगें,obstruction,obstruction,hi,a,support_link,[TAG=a] [ROLE=support_link] इलेक्ट्रिक केटल का रिफंड हमारा ईमेल डेस्क के ज़रिये ही मांगें,obstruction:hi:16,synthetic_v1,0,0,0,1,0,0,0,0
पानीको बोतल को रिफन्ड लाइभ च्याट मार्फत मात्र माग्नुहोस्,obstruction,obstruction,ne,a,support_link,[TAG=a] [ROLE=support_link] पानीको बोतल को रिफन्ड लाइभ च्याट मार्फत मात्र माग्नुहोस्,obstruction:ne:16,synthetic_v1,0,0,0,1,0,0,0,0
"To close your Muncha account, write to our Facebook page",obstruction,obstruction,en,p,help_text,"[TAG=p] [ROLE=help_text] To close your Muncha account, write to our Facebook page",obstruction:en:17,synthetic_v1,0,0,0,1,0,0,0,0
फर्मल सर्ट को रिफन्ड कल सेन्टर मार्फत मात्र माग्नुहोस्,obstruction,obstruction,ne,a,support_link,[TAG=a] [ROLE=support_link] फर्मल सर्ट को रिफन्ड कल सेन्टर मार्फत मात्र माग्नुहोस्,obstruction:ne:16,synthetic_v1,0,0,0,1,0,0,0,0
laptop bag exchange requests go through our Facebook page only,obstruction,obstruction,en,div,modal_text,[TAG=div] [ROLE=modal_text] laptop bag exchange requests go through our Facebook page only,obstruction:en:25,synthetic_v1,0,0,0,1,0,0,0,0
नोइज क्यान्सलिङ हेडफोन को रिफन्ड हाम्रो WhatsApp नम्बर मार्फत मात्र माग्नुहोस्,obstruction,obstruction,ne,p,help_text,[TAG=p] [ROLE=help_text] नोइज क्यान्सलिङ हेडफोन को रिफन्ड हाम्रो WhatsApp नम्बर मार्फत मात्र माग्नुहोस्,obstruction:ne:16,synthetic_v1,0,0,0,1,0,0,0,0
Deleting your Lenskart data requires a written request to our support line,obstruction,obstruction,en,p,help_text,[TAG=p] [ROLE=help_text] Deleting your Lenskart data requires a written request to our support line,obstruction:en:24,synthetic_v1,0,0,0,1,0,0,0,0
Refunds for protein powder must be requested through our WhatsApp number,obstruction,obstruction,en,p,help_text,[TAG=p] [ROLE=help_text] Refunds for protein powder must be requested through our WhatsApp number,obstruction:en:16,synthetic_v1,0,0,0,1,0,0,0,0
रिटर्न अनुरोध 5 दिनों में फोन से करना होगा,obstruction,obstruction,hi,p,help_text,[TAG=p] [ROLE=help_text] रिटर्न अनुरोध 5 दिनों में फोन से करना होगा,obstruction:hi:13,synthetic_v1,0,0,0,1,0,0,0,0
"To cancel your Amazon order, contact our email desk",obstruction,obstruction,en,p,help_text,"[TAG=p] [ROLE=help_text] To cancel your Amazon order, contact our email desk",obstruction:en:15,synthetic_v1,0,0,0,1,0,0,0,0
इलेक्ट्रिक केतली को रिफन्ड हाम्रो WhatsApp नम्बर मार्फत मात्र माग्नुहोस्,obstruction,obstruction,ne,div,modal_text,[TAG=div] [ROLE=modal_text] इलेक्ट्रिक केतली को रिफन्ड हाम्रो WhatsApp नम्बर मार्फत मात्र माग्नुहोस्,obstruction:ne:16,synthetic_v1,0,0,0,1,0,0,0,0
राइस कुकर को ऑर्डर से हटाने के लिए हमारा Facebook पेज से संपर्क करें,obstruction,obstruction,hi,a,support_link,[TAG=a] [ROLE=support_link] राइस कुकर को ऑर्डर से हटाने के लिए हमारा Facebook पेज से संपर्क करें,obstruction:hi:19,synthetic_v1,0,0,0,1,0,0,0,0
running shoes exchange requests go through our support line only,obstruction,obstruction,en,p,help_text,[TAG=p] [ROLE=help_text] running shoes exchange requests go through our support line only,obstruction:en:25,synthetic_v1,0,0,0,1,0,0,0,0
HamroBazar पर सब्सक्रिप्शन बदलाव केवल हमारा WhatsApp नंबर से संभव है,obstruction,obstruction,hi,p,help_text,[TAG=p] [ROLE=help_text] HamroBazar पर सब्सक्रिप्शन बदलाव केवल हमारा WhatsApp नंबर से संभव है,obstruction:hi:18,synthetic_v1,0,0,0,1,0,0,0,0
Lenskart खाता बन्द गर्न हाम्रो इमेल डेस्क लाई लेख्नुहोस्,obstruction,obstruction,ne,a,support_link,[TAG=a] [ROLE=support_link] Lenskart खाता बन्द गर्न हाम्रो इमेल डेस्क लाई लेख्नुहोस्,obstruction:ne:17,synthetic_v1,0,0,0,1,0,0,0,0
Refunds for study lamp must be requested through our email desk,obstruction,obstruction,en,div,modal_text,[TAG=div] [ROLE=modal_text] Refunds for study lamp must be requested through our email desk,obstruction:en:16,synthetic_v1,0,0,0,1,0,0,0,0
हेयर ड्रायर अर्डरबाट हटाउन कल सेन्टर मा सम्पर्क गर्नुहोस्,obstruction,obstruction,ne,div,modal_text,[TAG=div] [ROLE=modal_text] हेयर ड्रायर अर्डरबाट हटाउन कल सेन्टर मा सम्पर्क गर्नुहोस्,obstruction:ne:19,synthetic_v1,0,0,0,1,0,0,0,0
Ajio डाटा हटाउन कल सेन्टर लाई लिखित अनुरोध पठाउनुहोस्,obstruction,obstruction,ne,p,help_text,[TAG=p] [ROLE=help_text] Ajio डाटा हटाउन कल सेन्टर लाई लिखित अनुरोध पठाउनुहोस्,obstruction:ne:24,synthetic_v1,0,0,0,1,0,0,0,0
एयर फ्रायर को रिफन्ड हाम्रो हेल्पलाइन मार्फत मात्र माग्नुहोस्,obstruction,obstruction,ne,a,support_link,[TAG=a] [ROLE=support_link] एयर फ्रायर को रिफन्ड हाम्रो हेल्पलाइन मार्फत मात्र माग्नुहोस्,obstruction:ne:16,synthetic_v1,0,0,0,1,0,0,0,0
स्कुल ब्याग को रिफन्ड हाम्रो हेल्पलाइन मार्फत मात्र माग्नुहोस्,obstruction,obstruction,ne,div,modal_text,[TAG=div] [ROLE=modal_text] स्कुल ब्याग को रिफन्ड हाम्रो हेल्पलाइन मार्फत मात्र माग्नुहोस्,obstruction:ne:16,synthetic_v1,0,0,0,1,0,0,0,0
"To downgrade your Premium plan at Meesho, contact our Viber support",obstruction,obstruction,en,p,help_text,"[TAG=p] [ROLE=help_text] To downgrade your Premium plan at Meesho, contact our Viber support",obstruction:en:26,synthetic_v1,0,0,0,1,0,0,0,0
"To close your Gyapu account, write to the call centre",obstruction,obstruction,en,a,support_link,"[TAG=a] [ROLE=support_link] To close your Gyapu account, write to the call centre",obstruction:en:17,synthetic_v1,0,0,0,1,0,0,0,0
स्कुल ब्याग सट्टा अनुरोध हाम्रो Facebook पेज बाट मात्र हुन्छ,obstruction,obstruction,ne,a,support_link,[TAG=a] [ROLE=support_link] स्कुल ब्याग सट्टा अनुरोध हाम्रो Facebook पेज बाट मात्र हुन्छ,obstruction:ne:25,synthetic_v1,0,0,0,1,0,0,0,0
Returning air fryer? Please call our Facebook page first,obstruction,obstruction,en,a,support_link,[TAG=a] [ROLE=support_link] Returning air fryer? Please call our Facebook page first,obstruction:en:22,synthetic_v1,0,0,0,1,0,0,0,0
कफी मेकर सट्टा अनुरोध हाम्रो WhatsApp नम्बर बाट मात्र हुन्छ,obstruction,obstruction,ne,a,support_link,[TAG=a] [ROLE=support_link] कफी मेकर सट्टा अनुरोध हाम्रो WhatsApp नम्बर बाट मात्र हुन्छ,obstruction:ne:25,synthetic_v1,0,0,0,1,0,0,0,0
रिफन्डका लागि 7 थप चरण पूरा गर्नुहोस्,obstruction,obstruction,ne,p,help_text,[TAG=p] [ROLE=help_text] रिफन्डका लागि 7 थप चरण पूरा गर्नुहोस्,obstruction:ne:04,synthetic_v1,0,0,0,1,0,0,0,0
Salesberry डेटा हटाने के लिए हमारा WhatsApp नंबर को लिखित अनुरोध भेजें,obstruction,obstruction,hi,p,help_text,[TAG=p] [ROLE=help_text] Salesberry डेटा हटाने के लिए हमारा WhatsApp नंबर को लिखित अनुरोध भेजें,obstruction:hi:24,synthetic_v1,0,0,0,1,0,0,0,0
डाउनग्रेड गर्न जनकपुर कार्यालय पोर्टलबाट अनुरोध गर्नुहोस्,obstruction,obstruction,ne,a,support_link,[TAG=a] [ROLE=support_link] डाउनग्रेड गर्न जनकपुर कार्यालय पोर्टलबाट अनुरोध गर्नुहोस्,obstruction:ne:12,synthetic_v1,0,0,0,1,0,0,0,0
Returning gaming mouse? Please call our email desk first,obstruction,obstruction,en,div,modal_text,[TAG=div] [ROLE=modal_text] Returning gaming mouse? Please call our email desk first,obstruction:en:22,synthetic_v1,0,0,0,1,0,0,0,0
फोन कवर लौटाना है? पहले हमारा WhatsApp नंबर पर कॉल करें,obstruction,obstruction,hi,div,modal_text,[TAG=div] [ROLE=modal_text] फोन कवर लौटाना है? पहले हमारा WhatsApp नंबर पर कॉल करें,obstruction:hi:22,synthetic_v1,0,0,0,1,0,0,0,0
"To downgrade your Pro plan at Amazon, contact our support line",obstruction,obstruction,en,a,support_link,"[TAG=a] [ROLE=support_link] To downgrade your Pro plan at Amazon, contact our support line",obstruction:en:26,synthetic_v1,0,0,0,1,0,0,0,0
हेयर ड्रायर एक्सचेंज अनुरोध केवल हमारी हेल्पलाइन से होगा,obstruction,obstruction,hi,p,help_text,[TAG=p] [ROLE=help_text] हेयर ड्रायर एक्सचेंज अनुरोध केवल हमारी हेल्पलाइन से होगा,obstruction:hi:25,synthetic_v1,0,0,0,1,0,0,0,0
Reach our email desk to remove electric kettle from your order,obstruction,obstruction,en,a,support_link,[TAG=a] [ROLE=support_link] Reach our email desk to remove electric kettle from your order,obstruction:en:19,synthetic_v1,0,0,0,1,0,0,0,0
Salesberry पर सब्सक्रिप्शन बदलाव केवल कॉल सेंटर से संभव है,obstruction,obstruction,hi,div,modal_text,[TAG=div] [ROLE=modal_text] Salesberry पर सब्सक्रिप्शन बदलाव केवल कॉल सेंटर से संभव है,obstruction:hi:18,synthetic_v1,0,0,0,1,0,0,0,0
"To cancel your Zepto order, contact our Facebook page",obstruction,obstruction,en,div,modal_text,"[TAG=div] [ROLE=modal_text] To cancel your Zepto order, contact our Facebook page",obstruction:en:15,synthetic_v1,0,0,0,1,0,0,0,0
Nykaa मा सदस्यता परिवर्तन हाम्रो Viber सपोर्ट बाट मात्र सम्भव छ,obstruction,obstruction,ne,div,modal_text,[TAG=div] [ROLE=modal_text] Nykaa मा सदस्यता परिवर्तन हाम्रो Viber सपोर्ट बाट मात्र सम्भव छ,obstruction:ne:18,synthetic_v1,0,0,0,1,0,0,0,0
Subscription changes at Amazon are only possible via our helpline,obstruction,obstruction,en,a,support_link,[TAG=a] [ROLE=support_link] Subscription changes at Amazon are only possible via our helpline,obstruction:en:18,synthetic_v1,0,0,0,1,0,0,0,0
Returning face wash? Please call our WhatsApp number first,obstruction,obstruction,en,div,modal_text,[TAG=div] [ROLE=modal_text] Returning face wash? Please call our WhatsApp number first,obstruction:en:22,synthetic_v1,0,0,0,1,0,0,0,0
Ajio अर्डर रद्द गर्न हाम्रो WhatsApp नम्बर मा सम्पर्क गर्नुहोस्,obstruction,obstruction,ne,p,help_text,[TAG=p] [ROLE=help_text] Ajio अर्डर रद्द गर्न हाम्रो WhatsApp नम्बर मा सम्पर्क गर्नुहोस्,obstruction:ne:15,synthetic_v1,0,0,0,1,0,0,0,0
Nykaa cancellations require verification through live chat,obstruction,obstruction,en,p,help_text,[TAG=p] [ROLE=help_text] Nykaa cancellations require verification through live chat,obstruction:en:20,synthetic_v1,0,0,0,1,0,0,0,0
डाउनग्रेड गर्न विराटनगर कार्यालय पोर्टलबाट अनुरोध गर्नुहोस्,obstruction,obstruction,ne,a,support_link,[TAG=a] [ROLE=support_link] डाउनग्रेड गर्न विराटनगर कार्यालय पोर्टलबाट अनुरोध गर्नुहोस्,obstruction:ne:12,synthetic_v1,0,0,0,1,0,0,0,0
JioMart ऑर्डर रद्द करने के लिए हमारा WhatsApp नंबर से संपर्क करें,obstruction,obstruction,hi,div,modal_text,[TAG=div] [ROLE=modal_text] JioMart ऑर्डर रद्द करने के लिए हमारा WhatsApp नंबर से संपर्क करें,obstruction:hi:15,synthetic_v1,0,0,0,1,0,0,0,0
OkDam खाता बन्द गर्न हाम्रो सपोर्ट नम्बर लाई लेख्नुहोस्,obstruction,obstruction,ne,a,support_link,[TAG=a] [ROLE=support_link] OkDam खाता बन्द गर्न हाम्रो सपोर्ट नम्बर लाई लेख्नुहोस्,obstruction:ne:17,synthetic_v1,0,0,0,1,0,0,0,0
Refunds for induction cooktop must be requested through our Viber support,obstruction,obstruction,en,a,support_link,[TAG=a] [ROLE=support_link] Refunds for induction cooktop must be requested through our Viber support,obstruction:en:16,synthetic_v1,0,0,0,1,0,0,0,0
JioMart डाटा हटाउन हाम्रो इमेल डेस्क लाई लिखित अनुरोध पठाउनुहोस्,obstruction,obstruction,ne,p,help_text,[TAG=p] [ROLE=help_text] JioMart डाटा हटाउन हाम्रो इमेल डेस्क लाई लिखित अनुरोध पठाउनुहोस्,obstruction:ne:24,synthetic_v1,0,0,0,1,0,0,0,0
Your refund request requires 1 additional steps,obstruction,obstruction,en,a,support_link,[TAG=a] [ROLE=support_link] Your refund request requires 1 additional steps,obstruction:en:04,synthetic_v1,0,0,0,1,0,0,0,0
पानीको बोतल अर्डरबाट हटाउन हाम्रो इमेल डेस्क मा सम्पर्क गर्नुहोस्,obstruction,obstruction,ne,div,modal_text,[TAG=div] [ROLE=modal_text] पानीको बोतल अर्डरबाट हटाउन हाम्रो इमेल डेस्क मा सम्पर्क गर्नुहोस्,obstruction:ne:19,synthetic_v1,0,0,0,1,0,0,0,0
रिटर्न अनुरोध 8 दिनों में फोन से करना होगा,obstruction,obstruction,hi,p,help_text,[TAG=p] [ROLE=help_text] रिटर्न अनुरोध 8 दिनों में फोन से करना होगा,obstruction:hi:13,synthetic_v1,0,0,0,1,0,0,0,0
इलेक्ट्रिक केतली सट्टा अनुरोध हाम्रो Viber सपोर्ट बाट मात्र हुन्छ,obstruction,obstruction,ne,a,support_link,[TAG=a] [ROLE=support_link] इलेक्ट्रिक केतली सट्टा अनुरोध हाम्रो Viber सपोर्ट बाट मात्र हुन्छ,obstruction:ne:25,synthetic_v1,0,0,0,1,0,0,0,0
रिफंड 3 दिन की समीक्षा के बाद ही होगा,obstruction,obstruction,hi,div,modal_text,[TAG=div] [ROLE=modal_text] रिफंड 3 दिन की समीक्षा के बाद ही होगा,obstruction:hi:11,synthetic_v1,0,0,0,1,0,0,0,0
डेनिम जिन्स फिर्ता गर्नु छ? पहिले हाम्रो Facebook पेज मा फोन गर्नुहोस्,obstruction,obstruction,ne,p,help_text,[TAG=p] [ROLE=help_text] डेनिम जिन्स फिर्ता गर्नु छ? पहिले हाम्रो Facebook पेज मा फोन गर्नुहोस्,obstruction:ne:22,synthetic_v1,0,0,0,1,0,0,0,0
डेनिम जींस का रिफंड हमारा WhatsApp नंबर के ज़रिये ही मांगें,obstruction,obstruction,hi,div,modal_text,[TAG=div] [ROLE=modal_text] डेनिम जींस का रिफंड हमारा WhatsApp नंबर के ज़रिये ही मांगें,obstruction:hi:16,synthetic_v1,0,0,0,1,0,0,0,0
फेस वॉश एक्सचेंज अनुरोध केवल हमारा WhatsApp नंबर से होगा,obstruction,obstruction,hi,p,help_text,[TAG=p] [ROLE=help_text] फेस वॉश एक्सचेंज अनुरोध केवल हमारा WhatsApp नंबर से होगा,obstruction:hi:25,synthetic_v1,0,0,0,1,0,0,0,0
BigBasket cancellations require verification through our helpline,obstruction,obstruction,en,div,modal_text,[TAG=div] [ROLE=modal_text] BigBasket cancellations require verification through our helpline,obstruction:en:20,synthetic_v1,0,0,0,1,0,0,0,0
Refunds for smartwatch must be requested through our email desk,obstruction,obstruction,en,a,support_link,[TAG=a] [ROLE=support_link] Refunds for smartwatch must be requested through our email desk,obstruction:en:16,synthetic_v1,0,0,0,1,0,0,0,0
"To downgrade, submit a request from the Nepalgunj office portal",obstruction,obstruction,en,div,modal_text,"[TAG=div] [ROLE=modal_text] To downgrade, submit a request from the Nepalgunj office portal",obstruction:en:12,synthetic_v1,0,0,0,1,0,0,0,0
BigBasket डेटा हटाने के लिए हमारा ईमेल डेस्क को लिखित अनुरोध भेजें,obstruction,obstruction,hi,p,help_text,[TAG=p] [ROLE=help_text] BigBasket डेटा हटाने के लिए हमारा ईमेल डेस्क को लिखित अनुरोध भेजें,obstruction:hi:24,synthetic_v1,0,0,0,1,0,0,0,0
HamroBazar मा प्रिमियम प्लान डाउनग्रेड गर्न हाम्रो WhatsApp नम्बर मा सम्पर्क गर्नुहोस्,obstruction,obstruction,ne,div,modal_text,[TAG=div] [ROLE=modal_text] HamroBazar मा प्रिमियम प्लान डाउनग्रेड गर्न हाम्रो WhatsApp नम्बर मा सम्पर्क गर्नुहोस्,obstruction:ne:26,synthetic_v1,0,0,0,1,0,0,0,0
"To downgrade your Pro plan at JioMart, contact our Facebook page",obstruction,obstruction,en,div,modal_text,"[TAG=div] [ROLE=modal_text] To downgrade your Pro plan at JioMart, contact our Facebook page",obstruction:en:26,synthetic_v1,0,0,0,1,0,0,0,0
Croma रद्दीकरण के लिए कॉल सेंटर से सत्यापन ज़रूरी है,obstruction,obstruction,hi,a,support_link,[TAG=a] [ROLE=support_link] Croma रद्दीकरण के लिए कॉल सेंटर से सत्यापन ज़रूरी है,obstruction:hi:20,synthetic_v1,0,0,0,1,0,0,0,0
रद्द गर्न 6 कार्य दिनभित्र सम्पर्क गर्नुहोस्,obstruction,obstruction,ne,a,support_link,[TAG=a] [ROLE=support_link] रद्द गर्न 6 कार्य दिनभित्र सम्पर्क गर्नुहोस्,obstruction:ne:05,synthetic_v1,0,0,0,1,0,0,0,0
Muncha खाता बन्द गर्न हाम्रो सपोर्ट नम्बर लाई लेख्नुहोस्,obstruction,obstruction,ne,p,help_text,[TAG=p] [ROLE=help_text] Muncha खाता बन्द गर्न हाम्रो सपोर्ट नम्बर लाई लेख्नुहोस्,obstruction:ne:17,synthetic_v1,0,0,0,1,0,0,0,0
पानी की बोतल का रिफंड हमारा ईमेल डेस्क के ज़रिये ही मांगें,obstruction,obstruction,hi,div,modal_text,[TAG=div] [ROLE=modal_text] पानी की बोतल का रिफंड हमारा ईमेल डेस्क के ज़रिये ही मांगें,obstruction:hi:16,synthetic_v1,0,0,0,1,0,0,0,0
Tata Cliq पर सब्सक्रिप्शन बदलाव केवल लाइव चैट से संभव है,obstruction,obstruction,hi,div,modal_text,[TAG=div] [ROLE=modal_text] Tata Cliq पर सब्सक्रिप्शन बदलाव केवल लाइव चैट से संभव है,obstruction:hi:18,synthetic_v1,0,0,0,1,0,0,0,0
Returning rice cooker? Please call our email desk first,obstruction,obstruction,en,p,help_text,[TAG=p] [ROLE=help_text] Returning rice cooker? Please call our email desk first,obstruction:en:22,synthetic_v1,0,0,0,1,0,0,0,0
स्कुल ब्याग को रिफन्ड हाम्रो Viber सपोर्ट मार्फत मात्र माग्नुहोस्,obstruction,obstruction,ne,p,help_text,[TAG=p] [ROLE=help_text] स्कुल ब्याग को रिफन्ड हाम्रो Viber सपोर्ट मार्फत मात्र माग्नुहोस्,obstruction:ne:16,synthetic_v1,0,0,0,1,0,0,0,0
Returning gaming mouse? Please call our support line first,obstruction,obstruction,en,div,modal_text,[TAG=div] [ROLE=modal_text] Returning gaming mouse? Please call our support line first,obstruction:en:22,synthetic_v1,0,0,0,1,0,0,0,0
Blinkit मा प्लस प्लान डाउनग्रेड गर्न हाम्रो Facebook पेज मा सम्पर्क गर्नुहोस्,obstruction,obstruction,ne,a,support_link,[TAG=a] [ROLE=support_link] Blinkit मा प्लस प्लान डाउनग्रेड गर्न हाम्रो Facebook पेज मा सम्पर्क गर्नुहोस्,obstruction:ne:26,synthetic_v1,0,0,0,1,0,0,0,0
नॉइज़ कैंसलिंग हेडफोन को ऑर्डर से हटाने के लिए लाइव चैट से संपर्क करें,obstruction,obstruction,hi,p,help_text,[TAG=p] [ROLE=help_text] नॉइज़ कैंसलिंग हेडफोन को ऑर्डर से हटाने के लिए लाइव चैट से संपर्क करें,obstruction:hi:19,synthetic_v1,0,0,0,1,0,0,0,0
Thulo अर्डर रद्द गर्न लाइभ च्याट मा सम्पर्क गर्नुहोस्,obstruction,obstruction,ne,a,support_link,[TAG=a] [ROLE=support_link] Thulo अर्डर रद्द गर्न लाइभ च्याट मा सम्पर्क गर्नुहोस्,obstruction:ne:15,synthetic_v1,0,0,0,1,0,0,0,0
Gyapu मा सदस्यता परिवर्तन हाम्रो Facebook पेज बाट मात्र सम्भव छ,obstruction,obstruction,ne,div,modal_text,[TAG=div] [ROLE=modal_text] Gyapu मा सदस्यता परिवर्तन हाम्रो Facebook पेज बाट मात्र सम्भव छ,obstruction:ne:18,synthetic_v1,0,0,0,1,0,0,0,0
प्रोटिन पाउडर सट्टा अनुरोध हाम्रो सपोर्ट नम्बर बाट मात्र हुन्छ,obstruction,obstruction,ne,div,modal_text,[TAG=div] [ROLE=modal_text] प्रोटिन पाउडर सट्टा अनुरोध हाम्रो सपोर्ट नम्बर बाट मात्र हुन्छ,obstruction:ne:25,synthetic_v1,0,0,0,1,0,0,0,0
रद्द करने के लिए 1 कार्यदिवस में संपर्क करें,obstruction,obstruction,hi,div,modal_text,[TAG=div] [ROLE=modal_text] रद्द करने के लिए 1 कार्यदिवस में संपर्क करें,obstruction:hi:05,synthetic_v1,0,0,0,1,0,0,0,0
Croma cancellations require verification through live chat,obstruction,obstruction,en,div,modal_text,[TAG=div] [ROLE=modal_text] Croma cancellations require verification through live chat,obstruction:en:20,synthetic_v1,0,0,0,1,0,0,0,0
FirstCry पर सब्सक्रिप्शन बदलाव केवल हमारा Viber सपोर्ट से संभव है,obstruction,obstruction,hi,a,support_link,[TAG=a] [ROLE=support_link] FirstCry पर सब्सक्रिप्शन बदलाव केवल हमारा Viber सपोर्ट से संभव है,obstruction:hi:18,synthetic_v1,0,0,0,1,0,0,0,0
ट्रेकिंग जैकेट एक्सचेंज अनुरोध केवल लाइव चैट से होगा,obstruction,obstruction,hi,div,modal_text,[TAG=div] [ROLE=modal_text] ट्रेकिंग जैकेट एक्सचेंज अनुरोध केवल लाइव चैट से होगा,obstruction:hi:25,synthetic_v1,0,0,0,1,0,0,0,0
Muncha मा सदस्यता परिवर्तन हाम्रो इमेल डेस्क बाट मात्र सम्भव छ,obstruction,obstruction,ne,a,support_link,[TAG=a] [ROLE=support_link] Muncha मा सदस्यता परिवर्तन हाम्रो इमेल डेस्क बाट मात्र सम्भव छ,obstruction:ne:18,synthetic_v1,0,0,0,1,0,0,0,0
Daraz डाटा हटाउन लाइभ च्याट लाई लिखित अनुरोध पठाउनुहोस्,obstruction,obstruction,ne,div,modal_text,[TAG=div] [ROLE=modal_text] Daraz डाटा हटाउन लाइभ च्याट लाई लिखित अनुरोध पठाउनुहोस्,obstruction:ne:24,synthetic_v1,0,0,0,1,0,0,0,0
Ajio ऑर्डर रद्द करने के लिए हमारा Facebook पेज से संपर्क करें,obstruction,obstruction,hi,a,support_link,[TAG=a] [ROLE=support_link] Ajio ऑर्डर रद्द करने के लिए हमारा Facebook पेज से संपर्क करें,obstruction:hi:15,synthetic_v1,0,0,0,1,0,0,0,0
"To downgrade your Premium plan at SastoDeal, contact our email desk",obstruction,obstruction,en,p,help_text,"[TAG=p] [ROLE=help_text] To downgrade your Premium plan at SastoDeal, contact our email desk",obstruction:en:26,synthetic_v1,0,0,0,1,0,0,0,0
Refunds for water bottle must be requested through live chat,obstruction,obstruction,en,div,modal_text,[TAG=div] [ROLE=modal_text] Refunds for water bottle must be requested through live chat,obstruction:en:16,synthetic_v1,0,0,0,1,0,0,0,0
नोइज क्यान्सलिङ हेडफोन अर्डरबाट हटाउन हाम्रो Viber सपोर्ट मा सम्पर्क गर्नुहोस्,obstruction,obstruction,ne,a,support_link,[TAG=a] [ROLE=support_link] नोइज क्यान्सलिङ हेडफोन अर्डरबाट हटाउन हाम्रो Viber सपोर्ट मा सम्पर्क गर्नुहोस्,obstruction:ne:19,synthetic_v1,0,0,0,1,0,0,0,0
Refunds for sports sandals must be requested through our email desk,obstruction,obstruction,en,div,modal_text,[TAG=div] [ROLE=modal_text] Refunds for sports sandals must be requested through our email desk,obstruction:en:16,synthetic_v1,0,0,0,1,0,0,0,0
FirstCry पर सब्सक्रिप्शन बदलाव केवल हमारा ईमेल डेस्क से संभव है,obstruction,obstruction,hi,div,modal_text,[TAG=div] [ROLE=modal_text] FirstCry पर सब्सक्रिप्शन बदलाव केवल हमारा ईमेल डेस्क से संभव है,obstruction:hi:18,synthetic_v1,0,0,0,1,0,0,0,0
रनिङ जुत्ता फिर्ता गर्नु छ? पहिले हाम्रो सपोर्ट नम्बर मा फोन गर्नुहोस्,obstruction,obstruction,ne,div,modal_text,[TAG=div] [ROLE=modal_text] रनिङ जुत्ता फिर्ता गर्नु छ? पहिले हाम्रो सपोर्ट नम्बर मा फोन गर्नुहोस्,obstruction:ne:22,synthetic_v1,0,0,0,1,0,0,0,0
स्पोर्ट्स चप्पल अर्डरबाट हटाउन हाम्रो Viber सपोर्ट मा सम्पर्क गर्नुहोस्,obstruction,obstruction,ne,div,modal_text,[TAG=div] [ROLE=modal_text] स्पोर्ट्स चप्पल अर्डरबाट हटाउन हाम्रो Viber सपोर्ट मा सम्पर्क गर्नुहोस्,obstruction:ne:19,synthetic_v1,0,0,0,1,0,0,0,0
Lenskart डाटा हटाउन हाम्रो इमेल डेस्क लाई लिखित अनुरोध पठाउनुहोस्,obstruction,obstruction,ne,a,support_link,[TAG=a] [ROLE=support_link] Lenskart डाटा हटाउन हाम्रो इमेल डेस्क लाई लिखित अनुरोध पठाउनुहोस्,obstruction:ne:24,synthetic_v1,0,0,0,1,0,0,0,0
"To cancel your Meesho order, contact live chat",obstruction,obstruction,en,a,support_link,"[TAG=a] [ROLE=support_link] To cancel your Meesho order, contact live chat",obstruction:en:15,synthetic_v1,0,0,0,1,0,0,0,0
Nykaa रद्दीकरण के लिए लाइव चैट से सत्यापन ज़रूरी है,obstruction,obstruction,hi,div,modal_text,[TAG=div] [ROLE=modal_text] Nykaa रद्दीकरण के लिए लाइव चैट से सत्यापन ज़रूरी है,obstruction:hi:20,synthetic_v1,0,0,0,1,0,0,0,0
खाता हटाने के लिए सपोर्ट से संपर्क करें,obstruction,obstruction,hi,a,support_link,[TAG=a] [ROLE=support_link] खाता हटाने के लिए सपोर्ट से संपर्क करें,obstruction:hi:02,synthetic_v1,0,0,0,1,0,0,0,0
"To stop auto-renewal, contact our Viber support within 12 days",obstruction,obstruction,en,p,help_text,"[TAG=p] [ROLE=help_text] To stop auto-renewal, contact our Viber support within 12 days",obstruction:en:21,synthetic_v1,0,0,0,1,0,0,0,0
Your Salesberry refund needs approval from live chat,obstruction,obstruction,en,a,support_link,[TAG=a] [ROLE=support_link] Your Salesberry refund needs approval from live chat,obstruction:en:23,synthetic_v1,0,0,0,1,0,0,0,0
"To close your Lenskart account, write to live chat",obstruction,obstruction,en,p,help_text,"[TAG=p] [ROLE=help_text] To close your Lenskart account, write to live chat",obstruction:en:17,synthetic_v1,0,0,0,1,0,0,0,0
ऑटो-रिन्यूअल बंद करने के लिए 2 दिन में कॉल सेंटर से संपर्क करें,obstruction,obstruction,hi,div,modal_text,[TAG=div] [ROLE=modal_text] ऑटो-रिन्यूअल बंद करने के लिए 2 दिन में कॉल सेंटर से संपर्क करें,obstruction:hi:21,synthetic_v1,0,0,0,1,0,0,0,0
"To close your JioMart account, write to our email desk",obstruction,obstruction,en,div,modal_text,"[TAG=div] [ROLE=modal_text] To close your JioMart account, write to our email desk",obstruction:en:17,synthetic_v1,0,0,0,1,0,0,0,0
"To close your Salesberry account, write to our helpline",obstruction,obstruction,en,p,help_text,"[TAG=p] [ROLE=help_text] To close your Salesberry account, write to our helpline",obstruction:en:17,synthetic_v1,0,0,0,1,0,0,0,0
Deleting your Tata Cliq data requires a written request to our Viber support,obstruction,obstruction,en,p,help_text,[TAG=p] [ROLE=help_text] Deleting your Tata Cliq data requires a written request to our Viber support,obstruction:en:24,synthetic_v1,0,0,0,1,0,0,0,0
ऑटो-रिन्यूअल बंद करने के लिए 4 दिन में हमारा ईमेल डेस्क से संपर्क करें,obstruction,obstruction,hi,div,modal_text,[TAG=div] [ROLE=modal_text] ऑटो-रिन्यूअल बंद करने के लिए 4 दिन में हमारा ईमेल डेस्क से संपर्क करें,obstruction:hi:21,synthetic_v1,0,0,0,1,0,0,0,0
Zepto पर प्रो प्लान डाउनग्रेड करने के लिए हमारा WhatsApp नंबर से संपर्क करें,obstruction,obstruction,hi,a,support_link,[TAG=a] [ROLE=support_link] Zepto पर प्रो प्लान डाउनग्रेड करने के लिए हमारा WhatsApp नंबर से संपर्क करें,obstruction:hi:26,synthetic_v1,0,0,0,1,0,0,0,0
Your Ajio refund needs approval from our email desk,obstruction,obstruction,en,p,help_text,[TAG=p] [ROLE=help_text] Your Ajio refund needs approval from our email desk,obstruction:en:23,synthetic_v1,0,0,0,1,0,0,0,0
योगा मैट लौटाना है? पहले लाइव चैट पर कॉल करें,obstruction,obstruction,hi,a,support_link,[TAG=a] [ROLE=support_link] योगा मैट लौटाना है? पहले लाइव चैट पर कॉल करें,obstruction:hi:22,synthetic_v1,0,0,0,1,0,0,0,0
"To downgrade your Prime plan at Meesho, contact our helpline",obstruction,obstruction,en,div,modal_text,"[TAG=div] [ROLE=modal_text] To downgrade your Prime plan at Meesho, contact our helpline",obstruction:en:26,synthetic_v1,0,0,0,1,0,0,0,0
स्वतः नवीकरण बन्द गर्न 8 दिनभित्र हाम्रो WhatsApp नम्बर मा सम्पर्क गर्नुहोस्,obstruction,obstruction,ne,a,support_link,[TAG=a] [ROLE=support_link] स्वतः नवीकरण बन्द गर्न 8 दिनभित्र हाम्रो WhatsApp नम्बर मा सम्पर्क गर्नुहोस्,obstruction:ne:21,synthetic_v1,0,0,0,1,0,0,0,0
ब्लूटूथ स्पीकर एक्सचेंज अनुरोध केवल हमारा Viber सपोर्ट से होगा,obstruction,obstruction,hi,div,modal_text,[TAG=div] [ROLE=modal_text] ब्लूटूथ स्पीकर एक्सचेंज अनुरोध केवल हमारा Viber सपोर्ट से होगा,obstruction:hi:25,synthetic_v1,0,0,0,1,0,0,0,0
हेयर ड्रायर सट्टा अनुरोध हाम्रो Facebook पेज बाट मात्र हुन्छ,obstruction,obstruction,ne,div,modal_text,[TAG=div] [ROLE=modal_text] हेयर ड्रायर सट्टा अनुरोध हाम्रो Facebook पेज बाट मात्र हुन्छ,obstruction:ne:25,synthetic_v1,0,0,0,1,0,0,0,0
Your Amazon refund needs approval from our Viber support,obstruction,obstruction,en,p,help_text,[TAG=p] [ROLE=help_text] Your Amazon refund needs approval from our Viber support,obstruction:en:23,synthetic_v1,0,0,0,1,0,0,0,0
ट्रेकिङ ज्याकेट फिर्ता गर्नु छ? पहिले हाम्रो इमेल डेस्क मा फोन गर्नुहोस्,obstruction,obstruction,ne,a,support_link,[TAG=a] [ROLE=support_link] ट्रेकिङ ज्याकेट फिर्ता गर्नु छ? पहिले हाम्रो इमेल डेस्क मा फोन गर्नुहोस्,obstruction:ne:22,synthetic_v1,0,0,0,1,0,0,0,0
Amazon अर्डर रद्द गर्न हाम्रो Viber सपोर्ट मा सम्पर्क गर्नुहोस्,obstruction,obstruction,ne,p,help_text,[TAG=p] [ROLE=help_text] Amazon अर्डर रद्द गर्न हाम्रो Viber सपोर्ट मा सम्पर्क गर्नुहोस्,obstruction:ne:15,synthetic_v1,0,0,0,1,0,0,0,0
योगा म्याट अर्डरबाट हटाउन हाम्रो हेल्पलाइन मा सम्पर्क गर्नुहोस्,obstruction,obstruction,ne,p,help_text,[TAG=p] [ROLE=help_text] योगा म्याट अर्डरबाट हटाउन हाम्रो हेल्पलाइन मा सम्पर्क गर्नुहोस्,obstruction:ne:19,synthetic_v1,0,0,0,1,0,0,0,0
Subscription changes at Lenskart are only possible via the call centre,obstruction,obstruction,en,p,help_text,[TAG=p] [ROLE=help_text] Subscription changes at Lenskart are only possible via the call centre,obstruction:en:18,synthetic_v1,0,0,0,1,0,0,0,0
कॉफी मेकर को ऑर्डर से हटाने के लिए हमारा Viber सपोर्ट से संपर्क करें,obstruction,obstruction,hi,p,help_text,[TAG=p] [ROLE=help_text] कॉफी मेकर को ऑर्डर से हटाने के लिए हमारा Viber सपोर्ट से संपर्क करें,obstruction:hi:19,synthetic_v1,0,0,0,1,0,0,0,0
Gyapu डेटा हटाने के लिए हमारी हेल्पलाइन को लिखित अनुरोध भेजें,obstruction,obstruction,hi,a,support_link,[TAG=a] [ROLE=support_link] Gyapu डेटा हटाने के लिए हमारी हेल्पलाइन को लिखित अनुरोध भेजें,obstruction:hi:24,synthetic_v1,0,0,0,1,0,0,0,0
स्मार्टवाच सट्टा अनुरोध हाम्रो सपोर्ट नम्बर बाट मात्र हुन्छ,obstruction,obstruction,ne,div,modal_text,[TAG=div] [ROLE=modal_text] स्मार्टवाच सट्टा अनुरोध हाम्रो सपोर्ट नम्बर बाट मात्र हुन्छ,obstruction:ne:25,synthetic_v1,0,0,0,1,0,0,0,0
"To stop auto-renewal, contact our email desk within 8 days",obstruction,obstruction,en,a,support_link,"[TAG=a] [ROLE=support_link] To stop auto-renewal, contact our email desk within 8 days",obstruction:en:21,synthetic_v1,0,0,0,1,0,0,0,0
FirstCry डाटा हटाउन हाम्रो इमेल डेस्क लाई लिखित अनुरोध पठाउनुहोस्,obstruction,obstruction,ne,div,modal_text,[TAG=div] [ROLE=modal_text] FirstCry डाटा हटाउन हाम्रो इमेल डेस्क लाई लिखित अनुरोध पठाउनुहोस्,obstruction:ne:24,synthetic_v1,0,0,0,1,0,0,0,0
"To stop auto-renewal, contact the call centre within 8 days",obstruction,obstruction,en,p,help_text,"[TAG=p] [ROLE=help_text] To stop auto-renewal, contact the call centre within 8 days",obstruction:en:21,synthetic_v1,0,0,0,1,0,0,0,0
Tata Cliq ऑर्डर रद्द करने के लिए हमारा Viber सपोर्ट से संपर्क करें,obstruction,obstruction,hi,div,modal_text,[TAG=div] [ROLE=modal_text] Tata Cliq ऑर्डर रद्द करने के लिए हमारा Viber सपोर्ट से संपर्क करें,obstruction:hi:15,synthetic_v1,0,0,0,1,0,0,0,0
Nykaa डेटा हटाने के लिए हमारा सपोर्ट नंबर को लिखित अनुरोध भेजें,obstruction,obstruction,hi,div,modal_text,[TAG=div] [ROLE=modal_text] Nykaa डेटा हटाने के लिए हमारा सपोर्ट नंबर को लिखित अनुरोध भेजें,obstruction:hi:24,synthetic_v1,0,0,0,1,0,0,0,0
Subscription changes at Blinkit are only possible via our Viber support,obstruction,obstruction,en,a,support_link,[TAG=a] [ROLE=support_link] Subscription changes at Blinkit are only possible via our Viber support,obstruction:en:18,synthetic_v1,0,0,0,1,0,0,0,0
Muncha डाटा हटाउन हाम्रो सपोर्ट नम्बर लाई लिखित अनुरोध पठाउनुहोस्,obstruction,obstruction,ne,p,help_text,[TAG=p] [ROLE=help_text] Muncha डाटा हटाउन हाम्रो सपोर्ट नम्बर लाई लिखित अनुरोध पठाउनुहोस्,obstruction:ne:24,synthetic_v1,0,0,0,1,0,0,0,0
wireless earbuds exchange requests go through our WhatsApp number only,obstruction,obstruction,en,div,modal_text,[TAG=div] [ROLE=modal_text] wireless earbuds exchange requests go through our WhatsApp number only,obstruction:en:25,synthetic_v1,0,0,0,1,0,0,0,0
Pepperfry अर्डर रद्द गर्न हाम्रो सपोर्ट नम्बर मा सम्पर्क गर्नुहोस्,obstruction,obstruction,ne,a,support_link,[TAG=a] [ROLE=support_link] Pepperfry अर्डर रद्द गर्न हाम्रो सपोर्ट नम्बर मा सम्पर्क गर्नुहोस्,obstruction:ne:15,synthetic_v1,0,0,0,1,0,0,0,0
Deleting your JioMart data requires a written request to our Viber support,obstruction,obstruction,en,a,support_link,[TAG=a] [ROLE=support_link] Deleting your JioMart data requires a written request to our Viber support,obstruction:en:24,synthetic_v1,0,0,0,1,0,0,0,0
Refunds for study lamp must be requested through the call centre,obstruction,obstruction,en,p,help_text,[TAG=p] [ROLE=help_text] Refunds for study lamp must be requested through the call centre,obstruction:en:16,synthetic_v1,0,0,0,1,0,0,0,0
FirstCry cancellations require verification through our Viber support,obstruction,obstruction,en,a,support_link,[TAG=a] [ROLE=support_link] FirstCry cancellations require verification through our Viber support,obstruction:en:20,synthetic_v1,0,0,0,1,0,0,0,0
हिउँदको ब्ल्याङ्केट अर्डरबाट हटाउन हाम्रो WhatsApp नम्बर मा सम्पर्क गर्नुहोस्,obstruction,obstruction,ne,p,help_text,[TAG=p] [ROLE=help_text] हिउँदको ब्ल्याङ्केट अर्डरबाट हटाउन हाम्रो WhatsApp नम्बर मा सम्पर्क गर्नुहोस्,obstruction:ne:19,synthetic_v1,0,0,0,1,0,0,0,0
स्कुल ब्याग सट्टा अनुरोध हाम्रो Viber सपोर्ट बाट मात्र हुन्छ,obstruction,obstruction,ne,div,modal_text,[TAG=div] [ROLE=modal_text] स्कुल ब्याग सट्टा अनुरोध हाम्रो Viber सपोर्ट बाट मात्र हुन्छ,obstruction:ne:25,synthetic_v1,0,0,0,1,0,0,0,0
Subscription changes at JioMart are only possible via our helpline,obstruction,obstruction,en,div,modal_text,[TAG=div] [ROLE=modal_text] Subscription changes at JioMart are only possible via our helpline,obstruction:en:18,synthetic_v1,0,0,0,1,0,0,0,0
BigBasket रद्दीकरण के लिए लाइव चैट से सत्यापन ज़रूरी है,obstruction,obstruction,hi,a,support_link,[TAG=a] [ROLE=support_link] BigBasket रद्दीकरण के लिए लाइव चैट से सत्यापन ज़रूरी है,obstruction:hi:20,synthetic_v1,0,0,0,1,0,0,0,0
Returning hair dryer? Please call the call centre first,obstruction,obstruction,en,a,support_link,[TAG=a] [ROLE=support_link] Returning hair dryer? Please call the call centre first,obstruction:en:22,synthetic_v1,0,0,0,1,0,0,0,0
Refunds for yoga mat must be requested through our email desk,obstruction,obstruction,en,a,support_link,[TAG=a] [ROLE=support_link] Refunds for yoga mat must be requested through our email desk,obstruction:en:16,synthetic_v1,0,0,0,1,0,0,0,0
ऑटो-रिन्यूअल बंद करने के लिए 4 दिन में हमारी हेल्पलाइन से संपर्क करें,obstruction,obstruction,hi,div,modal_text,[TAG=div] [ROLE=modal_text] ऑटो-रिन्यूअल बंद करने के लिए 4 दिन में हमारी हेल्पलाइन से संपर्क करें,obstruction:hi:21,synthetic_v1,0,0,0,1,0,0,0,0
Your FirstCry refund needs approval from our Viber support,obstruction,obstruction,en,a,support_link,[TAG=a] [ROLE=support_link] Your FirstCry refund needs approval from our Viber support,obstruction:en:23,synthetic_v1,0,0,0,1,0,0,0,0
Meesho डाटा हटाउन हाम्रो WhatsApp नम्बर लाई लिखित अनुरोध पठाउनुहोस्,obstruction,obstruction,ne,a,support_link,[TAG=a] [ROLE=support_link] Meesho डाटा हटाउन हाम्रो WhatsApp नम्बर लाई लिखित अनुरोध पठाउनुहोस्,obstruction:ne:24,synthetic_v1,0,0,0,1,0,0,0,0
Reach our Viber support to remove noise cancelling headphones from your order,obstruction,obstruction,en,a,support_link,[TAG=a] [ROLE=support_link] Reach our Viber support to remove noise cancelling headphones from your order,obstruction:en:19,synthetic_v1,0,0,0,1,0,0,0,0
Daraz रिफन्डका लागि लाइभ च्याट को स्वीकृति चाहिन्छ,obstruction,obstruction,ne,a,support_link,[TAG=a] [ROLE=support_link] Daraz रिफन्डका लागि लाइभ च्याट को स्वीकृति चाहिन्छ,obstruction:ne:23,synthetic_v1,0,0,0,1,0,0,0,0
Salesberry पर सब्सक्रिप्शन बदलाव केवल हमारा Viber सपोर्ट से संभव है,obstruction,obstruction,hi,a,support_link,[TAG=a] [ROLE=support_link] Salesberry पर सब्सक्रिप्शन बदलाव केवल हमारा Viber सपोर्ट से संभव है,obstruction:hi:18,synthetic_v1,0,0,0,1,0,0,0,0
वायरलेस इयरबड्स को रिफन्ड हाम्रो इमेल डेस्क मार्फत मात्र माग्नुहोस्,obstruction,obstruction,ne,a,support_link,[TAG=a] [ROLE=support_link] वायरलेस इयरबड्स को रिफन्ड हाम्रो इमेल डेस्क मार्फत मात्र माग्नुहोस्,obstruction:ne:16,synthetic_v1,0,0,0,1,0,0,0,0
FirstCry ऑर्डर रद्द करने के लिए हमारा सपोर्ट नंबर से संपर्क करें,obstruction,obstruction,hi,div,modal_text,[TAG=div] [ROLE=modal_text] FirstCry ऑर्डर रद्द करने के लिए हमारा सपोर्ट नंबर से संपर्क करें,obstruction:hi:15,synthetic_v1,0,0,0,1,0,0,0,0
HamroBazar रिफन्डका लागि हाम्रो Viber सपोर्ट को स्वीकृति चाहिन्छ,obstruction,obstruction,ne,p,help_text,[TAG=p] [ROLE=help_text] HamroBazar रिफन्डका लागि हाम्रो Viber सपोर्ट को स्वीकृति चाहिन्छ,obstruction:ne:23,synthetic_v1,0,0,0,1,0,0,0,0
"To stop auto-renewal, contact the call centre within 9 days",obstruction,obstruction,en,div,modal_text,"[TAG=div] [ROLE=modal_text] To stop auto-renewal, contact the call centre within 9 days",obstruction:en:21,synthetic_v1,0,0,0,1,0,0,0,0
Reach our WhatsApp number to remove wireless earbuds from your order,obstruction,obstruction,en,p,help_text,[TAG=p] [ROLE=help_text] Reach our WhatsApp number to remove wireless earbuds from your order,obstruction:en:19,synthetic_v1,0,0,0,1,0,0,0,0
स्वतः नवीकरण बन्द गर्न 7 दिनभित्र लाइभ च्याट मा सम्पर्क गर्नुहोस्,obstruction,obstruction,ne,a,support_link,[TAG=a] [ROLE=support_link] स्वतः नवीकरण बन्द गर्न 7 दिनभित्र लाइभ च्याट मा सम्पर्क गर्नुहोस्,obstruction:ne:21,synthetic_v1,0,0,0,1,0,0,0,0
"To cancel your Zepto order, contact live chat",obstruction,obstruction,en,div,modal_text,"[TAG=div] [ROLE=modal_text] To cancel your Zepto order, contact live chat",obstruction:en:15,synthetic_v1,0,0,0,1,0,0,0,0
स्वतः नवीकरण बन्द गर्न 3 दिनभित्र हाम्रो हेल्पलाइन मा सम्पर्क गर्नुहोस्,obstruction,obstruction,ne,a,support_link,[TAG=a] [ROLE=support_link] स्वतः नवीकरण बन्द गर्न 3 दिनभित्र हाम्रो हेल्पलाइन मा सम्पर्क गर्नुहोस्,obstruction:ne:21,synthetic_v1,0,0,0,1,0,0,0,0
ब्याकप्याक फिर्ता गर्नु छ? पहिले कल सेन्टर मा फोन गर्नुहोस्,obstruction,obstruction,ne,a,support_link,[TAG=a] [ROLE=support_link] ब्याकप्याक फिर्ता गर्नु छ? पहिले कल सेन्टर मा फोन गर्नुहोस्,obstruction:ne:22,synthetic_v1,0,0,0,1,0,0,0,0
"To downgrade your Pro plan at FirstCry, contact our email desk",obstruction,obstruction,en,a,support_link,"[TAG=a] [ROLE=support_link] To downgrade your Pro plan at FirstCry, contact our email desk",obstruction:en:26,synthetic_v1,0,0,0,1,0,0,0,0
Your Ajio refund needs approval from the call centre,obstruction,obstruction,en,p,help_text,[TAG=p] [ROLE=help_text] Your Ajio refund needs approval from the call centre,obstruction:en:23,synthetic_v1,0,0,0,1,0,0,0,0
Snapdeal डेटा हटाने के लिए हमारा ईमेल डेस्क को लिखित अनुरोध भेजें,obstruction,obstruction,hi,div,modal_text,[TAG=div] [ROLE=modal_text] Snapdeal डेटा हटाने के लिए हमारा ईमेल डेस्क को लिखित अनुरोध भेजें,obstruction:hi:24,synthetic_v1,0,0,0,1,0,0,0,0
"To stop auto-renewal, contact our support line within 5 days",obstruction,obstruction,en,div,modal_text,"[TAG=div] [ROLE=modal_text] To stop auto-renewal, contact our support line within 5 days",obstruction:en:21,synthetic_v1,0,0,0,1,0,0,0,0
हेयर ड्रायर लौटाना है? पहले हमारा सपोर्ट नंबर पर कॉल करें,obstruction,obstruction,hi,div,modal_text,[TAG=div] [ROLE=modal_text] हेयर ड्रायर लौटाना है? पहले हमारा सपोर्ट नंबर पर कॉल करें,obstruction:hi:22,synthetic_v1,0,0,0,1,0,0,0,0
हिउँदको ब्ल्याङ्केट सट्टा अनुरोध हाम्रो Viber सपोर्ट बाट मात्र हुन्छ,obstruction,obstruction,ne,div,modal_text,[TAG=div] [ROLE=modal_text] हिउँदको ब्ल्याङ्केट सट्टा अनुरोध हाम्रो Viber सपोर्ट बाट मात्र हुन्छ,obstruction:ne:25,synthetic_v1,0,0,0,1,0,0,0,0
फोन कवर लौटाना है? पहले हमारा Viber सपोर्ट पर कॉल करें,obstruction,obstruction,hi,p,help_text,[TAG=p] [ROLE=help_text] फोन कवर लौटाना है? पहले हमारा Viber सपोर्ट पर कॉल करें,obstruction:hi:22,synthetic_v1,0,0,0,1,0,0,0,0
JioMart मा सदस्यता परिवर्तन हाम्रो Viber सपोर्ट बाट मात्र सम्भव छ,obstruction,obstruction,ne,p,help_text,[TAG=p] [ROLE=help_text] JioMart मा सदस्यता परिवर्तन हाम्रो Viber सपोर्ट बाट मात्र सम्भव छ,obstruction:ne:18,synthetic_v1,0,0,0,1,0,0,0,0
Thulo अर्डर रद्द गर्न हाम्रो WhatsApp नम्बर मा सम्पर्क गर्नुहोस्,obstruction,obstruction,ne,div,modal_text,[TAG=div] [ROLE=modal_text] Thulo अर्डर रद्द गर्न हाम्रो WhatsApp नम्बर मा सम्पर्क गर्नुहोस्,obstruction:ne:15,synthetic_v1,0,0,0,1,0,0,0,0
HamroBazar रिफंड के लिए लाइव चैट की मंज़ूरी चाहिए,obstruction,obstruction,hi,a,support_link,[TAG=a] [ROLE=support_link] HamroBazar रिफंड के लिए लाइव चैट की मंज़ूरी चाहिए,obstruction:hi:23,synthetic_v1,0,0,0,1,0,0,0,0
Subscription changes at Nykaa are only possible via our Viber support,obstruction,obstruction,en,a,support_link,[TAG=a] [ROLE=support_link] Subscription changes at Nykaa are only possible via our Viber support,obstruction:en:18,synthetic_v1,0,0,0,1,0,0,0,0
"To downgrade, submit a request from the Pokhara office portal",obstruction,obstruction,en,a,support_link,"[TAG=a] [ROLE=support_link] To downgrade, submit a request from the Pokhara office portal",obstruction:en:12,synthetic_v1,0,0,0,1,0,0,0,0
स्कूल बैग को ऑर्डर से हटाने के लिए कॉल सेंटर से संपर्क करें,obstruction,obstruction,hi,div,modal_text,[TAG=div] [ROLE=modal_text] स्कूल बैग को ऑर्डर से हटाने के लिए कॉल सेंटर से संपर्क करें,obstruction:hi:19,synthetic_v1,0,0,0,1,0,0,0,0
धूप का चश्मा को ऑर्डर से हटाने के लिए हमारा Facebook पेज से संपर्क करें,obstruction,obstruction,hi,div,modal_text,[TAG=div] [ROLE=modal_text] धूप का चश्मा को ऑर्डर से हटाने के लिए हमारा Facebook पेज से संपर्क करें,obstruction:hi:19,synthetic_v1,0,0,0,1,0,0,0,0
SastoDeal रिफंड के लिए हमारा ईमेल डेस्क की मंज़ूरी चाहिए,obstruction,obstruction,hi,p,help_text,[TAG=p] [ROLE=help_text] SastoDeal रिफंड के लिए हमारा ईमेल डेस्क की मंज़ूरी चाहिए,obstruction:hi:23,synthetic_v1,0,0,0,1,0,0,0,0
"To close your Pepperfry account, write to our WhatsApp number",obstruction,obstruction,en,p,help_text,"[TAG=p] [ROLE=help_text] To close your Pepperfry account, write to our WhatsApp number",obstruction:en:17,synthetic_v1,0,0,0,1,0,0,0,0
Tata Cliq डाटा हटाउन हाम्रो Viber सपोर्ट लाई लिखित अनुरोध पठाउनुहोस्,obstruction,obstruction,ne,div,modal_text,[TAG=div] [ROLE=modal_text] Tata Cliq डाटा हटाउन हाम्रो Viber सपोर्ट लाई लिखित अनुरोध पठाउनुहोस्,obstruction:ne:24,synthetic_v1,0,0,0,1,0,0,0,0
ट्रेकिङ ज्याकेट सट्टा अनुरोध हाम्रो Viber सपोर्ट बाट मात्र हुन्छ,obstruction,obstruction,ne,p,help_text,[TAG=p] [ROLE=help_text] ट्रेकिङ ज्याकेट सट्टा अनुरोध हाम्रो Viber सपोर्ट बाट मात्र हुन्छ,obstruction:ne:25,synthetic_v1,0,0,0,1,0,0,0,0
Gyapu मा सदस्यता परिवर्तन कल सेन्टर बाट मात्र सम्भव छ,obstruction,obstruction,ne,p,help_text,[TAG=p] [ROLE=help_text] Gyapu मा सदस्यता परिवर्तन कल सेन्टर बाट मात्र सम्भव छ,obstruction:ne:18,synthetic_v1,0,0,0,1,0,0,0,0
इन्डक्सन चुल्हो सट्टा अनुरोध कल सेन्टर बाट मात्र हुन्छ,obstruction,obstruction,ne,a,support_link,[TAG=a] [ROLE=support_link] इन्डक्सन चुल्हो सट्टा अनुरोध कल सेन्टर बाट मात्र हुन्छ,obstruction:ne:25,synthetic_v1,0,0,0,1,0,0,0,0
Reach our WhatsApp number to remove noise cancelling headphones from your order,obstruction,obstruction,en,a,support_link,[TAG=a] [ROLE=support_link] Reach our WhatsApp number to remove noise cancelling headphones from your order,obstruction:en:19,synthetic_v1,0,0,0,1,0,0,0,0
Daraz रद्दीकरण के लिए लाइव चैट से सत्यापन ज़रूरी है,obstruction,obstruction,hi,div,modal_text,[TAG=div] [ROLE=modal_text] Daraz रद्दीकरण के लिए लाइव चैट से सत्यापन ज़रूरी है,obstruction:hi:20,synthetic_v1,0,0,0,1,0,0,0,0
पक्का हो? रद्द गर्न चरण 8 मा जानुहोस्,obstruction,obstruction,ne,a,support_link,[TAG=a] [ROLE=support_link] पक्का हो? रद्द गर्न चरण 8 मा जानुहोस्,obstruction:ne:10,synthetic_v1,0,0,0,1,0,0,0,0
"To close your Amazon account, write to the call centre",obstruction,obstruction,en,div,modal_text,"[TAG=div] [ROLE=modal_text] To close your Amazon account, write to the call centre",obstruction:en:17,synthetic_v1,0,0,0,1,0,0,0,0
Tata Cliq रिफन्डका लागि हाम्रो इमेल डेस्क को स्वीकृति चाहिन्छ,obstruction,obstruction,ne,p,help_text,[TAG=p] [ROLE=help_text] Tata Cliq रिफन्डका लागि हाम्रो इमेल डेस्क को स्वीकृति चाहिन्छ,obstruction:ne:23,synthetic_v1,0,0,0,1,0,0,0,0
Meesho अर्डर रद्द गर्न हाम्रो इमेल डेस्क मा सम्पर्क गर्नुहोस्,obstruction,obstruction,ne,p,help_text,[TAG=p] [ROLE=help_text] Meesho अर्डर रद्द गर्न हाम्रो इमेल डेस्क मा सम्पर्क गर्नुहोस्,obstruction:ne:15,synthetic_v1,0,0,0,1,0,0,0,0
"To close your SastoDeal account, write to our email desk",obstruction,obstruction,en,div,modal_text,"[TAG=div] [ROLE=modal_text] To close your SastoDeal account, write to our email desk",obstruction:en:17,synthetic_v1,0,0,0,1,0,0,0,0
लैपटॉप बैग का रिफंड हमारा ईमेल डेस्क के ज़रिये ही मांगें,obstruction,obstruction,hi,a,support_link,[TAG=a] [ROLE=support_link] लैपटॉप बैग का रिफंड हमारा ईमेल डेस्क के ज़रिये ही मांगें,obstruction:hi:16,synthetic_v1,0,0,0,1,0,0,0,0
JioMart रद्दीकरण के लिए हमारी हेल्पलाइन से सत्यापन ज़रूरी है,obstruction,obstruction,hi,a,support_link,[TAG=a] [ROLE=support_link] JioMart रद्दीकरण के लिए हमारी हेल्पलाइन से सत्यापन ज़रूरी है,obstruction:hi:20,synthetic_v1,0,0,0,1,0,0,0,0
Returning backpack? Please call our helpline first,obstruction,obstruction,en,a,support_link,[TAG=a] [ROLE=support_link] Returning backpack? Please call our helpline first,obstruction:en:22,synthetic_v1,0,0,0,1,0,0,0,0
bluetooth speaker exchange requests go through our Facebook page only,obstruction,obstruction,en,div,modal_text,[TAG=div] [ROLE=modal_text] bluetooth speaker exchange requests go through our Facebook page only,obstruction:en:25,synthetic_v1,0,0,0,1,0,0,0,0
running shoes exchange requests go through our helpline only,obstruction,obstruction,en,a,support_link,[TAG=a] [ROLE=support_link] running shoes exchange requests go through our helpline only,obstruction:en:25,synthetic_v1,0,0,0,1,0,0,0,0
"To stop auto-renewal, contact our helpline within 1 days",obstruction,obstruction,en,a,support_link,"[TAG=a] [ROLE=support_link] To stop auto-renewal, contact our helpline within 1 days",obstruction:en:21,synthetic_v1,0,0,0,1,0,0,0,0
Ajio पर सब्सक्रिप्शन बदलाव केवल लाइव चैट से संभव है,obstruction,obstruction,hi,div,modal_text,[TAG=div] [ROLE=modal_text] Ajio पर सब्सक्रिप्शन बदलाव केवल लाइव चैट से संभव है,obstruction:hi:18,synthetic_v1,0,0,0,1,0,0,0,0
Returning study lamp? Please call our helpline first,obstruction,obstruction,en,div,modal_text,[TAG=div] [ROLE=modal_text] Returning study lamp? Please call our helpline first,obstruction:en:22,synthetic_v1,0,0,0,1,0,0,0,0
फिर्ता अनुरोध 12 दिनभित्र फोनबाट गर्नुपर्छ,obstruction,obstruction,ne,div,modal_text,[TAG=div] [ROLE=modal_text] फिर्ता अनुरोध 12 दिनभित्र फोनबाट गर्नुपर्छ,obstruction:ne:13,synthetic_v1,0,0,0,1,0,0,0,0
Flipkart ऑर्डर रद्द करने के लिए हमारा WhatsApp नंबर से संपर्क करें,obstruction,obstruction,hi,a,support_link,[TAG=a] [ROLE=support_link] Flipkart ऑर्डर रद्द करने के लिए हमारा WhatsApp नंबर से संपर्क करें,obstruction:hi:15,synthetic_v1,0,0,0,1,0,0,0,0
Reliance Digital रद्दीकरण के लिए कॉल सेंटर से सत्यापन ज़रूरी है,obstruction,obstruction,hi,p,help_text,[TAG=p] [ROLE=help_text] Reliance Digital रद्दीकरण के लिए कॉल सेंटर से सत्यापन ज़रूरी है,obstruction:hi:20,synthetic_v1,0,0,0,1,0,0,0,0
Return requests must be raised by phone within 10 days,obstruction,obstruction,en,p,help_text,[TAG=p] [ROLE=help_text] Return requests must be raised by phone within 10 days,obstruction:en:13,synthetic_v1,0,0,0,1,0,0,0,0
Myntra पर सब्सक्रिप्शन बदलाव केवल हमारा Viber सपोर्ट से संभव है,obstruction,obstruction,hi,div,modal_text,[TAG=div] [ROLE=modal_text] Myntra पर सब्सक्रिप्शन बदलाव केवल हमारा Viber सपोर्ट से संभव है,obstruction:hi:18,synthetic_v1,0,0,0,1,0,0,0,0
Deleting your Pepperfry data requires a written request to our Facebook page,obstruction,obstruction,en,p,help_text,[TAG=p] [ROLE=help_text] Deleting your Pepperfry data requires a written request to our Facebook page,obstruction:en:24,synthetic_v1,0,0,0,1,0,0,0,0
Snapdeal रद्दीकरण के लिए हमारा ईमेल डेस्क से सत्यापन ज़रूरी है,obstruction,obstruction,hi,a,support_link,[TAG=a] [ROLE=support_link] Snapdeal रद्दीकरण के लिए हमारा ईमेल डेस्क से सत्यापन ज़रूरी है,obstruction:hi:20,synthetic_v1,0,0,0,1,0,0,0,0
स्टडी लाइट को रिफन्ड लाइभ च्याट मार्फत मात्र माग्नुहोस्,obstruction,obstruction,ne,p,help_text,[TAG=p] [ROLE=help_text] स्टडी लाइट को रिफन्ड लाइभ च्याट मार्फत मात्र माग्नुहोस्,obstruction:ne:16,synthetic_v1,0,0,0,1,0,0,0,0
रिफन्डका लागि 4 थप चरण पूरा गर्नुहोस्,obstruction,obstruction,ne,div,modal_text,[TAG=div] [ROLE=modal_text] रिफन्डका लागि 4 थप चरण पूरा गर्नुहोस्,obstruction:ne:04,synthetic_v1,0,0,0,1,0,0,0,0
Deleting your Tata Cliq data requires a written request to our helpline,obstruction,obstruction,en,a,support_link,[TAG=a] [ROLE=support_link] Deleting your Tata Cliq data requires a written request to our helpline,obstruction:en:24,synthetic_v1,0,0,0,1,0,0,0,0
"To stop auto-renewal, contact our Facebook page within 8 days",obstruction,obstruction,en,div,modal_text,"[TAG=div] [ROLE=modal_text] To stop auto-renewal, contact our Facebook page within 8 days",obstruction:en:21,synthetic_v1,0,0,0,1,0,0,0,0
Subscription changes at FirstCry are only possible via our Viber support,obstruction,obstruction,en,div,modal_text,[TAG=div] [ROLE=modal_text] Subscription changes at FirstCry are only possible via our Viber support,obstruction:en:18,synthetic_v1,0,0,0,1,0,0,0,0
"To close your Amazon account, write to our WhatsApp number",obstruction,obstruction,en,p,help_text,"[TAG=p] [ROLE=help_text] To close your Amazon account, write to our WhatsApp number",obstruction:en:17,synthetic_v1,0,0,0,1,0,0,0,0
Myntra cancellations require verification through our helpline,obstruction,obstruction,en,div,modal_text,[TAG=div] [ROLE=modal_text] Myntra cancellations require verification through our helpline,obstruction:en:20,synthetic_v1,0,0,0,1,0,0,0,0
"To close your Kinbech account, write to our WhatsApp number",obstruction,obstruction,en,a,support_link,"[TAG=a] [ROLE=support_link] To close your Kinbech account, write to our WhatsApp number",obstruction:en:17,synthetic_v1,0,0,0,1,0,0,0,0
"To cancel your Blinkit order, contact our support line",obstruction,obstruction,en,div,modal_text,"[TAG=div] [ROLE=modal_text] To cancel your Blinkit order, contact our support line",obstruction:en:15,synthetic_v1,0,0,0,1,0,0,0,0
"To downgrade your Pro plan at HamroBazar, contact live chat",obstruction,obstruction,en,p,help_text,"[TAG=p] [ROLE=help_text] To downgrade your Pro plan at HamroBazar, contact live chat",obstruction:en:26,synthetic_v1,0,0,0,1,0,0,0,0
Nykaa मा प्लस प्लान डाउनग्रेड गर्न लाइभ च्याट मा सम्पर्क गर्नुहोस्,obstruction,obstruction,ne,div,modal_text,[TAG=div] [ROLE=modal_text] Nykaa मा प्लस प्लान डाउनग्रेड गर्न लाइभ च्याट मा सम्पर्क गर्नुहोस्,obstruction:ne:26,synthetic_v1,0,0,0,1,0,0,0,0
स्कूल बैग को ऑर्डर से हटाने के लिए हमारी हेल्पलाइन से संपर्क करें,obstruction,obstruction,hi,div,modal_text,[TAG=div] [ROLE=modal_text] स्कूल बैग को ऑर्डर से हटाने के लिए हमारी हेल्पलाइन से संपर्क करें,obstruction:hi:19,synthetic_v1,0,0,0,1,0,0,0,0
Flipkart खाता बन्द गर्न हाम्रो हेल्पलाइन लाई लेख्नुहोस्,obstruction,obstruction,ne,div,modal_text,[TAG=div] [ROLE=modal_text] Flipkart खाता बन्द गर्न हाम्रो हेल्पलाइन लाई लेख्नुहोस्,obstruction:ne:17,synthetic_v1,0,0,0,1,0,0,0,0
ट्रेकिंग जैकेट का रिफंड हमारा ईमेल डेस्क के ज़रिये ही मांगें,obstruction,obstruction,hi,div,modal_text,[TAG=div] [ROLE=modal_text] ट्रेकिंग जैकेट का रिफंड हमारा ईमेल डेस्क के ज़रिये ही मांगें,obstruction:hi:16,synthetic_v1,0,0,0,1,0,0,0,0
रद्द करने के लिए 4 कार्यदिवस में संपर्क करें,obstruction,obstruction,hi,p,help_text,[TAG=p] [ROLE=help_text] रद्द करने के लिए 4 कार्यदिवस में संपर्क करें,obstruction:hi:05,synthetic_v1,0,0,0,1,0,0,0,0
स्पोर्ट्स चप्पल फिर्ता गर्नु छ? पहिले हाम्रो इमेल डेस्क मा फोन गर्नुहोस्,obstruction,obstruction,ne,div,modal_text,[TAG=div] [ROLE=modal_text] स्पोर्ट्स चप्पल फिर्ता गर्नु छ? पहिले हाम्रो इमेल डेस्क मा फोन गर्नुहोस्,obstruction:ne:22,synthetic_v1,0,0,0,1,0,0,0,0
Amazon खाता बंद करने के लिए हमारा सपोर्ट नंबर को लिखें,obstruction,obstruction,hi,a,support_link,[TAG=a] [ROLE=support_link] Amazon खाता बंद करने के लिए हमारा सपोर्ट नंबर को लिखें,obstruction:hi:17,synthetic_v1,0,0,0,1,0,0,0,0
Snapdeal ऑर्डर रद्द करने के लिए हमारा Viber सपोर्ट से संपर्क करें,obstruction,obstruction,hi,div,modal_text,[TAG=div] [ROLE=modal_text] Snapdeal ऑर्डर रद्द करने के लिए हमारा Viber सपोर्ट से संपर्क करें,obstruction:hi:15,synthetic_v1,0,0,0,1,0,0,0,0
"To close your BigBasket account, write to our email desk",obstruction,obstruction,en,div,modal_text,"[TAG=div] [ROLE=modal_text] To close your BigBasket account, write to our email desk",obstruction:en:17,synthetic_v1,0,0,0,1,0,0,0,0
ऑटो-रिन्यूअल बंद करने के लिए 5 दिन में हमारा सपोर्ट नंबर से संपर्क करें,obstruction,obstruction,hi,p,help_text,[TAG=p] [ROLE=help_text] ऑटो-रिन्यूअल बंद करने के लिए 5 दिन में हमारा सपोर्ट नंबर से संपर्क करें,obstruction:hi:21,synthetic_v1,0,0,0,1,0,0,0,0
"To stop auto-renewal, contact our Viber support within 1 days",obstruction,obstruction,en,a,support_link,"[TAG=a] [ROLE=support_link] To stop auto-renewal, contact our Viber support within 1 days",obstruction:en:21,synthetic_v1,0,0,0,1,0,0,0,0
अफिस कुर्सी को रिफन्ड हाम्रो Viber सपोर्ट मार्फत मात्र माग्नुहोस्,obstruction,obstruction,ne,div,modal_text,[TAG=div] [ROLE=modal_text] अफिस कुर्सी को रिफन्ड हाम्रो Viber सपोर्ट मार्फत मात्र माग्नुहोस्,obstruction:ne:16,synthetic_v1,0,0,0,1,0,0,0,0
रिफन्ड 5 दिनको समीक्षापछि मात्र हुनेछ,obstruction,obstruction,ne,a,support_link,[TAG=a] [ROLE=support_link] रिफन्ड 5 दिनको समीक्षापछि मात्र हुनेछ,obstruction:ne:11,synthetic_v1,0,0,0,1,0,0,0,0
ऑटो-रिन्यूअल बंद करने के लिए 7 दिन में हमारा WhatsApp नंबर से संपर्क करें,obstruction,obstruction,hi,a,support_link,[TAG=a] [ROLE=support_link] ऑटो-रिन्यूअल बंद करने के लिए 7 दिन में हमारा WhatsApp नंबर से संपर्क करें,obstruction:hi:21,synthetic_v1,0,0,0,1,0,0,0,0
Reach our email desk to remove office chair from your order,obstruction,obstruction,en,a,support_link,[TAG=a] [ROLE=support_link] Reach our email desk to remove office chair from your order,obstruction:en:19,synthetic_v1,0,0,0,1,0,0,0,0
BigBasket पर सब्सक्रिप्शन बदलाव केवल हमारा सपोर्ट नंबर से संभव है,obstruction,obstruction,hi,a,support_link,[TAG=a] [ROLE=support_link] BigBasket पर सब्सक्रिप्शन बदलाव केवल हमारा सपोर्ट नंबर से संभव है,obstruction:hi:18,synthetic_v1,0,0,0,1,0,0,0,0
Subscription changes at Croma are only possible via our Viber support,obstruction,obstruction,en,p,help_text,[TAG=p] [ROLE=help_text] Subscription changes at Croma are only possible via our Viber support,obstruction:en:18,synthetic_v1,0,0,0,1,0,0,0,0
Muncha डाटा हटाउन कल सेन्टर लाई लिखित अनुरोध पठाउनुहोस्,obstruction,obstruction,ne,a,support_link,[TAG=a] [ROLE=support_link] Muncha डाटा हटाउन कल सेन्टर लाई लिखित अनुरोध पठाउनुहोस्,obstruction:ne:24,synthetic_v1,0,0,0,1,0,0,0,0
इलेक्ट्रिक केतली फिर्ता गर्नु छ? पहिले हाम्रो Viber सपोर्ट मा फोन गर्नुहोस्,obstruction,obstruction,ne,div,modal_text,[TAG=div] [ROLE=modal_text] इलेक्ट्रिक केतली फिर्ता गर्नु छ? पहिले हाम्रो Viber सपोर्ट मा फोन गर्नुहोस्,obstruction:ne:22,synthetic_v1,0,0,0,1,0,0,0,0
Lenskart डेटा हटाने के लिए कॉल सेंटर को लिखित अनुरोध भेजें,obstruction,obstruction,hi,p,help_text,[TAG=p] [ROLE=help_text] Lenskart डेटा हटाने के लिए कॉल सेंटर को लिखित अनुरोध भेजें,obstruction:hi:24,synthetic_v1,0,0,0,1,0,0,0,0
"To downgrade your Pro plan at Meesho, contact our Viber support",obstruction,obstruction,en,div,modal_text,"[TAG=div] [ROLE=modal_text] To downgrade your Pro plan at Meesho, contact our Viber support",obstruction:en:26,synthetic_v1,0,0,0,1,0,0,0,0
स्वतः नवीकरण बन्द गर्न 9 दिनभित्र हाम्रो सपोर्ट नम्बर मा सम्पर्क गर्नुहोस्,obstruction,obstruction,ne,a,support_link,[TAG=a] [ROLE=support_link] स्वतः नवीकरण बन्द गर्न 9 दिनभित्र हाम्रो सपोर्ट नम्बर मा सम्पर्क गर्नुहोस्,obstruction:ne:21,synthetic_v1,0,0,0,1,0,0,0,0
Ajio पर प्रो प्लान डाउनग्रेड करने के लिए हमारा WhatsApp नंबर से संपर्क करें,obstruction,obstruction,hi,div,modal_text,[TAG=div] [ROLE=modal_text] Ajio पर प्रो प्लान डाउनग्रेड करने के लिए हमारा WhatsApp नंबर से संपर्क करें,obstruction:hi:26,synthetic_v1,0,0,0,1,0,0,0,0
कफी मेकर सट्टा अनुरोध हाम्रो इमेल डेस्क बाट मात्र हुन्छ,obstruction,obstruction,ne,p,help_text,[TAG=p] [ROLE=help_text] कफी मेकर सट्टा अनुरोध हाम्रो इमेल डेस्क बाट मात्र हुन्छ,obstruction:ne:25,synthetic_v1,0,0,0,1,0,0,0,0
Muncha रिफंड के लिए कॉल सेंटर की मंज़ूरी चाहिए,obstruction,obstruction,hi,p,help_text,[TAG=p] [ROLE=help_text] Muncha रिफंड के लिए कॉल सेंटर की मंज़ूरी चाहिए,obstruction:hi:23,synthetic_v1,0,0,0,1,0,0,0,0
water bottle exchange requests go through our Facebook page only,obstruction,obstruction,en,div,modal_text,[TAG=div] [ROLE=modal_text] water bottle exchange requests go through our Facebook page only,obstruction:en:25,synthetic_v1,0,0,0,1,0,0,0,0
Zepto डेटा हटाने के लिए हमारा Facebook पेज को लिखित अनुरोध भेजें,obstruction,obstruction,hi,div,modal_text,[TAG=div] [ROLE=modal_text] Zepto डेटा हटाने के लिए हमारा Facebook पेज को लिखित अनुरोध भेजें,obstruction:hi:24,synthetic_v1,0,0,0,1,0,0,0,0
लैपटॉप बैग का रिफंड लाइव चैट के ज़रिये ही मांगें,obstruction,obstruction,hi,p,help_text,[TAG=p] [ROLE=help_text] लैपटॉप बैग का रिफंड लाइव चैट के ज़रिये ही मांगें,obstruction:hi:16,synthetic_v1,0,0,0,1,0,0,0,0
Gyapu खाता बंद करने के लिए हमारा Facebook पेज को लिखें,obstruction,obstruction,hi,div,modal_text,[TAG=div] [ROLE=modal_text] Gyapu खाता बंद करने के लिए हमारा Facebook पेज को लिखें,obstruction:hi:17,synthetic_v1,0,0,0,1,0,0,0,0
फॉर्मल शर्ट लौटाना है? पहले हमारी हेल्पलाइन पर कॉल करें,obstruction,obstruction,hi,p,help_text,[TAG=p] [ROLE=help_text] फॉर्मल शर्ट लौटाना है? पहले हमारी हेल्पलाइन पर कॉल करें,obstruction:hi:22,synthetic_v1,0,0,0,1,0,0,0,0
Your refund request requires 9 additional steps,obstruction,obstruction,en,div,modal_text,[TAG=div] [ROLE=modal_text] Your refund request requires 9 additional steps,obstruction:en:04,synthetic_v1,0,0,0,1,0,0,0,0
Reliance Digital रद्दीकरणका लागि हाम्रो इमेल डेस्क बाट प्रमाणीकरण आवश्यक छ,obstruction,obstruction,ne,p,help_text,[TAG=p] [ROLE=help_text] Reliance Digital रद्दीकरणका लागि हाम्रो इमेल डेस्क बाट प्रमाणीकरण आवश्यक छ,obstruction:ne:20,synthetic_v1,0,0,0,1,0,0,0,0
Myntra रिफंड के लिए हमारा Facebook पेज की मंज़ूरी चाहिए,obstruction,obstruction,hi,p,help_text,[TAG=p] [ROLE=help_text] Myntra रिफंड के लिए हमारा Facebook पेज की मंज़ूरी चाहिए,obstruction:hi:23,synthetic_v1,0,0,0,1,0,0,0,0
Zepto ऑर्डर रद्द करने के लिए हमारा Facebook पेज से संपर्क करें,obstruction,obstruction,hi,a,support_link,[TAG=a] [ROLE=support_link] Zepto ऑर्डर रद्द करने के लिए हमारा Facebook पेज से संपर्क करें,obstruction:hi:15,synthetic_v1,0,0,0,1,0,0,0,0
Tata Cliq अर्डर रद्द गर्न हाम्रो इमेल डेस्क मा सम्पर्क गर्नुहोस्,obstruction,obstruction,ne,div,modal_text,[TAG=div] [ROLE=modal_text] Tata Cliq अर्डर रद्द गर्न हाम्रो इमेल डेस्क मा सम्पर्क गर्नुहोस्,obstruction:ne:15,synthetic_v1,0,0,0,1,0,0,0,0
हेयर ड्रायर एक्सचेंज अनुरोध केवल हमारा ईमेल डेस्क से होगा,obstruction,obstruction,hi,p,help_text,[TAG=p] [ROLE=help_text] हेयर ड्रायर एक्सचेंज अनुरोध केवल हमारा ईमेल डेस्क से होगा,obstruction:hi:25,synthetic_v1,0,0,0,1,0,0,0,0
Blinkit रिफंड के लिए लाइव चैट की मंज़ूरी चाहिए,obstruction,obstruction,hi,p,help_text,[TAG=p] [ROLE=help_text] Blinkit रिफंड के लिए लाइव चैट की मंज़ूरी चाहिए,obstruction:hi:23,synthetic_v1,0,0,0,1,0,0,0,0
Your Thulo refund needs approval from the call centre,obstruction,obstruction,en,p,help_text,[TAG=p] [ROLE=help_text] Your Thulo refund needs approval from the call centre,obstruction:en:23,synthetic_v1,0,0,0,1,0,0,0,0
रिफन्डका लागि 3 थप चरण पूरा गर्नुहोस्,obstruction,obstruction,ne,a,support_link,[TAG=a] [ROLE=support_link] रिफन्डका लागि 3 थप चरण पूरा गर्नुहोस्,obstruction:ne:04,synthetic_v1,0,0,0,1,0,0,0,0
Kinbech डाटा हटाउन कल सेन्टर लाई लिखित अनुरोध पठाउनुहोस्,obstruction,obstruction,ne,div,modal_text,[TAG=div] [ROLE=modal_text] Kinbech डाटा हटाउन कल सेन्टर लाई लिखित अनुरोध पठाउनुहोस्,obstruction:ne:24,synthetic_v1,0,0,0,1,0,0,0,0
"To stop auto-renewal, contact our Facebook page within 6 days",obstruction,obstruction,en,p,help_text,"[TAG=p] [ROLE=help_text] To stop auto-renewal, contact our Facebook page within 6 days",obstruction:en:21,synthetic_v1,0,0,0,1,0,0,0,0
Amazon डेटा हटाने के लिए हमारा सपोर्ट नंबर को लिखित अनुरोध भेजें,obstruction,obstruction,hi,p,help_text,[TAG=p] [ROLE=help_text] Amazon डेटा हटाने के लिए हमारा सपोर्ट नंबर को लिखित अनुरोध भेजें,obstruction:hi:24,synthetic_v1,0,0,0,1,0,0,0,0
Flipkart पर सब्सक्रिप्शन बदलाव केवल लाइव चैट से संभव है,obstruction,obstruction,hi,p,help_text,[TAG=p] [ROLE=help_text] Flipkart पर सब्सक्रिप्शन बदलाव केवल लाइव चैट से संभव है,obstruction:hi:18,synthetic_v1,0,0,0,1,0,0,0,0
लैपटॉप बैग का रिफंड हमारा सपोर्ट नंबर के ज़रिये ही मांगें,obstruction,obstruction,hi,a,support_link,[TAG=a] [ROLE=support_link] लैपटॉप बैग का रिफंड हमारा सपोर्ट नंबर के ज़रिये ही मांगें,obstruction:hi:16,synthetic_v1,0,0,0,1,0,0,0,0
रनिङ जुत्ता को रिफन्ड हाम्रो Facebook पेज मार्फत मात्र माग्नुहोस्,obstruction,obstruction,ne,p,help_text,[TAG=p] [ROLE=help_text] रनिङ जुत्ता को रिफन्ड हाम्रो Facebook पेज मार्फत मात्र माग्नुहोस्,obstruction:ne:16,synthetic_v1,0,0,0,1,0,0,0,0
स्वतः नवीकरण बन्द गर्न 1 दिनभित्र हाम्रो इमेल डेस्क मा सम्पर्क गर्नुहोस्,obstruction,obstruction,ne,p,help_text,[TAG=p] [ROLE=help_text] स्वतः नवीकरण बन्द गर्न 1 दिनभित्र हाम्रो इमेल डेस्क मा सम्पर्क गर्नुहोस्,obstruction:ne:21,synthetic_v1,0,0,0,1,0,0,0,0
JioMart पर सब्सक्रिप्शन बदलाव केवल लाइव चैट से संभव है,obstruction,obstruction,hi,a,support_link,[TAG=a] [ROLE=support_link] JioMart पर सब्सक्रिप्शन बदलाव केवल लाइव चैट से संभव है,obstruction:hi:18,synthetic_v1,0,0,0,1,0,0,0,0
"To close your Lenskart account, write to our WhatsApp number",obstruction,obstruction,en,p,help_text,"[TAG=p] [ROLE=help_text] To close your Lenskart account, write to our WhatsApp number",obstruction:en:17,synthetic_v1,0,0,0,1,0,0,0,0
Amazon खाता बन्द गर्न हाम्रो हेल्पलाइन लाई लेख्नुहोस्,obstruction,obstruction,ne,div,modal_text,[TAG=div] [ROLE=modal_text] Amazon खाता बन्द गर्न हाम्रो हेल्पलाइन लाई लेख्नुहोस्,obstruction:ne:17,synthetic_v1,0,0,0,1,0,0,0,0
डाउनग्रेड गर्न ललितपुर कार्यालय पोर्टलबाट अनुरोध गर्नुहोस्,obstruction,obstruction,ne,a,support_link,[TAG=a] [ROLE=support_link] डाउनग्रेड गर्न ललितपुर कार्यालय पोर्टलबाट अनुरोध गर्नुहोस्,obstruction:ne:12,synthetic_v1,0,0,0,1,0,0,0,0
Tata Cliq रिफंड के लिए हमारा WhatsApp नंबर की मंज़ूरी चाहिए,obstruction,obstruction,hi,div,modal_text,[TAG=div] [ROLE=modal_text] Tata Cliq रिफंड के लिए हमारा WhatsApp नंबर की मंज़ूरी चाहिए,obstruction:hi:23,synthetic_v1,0,0,0,1,0,0,0,0
Your Flipkart refund needs approval from our support line,obstruction,obstruction,en,div,modal_text,[TAG=div] [ROLE=modal_text] Your Flipkart refund needs approval from our support line,obstruction:en:23,synthetic_v1,0,0,0,1,0,0,0,0
SastoDeal अर्डर रद्द गर्न हाम्रो इमेल डेस्क मा सम्पर्क गर्नुहोस्,obstruction,obstruction,ne,p,help_text,[TAG=p] [ROLE=help_text] SastoDeal अर्डर रद्द गर्न हाम्रो इमेल डेस्क मा सम्पर्क गर्नुहोस्,obstruction:ne:15,synthetic_v1,0,0,0,1,0,0,0,0
स्मार्टवॉच का रिफंड हमारा WhatsApp नंबर के ज़रिये ही मांगें,obstruction,obstruction,hi,a,support_link,[TAG=a] [ROLE=support_link] स्मार्टवॉच का रिफंड हमारा WhatsApp नंबर के ज़रिये ही मांगें,obstruction:hi:16,synthetic_v1,0,0,0,1,0,0,0,0
ट्रेकिंग जैकेट एक्सचेंज अनुरोध केवल हमारा ईमेल डेस्क से होगा,obstruction,obstruction,hi,a,support_link,[TAG=a] [ROLE=support_link] ट्रेकिंग जैकेट एक्सचेंज अनुरोध केवल हमारा ईमेल डेस्क से होगा,obstruction:hi:25,synthetic_v1,0,0,0,1,0,0,0,0
"To cancel your SastoDeal order, contact our Viber support",obstruction,obstruction,en,p,help_text,"[TAG=p] [ROLE=help_text] To cancel your SastoDeal order, contact our Viber support",obstruction:en:15,synthetic_v1,0,0,0,1,0,0,0,0
हेयर ड्रायर का रिफंड हमारा Facebook पेज के ज़रिये ही मांगें,obstruction,obstruction,hi,a,support_link,[TAG=a] [ROLE=support_link] हेयर ड्रायर का रिफंड हमारा Facebook पेज के ज़रिये ही मांगें,obstruction:hi:16,synthetic_v1,0,0,0,1,0,0,0,0
वायरलेस इयरबड्स फिर्ता गर्नु छ? पहिले कल सेन्टर मा फोन गर्नुहोस्,obstruction,obstruction,ne,a,support_link,[TAG=a] [ROLE=support_link] वायरलेस इयरबड्स फिर्ता गर्नु छ? पहिले कल सेन्टर मा फोन गर्नुहोस्,obstruction:ne:22,synthetic_v1,0,0,0,1,0,0,0,0
ब्लुटुथ स्पिकर सट्टा अनुरोध हाम्रो WhatsApp नम्बर बाट मात्र हुन्छ,obstruction,obstruction,ne,a,support_link,[TAG=a] [ROLE=support_link] ब्लुटुथ स्पिकर सट्टा अनुरोध हाम्रो WhatsApp नम्बर बाट मात्र हुन्छ,obstruction:ne:25,synthetic_v1,0,0,0,1,0,0,0,0
JioMart रिफंड के लिए हमारा Facebook पेज की मंज़ूरी चाहिए,obstruction,obstruction,hi,a,support_link,[TAG=a] [ROLE=support_link] JioMart रिफंड के लिए हमारा Facebook पेज की मंज़ूरी चाहिए,obstruction:hi:23,synthetic_v1,0,0,0,1,0,0,0,0
Deleting your OkDam data requires a written request to our WhatsApp number,obstruction,obstruction,en,p,help_text,[TAG=p] [ROLE=help_text] Deleting your OkDam data requires a written request to our WhatsApp number,obstruction:en:24,synthetic_v1,0,0,0,1,0,0,0,0
Reliance Digital cancellations require verification through our WhatsApp number,obstruction,obstruction,en,div,modal_text,[TAG=div] [ROLE=modal_text] Reliance Digital cancellations require verification through our WhatsApp number,obstruction:en:20,synthetic_v1,0,0,0,1,0,0,0,0
"To downgrade your Pro plan at Pepperfry, contact our WhatsApp number",obstruction,obstruction,en,p,help_text,"[TAG=p] [ROLE=help_text] To downgrade your Pro plan at Pepperfry, contact our WhatsApp number",obstruction:en:26,synthetic_v1,0,0,0,1,0,0,0,0
HamroBazar खाता बन्द गर्न हाम्रो इमेल डेस्क लाई लेख्नुहोस्,obstruction,obstruction,ne,a,support_link,[TAG=a] [ROLE=support_link] HamroBazar खाता बन्द गर्न हाम्रो इमेल डेस्क लाई लेख्नुहोस्,obstruction:ne:17,synthetic_v1,0,0,0,1,0,0,0,0
Nykaa पर प्लस प्लान डाउनग्रेड करने के लिए हमारा WhatsApp नंबर से संपर्क करें,obstruction,obstruction,hi,p,help_text,[TAG=p] [ROLE=help_text] Nykaa पर प्लस प्लान डाउनग्रेड करने के लिए हमारा WhatsApp नंबर से संपर्क करें,obstruction:hi:26,synthetic_v1,0,0,0,1,0,0,0,0
Refunds for denim jeans must be requested through the call centre,obstruction,obstruction,en,p,help_text,[TAG=p] [ROLE=help_text] Refunds for denim jeans must be requested through the call centre,obstruction:en:16,synthetic_v1,0,0,0,1,0,0,0,0
Croma रिफन्डका लागि हाम्रो इमेल डेस्क को स्वीकृति चाहिन्छ,obstruction,obstruction,ne,p,help_text,[TAG=p] [ROLE=help_text] Croma रिफन्डका लागि हाम्रो इमेल डेस्क को स्वीकृति चाहिन्छ,obstruction:ne:23,synthetic_v1,0,0,0,1,0,0,0,0
electric kettle exchange requests go through our WhatsApp number only,obstruction,obstruction,en,div,modal_text,[TAG=div] [ROLE=modal_text] electric kettle exchange requests go through our WhatsApp number only,obstruction:en:25,synthetic_v1,0,0,0,1,0,0,0,0
"To close your Lenskart account, write to the call centre",obstruction,obstruction,en,div,modal_text,"[TAG=div] [ROLE=modal_text] To close your Lenskart account, write to the call centre",obstruction:en:17,synthetic_v1,0,0,0,1,0,0,0,0
"To downgrade, submit a request from the Lucknow office portal",obstruction,obstruction,en,a,support_link,"[TAG=a] [ROLE=support_link] To downgrade, submit a request from the Lucknow office portal",obstruction:en:12,synthetic_v1,0,0,0,1,0,0,0,0
योगा मैट एक्सचेंज अनुरोध केवल हमारा Facebook पेज से होगा,obstruction,obstruction,hi,p,help_text,[TAG=p] [ROLE=help_text] योगा मैट एक्सचेंज अनुरोध केवल हमारा Facebook पेज से होगा,obstruction:hi:25,synthetic_v1,0,0,0,1,0,0,0,0
OkDam खाता बंद करने के लिए हमारा सपोर्ट नंबर को लिखें,obstruction,obstruction,hi,div,modal_text,[TAG=div] [ROLE=modal_text] OkDam खाता बंद करने के लिए हमारा सपोर्ट नंबर को लिखें,obstruction:hi:17,synthetic_v1,0,0,0,1,0,0,0,0
पावर बैंक एक्सचेंज अनुरोध केवल हमारा सपोर्ट नंबर से होगा,obstruction,obstruction,hi,div,modal_text,[TAG=div] [ROLE=modal_text] पावर बैंक एक्सचेंज अनुरोध केवल हमारा सपोर्ट नंबर से होगा,obstruction:hi:25,synthetic_v1,0,0,0,1,0,0,0,0
"To cancel your Ajio order, contact our helpline",obstruction,obstruction,en,div,modal_text,"[TAG=div] [ROLE=modal_text] To cancel your Ajio order, contact our helpline",obstruction:en:15,synthetic_v1,0,0,0,1,0,0,0,0
स्वतः नवीकरण बन्द गर्न 3 दिनभित्र हाम्रो सपोर्ट नम्बर मा सम्पर्क गर्नुहोस्,obstruction,obstruction,ne,p,help_text,[TAG=p] [ROLE=help_text] स्वतः नवीकरण बन्द गर्न 3 दिनभित्र हाम्रो सपोर्ट नम्बर मा सम्पर्क गर्नुहोस्,obstruction:ne:21,synthetic_v1,0,0,0,1,0,0,0,0
वायरलेस ईयरबड्स का रिफंड हमारा Facebook पेज के ज़रिये ही मांगें,obstruction,obstruction,hi,div,modal_text,[TAG=div] [ROLE=modal_text] वायरलेस ईयरबड्स का रिफंड हमारा Facebook पेज के ज़रिये ही मांगें,obstruction:hi:16,synthetic_v1,0,0,0,1,0,0,0,0
"To downgrade your Gold plan at Kinbech, contact our Viber support",obstruction,obstruction,en,p,help_text,"[TAG=p] [ROLE=help_text] To downgrade your Gold plan at Kinbech, contact our Viber support",obstruction:en:26,synthetic_v1,0,0,0,1,0,0,0,0
Gyapu पर प्राइम प्लान डाउनग्रेड करने के लिए हमारा सपोर्ट नंबर से संपर्क करें,obstruction,obstruction,hi,a,support_link,[TAG=a] [ROLE=support_link] Gyapu पर प्राइम प्लान डाउनग्रेड करने के लिए हमारा सपोर्ट नंबर से संपर्क करें,obstruction:hi:26,synthetic_v1,0,0,0,1,0,0,0,0
Lenskart पर प्रो प्लान डाउनग्रेड करने के लिए हमारा Viber सपोर्ट से संपर्क करें,obstruction,obstruction,hi,a,support_link,[TAG=a] [ROLE=support_link] Lenskart पर प्रो प्लान डाउनग्रेड करने के लिए हमारा Viber सपोर्ट से संपर्क करें,obstruction:hi:26,synthetic_v1,0,0,0,1,0,0,0,0
Thulo डेटा हटाने के लिए हमारा Viber सपोर्ट को लिखित अनुरोध भेजें,obstruction,obstruction,hi,a,support_link,[TAG=a] [ROLE=support_link] Thulo डेटा हटाने के लिए हमारा Viber सपोर्ट को लिखित अनुरोध भेजें,obstruction:hi:24,synthetic_v1,0,0,0,1,0,0,0,0
ऑटो-रिन्यूअल बंद करने के लिए 12 दिन में हमारा Viber सपोर्ट से संपर्क करें,obstruction,obstruction,hi,div,modal_text,[TAG=div] [ROLE=modal_text] ऑटो-रिन्यूअल बंद करने के लिए 12 दिन में हमारा Viber सपोर्ट से संपर्क करें,obstruction:hi:21,synthetic_v1,0,0,0,1,0,0,0,0
गेमिङ माउस सट्टा अनुरोध लाइभ च्याट बाट मात्र हुन्छ,obstruction,obstruction,ne,div,modal_text,[TAG=div] [ROLE=modal_text] गेमिङ माउस सट्टा अनुरोध लाइभ च्याट बाट मात्र हुन्छ,obstruction:ne:25,synthetic_v1,0,0,0,1,0,0,0,0
Subscription changes at Meesho are only possible via our WhatsApp number,obstruction,obstruction,en,div,modal_text,[TAG=div] [ROLE=modal_text] Subscription changes at Meesho are only possible via our WhatsApp number,obstruction:en:18,synthetic_v1,0,0,0,1,0,0,0,0
पावर ब्यांक सट्टा अनुरोध हाम्रो इमेल डेस्क बाट मात्र हुन्छ,obstruction,obstruction,ne,p,help_text,[TAG=p] [ROLE=help_text] पावर ब्यांक सट्टा अनुरोध हाम्रो इमेल डेस्क बाट मात्र हुन्छ,obstruction:ne:25,synthetic_v1,0,0,0,1,0,0,0,0
"To downgrade your Pro plan at BigBasket, contact live chat",obstruction,obstruction,en,div,modal_text,"[TAG=div] [ROLE=modal_text] To downgrade your Pro plan at BigBasket, contact live chat",obstruction:en:26,synthetic_v1,0,0,0,1,0,0,0,0
पावर बैंक लौटाना है? पहले हमारी हेल्पलाइन पर कॉल करें,obstruction,obstruction,hi,p,help_text,[TAG=p] [ROLE=help_text] पावर बैंक लौटाना है? पहले हमारी हेल्पलाइन पर कॉल करें,obstruction:hi:22,synthetic_v1,0,0,0,1,0,0,0,0
Subscription changes at BigBasket are only possible via our Viber support,obstruction,obstruction,en,a,support_link,[TAG=a] [ROLE=support_link] Subscription changes at BigBasket are only possible via our Viber support,obstruction:en:18,synthetic_v1,0,0,0,1,0,0,0,0
डाउनग्रेड के लिए पटना कार्यालय पोर्टल से अनुरोध करें,obstruction,obstruction,hi,a,support_link,[TAG=a] [ROLE=support_link] डाउनग्रेड के लिए पटना कार्यालय पोर्टल से अनुरोध करें,obstruction:hi:12,synthetic_v1,0,0,0,1,0,0,0,0
Are you sure? Continue to step 9 to cancel,obstruction,obstruction,en,a,support_link,[TAG=a] [ROLE=support_link] Are you sure? Continue to step 9 to cancel,obstruction:en:10,synthetic_v1,0,0,0,1,0,0,0,0
स्टडी लैंप का रिफंड कॉल सेंटर के ज़रिये ही मांगें,obstruction,obstruction,hi,a,support_link,[TAG=a] [ROLE=support_link] स्टडी लैंप का रिफंड कॉल सेंटर के ज़रिये ही मांगें,obstruction:hi:16,synthetic_v1,0,0,0,1,0,0,0,0
Croma डाटा हटाउन हाम्रो WhatsApp नम्बर लाई लिखित अनुरोध पठाउनुहोस्,obstruction,obstruction,ne,div,modal_text,[TAG=div] [ROLE=modal_text] Croma डाटा हटाउन हाम्रो WhatsApp नम्बर लाई लिखित अनुरोध पठाउनुहोस्,obstruction:ne:24,synthetic_v1,0,0,0,1,0,0,0,0
Muncha रिफन्डका लागि हाम्रो सपोर्ट नम्बर को स्वीकृति चाहिन्छ,obstruction,obstruction,ne,a,support_link,[TAG=a] [ROLE=support_link] Muncha रिफन्डका लागि हाम्रो सपोर्ट नम्बर को स्वीकृति चाहिन्छ,obstruction:ne:23,synthetic_v1,0,0,0,1,0,0,0,0
स्कुल ब्याग अर्डरबाट हटाउन हाम्रो Viber सपोर्ट मा सम्पर्क गर्नुहोस्,obstruction,obstruction,ne,a,support_link,[TAG=a] [ROLE=support_link] स्कुल ब्याग अर्डरबाट हटाउन हाम्रो Viber सपोर्ट मा सम्पर्क गर्नुहोस्,obstruction:ne:19,synthetic_v1,0,0,0,1,0,0,0,0
ऑटो-रिन्यूअल बंद करने के लिए 4 दिन में हमारा Facebook पेज से संपर्क करें,obstruction,obstruction,hi,a,support_link,[TAG=a] [ROLE=support_link] ऑटो-रिन्यूअल बंद करने के लिए 4 दिन में हमारा Facebook पेज से संपर्क करें,obstruction:hi:21,synthetic_v1,0,0,0,1,0,0,0,0
कॉटन कुर्ता का रिफंड हमारा ईमेल डेस्क के ज़रिये ही मांगें,obstruction,obstruction,hi,div,modal_text,[TAG=div] [ROLE=modal_text] कॉटन कुर्ता का रिफंड हमारा ईमेल डेस्क के ज़रिये ही मांगें,obstruction:hi:16,synthetic_v1,0,0,0,1,0,0,0,0
Subscription changes at Ajio are only possible via our Viber support,obstruction,obstruction,en,div,modal_text,[TAG=div] [ROLE=modal_text] Subscription changes at Ajio are only possible via our Viber support,obstruction:en:18,synthetic_v1,0,0,0,1,0,0,0,0
स्वतः नवीकरण बन्द गर्न 9 दिनभित्र हाम्रो हेल्पलाइन मा सम्पर्क गर्नुहोस्,obstruction,obstruction,ne,div,modal_text,[TAG=div] [ROLE=modal_text] स्वतः नवीकरण बन्द गर्न 9 दिनभित्र हाम्रो हेल्पलाइन मा सम्पर्क गर्नुहोस्,obstruction:ne:21,synthetic_v1,0,0,0,1,0,0,0,0
Meesho रद्दीकरण के लिए कॉल सेंटर से सत्यापन ज़रूरी है,obstruction,obstruction,hi,a,support_link,[TAG=a] [ROLE=support_link] Meesho रद्दीकरण के लिए कॉल सेंटर से सत्यापन ज़रूरी है,obstruction:hi:20,synthetic_v1,0,0,0,1,0,0,0,0
Flipkart खाता बंद करने के लिए हमारा ईमेल डेस्क को लिखें,obstruction,obstruction,hi,a,support_link,[TAG=a] [ROLE=support_link] Flipkart खाता बंद करने के लिए हमारा ईमेल डेस्क को लिखें,obstruction:hi:17,synthetic_v1,0,0,0,1,0,0,0,0
OkDam मा सदस्यता परिवर्तन हाम्रो सपोर्ट नम्बर बाट मात्र सम्भव छ,obstruction,obstruction,ne,div,modal_text,[TAG=div] [ROLE=modal_text] OkDam मा सदस्यता परिवर्तन हाम्रो सपोर्ट नम्बर बाट मात्र सम्भव छ,obstruction:ne:18,synthetic_v1,0,0,0,1,0,0,0,0
Kinbech पर सब्सक्रिप्शन बदलाव केवल हमारा ईमेल डेस्क से संभव है,obstruction,obstruction,hi,a,support_link,[TAG=a] [ROLE=support_link] Kinbech पर सब्सक्रिप्शन बदलाव केवल हमारा ईमेल डेस्क से संभव है,obstruction:hi:18,synthetic_v1,0,0,0,1,0,0,0,0
Meesho मा सदस्यता परिवर्तन हाम्रो इमेल डेस्क बाट मात्र सम्भव छ,obstruction,obstruction,ne,div,modal_text,[TAG=div] [ROLE=modal_text] Meesho मा सदस्यता परिवर्तन हाम्रो इमेल डेस्क बाट मात्र सम्भव छ,obstruction:ne:18,synthetic_v1,0,0,0,1,0,0,0,0
Croma रिफंड के लिए हमारा सपोर्ट नंबर की मंज़ूरी चाहिए,obstruction,obstruction,hi,p,help_text,[TAG=p] [ROLE=help_text] Croma रिफंड के लिए हमारा सपोर्ट नंबर की मंज़ूरी चाहिए,obstruction:hi:23,synthetic_v1,0,0,0,1,0,0,0,0
ब्लूटूथ स्पीकर एक्सचेंज अनुरोध केवल हमारी हेल्पलाइन से होगा,obstruction,obstruction,hi,div,modal_text,[TAG=div] [ROLE=modal_text] ब्लूटूथ स्पीकर एक्सचेंज अनुरोध केवल हमारी हेल्पलाइन से होगा,obstruction:hi:25,synthetic_v1,0,0,0,1,0,0,0,0
Croma मा सदस्यता परिवर्तन हाम्रो Facebook पेज बाट मात्र सम्भव छ,obstruction,obstruction,ne,a,support_link,[TAG=a] [ROLE=support_link] Croma मा सदस्यता परिवर्तन हाम्रो Facebook पेज बाट मात्र सम्भव छ,obstruction:ne:18,synthetic_v1,0,0,0,1,0,0,0,0
Pepperfry ऑर्डर रद्द करने के लिए हमारा ईमेल डेस्क से संपर्क करें,obstruction,obstruction,hi,div,modal_text,[TAG=div] [ROLE=modal_text] Pepperfry ऑर्डर रद्द करने के लिए हमारा ईमेल डेस्क से संपर्क करें,obstruction:hi:15,synthetic_v1,0,0,0,1,0,0,0,0
SastoDeal पर सब्सक्रिप्शन बदलाव केवल हमारा Viber सपोर्ट से संभव है,obstruction,obstruction,hi,a,support_link,[TAG=a] [ROLE=support_link] SastoDeal पर सब्सक्रिप्शन बदलाव केवल हमारा Viber सपोर्ट से संभव है,obstruction:hi:18,synthetic_v1,0,0,0,1,0,0,0,0
BigBasket cancellations require verification through our WhatsApp number,obstruction,obstruction,en,div,modal_text,[TAG=div] [ROLE=modal_text] BigBasket cancellations require verification through our WhatsApp number,obstruction:en:20,synthetic_v1,0,0,0,1,0,0,0,0
Blinkit डाटा हटाउन हाम्रो WhatsApp नम्बर लाई लिखित अनुरोध पठाउनुहोस्,obstruction,obstruction,ne,p,help_text,[TAG=p] [ROLE=help_text] Blinkit डाटा हटाउन हाम्रो WhatsApp नम्बर लाई लिखित अनुरोध पठाउनुहोस्,obstruction:ne:24,synthetic_v1,0,0,0,1,0,0,0,0
रनिङ जुत्ता फिर्ता गर्नु छ? पहिले हाम्रो Facebook पेज मा फोन गर्नुहोस्,obstruction,obstruction,ne,p,help_text,[TAG=p] [ROLE=help_text] रनिङ जुत्ता फिर्ता गर्नु छ? पहिले हाम्रो Facebook पेज मा फोन गर्नुहोस्,obstruction:ne:22,synthetic_v1,0,0,0,1,0,0,0,0
Lenskart रद्दीकरण के लिए हमारा ईमेल डेस्क से सत्यापन ज़रूरी है,obstruction,obstruction,hi,p,help_text,[TAG=p] [ROLE=help_text] Lenskart रद्दीकरण के लिए हमारा ईमेल डेस्क से सत्यापन ज़रूरी है,obstruction:hi:20,synthetic_v1,0,0,0,1,0,0,0,0
FirstCry ऑर्डर रद्द करने के लिए हमारा Viber सपोर्ट से संपर्क करें,obstruction,obstruction,hi,a,support_link,[TAG=a] [ROLE=support_link] FirstCry ऑर्डर रद्द करने के लिए हमारा Viber सपोर्ट से संपर्क करें,obstruction:hi:15,synthetic_v1,0,0,0,1,0,0,0,0
Subscription changes at Snapdeal are only possible via our WhatsApp number,obstruction,obstruction,en,p,help_text,[TAG=p] [ROLE=help_text] Subscription changes at Snapdeal are only possible via our WhatsApp number,obstruction:en:18,synthetic_v1,0,0,0,1,0,0,0,0
प्रोटिन पाउडर सट्टा अनुरोध हाम्रो Viber सपोर्ट बाट मात्र हुन्छ,obstruction,obstruction,ne,div,modal_text,[TAG=div] [ROLE=modal_text] प्रोटिन पाउडर सट्टा अनुरोध हाम्रो Viber सपोर्ट बाट मात्र हुन्छ,obstruction:ne:25,synthetic_v1,0,0,0,1,0,0,0,0
फोन कभर को रिफन्ड हाम्रो WhatsApp नम्बर मार्फत मात्र माग्नुहोस्,obstruction,obstruction,ne,a,support_link,[TAG=a] [ROLE=support_link] फोन कभर को रिफन्ड हाम्रो WhatsApp नम्बर मार्फत मात्र माग्नुहोस्,obstruction:ne:16,synthetic_v1,0,0,0,1,0,0,0,0
नॉइज़ कैंसलिंग हेडफोन को ऑर्डर से हटाने के लिए कॉल सेंटर से संपर्क करें,obstruction,obstruction,hi,a,support_link,[TAG=a] [ROLE=support_link] नॉइज़ कैंसलिंग हेडफोन को ऑर्डर से हटाने के लिए कॉल सेंटर से संपर्क करें,obstruction:hi:19,synthetic_v1,0,0,0,1,0,0,0,0
Zepto ऑर्डर रद्द करने के लिए लाइव चैट से संपर्क करें,obstruction,obstruction,hi,a,support_link,[TAG=a] [ROLE=support_link] Zepto ऑर्डर रद्द करने के लिए लाइव चैट से संपर्क करें,obstruction:hi:15,synthetic_v1,0,0,0,1,0,0,0,0
Daraz अर्डर रद्द गर्न कल सेन्टर मा सम्पर्क गर्नुहोस्,obstruction,obstruction,ne,a,support_link,[TAG=a] [ROLE=support_link] Daraz अर्डर रद्द गर्न कल सेन्टर मा सम्पर्क गर्नुहोस्,obstruction:ne:15,synthetic_v1,0,0,0,1,0,0,0,0
cotton kurta exchange requests go through our Viber support only,obstruction,obstruction,en,a,support_link,[TAG=a] [ROLE=support_link] cotton kurta exchange requests go through our Viber support only,obstruction:en:25,synthetic_v1,0,0,0,1,0,0,0,0
FirstCry ऑर्डर रद्द करने के लिए कॉल सेंटर से संपर्क करें,obstruction,obstruction,hi,p,help_text,[TAG=p] [ROLE=help_text] FirstCry ऑर्डर रद्द करने के लिए कॉल सेंटर से संपर्क करें,obstruction:hi:15,synthetic_v1,0,0,0,1,0,0,0,0
रद्द गर्न 12 कार्य दिनभित्र सम्पर्क गर्नुहोस्,obstruction,obstruction,ne,a,support_link,[TAG=a] [ROLE=support_link] रद्द गर्न 12 कार्य दिनभित्र सम्पर्क गर्नुहोस्,obstruction:ne:05,synthetic_v1,0,0,0,1,0,0,0,0
राइस कुकर फिर्ता गर्नु छ? पहिले हाम्रो हेल्पलाइन मा फोन गर्नुहोस्,obstruction,obstruction,ne,a,support_link,[TAG=a] [ROLE=support_link] राइस कुकर फिर्ता गर्नु छ? पहिले हाम्रो हेल्पलाइन मा फोन गर्नुहोस्,obstruction:ne:22,synthetic_v1,0,0,0,1,0,0,0,0
आपके रद्दीकरण के लिए टीम की मंज़ूरी चाहिए,obstruction,obstruction,hi,div,modal_text,[TAG=div] [ROLE=modal_text] आपके रद्दीकरण के लिए टीम की मंज़ूरी चाहिए,obstruction:hi:14,synthetic_v1,0,0,0,1,0,0,0,0
Your Lenskart refund needs approval from the call centre,obstruction,obstruction,en,a,support_link,[TAG=a] [ROLE=support_link] Your Lenskart refund needs approval from the call centre,obstruction:en:23,synthetic_v1,0,0,0,1,0,0,0,0
hair dryer exchange requests go through our helpline only,obstruction,obstruction,en,p,help_text,[TAG=p] [ROLE=help_text] hair dryer exchange requests go through our helpline only,obstruction:en:25,synthetic_v1,0,0,0,1,0,0,0,0
राइस कुकर लौटाना है? पहले लाइव चैट पर कॉल करें,obstruction,obstruction,hi,p,help_text,[TAG=p] [ROLE=help_text] राइस कुकर लौटाना है? पहले लाइव चैट पर कॉल करें,obstruction:hi:22,synthetic_v1,0,0,0,1,0,0,0,0
"To cancel your Pepperfry order, contact the call centre",obstruction,obstruction,en,div,modal_text,"[TAG=div] [ROLE=modal_text] To cancel your Pepperfry order, contact the call centre",obstruction:en:15,synthetic_v1,0,0,0,1,0,0,0,0
गेमिंग माउस को ऑर्डर से हटाने के लिए हमारा सपोर्ट नंबर से संपर्क करें,obstruction,obstruction,hi,p,help_text,[TAG=p] [ROLE=help_text] गेमिंग माउस को ऑर्डर से हटाने के लिए हमारा सपोर्ट नंबर से संपर्क करें,obstruction:hi:19,synthetic_v1,0,0,0,1,0,0,0,0
Refunds for rice cooker must be requested through our Facebook page,obstruction,obstruction,en,a,support_link,[TAG=a] [ROLE=support_link] Refunds for rice cooker must be requested through our Facebook page,obstruction:en:16,synthetic_v1,0,0,0,1,0,0,0,0
"To cancel your FirstCry order, contact live chat",obstruction,obstruction,en,div,modal_text,"[TAG=div] [ROLE=modal_text] To cancel your FirstCry order, contact live chat",obstruction:en:15,synthetic_v1,0,0,0,1,0,0,0,0
Deleting your HamroBazar data requires a written request to our Facebook page,obstruction,obstruction,en,p,help_text,[TAG=p] [ROLE=help_text] Deleting your HamroBazar data requires a written request to our Facebook page,obstruction:en:24,synthetic_v1,0,0,0,1,0,0,0,0
ट्रेकिङ ज्याकेट को रिफन्ड हाम्रो सपोर्ट नम्बर मार्फत मात्र माग्नुहोस्,obstruction,obstruction,ne,div,modal_text,[TAG=div] [ROLE=modal_text] ट्रेकिङ ज्याकेट को रिफन्ड हाम्रो सपोर्ट नम्बर मार्फत मात्र माग्नुहोस्,obstruction:ne:16,synthetic_v1,0,0,0,1,0,0,0,0
राइस कुकर फिर्ता गर्नु छ? पहिले हाम्रो Viber सपोर्ट मा फोन गर्नुहोस्,obstruction,obstruction,ne,div,modal_text,[TAG=div] [ROLE=modal_text] राइस कुकर फिर्ता गर्नु छ? पहिले हाम्रो Viber सपोर्ट मा फोन गर्नुहोस्,obstruction:ne:22,synthetic_v1,0,0,0,1,0,0,0,0
"To downgrade, submit a request from the Jaipur office portal",obstruction,obstruction,en,div,modal_text,"[TAG=div] [ROLE=modal_text] To downgrade, submit a request from the Jaipur office portal",obstruction:en:12,synthetic_v1,0,0,0,1,0,0,0,0
Croma अर्डर रद्द गर्न हाम्रो हेल्पलाइन मा सम्पर्क गर्नुहोस्,obstruction,obstruction,ne,a,support_link,[TAG=a] [ROLE=support_link] Croma अर्डर रद्द गर्न हाम्रो हेल्पलाइन मा सम्पर्क गर्नुहोस्,obstruction:ne:15,synthetic_v1,0,0,0,1,0,0,0,0
FirstCry रिफंड के लिए लाइव चैट की मंज़ूरी चाहिए,obstruction,obstruction,hi,a,support_link,[TAG=a] [ROLE=support_link] FirstCry रिफंड के लिए लाइव चैट की मंज़ूरी चाहिए,obstruction:hi:23,synthetic_v1,0,0,0,1,0,0,0,0
Kinbech मा सदस्यता परिवर्तन लाइभ च्याट बाट मात्र सम्भव छ,obstruction,obstruction,ne,p,help_text,[TAG=p] [ROLE=help_text] Kinbech मा सदस्यता परिवर्तन लाइभ च्याट बाट मात्र सम्भव छ,obstruction:ne:18,synthetic_v1,0,0,0,1,0,0,0,0
Your Lenskart refund needs approval from our Viber support,obstruction,obstruction,en,a,support_link,[TAG=a] [ROLE=support_link] Your Lenskart refund needs approval from our Viber support,obstruction:en:23,synthetic_v1,0,0,0,1,0,0,0,0
"To close your HamroBazar account, write to our support line",obstruction,obstruction,en,p,help_text,"[TAG=p] [ROLE=help_text] To close your HamroBazar account, write to our support line",obstruction:en:17,synthetic_v1,0,0,0,1,0,0,0,0
"To close your Nykaa account, write to the call centre",obstruction,obstruction,en,div,modal_text,"[TAG=div] [ROLE=modal_text] To close your Nykaa account, write to the call centre",obstruction:en:17,synthetic_v1,0,0,0,1,0,0,0,0
Ajio ऑर्डर रद्द करने के लिए हमारा WhatsApp नंबर से संपर्क करें,obstruction,obstruction,hi,a,support_link,[TAG=a] [ROLE=support_link] Ajio ऑर्डर रद्द करने के लिए हमारा WhatsApp नंबर से संपर्क करें,obstruction:hi:15,synthetic_v1,0,0,0,1,0,0,0,0
Ajio डाटा हटाउन हाम्रो WhatsApp नम्बर लाई लिखित अनुरोध पठाउनुहोस्,obstruction,obstruction,ne,p,help_text,[TAG=p] [ROLE=help_text] Ajio डाटा हटाउन हाम्रो WhatsApp नम्बर लाई लिखित अनुरोध पठाउनुहोस्,obstruction:ne:24,synthetic_v1,0,0,0,1,0,0,0,0
Thulo रद्दीकरण के लिए हमारा सपोर्ट नंबर से सत्यापन ज़रूरी है,obstruction,obstruction,hi,a,support_link,[TAG=a] [ROLE=support_link] Thulo रद्दीकरण के लिए हमारा सपोर्ट नंबर से सत्यापन ज़रूरी है,obstruction:hi:20,synthetic_v1,0,0,0,1,0,0,0,0
इंडक्शन चूल्हा एक्सचेंज अनुरोध केवल हमारा WhatsApp नंबर से होगा,obstruction,obstruction,hi,a,support_link,[TAG=a] [ROLE=support_link] इंडक्शन चूल्हा एक्सचेंज अनुरोध केवल हमारा WhatsApp नंबर से होगा,obstruction:hi:25,synthetic_v1,0,0,0,1,0,0,0,0
Reliance Digital डेटा हटाने के लिए हमारा Viber सपोर्ट को लिखित अनुरोध भेजें,obstruction,obstruction,hi,p,help_text,[TAG=p] [ROLE=help_text] Reliance Digital डेटा हटाने के लिए हमारा Viber सपोर्ट को लिखित अनुरोध भेजें,obstruction:hi:24,synthetic_v1,0,0,0,1,0,0,0,0
HamroBazar डेटा हटाने के लिए हमारा Viber सपोर्ट को लिखित अनुरोध भेजें,obstruction,obstruction,hi,div,modal_text,[TAG=div] [ROLE=modal_text] HamroBazar डेटा हटाने के लिए हमारा Viber सपोर्ट को लिखित अनुरोध भेजें,obstruction:hi:24,synthetic_v1,0,0,0,1,0,0,0,0
ऑफिस चेयर एक्सचेंज अनुरोध केवल कॉल सेंटर से होगा,obstruction,obstruction,hi,a,support_link,[TAG=a] [ROLE=support_link] ऑफिस चेयर एक्सचेंज अनुरोध केवल कॉल सेंटर से होगा,obstruction:hi:25,synthetic_v1,0,0,0,1,0,0,0,0
इलेक्ट्रिक केतली सट्टा अनुरोध हाम्रो WhatsApp नम्बर बाट मात्र हुन्छ,obstruction,obstruction,ne,div,modal_text,[TAG=div] [ROLE=modal_text] इलेक्ट्रिक केतली सट्टा अनुरोध हाम्रो WhatsApp नम्बर बाट मात्र हुन्छ,obstruction:ne:25,synthetic_v1,0,0,0,1,0,0,0,0
FirstCry मा सदस्यता परिवर्तन हाम्रो WhatsApp नम्बर बाट मात्र सम्भव छ,obstruction,obstruction,ne,p,help_text,[TAG=p] [ROLE=help_text] FirstCry मा सदस्यता परिवर्तन हाम्रो WhatsApp नम्बर बाट मात्र सम्भव छ,obstruction:ne:18,synthetic_v1,0,0,0,1,0,0,0,0
Your Meesho refund needs approval from the call centre,obstruction,obstruction,en,p,help_text,[TAG=p] [ROLE=help_text] Your Meesho refund needs approval from the call centre,obstruction:en:23,synthetic_v1,0,0,0,1,0,0,0,0
Returning running shoes? Please call our Viber support first,obstruction,obstruction,en,div,modal_text,[TAG=div] [ROLE=modal_text] Returning running shoes? Please call our Viber support first,obstruction:en:22,synthetic_v1,0,0,0,1,0,0,0,0
Returning water bottle? Please call our Viber support first,obstruction,obstruction,en,a,support_link,[TAG=a] [ROLE=support_link] Returning water bottle? Please call our Viber support first,obstruction:en:22,synthetic_v1,0,0,0,1,0,0,0,0
"To stop auto-renewal, contact our support line within 8 days",obstruction,obstruction,en,a,support_link,"[TAG=a] [ROLE=support_link] To stop auto-renewal, contact our support line within 8 days",obstruction:en:21,synthetic_v1,0,0,0,1,0,0,0,0
डाउनग्रेड गर्न चितवन कार्यालय पोर्टलबाट अनुरोध गर्नुहोस्,obstruction,obstruction,ne,div,modal_text,[TAG=div] [ROLE=modal_text] डाउनग्रेड गर्न चितवन कार्यालय पोर्टलबाट अनुरोध गर्नुहोस्,obstruction:ne:12,synthetic_v1,0,0,0,1,0,0,0,0
Subscription changes at Zepto are only possible via our helpline,obstruction,obstruction,en,a,support_link,[TAG=a] [ROLE=support_link] Subscription changes at Zepto are only possible via our helpline,obstruction:en:18,synthetic_v1,0,0,0,1,0,0,0,0
Pepperfry खाता बन्द गर्न हाम्रो Facebook पेज लाई लेख्नुहोस्,obstruction,obstruction,ne,div,modal_text,[TAG=div] [ROLE=modal_text] Pepperfry खाता बन्द गर्न हाम्रो Facebook पेज लाई लेख्नुहोस्,obstruction:ne:17,synthetic_v1,0,0,0,1,0,0,0,0
cotton kurta exchange requests go through our Facebook page only,obstruction,obstruction,en,a,support_link,[TAG=a] [ROLE=support_link] cotton kurta exchange requests go through our Facebook page only,obstruction:en:25,synthetic_v1,0,0,0,1,0,0,0,0
रिटर्न अनुरोध 6 दिनों में फोन से करना होगा,obstruction,obstruction,hi,div,modal_text,[TAG=div] [ROLE=modal_text] रिटर्न अनुरोध 6 दिनों में फोन से करना होगा,obstruction:hi:13,synthetic_v1,0,0,0,1,0,0,0,0
Nykaa पर सब्सक्रिप्शन बदलाव केवल लाइव चैट से संभव है,obstruction,obstruction,hi,a,support_link,[TAG=a] [ROLE=support_link] Nykaa पर सब्सक्रिप्शन बदलाव केवल लाइव चैट से संभव है,obstruction:hi:18,synthetic_v1,0,0,0,1,0,0,0,0
Zepto मा सदस्यता परिवर्तन हाम्रो WhatsApp नम्बर बाट मात्र सम्भव छ,obstruction,obstruction,ne,p,help_text,[TAG=p] [ROLE=help_text] Zepto मा सदस्यता परिवर्तन हाम्रो WhatsApp नम्बर बाट मात्र सम्भव छ,obstruction:ne:18,synthetic_v1,0,0,0,1,0,0,0,0
HamroBazar रद्दीकरणका लागि हाम्रो हेल्पलाइन बाट प्रमाणीकरण आवश्यक छ,obstruction,obstruction,ne,div,modal_text,[TAG=div] [ROLE=modal_text] HamroBazar रद्दीकरणका लागि हाम्रो हेल्पलाइन बाट प्रमाणीकरण आवश्यक छ,obstruction:ne:20,synthetic_v1,0,0,0,1,0,0,0,0
BigBasket रिफन्डका लागि हाम्रो Viber सपोर्ट को स्वीकृति चाहिन्छ,obstruction,obstruction,ne,a,support_link,[TAG=a] [ROLE=support_link] BigBasket रिफन्डका लागि हाम्रो Viber सपोर्ट को स्वीकृति चाहिन्छ,obstruction:ne:23,synthetic_v1,0,0,0,1,0,0,0,0
air fryer exchange requests go through our email desk only,obstruction,obstruction,en,p,help_text,[TAG=p] [ROLE=help_text] air fryer exchange requests go through our email desk only,obstruction:en:25,synthetic_v1,0,0,0,1,0,0,0,0
स्पोर्ट्स चप्पल अर्डरबाट हटाउन हाम्रो इमेल डेस्क मा सम्पर्क गर्नुहोस्,obstruction,obstruction,ne,p,help_text,[TAG=p] [ROLE=help_text] स्पोर्ट्स चप्पल अर्डरबाट हटाउन हाम्रो इमेल डेस्क मा सम्पर्क गर्नुहोस्,obstruction:ne:19,synthetic_v1,0,0,0,1,0,0,0,0
FirstCry अर्डर रद्द गर्न हाम्रो इमेल डेस्क मा सम्पर्क गर्नुहोस्,obstruction,obstruction,ne,a,support_link,[TAG=a] [ROLE=support_link] FirstCry अर्डर रद्द गर्न हाम्रो इमेल डेस्क मा सम्पर्क गर्नुहोस्,obstruction:ne:15,synthetic_v1,0,0,0,1,0,0,0,0
लैपटॉप बैग का रिफंड हमारा Viber सपोर्ट के ज़रिये ही मांगें,obstruction,obstruction,hi,a,support_link,[TAG=a] [ROLE=support_link] लैपटॉप बैग का रिफंड हमारा Viber सपोर्ट के ज़रिये ही मांगें,obstruction:hi:16,synthetic_v1,0,0,0,1,0,0,0,0
Tata Cliq खाता बंद करने के लिए कॉल सेंटर को लिखें,obstruction,obstruction,hi,a,support_link,[TAG=a] [ROLE=support_link] Tata Cliq खाता बंद करने के लिए कॉल सेंटर को लिखें,obstruction:hi:17,synthetic_v1,0,0,0,1,0,0,0,0
Deleting your Reliance Digital data requires a written request to our support line,obstruction,obstruction,en,a,support_link,[TAG=a] [ROLE=support_link] Deleting your Reliance Digital data requires a written request to our support line,obstruction:en:24,synthetic_v1,0,0,0,1,0,0,0,0
Reach our Facebook page to remove protein powder from your order,obstruction,obstruction,en,p,help_text,[TAG=p] [ROLE=help_text] Reach our Facebook page to remove protein powder from your order,obstruction:en:19,synthetic_v1,0,0,0,1,0,0,0,0
FirstCry मा प्राइम प्लान डाउनग्रेड गर्न कल सेन्टर मा सम्पर्क गर्नुहोस्,obstruction,obstruction,ne,a,support_link,[TAG=a] [ROLE=support_link] FirstCry मा प्राइम प्लान डाउनग्रेड गर्न कल सेन्टर मा सम्पर्क गर्नुहोस्,obstruction:ne:26,synthetic_v1,0,0,0,1,0,0,0,0
Subscription changes at FirstCry are only possible via live chat,obstruction,obstruction,en,a,support_link,[TAG=a] [ROLE=support_link] Subscription changes at FirstCry are only possible via live chat,obstruction:en:18,synthetic_v1,0,0,0,1,0,0,0,0
Gyapu cancellations require verification through our helpline,obstruction,obstruction,en,p,help_text,[TAG=p] [ROLE=help_text] Gyapu cancellations require verification through our helpline,obstruction:en:20,synthetic_v1,0,0,0,1,0,0,0,0
ब्लूटूथ स्पीकर एक्सचेंज अनुरोध केवल हमारा सपोर्ट नंबर से होगा,obstruction,obstruction,hi,p,help_text,[TAG=p] [ROLE=help_text] ब्लूटूथ स्पीकर एक्सचेंज अनुरोध केवल हमारा सपोर्ट नंबर से होगा,obstruction:hi:25,synthetic_v1,0,0,0,1,0,0,0,0
Croma डाटा हटाउन हाम्रो Facebook पेज लाई लिखित अनुरोध पठाउनुहोस्,obstruction,obstruction,ne,p,help_text,[TAG=p] [ROLE=help_text] Croma डाटा हटाउन हाम्रो Facebook पेज लाई लिखित अनुरोध पठाउनुहोस्,obstruction:ne:24,synthetic_v1,0,0,0,1,0,0,0,0
JioMart मा गोल्ड प्लान डाउनग्रेड गर्न हाम्रो इमेल डेस्क मा सम्पर्क गर्नुहोस्,obstruction,obstruction,ne,div,modal_text,[TAG=div] [ROLE=modal_text] JioMart मा गोल्ड प्लान डाउनग्रेड गर्न हाम्रो इमेल डेस्क मा सम्पर्क गर्नुहोस्,obstruction:ne:26,synthetic_v1,0,0,0,1,0,0,0,0
FirstCry पर सब्सक्रिप्शन बदलाव केवल कॉल सेंटर से संभव है,obstruction,obstruction,hi,p,help_text,[TAG=p] [ROLE=help_text] FirstCry पर सब्सक्रिप्शन बदलाव केवल कॉल सेंटर से संभव है,obstruction:hi:18,synthetic_v1,0,0,0,1,0,0,0,0
स्वतः नवीकरण बन्द गर्न 7 दिनभित्र कल सेन्टर मा सम्पर्क गर्नुहोस्,obstruction,obstruction,ne,div,modal_text,[TAG=div] [ROLE=modal_text] स्वतः नवीकरण बन्द गर्न 7 दिनभित्र कल सेन्टर मा सम्पर्क गर्नुहोस्,obstruction:ne:21,synthetic_v1,0,0,0,1,0,0,0,0
SastoDeal अर्डर रद्द गर्न हाम्रो WhatsApp नम्बर मा सम्पर्क गर्नुहोस्,obstruction,obstruction,ne,p,help_text,[TAG=p] [ROLE=help_text] SastoDeal अर्डर रद्द गर्न हाम्रो WhatsApp नम्बर मा सम्पर्क गर्नुहोस्,obstruction:ne:15,synthetic_v1,0,0,0,1,0,0,0,0
इंडक्शन चूल्हा को ऑर्डर से हटाने के लिए हमारा सपोर्ट नंबर से संपर्क करें,obstruction,obstruction,hi,div,modal_text,[TAG=div] [ROLE=modal_text] इंडक्शन चूल्हा को ऑर्डर से हटाने के लिए हमारा सपोर्ट नंबर से संपर्क करें,obstruction:hi:19,synthetic_v1,0,0,0,1,0,0,0,0
क्या आप निश्चित हैं? रद्द करने के लिए चरण 2 पर जाएं,obstruction,obstruction,hi,div,modal_text,[TAG=div] [ROLE=modal_text] क्या आप निश्चित हैं? रद्द करने के लिए चरण 2 पर जाएं,obstruction:hi:10,synthetic_v1,0,0,0,1,0,0,0,0
Ajio cancellations require verification through live chat,obstruction,obstruction,en,a,support_link,[TAG=a] [ROLE=support_link] Ajio cancellations require verification through live chat,obstruction:en:20,synthetic_v1,0,0,0,1,0,0,0,0
Blinkit रद्दीकरण के लिए कॉल सेंटर से सत्यापन ज़रूरी है,obstruction,obstruction,hi,p,help_text,[TAG=p] [ROLE=help_text] Blinkit रद्दीकरण के लिए कॉल सेंटर से सत्यापन ज़रूरी है,obstruction:hi:20,synthetic_v1,0,0,0,1,0,0,0,0
Amazon डेटा हटाने के लिए कॉल सेंटर को लिखित अनुरोध भेजें,obstruction,obstruction,hi,a,support_link,[TAG=a] [ROLE=support_link] Amazon डेटा हटाने के लिए कॉल सेंटर को लिखित अनुरोध भेजें,obstruction:hi:24,synthetic_v1,0,0,0,1,0,0,0,0
Refunds for induction cooktop must be requested through our Facebook page,obstruction,obstruction,en,p,help_text,[TAG=p] [ROLE=help_text] Refunds for induction cooktop must be requested through our Facebook page,obstruction:en:16,synthetic_v1,0,0,0,1,0,0,0,0
रद्द गर्न 2 कार्य दिनभित्र सम्पर्क गर्नुहोस्,obstruction,obstruction,ne,div,modal_text,[TAG=div] [ROLE=modal_text] रद्द गर्न 2 कार्य दिनभित्र सम्पर्क गर्नुहोस्,obstruction:ne:05,synthetic_v1,0,0,0,1,0,0,0,0
Reach our Viber support to remove hair dryer from your order,obstruction,obstruction,en,a,support_link,[TAG=a] [ROLE=support_link] Reach our Viber support to remove hair dryer from your order,obstruction:en:19,synthetic_v1,0,0,0,1,0,0,0,0
Lenskart रद्दीकरणका लागि हाम्रो हेल्पलाइन बाट प्रमाणीकरण आवश्यक छ,obstruction,obstruction,ne,p,help_text,[TAG=p] [ROLE=help_text] Lenskart रद्दीकरणका लागि हाम्रो हेल्पलाइन बाट प्रमाणीकरण आवश्यक छ,obstruction:ne:20,synthetic_v1,0,0,0,1,0,0,0,0
फोन कवर को ऑर्डर से हटाने के लिए हमारा Viber सपोर्ट से संपर्क करें,obstruction,obstruction,hi,p,help_text,[TAG=p] [ROLE=help_text] फोन कवर को ऑर्डर से हटाने के लिए हमारा Viber सपोर्ट से संपर्क करें,obstruction:hi:19,synthetic_v1,0,0,0,1,0,0,0,0
Reach our WhatsApp number to remove hair dryer from your order,obstruction,obstruction,en,div,modal_text,[TAG=div] [ROLE=modal_text] Reach our WhatsApp number to remove hair dryer from your order,obstruction:en:19,synthetic_v1,0,0,0,1,0,0,0,0
Zepto cancellations require verification through our support line,obstruction,obstruction,en,div,modal_text,[TAG=div] [ROLE=modal_text] Zepto cancellations require verification through our support line,obstruction:en:20,synthetic_v1,0,0,0,1,0,0,0,0
सर्दी का कंबल लौटाना है? पहले हमारा ईमेल डेस्क पर कॉल करें,obstruction,obstruction,hi,div,modal_text,[TAG=div] [ROLE=modal_text] सर्दी का कंबल लौटाना है? पहले हमारा ईमेल डेस्क पर कॉल करें,obstruction:hi:22,synthetic_v1,0,0,0,1,0,0,0,0
"To cancel your Thulo order, contact our helpline",obstruction,obstruction,en,div,modal_text,"[TAG=div] [ROLE=modal_text] To cancel your Thulo order, contact our helpline",obstruction:en:15,synthetic_v1,0,0,0,1,0,0,0,0
डेनिम जिन्स सट्टा अनुरोध हाम्रो WhatsApp नम्बर बाट मात्र हुन्छ,obstruction,obstruction,ne,a,support_link,[TAG=a] [ROLE=support_link] डेनिम जिन्स सट्टा अनुरोध हाम्रो WhatsApp नम्बर बाट मात्र हुन्छ,obstruction:ne:25,synthetic_v1,0,0,0,1,0,0,0,0
स्वतः नवीकरण बन्द गर्न 4 दिनभित्र हाम्रो हेल्पलाइन मा सम्पर्क गर्नुहोस्,obstruction,obstruction,ne,div,modal_text,[TAG=div] [ROLE=modal_text] स्वतः नवीकरण बन्द गर्न 4 दिनभित्र हाम्रो हेल्पलाइन मा सम्पर्क गर्नुहोस्,obstruction:ne:21,synthetic_v1,0,0,0,1,0,0,0,0
ब्लुटुथ स्पिकर सट्टा अनुरोध हाम्रो Facebook पेज बाट मात्र हुन्छ,obstruction,obstruction,ne,p,help_text,[TAG=p] [ROLE=help_text] ब्लुटुथ स्पिकर सट्टा अनुरोध हाम्रो Facebook पेज बाट मात्र हुन्छ,obstruction:ne:25,synthetic_v1,0,0,0,1,0,0,0,0
SastoDeal रिफंड के लिए हमारा Facebook पेज की मंज़ूरी चाहिए,obstruction,obstruction,hi,p,help_text,[TAG=p] [ROLE=help_text] SastoDeal रिफंड के लिए हमारा Facebook पेज की मंज़ूरी चाहिए,obstruction:hi:23,synthetic_v1,0,0,0,1,0,0,0,0
SastoDeal खाता बंद करने के लिए हमारा Facebook पेज को लिखें,obstruction,obstruction,hi,p,help_text,[TAG=p] [ROLE=help_text] SastoDeal खाता बंद करने के लिए हमारा Facebook पेज को लिखें,obstruction:hi:17,synthetic_v1,0,0,0,1,0,0,0,0
"To downgrade your Pro plan at SastoDeal, contact our WhatsApp number",obstruction,obstruction,en,div,modal_text,"[TAG=div] [ROLE=modal_text] To downgrade your Pro plan at SastoDeal, contact our WhatsApp number",obstruction:en:26,synthetic_v1,0,0,0,1,0,0,0,0
OkDam cancellations require verification through our Facebook page,obstruction,obstruction,en,p,help_text,[TAG=p] [ROLE=help_text] OkDam cancellations require verification through our Facebook page,obstruction:en:20,synthetic_v1,0,0,0,1,0,0,0,0
Daraz रद्दीकरण के लिए हमारा ईमेल डेस्क से सत्यापन ज़रूरी है,obstruction,obstruction,hi,p,help_text,[TAG=p] [ROLE=help_text] Daraz रद्दीकरण के लिए हमारा ईमेल डेस्क से सत्यापन ज़रूरी है,obstruction:hi:20,synthetic_v1,0,0,0,1,0,0,0,0
"To close your Kinbech account, write to live chat",obstruction,obstruction,en,p,help_text,"[TAG=p] [ROLE=help_text] To close your Kinbech account, write to live chat",obstruction:en:17,synthetic_v1,0,0,0,1,0,0,0,0
SastoDeal अर्डर रद्द गर्न हाम्रो Facebook पेज मा सम्पर्क गर्नुहोस्,obstruction,obstruction,ne,a,support_link,[TAG=a] [ROLE=support_link] SastoDeal अर्डर रद्द गर्न हाम्रो Facebook पेज मा सम्पर्क गर्नुहोस्,obstruction:ne:15,synthetic_v1,0,0,0,1,0,0,0,0
Blinkit मा सदस्यता परिवर्तन हाम्रो इमेल डेस्क बाट मात्र सम्भव छ,obstruction,obstruction,ne,p,help_text,[TAG=p] [ROLE=help_text] Blinkit मा सदस्यता परिवर्तन हाम्रो इमेल डेस्क बाट मात्र सम्भव छ,obstruction:ne:18,synthetic_v1,0,0,0,1,0,0,0,0
Your refund request requires 4 additional steps,obstruction,obstruction,en,p,help_text,[TAG=p] [ROLE=help_text] Your refund request requires 4 additional steps,obstruction:en:04,synthetic_v1,0,0,0,1,0,0,0,0
Nykaa रिफन्डका लागि हाम्रो सपोर्ट नम्बर को स्वीकृति चाहिन्छ,obstruction,obstruction,ne,div,modal_text,[TAG=div] [ROLE=modal_text] Nykaa रिफन्डका लागि हाम्रो सपोर्ट नम्बर को स्वीकृति चाहिन्छ,obstruction:ne:23,synthetic_v1,0,0,0,1,0,0,0,0
Returning hair dryer? Please call our Viber support first,obstruction,obstruction,en,a,support_link,[TAG=a] [ROLE=support_link] Returning hair dryer? Please call our Viber support first,obstruction:en:22,synthetic_v1,0,0,0,1,0,0,0,0
"To stop auto-renewal, contact our email desk within 9 days",obstruction,obstruction,en,a,support_link,"[TAG=a] [ROLE=support_link] To stop auto-renewal, contact our email desk within 9 days",obstruction:en:21,synthetic_v1,0,0,0,1,0,0,0,0
Salesberry मा सदस्यता परिवर्तन हाम्रो Facebook पेज बाट मात्र सम्भव छ,obstruction,obstruction,ne,p,help_text,[TAG=p] [ROLE=help_text] Salesberry मा सदस्यता परिवर्तन हाम्रो Facebook पेज बाट मात्र सम्भव छ,obstruction:ne:18,synthetic_v1,0,0,0,1,0,0,0,0
Are you sure? Continue to step 7 to cancel,obstruction,obstruction,en,a,support_link,[TAG=a] [ROLE=support_link] Are you sure? Continue to step 7 to cancel,obstruction:en:10,synthetic_v1,0,0,0,1,0,0,0,0
wireless earbuds exchange requests go through our Viber support only,obstruction,obstruction,en,div,modal_text,[TAG=div] [ROLE=modal_text] wireless earbuds exchange requests go through our Viber support only,obstruction:en:25,synthetic_v1,0,0,0,1,0,0,0,0
Returning laptop bag? Please call our support line first,obstruction,obstruction,en,p,help_text,[TAG=p] [ROLE=help_text] Returning laptop bag? Please call our support line first,obstruction:en:22,synthetic_v1,0,0,0,1,0,0,0,0
JioMart पर प्राइम प्लान डाउनग्रेड करने के लिए हमारा WhatsApp नंबर से संपर्क करें,obstruction,obstruction,hi,div,modal_text,[TAG=div] [ROLE=modal_text] JioMart पर प्राइम प्लान डाउनग्रेड करने के लिए हमारा WhatsApp नंबर से संपर्क करें,obstruction:hi:26,synthetic_v1,0,0,0,1,0,0,0,0
प्रोटिन पाउडर को रिफन्ड हाम्रो Viber सपोर्ट मार्फत मात्र माग्नुहोस्,obstruction,obstruction,ne,div,modal_text,[TAG=div] [ROLE=modal_text] प्रोटिन पाउडर को रिफन्ड हाम्रो Viber सपोर्ट मार्फत मात्र माग्नुहोस्,obstruction:ne:16,synthetic_v1,0,0,0,1,0,0,0,0
Ajio पर प्राइम प्लान डाउनग्रेड करने के लिए हमारा ईमेल डेस्क से संपर्क करें,obstruction,obstruction,hi,div,modal_text,[TAG=div] [ROLE=modal_text] Ajio पर प्राइम प्लान डाउनग्रेड करने के लिए हमारा ईमेल डेस्क से संपर्क करें,obstruction:hi:26,synthetic_v1,0,0,0,1,0,0,0,0
Muncha मा प्लस प्लान डाउनग्रेड गर्न हाम्रो Facebook पेज मा सम्पर्क गर्नुहोस्,obstruction,obstruction,ne,a,support_link,[TAG=a] [ROLE=support_link] Muncha मा प्लस प्लान डाउनग्रेड गर्न हाम्रो Facebook पेज मा सम्पर्क गर्नुहोस्,obstruction:ne:26,synthetic_v1,0,0,0,1,0,0,0,0
प्रोटीन पाउडर का रिफंड हमारा ईमेल डेस्क के ज़रिये ही मांगें,obstruction,obstruction,hi,a,support_link,[TAG=a] [ROLE=support_link] प्रोटीन पाउडर का रिफंड हमारा ईमेल डेस्क के ज़रिये ही मांगें,obstruction:hi:16,synthetic_v1,0,0,0,1,0,0,0,0
"To close your Meesho account, write to live chat",obstruction,obstruction,en,div,modal_text,"[TAG=div] [ROLE=modal_text] To close your Meesho account, write to live chat",obstruction:en:17,synthetic_v1,0,0,0,1,0,0,0,0
Flipkart ऑर्डर रद्द करने के लिए लाइव चैट से संपर्क करें,obstruction,obstruction,hi,div,modal_text,[TAG=div] [ROLE=modal_text] Flipkart ऑर्डर रद्द करने के लिए लाइव चैट से संपर्क करें,obstruction:hi:15,synthetic_v1,0,0,0,1,0,0,0,0
Pepperfry पर प्रो प्लान डाउनग्रेड करने के लिए हमारा Facebook पेज से संपर्क करें,obstruction,obstruction,hi,p,help_text,[TAG=p] [ROLE=help_text] Pepperfry पर प्रो प्लान डाउनग्रेड करने के लिए हमारा Facebook पेज से संपर्क करें,obstruction:hi:26,synthetic_v1,0,0,0,1,0,0,0,0
"To downgrade your Plus plan at Kinbech, contact our Viber support",obstruction,obstruction,en,a,support_link,"[TAG=a] [ROLE=support_link] To downgrade your Plus plan at Kinbech, contact our Viber support",obstruction:en:26,synthetic_v1,0,0,0,1,0,0,0,0
Deleting your Salesberry data requires a written request to live chat,obstruction,obstruction,en,p,help_text,[TAG=p] [ROLE=help_text] Deleting your Salesberry data requires a written request to live chat,obstruction:en:24,synthetic_v1,0,0,0,1,0,0,0,0
Reach live chat to remove power bank from your order,obstruction,obstruction,en,div,modal_text,[TAG=div] [ROLE=modal_text] Reach live chat to remove power bank from your order,obstruction:en:19,synthetic_v1,0,0,0,1,0,0,0,0
डाउनग्रेड गर्न सुर्खेत कार्यालय पोर्टलबाट अनुरोध गर्नुहोस्,obstruction,obstruction,ne,a,support_link,[TAG=a] [ROLE=support_link] डाउनग्रेड गर्न सुर्खेत कार्यालय पोर्टलबाट अनुरोध गर्नुहोस्,obstruction:ne:12,synthetic_v1,0,0,0,1,0,0,0,0
"To stop auto-renewal, contact our support line within 6 days",obstruction,obstruction,en,div,modal_text,"[TAG=div] [ROLE=modal_text] To stop auto-renewal, contact our support line within 6 days",obstruction:en:21,synthetic_v1,0,0,0,1,0,0,0,0
Pepperfry खाता बन्द गर्न हाम्रो हेल्पलाइन लाई लेख्नुहोस्,obstruction,obstruction,ne,a,support_link,[TAG=a] [ROLE=support_link] Pepperfry खाता बन्द गर्न हाम्रो हेल्पलाइन लाई लेख्नुहोस्,obstruction:ne:17,synthetic_v1,0,0,0,1,0,0,0,0
SastoDeal डाटा हटाउन हाम्रो इमेल डेस्क लाई लिखित अनुरोध पठाउनुहोस्,obstruction,obstruction,ne,a,support_link,[TAG=a] [ROLE=support_link] SastoDeal डाटा हटाउन हाम्रो इमेल डेस्क लाई लिखित अनुरोध पठाउनुहोस्,obstruction:ne:24,synthetic_v1,0,0,0,1,0,0,0,0
Deleting your Blinkit data requires a written request to live chat,obstruction,obstruction,en,p,help_text,[TAG=p] [ROLE=help_text] Deleting your Blinkit data requires a written request to live chat,obstruction:en:24,synthetic_v1,0,0,0,1,0,0,0,0
ऑटो-रिन्यूअल बंद करने के लिए 2 दिन में हमारी हेल्पलाइन से संपर्क करें,obstruction,obstruction,hi,div,modal_text,[TAG=div] [ROLE=modal_text] ऑटो-रिन्यूअल बंद करने के लिए 2 दिन में हमारी हेल्पलाइन से संपर्क करें,obstruction:hi:21,synthetic_v1,0,0,0,1,0,0,0,0
पानी की बोतल लौटाना है? पहले हमारा ईमेल डेस्क पर कॉल करें,obstruction,obstruction,hi,a,support_link,[TAG=a] [ROLE=support_link] पानी की बोतल लौटाना है? पहले हमारा ईमेल डेस्क पर कॉल करें,obstruction:hi:22,synthetic_v1,0,0,0,1,0,0,0,0
रिटर्न अनुरोध 7 दिनों में फोन से करना होगा,obstruction,obstruction,hi,a,support_link,[TAG=a] [ROLE=support_link] रिटर्न अनुरोध 7 दिनों में फोन से करना होगा,obstruction:hi:13,synthetic_v1,0,0,0,1,0,0,0,0
Deleting your Snapdeal data requires a written request to live chat,obstruction,obstruction,en,a,support_link,[TAG=a] [ROLE=support_link] Deleting your Snapdeal data requires a written request to live chat,obstruction:en:24,synthetic_v1,0,0,0,1,0,0,0,0
Refunds for induction cooktop must be requested through our support line,obstruction,obstruction,en,div,modal_text,[TAG=div] [ROLE=modal_text] Refunds for induction cooktop must be requested through our support line,obstruction:en:16,synthetic_v1,0,0,0,1,0,0,0,0
स्वतः नवीकरण बन्द गर्न 5 दिनभित्र हाम्रो WhatsApp नम्बर मा सम्पर्क गर्नुहोस्,obstruction,obstruction,ne,p,help_text,[TAG=p] [ROLE=help_text] स्वतः नवीकरण बन्द गर्न 5 दिनभित्र हाम्रो WhatsApp नम्बर मा सम्पर्क गर्नुहोस्,obstruction:ne:21,synthetic_v1,0,0,0,1,0,0,0,0
ऑटो-रिन्यूअल बंद करने के लिए 1 दिन में हमारा ईमेल डेस्क से संपर्क करें,obstruction,obstruction,hi,a,support_link,[TAG=a] [ROLE=support_link] ऑटो-रिन्यूअल बंद करने के लिए 1 दिन में हमारा ईमेल डेस्क से संपर्क करें,obstruction:hi:21,synthetic_v1,0,0,0,1,0,0,0,0
स्वतः नवीकरण बन्द गर्न 2 दिनभित्र हाम्रो हेल्पलाइन मा सम्पर्क गर्नुहोस्,obstruction,obstruction,ne,a,support_link,[TAG=a] [ROLE=support_link] स्वतः नवीकरण बन्द गर्न 2 दिनभित्र हाम्रो हेल्पलाइन मा सम्पर्क गर्नुहोस्,obstruction:ne:21,synthetic_v1,0,0,0,1,0,0,0,0
रनिङ जुत्ता फिर्ता गर्नु छ? पहिले हाम्रो हेल्पलाइन मा फोन गर्नुहोस्,obstruction,obstruction,ne,a,support_link,[TAG=a] [ROLE=support_link] रनिङ जुत्ता फिर्ता गर्नु छ? पहिले हाम्रो हेल्पलाइन मा फोन गर्नुहोस्,obstruction:ne:22,synthetic_v1,0,0,0,1,0,0,0,0
Flipkart मा प्लस प्लान डाउनग्रेड गर्न हाम्रो Viber सपोर्ट मा सम्पर्क गर्नुहोस्,obstruction,obstruction,ne,p,help_text,[TAG=p] [ROLE=help_text] Flipkart मा प्लस प्लान डाउनग्रेड गर्न हाम्रो Viber सपोर्ट मा सम्पर्क गर्नुहोस्,obstruction:ne:26,synthetic_v1,0,0,0,1,0,0,0,0
JioMart पर सब्सक्रिप्शन बदलाव केवल कॉल सेंटर से संभव है,obstruction,obstruction,hi,a,support_link,[TAG=a] [ROLE=support_link] JioMart पर सब्सक्रिप्शन बदलाव केवल कॉल सेंटर से संभव है,obstruction:hi:18,synthetic_v1,0,0,0,1,0,0,0,0
ऑटो-रिन्यूअल बंद करने के लिए 1 दिन में हमारी हेल्पलाइन से संपर्क करें,obstruction,obstruction,hi,div,modal_text,[TAG=div] [ROLE=modal_text] ऑटो-रिन्यूअल बंद करने के लिए 1 दिन में हमारी हेल्पलाइन से संपर्क करें,obstruction:hi:21,synthetic_v1,0,0,0,1,0,0,0,0
BigBasket मा गोल्ड प्लान डाउनग्रेड गर्न लाइभ च्याट मा सम्पर्क गर्नुहोस्,obstruction,obstruction,ne,p,help_text,[TAG=p] [ROLE=help_text] BigBasket मा गोल्ड प्लान डाउनग्रेड गर्न लाइभ च्याट मा सम्पर्क गर्नुहोस्,obstruction:ne:26,synthetic_v1,0,0,0,1,0,0,0,0
रद्द करने के लिए कार्य समय में सपोर्ट नंबर पर कॉल करें,obstruction,obstruction,hi,div,modal_text,[TAG=div] [ROLE=modal_text] रद्द करने के लिए कार्य समय में सपोर्ट नंबर पर कॉल करें,obstruction:hi:00,synthetic_v1,0,0,0,1,0,0,0,0
Reliance Digital पर सब्सक्रिप्शन बदलाव केवल कॉल सेंटर से संभव है,obstruction,obstruction,hi,p,help_text,[TAG=p] [ROLE=help_text] Reliance Digital पर सब्सक्रिप्शन बदलाव केवल कॉल सेंटर से संभव है,obstruction:hi:18,synthetic_v1,0,0,0,1,0,0,0,0
हेयर ड्रायर सट्टा अनुरोध कल सेन्टर बाट मात्र हुन्छ,obstruction,obstruction,ne,div,modal_text,[TAG=div] [ROLE=modal_text] हेयर ड्रायर सट्टा अनुरोध कल सेन्टर बाट मात्र हुन्छ,obstruction:ne:25,synthetic_v1,0,0,0,1,0,0,0,0
Kinbech पर सब्सक्रिप्शन बदलाव केवल हमारी हेल्पलाइन से संभव है,obstruction,obstruction,hi,div,modal_text,[TAG=div] [ROLE=modal_text] Kinbech पर सब्सक्रिप्शन बदलाव केवल हमारी हेल्पलाइन से संभव है,obstruction:hi:18,synthetic_v1,0,0,0,1,0,0,0,0
Myntra रिफन्डका लागि हाम्रो Viber सपोर्ट को स्वीकृति चाहिन्छ,obstruction,obstruction,ne,a,support_link,[TAG=a] [ROLE=support_link] Myntra रिफन्डका लागि हाम्रो Viber सपोर्ट को स्वीकृति चाहिन्छ,obstruction:ne:23,synthetic_v1,0,0,0,1,0,0,0,0
रिफंड 5 दिन की समीक्षा के बाद ही होगा,obstruction,obstruction,hi,div,modal_text,[TAG=div] [ROLE=modal_text] रिफंड 5 दिन की समीक्षा के बाद ही होगा,obstruction:hi:11,synthetic_v1,0,0,0,1,0,0,0,0
Muncha खाता बंद करने के लिए लाइव चैट को लिखें,obstruction,obstruction,hi,a,support_link,[TAG=a] [ROLE=support_link] Muncha खाता बंद करने के लिए लाइव चैट को लिखें,obstruction:hi:17,synthetic_v1,0,0,0,1,0,0,0,0
Ajio खाता बन्द गर्न हाम्रो Facebook पेज लाई लेख्नुहोस्,obstruction,obstruction,ne,div,modal_text,[TAG=div] [ROLE=modal_text] Ajio खाता बन्द गर्न हाम्रो Facebook पेज लाई लेख्नुहोस्,obstruction:ne:17,synthetic_v1,0,0,0,1,0,0,0,0
Zepto cancellations require verification through our email desk,obstruction,obstruction,en,p,help_text,[TAG=p] [ROLE=help_text] Zepto cancellations require verification through our email desk,obstruction:en:20,synthetic_v1,0,0,0,1,0,0,0,0
Returning laptop bag? Please call our email desk first,obstruction,obstruction,en,a,support_link,[TAG=a] [ROLE=support_link] Returning laptop bag? Please call our email desk first,obstruction:en:22,synthetic_v1,0,0,0,1,0,0,0,0
रनिङ जुत्ता को रिफन्ड कल सेन्टर मार्फत मात्र माग्नुहोस्,obstruction,obstruction,ne,p,help_text,[TAG=p] [ROLE=help_text] रनिङ जुत्ता को रिफन्ड कल सेन्टर मार्फत मात्र माग्नुहोस्,obstruction:ne:16,synthetic_v1,0,0,0,1,0,0,0,0
"To close your Daraz account, write to our Viber support",obstruction,obstruction,en,p,help_text,"[TAG=p] [ROLE=help_text] To close your Daraz account, write to our Viber support",obstruction:en:17,synthetic_v1,0,0,0,1,0,0,0,0
Snapdeal पर गोल्ड प्लान डाउनग्रेड करने के लिए हमारा WhatsApp नंबर से संपर्क करें,obstruction,obstruction,hi,div,modal_text,[TAG=div] [ROLE=modal_text] Snapdeal पर गोल्ड प्लान डाउनग्रेड करने के लिए हमारा WhatsApp नंबर से संपर्क करें,obstruction:hi:26,synthetic_v1,0,0,0,1,0,0,0,0
डाउनग्रेड के लिए अहमदाबाद कार्यालय पोर्टल से अनुरोध करें,obstruction,obstruction,hi,a,support_link,[TAG=a] [ROLE=support_link] डाउनग्रेड के लिए अहमदाबाद कार्यालय पोर्टल से अनुरोध करें,obstruction:hi:12,synthetic_v1,0,0,0,1,0,0,0,0
Reliance Digital डाटा हटाउन हाम्रो हेल्पलाइन लाई लिखित अनुरोध पठाउनुहोस्,obstruction,obstruction,ne,a,support_link,[TAG=a] [ROLE=support_link] Reliance Digital डाटा हटाउन हाम्रो हेल्पलाइन लाई लिखित अनुरोध पठाउनुहोस्,obstruction:ne:24,synthetic_v1,0,0,0,1,0,0,0,0
डेनिम जींस लौटाना है? पहले हमारा WhatsApp नंबर पर कॉल करें,obstruction,obstruction,hi,div,modal_text,[TAG=div] [ROLE=modal_text] डेनिम जींस लौटाना है? पहले हमारा WhatsApp नंबर पर कॉल करें,obstruction:hi:22,synthetic_v1,0,0,0,1,0,0,0,0
"To downgrade, submit a request from the Kathmandu office portal",obstruction,obstruction,en,a,support_link,"[TAG=a] [ROLE=support_link] To downgrade, submit a request from the Kathmandu office portal",obstruction:en:12,synthetic_v1,0,0,0,1,0,0,0,0
Meesho मा सदस्यता परिवर्तन लाइभ च्याट बाट मात्र सम्भव छ,obstruction,obstruction,ne,a,support_link,[TAG=a] [ROLE=support_link] Meesho मा सदस्यता परिवर्तन लाइभ च्याट बाट मात्र सम्भव छ,obstruction:ne:18,synthetic_v1,0,0,0,1,0,0,0,0
Nykaa मा प्लस प्लान डाउनग्रेड गर्न हाम्रो इमेल डेस्क मा सम्पर्क गर्नुहोस्,obstruction,obstruction,ne,div,modal_text,[TAG=div] [ROLE=modal_text] Nykaa मा प्लस प्लान डाउनग्रेड गर्न हाम्रो इमेल डेस्क मा सम्पर्क गर्नुहोस्,obstruction:ne:26,synthetic_v1,0,0,0,1,0,0,0,0
Daraz खाता बंद करने के लिए हमारा Viber सपोर्ट को लिखें,obstruction,obstruction,hi,p,help_text,[TAG=p] [ROLE=help_text] Daraz खाता बंद करने के लिए हमारा Viber सपोर्ट को लिखें,obstruction:hi:17,synthetic_v1,0,0,0,1,0,0,0,0
Your Reliance Digital refund needs approval from our Facebook page,obstruction,obstruction,en,div,modal_text,[TAG=div] [ROLE=modal_text] Your Reliance Digital refund needs approval from our Facebook page,obstruction:en:23,synthetic_v1,0,0,0,1,0,0,0,0
घामको चस्मा सट्टा अनुरोध हाम्रो Facebook पेज बाट मात्र हुन्छ,obstruction,obstruction,ne,div,modal_text,[TAG=div] [ROLE=modal_text] घामको चस्मा सट्टा अनुरोध हाम्रो Facebook पेज बाट मात्र हुन्छ,obstruction:ne:25,synthetic_v1,0,0,0,1,0,0,0,0
Meesho मा प्राइम प्लान डाउनग्रेड गर्न हाम्रो इमेल डेस्क मा सम्पर्क गर्नुहोस्,obstruction,obstruction,ne,p,help_text,[TAG=p] [ROLE=help_text] Meesho मा प्राइम प्लान डाउनग्रेड गर्न हाम्रो इमेल डेस्क मा सम्पर्क गर्नुहोस्,obstruction:ne:26,synthetic_v1,0,0,0,1,0,0,0,0
Blinkit खाता बंद करने के लिए हमारा Viber सपोर्ट को लिखें,obstruction,obstruction,hi,div,modal_text,[TAG=div] [ROLE=modal_text] Blinkit खाता बंद करने के लिए हमारा Viber सपोर्ट को लिखें,obstruction:hi:17,synthetic_v1,0,0,0,1,0,0,0,0
Croma cancellations require verification through our WhatsApp number,obstruction,obstruction,en,a,support_link,[TAG=a] [ROLE=support_link] Croma cancellations require verification through our WhatsApp number,obstruction:en:20,synthetic_v1,0,0,0,1,0,0,0,0
नोइज क्यान्सलिङ हेडफोन फिर्ता गर्नु छ? पहिले लाइभ च्याट मा फोन गर्नुहोस्,obstruction,obstruction,ne,p,help_text,[TAG=p] [ROLE=help_text] नोइज क्यान्सलिङ हेडफोन फिर्ता गर्नु छ? पहिले लाइभ च्याट मा फोन गर्नुहोस्,obstruction:ne:22,synthetic_v1,0,0,0,1,0,0,0,0
Zepto cancellations require verification through our Facebook page,obstruction,obstruction,en,p,help_text,[TAG=p] [ROLE=help_text] Zepto cancellations require verification through our Facebook page,obstruction:en:20,synthetic_v1,0,0,0,1,0,0,0,0
"To close your Reliance Digital account, write to our WhatsApp number",obstruction,obstruction,en,div,modal_text,"[TAG=div] [ROLE=modal_text] To close your Reliance Digital account, write to our WhatsApp number",obstruction:en:17,synthetic_v1,0,0,0,1,0,0,0,0
रनिङ जुत्ता को रिफन्ड हाम्रो Viber सपोर्ट मार्फत मात्र माग्नुहोस्,obstruction,obstruction,ne,div,modal_text,[TAG=div] [ROLE=modal_text] रनिङ जुत्ता को रिफन्ड हाम्रो Viber सपोर्ट मार्फत मात्र माग्नुहोस्,obstruction:ne:16,synthetic_v1,0,0,0,1,0,0,0,0
BigBasket खाता बंद करने के लिए हमारा Facebook पेज को लिखें,obstruction,obstruction,hi,div,modal_text,[TAG=div] [ROLE=modal_text] BigBasket खाता बंद करने के लिए हमारा Facebook पेज को लिखें,obstruction:hi:17,synthetic_v1,0,0,0,1,0,0,0,0
smartwatch exchange requests go through our WhatsApp number only,obstruction,obstruction,en,p,help_text,[TAG=p] [ROLE=help_text] smartwatch exchange requests go through our WhatsApp number only,obstruction:en:25,synthetic_v1,0,0,0,1,0,0,0,0
Refunds for bluetooth speaker must be requested through our email desk,obstruction,obstruction,en,a,support_link,[TAG=a] [ROLE=support_link] Refunds for bluetooth speaker must be requested through our email desk,obstruction:en:16,synthetic_v1,0,0,0,1,0,0,0,0
Meesho डेटा हटाने के लिए हमारा WhatsApp नंबर को लिखित अनुरोध भेजें,obstruction,obstruction,hi,div,modal_text,[TAG=div] [ROLE=modal_text] Meesho डेटा हटाने के लिए हमारा WhatsApp नंबर को लिखित अनुरोध भेजें,obstruction:hi:24,synthetic_v1,0,0,0,1,0,0,0,0
"To stop auto-renewal, contact our Viber support within 10 days",obstruction,obstruction,en,div,modal_text,"[TAG=div] [ROLE=modal_text] To stop auto-renewal, contact our Viber support within 10 days",obstruction:en:21,synthetic_v1,0,0,0,1,0,0,0,0
वायरलेस इयरबड्स फिर्ता गर्नु छ? पहिले हाम्रो WhatsApp नम्बर मा फोन गर्नुहोस्,obstruction,obstruction,ne,p,help_text,[TAG=p] [ROLE=help_text] वायरलेस इयरबड्स फिर्ता गर्नु छ? पहिले हाम्रो WhatsApp नम्बर मा फोन गर्नुहोस्,obstruction:ne:22,synthetic_v1,0,0,0,1,0,0,0,0
Tata Cliq डाटा हटाउन लाइभ च्याट लाई लिखित अनुरोध पठाउनुहोस्,obstruction,obstruction,ne,a,support_link,[TAG=a] [ROLE=support_link] Tata Cliq डाटा हटाउन लाइभ च्याट लाई लिखित अनुरोध पठाउनुहोस्,obstruction:ne:24,synthetic_v1,0,0,0,1,0,0,0,0
Refunds for formal shirt must be requested through our email desk,obstruction,obstruction,en,p,help_text,[TAG=p] [ROLE=help_text] Refunds for formal shirt must be requested through our email desk,obstruction:en:16,synthetic_v1,0,0,0,1,0,0,0,0
Snapdeal रिफन्डका लागि हाम्रो सपोर्ट नम्बर को स्वीकृति चाहिन्छ,obstruction,obstruction,ne,div,modal_text,[TAG=div] [ROLE=modal_text] Snapdeal रिफन्डका लागि हाम्रो सपोर्ट नम्बर को स्वीकृति चाहिन्छ,obstruction:ne:23,synthetic_v1,0,0,0,1,0,0,0,0
Are you sure? Continue to step 12 to cancel,obstruction,obstruction,en,div,modal_text,[TAG=div] [ROLE=modal_text] Are you sure? Continue to step 12 to cancel,obstruction:en:10,synthetic_v1,0,0,0,1,0,0,0,0
Flipkart रद्दीकरणका लागि हाम्रो हेल्पलाइन बाट प्रमाणीकरण आवश्यक छ,obstruction,obstruction,ne,p,help_text,[TAG=p] [ROLE=help_text] Flipkart रद्दीकरणका लागि हाम्रो हेल्पलाइन बाट प्रमाणीकरण आवश्यक छ,obstruction:ne:20,synthetic_v1,0,0,0,1,0,0,0,0
फॉर्मल शर्ट का रिफंड हमारा Viber सपोर्ट के ज़रिये ही मांगें,obstruction,obstruction,hi,a,support_link,[TAG=a] [ROLE=support_link] फॉर्मल शर्ट का रिफंड हमारा Viber सपोर्ट के ज़रिये ही मांगें,obstruction:hi:16,synthetic_v1,0,0,0,1,0,0,0,0
वायरलेस इयरबड्स अर्डरबाट हटाउन हाम्रो हेल्पलाइन मा सम्पर्क गर्नुहोस्,obstruction,obstruction,ne,div,modal_text,[TAG=div] [ROLE=modal_text] वायरलेस इयरबड्स अर्डरबाट हटाउन हाम्रो हेल्पलाइन मा सम्पर्क गर्नुहोस्,obstruction:ne:19,synthetic_v1,0,0,0,1,0,0,0,0
Zepto रिफंड के लिए हमारा WhatsApp नंबर की मंज़ूरी चाहिए,obstruction,obstruction,hi,a,support_link,[TAG=a] [ROLE=support_link] Zepto रिफंड के लिए हमारा WhatsApp नंबर की मंज़ूरी चाहिए,obstruction:hi:23,synthetic_v1,0,0,0,1,0,0,0,0
FirstCry पर सब्सक्रिप्शन बदलाव केवल लाइव चैट से संभव है,obstruction,obstruction,hi,div,modal_text,[TAG=div] [ROLE=modal_text] FirstCry पर सब्सक्रिप्शन बदलाव केवल लाइव चैट से संभव है,obstruction:hi:18,synthetic_v1,0,0,0,1,0,0,0,0
SastoDeal ऑर्डर रद्द करने के लिए हमारा WhatsApp नंबर से संपर्क करें,obstruction,obstruction,hi,a,support_link,[TAG=a] [ROLE=support_link] SastoDeal ऑर्डर रद्द करने के लिए हमारा WhatsApp नंबर से संपर्क करें,obstruction:hi:15,synthetic_v1,0,0,0,1,0,0,0,0
Subscription changes at Amazon are only possible via our email desk,obstruction,obstruction,en,div,modal_text,[TAG=div] [ROLE=modal_text] Subscription changes at Amazon are only possible via our email desk,obstruction:en:18,synthetic_v1,0,0,0,1,0,0,0,0
"To stop auto-renewal, contact live chat within 9 days",obstruction,obstruction,en,p,help_text,"[TAG=p] [ROLE=help_text] To stop auto-renewal, contact live chat within 9 days",obstruction:en:21,synthetic_v1,0,0,0,1,0,0,0,0
कॉफी मेकर को ऑर्डर से हटाने के लिए हमारा WhatsApp नंबर से संपर्क करें,obstruction,obstruction,hi,a,support_link,[TAG=a] [ROLE=support_link] कॉफी मेकर को ऑर्डर से हटाने के लिए हमारा WhatsApp नंबर से संपर्क करें,obstruction:hi:19,synthetic_v1,0,0,0,1,0,0,0,0
Amazon डेटा हटाने के लिए हमारा Viber सपोर्ट को लिखित अनुरोध भेजें,obstruction,obstruction,hi,a,support_link,[TAG=a] [ROLE=support_link] Amazon डेटा हटाने के लिए हमारा Viber सपोर्ट को लिखित अनुरोध भेजें,obstruction:hi:24,synthetic_v1,0,0,0,1,0,0,0,0
Returning formal shirt? Please call our Facebook page first,obstruction,obstruction,en,div,modal_text,[TAG=div] [ROLE=modal_text] Returning formal shirt? Please call our Facebook page first,obstruction:en:22,synthetic_v1,0,0,0,1,0,0,0,0
Tata Cliq मा सदस्यता परिवर्तन लाइभ च्याट बाट मात्र सम्भव छ,obstruction,obstruction,ne,a,support_link,[TAG=a] [ROLE=support_link] Tata Cliq मा सदस्यता परिवर्तन लाइभ च्याट बाट मात्र सम्भव छ,obstruction:ne:18,synthetic_v1,0,0,0,1,0,0,0,0
योगा मैट लौटाना है? पहले हमारी हेल्पलाइन पर कॉल करें,obstruction,obstruction,hi,div,modal_text,[TAG=div] [ROLE=modal_text] योगा मैट लौटाना है? पहले हमारी हेल्पलाइन पर कॉल करें,obstruction:hi:22,synthetic_v1,0,0,0,1,0,0,0,0
Daraz पर प्लस प्लान डाउनग्रेड करने के लिए कॉल सेंटर से संपर्क करें,obstruction,obstruction,hi,p,help_text,[TAG=p] [ROLE=help_text] Daraz पर प्लस प्लान डाउनग्रेड करने के लिए कॉल सेंटर से संपर्क करें,obstruction:hi:26,synthetic_v1,0,0,0,1,0,0,0,0
स्वतः नवीकरण बन्द गर्न 3 दिनभित्र लाइभ च्याट मा सम्पर्क गर्नुहोस्,obstruction,obstruction,ne,div,modal_text,[TAG=div] [ROLE=modal_text] स्वतः नवीकरण बन्द गर्न 3 दिनभित्र लाइभ च्याट मा सम्पर्क गर्नुहोस्,obstruction:ne:21,synthetic_v1,0,0,0,1,0,0,0,0
Refunds for trekking jacket must be requested through our Facebook page,obstruction,obstruction,en,p,help_text,[TAG=p] [ROLE=help_text] Refunds for trekking jacket must be requested through our Facebook page,obstruction:en:16,synthetic_v1,0,0,0,1,0,0,0,0
एयर फ्रायर लौटाना है? पहले हमारी हेल्पलाइन पर कॉल करें,obstruction,obstruction,hi,p,help_text,[TAG=p] [ROLE=help_text] एयर फ्रायर लौटाना है? पहले हमारी हेल्पलाइन पर कॉल करें,obstruction:hi:22,synthetic_v1,0,0,0,1,0,0,0,0
"To close your Zepto account, write to our Viber support",obstruction,obstruction,en,a,support_link,"[TAG=a] [ROLE=support_link] To close your Zepto account, write to our Viber support",obstruction:en:17,synthetic_v1,0,0,0,1,0,0,0,0
स्टडी लाइट को रिफन्ड कल सेन्टर मार्फत मात्र माग्नुहोस्,obstruction,obstruction,ne,a,support_link,[TAG=a] [ROLE=support_link] स्टडी लाइट को रिफन्ड कल सेन्टर मार्फत मात्र माग्नुहोस्,obstruction:ne:16,synthetic_v1,0,0,0,1,0,0,0,0
HamroBazar रिफन्डका लागि हाम्रो इमेल डेस्क को स्वीकृति चाहिन्छ,obstruction,obstruction,ne,div,modal_text,[TAG=div] [ROLE=modal_text] HamroBazar रिफन्डका लागि हाम्रो इमेल डेस्क को स्वीकृति चाहिन्छ,obstruction:ne:23,synthetic_v1,0,0,0,1,0,0,0,0
Your FirstCry refund needs approval from our Facebook page,obstruction,obstruction,en,div,modal_text,[TAG=div] [ROLE=modal_text] Your FirstCry refund needs approval from our Facebook page,obstruction:en:23,synthetic_v1,0,0,0,1,0,0,0,0
फर्मल सर्ट सट्टा अनुरोध हाम्रो हेल्पलाइन बाट मात्र हुन्छ,obstruction,obstruction,ne,a,support_link,[TAG=a] [ROLE=support_link] फर्मल सर्ट सट्टा अनुरोध हाम्रो हेल्पलाइन बाट मात्र हुन्छ,obstruction:ne:25,synthetic_v1,0,0,0,1,0,0,0,0
स्टडी लाइट अर्डरबाट हटाउन हाम्रो सपोर्ट नम्बर मा सम्पर्क गर्नुहोस्,obstruction,obstruction,ne,div,modal_text,[TAG=div] [ROLE=modal_text] स्टडी लाइट अर्डरबाट हटाउन हाम्रो सपोर्ट नम्बर मा सम्पर्क गर्नुहोस्,obstruction:ne:19,synthetic_v1,0,0,0,1,0,0,0,0
Lenskart मा सदस्यता परिवर्तन कल सेन्टर बाट मात्र सम्भव छ,obstruction,obstruction,ne,p,help_text,[TAG=p] [ROLE=help_text] Lenskart मा सदस्यता परिवर्तन कल सेन्टर बाट मात्र सम्भव छ,obstruction:ne:18,synthetic_v1,0,0,0,1,0,0,0,0
Gyapu खाता बन्द गर्न हाम्रो सपोर्ट नम्बर लाई लेख्नुहोस्,obstruction,obstruction,ne,p,help_text,[TAG=p] [ROLE=help_text] Gyapu खाता बन्द गर्न हाम्रो सपोर्ट नम्बर लाई लेख्नुहोस्,obstruction:ne:17,synthetic_v1,0,0,0,1,0,0,0,0
Pepperfry ऑर्डर रद्द करने के लिए कॉल सेंटर से संपर्क करें,obstruction,obstruction,hi,a,support_link,[TAG=a] [ROLE=support_link] Pepperfry ऑर्डर रद्द करने के लिए कॉल सेंटर से संपर्क करें,obstruction:hi:15,synthetic_v1,0,0,0,1,0,0,0,0
रिफंड 14 दिन की समीक्षा के बाद ही होगा,obstruction,obstruction,hi,a,support_link,[TAG=a] [ROLE=support_link] रिफंड 14 दिन की समीक्षा के बाद ही होगा,obstruction:hi:11,synthetic_v1,0,0,0,1,0,0,0,0
Refunds for electric kettle must be requested through our Viber support,obstruction,obstruction,en,a,support_link,[TAG=a] [ROLE=support_link] Refunds for electric kettle must be requested through our Viber support,obstruction:en:16,synthetic_v1,0,0,0,1,0,0,0,0
Salesberry मा प्रिमियम प्लान डाउनग्रेड गर्न लाइभ च्याट मा सम्पर्क गर्नुहोस्,obstruction,obstruction,ne,a,support_link,[TAG=a] [ROLE=support_link] Salesberry मा प्रिमियम प्लान डाउनग्रेड गर्न लाइभ च्याट मा सम्पर्क गर्नुहोस्,obstruction:ne:26,synthetic_v1,0,0,0,1,0,0,0,0
फोन कवर एक्सचेंज अनुरोध केवल कॉल सेंटर से होगा,obstruction,obstruction,hi,p,help_text,[TAG=p] [ROLE=help_text] फोन कवर एक्सचेंज अनुरोध केवल कॉल सेंटर से होगा,obstruction:hi:25,synthetic_v1,0,0,0,1,0,0,0,0
"To close your Myntra account, write to our WhatsApp number",obstruction,obstruction,en,div,modal_text,"[TAG=div] [ROLE=modal_text] To close your Myntra account, write to our WhatsApp number",obstruction:en:17,synthetic_v1,0,0,0,1,0,0,0,0
प्रोटिन पाउडर को रिफन्ड हाम्रो हेल्पलाइन मार्फत मात्र माग्नुहोस्,obstruction,obstruction,ne,a,support_link,[TAG=a] [ROLE=support_link] प्रोटिन पाउडर को रिफन्ड हाम्रो हेल्पलाइन मार्फत मात्र माग्नुहोस्,obstruction:ne:16,synthetic_v1,0,0,0,1,0,0,0,0
Pepperfry रिफन्डका लागि हाम्रो Viber सपोर्ट को स्वीकृति चाहिन्छ,obstruction,obstruction,ne,a,support_link,[TAG=a] [ROLE=support_link] Pepperfry रिफन्डका लागि हाम्रो Viber सपोर्ट को स्वीकृति चाहिन्छ,obstruction:ne:23,synthetic_v1,0,0,0,1,0,0,0,0
सर्दी का कंबल एक्सचेंज अनुरोध केवल हमारा Viber सपोर्ट से होगा,obstruction,obstruction,hi,a,support_link,[TAG=a] [ROLE=support_link] सर्दी का कंबल एक्सचेंज अनुरोध केवल हमारा Viber सपोर्ट से होगा,obstruction:hi:25,synthetic_v1,0,0,0,1,0,0,0,0
Refunds for sports sandals must be requested through our Viber support,obstruction,obstruction,en,a,support_link,[TAG=a] [ROLE=support_link] Refunds for sports sandals must be requested through our Viber support,obstruction:en:16,synthetic_v1,0,0,0,1,0,0,0,0
ब्लुटुथ स्पिकर फिर्ता गर्नु छ? पहिले हाम्रो Facebook पेज मा फोन गर्नुहोस्,obstruction,obstruction,ne,div,modal_text,[TAG=div] [ROLE=modal_text] ब्लुटुथ स्पिकर फिर्ता गर्नु छ? पहिले हाम्रो Facebook पेज मा फोन गर्नुहोस्,obstruction:ne:22,synthetic_v1,0,0,0,1,0,0,0,0
ऑफिस चेयर को ऑर्डर से हटाने के लिए हमारी हेल्पलाइन से संपर्क करें,obstruction,obstruction,hi,a,support_link,[TAG=a] [ROLE=support_link] ऑफिस चेयर को ऑर्डर से हटाने के लिए हमारी हेल्पलाइन से संपर्क करें,obstruction:hi:19,synthetic_v1,0,0,0,1,0,0,0,0
Muncha ऑर्डर रद्द करने के लिए हमारा सपोर्ट नंबर से संपर्क करें,obstruction,obstruction,hi,div,modal_text,[TAG=div] [ROLE=modal_text] Muncha ऑर्डर रद्द करने के लिए हमारा सपोर्ट नंबर से संपर्क करें,obstruction:hi:15,synthetic_v1,0,0,0,1,0,0,0,0
"To downgrade, submit a request from the Chitwan office portal",obstruction,obstruction,en,a,support_link,"[TAG=a] [ROLE=support_link] To downgrade, submit a request from the Chitwan office portal",obstruction:en:12,synthetic_v1,0,0,0,1,0,0,0,0
Flipkart पर सब्सक्रिप्शन बदलाव केवल हमारा Viber सपोर्ट से संभव है,obstruction,obstruction,hi,a,support_link,[TAG=a] [ROLE=support_link] Flipkart पर सब्सक्रिप्शन बदलाव केवल हमारा Viber सपोर्ट से संभव है,obstruction:hi:18,synthetic_v1,0,0,0,1,0,0,0,0
Deleting your BigBasket data requires a written request to our Facebook page,obstruction,obstruction,en,p,help_text,[TAG=p] [ROLE=help_text] Deleting your BigBasket data requires a written request to our Facebook page,obstruction:en:24,synthetic_v1,0,0,0,1,0,0,0,0
ट्रेकिङ ज्याकेट अर्डरबाट हटाउन हाम्रो इमेल डेस्क मा सम्पर्क गर्नुहोस्,obstruction,obstruction,ne,p,help_text,[TAG=p] [ROLE=help_text] ट्रेकिङ ज्याकेट अर्डरबाट हटाउन हाम्रो इमेल डेस्क मा सम्पर्क गर्नुहोस्,obstruction:ne:19,synthetic_v1,0,0,0,1,0,0,0,0
Subscription changes at Croma are only possible via our helpline,obstruction,obstruction,en,a,support_link,[TAG=a] [ROLE=support_link] Subscription changes at Croma are only possible via our helpline,obstruction:en:18,synthetic_v1,0,0,0,1,0,0,0,0
Gyapu पर प्रो प्लान डाउनग्रेड करने के लिए कॉल सेंटर से संपर्क करें,obstruction,obstruction,hi,a,support_link,[TAG=a] [ROLE=support_link] Gyapu पर प्रो प्लान डाउनग्रेड करने के लिए कॉल सेंटर से संपर्क करें,obstruction:hi:26,synthetic_v1,0,0,0,1,0,0,0,0
रद्द गर्न 3 कार्य दिनभित्र सम्पर्क गर्नुहोस्,obstruction,obstruction,ne,div,modal_text,[TAG=div] [ROLE=modal_text] रद्द गर्न 3 कार्य दिनभित्र सम्पर्क गर्नुहोस्,obstruction:ne:05,synthetic_v1,0,0,0,1,0,0,0,0
Subscription changes at JioMart are only possible via our support line,obstruction,obstruction,en,div,modal_text,[TAG=div] [ROLE=modal_text] Subscription changes at JioMart are only possible via our support line,obstruction:en:18,synthetic_v1,0,0,0,1,0,0,0,0
रिफन्ड 14 दिनको समीक्षापछि मात्र हुनेछ,obstruction,obstruction,ne,p,help_text,[TAG=p] [ROLE=help_text] रिफन्ड 14 दिनको समीक्षापछि मात्र हुनेछ,obstruction:ne:11,synthetic_v1,0,0,0,1,0,0,0,0
Lenskart अर्डर रद्द गर्न हाम्रो सपोर्ट नम्बर मा सम्पर्क गर्नुहोस्,obstruction,obstruction,ne,div,modal_text,[TAG=div] [ROLE=modal_text] Lenskart अर्डर रद्द गर्न हाम्रो सपोर्ट नम्बर मा सम्पर्क गर्नुहोस्,obstruction:ne:15,synthetic_v1,0,0,0,1,0,0,0,0
Zepto डाटा हटाउन हाम्रो WhatsApp नम्बर लाई लिखित अनुरोध पठाउनुहोस्,obstruction,obstruction,ne,a,support_link,[TAG=a] [ROLE=support_link] Zepto डाटा हटाउन हाम्रो WhatsApp नम्बर लाई लिखित अनुरोध पठाउनुहोस्,obstruction:ne:24,synthetic_v1,0,0,0,1,0,0,0,0
Your Flipkart refund needs approval from live chat,obstruction,obstruction,en,a,support_link,[TAG=a] [ROLE=support_link] Your Flipkart refund needs approval from live chat,obstruction:en:23,synthetic_v1,0,0,0,1,0,0,0,0
ऑटो-रिन्यूअल बंद करने के लिए 3 दिन में कॉल सेंटर से संपर्क करें,obstruction,obstruction,hi,p,help_text,[TAG=p] [ROLE=help_text] ऑटो-रिन्यूअल बंद करने के लिए 3 दिन में कॉल सेंटर से संपर्क करें,obstruction:hi:21,synthetic_v1,0,0,0,1,0,0,0,0
FirstCry अर्डर रद्द गर्न हाम्रो हेल्पलाइन मा सम्पर्क गर्नुहोस्,obstruction,obstruction,ne,p,help_text,[TAG=p] [ROLE=help_text] FirstCry अर्डर रद्द गर्न हाम्रो हेल्पलाइन मा सम्पर्क गर्नुहोस्,obstruction:ne:15,synthetic_v1,0,0,0,1,0,0,0,0
स्वतः नवीकरण बन्द गर्न 8 दिनभित्र लाइभ च्याट मा सम्पर्क गर्नुहोस्,obstruction,obstruction,ne,p,help_text,[TAG=p] [ROLE=help_text] स्वतः नवीकरण बन्द गर्न 8 दिनभित्र लाइभ च्याट मा सम्पर्क गर्नुहोस्,obstruction:ne:21,synthetic_v1,0,0,0,1,0,0,0,0
"To close your Ajio account, write to our WhatsApp number",obstruction,obstruction,en,a,support_link,"[TAG=a] [ROLE=support_link] To close your Ajio account, write to our WhatsApp number",obstruction:en:17,synthetic_v1,0,0,0,1,0,0,0,0
FirstCry खाता बन्द गर्न कल सेन्टर लाई लेख्नुहोस्,obstruction,obstruction,ne,div,modal_text,[TAG=div] [ROLE=modal_text] FirstCry खाता बन्द गर्न कल सेन्टर लाई लेख्नुहोस्,obstruction:ne:17,synthetic_v1,0,0,0,1,0,0,0,0
हेयर ड्रायर सट्टा अनुरोध हाम्रो हेल्पलाइन बाट मात्र हुन्छ,obstruction,obstruction,ne,p,help_text,[TAG=p] [ROLE=help_text] हेयर ड्रायर सट्टा अनुरोध हाम्रो हेल्पलाइन बाट मात्र हुन्छ,obstruction:ne:25,synthetic_v1,0,0,0,1,0,0,0,0
पावर ब्यांक सट्टा अनुरोध लाइभ च्याट बाट मात्र हुन्छ,obstruction,obstruction,ne,p,help_text,[TAG=p] [ROLE=help_text] पावर ब्यांक सट्टा अनुरोध लाइभ च्याट बाट मात्र हुन्छ,obstruction:ne:25,synthetic_v1,0,0,0,1,0,0,0,0
ट्रेकिङ ज्याकेट फिर्ता गर्नु छ? पहिले कल सेन्टर मा फोन गर्नुहोस्,obstruction,obstruction,ne,div,modal_text,[TAG=div] [ROLE=modal_text] ट्रेकिङ ज्याकेट फिर्ता गर्नु छ? पहिले कल सेन्टर मा फोन गर्नुहोस्,obstruction:ne:22,synthetic_v1,0,0,0,1,0,0,0,0
"To stop auto-renewal, contact our WhatsApp number within 8 days",obstruction,obstruction,en,a,support_link,"[TAG=a] [ROLE=support_link] To stop auto-renewal, contact our WhatsApp number within 8 days",obstruction:en:21,synthetic_v1,0,0,0,1,0,0,0,0
Muncha रिफंड के लिए हमारा Viber सपोर्ट की मंज़ूरी चाहिए,obstruction,obstruction,hi,p,help_text,[TAG=p] [ROLE=help_text] Muncha रिफंड के लिए हमारा Viber सपोर्ट की मंज़ूरी चाहिए,obstruction:hi:23,synthetic_v1,0,0,0,1,0,0,0,0
Lenskart खाता बंद करने के लिए हमारा WhatsApp नंबर को लिखें,obstruction,obstruction,hi,p,help_text,[TAG=p] [ROLE=help_text] Lenskart खाता बंद करने के लिए हमारा WhatsApp नंबर को लिखें,obstruction:hi:17,synthetic_v1,0,0,0,1,0,0,0,0
ऑटो-रिन्यूअल बंद करने के लिए 10 दिन में हमारा Facebook पेज से संपर्क करें,obstruction,obstruction,hi,a,support_link,[TAG=a] [ROLE=support_link] ऑटो-रिन्यूअल बंद करने के लिए 10 दिन में हमारा Facebook पेज से संपर्क करें,obstruction:hi:21,synthetic_v1,0,0,0,1,0,0,0,0
स्वतः नवीकरण बन्द गर्न 10 दिनभित्र हाम्रो WhatsApp नम्बर मा सम्पर्क गर्नुहोस्,obstruction,obstruction,ne,a,support_link,[TAG=a] [ROLE=support_link] स्वतः नवीकरण बन्द गर्न 10 दिनभित्र हाम्रो WhatsApp नम्बर मा सम्पर्क गर्नुहोस्,obstruction:ne:21,synthetic_v1,0,0,0,1,0,0,0,0
Reach our support line to remove study lamp from your order,obstruction,obstruction,en,p,help_text,[TAG=p] [ROLE=help_text] Reach our support line to remove study lamp from your order,obstruction:en:19,synthetic_v1,0,0,0,1,0,0,0,0
हेयर ड्रायर फिर्ता गर्नु छ? पहिले हाम्रो सपोर्ट नम्बर मा फोन गर्नुहोस्,obstruction,obstruction,ne,p,help_text,[TAG=p] [ROLE=help_text] हेयर ड्रायर फिर्ता गर्नु छ? पहिले हाम्रो सपोर्ट नम्बर मा फोन गर्नुहोस्,obstruction:ne:22,synthetic_v1,0,0,0,1,0,0,0,0
Subscription changes at Ajio are only possible via our helpline,obstruction,obstruction,en,a,support_link,[TAG=a] [ROLE=support_link] Subscription changes at Ajio are only possible via our helpline,obstruction:en:18,synthetic_v1,0,0,0,1,0,0,0,0
Reliance Digital रिफंड के लिए हमारा Viber सपोर्ट की मंज़ूरी चाहिए,obstruction,obstruction,hi,div,modal_text,[TAG=div] [ROLE=modal_text] Reliance Digital रिफंड के लिए हमारा Viber सपोर्ट की मंज़ूरी चाहिए,obstruction:hi:23,synthetic_v1,0,0,0,1,0,0,0,0
Zepto रद्दीकरण के लिए लाइव चैट से सत्यापन ज़रूरी है,obstruction,obstruction,hi,a,support_link,[TAG=a] [ROLE=support_link] Zepto रद्दीकरण के लिए लाइव चैट से सत्यापन ज़रूरी है,obstruction:hi:20,synthetic_v1,0,0,0,1,0,0,0,0
Pepperfry रद्दीकरणका लागि कल सेन्टर बाट प्रमाणीकरण आवश्यक छ,obstruction,obstruction,ne,p,help_text,[TAG=p] [ROLE=help_text] Pepperfry रद्दीकरणका लागि कल सेन्टर बाट प्रमाणीकरण आवश्यक छ,obstruction:ne:20,synthetic_v1,0,0,0,1,0,0,0,0
रिफंड के लिए 8 अतिरिक्त चरण पूरे करें,obstruction,obstruction,hi,a,support_link,[TAG=a] [ROLE=support_link] रिफंड के लिए 8 अतिरिक्त चरण पूरे करें,obstruction:hi:04,synthetic_v1,0,0,0,1,0,0,0,0
हेयर ड्रायर लौटाना है? पहले हमारी हेल्पलाइन पर कॉल करें,obstruction,obstruction,hi,div,modal_text,[TAG=div] [ROLE=modal_text] हेयर ड्रायर लौटाना है? पहले हमारी हेल्पलाइन पर कॉल करें,obstruction:hi:22,synthetic_v1,0,0,0,1,0,0,0,0
"To cancel your Kinbech order, contact the call centre",obstruction,obstruction,en,p,help_text,"[TAG=p] [ROLE=help_text] To cancel your Kinbech order, contact the call centre",obstruction:en:15,synthetic_v1,0,0,0,1,0,0,0,0
JioMart cancellations require verification through our Viber support,obstruction,obstruction,en,a,support_link,[TAG=a] [ROLE=support_link] JioMart cancellations require verification through our Viber support,obstruction:en:20,synthetic_v1,0,0,0,1,0,0,0,0
स्कूल बैग का रिफंड लाइव चैट के ज़रिये ही मांगें,obstruction,obstruction,hi,p,help_text,[TAG=p] [ROLE=help_text] स्कूल बैग का रिफंड लाइव चैट के ज़रिये ही मांगें,obstruction:hi:16,synthetic_v1,0,0,0,1,0,0,0,0
ट्रेकिंग जैकेट का रिफंड हमारा Viber सपोर्ट के ज़रिये ही मांगें,obstruction,obstruction,hi,a,support_link,[TAG=a] [ROLE=support_link] ट्रेकिंग जैकेट का रिफंड हमारा Viber सपोर्ट के ज़रिये ही मांगें,obstruction:hi:16,synthetic_v1,0,0,0,1,0,0,0,0
स्टडी लैंप को ऑर्डर से हटाने के लिए हमारा Facebook पेज से संपर्क करें,obstruction,obstruction,hi,div,modal_text,[TAG=div] [ROLE=modal_text] स्टडी लैंप को ऑर्डर से हटाने के लिए हमारा Facebook पेज से संपर्क करें,obstruction:hi:19,synthetic_v1,0,0,0,1,0,0,0,0
वायरलेस ईयरबड्स एक्सचेंज अनुरोध केवल हमारा WhatsApp नंबर से होगा,obstruction,obstruction,hi,p,help_text,[TAG=p] [ROLE=help_text] वायरलेस ईयरबड्स एक्सचेंज अनुरोध केवल हमारा WhatsApp नंबर से होगा,obstruction:hi:25,synthetic_v1,0,0,0,1,0,0,0,0
Croma खाता बन्द गर्न हाम्रो Facebook पेज लाई लेख्नुहोस्,obstruction,obstruction,ne,div,modal_text,[TAG=div] [ROLE=modal_text] Croma खाता बन्द गर्न हाम्रो Facebook पेज लाई लेख्नुहोस्,obstruction:ne:17,synthetic_v1,0,0,0,1,0,0,0,0
फॉर्मल शर्ट का रिफंड हमारा ईमेल डेस्क के ज़रिये ही मांगें,obstruction,obstruction,hi,a,support_link,[TAG=a] [ROLE=support_link] फॉर्मल शर्ट का रिफंड हमारा ईमेल डेस्क के ज़रिये ही मांगें,obstruction:hi:16,synthetic_v1,0,0,0,1,0,0,0,0
Muncha खाता बन्द गर्न हाम्रो हेल्पलाइन लाई लेख्नुहोस्,obstruction,obstruction,ne,a,support_link,[TAG=a] [ROLE=support_link] Muncha खाता बन्द गर्न हाम्रो हेल्पलाइन लाई लेख्नुहोस्,obstruction:ne:17,synthetic_v1,0,0,0,1,0,0,0,0
Amazon खाता बंद करने के लिए हमारा Viber सपोर्ट को लिखें,obstruction,obstruction,hi,p,help_text,[TAG=p] [ROLE=help_text] Amazon खाता बंद करने के लिए हमारा Viber सपोर्ट को लिखें,obstruction:hi:17,synthetic_v1,0,0,0,1,0,0,0,0
स्वतः नवीकरण बन्द गर्न 12 दिनभित्र हाम्रो Facebook पेज मा सम्पर्क गर्नुहोस्,obstruction,obstruction,ne,div,modal_text,[TAG=div] [ROLE=modal_text] स्वतः नवीकरण बन्द गर्न 12 दिनभित्र हाम्रो Facebook पेज मा सम्पर्क गर्नुहोस्,obstruction:ne:21,synthetic_v1,0,0,0,1,0,0,0,0
Gyapu पर गोल्ड प्लान डाउनग्रेड करने के लिए हमारा ईमेल डेस्क से संपर्क करें,obstruction,obstruction,hi,p,help_text,[TAG=p] [ROLE=help_text] Gyapu पर गोल्ड प्लान डाउनग्रेड करने के लिए हमारा ईमेल डेस्क से संपर्क करें,obstruction:hi:26,synthetic_v1,0,0,0,1,0,0,0,0
डाउनग्रेड गर्न इटहरी कार्यालय पोर्टलबाट अनुरोध गर्नुहोस्,obstruction,obstruction,ne,div,modal_text,[TAG=div] [ROLE=modal_text] डाउनग्रेड गर्न इटहरी कार्यालय पोर्टलबाट अनुरोध गर्नुहोस्,obstruction:ne:12,synthetic_v1,0,0,0,1,0,0,0,0
Your Blinkit refund needs approval from our WhatsApp number,obstruction,obstruction,en,a,support_link,[TAG=a] [ROLE=support_link] Your Blinkit refund needs approval from our WhatsApp number,obstruction:en:23,synthetic_v1,0,0,0,1,0,0,0,0
फर्मल सर्ट अर्डरबाट हटाउन हाम्रो Viber सपोर्ट मा सम्पर्क गर्नुहोस्,obstruction,obstruction,ne,p,help_text,[TAG=p] [ROLE=help_text] फर्मल सर्ट अर्डरबाट हटाउन हाम्रो Viber सपोर्ट मा सम्पर्क गर्नुहोस्,obstruction:ne:19,synthetic_v1,0,0,0,1,0,0,0,0
"To downgrade, submit a request from the Bengaluru office portal",obstruction,obstruction,en,div,modal_text,"[TAG=div] [ROLE=modal_text] To downgrade, submit a request from the Bengaluru office portal",obstruction:en:12,synthetic_v1,0,0,0,1,0,0,0,0
FirstCry खाता बन्द गर्न हाम्रो हेल्पलाइन लाई लेख्नुहोस्,obstruction,obstruction,ne,a,support_link,[TAG=a] [ROLE=support_link] FirstCry खाता बन्द गर्न हाम्रो हेल्पलाइन लाई लेख्नुहोस्,obstruction:ne:17,synthetic_v1,0,0,0,1,0,0,0,0
Flipkart ऑर्डर रद्द करने के लिए हमारा सपोर्ट नंबर से संपर्क करें,obstruction,obstruction,hi,a,support_link,[TAG=a] [ROLE=support_link] Flipkart ऑर्डर रद्द करने के लिए हमारा सपोर्ट नंबर से संपर्क करें,obstruction:hi:15,synthetic_v1,0,0,0,1,0,0,0,0
Ajio डाटा हटाउन हाम्रो हेल्पलाइन लाई लिखित अनुरोध पठाउनुहोस्,obstruction,obstruction,ne,a,support_link,[TAG=a] [ROLE=support_link] Ajio डाटा हटाउन हाम्रो हेल्पलाइन लाई लिखित अनुरोध पठाउनुहोस्,obstruction:ne:24,synthetic_v1,0,0,0,1,0,0,0,0
"To downgrade your Premium plan at Zepto, contact our support line",obstruction,obstruction,en,p,help_text,"[TAG=p] [ROLE=help_text] To downgrade your Premium plan at Zepto, contact our support line",obstruction:en:26,synthetic_v1,0,0,0,1,0,0,0,0
डाउनग्रेड के लिए रांची कार्यालय पोर्टल से अनुरोध करें,obstruction,obstruction,hi,a,support_link,[TAG=a] [ROLE=support_link] डाउनग्रेड के लिए रांची कार्यालय पोर्टल से अनुरोध करें,obstruction:hi:12,synthetic_v1,0,0,0,1,0,0,0,0
Lenskart डाटा हटाउन हाम्रो Facebook पेज लाई लिखित अनुरोध पठाउनुहोस्,obstruction,obstruction,ne,div,modal_text,[TAG=div] [ROLE=modal_text] Lenskart डाटा हटाउन हाम्रो Facebook पेज लाई लिखित अनुरोध पठाउनुहोस्,obstruction:ne:24,synthetic_v1,0,0,0,1,0,0,0,0
नोइज क्यान्सलिङ हेडफोन को रिफन्ड लाइभ च्याट मार्फत मात्र माग्नुहोस्,obstruction,obstruction,ne,div,modal_text,[TAG=div] [ROLE=modal_text] नोइज क्यान्सलिङ हेडफोन को रिफन्ड लाइभ च्याट मार्फत मात्र माग्नुहोस्,obstruction:ne:16,synthetic_v1,0,0,0,1,0,0,0,0
डाउनग्रेड गर्न हेटौंडा कार्यालय पोर्टलबाट अनुरोध गर्नुहोस्,obstruction,obstruction,ne,div,modal_text,[TAG=div] [ROLE=modal_text] डाउनग्रेड गर्न हेटौंडा कार्यालय पोर्टलबाट अनुरोध गर्नुहोस्,obstruction:ne:12,synthetic_v1,0,0,0,1,0,0,0,0
Reach our WhatsApp number to remove electric kettle from your order,obstruction,obstruction,en,div,modal_text,[TAG=div] [ROLE=modal_text] Reach our WhatsApp number to remove electric kettle from your order,obstruction:en:19,synthetic_v1,0,0,0,1,0,0,0,0
Subscription changes at Salesberry are only possible via our Viber support,obstruction,obstruction,en,p,help_text,[TAG=p] [ROLE=help_text] Subscription changes at Salesberry are only possible via our Viber support,obstruction:en:18,synthetic_v1,0,0,0,1,0,0,0,0
नोइज क्यान्सलिङ हेडफोन सट्टा अनुरोध हाम्रो सपोर्ट नम्बर बाट मात्र हुन्छ,obstruction,obstruction,ne,p,help_text,[TAG=p] [ROLE=help_text] नोइज क्यान्सलिङ हेडफोन सट्टा अनुरोध हाम्रो सपोर्ट नम्बर बाट मात्र हुन्छ,obstruction:ne:25,synthetic_v1,0,0,0,1,0,0,0,0
HamroBazar खाता बंद करने के लिए हमारा ईमेल डेस्क को लिखें,obstruction,obstruction,hi,div,modal_text,[TAG=div] [ROLE=modal_text] HamroBazar खाता बंद करने के लिए हमारा ईमेल डेस्क को लिखें,obstruction:hi:17,synthetic_v1,0,0,0,1,0,0,0,0
Zepto रिफंड के लिए कॉल सेंटर की मंज़ूरी चाहिए,obstruction,obstruction,hi,div,modal_text,[TAG=div] [ROLE=modal_text] Zepto रिफंड के लिए कॉल सेंटर की मंज़ूरी चाहिए,obstruction:hi:23,synthetic_v1,0,0,0,1,0,0,0,0
Returning winter blanket? Please call our support line first,obstruction,obstruction,en,div,modal_text,[TAG=div] [ROLE=modal_text] Returning winter blanket? Please call our support line first,obstruction:en:22,synthetic_v1,0,0,0,1,0,0,0,0
अफिस कुर्सी को रिफन्ड कल सेन्टर मार्फत मात्र माग्नुहोस्,obstruction,obstruction,ne,p,help_text,[TAG=p] [ROLE=help_text] अफिस कुर्सी को रिफन्ड कल सेन्टर मार्फत मात्र माग्नुहोस्,obstruction:ne:16,synthetic_v1,0,0,0,1,0,0,0,0
Nykaa मा सदस्यता परिवर्तन हाम्रो Facebook पेज बाट मात्र सम्भव छ,obstruction,obstruction,ne,a,support_link,[TAG=a] [ROLE=support_link] Nykaa मा सदस्यता परिवर्तन हाम्रो Facebook पेज बाट मात्र सम्भव छ,obstruction:ne:18,synthetic_v1,0,0,0,1,0,0,0,0
राइस कुकर एक्सचेंज अनुरोध केवल हमारा Facebook पेज से होगा,obstruction,obstruction,hi,p,help_text,[TAG=p] [ROLE=help_text] राइस कुकर एक्सचेंज अनुरोध केवल हमारा Facebook पेज से होगा,obstruction:hi:25,synthetic_v1,0,0,0,1,0,0,0,0
Reliance Digital मा प्रिमियम प्लान डाउनग्रेड गर्न हाम्रो Facebook पेज मा सम्पर्क गर्नुहोस्,obstruction,obstruction,ne,div,modal_text,[TAG=div] [ROLE=modal_text] Reliance Digital मा प्रिमियम प्लान डाउनग्रेड गर्न हाम्रो Facebook पेज मा सम्पर्क गर्नुहोस्,obstruction:ne:26,synthetic_v1,0,0,0,1,0,0,0,0
रिफन्ड 7 दिनको समीक्षापछि मात्र हुनेछ,obstruction,obstruction,ne,a,support_link,[TAG=a] [ROLE=support_link] रिफन्ड 7 दिनको समीक्षापछि मात्र हुनेछ,obstruction:ne:11,synthetic_v1,0,0,0,1,0,0,0,0
Subscription changes at Myntra are only possible via our email desk,obstruction,obstruction,en,div,modal_text,[TAG=div] [ROLE=modal_text] Subscription changes at Myntra are only possible via our email desk,obstruction:en:18,synthetic_v1,0,0,0,1,0,0,0,0
smartwatch exchange requests go through our support line only,obstruction,obstruction,en,div,modal_text,[TAG=div] [ROLE=modal_text] smartwatch exchange requests go through our support line only,obstruction:en:25,synthetic_v1,0,0,0,1,0,0,0,0
sports sandals exchange requests go through live chat only,obstruction,obstruction,en,a,support_link,[TAG=a] [ROLE=support_link] sports sandals exchange requests go through live chat only,obstruction:en:25,synthetic_v1,0,0,0,1,0,0,0,0
JioMart पर प्लस प्लान डाउनग्रेड करने के लिए हमारी हेल्पलाइन से संपर्क करें,obstruction,obstruction,hi,a,support_link,[TAG=a] [ROLE=support_link] JioMart पर प्लस प्लान डाउनग्रेड करने के लिए हमारी हेल्पलाइन से संपर्क करें,obstruction:hi:26,synthetic_v1,0,0,0,1,0,0,0,0
HamroBazar डाटा हटाउन हाम्रो हेल्पलाइन लाई लिखित अनुरोध पठाउनुहोस्,obstruction,obstruction,ne,div,modal_text,[TAG=div] [ROLE=modal_text] HamroBazar डाटा हटाउन हाम्रो हेल्पलाइन लाई लिखित अनुरोध पठाउनुहोस्,obstruction:ne:24,synthetic_v1,0,0,0,1,0,0,0,0
Subscription changes at Tata Cliq are only possible via our support line,obstruction,obstruction,en,div,modal_text,[TAG=div] [ROLE=modal_text] Subscription changes at Tata Cliq are only possible via our support line,obstruction:en:18,synthetic_v1,0,0,0,1,0,0,0,0
SastoDeal ऑर्डर रद्द करने के लिए कॉल सेंटर से संपर्क करें,obstruction,obstruction,hi,a,support_link,[TAG=a] [ROLE=support_link] SastoDeal ऑर्डर रद्द करने के लिए कॉल सेंटर से संपर्क करें,obstruction:hi:15,synthetic_v1,0,0,0,1,0,0,0,0
Reliance Digital मा गोल्ड प्लान डाउनग्रेड गर्न लाइभ च्याट मा सम्पर्क गर्नुहोस्,obstruction,obstruction,ne,div,modal_text,[TAG=div] [ROLE=modal_text] Reliance Digital मा गोल्ड प्लान डाउनग्रेड गर्न लाइभ च्याट मा सम्पर्क गर्नुहोस्,obstruction:ne:26,synthetic_v1,0,0,0,1,0,0,0,0
Your Myntra refund needs approval from our Facebook page,obstruction,obstruction,en,p,help_text,[TAG=p] [ROLE=help_text] Your Myntra refund needs approval from our Facebook page,obstruction:en:23,synthetic_v1,0,0,0,1,0,0,0,0
Myntra खाता बन्द गर्न हाम्रो WhatsApp नम्बर लाई लेख्नुहोस्,obstruction,obstruction,ne,a,support_link,[TAG=a] [ROLE=support_link] Myntra खाता बन्द गर्न हाम्रो WhatsApp नम्बर लाई लेख्नुहोस्,obstruction:ne:17,synthetic_v1,0,0,0,1,0,0,0,0
योगा म्याट सट्टा अनुरोध लाइभ च्याट बाट मात्र हुन्छ,obstruction,obstruction,ne,p,help_text,[TAG=p] [ROLE=help_text] योगा म्याट सट्टा अनुरोध लाइभ च्याट बाट मात्र हुन्छ,obstruction:ne:25,synthetic_v1,0,0,0,1,0,0,0,0
Myntra अर्डर रद्द गर्न हाम्रो Viber सपोर्ट मा सम्पर्क गर्नुहोस्,obstruction,obstruction,ne,a,support_link,[TAG=a] [ROLE=support_link] Myntra अर्डर रद्द गर्न हाम्रो Viber सपोर्ट मा सम्पर्क गर्नुहोस्,obstruction:ne:15,synthetic_v1,0,0,0,1,0,0,0,0
गेमिंग माउस का रिफंड लाइव चैट के ज़रिये ही मांगें,obstruction,obstruction,hi,div,modal_text,[TAG=div] [ROLE=modal_text] गेमिंग माउस का रिफंड लाइव चैट के ज़रिये ही मांगें,obstruction:hi:16,synthetic_v1,0,0,0,1,0,0,0,0
Blinkit मा प्राइम प्लान डाउनग्रेड गर्न लाइभ च्याट मा सम्पर्क गर्नुहोस्,obstruction,obstruction,ne,div,modal_text,[TAG=div] [ROLE=modal_text] Blinkit मा प्राइम प्लान डाउनग्रेड गर्न लाइभ च्याट मा सम्पर्क गर्नुहोस्,obstruction:ne:26,synthetic_v1,0,0,0,1,0,0,0,0
Refunds are processed only after 2 days of review,obstruction,obstruction,en,p,help_text,[TAG=p] [ROLE=help_text] Refunds are processed only after 2 days of review,obstruction:en:11,synthetic_v1,0,0,0,1,0,0,0,0
formal shirt exchange requests go through our helpline only,obstruction,obstruction,en,p,help_text,[TAG=p] [ROLE=help_text] formal shirt exchange requests go through our helpline only,obstruction:en:25,synthetic_v1,0,0,0,1,0,0,0,0
स्टडी लैंप का रिफंड लाइव चैट के ज़रिये ही मांगें,obstruction,obstruction,hi,a,support_link,[TAG=a] [ROLE=support_link] स्टडी लैंप का रिफंड लाइव चैट के ज़रिये ही मांगें,obstruction:hi:16,synthetic_v1,0,0,0,1,0,0,0,0
Your Zepto refund needs approval from our helpline,obstruction,obstruction,en,p,help_text,[TAG=p] [ROLE=help_text] Your Zepto refund needs approval from our helpline,obstruction:en:23,synthetic_v1,0,0,0,1,0,0,0,0
Amazon मा सदस्यता परिवर्तन हाम्रो इमेल डेस्क बाट मात्र सम्भव छ,obstruction,obstruction,ne,a,support_link,[TAG=a] [ROLE=support_link] Amazon मा सदस्यता परिवर्तन हाम्रो इमेल डेस्क बाट मात्र सम्भव छ,obstruction:ne:18,synthetic_v1,0,0,0,1,0,0,0,0
"To cancel your BigBasket order, contact the call centre",obstruction,obstruction,en,a,support_link,"[TAG=a] [ROLE=support_link] To cancel your BigBasket order, contact the call centre",obstruction:en:15,synthetic_v1,0,0,0,1,0,0,0,0
ऑटो-रिन्यूअल बंद करने के लिए 7 दिन में हमारा सपोर्ट नंबर से संपर्क करें,obstruction,obstruction,hi,a,support_link,[TAG=a] [ROLE=support_link] ऑटो-रिन्यूअल बंद करने के लिए 7 दिन में हमारा सपोर्ट नंबर से संपर्क करें,obstruction:hi:21,synthetic_v1,0,0,0,1,0,0,0,0
Daraz अर्डर रद्द गर्न हाम्रो सपोर्ट नम्बर मा सम्पर्क गर्नुहोस्,obstruction,obstruction,ne,p,help_text,[TAG=p] [ROLE=help_text] Daraz अर्डर रद्द गर्न हाम्रो सपोर्ट नम्बर मा सम्पर्क गर्नुहोस्,obstruction:ne:15,synthetic_v1,0,0,0,1,0,0,0,0
FirstCry डेटा हटाने के लिए हमारा WhatsApp नंबर को लिखित अनुरोध भेजें,obstruction,obstruction,hi,a,support_link,[TAG=a] [ROLE=support_link] FirstCry डेटा हटाने के लिए हमारा WhatsApp नंबर को लिखित अनुरोध भेजें,obstruction:hi:24,synthetic_v1,0,0,0,1,0,0,0,0
"To cancel your Kinbech order, contact our support line",obstruction,obstruction,en,a,support_link,"[TAG=a] [ROLE=support_link] To cancel your Kinbech order, contact our support line",obstruction:en:15,synthetic_v1,0,0,0,1,0,0,0,0
Deleting your HamroBazar data requires a written request to our helpline,obstruction,obstruction,en,p,help_text,[TAG=p] [ROLE=help_text] Deleting your HamroBazar data requires a written request to our helpline,obstruction:en:24,synthetic_v1,0,0,0,1,0,0,0,0
फर्मल सर्ट अर्डरबाट हटाउन हाम्रो WhatsApp नम्बर मा सम्पर्क गर्नुहोस्,obstruction,obstruction,ne,a,support_link,[TAG=a] [ROLE=support_link] फर्मल सर्ट अर्डरबाट हटाउन हाम्रो WhatsApp नम्बर मा सम्पर्क गर्नुहोस्,obstruction:ne:19,synthetic_v1,0,0,0,1,0,0,0,0
"To close your Nykaa account, write to our Viber support",obstruction,obstruction,en,div,modal_text,"[TAG=div] [ROLE=modal_text] To close your Nykaa account, write to our Viber support",obstruction:en:17,synthetic_v1,0,0,0,1,0,0,0,0
Manage your plan by visiting our desktop site,obstruction,obstruction,en,p,help_text,[TAG=p] [ROLE=help_text] Manage your plan by visiting our desktop site,obstruction:en:09,synthetic_v1,0,0,0,1,0,0,0,0
OkDam खाता बंद करने के लिए हमारा Viber सपोर्ट को लिखें,obstruction,obstruction,hi,p,help_text,[TAG=p] [ROLE=help_text] OkDam खाता बंद करने के लिए हमारा Viber सपोर्ट को लिखें,obstruction:hi:17,synthetic_v1,0,0,0,1,0,0,0,0
Blinkit ऑर्डर रद्द करने के लिए हमारा Viber सपोर्ट से संपर्क करें,obstruction,obstruction,hi,p,help_text,[TAG=p] [ROLE=help_text] Blinkit ऑर्डर रद्द करने के लिए हमारा Viber सपोर्ट से संपर्क करें,obstruction:hi:15,synthetic_v1,0,0,0,1,0,0,0,0
"To close your Thulo account, write to our Facebook page",obstruction,obstruction,en,div,modal_text,"[TAG=div] [ROLE=modal_text] To close your Thulo account, write to our Facebook page",obstruction:en:17,synthetic_v1,0,0,0,1,0,0,0,0
Zepto रिफंड के लिए लाइव चैट की मंज़ूरी चाहिए,obstruction,obstruction,hi,div,modal_text,[TAG=div] [ROLE=modal_text] Zepto रिफंड के लिए लाइव चैट की मंज़ूरी चाहिए,obstruction:hi:23,synthetic_v1,0,0,0,1,0,0,0,0
"To close your JioMart account, write to our helpline",obstruction,obstruction,en,div,modal_text,"[TAG=div] [ROLE=modal_text] To close your JioMart account, write to our helpline",obstruction:en:17,synthetic_v1,0,0,0,1,0,0,0,0
Zepto अर्डर रद्द गर्न हाम्रो Facebook पेज मा सम्पर्क गर्नुहोस्,obstruction,obstruction,ne,div,modal_text,[TAG=div] [ROLE=modal_text] Zepto अर्डर रद्द गर्न हाम्रो Facebook पेज मा सम्पर्क गर्नुहोस्,obstruction:ne:15,synthetic_v1,0,0,0,1,0,0,0,0
Zepto मा प्रिमियम प्लान डाउनग्रेड गर्न हाम्रो इमेल डेस्क मा सम्पर्क गर्नुहोस्,obstruction,obstruction,ne,div,modal_text,[TAG=div] [ROLE=modal_text] Zepto मा प्रिमियम प्लान डाउनग्रेड गर्न हाम्रो इमेल डेस्क मा सम्पर्क गर्नुहोस्,obstruction:ne:26,synthetic_v1,0,0,0,1,0,0,0,0
ऑटो-रिन्यूअल बंद करने के लिए 12 दिन में हमारा WhatsApp नंबर से संपर्क करें,obstruction,obstruction,hi,p,help_text,[TAG=p] [ROLE=help_text] ऑटो-रिन्यूअल बंद करने के लिए 12 दिन में हमारा WhatsApp नंबर से संपर्क करें,obstruction:hi:21,synthetic_v1,0,0,0,1,0,0,0,0
"To stop auto-renewal, contact live chat within 5 days",obstruction,obstruction,en,a,support_link,"[TAG=a] [ROLE=support_link] To stop auto-renewal, contact live chat within 5 days",obstruction:en:21,synthetic_v1,0,0,0,1,0,0,0,0
Myntra मा सदस्यता परिवर्तन हाम्रो हेल्पलाइन बाट मात्र सम्भव छ,obstruction,obstruction,ne,div,modal_text,[TAG=div] [ROLE=modal_text] Myntra मा सदस्यता परिवर्तन हाम्रो हेल्पलाइन बाट मात्र सम्भव छ,obstruction:ne:18,synthetic_v1,0,0,0,1,0,0,0,0
"To cancel your JioMart order, contact our Viber support",obstruction,obstruction,en,a,support_link,"[TAG=a] [ROLE=support_link] To cancel your JioMart order, contact our Viber support",obstruction:en:15,synthetic_v1,0,0,0,1,0,0,0,0
ऑटो-रिन्यूअल बंद करने के लिए 6 दिन में हमारी हेल्पलाइन से संपर्क करें,obstruction,obstruction,hi,div,modal_text,[TAG=div] [ROLE=modal_text] ऑटो-रिन्यूअल बंद करने के लिए 6 दिन में हमारी हेल्पलाइन से संपर्क करें,obstruction:hi:21,synthetic_v1,0,0,0,1,0,0,0,0
Zepto रिफन्डका लागि लाइभ च्याट को स्वीकृति चाहिन्छ,obstruction,obstruction,ne,div,modal_text,[TAG=div] [ROLE=modal_text] Zepto रिफन्डका लागि लाइभ च्याट को स्वीकृति चाहिन्छ,obstruction:ne:23,synthetic_v1,0,0,0,1,0,0,0,0
Refunds for study lamp must be requested through our support line,obstruction,obstruction,en,a,support_link,[TAG=a] [ROLE=support_link] Refunds for study lamp must be requested through our support line,obstruction:en:16,synthetic_v1,0,0,0,1,0,0,0,0
Flipkart रद्दीकरण के लिए हमारा WhatsApp नंबर से सत्यापन ज़रूरी है,obstruction,obstruction,hi,a,support_link,[TAG=a] [ROLE=support_link] Flipkart रद्दीकरण के लिए हमारा WhatsApp नंबर से सत्यापन ज़रूरी है,obstruction:hi:20,synthetic_v1,0,0,0,1,0,0,0,0
Reach live chat to remove smartwatch from your order,obstruction,obstruction,en,p,help_text,[TAG=p] [ROLE=help_text] Reach live chat to remove smartwatch from your order,obstruction:en:19,synthetic_v1,0,0,0,1,0,0,0,0
Returning formal shirt? Please call the call centre first,obstruction,obstruction,en,p,help_text,[TAG=p] [ROLE=help_text] Returning formal shirt? Please call the call centre first,obstruction:en:22,synthetic_v1,0,0,0,1,0,0,0,0
Subscription changes at OkDam are only possible via the call centre,obstruction,obstruction,en,div,modal_text,[TAG=div] [ROLE=modal_text] Subscription changes at OkDam are only possible via the call centre,obstruction:en:18,synthetic_v1,0,0,0,1,0,0,0,0
ल्यापटप ब्याग फिर्ता गर्नु छ? पहिले हाम्रो सपोर्ट नम्बर मा फोन गर्नुहोस्,obstruction,obstruction,ne,a,support_link,[TAG=a] [ROLE=support_link] ल्यापटप ब्याग फिर्ता गर्नु छ? पहिले हाम्रो सपोर्ट नम्बर मा फोन गर्नुहोस्,obstruction:ne:22,synthetic_v1,0,0,0,1,0,0,0,0
रनिंग शूज़ का रिफंड हमारा Viber सपोर्ट के ज़रिये ही मांगें,obstruction,obstruction,hi,div,modal_text,[TAG=div] [ROLE=modal_text] रनिंग शूज़ का रिफंड हमारा Viber सपोर्ट के ज़रिये ही मांगें,obstruction:hi:16,synthetic_v1,0,0,0,1,0,0,0,0
Myntra रद्दीकरण के लिए हमारा ईमेल डेस्क से सत्यापन ज़रूरी है,obstruction,obstruction,hi,div,modal_text,[TAG=div] [ROLE=modal_text] Myntra रद्दीकरण के लिए हमारा ईमेल डेस्क से सत्यापन ज़रूरी है,obstruction:hi:20,synthetic_v1,0,0,0,1,0,0,0,0
"To cancel your FirstCry order, contact our Viber support",obstruction,obstruction,en,a,support_link,"[TAG=a] [ROLE=support_link] To cancel your FirstCry order, contact our Viber support",obstruction:en:15,synthetic_v1,0,0,0,1,0,0,0,0
Lenskart रिफंड के लिए लाइव चैट की मंज़ूरी चाहिए,obstruction,obstruction,hi,a,support_link,[TAG=a] [ROLE=support_link] Lenskart रिफंड के लिए लाइव चैट की मंज़ूरी चाहिए,obstruction:hi:23,synthetic_v1,0,0,0,1,0,0,0,0
स्वतः नवीकरण बन्द गर्न 7 दिनभित्र हाम्रो इमेल डेस्क मा सम्पर्क गर्नुहोस्,obstruction,obstruction,ne,div,modal_text,[TAG=div] [ROLE=modal_text] स्वतः नवीकरण बन्द गर्न 7 दिनभित्र हाम्रो इमेल डेस्क मा सम्पर्क गर्नुहोस्,obstruction:ne:21,synthetic_v1,0,0,0,1,0,0,0,0
OkDam पर सब्सक्रिप्शन बदलाव केवल हमारी हेल्पलाइन से संभव है,obstruction,obstruction,hi,p,help_text,[TAG=p] [ROLE=help_text] OkDam पर सब्सक्रिप्शन बदलाव केवल हमारी हेल्पलाइन से संभव है,obstruction:hi:18,synthetic_v1,0,0,0,1,0,0,0,0
Pepperfry खाता बंद करने के लिए हमारा WhatsApp नंबर को लिखें,obstruction,obstruction,hi,div,modal_text,[TAG=div] [ROLE=modal_text] Pepperfry खाता बंद करने के लिए हमारा WhatsApp नंबर को लिखें,obstruction:hi:17,synthetic_v1,0,0,0,1,0,0,0,0
"To cancel your Daraz order, contact our WhatsApp number",obstruction,obstruction,en,a,support_link,"[TAG=a] [ROLE=support_link] To cancel your Daraz order, contact our WhatsApp number",obstruction:en:15,synthetic_v1,0,0,0,1,0,0,0,0
Kinbech पर प्रीमियम प्लान डाउनग्रेड करने के लिए कॉल सेंटर से संपर्क करें,obstruction,obstruction,hi,p,help_text,[TAG=p] [ROLE=help_text] Kinbech पर प्रीमियम प्लान डाउनग्रेड करने के लिए कॉल सेंटर से संपर्क करें,obstruction:hi:26,synthetic_v1,0,0,0,1,0,0,0,0
Blinkit रिफंड के लिए हमारी हेल्पलाइन की मंज़ूरी चाहिए,obstruction,obstruction,hi,p,help_text,[TAG=p] [ROLE=help_text] Blinkit रिफंड के लिए हमारी हेल्पलाइन की मंज़ूरी चाहिए,obstruction:hi:23,synthetic_v1,0,0,0,1,0,0,0,0
JioMart ऑर्डर रद्द करने के लिए हमारा Facebook पेज से संपर्क करें,obstruction,obstruction,hi,div,modal_text,[TAG=div] [ROLE=modal_text] JioMart ऑर्डर रद्द करने के लिए हमारा Facebook पेज से संपर्क करें,obstruction:hi:15,synthetic_v1,0,0,0,1,0,0,0,0
ऑटो-रिन्यूअल बंद करने के लिए 9 दिन में कॉल सेंटर से संपर्क करें,obstruction,obstruction,hi,p,help_text,[TAG=p] [ROLE=help_text] ऑटो-रिन्यूअल बंद करने के लिए 9 दिन में कॉल सेंटर से संपर्क करें,obstruction:hi:21,synthetic_v1,0,0,0,1,0,0,0,0
स्वतः नवीकरण बन्द गर्न 8 दिनभित्र हाम्रो हेल्पलाइन मा सम्पर्क गर्नुहोस्,obstruction,obstruction,ne,p,help_text,[TAG=p] [ROLE=help_text] स्वतः नवीकरण बन्द गर्न 8 दिनभित्र हाम्रो हेल्पलाइन मा सम्पर्क गर्नुहोस्,obstruction:ne:21,synthetic_v1,0,0,0,1,0,0,0,0
Reach our Facebook page to remove winter blanket from your order,obstruction,obstruction,en,div,modal_text,[TAG=div] [ROLE=modal_text] Reach our Facebook page to remove winter blanket from your order,obstruction:en:19,synthetic_v1,0,0,0,1,0,0,0,0
ऑटो-रिन्यूअल बंद करने के लिए 6 दिन में हमारा Facebook पेज से संपर्क करें,obstruction,obstruction,hi,a,support_link,[TAG=a] [ROLE=support_link] ऑटो-रिन्यूअल बंद करने के लिए 6 दिन में हमारा Facebook पेज से संपर्क करें,obstruction:hi:21,synthetic_v1,0,0,0,1,0,0,0,0
Subscription changes at Lenskart are only possible via our support line,obstruction,obstruction,en,div,modal_text,[TAG=div] [ROLE=modal_text] Subscription changes at Lenskart are only possible via our support line,obstruction:en:18,synthetic_v1,0,0,0,1,0,0,0,0
गेमिङ माउस को रिफन्ड हाम्रो Facebook पेज मार्फत मात्र माग्नुहोस्,obstruction,obstruction,ne,div,modal_text,[TAG=div] [ROLE=modal_text] गेमिङ माउस को रिफन्ड हाम्रो Facebook पेज मार्फत मात्र माग्नुहोस्,obstruction:ne:16,synthetic_v1,0,0,0,1,0,0,0,0
"To close your Daraz account, write to our helpline",obstruction,obstruction,en,a,support_link,"[TAG=a] [ROLE=support_link] To close your Daraz account, write to our helpline",obstruction:en:17,synthetic_v1,0,0,0,1,0,0,0,0
डेनिम जिन्स अर्डरबाट हटाउन कल सेन्टर मा सम्पर्क गर्नुहोस्,obstruction,obstruction,ne,a,support_link,[TAG=a] [ROLE=support_link] डेनिम जिन्स अर्डरबाट हटाउन कल सेन्टर मा सम्पर्क गर्नुहोस्,obstruction:ne:19,synthetic_v1,0,0,0,1,0,0,0,0
फर्मल सर्ट सट्टा अनुरोध कल सेन्टर बाट मात्र हुन्छ,obstruction,obstruction,ne,div,modal_text,[TAG=div] [ROLE=modal_text] फर्मल सर्ट सट्टा अनुरोध कल सेन्टर बाट मात्र हुन्छ,obstruction:ne:25,synthetic_v1,0,0,0,1,0,0,0,0
ऑटो-रिन्यूअल बंद करने के लिए 8 दिन में कॉल सेंटर से संपर्क करें,obstruction,obstruction,hi,p,help_text,[TAG=p] [ROLE=help_text] ऑटो-रिन्यूअल बंद करने के लिए 8 दिन में कॉल सेंटर से संपर्क करें,obstruction:hi:21,synthetic_v1,0,0,0,1,0,0,0,0
पक्का हो? रद्द गर्न चरण 1 मा जानुहोस्,obstruction,obstruction,ne,a,support_link,[TAG=a] [ROLE=support_link] पक्का हो? रद्द गर्न चरण 1 मा जानुहोस्,obstruction:ne:10,synthetic_v1,0,0,0,1,0,0,0,0
Ajio रिफंड के लिए हमारी हेल्पलाइन की मंज़ूरी चाहिए,obstruction,obstruction,hi,a,support_link,[TAG=a] [ROLE=support_link] Ajio रिफंड के लिए हमारी हेल्पलाइन की मंज़ूरी चाहिए,obstruction:hi:23,synthetic_v1,0,0,0,1,0,0,0,0
रिफंड 10 दिन की समीक्षा के बाद ही होगा,obstruction,obstruction,hi,a,support_link,[TAG=a] [ROLE=support_link] रिफंड 10 दिन की समीक्षा के बाद ही होगा,obstruction:hi:11,synthetic_v1,0,0,0,1,0,0,0,0
पानी की बोतल का रिफंड हमारा Facebook पेज के ज़रिये ही मांगें,obstruction,obstruction,hi,div,modal_text,[TAG=div] [ROLE=modal_text] पानी की बोतल का रिफंड हमारा Facebook पेज के ज़रिये ही मांगें,obstruction:hi:16,synthetic_v1,0,0,0,1,0,0,0,0
रिफंड के लिए 3 अतिरिक्त चरण पूरे करें,obstruction,obstruction,hi,p,help_text,[TAG=p] [ROLE=help_text] रिफंड के लिए 3 अतिरिक्त चरण पूरे करें,obstruction:hi:04,synthetic_v1,0,0,0,1,0,0,0,0
Kinbech पर सब्सक्रिप्शन बदलाव केवल हमारा Facebook पेज से संभव है,obstruction,obstruction,hi,div,modal_text,[TAG=div] [ROLE=modal_text] Kinbech पर सब्सक्रिप्शन बदलाव केवल हमारा Facebook पेज से संभव है,obstruction:hi:18,synthetic_v1,0,0,0,1,0,0,0,0
"To downgrade your Gold plan at Flipkart, contact live chat",obstruction,obstruction,en,a,support_link,"[TAG=a] [ROLE=support_link] To downgrade your Gold plan at Flipkart, contact live chat",obstruction:en:26,synthetic_v1,0,0,0,1,0,0,0,0
रिफंड के लिए 4 अतिरिक्त चरण पूरे करें,obstruction,obstruction,hi,div,modal_text,[TAG=div] [ROLE=modal_text] रिफंड के लिए 4 अतिरिक्त चरण पूरे करें,obstruction:hi:04,synthetic_v1,0,0,0,1,0,0,0,0
गेमिङ माउस फिर्ता गर्नु छ? पहिले हाम्रो WhatsApp नम्बर मा फोन गर्नुहोस्,obstruction,obstruction,ne,p,help_text,[TAG=p] [ROLE=help_text] गेमिङ माउस फिर्ता गर्नु छ? पहिले हाम्रो WhatsApp नम्बर मा फोन गर्नुहोस्,obstruction:ne:22,synthetic_v1,0,0,0,1,0,0,0,0
Thulo रद्दीकरण के लिए हमारा Viber सपोर्ट से सत्यापन ज़रूरी है,obstruction,obstruction,hi,div,modal_text,[TAG=div] [ROLE=modal_text] Thulo रद्दीकरण के लिए हमारा Viber सपोर्ट से सत्यापन ज़रूरी है,obstruction:hi:20,synthetic_v1,0,0,0,1,0,0,0,0
Gyapu रद्दीकरण के लिए हमारा सपोर्ट नंबर से सत्यापन ज़रूरी है,obstruction,obstruction,hi,a,support_link,[TAG=a] [ROLE=support_link] Gyapu रद्दीकरण के लिए हमारा सपोर्ट नंबर से सत्यापन ज़रूरी है,obstruction:hi:20,synthetic_v1,0,0,0,1,0,0,0,0
Your SastoDeal refund needs approval from our Facebook page,obstruction,obstruction,en,div,modal_text,[TAG=div] [ROLE=modal_text] Your SastoDeal refund needs approval from our Facebook page,obstruction:en:23,synthetic_v1,0,0,0,1,0,0,0,0
"To downgrade your Plus plan at HamroBazar, contact our WhatsApp number",obstruction,obstruction,en,div,modal_text,"[TAG=div] [ROLE=modal_text] To downgrade your Plus plan at HamroBazar, contact our WhatsApp number",obstruction:en:26,synthetic_v1,0,0,0,1,0,0,0,0
Kinbech डेटा हटाने के लिए लाइव चैट को लिखित अनुरोध भेजें,obstruction,obstruction,hi,p,help_text,[TAG=p] [ROLE=help_text] Kinbech डेटा हटाने के लिए लाइव चैट को लिखित अनुरोध भेजें,obstruction:hi:24,synthetic_v1,0,0,0,1,0,0,0,0
Daraz डेटा हटाने के लिए हमारा WhatsApp नंबर को लिखित अनुरोध भेजें,obstruction,obstruction,hi,p,help_text,[TAG=p] [ROLE=help_text] Daraz डेटा हटाने के लिए हमारा WhatsApp नंबर को लिखित अनुरोध भेजें,obstruction:hi:24,synthetic_v1,0,0,0,1,0,0,0,0
ऑफिस चेयर का रिफंड हमारा ईमेल डेस्क के ज़रिये ही मांगें,obstruction,obstruction,hi,p,help_text,[TAG=p] [ROLE=help_text] ऑफिस चेयर का रिफंड हमारा ईमेल डेस्क के ज़रिये ही मांगें,obstruction:hi:16,synthetic_v1,0,0,0,1,0,0,0,0
गेमिंग माउस का रिफंड हमारा Viber सपोर्ट के ज़रिये ही मांगें,obstruction,obstruction,hi,a,support_link,[TAG=a] [ROLE=support_link] गेमिंग माउस का रिफंड हमारा Viber सपोर्ट के ज़रिये ही मांगें,obstruction:hi:16,synthetic_v1,0,0,0,1,0,0,0,0
ऑटो-रिन्यूअल बंद करने के लिए 8 दिन में हमारा WhatsApp नंबर से संपर्क करें,obstruction,obstruction,hi,p,help_text,[TAG=p] [ROLE=help_text] ऑटो-रिन्यूअल बंद करने के लिए 8 दिन में हमारा WhatsApp नंबर से संपर्क करें,obstruction:hi:21,synthetic_v1,0,0,0,1,0,0,0,0
स्वतः नवीकरण बन्द गर्न 6 दिनभित्र कल सेन्टर मा सम्पर्क गर्नुहोस्,obstruction,obstruction,ne,div,modal_text,[TAG=div] [ROLE=modal_text] स्वतः नवीकरण बन्द गर्न 6 दिनभित्र कल सेन्टर मा सम्पर्क गर्नुहोस्,obstruction:ne:21,synthetic_v1,0,0,0,1,0,0,0,0
Refunds for running shoes must be requested through our support line,obstruction,obstruction,en,p,help_text,[TAG=p] [ROLE=help_text] Refunds for running shoes must be requested through our support line,obstruction:en:16,synthetic_v1,0,0,0,1,0,0,0,0
Croma पर सब्सक्रिप्शन बदलाव केवल कॉल सेंटर से संभव है,obstruction,obstruction,hi,a,support_link,[TAG=a] [ROLE=support_link] Croma पर सब्सक्रिप्शन बदलाव केवल कॉल सेंटर से संभव है,obstruction:hi:18,synthetic_v1,0,0,0,1,0,0,0,0
Refunds for coffee maker must be requested through our support line,obstruction,obstruction,en,div,modal_text,[TAG=div] [ROLE=modal_text] Refunds for coffee maker must be requested through our support line,obstruction:en:16,synthetic_v1,0,0,0,1,0,0,0,0
trekking jacket exchange requests go through live chat only,obstruction,obstruction,en,a,support_link,[TAG=a] [ROLE=support_link] trekking jacket exchange requests go through live chat only,obstruction:en:25,synthetic_v1,0,0,0,1,0,0,0,0
अफिस कुर्सी को रिफन्ड हाम्रो Facebook पेज मार्फत मात्र माग्नुहोस्,obstruction,obstruction,ne,p,help_text,[TAG=p] [ROLE=help_text] अफिस कुर्सी को रिफन्ड हाम्रो Facebook पेज मार्फत मात्र माग्नुहोस्,obstruction:ne:16,synthetic_v1,0,0,0,1,0,0,0,0
Lenskart रद्दीकरण के लिए हमारा Viber सपोर्ट से सत्यापन ज़रूरी है,obstruction,obstruction,hi,div,modal_text,[TAG=div] [ROLE=modal_text] Lenskart रद्दीकरण के लिए हमारा Viber सपोर्ट से सत्यापन ज़रूरी है,obstruction:hi:20,synthetic_v1,0,0,0,1,0,0,0,0
JioMart मा सदस्यता परिवर्तन हाम्रो Facebook पेज बाट मात्र सम्भव छ,obstruction,obstruction,ne,div,modal_text,[TAG=div] [ROLE=modal_text] JioMart मा सदस्यता परिवर्तन हाम्रो Facebook पेज बाट मात्र सम्भव छ,obstruction:ne:18,synthetic_v1,0,0,0,1,0,0,0,0
"To close your OkDam account, write to our Viber support",obstruction,obstruction,en,div,modal_text,"[TAG=div] [ROLE=modal_text] To close your OkDam account, write to our Viber support",obstruction:en:17,synthetic_v1,0,0,0,1,0,0,0,0
Tata Cliq मा प्लस प्लान डाउनग्रेड गर्न हाम्रो इमेल डेस्क मा सम्पर्क गर्नुहोस्,obstruction,obstruction,ne,a,support_link,[TAG=a] [ROLE=support_link] Tata Cliq मा प्लस प्लान डाउनग्रेड गर्न हाम्रो इमेल डेस्क मा सम्पर्क गर्नुहोस्,obstruction:ne:26,synthetic_v1,0,0,0,1,0,0,0,0
Tata Cliq cancellations require verification through our Facebook page,obstruction,obstruction,en,a,support_link,[TAG=a] [ROLE=support_link] Tata Cliq cancellations require verification through our Facebook page,obstruction:en:20,synthetic_v1,0,0,0,1,0,0,0,0
गेमिंग माउस लौटाना है? पहले हमारी हेल्पलाइन पर कॉल करें,obstruction,obstruction,hi,a,support_link,[TAG=a] [ROLE=support_link] गेमिंग माउस लौटाना है? पहले हमारी हेल्पलाइन पर कॉल करें,obstruction:hi:22,synthetic_v1,0,0,0,1,0,0,0,0
ब्लूटूथ स्पीकर एक्सचेंज अनुरोध केवल कॉल सेंटर से होगा,obstruction,obstruction,hi,a,support_link,[TAG=a] [ROLE=support_link] ब्लूटूथ स्पीकर एक्सचेंज अनुरोध केवल कॉल सेंटर से होगा,obstruction:hi:25,synthetic_v1,0,0,0,1,0,0,0,0
Deleting your Tata Cliq data requires a written request to our support line,obstruction,obstruction,en,a,support_link,[TAG=a] [ROLE=support_link] Deleting your Tata Cliq data requires a written request to our support line,obstruction:en:24,synthetic_v1,0,0,0,1,0,0,0,0
इंडक्शन चूल्हा को ऑर्डर से हटाने के लिए हमारा Facebook पेज से संपर्क करें,obstruction,obstruction,hi,div,modal_text,[TAG=div] [ROLE=modal_text] इंडक्शन चूल्हा को ऑर्डर से हटाने के लिए हमारा Facebook पेज से संपर्क करें,obstruction:hi:19,synthetic_v1,0,0,0,1,0,0,0,0
"To downgrade your Pro plan at Kinbech, contact live chat",obstruction,obstruction,en,div,modal_text,"[TAG=div] [ROLE=modal_text] To downgrade your Pro plan at Kinbech, contact live chat",obstruction:en:26,synthetic_v1,0,0,0,1,0,0,0,0
Kinbech पर सब्सक्रिप्शन बदलाव केवल हमारा Viber सपोर्ट से संभव है,obstruction,obstruction,hi,a,support_link,[TAG=a] [ROLE=support_link] Kinbech पर सब्सक्रिप्शन बदलाव केवल हमारा Viber सपोर्ट से संभव है,obstruction:hi:18,synthetic_v1,0,0,0,1,0,0,0,0
Thulo रद्दीकरणका लागि हाम्रो WhatsApp नम्बर बाट प्रमाणीकरण आवश्यक छ,obstruction,obstruction,ne,a,support_link,[TAG=a] [ROLE=support_link] Thulo रद्दीकरणका लागि हाम्रो WhatsApp नम्बर बाट प्रमाणीकरण आवश्यक छ,obstruction:ne:20,synthetic_v1,0,0,0,1,0,0,0,0
SastoDeal मा गोल्ड प्लान डाउनग्रेड गर्न हाम्रो Viber सपोर्ट मा सम्पर्क गर्नुहोस्,obstruction,obstruction,ne,p,help_text,[TAG=p] [ROLE=help_text] SastoDeal मा गोल्ड प्लान डाउनग्रेड गर्न हाम्रो Viber सपोर्ट मा सम्पर्क गर्नुहोस्,obstruction:ne:26,synthetic_v1,0,0,0,1,0,0,0,0
ऑटो-रिन्यूअल बंद करने के लिए 8 दिन में हमारा ईमेल डेस्क से संपर्क करें,obstruction,obstruction,hi,div,modal_text,[TAG=div] [ROLE=modal_text] ऑटो-रिन्यूअल बंद करने के लिए 8 दिन में हमारा ईमेल डेस्क से संपर्क करें,obstruction:hi:21,synthetic_v1,0,0,0,1,0,0,0,0
"To close your Zepto account, write to our helpline",obstruction,obstruction,en,a,support_link,"[TAG=a] [ROLE=support_link] To close your Zepto account, write to our helpline",obstruction:en:17,synthetic_v1,0,0,0,1,0,0,0,0
BigBasket रद्दीकरण के लिए हमारी हेल्पलाइन से सत्यापन ज़रूरी है,obstruction,obstruction,hi,a,support_link,[TAG=a] [ROLE=support_link] BigBasket रद्दीकरण के लिए हमारी हेल्पलाइन से सत्यापन ज़रूरी है,obstruction:hi:20,synthetic_v1,0,0,0,1,0,0,0,0
Kinbech मा प्रिमियम प्लान डाउनग्रेड गर्न हाम्रो इमेल डेस्क मा सम्पर्क गर्नुहोस्,obstruction,obstruction,ne,div,modal_text,[TAG=div] [ROLE=modal_text] Kinbech मा प्रिमियम प्लान डाउनग्रेड गर्न हाम्रो इमेल डेस्क मा सम्पर्क गर्नुहोस्,obstruction:ne:26,synthetic_v1,0,0,0,1,0,0,0,0
ऑटो-रिन्यूअल बंद करने के लिए 3 दिन में हमारी हेल्पलाइन से संपर्क करें,obstruction,obstruction,hi,div,modal_text,[TAG=div] [ROLE=modal_text] ऑटो-रिन्यूअल बंद करने के लिए 3 दिन में हमारी हेल्पलाइन से संपर्क करें,obstruction:hi:21,synthetic_v1,0,0,0,1,0,0,0,0
Myntra पर प्रो प्लान डाउनग्रेड करने के लिए हमारी हेल्पलाइन से संपर्क करें,obstruction,obstruction,hi,a,support_link,[TAG=a] [ROLE=support_link] Myntra पर प्रो प्लान डाउनग्रेड करने के लिए हमारी हेल्पलाइन से संपर्क करें,obstruction:hi:26,synthetic_v1,0,0,0,1,0,0,0,0
Reach live chat to remove phone case from your order,obstruction,obstruction,en,a,support_link,[TAG=a] [ROLE=support_link] Reach live chat to remove phone case from your order,obstruction:en:19,synthetic_v1,0,0,0,1,0,0,0,0
पावर ब्यांक फिर्ता गर्नु छ? पहिले हाम्रो Facebook पेज मा फोन गर्नुहोस्,obstruction,obstruction,ne,div,modal_text,[TAG=div] [ROLE=modal_text] पावर ब्यांक फिर्ता गर्नु छ? पहिले हाम्रो Facebook पेज मा फोन गर्नुहोस्,obstruction:ne:22,synthetic_v1,0,0,0,1,0,0,0,0
school bag exchange requests go through our helpline only,obstruction,obstruction,en,p,help_text,[TAG=p] [ROLE=help_text] school bag exchange requests go through our helpline only,obstruction:en:25,synthetic_v1,0,0,0,1,0,0,0,0
पानीको बोतल फिर्ता गर्नु छ? पहिले लाइभ च्याट मा फोन गर्नुहोस्,obstruction,obstruction,ne,div,modal_text,[TAG=div] [ROLE=modal_text] पानीको बोतल फिर्ता गर्नु छ? पहिले लाइभ च्याट मा फोन गर्नुहोस्,obstruction:ne:22,synthetic_v1,0,0,0,1,0,0,0,0
Amazon पर सब्सक्रिप्शन बदलाव केवल हमारा सपोर्ट नंबर से संभव है,obstruction,obstruction,hi,p,help_text,[TAG=p] [ROLE=help_text] Amazon पर सब्सक्रिप्शन बदलाव केवल हमारा सपोर्ट नंबर से संभव है,obstruction:hi:18,synthetic_v1,0,0,0,1,0,0,0,0
रिफंड 2 दिन की समीक्षा के बाद ही होगा,obstruction,obstruction,hi,p,help_text,[TAG=p] [ROLE=help_text] रिफंड 2 दिन की समीक्षा के बाद ही होगा,obstruction:hi:11,synthetic_v1,0,0,0,1,0,0,0,0
पक्का हो? रद्द गर्न चरण 5 मा जानुहोस्,obstruction,obstruction,ne,a,support_link,[TAG=a] [ROLE=support_link] पक्का हो? रद्द गर्न चरण 5 मा जानुहोस्,obstruction:ne:10,synthetic_v1,0,0,0,1,0,0,0,0
Deleting your Daraz data requires a written request to our helpline,obstruction,obstruction,en,p,help_text,[TAG=p] [ROLE=help_text] Deleting your Daraz data requires a written request to our helpline,obstruction:en:24,synthetic_v1,0,0,0,1,0,0,0,0
"To stop auto-renewal, contact our support line within 4 days",obstruction,obstruction,en,a,support_link,"[TAG=a] [ROLE=support_link] To stop auto-renewal, contact our support line within 4 days",obstruction:en:21,synthetic_v1,0,0,0,1,0,0,0,0
Reach the call centre to remove formal shirt from your order,obstruction,obstruction,en,a,support_link,[TAG=a] [ROLE=support_link] Reach the call centre to remove formal shirt from your order,obstruction:en:19,synthetic_v1,0,0,0,1,0,0,0,0
Amazon डेटा हटाने के लिए हमारा ईमेल डेस्क को लिखित अनुरोध भेजें,obstruction,obstruction,hi,div,modal_text,[TAG=div] [ROLE=modal_text] Amazon डेटा हटाने के लिए हमारा ईमेल डेस्क को लिखित अनुरोध भेजें,obstruction:hi:24,synthetic_v1,0,0,0,1,0,0,0,0
योगा म्याट फिर्ता गर्नु छ? पहिले हाम्रो WhatsApp नम्बर मा फोन गर्नुहोस्,obstruction,obstruction,ne,a,support_link,[TAG=a] [ROLE=support_link] योगा म्याट फिर्ता गर्नु छ? पहिले हाम्रो WhatsApp नम्बर मा फोन गर्नुहोस्,obstruction:ne:22,synthetic_v1,0,0,0,1,0,0,0,0
Your Pepperfry refund needs approval from our Viber support,obstruction,obstruction,en,div,modal_text,[TAG=div] [ROLE=modal_text] Your Pepperfry refund needs approval from our Viber support,obstruction:en:23,synthetic_v1,0,0,0,1,0,0,0,0
रिफन्डका लागि 2 थप चरण पूरा गर्नुहोस्,obstruction,obstruction,ne,div,modal_text,[TAG=div] [ROLE=modal_text] रिफन्डका लागि 2 थप चरण पूरा गर्नुहोस्,obstruction:ne:04,synthetic_v1,0,0,0,1,0,0,0,0
Blinkit cancellations require verification through live chat,obstruction,obstruction,en,a,support_link,[TAG=a] [ROLE=support_link] Blinkit cancellations require verification through live chat,obstruction:en:20,synthetic_v1,0,0,0,1,0,0,0,0
Amazon पर प्रो प्लान डाउनग्रेड करने के लिए हमारी हेल्पलाइन से संपर्क करें,obstruction,obstruction,hi,div,modal_text,[TAG=div] [ROLE=modal_text] Amazon पर प्रो प्लान डाउनग्रेड करने के लिए हमारी हेल्पलाइन से संपर्क करें,obstruction:hi:26,synthetic_v1,0,0,0,1,0,0,0,0
Amazon पर गोल्ड प्लान डाउनग्रेड करने के लिए हमारा Viber सपोर्ट से संपर्क करें,obstruction,obstruction,hi,p,help_text,[TAG=p] [ROLE=help_text] Amazon पर गोल्ड प्लान डाउनग्रेड करने के लिए हमारा Viber सपोर्ट से संपर्क करें,obstruction:hi:26,synthetic_v1,0,0,0,1,0,0,0,0
JioMart रद्दीकरण के लिए हमारा सपोर्ट नंबर से सत्यापन ज़रूरी है,obstruction,obstruction,hi,div,modal_text,[TAG=div] [ROLE=modal_text] JioMart रद्दीकरण के लिए हमारा सपोर्ट नंबर से सत्यापन ज़रूरी है,obstruction:hi:20,synthetic_v1,0,0,0,1,0,0,0,0
डेनिम जिन्स फिर्ता गर्नु छ? पहिले लाइभ च्याट मा फोन गर्नुहोस्,obstruction,obstruction,ne,div,modal_text,[TAG=div] [ROLE=modal_text] डेनिम जिन्स फिर्ता गर्नु छ? पहिले लाइभ च्याट मा फोन गर्नुहोस्,obstruction:ne:22,synthetic_v1,0,0,0,1,0,0,0,0
noise cancelling headphones exchange requests go through our Facebook page only,obstruction,obstruction,en,p,help_text,[TAG=p] [ROLE=help_text] noise cancelling headphones exchange requests go through our Facebook page only,obstruction:en:25,synthetic_v1,0,0,0,1,0,0,0,0
पावर ब्यांक को रिफन्ड हाम्रो Facebook पेज मार्फत मात्र माग्नुहोस्,obstruction,obstruction,ne,a,support_link,[TAG=a] [ROLE=support_link] पावर ब्यांक को रिफन्ड हाम्रो Facebook पेज मार्फत मात्र माग्नुहोस्,obstruction:ne:16,synthetic_v1,0,0,0,1,0,0,0,0
योगा मैट को ऑर्डर से हटाने के लिए हमारा WhatsApp नंबर से संपर्क करें,obstruction,obstruction,hi,a,support_link,[TAG=a] [ROLE=support_link] योगा मैट को ऑर्डर से हटाने के लिए हमारा WhatsApp नंबर से संपर्क करें,obstruction:hi:19,synthetic_v1,0,0,0,1,0,0,0,0
Ajio रिफन्डका लागि हाम्रो इमेल डेस्क को स्वीकृति चाहिन्छ,obstruction,obstruction,ne,a,support_link,[TAG=a] [ROLE=support_link] Ajio रिफन्डका लागि हाम्रो इमेल डेस्क को स्वीकृति चाहिन्छ,obstruction:ne:23,synthetic_v1,0,0,0,1,0,0,0,0
Flipkart रिफन्डका लागि कल सेन्टर को स्वीकृति चाहिन्छ,obstruction,obstruction,ne,div,modal_text,[TAG=div] [ROLE=modal_text] Flipkart रिफन्डका लागि कल सेन्टर को स्वीकृति चाहिन्छ,obstruction:ne:23,synthetic_v1,0,0,0,1,0,0,0,0
JioMart डाटा हटाउन हाम्रो WhatsApp नम्बर लाई लिखित अनुरोध पठाउनुहोस्,obstruction,obstruction,ne,p,help_text,[TAG=p] [ROLE=help_text] JioMart डाटा हटाउन हाम्रो WhatsApp नम्बर लाई लिखित अनुरोध पठाउनुहोस्,obstruction:ne:24,synthetic_v1,0,0,0,1,0,0,0,0
Blinkit मा गोल्ड प्लान डाउनग्रेड गर्न हाम्रो Facebook पेज मा सम्पर्क गर्नुहोस्,obstruction,obstruction,ne,div,modal_text,[TAG=div] [ROLE=modal_text] Blinkit मा गोल्ड प्लान डाउनग्रेड गर्न हाम्रो Facebook पेज मा सम्पर्क गर्नुहोस्,obstruction:ne:26,synthetic_v1,0,0,0,1,0,0,0,0
Ajio ऑर्डर रद्द करने के लिए हमारा Viber सपोर्ट से संपर्क करें,obstruction,obstruction,hi,p,help_text,[TAG=p] [ROLE=help_text] Ajio ऑर्डर रद्द करने के लिए हमारा Viber सपोर्ट से संपर्क करें,obstruction:hi:15,synthetic_v1,0,0,0,1,0,0,0,0
"To close your SastoDeal account, write to our Viber support",obstruction,obstruction,en,p,help_text,"[TAG=p] [ROLE=help_text] To close your SastoDeal account, write to our Viber support",obstruction:en:17,synthetic_v1,0,0,0,1,0,0,0,0
इन्डक्सन चुल्हो को रिफन्ड हाम्रो WhatsApp नम्बर मार्फत मात्र माग्नुहोस्,obstruction,obstruction,ne,a,support_link,[TAG=a] [ROLE=support_link] इन्डक्सन चुल्हो को रिफन्ड हाम्रो WhatsApp नम्बर मार्फत मात्र माग्नुहोस्,obstruction:ne:16,synthetic_v1,0,0,0,1,0,0,0,0
Snapdeal रद्दीकरणका लागि हाम्रो हेल्पलाइन बाट प्रमाणीकरण आवश्यक छ,obstruction,obstruction,ne,a,support_link,[TAG=a] [ROLE=support_link] Snapdeal रद्दीकरणका लागि हाम्रो हेल्पलाइन बाट प्रमाणीकरण आवश्यक छ,obstruction:ne:20,synthetic_v1,0,0,0,1,0,0,0,0
पानी की बोतल लौटाना है? पहले हमारा Viber सपोर्ट पर कॉल करें,obstruction,obstruction,hi,a,support_link,[TAG=a] [ROLE=support_link] पानी की बोतल लौटाना है? पहले हमारा Viber सपोर्ट पर कॉल करें,obstruction:hi:22,synthetic_v1,0,0,0,1,0,0,0,0
OkDam डेटा हटाने के लिए लाइव चैट को लिखित अनुरोध भेजें,obstruction,obstruction,hi,a,support_link,[TAG=a] [ROLE=support_link] OkDam डेटा हटाने के लिए लाइव चैट को लिखित अनुरोध भेजें,obstruction:hi:24,synthetic_v1,0,0,0,1,0,0,0,0
कॉटन कुर्ता लौटाना है? पहले हमारा ईमेल डेस्क पर कॉल करें,obstruction,obstruction,hi,a,support_link,[TAG=a] [ROLE=support_link] कॉटन कुर्ता लौटाना है? पहले हमारा ईमेल डेस्क पर कॉल करें,obstruction:hi:22,synthetic_v1,0,0,0,1,0,0,0,0
BigBasket डेटा हटाने के लिए हमारा Facebook पेज को लिखित अनुरोध भेजें,obstruction,obstruction,hi,div,modal_text,[TAG=div] [ROLE=modal_text] BigBasket डेटा हटाने के लिए हमारा Facebook पेज को लिखित अनुरोध भेजें,obstruction:hi:24,synthetic_v1,0,0,0,1,0,0,0,0
Refunds for bluetooth speaker must be requested through the call centre,obstruction,obstruction,en,p,help_text,[TAG=p] [ROLE=help_text] Refunds for bluetooth speaker must be requested through the call centre,obstruction:en:16,synthetic_v1,0,0,0,1,0,0,0,0
नॉइज़ कैंसलिंग हेडफोन का रिफंड लाइव चैट के ज़रिये ही मांगें,obstruction,obstruction,hi,a,support_link,[TAG=a] [ROLE=support_link] नॉइज़ कैंसलिंग हेडफोन का रिफंड लाइव चैट के ज़रिये ही मांगें,obstruction:hi:16,synthetic_v1,0,0,0,1,0,0,0,0
HamroBazar मा प्लस प्लान डाउनग्रेड गर्न हाम्रो WhatsApp नम्बर मा सम्पर्क गर्नुहोस्,obstruction,obstruction,ne,div,modal_text,[TAG=div] [ROLE=modal_text] HamroBazar मा प्लस प्लान डाउनग्रेड गर्न हाम्रो WhatsApp नम्बर मा सम्पर्क गर्नुहोस्,obstruction:ne:26,synthetic_v1,0,0,0,1,0,0,0,0
"To close your OkDam account, write to our email desk",obstruction,obstruction,en,a,support_link,"[TAG=a] [ROLE=support_link] To close your OkDam account, write to our email desk",obstruction:en:17,synthetic_v1,0,0,0,1,0,0,0,0
"To close your Snapdeal account, write to our WhatsApp number",obstruction,obstruction,en,div,modal_text,"[TAG=div] [ROLE=modal_text] To close your Snapdeal account, write to our WhatsApp number",obstruction:en:17,synthetic_v1,0,0,0,1,0,0,0,0
BigBasket अर्डर रद्द गर्न हाम्रो Viber सपोर्ट मा सम्पर्क गर्नुहोस्,obstruction,obstruction,ne,a,support_link,[TAG=a] [ROLE=support_link] BigBasket अर्डर रद्द गर्न हाम्रो Viber सपोर्ट मा सम्पर्क गर्नुहोस्,obstruction:ne:15,synthetic_v1,0,0,0,1,0,0,0,0
स्वतः नवीकरण बन्द गर्न 3 दिनभित्र कल सेन्टर मा सम्पर्क गर्नुहोस्,obstruction,obstruction,ne,a,support_link,[TAG=a] [ROLE=support_link] स्वतः नवीकरण बन्द गर्न 3 दिनभित्र कल सेन्टर मा सम्पर्क गर्नुहोस्,obstruction:ne:21,synthetic_v1,0,0,0,1,0,0,0,0
"To cancel your Zepto order, contact the call centre",obstruction,obstruction,en,p,help_text,"[TAG=p] [ROLE=help_text] To cancel your Zepto order, contact the call centre",obstruction:en:15,synthetic_v1,0,0,0,1,0,0,0,0
BigBasket रद्दीकरणका लागि लाइभ च्याट बाट प्रमाणीकरण आवश्यक छ,obstruction,obstruction,ne,a,support_link,[TAG=a] [ROLE=support_link] BigBasket रद्दीकरणका लागि लाइभ च्याट बाट प्रमाणीकरण आवश्यक छ,obstruction:ne:20,synthetic_v1,0,0,0,1,0,0,0,0
Pepperfry मा प्रिमियम प्लान डाउनग्रेड गर्न हाम्रो Facebook पेज मा सम्पर्क गर्नुहोस्,obstruction,obstruction,ne,p,help_text,[TAG=p] [ROLE=help_text] Pepperfry मा प्रिमियम प्लान डाउनग्रेड गर्न हाम्रो Facebook पेज मा सम्पर्क गर्नुहोस्,obstruction:ne:26,synthetic_v1,0,0,0,1,0,0,0,0
Reach our support line to remove phone case from your order,obstruction,obstruction,en,a,support_link,[TAG=a] [ROLE=support_link] Reach our support line to remove phone case from your order,obstruction:en:19,synthetic_v1,0,0,0,1,0,0,0,0
Lenskart रिफंड के लिए हमारा ईमेल डेस्क की मंज़ूरी चाहिए,obstruction,obstruction,hi,p,help_text,[TAG=p] [ROLE=help_text] Lenskart रिफंड के लिए हमारा ईमेल डेस्क की मंज़ूरी चाहिए,obstruction:hi:23,synthetic_v1,0,0,0,1,0,0,0,0
अनसब्सक्राइब करने के लिए लॉगिन करके प्राथमिकता पेज पर जाएं,obstruction,obstruction,hi,p,help_text,[TAG=p] [ROLE=help_text] अनसब्सक्राइब करने के लिए लॉगिन करके प्राथमिकता पेज पर जाएं,obstruction:hi:03,synthetic_v1,0,0,0,1,0,0,0,0
"To stop auto-renewal, contact our helpline within 3 days",obstruction,obstruction,en,p,help_text,"[TAG=p] [ROLE=help_text] To stop auto-renewal, contact our helpline within 3 days",obstruction:en:21,synthetic_v1,0,0,0,1,0,0,0,0
Reliance Digital रिफंड के लिए हमारी हेल्पलाइन की मंज़ूरी चाहिए,obstruction,obstruction,hi,a,support_link,[TAG=a] [ROLE=support_link] Reliance Digital रिफंड के लिए हमारी हेल्पलाइन की मंज़ूरी चाहिए,obstruction:hi:23,synthetic_v1,0,0,0,1,0,0,0,0
स्कुल ब्याग फिर्ता गर्नु छ? पहिले हाम्रो हेल्पलाइन मा फोन गर्नुहोस्,obstruction,obstruction,ne,div,modal_text,[TAG=div] [ROLE=modal_text] स्कुल ब्याग फिर्ता गर्नु छ? पहिले हाम्रो हेल्पलाइन मा फोन गर्नुहोस्,obstruction:ne:22,synthetic_v1,0,0,0,1,0,0,0,0
इलेक्ट्रिक केतली सट्टा अनुरोध लाइभ च्याट बाट मात्र हुन्छ,obstruction,obstruction,ne,p,help_text,[TAG=p] [ROLE=help_text] इलेक्ट्रिक केतली सट्टा अनुरोध लाइभ च्याट बाट मात्र हुन्छ,obstruction:ne:25,synthetic_v1,0,0,0,1,0,0,0,0
Thulo रिफन्डका लागि हाम्रो Facebook पेज को स्वीकृति चाहिन्छ,obstruction,obstruction,ne,div,modal_text,[TAG=div] [ROLE=modal_text] Thulo रिफन्डका लागि हाम्रो Facebook पेज को स्वीकृति चाहिन्छ,obstruction:ne:23,synthetic_v1,0,0,0,1,0,0,0,0
JioMart मा गोल्ड प्लान डाउनग्रेड गर्न हाम्रो WhatsApp नम्बर मा सम्पर्क गर्नुहोस्,obstruction,obstruction,ne,p,help_text,[TAG=p] [ROLE=help_text] JioMart मा गोल्ड प्लान डाउनग्रेड गर्न हाम्रो WhatsApp नम्बर मा सम्पर्क गर्नुहोस्,obstruction:ne:26,synthetic_v1,0,0,0,1,0,0,0,0
Thulo डेटा हटाने के लिए हमारा सपोर्ट नंबर को लिखित अनुरोध भेजें,obstruction,obstruction,hi,div,modal_text,[TAG=div] [ROLE=modal_text] Thulo डेटा हटाने के लिए हमारा सपोर्ट नंबर को लिखित अनुरोध भेजें,obstruction:hi:24,synthetic_v1,0,0,0,1,0,0,0,0
ब्लुटुथ स्पिकर को रिफन्ड लाइभ च्याट मार्फत मात्र माग्नुहोस्,obstruction,obstruction,ne,div,modal_text,[TAG=div] [ROLE=modal_text] ब्लुटुथ स्पिकर को रिफन्ड लाइभ च्याट मार्फत मात्र माग्नुहोस्,obstruction:ne:16,synthetic_v1,0,0,0,1,0,0,0,0
Refunds for laptop bag must be requested through our Facebook page,obstruction,obstruction,en,div,modal_text,[TAG=div] [ROLE=modal_text] Refunds for laptop bag must be requested through our Facebook page,obstruction:en:16,synthetic_v1,0,0,0,1,0,0,0,0
Daraz पर सब्सक्रिप्शन बदलाव केवल लाइव चैट से संभव है,obstruction,obstruction,hi,a,support_link,[TAG=a] [ROLE=support_link] Daraz पर सब्सक्रिप्शन बदलाव केवल लाइव चैट से संभव है,obstruction:hi:18,synthetic_v1,0,0,0,1,0,0,0,0
Amazon अर्डर रद्द गर्न हाम्रो Facebook पेज मा सम्पर्क गर्नुहोस्,obstruction,obstruction,ne,a,support_link,[TAG=a] [ROLE=support_link] Amazon अर्डर रद्द गर्न हाम्रो Facebook पेज मा सम्पर्क गर्नुहोस्,obstruction:ne:15,synthetic_v1,0,0,0,1,0,0,0,0
BigBasket खाता बंद करने के लिए हमारी हेल्पलाइन को लिखें,obstruction,obstruction,hi,a,support_link,[TAG=a] [ROLE=support_link] BigBasket खाता बंद करने के लिए हमारी हेल्पलाइन को लिखें,obstruction:hi:17,synthetic_v1,0,0,0,1,0,0,0,0
Salesberry डेटा हटाने के लिए हमारा सपोर्ट नंबर को लिखित अनुरोध भेजें,obstruction,obstruction,hi,p,help_text,[TAG=p] [ROLE=help_text] Salesberry डेटा हटाने के लिए हमारा सपोर्ट नंबर को लिखित अनुरोध भेजें,obstruction:hi:24,synthetic_v1,0,0,0,1,0,0,0,0
Myntra खाता बन्द गर्न हाम्रो Facebook पेज लाई लेख्नुहोस्,obstruction,obstruction,ne,p,help_text,[TAG=p] [ROLE=help_text] Myntra खाता बन्द गर्न हाम्रो Facebook पेज लाई लेख्नुहोस्,obstruction:ne:17,synthetic_v1,0,0,0,1,0,0,0,0
OkDam खाता बंद करने के लिए हमारा WhatsApp नंबर को लिखें,obstruction,obstruction,hi,div,modal_text,[TAG=div] [ROLE=modal_text] OkDam खाता बंद करने के लिए हमारा WhatsApp नंबर को लिखें,obstruction:hi:17,synthetic_v1,0,0,0,1,0,0,0,0
Reliance Digital रद्दीकरण के लिए हमारा सपोर्ट नंबर से सत्यापन ज़रूरी है,obstruction,obstruction,hi,p,help_text,[TAG=p] [ROLE=help_text] Reliance Digital रद्दीकरण के लिए हमारा सपोर्ट नंबर से सत्यापन ज़रूरी है,obstruction:hi:20,synthetic_v1,0,0,0,1,0,0,0,0
Myntra खाता बंद करने के लिए लाइव चैट को लिखें,obstruction,obstruction,hi,a,support_link,[TAG=a] [ROLE=support_link] Myntra खाता बंद करने के लिए लाइव चैट को लिखें,obstruction:hi:17,synthetic_v1,0,0,0,1,0,0,0,0
SastoDeal मा प्लस प्लान डाउनग्रेड गर्न हाम्रो Facebook पेज मा सम्पर्क गर्नुहोस्,obstruction,obstruction,ne,div,modal_text,[TAG=div] [ROLE=modal_text] SastoDeal मा प्लस प्लान डाउनग्रेड गर्न हाम्रो Facebook पेज मा सम्पर्क गर्नुहोस्,obstruction:ne:26,synthetic_v1,0,0,0,1,0,0,0,0
"To downgrade your Prime plan at Croma, contact our Facebook page",obstruction,obstruction,en,div,modal_text,"[TAG=div] [ROLE=modal_text] To downgrade your Prime plan at Croma, contact our Facebook page",obstruction:en:26,synthetic_v1,0,0,0,1,0,0,0,0
Subscription changes at Zepto are only possible via the call centre,obstruction,obstruction,en,div,modal_text,[TAG=div] [ROLE=modal_text] Subscription changes at Zepto are only possible via the call centre,obstruction:en:18,synthetic_v1,0,0,0,1,0,0,0,0
Deleting your Reliance Digital data requires a written request to the call centre,obstruction,obstruction,en,p,help_text,[TAG=p] [ROLE=help_text] Deleting your Reliance Digital data requires a written request to the call centre,obstruction:en:24,synthetic_v1,0,0,0,1,0,0,0,0
Nykaa मा गोल्ड प्लान डाउनग्रेड गर्न हाम्रो Viber सपोर्ट मा सम्पर्क गर्नुहोस्,obstruction,obstruction,ne,div,modal_text,[TAG=div] [ROLE=modal_text] Nykaa मा गोल्ड प्लान डाउनग्रेड गर्न हाम्रो Viber सपोर्ट मा सम्पर्क गर्नुहोस्,obstruction:ne:26,synthetic_v1,0,0,0,1,0,0,0,0
Tata Cliq डाटा हटाउन हाम्रो Facebook पेज लाई लिखित अनुरोध पठाउनुहोस्,obstruction,obstruction,ne,div,modal_text,[TAG=div] [ROLE=modal_text] Tata Cliq डाटा हटाउन हाम्रो Facebook पेज लाई लिखित अनुरोध पठाउनुहोस्,obstruction:ne:24,synthetic_v1,0,0,0,1,0,0,0,0
स्टडी लैंप को ऑर्डर से हटाने के लिए हमारा Viber सपोर्ट से संपर्क करें,obstruction,obstruction,hi,a,support_link,[TAG=a] [ROLE=support_link] स्टडी लैंप को ऑर्डर से हटाने के लिए हमारा Viber सपोर्ट से संपर्क करें,obstruction:hi:19,synthetic_v1,0,0,0,1,0,0,0,0
Myntra रद्दीकरण के लिए लाइव चैट से सत्यापन ज़रूरी है,obstruction,obstruction,hi,div,modal_text,[TAG=div] [ROLE=modal_text] Myntra रद्दीकरण के लिए लाइव चैट से सत्यापन ज़रूरी है,obstruction:hi:20,synthetic_v1,0,0,0,1,0,0,0,0
"To close your Amazon account, write to our helpline",obstruction,obstruction,en,div,modal_text,"[TAG=div] [ROLE=modal_text] To close your Amazon account, write to our helpline",obstruction:en:17,synthetic_v1,0,0,0,1,0,0,0,0
हेयर ड्रायर सट्टा अनुरोध हाम्रो सपोर्ट नम्बर बाट मात्र हुन्छ,obstruction,obstruction,ne,a,support_link,[TAG=a] [ROLE=support_link] हेयर ड्रायर सट्टा अनुरोध हाम्रो सपोर्ट नम्बर बाट मात्र हुन्छ,obstruction:ne:25,synthetic_v1,0,0,0,1,0,0,0,0
रिफन्डका लागि 5 थप चरण पूरा गर्नुहोस्,obstruction,obstruction,ne,div,modal_text,[TAG=div] [ROLE=modal_text] रिफन्डका लागि 5 थप चरण पूरा गर्नुहोस्,obstruction:ne:04,synthetic_v1,0,0,0,1,0,0,0,0
Zepto खाता बंद करने के लिए लाइव चैट को लिखें,obstruction,obstruction,hi,div,modal_text,[TAG=div] [ROLE=modal_text] Zepto खाता बंद करने के लिए लाइव चैट को लिखें,obstruction:hi:17,synthetic_v1,0,0,0,1,0,0,0,0
पक्का हो? रद्द गर्न चरण 2 मा जानुहोस्,obstruction,obstruction,ne,p,help_text,[TAG=p] [ROLE=help_text] पक्का हो? रद्द गर्न चरण 2 मा जानुहोस्,obstruction:ne:10,synthetic_v1,0,0,0,1,0,0,0,0
Daraz रिफन्डका लागि हाम्रो Viber सपोर्ट को स्वीकृति चाहिन्छ,obstruction,obstruction,ne,p,help_text,[TAG=p] [ROLE=help_text] Daraz रिफन्डका लागि हाम्रो Viber सपोर्ट को स्वीकृति चाहिन्छ,obstruction:ne:23,synthetic_v1,0,0,0,1,0,0,0,0
Flipkart पर प्राइम प्लान डाउनग्रेड करने के लिए हमारी हेल्पलाइन से संपर्क करें,obstruction,obstruction,hi,a,support_link,[TAG=a] [ROLE=support_link] Flipkart पर प्राइम प्लान डाउनग्रेड करने के लिए हमारी हेल्पलाइन से संपर्क करें,obstruction:hi:26,synthetic_v1,0,0,0,1,0,0,0,0
स्पोर्ट्स चप्पल अर्डरबाट हटाउन लाइभ च्याट मा सम्पर्क गर्नुहोस्,obstruction,obstruction,ne,a,support_link,[TAG=a] [ROLE=support_link] स्पोर्ट्स चप्पल अर्डरबाट हटाउन लाइभ च्याट मा सम्पर्क गर्नुहोस्,obstruction:ne:19,synthetic_v1,0,0,0,1,0,0,0,0
Thulo मा सदस्यता परिवर्तन लाइभ च्याट बाट मात्र सम्भव छ,obstruction,obstruction,ne,a,support_link,[TAG=a] [ROLE=support_link] Thulo मा सदस्यता परिवर्तन लाइभ च्याट बाट मात्र सम्भव छ,obstruction:ne:18,synthetic_v1,0,0,0,1,0,0,0,0
ऑटो-रिन्यूअल बंद करने के लिए 10 दिन में लाइव चैट से संपर्क करें,obstruction,obstruction,hi,p,help_text,[TAG=p] [ROLE=help_text] ऑटो-रिन्यूअल बंद करने के लिए 10 दिन में लाइव चैट से संपर्क करें,obstruction:hi:21,synthetic_v1,0,0,0,1,0,0,0,0
Kinbech ऑर्डर रद्द करने के लिए हमारी हेल्पलाइन से संपर्क करें,obstruction,obstruction,hi,p,help_text,[TAG=p] [ROLE=help_text] Kinbech ऑर्डर रद्द करने के लिए हमारी हेल्पलाइन से संपर्क करें,obstruction:hi:15,synthetic_v1,0,0,0,1,0,0,0,0
Zepto रद्दीकरणका लागि हाम्रो WhatsApp नम्बर बाट प्रमाणीकरण आवश्यक छ,obstruction,obstruction,ne,p,help_text,[TAG=p] [ROLE=help_text] Zepto रद्दीकरणका लागि हाम्रो WhatsApp नम्बर बाट प्रमाणीकरण आवश्यक छ,obstruction:ne:20,synthetic_v1,0,0,0,1,0,0,0,0
पावर बैंक लौटाना है? पहले हमारा ईमेल डेस्क पर कॉल करें,obstruction,obstruction,hi,p,help_text,[TAG=p] [ROLE=help_text] पावर बैंक लौटाना है? पहले हमारा ईमेल डेस्क पर कॉल करें,obstruction:hi:22,synthetic_v1,0,0,0,1,0,0,0,0
रिटर्न अनुरोध 2 दिनों में फोन से करना होगा,obstruction,obstruction,hi,p,help_text,[TAG=p] [ROLE=help_text] रिटर्न अनुरोध 2 दिनों में फोन से करना होगा,obstruction:hi:13,synthetic_v1,0,0,0,1,0,0,0,0
Lenskart रद्दीकरण के लिए लाइव चैट से सत्यापन ज़रूरी है,obstruction,obstruction,hi,p,help_text,[TAG=p] [ROLE=help_text] Lenskart रद्दीकरण के लिए लाइव चैट से सत्यापन ज़रूरी है,obstruction:hi:20,synthetic_v1,0,0,0,1,0,0,0,0
रिफंड के लिए 12 अतिरिक्त चरण पूरे करें,obstruction,obstruction,hi,div,modal_text,[TAG=div] [ROLE=modal_text] रिफंड के लिए 12 अतिरिक्त चरण पूरे करें,obstruction:hi:04,synthetic_v1,0,0,0,1,0,0,0,0
Zepto मा सदस्यता परिवर्तन हाम्रो Facebook पेज बाट मात्र सम्भव छ,obstruction,obstruction,ne,a,support_link,[TAG=a] [ROLE=support_link] Zepto मा सदस्यता परिवर्तन हाम्रो Facebook पेज बाट मात्र सम्भव छ,obstruction:ne:18,synthetic_v1,0,0,0,1,0,0,0,0
पक्का हो? रद्द गर्न चरण 3 मा जानुहोस्,obstruction,obstruction,ne,p,help_text,[TAG=p] [ROLE=help_text] पक्का हो? रद्द गर्न चरण 3 मा जानुहोस्,obstruction:ne:10,synthetic_v1,0,0,0,1,0,0,0,0
स्मार्टवॉच का रिफंड हमारा Viber सपोर्ट के ज़रिये ही मांगें,obstruction,obstruction,hi,p,help_text,[TAG=p] [ROLE=help_text] स्मार्टवॉच का रिफंड हमारा Viber सपोर्ट के ज़रिये ही मांगें,obstruction:hi:16,synthetic_v1,0,0,0,1,0,0,0,0
ऑटो-रिन्यूअल बंद करने के लिए 5 दिन में हमारी हेल्पलाइन से संपर्क करें,obstruction,obstruction,hi,p,help_text,[TAG=p] [ROLE=help_text] ऑटो-रिन्यूअल बंद करने के लिए 5 दिन में हमारी हेल्पलाइन से संपर्क करें,obstruction:hi:21,synthetic_v1,0,0,0,1,0,0,0,0
"To cancel your Muncha order, contact live chat",obstruction,obstruction,en,p,help_text,"[TAG=p] [ROLE=help_text] To cancel your Muncha order, contact live chat",obstruction:en:15,synthetic_v1,0,0,0,1,0,0,0,0
SastoDeal अर्डर रद्द गर्न लाइभ च्याट मा सम्पर्क गर्नुहोस्,obstruction,obstruction,ne,p,help_text,[TAG=p] [ROLE=help_text] SastoDeal अर्डर रद्द गर्न लाइभ च्याट मा सम्पर्क गर्नुहोस्,obstruction:ne:15,synthetic_v1,0,0,0,1,0,0,0,0
फेस वॉश लौटाना है? पहले हमारा WhatsApp नंबर पर कॉल करें,obstruction,obstruction,hi,p,help_text,[TAG=p] [ROLE=help_text] फेस वॉश लौटाना है? पहले हमारा WhatsApp नंबर पर कॉल करें,obstruction:hi:22,synthetic_v1,0,0,0,1,0,0,0,0
Lenskart अर्डर रद्द गर्न कल सेन्टर मा सम्पर्क गर्नुहोस्,obstruction,obstruction,ne,div,modal_text,[TAG=div] [ROLE=modal_text] Lenskart अर्डर रद्द गर्न कल सेन्टर मा सम्पर्क गर्नुहोस्,obstruction:ne:15,synthetic_v1,0,0,0,1,0,0,0,0
BigBasket रिफन्डका लागि हाम्रो इमेल डेस्क को स्वीकृति चाहिन्छ,obstruction,obstruction,ne,p,help_text,[TAG=p] [ROLE=help_text] BigBasket रिफन्डका लागि हाम्रो इमेल डेस्क को स्वीकृति चाहिन्छ,obstruction:ne:23,synthetic_v1,0,0,0,1,0,0,0,0
protein powder exchange requests go through our helpline only,obstruction,obstruction,en,p,help_text,[TAG=p] [ROLE=help_text] protein powder exchange requests go through our helpline only,obstruction:en:25,synthetic_v1,0,0,0,1,0,0,0,0
Nykaa रिफंड के लिए हमारा Viber सपोर्ट की मंज़ूरी चाहिए,obstruction,obstruction,hi,div,modal_text,[TAG=div] [ROLE=modal_text] Nykaa रिफंड के लिए हमारा Viber सपोर्ट की मंज़ूरी चाहिए,obstruction:hi:23,synthetic_v1,0,0,0,1,0,0,0,0
पावर ब्यांक अर्डरबाट हटाउन हाम्रो हेल्पलाइन मा सम्पर्क गर्नुहोस्,obstruction,obstruction,ne,div,modal_text,[TAG=div] [ROLE=modal_text] पावर ब्यांक अर्डरबाट हटाउन हाम्रो हेल्पलाइन मा सम्पर्क गर्नुहोस्,obstruction:ne:19,synthetic_v1,0,0,0,1,0,0,0,0
Pepperfry अर्डर रद्द गर्न कल सेन्टर मा सम्पर्क गर्नुहोस्,obstruction,obstruction,ne,div,modal_text,[TAG=div] [ROLE=modal_text] Pepperfry अर्डर रद्द गर्न कल सेन्टर मा सम्पर्क गर्नुहोस्,obstruction:ne:15,synthetic_v1,0,0,0,1,0,0,0,0
नॉइज़ कैंसलिंग हेडफोन का रिफंड हमारा ईमेल डेस्क के ज़रिये ही मांगें,obstruction,obstruction,hi,p,help_text,[TAG=p] [ROLE=help_text] नॉइज़ कैंसलिंग हेडफोन का रिफंड हमारा ईमेल डेस्क के ज़रिये ही मांगें,obstruction:hi:16,synthetic_v1,0,0,0,1,0,0,0,0
HamroBazar खाता बन्द गर्न हाम्रो Facebook पेज लाई लेख्नुहोस्,obstruction,obstruction,ne,div,modal_text,[TAG=div] [ROLE=modal_text] HamroBazar खाता बन्द गर्न हाम्रो Facebook पेज लाई लेख्नुहोस्,obstruction:ne:17,synthetic_v1,0,0,0,1,0,0,0,0
Subscription changes at Meesho are only possible via our Facebook page,obstruction,obstruction,en,a,support_link,[TAG=a] [ROLE=support_link] Subscription changes at Meesho are only possible via our Facebook page,obstruction:en:18,synthetic_v1,0,0,0,1,0,0,0,0
Amazon पर प्राइम प्लान डाउनग्रेड करने के लिए हमारा सपोर्ट नंबर से संपर्क करें,obstruction,obstruction,hi,a,support_link,[TAG=a] [ROLE=support_link] Amazon पर प्राइम प्लान डाउनग्रेड करने के लिए हमारा सपोर्ट नंबर से संपर्क करें,obstruction:hi:26,synthetic_v1,0,0,0,1,0,0,0,0
winter blanket exchange requests go through our helpline only,obstruction,obstruction,en,p,help_text,[TAG=p] [ROLE=help_text] winter blanket exchange requests go through our helpline only,obstruction:en:25,synthetic_v1,0,0,0,1,0,0,0,0
Myntra पर सब्सक्रिप्शन बदलाव केवल हमारा ईमेल डेस्क से संभव है,obstruction,obstruction,hi,div,modal_text,[TAG=div] [ROLE=modal_text] Myntra पर सब्सक्रिप्शन बदलाव केवल हमारा ईमेल डेस्क से संभव है,obstruction:hi:18,synthetic_v1,0,0,0,1,0,0,0,0
Are you sure? Continue to step 1 to cancel,obstruction,obstruction,en,p,help_text,[TAG=p] [ROLE=help_text] Are you sure? Continue to step 1 to cancel,obstruction:en:10,synthetic_v1,0,0,0,1,0,0,0,0
पक्का हो? रद्द गर्न चरण 6 मा जानुहोस्,obstruction,obstruction,ne,div,modal_text,[TAG=div] [ROLE=modal_text] पक्का हो? रद्द गर्न चरण 6 मा जानुहोस्,obstruction:ne:10,synthetic_v1,0,0,0,1,0,0,0,0
backpack exchange requests go through live chat only,obstruction,obstruction,en,div,modal_text,[TAG=div] [ROLE=modal_text] backpack exchange requests go through live chat only,obstruction:en:25,synthetic_v1,0,0,0,1,0,0,0,0
Refunds for yoga mat must be requested through our support line,obstruction,obstruction,en,a,support_link,[TAG=a] [ROLE=support_link] Refunds for yoga mat must be requested through our support line,obstruction:en:16,synthetic_v1,0,0,0,1,0,0,0,0
Muncha खाता बंद करने के लिए हमारा ईमेल डेस्क को लिखें,obstruction,obstruction,hi,p,help_text,[TAG=p] [ROLE=help_text] Muncha खाता बंद करने के लिए हमारा ईमेल डेस्क को लिखें,obstruction:hi:17,synthetic_v1,0,0,0,1,0,0,0,0
Thulo खाता बंद करने के लिए हमारा Facebook पेज को लिखें,obstruction,obstruction,hi,a,support_link,[TAG=a] [ROLE=support_link] Thulo खाता बंद करने के लिए हमारा Facebook पेज को लिखें,obstruction:hi:17,synthetic_v1,0,0,0,1,0,0,0,0
Refunds for gaming mouse must be requested through our email desk,obstruction,obstruction,en,a,support_link,[TAG=a] [ROLE=support_link] Refunds for gaming mouse must be requested through our email desk,obstruction:en:16,synthetic_v1,0,0,0,1,0,0,0,0
ऑटो-रिन्यूअल बंद करने के लिए 2 दिन में हमारा ईमेल डेस्क से संपर्क करें,obstruction,obstruction,hi,div,modal_text,[TAG=div] [ROLE=modal_text] ऑटो-रिन्यूअल बंद करने के लिए 2 दिन में हमारा ईमेल डेस्क से संपर्क करें,obstruction:hi:21,synthetic_v1,0,0,0,1,0,0,0,0
कॉफी मेकर को ऑर्डर से हटाने के लिए हमारी हेल्पलाइन से संपर्क करें,obstruction,obstruction,hi,p,help_text,[TAG=p] [ROLE=help_text] कॉफी मेकर को ऑर्डर से हटाने के लिए हमारी हेल्पलाइन से संपर्क करें,obstruction:hi:19,synthetic_v1,0,0,0,1,0,0,0,0
Your Muncha refund needs approval from our Facebook page,obstruction,obstruction,en,a,support_link,[TAG=a] [ROLE=support_link] Your Muncha refund needs approval from our Facebook page,obstruction:en:23,synthetic_v1,0,0,0,1,0,0,0,0
Blinkit अर्डर रद्द गर्न लाइभ च्याट मा सम्पर्क गर्नुहोस्,obstruction,obstruction,ne,a,support_link,[TAG=a] [ROLE=support_link] Blinkit अर्डर रद्द गर्न लाइभ च्याट मा सम्पर्क गर्नुहोस्,obstruction:ne:15,synthetic_v1,0,0,0,1,0,0,0,0
Returning air fryer? Please call the call centre first,obstruction,obstruction,en,div,modal_text,[TAG=div] [ROLE=modal_text] Returning air fryer? Please call the call centre first,obstruction:en:22,synthetic_v1,0,0,0,1,0,0,0,0
ब्याकप्याक फिर्ता गर्नु छ? पहिले हाम्रो WhatsApp नम्बर मा फोन गर्नुहोस्,obstruction,obstruction,ne,p,help_text,[TAG=p] [ROLE=help_text] ब्याकप्याक फिर्ता गर्नु छ? पहिले हाम्रो WhatsApp नम्बर मा फोन गर्नुहोस्,obstruction:ne:22,synthetic_v1,0,0,0,1,0,0,0,0
रिफन्ड 2 दिनको समीक्षापछि मात्र हुनेछ,obstruction,obstruction,ne,a,support_link,[TAG=a] [ROLE=support_link] रिफन्ड 2 दिनको समीक्षापछि मात्र हुनेछ,obstruction:ne:11,synthetic_v1,0,0,0,1,0,0,0,0
Amazon रिफंड के लिए हमारा ईमेल डेस्क की मंज़ूरी चाहिए,obstruction,obstruction,hi,p,help_text,[TAG=p] [ROLE=help_text] Amazon रिफंड के लिए हमारा ईमेल डेस्क की मंज़ूरी चाहिए,obstruction:hi:23,synthetic_v1,0,0,0,1,0,0,0,0
Reach our helpline to remove bluetooth speaker from your order,obstruction,obstruction,en,div,modal_text,[TAG=div] [ROLE=modal_text] Reach our helpline to remove bluetooth speaker from your order,obstruction:en:19,synthetic_v1,0,0,0,1,0,0,0,0
Myntra खाता बन्द गर्न हाम्रो इमेल डेस्क लाई लेख्नुहोस्,obstruction,obstruction,ne,div,modal_text,[TAG=div] [ROLE=modal_text] Myntra खाता बन्द गर्न हाम्रो इमेल डेस्क लाई लेख्नुहोस्,obstruction:ne:17,synthetic_v1,0,0,0,1,0,0,0,0
Myntra रद्दीकरणका लागि हाम्रो Facebook पेज बाट प्रमाणीकरण आवश्यक छ,obstruction,obstruction,ne,p,help_text,[TAG=p] [ROLE=help_text] Myntra रद्दीकरणका लागि हाम्रो Facebook पेज बाट प्रमाणीकरण आवश्यक छ,obstruction:ne:20,synthetic_v1,0,0,0,1,0,0,0,0
Ajio मा गोल्ड प्लान डाउनग्रेड गर्न कल सेन्टर मा सम्पर्क गर्नुहोस्,obstruction,obstruction,ne,a,support_link,[TAG=a] [ROLE=support_link] Ajio मा गोल्ड प्लान डाउनग्रेड गर्न कल सेन्टर मा सम्पर्क गर्नुहोस्,obstruction:ne:26,synthetic_v1,0,0,0,1,0,0,0,0
Salesberry cancellations require verification through our email desk,obstruction,obstruction,en,p,help_text,[TAG=p] [ROLE=help_text] Salesberry cancellations require verification through our email desk,obstruction:en:20,synthetic_v1,0,0,0,1,0,0,0,0
डाउनग्रेड गर्न गोरखा कार्यालय पोर्टलबाट अनुरोध गर्नुहोस्,obstruction,obstruction,ne,div,modal_text,[TAG=div] [ROLE=modal_text] डाउनग्रेड गर्न गोरखा कार्यालय पोर्टलबाट अनुरोध गर्नुहोस्,obstruction:ne:12,synthetic_v1,0,0,0,1,0,0,0,0
धूप का चश्मा लौटाना है? पहले हमारा Facebook पेज पर कॉल करें,obstruction,obstruction,hi,p,help_text,[TAG=p] [ROLE=help_text] धूप का चश्मा लौटाना है? पहले हमारा Facebook पेज पर कॉल करें,obstruction:hi:22,synthetic_v1,0,0,0,1,0,0,0,0
स्वतः नवीकरण बन्द गर्न 3 दिनभित्र हाम्रो WhatsApp नम्बर मा सम्पर्क गर्नुहोस्,obstruction,obstruction,ne,div,modal_text,[TAG=div] [ROLE=modal_text] स्वतः नवीकरण बन्द गर्न 3 दिनभित्र हाम्रो WhatsApp नम्बर मा सम्पर्क गर्नुहोस्,obstruction:ne:21,synthetic_v1,0,0,0,1,0,0,0,0
Your SastoDeal refund needs approval from our email desk,obstruction,obstruction,en,a,support_link,[TAG=a] [ROLE=support_link] Your SastoDeal refund needs approval from our email desk,obstruction:en:23,synthetic_v1,0,0,0,1,0,0,0,0
Zepto खाता बन्द गर्न हाम्रो इमेल डेस्क लाई लेख्नुहोस्,obstruction,obstruction,ne,p,help_text,[TAG=p] [ROLE=help_text] Zepto खाता बन्द गर्न हाम्रो इमेल डेस्क लाई लेख्नुहोस्,obstruction:ne:17,synthetic_v1,0,0,0,1,0,0,0,0
डेनिम जिन्स को रिफन्ड हाम्रो इमेल डेस्क मार्फत मात्र माग्नुहोस्,obstruction,obstruction,ne,a,support_link,[TAG=a] [ROLE=support_link] डेनिम जिन्स को रिफन्ड हाम्रो इमेल डेस्क मार्फत मात्र माग्नुहोस्,obstruction:ne:16,synthetic_v1,0,0,0,1,0,0,0,0
स्कूल बैग एक्सचेंज अनुरोध केवल हमारा Viber सपोर्ट से होगा,obstruction,obstruction,hi,p,help_text,[TAG=p] [ROLE=help_text] स्कूल बैग एक्सचेंज अनुरोध केवल हमारा Viber सपोर्ट से होगा,obstruction:hi:25,synthetic_v1,0,0,0,1,0,0,0,0
Deleting your SastoDeal data requires a written request to our email desk,obstruction,obstruction,en,div,modal_text,[TAG=div] [ROLE=modal_text] Deleting your SastoDeal data requires a written request to our email desk,obstruction:en:24,synthetic_v1,0,0,0,1,0,0,0,0
Tata Cliq खाता बन्द गर्न हाम्रो WhatsApp नम्बर लाई लेख्नुहोस्,obstruction,obstruction,ne,a,support_link,[TAG=a] [ROLE=support_link] Tata Cliq खाता बन्द गर्न हाम्रो WhatsApp नम्बर लाई लेख्नुहोस्,obstruction:ne:17,synthetic_v1,0,0,0,1,0,0,0,0
Deleting your Flipkart data requires a written request to our helpline,obstruction,obstruction,en,div,modal_text,[TAG=div] [ROLE=modal_text] Deleting your Flipkart data requires a written request to our helpline,obstruction:en:24,synthetic_v1,0,0,0,1,0,0,0,0
स्वतः नवीकरण बन्द गर्न 1 दिनभित्र हाम्रो हेल्पलाइन मा सम्पर्क गर्नुहोस्,obstruction,obstruction,ne,div,modal_text,[TAG=div] [ROLE=modal_text] स्वतः नवीकरण बन्द गर्न 1 दिनभित्र हाम्रो हेल्पलाइन मा सम्पर्क गर्नुहोस्,obstruction:ne:21,synthetic_v1,0,0,0,1,0,0,0,0
Returning denim jeans? Please call our Facebook page first,obstruction,obstruction,en,p,help_text,[TAG=p] [ROLE=help_text] Returning denim jeans? Please call our Facebook page first,obstruction:en:22,synthetic_v1,0,0,0,1,0,0,0,0
Thulo रद्दीकरणका लागि कल सेन्टर बाट प्रमाणीकरण आवश्यक छ,obstruction,obstruction,ne,p,help_text,[TAG=p] [ROLE=help_text] Thulo रद्दीकरणका लागि कल सेन्टर बाट प्रमाणीकरण आवश्यक छ,obstruction:ne:20,synthetic_v1,0,0,0,1,0,0,0,0
Lenskart मा सदस्यता परिवर्तन हाम्रो हेल्पलाइन बाट मात्र सम्भव छ,obstruction,obstruction,ne,div,modal_text,[TAG=div] [ROLE=modal_text] Lenskart मा सदस्यता परिवर्तन हाम्रो हेल्पलाइन बाट मात्र सम्भव छ,obstruction:ne:18,synthetic_v1,0,0,0,1,0,0,0,0
Ajio पर प्लस प्लान डाउनग्रेड करने के लिए लाइव चैट से संपर्क करें,obstruction,obstruction,hi,a,support_link,[TAG=a] [ROLE=support_link] Ajio पर प्लस प्लान डाउनग्रेड करने के लिए लाइव चैट से संपर्क करें,obstruction:hi:26,synthetic_v1,0,0,0,1,0,0,0,0
JioMart डाटा हटाउन हाम्रो Viber सपोर्ट लाई लिखित अनुरोध पठाउनुहोस्,obstruction,obstruction,ne,p,help_text,[TAG=p] [ROLE=help_text] JioMart डाटा हटाउन हाम्रो Viber सपोर्ट लाई लिखित अनुरोध पठाउनुहोस्,obstruction:ne:24,synthetic_v1,0,0,0,1,0,0,0,0
Subscription changes at Salesberry are only possible via our Facebook page,obstruction,obstruction,en,div,modal_text,[TAG=div] [ROLE=modal_text] Subscription changes at Salesberry are only possible via our Facebook page,obstruction:en:18,synthetic_v1,0,0,0,1,0,0,0,0
Return requests must be raised by phone within 4 days,obstruction,obstruction,en,div,modal_text,[TAG=div] [ROLE=modal_text] Return requests must be raised by phone within 4 days,obstruction:en:13,synthetic_v1,0,0,0,1,0,0,0,0
Zepto अर्डर रद्द गर्न हाम्रो Viber सपोर्ट मा सम्पर्क गर्नुहोस्,obstruction,obstruction,ne,a,support_link,[TAG=a] [ROLE=support_link] Zepto अर्डर रद्द गर्न हाम्रो Viber सपोर्ट मा सम्पर्क गर्नुहोस्,obstruction:ne:15,synthetic_v1,0,0,0,1,0,0,0,0
फेस वॉश लौटाना है? पहले लाइव चैट पर कॉल करें,obstruction,obstruction,hi,p,help_text,[TAG=p] [ROLE=help_text] फेस वॉश लौटाना है? पहले लाइव चैट पर कॉल करें,obstruction:hi:22,synthetic_v1,0,0,0,1,0,0,0,0
phone case exchange requests go through our Facebook page only,obstruction,obstruction,en,p,help_text,[TAG=p] [ROLE=help_text] phone case exchange requests go through our Facebook page only,obstruction:en:25,synthetic_v1,0,0,0,1,0,0,0,0
एयर फ्रायर लौटाना है? पहले हमारा ईमेल डेस्क पर कॉल करें,obstruction,obstruction,hi,p,help_text,[TAG=p] [ROLE=help_text] एयर फ्रायर लौटाना है? पहले हमारा ईमेल डेस्क पर कॉल करें,obstruction:hi:22,synthetic_v1,0,0,0,1,0,0,0,0
"To close your Gyapu account, write to our helpline",obstruction,obstruction,en,p,help_text,"[TAG=p] [ROLE=help_text] To close your Gyapu account, write to our helpline",obstruction:en:17,synthetic_v1,0,0,0,1,0,0,0,0
हिउँदको ब्ल्याङ्केट अर्डरबाट हटाउन लाइभ च्याट मा सम्पर्क गर्नुहोस्,obstruction,obstruction,ne,div,modal_text,[TAG=div] [ROLE=modal_text] हिउँदको ब्ल्याङ्केट अर्डरबाट हटाउन लाइभ च्याट मा सम्पर्क गर्नुहोस्,obstruction:ne:19,synthetic_v1,0,0,0,1,0,0,0,0
"To close your Blinkit account, write to the call centre",obstruction,obstruction,en,div,modal_text,"[TAG=div] [ROLE=modal_text] To close your Blinkit account, write to the call centre",obstruction:en:17,synthetic_v1,0,0,0,1,0,0,0,0
OkDam रिफन्डका लागि हाम्रो Viber सपोर्ट को स्वीकृति चाहिन्छ,obstruction,obstruction,ne,div,modal_text,[TAG=div] [ROLE=modal_text] OkDam रिफन्डका लागि हाम्रो Viber सपोर्ट को स्वीकृति चाहिन्छ,obstruction:ne:23,synthetic_v1,0,0,0,1,0,0,0,0
Daraz खाता बंद करने के लिए लाइव चैट को लिखें,obstruction,obstruction,hi,a,support_link,[TAG=a] [ROLE=support_link] Daraz खाता बंद करने के लिए लाइव चैट को लिखें,obstruction:hi:17,synthetic_v1,0,0,0,1,0,0,0,0
ऑटो-रिन्यूअल बंद करने के लिए 2 दिन में लाइव चैट से संपर्क करें,obstruction,obstruction,hi,a,support_link,[TAG=a] [ROLE=support_link] ऑटो-रिन्यूअल बंद करने के लिए 2 दिन में लाइव चैट से संपर्क करें,obstruction:hi:21,synthetic_v1,0,0,0,1,0,0,0,0
Subscription changes at Zepto are only possible via our support line,obstruction,obstruction,en,div,modal_text,[TAG=div] [ROLE=modal_text] Subscription changes at Zepto are only possible via our support line,obstruction:en:18,synthetic_v1,0,0,0,1,0,0,0,0
डाउनग्रेड के लिए जयपुर कार्यालय पोर्टल से अनुरोध करें,obstruction,obstruction,hi,div,modal_text,[TAG=div] [ROLE=modal_text] डाउनग्रेड के लिए जयपुर कार्यालय पोर्टल से अनुरोध करें,obstruction:hi:12,synthetic_v1,0,0,0,1,0,0,0,0
FirstCry खाता बन्द गर्न हाम्रो Facebook पेज लाई लेख्नुहोस्,obstruction,obstruction,ne,a,support_link,[TAG=a] [ROLE=support_link] FirstCry खाता बन्द गर्न हाम्रो Facebook पेज लाई लेख्नुहोस्,obstruction:ne:17,synthetic_v1,0,0,0,1,0,0,0,0
Subscription changes at Myntra are only possible via live chat,obstruction,obstruction,en,p,help_text,[TAG=p] [ROLE=help_text] Subscription changes at Myntra are only possible via live chat,obstruction:en:18,synthetic_v1,0,0,0,1,0,0,0,0
Ajio मा सदस्यता परिवर्तन हाम्रो WhatsApp नम्बर बाट मात्र सम्भव छ,obstruction,obstruction,ne,div,modal_text,[TAG=div] [ROLE=modal_text] Ajio मा सदस्यता परिवर्तन हाम्रो WhatsApp नम्बर बाट मात्र सम्भव छ,obstruction:ne:18,synthetic_v1,0,0,0,1,0,0,0,0
Reliance Digital अर्डर रद्द गर्न हाम्रो Viber सपोर्ट मा सम्पर्क गर्नुहोस्,obstruction,obstruction,ne,div,modal_text,[TAG=div] [ROLE=modal_text] Reliance Digital अर्डर रद्द गर्न हाम्रो Viber सपोर्ट मा सम्पर्क गर्नुहोस्,obstruction:ne:15,synthetic_v1,0,0,0,1,0,0,0,0
नॉइज़ कैंसलिंग हेडफोन को ऑर्डर से हटाने के लिए हमारा सपोर्ट नंबर से संपर्क करें,obstruction,obstruction,hi,a,support_link,[TAG=a] [ROLE=support_link] नॉइज़ कैंसलिंग हेडफोन को ऑर्डर से हटाने के लिए हमारा सपोर्ट नंबर से संपर्क करें,obstruction:hi:19,synthetic_v1,0,0,0,1,0,0,0,0
Kinbech रद्दीकरणका लागि लाइभ च्याट बाट प्रमाणीकरण आवश्यक छ,obstruction,obstruction,ne,p,help_text,[TAG=p] [ROLE=help_text] Kinbech रद्दीकरणका लागि लाइभ च्याट बाट प्रमाणीकरण आवश्यक छ,obstruction:ne:20,synthetic_v1,0,0,0,1,0,0,0,0
Daraz डेटा हटाने के लिए हमारा Facebook पेज को लिखित अनुरोध भेजें,obstruction,obstruction,hi,p,help_text,[TAG=p] [ROLE=help_text] Daraz डेटा हटाने के लिए हमारा Facebook पेज को लिखित अनुरोध भेजें,obstruction:hi:24,synthetic_v1,0,0,0,1,0,0,0,0
Nykaa अर्डर रद्द गर्न हाम्रो Facebook पेज मा सम्पर्क गर्नुहोस्,obstruction,obstruction,ne,div,modal_text,[TAG=div] [ROLE=modal_text] Nykaa अर्डर रद्द गर्न हाम्रो Facebook पेज मा सम्पर्क गर्नुहोस्,obstruction:ne:15,synthetic_v1,0,0,0,1,0,0,0,0
स्वतः नवीकरण बन्द गर्न 5 दिनभित्र कल सेन्टर मा सम्पर्क गर्नुहोस्,obstruction,obstruction,ne,div,modal_text,[TAG=div] [ROLE=modal_text] स्वतः नवीकरण बन्द गर्न 5 दिनभित्र कल सेन्टर मा सम्पर्क गर्नुहोस्,obstruction:ne:21,synthetic_v1,0,0,0,1,0,0,0,0
"To stop auto-renewal, contact the call centre within 4 days",obstruction,obstruction,en,a,support_link,"[TAG=a] [ROLE=support_link] To stop auto-renewal, contact the call centre within 4 days",obstruction:en:21,synthetic_v1,0,0,0,1,0,0,0,0
रद्द करने के लिए 7 कार्यदिवस में संपर्क करें,obstruction,obstruction,hi,a,support_link,[TAG=a] [ROLE=support_link] रद्द करने के लिए 7 कार्यदिवस में संपर्क करें,obstruction:hi:05,synthetic_v1,0,0,0,1,0,0,0,0
Reliance Digital अर्डर रद्द गर्न कल सेन्टर मा सम्पर्क गर्नुहोस्,obstruction,obstruction,ne,p,help_text,[TAG=p] [ROLE=help_text] Reliance Digital अर्डर रद्द गर्न कल सेन्टर मा सम्पर्क गर्नुहोस्,obstruction:ne:15,synthetic_v1,0,0,0,1,0,0,0,0
Amazon डाटा हटाउन हाम्रो इमेल डेस्क लाई लिखित अनुरोध पठाउनुहोस्,obstruction,obstruction,ne,div,modal_text,[TAG=div] [ROLE=modal_text] Amazon डाटा हटाउन हाम्रो इमेल डेस्क लाई लिखित अनुरोध पठाउनुहोस्,obstruction:ne:24,synthetic_v1,0,0,0,1,0,0,0,0
नोइज क्यान्सलिङ हेडफोन अर्डरबाट हटाउन हाम्रो इमेल डेस्क मा सम्पर्क गर्नुहोस्,obstruction,obstruction,ne,div,modal_text,[TAG=div] [ROLE=modal_text] नोइज क्यान्सलिङ हेडफोन अर्डरबाट हटाउन हाम्रो इमेल डेस्क मा सम्पर्क गर्नुहोस्,obstruction:ne:19,synthetic_v1,0,0,0,1,0,0,0,0
FirstCry पर प्रो प्लान डाउनग्रेड करने के लिए लाइव चैट से संपर्क करें,obstruction,obstruction,hi,p,help_text,[TAG=p] [ROLE=help_text] FirstCry पर प्रो प्लान डाउनग्रेड करने के लिए लाइव चैट से संपर्क करें,obstruction:hi:26,synthetic_v1,0,0,0,1,0,0,0,0
Blinkit मा सदस्यता परिवर्तन कल सेन्टर बाट मात्र सम्भव छ,obstruction,obstruction,ne,p,help_text,[TAG=p] [ROLE=help_text] Blinkit मा सदस्यता परिवर्तन कल सेन्टर बाट मात्र सम्भव छ,obstruction:ne:18,synthetic_v1,0,0,0,1,0,0,0,0
SastoDeal रद्दीकरणका लागि हाम्रो WhatsApp नम्बर बाट प्रमाणीकरण आवश्यक छ,obstruction,obstruction,ne,p,help_text,[TAG=p] [ROLE=help_text] SastoDeal रद्दीकरणका लागि हाम्रो WhatsApp नम्बर बाट प्रमाणीकरण आवश्यक छ,obstruction:ne:20,synthetic_v1,0,0,0,1,0,0,0,0
Myntra मा सदस्यता परिवर्तन हाम्रो इमेल डेस्क बाट मात्र सम्भव छ,obstruction,obstruction,ne,a,support_link,[TAG=a] [ROLE=support_link] Myntra मा सदस्यता परिवर्तन हाम्रो इमेल डेस्क बाट मात्र सम्भव छ,obstruction:ne:18,synthetic_v1,0,0,0,1,0,0,0,0
Blinkit डाटा हटाउन हाम्रो इमेल डेस्क लाई लिखित अनुरोध पठाउनुहोस्,obstruction,obstruction,ne,a,support_link,[TAG=a] [ROLE=support_link] Blinkit डाटा हटाउन हाम्रो इमेल डेस्क लाई लिखित अनुरोध पठाउनुहोस्,obstruction:ne:24,synthetic_v1,0,0,0,1,0,0,0,0
ऑटो-रिन्यूअल बंद करने के लिए 6 दिन में हमारा Viber सपोर्ट से संपर्क करें,obstruction,obstruction,hi,a,support_link,[TAG=a] [ROLE=support_link] ऑटो-रिन्यूअल बंद करने के लिए 6 दिन में हमारा Viber सपोर्ट से संपर्क करें,obstruction:hi:21,synthetic_v1,0,0,0,1,0,0,0,0
Deleting your Amazon data requires a written request to our email desk,obstruction,obstruction,en,div,modal_text,[TAG=div] [ROLE=modal_text] Deleting your Amazon data requires a written request to our email desk,obstruction:en:24,synthetic_v1,0,0,0,1,0,0,0,0
Salesberry cancellations require verification through our Viber support,obstruction,obstruction,en,p,help_text,[TAG=p] [ROLE=help_text] Salesberry cancellations require verification through our Viber support,obstruction:en:20,synthetic_v1,0,0,0,1,0,0,0,0
Amazon मा गोल्ड प्लान डाउनग्रेड गर्न हाम्रो Facebook पेज मा सम्पर्क गर्नुहोस्,obstruction,obstruction,ne,p,help_text,[TAG=p] [ROLE=help_text] Amazon मा गोल्ड प्लान डाउनग्रेड गर्न हाम्रो Facebook पेज मा सम्पर्क गर्नुहोस्,obstruction:ne:26,synthetic_v1,0,0,0,1,0,0,0,0
rice cooker exchange requests go through our Facebook page only,obstruction,obstruction,en,div,modal_text,[TAG=div] [ROLE=modal_text] rice cooker exchange requests go through our Facebook page only,obstruction:en:25,synthetic_v1,0,0,0,1,0,0,0,0
पानीको बोतल सट्टा अनुरोध कल सेन्टर बाट मात्र हुन्छ,obstruction,obstruction,ne,div,modal_text,[TAG=div] [ROLE=modal_text] पानीको बोतल सट्टा अनुरोध कल सेन्टर बाट मात्र हुन्छ,obstruction:ne:25,synthetic_v1,0,0,0,1,0,0,0,0
Refunds for office chair must be requested through our email desk,obstruction,obstruction,en,div,modal_text,[TAG=div] [ROLE=modal_text] Refunds for office chair must be requested through our email desk,obstruction:en:16,synthetic_v1,0,0,0,1,0,0,0,0
Refunds for induction cooktop must be requested through our WhatsApp number,obstruction,obstruction,en,div,modal_text,[TAG=div] [ROLE=modal_text] Refunds for induction cooktop must be requested through our WhatsApp number,obstruction:en:16,synthetic_v1,0,0,0,1,0,0,0,0
नॉइज़ कैंसलिंग हेडफोन लौटाना है? पहले हमारा Viber सपोर्ट पर कॉल करें,obstruction,obstruction,hi,div,modal_text,[TAG=div] [ROLE=modal_text] नॉइज़ कैंसलिंग हेडफोन लौटाना है? पहले हमारा Viber सपोर्ट पर कॉल करें,obstruction:hi:22,synthetic_v1,0,0,0,1,0,0,0,0
नोइज क्यान्सलिङ हेडफोन फिर्ता गर्नु छ? पहिले हाम्रो Facebook पेज मा फोन गर्नुहोस्,obstruction,obstruction,ne,p,help_text,[TAG=p] [ROLE=help_text] नोइज क्यान्सलिङ हेडफोन फिर्ता गर्नु छ? पहिले हाम्रो Facebook पेज मा फोन गर्नुहोस्,obstruction:ne:22,synthetic_v1,0,0,0,1,0,0,0,0
Thulo पर प्रो प्लान डाउनग्रेड करने के लिए हमारा सपोर्ट नंबर से संपर्क करें,obstruction,obstruction,hi,a,support_link,[TAG=a] [ROLE=support_link] Thulo पर प्रो प्लान डाउनग्रेड करने के लिए हमारा सपोर्ट नंबर से संपर्क करें,obstruction:hi:26,synthetic_v1,0,0,0,1,0,0,0,0
SastoDeal डेटा हटाने के लिए हमारा सपोर्ट नंबर को लिखित अनुरोध भेजें,obstruction,obstruction,hi,div,modal_text,[TAG=div] [ROLE=modal_text] SastoDeal डेटा हटाने के लिए हमारा सपोर्ट नंबर को लिखित अनुरोध भेजें,obstruction:hi:24,synthetic_v1,0,0,0,1,0,0,0,0
FirstCry मा प्लस प्लान डाउनग्रेड गर्न हाम्रो WhatsApp नम्बर मा सम्पर्क गर्नुहोस्,obstruction,obstruction,ne,div,modal_text,[TAG=div] [ROLE=modal_text] FirstCry मा प्लस प्लान डाउनग्रेड गर्न हाम्रो WhatsApp नम्बर मा सम्पर्क गर्नुहोस्,obstruction:ne:26,synthetic_v1,0,0,0,1,0,0,0,0
कफी मेकर अर्डरबाट हटाउन कल सेन्टर मा सम्पर्क गर्नुहोस्,obstruction,obstruction,ne,div,modal_text,[TAG=div] [ROLE=modal_text] कफी मेकर अर्डरबाट हटाउन कल सेन्टर मा सम्पर्क गर्नुहोस्,obstruction:ne:19,synthetic_v1,0,0,0,1,0,0,0,0
Thulo रद्दीकरणका लागि हाम्रो Viber सपोर्ट बाट प्रमाणीकरण आवश्यक छ,obstruction,obstruction,ne,a,support_link,[TAG=a] [ROLE=support_link] Thulo रद्दीकरणका लागि हाम्रो Viber सपोर्ट बाट प्रमाणीकरण आवश्यक छ,obstruction:ne:20,synthetic_v1,0,0,0,1,0,0,0,0
फेस वास सट्टा अनुरोध लाइभ च्याट बाट मात्र हुन्छ,obstruction,obstruction,ne,p,help_text,[TAG=p] [ROLE=help_text] फेस वास सट्टा अनुरोध लाइभ च्याट बाट मात्र हुन्छ,obstruction:ne:25,synthetic_v1,0,0,0,1,0,0,0,0
Flipkart cancellations require verification through our support line,obstruction,obstruction,en,a,support_link,[TAG=a] [ROLE=support_link] Flipkart cancellations require verification through our support line,obstruction:en:20,synthetic_v1,0,0,0,1,0,0,0,0
Ajio मा सदस्यता परिवर्तन लाइभ च्याट बाट मात्र सम्भव छ,obstruction,obstruction,ne,a,support_link,[TAG=a] [ROLE=support_link] Ajio मा सदस्यता परिवर्तन लाइभ च्याट बाट मात्र सम्भव छ,obstruction:ne:18,synthetic_v1,0,0,0,1,0,0,0,0
Refunds for yoga mat must be requested through the call centre,obstruction,obstruction,en,p,help_text,[TAG=p] [ROLE=help_text] Refunds for yoga mat must be requested through the call centre,obstruction:en:16,synthetic_v1,0,0,0,1,0,0,0,0
HamroBazar cancellations require verification through our support line,obstruction,obstruction,en,div,modal_text,[TAG=div] [ROLE=modal_text] HamroBazar cancellations require verification through our support line,obstruction:en:20,synthetic_v1,0,0,0,1,0,0,0,0
Nykaa रिफन्डका लागि हाम्रो Facebook पेज को स्वीकृति चाहिन्छ,obstruction,obstruction,ne,a,support_link,[TAG=a] [ROLE=support_link] Nykaa रिफन्डका लागि हाम्रो Facebook पेज को स्वीकृति चाहिन्छ,obstruction:ne:23,synthetic_v1,0,0,0,1,0,0,0,0
Returning office chair? Please call our support line first,obstruction,obstruction,en,a,support_link,[TAG=a] [ROLE=support_link] Returning office chair? Please call our support line first,obstruction:en:22,synthetic_v1,0,0,0,1,0,0,0,0
Zepto पर सब्सक्रिप्शन बदलाव केवल कॉल सेंटर से संभव है,obstruction,obstruction,hi,p,help_text,[TAG=p] [ROLE=help_text] Zepto पर सब्सक्रिप्शन बदलाव केवल कॉल सेंटर से संभव है,obstruction:hi:18,synthetic_v1,0,0,0,1,0,0,0,0
डाउनग्रेड गर्न पोखरा कार्यालय पोर्टलबाट अनुरोध गर्नुहोस्,obstruction,obstruction,ne,a,support_link,[TAG=a] [ROLE=support_link] डाउनग्रेड गर्न पोखरा कार्यालय पोर्टलबाट अनुरोध गर्नुहोस्,obstruction:ne:12,synthetic_v1,0,0,0,1,0,0,0,0
Kinbech पर प्रीमियम प्लान डाउनग्रेड करने के लिए लाइव चैट से संपर्क करें,obstruction,obstruction,hi,div,modal_text,[TAG=div] [ROLE=modal_text] Kinbech पर प्रीमियम प्लान डाउनग्रेड करने के लिए लाइव चैट से संपर्क करें,obstruction:hi:26,synthetic_v1,0,0,0,1,0,0,0,0
Meesho रिफंड के लिए हमारा ईमेल डेस्क की मंज़ूरी चाहिए,obstruction,obstruction,hi,p,help_text,[TAG=p] [ROLE=help_text] Meesho रिफंड के लिए हमारा ईमेल डेस्क की मंज़ूरी चाहिए,obstruction:hi:23,synthetic_v1,0,0,0,1,0,0,0,0
SastoDeal रद्दीकरणका लागि हाम्रो हेल्पलाइन बाट प्रमाणीकरण आवश्यक छ,obstruction,obstruction,ne,p,help_text,[TAG=p] [ROLE=help_text] SastoDeal रद्दीकरणका लागि हाम्रो हेल्पलाइन बाट प्रमाणीकरण आवश्यक छ,obstruction:ne:20,synthetic_v1,0,0,0,1,0,0,0,0
Tata Cliq मा सदस्यता परिवर्तन हाम्रो Viber सपोर्ट बाट मात्र सम्भव छ,obstruction,obstruction,ne,p,help_text,[TAG=p] [ROLE=help_text] Tata Cliq मा सदस्यता परिवर्तन हाम्रो Viber सपोर्ट बाट मात्र सम्भव छ,obstruction:ne:18,synthetic_v1,0,0,0,1,0,0,0,0
ट्रेकिंग जैकेट का रिफंड हमारी हेल्पलाइन के ज़रिये ही मांगें,obstruction,obstruction,hi,a,support_link,[TAG=a] [ROLE=support_link] ट्रेकिंग जैकेट का रिफंड हमारी हेल्पलाइन के ज़रिये ही मांगें,obstruction:hi:16,synthetic_v1,0,0,0,1,0,0,0,0
Ajio रद्दीकरण के लिए हमारा Viber सपोर्ट से सत्यापन ज़रूरी है,obstruction,obstruction,hi,p,help_text,[TAG=p] [ROLE=help_text] Ajio रद्दीकरण के लिए हमारा Viber सपोर्ट से सत्यापन ज़रूरी है,obstruction:hi:20,synthetic_v1,0,0,0,1,0,0,0,0
हिउँदको ब्ल्याङ्केट फिर्ता गर्नु छ? पहिले कल सेन्टर मा फोन गर्नुहोस्,obstruction,obstruction,ne,p,help_text,[TAG=p] [ROLE=help_text] हिउँदको ब्ल्याङ्केट फिर्ता गर्नु छ? पहिले कल सेन्टर मा फोन गर्नुहोस्,obstruction:ne:22,synthetic_v1,0,0,0,1,0,0,0,0
Daraz रिफन्डका लागि हाम्रो Facebook पेज को स्वीकृति चाहिन्छ,obstruction,obstruction,ne,p,help_text,[TAG=p] [ROLE=help_text] Daraz रिफन्डका लागि हाम्रो Facebook पेज को स्वीकृति चाहिन्छ,obstruction:ne:23,synthetic_v1,0,0,0,1,0,0,0,0
Reach the call centre to remove rice cooker from your order,obstruction,obstruction,en,a,support_link,[TAG=a] [ROLE=support_link] Reach the call centre to remove rice cooker from your order,obstruction:en:19,synthetic_v1,0,0,0,1,0,0,0,0
ट्रेकिंग जैकेट का रिफंड हमारा Facebook पेज के ज़रिये ही मांगें,obstruction,obstruction,hi,div,modal_text,[TAG=div] [ROLE=modal_text] ट्रेकिंग जैकेट का रिफंड हमारा Facebook पेज के ज़रिये ही मांगें,obstruction:hi:16,synthetic_v1,0,0,0,1,0,0,0,0
डेनिम जींस लौटाना है? पहले लाइव चैट पर कॉल करें,obstruction,obstruction,hi,p,help_text,[TAG=p] [ROLE=help_text] डेनिम जींस लौटाना है? पहले लाइव चैट पर कॉल करें,obstruction:hi:22,synthetic_v1,0,0,0,1,0,0,0,0
Reliance Digital रद्दीकरण के लिए हमारी हेल्पलाइन से सत्यापन ज़रूरी है,obstruction,obstruction,hi,a,support_link,[TAG=a] [ROLE=support_link] Reliance Digital रद्दीकरण के लिए हमारी हेल्पलाइन से सत्यापन ज़रूरी है,obstruction:hi:20,synthetic_v1,0,0,0,1,0,0,0,0
BigBasket रिफंड के लिए हमारा Facebook पेज की मंज़ूरी चाहिए,obstruction,obstruction,hi,p,help_text,[TAG=p] [ROLE=help_text] BigBasket रिफंड के लिए हमारा Facebook पेज की मंज़ूरी चाहिए,obstruction:hi:23,synthetic_v1,0,0,0,1,0,0,0,0
स्कुल ब्याग को रिफन्ड हाम्रो सपोर्ट नम्बर मार्फत मात्र माग्नुहोस्,obstruction,obstruction,ne,div,modal_text,[TAG=div] [ROLE=modal_text] स्कुल ब्याग को रिफन्ड हाम्रो सपोर्ट नम्बर मार्फत मात्र माग्नुहोस्,obstruction:ne:16,synthetic_v1,0,0,0,1,0,0,0,0
कटन कुर्ता को रिफन्ड हाम्रो Facebook पेज मार्फत मात्र माग्नुहोस्,obstruction,obstruction,ne,div,modal_text,[TAG=div] [ROLE=modal_text] कटन कुर्ता को रिफन्ड हाम्रो Facebook पेज मार्फत मात्र माग्नुहोस्,obstruction:ne:16,synthetic_v1,0,0,0,1,0,0,0,0
JioMart पर गोल्ड प्लान डाउनग्रेड करने के लिए हमारा ईमेल डेस्क से संपर्क करें,obstruction,obstruction,hi,a,support_link,[TAG=a] [ROLE=support_link] JioMart पर गोल्ड प्लान डाउनग्रेड करने के लिए हमारा ईमेल डेस्क से संपर्क करें,obstruction:hi:26,synthetic_v1,0,0,0,1,0,0,0,0
Thulo रिफंड के लिए हमारी हेल्पलाइन की मंज़ूरी चाहिए,obstruction,obstruction,hi,a,support_link,[TAG=a] [ROLE=support_link] Thulo रिफंड के लिए हमारी हेल्पलाइन की मंज़ूरी चाहिए,obstruction:hi:23,synthetic_v1,0,0,0,1,0,0,0,0
फॉर्मल शर्ट लौटाना है? पहले कॉल सेंटर पर कॉल करें,obstruction,obstruction,hi,p,help_text,[TAG=p] [ROLE=help_text] फॉर्मल शर्ट लौटाना है? पहले कॉल सेंटर पर कॉल करें,obstruction:hi:22,synthetic_v1,0,0,0,1,0,0,0,0
स्कुल ब्याग अर्डरबाट हटाउन हाम्रो हेल्पलाइन मा सम्पर्क गर्नुहोस्,obstruction,obstruction,ne,div,modal_text,[TAG=div] [ROLE=modal_text] स्कुल ब्याग अर्डरबाट हटाउन हाम्रो हेल्पलाइन मा सम्पर्क गर्नुहोस्,obstruction:ne:19,synthetic_v1,0,0,0,1,0,0,0,0
Blinkit खाता बन्द गर्न हाम्रो WhatsApp नम्बर लाई लेख्नुहोस्,obstruction,obstruction,ne,a,support_link,[TAG=a] [ROLE=support_link] Blinkit खाता बन्द गर्न हाम्रो WhatsApp नम्बर लाई लेख्नुहोस्,obstruction:ne:17,synthetic_v1,0,0,0,1,0,0,0,0
BigBasket मा सदस्यता परिवर्तन कल सेन्टर बाट मात्र सम्भव छ,obstruction,obstruction,ne,a,support_link,[TAG=a] [ROLE=support_link] BigBasket मा सदस्यता परिवर्तन कल सेन्टर बाट मात्र सम्भव छ,obstruction:ne:18,synthetic_v1,0,0,0,1,0,0,0,0
Reliance Digital खाता बन्द गर्न हाम्रो इमेल डेस्क लाई लेख्नुहोस्,obstruction,obstruction,ne,a,support_link,[TAG=a] [ROLE=support_link] Reliance Digital खाता बन्द गर्न हाम्रो इमेल डेस्क लाई लेख्नुहोस्,obstruction:ne:17,synthetic_v1,0,0,0,1,0,0,0,0
SastoDeal खाता बन्द गर्न हाम्रो Facebook पेज लाई लेख्नुहोस्,obstruction,obstruction,ne,a,support_link,[TAG=a] [ROLE=support_link] SastoDeal खाता बन्द गर्न हाम्रो Facebook पेज लाई लेख्नुहोस्,obstruction:ne:17,synthetic_v1,0,0,0,1,0,0,0,0
वायरलेस इयरबड्स सट्टा अनुरोध हाम्रो WhatsApp नम्बर बाट मात्र हुन्छ,obstruction,obstruction,ne,p,help_text,[TAG=p] [ROLE=help_text] वायरलेस इयरबड्स सट्टा अनुरोध हाम्रो WhatsApp नम्बर बाट मात्र हुन्छ,obstruction:ne:25,synthetic_v1,0,0,0,1,0,0,0,0
BigBasket पर प्राइम प्लान डाउनग्रेड करने के लिए हमारी हेल्पलाइन से संपर्क करें,obstruction,obstruction,hi,p,help_text,[TAG=p] [ROLE=help_text] BigBasket पर प्राइम प्लान डाउनग्रेड करने के लिए हमारी हेल्पलाइन से संपर्क करें,obstruction:hi:26,synthetic_v1,0,0,0,1,0,0,0,0
Muncha मा सदस्यता परिवर्तन हाम्रो Facebook पेज बाट मात्र सम्भव छ,obstruction,obstruction,ne,a,support_link,[TAG=a] [ROLE=support_link] Muncha मा सदस्यता परिवर्तन हाम्रो Facebook पेज बाट मात्र सम्भव छ,obstruction:ne:18,synthetic_v1,0,0,0,1,0,0,0,0
डाउनग्रेड के लिए कोलकाता कार्यालय पोर्टल से अनुरोध करें,obstruction,obstruction,hi,div,modal_text,[TAG=div] [ROLE=modal_text] डाउनग्रेड के लिए कोलकाता कार्यालय पोर्टल से अनुरोध करें,obstruction:hi:12,synthetic_v1,0,0,0,1,0,0,0,0
हिउँदको ब्ल्याङ्केट फिर्ता गर्नु छ? पहिले लाइभ च्याट मा फोन गर्नुहोस्,obstruction,obstruction,ne,a,support_link,[TAG=a] [ROLE=support_link] हिउँदको ब्ल्याङ्केट फिर्ता गर्नु छ? पहिले लाइभ च्याट मा फोन गर्नुहोस्,obstruction:ne:22,synthetic_v1,0,0,0,1,0,0,0,0
Deleting your JioMart data requires a written request to our support line,obstruction,obstruction,en,div,modal_text,[TAG=div] [ROLE=modal_text] Deleting your JioMart data requires a written request to our support line,obstruction:en:24,synthetic_v1,0,0,0,1,0,0,0,0
Deleting your Tata Cliq data requires a written request to the call centre,obstruction,obstruction,en,p,help_text,[TAG=p] [ROLE=help_text] Deleting your Tata Cliq data requires a written request to the call centre,obstruction:en:24,synthetic_v1,0,0,0,1,0,0,0,0
Refunds for laptop bag must be requested through our helpline,obstruction,obstruction,en,a,support_link,[TAG=a] [ROLE=support_link] Refunds for laptop bag must be requested through our helpline,obstruction:en:16,synthetic_v1,0,0,0,1,0,0,0,0
Daraz ऑर्डर रद्द करने के लिए हमारा Facebook पेज से संपर्क करें,obstruction,obstruction,hi,div,modal_text,[TAG=div] [ROLE=modal_text] Daraz ऑर्डर रद्द करने के लिए हमारा Facebook पेज से संपर्क करें,obstruction:hi:15,synthetic_v1,0,0,0,1,0,0,0,0
phone case exchange requests go through our support line only,obstruction,obstruction,en,a,support_link,[TAG=a] [ROLE=support_link] phone case exchange requests go through our support line only,obstruction:en:25,synthetic_v1,0,0,0,1,0,0,0,0
"To cancel your Myntra order, contact our WhatsApp number",obstruction,obstruction,en,a,support_link,"[TAG=a] [ROLE=support_link] To cancel your Myntra order, contact our WhatsApp number",obstruction:en:15,synthetic_v1,0,0,0,1,0,0,0,0
Lenskart ऑर्डर रद्द करने के लिए हमारा Viber सपोर्ट से संपर्क करें,obstruction,obstruction,hi,div,modal_text,[TAG=div] [ROLE=modal_text] Lenskart ऑर्डर रद्द करने के लिए हमारा Viber सपोर्ट से संपर्क करें,obstruction:hi:15,synthetic_v1,0,0,0,1,0,0,0,0
ल्यापटप ब्याग अर्डरबाट हटाउन लाइभ च्याट मा सम्पर्क गर्नुहोस्,obstruction,obstruction,ne,a,support_link,[TAG=a] [ROLE=support_link] ल्यापटप ब्याग अर्डरबाट हटाउन लाइभ च्याट मा सम्पर्क गर्नुहोस्,obstruction:ne:19,synthetic_v1,0,0,0,1,0,0,0,0
हेयर ड्रायर को रिफन्ड हाम्रो सपोर्ट नम्बर मार्फत मात्र माग्नुहोस्,obstruction,obstruction,ne,a,support_link,[TAG=a] [ROLE=support_link] हेयर ड्रायर को रिफन्ड हाम्रो सपोर्ट नम्बर मार्फत मात्र माग्नुहोस्,obstruction:ne:16,synthetic_v1,0,0,0,1,0,0,0,0
HamroBazar रद्दीकरण के लिए कॉल सेंटर से सत्यापन ज़रूरी है,obstruction,obstruction,hi,a,support_link,[TAG=a] [ROLE=support_link] HamroBazar रद्दीकरण के लिए कॉल सेंटर से सत्यापन ज़रूरी है,obstruction:hi:20,synthetic_v1,0,0,0,1,0,0,0,0
"To downgrade, submit a request from the Butwal office portal",obstruction,obstruction,en,a,support_link,"[TAG=a] [ROLE=support_link] To downgrade, submit a request from the Butwal office portal",obstruction:en:12,synthetic_v1,0,0,0,1,0,0,0,0
Blinkit अर्डर रद्द गर्न हाम्रो WhatsApp नम्बर मा सम्पर्क गर्नुहोस्,obstruction,obstruction,ne,a,support_link,[TAG=a] [ROLE=support_link] Blinkit अर्डर रद्द गर्न हाम्रो WhatsApp नम्बर मा सम्पर्क गर्नुहोस्,obstruction:ne:15,synthetic_v1,0,0,0,1,0,0,0,0
Kinbech मा प्रिमियम प्लान डाउनग्रेड गर्न हाम्रो WhatsApp नम्बर मा सम्पर्क गर्नुहोस्,obstruction,obstruction,ne,p,help_text,[TAG=p] [ROLE=help_text] Kinbech मा प्रिमियम प्लान डाउनग्रेड गर्न हाम्रो WhatsApp नम्बर मा सम्पर्क गर्नुहोस्,obstruction:ne:26,synthetic_v1,0,0,0,1,0,0,0,0
फेस वॉश एक्सचेंज अनुरोध केवल हमारा सपोर्ट नंबर से होगा,obstruction,obstruction,hi,a,support_link,[TAG=a] [ROLE=support_link] फेस वॉश एक्सचेंज अनुरोध केवल हमारा सपोर्ट नंबर से होगा,obstruction:hi:25,synthetic_v1,0,0,0,1,0,0,0,0
ऑटो-रिन्यूअल बंद करने के लिए 2 दिन में हमारा WhatsApp नंबर से संपर्क करें,obstruction,obstruction,hi,p,help_text,[TAG=p] [ROLE=help_text] ऑटो-रिन्यूअल बंद करने के लिए 2 दिन में हमारा WhatsApp नंबर से संपर्क करें,obstruction:hi:21,synthetic_v1,0,0,0,1,0,0,0,0
Your BigBasket refund needs approval from our helpline,obstruction,obstruction,en,p,help_text,[TAG=p] [ROLE=help_text] Your BigBasket refund needs approval from our helpline,obstruction:en:23,synthetic_v1,0,0,0,1,0,0,0,0
Nykaa मा प्लस प्लान डाउनग्रेड गर्न हाम्रो हेल्पलाइन मा सम्पर्क गर्नुहोस्,obstruction,obstruction,ne,p,help_text,[TAG=p] [ROLE=help_text] Nykaa मा प्लस प्लान डाउनग्रेड गर्न हाम्रो हेल्पलाइन मा सम्पर्क गर्नुहोस्,obstruction:ne:26,synthetic_v1,0,0,0,1,0,0,0,0
वायरलेस इयरबड्स फिर्ता गर्नु छ? पहिले हाम्रो Viber सपोर्ट मा फोन गर्नुहोस्,obstruction,obstruction,ne,a,support_link,[TAG=a] [ROLE=support_link] वायरलेस इयरबड्स फिर्ता गर्नु छ? पहिले हाम्रो Viber सपोर्ट मा फोन गर्नुहोस्,obstruction:ne:22,synthetic_v1,0,0,0,1,0,0,0,0
Lenskart पर सब्सक्रिप्शन बदलाव केवल हमारी हेल्पलाइन से संभव है,obstruction,obstruction,hi,a,support_link,[TAG=a] [ROLE=support_link] Lenskart पर सब्सक्रिप्शन बदलाव केवल हमारी हेल्पलाइन से संभव है,obstruction:hi:18,synthetic_v1,0,0,0,1,0,0,0,0
ऑटो-रिन्यूअल बंद करने के लिए 9 दिन में हमारी हेल्पलाइन से संपर्क करें,obstruction,obstruction,hi,p,help_text,[TAG=p] [ROLE=help_text] ऑटो-रिन्यूअल बंद करने के लिए 9 दिन में हमारी हेल्पलाइन से संपर्क करें,obstruction:hi:21,synthetic_v1,0,0,0,1,0,0,0,0
स्वतः नवीकरण बन्द गर्न 8 दिनभित्र हाम्रो सपोर्ट नम्बर मा सम्पर्क गर्नुहोस्,obstruction,obstruction,ne,p,help_text,[TAG=p] [ROLE=help_text] स्वतः नवीकरण बन्द गर्न 8 दिनभित्र हाम्रो सपोर्ट नम्बर मा सम्पर्क गर्नुहोस्,obstruction:ne:21,synthetic_v1,0,0,0,1,0,0,0,0
"To cancel your Salesberry order, contact the call centre",obstruction,obstruction,en,div,modal_text,"[TAG=div] [ROLE=modal_text] To cancel your Salesberry order, contact the call centre",obstruction:en:15,synthetic_v1,0,0,0,1,0,0,0,0
FirstCry रिफंड के लिए हमारा WhatsApp नंबर की मंज़ूरी चाहिए,obstruction,obstruction,hi,div,modal_text,[TAG=div] [ROLE=modal_text] FirstCry रिफंड के लिए हमारा WhatsApp नंबर की मंज़ूरी चाहिए,obstruction:hi:23,synthetic_v1,0,0,0,1,0,0,0,0
राइस कुकर को रिफन्ड कल सेन्टर मार्फत मात्र माग्नुहोस्,obstruction,obstruction,ne,a,support_link,[TAG=a] [ROLE=support_link] राइस कुकर को रिफन्ड कल सेन्टर मार्फत मात्र माग्नुहोस्,obstruction:ne:16,synthetic_v1,0,0,0,1,0,0,0,0
फेस वॉश को ऑर्डर से हटाने के लिए हमारा WhatsApp नंबर से संपर्क करें,obstruction,obstruction,hi,div,modal_text,[TAG=div] [ROLE=modal_text] फेस वॉश को ऑर्डर से हटाने के लिए हमारा WhatsApp नंबर से संपर्क करें,obstruction:hi:19,synthetic_v1,0,0,0,1,0,0,0,0
पक्का हो? रद्द गर्न चरण 9 मा जानुहोस्,obstruction,obstruction,ne,a,support_link,[TAG=a] [ROLE=support_link] पक्का हो? रद्द गर्न चरण 9 मा जानुहोस्,obstruction:ne:10,synthetic_v1,0,0,0,1,0,0,0,0
"To close your Nykaa account, write to our Facebook page",obstruction,obstruction,en,div,modal_text,"[TAG=div] [ROLE=modal_text] To close your Nykaa account, write to our Facebook page",obstruction:en:17,synthetic_v1,0,0,0,1,0,0,0,0
Zepto रिफन्डका लागि हाम्रो Facebook पेज को स्वीकृति चाहिन्छ,obstruction,obstruction,ne,div,modal_text,[TAG=div] [ROLE=modal_text] Zepto रिफन्डका लागि हाम्रो Facebook पेज को स्वीकृति चाहिन्छ,obstruction:ne:23,synthetic_v1,0,0,0,1,0,0,0,0
ब्लूटूथ स्पीकर को ऑर्डर से हटाने के लिए कॉल सेंटर से संपर्क करें,obstruction,obstruction,hi,div,modal_text,[TAG=div] [ROLE=modal_text] ब्लूटूथ स्पीकर को ऑर्डर से हटाने के लिए कॉल सेंटर से संपर्क करें,obstruction:hi:19,synthetic_v1,0,0,0,1,0,0,0,0
"To downgrade your Plus plan at HamroBazar, contact our email desk",obstruction,obstruction,en,p,help_text,"[TAG=p] [ROLE=help_text] To downgrade your Plus plan at HamroBazar, contact our email desk",obstruction:en:26,synthetic_v1,0,0,0,1,0,0,0,0
योगा मैट एक्सचेंज अनुरोध केवल हमारा ईमेल डेस्क से होगा,obstruction,obstruction,hi,div,modal_text,[TAG=div] [ROLE=modal_text] योगा मैट एक्सचेंज अनुरोध केवल हमारा ईमेल डेस्क से होगा,obstruction:hi:25,synthetic_v1,0,0,0,1,0,0,0,0
water bottle exchange requests go through our helpline only,obstruction,obstruction,en,a,support_link,[TAG=a] [ROLE=support_link] water bottle exchange requests go through our helpline only,obstruction:en:25,synthetic_v1,0,0,0,1,0,0,0,0
गेमिङ माउस सट्टा अनुरोध हाम्रो इमेल डेस्क बाट मात्र हुन्छ,obstruction,obstruction,ne,p,help_text,[TAG=p] [ROLE=help_text] गेमिङ माउस सट्टा अनुरोध हाम्रो इमेल डेस्क बाट मात्र हुन्छ,obstruction:ne:25,synthetic_v1,0,0,0,1,0,0,0,0
Flipkart खाता बंद करने के लिए हमारा सपोर्ट नंबर को लिखें,obstruction,obstruction,hi,div,modal_text,[TAG=div] [ROLE=modal_text] Flipkart खाता बंद करने के लिए हमारा सपोर्ट नंबर को लिखें,obstruction:hi:17,synthetic_v1,0,0,0,1,0,0,0,0
Subscription changes at FirstCry are only possible via our WhatsApp number,obstruction,obstruction,en,div,modal_text,[TAG=div] [ROLE=modal_text] Subscription changes at FirstCry are only possible via our WhatsApp number,obstruction:en:18,synthetic_v1,0,0,0,1,0,0,0,0
Snapdeal रद्दीकरण के लिए हमारा WhatsApp नंबर से सत्यापन ज़रूरी है,obstruction,obstruction,hi,div,modal_text,[TAG=div] [ROLE=modal_text] Snapdeal रद्दीकरण के लिए हमारा WhatsApp नंबर से सत्यापन ज़रूरी है,obstruction:hi:20,synthetic_v1,0,0,0,1,0,0,0,0
"To downgrade your Prime plan at Zepto, contact our Facebook page",obstruction,obstruction,en,a,support_link,"[TAG=a] [ROLE=support_link] To downgrade your Prime plan at Zepto, contact our Facebook page",obstruction:en:26,synthetic_v1,0,0,0,1,0,0,0,0
"To close your Nykaa account, write to our WhatsApp number",obstruction,obstruction,en,a,support_link,"[TAG=a] [ROLE=support_link] To close your Nykaa account, write to our WhatsApp number",obstruction:en:17,synthetic_v1,0,0,0,1,0,0,0,0
"To close your SastoDeal account, write to our Facebook page",obstruction,obstruction,en,a,support_link,"[TAG=a] [ROLE=support_link] To close your SastoDeal account, write to our Facebook page",obstruction:en:17,synthetic_v1,0,0,0,1,0,0,0,0
Returning power bank? Please call our Facebook page first,obstruction,obstruction,en,div,modal_text,[TAG=div] [ROLE=modal_text] Returning power bank? Please call our Facebook page first,obstruction:en:22,synthetic_v1,0,0,0,1,0,0,0,0
Gyapu डाटा हटाउन हाम्रो WhatsApp नम्बर लाई लिखित अनुरोध पठाउनुहोस्,obstruction,obstruction,ne,div,modal_text,[TAG=div] [ROLE=modal_text] Gyapu डाटा हटाउन हाम्रो WhatsApp नम्बर लाई लिखित अनुरोध पठाउनुहोस्,obstruction:ne:24,synthetic_v1,0,0,0,1,0,0,0,0
"To downgrade your Pro plan at Daraz, contact our helpline",obstruction,obstruction,en,p,help_text,"[TAG=p] [ROLE=help_text] To downgrade your Pro plan at Daraz, contact our helpline",obstruction:en:26,synthetic_v1,0,0,0,1,0,0,0,0
Gyapu रिफंड के लिए हमारा WhatsApp नंबर की मंज़ूरी चाहिए,obstruction,obstruction,hi,div,modal_text,[TAG=div] [ROLE=modal_text] Gyapu रिफंड के लिए हमारा WhatsApp नंबर की मंज़ूरी चाहिए,obstruction:hi:23,synthetic_v1,0,0,0,1,0,0,0,0
ऑटो-रिन्यूअल बंद करने के लिए 4 दिन में लाइव चैट से संपर्क करें,obstruction,obstruction,hi,div,modal_text,[TAG=div] [ROLE=modal_text] ऑटो-रिन्यूअल बंद करने के लिए 4 दिन में लाइव चैट से संपर्क करें,obstruction:hi:21,synthetic_v1,0,0,0,1,0,0,0,0
"To downgrade, submit a request from the Delhi office portal",obstruction,obstruction,en,div,modal_text,"[TAG=div] [ROLE=modal_text] To downgrade, submit a request from the Delhi office portal",obstruction:en:12,synthetic_v1,0,0,0,1,0,0,0,0
formal shirt exchange requests go through the call centre only,obstruction,obstruction,en,a,support_link,[TAG=a] [ROLE=support_link] formal shirt exchange requests go through the call centre only,obstruction:en:25,synthetic_v1,0,0,0,1,0,0,0,0
स्पोर्ट्स चप्पल को रिफन्ड कल सेन्टर मार्फत मात्र माग्नुहोस्,obstruction,obstruction,ne,div,modal_text,[TAG=div] [ROLE=modal_text] स्पोर्ट्स चप्पल को रिफन्ड कल सेन्टर मार्फत मात्र माग्नुहोस्,obstruction:ne:16,synthetic_v1,0,0,0,1,0,0,0,0
Returning school bag? Please call live chat first,obstruction,obstruction,en,div,modal_text,[TAG=div] [ROLE=modal_text] Returning school bag? Please call live chat first,obstruction:en:22,synthetic_v1,0,0,0,1,0,0,0,0
फेस वास अर्डरबाट हटाउन लाइभ च्याट मा सम्पर्क गर्नुहोस्,obstruction,obstruction,ne,p,help_text,[TAG=p] [ROLE=help_text] फेस वास अर्डरबाट हटाउन लाइभ च्याट मा सम्पर्क गर्नुहोस्,obstruction:ne:19,synthetic_v1,0,0,0,1,0,0,0,0
"To stop auto-renewal, contact our helpline within 2 days",obstruction,obstruction,en,div,modal_text,"[TAG=div] [ROLE=modal_text] To stop auto-renewal, contact our helpline within 2 days",obstruction:en:21,synthetic_v1,0,0,0,1,0,0,0,0
घामको चस्मा सट्टा अनुरोध लाइभ च्याट बाट मात्र हुन्छ,obstruction,obstruction,ne,p,help_text,[TAG=p] [ROLE=help_text] घामको चस्मा सट्टा अनुरोध लाइभ च्याट बाट मात्र हुन्छ,obstruction:ne:25,synthetic_v1,0,0,0,1,0,0,0,0
Your Pepperfry refund needs approval from our Facebook page,obstruction,obstruction,en,a,support_link,[TAG=a] [ROLE=support_link] Your Pepperfry refund needs approval from our Facebook page,obstruction:en:23,synthetic_v1,0,0,0,1,0,0,0,0
Return requests must be raised by phone within 1 days,obstruction,obstruction,en,div,modal_text,[TAG=div] [ROLE=modal_text] Return requests must be raised by phone within 1 days,obstruction:en:13,synthetic_v1,0,0,0,1,0,0,0,0
पावर बैंक को ऑर्डर से हटाने के लिए लाइव चैट से संपर्क करें,obstruction,obstruction,hi,p,help_text,[TAG=p] [ROLE=help_text] पावर बैंक को ऑर्डर से हटाने के लिए लाइव चैट से संपर्क करें,obstruction:hi:19,synthetic_v1,0,0,0,1,0,0,0,0
Reach the call centre to remove noise cancelling headphones from your order,obstruction,obstruction,en,a,support_link,[TAG=a] [ROLE=support_link] Reach the call centre to remove noise cancelling headphones from your order,obstruction:en:19,synthetic_v1,0,0,0,1,0,0,0,0
Subscription changes at Nykaa are only possible via our email desk,obstruction,obstruction,en,p,help_text,[TAG=p] [ROLE=help_text] Subscription changes at Nykaa are only possible via our email desk,obstruction:en:18,synthetic_v1,0,0,0,1,0,0,0,0
Blinkit मा सदस्यता परिवर्तन हाम्रो Facebook पेज बाट मात्र सम्भव छ,obstruction,obstruction,ne,a,support_link,[TAG=a] [ROLE=support_link] Blinkit मा सदस्यता परिवर्तन हाम्रो Facebook पेज बाट मात्र सम्भव छ,obstruction:ne:18,synthetic_v1,0,0,0,1,0,0,0,0
Myntra डेटा हटाने के लिए हमारा सपोर्ट नंबर को लिखित अनुरोध भेजें,obstruction,obstruction,hi,div,modal_text,[TAG=div] [ROLE=modal_text] Myntra डेटा हटाने के लिए हमारा सपोर्ट नंबर को लिखित अनुरोध भेजें,obstruction:hi:24,synthetic_v1,0,0,0,1,0,0,0,0
इलेक्ट्रिक केतली अर्डरबाट हटाउन हाम्रो सपोर्ट नम्बर मा सम्पर्क गर्नुहोस्,obstruction,obstruction,ne,p,help_text,[TAG=p] [ROLE=help_text] इलेक्ट्रिक केतली अर्डरबाट हटाउन हाम्रो सपोर्ट नम्बर मा सम्पर्क गर्नुहोस्,obstruction:ne:19,synthetic_v1,0,0,0,1,0,0,0,0
डाउनग्रेड गर्न धरान कार्यालय पोर्टलबाट अनुरोध गर्नुहोस्,obstruction,obstruction,ne,div,modal_text,[TAG=div] [ROLE=modal_text] डाउनग्रेड गर्न धरान कार्यालय पोर्टलबाट अनुरोध गर्नुहोस्,obstruction:ne:12,synthetic_v1,0,0,0,1,0,0,0,0
फोन कभर सट्टा अनुरोध हाम्रो Facebook पेज बाट मात्र हुन्छ,obstruction,obstruction,ne,a,support_link,[TAG=a] [ROLE=support_link] फोन कभर सट्टा अनुरोध हाम्रो Facebook पेज बाट मात्र हुन्छ,obstruction:ne:25,synthetic_v1,0,0,0,1,0,0,0,0
"To downgrade your Gold plan at Myntra, contact our Viber support",obstruction,obstruction,en,div,modal_text,"[TAG=div] [ROLE=modal_text] To downgrade your Gold plan at Myntra, contact our Viber support",obstruction:en:26,synthetic_v1,0,0,0,1,0,0,0,0
Kinbech खाता बन्द गर्न हाम्रो Facebook पेज लाई लेख्नुहोस्,obstruction,obstruction,ne,div,modal_text,[TAG=div] [ROLE=modal_text] Kinbech खाता बन्द गर्न हाम्रो Facebook पेज लाई लेख्नुहोस्,obstruction:ne:17,synthetic_v1,0,0,0,1,0,0,0,0
Zepto डेटा हटाने के लिए हमारा Viber सपोर्ट को लिखित अनुरोध भेजें,obstruction,obstruction,hi,div,modal_text,[TAG=div] [ROLE=modal_text] Zepto डेटा हटाने के लिए हमारा Viber सपोर्ट को लिखित अनुरोध भेजें,obstruction:hi:24,synthetic_v1,0,0,0,1,0,0,0,0
Salesberry cancellations require verification through our WhatsApp number,obstruction,obstruction,en,div,modal_text,[TAG=div] [ROLE=modal_text] Salesberry cancellations require verification through our WhatsApp number,obstruction:en:20,synthetic_v1,0,0,0,1,0,0,0,0
Your Snapdeal refund needs approval from our email desk,obstruction,obstruction,en,p,help_text,[TAG=p] [ROLE=help_text] Your Snapdeal refund needs approval from our email desk,obstruction:en:23,synthetic_v1,0,0,0,1,0,0,0,0
OkDam रद्दीकरणका लागि हाम्रो हेल्पलाइन बाट प्रमाणीकरण आवश्यक छ,obstruction,obstruction,ne,div,modal_text,[TAG=div] [ROLE=modal_text] OkDam रद्दीकरणका लागि हाम्रो हेल्पलाइन बाट प्रमाणीकरण आवश्यक छ,obstruction:ne:20,synthetic_v1,0,0,0,1,0,0,0,0
ऑटो-रिन्यूअल बंद करने के लिए 4 दिन में हमारा सपोर्ट नंबर से संपर्क करें,obstruction,obstruction,hi,p,help_text,[TAG=p] [ROLE=help_text] ऑटो-रिन्यूअल बंद करने के लिए 4 दिन में हमारा सपोर्ट नंबर से संपर्क करें,obstruction:hi:21,synthetic_v1,0,0,0,1,0,0,0,0
Meesho रिफन्डका लागि हाम्रो इमेल डेस्क को स्वीकृति चाहिन्छ,obstruction,obstruction,ne,p,help_text,[TAG=p] [ROLE=help_text] Meesho रिफन्डका लागि हाम्रो इमेल डेस्क को स्वीकृति चाहिन्छ,obstruction:ne:23,synthetic_v1,0,0,0,1,0,0,0,0
Meesho रिफन्डका लागि हाम्रो WhatsApp नम्बर को स्वीकृति चाहिन्छ,obstruction,obstruction,ne,div,modal_text,[TAG=div] [ROLE=modal_text] Meesho रिफन्डका लागि हाम्रो WhatsApp नम्बर को स्वीकृति चाहिन्छ,obstruction:ne:23,synthetic_v1,0,0,0,1,0,0,0,0
"To remove your saved card, write to our team",obstruction,obstruction,en,a,support_link,"[TAG=a] [ROLE=support_link] To remove your saved card, write to our team",obstruction:en:07,synthetic_v1,0,0,0,1,0,0,0,0
स्टडी लाइट सट्टा अनुरोध हाम्रो हेल्पलाइन बाट मात्र हुन्छ,obstruction,obstruction,ne,p,help_text,[TAG=p] [ROLE=help_text] स्टडी लाइट सट्टा अनुरोध हाम्रो हेल्पलाइन बाट मात्र हुन्छ,obstruction:ne:25,synthetic_v1,0,0,0,1,0,0,0,0
डेनिम जींस का रिफंड हमारा Facebook पेज के ज़रिये ही मांगें,obstruction,obstruction,hi,div,modal_text,[TAG=div] [ROLE=modal_text] डेनिम जींस का रिफंड हमारा Facebook पेज के ज़रिये ही मांगें,obstruction:hi:16,synthetic_v1,0,0,0,1,0,0,0,0
लैपटॉप बैग को ऑर्डर से हटाने के लिए हमारा WhatsApp नंबर से संपर्क करें,obstruction,obstruction,hi,div,modal_text,[TAG=div] [ROLE=modal_text] लैपटॉप बैग को ऑर्डर से हटाने के लिए हमारा WhatsApp नंबर से संपर्क करें,obstruction:hi:19,synthetic_v1,0,0,0,1,0,0,0,0
Reliance Digital रिफंड के लिए कॉल सेंटर की मंज़ूरी चाहिए,obstruction,obstruction,hi,p,help_text,[TAG=p] [ROLE=help_text] Reliance Digital रिफंड के लिए कॉल सेंटर की मंज़ूरी चाहिए,obstruction:hi:23,synthetic_v1,0,0,0,1,0,0,0,0
Please contact us within 3 business days to cancel,obstruction,obstruction,en,p,help_text,[TAG=p] [ROLE=help_text] Please contact us within 3 business days to cancel,obstruction:en:05,synthetic_v1,0,0,0,1,0,0,0,0
ट्रेकिङ ज्याकेट अर्डरबाट हटाउन हाम्रो WhatsApp नम्बर मा सम्पर्क गर्नुहोस्,obstruction,obstruction,ne,p,help_text,[TAG=p] [ROLE=help_text] ट्रेकिङ ज्याकेट अर्डरबाट हटाउन हाम्रो WhatsApp नम्बर मा सम्पर्क गर्नुहोस्,obstruction:ne:19,synthetic_v1,0,0,0,1,0,0,0,0
प्रोटीन पाउडर का रिफंड हमारी हेल्पलाइन के ज़रिये ही मांगें,obstruction,obstruction,hi,div,modal_text,[TAG=div] [ROLE=modal_text] प्रोटीन पाउडर का रिफंड हमारी हेल्पलाइन के ज़रिये ही मांगें,obstruction:hi:16,synthetic_v1,0,0,0,1,0,0,0,0
ऑटो-रिन्यूअल बंद करने के लिए 4 दिन में कॉल सेंटर से संपर्क करें,obstruction,obstruction,hi,div,modal_text,[TAG=div] [ROLE=modal_text] ऑटो-रिन्यूअल बंद करने के लिए 4 दिन में कॉल सेंटर से संपर्क करें,obstruction:hi:21,synthetic_v1,0,0,0,1,0,0,0,0
"To close your Muncha account, write to our email desk",obstruction,obstruction,en,div,modal_text,"[TAG=div] [ROLE=modal_text] To close your Muncha account, write to our email desk",obstruction:en:17,synthetic_v1,0,0,0,1,0,0,0,0
"To cancel your Blinkit order, contact our WhatsApp number",obstruction,obstruction,en,p,help_text,"[TAG=p] [ROLE=help_text] To cancel your Blinkit order, contact our WhatsApp number",obstruction:en:15,synthetic_v1,0,0,0,1,0,0,0,0
बैकपैक लौटाना है? पहले हमारा सपोर्ट नंबर पर कॉल करें,obstruction,obstruction,hi,p,help_text,[TAG=p] [ROLE=help_text] बैकपैक लौटाना है? पहले हमारा सपोर्ट नंबर पर कॉल करें,obstruction:hi:22,synthetic_v1,0,0,0,1,0,0,0,0
Snapdeal डाटा हटाउन लाइभ च्याट लाई लिखित अनुरोध पठाउनुहोस्,obstruction,obstruction,ne,p,help_text,[TAG=p] [ROLE=help_text] Snapdeal डाटा हटाउन लाइभ च्याट लाई लिखित अनुरोध पठाउनुहोस्,obstruction:ne:24,synthetic_v1,0,0,0,1,0,0,0,0
नॉइज़ कैंसलिंग हेडफोन एक्सचेंज अनुरोध केवल हमारा Facebook पेज से होगा,obstruction,obstruction,hi,a,support_link,[TAG=a] [ROLE=support_link] नॉइज़ कैंसलिंग हेडफोन एक्सचेंज अनुरोध केवल हमारा Facebook पेज से होगा,obstruction:hi:25,synthetic_v1,0,0,0,1,0,0,0,0
Reach our Facebook page to remove face wash from your order,obstruction,obstruction,en,div,modal_text,[TAG=div] [ROLE=modal_text] Reach our Facebook page to remove face wash from your order,obstruction:en:19,synthetic_v1,0,0,0,1,0,0,0,0
Reliance Digital खाता बन्द गर्न हाम्रो हेल्पलाइन लाई लेख्नुहोस्,obstruction,obstruction,ne,div,modal_text,[TAG=div] [ROLE=modal_text] Reliance Digital खाता बन्द गर्न हाम्रो हेल्पलाइन लाई लेख्नुहोस्,obstruction:ne:17,synthetic_v1,0,0,0,1,0,0,0,0
Kinbech अर्डर रद्द गर्न हाम्रो Viber सपोर्ट मा सम्पर्क गर्नुहोस्,obstruction,obstruction,ne,p,help_text,[TAG=p] [ROLE=help_text] Kinbech अर्डर रद्द गर्न हाम्रो Viber सपोर्ट मा सम्पर्क गर्नुहोस्,obstruction:ne:15,synthetic_v1,0,0,0,1,0,0,0,0
फेस वॉश का रिफंड हमारा Viber सपोर्ट के ज़रिये ही मांगें,obstruction,obstruction,hi,div,modal_text,[TAG=div] [ROLE=modal_text] फेस वॉश का रिफंड हमारा Viber सपोर्ट के ज़रिये ही मांगें,obstruction:hi:16,synthetic_v1,0,0,0,1,0,0,0,0
पानीको बोतल को रिफन्ड हाम्रो हेल्पलाइन मार्फत मात्र माग्नुहोस्,obstruction,obstruction,ne,p,help_text,[TAG=p] [ROLE=help_text] पानीको बोतल को रिफन्ड हाम्रो हेल्पलाइन मार्फत मात्र माग्नुहोस्,obstruction:ne:16,synthetic_v1,0,0,0,1,0,0,0,0
फेस वास सट्टा अनुरोध हाम्रो WhatsApp नम्बर बाट मात्र हुन्छ,obstruction,obstruction,ne,a,support_link,[TAG=a] [ROLE=support_link] फेस वास सट्टा अनुरोध हाम्रो WhatsApp नम्बर बाट मात्र हुन्छ,obstruction:ne:25,synthetic_v1,0,0,0,1,0,0,0,0
"To cancel your Zepto order, contact our WhatsApp number",obstruction,obstruction,en,p,help_text,"[TAG=p] [ROLE=help_text] To cancel your Zepto order, contact our WhatsApp number",obstruction:en:15,synthetic_v1,0,0,0,1,0,0,0,0
BigBasket ऑर्डर रद्द करने के लिए हमारा ईमेल डेस्क से संपर्क करें,obstruction,obstruction,hi,div,modal_text,[TAG=div] [ROLE=modal_text] BigBasket ऑर्डर रद्द करने के लिए हमारा ईमेल डेस्क से संपर्क करें,obstruction:hi:15,synthetic_v1,0,0,0,1,0,0,0,0
Subscription changes at Pepperfry are only possible via the call centre,obstruction,obstruction,en,div,modal_text,[TAG=div] [ROLE=modal_text] Subscription changes at Pepperfry are only possible via the call centre,obstruction:en:18,synthetic_v1,0,0,0,1,0,0,0,0
Flipkart रद्दीकरणका लागि कल सेन्टर बाट प्रमाणीकरण आवश्यक छ,obstruction,obstruction,ne,p,help_text,[TAG=p] [ROLE=help_text] Flipkart रद्दीकरणका लागि कल सेन्टर बाट प्रमाणीकरण आवश्यक छ,obstruction:ne:20,synthetic_v1,0,0,0,1,0,0,0,0
Your Snapdeal refund needs approval from our Facebook page,obstruction,obstruction,en,a,support_link,[TAG=a] [ROLE=support_link] Your Snapdeal refund needs approval from our Facebook page,obstruction:en:23,synthetic_v1,0,0,0,1,0,0,0,0
Returning hair dryer? Please call our support line first,obstruction,obstruction,en,a,support_link,[TAG=a] [ROLE=support_link] Returning hair dryer? Please call our support line first,obstruction:en:22,synthetic_v1,0,0,0,1,0,0,0,0
"To close your Kinbech account, write to our support line",obstruction,obstruction,en,div,modal_text,"[TAG=div] [ROLE=modal_text] To close your Kinbech account, write to our support line",obstruction:en:17,synthetic_v1,0,0,0,1,0,0,0,0
Deleting your Blinkit data requires a written request to our helpline,obstruction,obstruction,en,div,modal_text,[TAG=div] [ROLE=modal_text] Deleting your Blinkit data requires a written request to our helpline,obstruction:en:24,synthetic_v1,0,0,0,1,0,0,0,0
OkDam ऑर्डर रद्द करने के लिए कॉल सेंटर से संपर्क करें,obstruction,obstruction,hi,p,help_text,[TAG=p] [ROLE=help_text] OkDam ऑर्डर रद्द करने के लिए कॉल सेंटर से संपर्क करें,obstruction:hi:15,synthetic_v1,0,0,0,1,0,0,0,0
ल्यापटप ब्याग फिर्ता गर्नु छ? पहिले हाम्रो हेल्पलाइन मा फोन गर्नुहोस्,obstruction,obstruction,ne,a,support_link,[TAG=a] [ROLE=support_link] ल्यापटप ब्याग फिर्ता गर्नु छ? पहिले हाम्रो हेल्पलाइन मा फोन गर्नुहोस्,obstruction:ne:22,synthetic_v1,0,0,0,1,0,0,0,0
noise cancelling headphones exchange requests go through our WhatsApp number only,obstruction,obstruction,en,p,help_text,[TAG=p] [ROLE=help_text] noise cancelling headphones exchange requests go through our WhatsApp number only,obstruction:en:25,synthetic_v1,0,0,0,1,0,0,0,0
धूप का चश्मा को ऑर्डर से हटाने के लिए हमारा ईमेल डेस्क से संपर्क करें,obstruction,obstruction,hi,a,support_link,[TAG=a] [ROLE=support_link] धूप का चश्मा को ऑर्डर से हटाने के लिए हमारा ईमेल डेस्क से संपर्क करें,obstruction:hi:19,synthetic_v1,0,0,0,1,0,0,0,0
Meesho डेटा हटाने के लिए हमारा Facebook पेज को लिखित अनुरोध भेजें,obstruction,obstruction,hi,p,help_text,[TAG=p] [ROLE=help_text] Meesho डेटा हटाने के लिए हमारा Facebook पेज को लिखित अनुरोध भेजें,obstruction:hi:24,synthetic_v1,0,0,0,1,0,0,0,0
ऑटो-रिन्यूअल बंद करने के लिए 4 दिन में हमारा WhatsApp नंबर से संपर्क करें,obstruction,obstruction,hi,a,support_link,[TAG=a] [ROLE=support_link] ऑटो-रिन्यूअल बंद करने के लिए 4 दिन में हमारा WhatsApp नंबर से संपर्क करें,obstruction:hi:21,synthetic_v1,0,0,0,1,0,0,0,0
ब्लूटूथ स्पीकर लौटाना है? पहले हमारा सपोर्ट नंबर पर कॉल करें,obstruction,obstruction,hi,p,help_text,[TAG=p] [ROLE=help_text] ब्लूटूथ स्पीकर लौटाना है? पहले हमारा सपोर्ट नंबर पर कॉल करें,obstruction:hi:22,synthetic_v1,0,0,0,1,0,0,0,0
डेनिम जींस को ऑर्डर से हटाने के लिए हमारा Facebook पेज से संपर्क करें,obstruction,obstruction,hi,p,help_text,[TAG=p] [ROLE=help_text] डेनिम जींस को ऑर्डर से हटाने के लिए हमारा Facebook पेज से संपर्क करें,obstruction:hi:19,synthetic_v1,0,0,0,1,0,0,0,0
Subscription changes at JioMart are only possible via the call centre,obstruction,obstruction,en,p,help_text,[TAG=p] [ROLE=help_text] Subscription changes at JioMart are only possible via the call centre,obstruction:en:18,synthetic_v1,0,0,0,1,0,0,0,0
SastoDeal डाटा हटाउन कल सेन्टर लाई लिखित अनुरोध पठाउनुहोस्,obstruction,obstruction,ne,a,support_link,[TAG=a] [ROLE=support_link] SastoDeal डाटा हटाउन कल सेन्टर लाई लिखित अनुरोध पठाउनुहोस्,obstruction:ne:24,synthetic_v1,0,0,0,1,0,0,0,0
स्वतः नवीकरण बन्द गर्न 12 दिनभित्र हाम्रो WhatsApp नम्बर मा सम्पर्क गर्नुहोस्,obstruction,obstruction,ne,a,support_link,[TAG=a] [ROLE=support_link] स्वतः नवीकरण बन्द गर्न 12 दिनभित्र हाम्रो WhatsApp नम्बर मा सम्पर्क गर्नुहोस्,obstruction:ne:21,synthetic_v1,0,0,0,1,0,0,0,0
Return requests must be raised by phone within 12 days,obstruction,obstruction,en,div,modal_text,[TAG=div] [ROLE=modal_text] Return requests must be raised by phone within 12 days,obstruction:en:13,synthetic_v1,0,0,0,1,0,0,0,0
Returning sports sandals? Please call our Facebook page first,obstruction,obstruction,en,p,help_text,[TAG=p] [ROLE=help_text] Returning sports sandals? Please call our Facebook page first,obstruction:en:22,synthetic_v1,0,0,0,1,0,0,0,0
कॉटन कुर्ता का रिफंड हमारा WhatsApp नंबर के ज़रिये ही मांगें,obstruction,obstruction,hi,div,modal_text,[TAG=div] [ROLE=modal_text] कॉटन कुर्ता का रिफंड हमारा WhatsApp नंबर के ज़रिये ही मांगें,obstruction:hi:16,synthetic_v1,0,0,0,1,0,0,0,0
BigBasket खाता बन्द गर्न हाम्रो सपोर्ट नम्बर लाई लेख्नुहोस्,obstruction,obstruction,ne,div,modal_text,[TAG=div] [ROLE=modal_text] BigBasket खाता बन्द गर्न हाम्रो सपोर्ट नम्बर लाई लेख्नुहोस्,obstruction:ne:17,synthetic_v1,0,0,0,1,0,0,0,0
ऑटो-रिन्यूअल बंद करने के लिए 12 दिन में हमारा Facebook पेज से संपर्क करें,obstruction,obstruction,hi,a,support_link,[TAG=a] [ROLE=support_link] ऑटो-रिन्यूअल बंद करने के लिए 12 दिन में हमारा Facebook पेज से संपर्क करें,obstruction:hi:21,synthetic_v1,0,0,0,1,0,0,0,0
Nykaa मा गोल्ड प्लान डाउनग्रेड गर्न हाम्रो इमेल डेस्क मा सम्पर्क गर्नुहोस्,obstruction,obstruction,ne,p,help_text,[TAG=p] [ROLE=help_text] Nykaa मा गोल्ड प्लान डाउनग्रेड गर्न हाम्रो इमेल डेस्क मा सम्पर्क गर्नुहोस्,obstruction:ne:26,synthetic_v1,0,0,0,1,0,0,0,0
"To cancel your SastoDeal order, contact our support line",obstruction,obstruction,en,a,support_link,"[TAG=a] [ROLE=support_link] To cancel your SastoDeal order, contact our support line",obstruction:en:15,synthetic_v1,0,0,0,1,0,0,0,0
Please contact us within 10 business days to cancel,obstruction,obstruction,en,p,help_text,[TAG=p] [ROLE=help_text] Please contact us within 10 business days to cancel,obstruction:en:05,synthetic_v1,0,0,0,1,0,0,0,0
"To stop auto-renewal, contact the call centre within 10 days",obstruction,obstruction,en,div,modal_text,"[TAG=div] [ROLE=modal_text] To stop auto-renewal, contact the call centre within 10 days",obstruction:en:21,synthetic_v1,0,0,0,1,0,0,0,0
गेमिङ माउस को रिफन्ड कल सेन्टर मार्फत मात्र माग्नुहोस्,obstruction,obstruction,ne,a,support_link,[TAG=a] [ROLE=support_link] गेमिङ माउस को रिफन्ड कल सेन्टर मार्फत मात्र माग्नुहोस्,obstruction:ne:16,synthetic_v1,0,0,0,1,0,0,0,0
Amazon रद्दीकरणका लागि हाम्रो सपोर्ट नम्बर बाट प्रमाणीकरण आवश्यक छ,obstruction,obstruction,ne,div,modal_text,[TAG=div] [ROLE=modal_text] Amazon रद्दीकरणका लागि हाम्रो सपोर्ट नम्बर बाट प्रमाणीकरण आवश्यक छ,obstruction:ne:20,synthetic_v1,0,0,0,1,0,0,0,0
Meesho खाता बन्द गर्न हाम्रो इमेल डेस्क लाई लेख्नुहोस्,obstruction,obstruction,ne,a,support_link,[TAG=a] [ROLE=support_link] Meesho खाता बन्द गर्न हाम्रो इमेल डेस्क लाई लेख्नुहोस्,obstruction:ne:17,synthetic_v1,0,0,0,1,0,0,0,0
"To close your Amazon account, write to our email desk",obstruction,obstruction,en,a,support_link,"[TAG=a] [ROLE=support_link] To close your Amazon account, write to our email desk",obstruction:en:17,synthetic_v1,0,0,0,1,0,0,0,0
Tata Cliq खाता बंद करने के लिए हमारा WhatsApp नंबर को लिखें,obstruction,obstruction,hi,a,support_link,[TAG=a] [ROLE=support_link] Tata Cliq खाता बंद करने के लिए हमारा WhatsApp नंबर को लिखें,obstruction:hi:17,synthetic_v1,0,0,0,1,0,0,0,0
Thulo रिफंड के लिए हमारा Facebook पेज की मंज़ूरी चाहिए,obstruction,obstruction,hi,a,support_link,[TAG=a] [ROLE=support_link] Thulo रिफंड के लिए हमारा Facebook पेज की मंज़ूरी चाहिए,obstruction:hi:23,synthetic_v1,0,0,0,1,0,0,0,0
Gyapu खाता बन्द गर्न हाम्रो इमेल डेस्क लाई लेख्नुहोस्,obstruction,obstruction,ne,a,support_link,[TAG=a] [ROLE=support_link] Gyapu खाता बन्द गर्न हाम्रो इमेल डेस्क लाई लेख्नुहोस्,obstruction:ne:17,synthetic_v1,0,0,0,1,0,0,0,0
"To close your SastoDeal account, write to the call centre",obstruction,obstruction,en,a,support_link,"[TAG=a] [ROLE=support_link] To close your SastoDeal account, write to the call centre",obstruction:en:17,synthetic_v1,0,0,0,1,0,0,0,0
Ajio अर्डर रद्द गर्न हाम्रो इमेल डेस्क मा सम्पर्क गर्नुहोस्,obstruction,obstruction,ne,div,modal_text,[TAG=div] [ROLE=modal_text] Ajio अर्डर रद्द गर्न हाम्रो इमेल डेस्क मा सम्पर्क गर्नुहोस्,obstruction:ne:15,synthetic_v1,0,0,0,1,0,0,0,0
Nykaa रिफन्डका लागि हाम्रो हेल्पलाइन को स्वीकृति चाहिन्छ,obstruction,obstruction,ne,p,help_text,[TAG=p] [ROLE=help_text] Nykaa रिफन्डका लागि हाम्रो हेल्पलाइन को स्वीकृति चाहिन्छ,obstruction:ne:23,synthetic_v1,0,0,0,1,0,0,0,0
laptop bag exchange requests go through our Viber support only,obstruction,obstruction,en,div,modal_text,[TAG=div] [ROLE=modal_text] laptop bag exchange requests go through our Viber support only,obstruction:en:25,synthetic_v1,0,0,0,1,0,0,0,0
ब्याकप्याक फिर्ता गर्नु छ? पहिले हाम्रो इमेल डेस्क मा फोन गर्नुहोस्,obstruction,obstruction,ne,a,support_link,[TAG=a] [ROLE=support_link] ब्याकप्याक फिर्ता गर्नु छ? पहिले हाम्रो इमेल डेस्क मा फोन गर्नुहोस्,obstruction:ne:22,synthetic_v1,0,0,0,1,0,0,0,0
Lenskart अर्डर रद्द गर्न लाइभ च्याट मा सम्पर्क गर्नुहोस्,obstruction,obstruction,ne,a,support_link,[TAG=a] [ROLE=support_link] Lenskart अर्डर रद्द गर्न लाइभ च्याट मा सम्पर्क गर्नुहोस्,obstruction:ne:15,synthetic_v1,0,0,0,1,0,0,0,0
Gyapu रिफंड के लिए हमारी हेल्पलाइन की मंज़ूरी चाहिए,obstruction,obstruction,hi,div,modal_text,[TAG=div] [ROLE=modal_text] Gyapu रिफंड के लिए हमारी हेल्पलाइन की मंज़ूरी चाहिए,obstruction:hi:23,synthetic_v1,0,0,0,1,0,0,0,0
स्मार्टवाच सट्टा अनुरोध हाम्रो Viber सपोर्ट बाट मात्र हुन्छ,obstruction,obstruction,ne,p,help_text,[TAG=p] [ROLE=help_text] स्मार्टवाच सट्टा अनुरोध हाम्रो Viber सपोर्ट बाट मात्र हुन्छ,obstruction:ne:25,synthetic_v1,0,0,0,1,0,0,0,0
स्कूल बैग एक्सचेंज अनुरोध केवल हमारी हेल्पलाइन से होगा,obstruction,obstruction,hi,a,support_link,[TAG=a] [ROLE=support_link] स्कूल बैग एक्सचेंज अनुरोध केवल हमारी हेल्पलाइन से होगा,obstruction:hi:25,synthetic_v1,0,0,0,1,0,0,0,0
Meesho रिफंड के लिए हमारा Viber सपोर्ट की मंज़ूरी चाहिए,obstruction,obstruction,hi,p,help_text,[TAG=p] [ROLE=help_text] Meesho रिफंड के लिए हमारा Viber सपोर्ट की मंज़ूरी चाहिए,obstruction:hi:23,synthetic_v1,0,0,0,1,0,0,0,0
Deleting your OkDam data requires a written request to our Viber support,obstruction,obstruction,en,div,modal_text,[TAG=div] [ROLE=modal_text] Deleting your OkDam data requires a written request to our Viber support,obstruction:en:24,synthetic_v1,0,0,0,1,0,0,0,0
पावर बैंक लौटाना है? पहले हमारा Facebook पेज पर कॉल करें,obstruction,obstruction,hi,p,help_text,[TAG=p] [ROLE=help_text] पावर बैंक लौटाना है? पहले हमारा Facebook पेज पर कॉल करें,obstruction:hi:22,synthetic_v1,0,0,0,1,0,0,0,0
BigBasket रद्दीकरण के लिए हमारा Viber सपोर्ट से सत्यापन ज़रूरी है,obstruction,obstruction,hi,a,support_link,[TAG=a] [ROLE=support_link] BigBasket रद्दीकरण के लिए हमारा Viber सपोर्ट से सत्यापन ज़रूरी है,obstruction:hi:20,synthetic_v1,0,0,0,1,0,0,0,0
Muncha डेटा हटाने के लिए कॉल सेंटर को लिखित अनुरोध भेजें,obstruction,obstruction,hi,div,modal_text,[TAG=div] [ROLE=modal_text] Muncha डेटा हटाने के लिए कॉल सेंटर को लिखित अनुरोध भेजें,obstruction:hi:24,synthetic_v1,0,0,0,1,0,0,0,0
घामको चस्मा फिर्ता गर्नु छ? पहिले लाइभ च्याट मा फोन गर्नुहोस्,obstruction,obstruction,ne,p,help_text,[TAG=p] [ROLE=help_text] घामको चस्मा फिर्ता गर्नु छ? पहिले लाइभ च्याट मा फोन गर्नुहोस्,obstruction:ne:22,synthetic_v1,0,0,0,1,0,0,0,0
पानीको बोतल को रिफन्ड हाम्रो WhatsApp नम्बर मार्फत मात्र माग्नुहोस्,obstruction,obstruction,ne,a,support_link,[TAG=a] [ROLE=support_link] पानीको बोतल को रिफन्ड हाम्रो WhatsApp नम्बर मार्फत मात्र माग्नुहोस्,obstruction:ne:16,synthetic_v1,0,0,0,1,0,0,0,0
Tata Cliq रद्दीकरण के लिए हमारा Viber सपोर्ट से सत्यापन ज़रूरी है,obstruction,obstruction,hi,p,help_text,[TAG=p] [ROLE=help_text] Tata Cliq रद्दीकरण के लिए हमारा Viber सपोर्ट से सत्यापन ज़रूरी है,obstruction:hi:20,synthetic_v1,0,0,0,1,0,0,0,0
Reach our Facebook page to remove induction cooktop from your order,obstruction,obstruction,en,a,support_link,[TAG=a] [ROLE=support_link] Reach our Facebook page to remove induction cooktop from your order,obstruction:en:19,synthetic_v1,0,0,0,1,0,0,0,0
Deleting your Thulo data requires a written request to our WhatsApp number,obstruction,obstruction,en,p,help_text,[TAG=p] [ROLE=help_text] Deleting your Thulo data requires a written request to our WhatsApp number,obstruction:en:24,synthetic_v1,0,0,0,1,0,0,0,0
Gyapu रिफन्डका लागि हाम्रो WhatsApp नम्बर को स्वीकृति चाहिन्छ,obstruction,obstruction,ne,p,help_text,[TAG=p] [ROLE=help_text] Gyapu रिफन्डका लागि हाम्रो WhatsApp नम्बर को स्वीकृति चाहिन्छ,obstruction:ne:23,synthetic_v1,0,0,0,1,0,0,0,0
Pepperfry पर सब्सक्रिप्शन बदलाव केवल हमारा सपोर्ट नंबर से संभव है,obstruction,obstruction,hi,div,modal_text,[TAG=div] [ROLE=modal_text] Pepperfry पर सब्सक्रिप्शन बदलाव केवल हमारा सपोर्ट नंबर से संभव है,obstruction:hi:18,synthetic_v1,0,0,0,1,0,0,0,0
Meesho cancellations require verification through our email desk,obstruction,obstruction,en,a,support_link,[TAG=a] [ROLE=support_link] Meesho cancellations require verification through our email desk,obstruction:en:20,synthetic_v1,0,0,0,1,0,0,0,0
Tata Cliq पर प्रो प्लान डाउनग्रेड करने के लिए हमारा Viber सपोर्ट से संपर्क करें,obstruction,obstruction,hi,a,support_link,[TAG=a] [ROLE=support_link] Tata Cliq पर प्रो प्लान डाउनग्रेड करने के लिए हमारा Viber सपोर्ट से संपर्क करें,obstruction:hi:26,synthetic_v1,0,0,0,1,0,0,0,0
वायरलेस ईयरबड्स को ऑर्डर से हटाने के लिए हमारा WhatsApp नंबर से संपर्क करें,obstruction,obstruction,hi,div,modal_text,[TAG=div] [ROLE=modal_text] वायरलेस ईयरबड्स को ऑर्डर से हटाने के लिए हमारा WhatsApp नंबर से संपर्क करें,obstruction:hi:19,synthetic_v1,0,0,0,1,0,0,0,0
Subscription changes at Kinbech are only possible via live chat,obstruction,obstruction,en,a,support_link,[TAG=a] [ROLE=support_link] Subscription changes at Kinbech are only possible via live chat,obstruction:en:18,synthetic_v1,0,0,0,1,0,0,0,0
HamroBazar अर्डर रद्द गर्न लाइभ च्याट मा सम्पर्क गर्नुहोस्,obstruction,obstruction,ne,a,support_link,[TAG=a] [ROLE=support_link] HamroBazar अर्डर रद्द गर्न लाइभ च्याट मा सम्पर्क गर्नुहोस्,obstruction:ne:15,synthetic_v1,0,0,0,1,0,0,0,0
"To close your Snapdeal account, write to our email desk",obstruction,obstruction,en,p,help_text,"[TAG=p] [ROLE=help_text] To close your Snapdeal account, write to our email desk",obstruction:en:17,synthetic_v1,0,0,0,1,0,0,0,0
Deleting your Flipkart data requires a written request to the call centre,obstruction,obstruction,en,p,help_text,[TAG=p] [ROLE=help_text] Deleting your Flipkart data requires a written request to the call centre,obstruction:en:24,synthetic_v1,0,0,0,1,0,0,0,0
रिफंड के लिए 9 अतिरिक्त चरण पूरे करें,obstruction,obstruction,hi,a,support_link,[TAG=a] [ROLE=support_link] रिफंड के लिए 9 अतिरिक्त चरण पूरे करें,obstruction:hi:04,synthetic_v1,0,0,0,1,0,0,0,0
Refunds for hair dryer must be requested through the call centre,obstruction,obstruction,en,p,help_text,[TAG=p] [ROLE=help_text] Refunds for hair dryer must be requested through the call centre,obstruction:en:16,synthetic_v1,0,0,0,1,0,0,0,0
Ajio cancellations require verification through our Facebook page,obstruction,obstruction,en,p,help_text,[TAG=p] [ROLE=help_text] Ajio cancellations require verification through our Facebook page,obstruction:en:20,synthetic_v1,0,0,0,1,0,0,0,0
OkDam पर गोल्ड प्लान डाउनग्रेड करने के लिए कॉल सेंटर से संपर्क करें,obstruction,obstruction,hi,a,support_link,[TAG=a] [ROLE=support_link] OkDam पर गोल्ड प्लान डाउनग्रेड करने के लिए कॉल सेंटर से संपर्क करें,obstruction:hi:26,synthetic_v1,0,0,0,1,0,0,0,0
प्रोटिन पाउडर फिर्ता गर्नु छ? पहिले लाइभ च्याट मा फोन गर्नुहोस्,obstruction,obstruction,ne,div,modal_text,[TAG=div] [ROLE=modal_text] प्रोटिन पाउडर फिर्ता गर्नु छ? पहिले लाइभ च्याट मा फोन गर्नुहोस्,obstruction:ne:22,synthetic_v1,0,0,0,1,0,0,0,0
Returning trekking jacket? Please call our helpline first,obstruction,obstruction,en,p,help_text,[TAG=p] [ROLE=help_text] Returning trekking jacket? Please call our helpline first,obstruction:en:22,synthetic_v1,0,0,0,1,0,0,0,0
डाउनग्रेड गर्न नेपालगन्ज कार्यालय पोर्टलबाट अनुरोध गर्नुहोस्,obstruction,obstruction,ne,div,modal_text,[TAG=div] [ROLE=modal_text] डाउनग्रेड गर्न नेपालगन्ज कार्यालय पोर्टलबाट अनुरोध गर्नुहोस्,obstruction:ne:12,synthetic_v1,0,0,0,1,0,0,0,0
रिफन्डका लागि 9 थप चरण पूरा गर्नुहोस्,obstruction,obstruction,ne,p,help_text,[TAG=p] [ROLE=help_text] रिफन्डका लागि 9 थप चरण पूरा गर्नुहोस्,obstruction:ne:04,synthetic_v1,0,0,0,1,0,0,0,0
प्रोटिन पाउडर अर्डरबाट हटाउन हाम्रो Facebook पेज मा सम्पर्क गर्नुहोस्,obstruction,obstruction,ne,a,support_link,[TAG=a] [ROLE=support_link] प्रोटिन पाउडर अर्डरबाट हटाउन हाम्रो Facebook पेज मा सम्पर्क गर्नुहोस्,obstruction:ne:19,synthetic_v1,0,0,0,1,0,0,0,0
Tata Cliq cancellations require verification through live chat,obstruction,obstruction,en,a,support_link,[TAG=a] [ROLE=support_link] Tata Cliq cancellations require verification through live chat,obstruction:en:20,synthetic_v1,0,0,0,1,0,0,0,0
Salesberry मा सदस्यता परिवर्तन हाम्रो इमेल डेस्क बाट मात्र सम्भव छ,obstruction,obstruction,ne,a,support_link,[TAG=a] [ROLE=support_link] Salesberry मा सदस्यता परिवर्तन हाम्रो इमेल डेस्क बाट मात्र सम्भव छ,obstruction:ne:18,synthetic_v1,0,0,0,1,0,0,0,0
रद्द करने के लिए 2 कार्यदिवस में संपर्क करें,obstruction,obstruction,hi,p,help_text,[TAG=p] [ROLE=help_text] रद्द करने के लिए 2 कार्यदिवस में संपर्क करें,obstruction:hi:05,synthetic_v1,0,0,0,1,0,0,0,0
Subscription changes at Amazon are only possible via live chat,obstruction,obstruction,en,p,help_text,[TAG=p] [ROLE=help_text] Subscription changes at Amazon are only possible via live chat,obstruction:en:18,synthetic_v1,0,0,0,1,0,0,0,0
Subscription changes at Kinbech are only possible via our Viber support,obstruction,obstruction,en,p,help_text,[TAG=p] [ROLE=help_text] Subscription changes at Kinbech are only possible via our Viber support,obstruction:en:18,synthetic_v1,0,0,0,1,0,0,0,0
Amazon cancellations require verification through the call centre,obstruction,obstruction,en,p,help_text,[TAG=p] [ROLE=help_text] Amazon cancellations require verification through the call centre,obstruction:en:20,synthetic_v1,0,0,0,1,0,0,0,0
JioMart रिफन्डका लागि कल सेन्टर को स्वीकृति चाहिन्छ,obstruction,obstruction,ne,div,modal_text,[TAG=div] [ROLE=modal_text] JioMart रिफन्डका लागि कल सेन्टर को स्वीकृति चाहिन्छ,obstruction:ne:23,synthetic_v1,0,0,0,1,0,0,0,0
Deleting your Croma data requires a written request to the call centre,obstruction,obstruction,en,div,modal_text,[TAG=div] [ROLE=modal_text] Deleting your Croma data requires a written request to the call centre,obstruction:en:24,synthetic_v1,0,0,0,1,0,0,0,0
वायरलेस इयरबड्स सट्टा अनुरोध हाम्रो इमेल डेस्क बाट मात्र हुन्छ,obstruction,obstruction,ne,p,help_text,[TAG=p] [ROLE=help_text] वायरलेस इयरबड्स सट्टा अनुरोध हाम्रो इमेल डेस्क बाट मात्र हुन्छ,obstruction:ne:25,synthetic_v1,0,0,0,1,0,0,0,0
Amazon रिफंड के लिए हमारा Facebook पेज की मंज़ूरी चाहिए,obstruction,obstruction,hi,a,support_link,[TAG=a] [ROLE=support_link] Amazon रिफंड के लिए हमारा Facebook पेज की मंज़ूरी चाहिए,obstruction:hi:23,synthetic_v1,0,0,0,1,0,0,0,0
Your Salesberry refund needs approval from the call centre,obstruction,obstruction,en,div,modal_text,[TAG=div] [ROLE=modal_text] Your Salesberry refund needs approval from the call centre,obstruction:en:23,synthetic_v1,0,0,0,1,0,0,0,0
air fryer exchange requests go through our Viber support only,obstruction,obstruction,en,a,support_link,[TAG=a] [ROLE=support_link] air fryer exchange requests go through our Viber support only,obstruction:en:25,synthetic_v1,0,0,0,1,0,0,0,0
क्या आप निश्चित हैं? रद्द करने के लिए चरण 9 पर जाएं,obstruction,obstruction,hi,div,modal_text,[TAG=div] [ROLE=modal_text] क्या आप निश्चित हैं? रद्द करने के लिए चरण 9 पर जाएं,obstruction:hi:10,synthetic_v1,0,0,0,1,0,0,0,0
coffee maker exchange requests go through live chat only,obstruction,obstruction,en,a,support_link,[TAG=a] [ROLE=support_link] coffee maker exchange requests go through live chat only,obstruction:en:25,synthetic_v1,0,0,0,1,0,0,0,0
Reliance Digital ऑर्डर रद्द करने के लिए हमारा सपोर्ट नंबर से संपर्क करें,obstruction,obstruction,hi,p,help_text,[TAG=p] [ROLE=help_text] Reliance Digital ऑर्डर रद्द करने के लिए हमारा सपोर्ट नंबर से संपर्क करें,obstruction:hi:15,synthetic_v1,0,0,0,1,0,0,0,0
Salesberry खाता बन्द गर्न हाम्रो Facebook पेज लाई लेख्नुहोस्,obstruction,obstruction,ne,a,support_link,[TAG=a] [ROLE=support_link] Salesberry खाता बन्द गर्न हाम्रो Facebook पेज लाई लेख्नुहोस्,obstruction:ne:17,synthetic_v1,0,0,0,1,0,0,0,0
Blinkit मा सदस्यता परिवर्तन हाम्रो सपोर्ट नम्बर बाट मात्र सम्भव छ,obstruction,obstruction,ne,a,support_link,[TAG=a] [ROLE=support_link] Blinkit मा सदस्यता परिवर्तन हाम्रो सपोर्ट नम्बर बाट मात्र सम्भव छ,obstruction:ne:18,synthetic_v1,0,0,0,1,0,0,0,0
स्वतः नवीकरण बन्द गर्न 9 दिनभित्र कल सेन्टर मा सम्पर्क गर्नुहोस्,obstruction,obstruction,ne,div,modal_text,[TAG=div] [ROLE=modal_text] स्वतः नवीकरण बन्द गर्न 9 दिनभित्र कल सेन्टर मा सम्पर्क गर्नुहोस्,obstruction:ne:21,synthetic_v1,0,0,0,1,0,0,0,0
Lenskart ऑर्डर रद्द करने के लिए हमारी हेल्पलाइन से संपर्क करें,obstruction,obstruction,hi,p,help_text,[TAG=p] [ROLE=help_text] Lenskart ऑर्डर रद्द करने के लिए हमारी हेल्पलाइन से संपर्क करें,obstruction:hi:15,synthetic_v1,0,0,0,1,0,0,0,0
Blinkit खाता बन्द गर्न कल सेन्टर लाई लेख्नुहोस्,obstruction,obstruction,ne,div,modal_text,[TAG=div] [ROLE=modal_text] Blinkit खाता बन्द गर्न कल सेन्टर लाई लेख्नुहोस्,obstruction:ne:17,synthetic_v1,0,0,0,1,0,0,0,0
Subscription changes at Tata Cliq are only possible via our helpline,obstruction,obstruction,en,div,modal_text,[TAG=div] [ROLE=modal_text] Subscription changes at Tata Cliq are only possible via our helpline,obstruction:en:18,synthetic_v1,0,0,0,1,0,0,0,0
Zepto पर सब्सक्रिप्शन बदलाव केवल हमारी हेल्पलाइन से संभव है,obstruction,obstruction,hi,p,help_text,[TAG=p] [ROLE=help_text] Zepto पर सब्सक्रिप्शन बदलाव केवल हमारी हेल्पलाइन से संभव है,obstruction:hi:18,synthetic_v1,0,0,0,1,0,0,0,0
OkDam रद्दीकरण के लिए हमारा Facebook पेज से सत्यापन ज़रूरी है,obstruction,obstruction,hi,div,modal_text,[TAG=div] [ROLE=modal_text] OkDam रद्दीकरण के लिए हमारा Facebook पेज से सत्यापन ज़रूरी है,obstruction:hi:20,synthetic_v1,0,0,0,1,0,0,0,0
OkDam अर्डर रद्द गर्न हाम्रो Viber सपोर्ट मा सम्पर्क गर्नुहोस्,obstruction,obstruction,ne,p,help_text,[TAG=p] [ROLE=help_text] OkDam अर्डर रद्द गर्न हाम्रो Viber सपोर्ट मा सम्पर्क गर्नुहोस्,obstruction:ne:15,synthetic_v1,0,0,0,1,0,0,0,0
योगा म्याट सट्टा अनुरोध हाम्रो हेल्पलाइन बाट मात्र हुन्छ,obstruction,obstruction,ne,p,help_text,[TAG=p] [ROLE=help_text] योगा म्याट सट्टा अनुरोध हाम्रो हेल्पलाइन बाट मात्र हुन्छ,obstruction:ne:25,synthetic_v1,0,0,0,1,0,0,0,0
Thulo मा गोल्ड प्लान डाउनग्रेड गर्न हाम्रो इमेल डेस्क मा सम्पर्क गर्नुहोस्,obstruction,obstruction,ne,p,help_text,[TAG=p] [ROLE=help_text] Thulo मा गोल्ड प्लान डाउनग्रेड गर्न हाम्रो इमेल डेस्क मा सम्पर्क गर्नुहोस्,obstruction:ne:26,synthetic_v1,0,0,0,1,0,0,0,0
Reliance Digital पर प्रो प्लान डाउनग्रेड करने के लिए हमारा सपोर्ट नंबर से संपर्क करें,obstruction,obstruction,hi,a,support_link,[TAG=a] [ROLE=support_link] Reliance Digital पर प्रो प्लान डाउनग्रेड करने के लिए हमारा सपोर्ट नंबर से संपर्क करें,obstruction:hi:26,synthetic_v1,0,0,0,1,0,0,0,0
"To downgrade your Plus plan at Nykaa, contact our email desk",obstruction,obstruction,en,p,help_text,"[TAG=p] [ROLE=help_text] To downgrade your Plus plan at Nykaa, contact our email desk",obstruction:en:26,synthetic_v1,0,0,0,1,0,0,0,0
रिटर्न अनुरोध 12 दिनों में फोन से करना होगा,obstruction,obstruction,hi,div,modal_text,[TAG=div] [ROLE=modal_text] रिटर्न अनुरोध 12 दिनों में फोन से करना होगा,obstruction:hi:13,synthetic_v1,0,0,0,1,0,0,0,0
Subscription changes at FirstCry are only possible via our helpline,obstruction,obstruction,en,div,modal_text,[TAG=div] [ROLE=modal_text] Subscription changes at FirstCry are only possible via our helpline,obstruction:en:18,synthetic_v1,0,0,0,1,0,0,0,0
HamroBazar खाता बंद करने के लिए हमारा Viber सपोर्ट को लिखें,obstruction,obstruction,hi,p,help_text,[TAG=p] [ROLE=help_text] HamroBazar खाता बंद करने के लिए हमारा Viber सपोर्ट को लिखें,obstruction:hi:17,synthetic_v1,0,0,0,1,0,0,0,0
"To close your Myntra account, write to the call centre",obstruction,obstruction,en,p,help_text,"[TAG=p] [ROLE=help_text] To close your Myntra account, write to the call centre",obstruction:en:17,synthetic_v1,0,0,0,1,0,0,0,0
"To downgrade your Gold plan at Snapdeal, contact our WhatsApp number",obstruction,obstruction,en,a,support_link,"[TAG=a] [ROLE=support_link] To downgrade your Gold plan at Snapdeal, contact our WhatsApp number",obstruction:en:26,synthetic_v1,0,0,0,1,0,0,0,0
HamroBazar रिफंड के लिए हमारी हेल्पलाइन की मंज़ूरी चाहिए,obstruction,obstruction,hi,div,modal_text,[TAG=div] [ROLE=modal_text] HamroBazar रिफंड के लिए हमारी हेल्पलाइन की मंज़ूरी चाहिए,obstruction:hi:23,synthetic_v1,0,0,0,1,0,0,0,0
FirstCry खाता बंद करने के लिए लाइव चैट को लिखें,obstruction,obstruction,hi,a,support_link,[TAG=a] [ROLE=support_link] FirstCry खाता बंद करने के लिए लाइव चैट को लिखें,obstruction:hi:17,synthetic_v1,0,0,0,1,0,0,0,0
एयर फ्रायर अर्डरबाट हटाउन लाइभ च्याट मा सम्पर्क गर्नुहोस्,obstruction,obstruction,ne,a,support_link,[TAG=a] [ROLE=support_link] एयर फ्रायर अर्डरबाट हटाउन लाइभ च्याट मा सम्पर्क गर्नुहोस्,obstruction:ne:19,synthetic_v1,0,0,0,1,0,0,0,0
धूप का चश्मा का रिफंड हमारा Facebook पेज के ज़रिये ही मांगें,obstruction,obstruction,hi,div,modal_text,[TAG=div] [ROLE=modal_text] धूप का चश्मा का रिफंड हमारा Facebook पेज के ज़रिये ही मांगें,obstruction:hi:16,synthetic_v1,0,0,0,1,0,0,0,0
Blinkit मा प्रिमियम प्लान डाउनग्रेड गर्न हाम्रो WhatsApp नम्बर मा सम्पर्क गर्नुहोस्,obstruction,obstruction,ne,div,modal_text,[TAG=div] [ROLE=modal_text] Blinkit मा प्रिमियम प्लान डाउनग्रेड गर्न हाम्रो WhatsApp नम्बर मा सम्पर्क गर्नुहोस्,obstruction:ne:26,synthetic_v1,0,0,0,1,0,0,0,0
Kinbech खाता बंद करने के लिए लाइव चैट को लिखें,obstruction,obstruction,hi,a,support_link,[TAG=a] [ROLE=support_link] Kinbech खाता बंद करने के लिए लाइव चैट को लिखें,obstruction:hi:17,synthetic_v1,0,0,0,1,0,0,0,0
Daraz मा सदस्यता परिवर्तन कल सेन्टर बाट मात्र सम्भव छ,obstruction,obstruction,ne,div,modal_text,[TAG=div] [ROLE=modal_text] Daraz मा सदस्यता परिवर्तन कल सेन्टर बाट मात्र सम्भव छ,obstruction:ne:18,synthetic_v1,0,0,0,1,0,0,0,0
Nykaa डेटा हटाने के लिए हमारा Viber सपोर्ट को लिखित अनुरोध भेजें,obstruction,obstruction,hi,p,help_text,[TAG=p] [ROLE=help_text] Nykaa डेटा हटाने के लिए हमारा Viber सपोर्ट को लिखित अनुरोध भेजें,obstruction:hi:24,synthetic_v1,0,0,0,1,0,0,0,0
"To cancel your Salesberry order, contact our support line",obstruction,obstruction,en,div,modal_text,"[TAG=div] [ROLE=modal_text] To cancel your Salesberry order, contact our support line",obstruction:en:15,synthetic_v1,0,0,0,1,0,0,0,0
Kinbech मा सदस्यता परिवर्तन हाम्रो सपोर्ट नम्बर बाट मात्र सम्भव छ,obstruction,obstruction,ne,a,support_link,[TAG=a] [ROLE=support_link] Kinbech मा सदस्यता परिवर्तन हाम्रो सपोर्ट नम्बर बाट मात्र सम्भव छ,obstruction:ne:18,synthetic_v1,0,0,0,1,0,0,0,0
Zepto रद्दीकरणका लागि हाम्रो सपोर्ट नम्बर बाट प्रमाणीकरण आवश्यक छ,obstruction,obstruction,ne,p,help_text,[TAG=p] [ROLE=help_text] Zepto रद्दीकरणका लागि हाम्रो सपोर्ट नम्बर बाट प्रमाणीकरण आवश्यक छ,obstruction:ne:20,synthetic_v1,0,0,0,1,0,0,0,0
"To cancel your Tata Cliq order, contact our helpline",obstruction,obstruction,en,p,help_text,"[TAG=p] [ROLE=help_text] To cancel your Tata Cliq order, contact our helpline",obstruction:en:15,synthetic_v1,0,0,0,1,0,0,0,0
Gyapu खाता बन्द गर्न हाम्रो Viber सपोर्ट लाई लेख्नुहोस्,obstruction,obstruction,ne,div,modal_text,[TAG=div] [ROLE=modal_text] Gyapu खाता बन्द गर्न हाम्रो Viber सपोर्ट लाई लेख्नुहोस्,obstruction:ne:17,synthetic_v1,0,0,0,1,0,0,0,0
फिर्ता अनुरोध 8 दिनभित्र फोनबाट गर्नुपर्छ,obstruction,obstruction,ne,a,support_link,[TAG=a] [ROLE=support_link] फिर्ता अनुरोध 8 दिनभित्र फोनबाट गर्नुपर्छ,obstruction:ne:13,synthetic_v1,0,0,0,1,0,0,0,0
फोन कवर एक्सचेंज अनुरोध केवल लाइव चैट से होगा,obstruction,obstruction,hi,div,modal_text,[TAG=div] [ROLE=modal_text] फोन कवर एक्सचेंज अनुरोध केवल लाइव चैट से होगा,obstruction:hi:25,synthetic_v1,0,0,0,1,0,0,0,0
Pepperfry रद्दीकरणका लागि हाम्रो Viber सपोर्ट बाट प्रमाणीकरण आवश्यक छ,obstruction,obstruction,ne,a,support_link,[TAG=a] [ROLE=support_link] Pepperfry रद्दीकरणका लागि हाम्रो Viber सपोर्ट बाट प्रमाणीकरण आवश्यक छ,obstruction:ne:20,synthetic_v1,0,0,0,1,0,0,0,0
रिफंड 4 दिन की समीक्षा के बाद ही होगा,obstruction,obstruction,hi,p,help_text,[TAG=p] [ROLE=help_text] रिफंड 4 दिन की समीक्षा के बाद ही होगा,obstruction:hi:11,synthetic_v1,0,0,0,1,0,0,0,0
सर्दी का कंबल का रिफंड हमारी हेल्पलाइन के ज़रिये ही मांगें,obstruction,obstruction,hi,a,support_link,[TAG=a] [ROLE=support_link] सर्दी का कंबल का रिफंड हमारी हेल्पलाइन के ज़रिये ही मांगें,obstruction:hi:16,synthetic_v1,0,0,0,1,0,0,0,0
Myntra खाता बंद करने के लिए कॉल सेंटर को लिखें,obstruction,obstruction,hi,div,modal_text,[TAG=div] [ROLE=modal_text] Myntra खाता बंद करने के लिए कॉल सेंटर को लिखें,obstruction:hi:17,synthetic_v1,0,0,0,1,0,0,0,0
क्या आप निश्चित हैं? रद्द करने के लिए चरण 12 पर जाएं,obstruction,obstruction,hi,div,modal_text,[TAG=div] [ROLE=modal_text] क्या आप निश्चित हैं? रद्द करने के लिए चरण 12 पर जाएं,obstruction:hi:10,synthetic_v1,0,0,0,1,0,0,0,0
Gyapu डेटा हटाने के लिए हमारा Facebook पेज को लिखित अनुरोध भेजें,obstruction,obstruction,hi,p,help_text,[TAG=p] [ROLE=help_text] Gyapu डेटा हटाने के लिए हमारा Facebook पेज को लिखित अनुरोध भेजें,obstruction:hi:24,synthetic_v1,0,0,0,1,0,0,0,0
रद्द गर्न 1 कार्य दिनभित्र सम्पर्क गर्नुहोस्,obstruction,obstruction,ne,a,support_link,[TAG=a] [ROLE=support_link] रद्द गर्न 1 कार्य दिनभित्र सम्पर्क गर्नुहोस्,obstruction:ne:05,synthetic_v1,0,0,0,1,0,0,0,0
Myntra डाटा हटाउन हाम्रो इमेल डेस्क लाई लिखित अनुरोध पठाउनुहोस्,obstruction,obstruction,ne,a,support_link,[TAG=a] [ROLE=support_link] Myntra डाटा हटाउन हाम्रो इमेल डेस्क लाई लिखित अनुरोध पठाउनुहोस्,obstruction:ne:24,synthetic_v1,0,0,0,1,0,0,0,0
फेस वास को रिफन्ड लाइभ च्याट मार्फत मात्र माग्नुहोस्,obstruction,obstruction,ne,div,modal_text,[TAG=div] [ROLE=modal_text] फेस वास को रिफन्ड लाइभ च्याट मार्फत मात्र माग्नुहोस्,obstruction:ne:16,synthetic_v1,0,0,0,1,0,0,0,0
Subscription changes at Reliance Digital are only possible via the call centre,obstruction,obstruction,en,p,help_text,[TAG=p] [ROLE=help_text] Subscription changes at Reliance Digital are only possible via the call centre,obstruction:en:18,synthetic_v1,0,0,0,1,0,0,0,0
इंडक्शन चूल्हा को ऑर्डर से हटाने के लिए लाइव चैट से संपर्क करें,obstruction,obstruction,hi,div,modal_text,[TAG=div] [ROLE=modal_text] इंडक्शन चूल्हा को ऑर्डर से हटाने के लिए लाइव चैट से संपर्क करें,obstruction:hi:19,synthetic_v1,0,0,0,1,0,0,0,0
Pepperfry पर सब्सक्रिप्शन बदलाव केवल हमारा Viber सपोर्ट से संभव है,obstruction,obstruction,hi,p,help_text,[TAG=p] [ROLE=help_text] Pepperfry पर सब्सक्रिप्शन बदलाव केवल हमारा Viber सपोर्ट से संभव है,obstruction:hi:18,synthetic_v1,0,0,0,1,0,0,0,0
SastoDeal ऑर्डर रद्द करने के लिए हमारी हेल्पलाइन से संपर्क करें,obstruction,obstruction,hi,a,support_link,[TAG=a] [ROLE=support_link] SastoDeal ऑर्डर रद्द करने के लिए हमारी हेल्पलाइन से संपर्क करें,obstruction:hi:15,synthetic_v1,0,0,0,1,0,0,0,0
Your Kinbech refund needs approval from our Facebook page,obstruction,obstruction,en,div,modal_text,[TAG=div] [ROLE=modal_text] Your Kinbech refund needs approval from our Facebook page,obstruction:en:23,synthetic_v1,0,0,0,1,0,0,0,0
स्मार्टवॉच का रिफंड हमारी हेल्पलाइन के ज़रिये ही मांगें,obstruction,obstruction,hi,div,modal_text,[TAG=div] [ROLE=modal_text] स्मार्टवॉच का रिफंड हमारी हेल्पलाइन के ज़रिये ही मांगें,obstruction:hi:16,synthetic_v1,0,0,0,1,0,0,0,0
Daraz रद्दीकरणका लागि हाम्रो हेल्पलाइन बाट प्रमाणीकरण आवश्यक छ,obstruction,obstruction,ne,a,support_link,[TAG=a] [ROLE=support_link] Daraz रद्दीकरणका लागि हाम्रो हेल्पलाइन बाट प्रमाणीकरण आवश्यक छ,obstruction:ne:20,synthetic_v1,0,0,0,1,0,0,0,0
ट्रेकिंग जैकेट एक्सचेंज अनुरोध केवल हमारा सपोर्ट नंबर से होगा,obstruction,obstruction,hi,a,support_link,[TAG=a] [ROLE=support_link] ट्रेकिंग जैकेट एक्सचेंज अनुरोध केवल हमारा सपोर्ट नंबर से होगा,obstruction:hi:25,synthetic_v1,0,0,0,1,0,0,0,0
Nykaa ऑर्डर रद्द करने के लिए लाइव चैट से संपर्क करें,obstruction,obstruction,hi,a,support_link,[TAG=a] [ROLE=support_link] Nykaa ऑर्डर रद्द करने के लिए लाइव चैट से संपर्क करें,obstruction:hi:15,synthetic_v1,0,0,0,1,0,0,0,0
स्वतः नवीकरण बन्द गर्न 6 दिनभित्र हाम्रो इमेल डेस्क मा सम्पर्क गर्नुहोस्,obstruction,obstruction,ne,a,support_link,[TAG=a] [ROLE=support_link] स्वतः नवीकरण बन्द गर्न 6 दिनभित्र हाम्रो इमेल डेस्क मा सम्पर्क गर्नुहोस्,obstruction:ne:21,synthetic_v1,0,0,0,1,0,0,0,0
"To cancel your Blinkit order, contact our Facebook page",obstruction,obstruction,en,p,help_text,"[TAG=p] [ROLE=help_text] To cancel your Blinkit order, contact our Facebook page",obstruction:en:15,synthetic_v1,0,0,0,1,0,0,0,0
Blinkit cancellations require verification through the call centre,obstruction,obstruction,en,p,help_text,[TAG=p] [ROLE=help_text] Blinkit cancellations require verification through the call centre,obstruction:en:20,synthetic_v1,0,0,0,1,0,0,0,0
पानी की बोतल लौटाना है? पहले हमारी हेल्पलाइन पर कॉल करें,obstruction,obstruction,hi,p,help_text,[TAG=p] [ROLE=help_text] पानी की बोतल लौटाना है? पहले हमारी हेल्पलाइन पर कॉल करें,obstruction:hi:22,synthetic_v1,0,0,0,1,0,0,0,0
हिउँदको ब्ल्याङ्केट सट्टा अनुरोध हाम्रो WhatsApp नम्बर बाट मात्र हुन्छ,obstruction,obstruction,ne,div,modal_text,[TAG=div] [ROLE=modal_text] हिउँदको ब्ल्याङ्केट सट्टा अनुरोध हाम्रो WhatsApp नम्बर बाट मात्र हुन्छ,obstruction:ne:25,synthetic_v1,0,0,0,1,0,0,0,0
Gyapu रिफन्डका लागि हाम्रो इमेल डेस्क को स्वीकृति चाहिन्छ,obstruction,obstruction,ne,div,modal_text,[TAG=div] [ROLE=modal_text] Gyapu रिफन्डका लागि हाम्रो इमेल डेस्क को स्वीकृति चाहिन्छ,obstruction:ne:23,synthetic_v1,0,0,0,1,0,0,0,0
Daraz रद्दीकरण के लिए हमारा Viber सपोर्ट से सत्यापन ज़रूरी है,obstruction,obstruction,hi,a,support_link,[TAG=a] [ROLE=support_link] Daraz रद्दीकरण के लिए हमारा Viber सपोर्ट से सत्यापन ज़रूरी है,obstruction:hi:20,synthetic_v1,0,0,0,1,0,0,0,0
Returning noise cancelling headphones? Please call our Facebook page first,obstruction,obstruction,en,div,modal_text,[TAG=div] [ROLE=modal_text] Returning noise cancelling headphones? Please call our Facebook page first,obstruction:en:22,synthetic_v1,0,0,0,1,0,0,0,0
"To stop auto-renewal, contact our support line within 9 days",obstruction,obstruction,en,div,modal_text,"[TAG=div] [ROLE=modal_text] To stop auto-renewal, contact our support line within 9 days",obstruction:en:21,synthetic_v1,0,0,0,1,0,0,0,0
Amazon अर्डर रद्द गर्न कल सेन्टर मा सम्पर्क गर्नुहोस्,obstruction,obstruction,ne,a,support_link,[TAG=a] [ROLE=support_link] Amazon अर्डर रद्द गर्न कल सेन्टर मा सम्पर्क गर्नुहोस्,obstruction:ne:15,synthetic_v1,0,0,0,1,0,0,0,0
सर्दी का कंबल का रिफंड हमारा Facebook पेज के ज़रिये ही मांगें,obstruction,obstruction,hi,p,help_text,[TAG=p] [ROLE=help_text] सर्दी का कंबल का रिफंड हमारा Facebook पेज के ज़रिये ही मांगें,obstruction:hi:16,synthetic_v1,0,0,0,1,0,0,0,0
Meesho ऑर्डर रद्द करने के लिए हमारा Facebook पेज से संपर्क करें,obstruction,obstruction,hi,a,support_link,[TAG=a] [ROLE=support_link] Meesho ऑर्डर रद्द करने के लिए हमारा Facebook पेज से संपर्क करें,obstruction:hi:15,synthetic_v1,0,0,0,1,0,0,0,0
इन्डक्सन चुल्हो अर्डरबाट हटाउन हाम्रो WhatsApp नम्बर मा सम्पर्क गर्नुहोस्,obstruction,obstruction,ne,p,help_text,[TAG=p] [ROLE=help_text] इन्डक्सन चुल्हो अर्डरबाट हटाउन हाम्रो WhatsApp नम्बर मा सम्पर्क गर्नुहोस्,obstruction:ne:19,synthetic_v1,0,0,0,1,0,0,0,0
OkDam पर प्लस प्लान डाउनग्रेड करने के लिए हमारा सपोर्ट नंबर से संपर्क करें,obstruction,obstruction,hi,p,help_text,[TAG=p] [ROLE=help_text] OkDam पर प्लस प्लान डाउनग्रेड करने के लिए हमारा सपोर्ट नंबर से संपर्क करें,obstruction:hi:26,synthetic_v1,0,0,0,1,0,0,0,0
Muncha पर सब्सक्रिप्शन बदलाव केवल हमारा ईमेल डेस्क से संभव है,obstruction,obstruction,hi,a,support_link,[TAG=a] [ROLE=support_link] Muncha पर सब्सक्रिप्शन बदलाव केवल हमारा ईमेल डेस्क से संभव है,obstruction:hi:18,synthetic_v1,0,0,0,1,0,0,0,0
स्मार्टवॉच लौटाना है? पहले हमारा सपोर्ट नंबर पर कॉल करें,obstruction,obstruction,hi,p,help_text,[TAG=p] [ROLE=help_text] स्मार्टवॉच लौटाना है? पहले हमारा सपोर्ट नंबर पर कॉल करें,obstruction:hi:22,synthetic_v1,0,0,0,1,0,0,0,0
Tata Cliq अर्डर रद्द गर्न लाइभ च्याट मा सम्पर्क गर्नुहोस्,obstruction,obstruction,ne,div,modal_text,[TAG=div] [ROLE=modal_text] Tata Cliq अर्डर रद्द गर्न लाइभ च्याट मा सम्पर्क गर्नुहोस्,obstruction:ne:15,synthetic_v1,0,0,0,1,0,0,0,0
Kinbech खाता बन्द गर्न हाम्रो सपोर्ट नम्बर लाई लेख्नुहोस्,obstruction,obstruction,ne,div,modal_text,[TAG=div] [ROLE=modal_text] Kinbech खाता बन्द गर्न हाम्रो सपोर्ट नम्बर लाई लेख्नुहोस्,obstruction:ne:17,synthetic_v1,0,0,0,1,0,0,0,0
Subscription changes at Flipkart are only possible via our email desk,obstruction,obstruction,en,p,help_text,[TAG=p] [ROLE=help_text] Subscription changes at Flipkart are only possible via our email desk,obstruction:en:18,synthetic_v1,0,0,0,1,0,0,0,0
Gyapu मा सदस्यता परिवर्तन लाइभ च्याट बाट मात्र सम्भव छ,obstruction,obstruction,ne,div,modal_text,[TAG=div] [ROLE=modal_text] Gyapu मा सदस्यता परिवर्तन लाइभ च्याट बाट मात्र सम्भव छ,obstruction:ne:18,synthetic_v1,0,0,0,1,0,0,0,0
एयर फ्रायर का रिफंड हमारा WhatsApp नंबर के ज़रिये ही मांगें,obstruction,obstruction,hi,a,support_link,[TAG=a] [ROLE=support_link] एयर फ्रायर का रिफंड हमारा WhatsApp नंबर के ज़रिये ही मांगें,obstruction:hi:16,synthetic_v1,0,0,0,1,0,0,0,0
Reliance Digital खाता बन्द गर्न हाम्रो सपोर्ट नम्बर लाई लेख्नुहोस्,obstruction,obstruction,ne,p,help_text,[TAG=p] [ROLE=help_text] Reliance Digital खाता बन्द गर्न हाम्रो सपोर्ट नम्बर लाई लेख्नुहोस्,obstruction:ne:17,synthetic_v1,0,0,0,1,0,0,0,0
ब्लुटुथ स्पिकर को रिफन्ड हाम्रो Facebook पेज मार्फत मात्र माग्नुहोस्,obstruction,obstruction,ne,p,help_text,[TAG=p] [ROLE=help_text] ब्लुटुथ स्पिकर को रिफन्ड हाम्रो Facebook पेज मार्फत मात्र माग्नुहोस्,obstruction:ne:16,synthetic_v1,0,0,0,1,0,0,0,0
HamroBazar पर सब्सक्रिप्शन बदलाव केवल लाइव चैट से संभव है,obstruction,obstruction,hi,a,support_link,[TAG=a] [ROLE=support_link] HamroBazar पर सब्सक्रिप्शन बदलाव केवल लाइव चैट से संभव है,obstruction:hi:18,synthetic_v1,0,0,0,1,0,0,0,0
Deleting your Nykaa data requires a written request to our email desk,obstruction,obstruction,en,div,modal_text,[TAG=div] [ROLE=modal_text] Deleting your Nykaa data requires a written request to our email desk,obstruction:en:24,synthetic_v1,0,0,0,1,0,0,0,0
Deleting your Ajio data requires a written request to our support line,obstruction,obstruction,en,p,help_text,[TAG=p] [ROLE=help_text] Deleting your Ajio data requires a written request to our support line,obstruction:en:24,synthetic_v1,0,0,0,1,0,0,0,0
स्वतः नवीकरण बन्द गर्न 3 दिनभित्र हाम्रो Viber सपोर्ट मा सम्पर्क गर्नुहोस्,obstruction,obstruction,ne,p,help_text,[TAG=p] [ROLE=help_text] स्वतः नवीकरण बन्द गर्न 3 दिनभित्र हाम्रो Viber सपोर्ट मा सम्पर्क गर्नुहोस्,obstruction:ne:21,synthetic_v1,0,0,0,1,0,0,0,0
Deleting your Zepto data requires a written request to our helpline,obstruction,obstruction,en,p,help_text,[TAG=p] [ROLE=help_text] Deleting your Zepto data requires a written request to our helpline,obstruction:en:24,synthetic_v1,0,0,0,1,0,0,0,0
ब्याकप्याक अर्डरबाट हटाउन लाइभ च्याट मा सम्पर्क गर्नुहोस्,obstruction,obstruction,ne,div,modal_text,[TAG=div] [ROLE=modal_text] ब्याकप्याक अर्डरबाट हटाउन लाइभ च्याट मा सम्पर्क गर्नुहोस्,obstruction:ne:19,synthetic_v1,0,0,0,1,0,0,0,0
ऑटो-रिन्यूअल बंद करने के लिए 8 दिन में लाइव चैट से संपर्क करें,obstruction,obstruction,hi,div,modal_text,[TAG=div] [ROLE=modal_text] ऑटो-रिन्यूअल बंद करने के लिए 8 दिन में लाइव चैट से संपर्क करें,obstruction:hi:21,synthetic_v1,0,0,0,1,0,0,0,0
रद्द करने के लिए 10 कार्यदिवस में संपर्क करें,obstruction,obstruction,hi,a,support_link,[TAG=a] [ROLE=support_link] रद्द करने के लिए 10 कार्यदिवस में संपर्क करें,obstruction:hi:05,synthetic_v1,0,0,0,1,0,0,0,0
Muncha रिफन्डका लागि हाम्रो हेल्पलाइन को स्वीकृति चाहिन्छ,obstruction,obstruction,ne,div,modal_text,[TAG=div] [ROLE=modal_text] Muncha रिफन्डका लागि हाम्रो हेल्पलाइन को स्वीकृति चाहिन्छ,obstruction:ne:23,synthetic_v1,0,0,0,1,0,0,0,0
क्या आप निश्चित हैं? रद्द करने के लिए चरण 5 पर जाएं,obstruction,obstruction,hi,p,help_text,[TAG=p] [ROLE=help_text] क्या आप निश्चित हैं? रद्द करने के लिए चरण 5 पर जाएं,obstruction:hi:10,synthetic_v1,0,0,0,1,0,0,0,0
कॉफी मेकर का रिफंड लाइव चैट के ज़रिये ही मांगें,obstruction,obstruction,hi,a,support_link,[TAG=a] [ROLE=support_link] कॉफी मेकर का रिफंड लाइव चैट के ज़रिये ही मांगें,obstruction:hi:16,synthetic_v1,0,0,0,1,0,0,0,0
Snapdeal खाता बन्द गर्न हाम्रो Facebook पेज लाई लेख्नुहोस्,obstruction,obstruction,ne,div,modal_text,[TAG=div] [ROLE=modal_text] Snapdeal खाता बन्द गर्न हाम्रो Facebook पेज लाई लेख्नुहोस्,obstruction:ne:17,synthetic_v1,0,0,0,1,0,0,0,0
Salesberry मा प्राइम प्लान डाउनग्रेड गर्न हाम्रो इमेल डेस्क मा सम्पर्क गर्नुहोस्,obstruction,obstruction,ne,a,support_link,[TAG=a] [ROLE=support_link] Salesberry मा प्राइम प्लान डाउनग्रेड गर्न हाम्रो इमेल डेस्क मा सम्पर्क गर्नुहोस्,obstruction:ne:26,synthetic_v1,0,0,0,1,0,0,0,0
गेमिङ माउस सट्टा अनुरोध कल सेन्टर बाट मात्र हुन्छ,obstruction,obstruction,ne,div,modal_text,[TAG=div] [ROLE=modal_text] गेमिङ माउस सट्टा अनुरोध कल सेन्टर बाट मात्र हुन्छ,obstruction:ne:25,synthetic_v1,0,0,0,1,0,0,0,0
Pepperfry डेटा हटाने के लिए हमारा Facebook पेज को लिखित अनुरोध भेजें,obstruction,obstruction,hi,p,help_text,[TAG=p] [ROLE=help_text] Pepperfry डेटा हटाने के लिए हमारा Facebook पेज को लिखित अनुरोध भेजें,obstruction:hi:24,synthetic_v1,0,0,0,1,0,0,0,0
Pepperfry पर प्रो प्लान डाउनग्रेड करने के लिए हमारा Viber सपोर्ट से संपर्क करें,obstruction,obstruction,hi,p,help_text,[TAG=p] [ROLE=help_text] Pepperfry पर प्रो प्लान डाउनग्रेड करने के लिए हमारा Viber सपोर्ट से संपर्क करें,obstruction:hi:26,synthetic_v1,0,0,0,1,0,0,0,0
ऑटो-रिन्यूअल बंद करने के लिए 6 दिन में हमारा WhatsApp नंबर से संपर्क करें,obstruction,obstruction,hi,a,support_link,[TAG=a] [ROLE=support_link] ऑटो-रिन्यूअल बंद करने के लिए 6 दिन में हमारा WhatsApp नंबर से संपर्क करें,obstruction:hi:21,synthetic_v1,0,0,0,1,0,0,0,0
Tata Cliq डाटा हटाउन कल सेन्टर लाई लिखित अनुरोध पठाउनुहोस्,obstruction,obstruction,ne,a,support_link,[TAG=a] [ROLE=support_link] Tata Cliq डाटा हटाउन कल सेन्टर लाई लिखित अनुरोध पठाउनुहोस्,obstruction:ne:24,synthetic_v1,0,0,0,1,0,0,0,0
Thulo रद्दीकरणका लागि हाम्रो इमेल डेस्क बाट प्रमाणीकरण आवश्यक छ,obstruction,obstruction,ne,div,modal_text,[TAG=div] [ROLE=modal_text] Thulo रद्दीकरणका लागि हाम्रो इमेल डेस्क बाट प्रमाणीकरण आवश्यक छ,obstruction:ne:20,synthetic_v1,0,0,0,1,0,0,0,0
Zepto पर सब्सक्रिप्शन बदलाव केवल हमारा WhatsApp नंबर से संभव है,obstruction,obstruction,hi,div,modal_text,[TAG=div] [ROLE=modal_text] Zepto पर सब्सक्रिप्शन बदलाव केवल हमारा WhatsApp नंबर से संभव है,obstruction:hi:18,synthetic_v1,0,0,0,1,0,0,0,0
Zepto खाता बन्द गर्न हाम्रो WhatsApp नम्बर लाई लेख्नुहोस्,obstruction,obstruction,ne,a,support_link,[TAG=a] [ROLE=support_link] Zepto खाता बन्द गर्न हाम्रो WhatsApp नम्बर लाई लेख्नुहोस्,obstruction:ne:17,synthetic_v1,0,0,0,1,0,0,0,0
Return requests must be raised by phone within 7 days,obstruction,obstruction,en,a,support_link,[TAG=a] [ROLE=support_link] Return requests must be raised by phone within 7 days,obstruction:en:13,synthetic_v1,0,0,0,1,0,0,0,0
ब्लुटुथ स्पिकर को रिफन्ड कल सेन्टर मार्फत मात्र माग्नुहोस्,obstruction,obstruction,ne,a,support_link,[TAG=a] [ROLE=support_link] ब्लुटुथ स्पिकर को रिफन्ड कल सेन्टर मार्फत मात्र माग्नुहोस्,obstruction:ne:16,synthetic_v1,0,0,0,1,0,0,0,0
yoga mat exchange requests go through our helpline only,obstruction,obstruction,en,a,support_link,[TAG=a] [ROLE=support_link] yoga mat exchange requests go through our helpline only,obstruction:en:25,synthetic_v1,0,0,0,1,0,0,0,0
Snapdeal ऑर्डर रद्द करने के लिए हमारा ईमेल डेस्क से संपर्क करें,obstruction,obstruction,hi,div,modal_text,[TAG=div] [ROLE=modal_text] Snapdeal ऑर्डर रद्द करने के लिए हमारा ईमेल डेस्क से संपर्क करें,obstruction:hi:15,synthetic_v1,0,0,0,1,0,0,0,0
रनिंग शूज़ को ऑर्डर से हटाने के लिए कॉल सेंटर से संपर्क करें,obstruction,obstruction,hi,div,modal_text,[TAG=div] [ROLE=modal_text] रनिंग शूज़ को ऑर्डर से हटाने के लिए कॉल सेंटर से संपर्क करें,obstruction:hi:19,synthetic_v1,0,0,0,1,0,0,0,0
Zepto cancellations require verification through our Viber support,obstruction,obstruction,en,a,support_link,[TAG=a] [ROLE=support_link] Zepto cancellations require verification through our Viber support,obstruction:en:20,synthetic_v1,0,0,0,1,0,0,0,0
"To stop auto-renewal, contact our helpline within 8 days",obstruction,obstruction,en,a,support_link,"[TAG=a] [ROLE=support_link] To stop auto-renewal, contact our helpline within 8 days",obstruction:en:21,synthetic_v1,0,0,0,1,0,0,0,0
Refunds for sports sandals must be requested through our WhatsApp number,obstruction,obstruction,en,p,help_text,[TAG=p] [ROLE=help_text] Refunds for sports sandals must be requested through our WhatsApp number,obstruction:en:16,synthetic_v1,0,0,0,1,0,0,0,0
स्वतः नवीकरण बन्द गर्न 12 दिनभित्र हाम्रो इमेल डेस्क मा सम्पर्क गर्नुहोस्,obstruction,obstruction,ne,div,modal_text,[TAG=div] [ROLE=modal_text] स्वतः नवीकरण बन्द गर्न 12 दिनभित्र हाम्रो इमेल डेस्क मा सम्पर्क गर्नुहोस्,obstruction:ne:21,synthetic_v1,0,0,0,1,0,0,0,0
Pepperfry खाता बंद करने के लिए हमारा Viber सपोर्ट को लिखें,obstruction,obstruction,hi,div,modal_text,[TAG=div] [ROLE=modal_text] Pepperfry खाता बंद करने के लिए हमारा Viber सपोर्ट को लिखें,obstruction:hi:17,synthetic_v1,0,0,0,1,0,0,0,0
HamroBazar ऑर्डर रद्द करने के लिए हमारा सपोर्ट नंबर से संपर्क करें,obstruction,obstruction,hi,div,modal_text,[TAG=div] [ROLE=modal_text] HamroBazar ऑर्डर रद्द करने के लिए हमारा सपोर्ट नंबर से संपर्क करें,obstruction:hi:15,synthetic_v1,0,0,0,1,0,0,0,0
Gyapu cancellations require verification through our WhatsApp number,obstruction,obstruction,en,a,support_link,[TAG=a] [ROLE=support_link] Gyapu cancellations require verification through our WhatsApp number,obstruction:en:20,synthetic_v1,0,0,0,1,0,0,0,0
Deleting your Muncha data requires a written request to our support line,obstruction,obstruction,en,div,modal_text,[TAG=div] [ROLE=modal_text] Deleting your Muncha data requires a written request to our support line,obstruction:en:24,synthetic_v1,0,0,0,1,0,0,0,0
Your BigBasket refund needs approval from live chat,obstruction,obstruction,en,p,help_text,[TAG=p] [ROLE=help_text] Your BigBasket refund needs approval from live chat,obstruction:en:23,synthetic_v1,0,0,0,1,0,0,0,0
योगा मैट का रिफंड हमारी हेल्पलाइन के ज़रिये ही मांगें,obstruction,obstruction,hi,p,help_text,[TAG=p] [ROLE=help_text] योगा मैट का रिफंड हमारी हेल्पलाइन के ज़रिये ही मांगें,obstruction:hi:16,synthetic_v1,0,0,0,1,0,0,0,0
Reliance Digital अर्डर रद्द गर्न लाइभ च्याट मा सम्पर्क गर्नुहोस्,obstruction,obstruction,ne,p,help_text,[TAG=p] [ROLE=help_text] Reliance Digital अर्डर रद्द गर्न लाइभ च्याट मा सम्पर्क गर्नुहोस्,obstruction:ne:15,synthetic_v1,0,0,0,1,0,0,0,0
Returning sports sandals? Please call our Viber support first,obstruction,obstruction,en,p,help_text,[TAG=p] [ROLE=help_text] Returning sports sandals? Please call our Viber support first,obstruction:en:22,synthetic_v1,0,0,0,1,0,0,0,0
धूप का चश्मा एक्सचेंज अनुरोध केवल कॉल सेंटर से होगा,obstruction,obstruction,hi,a,support_link,[TAG=a] [ROLE=support_link] धूप का चश्मा एक्सचेंज अनुरोध केवल कॉल सेंटर से होगा,obstruction:hi:25,synthetic_v1,0,0,0,1,0,0,0,0
हेयर ड्रायर फिर्ता गर्नु छ? पहिले हाम्रो Viber सपोर्ट मा फोन गर्नुहोस्,obstruction,obstruction,ne,a,support_link,[TAG=a] [ROLE=support_link] हेयर ड्रायर फिर्ता गर्नु छ? पहिले हाम्रो Viber सपोर्ट मा फोन गर्नुहोस्,obstruction:ne:22,synthetic_v1,0,0,0,1,0,0,0,0
Deleting your Myntra data requires a written request to our helpline,obstruction,obstruction,en,div,modal_text,[TAG=div] [ROLE=modal_text] Deleting your Myntra data requires a written request to our helpline,obstruction:en:24,synthetic_v1,0,0,0,1,0,0,0,0
पावर बैंक का रिफंड हमारा Viber सपोर्ट के ज़रिये ही मांगें,obstruction,obstruction,hi,p,help_text,[TAG=p] [ROLE=help_text] पावर बैंक का रिफंड हमारा Viber सपोर्ट के ज़रिये ही मांगें,obstruction:hi:16,synthetic_v1,0,0,0,1,0,0,0,0
गेमिंग माउस का रिफंड हमारा WhatsApp नंबर के ज़रिये ही मांगें,obstruction,obstruction,hi,div,modal_text,[TAG=div] [ROLE=modal_text] गेमिंग माउस का रिफंड हमारा WhatsApp नंबर के ज़रिये ही मांगें,obstruction:hi:16,synthetic_v1,0,0,0,1,0,0,0,0
Reach our helpline to remove phone case from your order,obstruction,obstruction,en,p,help_text,[TAG=p] [ROLE=help_text] Reach our helpline to remove phone case from your order,obstruction:en:19,synthetic_v1,0,0,0,1,0,0,0,0
ऑटो-रिन्यूअल बंद करने के लिए 3 दिन में हमारा सपोर्ट नंबर से संपर्क करें,obstruction,obstruction,hi,a,support_link,[TAG=a] [ROLE=support_link] ऑटो-रिन्यूअल बंद करने के लिए 3 दिन में हमारा सपोर्ट नंबर से संपर्क करें,obstruction:hi:21,synthetic_v1,0,0,0,1,0,0,0,0
ट्रेकिङ ज्याकेट फिर्ता गर्नु छ? पहिले हाम्रो सपोर्ट नम्बर मा फोन गर्नुहोस्,obstruction,obstruction,ne,p,help_text,[TAG=p] [ROLE=help_text] ट्रेकिङ ज्याकेट फिर्ता गर्नु छ? पहिले हाम्रो सपोर्ट नम्बर मा फोन गर्नुहोस्,obstruction:ne:22,synthetic_v1,0,0,0,1,0,0,0,0
trekking jacket exchange requests go through our email desk only,obstruction,obstruction,en,a,support_link,[TAG=a] [ROLE=support_link] trekking jacket exchange requests go through our email desk only,obstruction:en:25,synthetic_v1,0,0,0,1,0,0,0,0
घामको चस्मा सट्टा अनुरोध हाम्रो WhatsApp नम्बर बाट मात्र हुन्छ,obstruction,obstruction,ne,div,modal_text,[TAG=div] [ROLE=modal_text] घामको चस्मा सट्टा अनुरोध हाम्रो WhatsApp नम्बर बाट मात्र हुन्छ,obstruction:ne:25,synthetic_v1,0,0,0,1,0,0,0,0
Gyapu अर्डर रद्द गर्न लाइभ च्याट मा सम्पर्क गर्नुहोस्,obstruction,obstruction,ne,a,support_link,[TAG=a] [ROLE=support_link] Gyapu अर्डर रद्द गर्न लाइभ च्याट मा सम्पर्क गर्नुहोस्,obstruction:ne:15,synthetic_v1,0,0,0,1,0,0,0,0
घामको चस्मा फिर्ता गर्नु छ? पहिले कल सेन्टर मा फोन गर्नुहोस्,obstruction,obstruction,ne,a,support_link,[TAG=a] [ROLE=support_link] घामको चस्मा फिर्ता गर्नु छ? पहिले कल सेन्टर मा फोन गर्नुहोस्,obstruction:ne:22,synthetic_v1,0,0,0,1,0,0,0,0
पानीको बोतल अर्डरबाट हटाउन हाम्रो हेल्पलाइन मा सम्पर्क गर्नुहोस्,obstruction,obstruction,ne,p,help_text,[TAG=p] [ROLE=help_text] पानीको बोतल अर्डरबाट हटाउन हाम्रो हेल्पलाइन मा सम्पर्क गर्नुहोस्,obstruction:ne:19,synthetic_v1,0,0,0,1,0,0,0,0
bluetooth speaker exchange requests go through our helpline only,obstruction,obstruction,en,div,modal_text,[TAG=div] [ROLE=modal_text] bluetooth speaker exchange requests go through our helpline only,obstruction:en:25,synthetic_v1,0,0,0,1,0,0,0,0
Croma ऑर्डर रद्द करने के लिए हमारी हेल्पलाइन से संपर्क करें,obstruction,obstruction,hi,div,modal_text,[TAG=div] [ROLE=modal_text] Croma ऑर्डर रद्द करने के लिए हमारी हेल्पलाइन से संपर्क करें,obstruction:hi:15,synthetic_v1,0,0,0,1,0,0,0,0
Tata Cliq खाता बंद करने के लिए हमारा ईमेल डेस्क को लिखें,obstruction,obstruction,hi,div,modal_text,[TAG=div] [ROLE=modal_text] Tata Cliq खाता बंद करने के लिए हमारा ईमेल डेस्क को लिखें,obstruction:hi:17,synthetic_v1,0,0,0,1,0,0,0,0
Croma रिफंड के लिए हमारा ईमेल डेस्क की मंज़ूरी चाहिए,obstruction,obstruction,hi,p,help_text,[TAG=p] [ROLE=help_text] Croma रिफंड के लिए हमारा ईमेल डेस्क की मंज़ूरी चाहिए,obstruction:hi:23,synthetic_v1,0,0,0,1,0,0,0,0
Snapdeal पर सब्सक्रिप्शन बदलाव केवल हमारा ईमेल डेस्क से संभव है,obstruction,obstruction,hi,p,help_text,[TAG=p] [ROLE=help_text] Snapdeal पर सब्सक्रिप्शन बदलाव केवल हमारा ईमेल डेस्क से संभव है,obstruction:hi:18,synthetic_v1,0,0,0,1,0,0,0,0
coffee maker exchange requests go through our helpline only,obstruction,obstruction,en,div,modal_text,[TAG=div] [ROLE=modal_text] coffee maker exchange requests go through our helpline only,obstruction:en:25,synthetic_v1,0,0,0,1,0,0,0,0
राइस कुकर लौटाना है? पहले हमारी हेल्पलाइन पर कॉल करें,obstruction,obstruction,hi,a,support_link,[TAG=a] [ROLE=support_link] राइस कुकर लौटाना है? पहले हमारी हेल्पलाइन पर कॉल करें,obstruction:hi:22,synthetic_v1,0,0,0,1,0,0,0,0
Deleting your Snapdeal data requires a written request to our support line,obstruction,obstruction,en,a,support_link,[TAG=a] [ROLE=support_link] Deleting your Snapdeal data requires a written request to our support line,obstruction:en:24,synthetic_v1,0,0,0,1,0,0,0,0
BigBasket रद्दीकरण के लिए हमारा Facebook पेज से सत्यापन ज़रूरी है,obstruction,obstruction,hi,div,modal_text,[TAG=div] [ROLE=modal_text] BigBasket रद्दीकरण के लिए हमारा Facebook पेज से सत्यापन ज़रूरी है,obstruction:hi:20,synthetic_v1,0,0,0,1,0,0,0,0
Please contact us within 1 business days to cancel,obstruction,obstruction,en,a,support_link,[TAG=a] [ROLE=support_link] Please contact us within 1 business days to cancel,obstruction:en:05,synthetic_v1,0,0,0,1,0,0,0,0
"To downgrade your Pro plan at Blinkit, contact our support line",obstruction,obstruction,en,a,support_link,"[TAG=a] [ROLE=support_link] To downgrade your Pro plan at Blinkit, contact our support line",obstruction:en:26,synthetic_v1,0,0,0,1,0,0,0,0
"To stop auto-renewal, contact our email desk within 4 days",obstruction,obstruction,en,p,help_text,"[TAG=p] [ROLE=help_text] To stop auto-renewal, contact our email desk within 4 days",obstruction:en:21,synthetic_v1,0,0,0,1,0,0,0,0
योगा मैट को ऑर्डर से हटाने के लिए हमारा Viber सपोर्ट से संपर्क करें,obstruction,obstruction,hi,a,support_link,[TAG=a] [ROLE=support_link] योगा मैट को ऑर्डर से हटाने के लिए हमारा Viber सपोर्ट से संपर्क करें,obstruction:hi:19,synthetic_v1,0,0,0,1,0,0,0,0
Refunds for laptop bag must be requested through our Viber support,obstruction,obstruction,en,p,help_text,[TAG=p] [ROLE=help_text] Refunds for laptop bag must be requested through our Viber support,obstruction:en:16,synthetic_v1,0,0,0,1,0,0,0,0
कटन कुर्ता अर्डरबाट हटाउन हाम्रो WhatsApp नम्बर मा सम्पर्क गर्नुहोस्,obstruction,obstruction,ne,div,modal_text,[TAG=div] [ROLE=modal_text] कटन कुर्ता अर्डरबाट हटाउन हाम्रो WhatsApp नम्बर मा सम्पर्क गर्नुहोस्,obstruction:ne:19,synthetic_v1,0,0,0,1,0,0,0,0
Your Flipkart refund needs approval from the call centre,obstruction,obstruction,en,p,help_text,[TAG=p] [ROLE=help_text] Your Flipkart refund needs approval from the call centre,obstruction:en:23,synthetic_v1,0,0,0,1,0,0,0,0
Zepto पर प्लस प्लान डाउनग्रेड करने के लिए हमारी हेल्पलाइन से संपर्क करें,obstruction,obstruction,hi,p,help_text,[TAG=p] [ROLE=help_text] Zepto पर प्लस प्लान डाउनग्रेड करने के लिए हमारी हेल्पलाइन से संपर्क करें,obstruction:hi:26,synthetic_v1,0,0,0,1,0,0,0,0
स्वतः नवीकरण बन्द गर्न 4 दिनभित्र हाम्रो इमेल डेस्क मा सम्पर्क गर्नुहोस्,obstruction,obstruction,ne,div,modal_text,[TAG=div] [ROLE=modal_text] स्वतः नवीकरण बन्द गर्न 4 दिनभित्र हाम्रो इमेल डेस्क मा सम्पर्क गर्नुहोस्,obstruction:ne:21,synthetic_v1,0,0,0,1,0,0,0,0
फेस वॉश एक्सचेंज अनुरोध केवल कॉल सेंटर से होगा,obstruction,obstruction,hi,a,support_link,[TAG=a] [ROLE=support_link] फेस वॉश एक्सचेंज अनुरोध केवल कॉल सेंटर से होगा,obstruction:hi:25,synthetic_v1,0,0,0,1,0,0,0,0
Returning hair dryer? Please call our helpline first,obstruction,obstruction,en,p,help_text,[TAG=p] [ROLE=help_text] Returning hair dryer? Please call our helpline first,obstruction:en:22,synthetic_v1,0,0,0,1,0,0,0,0
Kinbech डाटा हटाउन लाइभ च्याट लाई लिखित अनुरोध पठाउनुहोस्,obstruction,obstruction,ne,div,modal_text,[TAG=div] [ROLE=modal_text] Kinbech डाटा हटाउन लाइभ च्याट लाई लिखित अनुरोध पठाउनुहोस्,obstruction:ne:24,synthetic_v1,0,0,0,1,0,0,0,0
Returning cotton kurta? Please call our WhatsApp number first,obstruction,obstruction,en,div,modal_text,[TAG=div] [ROLE=modal_text] Returning cotton kurta? Please call our WhatsApp number first,obstruction:en:22,synthetic_v1,0,0,0,1,0,0,0,0
रद्द करने के लिए 5 कार्यदिवस में संपर्क करें,obstruction,obstruction,hi,div,modal_text,[TAG=div] [ROLE=modal_text] रद्द करने के लिए 5 कार्यदिवस में संपर्क करें,obstruction:hi:05,synthetic_v1,0,0,0,1,0,0,0,0
ऑटो-रिन्यूअल बंद करने के लिए 4 दिन में हमारा Viber सपोर्ट से संपर्क करें,obstruction,obstruction,hi,p,help_text,[TAG=p] [ROLE=help_text] ऑटो-रिन्यूअल बंद करने के लिए 4 दिन में हमारा Viber सपोर्ट से संपर्क करें,obstruction:hi:21,synthetic_v1,0,0,0,1,0,0,0,0
"To stop auto-renewal, contact our email desk within 12 days",obstruction,obstruction,en,a,support_link,"[TAG=a] [ROLE=support_link] To stop auto-renewal, contact our email desk within 12 days",obstruction:en:21,synthetic_v1,0,0,0,1,0,0,0,0
BigBasket अर्डर रद्द गर्न कल सेन्टर मा सम्पर्क गर्नुहोस्,obstruction,obstruction,ne,div,modal_text,[TAG=div] [ROLE=modal_text] BigBasket अर्डर रद्द गर्न कल सेन्टर मा सम्पर्क गर्नुहोस्,obstruction:ne:15,synthetic_v1,0,0,0,1,0,0,0,0
Lenskart cancellations require verification through our email desk,obstruction,obstruction,en,p,help_text,[TAG=p] [ROLE=help_text] Lenskart cancellations require verification through our email desk,obstruction:en:20,synthetic_v1,0,0,0,1,0,0,0,0
"To cancel your Kinbech order, contact live chat",obstruction,obstruction,en,a,support_link,"[TAG=a] [ROLE=support_link] To cancel your Kinbech order, contact live chat",obstruction:en:15,synthetic_v1,0,0,0,1,0,0,0,0
Croma ऑर्डर रद्द करने के लिए हमारा सपोर्ट नंबर से संपर्क करें,obstruction,obstruction,hi,div,modal_text,[TAG=div] [ROLE=modal_text] Croma ऑर्डर रद्द करने के लिए हमारा सपोर्ट नंबर से संपर्क करें,obstruction:hi:15,synthetic_v1,0,0,0,1,0,0,0,0
Please contact us within 5 business days to cancel,obstruction,obstruction,en,a,support_link,[TAG=a] [ROLE=support_link] Please contact us within 5 business days to cancel,obstruction:en:05,synthetic_v1,0,0,0,1,0,0,0,0
Flipkart मा सदस्यता परिवर्तन हाम्रो सपोर्ट नम्बर बाट मात्र सम्भव छ,obstruction,obstruction,ne,div,modal_text,[TAG=div] [ROLE=modal_text] Flipkart मा सदस्यता परिवर्तन हाम्रो सपोर्ट नम्बर बाट मात्र सम्भव छ,obstruction:ne:18,synthetic_v1,0,0,0,1,0,0,0,0
Refunds for wireless earbuds must be requested through the call centre,obstruction,obstruction,en,p,help_text,[TAG=p] [ROLE=help_text] Refunds for wireless earbuds must be requested through the call centre,obstruction:en:16,synthetic_v1,0,0,0,1,0,0,0,0
ऑटो-रिन्यूअल बंद करने के लिए 1 दिन में हमारा Facebook पेज से संपर्क करें,obstruction,obstruction,hi,a,support_link,[TAG=a] [ROLE=support_link] ऑटो-रिन्यूअल बंद करने के लिए 1 दिन में हमारा Facebook पेज से संपर्क करें,obstruction:hi:21,synthetic_v1,0,0,0,1,0,0,0,0
कटन कुर्ता अर्डरबाट हटाउन हाम्रो इमेल डेस्क मा सम्पर्क गर्नुहोस्,obstruction,obstruction,ne,a,support_link,[TAG=a] [ROLE=support_link] कटन कुर्ता अर्डरबाट हटाउन हाम्रो इमेल डेस्क मा सम्पर्क गर्नुहोस्,obstruction:ne:19,synthetic_v1,0,0,0,1,0,0,0,0
क्या आप निश्चित हैं? रद्द करने के लिए चरण 7 पर जाएं,obstruction,obstruction,hi,p,help_text,[TAG=p] [ROLE=help_text] क्या आप निश्चित हैं? रद्द करने के लिए चरण 7 पर जाएं,obstruction:hi:10,synthetic_v1,0,0,0,1,0,0,0,0
BigBasket मा प्राइम प्लान डाउनग्रेड गर्न हाम्रो इमेल डेस्क मा सम्पर्क गर्नुहोस्,obstruction,obstruction,ne,a,support_link,[TAG=a] [ROLE=support_link] BigBasket मा प्राइम प्लान डाउनग्रेड गर्न हाम्रो इमेल डेस्क मा सम्पर्क गर्नुहोस्,obstruction:ne:26,synthetic_v1,0,0,0,1,0,0,0,0
Muncha रिफंड के लिए हमारा ईमेल डेस्क की मंज़ूरी चाहिए,obstruction,obstruction,hi,div,modal_text,[TAG=div] [ROLE=modal_text] Muncha रिफंड के लिए हमारा ईमेल डेस्क की मंज़ूरी चाहिए,obstruction:hi:23,synthetic_v1,0,0,0,1,0,0,0,0
Myntra ऑर्डर रद्द करने के लिए हमारा सपोर्ट नंबर से संपर्क करें,obstruction,obstruction,hi,p,help_text,[TAG=p] [ROLE=help_text] Myntra ऑर्डर रद्द करने के लिए हमारा सपोर्ट नंबर से संपर्क करें,obstruction:hi:15,synthetic_v1,0,0,0,1,0,0,0,0
Kinbech पर गोल्ड प्लान डाउनग्रेड करने के लिए हमारी हेल्पलाइन से संपर्क करें,obstruction,obstruction,hi,p,help_text,[TAG=p] [ROLE=help_text] Kinbech पर गोल्ड प्लान डाउनग्रेड करने के लिए हमारी हेल्पलाइन से संपर्क करें,obstruction:hi:26,synthetic_v1,0,0,0,1,0,0,0,0
प्रोटीन पाउडर का रिफंड हमारा Facebook पेज के ज़रिये ही मांगें,obstruction,obstruction,hi,a,support_link,[TAG=a] [ROLE=support_link] प्रोटीन पाउडर का रिफंड हमारा Facebook पेज के ज़रिये ही मांगें,obstruction:hi:16,synthetic_v1,0,0,0,1,0,0,0,0
स्वतः नवीकरण बन्द गर्न 1 दिनभित्र कल सेन्टर मा सम्पर्क गर्नुहोस्,obstruction,obstruction,ne,div,modal_text,[TAG=div] [ROLE=modal_text] स्वतः नवीकरण बन्द गर्न 1 दिनभित्र कल सेन्टर मा सम्पर्क गर्नुहोस्,obstruction:ne:21,synthetic_v1,0,0,0,1,0,0,0,0
Meesho मा सदस्यता परिवर्तन हाम्रो हेल्पलाइन बाट मात्र सम्भव छ,obstruction,obstruction,ne,p,help_text,[TAG=p] [ROLE=help_text] Meesho मा सदस्यता परिवर्तन हाम्रो हेल्पलाइन बाट मात्र सम्भव छ,obstruction:ne:18,synthetic_v1,0,0,0,1,0,0,0,0
"To cancel your Muncha order, contact the call centre",obstruction,obstruction,en,div,modal_text,"[TAG=div] [ROLE=modal_text] To cancel your Muncha order, contact the call centre",obstruction:en:15,synthetic_v1,0,0,0,1,0,0,0,0
"To stop auto-renewal, contact our WhatsApp number within 3 days",obstruction,obstruction,en,a,support_link,"[TAG=a] [ROLE=support_link] To stop auto-renewal, contact our WhatsApp number within 3 days",obstruction:en:21,synthetic_v1,0,0,0,1,0,0,0,0
Reach the call centre to remove air fryer from your order,obstruction,obstruction,en,p,help_text,[TAG=p] [ROLE=help_text] Reach the call centre to remove air fryer from your order,obstruction:en:19,synthetic_v1,0,0,0,1,0,0,0,0
JioMart पर सब्सक्रिप्शन बदलाव केवल हमारा WhatsApp नंबर से संभव है,obstruction,obstruction,hi,p,help_text,[TAG=p] [ROLE=help_text] JioMart पर सब्सक्रिप्शन बदलाव केवल हमारा WhatsApp नंबर से संभव है,obstruction:hi:18,synthetic_v1,0,0,0,1,0,0,0,0
Nykaa पर सब्सक्रिप्शन बदलाव केवल हमारा ईमेल डेस्क से संभव है,obstruction,obstruction,hi,a,support_link,[TAG=a] [ROLE=support_link] Nykaa पर सब्सक्रिप्शन बदलाव केवल हमारा ईमेल डेस्क से संभव है,obstruction:hi:18,synthetic_v1,0,0,0,1,0,0,0,0
Meesho ऑर्डर रद्द करने के लिए हमारा ईमेल डेस्क से संपर्क करें,obstruction,obstruction,hi,div,modal_text,[TAG=div] [ROLE=modal_text] Meesho ऑर्डर रद्द करने के लिए हमारा ईमेल डेस्क से संपर्क करें,obstruction:hi:15,synthetic_v1,0,0,0,1,0,0,0,0
स्वतः नवीकरण बन्द गर्न 12 दिनभित्र हाम्रो हेल्पलाइन मा सम्पर्क गर्नुहोस्,obstruction,obstruction,ne,div,modal_text,[TAG=div] [ROLE=modal_text] स्वतः नवीकरण बन्द गर्न 12 दिनभित्र हाम्रो हेल्पलाइन मा सम्पर्क गर्नुहोस्,obstruction:ne:21,synthetic_v1,0,0,0,1,0,0,0,0
HamroBazar डाटा हटाउन हाम्रो इमेल डेस्क लाई लिखित अनुरोध पठाउनुहोस्,obstruction,obstruction,ne,a,support_link,[TAG=a] [ROLE=support_link] HamroBazar डाटा हटाउन हाम्रो इमेल डेस्क लाई लिखित अनुरोध पठाउनुहोस्,obstruction:ne:24,synthetic_v1,0,0,0,1,0,0,0,0
क्या आप निश्चित हैं? रद्द करने के लिए चरण 10 पर जाएं,obstruction,obstruction,hi,div,modal_text,[TAG=div] [ROLE=modal_text] क्या आप निश्चित हैं? रद्द करने के लिए चरण 10 पर जाएं,obstruction:hi:10,synthetic_v1,0,0,0,1,0,0,0,0
स्कूल बैग को ऑर्डर से हटाने के लिए हमारा Viber सपोर्ट से संपर्क करें,obstruction,obstruction,hi,p,help_text,[TAG=p] [ROLE=help_text] स्कूल बैग को ऑर्डर से हटाने के लिए हमारा Viber सपोर्ट से संपर्क करें,obstruction:hi:19,synthetic_v1,0,0,0,1,0,0,0,0
Nykaa ऑर्डर रद्द करने के लिए हमारा Facebook पेज से संपर्क करें,obstruction,obstruction,hi,div,modal_text,[TAG=div] [ROLE=modal_text] Nykaa ऑर्डर रद्द करने के लिए हमारा Facebook पेज से संपर्क करें,obstruction:hi:15,synthetic_v1,0,0,0,1,0,0,0,0
Thulo डाटा हटाउन लाइभ च्याट लाई लिखित अनुरोध पठाउनुहोस्,obstruction,obstruction,ne,p,help_text,[TAG=p] [ROLE=help_text] Thulo डाटा हटाउन लाइभ च्याट लाई लिखित अनुरोध पठाउनुहोस्,obstruction:ne:24,synthetic_v1,0,0,0,1,0,0,0,0
Croma पर प्राइम प्लान डाउनग्रेड करने के लिए हमारा सपोर्ट नंबर से संपर्क करें,obstruction,obstruction,hi,a,support_link,[TAG=a] [ROLE=support_link] Croma पर प्राइम प्लान डाउनग्रेड करने के लिए हमारा सपोर्ट नंबर से संपर्क करें,obstruction:hi:26,synthetic_v1,0,0,0,1,0,0,0,0
HamroBazar cancellations require verification through the call centre,obstruction,obstruction,en,p,help_text,[TAG=p] [ROLE=help_text] HamroBazar cancellations require verification through the call centre,obstruction:en:20,synthetic_v1,0,0,0,1,0,0,0,0
हेयर ड्रायर एक्सचेंज अनुरोध केवल हमारा Facebook पेज से होगा,obstruction,obstruction,hi,a,support_link,[TAG=a] [ROLE=support_link] हेयर ड्रायर एक्सचेंज अनुरोध केवल हमारा Facebook पेज से होगा,obstruction:hi:25,synthetic_v1,0,0,0,1,0,0,0,0
Refunds for phone case must be requested through our email desk,obstruction,obstruction,en,p,help_text,[TAG=p] [ROLE=help_text] Refunds for phone case must be requested through our email desk,obstruction:en:16,synthetic_v1,0,0,0,1,0,0,0,0
"To stop auto-renewal, contact our support line within 1 days",obstruction,obstruction,en,a,support_link,"[TAG=a] [ROLE=support_link] To stop auto-renewal, contact our support line within 1 days",obstruction:en:21,synthetic_v1,0,0,0,1,0,0,0,0
कॉटन कुर्ता का रिफंड कॉल सेंटर के ज़रिये ही मांगें,obstruction,obstruction,hi,p,help_text,[TAG=p] [ROLE=help_text] कॉटन कुर्ता का रिफंड कॉल सेंटर के ज़रिये ही मांगें,obstruction:hi:16,synthetic_v1,0,0,0,1,0,0,0,0
खाता हटाउन सपोर्टमा सम्पर्क गर्नुहोस्,obstruction,obstruction,ne,a,support_link,[TAG=a] [ROLE=support_link] खाता हटाउन सपोर्टमा सम्पर्क गर्नुहोस्,obstruction:ne:02,synthetic_v1,0,0,0,1,0,0,0,0
"To cancel your Thulo order, contact our Viber support",obstruction,obstruction,en,a,support_link,"[TAG=a] [ROLE=support_link] To cancel your Thulo order, contact our Viber support",obstruction:en:15,synthetic_v1,0,0,0,1,0,0,0,0
नोइज क्यान्सलिङ हेडफोन को रिफन्ड हाम्रो Viber सपोर्ट मार्फत मात्र माग्नुहोस्,obstruction,obstruction,ne,p,help_text,[TAG=p] [ROLE=help_text] नोइज क्यान्सलिङ हेडफोन को रिफन्ड हाम्रो Viber सपोर्ट मार्फत मात्र माग्नुहोस्,obstruction:ne:16,synthetic_v1,0,0,0,1,0,0,0,0
घामको चस्मा अर्डरबाट हटाउन हाम्रो हेल्पलाइन मा सम्पर्क गर्नुहोस्,obstruction,obstruction,ne,p,help_text,[TAG=p] [ROLE=help_text] घामको चस्मा अर्डरबाट हटाउन हाम्रो हेल्पलाइन मा सम्पर्क गर्नुहोस्,obstruction:ne:19,synthetic_v1,0,0,0,1,0,0,0,0
Snapdeal रिफन्डका लागि हाम्रो WhatsApp नम्बर को स्वीकृति चाहिन्छ,obstruction,obstruction,ne,a,support_link,[TAG=a] [ROLE=support_link] Snapdeal रिफन्डका लागि हाम्रो WhatsApp नम्बर को स्वीकृति चाहिन्छ,obstruction:ne:23,synthetic_v1,0,0,0,1,0,0,0,0
Myntra cancellations require verification through our WhatsApp number,obstruction,obstruction,en,a,support_link,[TAG=a] [ROLE=support_link] Myntra cancellations require verification through our WhatsApp number,obstruction:en:20,synthetic_v1,0,0,0,1,0,0,0,0
"To stop auto-renewal, contact our Facebook page within 7 days",obstruction,obstruction,en,a,support_link,"[TAG=a] [ROLE=support_link] To stop auto-renewal, contact our Facebook page within 7 days",obstruction:en:21,synthetic_v1,0,0,0,1,0,0,0,0
Pepperfry पर सब्सक्रिप्शन बदलाव केवल हमारा WhatsApp नंबर से संभव है,obstruction,obstruction,hi,div,modal_text,[TAG=div] [ROLE=modal_text] Pepperfry पर सब्सक्रिप्शन बदलाव केवल हमारा WhatsApp नंबर से संभव है,obstruction:hi:18,synthetic_v1,0,0,0,1,0,0,0,0
Lenskart cancellations require verification through our support line,obstruction,obstruction,en,div,modal_text,[TAG=div] [ROLE=modal_text] Lenskart cancellations require verification through our support line,obstruction:en:20,synthetic_v1,0,0,0,1,0,0,0,0
पावर बैंक का रिफंड हमारा ईमेल डेस्क के ज़रिये ही मांगें,obstruction,obstruction,hi,a,support_link,[TAG=a] [ROLE=support_link] पावर बैंक का रिफंड हमारा ईमेल डेस्क के ज़रिये ही मांगें,obstruction:hi:16,synthetic_v1,0,0,0,1,0,0,0,0
Croma पर प्रीमियम प्लान डाउनग्रेड करने के लिए हमारी हेल्पलाइन से संपर्क करें,obstruction,obstruction,hi,a,support_link,[TAG=a] [ROLE=support_link] Croma पर प्रीमियम प्लान डाउनग्रेड करने के लिए हमारी हेल्पलाइन से संपर्क करें,obstruction:hi:26,synthetic_v1,0,0,0,1,0,0,0,0
FirstCry पर प्राइम प्लान डाउनग्रेड करने के लिए हमारा सपोर्ट नंबर से संपर्क करें,obstruction,obstruction,hi,div,modal_text,[TAG=div] [ROLE=modal_text] FirstCry पर प्राइम प्लान डाउनग्रेड करने के लिए हमारा सपोर्ट नंबर से संपर्क करें,obstruction:hi:26,synthetic_v1,0,0,0,1,0,0,0,0
Are you sure? Continue to step 10 to cancel,obstruction,obstruction,en,a,support_link,[TAG=a] [ROLE=support_link] Are you sure? Continue to step 10 to cancel,obstruction:en:10,synthetic_v1,0,0,0,1,0,0,0,0
कॉटन कुर्ता को ऑर्डर से हटाने के लिए हमारा ईमेल डेस्क से संपर्क करें,obstruction,obstruction,hi,p,help_text,[TAG=p] [ROLE=help_text] कॉटन कुर्ता को ऑर्डर से हटाने के लिए हमारा ईमेल डेस्क से संपर्क करें,obstruction:hi:19,synthetic_v1,0,0,0,1,0,0,0,0
induction cooktop exchange requests go through our support line only,obstruction,obstruction,en,a,support_link,[TAG=a] [ROLE=support_link] induction cooktop exchange requests go through our support line only,obstruction:en:25,synthetic_v1,0,0,0,1,0,0,0,0
power bank exchange requests go through our helpline only,obstruction,obstruction,en,a,support_link,[TAG=a] [ROLE=support_link] power bank exchange requests go through our helpline only,obstruction:en:25,synthetic_v1,0,0,0,1,0,0,0,0
स्कूल बैग एक्सचेंज अनुरोध केवल लाइव चैट से होगा,obstruction,obstruction,hi,a,support_link,[TAG=a] [ROLE=support_link] स्कूल बैग एक्सचेंज अनुरोध केवल लाइव चैट से होगा,obstruction:hi:25,synthetic_v1,0,0,0,1,0,0,0,0
"To close your Gyapu account, write to our support line",obstruction,obstruction,en,a,support_link,"[TAG=a] [ROLE=support_link] To close your Gyapu account, write to our support line",obstruction:en:17,synthetic_v1,0,0,0,1,0,0,0,0
Subscription changes at Myntra are only possible via our WhatsApp number,obstruction,obstruction,en,a,support_link,[TAG=a] [ROLE=support_link] Subscription changes at Myntra are only possible via our WhatsApp number,obstruction:en:18,synthetic_v1,0,0,0,1,0,0,0,0
Croma cancellations require verification through the call centre,obstruction,obstruction,en,p,help_text,[TAG=p] [ROLE=help_text] Croma cancellations require verification through the call centre,obstruction:en:20,synthetic_v1,0,0,0,1,0,0,0,0
राइस कुकर को ऑर्डर से हटाने के लिए हमारा ईमेल डेस्क से संपर्क करें,obstruction,obstruction,hi,div,modal_text,[TAG=div] [ROLE=modal_text] राइस कुकर को ऑर्डर से हटाने के लिए हमारा ईमेल डेस्क से संपर्क करें,obstruction:hi:19,synthetic_v1,0,0,0,1,0,0,0,0
"To stop auto-renewal, contact our Viber support within 7 days",obstruction,obstruction,en,div,modal_text,"[TAG=div] [ROLE=modal_text] To stop auto-renewal, contact our Viber support within 7 days",obstruction:en:21,synthetic_v1,0,0,0,1,0,0,0,0
"To close your Meesho account, write to our email desk",obstruction,obstruction,en,a,support_link,"[TAG=a] [ROLE=support_link] To close your Meesho account, write to our email desk",obstruction:en:17,synthetic_v1,0,0,0,1,0,0,0,0
Meesho अर्डर रद्द गर्न कल सेन्टर मा सम्पर्क गर्नुहोस्,obstruction,obstruction,ne,div,modal_text,[TAG=div] [ROLE=modal_text] Meesho अर्डर रद्द गर्न कल सेन्टर मा सम्पर्क गर्नुहोस्,obstruction:ne:15,synthetic_v1,0,0,0,1,0,0,0,0
Deleting your Gyapu data requires a written request to our support line,obstruction,obstruction,en,p,help_text,[TAG=p] [ROLE=help_text] Deleting your Gyapu data requires a written request to our support line,obstruction:en:24,synthetic_v1,0,0,0,1,0,0,0,0
स्वतः नवीकरण बन्द गर्न 5 दिनभित्र लाइभ च्याट मा सम्पर्क गर्नुहोस्,obstruction,obstruction,ne,a,support_link,[TAG=a] [ROLE=support_link] स्वतः नवीकरण बन्द गर्न 5 दिनभित्र लाइभ च्याट मा सम्पर्क गर्नुहोस्,obstruction:ne:21,synthetic_v1,0,0,0,1,0,0,0,0
फर्मल सर्ट अर्डरबाट हटाउन हाम्रो इमेल डेस्क मा सम्पर्क गर्नुहोस्,obstruction,obstruction,ne,a,support_link,[TAG=a] [ROLE=support_link] फर्मल सर्ट अर्डरबाट हटाउन हाम्रो इमेल डेस्क मा सम्पर्क गर्नुहोस्,obstruction:ne:19,synthetic_v1,0,0,0,1,0,0,0,0
Gyapu रिफंड के लिए हमारा सपोर्ट नंबर की मंज़ूरी चाहिए,obstruction,obstruction,hi,div,modal_text,[TAG=div] [ROLE=modal_text] Gyapu रिफंड के लिए हमारा सपोर्ट नंबर की मंज़ूरी चाहिए,obstruction:hi:23,synthetic_v1,0,0,0,1,0,0,0,0
फेस वास सट्टा अनुरोध हाम्रो Facebook पेज बाट मात्र हुन्छ,obstruction,obstruction,ne,a,support_link,[TAG=a] [ROLE=support_link] फेस वास सट्टा अनुरोध हाम्रो Facebook पेज बाट मात्र हुन्छ,obstruction:ne:25,synthetic_v1,0,0,0,1,0,0,0,0
नोइज क्यान्सलिङ हेडफोन अर्डरबाट हटाउन हाम्रो WhatsApp नम्बर मा सम्पर्क गर्नुहोस्,obstruction,obstruction,ne,a,support_link,[TAG=a] [ROLE=support_link] नोइज क्यान्सलिङ हेडफोन अर्डरबाट हटाउन हाम्रो WhatsApp नम्बर मा सम्पर्क गर्नुहोस्,obstruction:ne:19,synthetic_v1,0,0,0,1,0,0,0,0
Nykaa रद्दीकरण के लिए हमारा WhatsApp नंबर से सत्यापन ज़रूरी है,obstruction,obstruction,hi,div,modal_text,[TAG=div] [ROLE=modal_text] Nykaa रद्दीकरण के लिए हमारा WhatsApp नंबर से सत्यापन ज़रूरी है,obstruction:hi:20,synthetic_v1,0,0,0,1,0,0,0,0
ऑटो-रिन्यूअल बंद करने के लिए 1 दिन में हमारा Viber सपोर्ट से संपर्क करें,obstruction,obstruction,hi,p,help_text,[TAG=p] [ROLE=help_text] ऑटो-रिन्यूअल बंद करने के लिए 1 दिन में हमारा Viber सपोर्ट से संपर्क करें,obstruction:hi:21,synthetic_v1,0,0,0,1,0,0,0,0
Deleting your OkDam data requires a written request to live chat,obstruction,obstruction,en,a,support_link,[TAG=a] [ROLE=support_link] Deleting your OkDam data requires a written request to live chat,obstruction:en:24,synthetic_v1,0,0,0,1,0,0,0,0
Please contact us within 9 business days to cancel,obstruction,obstruction,en,div,modal_text,[TAG=div] [ROLE=modal_text] Please contact us within 9 business days to cancel,obstruction:en:05,synthetic_v1,0,0,0,1,0,0,0,0
पानी की बोतल को ऑर्डर से हटाने के लिए हमारा Viber सपोर्ट से संपर्क करें,obstruction,obstruction,hi,div,modal_text,[TAG=div] [ROLE=modal_text] पानी की बोतल को ऑर्डर से हटाने के लिए हमारा Viber सपोर्ट से संपर्क करें,obstruction:hi:19,synthetic_v1,0,0,0,1,0,0,0,0
SastoDeal ऑर्डर रद्द करने के लिए लाइव चैट से संपर्क करें,obstruction,obstruction,hi,p,help_text,[TAG=p] [ROLE=help_text] SastoDeal ऑर्डर रद्द करने के लिए लाइव चैट से संपर्क करें,obstruction:hi:15,synthetic_v1,0,0,0,1,0,0,0,0
Your JioMart refund needs approval from our Facebook page,obstruction,obstruction,en,div,modal_text,[TAG=div] [ROLE=modal_text] Your JioMart refund needs approval from our Facebook page,obstruction:en:23,synthetic_v1,0,0,0,1,0,0,0,0
"To close your Croma account, write to our Viber support",obstruction,obstruction,en,p,help_text,"[TAG=p] [ROLE=help_text] To close your Croma account, write to our Viber support",obstruction:en:17,synthetic_v1,0,0,0,1,0,0,0,0
Returning phone case? Please call our email desk first,obstruction,obstruction,en,div,modal_text,[TAG=div] [ROLE=modal_text] Returning phone case? Please call our email desk first,obstruction:en:22,synthetic_v1,0,0,0,1,0,0,0,0
ऑटो-रिन्यूअल बंद करने के लिए 2 दिन में हमारा Viber सपोर्ट से संपर्क करें,obstruction,obstruction,hi,p,help_text,[TAG=p] [ROLE=help_text] ऑटो-रिन्यूअल बंद करने के लिए 2 दिन में हमारा Viber सपोर्ट से संपर्क करें,obstruction:hi:21,synthetic_v1,0,0,0,1,0,0,0,0
प्रोटिन पाउडर अर्डरबाट हटाउन कल सेन्टर मा सम्पर्क गर्नुहोस्,obstruction,obstruction,ne,p,help_text,[TAG=p] [ROLE=help_text] प्रोटिन पाउडर अर्डरबाट हटाउन कल सेन्टर मा सम्पर्क गर्नुहोस्,obstruction:ne:19,synthetic_v1,0,0,0,1,0,0,0,0
Croma रिफन्डका लागि कल सेन्टर को स्वीकृति चाहिन्छ,obstruction,obstruction,ne,a,support_link,[TAG=a] [ROLE=support_link] Croma रिफन्डका लागि कल सेन्टर को स्वीकृति चाहिन्छ,obstruction:ne:23,synthetic_v1,0,0,0,1,0,0,0,0
ब्लुटुथ स्पिकर फिर्ता गर्नु छ? पहिले लाइभ च्याट मा फोन गर्नुहोस्,obstruction,obstruction,ne,p,help_text,[TAG=p] [ROLE=help_text] ब्लुटुथ स्पिकर फिर्ता गर्नु छ? पहिले लाइभ च्याट मा फोन गर्नुहोस्,obstruction:ne:22,synthetic_v1,0,0,0,1,0,0,0,0
योगा म्याट फिर्ता गर्नु छ? पहिले हाम्रो सपोर्ट नम्बर मा फोन गर्नुहोस्,obstruction,obstruction,ne,a,support_link,[TAG=a] [ROLE=support_link] योगा म्याट फिर्ता गर्नु छ? पहिले हाम्रो सपोर्ट नम्बर मा फोन गर्नुहोस्,obstruction:ne:22,synthetic_v1,0,0,0,1,0,0,0,0
रिफंड के लिए 6 अतिरिक्त चरण पूरे करें,obstruction,obstruction,hi,p,help_text,[TAG=p] [ROLE=help_text] रिफंड के लिए 6 अतिरिक्त चरण पूरे करें,obstruction:hi:04,synthetic_v1,0,0,0,1,0,0,0,0
ट्रेकिङ ज्याकेट अर्डरबाट हटाउन कल सेन्टर मा सम्पर्क गर्नुहोस्,obstruction,obstruction,ne,a,support_link,[TAG=a] [ROLE=support_link] ट्रेकिङ ज्याकेट अर्डरबाट हटाउन कल सेन्टर मा सम्पर्क गर्नुहोस्,obstruction:ne:19,synthetic_v1,0,0,0,1,0,0,0,0
Returning electric kettle? Please call our helpline first,obstruction,obstruction,en,a,support_link,[TAG=a] [ROLE=support_link] Returning electric kettle? Please call our helpline first,obstruction:en:22,synthetic_v1,0,0,0,1,0,0,0,0
Reach live chat to remove sunglasses from your order,obstruction,obstruction,en,div,modal_text,[TAG=div] [ROLE=modal_text] Reach live chat to remove sunglasses from your order,obstruction:en:19,synthetic_v1,0,0,0,1,0,0,0,0
Amazon रद्दीकरण के लिए हमारा WhatsApp नंबर से सत्यापन ज़रूरी है,obstruction,obstruction,hi,a,support_link,[TAG=a] [ROLE=support_link] Amazon रद्दीकरण के लिए हमारा WhatsApp नंबर से सत्यापन ज़रूरी है,obstruction:hi:20,synthetic_v1,0,0,0,1,0,0,0,0
HamroBazar खाता बंद करने के लिए हमारा Facebook पेज को लिखें,obstruction,obstruction,hi,p,help_text,[TAG=p] [ROLE=help_text] HamroBazar खाता बंद करने के लिए हमारा Facebook पेज को लिखें,obstruction:hi:17,synthetic_v1,0,0,0,1,0,0,0,0
"To close your Pepperfry account, write to our helpline",obstruction,obstruction,en,div,modal_text,"[TAG=div] [ROLE=modal_text] To close your Pepperfry account, write to our helpline",obstruction:en:17,synthetic_v1,0,0,0,1,0,0,0,0
एयर फ्रायर सट्टा अनुरोध लाइभ च्याट बाट मात्र हुन्छ,obstruction,obstruction,ne,a,support_link,[TAG=a] [ROLE=support_link] एयर फ्रायर सट्टा अनुरोध लाइभ च्याट बाट मात्र हुन्छ,obstruction:ne:25,synthetic_v1,0,0,0,1,0,0,0,0
Snapdeal रिफंड के लिए हमारा WhatsApp नंबर की मंज़ूरी चाहिए,obstruction,obstruction,hi,div,modal_text,[TAG=div] [ROLE=modal_text] Snapdeal रिफंड के लिए हमारा WhatsApp नंबर की मंज़ूरी चाहिए,obstruction:hi:23,synthetic_v1,0,0,0,1,0,0,0,0
Reach the call centre to remove denim jeans from your order,obstruction,obstruction,en,div,modal_text,[TAG=div] [ROLE=modal_text] Reach the call centre to remove denim jeans from your order,obstruction:en:19,synthetic_v1,0,0,0,1,0,0,0,0
फिर्ता अनुरोध 2 दिनभित्र फोनबाट गर्नुपर्छ,obstruction,obstruction,ne,div,modal_text,[TAG=div] [ROLE=modal_text] फिर्ता अनुरोध 2 दिनभित्र फोनबाट गर्नुपर्छ,obstruction:ne:13,synthetic_v1,0,0,0,1,0,0,0,0
Reach live chat to remove laptop bag from your order,obstruction,obstruction,en,p,help_text,[TAG=p] [ROLE=help_text] Reach live chat to remove laptop bag from your order,obstruction:en:19,synthetic_v1,0,0,0,1,0,0,0,0
"To close your Myntra account, write to our Viber support",obstruction,obstruction,en,div,modal_text,"[TAG=div] [ROLE=modal_text] To close your Myntra account, write to our Viber support",obstruction:en:17,synthetic_v1,0,0,0,1,0,0,0,0
Pepperfry मा प्रो प्लान डाउनग्रेड गर्न हाम्रो सपोर्ट नम्बर मा सम्पर्क गर्नुहोस्,obstruction,obstruction,ne,a,support_link,[TAG=a] [ROLE=support_link] Pepperfry मा प्रो प्लान डाउनग्रेड गर्न हाम्रो सपोर्ट नम्बर मा सम्पर्क गर्नुहोस्,obstruction:ne:26,synthetic_v1,0,0,0,1,0,0,0,0
OkDam ऑर्डर रद्द करने के लिए हमारा WhatsApp नंबर से संपर्क करें,obstruction,obstruction,hi,div,modal_text,[TAG=div] [ROLE=modal_text] OkDam ऑर्डर रद्द करने के लिए हमारा WhatsApp नंबर से संपर्क करें,obstruction:hi:15,synthetic_v1,0,0,0,1,0,0,0,0
BigBasket रद्दीकरण के लिए हमारा WhatsApp नंबर से सत्यापन ज़रूरी है,obstruction,obstruction,hi,p,help_text,[TAG=p] [ROLE=help_text] BigBasket रद्दीकरण के लिए हमारा WhatsApp नंबर से सत्यापन ज़रूरी है,obstruction:hi:20,synthetic_v1,0,0,0,1,0,0,0,0
Gyapu ऑर्डर रद्द करने के लिए हमारा WhatsApp नंबर से संपर्क करें,obstruction,obstruction,hi,a,support_link,[TAG=a] [ROLE=support_link] Gyapu ऑर्डर रद्द करने के लिए हमारा WhatsApp नंबर से संपर्क करें,obstruction:hi:15,synthetic_v1,0,0,0,1,0,0,0,0
BigBasket खाता बंद करने के लिए कॉल सेंटर को लिखें,obstruction,obstruction,hi,p,help_text,[TAG=p] [ROLE=help_text] BigBasket खाता बंद करने के लिए कॉल सेंटर को लिखें,obstruction:hi:17,synthetic_v1,0,0,0,1,0,0,0,0
सर्दी का कंबल को ऑर्डर से हटाने के लिए हमारी हेल्पलाइन से संपर्क करें,obstruction,obstruction,hi,a,support_link,[TAG=a] [ROLE=support_link] सर्दी का कंबल को ऑर्डर से हटाने के लिए हमारी हेल्पलाइन से संपर्क करें,obstruction:hi:19,synthetic_v1,0,0,0,1,0,0,0,0
Returning yoga mat? Please call our email desk first,obstruction,obstruction,en,a,support_link,[TAG=a] [ROLE=support_link] Returning yoga mat? Please call our email desk first,obstruction:en:22,synthetic_v1,0,0,0,1,0,0,0,0
फेस वॉश लौटाना है? पहले हमारा Viber सपोर्ट पर कॉल करें,obstruction,obstruction,hi,div,modal_text,[TAG=div] [ROLE=modal_text] फेस वॉश लौटाना है? पहले हमारा Viber सपोर्ट पर कॉल करें,obstruction:hi:22,synthetic_v1,0,0,0,1,0,0,0,0
ऑटो-रिन्यूअल बंद करने के लिए 7 दिन में कॉल सेंटर से संपर्क करें,obstruction,obstruction,hi,p,help_text,[TAG=p] [ROLE=help_text] ऑटो-रिन्यूअल बंद करने के लिए 7 दिन में कॉल सेंटर से संपर्क करें,obstruction:hi:21,synthetic_v1,0,0,0,1,0,0,0,0
Returning formal shirt? Please call live chat first,obstruction,obstruction,en,a,support_link,[TAG=a] [ROLE=support_link] Returning formal shirt? Please call live chat first,obstruction:en:22,synthetic_v1,0,0,0,1,0,0,0,0
HamroBazar रद्दीकरणका लागि हाम्रो इमेल डेस्क बाट प्रमाणीकरण आवश्यक छ,obstruction,obstruction,ne,a,support_link,[TAG=a] [ROLE=support_link] HamroBazar रद्दीकरणका लागि हाम्रो इमेल डेस्क बाट प्रमाणीकरण आवश्यक छ,obstruction:ne:20,synthetic_v1,0,0,0,1,0,0,0,0
फेस वास फिर्ता गर्नु छ? पहिले हाम्रो हेल्पलाइन मा फोन गर्नुहोस्,obstruction,obstruction,ne,div,modal_text,[TAG=div] [ROLE=modal_text] फेस वास फिर्ता गर्नु छ? पहिले हाम्रो हेल्पलाइन मा फोन गर्नुहोस्,obstruction:ne:22,synthetic_v1,0,0,0,1,0,0,0,0
Lenskart अर्डर रद्द गर्न हाम्रो Facebook पेज मा सम्पर्क गर्नुहोस्,obstruction,obstruction,ne,p,help_text,[TAG=p] [ROLE=help_text] Lenskart अर्डर रद्द गर्न हाम्रो Facebook पेज मा सम्पर्क गर्नुहोस्,obstruction:ne:15,synthetic_v1,0,0,0,1,0,0,0,0
"To downgrade your Premium plan at SastoDeal, contact our Facebook page",obstruction,obstruction,en,div,modal_text,"[TAG=div] [ROLE=modal_text] To downgrade your Premium plan at SastoDeal, contact our Facebook page",obstruction:en:26,synthetic_v1,0,0,0,1,0,0,0,0
रनिंग शूज़ का रिफंड हमारा सपोर्ट नंबर के ज़रिये ही मांगें,obstruction,obstruction,hi,p,help_text,[TAG=p] [ROLE=help_text] रनिंग शूज़ का रिफंड हमारा सपोर्ट नंबर के ज़रिये ही मांगें,obstruction:hi:16,synthetic_v1,0,0,0,1,0,0,0,0
HamroBazar डाटा हटाउन कल सेन्टर लाई लिखित अनुरोध पठाउनुहोस्,obstruction,obstruction,ne,p,help_text,[TAG=p] [ROLE=help_text] HamroBazar डाटा हटाउन कल सेन्टर लाई लिखित अनुरोध पठाउनुहोस्,obstruction:ne:24,synthetic_v1,0,0,0,1,0,0,0,0
Subscription changes at Snapdeal are only possible via live chat,obstruction,obstruction,en,a,support_link,[TAG=a] [ROLE=support_link] Subscription changes at Snapdeal are only possible via live chat,obstruction:en:18,synthetic_v1,0,0,0,1,0,0,0,0
Muncha खाता बन्द गर्न लाइभ च्याट लाई लेख्नुहोस्,obstruction,obstruction,ne,p,help_text,[TAG=p] [ROLE=help_text] Muncha खाता बन्द गर्न लाइभ च्याट लाई लेख्नुहोस्,obstruction:ne:17,synthetic_v1,0,0,0,1,0,0,0,0
Thulo मा गोल्ड प्लान डाउनग्रेड गर्न हाम्रो सपोर्ट नम्बर मा सम्पर्क गर्नुहोस्,obstruction,obstruction,ne,div,modal_text,[TAG=div] [ROLE=modal_text] Thulo मा गोल्ड प्लान डाउनग्रेड गर्न हाम्रो सपोर्ट नम्बर मा सम्पर्क गर्नुहोस्,obstruction:ne:26,synthetic_v1,0,0,0,1,0,0,0,0
स्मार्टवाच को रिफन्ड हाम्रो WhatsApp नम्बर मार्फत मात्र माग्नुहोस्,obstruction,obstruction,ne,div,modal_text,[TAG=div] [ROLE=modal_text] स्मार्टवाच को रिफन्ड हाम्रो WhatsApp नम्बर मार्फत मात्र माग्नुहोस्,obstruction:ne:16,synthetic_v1,0,0,0,1,0,0,0,0
इंडक्शन चूल्हा लौटाना है? पहले कॉल सेंटर पर कॉल करें,obstruction,obstruction,hi,div,modal_text,[TAG=div] [ROLE=modal_text] इंडक्शन चूल्हा लौटाना है? पहले कॉल सेंटर पर कॉल करें,obstruction:hi:22,synthetic_v1,0,0,0,1,0,0,0,0
Subscription changes at Gyapu are only possible via our Facebook page,obstruction,obstruction,en,a,support_link,[TAG=a] [ROLE=support_link] Subscription changes at Gyapu are only possible via our Facebook page,obstruction:en:18,synthetic_v1,0,0,0,1,0,0,0,0
Myntra पर प्लस प्लान डाउनग्रेड करने के लिए कॉल सेंटर से संपर्क करें,obstruction,obstruction,hi,p,help_text,[TAG=p] [ROLE=help_text] Myntra पर प्लस प्लान डाउनग्रेड करने के लिए कॉल सेंटर से संपर्क करें,obstruction:hi:26,synthetic_v1,0,0,0,1,0,0,0,0
Returning protein powder? Please call our Viber support first,obstruction,obstruction,en,a,support_link,[TAG=a] [ROLE=support_link] Returning protein powder? Please call our Viber support first,obstruction:en:22,synthetic_v1,0,0,0,1,0,0,0,0
"To cancel your JioMart order, contact our email desk",obstruction,obstruction,en,a,support_link,"[TAG=a] [ROLE=support_link] To cancel your JioMart order, contact our email desk",obstruction:en:15,synthetic_v1,0,0,0,1,0,0,0,0
Myntra ऑर्डर रद्द करने के लिए लाइव चैट से संपर्क करें,obstruction,obstruction,hi,div,modal_text,[TAG=div] [ROLE=modal_text] Myntra ऑर्डर रद्द करने के लिए लाइव चैट से संपर्क करें,obstruction:hi:15,synthetic_v1,0,0,0,1,0,0,0,0
सर्दी का कंबल को ऑर्डर से हटाने के लिए हमारा Facebook पेज से संपर्क करें,obstruction,obstruction,hi,a,support_link,[TAG=a] [ROLE=support_link] सर्दी का कंबल को ऑर्डर से हटाने के लिए हमारा Facebook पेज से संपर्क करें,obstruction:hi:19,synthetic_v1,0,0,0,1,0,0,0,0
Tata Cliq पर गोल्ड प्लान डाउनग्रेड करने के लिए हमारा Viber सपोर्ट से संपर्क करें,obstruction,obstruction,hi,p,help_text,[TAG=p] [ROLE=help_text] Tata Cliq पर गोल्ड प्लान डाउनग्रेड करने के लिए हमारा Viber सपोर्ट से संपर्क करें,obstruction:hi:26,synthetic_v1,0,0,0,1,0,0,0,0
"To downgrade your Plus plan at Blinkit, contact our Viber support",obstruction,obstruction,en,div,modal_text,"[TAG=div] [ROLE=modal_text] To downgrade your Plus plan at Blinkit, contact our Viber support",obstruction:en:26,synthetic_v1,0,0,0,1,0,0,0,0
Returning cotton kurta? Please call our email desk first,obstruction,obstruction,en,a,support_link,[TAG=a] [ROLE=support_link] Returning cotton kurta? Please call our email desk first,obstruction:en:22,synthetic_v1,0,0,0,1,0,0,0,0
घामको चस्मा को रिफन्ड हाम्रो हेल्पलाइन मार्फत मात्र माग्नुहोस्,obstruction,obstruction,ne,p,help_text,[TAG=p] [ROLE=help_text] घामको चस्मा को रिफन्ड हाम्रो हेल्पलाइन मार्फत मात्र माग्नुहोस्,obstruction:ne:16,synthetic_v1,0,0,0,1,0,0,0,0
स्वतः नवीकरण बन्द गर्न 2 दिनभित्र हाम्रो Facebook पेज मा सम्पर्क गर्नुहोस्,obstruction,obstruction,ne,p,help_text,[TAG=p] [ROLE=help_text] स्वतः नवीकरण बन्द गर्न 2 दिनभित्र हाम्रो Facebook पेज मा सम्पर्क गर्नुहोस्,obstruction:ne:21,synthetic_v1,0,0,0,1,0,0,0,0
Snapdeal मा सदस्यता परिवर्तन कल सेन्टर बाट मात्र सम्भव छ,obstruction,obstruction,ne,a,support_link,[TAG=a] [ROLE=support_link] Snapdeal मा सदस्यता परिवर्तन कल सेन्टर बाट मात्र सम्भव छ,obstruction:ne:18,synthetic_v1,0,0,0,1,0,0,0,0
Blinkit रिफन्डका लागि हाम्रो WhatsApp नम्बर को स्वीकृति चाहिन्छ,obstruction,obstruction,ne,p,help_text,[TAG=p] [ROLE=help_text] Blinkit रिफन्डका लागि हाम्रो WhatsApp नम्बर को स्वीकृति चाहिन्छ,obstruction:ne:23,synthetic_v1,0,0,0,1,0,0,0,0
रनिङ जुत्ता को रिफन्ड हाम्रो इमेल डेस्क मार्फत मात्र माग्नुहोस्,obstruction,obstruction,ne,p,help_text,[TAG=p] [ROLE=help_text] रनिङ जुत्ता को रिफन्ड हाम्रो इमेल डेस्क मार्फत मात्र माग्नुहोस्,obstruction:ne:16,synthetic_v1,0,0,0,1,0,0,0,0
ऑनलाइन खाता हटाना उपलब्ध नहीं है,obstruction,obstruction,hi,a,support_link,[TAG=a] [ROLE=support_link] ऑनलाइन खाता हटाना उपलब्ध नहीं है,obstruction:hi:06,synthetic_v1,0,0,0,1,0,0,0,0
बैकपैक को ऑर्डर से हटाने के लिए हमारा सपोर्ट नंबर से संपर्क करें,obstruction,obstruction,hi,div,modal_text,[TAG=div] [ROLE=modal_text] बैकपैक को ऑर्डर से हटाने के लिए हमारा सपोर्ट नंबर से संपर्क करें,obstruction:hi:19,synthetic_v1,0,0,0,1,0,0,0,0
Deleting your Thulo data requires a written request to the call centre,obstruction,obstruction,en,div,modal_text,[TAG=div] [ROLE=modal_text] Deleting your Thulo data requires a written request to the call centre,obstruction:en:24,synthetic_v1,0,0,0,1,0,0,0,0
वायरलेस इयरबड्स फिर्ता गर्नु छ? पहिले लाइभ च्याट मा फोन गर्नुहोस्,obstruction,obstruction,ne,a,support_link,[TAG=a] [ROLE=support_link] वायरलेस इयरबड्स फिर्ता गर्नु छ? पहिले लाइभ च्याट मा फोन गर्नुहोस्,obstruction:ne:22,synthetic_v1,0,0,0,1,0,0,0,0
वायरलेस ईयरबड्स को ऑर्डर से हटाने के लिए हमारा Facebook पेज से संपर्क करें,obstruction,obstruction,hi,div,modal_text,[TAG=div] [ROLE=modal_text] वायरलेस ईयरबड्स को ऑर्डर से हटाने के लिए हमारा Facebook पेज से संपर्क करें,obstruction:hi:19,synthetic_v1,0,0,0,1,0,0,0,0
Amazon खाता बंद करने के लिए लाइव चैट को लिखें,obstruction,obstruction,hi,div,modal_text,[TAG=div] [ROLE=modal_text] Amazon खाता बंद करने के लिए लाइव चैट को लिखें,obstruction:hi:17,synthetic_v1,0,0,0,1,0,0,0,0
कॉफी मेकर का रिफंड कॉल सेंटर के ज़रिये ही मांगें,obstruction,obstruction,hi,a,support_link,[TAG=a] [ROLE=support_link] कॉफी मेकर का रिफंड कॉल सेंटर के ज़रिये ही मांगें,obstruction:hi:16,synthetic_v1,0,0,0,1,0,0,0,0
"To downgrade your Pro plan at OkDam, contact the call centre",obstruction,obstruction,en,p,help_text,"[TAG=p] [ROLE=help_text] To downgrade your Pro plan at OkDam, contact the call centre",obstruction:en:26,synthetic_v1,0,0,0,1,0,0,0,0
"To downgrade, submit a request from the Indore office portal",obstruction,obstruction,en,a,support_link,"[TAG=a] [ROLE=support_link] To downgrade, submit a request from the Indore office portal",obstruction:en:12,synthetic_v1,0,0,0,1,0,0,0,0
ऑटो-रिन्यूअल बंद करने के लिए 12 दिन में कॉल सेंटर से संपर्क करें,obstruction,obstruction,hi,div,modal_text,[TAG=div] [ROLE=modal_text] ऑटो-रिन्यूअल बंद करने के लिए 12 दिन में कॉल सेंटर से संपर्क करें,obstruction:hi:21,synthetic_v1,0,0,0,1,0,0,0,0
"To cancel your Muncha order, contact our email desk",obstruction,obstruction,en,p,help_text,"[TAG=p] [ROLE=help_text] To cancel your Muncha order, contact our email desk",obstruction:en:15,synthetic_v1,0,0,0,1,0,0,0,0
Refunds for water bottle must be requested through our support line,obstruction,obstruction,en,div,modal_text,[TAG=div] [ROLE=modal_text] Refunds for water bottle must be requested through our support line,obstruction:en:16,synthetic_v1,0,0,0,1,0,0,0,0
Croma अर्डर रद्द गर्न हाम्रो Viber सपोर्ट मा सम्पर्क गर्नुहोस्,obstruction,obstruction,ne,p,help_text,[TAG=p] [ROLE=help_text] Croma अर्डर रद्द गर्न हाम्रो Viber सपोर्ट मा सम्पर्क गर्नुहोस्,obstruction:ne:15,synthetic_v1,0,0,0,1,0,0,0,0
फर्मल सर्ट फिर्ता गर्नु छ? पहिले हाम्रो WhatsApp नम्बर मा फोन गर्नुहोस्,obstruction,obstruction,ne,a,support_link,[TAG=a] [ROLE=support_link] फर्मल सर्ट फिर्ता गर्नु छ? पहिले हाम्रो WhatsApp नम्बर मा फोन गर्नुहोस्,obstruction:ne:22,synthetic_v1,0,0,0,1,0,0,0,0
Refunds for bluetooth speaker must be requested through our helpline,obstruction,obstruction,en,a,support_link,[TAG=a] [ROLE=support_link] Refunds for bluetooth speaker must be requested through our helpline,obstruction:en:16,synthetic_v1,0,0,0,1,0,0,0,0
"To close your HamroBazar account, write to our helpline",obstruction,obstruction,en,p,help_text,"[TAG=p] [ROLE=help_text] To close your HamroBazar account, write to our helpline",obstruction:en:17,synthetic_v1,0,0,0,1,0,0,0,0
Reach our Facebook page to remove power bank from your order,obstruction,obstruction,en,p,help_text,[TAG=p] [ROLE=help_text] Reach our Facebook page to remove power bank from your order,obstruction:en:19,synthetic_v1,0,0,0,1,0,0,0,0
Refunds for sunglasses must be requested through our helpline,obstruction,obstruction,en,p,help_text,[TAG=p] [ROLE=help_text] Refunds for sunglasses must be requested through our helpline,obstruction:en:16,synthetic_v1,0,0,0,1,0,0,0,0
BigBasket डेटा हटाने के लिए हमारा सपोर्ट नंबर को लिखित अनुरोध भेजें,obstruction,obstruction,hi,a,support_link,[TAG=a] [ROLE=support_link] BigBasket डेटा हटाने के लिए हमारा सपोर्ट नंबर को लिखित अनुरोध भेजें,obstruction:hi:24,synthetic_v1,0,0,0,1,0,0,0,0
SastoDeal रिफन्डका लागि हाम्रो WhatsApp नम्बर को स्वीकृति चाहिन्छ,obstruction,obstruction,ne,a,support_link,[TAG=a] [ROLE=support_link] SastoDeal रिफन्डका लागि हाम्रो WhatsApp नम्बर को स्वीकृति चाहिन्छ,obstruction:ne:23,synthetic_v1,0,0,0,1,0,0,0,0
कफी मेकर अर्डरबाट हटाउन लाइभ च्याट मा सम्पर्क गर्नुहोस्,obstruction,obstruction,ne,div,modal_text,[TAG=div] [ROLE=modal_text] कफी मेकर अर्डरबाट हटाउन लाइभ च्याट मा सम्पर्क गर्नुहोस्,obstruction:ne:19,synthetic_v1,0,0,0,1,0,0,0,0
फोन कवर का रिफंड हमारा ईमेल डेस्क के ज़रिये ही मांगें,obstruction,obstruction,hi,p,help_text,[TAG=p] [ROLE=help_text] फोन कवर का रिफंड हमारा ईमेल डेस्क के ज़रिये ही मांगें,obstruction:hi:16,synthetic_v1,0,0,0,1,0,0,0,0
Subscription changes at Kinbech are only possible via our WhatsApp number,obstruction,obstruction,en,div,modal_text,[TAG=div] [ROLE=modal_text] Subscription changes at Kinbech are only possible via our WhatsApp number,obstruction:en:18,synthetic_v1,0,0,0,1,0,0,0,0
"To downgrade your Pro plan at HamroBazar, contact our helpline",obstruction,obstruction,en,div,modal_text,"[TAG=div] [ROLE=modal_text] To downgrade your Pro plan at HamroBazar, contact our helpline",obstruction:en:26,synthetic_v1,0,0,0,1,0,0,0,0
डाउनग्रेड गर्न काठमाडौँ कार्यालय पोर्टलबाट अनुरोध गर्नुहोस्,obstruction,obstruction,ne,div,modal_text,[TAG=div] [ROLE=modal_text] डाउनग्रेड गर्न काठमाडौँ कार्यालय पोर्टलबाट अनुरोध गर्नुहोस्,obstruction:ne:12,synthetic_v1,0,0,0,1,0,0,0,0
Muncha खाता बन्द गर्न कल सेन्टर लाई लेख्नुहोस्,obstruction,obstruction,ne,a,support_link,[TAG=a] [ROLE=support_link] Muncha खाता बन्द गर्न कल सेन्टर लाई लेख्नुहोस्,obstruction:ne:17,synthetic_v1,0,0,0,1,0,0,0,0
Subscription changes at Ajio are only possible via our email desk,obstruction,obstruction,en,div,modal_text,[TAG=div] [ROLE=modal_text] Subscription changes at Ajio are only possible via our email desk,obstruction:en:18,synthetic_v1,0,0,0,1,0,0,0,0
"To close your Thulo account, write to the call centre",obstruction,obstruction,en,a,support_link,"[TAG=a] [ROLE=support_link] To close your Thulo account, write to the call centre",obstruction:en:17,synthetic_v1,0,0,0,1,0,0,0,0
Flipkart मा सदस्यता परिवर्तन लाइभ च्याट बाट मात्र सम्भव छ,obstruction,obstruction,ne,p,help_text,[TAG=p] [ROLE=help_text] Flipkart मा सदस्यता परिवर्तन लाइभ च्याट बाट मात्र सम्भव छ,obstruction:ne:18,synthetic_v1,0,0,0,1,0,0,0,0
Returning running shoes? Please call live chat first,obstruction,obstruction,en,div,modal_text,[TAG=div] [ROLE=modal_text] Returning running shoes? Please call live chat first,obstruction:en:22,synthetic_v1,0,0,0,1,0,0,0,0
FirstCry रद्दीकरण के लिए कॉल सेंटर से सत्यापन ज़रूरी है,obstruction,obstruction,hi,p,help_text,[TAG=p] [ROLE=help_text] FirstCry रद्दीकरण के लिए कॉल सेंटर से सत्यापन ज़रूरी है,obstruction:hi:20,synthetic_v1,0,0,0,1,0,0,0,0
Subscription changes at Muncha are only possible via our helpline,obstruction,obstruction,en,div,modal_text,[TAG=div] [ROLE=modal_text] Subscription changes at Muncha are only possible via our helpline,obstruction:en:18,synthetic_v1,0,0,0,1,0,0,0,0
कफी मेकर सट्टा अनुरोध कल सेन्टर बाट मात्र हुन्छ,obstruction,obstruction,ne,p,help_text,[TAG=p] [ROLE=help_text] कफी मेकर सट्टा अनुरोध कल सेन्टर बाट मात्र हुन्छ,obstruction:ne:25,synthetic_v1,0,0,0,1,0,0,0,0
Kinbech मा प्लस प्लान डाउनग्रेड गर्न हाम्रो सपोर्ट नम्बर मा सम्पर्क गर्नुहोस्,obstruction,obstruction,ne,div,modal_text,[TAG=div] [ROLE=modal_text] Kinbech मा प्लस प्लान डाउनग्रेड गर्न हाम्रो सपोर्ट नम्बर मा सम्पर्क गर्नुहोस्,obstruction:ne:26,synthetic_v1,0,0,0,1,0,0,0,0
Flipkart खाता बंद करने के लिए हमारी हेल्पलाइन को लिखें,obstruction,obstruction,hi,a,support_link,[TAG=a] [ROLE=support_link] Flipkart खाता बंद करने के लिए हमारी हेल्पलाइन को लिखें,obstruction:hi:17,synthetic_v1,0,0,0,1,0,0,0,0
"To close your HamroBazar account, write to our email desk",obstruction,obstruction,en,div,modal_text,"[TAG=div] [ROLE=modal_text] To close your HamroBazar account, write to our email desk",obstruction:en:17,synthetic_v1,0,0,0,1,0,0,0,0
फोन कवर एक्सचेंज अनुरोध केवल हमारा ईमेल डेस्क से होगा,obstruction,obstruction,hi,a,support_link,[TAG=a] [ROLE=support_link] फोन कवर एक्सचेंज अनुरोध केवल हमारा ईमेल डेस्क से होगा,obstruction:hi:25,synthetic_v1,0,0,0,1,0,0,0,0
Amazon खाता बन्द गर्न हाम्रो Facebook पेज लाई लेख्नुहोस्,obstruction,obstruction,ne,a,support_link,[TAG=a] [ROLE=support_link] Amazon खाता बन्द गर्न हाम्रो Facebook पेज लाई लेख्नुहोस्,obstruction:ne:17,synthetic_v1,0,0,0,1,0,0,0,0
Myntra ऑर्डर रद्द करने के लिए कॉल सेंटर से संपर्क करें,obstruction,obstruction,hi,div,modal_text,[TAG=div] [ROLE=modal_text] Myntra ऑर्डर रद्द करने के लिए कॉल सेंटर से संपर्क करें,obstruction:hi:15,synthetic_v1,0,0,0,1,0,0,0,0
Tata Cliq रिफंड के लिए हमारा Facebook पेज की मंज़ूरी चाहिए,obstruction,obstruction,hi,a,support_link,[TAG=a] [ROLE=support_link] Tata Cliq रिफंड के लिए हमारा Facebook पेज की मंज़ूरी चाहिए,obstruction:hi:23,synthetic_v1,0,0,0,1,0,0,0,0
Kinbech रिफन्डका लागि हाम्रो हेल्पलाइन को स्वीकृति चाहिन्छ,obstruction,obstruction,ne,div,modal_text,[TAG=div] [ROLE=modal_text] Kinbech रिफन्डका लागि हाम्रो हेल्पलाइन को स्वीकृति चाहिन्छ,obstruction:ne:23,synthetic_v1,0,0,0,1,0,0,0,0
Kinbech रिफंड के लिए हमारा ईमेल डेस्क की मंज़ूरी चाहिए,obstruction,obstruction,hi,div,modal_text,[TAG=div] [ROLE=modal_text] Kinbech रिफंड के लिए हमारा ईमेल डेस्क की मंज़ूरी चाहिए,obstruction:hi:23,synthetic_v1,0,0,0,1,0,0,0,0
Flipkart रद्दीकरणका लागि हाम्रो Facebook पेज बाट प्रमाणीकरण आवश्यक छ,obstruction,obstruction,ne,p,help_text,[TAG=p] [ROLE=help_text] Flipkart रद्दीकरणका लागि हाम्रो Facebook पेज बाट प्रमाणीकरण आवश्यक छ,obstruction:ne:20,synthetic_v1,0,0,0,1,0,0,0,0
"To close your Pepperfry account, write to live chat",obstruction,obstruction,en,p,help_text,"[TAG=p] [ROLE=help_text] To close your Pepperfry account, write to live chat",obstruction:en:17,synthetic_v1,0,0,0,1,0,0,0,0
"To downgrade your Prime plan at OkDam, contact our Facebook page",obstruction,obstruction,en,a,support_link,"[TAG=a] [ROLE=support_link] To downgrade your Prime plan at OkDam, contact our Facebook page",obstruction:en:26,synthetic_v1,0,0,0,1,0,0,0,0
घामको चस्मा फिर्ता गर्नु छ? पहिले हाम्रो हेल्पलाइन मा फोन गर्नुहोस्,obstruction,obstruction,ne,div,modal_text,[TAG=div] [ROLE=modal_text] घामको चस्मा फिर्ता गर्नु छ? पहिले हाम्रो हेल्पलाइन मा फोन गर्नुहोस्,obstruction:ne:22,synthetic_v1,0,0,0,1,0,0,0,0
Returning protein powder? Please call our helpline first,obstruction,obstruction,en,a,support_link,[TAG=a] [ROLE=support_link] Returning protein powder? Please call our helpline first,obstruction:en:22,synthetic_v1,0,0,0,1,0,0,0,0
SastoDeal मा सदस्यता परिवर्तन हाम्रो इमेल डेस्क बाट मात्र सम्भव छ,obstruction,obstruction,ne,p,help_text,[TAG=p] [ROLE=help_text] SastoDeal मा सदस्यता परिवर्तन हाम्रो इमेल डेस्क बाट मात्र सम्भव छ,obstruction:ne:18,synthetic_v1,0,0,0,1,0,0,0,0
Return requests must be raised by phone within 2 days,obstruction,obstruction,en,a,support_link,[TAG=a] [ROLE=support_link] Return requests must be raised by phone within 2 days,obstruction:en:13,synthetic_v1,0,0,0,1,0,0,0,0
"To close your JioMart account, write to the call centre",obstruction,obstruction,en,a,support_link,"[TAG=a] [ROLE=support_link] To close your JioMart account, write to the call centre",obstruction:en:17,synthetic_v1,0,0,0,1,0,0,0,0
स्पोर्ट्स चप्पल सट्टा अनुरोध हाम्रो इमेल डेस्क बाट मात्र हुन्छ,obstruction,obstruction,ne,a,support_link,[TAG=a] [ROLE=support_link] स्पोर्ट्स चप्पल सट्टा अनुरोध हाम्रो इमेल डेस्क बाट मात्र हुन्छ,obstruction:ne:25,synthetic_v1,0,0,0,1,0,0,0,0
BigBasket पर प्लस प्लान डाउनग्रेड करने के लिए हमारा Viber सपोर्ट से संपर्क करें,obstruction,obstruction,hi,div,modal_text,[TAG=div] [ROLE=modal_text] BigBasket पर प्लस प्लान डाउनग्रेड करने के लिए हमारा Viber सपोर्ट से संपर्क करें,obstruction:hi:26,synthetic_v1,0,0,0,1,0,0,0,0
फिर्ता अनुरोध 1 दिनभित्र फोनबाट गर्नुपर्छ,obstruction,obstruction,ne,a,support_link,[TAG=a] [ROLE=support_link] फिर्ता अनुरोध 1 दिनभित्र फोनबाट गर्नुपर्छ,obstruction:ne:13,synthetic_v1,0,0,0,1,0,0,0,0
Muncha cancellations require verification through the call centre,obstruction,obstruction,en,p,help_text,[TAG=p] [ROLE=help_text] Muncha cancellations require verification through the call centre,obstruction:en:20,synthetic_v1,0,0,0,1,0,0,0,0
Your Ajio refund needs approval from our Viber support,obstruction,obstruction,en,p,help_text,[TAG=p] [ROLE=help_text] Your Ajio refund needs approval from our Viber support,obstruction:en:23,synthetic_v1,0,0,0,1,0,0,0,0
"To stop auto-renewal, contact our WhatsApp number within 10 days",obstruction,obstruction,en,div,modal_text,"[TAG=div] [ROLE=modal_text] To stop auto-renewal, contact our WhatsApp number within 10 days",obstruction:en:21,synthetic_v1,0,0,0,1,0,0,0,0
Myntra पर सब्सक्रिप्शन बदलाव केवल हमारा Facebook पेज से संभव है,obstruction,obstruction,hi,div,modal_text,[TAG=div] [ROLE=modal_text] Myntra पर सब्सक्रिप्शन बदलाव केवल हमारा Facebook पेज से संभव है,obstruction:hi:18,synthetic_v1,0,0,0,1,0,0,0,0
Lenskart ऑर्डर रद्द करने के लिए हमारा Facebook पेज से संपर्क करें,obstruction,obstruction,hi,div,modal_text,[TAG=div] [ROLE=modal_text] Lenskart ऑर्डर रद्द करने के लिए हमारा Facebook पेज से संपर्क करें,obstruction:hi:15,synthetic_v1,0,0,0,1,0,0,0,0
Returning wireless earbuds? Please call live chat first,obstruction,obstruction,en,a,support_link,[TAG=a] [ROLE=support_link] Returning wireless earbuds? Please call live chat first,obstruction:en:22,synthetic_v1,0,0,0,1,0,0,0,0
पावर बैंक एक्सचेंज अनुरोध केवल हमारा Facebook पेज से होगा,obstruction,obstruction,hi,p,help_text,[TAG=p] [ROLE=help_text] पावर बैंक एक्सचेंज अनुरोध केवल हमारा Facebook पेज से होगा,obstruction:hi:25,synthetic_v1,0,0,0,1,0,0,0,0
सर्दी का कंबल लौटाना है? पहले हमारा Viber सपोर्ट पर कॉल करें,obstruction,obstruction,hi,div,modal_text,[TAG=div] [ROLE=modal_text] सर्दी का कंबल लौटाना है? पहले हमारा Viber सपोर्ट पर कॉल करें,obstruction:hi:22,synthetic_v1,0,0,0,1,0,0,0,0
Amazon रिफन्डका लागि हाम्रो सपोर्ट नम्बर को स्वीकृति चाहिन्छ,obstruction,obstruction,ne,div,modal_text,[TAG=div] [ROLE=modal_text] Amazon रिफन्डका लागि हाम्रो सपोर्ट नम्बर को स्वीकृति चाहिन्छ,obstruction:ne:23,synthetic_v1,0,0,0,1,0,0,0,0
फोन कवर का रिफंड हमारा Viber सपोर्ट के ज़रिये ही मांगें,obstruction,obstruction,hi,a,support_link,[TAG=a] [ROLE=support_link] फोन कवर का रिफंड हमारा Viber सपोर्ट के ज़रिये ही मांगें,obstruction:hi:16,synthetic_v1,0,0,0,1,0,0,0,0
Refunds for noise cancelling headphones must be requested through our email desk,obstruction,obstruction,en,div,modal_text,[TAG=div] [ROLE=modal_text] Refunds for noise cancelling headphones must be requested through our email desk,obstruction:en:16,synthetic_v1,0,0,0,1,0,0,0,0
तपाईंको रद्दीकरणलाई टिमको स्वीकृति आवश्यक छ,obstruction,obstruction,ne,div,modal_text,[TAG=div] [ROLE=modal_text] तपाईंको रद्दीकरणलाई टिमको स्वीकृति आवश्यक छ,obstruction:ne:14,synthetic_v1,0,0,0,1,0,0,0,0
Gyapu ऑर्डर रद्द करने के लिए हमारा ईमेल डेस्क से संपर्क करें,obstruction,obstruction,hi,a,support_link,[TAG=a] [ROLE=support_link] Gyapu ऑर्डर रद्द करने के लिए हमारा ईमेल डेस्क से संपर्क करें,obstruction:hi:15,synthetic_v1,0,0,0,1,0,0,0,0
Your Nykaa refund needs approval from our Facebook page,obstruction,obstruction,en,p,help_text,[TAG=p] [ROLE=help_text] Your Nykaa refund needs approval from our Facebook page,obstruction:en:23,synthetic_v1,0,0,0,1,0,0,0,0
स्मार्टवाच अर्डरबाट हटाउन हाम्रो सपोर्ट नम्बर मा सम्पर्क गर्नुहोस्,obstruction,obstruction,ne,a,support_link,[TAG=a] [ROLE=support_link] स्मार्टवाच अर्डरबाट हटाउन हाम्रो सपोर्ट नम्बर मा सम्पर्क गर्नुहोस्,obstruction:ne:19,synthetic_v1,0,0,0,1,0,0,0,0
Salesberry खाता बंद करने के लिए हमारा WhatsApp नंबर को लिखें,obstruction,obstruction,hi,p,help_text,[TAG=p] [ROLE=help_text] Salesberry खाता बंद करने के लिए हमारा WhatsApp नंबर को लिखें,obstruction:hi:17,synthetic_v1,0,0,0,1,0,0,0,0
Lenskart डाटा हटाउन कल सेन्टर लाई लिखित अनुरोध पठाउनुहोस्,obstruction,obstruction,ne,a,support_link,[TAG=a] [ROLE=support_link] Lenskart डाटा हटाउन कल सेन्टर लाई लिखित अनुरोध पठाउनुहोस्,obstruction:ne:24,synthetic_v1,0,0,0,1,0,0,0,0
Amazon रद्दीकरण के लिए लाइव चैट से सत्यापन ज़रूरी है,obstruction,obstruction,hi,a,support_link,[TAG=a] [ROLE=support_link] Amazon रद्दीकरण के लिए लाइव चैट से सत्यापन ज़रूरी है,obstruction:hi:20,synthetic_v1,0,0,0,1,0,0,0,0
घामको चस्मा फिर्ता गर्नु छ? पहिले हाम्रो Facebook पेज मा फोन गर्नुहोस्,obstruction,obstruction,ne,a,support_link,[TAG=a] [ROLE=support_link] घामको चस्मा फिर्ता गर्नु छ? पहिले हाम्रो Facebook पेज मा फोन गर्नुहोस्,obstruction:ne:22,synthetic_v1,0,0,0,1,0,0,0,0
प्लान परिवर्तन गर्न डेस्कटप साइटमा जानुहोस्,obstruction,obstruction,ne,a,support_link,[TAG=a] [ROLE=support_link] प्लान परिवर्तन गर्न डेस्कटप साइटमा जानुहोस्,obstruction:ne:09,synthetic_v1,0,0,0,1,0,0,0,0
रिटर्न अनुरोध 9 दिनों में फोन से करना होगा,obstruction,obstruction,hi,a,support_link,[TAG=a] [ROLE=support_link] रिटर्न अनुरोध 9 दिनों में फोन से करना होगा,obstruction:hi:13,synthetic_v1,0,0,0,1,0,0,0,0
Refunds for trekking jacket must be requested through our helpline,obstruction,obstruction,en,div,modal_text,[TAG=div] [ROLE=modal_text] Refunds for trekking jacket must be requested through our helpline,obstruction:en:16,synthetic_v1,0,0,0,1,0,0,0,0
रनिंग शूज़ लौटाना है? पहले कॉल सेंटर पर कॉल करें,obstruction,obstruction,hi,a,support_link,[TAG=a] [ROLE=support_link] रनिंग शूज़ लौटाना है? पहले कॉल सेंटर पर कॉल करें,obstruction:hi:22,synthetic_v1,0,0,0,1,0,0,0,0
Pepperfry ऑर्डर रद्द करने के लिए हमारा WhatsApp नंबर से संपर्क करें,obstruction,obstruction,hi,div,modal_text,[TAG=div] [ROLE=modal_text] Pepperfry ऑर्डर रद्द करने के लिए हमारा WhatsApp नंबर से संपर्क करें,obstruction:hi:15,synthetic_v1,0,0,0,1,0,0,0,0
फोन कवर एक्सचेंज अनुरोध केवल हमारा सपोर्ट नंबर से होगा,obstruction,obstruction,hi,a,support_link,[TAG=a] [ROLE=support_link] फोन कवर एक्सचेंज अनुरोध केवल हमारा सपोर्ट नंबर से होगा,obstruction:hi:25,synthetic_v1,0,0,0,1,0,0,0,0
FirstCry रद्दीकरणका लागि हाम्रो हेल्पलाइन बाट प्रमाणीकरण आवश्यक छ,obstruction,obstruction,ne,a,support_link,[TAG=a] [ROLE=support_link] FirstCry रद्दीकरणका लागि हाम्रो हेल्पलाइन बाट प्रमाणीकरण आवश्यक छ,obstruction:ne:20,synthetic_v1,0,0,0,1,0,0,0,0
Deleting your Nykaa data requires a written request to our Viber support,obstruction,obstruction,en,a,support_link,[TAG=a] [ROLE=support_link] Deleting your Nykaa data requires a written request to our Viber support,obstruction:en:24,synthetic_v1,0,0,0,1,0,0,0,0
Deleting your Myntra data requires a written request to our Viber support,obstruction,obstruction,en,p,help_text,[TAG=p] [ROLE=help_text] Deleting your Myntra data requires a written request to our Viber support,obstruction:en:24,synthetic_v1,0,0,0,1,0,0,0,0
कैंसिलेशन अनुरोध ईमेल से भेजना ज़रूरी है,obstruction,obstruction,hi,a,support_link,[TAG=a] [ROLE=support_link] कैंसिलेशन अनुरोध ईमेल से भेजना ज़रूरी है,obstruction:hi:01,synthetic_v1,0,0,0,1,0,0,0,0
JioMart खाता बन्द गर्न हाम्रो Facebook पेज लाई लेख्नुहोस्,obstruction,obstruction,ne,a,support_link,[TAG=a] [ROLE=support_link] JioMart खाता बन्द गर्न हाम्रो Facebook पेज लाई लेख्नुहोस्,obstruction:ne:17,synthetic_v1,0,0,0,1,0,0,0,0
Myntra मा गोल्ड प्लान डाउनग्रेड गर्न लाइभ च्याट मा सम्पर्क गर्नुहोस्,obstruction,obstruction,ne,p,help_text,[TAG=p] [ROLE=help_text] Myntra मा गोल्ड प्लान डाउनग्रेड गर्न लाइभ च्याट मा सम्पर्क गर्नुहोस्,obstruction:ne:26,synthetic_v1,0,0,0,1,0,0,0,0
ऑटो-रिन्यूअल बंद करने के लिए 12 दिन में हमारा ईमेल डेस्क से संपर्क करें,obstruction,obstruction,hi,p,help_text,[TAG=p] [ROLE=help_text] ऑटो-रिन्यूअल बंद करने के लिए 12 दिन में हमारा ईमेल डेस्क से संपर्क करें,obstruction:hi:21,synthetic_v1,0,0,0,1,0,0,0,0
FirstCry खाता बंद करने के लिए हमारी हेल्पलाइन को लिखें,obstruction,obstruction,hi,a,support_link,[TAG=a] [ROLE=support_link] FirstCry खाता बंद करने के लिए हमारी हेल्पलाइन को लिखें,obstruction:hi:17,synthetic_v1,0,0,0,1,0,0,0,0
Returning coffee maker? Please call our email desk first,obstruction,obstruction,en,div,modal_text,[TAG=div] [ROLE=modal_text] Returning coffee maker? Please call our email desk first,obstruction:en:22,synthetic_v1,0,0,0,1,0,0,0,0
Reach our helpline to remove school bag from your order,obstruction,obstruction,en,a,support_link,[TAG=a] [ROLE=support_link] Reach our helpline to remove school bag from your order,obstruction:en:19,synthetic_v1,0,0,0,1,0,0,0,0
सर्दी का कंबल लौटाना है? पहले लाइव चैट पर कॉल करें,obstruction,obstruction,hi,a,support_link,[TAG=a] [ROLE=support_link] सर्दी का कंबल लौटाना है? पहले लाइव चैट पर कॉल करें,obstruction:hi:22,synthetic_v1,0,0,0,1,0,0,0,0
फिर्ता अनुरोध 10 दिनभित्र फोनबाट गर्नुपर्छ,obstruction,obstruction,ne,p,help_text,[TAG=p] [ROLE=help_text] फिर्ता अनुरोध 10 दिनभित्र फोनबाट गर्नुपर्छ,obstruction:ne:13,synthetic_v1,0,0,0,1,0,0,0,0
"To cancel your Tata Cliq order, contact the call centre",obstruction,obstruction,en,p,help_text,"[TAG=p] [ROLE=help_text] To cancel your Tata Cliq order, contact the call centre",obstruction:en:15,synthetic_v1,0,0,0,1,0,0,0,0
FirstCry रिफंड के लिए कॉल सेंटर की मंज़ूरी चाहिए,obstruction,obstruction,hi,p,help_text,[TAG=p] [ROLE=help_text] FirstCry रिफंड के लिए कॉल सेंटर की मंज़ूरी चाहिए,obstruction:hi:23,synthetic_v1,0,0,0,1,0,0,0,0
स्वतः नवीकरण बन्द गर्न 2 दिनभित्र हाम्रो Viber सपोर्ट मा सम्पर्क गर्नुहोस्,obstruction,obstruction,ne,a,support_link,[TAG=a] [ROLE=support_link] स्वतः नवीकरण बन्द गर्न 2 दिनभित्र हाम्रो Viber सपोर्ट मा सम्पर्क गर्नुहोस्,obstruction:ne:21,synthetic_v1,0,0,0,1,0,0,0,0
Reliance Digital रद्दीकरणका लागि हाम्रो हेल्पलाइन बाट प्रमाणीकरण आवश्यक छ,obstruction,obstruction,ne,div,modal_text,[TAG=div] [ROLE=modal_text] Reliance Digital रद्दीकरणका लागि हाम्रो हेल्पलाइन बाट प्रमाणीकरण आवश्यक छ,obstruction:ne:20,synthetic_v1,0,0,0,1,0,0,0,0
Snapdeal रिफन्डका लागि हाम्रो Facebook पेज को स्वीकृति चाहिन्छ,obstruction,obstruction,ne,div,modal_text,[TAG=div] [ROLE=modal_text] Snapdeal रिफन्डका लागि हाम्रो Facebook पेज को स्वीकृति चाहिन्छ,obstruction:ne:23,synthetic_v1,0,0,0,1,0,0,0,0
"To cancel your Myntra order, contact our support line",obstruction,obstruction,en,div,modal_text,"[TAG=div] [ROLE=modal_text] To cancel your Myntra order, contact our support line",obstruction:en:15,synthetic_v1,0,0,0,1,0,0,0,0
प्रोटिन पाउडर सट्टा अनुरोध हाम्रो हेल्पलाइन बाट मात्र हुन्छ,obstruction,obstruction,ne,a,support_link,[TAG=a] [ROLE=support_link] प्रोटिन पाउडर सट्टा अनुरोध हाम्रो हेल्पलाइन बाट मात्र हुन्छ,obstruction:ne:25,synthetic_v1,0,0,0,1,0,0,0,0
Deleting your Zepto data requires a written request to our email desk,obstruction,obstruction,en,p,help_text,[TAG=p] [ROLE=help_text] Deleting your Zepto data requires a written request to our email desk,obstruction:en:24,synthetic_v1,0,0,0,1,0,0,0,0
Daraz अर्डर रद्द गर्न हाम्रो Viber सपोर्ट मा सम्पर्क गर्नुहोस्,obstruction,obstruction,ne,a,support_link,[TAG=a] [ROLE=support_link] Daraz अर्डर रद्द गर्न हाम्रो Viber सपोर्ट मा सम्पर्क गर्नुहोस्,obstruction:ne:15,synthetic_v1,0,0,0,1,0,0,0,0
धूप का चश्मा एक्सचेंज अनुरोध केवल हमारा ईमेल डेस्क से होगा,obstruction,obstruction,hi,div,modal_text,[TAG=div] [ROLE=modal_text] धूप का चश्मा एक्सचेंज अनुरोध केवल हमारा ईमेल डेस्क से होगा,obstruction:hi:25,synthetic_v1,0,0,0,1,0,0,0,0
डाउनग्रेड के लिए बेंगलुरु कार्यालय पोर्टल से अनुरोध करें,obstruction,obstruction,hi,p,help_text,[TAG=p] [ROLE=help_text] डाउनग्रेड के लिए बेंगलुरु कार्यालय पोर्टल से अनुरोध करें,obstruction:hi:12,synthetic_v1,0,0,0,1,0,0,0,0
घामको चस्मा फिर्ता गर्नु छ? पहिले हाम्रो WhatsApp नम्बर मा फोन गर्नुहोस्,obstruction,obstruction,ne,a,support_link,[TAG=a] [ROLE=support_link] घामको चस्मा फिर्ता गर्नु छ? पहिले हाम्रो WhatsApp नम्बर मा फोन गर्नुहोस्,obstruction:ne:22,synthetic_v1,0,0,0,1,0,0,0,0
स्वतः नवीकरण बन्द गर्न 2 दिनभित्र लाइभ च्याट मा सम्पर्क गर्नुहोस्,obstruction,obstruction,ne,a,support_link,[TAG=a] [ROLE=support_link] स्वतः नवीकरण बन्द गर्न 2 दिनभित्र लाइभ च्याट मा सम्पर्क गर्नुहोस्,obstruction:ne:21,synthetic_v1,0,0,0,1,0,0,0,0
Subscription changes at Tata Cliq are only possible via our WhatsApp number,obstruction,obstruction,en,a,support_link,[TAG=a] [ROLE=support_link] Subscription changes at Tata Cliq are only possible via our WhatsApp number,obstruction:en:18,synthetic_v1,0,0,0,1,0,0,0,0
डाउनग्रेड के लिए नागपुर कार्यालय पोर्टल से अनुरोध करें,obstruction,obstruction,hi,div,modal_text,[TAG=div] [ROLE=modal_text] डाउनग्रेड के लिए नागपुर कार्यालय पोर्टल से अनुरोध करें,obstruction:hi:12,synthetic_v1,0,0,0,1,0,0,0,0
Kinbech रिफंड के लिए हमारी हेल्पलाइन की मंज़ूरी चाहिए,obstruction,obstruction,hi,a,support_link,[TAG=a] [ROLE=support_link] Kinbech रिफंड के लिए हमारी हेल्पलाइन की मंज़ूरी चाहिए,obstruction:hi:23,synthetic_v1,0,0,0,1,0,0,0,0
गेमिंग माउस को ऑर्डर से हटाने के लिए हमारा WhatsApp नंबर से संपर्क करें,obstruction,obstruction,hi,p,help_text,[TAG=p] [ROLE=help_text] गेमिंग माउस को ऑर्डर से हटाने के लिए हमारा WhatsApp नंबर से संपर्क करें,obstruction:hi:19,synthetic_v1,0,0,0,1,0,0,0,0
Pepperfry ऑर्डर रद्द करने के लिए लाइव चैट से संपर्क करें,obstruction,obstruction,hi,a,support_link,[TAG=a] [ROLE=support_link] Pepperfry ऑर्डर रद्द करने के लिए लाइव चैट से संपर्क करें,obstruction:hi:15,synthetic_v1,0,0,0,1,0,0,0,0
Deleting your Lenskart data requires a written request to our helpline,obstruction,obstruction,en,div,modal_text,[TAG=div] [ROLE=modal_text] Deleting your Lenskart data requires a written request to our helpline,obstruction:en:24,synthetic_v1,0,0,0,1,0,0,0,0
Snapdeal मा सदस्यता परिवर्तन हाम्रो सपोर्ट नम्बर बाट मात्र सम्भव छ,obstruction,obstruction,ne,p,help_text,[TAG=p] [ROLE=help_text] Snapdeal मा सदस्यता परिवर्तन हाम्रो सपोर्ट नम्बर बाट मात्र सम्भव छ,obstruction:ne:18,synthetic_v1,0,0,0,1,0,0,0,0
"To stop auto-renewal, contact live chat within 12 days",obstruction,obstruction,en,p,help_text,"[TAG=p] [ROLE=help_text] To stop auto-renewal, contact live chat within 12 days",obstruction:en:21,synthetic_v1,0,0,0,1,0,0,0,0
रिफंड के लिए 10 अतिरिक्त चरण पूरे करें,obstruction,obstruction,hi,div,modal_text,[TAG=div] [ROLE=modal_text] रिफंड के लिए 10 अतिरिक्त चरण पूरे करें,obstruction:hi:04,synthetic_v1,0,0,0,1,0,0,0,0
Reach our email desk to remove phone case from your order,obstruction,obstruction,en,div,modal_text,[TAG=div] [ROLE=modal_text] Reach our email desk to remove phone case from your order,obstruction:en:19,synthetic_v1,0,0,0,1,0,0,0,0
Reliance Digital खाता बंद करने के लिए कॉल सेंटर को लिखें,obstruction,obstruction,hi,a,support_link,[TAG=a] [ROLE=support_link] Reliance Digital खाता बंद करने के लिए कॉल सेंटर को लिखें,obstruction:hi:17,synthetic_v1,0,0,0,1,0,0,0,0
Reach our helpline to remove face wash from your order,obstruction,obstruction,en,a,support_link,[TAG=a] [ROLE=support_link] Reach our helpline to remove face wash from your order,obstruction:en:19,synthetic_v1,0,0,0,1,0,0,0,0
formal shirt exchange requests go through our support line only,obstruction,obstruction,en,div,modal_text,[TAG=div] [ROLE=modal_text] formal shirt exchange requests go through our support line only,obstruction:en:25,synthetic_v1,0,0,0,1,0,0,0,0
Croma मा प्रो प्लान डाउनग्रेड गर्न हाम्रो इमेल डेस्क मा सम्पर्क गर्नुहोस्,obstruction,obstruction,ne,div,modal_text,[TAG=div] [ROLE=modal_text] Croma मा प्रो प्लान डाउनग्रेड गर्न हाम्रो इमेल डेस्क मा सम्पर्क गर्नुहोस्,obstruction:ne:26,synthetic_v1,0,0,0,1,0,0,0,0
"To cancel your FirstCry order, contact our WhatsApp number",obstruction,obstruction,en,a,support_link,"[TAG=a] [ROLE=support_link] To cancel your FirstCry order, contact our WhatsApp number",obstruction:en:15,synthetic_v1,0,0,0,1,0,0,0,0
कॉफी मेकर लौटाना है? पहले कॉल सेंटर पर कॉल करें,obstruction,obstruction,hi,p,help_text,[TAG=p] [ROLE=help_text] कॉफी मेकर लौटाना है? पहले कॉल सेंटर पर कॉल करें,obstruction:hi:22,synthetic_v1,0,0,0,1,0,0,0,0
अफिस कुर्सी अर्डरबाट हटाउन कल सेन्टर मा सम्पर्क गर्नुहोस्,obstruction,obstruction,ne,a,support_link,[TAG=a] [ROLE=support_link] अफिस कुर्सी अर्डरबाट हटाउन कल सेन्टर मा सम्पर्क गर्नुहोस्,obstruction:ne:19,synthetic_v1,0,0,0,1,0,0,0,0
HamroBazar रद्दीकरण के लिए हमारा Viber सपोर्ट से सत्यापन ज़रूरी है,obstruction,obstruction,hi,div,modal_text,[TAG=div] [ROLE=modal_text] HamroBazar रद्दीकरण के लिए हमारा Viber सपोर्ट से सत्यापन ज़रूरी है,obstruction:hi:20,synthetic_v1,0,0,0,1,0,0,0,0
Gyapu खाता बन्द गर्न कल सेन्टर लाई लेख्नुहोस्,obstruction,obstruction,ne,p,help_text,[TAG=p] [ROLE=help_text] Gyapu खाता बन्द गर्न कल सेन्टर लाई लेख्नुहोस्,obstruction:ne:17,synthetic_v1,0,0,0,1,0,0,0,0
Salesberry रिफंड के लिए हमारा Facebook पेज की मंज़ूरी चाहिए,obstruction,obstruction,hi,div,modal_text,[TAG=div] [ROLE=modal_text] Salesberry रिफंड के लिए हमारा Facebook पेज की मंज़ूरी चाहिए,obstruction:hi:23,synthetic_v1,0,0,0,1,0,0,0,0
HamroBazar मा सदस्यता परिवर्तन हाम्रो इमेल डेस्क बाट मात्र सम्भव छ,obstruction,obstruction,ne,p,help_text,[TAG=p] [ROLE=help_text] HamroBazar मा सदस्यता परिवर्तन हाम्रो इमेल डेस्क बाट मात्र सम्भव छ,obstruction:ne:18,synthetic_v1,0,0,0,1,0,0,0,0
Myntra मा सदस्यता परिवर्तन हाम्रो Facebook पेज बाट मात्र सम्भव छ,obstruction,obstruction,ne,p,help_text,[TAG=p] [ROLE=help_text] Myntra मा सदस्यता परिवर्तन हाम्रो Facebook पेज बाट मात्र सम्भव छ,obstruction:ne:18,synthetic_v1,0,0,0,1,0,0,0,0
Pepperfry पर प्राइम प्लान डाउनग्रेड करने के लिए हमारा Viber सपोर्ट से संपर्क करें,obstruction,obstruction,hi,div,modal_text,[TAG=div] [ROLE=modal_text] Pepperfry पर प्राइम प्लान डाउनग्रेड करने के लिए हमारा Viber सपोर्ट से संपर्क करें,obstruction:hi:26,synthetic_v1,0,0,0,1,0,0,0,0
"To downgrade your Premium plan at FirstCry, contact our Facebook page",obstruction,obstruction,en,a,support_link,"[TAG=a] [ROLE=support_link] To downgrade your Premium plan at FirstCry, contact our Facebook page",obstruction:en:26,synthetic_v1,0,0,0,1,0,0,0,0
"To downgrade your Pro plan at Reliance Digital, contact our helpline",obstruction,obstruction,en,p,help_text,"[TAG=p] [ROLE=help_text] To downgrade your Pro plan at Reliance Digital, contact our helpline",obstruction:en:26,synthetic_v1,0,0,0,1,0,0,0,0
Thulo पर सब्सक्रिप्शन बदलाव केवल हमारा सपोर्ट नंबर से संभव है,obstruction,obstruction,hi,a,support_link,[TAG=a] [ROLE=support_link] Thulo पर सब्सक्रिप्शन बदलाव केवल हमारा सपोर्ट नंबर से संभव है,obstruction:hi:18,synthetic_v1,0,0,0,1,0,0,0,0
ऑटो-रिन्यूअल बंद करने के लिए 7 दिन में लाइव चैट से संपर्क करें,obstruction,obstruction,hi,div,modal_text,[TAG=div] [ROLE=modal_text] ऑटो-रिन्यूअल बंद करने के लिए 7 दिन में लाइव चैट से संपर्क करें,obstruction:hi:21,synthetic_v1,0,0,0,1,0,0,0,0
गेमिङ माउस अर्डरबाट हटाउन कल सेन्टर मा सम्पर्क गर्नुहोस्,obstruction,obstruction,ne,div,modal_text,[TAG=div] [ROLE=modal_text] गेमिङ माउस अर्डरबाट हटाउन कल सेन्टर मा सम्पर्क गर्नुहोस्,obstruction:ne:19,synthetic_v1,0,0,0,1,0,0,0,0
HamroBazar cancellations require verification through our email desk,obstruction,obstruction,en,div,modal_text,[TAG=div] [ROLE=modal_text] HamroBazar cancellations require verification through our email desk,obstruction:en:20,synthetic_v1,0,0,0,1,0,0,0,0
पानीको बोतल सट्टा अनुरोध हाम्रो सपोर्ट नम्बर बाट मात्र हुन्छ,obstruction,obstruction,ne,a,support_link,[TAG=a] [ROLE=support_link] पानीको बोतल सट्टा अनुरोध हाम्रो सपोर्ट नम्बर बाट मात्र हुन्छ,obstruction:ne:25,synthetic_v1,0,0,0,1,0,0,0,0
स्वतः नवीकरण बन्द गर्न 4 दिनभित्र हाम्रो सपोर्ट नम्बर मा सम्पर्क गर्नुहोस्,obstruction,obstruction,ne,p,help_text,[TAG=p] [ROLE=help_text] स्वतः नवीकरण बन्द गर्न 4 दिनभित्र हाम्रो सपोर्ट नम्बर मा सम्पर्क गर्नुहोस्,obstruction:ne:21,synthetic_v1,0,0,0,1,0,0,0,0
OkDam रिफंड के लिए हमारी हेल्पलाइन की मंज़ूरी चाहिए,obstruction,obstruction,hi,p,help_text,[TAG=p] [ROLE=help_text] OkDam रिफंड के लिए हमारी हेल्पलाइन की मंज़ूरी चाहिए,obstruction:hi:23,synthetic_v1,0,0,0,1,0,0,0,0
Thulo पर सब्सक्रिप्शन बदलाव केवल हमारी हेल्पलाइन से संभव है,obstruction,obstruction,hi,p,help_text,[TAG=p] [ROLE=help_text] Thulo पर सब्सक्रिप्शन बदलाव केवल हमारी हेल्पलाइन से संभव है,obstruction:hi:18,synthetic_v1,0,0,0,1,0,0,0,0
रिफन्डका लागि 1 थप चरण पूरा गर्नुहोस्,obstruction,obstruction,ne,div,modal_text,[TAG=div] [ROLE=modal_text] रिफन्डका लागि 1 थप चरण पूरा गर्नुहोस्,obstruction:ne:04,synthetic_v1,0,0,0,1,0,0,0,0
डाउनग्रेड के लिए हैदराबाद कार्यालय पोर्टल से अनुरोध करें,obstruction,obstruction,hi,div,modal_text,[TAG=div] [ROLE=modal_text] डाउनग्रेड के लिए हैदराबाद कार्यालय पोर्टल से अनुरोध करें,obstruction:hi:12,synthetic_v1,0,0,0,1,0,0,0,0
JioMart रिफन्डका लागि हाम्रो इमेल डेस्क को स्वीकृति चाहिन्छ,obstruction,obstruction,ne,a,support_link,[TAG=a] [ROLE=support_link] JioMart रिफन्डका लागि हाम्रो इमेल डेस्क को स्वीकृति चाहिन्छ,obstruction:ne:23,synthetic_v1,0,0,0,1,0,0,0,0
पावर बैंक को ऑर्डर से हटाने के लिए हमारी हेल्पलाइन से संपर्क करें,obstruction,obstruction,hi,p,help_text,[TAG=p] [ROLE=help_text] पावर बैंक को ऑर्डर से हटाने के लिए हमारी हेल्पलाइन से संपर्क करें,obstruction:hi:19,synthetic_v1,0,0,0,1,0,0,0,0
FirstCry रद्दीकरणका लागि लाइभ च्याट बाट प्रमाणीकरण आवश्यक छ,obstruction,obstruction,ne,div,modal_text,[TAG=div] [ROLE=modal_text] FirstCry रद्दीकरणका लागि लाइभ च्याट बाट प्रमाणीकरण आवश्यक छ,obstruction:ne:20,synthetic_v1,0,0,0,1,0,0,0,0
Thulo cancellations require verification through our WhatsApp number,obstruction,obstruction,en,a,support_link,[TAG=a] [ROLE=support_link] Thulo cancellations require verification through our WhatsApp number,obstruction:en:20,synthetic_v1,0,0,0,1,0,0,0,0
स्वतः नवीकरण बन्द गर्न 2 दिनभित्र हाम्रो सपोर्ट नम्बर मा सम्पर्क गर्नुहोस्,obstruction,obstruction,ne,div,modal_text,[TAG=div] [ROLE=modal_text] स्वतः नवीकरण बन्द गर्न 2 दिनभित्र हाम्रो सपोर्ट नम्बर मा सम्पर्क गर्नुहोस्,obstruction:ne:21,synthetic_v1,0,0,0,1,0,0,0,0
स्मार्टवॉच लौटाना है? पहले हमारा ईमेल डेस्क पर कॉल करें,obstruction,obstruction,hi,p,help_text,[TAG=p] [ROLE=help_text] स्मार्टवॉच लौटाना है? पहले हमारा ईमेल डेस्क पर कॉल करें,obstruction:hi:22,synthetic_v1,0,0,0,1,0,0,0,0
Pepperfry मा सदस्यता परिवर्तन हाम्रो हेल्पलाइन बाट मात्र सम्भव छ,obstruction,obstruction,ne,a,support_link,[TAG=a] [ROLE=support_link] Pepperfry मा सदस्यता परिवर्तन हाम्रो हेल्पलाइन बाट मात्र सम्भव छ,obstruction:ne:18,synthetic_v1,0,0,0,1,0,0,0,0
Refunds for backpack must be requested through our helpline,obstruction,obstruction,en,a,support_link,[TAG=a] [ROLE=support_link] Refunds for backpack must be requested through our helpline,obstruction:en:16,synthetic_v1,0,0,0,1,0,0,0,0
Blinkit रद्दीकरणका लागि हाम्रो सपोर्ट नम्बर बाट प्रमाणीकरण आवश्यक छ,obstruction,obstruction,ne,div,modal_text,[TAG=div] [ROLE=modal_text] Blinkit रद्दीकरणका लागि हाम्रो सपोर्ट नम्बर बाट प्रमाणीकरण आवश्यक छ,obstruction:ne:20,synthetic_v1,0,0,0,1,0,0,0,0
Muncha रिफंड के लिए हमारा WhatsApp नंबर की मंज़ूरी चाहिए,obstruction,obstruction,hi,p,help_text,[TAG=p] [ROLE=help_text] Muncha रिफंड के लिए हमारा WhatsApp नंबर की मंज़ूरी चाहिए,obstruction:hi:23,synthetic_v1,0,0,0,1,0,0,0,0
FirstCry ऑर्डर रद्द करने के लिए हमारी हेल्पलाइन से संपर्क करें,obstruction,obstruction,hi,a,support_link,[TAG=a] [ROLE=support_link] FirstCry ऑर्डर रद्द करने के लिए हमारी हेल्पलाइन से संपर्क करें,obstruction:hi:15,synthetic_v1,0,0,0,1,0,0,0,0
cotton kurta exchange requests go through our helpline only,obstruction,obstruction,en,a,support_link,[TAG=a] [ROLE=support_link] cotton kurta exchange requests go through our helpline only,obstruction:en:25,synthetic_v1,0,0,0,1,0,0,0,0
FirstCry खाता बन्द गर्न हाम्रो इमेल डेस्क लाई लेख्नुहोस्,obstruction,obstruction,ne,a,support_link,[TAG=a] [ROLE=support_link] FirstCry खाता बन्द गर्न हाम्रो इमेल डेस्क लाई लेख्नुहोस्,obstruction:ne:17,synthetic_v1,0,0,0,1,0,0,0,0
Refunds for smartwatch must be requested through our WhatsApp number,obstruction,obstruction,en,div,modal_text,[TAG=div] [ROLE=modal_text] Refunds for smartwatch must be requested through our WhatsApp number,obstruction:en:16,synthetic_v1,0,0,0,1,0,0,0,0
हिउँदको ब्ल्याङ्केट अर्डरबाट हटाउन हाम्रो Facebook पेज मा सम्पर्क गर्नुहोस्,obstruction,obstruction,ne,p,help_text,[TAG=p] [ROLE=help_text] हिउँदको ब्ल्याङ्केट अर्डरबाट हटाउन हाम्रो Facebook पेज मा सम्पर्क गर्नुहोस्,obstruction:ne:19,synthetic_v1,0,0,0,1,0,0,0,0
Subscription changes at HamroBazar are only possible via live chat,obstruction,obstruction,en,div,modal_text,[TAG=div] [ROLE=modal_text] Subscription changes at HamroBazar are only possible via live chat,obstruction:en:18,synthetic_v1,0,0,0,1,0,0,0,0
Nykaa मा प्राइम प्लान डाउनग्रेड गर्न हाम्रो इमेल डेस्क मा सम्पर्क गर्नुहोस्,obstruction,obstruction,ne,p,help_text,[TAG=p] [ROLE=help_text] Nykaa मा प्राइम प्लान डाउनग्रेड गर्न हाम्रो इमेल डेस्क मा सम्पर्क गर्नुहोस्,obstruction:ne:26,synthetic_v1,0,0,0,1,0,0,0,0
"To stop auto-renewal, contact our Viber support within 4 days",obstruction,obstruction,en,div,modal_text,"[TAG=div] [ROLE=modal_text] To stop auto-renewal, contact our Viber support within 4 days",obstruction:en:21,synthetic_v1,0,0,0,1,0,0,0,0
Your FirstCry refund needs approval from our email desk,obstruction,obstruction,en,p,help_text,[TAG=p] [ROLE=help_text] Your FirstCry refund needs approval from our email desk,obstruction:en:23,synthetic_v1,0,0,0,1,0,0,0,0
FirstCry अर्डर रद्द गर्न हाम्रो WhatsApp नम्बर मा सम्पर्क गर्नुहोस्,obstruction,obstruction,ne,p,help_text,[TAG=p] [ROLE=help_text] FirstCry अर्डर रद्द गर्न हाम्रो WhatsApp नम्बर मा सम्पर्क गर्नुहोस्,obstruction:ne:15,synthetic_v1,0,0,0,1,0,0,0,0
Your cancellation needs approval from our team,obstruction,obstruction,en,a,support_link,[TAG=a] [ROLE=support_link] Your cancellation needs approval from our team,obstruction:en:14,synthetic_v1,0,0,0,1,0,0,0,0
एयर फ्रायर को ऑर्डर से हटाने के लिए हमारा सपोर्ट नंबर से संपर्क करें,obstruction,obstruction,hi,a,support_link,[TAG=a] [ROLE=support_link] एयर फ्रायर को ऑर्डर से हटाने के लिए हमारा सपोर्ट नंबर से संपर्क करें,obstruction:hi:19,synthetic_v1,0,0,0,1,0,0,0,0
Refunds for water bottle must be requested through our email desk,obstruction,obstruction,en,a,support_link,[TAG=a] [ROLE=support_link] Refunds for water bottle must be requested through our email desk,obstruction:en:16,synthetic_v1,0,0,0,1,0,0,0,0
ऑफिस चेयर एक्सचेंज अनुरोध केवल हमारा सपोर्ट नंबर से होगा,obstruction,obstruction,hi,a,support_link,[TAG=a] [ROLE=support_link] ऑफिस चेयर एक्सचेंज अनुरोध केवल हमारा सपोर्ट नंबर से होगा,obstruction:hi:25,synthetic_v1,0,0,0,1,0,0,0,0
Reliance Digital पर प्राइम प्लान डाउनग्रेड करने के लिए हमारा ईमेल डेस्क से संपर्क करें,obstruction,obstruction,hi,p,help_text,[TAG=p] [ROLE=help_text] Reliance Digital पर प्राइम प्लान डाउनग्रेड करने के लिए हमारा ईमेल डेस्क से संपर्क करें,obstruction:hi:26,synthetic_v1,0,0,0,1,0,0,0,0
Deleting your Reliance Digital data requires a written request to our Viber support,obstruction,obstruction,en,div,modal_text,[TAG=div] [ROLE=modal_text] Deleting your Reliance Digital data requires a written request to our Viber support,obstruction:en:24,synthetic_v1,0,0,0,1,0,0,0,0
Nykaa अर्डर रद्द गर्न लाइभ च्याट मा सम्पर्क गर्नुहोस्,obstruction,obstruction,ne,p,help_text,[TAG=p] [ROLE=help_text] Nykaa अर्डर रद्द गर्न लाइभ च्याट मा सम्पर्क गर्नुहोस्,obstruction:ne:15,synthetic_v1,0,0,0,1,0,0,0,0
Lenskart मा सदस्यता परिवर्तन हाम्रो सपोर्ट नम्बर बाट मात्र सम्भव छ,obstruction,obstruction,ne,a,support_link,[TAG=a] [ROLE=support_link] Lenskart मा सदस्यता परिवर्तन हाम्रो सपोर्ट नम्बर बाट मात्र सम्भव छ,obstruction:ne:18,synthetic_v1,0,0,0,1,0,0,0,0
Flipkart रद्दीकरणका लागि हाम्रो सपोर्ट नम्बर बाट प्रमाणीकरण आवश्यक छ,obstruction,obstruction,ne,a,support_link,[TAG=a] [ROLE=support_link] Flipkart रद्दीकरणका लागि हाम्रो सपोर्ट नम्बर बाट प्रमाणीकरण आवश्यक छ,obstruction:ne:20,synthetic_v1,0,0,0,1,0,0,0,0
Refunds for backpack must be requested through our email desk,obstruction,obstruction,en,p,help_text,[TAG=p] [ROLE=help_text] Refunds for backpack must be requested through our email desk,obstruction:en:16,synthetic_v1,0,0,0,1,0,0,0,0
SastoDeal ऑर्डर रद्द करने के लिए हमारा ईमेल डेस्क से संपर्क करें,obstruction,obstruction,hi,div,modal_text,[TAG=div] [ROLE=modal_text] SastoDeal ऑर्डर रद्द करने के लिए हमारा ईमेल डेस्क से संपर्क करें,obstruction:hi:15,synthetic_v1,0,0,0,1,0,0,0,0
ब्लूटूथ स्पीकर एक्सचेंज अनुरोध केवल हमारा WhatsApp नंबर से होगा,obstruction,obstruction,hi,a,support_link,[TAG=a] [ROLE=support_link] ब्लूटूथ स्पीकर एक्सचेंज अनुरोध केवल हमारा WhatsApp नंबर से होगा,obstruction:hi:25,synthetic_v1,0,0,0,1,0,0,0,0
Myntra रद्दीकरणका लागि हाम्रो हेल्पलाइन बाट प्रमाणीकरण आवश्यक छ,obstruction,obstruction,ne,a,support_link,[TAG=a] [ROLE=support_link] Myntra रद्दीकरणका लागि हाम्रो हेल्पलाइन बाट प्रमाणीकरण आवश्यक छ,obstruction:ne:20,synthetic_v1,0,0,0,1,0,0,0,0
yoga mat exchange requests go through our Viber support only,obstruction,obstruction,en,div,modal_text,[TAG=div] [ROLE=modal_text] yoga mat exchange requests go through our Viber support only,obstruction:en:25,synthetic_v1,0,0,0,1,0,0,0,0
SastoDeal ऑर्डर रद्द करने के लिए हमारा Viber सपोर्ट से संपर्क करें,obstruction,obstruction,hi,div,modal_text,[TAG=div] [ROLE=modal_text] SastoDeal ऑर्डर रद्द करने के लिए हमारा Viber सपोर्ट से संपर्क करें,obstruction:hi:15,synthetic_v1,0,0,0,1,0,0,0,0
Refunds for office chair must be requested through our Viber support,obstruction,obstruction,en,p,help_text,[TAG=p] [ROLE=help_text] Refunds for office chair must be requested through our Viber support,obstruction:en:16,synthetic_v1,0,0,0,1,0,0,0,0
"To cancel your Flipkart order, contact our Facebook page",obstruction,obstruction,en,a,support_link,"[TAG=a] [ROLE=support_link] To cancel your Flipkart order, contact our Facebook page",obstruction:en:15,synthetic_v1,0,0,0,1,0,0,0,0
JioMart मा प्लस प्लान डाउनग्रेड गर्न हाम्रो Viber सपोर्ट मा सम्पर्क गर्नुहोस्,obstruction,obstruction,ne,a,support_link,[TAG=a] [ROLE=support_link] JioMart मा प्लस प्लान डाउनग्रेड गर्न हाम्रो Viber सपोर्ट मा सम्पर्क गर्नुहोस्,obstruction:ne:26,synthetic_v1,0,0,0,1,0,0,0,0
इंडक्शन चूल्हा का रिफंड लाइव चैट के ज़रिये ही मांगें,obstruction,obstruction,hi,a,support_link,[TAG=a] [ROLE=support_link] इंडक्शन चूल्हा का रिफंड लाइव चैट के ज़रिये ही मांगें,obstruction:hi:16,synthetic_v1,0,0,0,1,0,0,0,0
"To downgrade your Premium plan at Myntra, contact the call centre",obstruction,obstruction,en,p,help_text,"[TAG=p] [ROLE=help_text] To downgrade your Premium plan at Myntra, contact the call centre",obstruction:en:26,synthetic_v1,0,0,0,1,0,0,0,0
Kinbech रिफन्डका लागि हाम्रो Viber सपोर्ट को स्वीकृति चाहिन्छ,obstruction,obstruction,ne,a,support_link,[TAG=a] [ROLE=support_link] Kinbech रिफन्डका लागि हाम्रो Viber सपोर्ट को स्वीकृति चाहिन्छ,obstruction:ne:23,synthetic_v1,0,0,0,1,0,0,0,0
पानीको बोतल अर्डरबाट हटाउन हाम्रो Facebook पेज मा सम्पर्क गर्नुहोस्,obstruction,obstruction,ne,div,modal_text,[TAG=div] [ROLE=modal_text] पानीको बोतल अर्डरबाट हटाउन हाम्रो Facebook पेज मा सम्पर्क गर्नुहोस्,obstruction:ne:19,synthetic_v1,0,0,0,1,0,0,0,0
"To stop auto-renewal, contact our email desk within 10 days",obstruction,obstruction,en,a,support_link,"[TAG=a] [ROLE=support_link] To stop auto-renewal, contact our email desk within 10 days",obstruction:en:21,synthetic_v1,0,0,0,1,0,0,0,0
Your refund request requires 12 additional steps,obstruction,obstruction,en,div,modal_text,[TAG=div] [ROLE=modal_text] Your refund request requires 12 additional steps,obstruction:en:04,synthetic_v1,0,0,0,1,0,0,0,0
स्पोर्ट्स सैंडल का रिफंड हमारा Facebook पेज के ज़रिये ही मांगें,obstruction,obstruction,hi,p,help_text,[TAG=p] [ROLE=help_text] स्पोर्ट्स सैंडल का रिफंड हमारा Facebook पेज के ज़रिये ही मांगें,obstruction:hi:16,synthetic_v1,0,0,0,1,0,0,0,0
Zepto रद्दीकरणका लागि हाम्रो Facebook पेज बाट प्रमाणीकरण आवश्यक छ,obstruction,obstruction,ne,a,support_link,[TAG=a] [ROLE=support_link] Zepto रद्दीकरणका लागि हाम्रो Facebook पेज बाट प्रमाणीकरण आवश्यक छ,obstruction:ne:20,synthetic_v1,0,0,0,1,0,0,0,0
Salesberry खाता बंद करने के लिए कॉल सेंटर को लिखें,obstruction,obstruction,hi,a,support_link,[TAG=a] [ROLE=support_link] Salesberry खाता बंद करने के लिए कॉल सेंटर को लिखें,obstruction:hi:17,synthetic_v1,0,0,0,1,0,0,0,0
Refunds for power bank must be requested through our Facebook page,obstruction,obstruction,en,a,support_link,[TAG=a] [ROLE=support_link] Refunds for power bank must be requested through our Facebook page,obstruction:en:16,synthetic_v1,0,0,0,1,0,0,0,0
Returning smartwatch? Please call live chat first,obstruction,obstruction,en,a,support_link,[TAG=a] [ROLE=support_link] Returning smartwatch? Please call live chat first,obstruction:en:22,synthetic_v1,0,0,0,1,0,0,0,0
Thulo रिफंड के लिए हमारा ईमेल डेस्क की मंज़ूरी चाहिए,obstruction,obstruction,hi,a,support_link,[TAG=a] [ROLE=support_link] Thulo रिफंड के लिए हमारा ईमेल डेस्क की मंज़ूरी चाहिए,obstruction:hi:23,synthetic_v1,0,0,0,1,0,0,0,0
Deleting your Gyapu data requires a written request to our WhatsApp number,obstruction,obstruction,en,div,modal_text,[TAG=div] [ROLE=modal_text] Deleting your Gyapu data requires a written request to our WhatsApp number,obstruction:en:24,synthetic_v1,0,0,0,1,0,0,0,0
Refunds for office chair must be requested through our WhatsApp number,obstruction,obstruction,en,div,modal_text,[TAG=div] [ROLE=modal_text] Refunds for office chair must be requested through our WhatsApp number,obstruction:en:16,synthetic_v1,0,0,0,1,0,0,0,0
JioMart cancellations require verification through our Facebook page,obstruction,obstruction,en,a,support_link,[TAG=a] [ROLE=support_link] JioMart cancellations require verification through our Facebook page,obstruction:en:20,synthetic_v1,0,0,0,1,0,0,0,0
Reliance Digital रद्दीकरणका लागि हाम्रो सपोर्ट नम्बर बाट प्रमाणीकरण आवश्यक छ,obstruction,obstruction,ne,div,modal_text,[TAG=div] [ROLE=modal_text] Reliance Digital रद्दीकरणका लागि हाम्रो सपोर्ट नम्बर बाट प्रमाणीकरण आवश्यक छ,obstruction:ne:20,synthetic_v1,0,0,0,1,0,0,0,0
हेयर ड्रायर अर्डरबाट हटाउन हाम्रो हेल्पलाइन मा सम्पर्क गर्नुहोस्,obstruction,obstruction,ne,a,support_link,[TAG=a] [ROLE=support_link] हेयर ड्रायर अर्डरबाट हटाउन हाम्रो हेल्पलाइन मा सम्पर्क गर्नुहोस्,obstruction:ne:19,synthetic_v1,0,0,0,1,0,0,0,0
noise cancelling headphones exchange requests go through our helpline only,obstruction,obstruction,en,a,support_link,[TAG=a] [ROLE=support_link] noise cancelling headphones exchange requests go through our helpline only,obstruction:en:25,synthetic_v1,0,0,0,1,0,0,0,0
Reliance Digital खाता बन्द गर्न हाम्रो Viber सपोर्ट लाई लेख्नुहोस्,obstruction,obstruction,ne,p,help_text,[TAG=p] [ROLE=help_text] Reliance Digital खाता बन्द गर्न हाम्रो Viber सपोर्ट लाई लेख्नुहोस्,obstruction:ne:17,synthetic_v1,0,0,0,1,0,0,0,0
Kinbech पर प्रो प्लान डाउनग्रेड करने के लिए हमारा WhatsApp नंबर से संपर्क करें,obstruction,obstruction,hi,p,help_text,[TAG=p] [ROLE=help_text] Kinbech पर प्रो प्लान डाउनग्रेड करने के लिए हमारा WhatsApp नंबर से संपर्क करें,obstruction:hi:26,synthetic_v1,0,0,0,1,0,0,0,0
Pepperfry मा सदस्यता परिवर्तन हाम्रो इमेल डेस्क बाट मात्र सम्भव छ,obstruction,obstruction,ne,p,help_text,[TAG=p] [ROLE=help_text] Pepperfry मा सदस्यता परिवर्तन हाम्रो इमेल डेस्क बाट मात्र सम्भव छ,obstruction:ne:18,synthetic_v1,0,0,0,1,0,0,0,0
Reach our Viber support to remove wireless earbuds from your order,obstruction,obstruction,en,a,support_link,[TAG=a] [ROLE=support_link] Reach our Viber support to remove wireless earbuds from your order,obstruction:en:19,synthetic_v1,0,0,0,1,0,0,0,0
Myntra रिफंड के लिए हमारा WhatsApp नंबर की मंज़ूरी चाहिए,obstruction,obstruction,hi,p,help_text,[TAG=p] [ROLE=help_text] Myntra रिफंड के लिए हमारा WhatsApp नंबर की मंज़ूरी चाहिए,obstruction:hi:23,synthetic_v1,0,0,0,1,0,0,0,0
इलेक्ट्रिक केतली को रिफन्ड हाम्रो इमेल डेस्क मार्फत मात्र माग्नुहोस्,obstruction,obstruction,ne,p,help_text,[TAG=p] [ROLE=help_text] इलेक्ट्रिक केतली को रिफन्ड हाम्रो इमेल डेस्क मार्फत मात्र माग्नुहोस्,obstruction:ne:16,synthetic_v1,0,0,0,1,0,0,0,0
Reach our Facebook page to remove phone case from your order,obstruction,obstruction,en,div,modal_text,[TAG=div] [ROLE=modal_text] Reach our Facebook page to remove phone case from your order,obstruction:en:19,synthetic_v1,0,0,0,1,0,0,0,0
डाउनग्रेड के लिए सूरत कार्यालय पोर्टल से अनुरोध करें,obstruction,obstruction,hi,div,modal_text,[TAG=div] [ROLE=modal_text] डाउनग्रेड के लिए सूरत कार्यालय पोर्टल से अनुरोध करें,obstruction:hi:12,synthetic_v1,0,0,0,1,0,0,0,0
Refunds for air fryer must be requested through our support line,obstruction,obstruction,en,a,support_link,[TAG=a] [ROLE=support_link] Refunds for air fryer must be requested through our support line,obstruction:en:16,synthetic_v1,0,0,0,1,0,0,0,0
"To close your Croma account, write to our WhatsApp number",obstruction,obstruction,en,p,help_text,"[TAG=p] [ROLE=help_text] To close your Croma account, write to our WhatsApp number",obstruction:en:17,synthetic_v1,0,0,0,1,0,0,0,0
Thulo खाता बन्द गर्न कल सेन्टर लाई लेख्नुहोस्,obstruction,obstruction,ne,p,help_text,[TAG=p] [ROLE=help_text] Thulo खाता बन्द गर्न कल सेन्टर लाई लेख्नुहोस्,obstruction:ne:17,synthetic_v1,0,0,0,1,0,0,0,0
Cancellation requests must be emailed to us,obstruction,obstruction,en,a,support_link,[TAG=a] [ROLE=support_link] Cancellation requests must be emailed to us,obstruction:en:01,synthetic_v1,0,0,0,1,0,0,0,0
Zepto मा सदस्यता परिवर्तन हाम्रो Viber सपोर्ट बाट मात्र सम्भव छ,obstruction,obstruction,ne,p,help_text,[TAG=p] [ROLE=help_text] Zepto मा सदस्यता परिवर्तन हाम्रो Viber सपोर्ट बाट मात्र सम्भव छ,obstruction:ne:18,synthetic_v1,0,0,0,1,0,0,0,0
JioMart डेटा हटाने के लिए हमारा WhatsApp नंबर को लिखित अनुरोध भेजें,obstruction,obstruction,hi,div,modal_text,[TAG=div] [ROLE=modal_text] JioMart डेटा हटाने के लिए हमारा WhatsApp नंबर को लिखित अनुरोध भेजें,obstruction:hi:24,synthetic_v1,0,0,0,1,0,0,0,0
स्कूल बैग का रिफंड हमारा ईमेल डेस्क के ज़रिये ही मांगें,obstruction,obstruction,hi,p,help_text,[TAG=p] [ROLE=help_text] स्कूल बैग का रिफंड हमारा ईमेल डेस्क के ज़रिये ही मांगें,obstruction:hi:16,synthetic_v1,0,0,0,1,0,0,0,0
Myntra रिफंड के लिए हमारी हेल्पलाइन की मंज़ूरी चाहिए,obstruction,obstruction,hi,a,support_link,[TAG=a] [ROLE=support_link] Myntra रिफंड के लिए हमारी हेल्पलाइन की मंज़ूरी चाहिए,obstruction:hi:23,synthetic_v1,0,0,0,1,0,0,0,0
Returning noise cancelling headphones? Please call live chat first,obstruction,obstruction,en,a,support_link,[TAG=a] [ROLE=support_link] Returning noise cancelling headphones? Please call live chat first,obstruction:en:22,synthetic_v1,0,0,0,1,0,0,0,0
"To cancel your Ajio order, contact our Viber support",obstruction,obstruction,en,p,help_text,"[TAG=p] [ROLE=help_text] To cancel your Ajio order, contact our Viber support",obstruction:en:15,synthetic_v1,0,0,0,1,0,0,0,0
"To close your Kinbech account, write to our Viber support",obstruction,obstruction,en,a,support_link,"[TAG=a] [ROLE=support_link] To close your Kinbech account, write to our Viber support",obstruction:en:17,synthetic_v1,0,0,0,1,0,0,0,0
Deleting your Muncha data requires a written request to our WhatsApp number,obstruction,obstruction,en,div,modal_text,[TAG=div] [ROLE=modal_text] Deleting your Muncha data requires a written request to our WhatsApp number,obstruction:en:24,synthetic_v1,0,0,0,1,0,0,0,0
योगा म्याट सट्टा अनुरोध हाम्रो WhatsApp नम्बर बाट मात्र हुन्छ,obstruction,obstruction,ne,a,support_link,[TAG=a] [ROLE=support_link] योगा म्याट सट्टा अनुरोध हाम्रो WhatsApp नम्बर बाट मात्र हुन्छ,obstruction:ne:25,synthetic_v1,0,0,0,1,0,0,0,0
"To downgrade your Plus plan at Croma, contact our helpline",obstruction,obstruction,en,a,support_link,"[TAG=a] [ROLE=support_link] To downgrade your Plus plan at Croma, contact our helpline",obstruction:en:26,synthetic_v1,0,0,0,1,0,0,0,0
"To downgrade your Premium plan at Croma, contact our support line",obstruction,obstruction,en,p,help_text,"[TAG=p] [ROLE=help_text] To downgrade your Premium plan at Croma, contact our support line",obstruction:en:26,synthetic_v1,0,0,0,1,0,0,0,0
